heuristic,length,bucket,count,seen,score
power_projlen,60,"[60, 1]",6,6,[1]
power_projlen,60,"[60, 11]",1,1,[11]
power_projlen,60,"[60, 17]",1,1,[17]
power_projlen,60,"[60, 23]",1,1,[23]
power_projlen,60,"[60, 25]",1,1,[25]
power_projlen,60,"[60, 27]",1,1,[27]
power_projlen,60,"[60, 33]",3,3,[33]
power_projlen,60,"[60, 34]",1,1,[34]
power_projlen,60,"[60, 35]",2,2,[35]
power_projlen,60,"[60, 37]",2,2,[37]
power_projlen,60,"[60, 39]",2,2,[39]
power_projlen,60,"[60, 41]",12,12,[41]
power_projlen,60,"[60, 42]",1,1,[42]
power_projlen,60,"[60, 43]",8,8,[43]
power_projlen,60,"[60, 44]",4,4,[44]
power_projlen,60,"[60, 45]",6,6,[45]
power_projlen,60,"[60, 46]",2,2,[46]
power_projlen,60,"[60, 47]",4,4,[47]
power_projlen,60,"[60, 49]",8,8,[49]
power_projlen,60,"[60, 51]",11,11,[51]
power_projlen,60,"[60, 52]",2,2,[52]
power_projlen,60,"[60, 53]",13,13,[53]
power_projlen,60,"[60, 54]",4,4,[54]
power_projlen,60,"[60, 55]",20,20,[55]
power_projlen,60,"[60, 56]",2,2,[56]
power_projlen,60,"[60, 57]",21,21,[57]
power_projlen,60,"[60, 59]",5,5,[59]
power_projlen,60,"[60, 61]",24,24,[61]
power_projlen,60,"[60, 62]",11,11,[62]
power_projlen,60,"[60, 63]",24,24,[63]
power_projlen,60,"[60, 64]",3,3,[64]
power_projlen,60,"[60, 65]",16,16,[65]
power_projlen,60,"[60, 66]",8,8,[66]
power_projlen,60,"[60, 67]",36,36,[67]
power_projlen,60,"[60, 69]",26,26,[69]
power_projlen,60,"[60, 70]",1,1,[70]
power_projlen,60,"[60, 71]",47,47,[71]
power_projlen,60,"[60, 72]",9,9,[72]
power_projlen,60,"[60, 73]",65,65,[73]
power_projlen,60,"[60, 74]",29,29,[74]
power_projlen,60,"[60, 75]",53,53,[75]
power_projlen,60,"[60, 76]",15,15,[76]
power_projlen,60,"[60, 77]",80,80,[77]
power_projlen,60,"[60, 78]",2,2,[78]
power_projlen,60,"[60, 79]",48,48,[79]
power_projlen,60,"[60, 80]",2,2,[80]
power_projlen,60,"[60, 81]",138,138,[81]
power_projlen,60,"[60, 82]",47,47,[82]
power_projlen,60,"[60, 83]",147,147,[83]
power_projlen,60,"[60, 84]",94,94,[84]
power_projlen,60,"[60, 85]",111,111,[85]
power_projlen,60,"[60, 86]",30,30,[86]
power_projlen,60,"[60, 87]",180,180,[87]
power_projlen,60,"[60, 88]",17,17,[88]
power_projlen,60,"[60, 89]",113,113,[89]
power_projlen,60,"[60, 90]",6,6,[90]
power_projlen,60,"[60, 91]",266,266,[91]
power_projlen,60,"[60, 92]",140,140,[92]
power_projlen,60,"[60, 93]",355,355,[93]
power_projlen,60,"[60, 94]",164,164,[94]
power_projlen,60,"[60, 95]",214,214,[95]
power_projlen,60,"[60, 96]",80,80,[96]
power_projlen,60,"[60, 97]",379,379,[97]
power_projlen,60,"[60, 98]",24,24,[98]
power_projlen,60,"[60, 99]",138,138,[99]
power_projlen,60,"[60, 100]",24,24,[100]
power_projlen,60,"[60, 101]",721,721,[101]
power_projlen,60,"[60, 102]",341,341,[102]
power_projlen,60,"[60, 103]",764,764,[103]
power_projlen,60,"[60, 104]",371,371,[104]
power_projlen,60,"[60, 105]",351,351,[105]
power_projlen,60,"[60, 106]",270,270,[106]
power_projlen,60,"[60, 107]",673,673,[107]
power_projlen,60,"[60, 108]",82,82,[108]
power_projlen,60,"[60, 109]",281,281,[109]
power_projlen,60,"[60, 110]",72,72,[110]
power_projlen,60,"[60, 111]",1301,1301,[111]
power_projlen,60,"[60, 112]",500,500,[112]
power_projlen,60,"[60, 113]",1714,1714,[113]
power_projlen,60,"[60, 114]",1085,1085,[114]
power_projlen,60,"[60, 115]",706,706,[115]
power_projlen,60,"[60, 116]",360,360,[116]
power_projlen,60,"[60, 117]",1015,1015,[117]
power_projlen,60,"[60, 118]",150,150,[118]
power_projlen,60,"[60, 119]",583,583,[119]
power_projlen,60,"[60, 120]",143,143,[120]
power_projlen,60,"[60, 121]",2892,2892,[121]
power_projlen,60,"[60, 122]",1404,1404,[122]
power_projlen,60,"[60, 123]",2592,2592,[123]
power_projlen,60,"[60, 124]",1865,1865,[124]
power_projlen,60,"[60, 125]",1290,1290,[125]
power_projlen,60,"[60, 126]",995,995,[126]
power_projlen,60,"[60, 127]",2941,2941,[127]
power_projlen,60,"[60, 128]",667,667,[128]
power_projlen,60,"[60, 129]",801,801,[129]
power_projlen,60,"[60, 130]",207,207,[130]
power_projlen,60,"[60, 131]",4495,4495,[131]
power_projlen,60,"[60, 132]",2876,2876,[132]
power_projlen,60,"[60, 133]",4639,4639,[133]
power_projlen,60,"[60, 134]",4051,4051,[134]
power_projlen,60,"[60, 135]",2364,2364,[135]
power_projlen,60,"[60, 136]",2486,2486,[136]
power_projlen,60,"[60, 137]",4674,4674,[137]
power_projlen,60,"[60, 138]",562,562,[138]
power_projlen,60,"[60, 139]",210,210,[139]
power_projlen,60,"[60, 140]",324,324,[140]
power_projlen,60,"[60, 141]",5000,8558,[141]
power_projlen,60,"[60, 142]",5000,8122,[142]
power_projlen,60,"[60, 143]",5000,13755,[143]
power_projlen,60,"[60, 144]",5000,11285,[144]
power_projlen,60,"[60, 145]",4597,4597,[145]
power_projlen,60,"[60, 146]",2258,2258,[146]
power_projlen,60,"[60, 147]",601,601,[147]
power_projlen,60,"[60, 148]",535,535,[148]
power_projlen,60,"[60, 149]",200,200,[149]
power_projlen,60,"[60, 150]",350,350,[150]
power_projlen,60,"[60, 151]",5000,21448,[151]
power_projlen,60,"[60, 152]",5000,19799,[152]
power_projlen,60,"[60, 153]",5000,17399,[153]
power_projlen,60,"[60, 154]",5000,9883,[154]
power_projlen,60,"[60, 155]",951,951,[155]
power_projlen,60,"[60, 156]",769,769,[156]
power_projlen,60,"[60, 157]",63,63,[157]
power_projlen,60,"[60, 158]",466,466,[158]
power_projlen,60,"[60, 159]",18,18,[159]
power_projlen,60,"[60, 160]",45,45,[160]
power_projlen,60,"[60, 161]",5000,31845,[161]
power_projlen,60,"[60, 162]",5000,19458,[162]
power_projlen,60,"[60, 163]",2760,2760,[163]
power_projlen,60,"[60, 164]",2366,2366,[164]
power_projlen,60,"[60, 165]",155,155,[165]
power_projlen,60,"[60, 166]",118,118,[166]
power_projlen,60,"[60, 167]",11,11,[167]
power_projlen,60,"[60, 168]",68,68,[168]
power_projlen,60,"[60, 169]",7,7,[169]
power_projlen,60,"[60, 170]",5,5,[170]
power_projlen,60,"[60, 171]",5000,8585,[171]
power_projlen,60,"[60, 172]",4263,4263,[172]
power_projlen,60,"[60, 173]",245,245,[173]
power_projlen,60,"[60, 174]",295,295,[174]
power_projlen,60,"[60, 175]",16,16,[175]
power_projlen,60,"[60, 176]",16,16,[176]
power_projlen,60,"[60, 177]",1,1,[177]
power_projlen,60,"[60, 178]",12,12,[178]
power_projlen,60,"[60, 179]",2,2,[179]
power_projlen,60,"[60, 180]",1,1,[180]
power_projlen,60,"[60, 181]",2476,2476,[181]
power_projlen,60,"[60, 182]",821,821,[182]
power_projlen,60,"[60, 183]",38,38,[183]
power_projlen,60,"[60, 184]",76,76,[184]
power_projlen,60,"[60, 185]",1,1,[185]
power_projlen,60,"[60, 186]",4,4,[186]
power_projlen,60,"[60, 187]",2,2,[187]
power_projlen,60,"[60, 188]",1,1,[188]
power_projlen,60,"[60, 190]",1,1,[190]
power_projlen,60,"[60, 191]",430,430,[191]
power_projlen,60,"[60, 192]",213,213,[192]
power_projlen,60,"[60, 193]",13,13,[193]
power_projlen,60,"[60, 194]",18,18,[194]
power_projlen,60,"[60, 195]",1,1,[195]
power_projlen,60,"[60, 196]",1,1,[196]
power_projlen,60,"[60, 197]",1,1,[197]
power_projlen,60,"[60, 198]",5,5,[198]
power_projlen,60,"[60, 199]",9,9,[199]
power_projlen,60,"[60, 201]",75,75,[201]
power_projlen,60,"[60, 202]",44,44,[202]
power_projlen,60,"[60, 204]",7,7,[204]
power_projlen,60,"[60, 205]",2,2,[205]
power_projlen,60,"[60, 206]",1,1,[206]
power_projlen,60,"[60, 208]",2,2,[208]
power_projlen,60,"[60, 209]",2,2,[209]
power_projlen,60,"[60, 210]",3,3,[210]
power_projlen,60,"[60, 211]",25,25,[211]
power_projlen,60,"[60, 212]",11,11,[212]
power_projlen,60,"[60, 214]",6,6,[214]
power_projlen,60,"[60, 215]",11,11,[215]
power_projlen,60,"[60, 216]",2,2,[216]
power_projlen,60,"[60, 217]",1,1,[217]
power_projlen,60,"[60, 218]",2,2,[218]
power_projlen,60,"[60, 219]",4,4,[219]
power_projlen,60,"[60, 220]",3,3,[220]
power_projlen,60,"[60, 221]",7,7,[221]
power_projlen,60,"[60, 222]",7,7,[222]
power_projlen,60,"[60, 223]",2,2,[223]
power_projlen,60,"[60, 224]",1,1,[224]
power_projlen,60,"[60, 225]",4,4,[225]
power_projlen,60,"[60, 226]",5,5,[226]
power_projlen,60,"[60, 227]",2,2,[227]
power_projlen,60,"[60, 228]",2,2,[228]
power_projlen,60,"[60, 230]",6,6,[230]
power_projlen,60,"[60, 231]",13,13,[231]
power_projlen,60,"[60, 232]",3,3,[232]
power_projlen,60,"[60, 233]",1,1,[233]
power_projlen,60,"[60, 234]",2,2,[234]
power_projlen,60,"[60, 235]",1,1,[235]
power_projlen,60,"[60, 236]",2,2,[236]
power_projlen,60,"[60, 237]",1,1,[237]
power_projlen,60,"[60, 238]",2,2,[238]
power_projlen,60,"[60, 239]",2,2,[239]
power_projlen,60,"[60, 241]",6,6,[241]
power_projlen,60,"[60, 242]",3,3,[242]
power_projlen,60,"[60, 243]",2,2,[243]
power_projlen,60,"[60, 246]",7,7,[246]
power_projlen,60,"[60, 247]",10,10,[247]
power_projlen,60,"[60, 250]",3,3,[250]
power_projlen,60,"[60, 251]",7,7,[251]
power_projlen,60,"[60, 252]",4,4,[252]
power_projlen,60,"[60, 253]",1,1,[253]
power_projlen,60,"[60, 254]",5,5,[254]
power_projlen,60,"[60, 255]",3,3,[255]
power_projlen,60,"[60, 256]",1,1,[256]
power_projlen,60,"[60, 257]",6,6,[257]
power_projlen,60,"[60, 258]",7,7,[258]
power_projlen,60,"[60, 259]",2,2,[259]
power_projlen,60,"[60, 261]",1,1,[261]
power_projlen,60,"[60, 262]",6,6,[262]
power_projlen,60,"[60, 263]",13,13,[263]
power_projlen,60,"[60, 264]",2,2,[264]
power_projlen,60,"[60, 266]",5,5,[266]
power_projlen,60,"[60, 267]",5,5,[267]
power_projlen,60,"[60, 268]",3,3,[268]
power_projlen,60,"[60, 269]",3,3,[269]
power_projlen,60,"[60, 270]",5,5,[270]
power_projlen,60,"[60, 271]",9,9,[271]
power_projlen,60,"[60, 272]",1,1,[272]
power_projlen,60,"[60, 273]",1,1,[273]
power_projlen,60,"[60, 274]",12,12,[274]
power_projlen,60,"[60, 275]",4,4,[275]
power_projlen,60,"[60, 276]",5,5,[276]
power_projlen,60,"[60, 277]",1,1,[277]
power_projlen,60,"[60, 278]",8,8,[278]
power_projlen,60,"[60, 279]",14,14,[279]
power_projlen,60,"[60, 280]",1,1,[280]
power_projlen,60,"[60, 281]",2,2,[281]
power_projlen,60,"[60, 282]",13,13,[282]
power_projlen,60,"[60, 283]",7,7,[283]
power_projlen,60,"[60, 284]",7,7,[284]
power_projlen,60,"[60, 285]",3,3,[285]
power_projlen,60,"[60, 286]",9,9,[286]
power_projlen,60,"[60, 287]",6,6,[287]
power_projlen,60,"[60, 288]",4,4,[288]
power_projlen,60,"[60, 289]",11,11,[289]
power_projlen,60,"[60, 290]",9,9,[290]
power_projlen,60,"[60, 291]",12,12,[291]
power_projlen,60,"[60, 292]",5,5,[292]
power_projlen,60,"[60, 293]",4,4,[293]
power_projlen,60,"[60, 294]",18,18,[294]
power_projlen,60,"[60, 295]",14,14,[295]
power_projlen,60,"[60, 296]",2,2,[296]
power_projlen,60,"[60, 297]",6,6,[297]
power_projlen,60,"[60, 298]",10,10,[298]
power_projlen,60,"[60, 299]",8,8,[299]
power_projlen,60,"[60, 300]",7,7,[300]
power_projlen,60,"[60, 301]",6,6,[301]
power_projlen,60,"[60, 302]",11,11,[302]
power_projlen,60,"[60, 303]",8,8,[303]
power_projlen,60,"[60, 304]",4,4,[304]
power_projlen,60,"[60, 305]",5,5,[305]
power_projlen,60,"[60, 306]",13,13,[306]
power_projlen,60,"[60, 307]",13,13,[307]
power_projlen,60,"[60, 308]",4,4,[308]
power_projlen,60,"[60, 309]",4,4,[309]
power_projlen,60,"[60, 310]",13,13,[310]
power_projlen,60,"[60, 311]",21,21,[311]
power_projlen,60,"[60, 312]",6,6,[312]
power_projlen,60,"[60, 313]",10,10,[313]
power_projlen,60,"[60, 314]",15,15,[314]
power_projlen,60,"[60, 315]",11,11,[315]
power_projlen,60,"[60, 316]",8,8,[316]
power_projlen,60,"[60, 317]",12,12,[317]
power_projlen,60,"[60, 318]",18,18,[318]
power_projlen,60,"[60, 319]",10,10,[319]
power_projlen,60,"[60, 320]",6,6,[320]
power_projlen,60,"[60, 321]",15,15,[321]
power_projlen,60,"[60, 322]",15,15,[322]
power_projlen,60,"[60, 323]",12,12,[323]
power_projlen,60,"[60, 324]",12,12,[324]
power_projlen,60,"[60, 325]",6,6,[325]
power_projlen,60,"[60, 326]",17,17,[326]
power_projlen,60,"[60, 327]",16,16,[327]
power_projlen,60,"[60, 328]",6,6,[328]
power_projlen,60,"[60, 329]",16,16,[329]
power_projlen,60,"[60, 330]",20,20,[330]
power_projlen,60,"[60, 331]",18,18,[331]
power_projlen,60,"[60, 332]",9,9,[332]
power_projlen,60,"[60, 333]",15,15,[333]
power_projlen,60,"[60, 334]",20,20,[334]
power_projlen,60,"[60, 335]",16,16,[335]
power_projlen,60,"[60, 336]",13,13,[336]
power_projlen,60,"[60, 337]",29,29,[337]
power_projlen,60,"[60, 338]",21,21,[338]
power_projlen,60,"[60, 339]",22,22,[339]
power_projlen,60,"[60, 340]",22,22,[340]
power_projlen,60,"[60, 341]",18,18,[341]
power_projlen,60,"[60, 342]",27,27,[342]
power_projlen,60,"[60, 343]",30,30,[343]
power_projlen,60,"[60, 344]",18,18,[344]
power_projlen,60,"[60, 345]",27,27,[345]
power_projlen,60,"[60, 346]",24,24,[346]
power_projlen,60,"[60, 347]",24,24,[347]
power_projlen,60,"[60, 348]",25,25,[348]
power_projlen,60,"[60, 349]",22,22,[349]
power_projlen,60,"[60, 350]",28,28,[350]
power_projlen,60,"[60, 351]",24,24,[351]
power_projlen,60,"[60, 352]",20,20,[352]
power_projlen,60,"[60, 353]",32,32,[353]
power_projlen,60,"[60, 354]",29,29,[354]
power_projlen,60,"[60, 355]",24,24,[355]
power_projlen,60,"[60, 356]",20,20,[356]
power_projlen,60,"[60, 357]",26,26,[357]
power_projlen,60,"[60, 358]",28,28,[358]
power_projlen,60,"[60, 359]",22,22,[359]
power_projlen,60,"[60, 360]",12,12,[360]
power_projlen,60,"[60, 361]",7,7,[361]
power_projlen,60,"[60, 362]",21,21,[362]
power_projlen,60,"[60, 363]",16,16,[363]
power_projlen,60,"[60, 364]",5,5,[364]
power_projlen,60,"[60, 365]",5,5,[365]
power_projlen,60,"[60, 366]",23,23,[366]
power_projlen,60,"[60, 367]",17,17,[367]
power_projlen,60,"[60, 368]",3,3,[368]
power_projlen,60,"[60, 369]",4,4,[369]
power_projlen,60,"[60, 370]",17,17,[370]
power_projlen,60,"[60, 371]",16,16,[371]
power_projlen,60,"[60, 372]",8,8,[372]
power_projlen,60,"[60, 373]",5,5,[373]
power_projlen,60,"[60, 374]",15,15,[374]
power_projlen,60,"[60, 375]",17,17,[375]
power_projlen,60,"[60, 376]",4,4,[376]
power_projlen,60,"[60, 377]",3,3,[377]
power_projlen,60,"[60, 378]",15,15,[378]
power_projlen,60,"[60, 379]",13,13,[379]
power_projlen,60,"[60, 380]",5,5,[380]
power_projlen,60,"[60, 381]",2,2,[381]
power_projlen,60,"[60, 382]",14,14,[382]
power_projlen,60,"[60, 383]",13,13,[383]
power_projlen,60,"[60, 384]",4,4,[384]
power_projlen,60,"[60, 385]",9,9,[385]
power_projlen,60,"[60, 386]",15,15,[386]
power_projlen,60,"[60, 387]",13,13,[387]
power_projlen,60,"[60, 388]",3,3,[388]
power_projlen,60,"[60, 389]",1,1,[389]
power_projlen,60,"[60, 390]",18,18,[390]
power_projlen,60,"[60, 391]",14,14,[391]
power_projlen,60,"[60, 392]",2,2,[392]
power_projlen,60,"[60, 393]",1,1,[393]
power_projlen,60,"[60, 394]",16,16,[394]
power_projlen,60,"[60, 395]",13,13,[395]
power_projlen,60,"[60, 396]",6,6,[396]
power_projlen,60,"[60, 397]",3,3,[397]
power_projlen,60,"[60, 398]",14,14,[398]
power_projlen,60,"[60, 399]",13,13,[399]
power_projlen,60,"[60, 400]",2,2,[400]
power_projlen,60,"[60, 401]",2,2,[401]
power_projlen,60,"[60, 402]",18,18,[402]
power_projlen,60,"[60, 403]",13,13,[403]
power_projlen,60,"[60, 404]",2,2,[404]
power_projlen,60,"[60, 405]",1,1,[405]
power_projlen,60,"[60, 406]",15,15,[406]
power_projlen,60,"[60, 407]",14,14,[407]
power_projlen,60,"[60, 408]",5,5,[408]
power_projlen,60,"[60, 409]",1,1,[409]
power_projlen,60,"[60, 410]",13,13,[410]
power_projlen,60,"[60, 411]",15,15,[411]
power_projlen,60,"[60, 412]",1,1,[412]
power_projlen,60,"[60, 413]",1,1,[413]
power_projlen,60,"[60, 414]",18,18,[414]
power_projlen,60,"[60, 415]",14,14,[415]
power_projlen,60,"[60, 416]",6,6,[416]
power_projlen,60,"[60, 417]",12,12,[417]
power_projlen,60,"[60, 418]",16,16,[418]
power_projlen,60,"[60, 419]",15,15,[419]
power_projlen,60,"[60, 420]",5,5,[420]
power_projlen,60,"[60, 421]",4,4,[421]
power_projlen,60,"[60, 422]",14,14,[422]
power_projlen,60,"[60, 423]",15,15,[423]
power_projlen,60,"[60, 424]",5,5,[424]
power_projlen,60,"[60, 425]",14,14,[425]
power_projlen,60,"[60, 426]",14,14,[426]
power_projlen,60,"[60, 427]",13,13,[427]
power_projlen,60,"[60, 428]",4,4,[428]
power_projlen,60,"[60, 429]",3,3,[429]
power_projlen,60,"[60, 430]",15,15,[430]
power_projlen,60,"[60, 431]",11,11,[431]
power_projlen,60,"[60, 432]",17,17,[432]
power_projlen,60,"[60, 433]",9,9,[433]
power_projlen,60,"[60, 434]",12,12,[434]
power_projlen,60,"[60, 435]",10,10,[435]
power_projlen,60,"[60, 436]",2,2,[436]
power_projlen,60,"[60, 437]",7,7,[437]
power_projlen,60,"[60, 438]",18,18,[438]
power_projlen,60,"[60, 439]",10,10,[439]
power_projlen,60,"[60, 440]",23,23,[440]
power_projlen,60,"[60, 441]",1,1,[441]
power_projlen,60,"[60, 442]",10,10,[442]
power_projlen,60,"[60, 443]",3,3,[443]
power_projlen,60,"[60, 444]",3,3,[444]
power_projlen,60,"[60, 445]",5,5,[445]
power_projlen,60,"[60, 446]",6,6,[446]
power_projlen,60,"[60, 447]",2,2,[447]
power_projlen,60,"[60, 448]",38,38,[448]
power_projlen,60,"[60, 449]",1,1,[449]
power_projlen,60,"[60, 450]",21,21,[450]
power_projlen,60,"[60, 451]",2,2,[451]
power_projlen,60,"[60, 452]",4,4,[452]
power_projlen,60,"[60, 453]",10,10,[453]
power_projlen,60,"[60, 454]",8,8,[454]
power_projlen,60,"[60, 456]",61,61,[456]
power_projlen,60,"[60, 458]",43,43,[458]
power_projlen,60,"[60, 459]",2,2,[459]
power_projlen,60,"[60, 460]",12,12,[460]
power_projlen,60,"[60, 461]",13,13,[461]
power_projlen,60,"[60, 462]",14,14,[462]
power_projlen,60,"[60, 463]",2,2,[463]
power_projlen,60,"[60, 464]",94,94,[464]
power_projlen,60,"[60, 465]",2,2,[465]
power_projlen,60,"[60, 466]",101,101,[466]
power_projlen,60,"[60, 467]",6,6,[467]
power_projlen,60,"[60, 468]",26,26,[468]
power_projlen,60,"[60, 469]",33,33,[469]
power_projlen,60,"[60, 470]",31,31,[470]
power_projlen,60,"[60, 471]",6,6,[471]
power_projlen,60,"[60, 472]",141,141,[472]
power_projlen,60,"[60, 473]",2,2,[473]
power_projlen,60,"[60, 474]",195,195,[474]
power_projlen,60,"[60, 475]",10,10,[475]
power_projlen,60,"[60, 476]",47,47,[476]
power_projlen,60,"[60, 477]",126,126,[477]
power_projlen,60,"[60, 478]",80,80,[478]
power_projlen,60,"[60, 479]",23,23,[479]
power_projlen,60,"[60, 480]",204,204,[480]
power_projlen,60,"[60, 481]",5,5,[481]
power_projlen,60,"[60, 482]",361,361,[482]
power_projlen,60,"[60, 483]",8,8,[483]
power_projlen,60,"[60, 484]",26,26,[484]
power_projlen,60,"[60, 485]",460,460,[485]
power_projlen,60,"[60, 486]",195,195,[486]
power_projlen,60,"[60, 487]",74,74,[487]
power_projlen,60,"[60, 488]",276,276,[488]
power_projlen,60,"[60, 489]",24,24,[489]
power_projlen,60,"[60, 490]",623,623,[490]
power_projlen,60,"[60, 491]",20,20,[491]
power_projlen,60,"[60, 492]",8,8,[492]
power_projlen,60,"[60, 493]",1749,1749,[493]
power_projlen,60,"[60, 494]",322,322,[494]
power_projlen,60,"[60, 495]",12,12,[495]
power_projlen,60,"[60, 496]",376,376,[496]
power_projlen,60,"[60, 497]",11,11,[497]
power_projlen,60,"[60, 498]",1012,1012,[498]
power_projlen,60,"[60, 499]",20,20,[499]
power_projlen,60,"[60, 500]",11,11,[500]
power_projlen,60,"[60, 501]",4785,4785,[501]
power_projlen,60,"[60, 502]",642,642,[502]
power_projlen,60,"[60, 503]",1543,1543,[503]
power_projlen,60,"[60, 504]",122,122,[504]
power_projlen,60,"[60, 506]",1513,1513,[506]
power_projlen,60,"[60, 508]",24,24,[508]
power_projlen,60,"[60, 509]",5000,5419,[509]
power_projlen,60,"[60, 510]",1258,1258,[510]
power_projlen,60,"[60, 511]",233,233,[511]
power_projlen,60,"[60, 512]",2102,2102,[512]
power_projlen,60,"[60, 513]",68,68,[513]
power_projlen,60,"[60, 514]",44,44,[514]
power_projlen,60,"[60, 515]",1013,1013,[515]
power_projlen,60,"[60, 516]",1,1,[516]
power_projlen,60,"[60, 517]",5000,9113,[517]
power_projlen,60,"[60, 518]",116,116,[518]
power_projlen,60,"[60, 519]",744,744,[519]
power_projlen,60,"[60, 520]",4049,4049,[520]
power_projlen,60,"[60, 521]",12,12,[521]
power_projlen,60,"[60, 522]",17,17,[522]
power_projlen,60,"[60, 523]",13,13,[523]
power_projlen,60,"[60, 524]",1,1,[524]
power_projlen,60,"[60, 525]",3142,3142,[525]
power_projlen,60,"[60, 527]",2524,2524,[527]
power_projlen,60,"[60, 528]",39,39,[528]
power_projlen,60,"[60, 529]",80,80,[529]
power_projlen,60,"[60, 530]",15,15,[530]
power_projlen,60,"[60, 532]",1,1,[532]
power_projlen,60,"[60, 533]",115,115,[533]
power_projlen,60,"[60, 534]",14,14,[534]
power_projlen,60,"[60, 535]",2,2,[535]
power_projlen,60,"[60, 536]",1064,1064,[536]
power_projlen,60,"[60, 537]",777,777,[537]
power_projlen,60,"[60, 538]",53,53,[538]
power_projlen,60,"[60, 539]",4,4,[539]
power_projlen,60,"[60, 540]",3,3,[540]
power_projlen,60,"[60, 541]",4,4,[541]
power_projlen,60,"[60, 542]",3,3,[542]
power_projlen,60,"[60, 543]",90,90,[543]
power_projlen,60,"[60, 544]",91,91,[544]
power_projlen,60,"[60, 545]",5,5,[545]
power_projlen,60,"[60, 546]",96,96,[546]
power_projlen,60,"[60, 547]",89,89,[547]
power_projlen,60,"[60, 549]",1,1,[549]
power_projlen,60,"[60, 550]",17,17,[550]
power_projlen,60,"[60, 551]",5,5,[551]
power_projlen,60,"[60, 552]",6,6,[552]
power_projlen,60,"[60, 553]",6,6,[553]
power_projlen,60,"[60, 554]",7,7,[554]
power_projlen,60,"[60, 555]",76,76,[555]
power_projlen,60,"[60, 556]",12,12,[556]
power_projlen,60,"[60, 557]",6,6,[557]
power_projlen,60,"[60, 558]",21,21,[558]
power_projlen,60,"[60, 559]",4,4,[559]
power_projlen,60,"[60, 560]",32,32,[560]
power_projlen,60,"[60, 561]",9,9,[561]
power_projlen,60,"[60, 562]",20,20,[562]
power_projlen,60,"[60, 563]",3,3,[563]
power_projlen,60,"[60, 564]",2,2,[564]
power_projlen,60,"[60, 565]",60,60,[565]
power_projlen,60,"[60, 566]",39,39,[566]
power_projlen,60,"[60, 567]",6,6,[567]
power_projlen,60,"[60, 568]",9,9,[568]
power_projlen,60,"[60, 570]",29,29,[570]
power_projlen,60,"[60, 571]",20,20,[571]
power_projlen,60,"[60, 572]",7,7,[572]
power_projlen,60,"[60, 573]",4,4,[573]
power_projlen,60,"[60, 574]",19,19,[574]
power_projlen,60,"[60, 575]",9,9,[575]
power_projlen,60,"[60, 576]",1,1,[576]
power_projlen,60,"[60, 577]",39,39,[577]
power_projlen,60,"[60, 578]",34,34,[578]
power_projlen,60,"[60, 579]",33,33,[579]
power_projlen,60,"[60, 580]",76,76,[580]
power_projlen,60,"[60, 581]",10,10,[581]
power_projlen,60,"[60, 582]",9,9,[582]
power_projlen,60,"[60, 583]",4,4,[583]
power_projlen,60,"[60, 584]",5,5,[584]
power_projlen,60,"[60, 585]",145,145,[585]
power_projlen,60,"[60, 586]",434,434,[586]
power_projlen,60,"[60, 587]",45,45,[587]
power_projlen,60,"[60, 588]",64,64,[588]
power_projlen,60,"[60, 589]",25,25,[589]
power_projlen,60,"[60, 590]",32,32,[590]
power_projlen,60,"[60, 591]",20,20,[591]
power_projlen,60,"[60, 592]",13,13,[592]
power_projlen,60,"[60, 593]",270,270,[593]
power_projlen,60,"[60, 594]",204,204,[594]
power_projlen,60,"[60, 595]",113,113,[595]
power_projlen,60,"[60, 596]",39,39,[596]
power_projlen,60,"[60, 597]",15,15,[597]
power_projlen,60,"[60, 598]",24,24,[598]
power_projlen,60,"[60, 599]",5,5,[599]
power_projlen,60,"[60, 600]",3,3,[600]
power_projlen,60,"[60, 601]",546,546,[601]
power_projlen,60,"[60, 602]",644,644,[602]
power_projlen,60,"[60, 603]",209,209,[603]
power_projlen,60,"[60, 604]",678,678,[604]
power_projlen,60,"[60, 605]",51,51,[605]
power_projlen,60,"[60, 606]",20,20,[606]
power_projlen,60,"[60, 607]",6,6,[607]
power_projlen,60,"[60, 608]",8,8,[608]
power_projlen,60,"[60, 609]",3,3,[609]
power_projlen,60,"[60, 610]",2,2,[610]
power_projlen,60,"[60, 611]",1289,1289,[611]
power_projlen,60,"[60, 612]",309,309,[612]
power_projlen,60,"[60, 613]",74,74,[613]
power_projlen,60,"[60, 614]",202,202,[614]
power_projlen,60,"[60, 615]",13,13,[615]
power_projlen,60,"[60, 616]",4,4,[616]
power_projlen,60,"[60, 617]",1,1,[617]
power_projlen,60,"[60, 618]",1,1,[618]
power_projlen,60,"[60, 619]",1,1,[619]
power_projlen,60,"[60, 620]",2,2,[620]
power_projlen,60,"[60, 621]",398,398,[621]
power_projlen,60,"[60, 622]",58,58,[622]
power_projlen,60,"[60, 623]",14,14,[623]
power_projlen,60,"[60, 624]",19,19,[624]
power_projlen,60,"[60, 625]",9,9,[625]
power_projlen,60,"[60, 626]",1,1,[626]
power_projlen,60,"[60, 628]",2,2,[628]
power_projlen,60,"[60, 629]",1,1,[629]
power_projlen,60,"[60, 630]",2,2,[630]
power_projlen,60,"[60, 631]",60,60,[631]
power_projlen,60,"[60, 632]",56,56,[632]
power_projlen,60,"[60, 633]",6,6,[633]
power_projlen,60,"[60, 634]",24,24,[634]
power_projlen,60,"[60, 635]",19,19,[635]
power_projlen,60,"[60, 636]",3,3,[636]
power_projlen,60,"[60, 637]",1,1,[637]
power_projlen,60,"[60, 639]",1,1,[639]
power_projlen,60,"[60, 640]",2,2,[640]
power_projlen,60,"[60, 641]",23,23,[641]
power_projlen,60,"[60, 642]",48,48,[642]
power_projlen,60,"[60, 643]",2,2,[643]
power_projlen,60,"[60, 644]",93,93,[644]
power_projlen,60,"[60, 645]",91,91,[645]
power_projlen,60,"[60, 646]",3,3,[646]
power_projlen,60,"[60, 647]",5,5,[647]
power_projlen,60,"[60, 649]",1,1,[649]
power_projlen,60,"[60, 650]",2,2,[650]
power_projlen,60,"[60, 651]",43,43,[651]
power_projlen,60,"[60, 652]",172,172,[652]
power_projlen,60,"[60, 653]",3,3,[653]
power_projlen,60,"[60, 654]",115,115,[654]
power_projlen,60,"[60, 655]",166,166,[655]
power_projlen,60,"[60, 656]",11,11,[656]
power_projlen,60,"[60, 657]",13,13,[657]
power_projlen,60,"[60, 658]",2,2,[658]
power_projlen,60,"[60, 659]",4,4,[659]
power_projlen,60,"[60, 660]",3,3,[660]
power_projlen,60,"[60, 661]",186,186,[661]
power_projlen,60,"[60, 662]",162,162,[662]
power_projlen,60,"[60, 663]",8,8,[663]
power_projlen,60,"[60, 664]",14,14,[664]
power_projlen,60,"[60, 665]",1096,1096,[665]
power_projlen,60,"[60, 666]",42,42,[666]
power_projlen,60,"[60, 667]",63,63,[667]
power_projlen,60,"[60, 668]",7,7,[668]
power_projlen,60,"[60, 669]",2,2,[669]
power_projlen,60,"[60, 670]",2,2,[670]
power_projlen,60,"[60, 671]",320,320,[671]
power_projlen,60,"[60, 672]",16,16,[672]
power_projlen,60,"[60, 673]",31,31,[673]
power_projlen,60,"[60, 674]",16,16,[674]
power_projlen,60,"[60, 675]",4054,4054,[675]
power_projlen,60,"[60, 676]",167,167,[676]
power_projlen,60,"[60, 677]",49,49,[677]
power_projlen,60,"[60, 678]",8,8,[678]
power_projlen,60,"[60, 680]",2,2,[680]
power_projlen,60,"[60, 681]",2157,2157,[681]
power_projlen,60,"[60, 682]",31,31,[682]
power_projlen,60,"[60, 683]",114,114,[683]
power_projlen,60,"[60, 684]",57,57,[684]
power_projlen,60,"[60, 685]",3572,3572,[685]
power_projlen,60,"[60, 686]",250,250,[686]
power_projlen,60,"[60, 687]",16,16,[687]
power_projlen,60,"[60, 688]",2,2,[688]
power_projlen,60,"[60, 690]",2,2,[690]
power_projlen,60,"[60, 691]",5000,9922,[691]
power_projlen,60,"[60, 692]",111,111,[692]
power_projlen,60,"[60, 693]",112,112,[693]
power_projlen,60,"[60, 694]",52,52,[694]
power_projlen,60,"[60, 695]",1194,1194,[695]
power_projlen,60,"[60, 696]",75,75,[696]
power_projlen,60,"[60, 697]",3,3,[697]
power_projlen,60,"[60, 698]",1,1,[698]
power_projlen,60,"[60, 700]",2,2,[700]
power_projlen,60,"[60, 701]",5000,15846,[701]
power_projlen,60,"[60, 702]",99,99,[702]
power_projlen,60,"[60, 703]",43,43,[703]
power_projlen,60,"[60, 704]",17,17,[704]
power_projlen,60,"[60, 705]",120,120,[705]
power_projlen,60,"[60, 706]",16,16,[706]
power_projlen,60,"[60, 708]",2,2,[708]
power_projlen,60,"[60, 710]",2,2,[710]
power_projlen,60,"[60, 711]",4755,4755,[711]
power_projlen,60,"[60, 712]",38,38,[712]
power_projlen,60,"[60, 713]",7,7,[713]
power_projlen,60,"[60, 714]",5,5,[714]
power_projlen,60,"[60, 715]",4,4,[715]
power_projlen,60,"[60, 716]",4,4,[716]
power_projlen,60,"[60, 720]",2,2,[720]
power_projlen,60,"[60, 721]",988,988,[721]
power_projlen,60,"[60, 722]",3,3,[722]
power_projlen,60,"[60, 723]",2,2,[723]
power_projlen,60,"[60, 724]",2,2,[724]
power_projlen,60,"[60, 730]",2,2,[730]
power_projlen,60,"[60, 731]",96,96,[731]
power_projlen,60,"[60, 732]",1,1,[732]
power_projlen,60,"[60, 734]",2,2,[734]
power_projlen,60,"[60, 741]",4,4,[741]
power_projlen,60,"[60, 744]",2,2,[744]
power_projlen,60,"[60, 751]",2,2,[751]
power_projlen,60,"[60, 754]",2,2,[754]
power_projlen,60,"[60, 761]",2,2,[761]
two_level,60,"[60, 1, 24]",6,6,"[1, 24]"
two_level,60,"[60, 11, 8]",1,1,"[11, 8]"
two_level,60,"[60, 17, 8]",1,1,"[17, 8]"
two_level,60,"[60, 23, 4]",1,1,"[23, 4]"
two_level,60,"[60, 25, 12]",1,1,"[25, 12]"
two_level,60,"[60, 27, 16]",1,1,"[27, 16]"
two_level,60,"[60, 33, 8]",3,3,"[33, 8]"
two_level,60,"[60, 34, 8]",1,1,"[34, 8]"
two_level,60,"[60, 35, 16]",1,1,"[35, 16]"
two_level,60,"[60, 35, 24]",1,1,"[35, 24]"
two_level,60,"[60, 37, 20]",2,2,"[37, 20]"
two_level,60,"[60, 39, 16]",1,1,"[39, 16]"
two_level,60,"[60, 39, 24]",1,1,"[39, 24]"
two_level,60,"[60, 41, 8]",1,1,"[41, 8]"
two_level,60,"[60, 41, 16]",4,4,"[41, 16]"
two_level,60,"[60, 41, 20]",1,1,"[41, 20]"
two_level,60,"[60, 41, 24]",4,4,"[41, 24]"
two_level,60,"[60, 41, 28]",2,2,"[41, 28]"
two_level,60,"[60, 42, 8]",1,1,"[42, 8]"
two_level,60,"[60, 43, 8]",5,5,"[43, 8]"
two_level,60,"[60, 43, 16]",1,1,"[43, 16]"
two_level,60,"[60, 43, 24]",2,2,"[43, 24]"
two_level,60,"[60, 44, 12]",4,4,"[44, 12]"
two_level,60,"[60, 45, 12]",4,4,"[45, 12]"
two_level,60,"[60, 45, 20]",2,2,"[45, 20]"
two_level,60,"[60, 46, 12]",2,2,"[46, 12]"
two_level,60,"[60, 47, 12]",2,2,"[47, 12]"
two_level,60,"[60, 47, 16]",1,1,"[47, 16]"
two_level,60,"[60, 47, 20]",1,1,"[47, 20]"
two_level,60,"[60, 49, 16]",3,3,"[49, 16]"
two_level,60,"[60, 49, 20]",1,1,"[49, 20]"
two_level,60,"[60, 49, 24]",4,4,"[49, 24]"
two_level,60,"[60, 51, 8]",6,6,"[51, 8]"
two_level,60,"[60, 51, 16]",1,1,"[51, 16]"
two_level,60,"[60, 51, 24]",1,1,"[51, 24]"
two_level,60,"[60, 51, 28]",1,1,"[51, 28]"
two_level,60,"[60, 51, 32]",2,2,"[51, 32]"
two_level,60,"[60, 52, 12]",2,2,"[52, 12]"
two_level,60,"[60, 53, 12]",8,8,"[53, 12]"
two_level,60,"[60, 53, 16]",1,1,"[53, 16]"
two_level,60,"[60, 53, 20]",2,2,"[53, 20]"
two_level,60,"[60, 53, 28]",1,1,"[53, 28]"
two_level,60,"[60, 53, 32]",1,1,"[53, 32]"
two_level,60,"[60, 54, 12]",4,4,"[54, 12]"
two_level,60,"[60, 55, 12]",9,9,"[55, 12]"
two_level,60,"[60, 55, 16]",1,1,"[55, 16]"
two_level,60,"[60, 55, 20]",5,5,"[55, 20]"
two_level,60,"[60, 55, 24]",1,1,"[55, 24]"
two_level,60,"[60, 55, 28]",4,4,"[55, 28]"
two_level,60,"[60, 56, 16]",2,2,"[56, 16]"
two_level,60,"[60, 57, 16]",13,13,"[57, 16]"
two_level,60,"[60, 57, 20]",2,2,"[57, 20]"
two_level,60,"[60, 57, 24]",6,6,"[57, 24]"
two_level,60,"[60, 59, 16]",3,3,"[59, 16]"
two_level,60,"[60, 59, 24]",2,2,"[59, 24]"
two_level,60,"[60, 61, 12]",14,14,"[61, 12]"
two_level,60,"[60, 61, 20]",7,7,"[61, 20]"
two_level,60,"[60, 61, 24]",1,1,"[61, 24]"
two_level,60,"[60, 61, 28]",2,2,"[61, 28]"
two_level,60,"[60, 62, 12]",9,9,"[62, 12]"
two_level,60,"[60, 62, 16]",2,2,"[62, 16]"
two_level,60,"[60, 63, 12]",7,7,"[63, 12]"
two_level,60,"[60, 63, 20]",6,6,"[63, 20]"
two_level,60,"[60, 63, 24]",2,2,"[63, 24]"
two_level,60,"[60, 63, 28]",7,7,"[63, 28]"
two_level,60,"[60, 63, 32]",2,2,"[63, 32]"
two_level,60,"[60, 64, 16]",3,3,"[64, 16]"
two_level,60,"[60, 65, 16]",2,2,"[65, 16]"
two_level,60,"[60, 65, 20]",3,3,"[65, 20]"
two_level,60,"[60, 65, 24]",10,10,"[65, 24]"
two_level,60,"[60, 65, 32]",1,1,"[65, 32]"
two_level,60,"[60, 66, 16]",8,8,"[66, 16]"
two_level,60,"[60, 67, 16]",27,27,"[67, 16]"
two_level,60,"[60, 67, 20]",1,1,"[67, 20]"
two_level,60,"[60, 67, 24]",7,7,"[67, 24]"
two_level,60,"[60, 67, 28]",1,1,"[67, 28]"
two_level,60,"[60, 69, 16]",1,1,"[69, 16]"
two_level,60,"[60, 69, 20]",11,11,"[69, 20]"
two_level,60,"[60, 69, 24]",1,1,"[69, 24]"
two_level,60,"[60, 69, 28]",13,13,"[69, 28]"
two_level,60,"[60, 70, 16]",1,1,"[70, 16]"
two_level,60,"[60, 71, 12]",18,18,"[71, 12]"
two_level,60,"[60, 71, 20]",18,18,"[71, 20]"
two_level,60,"[60, 71, 24]",3,3,"[71, 24]"
two_level,60,"[60, 71, 28]",8,8,"[71, 28]"
two_level,60,"[60, 72, 16]",5,5,"[72, 16]"
two_level,60,"[60, 72, 20]",4,4,"[72, 20]"
two_level,60,"[60, 73, 16]",43,43,"[73, 16]"
two_level,60,"[60, 73, 20]",5,5,"[73, 20]"
two_level,60,"[60, 73, 24]",13,13,"[73, 24]"
two_level,60,"[60, 73, 28]",3,3,"[73, 28]"
two_level,60,"[60, 73, 32]",1,1,"[73, 32]"
two_level,60,"[60, 74, 16]",29,29,"[74, 16]"
two_level,60,"[60, 75, 16]",29,29,"[75, 16]"
two_level,60,"[60, 75, 20]",3,3,"[75, 20]"
two_level,60,"[60, 75, 24]",15,15,"[75, 24]"
two_level,60,"[60, 75, 28]",4,4,"[75, 28]"
two_level,60,"[60, 75, 32]",2,2,"[75, 32]"
two_level,60,"[60, 76, 20]",15,15,"[76, 20]"
two_level,60,"[60, 77, 16]",1,1,"[77, 16]"
two_level,60,"[60, 77, 20]",62,62,"[77, 20]"
two_level,60,"[60, 77, 24]",4,4,"[77, 24]"
two_level,60,"[60, 77, 28]",13,13,"[77, 28]"
two_level,60,"[60, 78, 20]",2,2,"[78, 20]"
two_level,60,"[60, 79, 16]",1,1,"[79, 16]"
two_level,60,"[60, 79, 20]",30,30,"[79, 20]"
two_level,60,"[60, 79, 24]",1,1,"[79, 24]"
two_level,60,"[60, 79, 28]",15,15,"[79, 28]"
two_level,60,"[60, 79, 32]",1,1,"[79, 32]"
two_level,60,"[60, 80, 20]",2,2,"[80, 20]"
two_level,60,"[60, 81, 16]",64,64,"[81, 16]"
two_level,60,"[60, 81, 20]",9,9,"[81, 20]"
two_level,60,"[60, 81, 24]",60,60,"[81, 24]"
two_level,60,"[60, 81, 28]",2,2,"[81, 28]"
two_level,60,"[60, 81, 32]",3,3,"[81, 32]"
two_level,60,"[60, 82, 16]",42,42,"[82, 16]"
two_level,60,"[60, 82, 20]",5,5,"[82, 20]"
two_level,60,"[60, 83, 16]",110,110,"[83, 16]"
two_level,60,"[60, 83, 20]",11,11,"[83, 20]"
two_level,60,"[60, 83, 24]",25,25,"[83, 24]"
two_level,60,"[60, 83, 28]",1,1,"[83, 28]"
two_level,60,"[60, 84, 20]",94,94,"[84, 20]"
two_level,60,"[60, 85, 20]",75,75,"[85, 20]"
two_level,60,"[60, 85, 24]",2,2,"[85, 24]"
two_level,60,"[60, 85, 28]",34,34,"[85, 28]"
two_level,60,"[60, 86, 20]",30,30,"[86, 20]"
two_level,60,"[60, 87, 16]",1,1,"[87, 16]"
two_level,60,"[60, 87, 20]",132,132,"[87, 20]"
two_level,60,"[60, 87, 24]",7,7,"[87, 24]"
two_level,60,"[60, 87, 28]",39,39,"[87, 28]"
two_level,60,"[60, 87, 32]",1,1,"[87, 32]"
two_level,60,"[60, 88, 20]",12,12,"[88, 20]"
two_level,60,"[60, 88, 24]",4,4,"[88, 24]"
two_level,60,"[60, 88, 28]",1,1,"[88, 28]"
two_level,60,"[60, 89, 20]",11,11,"[89, 20]"
two_level,60,"[60, 89, 24]",98,98,"[89, 24]"
two_level,60,"[60, 89, 28]",2,2,"[89, 28]"
two_level,60,"[60, 89, 32]",2,2,"[89, 32]"
two_level,60,"[60, 90, 20]",5,5,"[90, 20]"
two_level,60,"[60, 90, 24]",1,1,"[90, 24]"
two_level,60,"[60, 91, 16]",182,182,"[91, 16]"
two_level,60,"[60, 91, 20]",17,17,"[91, 20]"
two_level,60,"[60, 91, 24]",59,59,"[91, 24]"
two_level,60,"[60, 91, 28]",7,7,"[91, 28]"
two_level,60,"[60, 91, 32]",1,1,"[91, 32]"
two_level,60,"[60, 92, 20]",133,133,"[92, 20]"
two_level,60,"[60, 92, 24]",6,6,"[92, 24]"
two_level,60,"[60, 92, 32]",1,1,"[92, 32]"
two_level,60,"[60, 93, 20]",296,296,"[93, 20]"
two_level,60,"[60, 93, 24]",15,15,"[93, 24]"
two_level,60,"[60, 93, 28]",41,41,"[93, 28]"
two_level,60,"[60, 93, 32]",3,3,"[93, 32]"
two_level,60,"[60, 94, 20]",163,163,"[94, 20]"
two_level,60,"[60, 94, 24]",1,1,"[94, 24]"
two_level,60,"[60, 95, 20]",119,119,"[95, 20]"
two_level,60,"[60, 95, 24]",9,9,"[95, 24]"
two_level,60,"[60, 95, 28]",85,85,"[95, 28]"
two_level,60,"[60, 95, 32]",1,1,"[95, 32]"
two_level,60,"[60, 96, 20]",15,15,"[96, 20]"
two_level,60,"[60, 96, 24]",65,65,"[96, 24]"
two_level,60,"[60, 97, 20]",5,5,"[97, 20]"
two_level,60,"[60, 97, 24]",352,352,"[97, 24]"
two_level,60,"[60, 97, 28]",6,6,"[97, 28]"
two_level,60,"[60, 97, 32]",16,16,"[97, 32]"
two_level,60,"[60, 98, 20]",10,10,"[98, 20]"
two_level,60,"[60, 98, 24]",14,14,"[98, 24]"
two_level,60,"[60, 99, 20]",20,20,"[99, 20]"
two_level,60,"[60, 99, 24]",114,114,"[99, 24]"
two_level,60,"[60, 99, 32]",4,4,"[99, 32]"
two_level,60,"[60, 100, 24]",19,19,"[100, 24]"
two_level,60,"[60, 100, 28]",5,5,"[100, 28]"
two_level,60,"[60, 101, 20]",537,537,"[101, 20]"
two_level,60,"[60, 101, 24]",40,40,"[101, 24]"
two_level,60,"[60, 101, 28]",144,144,"[101, 28]"
two_level,60,"[60, 102, 20]",319,319,"[102, 20]"
two_level,60,"[60, 102, 24]",18,18,"[102, 24]"
two_level,60,"[60, 102, 28]",4,4,"[102, 28]"
two_level,60,"[60, 103, 20]",601,601,"[103, 20]"
two_level,60,"[60, 103, 24]",34,34,"[103, 24]"
two_level,60,"[60, 103, 28]",128,128,"[103, 28]"
two_level,60,"[60, 103, 32]",1,1,"[103, 32]"
two_level,60,"[60, 104, 24]",366,366,"[104, 24]"
two_level,60,"[60, 104, 28]",3,3,"[104, 28]"
two_level,60,"[60, 104, 32]",2,2,"[104, 32]"
two_level,60,"[60, 105, 24]",313,313,"[105, 24]"
two_level,60,"[60, 105, 28]",5,5,"[105, 28]"
two_level,60,"[60, 105, 32]",33,33,"[105, 32]"
two_level,60,"[60, 106, 20]",11,11,"[106, 20]"
two_level,60,"[60, 106, 24]",258,258,"[106, 24]"
two_level,60,"[60, 106, 28]",1,1,"[106, 28]"
two_level,60,"[60, 107, 24]",639,639,"[107, 24]"
two_level,60,"[60, 107, 28]",32,32,"[107, 28]"
two_level,60,"[60, 107, 32]",2,2,"[107, 32]"
two_level,60,"[60, 108, 24]",55,55,"[108, 24]"
two_level,60,"[60, 108, 28]",27,27,"[108, 28]"
two_level,60,"[60, 109, 24]",13,13,"[109, 24]"
two_level,60,"[60, 109, 28]",264,264,"[109, 28]"
two_level,60,"[60, 109, 32]",3,3,"[109, 32]"
two_level,60,"[60, 109, 36]",1,1,"[109, 36]"
two_level,60,"[60, 110, 24]",49,49,"[110, 24]"
two_level,60,"[60, 110, 28]",22,22,"[110, 28]"
two_level,60,"[60, 110, 32]",1,1,"[110, 32]"
two_level,60,"[60, 111, 20]",915,915,"[111, 20]"
two_level,60,"[60, 111, 24]",91,91,"[111, 24]"
two_level,60,"[60, 111, 28]",290,290,"[111, 28]"
two_level,60,"[60, 111, 32]",5,5,"[111, 32]"
two_level,60,"[60, 112, 24]",477,477,"[112, 24]"
two_level,60,"[60, 112, 28]",15,15,"[112, 28]"
two_level,60,"[60, 112, 32]",8,8,"[112, 32]"
two_level,60,"[60, 113, 24]",1602,1602,"[113, 24]"
two_level,60,"[60, 113, 28]",36,36,"[113, 28]"
two_level,60,"[60, 113, 32]",76,76,"[113, 32]"
two_level,60,"[60, 114, 24]",1068,1068,"[114, 24]"
two_level,60,"[60, 114, 28]",10,10,"[114, 28]"
two_level,60,"[60, 114, 32]",7,7,"[114, 32]"
two_level,60,"[60, 115, 24]",684,684,"[115, 24]"
two_level,60,"[60, 115, 28]",20,20,"[115, 28]"
two_level,60,"[60, 115, 32]",2,2,"[115, 32]"
two_level,60,"[60, 116, 24]",18,18,"[116, 24]"
two_level,60,"[60, 116, 28]",340,340,"[116, 28]"
two_level,60,"[60, 116, 32]",2,2,"[116, 32]"
two_level,60,"[60, 117, 28]",1001,1001,"[117, 28]"
two_level,60,"[60, 117, 32]",14,14,"[117, 32]"
two_level,60,"[60, 118, 24]",33,33,"[118, 24]"
two_level,60,"[60, 118, 28]",116,116,"[118, 28]"
two_level,60,"[60, 118, 32]",1,1,"[118, 32]"
two_level,60,"[60, 119, 24]",32,32,"[119, 24]"
two_level,60,"[60, 119, 28]",546,546,"[119, 28]"
two_level,60,"[60, 119, 32]",5,5,"[119, 32]"
two_level,60,"[60, 120, 28]",51,51,"[120, 28]"
two_level,60,"[60, 120, 32]",92,92,"[120, 32]"
two_level,60,"[60, 121, 24]",2495,2495,"[121, 24]"
two_level,60,"[60, 121, 28]",150,150,"[121, 28]"
two_level,60,"[60, 121, 32]",235,235,"[121, 32]"
two_level,60,"[60, 121, 120]",12,12,"[121, 120]"
two_level,60,"[60, 122, 24]",1298,1298,"[122, 24]"
two_level,60,"[60, 122, 28]",58,58,"[122, 28]"
two_level,60,"[60, 122, 32]",48,48,"[122, 32]"
two_level,60,"[60, 123, 24]",2453,2453,"[123, 24]"
two_level,60,"[60, 123, 28]",127,127,"[123, 28]"
two_level,60,"[60, 123, 32]",12,12,"[123, 32]"
two_level,60,"[60, 124, 28]",1814,1814,"[124, 28]"
two_level,60,"[60, 124, 32]",46,46,"[124, 32]"
two_level,60,"[60, 124, 36]",5,5,"[124, 36]"
two_level,60,"[60, 125, 28]",1232,1232,"[125, 28]"
two_level,60,"[60, 125, 32]",57,57,"[125, 32]"
two_level,60,"[60, 125, 36]",1,1,"[125, 36]"
two_level,60,"[60, 126, 24]",15,15,"[126, 24]"
two_level,60,"[60, 126, 28]",977,977,"[126, 28]"
two_level,60,"[60, 126, 32]",2,2,"[126, 32]"
two_level,60,"[60, 126, 36]",1,1,"[126, 36]"
two_level,60,"[60, 127, 28]",2894,2894,"[127, 28]"
two_level,60,"[60, 127, 32]",47,47,"[127, 32]"
two_level,60,"[60, 128, 28]",172,172,"[128, 28]"
two_level,60,"[60, 128, 32]",495,495,"[128, 32]"
two_level,60,"[60, 129, 28]",39,39,"[129, 28]"
two_level,60,"[60, 129, 32]",761,761,"[129, 32]"
two_level,60,"[60, 129, 120]",1,1,"[129, 120]"
two_level,60,"[60, 130, 28]",142,142,"[130, 28]"
two_level,60,"[60, 130, 32]",65,65,"[130, 32]"
two_level,60,"[60, 131, 24]",4190,4190,"[131, 24]"
two_level,60,"[60, 131, 28]",240,240,"[131, 28]"
two_level,60,"[60, 131, 32]",61,61,"[131, 32]"
two_level,60,"[60, 131, 120]",4,4,"[131, 120]"
two_level,60,"[60, 132, 28]",2679,2679,"[132, 28]"
two_level,60,"[60, 132, 32]",193,193,"[132, 32]"
two_level,60,"[60, 132, 36]",4,4,"[132, 36]"
two_level,60,"[60, 133, 28]",4467,4467,"[133, 28]"
two_level,60,"[60, 133, 32]",172,172,"[133, 32]"
two_level,60,"[60, 134, 28]",4014,4014,"[134, 28]"
two_level,60,"[60, 134, 32]",37,37,"[134, 32]"
two_level,60,"[60, 135, 28]",2344,2344,"[135, 28]"
two_level,60,"[60, 135, 32]",20,20,"[135, 32]"
two_level,60,"[60, 136, 28]",91,91,"[136, 28]"
two_level,60,"[60, 136, 32]",2394,2394,"[136, 32]"
two_level,60,"[60, 136, 36]",1,1,"[136, 36]"
two_level,60,"[60, 137, 32]",4671,4671,"[137, 32]"
two_level,60,"[60, 137, 120]",3,3,"[137, 120]"
two_level,60,"[60, 138, 28]",179,179,"[138, 28]"
two_level,60,"[60, 138, 32]",381,381,"[138, 32]"
two_level,60,"[60, 138, 120]",2,2,"[138, 120]"
two_level,60,"[60, 139, 28]",79,79,"[139, 28]"
two_level,60,"[60, 139, 32]",130,130,"[139, 32]"
two_level,60,"[60, 139, 120]",1,1,"[139, 120]"
two_level,60,"[60, 140, 32]",292,292,"[140, 32]"
two_level,60,"[60, 140, 36]",32,32,"[140, 36]"
two_level,60,"[60, 141, 28]",5000,8052,"[141, 28]"
two_level,60,"[60, 141, 32]",495,495,"[141, 32]"
two_level,60,"[60, 141, 36]",9,9,"[141, 36]"
two_level,60,"[60, 141, 120]",2,2,"[141, 120]"
two_level,60,"[60, 142, 28]",5000,7932,"[142, 28]"
two_level,60,"[60, 142, 32]",188,188,"[142, 32]"
two_level,60,"[60, 142, 36]",2,2,"[142, 36]"
two_level,60,"[60, 143, 28]",5000,13618,"[143, 28]"
two_level,60,"[60, 143, 32]",135,135,"[143, 32]"
two_level,60,"[60, 143, 120]",2,2,"[143, 120]"
two_level,60,"[60, 144, 32]",5000,11280,"[144, 32]"
two_level,60,"[60, 144, 36]",3,3,"[144, 36]"
two_level,60,"[60, 144, 40]",2,2,"[144, 40]"
two_level,60,"[60, 145, 32]",4594,4594,"[145, 32]"
two_level,60,"[60, 145, 36]",1,1,"[145, 36]"
two_level,60,"[60, 145, 120]",2,2,"[145, 120]"
two_level,60,"[60, 146, 28]",78,78,"[146, 28]"
two_level,60,"[60, 146, 32]",2180,2180,"[146, 32]"
two_level,60,"[60, 147, 32]",598,598,"[147, 32]"
two_level,60,"[60, 147, 36]",1,1,"[147, 36]"
two_level,60,"[60, 147, 120]",2,2,"[147, 120]"
two_level,60,"[60, 148, 32]",435,435,"[148, 32]"
two_level,60,"[60, 148, 36]",100,100,"[148, 36]"
two_level,60,"[60, 149, 32]",189,189,"[149, 32]"
two_level,60,"[60, 149, 36]",10,10,"[149, 36]"
two_level,60,"[60, 149, 120]",1,1,"[149, 120]"
two_level,60,"[60, 150, 32]",340,340,"[150, 32]"
two_level,60,"[60, 150, 36]",7,7,"[150, 36]"
two_level,60,"[60, 150, 120]",3,3,"[150, 120]"
two_level,60,"[60, 151, 28]",5000,20924,"[151, 28]"
two_level,60,"[60, 151, 32]",505,505,"[151, 32]"
two_level,60,"[60, 151, 36]",5,5,"[151, 36]"
two_level,60,"[60, 151, 120]",14,14,"[151, 120]"
two_level,60,"[60, 152, 32]",5000,19777,"[152, 32]"
two_level,60,"[60, 152, 36]",22,22,"[152, 36]"
two_level,60,"[60, 153, 32]",5000,17393,"[153, 32]"
two_level,60,"[60, 153, 36]",6,6,"[153, 36]"
two_level,60,"[60, 154, 32]",5000,9882,"[154, 32]"
two_level,60,"[60, 154, 120]",1,1,"[154, 120]"
two_level,60,"[60, 155, 32]",951,951,"[155, 32]"
two_level,60,"[60, 156, 32]",174,174,"[156, 32]"
two_level,60,"[60, 156, 36]",594,594,"[156, 36]"
two_level,60,"[60, 156, 44]",1,1,"[156, 44]"
two_level,60,"[60, 157, 36]",62,62,"[157, 36]"
two_level,60,"[60, 157, 120]",1,1,"[157, 120]"
two_level,60,"[60, 158, 32]",444,444,"[158, 32]"
two_level,60,"[60, 158, 36]",21,21,"[158, 36]"
two_level,60,"[60, 158, 120]",1,1,"[158, 120]"
two_level,60,"[60, 159, 32]",16,16,"[159, 32]"
two_level,60,"[60, 159, 36]",1,1,"[159, 36]"
two_level,60,"[60, 159, 120]",1,1,"[159, 120]"
two_level,60,"[60, 160, 36]",45,45,"[160, 36]"
two_level,60,"[60, 161, 32]",5000,31799,"[161, 32]"
two_level,60,"[60, 161, 36]",39,39,"[161, 36]"
two_level,60,"[60, 161, 120]",7,7,"[161, 120]"
two_level,60,"[60, 162, 32]",5000,19453,"[162, 32]"
two_level,60,"[60, 162, 36]",4,4,"[162, 36]"
two_level,60,"[60, 162, 120]",1,1,"[162, 120]"
two_level,60,"[60, 163, 32]",2754,2754,"[163, 32]"
two_level,60,"[60, 163, 36]",5,5,"[163, 36]"
two_level,60,"[60, 163, 120]",1,1,"[163, 120]"
two_level,60,"[60, 164, 36]",2365,2365,"[164, 36]"
two_level,60,"[60, 164, 124]",1,1,"[164, 124]"
two_level,60,"[60, 165, 36]",155,155,"[165, 36]"
two_level,60,"[60, 166, 32]",31,31,"[166, 32]"
two_level,60,"[60, 166, 36]",83,83,"[166, 36]"
two_level,60,"[60, 166, 120]",4,4,"[166, 120]"
two_level,60,"[60, 167, 36]",4,4,"[167, 36]"
two_level,60,"[60, 167, 120]",7,7,"[167, 120]"
two_level,60,"[60, 168, 36]",67,67,"[168, 36]"
two_level,60,"[60, 168, 40]",1,1,"[168, 40]"
two_level,60,"[60, 169, 36]",6,6,"[169, 36]"
two_level,60,"[60, 169, 124]",1,1,"[169, 124]"
two_level,60,"[60, 170, 36]",3,3,"[170, 36]"
two_level,60,"[60, 170, 120]",2,2,"[170, 120]"
two_level,60,"[60, 171, 32]",5000,8556,"[171, 32]"
two_level,60,"[60, 171, 36]",23,23,"[171, 36]"
two_level,60,"[60, 171, 120]",6,6,"[171, 120]"
two_level,60,"[60, 172, 36]",4262,4262,"[172, 36]"
two_level,60,"[60, 172, 124]",1,1,"[172, 124]"
two_level,60,"[60, 173, 36]",243,243,"[173, 36]"
two_level,60,"[60, 173, 120]",1,1,"[173, 120]"
two_level,60,"[60, 173, 124]",1,1,"[173, 124]"
two_level,60,"[60, 174, 36]",294,294,"[174, 36]"
two_level,60,"[60, 174, 120]",1,1,"[174, 120]"
two_level,60,"[60, 175, 36]",14,14,"[175, 36]"
two_level,60,"[60, 175, 120]",2,2,"[175, 120]"
two_level,60,"[60, 176, 36]",2,2,"[176, 36]"
two_level,60,"[60, 176, 40]",13,13,"[176, 40]"
two_level,60,"[60, 176, 48]",1,1,"[176, 48]"
two_level,60,"[60, 177, 48]",1,1,"[177, 48]"
two_level,60,"[60, 178, 36]",7,7,"[178, 36]"
two_level,60,"[60, 178, 40]",2,2,"[178, 40]"
two_level,60,"[60, 178, 120]",3,3,"[178, 120]"
two_level,60,"[60, 179, 36]",1,1,"[179, 36]"
two_level,60,"[60, 179, 120]",1,1,"[179, 120]"
two_level,60,"[60, 180, 40]",1,1,"[180, 40]"
two_level,60,"[60, 181, 36]",2476,2476,"[181, 36]"
two_level,60,"[60, 182, 36]",818,818,"[182, 36]"
two_level,60,"[60, 182, 120]",3,3,"[182, 120]"
two_level,60,"[60, 183, 36]",31,31,"[183, 36]"
two_level,60,"[60, 183, 120]",7,7,"[183, 120]"
two_level,60,"[60, 184, 40]",76,76,"[184, 40]"
two_level,60,"[60, 185, 124]",1,1,"[185, 124]"
two_level,60,"[60, 186, 40]",1,1,"[186, 40]"
two_level,60,"[60, 186, 120]",3,3,"[186, 120]"
two_level,60,"[60, 187, 120]",2,2,"[187, 120]"
two_level,60,"[60, 188, 124]",1,1,"[188, 124]"
two_level,60,"[60, 190, 120]",1,1,"[190, 120]"
two_level,60,"[60, 191, 36]",426,426,"[191, 36]"
two_level,60,"[60, 191, 120]",4,4,"[191, 120]"
two_level,60,"[60, 192, 40]",213,213,"[192, 40]"
two_level,60,"[60, 193, 40]",7,7,"[193, 40]"
two_level,60,"[60, 193, 120]",6,6,"[193, 120]"
two_level,60,"[60, 194, 40]",15,15,"[194, 40]"
two_level,60,"[60, 194, 120]",3,3,"[194, 120]"
two_level,60,"[60, 195, 40]",1,1,"[195, 40]"
two_level,60,"[60, 196, 44]",1,1,"[196, 44]"
two_level,60,"[60, 197, 120]",1,1,"[197, 120]"
two_level,60,"[60, 198, 120]",5,5,"[198, 120]"
two_level,60,"[60, 199, 120]",9,9,"[199, 120]"
two_level,60,"[60, 201, 40]",72,72,"[201, 40]"
two_level,60,"[60, 201, 56]",1,1,"[201, 56]"
two_level,60,"[60, 201, 120]",1,1,"[201, 120]"
two_level,60,"[60, 201, 124]",1,1,"[201, 124]"
two_level,60,"[60, 202, 40]",42,42,"[202, 40]"
two_level,60,"[60, 202, 120]",2,2,"[202, 120]"
two_level,60,"[60, 204, 44]",5,5,"[204, 44]"
two_level,60,"[60, 204, 60]",1,1,"[204, 60]"
two_level,60,"[60, 204, 124]",1,1,"[204, 124]"
two_level,60,"[60, 205, 124]",2,2,"[205, 124]"
two_level,60,"[60, 206, 120]",1,1,"[206, 120]"
two_level,60,"[60, 208, 48]",2,2,"[208, 48]"
two_level,60,"[60, 209, 56]",2,2,"[209, 56]"
two_level,60,"[60, 210, 120]",3,3,"[210, 120]"
two_level,60,"[60, 211, 40]",17,17,"[211, 40]"
two_level,60,"[60, 211, 56]",2,2,"[211, 56]"
two_level,60,"[60, 211, 120]",6,6,"[211, 120]"
two_level,60,"[60, 212, 44]",11,11,"[212, 44]"
two_level,60,"[60, 214, 44]",1,1,"[214, 44]"
two_level,60,"[60, 214, 120]",4,4,"[214, 120]"
two_level,60,"[60, 214, 124]",1,1,"[214, 124]"
two_level,60,"[60, 215, 120]",11,11,"[215, 120]"
two_level,60,"[60, 216, 120]",2,2,"[216, 120]"
two_level,60,"[60, 217, 120]",1,1,"[217, 120]"
two_level,60,"[60, 218, 120]",2,2,"[218, 120]"
two_level,60,"[60, 219, 120]",4,4,"[219, 120]"
two_level,60,"[60, 220, 124]",3,3,"[220, 124]"
two_level,60,"[60, 221, 44]",6,6,"[221, 44]"
two_level,60,"[60, 221, 124]",1,1,"[221, 124]"
two_level,60,"[60, 222, 44]",3,3,"[222, 44]"
two_level,60,"[60, 222, 120]",4,4,"[222, 120]"
two_level,60,"[60, 223, 120]",1,1,"[223, 120]"
two_level,60,"[60, 223, 124]",1,1,"[223, 124]"
two_level,60,"[60, 224, 48]",1,1,"[224, 48]"
two_level,60,"[60, 225, 120]",4,4,"[225, 120]"
two_level,60,"[60, 226, 48]",1,1,"[226, 48]"
two_level,60,"[60, 226, 120]",3,3,"[226, 120]"
two_level,60,"[60, 226, 124]",1,1,"[226, 124]"
two_level,60,"[60, 227, 120]",2,2,"[227, 120]"
two_level,60,"[60, 228, 120]",2,2,"[228, 120]"
two_level,60,"[60, 230, 120]",6,6,"[230, 120]"
two_level,60,"[60, 231, 120]",13,13,"[231, 120]"
two_level,60,"[60, 232, 48]",3,3,"[232, 48]"
two_level,60,"[60, 233, 48]",1,1,"[233, 48]"
two_level,60,"[60, 234, 120]",2,2,"[234, 120]"
two_level,60,"[60, 235, 120]",1,1,"[235, 120]"
two_level,60,"[60, 236, 124]",2,2,"[236, 124]"
two_level,60,"[60, 237, 120]",1,1,"[237, 120]"
two_level,60,"[60, 238, 120]",2,2,"[238, 120]"
two_level,60,"[60, 239, 120]",2,2,"[239, 120]"
two_level,60,"[60, 241, 48]",6,6,"[241, 48]"
two_level,60,"[60, 242, 120]",3,3,"[242, 120]"
two_level,60,"[60, 243, 120]",2,2,"[243, 120]"
two_level,60,"[60, 246, 120]",7,7,"[246, 120]"
two_level,60,"[60, 247, 120]",10,10,"[247, 120]"
two_level,60,"[60, 250, 120]",3,3,"[250, 120]"
two_level,60,"[60, 251, 120]",7,7,"[251, 120]"
two_level,60,"[60, 252, 120]",2,2,"[252, 120]"
two_level,60,"[60, 252, 124]",2,2,"[252, 124]"
two_level,60,"[60, 253, 124]",1,1,"[253, 124]"
two_level,60,"[60, 254, 120]",5,5,"[254, 120]"
two_level,60,"[60, 255, 120]",3,3,"[255, 120]"
two_level,60,"[60, 256, 120]",1,1,"[256, 120]"
two_level,60,"[60, 257, 120]",5,5,"[257, 120]"
two_level,60,"[60, 257, 124]",1,1,"[257, 124]"
two_level,60,"[60, 258, 120]",7,7,"[258, 120]"
two_level,60,"[60, 259, 120]",2,2,"[259, 120]"
two_level,60,"[60, 261, 124]",1,1,"[261, 124]"
two_level,60,"[60, 262, 120]",6,6,"[262, 120]"
two_level,60,"[60, 263, 120]",13,13,"[263, 120]"
two_level,60,"[60, 264, 120]",2,2,"[264, 120]"
two_level,60,"[60, 266, 120]",5,5,"[266, 120]"
two_level,60,"[60, 267, 120]",5,5,"[267, 120]"
two_level,60,"[60, 268, 120]",1,1,"[268, 120]"
two_level,60,"[60, 268, 124]",2,2,"[268, 124]"
two_level,60,"[60, 269, 60]",2,2,"[269, 60]"
two_level,60,"[60, 269, 124]",1,1,"[269, 124]"
two_level,60,"[60, 270, 120]",5,5,"[270, 120]"
two_level,60,"[60, 271, 120]",8,8,"[271, 120]"
two_level,60,"[60, 271, 124]",1,1,"[271, 124]"
two_level,60,"[60, 272, 124]",1,1,"[272, 124]"
two_level,60,"[60, 273, 124]",1,1,"[273, 124]"
two_level,60,"[60, 274, 56]",3,3,"[274, 56]"
two_level,60,"[60, 274, 120]",9,9,"[274, 120]"
two_level,60,"[60, 275, 120]",4,4,"[275, 120]"
two_level,60,"[60, 276, 60]",2,2,"[276, 60]"
two_level,60,"[60, 276, 120]",2,2,"[276, 120]"
two_level,60,"[60, 276, 124]",1,1,"[276, 124]"
two_level,60,"[60, 277, 124]",1,1,"[277, 124]"
two_level,60,"[60, 278, 120]",8,8,"[278, 120]"
two_level,60,"[60, 279, 120]",14,14,"[279, 120]"
two_level,60,"[60, 280, 124]",1,1,"[280, 124]"
two_level,60,"[60, 281, 120]",1,1,"[281, 120]"
two_level,60,"[60, 281, 124]",1,1,"[281, 124]"
two_level,60,"[60, 282, 56]",3,3,"[282, 56]"
two_level,60,"[60, 282, 120]",10,10,"[282, 120]"
two_level,60,"[60, 283, 120]",7,7,"[283, 120]"
two_level,60,"[60, 284, 60]",2,2,"[284, 60]"
two_level,60,"[60, 284, 124]",5,5,"[284, 124]"
two_level,60,"[60, 285, 124]",3,3,"[285, 124]"
two_level,60,"[60, 286, 120]",8,8,"[286, 120]"
two_level,60,"[60, 286, 124]",1,1,"[286, 124]"
two_level,60,"[60, 287, 120]",6,6,"[287, 120]"
two_level,60,"[60, 288, 120]",2,2,"[288, 120]"
two_level,60,"[60, 288, 124]",2,2,"[288, 124]"
two_level,60,"[60, 289, 120]",9,9,"[289, 120]"
two_level,60,"[60, 289, 124]",2,2,"[289, 124]"
two_level,60,"[60, 290, 120]",9,9,"[290, 120]"
two_level,60,"[60, 291, 120]",12,12,"[291, 120]"
two_level,60,"[60, 292, 60]",4,4,"[292, 60]"
two_level,60,"[60, 292, 124]",1,1,"[292, 124]"
two_level,60,"[60, 293, 60]",1,1,"[293, 60]"
two_level,60,"[60, 293, 124]",3,3,"[293, 124]"
two_level,60,"[60, 294, 120]",16,16,"[294, 120]"
two_level,60,"[60, 294, 124]",2,2,"[294, 124]"
two_level,60,"[60, 295, 120]",14,14,"[295, 120]"
two_level,60,"[60, 296, 124]",2,2,"[296, 124]"
two_level,60,"[60, 297, 124]",6,6,"[297, 124]"
two_level,60,"[60, 298, 120]",10,10,"[298, 120]"
two_level,60,"[60, 299, 120]",8,8,"[299, 120]"
two_level,60,"[60, 300, 120]",3,3,"[300, 120]"
two_level,60,"[60, 300, 124]",4,4,"[300, 124]"
two_level,60,"[60, 301, 60]",1,1,"[301, 60]"
two_level,60,"[60, 301, 124]",5,5,"[301, 124]"
two_level,60,"[60, 302, 120]",11,11,"[302, 120]"
two_level,60,"[60, 303, 120]",8,8,"[303, 120]"
two_level,60,"[60, 304, 124]",4,4,"[304, 124]"
two_level,60,"[60, 305, 120]",1,1,"[305, 120]"
two_level,60,"[60, 305, 124]",4,4,"[305, 124]"
two_level,60,"[60, 306, 120]",13,13,"[306, 120]"
two_level,60,"[60, 307, 120]",13,13,"[307, 120]"
two_level,60,"[60, 308, 124]",4,4,"[308, 124]"
two_level,60,"[60, 309, 124]",4,4,"[309, 124]"
two_level,60,"[60, 310, 120]",13,13,"[310, 120]"
two_level,60,"[60, 311, 120]",21,21,"[311, 120]"
two_level,60,"[60, 312, 120]",2,2,"[312, 120]"
two_level,60,"[60, 312, 124]",4,4,"[312, 124]"
two_level,60,"[60, 313, 124]",10,10,"[313, 124]"
two_level,60,"[60, 314, 120]",15,15,"[314, 120]"
two_level,60,"[60, 315, 120]",11,11,"[315, 120]"
two_level,60,"[60, 316, 120]",1,1,"[316, 120]"
two_level,60,"[60, 316, 124]",7,7,"[316, 124]"
two_level,60,"[60, 317, 120]",4,4,"[317, 120]"
two_level,60,"[60, 317, 124]",8,8,"[317, 124]"
two_level,60,"[60, 318, 120]",15,15,"[318, 120]"
two_level,60,"[60, 318, 124]",3,3,"[318, 124]"
two_level,60,"[60, 319, 120]",10,10,"[319, 120]"
two_level,60,"[60, 320, 124]",6,6,"[320, 124]"
two_level,60,"[60, 321, 120]",7,7,"[321, 120]"
two_level,60,"[60, 321, 124]",8,8,"[321, 124]"
two_level,60,"[60, 322, 120]",13,13,"[322, 120]"
two_level,60,"[60, 322, 124]",2,2,"[322, 124]"
two_level,60,"[60, 323, 120]",12,12,"[323, 120]"
two_level,60,"[60, 324, 120]",3,3,"[324, 120]"
two_level,60,"[60, 324, 124]",8,8,"[324, 124]"
two_level,60,"[60, 324, 128]",1,1,"[324, 128]"
two_level,60,"[60, 325, 124]",6,6,"[325, 124]"
two_level,60,"[60, 326, 120]",15,15,"[326, 120]"
two_level,60,"[60, 326, 128]",2,2,"[326, 128]"
two_level,60,"[60, 327, 120]",16,16,"[327, 120]"
two_level,60,"[60, 328, 120]",1,1,"[328, 120]"
two_level,60,"[60, 328, 124]",5,5,"[328, 124]"
two_level,60,"[60, 329, 124]",16,16,"[329, 124]"
two_level,60,"[60, 330, 120]",18,18,"[330, 120]"
two_level,60,"[60, 330, 128]",2,2,"[330, 128]"
two_level,60,"[60, 331, 120]",16,16,"[331, 120]"
two_level,60,"[60, 331, 124]",2,2,"[331, 124]"
two_level,60,"[60, 332, 124]",9,9,"[332, 124]"
two_level,60,"[60, 333, 120]",1,1,"[333, 120]"
two_level,60,"[60, 333, 124]",12,12,"[333, 124]"
two_level,60,"[60, 333, 128]",2,2,"[333, 128]"
two_level,60,"[60, 334, 120]",17,17,"[334, 120]"
two_level,60,"[60, 334, 124]",1,1,"[334, 124]"
two_level,60,"[60, 334, 128]",2,2,"[334, 128]"
two_level,60,"[60, 335, 120]",14,14,"[335, 120]"
two_level,60,"[60, 335, 128]",2,2,"[335, 128]"
two_level,60,"[60, 336, 120]",3,3,"[336, 120]"
two_level,60,"[60, 336, 124]",8,8,"[336, 124]"
two_level,60,"[60, 336, 128]",1,1,"[336, 128]"
two_level,60,"[60, 336, 132]",1,1,"[336, 132]"
two_level,60,"[60, 337, 120]",12,12,"[337, 120]"
two_level,60,"[60, 337, 124]",15,15,"[337, 124]"
two_level,60,"[60, 337, 132]",2,2,"[337, 132]"
two_level,60,"[60, 338, 120]",17,17,"[338, 120]"
two_level,60,"[60, 338, 124]",2,2,"[338, 124]"
two_level,60,"[60, 338, 128]",2,2,"[338, 128]"
two_level,60,"[60, 339, 120]",18,18,"[339, 120]"
two_level,60,"[60, 339, 124]",4,4,"[339, 124]"
two_level,60,"[60, 340, 120]",2,2,"[340, 120]"
two_level,60,"[60, 340, 124]",18,18,"[340, 124]"
two_level,60,"[60, 340, 132]",2,2,"[340, 132]"
two_level,60,"[60, 341, 124]",16,16,"[341, 124]"
two_level,60,"[60, 341, 128]",2,2,"[341, 128]"
two_level,60,"[60, 342, 120]",21,21,"[342, 120]"
two_level,60,"[60, 342, 124]",4,4,"[342, 124]"
two_level,60,"[60, 342, 128]",2,2,"[342, 128]"
two_level,60,"[60, 343, 120]",26,26,"[343, 120]"
two_level,60,"[60, 343, 124]",4,4,"[343, 124]"
two_level,60,"[60, 344, 124]",14,14,"[344, 124]"
two_level,60,"[60, 344, 128]",2,2,"[344, 128]"
two_level,60,"[60, 344, 132]",2,2,"[344, 132]"
two_level,60,"[60, 345, 120]",1,1,"[345, 120]"
two_level,60,"[60, 345, 124]",26,26,"[345, 124]"
two_level,60,"[60, 346, 120]",18,18,"[346, 120]"
two_level,60,"[60, 346, 124]",4,4,"[346, 124]"
two_level,60,"[60, 346, 128]",2,2,"[346, 128]"
two_level,60,"[60, 347, 120]",16,16,"[347, 120]"
two_level,60,"[60, 347, 124]",8,8,"[347, 124]"
two_level,60,"[60, 348, 120]",2,2,"[348, 120]"
two_level,60,"[60, 348, 124]",17,17,"[348, 124]"
two_level,60,"[60, 348, 128]",4,4,"[348, 128]"
two_level,60,"[60, 348, 132]",2,2,"[348, 132]"
two_level,60,"[60, 349, 124]",18,18,"[349, 124]"
two_level,60,"[60, 349, 128]",4,4,"[349, 128]"
two_level,60,"[60, 350, 120]",19,19,"[350, 120]"
two_level,60,"[60, 350, 124]",6,6,"[350, 124]"
two_level,60,"[60, 350, 128]",3,3,"[350, 128]"
two_level,60,"[60, 351, 120]",22,22,"[351, 120]"
two_level,60,"[60, 351, 128]",2,2,"[351, 128]"
two_level,60,"[60, 352, 124]",12,12,"[352, 124]"
two_level,60,"[60, 352, 128]",6,6,"[352, 128]"
two_level,60,"[60, 352, 132]",2,2,"[352, 132]"
two_level,60,"[60, 353, 120]",10,10,"[353, 120]"
two_level,60,"[60, 353, 124]",18,18,"[353, 124]"
two_level,60,"[60, 353, 128]",2,2,"[353, 128]"
two_level,60,"[60, 353, 132]",2,2,"[353, 132]"
two_level,60,"[60, 354, 120]",21,21,"[354, 120]"
two_level,60,"[60, 354, 124]",6,6,"[354, 124]"
two_level,60,"[60, 354, 128]",2,2,"[354, 128]"
two_level,60,"[60, 355, 120]",22,22,"[355, 120]"
two_level,60,"[60, 355, 132]",2,2,"[355, 132]"
two_level,60,"[60, 356, 124]",10,10,"[356, 124]"
two_level,60,"[60, 356, 128]",8,8,"[356, 128]"
two_level,60,"[60, 356, 132]",2,2,"[356, 132]"
two_level,60,"[60, 357, 120]",11,11,"[357, 120]"
two_level,60,"[60, 357, 124]",15,15,"[357, 124]"
two_level,60,"[60, 358, 120]",19,19,"[358, 120]"
two_level,60,"[60, 358, 124]",5,5,"[358, 124]"
two_level,60,"[60, 358, 128]",2,2,"[358, 128]"
two_level,60,"[60, 358, 132]",2,2,"[358, 132]"
two_level,60,"[60, 359, 120]",22,22,"[359, 120]"
two_level,60,"[60, 360, 120]",4,4,"[360, 120]"
two_level,60,"[60, 360, 124]",6,6,"[360, 124]"
two_level,60,"[60, 360, 132]",2,2,"[360, 132]"
two_level,60,"[60, 361, 124]",7,7,"[361, 124]"
two_level,60,"[60, 362, 120]",18,18,"[362, 120]"
two_level,60,"[60, 362, 124]",1,1,"[362, 124]"
two_level,60,"[60, 362, 132]",2,2,"[362, 132]"
two_level,60,"[60, 363, 120]",16,16,"[363, 120]"
two_level,60,"[60, 364, 124]",5,5,"[364, 124]"
two_level,60,"[60, 365, 124]",5,5,"[365, 124]"
two_level,60,"[60, 366, 120]",21,21,"[366, 120]"
two_level,60,"[60, 366, 132]",2,2,"[366, 132]"
two_level,60,"[60, 367, 120]",17,17,"[367, 120]"
two_level,60,"[60, 368, 124]",3,3,"[368, 124]"
two_level,60,"[60, 369, 124]",2,2,"[369, 124]"
two_level,60,"[60, 369, 132]",2,2,"[369, 132]"
two_level,60,"[60, 370, 120]",15,15,"[370, 120]"
two_level,60,"[60, 370, 132]",2,2,"[370, 132]"
two_level,60,"[60, 371, 120]",14,14,"[371, 120]"
two_level,60,"[60, 371, 132]",2,2,"[371, 132]"
two_level,60,"[60, 372, 120]",5,5,"[372, 120]"
two_level,60,"[60, 372, 124]",3,3,"[372, 124]"
two_level,60,"[60, 373, 124]",3,3,"[373, 124]"
two_level,60,"[60, 373, 136]",2,2,"[373, 136]"
two_level,60,"[60, 374, 120]",13,13,"[374, 120]"
two_level,60,"[60, 374, 132]",2,2,"[374, 132]"
two_level,60,"[60, 375, 120]",17,17,"[375, 120]"
two_level,60,"[60, 376, 124]",2,2,"[376, 124]"
two_level,60,"[60, 376, 136]",2,2,"[376, 136]"
two_level,60,"[60, 377, 124]",3,3,"[377, 124]"
two_level,60,"[60, 378, 120]",15,15,"[378, 120]"
two_level,60,"[60, 379, 120]",13,13,"[379, 120]"
two_level,60,"[60, 380, 124]",3,3,"[380, 124]"
two_level,60,"[60, 380, 136]",2,2,"[380, 136]"
two_level,60,"[60, 381, 124]",2,2,"[381, 124]"
two_level,60,"[60, 382, 120]",14,14,"[382, 120]"
two_level,60,"[60, 383, 120]",13,13,"[383, 120]"
two_level,60,"[60, 384, 120]",2,2,"[384, 120]"
two_level,60,"[60, 384, 124]",2,2,"[384, 124]"
two_level,60,"[60, 385, 120]",8,8,"[385, 120]"
two_level,60,"[60, 385, 124]",1,1,"[385, 124]"
two_level,60,"[60, 386, 120]",15,15,"[386, 120]"
two_level,60,"[60, 387, 120]",13,13,"[387, 120]"
two_level,60,"[60, 388, 124]",3,3,"[388, 124]"
two_level,60,"[60, 389, 124]",1,1,"[389, 124]"
two_level,60,"[60, 390, 120]",17,17,"[390, 120]"
two_level,60,"[60, 390, 124]",1,1,"[390, 124]"
two_level,60,"[60, 391, 120]",14,14,"[391, 120]"
two_level,60,"[60, 392, 124]",2,2,"[392, 124]"
two_level,60,"[60, 393, 124]",1,1,"[393, 124]"
two_level,60,"[60, 394, 120]",15,15,"[394, 120]"
two_level,60,"[60, 394, 124]",1,1,"[394, 124]"
two_level,60,"[60, 395, 120]",13,13,"[395, 120]"
two_level,60,"[60, 396, 120]",4,4,"[396, 120]"
two_level,60,"[60, 396, 124]",2,2,"[396, 124]"
two_level,60,"[60, 397, 124]",3,3,"[397, 124]"
two_level,60,"[60, 398, 120]",14,14,"[398, 120]"
two_level,60,"[60, 399, 120]",13,13,"[399, 120]"
two_level,60,"[60, 400, 124]",2,2,"[400, 124]"
two_level,60,"[60, 401, 120]",1,1,"[401, 120]"
two_level,60,"[60, 401, 124]",1,1,"[401, 124]"
two_level,60,"[60, 402, 120]",17,17,"[402, 120]"
two_level,60,"[60, 402, 128]",1,1,"[402, 128]"
two_level,60,"[60, 403, 120]",13,13,"[403, 120]"
two_level,60,"[60, 404, 124]",2,2,"[404, 124]"
two_level,60,"[60, 405, 124]",1,1,"[405, 124]"
two_level,60,"[60, 406, 120]",13,13,"[406, 120]"
two_level,60,"[60, 406, 124]",1,1,"[406, 124]"
two_level,60,"[60, 406, 132]",1,1,"[406, 132]"
two_level,60,"[60, 407, 120]",13,13,"[407, 120]"
two_level,60,"[60, 407, 124]",1,1,"[407, 124]"
two_level,60,"[60, 408, 120]",4,4,"[408, 120]"
two_level,60,"[60, 408, 124]",1,1,"[408, 124]"
two_level,60,"[60, 409, 124]",1,1,"[409, 124]"
two_level,60,"[60, 410, 120]",13,13,"[410, 120]"
two_level,60,"[60, 411, 120]",15,15,"[411, 120]"
two_level,60,"[60, 412, 124]",1,1,"[412, 124]"
two_level,60,"[60, 413, 124]",1,1,"[413, 124]"
two_level,60,"[60, 414, 120]",15,15,"[414, 120]"
two_level,60,"[60, 414, 124]",1,1,"[414, 124]"
two_level,60,"[60, 414, 132]",2,2,"[414, 132]"
two_level,60,"[60, 415, 120]",14,14,"[415, 120]"
two_level,60,"[60, 416, 120]",3,3,"[416, 120]"
two_level,60,"[60, 416, 124]",2,2,"[416, 124]"
two_level,60,"[60, 416, 136]",1,1,"[416, 136]"
two_level,60,"[60, 417, 120]",11,11,"[417, 120]"
two_level,60,"[60, 417, 124]",1,1,"[417, 124]"
two_level,60,"[60, 418, 120]",15,15,"[418, 120]"
two_level,60,"[60, 418, 136]",1,1,"[418, 136]"
two_level,60,"[60, 419, 120]",14,14,"[419, 120]"
two_level,60,"[60, 419, 124]",1,1,"[419, 124]"
two_level,60,"[60, 420, 120]",3,3,"[420, 120]"
two_level,60,"[60, 420, 124]",2,2,"[420, 124]"
two_level,60,"[60, 421, 120]",3,3,"[421, 120]"
two_level,60,"[60, 421, 124]",1,1,"[421, 124]"
two_level,60,"[60, 422, 120]",11,11,"[422, 120]"
two_level,60,"[60, 422, 132]",3,3,"[422, 132]"
two_level,60,"[60, 423, 120]",15,15,"[423, 120]"
two_level,60,"[60, 424, 124]",1,1,"[424, 124]"
two_level,60,"[60, 424, 136]",4,4,"[424, 136]"
two_level,60,"[60, 425, 120]",12,12,"[425, 120]"
two_level,60,"[60, 425, 124]",2,2,"[425, 124]"
two_level,60,"[60, 426, 120]",14,14,"[426, 120]"
two_level,60,"[60, 427, 120]",13,13,"[427, 120]"
two_level,60,"[60, 428, 124]",4,4,"[428, 124]"
two_level,60,"[60, 429, 120]",2,2,"[429, 120]"
two_level,60,"[60, 429, 124]",1,1,"[429, 124]"
two_level,60,"[60, 430, 120]",10,10,"[430, 120]"
two_level,60,"[60, 430, 124]",1,1,"[430, 124]"
two_level,60,"[60, 430, 132]",4,4,"[430, 132]"
two_level,60,"[60, 431, 120]",10,10,"[431, 120]"
two_level,60,"[60, 431, 124]",1,1,"[431, 124]"
two_level,60,"[60, 432, 120]",4,4,"[432, 120]"
two_level,60,"[60, 432, 124]",2,2,"[432, 124]"
two_level,60,"[60, 432, 136]",11,11,"[432, 136]"
two_level,60,"[60, 433, 120]",8,8,"[433, 120]"
two_level,60,"[60, 433, 124]",1,1,"[433, 124]"
two_level,60,"[60, 434, 120]",9,9,"[434, 120]"
two_level,60,"[60, 434, 136]",3,3,"[434, 136]"
two_level,60,"[60, 435, 120]",9,9,"[435, 120]"
two_level,60,"[60, 435, 124]",1,1,"[435, 124]"
two_level,60,"[60, 436, 124]",1,1,"[436, 124]"
two_level,60,"[60, 436, 148]",1,1,"[436, 148]"
two_level,60,"[60, 437, 120]",1,1,"[437, 120]"
two_level,60,"[60, 437, 124]",4,4,"[437, 124]"
two_level,60,"[60, 437, 132]",2,2,"[437, 132]"
two_level,60,"[60, 438, 120]",9,9,"[438, 120]"
two_level,60,"[60, 438, 124]",4,4,"[438, 124]"
two_level,60,"[60, 438, 132]",5,5,"[438, 132]"
two_level,60,"[60, 439, 120]",9,9,"[439, 120]"
two_level,60,"[60, 439, 124]",1,1,"[439, 124]"
two_level,60,"[60, 440, 124]",1,1,"[440, 124]"
two_level,60,"[60, 440, 136]",22,22,"[440, 136]"
two_level,60,"[60, 441, 124]",1,1,"[441, 124]"
two_level,60,"[60, 442, 120]",4,4,"[442, 120]"
two_level,60,"[60, 442, 128]",2,2,"[442, 128]"
two_level,60,"[60, 442, 136]",3,3,"[442, 136]"
two_level,60,"[60, 442, 144]",1,1,"[442, 144]"
two_level,60,"[60, 443, 120]",3,3,"[443, 120]"
two_level,60,"[60, 444, 124]",3,3,"[444, 124]"
two_level,60,"[60, 445, 124]",1,1,"[445, 124]"
two_level,60,"[60, 445, 132]",4,4,"[445, 132]"
two_level,60,"[60, 446, 132]",6,6,"[446, 132]"
two_level,60,"[60, 447, 120]",2,2,"[447, 120]"
two_level,60,"[60, 448, 124]",1,1,"[448, 124]"
two_level,60,"[60, 448, 136]",36,36,"[448, 136]"
two_level,60,"[60, 448, 144]",1,1,"[448, 144]"
two_level,60,"[60, 449, 124]",1,1,"[449, 124]"
two_level,60,"[60, 450, 120]",1,1,"[450, 120]"
two_level,60,"[60, 450, 128]",2,2,"[450, 128]"
two_level,60,"[60, 450, 136]",16,16,"[450, 136]"
two_level,60,"[60, 450, 144]",2,2,"[450, 144]"
two_level,60,"[60, 451, 128]",2,2,"[451, 128]"
two_level,60,"[60, 452, 132]",4,4,"[452, 132]"
two_level,60,"[60, 453, 124]",2,2,"[453, 124]"
two_level,60,"[60, 453, 132]",6,6,"[453, 132]"
two_level,60,"[60, 453, 140]",2,2,"[453, 140]"
two_level,60,"[60, 454, 132]",7,7,"[454, 132]"
two_level,60,"[60, 454, 140]",1,1,"[454, 140]"
two_level,60,"[60, 456, 136]",57,57,"[456, 136]"
two_level,60,"[60, 456, 144]",4,4,"[456, 144]"
two_level,60,"[60, 458, 124]",1,1,"[458, 124]"
two_level,60,"[60, 458, 128]",4,4,"[458, 128]"
two_level,60,"[60, 458, 136]",35,35,"[458, 136]"
two_level,60,"[60, 458, 144]",3,3,"[458, 144]"
two_level,60,"[60, 459, 128]",2,2,"[459, 128]"
two_level,60,"[60, 460, 132]",12,12,"[460, 132]"
two_level,60,"[60, 461, 124]",1,1,"[461, 124]"
two_level,60,"[60, 461, 132]",8,8,"[461, 132]"
two_level,60,"[60, 461, 140]",4,4,"[461, 140]"
two_level,60,"[60, 462, 132]",8,8,"[462, 132]"
two_level,60,"[60, 462, 140]",6,6,"[462, 140]"
two_level,60,"[60, 463, 128]",2,2,"[463, 128]"
two_level,60,"[60, 464, 136]",84,84,"[464, 136]"
two_level,60,"[60, 464, 144]",10,10,"[464, 144]"
two_level,60,"[60, 465, 128]",2,2,"[465, 128]"
two_level,60,"[60, 466, 120]",1,1,"[466, 120]"
two_level,60,"[60, 466, 128]",6,6,"[466, 128]"
two_level,60,"[60, 466, 136]",90,90,"[466, 136]"
two_level,60,"[60, 466, 144]",4,4,"[466, 144]"
two_level,60,"[60, 467, 128]",6,6,"[467, 128]"
two_level,60,"[60, 468, 132]",24,24,"[468, 132]"
two_level,60,"[60, 468, 140]",2,2,"[468, 140]"
two_level,60,"[60, 469, 132]",10,10,"[469, 132]"
two_level,60,"[60, 469, 136]",3,3,"[469, 136]"
two_level,60,"[60, 469, 140]",20,20,"[469, 140]"
two_level,60,"[60, 470, 132]",9,9,"[470, 132]"
two_level,60,"[60, 470, 140]",22,22,"[470, 140]"
two_level,60,"[60, 471, 132]",6,6,"[471, 132]"
two_level,60,"[60, 472, 136]",121,121,"[472, 136]"
two_level,60,"[60, 472, 144]",20,20,"[472, 144]"
two_level,60,"[60, 473, 132]",2,2,"[473, 132]"
two_level,60,"[60, 474, 128]",6,6,"[474, 128]"
two_level,60,"[60, 474, 136]",184,184,"[474, 136]"
two_level,60,"[60, 474, 144]",5,5,"[474, 144]"
two_level,60,"[60, 475, 128]",6,6,"[475, 128]"
two_level,60,"[60, 475, 132]",2,2,"[475, 132]"
two_level,60,"[60, 475, 136]",2,2,"[475, 136]"
two_level,60,"[60, 476, 132]",43,43,"[476, 132]"
two_level,60,"[60, 476, 140]",4,4,"[476, 140]"
two_level,60,"[60, 477, 132]",12,12,"[477, 132]"
two_level,60,"[60, 477, 136]",18,18,"[477, 136]"
two_level,60,"[60, 477, 140]",96,96,"[477, 140]"
two_level,60,"[60, 478, 132]",15,15,"[478, 132]"
two_level,60,"[60, 478, 140]",65,65,"[478, 140]"
two_level,60,"[60, 479, 132]",23,23,"[479, 132]"
two_level,60,"[60, 480, 136]",169,169,"[480, 136]"
two_level,60,"[60, 480, 144]",35,35,"[480, 144]"
two_level,60,"[60, 481, 132]",5,5,"[481, 132]"
two_level,60,"[60, 482, 136]",355,355,"[482, 136]"
two_level,60,"[60, 482, 144]",6,6,"[482, 144]"
two_level,60,"[60, 483, 136]",8,8,"[483, 136]"
two_level,60,"[60, 484, 132]",20,20,"[484, 132]"
two_level,60,"[60, 484, 140]",6,6,"[484, 140]"
two_level,60,"[60, 485, 132]",2,2,"[485, 132]"
two_level,60,"[60, 485, 136]",83,83,"[485, 136]"
two_level,60,"[60, 485, 140]",375,375,"[485, 140]"
two_level,60,"[60, 486, 132]",41,41,"[486, 132]"
two_level,60,"[60, 486, 140]",154,154,"[486, 140]"
two_level,60,"[60, 487, 132]",60,60,"[487, 132]"
two_level,60,"[60, 487, 136]",13,13,"[487, 136]"
two_level,60,"[60, 487, 140]",1,1,"[487, 140]"
two_level,60,"[60, 488, 136]",220,220,"[488, 136]"
two_level,60,"[60, 488, 144]",56,56,"[488, 144]"
two_level,60,"[60, 489, 132]",22,22,"[489, 132]"
two_level,60,"[60, 489, 136]",2,2,"[489, 136]"
two_level,60,"[60, 490, 120]",1,1,"[490, 120]"
two_level,60,"[60, 490, 136]",615,615,"[490, 136]"
two_level,60,"[60, 490, 144]",7,7,"[490, 144]"
two_level,60,"[60, 491, 136]",20,20,"[491, 136]"
two_level,60,"[60, 492, 140]",8,8,"[492, 140]"
two_level,60,"[60, 493, 124]",2,2,"[493, 124]"
two_level,60,"[60, 493, 136]",384,384,"[493, 136]"
two_level,60,"[60, 493, 140]",1363,1363,"[493, 140]"
two_level,60,"[60, 494, 140]",322,322,"[494, 140]"
two_level,60,"[60, 495, 140]",12,12,"[495, 140]"
two_level,60,"[60, 496, 136]",287,287,"[496, 136]"
two_level,60,"[60, 496, 140]",4,4,"[496, 140]"
two_level,60,"[60, 496, 144]",85,85,"[496, 144]"
two_level,60,"[60, 497, 140]",11,11,"[497, 140]"
two_level,60,"[60, 498, 120]",2,2,"[498, 120]"
two_level,60,"[60, 498, 136]",1002,1002,"[498, 136]"
two_level,60,"[60, 498, 144]",8,8,"[498, 144]"
two_level,60,"[60, 499, 136]",20,20,"[499, 136]"
two_level,60,"[60, 500, 140]",11,11,"[500, 140]"
two_level,60,"[60, 501, 136]",10,10,"[501, 136]"
two_level,60,"[60, 501, 140]",4775,4775,"[501, 140]"
two_level,60,"[60, 502, 140]",642,642,"[502, 140]"
two_level,60,"[60, 503, 136]",1485,1485,"[503, 136]"
two_level,60,"[60, 503, 140]",58,58,"[503, 140]"
two_level,60,"[60, 504, 144]",122,122,"[504, 144]"
two_level,60,"[60, 506, 136]",1502,1502,"[506, 136]"
two_level,60,"[60, 506, 144]",11,11,"[506, 144]"
two_level,60,"[60, 508, 136]",4,4,"[508, 136]"
two_level,60,"[60, 508, 140]",20,20,"[508, 140]"
two_level,60,"[60, 509, 124]",3,3,"[509, 124]"
two_level,60,"[60, 509, 140]",5000,5416,"[509, 140]"
two_level,60,"[60, 510, 136]",24,24,"[510, 136]"
two_level,60,"[60, 510, 140]",1234,1234,"[510, 140]"
two_level,60,"[60, 511, 132]",1,1,"[511, 132]"
two_level,60,"[60, 511, 140]",232,232,"[511, 140]"
two_level,60,"[60, 512, 136]",1932,1932,"[512, 136]"
two_level,60,"[60, 512, 144]",170,170,"[512, 144]"
two_level,60,"[60, 513, 124]",1,1,"[513, 124]"
two_level,60,"[60, 513, 136]",66,66,"[513, 136]"
two_level,60,"[60, 513, 144]",1,1,"[513, 144]"
two_level,60,"[60, 514, 136]",32,32,"[514, 136]"
two_level,60,"[60, 514, 144]",12,12,"[514, 144]"
two_level,60,"[60, 515, 124]",1,1,"[515, 124]"
two_level,60,"[60, 515, 136]",1012,1012,"[515, 136]"
two_level,60,"[60, 516, 124]",1,1,"[516, 124]"
two_level,60,"[60, 517, 140]",5000,9113,"[517, 140]"
two_level,60,"[60, 518, 140]",116,116,"[518, 140]"
two_level,60,"[60, 519, 124]",6,6,"[519, 124]"
two_level,60,"[60, 519, 140]",738,738,"[519, 140]"
two_level,60,"[60, 520, 140]",3812,3812,"[520, 140]"
two_level,60,"[60, 520, 144]",237,237,"[520, 144]"
two_level,60,"[60, 521, 144]",12,12,"[521, 144]"
two_level,60,"[60, 522, 120]",1,1,"[522, 120]"
two_level,60,"[60, 522, 128]",2,2,"[522, 128]"
two_level,60,"[60, 522, 144]",14,14,"[522, 144]"
two_level,60,"[60, 523, 124]",1,1,"[523, 124]"
two_level,60,"[60, 523, 128]",12,12,"[523, 128]"
two_level,60,"[60, 524, 124]",1,1,"[524, 124]"
two_level,60,"[60, 525, 124]",2,2,"[525, 124]"
two_level,60,"[60, 525, 140]",3140,3140,"[525, 140]"
two_level,60,"[60, 527, 128]",9,9,"[527, 128]"
two_level,60,"[60, 527, 140]",2515,2515,"[527, 140]"
two_level,60,"[60, 528, 124]",1,1,"[528, 124]"
two_level,60,"[60, 528, 132]",2,2,"[528, 132]"
two_level,60,"[60, 528, 144]",36,36,"[528, 144]"
two_level,60,"[60, 529, 144]",80,80,"[529, 144]"
two_level,60,"[60, 530, 144]",15,15,"[530, 144]"
two_level,60,"[60, 532, 132]",1,1,"[532, 132]"
two_level,60,"[60, 533, 132]",115,115,"[533, 132]"
two_level,60,"[60, 534, 132]",14,14,"[534, 132]"
two_level,60,"[60, 535, 124]",2,2,"[535, 124]"
two_level,60,"[60, 536, 124]",1,1,"[536, 124]"
two_level,60,"[60, 536, 144]",1063,1063,"[536, 144]"
two_level,60,"[60, 537, 132]",8,8,"[537, 132]"
two_level,60,"[60, 537, 144]",769,769,"[537, 144]"
two_level,60,"[60, 538, 120]",2,2,"[538, 120]"
two_level,60,"[60, 538, 128]",2,2,"[538, 128]"
two_level,60,"[60, 538, 132]",40,40,"[538, 132]"
two_level,60,"[60, 538, 144]",9,9,"[538, 144]"
two_level,60,"[60, 539, 128]",2,2,"[539, 128]"
two_level,60,"[60, 539, 132]",1,1,"[539, 132]"
two_level,60,"[60, 539, 144]",1,1,"[539, 144]"
two_level,60,"[60, 540, 124]",1,1,"[540, 124]"
two_level,60,"[60, 540, 132]",2,2,"[540, 132]"
two_level,60,"[60, 541, 132]",4,4,"[541, 132]"
two_level,60,"[60, 542, 124]",1,1,"[542, 124]"
two_level,60,"[60, 542, 128]",2,2,"[542, 128]"
two_level,60,"[60, 543, 124]",3,3,"[543, 124]"
two_level,60,"[60, 543, 132]",87,87,"[543, 132]"
two_level,60,"[60, 544, 124]",2,2,"[544, 124]"
two_level,60,"[60, 544, 132]",9,9,"[544, 132]"
two_level,60,"[60, 544, 136]",80,80,"[544, 136]"
two_level,60,"[60, 545, 124]",1,1,"[545, 124]"
two_level,60,"[60, 545, 136]",4,4,"[545, 136]"
two_level,60,"[60, 546, 128]",2,2,"[546, 128]"
two_level,60,"[60, 546, 144]",94,94,"[546, 144]"
two_level,60,"[60, 547, 144]",89,89,"[547, 144]"
two_level,60,"[60, 549, 124]",1,1,"[549, 124]"
two_level,60,"[60, 550, 124]",3,3,"[550, 124]"
two_level,60,"[60, 550, 128]",2,2,"[550, 128]"
two_level,60,"[60, 550, 132]",2,2,"[550, 132]"
two_level,60,"[60, 550, 136]",10,10,"[550, 136]"
two_level,60,"[60, 551, 124]",5,5,"[551, 124]"
two_level,60,"[60, 552, 124]",1,1,"[552, 124]"
two_level,60,"[60, 552, 128]",5,5,"[552, 128]"
two_level,60,"[60, 553, 124]",2,2,"[553, 124]"
two_level,60,"[60, 553, 136]",4,4,"[553, 136]"
two_level,60,"[60, 554, 120]",5,5,"[554, 120]"
two_level,60,"[60, 554, 136]",2,2,"[554, 136]"
two_level,60,"[60, 555, 120]",1,1,"[555, 120]"
two_level,60,"[60, 555, 136]",75,75,"[555, 136]"
two_level,60,"[60, 556, 128]",5,5,"[556, 128]"
two_level,60,"[60, 556, 132]",4,4,"[556, 132]"
two_level,60,"[60, 556, 140]",2,2,"[556, 140]"
two_level,60,"[60, 556, 148]",1,1,"[556, 148]"
two_level,60,"[60, 557, 124]",5,5,"[557, 124]"
two_level,60,"[60, 557, 148]",1,1,"[557, 148]"
two_level,60,"[60, 558, 124]",1,1,"[558, 124]"
two_level,60,"[60, 558, 136]",20,20,"[558, 136]"
two_level,60,"[60, 559, 124]",4,4,"[559, 124]"
two_level,60,"[60, 560, 136]",32,32,"[560, 136]"
two_level,60,"[60, 561, 128]",9,9,"[561, 128]"
two_level,60,"[60, 562, 120]",9,9,"[562, 120]"
two_level,60,"[60, 562, 124]",5,5,"[562, 124]"
two_level,60,"[60, 562, 128]",4,4,"[562, 128]"
two_level,60,"[60, 562, 136]",2,2,"[562, 136]"
two_level,60,"[60, 563, 120]",2,2,"[563, 120]"
two_level,60,"[60, 563, 124]",1,1,"[563, 124]"
two_level,60,"[60, 564, 124]",2,2,"[564, 124]"
two_level,60,"[60, 565, 124]",3,3,"[565, 124]"
two_level,60,"[60, 565, 140]",57,57,"[565, 140]"
two_level,60,"[60, 566, 120]",2,2,"[566, 120]"
two_level,60,"[60, 566, 124]",34,34,"[566, 124]"
two_level,60,"[60, 566, 132]",2,2,"[566, 132]"
two_level,60,"[60, 566, 140]",1,1,"[566, 140]"
two_level,60,"[60, 567, 120]",4,4,"[567, 120]"
two_level,60,"[60, 567, 124]",2,2,"[567, 124]"
two_level,60,"[60, 568, 128]",9,9,"[568, 128]"
two_level,60,"[60, 570, 120]",22,22,"[570, 120]"
two_level,60,"[60, 570, 124]",5,5,"[570, 124]"
two_level,60,"[60, 570, 132]",2,2,"[570, 132]"
two_level,60,"[60, 571, 120]",16,16,"[571, 120]"
two_level,60,"[60, 571, 128]",4,4,"[571, 128]"
two_level,60,"[60, 572, 124]",6,6,"[572, 124]"
two_level,60,"[60, 572, 128]",1,1,"[572, 128]"
two_level,60,"[60, 573, 124]",4,4,"[573, 124]"
two_level,60,"[60, 574, 124]",19,19,"[574, 124]"
two_level,60,"[60, 575, 124]",9,9,"[575, 124]"
two_level,60,"[60, 576, 128]",1,1,"[576, 128]"
two_level,60,"[60, 577, 120]",29,29,"[577, 120]"
two_level,60,"[60, 577, 128]",10,10,"[577, 128]"
two_level,60,"[60, 578, 120]",29,29,"[578, 120]"
two_level,60,"[60, 578, 124]",1,1,"[578, 124]"
two_level,60,"[60, 578, 128]",4,4,"[578, 128]"
two_level,60,"[60, 579, 120]",33,33,"[579, 120]"
two_level,60,"[60, 580, 124]",76,76,"[580, 124]"
two_level,60,"[60, 581, 120]",4,4,"[581, 120]"
two_level,60,"[60, 581, 124]",6,6,"[581, 124]"
two_level,60,"[60, 582, 124]",9,9,"[582, 124]"
two_level,60,"[60, 583, 120]",4,4,"[583, 120]"
two_level,60,"[60, 584, 124]",4,4,"[584, 124]"
two_level,60,"[60, 584, 128]",1,1,"[584, 128]"
two_level,60,"[60, 585, 120]",141,141,"[585, 120]"
two_level,60,"[60, 585, 124]",2,2,"[585, 124]"
two_level,60,"[60, 585, 128]",2,2,"[585, 128]"
two_level,60,"[60, 586, 120]",433,433,"[586, 120]"
two_level,60,"[60, 586, 124]",1,1,"[586, 124]"
two_level,60,"[60, 587, 120]",44,44,"[587, 120]"
two_level,60,"[60, 587, 128]",1,1,"[587, 128]"
two_level,60,"[60, 588, 124]",63,63,"[588, 124]"
two_level,60,"[60, 588, 128]",1,1,"[588, 128]"
two_level,60,"[60, 589, 120]",2,2,"[589, 120]"
two_level,60,"[60, 589, 124]",23,23,"[589, 124]"
two_level,60,"[60, 590, 120]",4,4,"[590, 120]"
two_level,60,"[60, 590, 124]",28,28,"[590, 124]"
two_level,60,"[60, 591, 120]",1,1,"[591, 120]"
two_level,60,"[60, 591, 124]",19,19,"[591, 124]"
two_level,60,"[60, 592, 124]",10,10,"[592, 124]"
two_level,60,"[60, 592, 128]",3,3,"[592, 128]"
two_level,60,"[60, 593, 120]",268,268,"[593, 120]"
two_level,60,"[60, 593, 124]",2,2,"[593, 124]"
two_level,60,"[60, 594, 120]",203,203,"[594, 120]"
two_level,60,"[60, 594, 124]",1,1,"[594, 124]"
two_level,60,"[60, 595, 120]",113,113,"[595, 120]"
two_level,60,"[60, 596, 124]",39,39,"[596, 124]"
two_level,60,"[60, 597, 124]",15,15,"[597, 124]"
two_level,60,"[60, 598, 120]",3,3,"[598, 120]"
two_level,60,"[60, 598, 124]",21,21,"[598, 124]"
two_level,60,"[60, 599, 120]",1,1,"[599, 120]"
two_level,60,"[60, 599, 124]",4,4,"[599, 124]"
two_level,60,"[60, 600, 124]",1,1,"[600, 124]"
two_level,60,"[60, 600, 128]",2,2,"[600, 128]"
two_level,60,"[60, 601, 120]",540,540,"[601, 120]"
two_level,60,"[60, 601, 124]",6,6,"[601, 124]"
two_level,60,"[60, 602, 120]",641,641,"[602, 120]"
two_level,60,"[60, 602, 124]",3,3,"[602, 124]"
two_level,60,"[60, 603, 120]",206,206,"[603, 120]"
two_level,60,"[60, 603, 124]",3,3,"[603, 124]"
two_level,60,"[60, 604, 124]",678,678,"[604, 124]"
two_level,60,"[60, 605, 124]",51,51,"[605, 124]"
two_level,60,"[60, 606, 124]",20,20,"[606, 124]"
two_level,60,"[60, 607, 120]",5,5,"[607, 120]"
two_level,60,"[60, 607, 124]",1,1,"[607, 124]"
two_level,60,"[60, 608, 124]",5,5,"[608, 124]"
two_level,60,"[60, 608, 128]",3,3,"[608, 128]"
two_level,60,"[60, 609, 128]",3,3,"[609, 128]"
two_level,60,"[60, 610, 128]",2,2,"[610, 128]"
two_level,60,"[60, 611, 120]",1287,1287,"[611, 120]"
two_level,60,"[60, 611, 124]",2,2,"[611, 124]"
two_level,60,"[60, 612, 124]",308,308,"[612, 124]"
two_level,60,"[60, 612, 128]",1,1,"[612, 128]"
two_level,60,"[60, 613, 124]",74,74,"[613, 124]"
two_level,60,"[60, 614, 124]",202,202,"[614, 124]"
two_level,60,"[60, 615, 124]",13,13,"[615, 124]"
two_level,60,"[60, 616, 128]",4,4,"[616, 128]"
two_level,60,"[60, 617, 124]",1,1,"[617, 124]"
two_level,60,"[60, 618, 128]",1,1,"[618, 128]"
two_level,60,"[60, 619, 128]",1,1,"[619, 128]"
two_level,60,"[60, 620, 132]",2,2,"[620, 132]"
two_level,60,"[60, 621, 124]",398,398,"[621, 124]"
two_level,60,"[60, 622, 124]",58,58,"[622, 124]"
two_level,60,"[60, 623, 124]",14,14,"[623, 124]"
two_level,60,"[60, 624, 128]",19,19,"[624, 128]"
two_level,60,"[60, 625, 128]",8,8,"[625, 128]"
two_level,60,"[60, 625, 136]",1,1,"[625, 136]"
two_level,60,"[60, 626, 128]",1,1,"[626, 128]"
two_level,60,"[60, 628, 132]",2,2,"[628, 132]"
two_level,60,"[60, 629, 132]",1,1,"[629, 132]"
two_level,60,"[60, 630, 132]",2,2,"[630, 132]"
two_level,60,"[60, 631, 124]",60,60,"[631, 124]"
two_level,60,"[60, 632, 128]",56,56,"[632, 128]"
two_level,60,"[60, 633, 128]",6,6,"[633, 128]"
two_level,60,"[60, 634, 128]",24,24,"[634, 128]"
two_level,60,"[60, 635, 128]",18,18,"[635, 128]"
two_level,60,"[60, 635, 136]",1,1,"[635, 136]"
two_level,60,"[60, 636, 132]",3,3,"[636, 132]"
two_level,60,"[60, 637, 132]",1,1,"[637, 132]"
two_level,60,"[60, 639, 132]",1,1,"[639, 132]"
two_level,60,"[60, 640, 136]",2,2,"[640, 136]"
two_level,60,"[60, 641, 128]",23,23,"[641, 128]"
two_level,60,"[60, 642, 128]",48,48,"[642, 128]"
two_level,60,"[60, 643, 128]",2,2,"[643, 128]"
two_level,60,"[60, 644, 132]",93,93,"[644, 132]"
two_level,60,"[60, 645, 132]",90,90,"[645, 132]"
two_level,60,"[60, 645, 140]",1,1,"[645, 140]"
two_level,60,"[60, 646, 132]",3,3,"[646, 132]"
two_level,60,"[60, 647, 132]",5,5,"[647, 132]"
two_level,60,"[60, 649, 136]",1,1,"[649, 136]"
two_level,60,"[60, 650, 136]",2,2,"[650, 136]"
two_level,60,"[60, 651, 128]",39,39,"[651, 128]"
two_level,60,"[60, 651, 136]",4,4,"[651, 136]"
two_level,60,"[60, 652, 132]",172,172,"[652, 132]"
two_level,60,"[60, 653, 132]",3,3,"[653, 132]"
two_level,60,"[60, 654, 132]",115,115,"[654, 132]"
two_level,60,"[60, 655, 132]",166,166,"[655, 132]"
two_level,60,"[60, 656, 136]",11,11,"[656, 136]"
two_level,60,"[60, 657, 136]",13,13,"[657, 136]"
two_level,60,"[60, 658, 136]",2,2,"[658, 136]"
two_level,60,"[60, 659, 136]",4,4,"[659, 136]"
two_level,60,"[60, 660, 140]",3,3,"[660, 140]"
two_level,60,"[60, 661, 132]",182,182,"[661, 132]"
two_level,60,"[60, 661, 140]",4,4,"[661, 140]"
two_level,60,"[60, 662, 132]",162,162,"[662, 132]"
two_level,60,"[60, 663, 132]",8,8,"[663, 132]"
two_level,60,"[60, 664, 136]",14,14,"[664, 136]"
two_level,60,"[60, 665, 136]",1096,1096,"[665, 136]"
two_level,60,"[60, 666, 136]",42,42,"[666, 136]"
two_level,60,"[60, 667, 136]",63,63,"[667, 136]"
two_level,60,"[60, 668, 140]",7,7,"[668, 140]"
two_level,60,"[60, 669, 140]",2,2,"[669, 140]"
two_level,60,"[60, 670, 140]",2,2,"[670, 140]"
two_level,60,"[60, 671, 132]",313,313,"[671, 132]"
two_level,60,"[60, 671, 140]",7,7,"[671, 140]"
two_level,60,"[60, 672, 136]",16,16,"[672, 136]"
two_level,60,"[60, 673, 136]",31,31,"[673, 136]"
two_level,60,"[60, 674, 136]",16,16,"[674, 136]"
two_level,60,"[60, 675, 136]",4054,4054,"[675, 136]"
two_level,60,"[60, 676, 140]",167,167,"[676, 140]"
two_level,60,"[60, 677, 140]",49,49,"[677, 140]"
two_level,60,"[60, 678, 140]",8,8,"[678, 140]"
two_level,60,"[60, 680, 144]",2,2,"[680, 144]"
two_level,60,"[60, 681, 136]",2155,2155,"[681, 136]"
two_level,60,"[60, 681, 144]",2,2,"[681, 144]"
two_level,60,"[60, 682, 136]",31,31,"[682, 136]"
two_level,60,"[60, 683, 136]",114,114,"[683, 136]"
two_level,60,"[60, 684, 140]",57,57,"[684, 140]"
two_level,60,"[60, 685, 140]",3572,3572,"[685, 140]"
two_level,60,"[60, 686, 140]",250,250,"[686, 140]"
two_level,60,"[60, 687, 140]",16,16,"[687, 140]"
two_level,60,"[60, 688, 144]",2,2,"[688, 144]"
two_level,60,"[60, 690, 144]",2,2,"[690, 144]"
two_level,60,"[60, 691, 136]",5000,9922,"[691, 136]"
two_level,60,"[60, 692, 140]",111,111,"[692, 140]"
two_level,60,"[60, 693, 140]",112,112,"[693, 140]"
two_level,60,"[60, 694, 140]",52,52,"[694, 140]"
two_level,60,"[60, 695, 140]",1194,1194,"[695, 140]"
two_level,60,"[60, 696, 144]",75,75,"[696, 144]"
two_level,60,"[60, 697, 144]",3,3,"[697, 144]"
two_level,60,"[60, 698, 144]",1,1,"[698, 144]"
two_level,60,"[60, 700, 148]",2,2,"[700, 148]"
two_level,60,"[60, 701, 140]",5000,15846,"[701, 140]"
two_level,60,"[60, 702, 140]",99,99,"[702, 140]"
two_level,60,"[60, 703, 140]",43,43,"[703, 140]"
two_level,60,"[60, 704, 144]",17,17,"[704, 144]"
two_level,60,"[60, 705, 144]",120,120,"[705, 144]"
two_level,60,"[60, 706, 144]",16,16,"[706, 144]"
two_level,60,"[60, 708, 148]",2,2,"[708, 148]"
two_level,60,"[60, 710, 148]",2,2,"[710, 148]"
two_level,60,"[60, 711, 140]",4755,4755,"[711, 140]"
two_level,60,"[60, 712, 144]",38,38,"[712, 144]"
two_level,60,"[60, 713, 144]",7,7,"[713, 144]"
two_level,60,"[60, 714, 144]",5,5,"[714, 144]"
two_level,60,"[60, 715, 144]",4,4,"[715, 144]"
two_level,60,"[60, 716, 148]",4,4,"[716, 148]"
two_level,60,"[60, 720, 152]",2,2,"[720, 152]"
two_level,60,"[60, 721, 144]",988,988,"[721, 144]"
two_level,60,"[60, 722, 144]",3,3,"[722, 144]"
two_level,60,"[60, 723, 144]",2,2,"[723, 144]"
two_level,60,"[60, 724, 148]",2,2,"[724, 148]"
two_level,60,"[60, 730, 152]",2,2,"[730, 152]"
two_level,60,"[60, 731, 144]",96,96,"[731, 144]"
two_level,60,"[60, 732, 148]",1,1,"[732, 148]"
two_level,60,"[60, 734, 148]",2,2,"[734, 148]"
two_level,60,"[60, 741, 148]",4,4,"[741, 148]"
two_level,60,"[60, 744, 152]",2,2,"[744, 152]"
two_level,60,"[60, 751, 148]",2,2,"[751, 148]"
two_level,60,"[60, 754, 152]",2,2,"[754, 152]"
two_level,60,"[60, 761, 152]",2,2,"[761, 152]"
power_identity,60,"[60, 0]",6,6,[0]
power_identity,60,"[60, 28]",1,1,[28]
power_identity,60,"[60, 52]",1,1,[52]
power_identity,60,"[60, 64]",13,13,[64]
power_identity,60,"[60, 72]",4,4,[72]
power_identity,60,"[60, 80]",2,2,[80]
power_identity,60,"[60, 88]",1,1,[88]
power_identity,60,"[60, 92]",5,5,[92]
power_identity,60,"[60, 104]",4,4,[104]
power_identity,60,"[60, 108]",1,1,[108]
power_identity,60,"[60, 112]",6,6,[112]
power_identity,60,"[60, 116]",1,1,[116]
power_identity,60,"[60, 124]",4,4,[124]
power_identity,60,"[60, 128]",1,1,[128]
power_identity,60,"[60, 132]",8,8,[132]
power_identity,60,"[60, 136]",8,8,[136]
power_identity,60,"[60, 140]",3,3,[140]
power_identity,60,"[60, 144]",10,10,[144]
power_identity,60,"[60, 148]",12,12,[148]
power_identity,60,"[60, 152]",7,7,[152]
power_identity,60,"[60, 156]",2,2,[156]
power_identity,60,"[60, 160]",5,5,[160]
power_identity,60,"[60, 164]",10,10,[164]
power_identity,60,"[60, 168]",8,8,[168]
power_identity,60,"[60, 172]",17,17,[172]
power_identity,60,"[60, 176]",8,8,[176]
power_identity,60,"[60, 180]",13,13,[180]
power_identity,60,"[60, 184]",13,13,[184]
power_identity,60,"[60, 188]",12,12,[188]
power_identity,60,"[60, 192]",15,15,[192]
power_identity,60,"[60, 196]",14,14,[196]
power_identity,60,"[60, 200]",8,8,[200]
power_identity,60,"[60, 204]",18,18,[204]
power_identity,60,"[60, 208]",12,12,[208]
power_identity,60,"[60, 212]",12,12,[212]
power_identity,60,"[60, 216]",15,15,[216]
power_identity,60,"[60, 220]",14,14,[220]
power_identity,60,"[60, 224]",22,22,[224]
power_identity,60,"[60, 228]",19,19,[228]
power_identity,60,"[60, 232]",31,31,[232]
power_identity,60,"[60, 236]",34,34,[236]
power_identity,60,"[60, 240]",29,29,[240]
power_identity,60,"[60, 244]",39,39,[244]
power_identity,60,"[60, 248]",47,47,[248]
power_identity,60,"[60, 252]",46,46,[252]
power_identity,60,"[60, 256]",51,51,[256]
power_identity,60,"[60, 260]",45,45,[260]
power_identity,60,"[60, 264]",50,50,[264]
power_identity,60,"[60, 268]",46,46,[268]
power_identity,60,"[60, 272]",76,76,[272]
power_identity,60,"[60, 276]",85,85,[276]
power_identity,60,"[60, 280]",100,100,[280]
power_identity,60,"[60, 284]",113,113,[284]
power_identity,60,"[60, 288]",101,101,[288]
power_identity,60,"[60, 292]",104,104,[292]
power_identity,60,"[60, 296]",105,105,[296]
power_identity,60,"[60, 300]",126,126,[300]
power_identity,60,"[60, 304]",189,189,[304]
power_identity,60,"[60, 308]",152,152,[308]
power_identity,60,"[60, 312]",178,178,[312]
power_identity,60,"[60, 316]",205,205,[316]
power_identity,60,"[60, 320]",216,216,[320]
power_identity,60,"[60, 324]",244,244,[324]
power_identity,60,"[60, 328]",227,227,[328]
power_identity,60,"[60, 332]",250,250,[332]
power_identity,60,"[60, 336]",243,243,[336]
power_identity,60,"[60, 340]",299,299,[340]
power_identity,60,"[60, 344]",319,319,[344]
power_identity,60,"[60, 348]",392,392,[348]
power_identity,60,"[60, 352]",462,462,[352]
power_identity,60,"[60, 356]",504,504,[356]
power_identity,60,"[60, 360]",512,512,[360]
power_identity,60,"[60, 364]",519,519,[364]
power_identity,60,"[60, 368]",499,499,[368]
power_identity,60,"[60, 372]",521,521,[372]
power_identity,60,"[60, 376]",578,578,[376]
power_identity,60,"[60, 380]",714,714,[380]
power_identity,60,"[60, 384]",811,811,[384]
power_identity,60,"[60, 388]",939,939,[388]
power_identity,60,"[60, 392]",952,952,[392]
power_identity,60,"[60, 396]",1007,1007,[396]
power_identity,60,"[60, 400]",894,894,[400]
power_identity,60,"[60, 404]",935,935,[404]
power_identity,60,"[60, 408]",933,933,[408]
power_identity,60,"[60, 412]",1097,1097,[412]
power_identity,60,"[60, 416]",1260,1260,[416]
power_identity,60,"[60, 420]",1545,1545,[420]
power_identity,60,"[60, 424]",1726,1726,[424]
power_identity,60,"[60, 428]",1768,1768,[428]
power_identity,60,"[60, 432]",1873,1873,[432]
power_identity,60,"[60, 436]",1800,1800,[436]
power_identity,60,"[60, 440]",1850,1850,[440]
power_identity,60,"[60, 444]",1925,1925,[444]
power_identity,60,"[60, 448]",2111,2111,[448]
power_identity,60,"[60, 452]",2335,2335,[452]
power_identity,60,"[60, 456]",2591,2591,[456]
power_identity,60,"[60, 460]",2804,2804,[460]
power_identity,60,"[60, 464]",3048,3048,[464]
power_identity,60,"[60, 468]",3212,3212,[468]
power_identity,60,"[60, 472]",3270,3270,[472]
power_identity,60,"[60, 476]",3257,3257,[476]
power_identity,60,"[60, 480]",3494,3494,[480]
power_identity,60,"[60, 484]",4101,4101,[484]
power_identity,60,"[60, 488]",4829,4829,[488]
power_identity,60,"[60, 492]",5000,5585,[492]
power_identity,60,"[60, 496]",5000,6419,[496]
power_identity,60,"[60, 500]",5000,6975,[500]
power_identity,60,"[60, 504]",5000,6686,[504]
power_identity,60,"[60, 508]",5000,6459,[508]
power_identity,60,"[60, 512]",5000,6031,[512]
power_identity,60,"[60, 516]",5000,5850,[516]
power_identity,60,"[60, 520]",5000,6162,[520]
power_identity,60,"[60, 524]",5000,7152,[524]
power_identity,60,"[60, 528]",5000,8469,[528]
power_identity,60,"[60, 532]",5000,9055,[532]
power_identity,60,"[60, 536]",5000,9776,[536]
power_identity,60,"[60, 540]",5000,9281,[540]
power_identity,60,"[60, 544]",5000,8262,[544]
power_identity,60,"[60, 548]",5000,7347,[548]
power_identity,60,"[60, 552]",5000,6355,[552]
power_identity,60,"[60, 556]",5000,6107,[556]
power_identity,60,"[60, 560]",5000,6453,[560]
power_identity,60,"[60, 564]",5000,7069,[564]
power_identity,60,"[60, 568]",5000,7539,[568]
power_identity,60,"[60, 572]",5000,7418,[572]
power_identity,60,"[60, 576]",5000,6725,[576]
power_identity,60,"[60, 580]",5000,5584,[580]
power_identity,60,"[60, 584]",4407,4407,[584]
power_identity,60,"[60, 588]",3181,3181,[588]
power_identity,60,"[60, 592]",2387,2387,[592]
power_identity,60,"[60, 596]",1913,1913,[596]
power_identity,60,"[60, 600]",1866,1866,[600]
power_identity,60,"[60, 604]",1781,1781,[604]
power_identity,60,"[60, 608]",1759,1759,[608]
power_identity,60,"[60, 612]",1595,1595,[612]
power_identity,60,"[60, 616]",1385,1385,[616]
power_identity,60,"[60, 620]",1142,1142,[620]
power_identity,60,"[60, 624]",799,799,[624]
power_identity,60,"[60, 628]",633,633,[628]
power_identity,60,"[60, 632]",509,509,[632]
power_identity,60,"[60, 636]",474,474,[636]
power_identity,60,"[60, 640]",440,440,[640]
power_identity,60,"[60, 644]",473,473,[644]
power_identity,60,"[60, 648]",448,448,[648]
power_identity,60,"[60, 652]",351,351,[652]
power_identity,60,"[60, 656]",258,258,[656]
power_identity,60,"[60, 660]",206,206,[660]
power_identity,60,"[60, 664]",152,152,[664]
power_identity,60,"[60, 668]",124,124,[668]
power_identity,60,"[60, 672]",84,84,[672]
power_identity,60,"[60, 676]",81,81,[676]
power_identity,60,"[60, 680]",96,96,[680]
power_identity,60,"[60, 684]",87,87,[684]
power_identity,60,"[60, 688]",51,51,[688]
power_identity,60,"[60, 692]",50,50,[692]
power_identity,60,"[60, 696]",46,46,[696]
power_identity,60,"[60, 700]",34,34,[700]
power_identity,60,"[60, 704]",21,21,[704]
power_identity,60,"[60, 708]",33,33,[708]
power_identity,60,"[60, 712]",12,12,[712]
power_identity,60,"[60, 716]",22,22,[716]
power_identity,60,"[60, 720]",13,13,[720]
power_identity,60,"[60, 724]",15,15,[724]
power_identity,60,"[60, 728]",16,16,[728]
power_identity,60,"[60, 732]",8,8,[732]
power_identity,60,"[60, 736]",15,15,[736]
power_identity,60,"[60, 740]",9,9,[740]
power_identity,60,"[60, 744]",7,7,[744]
power_identity,60,"[60, 748]",7,7,[748]
power_identity,60,"[60, 752]",6,6,[752]
power_identity,60,"[60, 756]",6,6,[756]
power_identity,60,"[60, 760]",12,12,[760]
power_identity,60,"[60, 764]",6,6,[764]
power_identity,60,"[60, 768]",5,5,[768]
power_identity,60,"[60, 772]",5,5,[772]
power_identity,60,"[60, 776]",7,7,[776]
power_identity,60,"[60, 780]",7,7,[780]
power_identity,60,"[60, 784]",4,4,[784]
power_identity,60,"[60, 788]",6,6,[788]
power_identity,60,"[60, 792]",5,5,[792]
power_identity,60,"[60, 796]",3,3,[796]
power_identity,60,"[60, 800]",2,2,[800]
power_identity,60,"[60, 804]",6,6,[804]
power_identity,60,"[60, 808]",5,5,[808]
power_identity,60,"[60, 812]",6,6,[812]
power_identity,60,"[60, 816]",7,7,[816]
power_identity,60,"[60, 820]",11,11,[820]
power_identity,60,"[60, 824]",8,8,[824]
power_identity,60,"[60, 828]",3,3,[828]
power_identity,60,"[60, 832]",6,6,[832]
power_identity,60,"[60, 836]",2,2,[836]
power_identity,60,"[60, 840]",3,3,[840]
power_identity,60,"[60, 844]",6,6,[844]
power_identity,60,"[60, 848]",1,1,[848]
power_identity,60,"[60, 852]",2,2,[852]
power_identity,60,"[60, 856]",6,6,[856]
power_identity,60,"[60, 860]",1,1,[860]
power_identity,60,"[60, 864]",5,5,[864]
power_identity,60,"[60, 868]",2,2,[868]
power_identity,60,"[60, 872]",6,6,[872]
power_identity,60,"[60, 876]",3,3,[876]
power_identity,60,"[60, 880]",5,5,[880]
power_identity,60,"[60, 884]",5,5,[884]
power_identity,60,"[60, 888]",3,3,[888]
power_identity,60,"[60, 892]",10,10,[892]
power_identity,60,"[60, 896]",5,5,[896]
power_identity,60,"[60, 900]",5,5,[900]
power_identity,60,"[60, 904]",2,2,[904]
power_identity,60,"[60, 908]",3,3,[908]
power_identity,60,"[60, 912]",6,6,[912]
power_identity,60,"[60, 916]",5,5,[916]
power_identity,60,"[60, 920]",1,1,[920]
power_identity,60,"[60, 924]",3,3,[924]
power_identity,60,"[60, 928]",3,3,[928]
power_identity,60,"[60, 932]",6,6,[932]
power_identity,60,"[60, 936]",8,8,[936]
power_identity,60,"[60, 940]",4,4,[940]
power_identity,60,"[60, 944]",9,9,[944]
power_identity,60,"[60, 948]",9,9,[948]
power_identity,60,"[60, 952]",6,6,[952]
power_identity,60,"[60, 956]",6,6,[956]
power_identity,60,"[60, 960]",4,4,[960]
power_identity,60,"[60, 964]",7,7,[964]
power_identity,60,"[60, 968]",8,8,[968]
power_identity,60,"[60, 972]",7,7,[972]
power_identity,60,"[60, 976]",6,6,[976]
power_identity,60,"[60, 980]",4,4,[980]
power_identity,60,"[60, 984]",7,7,[984]
power_identity,60,"[60, 988]",9,9,[988]
power_identity,60,"[60, 992]",3,3,[992]
power_identity,60,"[60, 996]",8,8,[996]
power_identity,60,"[60, 1000]",5,5,[1000]
power_identity,60,"[60, 1004]",3,3,[1004]
power_identity,60,"[60, 1008]",5,5,[1008]
power_identity,60,"[60, 1012]",3,3,[1012]
power_identity,60,"[60, 1016]",2,2,[1016]
power_identity,60,"[60, 1020]",2,2,[1020]
power_identity,60,"[60, 1028]",2,2,[1028]
power_identity,60,"[60, 1032]",4,4,[1032]
power_identity,60,"[60, 1040]",3,3,[1040]
power_identity,60,"[60, 1044]",3,3,[1044]
power_identity,60,"[60, 1048]",1,1,[1048]
power_identity,60,"[60, 1052]",2,2,[1052]
power_identity,60,"[60, 1060]",4,4,[1060]
power_identity,60,"[60, 1064]",2,2,[1064]
power_identity,60,"[60, 1068]",2,2,[1068]
power_identity,60,"[60, 1072]",3,3,[1072]
power_identity,60,"[60, 1076]",3,3,[1076]
power_identity,60,"[60, 1080]",2,2,[1080]
power_identity,60,"[60, 1084]",3,3,[1084]
power_identity,60,"[60, 1088]",6,6,[1088]
power_identity,60,"[60, 1092]",4,4,[1092]
power_identity,60,"[60, 1096]",3,3,[1096]
power_identity,60,"[60, 1100]",5,5,[1100]
power_identity,60,"[60, 1104]",7,7,[1104]
power_identity,60,"[60, 1108]",4,4,[1108]
power_identity,60,"[60, 1112]",2,2,[1112]
power_identity,60,"[60, 1116]",2,2,[1116]
power_identity,60,"[60, 1120]",4,4,[1120]
power_identity,60,"[60, 1124]",4,4,[1124]
power_identity,60,"[60, 1128]",3,3,[1128]
power_identity,60,"[60, 1132]",2,2,[1132]
power_identity,60,"[60, 1136]",3,3,[1136]
power_identity,60,"[60, 1140]",2,2,[1140]
power_identity,60,"[60, 1144]",2,2,[1144]
power_identity,60,"[60, 1148]",6,6,[1148]
power_identity,60,"[60, 1152]",6,6,[1152]
power_identity,60,"[60, 1156]",5,5,[1156]
power_identity,60,"[60, 1160]",4,4,[1160]
power_identity,60,"[60, 1164]",4,4,[1164]
power_identity,60,"[60, 1168]",4,4,[1168]
power_identity,60,"[60, 1172]",3,3,[1172]
power_identity,60,"[60, 1176]",7,7,[1176]
power_identity,60,"[60, 1180]",2,2,[1180]
power_identity,60,"[60, 1184]",3,3,[1184]
power_identity,60,"[60, 1188]",3,3,[1188]
power_identity,60,"[60, 1196]",5,5,[1196]
power_identity,60,"[60, 1204]",1,1,[1204]
power_identity,60,"[60, 1208]",2,2,[1208]
power_identity,60,"[60, 1212]",1,1,[1212]
power_identity,60,"[60, 1216]",1,1,[1216]
power_identity,60,"[60, 1220]",4,4,[1220]
power_identity,60,"[60, 1224]",1,1,[1224]
power_identity,60,"[60, 1228]",1,1,[1228]
power_identity,60,"[60, 1232]",3,3,[1232]
power_identity,60,"[60, 1240]",2,2,[1240]
power_identity,60,"[60, 1244]",3,3,[1244]
power_identity,60,"[60, 1248]",4,4,[1248]
power_identity,60,"[60, 1256]",2,2,[1256]
power_identity,60,"[60, 1260]",5,5,[1260]
power_identity,60,"[60, 1264]",1,1,[1264]
power_identity,60,"[60, 1272]",7,7,[1272]
power_identity,60,"[60, 1276]",1,1,[1276]
power_identity,60,"[60, 1280]",1,1,[1280]
power_identity,60,"[60, 1284]",2,2,[1284]
power_identity,60,"[60, 1288]",1,1,[1288]
power_identity,60,"[60, 1292]",2,2,[1292]
power_identity,60,"[60, 1296]",2,2,[1296]
power_identity,60,"[60, 1300]",3,3,[1300]
power_identity,60,"[60, 1304]",3,3,[1304]
power_identity,60,"[60, 1308]",6,6,[1308]
power_identity,60,"[60, 1312]",5,5,[1312]
power_identity,60,"[60, 1316]",1,1,[1316]
power_identity,60,"[60, 1320]",8,8,[1320]
power_identity,60,"[60, 1324]",6,6,[1324]
power_identity,60,"[60, 1328]",12,12,[1328]
power_identity,60,"[60, 1332]",7,7,[1332]
power_identity,60,"[60, 1336]",3,3,[1336]
power_identity,60,"[60, 1340]",2,2,[1340]
power_identity,60,"[60, 1344]",6,6,[1344]
power_identity,60,"[60, 1348]",6,6,[1348]
power_identity,60,"[60, 1352]",3,3,[1352]
power_identity,60,"[60, 1356]",16,16,[1356]
power_identity,60,"[60, 1360]",16,16,[1360]
power_identity,60,"[60, 1364]",17,17,[1364]
power_identity,60,"[60, 1368]",16,16,[1368]
power_identity,60,"[60, 1372]",26,26,[1372]
power_identity,60,"[60, 1376]",19,19,[1376]
power_identity,60,"[60, 1380]",19,19,[1380]
power_identity,60,"[60, 1384]",17,17,[1384]
power_identity,60,"[60, 1388]",11,11,[1388]
power_identity,60,"[60, 1392]",10,10,[1392]
power_identity,60,"[60, 1396]",10,10,[1396]
power_identity,60,"[60, 1400]",13,13,[1400]
power_identity,60,"[60, 1404]",13,13,[1404]
power_identity,60,"[60, 1408]",8,8,[1408]
power_identity,60,"[60, 1412]",14,14,[1412]
power_identity,60,"[60, 1416]",19,19,[1416]
power_identity,60,"[60, 1420]",14,14,[1420]
power_identity,60,"[60, 1424]",15,15,[1424]
power_identity,60,"[60, 1428]",18,18,[1428]
power_identity,60,"[60, 1432]",27,27,[1432]
power_identity,60,"[60, 1436]",23,23,[1436]
power_identity,60,"[60, 1440]",22,22,[1440]
power_identity,60,"[60, 1444]",31,31,[1444]
power_identity,60,"[60, 1448]",24,24,[1448]
power_identity,60,"[60, 1452]",33,33,[1452]
power_identity,60,"[60, 1456]",31,31,[1456]
power_identity,60,"[60, 1460]",27,27,[1460]
power_identity,60,"[60, 1464]",46,46,[1464]
power_identity,60,"[60, 1468]",39,39,[1468]
power_identity,60,"[60, 1472]",56,56,[1472]
power_identity,60,"[60, 1476]",48,48,[1476]
power_identity,60,"[60, 1480]",65,65,[1480]
power_identity,60,"[60, 1484]",56,56,[1484]
power_identity,60,"[60, 1488]",73,73,[1488]
power_identity,60,"[60, 1492]",79,79,[1492]
power_identity,60,"[60, 1496]",80,80,[1496]
power_identity,60,"[60, 1500]",89,89,[1500]
power_identity,60,"[60, 1504]",88,88,[1504]
power_identity,60,"[60, 1508]",116,116,[1508]
power_identity,60,"[60, 1512]",119,119,[1512]
power_identity,60,"[60, 1516]",107,107,[1516]
power_identity,60,"[60, 1520]",138,138,[1520]
power_identity,60,"[60, 1524]",176,176,[1524]
power_identity,60,"[60, 1528]",161,161,[1528]
power_identity,60,"[60, 1532]",187,187,[1532]
power_identity,60,"[60, 1536]",185,185,[1536]
power_identity,60,"[60, 1540]",214,214,[1540]
power_identity,60,"[60, 1544]",260,260,[1544]
power_identity,60,"[60, 1548]",282,282,[1548]
power_identity,60,"[60, 1552]",303,303,[1552]
power_identity,60,"[60, 1556]",315,315,[1556]
power_identity,60,"[60, 1560]",375,375,[1560]
power_identity,60,"[60, 1564]",410,410,[1564]
power_identity,60,"[60, 1568]",420,420,[1568]
power_identity,60,"[60, 1572]",471,471,[1572]
power_identity,60,"[60, 1576]",493,493,[1576]
power_identity,60,"[60, 1580]",537,537,[1580]
power_identity,60,"[60, 1584]",565,565,[1584]
power_identity,60,"[60, 1588]",606,606,[1588]
power_identity,60,"[60, 1592]",580,580,[1592]
power_identity,60,"[60, 1596]",578,578,[1596]
power_identity,60,"[60, 1600]",607,607,[1600]
power_identity,60,"[60, 1604]",577,577,[1604]
power_identity,60,"[60, 1608]",648,648,[1608]
power_identity,60,"[60, 1612]",550,550,[1612]
power_identity,60,"[60, 1616]",531,531,[1616]
power_identity,60,"[60, 1620]",531,531,[1620]
power_identity,60,"[60, 1624]",511,511,[1624]
power_identity,60,"[60, 1628]",569,569,[1628]
power_identity,60,"[60, 1632]",515,515,[1632]
power_identity,60,"[60, 1636]",495,495,[1636]
power_identity,60,"[60, 1640]",506,506,[1640]
power_identity,60,"[60, 1644]",478,478,[1644]
power_identity,60,"[60, 1648]",526,526,[1648]
power_identity,60,"[60, 1652]",556,556,[1652]
power_identity,60,"[60, 1656]",536,536,[1656]
power_identity,60,"[60, 1660]",519,519,[1660]
power_identity,60,"[60, 1664]",531,531,[1664]
power_identity,60,"[60, 1668]",572,572,[1668]
power_identity,60,"[60, 1672]",555,555,[1672]
power_identity,60,"[60, 1676]",600,600,[1676]
power_identity,60,"[60, 1680]",605,605,[1680]
power_identity,60,"[60, 1684]",498,498,[1684]
power_identity,60,"[60, 1688]",529,529,[1688]
power_identity,60,"[60, 1692]",522,522,[1692]
power_identity,60,"[60, 1696]",541,541,[1696]
power_identity,60,"[60, 1700]",449,449,[1700]
power_identity,60,"[60, 1704]",452,452,[1704]
power_identity,60,"[60, 1708]",458,458,[1708]
power_identity,60,"[60, 1712]",452,452,[1712]
power_identity,60,"[60, 1716]",479,479,[1716]
power_identity,60,"[60, 1720]",466,466,[1720]
power_identity,60,"[60, 1724]",583,583,[1724]
power_identity,60,"[60, 1728]",652,652,[1728]
power_identity,60,"[60, 1732]",744,744,[1732]
power_identity,60,"[60, 1736]",853,853,[1736]
power_identity,60,"[60, 1740]",928,928,[1740]
power_identity,60,"[60, 1744]",960,960,[1744]
power_identity,60,"[60, 1748]",1133,1133,[1748]
power_identity,60,"[60, 1752]",1231,1231,[1752]
power_identity,60,"[60, 1756]",1249,1249,[1756]
power_identity,60,"[60, 1760]",1367,1367,[1760]
power_identity,60,"[60, 1764]",1339,1339,[1764]
power_identity,60,"[60, 1768]",1372,1372,[1768]
power_identity,60,"[60, 1772]",1267,1267,[1772]
power_identity,60,"[60, 1776]",1257,1257,[1776]
power_identity,60,"[60, 1780]",1195,1195,[1780]
power_identity,60,"[60, 1784]",1147,1147,[1784]
power_identity,60,"[60, 1788]",1017,1017,[1788]
power_identity,60,"[60, 1792]",973,973,[1792]
power_identity,60,"[60, 1796]",847,847,[1796]
power_identity,60,"[60, 1800]",789,789,[1800]
power_identity,60,"[60, 1804]",663,663,[1804]
power_identity,60,"[60, 1808]",555,555,[1808]
power_identity,60,"[60, 1812]",495,495,[1812]
power_identity,60,"[60, 1816]",405,405,[1816]
power_identity,60,"[60, 1820]",345,345,[1820]
power_identity,60,"[60, 1824]",318,318,[1824]
power_identity,60,"[60, 1828]",240,240,[1828]
power_identity,60,"[60, 1832]",244,244,[1832]
power_identity,60,"[60, 1836]",206,206,[1836]
power_identity,60,"[60, 1840]",225,225,[1840]
power_identity,60,"[60, 1844]",141,141,[1844]
power_identity,60,"[60, 1848]",148,148,[1848]
power_identity,60,"[60, 1852]",134,134,[1852]
power_identity,60,"[60, 1856]",133,133,[1856]
power_identity,60,"[60, 1860]",115,115,[1860]
power_identity,60,"[60, 1864]",124,124,[1864]
power_identity,60,"[60, 1868]",106,106,[1868]
power_identity,60,"[60, 1872]",86,86,[1872]
power_identity,60,"[60, 1876]",81,81,[1876]
power_identity,60,"[60, 1880]",78,78,[1880]
power_identity,60,"[60, 1884]",63,63,[1884]
power_identity,60,"[60, 1888]",56,56,[1888]
power_identity,60,"[60, 1892]",74,74,[1892]
power_identity,60,"[60, 1896]",60,60,[1896]
power_identity,60,"[60, 1900]",49,49,[1900]
power_identity,60,"[60, 1904]",51,51,[1904]
power_identity,60,"[60, 1908]",55,55,[1908]
power_identity,60,"[60, 1912]",53,53,[1912]
power_identity,60,"[60, 1916]",42,42,[1916]
power_identity,60,"[60, 1920]",59,59,[1920]
power_identity,60,"[60, 1924]",42,42,[1924]
power_identity,60,"[60, 1928]",44,44,[1928]
power_identity,60,"[60, 1932]",37,37,[1932]
power_identity,60,"[60, 1936]",40,40,[1936]
power_identity,60,"[60, 1940]",43,43,[1940]
power_identity,60,"[60, 1944]",44,44,[1944]
power_identity,60,"[60, 1948]",41,41,[1948]
power_identity,60,"[60, 1952]",38,38,[1952]
power_identity,60,"[60, 1956]",45,45,[1956]
power_identity,60,"[60, 1960]",32,32,[1960]
power_identity,60,"[60, 1964]",50,50,[1964]
power_identity,60,"[60, 1968]",51,51,[1968]
power_identity,60,"[60, 1972]",47,47,[1972]
power_identity,60,"[60, 1976]",56,56,[1976]
power_identity,60,"[60, 1980]",56,56,[1980]
power_identity,60,"[60, 1984]",50,50,[1984]
power_identity,60,"[60, 1988]",58,58,[1988]
power_identity,60,"[60, 1992]",62,62,[1992]
power_identity,60,"[60, 1996]",77,77,[1996]
power_identity,60,"[60, 2000]",66,66,[2000]
power_identity,60,"[60, 2004]",54,54,[2004]
power_identity,60,"[60, 2008]",65,65,[2008]
power_identity,60,"[60, 2012]",70,70,[2012]
power_identity,60,"[60, 2016]",64,64,[2016]
power_identity,60,"[60, 2020]",40,40,[2020]
power_identity,60,"[60, 2024]",37,37,[2024]
power_identity,60,"[60, 2028]",39,39,[2028]
power_identity,60,"[60, 2032]",39,39,[2032]
power_identity,60,"[60, 2036]",41,41,[2036]
power_identity,60,"[60, 2040]",27,27,[2040]
power_identity,60,"[60, 2044]",29,29,[2044]
power_identity,60,"[60, 2048]",33,33,[2048]
power_identity,60,"[60, 2052]",20,20,[2052]
power_identity,60,"[60, 2056]",34,34,[2056]
power_identity,60,"[60, 2060]",25,25,[2060]
power_identity,60,"[60, 2064]",35,35,[2064]
power_identity,60,"[60, 2068]",31,31,[2068]
power_identity,60,"[60, 2072]",17,17,[2072]
power_identity,60,"[60, 2076]",27,27,[2076]
power_identity,60,"[60, 2080]",24,24,[2080]
power_identity,60,"[60, 2084]",28,28,[2084]
power_identity,60,"[60, 2088]",24,24,[2088]
power_identity,60,"[60, 2092]",34,34,[2092]
power_identity,60,"[60, 2096]",34,34,[2096]
power_identity,60,"[60, 2100]",32,32,[2100]
power_identity,60,"[60, 2104]",27,27,[2104]
power_identity,60,"[60, 2108]",39,39,[2108]
power_identity,60,"[60, 2112]",35,35,[2112]
power_identity,60,"[60, 2116]",45,45,[2116]
power_identity,60,"[60, 2120]",41,41,[2120]
power_identity,60,"[60, 2124]",39,39,[2124]
power_identity,60,"[60, 2128]",44,44,[2128]
power_identity,60,"[60, 2132]",37,37,[2132]
power_identity,60,"[60, 2136]",31,31,[2136]
power_identity,60,"[60, 2140]",36,36,[2140]
power_identity,60,"[60, 2144]",37,37,[2144]
power_identity,60,"[60, 2148]",31,31,[2148]
power_identity,60,"[60, 2152]",38,38,[2152]
power_identity,60,"[60, 2156]",24,24,[2156]
power_identity,60,"[60, 2160]",28,28,[2160]
power_identity,60,"[60, 2164]",42,42,[2164]
power_identity,60,"[60, 2168]",32,32,[2168]
power_identity,60,"[60, 2172]",34,34,[2172]
power_identity,60,"[60, 2176]",24,24,[2176]
power_identity,60,"[60, 2180]",27,27,[2180]
power_identity,60,"[60, 2184]",26,26,[2184]
power_identity,60,"[60, 2188]",26,26,[2188]
power_identity,60,"[60, 2192]",22,22,[2192]
power_identity,60,"[60, 2196]",20,20,[2196]
power_identity,60,"[60, 2200]",20,20,[2200]
power_identity,60,"[60, 2204]",17,17,[2204]
power_identity,60,"[60, 2208]",17,17,[2208]
power_identity,60,"[60, 2212]",19,19,[2212]
power_identity,60,"[60, 2216]",24,24,[2216]
power_identity,60,"[60, 2220]",24,24,[2220]
power_identity,60,"[60, 2224]",24,24,[2224]
power_identity,60,"[60, 2228]",17,17,[2228]
power_identity,60,"[60, 2232]",26,26,[2232]
power_identity,60,"[60, 2236]",24,24,[2236]
power_identity,60,"[60, 2240]",22,22,[2240]
power_identity,60,"[60, 2244]",29,29,[2244]
power_identity,60,"[60, 2248]",22,22,[2248]
power_identity,60,"[60, 2252]",30,30,[2252]
power_identity,60,"[60, 2256]",32,32,[2256]
power_identity,60,"[60, 2260]",44,44,[2260]
power_identity,60,"[60, 2264]",46,46,[2264]
power_identity,60,"[60, 2268]",65,65,[2268]
power_identity,60,"[60, 2272]",69,69,[2272]
power_identity,60,"[60, 2276]",79,79,[2276]
power_identity,60,"[60, 2280]",89,89,[2280]
power_identity,60,"[60, 2284]",121,121,[2284]
power_identity,60,"[60, 2288]",125,125,[2288]
power_identity,60,"[60, 2292]",143,143,[2292]
power_identity,60,"[60, 2296]",150,150,[2296]
power_identity,60,"[60, 2300]",188,188,[2300]
power_identity,60,"[60, 2304]",228,228,[2304]
power_identity,60,"[60, 2308]",273,273,[2308]
power_identity,60,"[60, 2312]",332,332,[2312]
power_identity,60,"[60, 2316]",356,356,[2316]
power_identity,60,"[60, 2320]",398,398,[2320]
power_identity,60,"[60, 2324]",483,483,[2324]
power_identity,60,"[60, 2328]",550,550,[2328]
power_identity,60,"[60, 2332]",643,643,[2332]
power_identity,60,"[60, 2336]",724,724,[2336]
power_identity,60,"[60, 2340]",812,812,[2340]
power_identity,60,"[60, 2344]",869,869,[2344]
power_identity,60,"[60, 2348]",930,930,[2348]
power_identity,60,"[60, 2352]",1011,1011,[2352]
power_identity,60,"[60, 2356]",1114,1114,[2356]
power_identity,60,"[60, 2360]",1138,1138,[2360]
power_identity,60,"[60, 2364]",1269,1269,[2364]
power_identity,60,"[60, 2368]",1283,1283,[2368]
power_identity,60,"[60, 2372]",1364,1364,[2372]
power_identity,60,"[60, 2376]",1483,1483,[2376]
power_identity,60,"[60, 2380]",1473,1473,[2380]
power_identity,60,"[60, 2384]",1594,1594,[2384]
power_identity,60,"[60, 2388]",1583,1583,[2388]
power_identity,60,"[60, 2392]",1590,1590,[2392]
power_identity,60,"[60, 2396]",1659,1659,[2396]
power_identity,60,"[60, 2400]",1624,1624,[2400]
power_identity,60,"[60, 2404]",1644,1644,[2404]
power_identity,60,"[60, 2408]",1544,1544,[2408]
power_identity,60,"[60, 2412]",1543,1543,[2412]
power_identity,60,"[60, 2416]",1478,1478,[2416]
power_identity,60,"[60, 2420]",1358,1358,[2420]
power_identity,60,"[60, 2424]",1334,1334,[2424]
power_identity,60,"[60, 2428]",1239,1239,[2428]
power_identity,60,"[60, 2432]",1181,1181,[2432]
power_identity,60,"[60, 2436]",1109,1109,[2436]
power_identity,60,"[60, 2440]",956,956,[2440]
power_identity,60,"[60, 2444]",915,915,[2444]
power_identity,60,"[60, 2448]",871,871,[2448]
power_identity,60,"[60, 2452]",779,779,[2452]
power_identity,60,"[60, 2456]",705,705,[2456]
power_identity,60,"[60, 2460]",638,638,[2460]
power_identity,60,"[60, 2464]",526,526,[2464]
power_identity,60,"[60, 2468]",459,459,[2468]
power_identity,60,"[60, 2472]",432,432,[2472]
power_identity,60,"[60, 2476]",336,336,[2476]
power_identity,60,"[60, 2480]",282,282,[2480]
power_identity,60,"[60, 2484]",255,255,[2484]
power_identity,60,"[60, 2488]",236,236,[2488]
power_identity,60,"[60, 2492]",179,179,[2492]
power_identity,60,"[60, 2496]",127,127,[2496]
power_identity,60,"[60, 2500]",106,106,[2500]
power_identity,60,"[60, 2504]",102,102,[2504]
power_identity,60,"[60, 2508]",62,62,[2508]
power_identity,60,"[60, 2512]",63,63,[2512]
power_identity,60,"[60, 2516]",45,45,[2516]
power_identity,60,"[60, 2520]",43,43,[2520]
power_identity,60,"[60, 2524]",26,26,[2524]
power_identity,60,"[60, 2528]",23,23,[2528]
power_identity,60,"[60, 2532]",23,23,[2532]
power_identity,60,"[60, 2536]",12,12,[2536]
power_identity,60,"[60, 2540]",7,7,[2540]
power_identity,60,"[60, 2544]",10,10,[2544]
power_identity,60,"[60, 2548]",9,9,[2548]
power_identity,60,"[60, 2552]",4,4,[2552]
power_identity,60,"[60, 2556]",4,4,[2556]
power_identity,60,"[60, 2560]",2,2,[2560]
power_identity,60,"[60, 2564]",2,2,[2564]
power_identity,60,"[60, 2568]",2,2,[2568]
power_identity,60,"[60, 2572]",1,1,[2572]
power_identity,60,"[60, 2576]",2,2,[2576]
power_identity,60,"[60, 2588]",1,1,[2588]
power_sparse,60,"[60, 1, 0]",6,6,"[1, 0]"
power_sparse,60,"[60, 11, 0]",1,1,"[11, 0]"
power_sparse,60,"[60, 17, 0]",1,1,"[17, 0]"
power_sparse,60,"[60, 23, 64]",1,1,"[23, 64]"
power_sparse,60,"[60, 25, 64]",1,1,"[25, 64]"
power_sparse,60,"[60, 27, 64]",1,1,"[27, 64]"
power_sparse,60,"[60, 33, 64]",3,3,"[33, 64]"
power_sparse,60,"[60, 34, 64]",1,1,"[34, 64]"
power_sparse,60,"[60, 35, 64]",2,2,"[35, 64]"
power_sparse,60,"[60, 37, 64]",1,1,"[37, 64]"
power_sparse,60,"[60, 37, 128]",1,1,"[37, 128]"
power_sparse,60,"[60, 39, 128]",2,2,"[39, 128]"
power_sparse,60,"[60, 41, 128]",12,12,"[41, 128]"
power_sparse,60,"[60, 42, 128]",1,1,"[42, 128]"
power_sparse,60,"[60, 43, 64]",1,1,"[43, 64]"
power_sparse,60,"[60, 43, 128]",7,7,"[43, 128]"
power_sparse,60,"[60, 44, 128]",4,4,"[44, 128]"
power_sparse,60,"[60, 45, 128]",6,6,"[45, 128]"
power_sparse,60,"[60, 46, 128]",2,2,"[46, 128]"
power_sparse,60,"[60, 47, 128]",4,4,"[47, 128]"
power_sparse,60,"[60, 49, 128]",8,8,"[49, 128]"
power_sparse,60,"[60, 51, 128]",11,11,"[51, 128]"
power_sparse,60,"[60, 52, 128]",2,2,"[52, 128]"
power_sparse,60,"[60, 53, 128]",11,11,"[53, 128]"
power_sparse,60,"[60, 53, 192]",2,2,"[53, 192]"
power_sparse,60,"[60, 54, 128]",4,4,"[54, 128]"
power_sparse,60,"[60, 55, 128]",15,15,"[55, 128]"
power_sparse,60,"[60, 55, 192]",5,5,"[55, 192]"
power_sparse,60,"[60, 56, 128]",2,2,"[56, 128]"
power_sparse,60,"[60, 57, 128]",6,6,"[57, 128]"
power_sparse,60,"[60, 57, 192]",15,15,"[57, 192]"
power_sparse,60,"[60, 59, 192]",5,5,"[59, 192]"
power_sparse,60,"[60, 61, 128]",2,2,"[61, 128]"
power_sparse,60,"[60, 61, 192]",22,22,"[61, 192]"
power_sparse,60,"[60, 62, 128]",1,1,"[62, 128]"
power_sparse,60,"[60, 62, 192]",10,10,"[62, 192]"
power_sparse,60,"[60, 63, 192]",24,24,"[63, 192]"
power_sparse,60,"[60, 64, 192]",3,3,"[64, 192]"
power_sparse,60,"[60, 65, 192]",16,16,"[65, 192]"
power_sparse,60,"[60, 66, 192]",8,8,"[66, 192]"
power_sparse,60,"[60, 67, 192]",36,36,"[67, 192]"
power_sparse,60,"[60, 69, 192]",26,26,"[69, 192]"
power_sparse,60,"[60, 70, 192]",1,1,"[70, 192]"
power_sparse,60,"[60, 71, 192]",41,41,"[71, 192]"
power_sparse,60,"[60, 71, 256]",6,6,"[71, 256]"
power_sparse,60,"[60, 72, 192]",9,9,"[72, 192]"
power_sparse,60,"[60, 73, 192]",48,48,"[73, 192]"
power_sparse,60,"[60, 73, 256]",17,17,"[73, 256]"
power_sparse,60,"[60, 74, 192]",24,24,"[74, 192]"
power_sparse,60,"[60, 74, 256]",5,5,"[74, 256]"
power_sparse,60,"[60, 75, 192]",23,23,"[75, 192]"
power_sparse,60,"[60, 75, 256]",30,30,"[75, 256]"
power_sparse,60,"[60, 76, 192]",6,6,"[76, 192]"
power_sparse,60,"[60, 76, 256]",9,9,"[76, 256]"
power_sparse,60,"[60, 77, 192]",8,8,"[77, 192]"
power_sparse,60,"[60, 77, 256]",72,72,"[77, 256]"
power_sparse,60,"[60, 78, 256]",2,2,"[78, 256]"
power_sparse,60,"[60, 79, 256]",48,48,"[79, 256]"
power_sparse,60,"[60, 80, 256]",2,2,"[80, 256]"
power_sparse,60,"[60, 81, 192]",1,1,"[81, 192]"
power_sparse,60,"[60, 81, 256]",137,137,"[81, 256]"
power_sparse,60,"[60, 82, 256]",47,47,"[82, 256]"
power_sparse,60,"[60, 83, 256]",147,147,"[83, 256]"
power_sparse,60,"[60, 84, 256]",93,93,"[84, 256]"
power_sparse,60,"[60, 84, 320]",1,1,"[84, 320]"
power_sparse,60,"[60, 85, 256]",111,111,"[85, 256]"
power_sparse,60,"[60, 86, 192]",1,1,"[86, 192]"
power_sparse,60,"[60, 86, 256]",29,29,"[86, 256]"
power_sparse,60,"[60, 87, 256]",174,174,"[87, 256]"
power_sparse,60,"[60, 87, 320]",6,6,"[87, 320]"
power_sparse,60,"[60, 88, 256]",14,14,"[88, 256]"
power_sparse,60,"[60, 88, 320]",3,3,"[88, 320]"
power_sparse,60,"[60, 89, 256]",101,101,"[89, 256]"
power_sparse,60,"[60, 89, 320]",12,12,"[89, 320]"
power_sparse,60,"[60, 90, 256]",6,6,"[90, 256]"
power_sparse,60,"[60, 91, 256]",163,163,"[91, 256]"
power_sparse,60,"[60, 91, 320]",103,103,"[91, 320]"
power_sparse,60,"[60, 92, 256]",66,66,"[92, 256]"
power_sparse,60,"[60, 92, 320]",74,74,"[92, 320]"
power_sparse,60,"[60, 93, 256]",100,100,"[93, 256]"
power_sparse,60,"[60, 93, 320]",255,255,"[93, 320]"
power_sparse,60,"[60, 94, 256]",75,75,"[94, 256]"
power_sparse,60,"[60, 94, 320]",89,89,"[94, 320]"
power_sparse,60,"[60, 95, 256]",42,42,"[95, 256]"
power_sparse,60,"[60, 95, 320]",172,172,"[95, 320]"
power_sparse,60,"[60, 96, 256]",12,12,"[96, 256]"
power_sparse,60,"[60, 96, 320]",68,68,"[96, 320]"
power_sparse,60,"[60, 97, 256]",16,16,"[97, 256]"
power_sparse,60,"[60, 97, 320]",363,363,"[97, 320]"
power_sparse,60,"[60, 98, 256]",1,1,"[98, 256]"
power_sparse,60,"[60, 98, 320]",23,23,"[98, 320]"
power_sparse,60,"[60, 99, 256]",1,1,"[99, 256]"
power_sparse,60,"[60, 99, 320]",137,137,"[99, 320]"
power_sparse,60,"[60, 100, 320]",24,24,"[100, 320]"
power_sparse,60,"[60, 101, 320]",721,721,"[101, 320]"
power_sparse,60,"[60, 102, 320]",341,341,"[102, 320]"
power_sparse,60,"[60, 103, 256]",1,1,"[103, 256]"
power_sparse,60,"[60, 103, 320]",760,760,"[103, 320]"
power_sparse,60,"[60, 103, 384]",3,3,"[103, 384]"
power_sparse,60,"[60, 104, 320]",367,367,"[104, 320]"
power_sparse,60,"[60, 104, 384]",4,4,"[104, 384]"
power_sparse,60,"[60, 105, 320]",346,346,"[105, 320]"
power_sparse,60,"[60, 105, 384]",5,5,"[105, 384]"
power_sparse,60,"[60, 106, 320]",258,258,"[106, 320]"
power_sparse,60,"[60, 106, 384]",12,12,"[106, 384]"
power_sparse,60,"[60, 107, 320]",581,581,"[107, 320]"
power_sparse,60,"[60, 107, 384]",92,92,"[107, 384]"
power_sparse,60,"[60, 108, 320]",67,67,"[108, 320]"
power_sparse,60,"[60, 108, 384]",15,15,"[108, 384]"
power_sparse,60,"[60, 109, 320]",164,164,"[109, 320]"
power_sparse,60,"[60, 109, 384]",117,117,"[109, 384]"
power_sparse,60,"[60, 110, 320]",38,38,"[110, 320]"
power_sparse,60,"[60, 110, 384]",34,34,"[110, 384]"
power_sparse,60,"[60, 111, 320]",484,484,"[111, 320]"
power_sparse,60,"[60, 111, 384]",817,817,"[111, 384]"
power_sparse,60,"[60, 112, 320]",165,165,"[112, 320]"
power_sparse,60,"[60, 112, 384]",335,335,"[112, 384]"
power_sparse,60,"[60, 113, 320]",203,203,"[113, 320]"
power_sparse,60,"[60, 113, 384]",1511,1511,"[113, 384]"
power_sparse,60,"[60, 114, 320]",199,199,"[114, 320]"
power_sparse,60,"[60, 114, 384]",886,886,"[114, 384]"
power_sparse,60,"[60, 115, 320]",77,77,"[115, 320]"
power_sparse,60,"[60, 115, 384]",629,629,"[115, 384]"
power_sparse,60,"[60, 116, 320]",6,6,"[116, 320]"
power_sparse,60,"[60, 116, 384]",354,354,"[116, 384]"
power_sparse,60,"[60, 117, 320]",17,17,"[117, 320]"
power_sparse,60,"[60, 117, 384]",998,998,"[117, 384]"
power_sparse,60,"[60, 118, 384]",149,149,"[118, 384]"
power_sparse,60,"[60, 118, 448]",1,1,"[118, 448]"
power_sparse,60,"[60, 119, 384]",581,581,"[119, 384]"
power_sparse,60,"[60, 119, 448]",2,2,"[119, 448]"
power_sparse,60,"[60, 120, 384]",136,136,"[120, 384]"
power_sparse,60,"[60, 120, 448]",7,7,"[120, 448]"
power_sparse,60,"[60, 121, 0]",12,12,"[121, 0]"
power_sparse,60,"[60, 121, 320]",1,1,"[121, 320]"
power_sparse,60,"[60, 121, 384]",2852,2852,"[121, 384]"
power_sparse,60,"[60, 121, 448]",27,27,"[121, 448]"
power_sparse,60,"[60, 122, 320]",2,2,"[122, 320]"
power_sparse,60,"[60, 122, 384]",1376,1376,"[122, 384]"
power_sparse,60,"[60, 122, 448]",26,26,"[122, 448]"
power_sparse,60,"[60, 123, 384]",2442,2442,"[123, 384]"
power_sparse,60,"[60, 123, 448]",150,150,"[123, 448]"
power_sparse,60,"[60, 124, 320]",1,1,"[124, 320]"
power_sparse,60,"[60, 124, 384]",1750,1750,"[124, 384]"
power_sparse,60,"[60, 124, 448]",114,114,"[124, 448]"
power_sparse,60,"[60, 125, 384]",1108,1108,"[125, 384]"
power_sparse,60,"[60, 125, 448]",182,182,"[125, 448]"
power_sparse,60,"[60, 126, 384]",598,598,"[126, 384]"
power_sparse,60,"[60, 126, 448]",397,397,"[126, 448]"
power_sparse,60,"[60, 127, 384]",1603,1603,"[127, 384]"
power_sparse,60,"[60, 127, 448]",1338,1338,"[127, 448]"
power_sparse,60,"[60, 128, 384]",274,274,"[128, 384]"
power_sparse,60,"[60, 128, 448]",393,393,"[128, 448]"
power_sparse,60,"[60, 129, 64]",1,1,"[129, 64]"
power_sparse,60,"[60, 129, 384]",359,359,"[129, 384]"
power_sparse,60,"[60, 129, 448]",441,441,"[129, 448]"
power_sparse,60,"[60, 130, 384]",63,63,"[130, 384]"
power_sparse,60,"[60, 130, 448]",144,144,"[130, 448]"
power_sparse,60,"[60, 131, 64]",4,4,"[131, 64]"
power_sparse,60,"[60, 131, 384]",828,828,"[131, 384]"
power_sparse,60,"[60, 131, 448]",3663,3663,"[131, 448]"
power_sparse,60,"[60, 132, 384]",323,323,"[132, 384]"
power_sparse,60,"[60, 132, 448]",2553,2553,"[132, 448]"
power_sparse,60,"[60, 133, 384]",170,170,"[133, 384]"
power_sparse,60,"[60, 133, 448]",4469,4469,"[133, 448]"
power_sparse,60,"[60, 134, 384]",229,229,"[134, 384]"
power_sparse,60,"[60, 134, 448]",3822,3822,"[134, 448]"
power_sparse,60,"[60, 135, 384]",84,84,"[135, 384]"
power_sparse,60,"[60, 135, 448]",2277,2277,"[135, 448]"
power_sparse,60,"[60, 135, 512]",3,3,"[135, 512]"
power_sparse,60,"[60, 136, 384]",18,18,"[136, 384]"
power_sparse,60,"[60, 136, 448]",2456,2456,"[136, 448]"
power_sparse,60,"[60, 136, 512]",12,12,"[136, 512]"
power_sparse,60,"[60, 137, 128]",3,3,"[137, 128]"
power_sparse,60,"[60, 137, 384]",14,14,"[137, 384]"
power_sparse,60,"[60, 137, 448]",4642,4642,"[137, 448]"
power_sparse,60,"[60, 137, 512]",15,15,"[137, 512]"
power_sparse,60,"[60, 138, 64]",2,2,"[138, 64]"
power_sparse,60,"[60, 138, 384]",1,1,"[138, 384]"
power_sparse,60,"[60, 138, 448]",544,544,"[138, 448]"
power_sparse,60,"[60, 138, 512]",15,15,"[138, 512]"
power_sparse,60,"[60, 139, 64]",1,1,"[139, 64]"
power_sparse,60,"[60, 139, 448]",204,204,"[139, 448]"
power_sparse,60,"[60, 139, 512]",5,5,"[139, 512]"
power_sparse,60,"[60, 140, 448]",311,311,"[140, 448]"
power_sparse,60,"[60, 140, 512]",13,13,"[140, 512]"
power_sparse,60,"[60, 141, 192]",2,2,"[141, 192]"
power_sparse,60,"[60, 141, 384]",2,2,"[141, 384]"
power_sparse,60,"[60, 141, 448]",5000,7732,"[141, 448]"
power_sparse,60,"[60, 141, 512]",822,822,"[141, 512]"
power_sparse,60,"[60, 142, 448]",5000,6423,"[142, 448]"
power_sparse,60,"[60, 142, 512]",1699,1699,"[142, 512]"
power_sparse,60,"[60, 143, 128]",2,2,"[143, 128]"
power_sparse,60,"[60, 143, 448]",5000,10729,"[143, 448]"
power_sparse,60,"[60, 143, 512]",3024,3024,"[143, 512]"
power_sparse,60,"[60, 144, 448]",5000,8017,"[144, 448]"
power_sparse,60,"[60, 144, 512]",3268,3268,"[144, 512]"
power_sparse,60,"[60, 145, 128]",2,2,"[145, 128]"
power_sparse,60,"[60, 145, 448]",2929,2929,"[145, 448]"
power_sparse,60,"[60, 145, 512]",1666,1666,"[145, 512]"
power_sparse,60,"[60, 146, 448]",1002,1002,"[146, 448]"
power_sparse,60,"[60, 146, 512]",1256,1256,"[146, 512]"
power_sparse,60,"[60, 147, 128]",2,2,"[147, 128]"
power_sparse,60,"[60, 147, 448]",268,268,"[147, 448]"
power_sparse,60,"[60, 147, 512]",331,331,"[147, 512]"
power_sparse,60,"[60, 148, 448]",62,62,"[148, 448]"
power_sparse,60,"[60, 148, 512]",473,473,"[148, 512]"
power_sparse,60,"[60, 149, 256]",1,1,"[149, 256]"
power_sparse,60,"[60, 149, 448]",17,17,"[149, 448]"
power_sparse,60,"[60, 149, 512]",182,182,"[149, 512]"
power_sparse,60,"[60, 150, 64]",1,1,"[150, 64]"
power_sparse,60,"[60, 150, 128]",2,2,"[150, 128]"
power_sparse,60,"[60, 150, 448]",49,49,"[150, 448]"
power_sparse,60,"[60, 150, 512]",298,298,"[150, 512]"
power_sparse,60,"[60, 151, 64]",4,4,"[151, 64]"
power_sparse,60,"[60, 151, 128]",6,6,"[151, 128]"
power_sparse,60,"[60, 151, 192]",4,4,"[151, 192]"
power_sparse,60,"[60, 151, 448]",960,960,"[151, 448]"
power_sparse,60,"[60, 151, 512]",5000,20473,"[151, 512]"
power_sparse,60,"[60, 151, 576]",1,1,"[151, 576]"
power_sparse,60,"[60, 152, 448]",490,490,"[152, 448]"
power_sparse,60,"[60, 152, 512]",5000,19307,"[152, 512]"
power_sparse,60,"[60, 152, 576]",2,2,"[152, 576]"
power_sparse,60,"[60, 153, 448]",180,180,"[153, 448]"
power_sparse,60,"[60, 153, 512]",5000,17203,"[153, 512]"
power_sparse,60,"[60, 153, 576]",16,16,"[153, 576]"
power_sparse,60,"[60, 154, 128]",1,1,"[154, 128]"
power_sparse,60,"[60, 154, 448]",273,273,"[154, 448]"
power_sparse,60,"[60, 154, 512]",5000,9596,"[154, 512]"
power_sparse,60,"[60, 154, 576]",13,13,"[154, 576]"
power_sparse,60,"[60, 155, 448]",26,26,"[155, 448]"
power_sparse,60,"[60, 155, 512]",917,917,"[155, 512]"
power_sparse,60,"[60, 155, 576]",8,8,"[155, 576]"
power_sparse,60,"[60, 156, 448]",14,14,"[156, 448]"
power_sparse,60,"[60, 156, 512]",712,712,"[156, 512]"
power_sparse,60,"[60, 156, 576]",43,43,"[156, 576]"
power_sparse,60,"[60, 157, 192]",1,1,"[157, 192]"
power_sparse,60,"[60, 157, 448]",3,3,"[157, 448]"
power_sparse,60,"[60, 157, 512]",58,58,"[157, 512]"
power_sparse,60,"[60, 157, 576]",1,1,"[157, 576]"
power_sparse,60,"[60, 158, 192]",1,1,"[158, 192]"
power_sparse,60,"[60, 158, 512]",436,436,"[158, 512]"
power_sparse,60,"[60, 158, 576]",29,29,"[158, 576]"
power_sparse,60,"[60, 159, 192]",1,1,"[159, 192]"
power_sparse,60,"[60, 159, 512]",14,14,"[159, 512]"
power_sparse,60,"[60, 159, 576]",3,3,"[159, 576]"
power_sparse,60,"[60, 160, 512]",36,36,"[160, 512]"
power_sparse,60,"[60, 160, 576]",9,9,"[160, 576]"
power_sparse,60,"[60, 161, 192]",4,4,"[161, 192]"
power_sparse,60,"[60, 161, 256]",3,3,"[161, 256]"
power_sparse,60,"[60, 161, 512]",5000,22603,"[161, 512]"
power_sparse,60,"[60, 161, 576]",5000,9235,"[161, 576]"
power_sparse,60,"[60, 162, 192]",1,1,"[162, 192]"
power_sparse,60,"[60, 162, 512]",5000,11418,"[162, 512]"
power_sparse,60,"[60, 162, 576]",5000,8039,"[162, 576]"
power_sparse,60,"[60, 163, 192]",1,1,"[163, 192]"
power_sparse,60,"[60, 163, 512]",1469,1469,"[163, 512]"
power_sparse,60,"[60, 163, 576]",1290,1290,"[163, 576]"
power_sparse,60,"[60, 164, 256]",1,1,"[164, 256]"
power_sparse,60,"[60, 164, 448]",1,1,"[164, 448]"
power_sparse,60,"[60, 164, 512]",1345,1345,"[164, 512]"
power_sparse,60,"[60, 164, 576]",1019,1019,"[164, 576]"
power_sparse,60,"[60, 165, 512]",92,92,"[165, 512]"
power_sparse,60,"[60, 165, 576]",63,63,"[165, 576]"
power_sparse,60,"[60, 166, 192]",4,4,"[166, 192]"
power_sparse,60,"[60, 166, 512]",12,12,"[166, 512]"
power_sparse,60,"[60, 166, 576]",102,102,"[166, 576]"
power_sparse,60,"[60, 167, 192]",2,2,"[167, 192]"
power_sparse,60,"[60, 167, 256]",5,5,"[167, 256]"
power_sparse,60,"[60, 167, 512]",2,2,"[167, 512]"
power_sparse,60,"[60, 167, 576]",2,2,"[167, 576]"
power_sparse,60,"[60, 168, 512]",11,11,"[168, 512]"
power_sparse,60,"[60, 168, 576]",57,57,"[168, 576]"
power_sparse,60,"[60, 169, 256]",1,1,"[169, 256]"
power_sparse,60,"[60, 169, 576]",6,6,"[169, 576]"
power_sparse,60,"[60, 170, 192]",2,2,"[170, 192]"
power_sparse,60,"[60, 170, 576]",3,3,"[170, 576]"
power_sparse,60,"[60, 171, 64]",4,4,"[171, 64]"
power_sparse,60,"[60, 171, 256]",2,2,"[171, 256]"
power_sparse,60,"[60, 171, 512]",150,150,"[171, 512]"
power_sparse,60,"[60, 171, 576]",5000,8417,"[171, 576]"
power_sparse,60,"[60, 171, 640]",12,12,"[171, 640]"
power_sparse,60,"[60, 172, 256]",1,1,"[172, 256]"
power_sparse,60,"[60, 172, 512]",23,23,"[172, 512]"
power_sparse,60,"[60, 172, 576]",4185,4185,"[172, 576]"
power_sparse,60,"[60, 172, 640]",54,54,"[172, 640]"
power_sparse,60,"[60, 173, 256]",1,1,"[173, 256]"
power_sparse,60,"[60, 173, 320]",1,1,"[173, 320]"
power_sparse,60,"[60, 173, 512]",1,1,"[173, 512]"
power_sparse,60,"[60, 173, 576]",241,241,"[173, 576]"
power_sparse,60,"[60, 173, 640]",1,1,"[173, 640]"
power_sparse,60,"[60, 174, 256]",1,1,"[174, 256]"
power_sparse,60,"[60, 174, 512]",3,3,"[174, 512]"
power_sparse,60,"[60, 174, 576]",281,281,"[174, 576]"
power_sparse,60,"[60, 174, 640]",10,10,"[174, 640]"
power_sparse,60,"[60, 175, 128]",1,1,"[175, 128]"
power_sparse,60,"[60, 175, 256]",1,1,"[175, 256]"
power_sparse,60,"[60, 175, 576]",14,14,"[175, 576]"
power_sparse,60,"[60, 176, 576]",13,13,"[176, 576]"
power_sparse,60,"[60, 176, 640]",3,3,"[176, 640]"
power_sparse,60,"[60, 177, 576]",1,1,"[177, 576]"
power_sparse,60,"[60, 178, 256]",3,3,"[178, 256]"
power_sparse,60,"[60, 178, 576]",6,6,"[178, 576]"
power_sparse,60,"[60, 178, 640]",3,3,"[178, 640]"
power_sparse,60,"[60, 179, 320]",1,1,"[179, 320]"
power_sparse,60,"[60, 179, 576]",1,1,"[179, 576]"
power_sparse,60,"[60, 180, 576]",1,1,"[180, 576]"
power_sparse,60,"[60, 181, 576]",1105,1105,"[181, 576]"
power_sparse,60,"[60, 181, 640]",1371,1371,"[181, 640]"
power_sparse,60,"[60, 182, 256]",3,3,"[182, 256]"
power_sparse,60,"[60, 182, 576]",227,227,"[182, 576]"
power_sparse,60,"[60, 182, 640]",591,591,"[182, 640]"
power_sparse,60,"[60, 183, 256]",7,7,"[183, 256]"
power_sparse,60,"[60, 183, 576]",7,7,"[183, 576]"
power_sparse,60,"[60, 183, 640]",24,24,"[183, 640]"
power_sparse,60,"[60, 184, 576]",16,16,"[184, 576]"
power_sparse,60,"[60, 184, 640]",60,60,"[184, 640]"
power_sparse,60,"[60, 185, 320]",1,1,"[185, 320]"
power_sparse,60,"[60, 186, 192]",1,1,"[186, 192]"
power_sparse,60,"[60, 186, 256]",2,2,"[186, 256]"
power_sparse,60,"[60, 186, 640]",1,1,"[186, 640]"
power_sparse,60,"[60, 187, 256]",2,2,"[187, 256]"
power_sparse,60,"[60, 188, 320]",1,1,"[188, 320]"
power_sparse,60,"[60, 190, 256]",1,1,"[190, 256]"
power_sparse,60,"[60, 191, 128]",4,4,"[191, 128]"
power_sparse,60,"[60, 191, 576]",1,1,"[191, 576]"
power_sparse,60,"[60, 191, 640]",418,418,"[191, 640]"
power_sparse,60,"[60, 191, 704]",7,7,"[191, 704]"
power_sparse,60,"[60, 192, 640]",205,205,"[192, 640]"
power_sparse,60,"[60, 192, 704]",8,8,"[192, 704]"
power_sparse,60,"[60, 193, 192]",2,2,"[193, 192]"
power_sparse,60,"[60, 193, 256]",2,2,"[193, 256]"
power_sparse,60,"[60, 193, 320]",2,2,"[193, 320]"
power_sparse,60,"[60, 193, 640]",6,6,"[193, 640]"
power_sparse,60,"[60, 193, 704]",1,1,"[193, 704]"
power_sparse,60,"[60, 194, 256]",2,2,"[194, 256]"
power_sparse,60,"[60, 194, 320]",1,1,"[194, 320]"
power_sparse,60,"[60, 194, 640]",10,10,"[194, 640]"
power_sparse,60,"[60, 194, 704]",5,5,"[194, 704]"
power_sparse,60,"[60, 195, 704]",1,1,"[195, 704]"
power_sparse,60,"[60, 196, 640]",1,1,"[196, 640]"
power_sparse,60,"[60, 197, 256]",1,1,"[197, 256]"
power_sparse,60,"[60, 198, 256]",5,5,"[198, 256]"
power_sparse,60,"[60, 199, 256]",8,8,"[199, 256]"
power_sparse,60,"[60, 199, 448]",1,1,"[199, 448]"
power_sparse,60,"[60, 201, 320]",1,1,"[201, 320]"
power_sparse,60,"[60, 201, 448]",1,1,"[201, 448]"
power_sparse,60,"[60, 201, 640]",21,21,"[201, 640]"
power_sparse,60,"[60, 201, 704]",52,52,"[201, 704]"
power_sparse,60,"[60, 202, 256]",2,2,"[202, 256]"
power_sparse,60,"[60, 202, 640]",9,9,"[202, 640]"
power_sparse,60,"[60, 202, 704]",33,33,"[202, 704]"
power_sparse,60,"[60, 204, 384]",1,1,"[204, 384]"
power_sparse,60,"[60, 204, 640]",1,1,"[204, 640]"
power_sparse,60,"[60, 204, 704]",5,5,"[204, 704]"
power_sparse,60,"[60, 205, 384]",2,2,"[205, 384]"
power_sparse,60,"[60, 206, 256]",1,1,"[206, 256]"
power_sparse,60,"[60, 208, 640]",1,1,"[208, 640]"
power_sparse,60,"[60, 208, 704]",1,1,"[208, 704]"
power_sparse,60,"[60, 209, 640]",2,2,"[209, 640]"
power_sparse,60,"[60, 210, 128]",1,1,"[210, 128]"
power_sparse,60,"[60, 210, 256]",2,2,"[210, 256]"
power_sparse,60,"[60, 211, 128]",4,4,"[211, 128]"
power_sparse,60,"[60, 211, 320]",1,1,"[211, 320]"
power_sparse,60,"[60, 211, 448]",1,1,"[211, 448]"
power_sparse,60,"[60, 211, 640]",2,2,"[211, 640]"
power_sparse,60,"[60, 211, 704]",16,16,"[211, 704]"
power_sparse,60,"[60, 211, 768]",1,1,"[211, 768]"
power_sparse,60,"[60, 212, 704]",10,10,"[212, 704]"
power_sparse,60,"[60, 212, 768]",1,1,"[212, 768]"
power_sparse,60,"[60, 214, 256]",4,4,"[214, 256]"
power_sparse,60,"[60, 214, 448]",1,1,"[214, 448]"
power_sparse,60,"[60, 214, 704]",1,1,"[214, 704]"
power_sparse,60,"[60, 215, 256]",5,5,"[215, 256]"
power_sparse,60,"[60, 215, 320]",3,3,"[215, 320]"
power_sparse,60,"[60, 215, 448]",1,1,"[215, 448]"
power_sparse,60,"[60, 215, 512]",2,2,"[215, 512]"
power_sparse,60,"[60, 216, 256]",1,1,"[216, 256]"
power_sparse,60,"[60, 216, 320]",1,1,"[216, 320]"
power_sparse,60,"[60, 217, 320]",1,1,"[217, 320]"
power_sparse,60,"[60, 218, 256]",2,2,"[218, 256]"
power_sparse,60,"[60, 219, 256]",2,2,"[219, 256]"
power_sparse,60,"[60, 219, 320]",2,2,"[219, 320]"
power_sparse,60,"[60, 220, 448]",2,2,"[220, 448]"
power_sparse,60,"[60, 220, 512]",1,1,"[220, 512]"
power_sparse,60,"[60, 221, 512]",1,1,"[221, 512]"
power_sparse,60,"[60, 221, 768]",6,6,"[221, 768]"
power_sparse,60,"[60, 222, 256]",3,3,"[222, 256]"
power_sparse,60,"[60, 222, 320]",1,1,"[222, 320]"
power_sparse,60,"[60, 222, 768]",3,3,"[222, 768]"
power_sparse,60,"[60, 223, 320]",1,1,"[223, 320]"
power_sparse,60,"[60, 223, 512]",1,1,"[223, 512]"
power_sparse,60,"[60, 224, 768]",1,1,"[224, 768]"
power_sparse,60,"[60, 225, 256]",2,2,"[225, 256]"
power_sparse,60,"[60, 225, 384]",2,2,"[225, 384]"
power_sparse,60,"[60, 226, 256]",2,2,"[226, 256]"
power_sparse,60,"[60, 226, 320]",1,1,"[226, 320]"
power_sparse,60,"[60, 226, 576]",1,1,"[226, 576]"
power_sparse,60,"[60, 226, 704]",1,1,"[226, 704]"
power_sparse,60,"[60, 227, 320]",2,2,"[227, 320]"
power_sparse,60,"[60, 228, 320]",1,1,"[228, 320]"
power_sparse,60,"[60, 228, 384]",1,1,"[228, 384]"
power_sparse,60,"[60, 230, 256]",2,2,"[230, 256]"
power_sparse,60,"[60, 230, 320]",4,4,"[230, 320]"
power_sparse,60,"[60, 231, 128]",4,4,"[231, 128]"
power_sparse,60,"[60, 231, 256]",1,1,"[231, 256]"
power_sparse,60,"[60, 231, 320]",6,6,"[231, 320]"
power_sparse,60,"[60, 231, 576]",2,2,"[231, 576]"
power_sparse,60,"[60, 232, 768]",2,2,"[232, 768]"
power_sparse,60,"[60, 232, 832]",1,1,"[232, 832]"
power_sparse,60,"[60, 233, 832]",1,1,"[233, 832]"
power_sparse,60,"[60, 234, 256]",1,1,"[234, 256]"
power_sparse,60,"[60, 234, 320]",1,1,"[234, 320]"
power_sparse,60,"[60, 235, 384]",1,1,"[235, 384]"
power_sparse,60,"[60, 236, 448]",1,1,"[236, 448]"
power_sparse,60,"[60, 236, 512]",1,1,"[236, 512]"
power_sparse,60,"[60, 237, 320]",1,1,"[237, 320]"
power_sparse,60,"[60, 238, 320]",2,2,"[238, 320]"
power_sparse,60,"[60, 239, 384]",2,2,"[239, 384]"
power_sparse,60,"[60, 241, 768]",2,2,"[241, 768]"
power_sparse,60,"[60, 241, 832]",4,4,"[241, 832]"
power_sparse,60,"[60, 242, 320]",3,3,"[242, 320]"
power_sparse,60,"[60, 243, 320]",1,1,"[243, 320]"
power_sparse,60,"[60, 243, 384]",1,1,"[243, 384]"
power_sparse,60,"[60, 246, 256]",1,1,"[246, 256]"
power_sparse,60,"[60, 246, 320]",6,6,"[246, 320]"
power_sparse,60,"[60, 247, 256]",1,1,"[247, 256]"
power_sparse,60,"[60, 247, 320]",5,5,"[247, 320]"
power_sparse,60,"[60, 247, 384]",2,2,"[247, 384]"
power_sparse,60,"[60, 247, 640]",2,2,"[247, 640]"
power_sparse,60,"[60, 250, 256]",1,1,"[250, 256]"
power_sparse,60,"[60, 250, 320]",2,2,"[250, 320]"
power_sparse,60,"[60, 251, 192]",4,4,"[251, 192]"
power_sparse,60,"[60, 251, 320]",1,1,"[251, 320]"
power_sparse,60,"[60, 251, 384]",2,2,"[251, 384]"
power_sparse,60,"[60, 252, 256]",1,1,"[252, 256]"
power_sparse,60,"[60, 252, 320]",1,1,"[252, 320]"
power_sparse,60,"[60, 252, 448]",1,1,"[252, 448]"
power_sparse,60,"[60, 252, 640]",1,1,"[252, 640]"
power_sparse,60,"[60, 253, 640]",1,1,"[253, 640]"
power_sparse,60,"[60, 254, 320]",3,3,"[254, 320]"
power_sparse,60,"[60, 254, 704]",2,2,"[254, 704]"
power_sparse,60,"[60, 255, 320]",1,1,"[255, 320]"
power_sparse,60,"[60, 255, 384]",2,2,"[255, 384]"
power_sparse,60,"[60, 256, 320]",1,1,"[256, 320]"
power_sparse,60,"[60, 257, 384]",2,2,"[257, 384]"
power_sparse,60,"[60, 257, 448]",3,3,"[257, 448]"
power_sparse,60,"[60, 257, 640]",1,1,"[257, 640]"
power_sparse,60,"[60, 258, 320]",4,4,"[258, 320]"
power_sparse,60,"[60, 258, 384]",3,3,"[258, 384]"
power_sparse,60,"[60, 259, 384]",2,2,"[259, 384]"
power_sparse,60,"[60, 261, 640]",1,1,"[261, 640]"
power_sparse,60,"[60, 262, 320]",5,5,"[262, 320]"
power_sparse,60,"[60, 262, 384]",1,1,"[262, 384]"
power_sparse,60,"[60, 263, 320]",7,7,"[263, 320]"
power_sparse,60,"[60, 263, 384]",4,4,"[263, 384]"
power_sparse,60,"[60, 263, 640]",2,2,"[263, 640]"
power_sparse,60,"[60, 264, 384]",1,1,"[264, 384]"
power_sparse,60,"[60, 264, 448]",1,1,"[264, 448]"
power_sparse,60,"[60, 266, 320]",4,4,"[266, 320]"
power_sparse,60,"[60, 266, 384]",1,1,"[266, 384]"
power_sparse,60,"[60, 267, 384]",5,5,"[267, 384]"
power_sparse,60,"[60, 268, 192]",1,1,"[268, 192]"
power_sparse,60,"[60, 268, 512]",1,1,"[268, 512]"
power_sparse,60,"[60, 268, 704]",1,1,"[268, 704]"
power_sparse,60,"[60, 269, 640]",1,1,"[269, 640]"
power_sparse,60,"[60, 269, 832]",2,2,"[269, 832]"
power_sparse,60,"[60, 270, 320]",4,4,"[270, 320]"
power_sparse,60,"[60, 270, 384]",1,1,"[270, 384]"
power_sparse,60,"[60, 271, 192]",4,4,"[271, 192]"
power_sparse,60,"[60, 271, 384]",4,4,"[271, 384]"
power_sparse,60,"[60, 271, 576]",1,1,"[271, 576]"
power_sparse,60,"[60, 272, 704]",1,1,"[272, 704]"
power_sparse,60,"[60, 273, 640]",1,1,"[273, 640]"
power_sparse,60,"[60, 274, 320]",5,5,"[274, 320]"
power_sparse,60,"[60, 274, 384]",2,2,"[274, 384]"
power_sparse,60,"[60, 274, 768]",2,2,"[274, 768]"
power_sparse,60,"[60, 274, 960]",3,3,"[274, 960]"
power_sparse,60,"[60, 275, 384]",4,4,"[275, 384]"
power_sparse,60,"[60, 276, 256]",1,1,"[276, 256]"
power_sparse,60,"[60, 276, 320]",1,1,"[276, 320]"
power_sparse,60,"[60, 276, 704]",1,1,"[276, 704]"
power_sparse,60,"[60, 276, 960]",2,2,"[276, 960]"
power_sparse,60,"[60, 277, 640]",1,1,"[277, 640]"
power_sparse,60,"[60, 278, 320]",6,6,"[278, 320]"
power_sparse,60,"[60, 278, 384]",2,2,"[278, 384]"
power_sparse,60,"[60, 279, 320]",6,6,"[279, 320]"
power_sparse,60,"[60, 279, 384]",6,6,"[279, 384]"
power_sparse,60,"[60, 279, 704]",2,2,"[279, 704]"
power_sparse,60,"[60, 280, 704]",1,1,"[280, 704]"
power_sparse,60,"[60, 281, 384]",1,1,"[281, 384]"
power_sparse,60,"[60, 281, 512]",1,1,"[281, 512]"
power_sparse,60,"[60, 282, 320]",4,4,"[282, 320]"
power_sparse,60,"[60, 282, 384]",5,5,"[282, 384]"
power_sparse,60,"[60, 282, 768]",1,1,"[282, 768]"
power_sparse,60,"[60, 282, 896]",2,2,"[282, 896]"
power_sparse,60,"[60, 282, 960]",1,1,"[282, 960]"
power_sparse,60,"[60, 283, 384]",7,7,"[283, 384]"
power_sparse,60,"[60, 284, 512]",2,2,"[284, 512]"
power_sparse,60,"[60, 284, 704]",3,3,"[284, 704]"
power_sparse,60,"[60, 284, 960]",2,2,"[284, 960]"
power_sparse,60,"[60, 285, 576]",1,1,"[285, 576]"
power_sparse,60,"[60, 285, 704]",2,2,"[285, 704]"
power_sparse,60,"[60, 286, 320]",3,3,"[286, 320]"
power_sparse,60,"[60, 286, 384]",4,4,"[286, 384]"
power_sparse,60,"[60, 286, 448]",1,1,"[286, 448]"
power_sparse,60,"[60, 286, 704]",1,1,"[286, 704]"
power_sparse,60,"[60, 287, 320]",1,1,"[287, 320]"
power_sparse,60,"[60, 287, 384]",5,5,"[287, 384]"
power_sparse,60,"[60, 288, 320]",1,1,"[288, 320]"
power_sparse,60,"[60, 288, 384]",1,1,"[288, 384]"
power_sparse,60,"[60, 288, 576]",1,1,"[288, 576]"
power_sparse,60,"[60, 288, 704]",1,1,"[288, 704]"
power_sparse,60,"[60, 289, 384]",2,2,"[289, 384]"
power_sparse,60,"[60, 289, 448]",4,4,"[289, 448]"
power_sparse,60,"[60, 289, 512]",3,3,"[289, 512]"
power_sparse,60,"[60, 289, 576]",1,1,"[289, 576]"
power_sparse,60,"[60, 289, 704]",1,1,"[289, 704]"
power_sparse,60,"[60, 290, 320]",2,2,"[290, 320]"
power_sparse,60,"[60, 290, 384]",6,6,"[290, 384]"
power_sparse,60,"[60, 290, 704]",1,1,"[290, 704]"
power_sparse,60,"[60, 291, 192]",4,4,"[291, 192]"
power_sparse,60,"[60, 291, 320]",3,3,"[291, 320]"
power_sparse,60,"[60, 291, 384]",5,5,"[291, 384]"
power_sparse,60,"[60, 292, 576]",1,1,"[292, 576]"
power_sparse,60,"[60, 292, 960]",2,2,"[292, 960]"
power_sparse,60,"[60, 292, 1024]",2,2,"[292, 1024]"
power_sparse,60,"[60, 293, 576]",2,2,"[293, 576]"
power_sparse,60,"[60, 293, 768]",1,1,"[293, 768]"
power_sparse,60,"[60, 293, 960]",1,1,"[293, 960]"
power_sparse,60,"[60, 294, 320]",5,5,"[294, 320]"
power_sparse,60,"[60, 294, 384]",6,6,"[294, 384]"
power_sparse,60,"[60, 294, 448]",2,2,"[294, 448]"
power_sparse,60,"[60, 294, 768]",3,3,"[294, 768]"
power_sparse,60,"[60, 294, 832]",2,2,"[294, 832]"
power_sparse,60,"[60, 295, 320]",5,5,"[295, 320]"
power_sparse,60,"[60, 295, 384]",7,7,"[295, 384]"
power_sparse,60,"[60, 295, 704]",2,2,"[295, 704]"
power_sparse,60,"[60, 296, 576]",1,1,"[296, 576]"
power_sparse,60,"[60, 296, 768]",1,1,"[296, 768]"
power_sparse,60,"[60, 297, 512]",2,2,"[297, 512]"
power_sparse,60,"[60, 297, 576]",3,3,"[297, 576]"
power_sparse,60,"[60, 297, 704]",1,1,"[297, 704]"
power_sparse,60,"[60, 298, 320]",3,3,"[298, 320]"
power_sparse,60,"[60, 298, 384]",6,6,"[298, 384]"
power_sparse,60,"[60, 298, 768]",1,1,"[298, 768]"
power_sparse,60,"[60, 299, 384]",8,8,"[299, 384]"
power_sparse,60,"[60, 300, 448]",1,1,"[300, 448]"
power_sparse,60,"[60, 300, 512]",3,3,"[300, 512]"
power_sparse,60,"[60, 300, 576]",3,3,"[300, 576]"
power_sparse,60,"[60, 301, 576]",3,3,"[301, 576]"
power_sparse,60,"[60, 301, 704]",1,1,"[301, 704]"
power_sparse,60,"[60, 301, 768]",1,1,"[301, 768]"
power_sparse,60,"[60, 301, 1024]",1,1,"[301, 1024]"
power_sparse,60,"[60, 302, 320]",1,1,"[302, 320]"
power_sparse,60,"[60, 302, 384]",9,9,"[302, 384]"
power_sparse,60,"[60, 302, 768]",1,1,"[302, 768]"
power_sparse,60,"[60, 303, 384]",8,8,"[303, 384]"
power_sparse,60,"[60, 304, 576]",3,3,"[304, 576]"
power_sparse,60,"[60, 304, 768]",1,1,"[304, 768]"
power_sparse,60,"[60, 305, 384]",1,1,"[305, 384]"
power_sparse,60,"[60, 305, 576]",3,3,"[305, 576]"
power_sparse,60,"[60, 305, 768]",1,1,"[305, 768]"
power_sparse,60,"[60, 306, 256]",1,1,"[306, 256]"
power_sparse,60,"[60, 306, 320]",3,3,"[306, 320]"
power_sparse,60,"[60, 306, 384]",8,8,"[306, 384]"
power_sparse,60,"[60, 306, 768]",1,1,"[306, 768]"
power_sparse,60,"[60, 307, 320]",2,2,"[307, 320]"
power_sparse,60,"[60, 307, 384]",11,11,"[307, 384]"
power_sparse,60,"[60, 308, 256]",1,1,"[308, 256]"
power_sparse,60,"[60, 308, 576]",3,3,"[308, 576]"
power_sparse,60,"[60, 309, 576]",3,3,"[309, 576]"
power_sparse,60,"[60, 309, 768]",1,1,"[309, 768]"
power_sparse,60,"[60, 310, 320]",4,4,"[310, 320]"
power_sparse,60,"[60, 310, 384]",8,8,"[310, 384]"
power_sparse,60,"[60, 310, 768]",1,1,"[310, 768]"
power_sparse,60,"[60, 311, 192]",4,4,"[311, 192]"
power_sparse,60,"[60, 311, 320]",5,5,"[311, 320]"
power_sparse,60,"[60, 311, 384]",10,10,"[311, 384]"
power_sparse,60,"[60, 311, 768]",2,2,"[311, 768]"
power_sparse,60,"[60, 312, 320]",1,1,"[312, 320]"
power_sparse,60,"[60, 312, 384]",1,1,"[312, 384]"
power_sparse,60,"[60, 312, 576]",3,3,"[312, 576]"
power_sparse,60,"[60, 312, 768]",1,1,"[312, 768]"
power_sparse,60,"[60, 313, 512]",2,2,"[313, 512]"
power_sparse,60,"[60, 313, 576]",5,5,"[313, 576]"
power_sparse,60,"[60, 313, 768]",3,3,"[313, 768]"
power_sparse,60,"[60, 314, 320]",3,3,"[314, 320]"
power_sparse,60,"[60, 314, 384]",9,9,"[314, 384]"
power_sparse,60,"[60, 314, 768]",1,1,"[314, 768]"
power_sparse,60,"[60, 314, 896]",2,2,"[314, 896]"
power_sparse,60,"[60, 315, 384]",11,11,"[315, 384]"
power_sparse,60,"[60, 316, 384]",1,1,"[316, 384]"
power_sparse,60,"[60, 316, 512]",1,1,"[316, 512]"
power_sparse,60,"[60, 316, 576]",5,5,"[316, 576]"
power_sparse,60,"[60, 316, 768]",1,1,"[316, 768]"
power_sparse,60,"[60, 317, 320]",2,2,"[317, 320]"
power_sparse,60,"[60, 317, 384]",2,2,"[317, 384]"
power_sparse,60,"[60, 317, 576]",5,5,"[317, 576]"
power_sparse,60,"[60, 317, 768]",1,1,"[317, 768]"
power_sparse,60,"[60, 317, 832]",2,2,"[317, 832]"
power_sparse,60,"[60, 318, 320]",4,4,"[318, 320]"
power_sparse,60,"[60, 318, 384]",10,10,"[318, 384]"
power_sparse,60,"[60, 318, 448]",2,2,"[318, 448]"
power_sparse,60,"[60, 318, 512]",1,1,"[318, 512]"
power_sparse,60,"[60, 318, 832]",1,1,"[318, 832]"
power_sparse,60,"[60, 319, 384]",10,10,"[319, 384]"
power_sparse,60,"[60, 320, 576]",4,4,"[320, 576]"
power_sparse,60,"[60, 320, 640]",1,1,"[320, 640]"
power_sparse,60,"[60, 320, 832]",1,1,"[320, 832]"
power_sparse,60,"[60, 321, 448]",3,3,"[321, 448]"
power_sparse,60,"[60, 321, 576]",9,9,"[321, 576]"
power_sparse,60,"[60, 321, 768]",1,1,"[321, 768]"
power_sparse,60,"[60, 321, 896]",2,2,"[321, 896]"
power_sparse,60,"[60, 322, 320]",2,2,"[322, 320]"
power_sparse,60,"[60, 322, 384]",9,9,"[322, 384]"
power_sparse,60,"[60, 322, 448]",1,1,"[322, 448]"
power_sparse,60,"[60, 322, 768]",1,1,"[322, 768]"
power_sparse,60,"[60, 322, 896]",2,2,"[322, 896]"
power_sparse,60,"[60, 323, 320]",1,1,"[323, 320]"
power_sparse,60,"[60, 323, 384]",11,11,"[323, 384]"
power_sparse,60,"[60, 324, 320]",1,1,"[324, 320]"
power_sparse,60,"[60, 324, 448]",1,1,"[324, 448]"
power_sparse,60,"[60, 324, 512]",2,2,"[324, 512]"
power_sparse,60,"[60, 324, 576]",4,4,"[324, 576]"
power_sparse,60,"[60, 324, 640]",1,1,"[324, 640]"
power_sparse,60,"[60, 324, 832]",1,1,"[324, 832]"
power_sparse,60,"[60, 324, 896]",2,2,"[324, 896]"
power_sparse,60,"[60, 325, 576]",5,5,"[325, 576]"
power_sparse,60,"[60, 325, 768]",1,1,"[325, 768]"
power_sparse,60,"[60, 326, 256]",2,2,"[326, 256]"
power_sparse,60,"[60, 326, 320]",3,3,"[326, 320]"
power_sparse,60,"[60, 326, 384]",10,10,"[326, 384]"
power_sparse,60,"[60, 326, 448]",1,1,"[326, 448]"
power_sparse,60,"[60, 326, 832]",1,1,"[326, 832]"
power_sparse,60,"[60, 327, 320]",5,5,"[327, 320]"
power_sparse,60,"[60, 327, 384]",10,10,"[327, 384]"
power_sparse,60,"[60, 327, 448]",1,1,"[327, 448]"
power_sparse,60,"[60, 328, 384]",1,1,"[328, 384]"
power_sparse,60,"[60, 328, 576]",4,4,"[328, 576]"
power_sparse,60,"[60, 328, 640]",1,1,"[328, 640]"
power_sparse,60,"[60, 329, 384]",1,1,"[329, 384]"
power_sparse,60,"[60, 329, 512]",2,2,"[329, 512]"
power_sparse,60,"[60, 329, 576]",6,6,"[329, 576]"
power_sparse,60,"[60, 329, 768]",4,4,"[329, 768]"
power_sparse,60,"[60, 329, 832]",1,1,"[329, 832]"
power_sparse,60,"[60, 329, 896]",1,1,"[329, 896]"
power_sparse,60,"[60, 329, 960]",1,1,"[329, 960]"
power_sparse,60,"[60, 330, 320]",4,4,"[330, 320]"
power_sparse,60,"[60, 330, 384]",8,8,"[330, 384]"
power_sparse,60,"[60, 330, 448]",3,3,"[330, 448]"
power_sparse,60,"[60, 330, 512]",2,2,"[330, 512]"
power_sparse,60,"[60, 330, 832]",1,1,"[330, 832]"
power_sparse,60,"[60, 330, 896]",2,2,"[330, 896]"
power_sparse,60,"[60, 331, 256]",4,4,"[331, 256]"
power_sparse,60,"[60, 331, 384]",11,11,"[331, 384]"
power_sparse,60,"[60, 331, 448]",1,1,"[331, 448]"
power_sparse,60,"[60, 331, 896]",2,2,"[331, 896]"
power_sparse,60,"[60, 332, 512]",1,1,"[332, 512]"
power_sparse,60,"[60, 332, 576]",6,6,"[332, 576]"
power_sparse,60,"[60, 332, 640]",1,1,"[332, 640]"
power_sparse,60,"[60, 332, 832]",1,1,"[332, 832]"
power_sparse,60,"[60, 333, 384]",1,1,"[333, 384]"
power_sparse,60,"[60, 333, 576]",7,7,"[333, 576]"
power_sparse,60,"[60, 333, 768]",3,3,"[333, 768]"
power_sparse,60,"[60, 333, 832]",3,3,"[333, 832]"
power_sparse,60,"[60, 333, 896]",1,1,"[333, 896]"
power_sparse,60,"[60, 334, 320]",1,1,"[334, 320]"
power_sparse,60,"[60, 334, 384]",11,11,"[334, 384]"
power_sparse,60,"[60, 334, 448]",3,3,"[334, 448]"
power_sparse,60,"[60, 334, 832]",1,1,"[334, 832]"
power_sparse,60,"[60, 334, 896]",2,2,"[334, 896]"
power_sparse,60,"[60, 334, 960]",2,2,"[334, 960]"
power_sparse,60,"[60, 335, 384]",13,13,"[335, 384]"
power_sparse,60,"[60, 335, 448]",3,3,"[335, 448]"
power_sparse,60,"[60, 336, 448]",1,1,"[336, 448]"
power_sparse,60,"[60, 336, 576]",6,6,"[336, 576]"
power_sparse,60,"[60, 336, 640]",3,3,"[336, 640]"
power_sparse,60,"[60, 336, 832]",2,2,"[336, 832]"
power_sparse,60,"[60, 336, 896]",1,1,"[336, 896]"
power_sparse,60,"[60, 337, 320]",2,2,"[337, 320]"
power_sparse,60,"[60, 337, 384]",7,7,"[337, 384]"
power_sparse,60,"[60, 337, 448]",5,5,"[337, 448]"
power_sparse,60,"[60, 337, 576]",8,8,"[337, 576]"
power_sparse,60,"[60, 337, 768]",2,2,"[337, 768]"
power_sparse,60,"[60, 337, 832]",5,5,"[337, 832]"
power_sparse,60,"[60, 338, 320]",4,4,"[338, 320]"
power_sparse,60,"[60, 338, 384]",10,10,"[338, 384]"
power_sparse,60,"[60, 338, 448]",4,4,"[338, 448]"
power_sparse,60,"[60, 338, 832]",1,1,"[338, 832]"
power_sparse,60,"[60, 338, 960]",2,2,"[338, 960]"
power_sparse,60,"[60, 339, 320]",4,4,"[339, 320]"
power_sparse,60,"[60, 339, 384]",12,12,"[339, 384]"
power_sparse,60,"[60, 339, 448]",6,6,"[339, 448]"
power_sparse,60,"[60, 340, 320]",5,5,"[340, 320]"
power_sparse,60,"[60, 340, 576]",4,4,"[340, 576]"
power_sparse,60,"[60, 340, 640]",3,3,"[340, 640]"
power_sparse,60,"[60, 340, 832]",3,3,"[340, 832]"
power_sparse,60,"[60, 340, 896]",4,4,"[340, 896]"
power_sparse,60,"[60, 340, 960]",3,3,"[340, 960]"
power_sparse,60,"[60, 341, 448]",3,3,"[341, 448]"
power_sparse,60,"[60, 341, 576]",9,9,"[341, 576]"
power_sparse,60,"[60, 341, 832]",6,6,"[341, 832]"
power_sparse,60,"[60, 342, 320]",3,3,"[342, 320]"
power_sparse,60,"[60, 342, 384]",13,13,"[342, 384]"
power_sparse,60,"[60, 342, 448]",6,6,"[342, 448]"
power_sparse,60,"[60, 342, 832]",1,1,"[342, 832]"
power_sparse,60,"[60, 342, 960]",4,4,"[342, 960]"
power_sparse,60,"[60, 343, 320]",10,10,"[343, 320]"
power_sparse,60,"[60, 343, 384]",10,10,"[343, 384]"
power_sparse,60,"[60, 343, 448]",6,6,"[343, 448]"
power_sparse,60,"[60, 343, 832]",4,4,"[343, 832]"
power_sparse,60,"[60, 344, 320]",2,2,"[344, 320]"
power_sparse,60,"[60, 344, 576]",4,4,"[344, 576]"
power_sparse,60,"[60, 344, 640]",4,4,"[344, 640]"
power_sparse,60,"[60, 344, 832]",4,4,"[344, 832]"
power_sparse,60,"[60, 344, 896]",2,2,"[344, 896]"
power_sparse,60,"[60, 344, 960]",2,2,"[344, 960]"
power_sparse,60,"[60, 345, 384]",2,2,"[345, 384]"
power_sparse,60,"[60, 345, 448]",6,6,"[345, 448]"
power_sparse,60,"[60, 345, 512]",2,2,"[345, 512]"
power_sparse,60,"[60, 345, 576]",8,8,"[345, 576]"
power_sparse,60,"[60, 345, 640]",1,1,"[345, 640]"
power_sparse,60,"[60, 345, 832]",7,7,"[345, 832]"
power_sparse,60,"[60, 345, 1024]",1,1,"[345, 1024]"
power_sparse,60,"[60, 346, 320]",4,4,"[346, 320]"
power_sparse,60,"[60, 346, 384]",6,6,"[346, 384]"
power_sparse,60,"[60, 346, 448]",9,9,"[346, 448]"
power_sparse,60,"[60, 346, 896]",1,1,"[346, 896]"
power_sparse,60,"[60, 346, 960]",4,4,"[346, 960]"
power_sparse,60,"[60, 347, 320]",2,2,"[347, 320]"
power_sparse,60,"[60, 347, 384]",12,12,"[347, 384]"
power_sparse,60,"[60, 347, 448]",6,6,"[347, 448]"
power_sparse,60,"[60, 347, 704]",1,1,"[347, 704]"
power_sparse,60,"[60, 347, 896]",1,1,"[347, 896]"
power_sparse,60,"[60, 347, 960]",2,2,"[347, 960]"
power_sparse,60,"[60, 348, 320]",2,2,"[348, 320]"
power_sparse,60,"[60, 348, 384]",1,1,"[348, 384]"
power_sparse,60,"[60, 348, 448]",1,1,"[348, 448]"
power_sparse,60,"[60, 348, 576]",6,6,"[348, 576]"
power_sparse,60,"[60, 348, 640]",3,3,"[348, 640]"
power_sparse,60,"[60, 348, 832]",8,8,"[348, 832]"
power_sparse,60,"[60, 348, 896]",2,2,"[348, 896]"
power_sparse,60,"[60, 348, 1024]",2,2,"[348, 1024]"
power_sparse,60,"[60, 349, 448]",4,4,"[349, 448]"
power_sparse,60,"[60, 349, 576]",9,9,"[349, 576]"
power_sparse,60,"[60, 349, 640]",1,1,"[349, 640]"
power_sparse,60,"[60, 349, 768]",1,1,"[349, 768]"
power_sparse,60,"[60, 349, 832]",2,2,"[349, 832]"
power_sparse,60,"[60, 349, 896]",3,3,"[349, 896]"
power_sparse,60,"[60, 349, 1024]",2,2,"[349, 1024]"
power_sparse,60,"[60, 350, 320]",4,4,"[350, 320]"
power_sparse,60,"[60, 350, 384]",10,10,"[350, 384]"
power_sparse,60,"[60, 350, 448]",8,8,"[350, 448]"
power_sparse,60,"[60, 350, 896]",1,1,"[350, 896]"
power_sparse,60,"[60, 350, 960]",2,2,"[350, 960]"
power_sparse,60,"[60, 350, 1024]",3,3,"[350, 1024]"
power_sparse,60,"[60, 351, 256]",4,4,"[351, 256]"
power_sparse,60,"[60, 351, 320]",2,2,"[351, 320]"
power_sparse,60,"[60, 351, 384]",10,10,"[351, 384]"
power_sparse,60,"[60, 351, 448]",6,6,"[351, 448]"
power_sparse,60,"[60, 351, 960]",2,2,"[351, 960]"
power_sparse,60,"[60, 352, 320]",2,2,"[352, 320]"
power_sparse,60,"[60, 352, 576]",4,4,"[352, 576]"
power_sparse,60,"[60, 352, 640]",5,5,"[352, 640]"
power_sparse,60,"[60, 352, 832]",8,8,"[352, 832]"
power_sparse,60,"[60, 352, 960]",1,1,"[352, 960]"
power_sparse,60,"[60, 353, 384]",4,4,"[353, 384]"
power_sparse,60,"[60, 353, 448]",4,4,"[353, 448]"
power_sparse,60,"[60, 353, 512]",4,4,"[353, 512]"
power_sparse,60,"[60, 353, 576]",10,10,"[353, 576]"
power_sparse,60,"[60, 353, 640]",7,7,"[353, 640]"
power_sparse,60,"[60, 353, 896]",3,3,"[353, 896]"
power_sparse,60,"[60, 354, 384]",10,10,"[354, 384]"
power_sparse,60,"[60, 354, 448]",12,12,"[354, 448]"
power_sparse,60,"[60, 354, 512]",1,1,"[354, 512]"
power_sparse,60,"[60, 354, 704]",1,1,"[354, 704]"
power_sparse,60,"[60, 354, 896]",1,1,"[354, 896]"
power_sparse,60,"[60, 354, 960]",3,3,"[354, 960]"
power_sparse,60,"[60, 354, 1024]",1,1,"[354, 1024]"
power_sparse,60,"[60, 355, 320]",8,8,"[355, 320]"
power_sparse,60,"[60, 355, 384]",6,6,"[355, 384]"
power_sparse,60,"[60, 355, 448]",7,7,"[355, 448]"
power_sparse,60,"[60, 355, 576]",1,1,"[355, 576]"
power_sparse,60,"[60, 355, 960]",2,2,"[355, 960]"
power_sparse,60,"[60, 356, 320]",2,2,"[356, 320]"
power_sparse,60,"[60, 356, 576]",4,4,"[356, 576]"
power_sparse,60,"[60, 356, 640]",2,2,"[356, 640]"
power_sparse,60,"[60, 356, 704]",1,1,"[356, 704]"
power_sparse,60,"[60, 356, 832]",6,6,"[356, 832]"
power_sparse,60,"[60, 356, 896]",4,4,"[356, 896]"
power_sparse,60,"[60, 356, 960]",1,1,"[356, 960]"
power_sparse,60,"[60, 357, 320]",6,6,"[357, 320]"
power_sparse,60,"[60, 357, 384]",3,3,"[357, 384]"
power_sparse,60,"[60, 357, 448]",5,5,"[357, 448]"
power_sparse,60,"[60, 357, 576]",6,6,"[357, 576]"
power_sparse,60,"[60, 357, 640]",3,3,"[357, 640]"
power_sparse,60,"[60, 357, 896]",1,1,"[357, 896]"
power_sparse,60,"[60, 357, 960]",2,2,"[357, 960]"
power_sparse,60,"[60, 358, 320]",2,2,"[358, 320]"
power_sparse,60,"[60, 358, 384]",8,8,"[358, 384]"
power_sparse,60,"[60, 358, 448]",12,12,"[358, 448]"
power_sparse,60,"[60, 358, 896]",1,1,"[358, 896]"
power_sparse,60,"[60, 358, 960]",3,3,"[358, 960]"
power_sparse,60,"[60, 358, 1024]",2,2,"[358, 1024]"
power_sparse,60,"[60, 359, 320]",6,6,"[359, 320]"
power_sparse,60,"[60, 359, 384]",8,8,"[359, 384]"
power_sparse,60,"[60, 359, 448]",8,8,"[359, 448]"
power_sparse,60,"[60, 360, 320]",2,2,"[360, 320]"
power_sparse,60,"[60, 360, 512]",4,4,"[360, 512]"
power_sparse,60,"[60, 360, 576]",2,2,"[360, 576]"
power_sparse,60,"[60, 360, 704]",1,1,"[360, 704]"
power_sparse,60,"[60, 360, 832]",2,2,"[360, 832]"
power_sparse,60,"[60, 360, 960]",1,1,"[360, 960]"
power_sparse,60,"[60, 361, 512]",1,1,"[361, 512]"
power_sparse,60,"[60, 361, 576]",4,4,"[361, 576]"
power_sparse,60,"[60, 361, 640]",1,1,"[361, 640]"
power_sparse,60,"[60, 361, 896]",1,1,"[361, 896]"
power_sparse,60,"[60, 362, 320]",3,3,"[362, 320]"
power_sparse,60,"[60, 362, 384]",4,4,"[362, 384]"
power_sparse,60,"[60, 362, 448]",10,10,"[362, 448]"
power_sparse,60,"[60, 362, 832]",1,1,"[362, 832]"
power_sparse,60,"[60, 362, 896]",1,1,"[362, 896]"
power_sparse,60,"[60, 362, 1024]",2,2,"[362, 1024]"
power_sparse,60,"[60, 363, 320]",2,2,"[363, 320]"
power_sparse,60,"[60, 363, 384]",6,6,"[363, 384]"
power_sparse,60,"[60, 363, 448]",8,8,"[363, 448]"
power_sparse,60,"[60, 364, 704]",1,1,"[364, 704]"
power_sparse,60,"[60, 364, 768]",2,2,"[364, 768]"
power_sparse,60,"[60, 364, 896]",1,1,"[364, 896]"
power_sparse,60,"[60, 364, 960]",1,1,"[364, 960]"
power_sparse,60,"[60, 365, 576]",2,2,"[365, 576]"
power_sparse,60,"[60, 365, 640]",1,1,"[365, 640]"
power_sparse,60,"[60, 365, 704]",1,1,"[365, 704]"
power_sparse,60,"[60, 365, 896]",1,1,"[365, 896]"
power_sparse,60,"[60, 366, 384]",6,6,"[366, 384]"
power_sparse,60,"[60, 366, 448]",10,10,"[366, 448]"
power_sparse,60,"[60, 366, 512]",2,2,"[366, 512]"
power_sparse,60,"[60, 366, 576]",2,2,"[366, 576]"
power_sparse,60,"[60, 366, 896]",1,1,"[366, 896]"
power_sparse,60,"[60, 366, 1024]",2,2,"[366, 1024]"
power_sparse,60,"[60, 367, 384]",5,5,"[367, 384]"
power_sparse,60,"[60, 367, 448]",12,12,"[367, 448]"
power_sparse,60,"[60, 368, 640]",1,1,"[368, 640]"
power_sparse,60,"[60, 368, 704]",1,1,"[368, 704]"
power_sparse,60,"[60, 368, 960]",1,1,"[368, 960]"
power_sparse,60,"[60, 369, 640]",1,1,"[369, 640]"
power_sparse,60,"[60, 369, 960]",3,3,"[369, 960]"
power_sparse,60,"[60, 370, 384]",4,4,"[370, 384]"
power_sparse,60,"[60, 370, 448]",10,10,"[370, 448]"
power_sparse,60,"[60, 370, 960]",1,1,"[370, 960]"
power_sparse,60,"[60, 370, 1024]",2,2,"[370, 1024]"
power_sparse,60,"[60, 371, 384]",4,4,"[371, 384]"
power_sparse,60,"[60, 371, 448]",10,10,"[371, 448]"
power_sparse,60,"[60, 371, 832]",2,2,"[371, 832]"
power_sparse,60,"[60, 372, 384]",1,1,"[372, 384]"
power_sparse,60,"[60, 372, 512]",2,2,"[372, 512]"
power_sparse,60,"[60, 372, 640]",2,2,"[372, 640]"
power_sparse,60,"[60, 372, 704]",1,1,"[372, 704]"
power_sparse,60,"[60, 372, 896]",1,1,"[372, 896]"
power_sparse,60,"[60, 372, 1024]",1,1,"[372, 1024]"
power_sparse,60,"[60, 373, 704]",1,1,"[373, 704]"
power_sparse,60,"[60, 373, 896]",1,1,"[373, 896]"
power_sparse,60,"[60, 373, 960]",3,3,"[373, 960]"
power_sparse,60,"[60, 374, 384]",2,2,"[374, 384]"
power_sparse,60,"[60, 374, 448]",11,11,"[374, 448]"
power_sparse,60,"[60, 374, 1024]",2,2,"[374, 1024]"
power_sparse,60,"[60, 375, 384]",5,5,"[375, 384]"
power_sparse,60,"[60, 375, 448]",11,11,"[375, 448]"
power_sparse,60,"[60, 375, 960]",1,1,"[375, 960]"
power_sparse,60,"[60, 376, 704]",1,1,"[376, 704]"
power_sparse,60,"[60, 376, 960]",2,2,"[376, 960]"
power_sparse,60,"[60, 376, 1024]",1,1,"[376, 1024]"
power_sparse,60,"[60, 377, 704]",1,1,"[377, 704]"
power_sparse,60,"[60, 377, 960]",2,2,"[377, 960]"
power_sparse,60,"[60, 378, 384]",3,3,"[378, 384]"
power_sparse,60,"[60, 378, 448]",12,12,"[378, 448]"
power_sparse,60,"[60, 379, 384]",2,2,"[379, 384]"
power_sparse,60,"[60, 379, 448]",11,11,"[379, 448]"
power_sparse,60,"[60, 380, 704]",1,1,"[380, 704]"
power_sparse,60,"[60, 380, 832]",1,1,"[380, 832]"
power_sparse,60,"[60, 380, 1024]",2,2,"[380, 1024]"
power_sparse,60,"[60, 380, 1088]",1,1,"[380, 1088]"
power_sparse,60,"[60, 381, 704]",1,1,"[381, 704]"
power_sparse,60,"[60, 381, 960]",1,1,"[381, 960]"
power_sparse,60,"[60, 382, 384]",2,2,"[382, 384]"
power_sparse,60,"[60, 382, 448]",11,11,"[382, 448]"
power_sparse,60,"[60, 382, 512]",1,1,"[382, 512]"
power_sparse,60,"[60, 383, 384]",2,2,"[383, 384]"
power_sparse,60,"[60, 383, 448]",11,11,"[383, 448]"
power_sparse,60,"[60, 384, 448]",1,1,"[384, 448]"
power_sparse,60,"[60, 384, 512]",1,1,"[384, 512]"
power_sparse,60,"[60, 384, 704]",1,1,"[384, 704]"
power_sparse,60,"[60, 384, 1024]",1,1,"[384, 1024]"
power_sparse,60,"[60, 385, 576]",4,4,"[385, 576]"
power_sparse,60,"[60, 385, 704]",5,5,"[385, 704]"
power_sparse,60,"[60, 386, 384]",2,2,"[386, 384]"
power_sparse,60,"[60, 386, 448]",8,8,"[386, 448]"
power_sparse,60,"[60, 386, 512]",3,3,"[386, 512]"
power_sparse,60,"[60, 386, 832]",2,2,"[386, 832]"
power_sparse,60,"[60, 387, 384]",2,2,"[387, 384]"
power_sparse,60,"[60, 387, 448]",11,11,"[387, 448]"
power_sparse,60,"[60, 388, 704]",1,1,"[388, 704]"
power_sparse,60,"[60, 388, 832]",2,2,"[388, 832]"
power_sparse,60,"[60, 389, 704]",1,1,"[389, 704]"
power_sparse,60,"[60, 390, 448]",10,10,"[390, 448]"
power_sparse,60,"[60, 390, 512]",5,5,"[390, 512]"
power_sparse,60,"[60, 390, 576]",2,2,"[390, 576]"
power_sparse,60,"[60, 390, 1024]",1,1,"[390, 1024]"
power_sparse,60,"[60, 391, 448]",13,13,"[391, 448]"
power_sparse,60,"[60, 391, 512]",1,1,"[391, 512]"
power_sparse,60,"[60, 392, 704]",1,1,"[392, 704]"
power_sparse,60,"[60, 392, 832]",1,1,"[392, 832]"
power_sparse,60,"[60, 393, 704]",1,1,"[393, 704]"
power_sparse,60,"[60, 394, 320]",1,1,"[394, 320]"
power_sparse,60,"[60, 394, 448]",9,9,"[394, 448]"
power_sparse,60,"[60, 394, 512]",5,5,"[394, 512]"
power_sparse,60,"[60, 394, 1152]",1,1,"[394, 1152]"
power_sparse,60,"[60, 395, 448]",10,10,"[395, 448]"
power_sparse,60,"[60, 395, 512]",3,3,"[395, 512]"
power_sparse,60,"[60, 396, 512]",2,2,"[396, 512]"
power_sparse,60,"[60, 396, 640]",2,2,"[396, 640]"
power_sparse,60,"[60, 396, 704]",1,1,"[396, 704]"
power_sparse,60,"[60, 396, 960]",1,1,"[396, 960]"
power_sparse,60,"[60, 397, 704]",1,1,"[397, 704]"
power_sparse,60,"[60, 397, 960]",2,2,"[397, 960]"
power_sparse,60,"[60, 398, 384]",1,1,"[398, 384]"
power_sparse,60,"[60, 398, 448]",8,8,"[398, 448]"
power_sparse,60,"[60, 398, 512]",5,5,"[398, 512]"
power_sparse,60,"[60, 399, 448]",8,8,"[399, 448]"
power_sparse,60,"[60, 399, 512]",5,5,"[399, 512]"
power_sparse,60,"[60, 400, 768]",1,1,"[400, 768]"
power_sparse,60,"[60, 400, 832]",1,1,"[400, 832]"
power_sparse,60,"[60, 401, 768]",2,2,"[401, 768]"
power_sparse,60,"[60, 402, 448]",6,6,"[402, 448]"
power_sparse,60,"[60, 402, 512]",7,7,"[402, 512]"
power_sparse,60,"[60, 402, 576]",2,2,"[402, 576]"
power_sparse,60,"[60, 402, 640]",2,2,"[402, 640]"
power_sparse,60,"[60, 402, 1152]",1,1,"[402, 1152]"
power_sparse,60,"[60, 403, 448]",8,8,"[403, 448]"
power_sparse,60,"[60, 403, 512]",5,5,"[403, 512]"
power_sparse,60,"[60, 404, 768]",1,1,"[404, 768]"
power_sparse,60,"[60, 404, 1152]",1,1,"[404, 1152]"
power_sparse,60,"[60, 405, 768]",1,1,"[405, 768]"
power_sparse,60,"[60, 406, 448]",6,6,"[406, 448]"
power_sparse,60,"[60, 406, 512]",7,7,"[406, 512]"
power_sparse,60,"[60, 406, 960]",1,1,"[406, 960]"
power_sparse,60,"[60, 406, 1280]",1,1,"[406, 1280]"
power_sparse,60,"[60, 407, 448]",6,6,"[407, 448]"
power_sparse,60,"[60, 407, 512]",7,7,"[407, 512]"
power_sparse,60,"[60, 407, 1152]",1,1,"[407, 1152]"
power_sparse,60,"[60, 408, 640]",2,2,"[408, 640]"
power_sparse,60,"[60, 408, 704]",2,2,"[408, 704]"
power_sparse,60,"[60, 408, 768]",1,1,"[408, 768]"
power_sparse,60,"[60, 409, 768]",1,1,"[409, 768]"
power_sparse,60,"[60, 410, 448]",6,6,"[410, 448]"
power_sparse,60,"[60, 410, 512]",7,7,"[410, 512]"
power_sparse,60,"[60, 411, 448]",6,6,"[411, 448]"
power_sparse,60,"[60, 411, 512]",7,7,"[411, 512]"
power_sparse,60,"[60, 411, 1088]",2,2,"[411, 1088]"
power_sparse,60,"[60, 412, 768]",1,1,"[412, 768]"
power_sparse,60,"[60, 413, 768]",1,1,"[413, 768]"
power_sparse,60,"[60, 414, 448]",6,6,"[414, 448]"
power_sparse,60,"[60, 414, 512]",8,8,"[414, 512]"
power_sparse,60,"[60, 414, 576]",1,1,"[414, 576]"
power_sparse,60,"[60, 414, 1216]",1,1,"[414, 1216]"
power_sparse,60,"[60, 414, 1280]",1,1,"[414, 1280]"
power_sparse,60,"[60, 414, 1344]",1,1,"[414, 1344]"
power_sparse,60,"[60, 415, 448]",6,6,"[415, 448]"
power_sparse,60,"[60, 415, 512]",7,7,"[415, 512]"
power_sparse,60,"[60, 415, 1088]",1,1,"[415, 1088]"
power_sparse,60,"[60, 416, 704]",1,1,"[416, 704]"
power_sparse,60,"[60, 416, 768]",2,2,"[416, 768]"
power_sparse,60,"[60, 416, 1024]",2,2,"[416, 1024]"
power_sparse,60,"[60, 416, 1280]",1,1,"[416, 1280]"
power_sparse,60,"[60, 417, 704]",4,4,"[417, 704]"
power_sparse,60,"[60, 417, 768]",5,5,"[417, 768]"
power_sparse,60,"[60, 417, 960]",1,1,"[417, 960]"
power_sparse,60,"[60, 417, 1024]",1,1,"[417, 1024]"
power_sparse,60,"[60, 417, 1088]",1,1,"[417, 1088]"
power_sparse,60,"[60, 418, 448]",4,4,"[418, 448]"
power_sparse,60,"[60, 418, 512]",9,9,"[418, 512]"
power_sparse,60,"[60, 418, 960]",2,2,"[418, 960]"
power_sparse,60,"[60, 418, 1344]",1,1,"[418, 1344]"
power_sparse,60,"[60, 419, 448]",4,4,"[419, 448]"
power_sparse,60,"[60, 419, 512]",9,9,"[419, 512]"
power_sparse,60,"[60, 419, 1024]",1,1,"[419, 1024]"
power_sparse,60,"[60, 419, 1152]",1,1,"[419, 1152]"
power_sparse,60,"[60, 420, 512]",1,1,"[420, 512]"
power_sparse,60,"[60, 420, 576]",2,2,"[420, 576]"
power_sparse,60,"[60, 420, 768]",1,1,"[420, 768]"
power_sparse,60,"[60, 420, 1216]",1,1,"[420, 1216]"
power_sparse,60,"[60, 421, 768]",1,1,"[421, 768]"
power_sparse,60,"[60, 421, 896]",2,2,"[421, 896]"
power_sparse,60,"[60, 421, 1024]",1,1,"[421, 1024]"
power_sparse,60,"[60, 422, 448]",4,4,"[422, 448]"
power_sparse,60,"[60, 422, 512]",7,7,"[422, 512]"
power_sparse,60,"[60, 422, 1344]",3,3,"[422, 1344]"
power_sparse,60,"[60, 423, 448]",4,4,"[423, 448]"
power_sparse,60,"[60, 423, 512]",9,9,"[423, 512]"
power_sparse,60,"[60, 423, 896]",2,2,"[423, 896]"
power_sparse,60,"[60, 424, 768]",1,1,"[424, 768]"
power_sparse,60,"[60, 424, 1280]",1,1,"[424, 1280]"
power_sparse,60,"[60, 424, 1344]",3,3,"[424, 1344]"
power_sparse,60,"[60, 425, 768]",1,1,"[425, 768]"
power_sparse,60,"[60, 425, 1024]",1,1,"[425, 1024]"
power_sparse,60,"[60, 425, 1088]",6,6,"[425, 1088]"
power_sparse,60,"[60, 425, 1152]",6,6,"[425, 1152]"
power_sparse,60,"[60, 426, 448]",4,4,"[426, 448]"
power_sparse,60,"[60, 426, 512]",8,8,"[426, 512]"
power_sparse,60,"[60, 426, 640]",2,2,"[426, 640]"
power_sparse,60,"[60, 427, 448]",4,4,"[427, 448]"
power_sparse,60,"[60, 427, 512]",8,8,"[427, 512]"
power_sparse,60,"[60, 427, 1216]",1,1,"[427, 1216]"
power_sparse,60,"[60, 428, 768]",1,1,"[428, 768]"
power_sparse,60,"[60, 428, 960]",2,2,"[428, 960]"
power_sparse,60,"[60, 428, 1152]",1,1,"[428, 1152]"
power_sparse,60,"[60, 429, 768]",1,1,"[429, 768]"
power_sparse,60,"[60, 429, 1088]",2,2,"[429, 1088]"
power_sparse,60,"[60, 430, 448]",4,4,"[430, 448]"
power_sparse,60,"[60, 430, 512]",6,6,"[430, 512]"
power_sparse,60,"[60, 430, 1216]",1,1,"[430, 1216]"
power_sparse,60,"[60, 430, 1344]",4,4,"[430, 1344]"
power_sparse,60,"[60, 431, 448]",4,4,"[431, 448]"
power_sparse,60,"[60, 431, 512]",6,6,"[431, 512]"
power_sparse,60,"[60, 431, 1344]",1,1,"[431, 1344]"
power_sparse,60,"[60, 432, 576]",2,2,"[432, 576]"
power_sparse,60,"[60, 432, 640]",2,2,"[432, 640]"
power_sparse,60,"[60, 432, 768]",1,1,"[432, 768]"
power_sparse,60,"[60, 432, 1216]",1,1,"[432, 1216]"
power_sparse,60,"[60, 432, 1344]",9,9,"[432, 1344]"
power_sparse,60,"[60, 432, 1408]",2,2,"[432, 1408]"
power_sparse,60,"[60, 433, 768]",1,1,"[433, 768]"
power_sparse,60,"[60, 433, 832]",3,3,"[433, 832]"
power_sparse,60,"[60, 433, 896]",2,2,"[433, 896]"
power_sparse,60,"[60, 433, 1216]",2,2,"[433, 1216]"
power_sparse,60,"[60, 433, 1344]",1,1,"[433, 1344]"
power_sparse,60,"[60, 434, 320]",1,1,"[434, 320]"
power_sparse,60,"[60, 434, 448]",2,2,"[434, 448]"
power_sparse,60,"[60, 434, 512]",6,6,"[434, 512]"
power_sparse,60,"[60, 434, 1408]",3,3,"[434, 1408]"
power_sparse,60,"[60, 435, 448]",2,2,"[435, 448]"
power_sparse,60,"[60, 435, 512]",6,6,"[435, 512]"
power_sparse,60,"[60, 435, 1152]",1,1,"[435, 1152]"
power_sparse,60,"[60, 435, 1280]",1,1,"[435, 1280]"
power_sparse,60,"[60, 436, 768]",1,1,"[436, 768]"
power_sparse,60,"[60, 436, 1152]",1,1,"[436, 1152]"
power_sparse,60,"[60, 437, 768]",1,1,"[437, 768]"
power_sparse,60,"[60, 437, 1024]",1,1,"[437, 1024]"
power_sparse,60,"[60, 437, 1088]",1,1,"[437, 1088]"
power_sparse,60,"[60, 437, 1344]",1,1,"[437, 1344]"
power_sparse,60,"[60, 437, 1408]",3,3,"[437, 1408]"
power_sparse,60,"[60, 438, 448]",2,2,"[438, 448]"
power_sparse,60,"[60, 438, 512]",3,3,"[438, 512]"
power_sparse,60,"[60, 438, 640]",2,2,"[438, 640]"
power_sparse,60,"[60, 438, 768]",2,2,"[438, 768]"
power_sparse,60,"[60, 438, 1024]",2,2,"[438, 1024]"
power_sparse,60,"[60, 438, 1216]",1,1,"[438, 1216]"
power_sparse,60,"[60, 438, 1280]",1,1,"[438, 1280]"
power_sparse,60,"[60, 438, 1344]",1,1,"[438, 1344]"
power_sparse,60,"[60, 438, 1408]",4,4,"[438, 1408]"
power_sparse,60,"[60, 439, 448]",2,2,"[439, 448]"
power_sparse,60,"[60, 439, 512]",6,6,"[439, 512]"
power_sparse,60,"[60, 439, 1088]",1,1,"[439, 1088]"
power_sparse,60,"[60, 439, 1152]",1,1,"[439, 1152]"
power_sparse,60,"[60, 440, 768]",1,1,"[440, 768]"
power_sparse,60,"[60, 440, 1344]",5,5,"[440, 1344]"
power_sparse,60,"[60, 440, 1408]",17,17,"[440, 1408]"
power_sparse,60,"[60, 441, 768]",1,1,"[441, 768]"
power_sparse,60,"[60, 442, 448]",2,2,"[442, 448]"
power_sparse,60,"[60, 442, 512]",2,2,"[442, 512]"
power_sparse,60,"[60, 442, 1216]",1,1,"[442, 1216]"
power_sparse,60,"[60, 442, 1408]",5,5,"[442, 1408]"
power_sparse,60,"[60, 443, 512]",2,2,"[443, 512]"
power_sparse,60,"[60, 443, 576]",1,1,"[443, 576]"
power_sparse,60,"[60, 444, 512]",1,1,"[444, 512]"
power_sparse,60,"[60, 444, 576]",1,1,"[444, 576]"
power_sparse,60,"[60, 444, 768]",1,1,"[444, 768]"
power_sparse,60,"[60, 445, 768]",1,1,"[445, 768]"
power_sparse,60,"[60, 445, 1408]",4,4,"[445, 1408]"
power_sparse,60,"[60, 446, 1408]",6,6,"[446, 1408]"
power_sparse,60,"[60, 447, 512]",2,2,"[447, 512]"
power_sparse,60,"[60, 448, 1216]",2,2,"[448, 1216]"
power_sparse,60,"[60, 448, 1344]",1,1,"[448, 1344]"
power_sparse,60,"[60, 448, 1408]",32,32,"[448, 1408]"
power_sparse,60,"[60, 448, 1472]",3,3,"[448, 1472]"
power_sparse,60,"[60, 449, 768]",1,1,"[449, 768]"
power_sparse,60,"[60, 450, 320]",1,1,"[450, 320]"
power_sparse,60,"[60, 450, 1216]",1,1,"[450, 1216]"
power_sparse,60,"[60, 450, 1280]",1,1,"[450, 1280]"
power_sparse,60,"[60, 450, 1408]",5,5,"[450, 1408]"
power_sparse,60,"[60, 450, 1472]",13,13,"[450, 1472]"
power_sparse,60,"[60, 451, 1216]",2,2,"[451, 1216]"
power_sparse,60,"[60, 452, 1408]",2,2,"[452, 1408]"
power_sparse,60,"[60, 452, 1472]",2,2,"[452, 1472]"
power_sparse,60,"[60, 453, 1408]",6,6,"[453, 1408]"
power_sparse,60,"[60, 453, 1472]",4,4,"[453, 1472]"
power_sparse,60,"[60, 454, 1280]",1,1,"[454, 1280]"
power_sparse,60,"[60, 454, 1408]",6,6,"[454, 1408]"
power_sparse,60,"[60, 454, 1472]",1,1,"[454, 1472]"
power_sparse,60,"[60, 456, 1280]",4,4,"[456, 1280]"
power_sparse,60,"[60, 456, 1408]",24,24,"[456, 1408]"
power_sparse,60,"[60, 456, 1472]",33,33,"[456, 1472]"
power_sparse,60,"[60, 458, 1216]",1,1,"[458, 1216]"
power_sparse,60,"[60, 458, 1280]",2,2,"[458, 1280]"
power_sparse,60,"[60, 458, 1344]",1,1,"[458, 1344]"
power_sparse,60,"[60, 458, 1408]",6,6,"[458, 1408]"
power_sparse,60,"[60, 458, 1472]",28,28,"[458, 1472]"
power_sparse,60,"[60, 458, 1536]",5,5,"[458, 1536]"
power_sparse,60,"[60, 459, 1344]",2,2,"[459, 1344]"
power_sparse,60,"[60, 460, 1408]",2,2,"[460, 1408]"
power_sparse,60,"[60, 460, 1472]",10,10,"[460, 1472]"
power_sparse,60,"[60, 461, 1280]",3,3,"[461, 1280]"
power_sparse,60,"[60, 461, 1344]",1,1,"[461, 1344]"
power_sparse,60,"[60, 461, 1408]",1,1,"[461, 1408]"
power_sparse,60,"[60, 461, 1472]",8,8,"[461, 1472]"
power_sparse,60,"[60, 462, 1280]",3,3,"[462, 1280]"
power_sparse,60,"[60, 462, 1344]",3,3,"[462, 1344]"
power_sparse,60,"[60, 462, 1408]",2,2,"[462, 1408]"
power_sparse,60,"[60, 462, 1472]",6,6,"[462, 1472]"
power_sparse,60,"[60, 463, 1344]",2,2,"[463, 1344]"
power_sparse,60,"[60, 464, 1280]",2,2,"[464, 1280]"
power_sparse,60,"[60, 464, 1344]",8,8,"[464, 1344]"
power_sparse,60,"[60, 464, 1408]",3,3,"[464, 1408]"
power_sparse,60,"[60, 464, 1472]",78,78,"[464, 1472]"
power_sparse,60,"[60, 464, 1536]",3,3,"[464, 1536]"
power_sparse,60,"[60, 465, 1472]",2,2,"[465, 1472]"
power_sparse,60,"[60, 466, 384]",1,1,"[466, 384]"
power_sparse,60,"[60, 466, 1280]",2,2,"[466, 1280]"
power_sparse,60,"[60, 466, 1344]",2,2,"[466, 1344]"
power_sparse,60,"[60, 466, 1472]",69,69,"[466, 1472]"
power_sparse,60,"[60, 466, 1536]",27,27,"[466, 1536]"
power_sparse,60,"[60, 467, 1344]",2,2,"[467, 1344]"
power_sparse,60,"[60, 467, 1408]",4,4,"[467, 1408]"
power_sparse,60,"[60, 468, 1280]",2,2,"[468, 1280]"
power_sparse,60,"[60, 468, 1472]",16,16,"[468, 1472]"
power_sparse,60,"[60, 468, 1536]",8,8,"[468, 1536]"
power_sparse,60,"[60, 469, 1280]",4,4,"[469, 1280]"
power_sparse,60,"[60, 469, 1344]",10,10,"[469, 1344]"
power_sparse,60,"[60, 469, 1408]",1,1,"[469, 1408]"
power_sparse,60,"[60, 469, 1472]",14,14,"[469, 1472]"
power_sparse,60,"[60, 469, 1536]",4,4,"[469, 1536]"
power_sparse,60,"[60, 470, 1280]",2,2,"[470, 1280]"
power_sparse,60,"[60, 470, 1344]",15,15,"[470, 1344]"
power_sparse,60,"[60, 470, 1408]",5,5,"[470, 1408]"
power_sparse,60,"[60, 470, 1472]",3,3,"[470, 1472]"
power_sparse,60,"[60, 470, 1536]",6,6,"[470, 1536]"
power_sparse,60,"[60, 471, 1472]",6,6,"[471, 1472]"
power_sparse,60,"[60, 472, 1344]",16,16,"[472, 1344]"
power_sparse,60,"[60, 472, 1408]",5,5,"[472, 1408]"
power_sparse,60,"[60, 472, 1472]",61,61,"[472, 1472]"
power_sparse,60,"[60, 472, 1536]",58,58,"[472, 1536]"
power_sparse,60,"[60, 472, 1600]",1,1,"[472, 1600]"
power_sparse,60,"[60, 473, 1408]",2,2,"[473, 1408]"
power_sparse,60,"[60, 474, 1344]",3,3,"[474, 1344]"
power_sparse,60,"[60, 474, 1408]",2,2,"[474, 1408]"
power_sparse,60,"[60, 474, 1472]",50,50,"[474, 1472]"
power_sparse,60,"[60, 474, 1536]",133,133,"[474, 1536]"
power_sparse,60,"[60, 474, 1600]",7,7,"[474, 1600]"
power_sparse,60,"[60, 475, 1280]",2,2,"[475, 1280]"
power_sparse,60,"[60, 475, 1408]",6,6,"[475, 1408]"
power_sparse,60,"[60, 475, 1472]",2,2,"[475, 1472]"
power_sparse,60,"[60, 476, 1280]",2,2,"[476, 1280]"
power_sparse,60,"[60, 476, 1344]",2,2,"[476, 1344]"
power_sparse,60,"[60, 476, 1472]",11,11,"[476, 1472]"
power_sparse,60,"[60, 476, 1536]",32,32,"[476, 1536]"
power_sparse,60,"[60, 477, 1216]",3,3,"[477, 1216]"
power_sparse,60,"[60, 477, 1280]",2,2,"[477, 1280]"
power_sparse,60,"[60, 477, 1344]",15,15,"[477, 1344]"
power_sparse,60,"[60, 477, 1408]",47,47,"[477, 1408]"
power_sparse,60,"[60, 477, 1472]",17,17,"[477, 1472]"
power_sparse,60,"[60, 477, 1536]",41,41,"[477, 1536]"
power_sparse,60,"[60, 477, 1600]",1,1,"[477, 1600]"
power_sparse,60,"[60, 478, 1344]",4,4,"[478, 1344]"
power_sparse,60,"[60, 478, 1408]",57,57,"[478, 1408]"
power_sparse,60,"[60, 478, 1472]",8,8,"[478, 1472]"
power_sparse,60,"[60, 478, 1536]",11,11,"[478, 1536]"
power_sparse,60,"[60, 479, 1472]",4,4,"[479, 1472]"
power_sparse,60,"[60, 479, 1536]",19,19,"[479, 1536]"
power_sparse,60,"[60, 480, 1344]",3,3,"[480, 1344]"
power_sparse,60,"[60, 480, 1408]",32,32,"[480, 1408]"
power_sparse,60,"[60, 480, 1472]",12,12,"[480, 1472]"
power_sparse,60,"[60, 480, 1536]",151,151,"[480, 1536]"
power_sparse,60,"[60, 480, 1600]",6,6,"[480, 1600]"
power_sparse,60,"[60, 481, 1472]",2,2,"[481, 1472]"
power_sparse,60,"[60, 481, 1536]",3,3,"[481, 1536]"
power_sparse,60,"[60, 482, 1344]",3,3,"[482, 1344]"
power_sparse,60,"[60, 482, 1408]",5,5,"[482, 1408]"
power_sparse,60,"[60, 482, 1472]",4,4,"[482, 1472]"
power_sparse,60,"[60, 482, 1536]",276,276,"[482, 1536]"
power_sparse,60,"[60, 482, 1600]",73,73,"[482, 1600]"
power_sparse,60,"[60, 483, 1344]",6,6,"[483, 1344]"
power_sparse,60,"[60, 483, 1408]",2,2,"[483, 1408]"
power_sparse,60,"[60, 484, 1344]",2,2,"[484, 1344]"
power_sparse,60,"[60, 484, 1408]",4,4,"[484, 1408]"
power_sparse,60,"[60, 484, 1536]",14,14,"[484, 1536]"
power_sparse,60,"[60, 484, 1600]",6,6,"[484, 1600]"
power_sparse,60,"[60, 485, 1088]",2,2,"[485, 1088]"
power_sparse,60,"[60, 485, 1280]",2,2,"[485, 1280]"
power_sparse,60,"[60, 485, 1344]",8,8,"[485, 1344]"
power_sparse,60,"[60, 485, 1408]",109,109,"[485, 1408]"
power_sparse,60,"[60, 485, 1472]",175,175,"[485, 1472]"
power_sparse,60,"[60, 485, 1536]",135,135,"[485, 1536]"
power_sparse,60,"[60, 485, 1600]",29,29,"[485, 1600]"
power_sparse,60,"[60, 486, 1344]",1,1,"[486, 1344]"
power_sparse,60,"[60, 486, 1408]",85,85,"[486, 1408]"
power_sparse,60,"[60, 486, 1472]",73,73,"[486, 1472]"
power_sparse,60,"[60, 486, 1536]",27,27,"[486, 1536]"
power_sparse,60,"[60, 486, 1600]",9,9,"[486, 1600]"
power_sparse,60,"[60, 487, 1152]",1,1,"[487, 1152]"
power_sparse,60,"[60, 487, 1344]",1,1,"[487, 1344]"
power_sparse,60,"[60, 487, 1408]",7,7,"[487, 1408]"
power_sparse,60,"[60, 487, 1472]",8,8,"[487, 1472]"
power_sparse,60,"[60, 487, 1536]",43,43,"[487, 1536]"
power_sparse,60,"[60, 487, 1600]",14,14,"[487, 1600]"
power_sparse,60,"[60, 488, 1408]",27,27,"[488, 1408]"
power_sparse,60,"[60, 488, 1472]",30,30,"[488, 1472]"
power_sparse,60,"[60, 488, 1536]",127,127,"[488, 1536]"
power_sparse,60,"[60, 488, 1600]",92,92,"[488, 1600]"
power_sparse,60,"[60, 489, 1408]",4,4,"[489, 1408]"
power_sparse,60,"[60, 489, 1536]",15,15,"[489, 1536]"
power_sparse,60,"[60, 489, 1600]",5,5,"[489, 1600]"
power_sparse,60,"[60, 490, 320]",1,1,"[490, 320]"
power_sparse,60,"[60, 490, 1344]",3,3,"[490, 1344]"
power_sparse,60,"[60, 490, 1408]",13,13,"[490, 1408]"
power_sparse,60,"[60, 490, 1536]",183,183,"[490, 1536]"
power_sparse,60,"[60, 490, 1600]",404,404,"[490, 1600]"
power_sparse,60,"[60, 490, 1664]",19,19,"[490, 1664]"
power_sparse,60,"[60, 491, 1280]",4,4,"[491, 1280]"
power_sparse,60,"[60, 491, 1344]",2,2,"[491, 1344]"
power_sparse,60,"[60, 491, 1408]",6,6,"[491, 1408]"
power_sparse,60,"[60, 491, 1472]",8,8,"[491, 1472]"
power_sparse,60,"[60, 492, 1408]",8,8,"[492, 1408]"
power_sparse,60,"[60, 493, 1216]",4,4,"[493, 1216]"
power_sparse,60,"[60, 493, 1280]",5,5,"[493, 1280]"
power_sparse,60,"[60, 493, 1408]",43,43,"[493, 1408]"
power_sparse,60,"[60, 493, 1472]",814,814,"[493, 1472]"
power_sparse,60,"[60, 493, 1536]",537,537,"[493, 1536]"
power_sparse,60,"[60, 493, 1600]",341,341,"[493, 1600]"
power_sparse,60,"[60, 493, 1664]",5,5,"[493, 1664]"
power_sparse,60,"[60, 494, 1408]",10,10,"[494, 1408]"
power_sparse,60,"[60, 494, 1472]",288,288,"[494, 1472]"
power_sparse,60,"[60, 494, 1536]",24,24,"[494, 1536]"
power_sparse,60,"[60, 495, 1536]",5,5,"[495, 1536]"
power_sparse,60,"[60, 495, 1600]",7,7,"[495, 1600]"
power_sparse,60,"[60, 496, 1408]",3,3,"[496, 1408]"
power_sparse,60,"[60, 496, 1472]",78,78,"[496, 1472]"
power_sparse,60,"[60, 496, 1536]",39,39,"[496, 1536]"
power_sparse,60,"[60, 496, 1600]",246,246,"[496, 1600]"
power_sparse,60,"[60, 496, 1664]",10,10,"[496, 1664]"
power_sparse,60,"[60, 497, 1600]",1,1,"[497, 1600]"
power_sparse,60,"[60, 497, 1664]",9,9,"[497, 1664]"
power_sparse,60,"[60, 497, 1728]",1,1,"[497, 1728]"
power_sparse,60,"[60, 498, 320]",1,1,"[498, 320]"
power_sparse,60,"[60, 498, 384]",1,1,"[498, 384]"
power_sparse,60,"[60, 498, 1280]",4,4,"[498, 1280]"
power_sparse,60,"[60, 498, 1344]",2,2,"[498, 1344]"
power_sparse,60,"[60, 498, 1408]",4,4,"[498, 1408]"
power_sparse,60,"[60, 498, 1472]",22,22,"[498, 1472]"
power_sparse,60,"[60, 498, 1536]",44,44,"[498, 1536]"
power_sparse,60,"[60, 498, 1600]",852,852,"[498, 1600]"
power_sparse,60,"[60, 498, 1664]",82,82,"[498, 1664]"
power_sparse,60,"[60, 499, 1408]",4,4,"[499, 1408]"
power_sparse,60,"[60, 499, 1472]",16,16,"[499, 1472]"
power_sparse,60,"[60, 500, 1408]",8,8,"[500, 1408]"
power_sparse,60,"[60, 500, 1472]",3,3,"[500, 1472]"
power_sparse,60,"[60, 501, 1408]",2,2,"[501, 1408]"
power_sparse,60,"[60, 501, 1472]",422,422,"[501, 1472]"
power_sparse,60,"[60, 501, 1536]",2425,2425,"[501, 1536]"
power_sparse,60,"[60, 501, 1600]",1733,1733,"[501, 1600]"
power_sparse,60,"[60, 501, 1664]",202,202,"[501, 1664]"
power_sparse,60,"[60, 501, 1728]",1,1,"[501, 1728]"
power_sparse,60,"[60, 502, 1472]",194,194,"[502, 1472]"
power_sparse,60,"[60, 502, 1536]",434,434,"[502, 1536]"
power_sparse,60,"[60, 502, 1600]",12,12,"[502, 1600]"
power_sparse,60,"[60, 502, 1664]",2,2,"[502, 1664]"
power_sparse,60,"[60, 503, 1152]",1,1,"[503, 1152]"
power_sparse,60,"[60, 503, 1408]",2,2,"[503, 1408]"
power_sparse,60,"[60, 503, 1472]",121,121,"[503, 1472]"
power_sparse,60,"[60, 503, 1536]",1108,1108,"[503, 1536]"
power_sparse,60,"[60, 503, 1600]",270,270,"[503, 1600]"
power_sparse,60,"[60, 503, 1664]",41,41,"[503, 1664]"
power_sparse,60,"[60, 504, 1472]",46,46,"[504, 1472]"
power_sparse,60,"[60, 504, 1536]",75,75,"[504, 1536]"
power_sparse,60,"[60, 504, 1600]",1,1,"[504, 1600]"
power_sparse,60,"[60, 506, 1472]",4,4,"[506, 1472]"
power_sparse,60,"[60, 506, 1536]",8,8,"[506, 1536]"
power_sparse,60,"[60, 506, 1600]",817,817,"[506, 1600]"
power_sparse,60,"[60, 506, 1664]",684,684,"[506, 1664]"
power_sparse,60,"[60, 508, 1408]",2,2,"[508, 1408]"
power_sparse,60,"[60, 508, 1472]",10,10,"[508, 1472]"
power_sparse,60,"[60, 508, 1536]",1,1,"[508, 1536]"
power_sparse,60,"[60, 508, 1664]",2,2,"[508, 1664]"
power_sparse,60,"[60, 508, 1728]",9,9,"[508, 1728]"
power_sparse,60,"[60, 509, 1216]",1,1,"[509, 1216]"
power_sparse,60,"[60, 509, 1280]",1,1,"[509, 1280]"
power_sparse,60,"[60, 509, 1344]",1,1,"[509, 1344]"
power_sparse,60,"[60, 509, 1472]",5,5,"[509, 1472]"
power_sparse,60,"[60, 509, 1536]",737,737,"[509, 1536]"
power_sparse,60,"[60, 509, 1600]",2433,2433,"[509, 1600]"
power_sparse,60,"[60, 509, 1664]",2160,2160,"[509, 1664]"
power_sparse,60,"[60, 509, 1728]",81,81,"[509, 1728]"
power_sparse,60,"[60, 510, 1472]",9,9,"[510, 1472]"
power_sparse,60,"[60, 510, 1536]",919,919,"[510, 1536]"
power_sparse,60,"[60, 510, 1600]",232,232,"[510, 1600]"
power_sparse,60,"[60, 510, 1664]",33,33,"[510, 1664]"
power_sparse,60,"[60, 510, 1728]",62,62,"[510, 1728]"
power_sparse,60,"[60, 510, 1792]",3,3,"[510, 1792]"
power_sparse,60,"[60, 511, 1600]",92,92,"[511, 1600]"
power_sparse,60,"[60, 511, 1664]",139,139,"[511, 1664]"
power_sparse,60,"[60, 511, 1728]",2,2,"[511, 1728]"
power_sparse,60,"[60, 512, 1472]",2,2,"[512, 1472]"
power_sparse,60,"[60, 512, 1536]",157,157,"[512, 1536]"
power_sparse,60,"[60, 512, 1600]",12,12,"[512, 1600]"
power_sparse,60,"[60, 512, 1664]",187,187,"[512, 1664]"
power_sparse,60,"[60, 512, 1728]",1656,1656,"[512, 1728]"
power_sparse,60,"[60, 512, 1792]",88,88,"[512, 1792]"
power_sparse,60,"[60, 513, 1216]",1,1,"[513, 1216]"
power_sparse,60,"[60, 513, 1600]",1,1,"[513, 1600]"
power_sparse,60,"[60, 513, 1664]",12,12,"[513, 1664]"
power_sparse,60,"[60, 513, 1728]",53,53,"[513, 1728]"
power_sparse,60,"[60, 513, 1792]",1,1,"[513, 1792]"
power_sparse,60,"[60, 514, 1536]",11,11,"[514, 1536]"
power_sparse,60,"[60, 514, 1600]",1,1,"[514, 1600]"
power_sparse,60,"[60, 514, 1728]",32,32,"[514, 1728]"
power_sparse,60,"[60, 515, 1472]",1,1,"[515, 1472]"
power_sparse,60,"[60, 515, 1536]",1,1,"[515, 1536]"
power_sparse,60,"[60, 515, 1664]",226,226,"[515, 1664]"
power_sparse,60,"[60, 515, 1728]",760,760,"[515, 1728]"
power_sparse,60,"[60, 515, 1792]",25,25,"[515, 1792]"
power_sparse,60,"[60, 516, 1280]",1,1,"[516, 1280]"
power_sparse,60,"[60, 517, 1600]",1,1,"[517, 1600]"
power_sparse,60,"[60, 517, 1664]",1330,1330,"[517, 1664]"
power_sparse,60,"[60, 517, 1728]",5000,7446,"[517, 1728]"
power_sparse,60,"[60, 517, 1792]",336,336,"[517, 1792]"
power_sparse,60,"[60, 518, 1664]",2,2,"[518, 1664]"
power_sparse,60,"[60, 518, 1728]",108,108,"[518, 1728]"
power_sparse,60,"[60, 518, 1792]",6,6,"[518, 1792]"
power_sparse,60,"[60, 519, 1600]",41,41,"[519, 1600]"
power_sparse,60,"[60, 519, 1664]",658,658,"[519, 1664]"
power_sparse,60,"[60, 519, 1728]",45,45,"[519, 1728]"
power_sparse,60,"[60, 520, 1536]",64,64,"[520, 1536]"
power_sparse,60,"[60, 520, 1600]",165,165,"[520, 1600]"
power_sparse,60,"[60, 520, 1664]",78,78,"[520, 1664]"
power_sparse,60,"[60, 520, 1728]",2742,2742,"[520, 1728]"
power_sparse,60,"[60, 520, 1792]",1000,1000,"[520, 1792]"
power_sparse,60,"[60, 521, 1664]",11,11,"[521, 1664]"
power_sparse,60,"[60, 521, 1728]",1,1,"[521, 1728]"
power_sparse,60,"[60, 522, 320]",1,1,"[522, 320]"
power_sparse,60,"[60, 522, 1536]",9,9,"[522, 1536]"
power_sparse,60,"[60, 522, 1600]",5,5,"[522, 1600]"
power_sparse,60,"[60, 522, 1664]",2,2,"[522, 1664]"
power_sparse,60,"[60, 523, 1536]",1,1,"[523, 1536]"
power_sparse,60,"[60, 523, 1664]",4,4,"[523, 1664]"
power_sparse,60,"[60, 523, 1728]",6,6,"[523, 1728]"
power_sparse,60,"[60, 523, 1792]",2,2,"[523, 1792]"
power_sparse,60,"[60, 524, 1344]",1,1,"[524, 1344]"
power_sparse,60,"[60, 525, 1536]",2,2,"[525, 1536]"
power_sparse,60,"[60, 525, 1664]",20,20,"[525, 1664]"
power_sparse,60,"[60, 525, 1728]",1665,1665,"[525, 1728]"
power_sparse,60,"[60, 525, 1792]",1451,1451,"[525, 1792]"
power_sparse,60,"[60, 525, 1856]",4,4,"[525, 1856]"
power_sparse,60,"[60, 527, 1664]",23,23,"[527, 1664]"
power_sparse,60,"[60, 527, 1728]",1447,1447,"[527, 1728]"
power_sparse,60,"[60, 527, 1792]",1052,1052,"[527, 1792]"
power_sparse,60,"[60, 527, 1856]",2,2,"[527, 1856]"
power_sparse,60,"[60, 528, 1408]",1,1,"[528, 1408]"
power_sparse,60,"[60, 528, 1664]",2,2,"[528, 1664]"
power_sparse,60,"[60, 528, 1728]",18,18,"[528, 1728]"
power_sparse,60,"[60, 528, 1792]",18,18,"[528, 1792]"
power_sparse,60,"[60, 529, 1600]",1,1,"[529, 1600]"
power_sparse,60,"[60, 529, 1664]",41,41,"[529, 1664]"
power_sparse,60,"[60, 529, 1728]",38,38,"[529, 1728]"
power_sparse,60,"[60, 530, 1600]",12,12,"[530, 1600]"
power_sparse,60,"[60, 530, 1664]",2,2,"[530, 1664]"
power_sparse,60,"[60, 530, 1728]",1,1,"[530, 1728]"
power_sparse,60,"[60, 532, 1792]",1,1,"[532, 1792]"
power_sparse,60,"[60, 533, 1664]",2,2,"[533, 1664]"
power_sparse,60,"[60, 533, 1728]",15,15,"[533, 1728]"
power_sparse,60,"[60, 533, 1792]",86,86,"[533, 1792]"
power_sparse,60,"[60, 533, 1856]",12,12,"[533, 1856]"
power_sparse,60,"[60, 534, 1664]",2,2,"[534, 1664]"
power_sparse,60,"[60, 534, 1728]",2,2,"[534, 1728]"
power_sparse,60,"[60, 534, 1792]",8,8,"[534, 1792]"
power_sparse,60,"[60, 534, 1856]",2,2,"[534, 1856]"
power_sparse,60,"[60, 535, 1536]",2,2,"[535, 1536]"
power_sparse,60,"[60, 536, 1472]",1,1,"[536, 1472]"
power_sparse,60,"[60, 536, 1728]",44,44,"[536, 1728]"
power_sparse,60,"[60, 536, 1792]",868,868,"[536, 1792]"
power_sparse,60,"[60, 536, 1856]",151,151,"[536, 1856]"
power_sparse,60,"[60, 537, 1664]",5,5,"[537, 1664]"
power_sparse,60,"[60, 537, 1728]",198,198,"[537, 1728]"
power_sparse,60,"[60, 537, 1792]",548,548,"[537, 1792]"
power_sparse,60,"[60, 537, 1856]",26,26,"[537, 1856]"
power_sparse,60,"[60, 538, 384]",2,2,"[538, 384]"
power_sparse,60,"[60, 538, 1728]",8,8,"[538, 1728]"
power_sparse,60,"[60, 538, 1792]",23,23,"[538, 1792]"
power_sparse,60,"[60, 538, 1856]",20,20,"[538, 1856]"
power_sparse,60,"[60, 539, 1728]",3,3,"[539, 1728]"
power_sparse,60,"[60, 539, 1856]",1,1,"[539, 1856]"
power_sparse,60,"[60, 540, 1024]",1,1,"[540, 1024]"
power_sparse,60,"[60, 540, 1664]",2,2,"[540, 1664]"
power_sparse,60,"[60, 541, 1792]",4,4,"[541, 1792]"
power_sparse,60,"[60, 542, 1600]",1,1,"[542, 1600]"
power_sparse,60,"[60, 542, 1728]",2,2,"[542, 1728]"
power_sparse,60,"[60, 543, 1600]",3,3,"[543, 1600]"
power_sparse,60,"[60, 543, 1664]",2,2,"[543, 1664]"
power_sparse,60,"[60, 543, 1728]",8,8,"[543, 1728]"
power_sparse,60,"[60, 543, 1792]",26,26,"[543, 1792]"
power_sparse,60,"[60, 543, 1856]",49,49,"[543, 1856]"
power_sparse,60,"[60, 543, 1920]",2,2,"[543, 1920]"
power_sparse,60,"[60, 544, 1024]",1,1,"[544, 1024]"
power_sparse,60,"[60, 544, 1728]",3,3,"[544, 1728]"
power_sparse,60,"[60, 544, 1792]",16,16,"[544, 1792]"
power_sparse,60,"[60, 544, 1856]",71,71,"[544, 1856]"
power_sparse,60,"[60, 545, 1472]",1,1,"[545, 1472]"
power_sparse,60,"[60, 545, 1728]",2,2,"[545, 1728]"
power_sparse,60,"[60, 545, 1856]",2,2,"[545, 1856]"
power_sparse,60,"[60, 546, 1792]",20,20,"[546, 1792]"
power_sparse,60,"[60, 546, 1856]",75,75,"[546, 1856]"
power_sparse,60,"[60, 546, 1920]",1,1,"[546, 1920]"
power_sparse,60,"[60, 547, 1664]",1,1,"[547, 1664]"
power_sparse,60,"[60, 547, 1728]",11,11,"[547, 1728]"
power_sparse,60,"[60, 547, 1792]",66,66,"[547, 1792]"
power_sparse,60,"[60, 547, 1856]",11,11,"[547, 1856]"
power_sparse,60,"[60, 549, 1472]",1,1,"[549, 1472]"
power_sparse,60,"[60, 550, 1664]",3,3,"[550, 1664]"
power_sparse,60,"[60, 550, 1792]",2,2,"[550, 1792]"
power_sparse,60,"[60, 550, 1856]",12,12,"[550, 1856]"
power_sparse,60,"[60, 551, 1472]",2,2,"[551, 1472]"
power_sparse,60,"[60, 551, 1664]",2,2,"[551, 1664]"
power_sparse,60,"[60, 551, 1792]",1,1,"[551, 1792]"
power_sparse,60,"[60, 552, 1728]",3,3,"[552, 1728]"
power_sparse,60,"[60, 552, 1792]",3,3,"[552, 1792]"
power_sparse,60,"[60, 553, 1472]",2,2,"[553, 1472]"
power_sparse,60,"[60, 553, 1728]",2,2,"[553, 1728]"
power_sparse,60,"[60, 553, 1792]",2,2,"[553, 1792]"
power_sparse,60,"[60, 554, 1728]",2,2,"[554, 1728]"
power_sparse,60,"[60, 554, 1792]",5,5,"[554, 1792]"
power_sparse,60,"[60, 555, 1536]",1,1,"[555, 1536]"
power_sparse,60,"[60, 555, 1728]",2,2,"[555, 1728]"
power_sparse,60,"[60, 555, 1792]",18,18,"[555, 1792]"
power_sparse,60,"[60, 555, 1856]",55,55,"[555, 1856]"
power_sparse,60,"[60, 556, 1664]",2,2,"[556, 1664]"
power_sparse,60,"[60, 556, 1728]",2,2,"[556, 1728]"
power_sparse,60,"[60, 556, 1856]",5,5,"[556, 1856]"
power_sparse,60,"[60, 556, 1920]",3,3,"[556, 1920]"
power_sparse,60,"[60, 557, 1536]",2,2,"[557, 1536]"
power_sparse,60,"[60, 557, 1664]",3,3,"[557, 1664]"
power_sparse,60,"[60, 557, 1792]",1,1,"[557, 1792]"
power_sparse,60,"[60, 558, 1664]",2,2,"[558, 1664]"
power_sparse,60,"[60, 558, 1856]",10,10,"[558, 1856]"
power_sparse,60,"[60, 558, 1920]",9,9,"[558, 1920]"
power_sparse,60,"[60, 559, 1728]",4,4,"[559, 1728]"
power_sparse,60,"[60, 560, 1728]",2,2,"[560, 1728]"
power_sparse,60,"[60, 560, 1792]",2,2,"[560, 1792]"
power_sparse,60,"[60, 560, 1856]",22,22,"[560, 1856]"
power_sparse,60,"[60, 560, 1920]",6,6,"[560, 1920]"
power_sparse,60,"[60, 561, 1536]",2,2,"[561, 1536]"
power_sparse,60,"[60, 561, 1792]",5,5,"[561, 1792]"
power_sparse,60,"[60, 561, 2048]",2,2,"[561, 2048]"
power_sparse,60,"[60, 562, 256]",1,1,"[562, 256]"
power_sparse,60,"[60, 562, 384]",1,1,"[562, 384]"
power_sparse,60,"[60, 562, 1536]",2,2,"[562, 1536]"
power_sparse,60,"[60, 562, 1600]",2,2,"[562, 1600]"
power_sparse,60,"[60, 562, 1664]",4,4,"[562, 1664]"
power_sparse,60,"[60, 562, 1728]",3,3,"[562, 1728]"
power_sparse,60,"[60, 562, 1792]",3,3,"[562, 1792]"
power_sparse,60,"[60, 562, 1856]",2,2,"[562, 1856]"
power_sparse,60,"[60, 562, 1920]",2,2,"[562, 1920]"
power_sparse,60,"[60, 563, 1536]",2,2,"[563, 1536]"
power_sparse,60,"[60, 563, 1664]",1,1,"[563, 1664]"
power_sparse,60,"[60, 564, 1536]",2,2,"[564, 1536]"
power_sparse,60,"[60, 565, 1536]",2,2,"[565, 1536]"
power_sparse,60,"[60, 565, 1728]",2,2,"[565, 1728]"
power_sparse,60,"[60, 565, 1792]",5,5,"[565, 1792]"
power_sparse,60,"[60, 565, 1856]",45,45,"[565, 1856]"
power_sparse,60,"[60, 565, 1920]",6,6,"[565, 1920]"
power_sparse,60,"[60, 566, 256]",2,2,"[566, 256]"
power_sparse,60,"[60, 566, 1472]",2,2,"[566, 1472]"
power_sparse,60,"[60, 566, 1600]",7,7,"[566, 1600]"
power_sparse,60,"[60, 566, 1664]",7,7,"[566, 1664]"
power_sparse,60,"[60, 566, 1728]",8,8,"[566, 1728]"
power_sparse,60,"[60, 566, 1792]",11,11,"[566, 1792]"
power_sparse,60,"[60, 566, 1856]",1,1,"[566, 1856]"
power_sparse,60,"[60, 566, 1920]",1,1,"[566, 1920]"
power_sparse,60,"[60, 567, 1408]",2,2,"[567, 1408]"
power_sparse,60,"[60, 567, 1472]",2,2,"[567, 1472]"
power_sparse,60,"[60, 567, 1536]",2,2,"[567, 1536]"
power_sparse,60,"[60, 568, 320]",2,2,"[568, 320]"
power_sparse,60,"[60, 568, 1728]",4,4,"[568, 1728]"
power_sparse,60,"[60, 568, 1792]",2,2,"[568, 1792]"
power_sparse,60,"[60, 568, 1920]",1,1,"[568, 1920]"
power_sparse,60,"[60, 570, 320]",2,2,"[570, 320]"
power_sparse,60,"[60, 570, 384]",6,6,"[570, 384]"
power_sparse,60,"[60, 570, 448]",2,2,"[570, 448]"
power_sparse,60,"[60, 570, 1024]",1,1,"[570, 1024]"
power_sparse,60,"[60, 570, 1472]",5,5,"[570, 1472]"
power_sparse,60,"[60, 570, 1536]",2,2,"[570, 1536]"
power_sparse,60,"[60, 570, 1600]",2,2,"[570, 1600]"
power_sparse,60,"[60, 570, 1664]",3,3,"[570, 1664]"
power_sparse,60,"[60, 570, 1728]",4,4,"[570, 1728]"
power_sparse,60,"[60, 570, 1920]",2,2,"[570, 1920]"
power_sparse,60,"[60, 571, 1216]",1,1,"[571, 1216]"
power_sparse,60,"[60, 571, 1472]",5,5,"[571, 1472]"
power_sparse,60,"[60, 571, 1536]",6,6,"[571, 1536]"
power_sparse,60,"[60, 571, 1600]",3,3,"[571, 1600]"
power_sparse,60,"[60, 571, 1664]",3,3,"[571, 1664]"
power_sparse,60,"[60, 571, 2048]",2,2,"[571, 2048]"
power_sparse,60,"[60, 572, 320]",2,2,"[572, 320]"
power_sparse,60,"[60, 572, 1408]",1,1,"[572, 1408]"
power_sparse,60,"[60, 572, 1472]",1,1,"[572, 1472]"
power_sparse,60,"[60, 572, 1728]",1,1,"[572, 1728]"
power_sparse,60,"[60, 572, 1856]",1,1,"[572, 1856]"
power_sparse,60,"[60, 572, 1984]",1,1,"[572, 1984]"
power_sparse,60,"[60, 573, 1728]",1,1,"[573, 1728]"
power_sparse,60,"[60, 573, 1792]",3,3,"[573, 1792]"
power_sparse,60,"[60, 574, 1536]",4,4,"[574, 1536]"
power_sparse,60,"[60, 574, 1600]",5,5,"[574, 1600]"
power_sparse,60,"[60, 574, 1728]",6,6,"[574, 1728]"
power_sparse,60,"[60, 574, 1856]",2,2,"[574, 1856]"
power_sparse,60,"[60, 574, 1984]",2,2,"[574, 1984]"
power_sparse,60,"[60, 575, 1472]",2,2,"[575, 1472]"
power_sparse,60,"[60, 575, 1792]",4,4,"[575, 1792]"
power_sparse,60,"[60, 575, 1856]",2,2,"[575, 1856]"
power_sparse,60,"[60, 575, 1920]",1,1,"[575, 1920]"
power_sparse,60,"[60, 576, 1856]",1,1,"[576, 1856]"
power_sparse,60,"[60, 577, 384]",6,6,"[577, 384]"
power_sparse,60,"[60, 577, 896]",6,6,"[577, 896]"
power_sparse,60,"[60, 577, 1344]",2,2,"[577, 1344]"
power_sparse,60,"[60, 577, 1472]",3,3,"[577, 1472]"
power_sparse,60,"[60, 577, 1536]",5,5,"[577, 1536]"
power_sparse,60,"[60, 577, 1664]",3,3,"[577, 1664]"
power_sparse,60,"[60, 577, 1728]",2,2,"[577, 1728]"
power_sparse,60,"[60, 577, 1792]",1,1,"[577, 1792]"
power_sparse,60,"[60, 577, 1856]",1,1,"[577, 1856]"
power_sparse,60,"[60, 577, 1984]",8,8,"[577, 1984]"
power_sparse,60,"[60, 577, 2048]",2,2,"[577, 2048]"
power_sparse,60,"[60, 578, 256]",4,4,"[578, 256]"
power_sparse,60,"[60, 578, 320]",3,3,"[578, 320]"
power_sparse,60,"[60, 578, 384]",8,8,"[578, 384]"
power_sparse,60,"[60, 578, 448]",1,1,"[578, 448]"
power_sparse,60,"[60, 578, 1280]",2,2,"[578, 1280]"
power_sparse,60,"[60, 578, 1344]",4,4,"[578, 1344]"
power_sparse,60,"[60, 578, 1408]",2,2,"[578, 1408]"
power_sparse,60,"[60, 578, 1472]",4,4,"[578, 1472]"
power_sparse,60,"[60, 578, 1536]",1,1,"[578, 1536]"
power_sparse,60,"[60, 578, 1664]",2,2,"[578, 1664]"
power_sparse,60,"[60, 578, 1856]",1,1,"[578, 1856]"
power_sparse,60,"[60, 578, 2048]",2,2,"[578, 2048]"
power_sparse,60,"[60, 579, 1280]",6,6,"[579, 1280]"
power_sparse,60,"[60, 579, 1344]",2,2,"[579, 1344]"
power_sparse,60,"[60, 579, 1408]",2,2,"[579, 1408]"
power_sparse,60,"[60, 579, 1472]",4,4,"[579, 1472]"
power_sparse,60,"[60, 579, 1536]",7,7,"[579, 1536]"
power_sparse,60,"[60, 579, 1600]",3,3,"[579, 1600]"
power_sparse,60,"[60, 579, 1664]",5,5,"[579, 1664]"
power_sparse,60,"[60, 579, 1792]",3,3,"[579, 1792]"
power_sparse,60,"[60, 579, 1920]",1,1,"[579, 1920]"
power_sparse,60,"[60, 580, 256]",8,8,"[580, 256]"
power_sparse,60,"[60, 580, 1344]",2,2,"[580, 1344]"
power_sparse,60,"[60, 580, 1472]",3,3,"[580, 1472]"
power_sparse,60,"[60, 580, 1536]",9,9,"[580, 1536]"
power_sparse,60,"[60, 580, 1600]",20,20,"[580, 1600]"
power_sparse,60,"[60, 580, 1664]",10,10,"[580, 1664]"
power_sparse,60,"[60, 580, 1728]",16,16,"[580, 1728]"
power_sparse,60,"[60, 580, 1792]",6,6,"[580, 1792]"
power_sparse,60,"[60, 580, 1856]",2,2,"[580, 1856]"
power_sparse,60,"[60, 581, 1152]",4,4,"[581, 1152]"
power_sparse,60,"[60, 581, 1472]",2,2,"[581, 1472]"
power_sparse,60,"[60, 581, 1536]",2,2,"[581, 1536]"
power_sparse,60,"[60, 581, 2112]",2,2,"[581, 2112]"
power_sparse,60,"[60, 582, 320]",2,2,"[582, 320]"
power_sparse,60,"[60, 582, 1408]",2,2,"[582, 1408]"
power_sparse,60,"[60, 582, 1792]",3,3,"[582, 1792]"
power_sparse,60,"[60, 582, 1984]",2,2,"[582, 1984]"
power_sparse,60,"[60, 583, 1088]",4,4,"[583, 1088]"
power_sparse,60,"[60, 584, 1472]",2,2,"[584, 1472]"
power_sparse,60,"[60, 584, 1664]",3,3,"[584, 1664]"
power_sparse,60,"[60, 585, 1088]",4,4,"[585, 1088]"
power_sparse,60,"[60, 585, 1280]",8,8,"[585, 1280]"
power_sparse,60,"[60, 585, 1408]",8,8,"[585, 1408]"
power_sparse,60,"[60, 585, 1472]",12,12,"[585, 1472]"
power_sparse,60,"[60, 585, 1536]",8,8,"[585, 1536]"
power_sparse,60,"[60, 585, 1600]",46,46,"[585, 1600]"
power_sparse,60,"[60, 585, 1664]",35,35,"[585, 1664]"
power_sparse,60,"[60, 585, 1728]",15,15,"[585, 1728]"
power_sparse,60,"[60, 585, 1792]",1,1,"[585, 1792]"
power_sparse,60,"[60, 585, 1856]",4,4,"[585, 1856]"
power_sparse,60,"[60, 585, 1920]",4,4,"[585, 1920]"
power_sparse,60,"[60, 586, 320]",29,29,"[586, 320]"
power_sparse,60,"[60, 586, 384]",15,15,"[586, 384]"
power_sparse,60,"[60, 586, 448]",3,3,"[586, 448]"
power_sparse,60,"[60, 586, 1088]",2,2,"[586, 1088]"
power_sparse,60,"[60, 586, 1152]",4,4,"[586, 1152]"
power_sparse,60,"[60, 586, 1216]",4,4,"[586, 1216]"
power_sparse,60,"[60, 586, 1280]",4,4,"[586, 1280]"
power_sparse,60,"[60, 586, 1344]",18,18,"[586, 1344]"
power_sparse,60,"[60, 586, 1408]",40,40,"[586, 1408]"
power_sparse,60,"[60, 586, 1472]",50,50,"[586, 1472]"
power_sparse,60,"[60, 586, 1536]",44,44,"[586, 1536]"
power_sparse,60,"[60, 586, 1600]",56,56,"[586, 1600]"
power_sparse,60,"[60, 586, 1664]",67,67,"[586, 1664]"
power_sparse,60,"[60, 586, 1728]",43,43,"[586, 1728]"
power_sparse,60,"[60, 586, 1792]",28,28,"[586, 1792]"
power_sparse,60,"[60, 586, 1856]",24,24,"[586, 1856]"
power_sparse,60,"[60, 586, 1920]",2,2,"[586, 1920]"
power_sparse,60,"[60, 586, 1984]",1,1,"[586, 1984]"
power_sparse,60,"[60, 587, 1472]",4,4,"[587, 1472]"
power_sparse,60,"[60, 587, 1536]",8,8,"[587, 1536]"
power_sparse,60,"[60, 587, 1600]",16,16,"[587, 1600]"
power_sparse,60,"[60, 587, 1664]",9,9,"[587, 1664]"
power_sparse,60,"[60, 587, 1728]",2,2,"[587, 1728]"
power_sparse,60,"[60, 587, 1856]",4,4,"[587, 1856]"
power_sparse,60,"[60, 587, 1920]",1,1,"[587, 1920]"
power_sparse,60,"[60, 587, 2048]",1,1,"[587, 2048]"
power_sparse,60,"[60, 588, 320]",12,12,"[588, 320]"
power_sparse,60,"[60, 588, 384]",2,2,"[588, 384]"
power_sparse,60,"[60, 588, 1344]",1,1,"[588, 1344]"
power_sparse,60,"[60, 588, 1472]",6,6,"[588, 1472]"
power_sparse,60,"[60, 588, 1536]",12,12,"[588, 1536]"
power_sparse,60,"[60, 588, 1600]",11,11,"[588, 1600]"
power_sparse,60,"[60, 588, 1664]",4,4,"[588, 1664]"
power_sparse,60,"[60, 588, 1728]",4,4,"[588, 1728]"
power_sparse,60,"[60, 588, 1792]",1,1,"[588, 1792]"
power_sparse,60,"[60, 588, 1856]",6,6,"[588, 1856]"
power_sparse,60,"[60, 588, 1984]",5,5,"[588, 1984]"
power_sparse,60,"[60, 589, 1280]",2,2,"[589, 1280]"
power_sparse,60,"[60, 589, 1344]",1,1,"[589, 1344]"
power_sparse,60,"[60, 589, 1472]",6,6,"[589, 1472]"
power_sparse,60,"[60, 589, 1536]",4,4,"[589, 1536]"
power_sparse,60,"[60, 589, 1600]",2,2,"[589, 1600]"
power_sparse,60,"[60, 589, 1664]",6,6,"[589, 1664]"
power_sparse,60,"[60, 589, 1728]",2,2,"[589, 1728]"
power_sparse,60,"[60, 589, 1792]",2,2,"[589, 1792]"
power_sparse,60,"[60, 590, 1216]",2,2,"[590, 1216]"
power_sparse,60,"[60, 590, 1344]",2,2,"[590, 1344]"
power_sparse,60,"[60, 590, 1408]",1,1,"[590, 1408]"
power_sparse,60,"[60, 590, 1472]",2,2,"[590, 1472]"
power_sparse,60,"[60, 590, 1728]",2,2,"[590, 1728]"
power_sparse,60,"[60, 590, 1792]",3,3,"[590, 1792]"
power_sparse,60,"[60, 590, 1856]",12,12,"[590, 1856]"
power_sparse,60,"[60, 590, 1920]",6,6,"[590, 1920]"
power_sparse,60,"[60, 590, 2112]",2,2,"[590, 2112]"
power_sparse,60,"[60, 591, 1664]",2,2,"[591, 1664]"
power_sparse,60,"[60, 591, 1856]",1,1,"[591, 1856]"
power_sparse,60,"[60, 591, 1984]",8,8,"[591, 1984]"
power_sparse,60,"[60, 591, 2048]",9,9,"[591, 2048]"
power_sparse,60,"[60, 592, 320]",3,3,"[592, 320]"
power_sparse,60,"[60, 592, 1408]",2,2,"[592, 1408]"
power_sparse,60,"[60, 592, 1600]",2,2,"[592, 1600]"
power_sparse,60,"[60, 592, 1664]",2,2,"[592, 1664]"
power_sparse,60,"[60, 592, 1728]",2,2,"[592, 1728]"
power_sparse,60,"[60, 592, 1984]",1,1,"[592, 1984]"
power_sparse,60,"[60, 592, 2112]",1,1,"[592, 2112]"
power_sparse,60,"[60, 593, 896]",2,2,"[593, 896]"
power_sparse,60,"[60, 593, 1088]",2,2,"[593, 1088]"
power_sparse,60,"[60, 593, 1280]",2,2,"[593, 1280]"
power_sparse,60,"[60, 593, 1344]",5,5,"[593, 1344]"
power_sparse,60,"[60, 593, 1408]",9,9,"[593, 1408]"
power_sparse,60,"[60, 593, 1472]",13,13,"[593, 1472]"
power_sparse,60,"[60, 593, 1536]",17,17,"[593, 1536]"
power_sparse,60,"[60, 593, 1600]",34,34,"[593, 1600]"
power_sparse,60,"[60, 593, 1664]",33,33,"[593, 1664]"
power_sparse,60,"[60, 593, 1728]",18,18,"[593, 1728]"
power_sparse,60,"[60, 593, 1792]",6,6,"[593, 1792]"
power_sparse,60,"[60, 593, 1856]",13,13,"[593, 1856]"
power_sparse,60,"[60, 593, 1920]",92,92,"[593, 1920]"
power_sparse,60,"[60, 593, 1984]",22,22,"[593, 1984]"
power_sparse,60,"[60, 593, 2176]",2,2,"[593, 2176]"
power_sparse,60,"[60, 594, 256]",4,4,"[594, 256]"
power_sparse,60,"[60, 594, 320]",5,5,"[594, 320]"
power_sparse,60,"[60, 594, 384]",3,3,"[594, 384]"
power_sparse,60,"[60, 594, 896]",4,4,"[594, 896]"
power_sparse,60,"[60, 594, 1280]",4,4,"[594, 1280]"
power_sparse,60,"[60, 594, 1408]",8,8,"[594, 1408]"
power_sparse,60,"[60, 594, 1472]",21,21,"[594, 1472]"
power_sparse,60,"[60, 594, 1536]",33,33,"[594, 1536]"
power_sparse,60,"[60, 594, 1600]",44,44,"[594, 1600]"
power_sparse,60,"[60, 594, 1664]",25,25,"[594, 1664]"
power_sparse,60,"[60, 594, 1728]",23,23,"[594, 1728]"
power_sparse,60,"[60, 594, 1792]",12,12,"[594, 1792]"
power_sparse,60,"[60, 594, 1856]",6,6,"[594, 1856]"
power_sparse,60,"[60, 594, 1920]",11,11,"[594, 1920]"
power_sparse,60,"[60, 594, 2112]",1,1,"[594, 2112]"
power_sparse,60,"[60, 595, 960]",2,2,"[595, 960]"
power_sparse,60,"[60, 595, 1216]",2,2,"[595, 1216]"
power_sparse,60,"[60, 595, 1408]",5,5,"[595, 1408]"
power_sparse,60,"[60, 595, 1472]",4,4,"[595, 1472]"
power_sparse,60,"[60, 595, 1536]",12,12,"[595, 1536]"
power_sparse,60,"[60, 595, 1600]",15,15,"[595, 1600]"
power_sparse,60,"[60, 595, 1664]",37,37,"[595, 1664]"
power_sparse,60,"[60, 595, 1728]",12,12,"[595, 1728]"
power_sparse,60,"[60, 595, 1792]",19,19,"[595, 1792]"
power_sparse,60,"[60, 595, 1856]",1,1,"[595, 1856]"
power_sparse,60,"[60, 595, 1920]",3,3,"[595, 1920]"
power_sparse,60,"[60, 595, 1984]",1,1,"[595, 1984]"
power_sparse,60,"[60, 596, 320]",8,8,"[596, 320]"
power_sparse,60,"[60, 596, 1472]",2,2,"[596, 1472]"
power_sparse,60,"[60, 596, 1536]",2,2,"[596, 1536]"
power_sparse,60,"[60, 596, 1664]",9,9,"[596, 1664]"
power_sparse,60,"[60, 596, 1728]",8,8,"[596, 1728]"
power_sparse,60,"[60, 596, 1792]",2,2,"[596, 1792]"
power_sparse,60,"[60, 596, 1856]",2,2,"[596, 1856]"
power_sparse,60,"[60, 596, 1920]",1,1,"[596, 1920]"
power_sparse,60,"[60, 596, 1984]",4,4,"[596, 1984]"
power_sparse,60,"[60, 596, 2048]",1,1,"[596, 2048]"
power_sparse,60,"[60, 597, 1600]",2,2,"[597, 1600]"
power_sparse,60,"[60, 597, 1664]",4,4,"[597, 1664]"
power_sparse,60,"[60, 597, 1728]",2,2,"[597, 1728]"
power_sparse,60,"[60, 597, 1792]",1,1,"[597, 1792]"
power_sparse,60,"[60, 597, 2112]",2,2,"[597, 2112]"
power_sparse,60,"[60, 597, 2176]",4,4,"[597, 2176]"
power_sparse,60,"[60, 598, 384]",2,2,"[598, 384]"
power_sparse,60,"[60, 598, 1600]",2,2,"[598, 1600]"
power_sparse,60,"[60, 598, 1664]",2,2,"[598, 1664]"
power_sparse,60,"[60, 598, 1728]",1,1,"[598, 1728]"
power_sparse,60,"[60, 598, 1792]",5,5,"[598, 1792]"
power_sparse,60,"[60, 598, 1856]",5,5,"[598, 1856]"
power_sparse,60,"[60, 598, 1984]",2,2,"[598, 1984]"
power_sparse,60,"[60, 598, 2048]",5,5,"[598, 2048]"
power_sparse,60,"[60, 599, 1472]",2,2,"[599, 1472]"
power_sparse,60,"[60, 599, 1536]",2,2,"[599, 1536]"
power_sparse,60,"[60, 599, 2112]",1,1,"[599, 2112]"
power_sparse,60,"[60, 600, 1344]",2,2,"[600, 1344]"
power_sparse,60,"[60, 600, 1920]",1,1,"[600, 1920]"
power_sparse,60,"[60, 601, 256]",74,74,"[601, 256]"
power_sparse,60,"[60, 601, 320]",65,65,"[601, 320]"
power_sparse,60,"[60, 601, 384]",52,52,"[601, 384]"
power_sparse,60,"[60, 601, 448]",20,20,"[601, 448]"
power_sparse,60,"[60, 601, 1280]",18,18,"[601, 1280]"
power_sparse,60,"[60, 601, 1344]",148,148,"[601, 1344]"
power_sparse,60,"[60, 601, 1408]",4,4,"[601, 1408]"
power_sparse,60,"[60, 601, 1472]",2,2,"[601, 1472]"
power_sparse,60,"[60, 601, 1536]",4,4,"[601, 1536]"
power_sparse,60,"[60, 601, 1728]",2,2,"[601, 1728]"
power_sparse,60,"[60, 601, 1792]",1,1,"[601, 1792]"
power_sparse,60,"[60, 601, 1856]",7,7,"[601, 1856]"
power_sparse,60,"[60, 601, 1920]",45,45,"[601, 1920]"
power_sparse,60,"[60, 601, 1984]",79,79,"[601, 1984]"
power_sparse,60,"[60, 601, 2048]",15,15,"[601, 2048]"
power_sparse,60,"[60, 601, 2112]",3,3,"[601, 2112]"
power_sparse,60,"[60, 601, 2176]",7,7,"[601, 2176]"
power_sparse,60,"[60, 602, 320]",13,13,"[602, 320]"
power_sparse,60,"[60, 602, 384]",7,7,"[602, 384]"
power_sparse,60,"[60, 602, 448]",2,2,"[602, 448]"
power_sparse,60,"[60, 602, 512]",1,1,"[602, 512]"
power_sparse,60,"[60, 602, 768]",2,2,"[602, 768]"
power_sparse,60,"[60, 602, 1152]",2,2,"[602, 1152]"
power_sparse,60,"[60, 602, 1280]",4,4,"[602, 1280]"
power_sparse,60,"[60, 602, 1344]",2,2,"[602, 1344]"
power_sparse,60,"[60, 602, 1408]",24,24,"[602, 1408]"
power_sparse,60,"[60, 602, 1472]",23,23,"[602, 1472]"
power_sparse,60,"[60, 602, 1536]",22,22,"[602, 1536]"
power_sparse,60,"[60, 602, 1600]",12,12,"[602, 1600]"
power_sparse,60,"[60, 602, 1664]",37,37,"[602, 1664]"
power_sparse,60,"[60, 602, 1728]",120,120,"[602, 1728]"
power_sparse,60,"[60, 602, 1792]",144,144,"[602, 1792]"
power_sparse,60,"[60, 602, 1856]",108,108,"[602, 1856]"
power_sparse,60,"[60, 602, 1920]",72,72,"[602, 1920]"
power_sparse,60,"[60, 602, 1984]",45,45,"[602, 1984]"
power_sparse,60,"[60, 602, 2048]",4,4,"[602, 2048]"
power_sparse,60,"[60, 603, 896]",1,1,"[603, 896]"
power_sparse,60,"[60, 603, 1344]",1,1,"[603, 1344]"
power_sparse,60,"[60, 603, 1408]",1,1,"[603, 1408]"
power_sparse,60,"[60, 603, 1536]",6,6,"[603, 1536]"
power_sparse,60,"[60, 603, 1600]",6,6,"[603, 1600]"
power_sparse,60,"[60, 603, 1664]",13,13,"[603, 1664]"
power_sparse,60,"[60, 603, 1728]",27,27,"[603, 1728]"
power_sparse,60,"[60, 603, 1792]",25,25,"[603, 1792]"
power_sparse,60,"[60, 603, 1856]",41,41,"[603, 1856]"
power_sparse,60,"[60, 603, 1920]",33,33,"[603, 1920]"
power_sparse,60,"[60, 603, 1984]",14,14,"[603, 1984]"
power_sparse,60,"[60, 603, 2048]",17,17,"[603, 2048]"
power_sparse,60,"[60, 603, 2112]",20,20,"[603, 2112]"
power_sparse,60,"[60, 603, 2176]",4,4,"[603, 2176]"
power_sparse,60,"[60, 604, 384]",2,2,"[604, 384]"
power_sparse,60,"[60, 604, 448]",2,2,"[604, 448]"
power_sparse,60,"[60, 604, 832]",2,2,"[604, 832]"
power_sparse,60,"[60, 604, 960]",1,1,"[604, 960]"
power_sparse,60,"[60, 604, 1472]",1,1,"[604, 1472]"
power_sparse,60,"[60, 604, 1536]",4,4,"[604, 1536]"
power_sparse,60,"[60, 604, 1600]",2,2,"[604, 1600]"
power_sparse,60,"[60, 604, 1664]",8,8,"[604, 1664]"
power_sparse,60,"[60, 604, 1728]",37,37,"[604, 1728]"
power_sparse,60,"[60, 604, 1792]",34,34,"[604, 1792]"
power_sparse,60,"[60, 604, 1856]",123,123,"[604, 1856]"
power_sparse,60,"[60, 604, 1920]",404,404,"[604, 1920]"
power_sparse,60,"[60, 604, 1984]",30,30,"[604, 1984]"
power_sparse,60,"[60, 604, 2048]",9,9,"[604, 2048]"
power_sparse,60,"[60, 604, 2112]",15,15,"[604, 2112]"
power_sparse,60,"[60, 604, 2176]",2,2,"[604, 2176]"
power_sparse,60,"[60, 604, 2240]",2,2,"[604, 2240]"
power_sparse,60,"[60, 605, 1024]",1,1,"[605, 1024]"
power_sparse,60,"[60, 605, 1216]",1,1,"[605, 1216]"
power_sparse,60,"[60, 605, 1600]",8,8,"[605, 1600]"
power_sparse,60,"[60, 605, 1664]",6,6,"[605, 1664]"
power_sparse,60,"[60, 605, 1728]",4,4,"[605, 1728]"
power_sparse,60,"[60, 605, 1792]",4,4,"[605, 1792]"
power_sparse,60,"[60, 605, 1856]",2,2,"[605, 1856]"
power_sparse,60,"[60, 605, 1920]",1,1,"[605, 1920]"
power_sparse,60,"[60, 605, 1984]",4,4,"[605, 1984]"
power_sparse,60,"[60, 605, 2048]",2,2,"[605, 2048]"
power_sparse,60,"[60, 605, 2112]",2,2,"[605, 2112]"
power_sparse,60,"[60, 605, 2176]",12,12,"[605, 2176]"
power_sparse,60,"[60, 605, 2240]",4,4,"[605, 2240]"
power_sparse,60,"[60, 606, 320]",4,4,"[606, 320]"
power_sparse,60,"[60, 606, 1728]",1,1,"[606, 1728]"
power_sparse,60,"[60, 606, 1792]",4,4,"[606, 1792]"
power_sparse,60,"[60, 606, 1856]",5,5,"[606, 1856]"
power_sparse,60,"[60, 606, 2048]",2,2,"[606, 2048]"
power_sparse,60,"[60, 606, 2112]",3,3,"[606, 2112]"
power_sparse,60,"[60, 606, 2176]",1,1,"[606, 2176]"
power_sparse,60,"[60, 607, 1856]",2,2,"[607, 1856]"
power_sparse,60,"[60, 607, 2112]",4,4,"[607, 2112]"
power_sparse,60,"[60, 608, 1728]",4,4,"[608, 1728]"
power_sparse,60,"[60, 608, 1920]",3,3,"[608, 1920]"
power_sparse,60,"[60, 608, 1984]",1,1,"[608, 1984]"
power_sparse,60,"[60, 609, 1600]",2,2,"[609, 1600]"
power_sparse,60,"[60, 609, 1664]",1,1,"[609, 1664]"
power_sparse,60,"[60, 610, 1472]",2,2,"[610, 1472]"
power_sparse,60,"[60, 611, 256]",2,2,"[611, 256]"
power_sparse,60,"[60, 611, 320]",1,1,"[611, 320]"
power_sparse,60,"[60, 611, 384]",5,5,"[611, 384]"
power_sparse,60,"[60, 611, 448]",1,1,"[611, 448]"
power_sparse,60,"[60, 611, 512]",1,1,"[611, 512]"
power_sparse,60,"[60, 611, 960]",1,1,"[611, 960]"
power_sparse,60,"[60, 611, 1408]",2,2,"[611, 1408]"
power_sparse,60,"[60, 611, 1472]",14,14,"[611, 1472]"
power_sparse,60,"[60, 611, 1536]",13,13,"[611, 1536]"
power_sparse,60,"[60, 611, 1600]",64,64,"[611, 1600]"
power_sparse,60,"[60, 611, 1664]",106,106,"[611, 1664]"
power_sparse,60,"[60, 611, 1728]",189,189,"[611, 1728]"
power_sparse,60,"[60, 611, 1792]",119,119,"[611, 1792]"
power_sparse,60,"[60, 611, 1856]",78,78,"[611, 1856]"
power_sparse,60,"[60, 611, 1920]",65,65,"[611, 1920]"
power_sparse,60,"[60, 611, 1984]",52,52,"[611, 1984]"
power_sparse,60,"[60, 611, 2048]",241,241,"[611, 2048]"
power_sparse,60,"[60, 611, 2112]",274,274,"[611, 2112]"
power_sparse,60,"[60, 611, 2176]",51,51,"[611, 2176]"
power_sparse,60,"[60, 611, 2240]",10,10,"[611, 2240]"
power_sparse,60,"[60, 612, 384]",1,1,"[612, 384]"
power_sparse,60,"[60, 612, 1536]",3,3,"[612, 1536]"
power_sparse,60,"[60, 612, 1600]",8,8,"[612, 1600]"
power_sparse,60,"[60, 612, 1664]",30,30,"[612, 1664]"
power_sparse,60,"[60, 612, 1728]",44,44,"[612, 1728]"
power_sparse,60,"[60, 612, 1792]",40,40,"[612, 1792]"
power_sparse,60,"[60, 612, 1856]",73,73,"[612, 1856]"
power_sparse,60,"[60, 612, 1920]",30,30,"[612, 1920]"
power_sparse,60,"[60, 612, 1984]",21,21,"[612, 1984]"
power_sparse,60,"[60, 612, 2048]",14,14,"[612, 2048]"
power_sparse,60,"[60, 612, 2112]",7,7,"[612, 2112]"
power_sparse,60,"[60, 612, 2176]",27,27,"[612, 2176]"
power_sparse,60,"[60, 612, 2240]",11,11,"[612, 2240]"
power_sparse,60,"[60, 613, 1792]",2,2,"[613, 1792]"
power_sparse,60,"[60, 613, 1856]",4,4,"[613, 1856]"
power_sparse,60,"[60, 613, 1920]",8,8,"[613, 1920]"
power_sparse,60,"[60, 613, 1984]",11,11,"[613, 1984]"
power_sparse,60,"[60, 613, 2048]",11,11,"[613, 2048]"
power_sparse,60,"[60, 613, 2112]",20,20,"[613, 2112]"
power_sparse,60,"[60, 613, 2176]",12,12,"[613, 2176]"
power_sparse,60,"[60, 613, 2240]",6,6,"[613, 2240]"
power_sparse,60,"[60, 614, 896]",2,2,"[614, 896]"
power_sparse,60,"[60, 614, 960]",1,1,"[614, 960]"
power_sparse,60,"[60, 614, 1216]",1,1,"[614, 1216]"
power_sparse,60,"[60, 614, 1728]",3,3,"[614, 1728]"
power_sparse,60,"[60, 614, 1792]",7,7,"[614, 1792]"
power_sparse,60,"[60, 614, 1856]",6,6,"[614, 1856]"
power_sparse,60,"[60, 614, 1920]",70,70,"[614, 1920]"
power_sparse,60,"[60, 614, 1984]",91,91,"[614, 1984]"
power_sparse,60,"[60, 614, 2048]",12,12,"[614, 2048]"
power_sparse,60,"[60, 614, 2112]",4,4,"[614, 2112]"
power_sparse,60,"[60, 614, 2176]",5,5,"[614, 2176]"
power_sparse,60,"[60, 615, 1536]",2,2,"[615, 1536]"
power_sparse,60,"[60, 615, 1664]",4,4,"[615, 1664]"
power_sparse,60,"[60, 615, 1728]",3,3,"[615, 1728]"
power_sparse,60,"[60, 615, 1792]",1,1,"[615, 1792]"
power_sparse,60,"[60, 615, 1856]",1,1,"[615, 1856]"
power_sparse,60,"[60, 615, 2176]",2,2,"[615, 2176]"
power_sparse,60,"[60, 616, 384]",2,2,"[616, 384]"
power_sparse,60,"[60, 616, 1856]",2,2,"[616, 1856]"
power_sparse,60,"[60, 617, 2176]",1,1,"[617, 2176]"
power_sparse,60,"[60, 618, 1728]",1,1,"[618, 1728]"
power_sparse,60,"[60, 619, 1600]",1,1,"[619, 1600]"
power_sparse,60,"[60, 620, 1472]",2,2,"[620, 1472]"
power_sparse,60,"[60, 621, 320]",2,2,"[621, 320]"
power_sparse,60,"[60, 621, 1344]",2,2,"[621, 1344]"
power_sparse,60,"[60, 621, 1536]",4,4,"[621, 1536]"
power_sparse,60,"[60, 621, 1600]",4,4,"[621, 1600]"
power_sparse,60,"[60, 621, 1664]",11,11,"[621, 1664]"
power_sparse,60,"[60, 621, 1728]",28,28,"[621, 1728]"
power_sparse,60,"[60, 621, 1792]",56,56,"[621, 1792]"
power_sparse,60,"[60, 621, 1856]",30,30,"[621, 1856]"
power_sparse,60,"[60, 621, 1920]",33,33,"[621, 1920]"
power_sparse,60,"[60, 621, 1984]",26,26,"[621, 1984]"
power_sparse,60,"[60, 621, 2048]",26,26,"[621, 2048]"
power_sparse,60,"[60, 621, 2112]",111,111,"[621, 2112]"
power_sparse,60,"[60, 621, 2176]",55,55,"[621, 2176]"
power_sparse,60,"[60, 621, 2240]",10,10,"[621, 2240]"
power_sparse,60,"[60, 622, 1728]",2,2,"[622, 1728]"
power_sparse,60,"[60, 622, 1792]",10,10,"[622, 1792]"
power_sparse,60,"[60, 622, 1856]",11,11,"[622, 1856]"
power_sparse,60,"[60, 622, 1920]",13,13,"[622, 1920]"
power_sparse,60,"[60, 622, 1984]",6,6,"[622, 1984]"
power_sparse,60,"[60, 622, 2048]",2,2,"[622, 2048]"
power_sparse,60,"[60, 622, 2112]",4,4,"[622, 2112]"
power_sparse,60,"[60, 622, 2176]",6,6,"[622, 2176]"
power_sparse,60,"[60, 622, 2240]",4,4,"[622, 2240]"
power_sparse,60,"[60, 623, 1920]",1,1,"[623, 1920]"
power_sparse,60,"[60, 623, 1984]",2,2,"[623, 1984]"
power_sparse,60,"[60, 623, 2048]",1,1,"[623, 2048]"
power_sparse,60,"[60, 623, 2112]",1,1,"[623, 2112]"
power_sparse,60,"[60, 623, 2176]",8,8,"[623, 2176]"
power_sparse,60,"[60, 623, 2240]",1,1,"[623, 2240]"
power_sparse,60,"[60, 624, 960]",2,2,"[624, 960]"
power_sparse,60,"[60, 624, 1792]",2,2,"[624, 1792]"
power_sparse,60,"[60, 624, 1920]",2,2,"[624, 1920]"
power_sparse,60,"[60, 624, 1984]",1,1,"[624, 1984]"
power_sparse,60,"[60, 624, 2048]",4,4,"[624, 2048]"
power_sparse,60,"[60, 624, 2112]",2,2,"[624, 2112]"
power_sparse,60,"[60, 624, 2176]",4,4,"[624, 2176]"
power_sparse,60,"[60, 624, 2240]",2,2,"[624, 2240]"
power_sparse,60,"[60, 625, 1664]",2,2,"[625, 1664]"
power_sparse,60,"[60, 625, 1728]",2,2,"[625, 1728]"
power_sparse,60,"[60, 625, 2176]",5,5,"[625, 2176]"
power_sparse,60,"[60, 626, 448]",1,1,"[626, 448]"
power_sparse,60,"[60, 628, 1728]",1,1,"[628, 1728]"
power_sparse,60,"[60, 628, 2176]",1,1,"[628, 2176]"
power_sparse,60,"[60, 629, 1664]",1,1,"[629, 1664]"
power_sparse,60,"[60, 630, 1472]",2,2,"[630, 1472]"
power_sparse,60,"[60, 631, 320]",2,2,"[631, 320]"
power_sparse,60,"[60, 631, 1792]",1,1,"[631, 1792]"
power_sparse,60,"[60, 631, 1856]",9,9,"[631, 1856]"
power_sparse,60,"[60, 631, 1920]",4,4,"[631, 1920]"
power_sparse,60,"[60, 631, 1984]",1,1,"[631, 1984]"
power_sparse,60,"[60, 631, 2048]",11,11,"[631, 2048]"
power_sparse,60,"[60, 631, 2112]",16,16,"[631, 2112]"
power_sparse,60,"[60, 631, 2176]",9,9,"[631, 2176]"
power_sparse,60,"[60, 631, 2240]",4,4,"[631, 2240]"
power_sparse,60,"[60, 631, 2304]",3,3,"[631, 2304]"
power_sparse,60,"[60, 632, 1984]",1,1,"[632, 1984]"
power_sparse,60,"[60, 632, 2112]",4,4,"[632, 2112]"
power_sparse,60,"[60, 632, 2176]",37,37,"[632, 2176]"
power_sparse,60,"[60, 632, 2240]",14,14,"[632, 2240]"
power_sparse,60,"[60, 633, 2176]",6,6,"[633, 2176]"
power_sparse,60,"[60, 634, 832]",2,2,"[634, 832]"
power_sparse,60,"[60, 634, 1984]",2,2,"[634, 1984]"
power_sparse,60,"[60, 634, 2048]",2,2,"[634, 2048]"
power_sparse,60,"[60, 634, 2112]",4,4,"[634, 2112]"
power_sparse,60,"[60, 634, 2176]",10,10,"[634, 2176]"
power_sparse,60,"[60, 634, 2240]",4,4,"[634, 2240]"
power_sparse,60,"[60, 635, 1792]",2,2,"[635, 1792]"
power_sparse,60,"[60, 635, 2112]",2,2,"[635, 2112]"
power_sparse,60,"[60, 635, 2176]",9,9,"[635, 2176]"
power_sparse,60,"[60, 635, 2240]",6,6,"[635, 2240]"
power_sparse,60,"[60, 636, 448]",1,1,"[636, 448]"
power_sparse,60,"[60, 636, 2176]",1,1,"[636, 2176]"
power_sparse,60,"[60, 636, 2240]",1,1,"[636, 2240]"
power_sparse,60,"[60, 637, 2240]",1,1,"[637, 2240]"
power_sparse,60,"[60, 639, 2176]",1,1,"[639, 2176]"
power_sparse,60,"[60, 640, 1536]",2,2,"[640, 1536]"
power_sparse,60,"[60, 641, 320]",2,2,"[641, 320]"
power_sparse,60,"[60, 641, 1920]",1,1,"[641, 1920]"
power_sparse,60,"[60, 641, 1984]",2,2,"[641, 1984]"
power_sparse,60,"[60, 641, 2176]",6,6,"[641, 2176]"
power_sparse,60,"[60, 641, 2240]",12,12,"[641, 2240]"
power_sparse,60,"[60, 642, 1984]",1,1,"[642, 1984]"
power_sparse,60,"[60, 642, 2176]",16,16,"[642, 2176]"
power_sparse,60,"[60, 642, 2240]",30,30,"[642, 2240]"
power_sparse,60,"[60, 642, 2304]",1,1,"[642, 2304]"
power_sparse,60,"[60, 643, 2176]",2,2,"[643, 2176]"
power_sparse,60,"[60, 644, 832]",2,2,"[644, 832]"
power_sparse,60,"[60, 644, 2048]",2,2,"[644, 2048]"
power_sparse,60,"[60, 644, 2112]",12,12,"[644, 2112]"
power_sparse,60,"[60, 644, 2176]",21,21,"[644, 2176]"
power_sparse,60,"[60, 644, 2240]",56,56,"[644, 2240]"
power_sparse,60,"[60, 645, 2176]",16,16,"[645, 2176]"
power_sparse,60,"[60, 645, 2240]",75,75,"[645, 2240]"
power_sparse,60,"[60, 646, 2240]",3,3,"[646, 2240]"
power_sparse,60,"[60, 647, 2240]",5,5,"[647, 2240]"
power_sparse,60,"[60, 649, 2240]",1,1,"[649, 2240]"
power_sparse,60,"[60, 650, 1600]",2,2,"[650, 1600]"
power_sparse,60,"[60, 651, 320]",2,2,"[651, 320]"
power_sparse,60,"[60, 651, 1920]",1,1,"[651, 1920]"
power_sparse,60,"[60, 651, 2240]",30,30,"[651, 2240]"
power_sparse,60,"[60, 651, 2304]",10,10,"[651, 2304]"
power_sparse,60,"[60, 652, 2176]",11,11,"[652, 2176]"
power_sparse,60,"[60, 652, 2240]",88,88,"[652, 2240]"
power_sparse,60,"[60, 652, 2304]",73,73,"[652, 2304]"
power_sparse,60,"[60, 653, 2176]",2,2,"[653, 2176]"
power_sparse,60,"[60, 653, 2240]",1,1,"[653, 2240]"
power_sparse,60,"[60, 654, 768]",2,2,"[654, 768]"
power_sparse,60,"[60, 654, 2048]",2,2,"[654, 2048]"
power_sparse,60,"[60, 654, 2176]",6,6,"[654, 2176]"
power_sparse,60,"[60, 654, 2240]",61,61,"[654, 2240]"
power_sparse,60,"[60, 654, 2304]",44,44,"[654, 2304]"
power_sparse,60,"[60, 655, 2176]",7,7,"[655, 2176]"
power_sparse,60,"[60, 655, 2240]",106,106,"[655, 2240]"
power_sparse,60,"[60, 655, 2304]",53,53,"[655, 2304]"
power_sparse,60,"[60, 656, 2176]",1,1,"[656, 2176]"
power_sparse,60,"[60, 656, 2240]",6,6,"[656, 2240]"
power_sparse,60,"[60, 656, 2304]",4,4,"[656, 2304]"
power_sparse,60,"[60, 657, 2240]",10,10,"[657, 2240]"
power_sparse,60,"[60, 657, 2304]",3,3,"[657, 2304]"
power_sparse,60,"[60, 658, 2240]",1,1,"[658, 2240]"
power_sparse,60,"[60, 658, 2304]",1,1,"[658, 2304]"
power_sparse,60,"[60, 659, 2240]",1,1,"[659, 2240]"
power_sparse,60,"[60, 659, 2304]",3,3,"[659, 2304]"
power_sparse,60,"[60, 660, 1600]",2,2,"[660, 1600]"
power_sparse,60,"[60, 660, 2240]",1,1,"[660, 2240]"
power_sparse,60,"[60, 661, 320]",2,2,"[661, 320]"
power_sparse,60,"[60, 661, 2176]",1,1,"[661, 2176]"
power_sparse,60,"[60, 661, 2240]",67,67,"[661, 2240]"
power_sparse,60,"[60, 661, 2304]",116,116,"[661, 2304]"
power_sparse,60,"[60, 662, 2240]",35,35,"[662, 2240]"
power_sparse,60,"[60, 662, 2304]",125,125,"[662, 2304]"
power_sparse,60,"[60, 662, 2368]",2,2,"[662, 2368]"
power_sparse,60,"[60, 663, 2240]",1,1,"[663, 2240]"
power_sparse,60,"[60, 663, 2304]",7,7,"[663, 2304]"
power_sparse,60,"[60, 664, 832]",2,2,"[664, 832]"
power_sparse,60,"[60, 664, 2112]",2,2,"[664, 2112]"
power_sparse,60,"[60, 664, 2240]",6,6,"[664, 2240]"
power_sparse,60,"[60, 664, 2304]",4,4,"[664, 2304]"
power_sparse,60,"[60, 665, 2176]",1,1,"[665, 2176]"
power_sparse,60,"[60, 665, 2240]",276,276,"[665, 2240]"
power_sparse,60,"[60, 665, 2304]",792,792,"[665, 2304]"
power_sparse,60,"[60, 665, 2368]",27,27,"[665, 2368]"
power_sparse,60,"[60, 666, 2176]",1,1,"[666, 2176]"
power_sparse,60,"[60, 666, 2240]",15,15,"[666, 2240]"
power_sparse,60,"[60, 666, 2304]",26,26,"[666, 2304]"
power_sparse,60,"[60, 667, 2240]",11,11,"[667, 2240]"
power_sparse,60,"[60, 667, 2304]",45,45,"[667, 2304]"
power_sparse,60,"[60, 667, 2368]",7,7,"[667, 2368]"
power_sparse,60,"[60, 668, 2304]",4,4,"[668, 2304]"
power_sparse,60,"[60, 668, 2368]",3,3,"[668, 2368]"
power_sparse,60,"[60, 669, 2304]",2,2,"[669, 2304]"
power_sparse,60,"[60, 670, 1600]",2,2,"[670, 1600]"
power_sparse,60,"[60, 671, 320]",2,2,"[671, 320]"
power_sparse,60,"[60, 671, 2176]",2,2,"[671, 2176]"
power_sparse,60,"[60, 671, 2240]",16,16,"[671, 2240]"
power_sparse,60,"[60, 671, 2304]",243,243,"[671, 2304]"
power_sparse,60,"[60, 671, 2368]",57,57,"[671, 2368]"
power_sparse,60,"[60, 672, 2240]",2,2,"[672, 2240]"
power_sparse,60,"[60, 672, 2304]",9,9,"[672, 2304]"
power_sparse,60,"[60, 672, 2368]",5,5,"[672, 2368]"
power_sparse,60,"[60, 673, 2240]",4,4,"[673, 2240]"
power_sparse,60,"[60, 673, 2304]",25,25,"[673, 2304]"
power_sparse,60,"[60, 673, 2368]",2,2,"[673, 2368]"
power_sparse,60,"[60, 674, 832]",2,2,"[674, 832]"
power_sparse,60,"[60, 674, 2240]",1,1,"[674, 2240]"
power_sparse,60,"[60, 674, 2304]",12,12,"[674, 2304]"
power_sparse,60,"[60, 674, 2368]",1,1,"[674, 2368]"
power_sparse,60,"[60, 675, 2240]",130,130,"[675, 2240]"
power_sparse,60,"[60, 675, 2304]",3119,3119,"[675, 2304]"
power_sparse,60,"[60, 675, 2368]",804,804,"[675, 2368]"
power_sparse,60,"[60, 675, 2432]",1,1,"[675, 2432]"
power_sparse,60,"[60, 676, 2240]",20,20,"[676, 2240]"
power_sparse,60,"[60, 676, 2304]",114,114,"[676, 2304]"
power_sparse,60,"[60, 676, 2368]",33,33,"[676, 2368]"
power_sparse,60,"[60, 677, 2304]",32,32,"[677, 2304]"
power_sparse,60,"[60, 677, 2368]",17,17,"[677, 2368]"
power_sparse,60,"[60, 678, 2240]",1,1,"[678, 2240]"
power_sparse,60,"[60, 678, 2304]",4,4,"[678, 2304]"
power_sparse,60,"[60, 678, 2368]",3,3,"[678, 2368]"
power_sparse,60,"[60, 680, 1664]",2,2,"[680, 1664]"
power_sparse,60,"[60, 681, 320]",2,2,"[681, 320]"
power_sparse,60,"[60, 681, 2176]",2,2,"[681, 2176]"
power_sparse,60,"[60, 681, 2240]",53,53,"[681, 2240]"
power_sparse,60,"[60, 681, 2304]",1008,1008,"[681, 2304]"
power_sparse,60,"[60, 681, 2368]",1085,1085,"[681, 2368]"
power_sparse,60,"[60, 681, 2432]",7,7,"[681, 2432]"
power_sparse,60,"[60, 682, 2304]",9,9,"[682, 2304]"
power_sparse,60,"[60, 682, 2368]",22,22,"[682, 2368]"
power_sparse,60,"[60, 683, 2304]",35,35,"[683, 2304]"
power_sparse,60,"[60, 683, 2368]",77,77,"[683, 2368]"
power_sparse,60,"[60, 683, 2432]",2,2,"[683, 2432]"
power_sparse,60,"[60, 684, 768]",2,2,"[684, 768]"
power_sparse,60,"[60, 684, 2304]",13,13,"[684, 2304]"
power_sparse,60,"[60, 684, 2368]",40,40,"[684, 2368]"
power_sparse,60,"[60, 684, 2432]",2,2,"[684, 2432]"
power_sparse,60,"[60, 685, 2240]",8,8,"[685, 2240]"
power_sparse,60,"[60, 685, 2304]",1092,1092,"[685, 2304]"
power_sparse,60,"[60, 685, 2368]",2386,2386,"[685, 2368]"
power_sparse,60,"[60, 685, 2432]",86,86,"[685, 2432]"
power_sparse,60,"[60, 686, 2240]",34,34,"[686, 2240]"
power_sparse,60,"[60, 686, 2304]",107,107,"[686, 2304]"
power_sparse,60,"[60, 686, 2368]",106,106,"[686, 2368]"
power_sparse,60,"[60, 686, 2432]",3,3,"[686, 2432]"
power_sparse,60,"[60, 687, 2304]",6,6,"[687, 2304]"
power_sparse,60,"[60, 687, 2368]",9,9,"[687, 2368]"
power_sparse,60,"[60, 687, 2432]",1,1,"[687, 2432]"
power_sparse,60,"[60, 688, 2304]",2,2,"[688, 2304]"
power_sparse,60,"[60, 690, 1664]",2,2,"[690, 1664]"
power_sparse,60,"[60, 691, 384]",2,2,"[691, 384]"
power_sparse,60,"[60, 691, 2176]",2,2,"[691, 2176]"
power_sparse,60,"[60, 691, 2240]",674,674,"[691, 2240]"
power_sparse,60,"[60, 691, 2304]",1828,1828,"[691, 2304]"
power_sparse,60,"[60, 691, 2368]",5000,6370,"[691, 2368]"
power_sparse,60,"[60, 691, 2432]",1043,1043,"[691, 2432]"
power_sparse,60,"[60, 691, 2496]",3,3,"[691, 2496]"
power_sparse,60,"[60, 692, 2304]",2,2,"[692, 2304]"
power_sparse,60,"[60, 692, 2368]",57,57,"[692, 2368]"
power_sparse,60,"[60, 692, 2432]",50,50,"[692, 2432]"
power_sparse,60,"[60, 692, 2496]",2,2,"[692, 2496]"
power_sparse,60,"[60, 693, 2304]",4,4,"[693, 2304]"
power_sparse,60,"[60, 693, 2368]",81,81,"[693, 2368]"
power_sparse,60,"[60, 693, 2432]",27,27,"[693, 2432]"
power_sparse,60,"[60, 694, 768]",2,2,"[694, 768]"
power_sparse,60,"[60, 694, 2304]",2,2,"[694, 2304]"
power_sparse,60,"[60, 694, 2368]",41,41,"[694, 2368]"
power_sparse,60,"[60, 694, 2432]",7,7,"[694, 2432]"
power_sparse,60,"[60, 695, 2304]",58,58,"[695, 2304]"
power_sparse,60,"[60, 695, 2368]",938,938,"[695, 2368]"
power_sparse,60,"[60, 695, 2432]",193,193,"[695, 2432]"
power_sparse,60,"[60, 695, 2496]",5,5,"[695, 2496]"
power_sparse,60,"[60, 696, 2304]",24,24,"[696, 2304]"
power_sparse,60,"[60, 696, 2368]",43,43,"[696, 2368]"
power_sparse,60,"[60, 696, 2432]",8,8,"[696, 2432]"
power_sparse,60,"[60, 697, 2368]",1,1,"[697, 2368]"
power_sparse,60,"[60, 697, 2432]",1,1,"[697, 2432]"
power_sparse,60,"[60, 697, 2496]",1,1,"[697, 2496]"
power_sparse,60,"[60, 698, 2432]",1,1,"[698, 2432]"
power_sparse,60,"[60, 700, 1728]",2,2,"[700, 1728]"
power_sparse,60,"[60, 701, 384]",2,2,"[701, 384]"
power_sparse,60,"[60, 701, 2240]",202,202,"[701, 2240]"
power_sparse,60,"[60, 701, 2304]",5000,5019,"[701, 2304]"
power_sparse,60,"[60, 701, 2368]",5000,6784,"[701, 2368]"
power_sparse,60,"[60, 701, 2432]",3782,3782,"[701, 2432]"
power_sparse,60,"[60, 701, 2496]",57,57,"[701, 2496]"
power_sparse,60,"[60, 702, 2368]",17,17,"[702, 2368]"
power_sparse,60,"[60, 702, 2432]",66,66,"[702, 2432]"
power_sparse,60,"[60, 702, 2496]",16,16,"[702, 2496]"
power_sparse,60,"[60, 703, 2368]",14,14,"[703, 2368]"
power_sparse,60,"[60, 703, 2432]",28,28,"[703, 2432]"
power_sparse,60,"[60, 703, 2496]",1,1,"[703, 2496]"
power_sparse,60,"[60, 704, 768]",2,2,"[704, 768]"
power_sparse,60,"[60, 704, 2368]",9,9,"[704, 2368]"
power_sparse,60,"[60, 704, 2432]",6,6,"[704, 2432]"
power_sparse,60,"[60, 705, 2368]",47,47,"[705, 2368]"
power_sparse,60,"[60, 705, 2432]",69,69,"[705, 2432]"
power_sparse,60,"[60, 705, 2496]",4,4,"[705, 2496]"
power_sparse,60,"[60, 706, 2304]",5,5,"[706, 2304]"
power_sparse,60,"[60, 706, 2368]",8,8,"[706, 2368]"
power_sparse,60,"[60, 706, 2432]",2,2,"[706, 2432]"
power_sparse,60,"[60, 706, 2496]",1,1,"[706, 2496]"
power_sparse,60,"[60, 708, 1920]",2,2,"[708, 1920]"
power_sparse,60,"[60, 710, 1792]",2,2,"[710, 1792]"
power_sparse,60,"[60, 711, 384]",2,2,"[711, 384]"
power_sparse,60,"[60, 711, 2240]",1,1,"[711, 2240]"
power_sparse,60,"[60, 711, 2304]",796,796,"[711, 2304]"
power_sparse,60,"[60, 711, 2368]",1797,1797,"[711, 2368]"
power_sparse,60,"[60, 711, 2432]",1942,1942,"[711, 2432]"
power_sparse,60,"[60, 711, 2496]",215,215,"[711, 2496]"
power_sparse,60,"[60, 711, 2560]",2,2,"[711, 2560]"
power_sparse,60,"[60, 712, 2368]",1,1,"[712, 2368]"
power_sparse,60,"[60, 712, 2432]",22,22,"[712, 2432]"
power_sparse,60,"[60, 712, 2496]",15,15,"[712, 2496]"
power_sparse,60,"[60, 713, 2432]",2,2,"[713, 2432]"
power_sparse,60,"[60, 713, 2496]",5,5,"[713, 2496]"
power_sparse,60,"[60, 714, 768]",2,2,"[714, 768]"
power_sparse,60,"[60, 714, 2432]",3,3,"[714, 2432]"
power_sparse,60,"[60, 715, 2432]",3,3,"[715, 2432]"
power_sparse,60,"[60, 715, 2496]",1,1,"[715, 2496]"
power_sparse,60,"[60, 716, 1920]",1,1,"[716, 1920]"
power_sparse,60,"[60, 716, 2368]",3,3,"[716, 2368]"
power_sparse,60,"[60, 720, 1728]",2,2,"[720, 1728]"
power_sparse,60,"[60, 721, 384]",2,2,"[721, 384]"
power_sparse,60,"[60, 721, 2304]",33,33,"[721, 2304]"
power_sparse,60,"[60, 721, 2368]",572,572,"[721, 2368]"
power_sparse,60,"[60, 721, 2432]",248,248,"[721, 2432]"
power_sparse,60,"[60, 721, 2496]",129,129,"[721, 2496]"
power_sparse,60,"[60, 721, 2560]",4,4,"[721, 2560]"
power_sparse,60,"[60, 722, 2496]",3,3,"[722, 2496]"
power_sparse,60,"[60, 723, 2496]",2,2,"[723, 2496]"
power_sparse,60,"[60, 724, 768]",2,2,"[724, 768]"
power_sparse,60,"[60, 730, 1792]",2,2,"[730, 1792]"
power_sparse,60,"[60, 731, 384]",2,2,"[731, 384]"
power_sparse,60,"[60, 731, 2368]",26,26,"[731, 2368]"
power_sparse,60,"[60, 731, 2432]",60,60,"[731, 2432]"
power_sparse,60,"[60, 731, 2496]",8,8,"[731, 2496]"
power_sparse,60,"[60, 732, 896]",1,1,"[732, 896]"
power_sparse,60,"[60, 734, 704]",2,2,"[734, 704]"
power_sparse,60,"[60, 741, 384]",2,2,"[741, 384]"
power_sparse,60,"[60, 741, 896]",1,1,"[741, 896]"
power_sparse,60,"[60, 741, 2432]",1,1,"[741, 2432]"
power_sparse,60,"[60, 744, 704]",2,2,"[744, 704]"
power_sparse,60,"[60, 751, 448]",2,2,"[751, 448]"
power_sparse,60,"[60, 754, 704]",2,2,"[754, 704]"
power_sparse,60,"[60, 761, 448]",2,2,"[761, 448]"
base_projlen,60,"[60, 7]",1,1,[7]
base_projlen,60,"[60, 9]",5,5,[9]
base_projlen,60,"[60, 10]",2,2,[10]
base_projlen,60,"[60, 11]",12,12,[11]
base_projlen,60,"[60, 12]",6,6,[12]
base_projlen,60,"[60, 13]",27,27,[13]
base_projlen,60,"[60, 14]",15,15,[14]
base_projlen,60,"[60, 15]",36,36,[15]
base_projlen,60,"[60, 16]",10,10,[16]
base_projlen,60,"[60, 17]",128,128,[17]
base_projlen,60,"[60, 18]",82,82,[18]
base_projlen,60,"[60, 19]",364,364,[19]
base_projlen,60,"[60, 20]",288,288,[20]
base_projlen,60,"[60, 21]",1009,1009,[21]
base_projlen,60,"[60, 22]",567,567,[22]
base_projlen,60,"[60, 23]",1866,1866,[23]
base_projlen,60,"[60, 24]",1046,1046,[24]
base_projlen,60,"[60, 25]",4979,4979,[25]
base_projlen,60,"[60, 26]",2824,2824,[26]
base_projlen,60,"[60, 27]",5000,8328,[27]
base_projlen,60,"[60, 28]",5000,5333,[28]
base_projlen,60,"[60, 29]",5000,15279,[29]
base_projlen,60,"[60, 30]",5000,13819,[30]
base_projlen,60,"[60, 31]",5000,41223,[31]
base_projlen,60,"[60, 32]",5000,35575,[32]
base_projlen,60,"[60, 33]",5000,60220,[33]
base_projlen,60,"[60, 34]",5000,33654,[34]
base_projlen,60,"[60, 35]",5000,13135,[35]
base_projlen,60,"[60, 36]",5000,7573,[36]
base_projlen,60,"[60, 37]",2967,2967,[37]
base_projlen,60,"[60, 38]",1244,1244,[38]
base_projlen,60,"[60, 39]",478,478,[39]
base_projlen,60,"[60, 40]",306,306,[40]
base_projlen,60,"[60, 41]",79,79,[41]
base_projlen,60,"[60, 42]",60,60,[42]
base_projlen,60,"[60, 43]",18,18,[43]
base_projlen,60,"[60, 44]",18,18,[44]
base_projlen,60,"[60, 45]",6,6,[45]
base_projlen,60,"[60, 46]",4,4,[46]
base_projlen,60,"[60, 48]",7,7,[48]
base_projlen,60,"[60, 49]",8,8,[49]
base_projlen,60,"[60, 50]",1,1,[50]
base_projlen,60,"[60, 57]",3,3,[57]
base_projlen,60,"[60, 58]",6,6,[58]
base_projlen,60,"[60, 59]",2,2,[59]
base_projlen,60,"[60, 60]",9,9,[60]
base_projlen,60,"[60, 61]",4,4,[61]
base_projlen,60,"[60, 121]",1232,1232,[121]
base_projlen,60,"[60, 122]",2013,2013,[122]
base_projlen,60,"[60, 123]",2470,2470,[123]
base_projlen,60,"[60, 124]",1405,1405,[124]
base_projlen,60,"[60, 125]",876,876,[125]
base_projlen,60,"[60, 126]",456,456,[126]
base_projlen,60,"[60, 127]",168,168,[127]
base_projlen,60,"[60, 128]",133,133,[128]
base_projlen,60,"[60, 129]",81,81,[129]
base_projlen,60,"[60, 130]",116,116,[130]
base_projlen,60,"[60, 131]",120,120,[131]
base_projlen,60,"[60, 132]",387,387,[132]
base_projlen,60,"[60, 133]",444,444,[133]
base_projlen,60,"[60, 134]",460,460,[134]
base_projlen,60,"[60, 135]",728,728,[135]
base_projlen,60,"[60, 136]",243,243,[136]
base_projlen,60,"[60, 137]",4365,4365,[137]
base_projlen,60,"[60, 138]",3154,3154,[138]
base_projlen,60,"[60, 139]",5000,20004,[139]
base_projlen,60,"[60, 140]",5000,13180,[140]
base_projlen,60,"[60, 141]",5000,31852,[141]
base_projlen,60,"[60, 142]",5000,6114,[142]
base_projlen,60,"[60, 143]",5000,9571,[143]
base_projlen,60,"[60, 144]",1973,1973,[144]
base_projlen,60,"[60, 145]",1982,1982,[145]
base_projlen,60,"[60, 146]",218,218,[146]
base_projlen,60,"[60, 147]",192,192,[147]
base_projlen,60,"[60, 148]",13,13,[148]
base_projlen,60,"[60, 149]",5,5,[149]
base_projlen,60,"[60, 150]",4,4,[150]
base_projlen,60,"[60, 151]",2,2,[151]
base_projlen,60,"[60, 152]",4,4,[152]
base_projlen,60,"[60, 153]",2,2,[153]
base_projlen,60,"[60, 154]",4,4,[154]
collapse_ratio,60,"[60, 0, 1]",6,6,"[0, 1]"
collapse_ratio,60,"[60, 200, 11]",1,1,"[200, 11]"
collapse_ratio,60,"[60, 200, 121]",12,12,"[200, 121]"
collapse_ratio,60,"[60, 200, 129]",1,1,"[200, 129]"
collapse_ratio,60,"[60, 200, 131]",4,4,"[200, 131]"
collapse_ratio,60,"[60, 200, 137]",3,3,"[200, 137]"
collapse_ratio,60,"[60, 200, 138]",2,2,"[200, 138]"
collapse_ratio,60,"[60, 225, 139]",1,1,"[225, 139]"
collapse_ratio,60,"[60, 225, 141]",2,2,"[225, 141]"
collapse_ratio,60,"[60, 225, 143]",2,2,"[225, 143]"
collapse_ratio,60,"[60, 225, 145]",2,2,"[225, 145]"
collapse_ratio,60,"[60, 225, 147]",2,2,"[225, 147]"
collapse_ratio,60,"[60, 225, 149]",1,1,"[225, 149]"
collapse_ratio,60,"[60, 225, 150]",3,3,"[225, 150]"
collapse_ratio,60,"[60, 225, 151]",10,10,"[225, 151]"
collapse_ratio,60,"[60, 250, 35]",1,1,"[250, 35]"
collapse_ratio,60,"[60, 250, 151]",4,4,"[250, 151]"
collapse_ratio,60,"[60, 250, 154]",1,1,"[250, 154]"
collapse_ratio,60,"[60, 250, 157]",1,1,"[250, 157]"
collapse_ratio,60,"[60, 250, 158]",1,1,"[250, 158]"
collapse_ratio,60,"[60, 250, 159]",1,1,"[250, 159]"
collapse_ratio,60,"[60, 250, 161]",7,7,"[250, 161]"
collapse_ratio,60,"[60, 250, 162]",1,1,"[250, 162]"
collapse_ratio,60,"[60, 250, 163]",1,1,"[250, 163]"
collapse_ratio,60,"[60, 250, 164]",1,1,"[250, 164]"
collapse_ratio,60,"[60, 250, 166]",4,4,"[250, 166]"
collapse_ratio,60,"[60, 250, 167]",7,7,"[250, 167]"
collapse_ratio,60,"[60, 250, 169]",1,1,"[250, 169]"
collapse_ratio,60,"[60, 275, 27]",1,1,"[275, 27]"
collapse_ratio,60,"[60, 275, 39]",1,1,"[275, 39]"
collapse_ratio,60,"[60, 275, 41]",2,2,"[275, 41]"
collapse_ratio,60,"[60, 275, 170]",2,2,"[275, 170]"
collapse_ratio,60,"[60, 275, 171]",6,6,"[275, 171]"
collapse_ratio,60,"[60, 275, 172]",1,1,"[275, 172]"
collapse_ratio,60,"[60, 275, 173]",2,2,"[275, 173]"
collapse_ratio,60,"[60, 275, 174]",1,1,"[275, 174]"
collapse_ratio,60,"[60, 275, 175]",2,2,"[275, 175]"
collapse_ratio,60,"[60, 275, 178]",3,3,"[275, 178]"
collapse_ratio,60,"[60, 275, 179]",1,1,"[275, 179]"
collapse_ratio,60,"[60, 275, 182]",3,3,"[275, 182]"
collapse_ratio,60,"[60, 275, 183]",7,7,"[275, 183]"
collapse_ratio,60,"[60, 275, 185]",1,1,"[275, 185]"
collapse_ratio,60,"[60, 300, 41]",4,4,"[300, 41]"
collapse_ratio,60,"[60, 300, 51]",2,2,"[300, 51]"
collapse_ratio,60,"[60, 300, 53]",1,1,"[300, 53]"
collapse_ratio,60,"[60, 300, 186]",3,3,"[300, 186]"
collapse_ratio,60,"[60, 300, 187]",2,2,"[300, 187]"
collapse_ratio,60,"[60, 300, 188]",1,1,"[300, 188]"
collapse_ratio,60,"[60, 300, 190]",1,1,"[300, 190]"
collapse_ratio,60,"[60, 300, 191]",4,4,"[300, 191]"
collapse_ratio,60,"[60, 300, 193]",6,6,"[300, 193]"
collapse_ratio,60,"[60, 300, 194]",3,3,"[300, 194]"
collapse_ratio,60,"[60, 300, 197]",1,1,"[300, 197]"
collapse_ratio,60,"[60, 300, 198]",2,2,"[300, 198]"
collapse_ratio,60,"[60, 300, 199]",9,9,"[300, 199]"
collapse_ratio,60,"[60, 300, 201]",1,1,"[300, 201]"
collapse_ratio,60,"[60, 325, 43]",2,2,"[325, 43]"
collapse_ratio,60,"[60, 325, 51]",1,1,"[325, 51]"
collapse_ratio,60,"[60, 325, 53]",1,1,"[325, 53]"
collapse_ratio,60,"[60, 325, 198]",3,3,"[325, 198]"
collapse_ratio,60,"[60, 325, 201]",1,1,"[325, 201]"
collapse_ratio,60,"[60, 325, 202]",2,2,"[325, 202]"
collapse_ratio,60,"[60, 325, 204]",1,1,"[325, 204]"
collapse_ratio,60,"[60, 325, 205]",2,2,"[325, 205]"
collapse_ratio,60,"[60, 325, 206]",1,1,"[325, 206]"
collapse_ratio,60,"[60, 325, 210]",3,3,"[325, 210]"
collapse_ratio,60,"[60, 325, 211]",6,6,"[325, 211]"
collapse_ratio,60,"[60, 325, 214]",3,3,"[325, 214]"
collapse_ratio,60,"[60, 350, 35]",1,1,"[350, 35]"
collapse_ratio,60,"[60, 350, 37]",2,2,"[350, 37]"
collapse_ratio,60,"[60, 350, 55]",1,1,"[350, 55]"
collapse_ratio,60,"[60, 350, 214]",2,2,"[350, 214]"
collapse_ratio,60,"[60, 350, 215]",11,11,"[350, 215]"
collapse_ratio,60,"[60, 350, 216]",2,2,"[350, 216]"
collapse_ratio,60,"[60, 350, 217]",1,1,"[350, 217]"
collapse_ratio,60,"[60, 350, 218]",2,2,"[350, 218]"
collapse_ratio,60,"[60, 350, 219]",4,4,"[350, 219]"
collapse_ratio,60,"[60, 350, 220]",3,3,"[350, 220]"
collapse_ratio,60,"[60, 350, 221]",1,1,"[350, 221]"
collapse_ratio,60,"[60, 350, 222]",4,4,"[350, 222]"
collapse_ratio,60,"[60, 350, 223]",2,2,"[350, 223]"
collapse_ratio,60,"[60, 350, 225]",4,4,"[350, 225]"
collapse_ratio,60,"[60, 350, 226]",4,4,"[350, 226]"
collapse_ratio,60,"[60, 350, 227]",2,2,"[350, 227]"
collapse_ratio,60,"[60, 350, 230]",3,3,"[350, 230]"
collapse_ratio,60,"[60, 375, 17]",1,1,"[375, 17]"
collapse_ratio,60,"[60, 375, 25]",1,1,"[375, 25]"
collapse_ratio,60,"[60, 375, 41]",1,1,"[375, 41]"
collapse_ratio,60,"[60, 375, 49]",4,4,"[375, 49]"
collapse_ratio,60,"[60, 375, 51]",1,1,"[375, 51]"
collapse_ratio,60,"[60, 375, 55]",3,3,"[375, 55]"
collapse_ratio,60,"[60, 375, 63]",2,2,"[375, 63]"
collapse_ratio,60,"[60, 375, 65]",1,1,"[375, 65]"
collapse_ratio,60,"[60, 375, 228]",2,2,"[375, 228]"
collapse_ratio,60,"[60, 375, 230]",3,3,"[375, 230]"
collapse_ratio,60,"[60, 375, 231]",13,13,"[375, 231]"
collapse_ratio,60,"[60, 375, 234]",2,2,"[375, 234]"
collapse_ratio,60,"[60, 375, 235]",1,1,"[375, 235]"
collapse_ratio,60,"[60, 375, 236]",2,2,"[375, 236]"
collapse_ratio,60,"[60, 375, 237]",1,1,"[375, 237]"
collapse_ratio,60,"[60, 375, 238]",2,2,"[375, 238]"
collapse_ratio,60,"[60, 375, 239]",2,2,"[375, 239]"
collapse_ratio,60,"[60, 375, 242]",3,3,"[375, 242]"
collapse_ratio,60,"[60, 375, 243]",2,2,"[375, 243]"
collapse_ratio,60,"[60, 400, 39]",1,1,"[400, 39]"
collapse_ratio,60,"[60, 400, 47]",1,1,"[400, 47]"
collapse_ratio,60,"[60, 400, 61]",2,2,"[400, 61]"
collapse_ratio,60,"[60, 400, 63]",7,7,"[400, 63]"
collapse_ratio,60,"[60, 400, 246]",7,7,"[400, 246]"
collapse_ratio,60,"[60, 400, 247]",10,10,"[400, 247]"
collapse_ratio,60,"[60, 400, 250]",3,3,"[400, 250]"
collapse_ratio,60,"[60, 400, 251]",7,7,"[400, 251]"
collapse_ratio,60,"[60, 400, 252]",4,4,"[400, 252]"
collapse_ratio,60,"[60, 400, 253]",1,1,"[400, 253]"
collapse_ratio,60,"[60, 400, 254]",5,5,"[400, 254]"
collapse_ratio,60,"[60, 400, 255]",3,3,"[400, 255]"
collapse_ratio,60,"[60, 400, 256]",1,1,"[400, 256]"
collapse_ratio,60,"[60, 400, 257]",1,1,"[400, 257]"
collapse_ratio,60,"[60, 400, 258]",5,5,"[400, 258]"
collapse_ratio,60,"[60, 400, 259]",2,2,"[400, 259]"
collapse_ratio,60,"[60, 400, 261]",1,1,"[400, 261]"
collapse_ratio,60,"[60, 425, 41]",1,1,"[425, 41]"
collapse_ratio,60,"[60, 425, 45]",2,2,"[425, 45]"
collapse_ratio,60,"[60, 425, 55]",1,1,"[425, 55]"
collapse_ratio,60,"[60, 425, 59]",2,2,"[425, 59]"
collapse_ratio,60,"[60, 425, 67]",1,1,"[425, 67]"
collapse_ratio,60,"[60, 425, 69]",2,2,"[425, 69]"
collapse_ratio,60,"[60, 425, 73]",1,1,"[425, 73]"
collapse_ratio,60,"[60, 425, 257]",5,5,"[425, 257]"
collapse_ratio,60,"[60, 425, 258]",2,2,"[425, 258]"
collapse_ratio,60,"[60, 425, 262]",6,6,"[425, 262]"
collapse_ratio,60,"[60, 425, 263]",13,13,"[425, 263]"
collapse_ratio,60,"[60, 425, 264]",2,2,"[425, 264]"
collapse_ratio,60,"[60, 425, 266]",5,5,"[425, 266]"
collapse_ratio,60,"[60, 425, 267]",5,5,"[425, 267]"
collapse_ratio,60,"[60, 425, 268]",3,3,"[425, 268]"
collapse_ratio,60,"[60, 425, 269]",1,1,"[425, 269]"
collapse_ratio,60,"[60, 425, 270]",5,5,"[425, 270]"
collapse_ratio,60,"[60, 425, 271]",9,9,"[425, 271]"
collapse_ratio,60,"[60, 425, 272]",1,1,"[425, 272]"
collapse_ratio,60,"[60, 425, 273]",1,1,"[425, 273]"
collapse_ratio,60,"[60, 425, 274]",9,9,"[425, 274]"
collapse_ratio,60,"[60, 425, 275]",4,4,"[425, 275]"
collapse_ratio,60,"[60, 425, 276]",1,1,"[425, 276]"
collapse_ratio,60,"[60, 425, 277]",1,1,"[425, 277]"
collapse_ratio,60,"[60, 450, 43]",1,1,"[450, 43]"
collapse_ratio,60,"[60, 450, 49]",1,1,"[450, 49]"
collapse_ratio,60,"[60, 450, 57]",6,6,"[450, 57]"
collapse_ratio,60,"[60, 450, 63]",2,2,"[450, 63]"
collapse_ratio,60,"[60, 450, 71]",8,8,"[450, 71]"
collapse_ratio,60,"[60, 450, 73]",2,2,"[450, 73]"
collapse_ratio,60,"[60, 450, 75]",2,2,"[450, 75]"
collapse_ratio,60,"[60, 450, 276]",2,2,"[450, 276]"
collapse_ratio,60,"[60, 450, 278]",8,8,"[450, 278]"
collapse_ratio,60,"[60, 450, 279]",14,14,"[450, 279]"
collapse_ratio,60,"[60, 450, 280]",1,1,"[450, 280]"
collapse_ratio,60,"[60, 450, 281]",2,2,"[450, 281]"
collapse_ratio,60,"[60, 450, 282]",10,10,"[450, 282]"
collapse_ratio,60,"[60, 450, 283]",7,7,"[450, 283]"
collapse_ratio,60,"[60, 450, 284]",5,5,"[450, 284]"
collapse_ratio,60,"[60, 450, 285]",3,3,"[450, 285]"
collapse_ratio,60,"[60, 450, 286]",9,9,"[450, 286]"
collapse_ratio,60,"[60, 450, 287]",6,6,"[450, 287]"
collapse_ratio,60,"[60, 450, 288]",2,2,"[450, 288]"
collapse_ratio,60,"[60, 450, 289]",2,2,"[450, 289]"
collapse_ratio,60,"[60, 450, 291]",6,6,"[450, 291]"
collapse_ratio,60,"[60, 450, 292]",1,1,"[450, 292]"
collapse_ratio,60,"[60, 450, 293]",3,3,"[450, 293]"
collapse_ratio,60,"[60, 450, 294]",2,2,"[450, 294]"
collapse_ratio,60,"[60, 475, 41]",3,3,"[475, 41]"
collapse_ratio,60,"[60, 475, 47]",1,1,"[475, 47]"
collapse_ratio,60,"[60, 475, 55]",5,5,"[475, 55]"
collapse_ratio,60,"[60, 475, 57]",2,2,"[475, 57]"
collapse_ratio,60,"[60, 475, 61]",1,1,"[475, 61]"
collapse_ratio,60,"[60, 475, 67]",7,7,"[475, 67]"
collapse_ratio,60,"[60, 475, 69]",11,11,"[475, 69]"
collapse_ratio,60,"[60, 475, 75]",1,1,"[475, 75]"
collapse_ratio,60,"[60, 475, 77]",1,1,"[475, 77]"
collapse_ratio,60,"[60, 475, 79]",1,1,"[475, 79]"
collapse_ratio,60,"[60, 475, 81]",3,3,"[475, 81]"
collapse_ratio,60,"[60, 475, 288]",2,2,"[475, 288]"
collapse_ratio,60,"[60, 475, 289]",9,9,"[475, 289]"
collapse_ratio,60,"[60, 475, 290]",9,9,"[475, 290]"
collapse_ratio,60,"[60, 475, 291]",6,6,"[475, 291]"
collapse_ratio,60,"[60, 475, 294]",16,16,"[475, 294]"
collapse_ratio,60,"[60, 475, 295]",14,14,"[475, 295]"
collapse_ratio,60,"[60, 475, 296]",2,2,"[475, 296]"
collapse_ratio,60,"[60, 475, 297]",6,6,"[475, 297]"
collapse_ratio,60,"[60, 475, 298]",10,10,"[475, 298]"
collapse_ratio,60,"[60, 475, 299]",8,8,"[475, 299]"
collapse_ratio,60,"[60, 475, 300]",7,7,"[475, 300]"
collapse_ratio,60,"[60, 475, 301]",5,5,"[475, 301]"
collapse_ratio,60,"[60, 475, 302]",11,11,"[475, 302]"
collapse_ratio,60,"[60, 475, 303]",8,8,"[475, 303]"
collapse_ratio,60,"[60, 475, 304]",4,4,"[475, 304]"
collapse_ratio,60,"[60, 475, 305]",5,5,"[475, 305]"
collapse_ratio,60,"[60, 475, 307]",11,11,"[475, 307]"
collapse_ratio,60,"[60, 475, 308]",4,4,"[475, 308]"
collapse_ratio,60,"[60, 475, 309]",4,4,"[475, 309]"
collapse_ratio,60,"[60, 500, 53]",2,2,"[500, 53]"
collapse_ratio,60,"[60, 500, 65]",10,10,"[500, 65]"
collapse_ratio,60,"[60, 500, 73]",1,1,"[500, 73]"
collapse_ratio,60,"[60, 500, 75]",3,3,"[500, 75]"
collapse_ratio,60,"[60, 500, 79]",15,15,"[500, 79]"
collapse_ratio,60,"[60, 500, 306]",13,13,"[500, 306]"
collapse_ratio,60,"[60, 500, 307]",2,2,"[500, 307]"
collapse_ratio,60,"[60, 500, 310]",13,13,"[500, 310]"
collapse_ratio,60,"[60, 500, 311]",21,21,"[500, 311]"
collapse_ratio,60,"[60, 500, 312]",6,6,"[500, 312]"
collapse_ratio,60,"[60, 500, 313]",10,10,"[500, 313]"
collapse_ratio,60,"[60, 500, 314]",15,15,"[500, 314]"
collapse_ratio,60,"[60, 500, 315]",11,11,"[500, 315]"
collapse_ratio,60,"[60, 500, 316]",8,8,"[500, 316]"
collapse_ratio,60,"[60, 500, 317]",12,12,"[500, 317]"
collapse_ratio,60,"[60, 500, 318]",16,16,"[500, 318]"
collapse_ratio,60,"[60, 500, 319]",10,10,"[500, 319]"
collapse_ratio,60,"[60, 500, 320]",6,6,"[500, 320]"
collapse_ratio,60,"[60, 500, 321]",8,8,"[500, 321]"
collapse_ratio,60,"[60, 500, 322]",2,2,"[500, 322]"
collapse_ratio,60,"[60, 500, 324]",9,9,"[500, 324]"
collapse_ratio,60,"[60, 500, 325]",6,6,"[500, 325]"
collapse_ratio,60,"[60, 500, 326]",2,2,"[500, 326]"
collapse_ratio,60,"[60, 500, 329]",1,1,"[500, 329]"
collapse_ratio,60,"[60, 500, 330]",2,2,"[500, 330]"
collapse_ratio,60,"[60, 500, 331]",2,2,"[500, 331]"
collapse_ratio,60,"[60, 500, 333]",2,2,"[500, 333]"
collapse_ratio,60,"[60, 500, 334]",2,2,"[500, 334]"
collapse_ratio,60,"[60, 500, 335]",2,2,"[500, 335]"
collapse_ratio,60,"[60, 500, 336]",1,1,"[500, 336]"
collapse_ratio,60,"[60, 500, 337]",2,2,"[500, 337]"
collapse_ratio,60,"[60, 500, 338]",2,2,"[500, 338]"
collapse_ratio,60,"[60, 500, 340]",2,2,"[500, 340]"
collapse_ratio,60,"[60, 500, 344]",2,2,"[500, 344]"
collapse_ratio,60,"[60, 525, 51]",1,1,"[525, 51]"
collapse_ratio,60,"[60, 525, 63]",4,4,"[525, 63]"
collapse_ratio,60,"[60, 525, 71]",1,1,"[525, 71]"
collapse_ratio,60,"[60, 525, 77]",12,12,"[525, 77]"
collapse_ratio,60,"[60, 525, 85]",2,2,"[525, 85]"
collapse_ratio,60,"[60, 525, 87]",1,1,"[525, 87]"
collapse_ratio,60,"[60, 525, 89]",2,2,"[525, 89]"
collapse_ratio,60,"[60, 525, 93]",3,3,"[525, 93]"
collapse_ratio,60,"[60, 525, 318]",2,2,"[525, 318]"
collapse_ratio,60,"[60, 525, 321]",7,7,"[525, 321]"
collapse_ratio,60,"[60, 525, 322]",13,13,"[525, 322]"
collapse_ratio,60,"[60, 525, 323]",12,12,"[525, 323]"
collapse_ratio,60,"[60, 525, 324]",3,3,"[525, 324]"
collapse_ratio,60,"[60, 525, 326]",15,15,"[525, 326]"
collapse_ratio,60,"[60, 525, 327]",16,16,"[525, 327]"
collapse_ratio,60,"[60, 525, 328]",6,6,"[525, 328]"
collapse_ratio,60,"[60, 525, 329]",15,15,"[525, 329]"
collapse_ratio,60,"[60, 525, 330]",18,18,"[525, 330]"
collapse_ratio,60,"[60, 525, 331]",16,16,"[525, 331]"
collapse_ratio,60,"[60, 525, 332]",9,9,"[525, 332]"
collapse_ratio,60,"[60, 525, 333]",13,13,"[525, 333]"
collapse_ratio,60,"[60, 525, 334]",18,18,"[525, 334]"
collapse_ratio,60,"[60, 525, 335]",14,14,"[525, 335]"
collapse_ratio,60,"[60, 525, 336]",9,9,"[525, 336]"
collapse_ratio,60,"[60, 525, 337]",25,25,"[525, 337]"
collapse_ratio,60,"[60, 525, 338]",2,2,"[525, 338]"
collapse_ratio,60,"[60, 525, 339]",4,4,"[525, 339]"
collapse_ratio,60,"[60, 525, 340]",18,18,"[525, 340]"
collapse_ratio,60,"[60, 525, 341]",18,18,"[525, 341]"
collapse_ratio,60,"[60, 525, 342]",6,6,"[525, 342]"
collapse_ratio,60,"[60, 525, 343]",4,4,"[525, 343]"
collapse_ratio,60,"[60, 525, 344]",2,2,"[525, 344]"
collapse_ratio,60,"[60, 525, 345]",2,2,"[525, 345]"
collapse_ratio,60,"[60, 525, 346]",6,6,"[525, 346]"
collapse_ratio,60,"[60, 525, 347]",7,7,"[525, 347]"
collapse_ratio,60,"[60, 525, 348]",6,6,"[525, 348]"
collapse_ratio,60,"[60, 525, 349]",4,4,"[525, 349]"
collapse_ratio,60,"[60, 525, 350]",3,3,"[525, 350]"
collapse_ratio,60,"[60, 525, 351]",2,2,"[525, 351]"
collapse_ratio,60,"[60, 525, 352]",2,2,"[525, 352]"
collapse_ratio,60,"[60, 525, 353]",4,4,"[525, 353]"
collapse_ratio,60,"[60, 525, 354]",2,2,"[525, 354]"
collapse_ratio,60,"[60, 525, 355]",2,2,"[525, 355]"
collapse_ratio,60,"[60, 525, 356]",2,2,"[525, 356]"
collapse_ratio,60,"[60, 525, 358]",2,2,"[525, 358]"
collapse_ratio,60,"[60, 525, 360]",2,2,"[525, 360]"
collapse_ratio,60,"[60, 525, 362]",2,2,"[525, 362]"
collapse_ratio,60,"[60, 525, 366]",2,2,"[525, 366]"
collapse_ratio,60,"[60, 525, 373]",2,2,"[525, 373]"
collapse_ratio,60,"[60, 550, 65]",1,1,"[550, 65]"
collapse_ratio,60,"[60, 550, 69]",1,1,"[550, 69]"
collapse_ratio,60,"[60, 550, 71]",2,2,"[550, 71]"
collapse_ratio,60,"[60, 550, 75]",15,15,"[550, 75]"
collapse_ratio,60,"[60, 550, 77]",4,4,"[550, 77]"
collapse_ratio,60,"[60, 550, 81]",2,2,"[550, 81]"
collapse_ratio,60,"[60, 550, 83]",1,1,"[550, 83]"
collapse_ratio,60,"[60, 550, 87]",39,39,"[550, 87]"
collapse_ratio,60,"[60, 550, 91]",1,1,"[550, 91]"
collapse_ratio,60,"[60, 550, 92]",1,1,"[550, 92]"
collapse_ratio,60,"[60, 550, 99]",1,1,"[550, 99]"
collapse_ratio,60,"[60, 550, 336]",3,3,"[550, 336]"
collapse_ratio,60,"[60, 550, 337]",2,2,"[550, 337]"
collapse_ratio,60,"[60, 550, 338]",17,17,"[550, 338]"
collapse_ratio,60,"[60, 550, 339]",18,18,"[550, 339]"
collapse_ratio,60,"[60, 550, 340]",2,2,"[550, 340]"
collapse_ratio,60,"[60, 550, 342]",21,21,"[550, 342]"
collapse_ratio,60,"[60, 550, 343]",26,26,"[550, 343]"
collapse_ratio,60,"[60, 550, 344]",14,14,"[550, 344]"
collapse_ratio,60,"[60, 550, 345]",25,25,"[550, 345]"
collapse_ratio,60,"[60, 550, 346]",18,18,"[550, 346]"
collapse_ratio,60,"[60, 550, 347]",17,17,"[550, 347]"
collapse_ratio,60,"[60, 550, 348]",17,17,"[550, 348]"
collapse_ratio,60,"[60, 550, 349]",18,18,"[550, 349]"
collapse_ratio,60,"[60, 550, 350]",25,25,"[550, 350]"
collapse_ratio,60,"[60, 550, 351]",18,18,"[550, 351]"
collapse_ratio,60,"[60, 550, 352]",18,18,"[550, 352]"
collapse_ratio,60,"[60, 550, 353]",20,20,"[550, 353]"
collapse_ratio,60,"[60, 550, 354]",6,6,"[550, 354]"
collapse_ratio,60,"[60, 550, 356]",18,18,"[550, 356]"
collapse_ratio,60,"[60, 550, 357]",15,15,"[550, 357]"
collapse_ratio,60,"[60, 550, 358]",7,7,"[550, 358]"
collapse_ratio,60,"[60, 550, 369]",2,2,"[550, 369]"
collapse_ratio,60,"[60, 550, 370]",2,2,"[550, 370]"
collapse_ratio,60,"[60, 550, 371]",2,2,"[550, 371]"
collapse_ratio,60,"[60, 550, 374]",2,2,"[550, 374]"
collapse_ratio,60,"[60, 550, 376]",2,2,"[550, 376]"
collapse_ratio,60,"[60, 550, 380]",2,2,"[550, 380]"
collapse_ratio,60,"[60, 575, 49]",3,3,"[575, 49]"
collapse_ratio,60,"[60, 575, 55]",1,1,"[575, 55]"
collapse_ratio,60,"[60, 575, 61]",7,7,"[575, 61]"
collapse_ratio,60,"[60, 575, 73]",13,13,"[575, 73]"
collapse_ratio,60,"[60, 575, 85]",32,32,"[575, 85]"
collapse_ratio,60,"[60, 575, 91]",5,5,"[575, 91]"
collapse_ratio,60,"[60, 575, 95]",1,1,"[575, 95]"
collapse_ratio,60,"[60, 575, 97]",16,16,"[575, 97]"
collapse_ratio,60,"[60, 575, 109]",1,1,"[575, 109]"
collapse_ratio,60,"[60, 575, 348]",2,2,"[575, 348]"
collapse_ratio,60,"[60, 575, 351]",4,4,"[575, 351]"
collapse_ratio,60,"[60, 575, 353]",8,8,"[575, 353]"
collapse_ratio,60,"[60, 575, 354]",21,21,"[575, 354]"
collapse_ratio,60,"[60, 575, 355]",22,22,"[575, 355]"
collapse_ratio,60,"[60, 575, 357]",11,11,"[575, 357]"
collapse_ratio,60,"[60, 575, 358]",19,19,"[575, 358]"
collapse_ratio,60,"[60, 575, 359]",22,22,"[575, 359]"
collapse_ratio,60,"[60, 575, 360]",10,10,"[575, 360]"
collapse_ratio,60,"[60, 575, 361]",7,7,"[575, 361]"
collapse_ratio,60,"[60, 575, 362]",19,19,"[575, 362]"
collapse_ratio,60,"[60, 575, 363]",16,16,"[575, 363]"
collapse_ratio,60,"[60, 575, 364]",5,5,"[575, 364]"
collapse_ratio,60,"[60, 575, 365]",5,5,"[575, 365]"
collapse_ratio,60,"[60, 575, 367]",17,17,"[575, 367]"
collapse_ratio,60,"[60, 575, 368]",3,3,"[575, 368]"
collapse_ratio,60,"[60, 575, 369]",2,2,"[575, 369]"
collapse_ratio,60,"[60, 575, 373]",3,3,"[575, 373]"
collapse_ratio,60,"[60, 575, 436]",1,1,"[575, 436]"
collapse_ratio,60,"[60, 600, 53]",1,1,"[600, 53]"
collapse_ratio,60,"[60, 600, 57]",2,2,"[600, 57]"
collapse_ratio,60,"[60, 600, 59]",3,3,"[600, 59]"
collapse_ratio,60,"[60, 600, 63]",2,2,"[600, 63]"
collapse_ratio,60,"[60, 600, 65]",2,2,"[600, 65]"
collapse_ratio,60,"[60, 600, 71]",16,16,"[600, 71]"
collapse_ratio,60,"[60, 600, 81]",1,1,"[600, 81]"
collapse_ratio,60,"[60, 600, 83]",25,25,"[600, 83]"
collapse_ratio,60,"[60, 600, 89]",2,2,"[600, 89]"
collapse_ratio,60,"[60, 600, 93]",1,1,"[600, 93]"
collapse_ratio,60,"[60, 600, 95]",83,83,"[600, 95]"
collapse_ratio,60,"[60, 600, 99]",3,3,"[600, 99]"
collapse_ratio,60,"[60, 600, 103]",1,1,"[600, 103]"
collapse_ratio,60,"[60, 600, 366]",21,21,"[600, 366]"
collapse_ratio,60,"[60, 600, 370]",15,15,"[600, 370]"
collapse_ratio,60,"[60, 600, 371]",14,14,"[600, 371]"
collapse_ratio,60,"[60, 600, 372]",8,8,"[600, 372]"
collapse_ratio,60,"[60, 600, 374]",13,13,"[600, 374]"
collapse_ratio,60,"[60, 600, 375]",17,17,"[600, 375]"
collapse_ratio,60,"[60, 600, 376]",2,2,"[600, 376]"
collapse_ratio,60,"[60, 600, 377]",3,3,"[600, 377]"
collapse_ratio,60,"[60, 600, 378]",13,13,"[600, 378]"
collapse_ratio,60,"[60, 600, 379]",13,13,"[600, 379]"
collapse_ratio,60,"[60, 600, 380]",3,3,"[600, 380]"
collapse_ratio,60,"[60, 600, 381]",2,2,"[600, 381]"
collapse_ratio,60,"[60, 600, 383]",13,13,"[600, 383]"
collapse_ratio,60,"[60, 600, 384]",2,2,"[600, 384]"
collapse_ratio,60,"[60, 600, 385]",1,1,"[600, 385]"
collapse_ratio,60,"[60, 600, 389]",1,1,"[600, 389]"
collapse_ratio,60,"[60, 600, 390]",1,1,"[600, 390]"
collapse_ratio,60,"[60, 600, 402]",1,1,"[600, 402]"
collapse_ratio,60,"[60, 600, 406]",1,1,"[600, 406]"
collapse_ratio,60,"[60, 600, 414]",2,2,"[600, 414]"
collapse_ratio,60,"[60, 600, 416]",1,1,"[600, 416]"
collapse_ratio,60,"[60, 600, 418]",1,1,"[600, 418]"
collapse_ratio,60,"[60, 600, 424]",4,4,"[600, 424]"
collapse_ratio,60,"[60, 600, 434]",3,3,"[600, 434]"
collapse_ratio,60,"[60, 600, 442]",1,1,"[600, 442]"
collapse_ratio,60,"[60, 600, 448]",1,1,"[600, 448]"
collapse_ratio,60,"[60, 600, 450]",2,2,"[600, 450]"
collapse_ratio,60,"[60, 625, 47]",2,2,"[625, 47]"
collapse_ratio,60,"[60, 625, 67]",1,1,"[625, 67]"
collapse_ratio,60,"[60, 625, 79]",1,1,"[625, 79]"
collapse_ratio,60,"[60, 625, 81]",59,59,"[625, 81]"
collapse_ratio,60,"[60, 625, 85]",2,2,"[625, 85]"
collapse_ratio,60,"[60, 625, 87]",2,2,"[625, 87]"
collapse_ratio,60,"[60, 625, 88]",1,1,"[625, 88]"
collapse_ratio,60,"[60, 625, 91]",2,2,"[625, 91]"
collapse_ratio,60,"[60, 625, 93]",40,40,"[625, 93]"
collapse_ratio,60,"[60, 625, 95]",1,1,"[625, 95]"
collapse_ratio,60,"[60, 625, 97]",2,2,"[625, 97]"
collapse_ratio,60,"[60, 625, 105]",31,31,"[625, 105]"
collapse_ratio,60,"[60, 625, 107]",2,2,"[625, 107]"
collapse_ratio,60,"[60, 625, 110]",1,1,"[625, 110]"
collapse_ratio,60,"[60, 625, 378]",2,2,"[625, 378]"
collapse_ratio,60,"[60, 625, 382]",14,14,"[625, 382]"
collapse_ratio,60,"[60, 625, 384]",2,2,"[625, 384]"
collapse_ratio,60,"[60, 625, 385]",8,8,"[625, 385]"
collapse_ratio,60,"[60, 625, 386]",15,15,"[625, 386]"
collapse_ratio,60,"[60, 625, 387]",13,13,"[625, 387]"
collapse_ratio,60,"[60, 625, 388]",3,3,"[625, 388]"
collapse_ratio,60,"[60, 625, 390]",17,17,"[625, 390]"
collapse_ratio,60,"[60, 625, 391]",14,14,"[625, 391]"
collapse_ratio,60,"[60, 625, 392]",2,2,"[625, 392]"
collapse_ratio,60,"[60, 625, 393]",1,1,"[625, 393]"
collapse_ratio,60,"[60, 625, 394]",16,16,"[625, 394]"
collapse_ratio,60,"[60, 625, 395]",13,13,"[625, 395]"
collapse_ratio,60,"[60, 625, 396]",2,2,"[625, 396]"
collapse_ratio,60,"[60, 625, 397]",3,3,"[625, 397]"
collapse_ratio,60,"[60, 625, 399]",13,13,"[625, 399]"
collapse_ratio,60,"[60, 625, 400]",2,2,"[625, 400]"
collapse_ratio,60,"[60, 625, 401]",1,1,"[625, 401]"
collapse_ratio,60,"[60, 625, 405]",1,1,"[625, 405]"
collapse_ratio,60,"[60, 625, 406]",1,1,"[625, 406]"
collapse_ratio,60,"[60, 625, 407]",1,1,"[625, 407]"
collapse_ratio,60,"[60, 625, 422]",3,3,"[625, 422]"
collapse_ratio,60,"[60, 625, 430]",4,4,"[625, 430]"
collapse_ratio,60,"[60, 625, 432]",11,11,"[625, 432]"
collapse_ratio,60,"[60, 625, 438]",5,5,"[625, 438]"
collapse_ratio,60,"[60, 625, 440]",22,22,"[625, 440]"
collapse_ratio,60,"[60, 625, 442]",3,3,"[625, 442]"
collapse_ratio,60,"[60, 625, 450]",16,16,"[625, 450]"
collapse_ratio,60,"[60, 625, 453]",2,2,"[625, 453]"
collapse_ratio,60,"[60, 625, 454]",1,1,"[625, 454]"
collapse_ratio,60,"[60, 625, 456]",4,4,"[625, 456]"
collapse_ratio,60,"[60, 625, 458]",3,3,"[625, 458]"
collapse_ratio,60,"[60, 625, 464]",10,10,"[625, 464]"
collapse_ratio,60,"[60, 625, 466]",4,4,"[625, 466]"
collapse_ratio,60,"[60, 625, 474]",5,5,"[625, 474]"
collapse_ratio,60,"[60, 650, 23]",1,1,"[650, 23]"
collapse_ratio,60,"[60, 650, 46]",2,2,"[650, 46]"
collapse_ratio,60,"[60, 650, 57]",11,11,"[650, 57]"
collapse_ratio,60,"[60, 650, 69]",11,11,"[650, 69]"
collapse_ratio,60,"[60, 650, 75]",3,3,"[650, 75]"
collapse_ratio,60,"[60, 650, 89]",2,2,"[650, 89]"
collapse_ratio,60,"[60, 650, 91]",57,57,"[650, 91]"
collapse_ratio,60,"[60, 650, 95]",1,1,"[650, 95]"
collapse_ratio,60,"[60, 650, 97]",4,4,"[650, 97]"
collapse_ratio,60,"[60, 650, 101]",1,1,"[650, 101]"
collapse_ratio,60,"[60, 650, 103]",126,126,"[650, 103]"
collapse_ratio,60,"[60, 650, 104]",2,2,"[650, 104]"
collapse_ratio,60,"[60, 650, 105]",2,2,"[650, 105]"
collapse_ratio,60,"[60, 650, 109]",3,3,"[650, 109]"
collapse_ratio,60,"[60, 650, 111]",5,5,"[650, 111]"
collapse_ratio,60,"[60, 650, 114]",7,7,"[650, 114]"
collapse_ratio,60,"[60, 650, 117]",1,1,"[650, 117]"
collapse_ratio,60,"[60, 650, 126]",1,1,"[650, 126]"
collapse_ratio,60,"[60, 650, 396]",4,4,"[650, 396]"
collapse_ratio,60,"[60, 650, 398]",14,14,"[650, 398]"
collapse_ratio,60,"[60, 650, 401]",1,1,"[650, 401]"
collapse_ratio,60,"[60, 650, 402]",17,17,"[650, 402]"
collapse_ratio,60,"[60, 650, 403]",13,13,"[650, 403]"
collapse_ratio,60,"[60, 650, 404]",2,2,"[650, 404]"
collapse_ratio,60,"[60, 650, 406]",13,13,"[650, 406]"
collapse_ratio,60,"[60, 650, 407]",13,13,"[650, 407]"
collapse_ratio,60,"[60, 650, 408]",5,5,"[650, 408]"
collapse_ratio,60,"[60, 650, 409]",1,1,"[650, 409]"
collapse_ratio,60,"[60, 650, 410]",13,13,"[650, 410]"
collapse_ratio,60,"[60, 650, 411]",13,13,"[650, 411]"
collapse_ratio,60,"[60, 650, 412]",1,1,"[650, 412]"
collapse_ratio,60,"[60, 650, 413]",1,1,"[650, 413]"
collapse_ratio,60,"[60, 650, 414]",1,1,"[650, 414]"
collapse_ratio,60,"[60, 650, 416]",2,2,"[650, 416]"
collapse_ratio,60,"[60, 650, 417]",1,1,"[650, 417]"
collapse_ratio,60,"[60, 650, 419]",1,1,"[650, 419]"
collapse_ratio,60,"[60, 650, 421]",1,1,"[650, 421]"
collapse_ratio,60,"[60, 650, 437]",2,2,"[650, 437]"
collapse_ratio,60,"[60, 650, 445]",4,4,"[650, 445]"
collapse_ratio,60,"[60, 650, 446]",6,6,"[650, 446]"
collapse_ratio,60,"[60, 650, 448]",36,36,"[650, 448]"
collapse_ratio,60,"[60, 650, 454]",7,7,"[650, 454]"
collapse_ratio,60,"[60, 650, 456]",57,57,"[650, 456]"
collapse_ratio,60,"[60, 650, 458]",35,35,"[650, 458]"
collapse_ratio,60,"[60, 650, 461]",4,4,"[650, 461]"
collapse_ratio,60,"[60, 650, 462]",6,6,"[650, 462]"
collapse_ratio,60,"[60, 650, 466]",90,90,"[650, 466]"
collapse_ratio,60,"[60, 650, 468]",2,2,"[650, 468]"
collapse_ratio,60,"[60, 650, 469]",20,20,"[650, 469]"
collapse_ratio,60,"[60, 650, 470]",22,22,"[650, 470]"
collapse_ratio,60,"[60, 650, 472]",20,20,"[650, 472]"
collapse_ratio,60,"[60, 650, 478]",65,65,"[650, 478]"
collapse_ratio,60,"[60, 650, 480]",35,35,"[650, 480]"
collapse_ratio,60,"[60, 650, 482]",6,6,"[650, 482]"
collapse_ratio,60,"[60, 650, 490]",7,7,"[650, 490]"
collapse_ratio,60,"[60, 675, 34]",1,1,"[675, 34]"
collapse_ratio,60,"[60, 675, 45]",4,4,"[675, 45]"
collapse_ratio,60,"[60, 675, 62]",2,2,"[675, 62]"
collapse_ratio,60,"[60, 675, 73]",5,5,"[675, 73]"
collapse_ratio,60,"[60, 675, 79]",30,30,"[675, 79]"
collapse_ratio,60,"[60, 675, 87]",5,5,"[675, 87]"
collapse_ratio,60,"[60, 675, 90]",1,1,"[675, 90]"
collapse_ratio,60,"[60, 675, 100]",1,1,"[675, 100]"
collapse_ratio,60,"[60, 675, 101]",142,142,"[675, 101]"
collapse_ratio,60,"[60, 675, 102]",4,4,"[675, 102]"
collapse_ratio,60,"[60, 675, 103]",1,1,"[675, 103]"
collapse_ratio,60,"[60, 675, 105]",3,3,"[675, 105]"
collapse_ratio,60,"[60, 675, 107]",19,19,"[675, 107]"
collapse_ratio,60,"[60, 675, 113]",74,74,"[675, 113]"
collapse_ratio,60,"[60, 675, 115]",2,2,"[675, 115]"
collapse_ratio,60,"[60, 675, 118]",1,1,"[675, 118]"
collapse_ratio,60,"[60, 675, 124]",5,5,"[675, 124]"
collapse_ratio,60,"[60, 675, 125]",1,1,"[675, 125]"
collapse_ratio,60,"[60, 675, 204]",1,1,"[675, 204]"
collapse_ratio,60,"[60, 675, 411]",2,2,"[675, 411]"
collapse_ratio,60,"[60, 675, 414]",15,15,"[675, 414]"
collapse_ratio,60,"[60, 675, 415]",14,14,"[675, 415]"
collapse_ratio,60,"[60, 675, 416]",3,3,"[675, 416]"
collapse_ratio,60,"[60, 675, 417]",11,11,"[675, 417]"
collapse_ratio,60,"[60, 675, 418]",15,15,"[675, 418]"
collapse_ratio,60,"[60, 675, 419]",14,14,"[675, 419]"
collapse_ratio,60,"[60, 675, 420]",5,5,"[675, 420]"
collapse_ratio,60,"[60, 675, 421]",3,3,"[675, 421]"
collapse_ratio,60,"[60, 675, 422]",11,11,"[675, 422]"
collapse_ratio,60,"[60, 675, 423]",15,15,"[675, 423]"
collapse_ratio,60,"[60, 675, 424]",1,1,"[675, 424]"
collapse_ratio,60,"[60, 675, 425]",2,2,"[675, 425]"
collapse_ratio,60,"[60, 675, 426]",11,11,"[675, 426]"
collapse_ratio,60,"[60, 675, 427]",12,12,"[675, 427]"
collapse_ratio,60,"[60, 675, 428]",4,4,"[675, 428]"
collapse_ratio,60,"[60, 675, 429]",1,1,"[675, 429]"
collapse_ratio,60,"[60, 675, 430]",1,1,"[675, 430]"
collapse_ratio,60,"[60, 675, 431]",1,1,"[675, 431]"
collapse_ratio,60,"[60, 675, 432]",2,2,"[675, 432]"
collapse_ratio,60,"[60, 675, 433]",1,1,"[675, 433]"
collapse_ratio,60,"[60, 675, 435]",1,1,"[675, 435]"
collapse_ratio,60,"[60, 675, 437]",4,4,"[675, 437]"
collapse_ratio,60,"[60, 675, 438]",4,4,"[675, 438]"
collapse_ratio,60,"[60, 675, 439]",1,1,"[675, 439]"
collapse_ratio,60,"[60, 675, 442]",2,2,"[675, 442]"
collapse_ratio,60,"[60, 675, 450]",2,2,"[675, 450]"
collapse_ratio,60,"[60, 675, 451]",2,2,"[675, 451]"
collapse_ratio,60,"[60, 675, 452]",4,4,"[675, 452]"
collapse_ratio,60,"[60, 675, 453]",6,6,"[675, 453]"
collapse_ratio,60,"[60, 675, 458]",2,2,"[675, 458]"
collapse_ratio,60,"[60, 675, 460]",12,12,"[675, 460]"
collapse_ratio,60,"[60, 675, 461]",8,8,"[675, 461]"
collapse_ratio,60,"[60, 675, 462]",8,8,"[675, 462]"
collapse_ratio,60,"[60, 675, 464]",84,84,"[675, 464]"
collapse_ratio,60,"[60, 675, 469]",3,3,"[675, 469]"
collapse_ratio,60,"[60, 675, 470]",9,9,"[675, 470]"
collapse_ratio,60,"[60, 675, 471]",4,4,"[675, 471]"
collapse_ratio,60,"[60, 675, 472]",121,121,"[675, 472]"
collapse_ratio,60,"[60, 675, 474]",184,184,"[675, 474]"
collapse_ratio,60,"[60, 675, 475]",2,2,"[675, 475]"
collapse_ratio,60,"[60, 675, 476]",4,4,"[675, 476]"
collapse_ratio,60,"[60, 675, 477]",111,111,"[675, 477]"
collapse_ratio,60,"[60, 675, 482]",355,355,"[675, 482]"
collapse_ratio,60,"[60, 675, 484]",6,6,"[675, 484]"
collapse_ratio,60,"[60, 675, 485]",375,375,"[675, 485]"
collapse_ratio,60,"[60, 675, 486]",154,154,"[675, 486]"
collapse_ratio,60,"[60, 675, 487]",1,1,"[675, 487]"
collapse_ratio,60,"[60, 675, 488]",56,56,"[675, 488]"
collapse_ratio,60,"[60, 675, 493]",341,341,"[675, 493]"
collapse_ratio,60,"[60, 675, 494]",322,322,"[675, 494]"
collapse_ratio,60,"[60, 675, 495]",12,12,"[675, 495]"
collapse_ratio,60,"[60, 675, 496]",85,85,"[675, 496]"
collapse_ratio,60,"[60, 675, 498]",8,8,"[675, 498]"
collapse_ratio,60,"[60, 675, 506]",11,11,"[675, 506]"
collapse_ratio,60,"[60, 700, 56]",2,2,"[700, 56]"
collapse_ratio,60,"[60, 700, 67]",27,27,"[700, 67]"
collapse_ratio,60,"[60, 700, 71]",2,2,"[700, 71]"
collapse_ratio,60,"[60, 700, 72]",4,4,"[700, 72]"
collapse_ratio,60,"[60, 700, 78]",2,2,"[700, 78]"
collapse_ratio,60,"[60, 700, 83]",9,9,"[700, 83]"
collapse_ratio,60,"[60, 700, 89]",96,96,"[700, 89]"
collapse_ratio,60,"[60, 700, 91]",2,2,"[700, 91]"
collapse_ratio,60,"[60, 700, 94]",1,1,"[700, 94]"
collapse_ratio,60,"[60, 700, 95]",9,9,"[700, 95]"
collapse_ratio,60,"[60, 700, 97]",1,1,"[700, 97]"
collapse_ratio,60,"[60, 700, 100]",4,4,"[700, 100]"
collapse_ratio,60,"[60, 700, 101]",1,1,"[700, 101]"
collapse_ratio,60,"[60, 700, 103]",1,1,"[700, 103]"
collapse_ratio,60,"[60, 700, 105]",2,2,"[700, 105]"
collapse_ratio,60,"[60, 700, 106]",1,1,"[700, 106]"
collapse_ratio,60,"[60, 700, 109]",2,2,"[700, 109]"
collapse_ratio,60,"[60, 700, 111]",284,284,"[700, 111]"
collapse_ratio,60,"[60, 700, 112]",8,8,"[700, 112]"
collapse_ratio,60,"[60, 700, 113]",2,2,"[700, 113]"
collapse_ratio,60,"[60, 700, 117]",13,13,"[700, 117]"
collapse_ratio,60,"[60, 700, 119]",5,5,"[700, 119]"
collapse_ratio,60,"[60, 700, 122]",48,48,"[700, 122]"
collapse_ratio,60,"[60, 700, 123]",8,8,"[700, 123]"
collapse_ratio,60,"[60, 700, 144]",2,2,"[700, 144]"
collapse_ratio,60,"[60, 700, 156]",1,1,"[700, 156]"
collapse_ratio,60,"[60, 700, 177]",1,1,"[700, 177]"
collapse_ratio,60,"[60, 700, 201]",1,1,"[700, 201]"
collapse_ratio,60,"[60, 700, 211]",2,2,"[700, 211]"
collapse_ratio,60,"[60, 700, 425]",12,12,"[700, 425]"
collapse_ratio,60,"[60, 700, 426]",3,3,"[700, 426]"
collapse_ratio,60,"[60, 700, 427]",1,1,"[700, 427]"
collapse_ratio,60,"[60, 700, 429]",2,2,"[700, 429]"
collapse_ratio,60,"[60, 700, 430]",10,10,"[700, 430]"
collapse_ratio,60,"[60, 700, 431]",10,10,"[700, 431]"
collapse_ratio,60,"[60, 700, 432]",4,4,"[700, 432]"
collapse_ratio,60,"[60, 700, 433]",8,8,"[700, 433]"
collapse_ratio,60,"[60, 700, 434]",9,9,"[700, 434]"
collapse_ratio,60,"[60, 700, 435]",9,9,"[700, 435]"
collapse_ratio,60,"[60, 700, 436]",1,1,"[700, 436]"
collapse_ratio,60,"[60, 700, 437]",1,1,"[700, 437]"
collapse_ratio,60,"[60, 700, 438]",9,9,"[700, 438]"
collapse_ratio,60,"[60, 700, 439]",9,9,"[700, 439]"
collapse_ratio,60,"[60, 700, 440]",1,1,"[700, 440]"
collapse_ratio,60,"[60, 700, 441]",1,1,"[700, 441]"
collapse_ratio,60,"[60, 700, 443]",3,3,"[700, 443]"
collapse_ratio,60,"[60, 700, 444]",3,3,"[700, 444]"
collapse_ratio,60,"[60, 700, 445]",1,1,"[700, 445]"
collapse_ratio,60,"[60, 700, 448]",1,1,"[700, 448]"
collapse_ratio,60,"[60, 700, 449]",1,1,"[700, 449]"
collapse_ratio,60,"[60, 700, 458]",2,2,"[700, 458]"
collapse_ratio,60,"[60, 700, 459]",2,2,"[700, 459]"
collapse_ratio,60,"[60, 700, 463]",2,2,"[700, 463]"
collapse_ratio,60,"[60, 700, 465]",2,2,"[700, 465]"
collapse_ratio,60,"[60, 700, 466]",6,6,"[700, 466]"
collapse_ratio,60,"[60, 700, 467]",6,6,"[700, 467]"
collapse_ratio,60,"[60, 700, 468]",24,24,"[700, 468]"
collapse_ratio,60,"[60, 700, 469]",10,10,"[700, 469]"
collapse_ratio,60,"[60, 700, 471]",2,2,"[700, 471]"
collapse_ratio,60,"[60, 700, 473]",2,2,"[700, 473]"
collapse_ratio,60,"[60, 700, 474]",6,6,"[700, 474]"
collapse_ratio,60,"[60, 700, 475]",2,2,"[700, 475]"
collapse_ratio,60,"[60, 700, 476]",43,43,"[700, 476]"
collapse_ratio,60,"[60, 700, 477]",15,15,"[700, 477]"
collapse_ratio,60,"[60, 700, 478]",15,15,"[700, 478]"
collapse_ratio,60,"[60, 700, 479]",23,23,"[700, 479]"
collapse_ratio,60,"[60, 700, 480]",169,169,"[700, 480]"
collapse_ratio,60,"[60, 700, 481]",5,5,"[700, 481]"
collapse_ratio,60,"[60, 700, 483]",8,8,"[700, 483]"
collapse_ratio,60,"[60, 700, 485]",85,85,"[700, 485]"
collapse_ratio,60,"[60, 700, 486]",11,11,"[700, 486]"
collapse_ratio,60,"[60, 700, 487]",43,43,"[700, 487]"
collapse_ratio,60,"[60, 700, 488]",220,220,"[700, 488]"
collapse_ratio,60,"[60, 700, 489]",24,24,"[700, 489]"
collapse_ratio,60,"[60, 700, 490]",615,615,"[700, 490]"
collapse_ratio,60,"[60, 700, 491]",20,20,"[700, 491]"
collapse_ratio,60,"[60, 700, 492]",8,8,"[700, 492]"
collapse_ratio,60,"[60, 700, 493]",1394,1394,"[700, 493]"
collapse_ratio,60,"[60, 700, 496]",291,291,"[700, 496]"
collapse_ratio,60,"[60, 700, 497]",11,11,"[700, 497]"
collapse_ratio,60,"[60, 700, 498]",1002,1002,"[700, 498]"
collapse_ratio,60,"[60, 700, 499]",20,20,"[700, 499]"
collapse_ratio,60,"[60, 700, 500]",11,11,"[700, 500]"
collapse_ratio,60,"[60, 700, 501]",4775,4775,"[700, 501]"
collapse_ratio,60,"[60, 700, 502]",642,642,"[700, 502]"
collapse_ratio,60,"[60, 700, 503]",58,58,"[700, 503]"
collapse_ratio,60,"[60, 700, 504]",122,122,"[700, 504]"
collapse_ratio,60,"[60, 700, 509]",1767,1767,"[700, 509]"
collapse_ratio,60,"[60, 700, 510]",1234,1234,"[700, 510]"
collapse_ratio,60,"[60, 700, 511]",232,232,"[700, 511]"
collapse_ratio,60,"[60, 700, 512]",170,170,"[700, 512]"
collapse_ratio,60,"[60, 700, 513]",1,1,"[700, 513]"
collapse_ratio,60,"[60, 700, 514]",12,12,"[700, 514]"
collapse_ratio,60,"[60, 700, 520]",237,237,"[700, 520]"
collapse_ratio,60,"[60, 700, 521]",12,12,"[700, 521]"
collapse_ratio,60,"[60, 700, 522]",14,14,"[700, 522]"
collapse_ratio,60,"[60, 725, 33]",3,3,"[725, 33]"
collapse_ratio,60,"[60, 725, 44]",4,4,"[725, 44]"
collapse_ratio,60,"[60, 725, 55]",9,9,"[725, 55]"
collapse_ratio,60,"[60, 725, 66]",8,8,"[725, 66]"
collapse_ratio,60,"[60, 725, 77]",61,61,"[725, 77]"
collapse_ratio,60,"[60, 725, 81]",1,1,"[725, 81]"
collapse_ratio,60,"[60, 725, 82]",5,5,"[725, 82]"
collapse_ratio,60,"[60, 725, 88]",4,4,"[725, 88]"
collapse_ratio,60,"[60, 725, 93]",15,15,"[725, 93]"
collapse_ratio,60,"[60, 725, 98]",1,1,"[725, 98]"
collapse_ratio,60,"[60, 725, 99]",114,114,"[725, 99]"
collapse_ratio,60,"[60, 725, 104]",3,3,"[725, 104]"
collapse_ratio,60,"[60, 725, 107]",13,13,"[725, 107]"
collapse_ratio,60,"[60, 725, 108]",1,1,"[725, 108]"
collapse_ratio,60,"[60, 725, 110]",22,22,"[725, 110]"
collapse_ratio,60,"[60, 725, 111]",3,3,"[725, 111]"
collapse_ratio,60,"[60, 725, 115]",17,17,"[725, 115]"
collapse_ratio,60,"[60, 725, 116]",2,2,"[725, 116]"
collapse_ratio,60,"[60, 725, 120]",3,3,"[725, 120]"
collapse_ratio,60,"[60, 725, 121]",229,229,"[725, 121]"
collapse_ratio,60,"[60, 725, 123]",3,3,"[725, 123]"
collapse_ratio,60,"[60, 725, 126]",2,2,"[725, 126]"
collapse_ratio,60,"[60, 725, 127]",4,4,"[725, 127]"
collapse_ratio,60,"[60, 725, 131]",36,36,"[725, 131]"
collapse_ratio,60,"[60, 725, 132]",4,4,"[725, 132]"
collapse_ratio,60,"[60, 725, 142]",2,2,"[725, 142]"
collapse_ratio,60,"[60, 725, 176]",1,1,"[725, 176]"
collapse_ratio,60,"[60, 725, 209]",2,2,"[725, 209]"
collapse_ratio,60,"[60, 725, 442]",4,4,"[725, 442]"
collapse_ratio,60,"[60, 725, 447]",2,2,"[725, 447]"
collapse_ratio,60,"[60, 725, 450]",1,1,"[725, 450]"
collapse_ratio,60,"[60, 725, 453]",2,2,"[725, 453]"
collapse_ratio,60,"[60, 725, 458]",1,1,"[725, 458]"
collapse_ratio,60,"[60, 725, 461]",1,1,"[725, 461]"
collapse_ratio,60,"[60, 725, 475]",6,6,"[725, 475]"
collapse_ratio,60,"[60, 725, 484]",20,20,"[725, 484]"
collapse_ratio,60,"[60, 725, 486]",30,30,"[725, 486]"
collapse_ratio,60,"[60, 725, 487]",30,30,"[725, 487]"
collapse_ratio,60,"[60, 725, 493]",12,12,"[725, 493]"
collapse_ratio,60,"[60, 725, 501]",10,10,"[725, 501]"
collapse_ratio,60,"[60, 725, 503]",1485,1485,"[725, 503]"
collapse_ratio,60,"[60, 725, 506]",1502,1502,"[725, 506]"
collapse_ratio,60,"[60, 725, 508]",24,24,"[725, 508]"
collapse_ratio,60,"[60, 725, 509]",3649,3649,"[725, 509]"
collapse_ratio,60,"[60, 725, 510]",24,24,"[725, 510]"
collapse_ratio,60,"[60, 725, 512]",1932,1932,"[725, 512]"
collapse_ratio,60,"[60, 725, 514]",32,32,"[725, 514]"
collapse_ratio,60,"[60, 725, 515]",1012,1012,"[725, 515]"
collapse_ratio,60,"[60, 725, 517]",5000,9113,"[725, 517]"
collapse_ratio,60,"[60, 725, 518]",116,116,"[725, 518]"
collapse_ratio,60,"[60, 725, 519]",738,738,"[725, 519]"
collapse_ratio,60,"[60, 725, 520]",3812,3812,"[725, 520]"
collapse_ratio,60,"[60, 725, 525]",3140,3140,"[725, 525]"
collapse_ratio,60,"[60, 725, 527]",2515,2515,"[725, 527]"
collapse_ratio,60,"[60, 725, 528]",36,36,"[725, 528]"
collapse_ratio,60,"[60, 725, 529]",80,80,"[725, 529]"
collapse_ratio,60,"[60, 725, 530]",15,15,"[725, 530]"
collapse_ratio,60,"[60, 725, 536]",1063,1063,"[725, 536]"
collapse_ratio,60,"[60, 725, 537]",769,769,"[725, 537]"
collapse_ratio,60,"[60, 725, 538]",9,9,"[725, 538]"
collapse_ratio,60,"[60, 725, 539]",1,1,"[725, 539]"
collapse_ratio,60,"[60, 725, 546]",94,94,"[725, 546]"
collapse_ratio,60,"[60, 725, 547]",89,89,"[725, 547]"
collapse_ratio,60,"[60, 725, 557]",1,1,"[725, 557]"
collapse_ratio,60,"[60, 750, 54]",4,4,"[750, 54]"
collapse_ratio,60,"[60, 750, 65]",2,2,"[750, 65]"
collapse_ratio,60,"[60, 750, 76]",15,15,"[750, 76]"
collapse_ratio,60,"[60, 750, 77]",1,1,"[750, 77]"
collapse_ratio,60,"[60, 750, 81]",8,8,"[750, 81]"
collapse_ratio,60,"[60, 750, 87]",132,132,"[750, 87]"
collapse_ratio,60,"[60, 750, 92]",6,6,"[750, 92]"
collapse_ratio,60,"[60, 750, 98]",13,13,"[750, 98]"
collapse_ratio,60,"[60, 750, 103]",21,21,"[750, 103]"
collapse_ratio,60,"[60, 750, 108]",26,26,"[750, 108]"
collapse_ratio,60,"[60, 750, 109]",260,260,"[750, 109]"
collapse_ratio,60,"[60, 750, 111]",2,2,"[750, 111]"
collapse_ratio,60,"[60, 750, 112]",1,1,"[750, 112]"
collapse_ratio,60,"[60, 750, 113]",1,1,"[750, 113]"
collapse_ratio,60,"[60, 750, 114]",10,10,"[750, 114]"
collapse_ratio,60,"[60, 750, 115]",2,2,"[750, 115]"
collapse_ratio,60,"[60, 750, 117]",10,10,"[750, 117]"
collapse_ratio,60,"[60, 750, 118]",1,1,"[750, 118]"
collapse_ratio,60,"[60, 750, 119]",541,541,"[750, 119]"
collapse_ratio,60,"[60, 750, 120]",89,89,"[750, 120]"
collapse_ratio,60,"[60, 750, 121]",6,6,"[750, 121]"
collapse_ratio,60,"[60, 750, 123]",1,1,"[750, 123]"
collapse_ratio,60,"[60, 750, 125]",55,55,"[750, 125]"
collapse_ratio,60,"[60, 750, 127]",41,41,"[750, 127]"
collapse_ratio,60,"[60, 750, 130]",65,65,"[750, 130]"
collapse_ratio,60,"[60, 750, 131]",7,7,"[750, 131]"
collapse_ratio,60,"[60, 750, 133]",1,1,"[750, 133]"
collapse_ratio,60,"[60, 750, 135]",8,8,"[750, 135]"
collapse_ratio,60,"[60, 750, 136]",1,1,"[750, 136]"
collapse_ratio,60,"[60, 750, 141]",7,7,"[750, 141]"
collapse_ratio,60,"[60, 750, 151]",1,1,"[750, 151]"
collapse_ratio,60,"[60, 750, 466]",1,1,"[750, 466]"
collapse_ratio,60,"[60, 750, 511]",1,1,"[750, 511]"
collapse_ratio,60,"[60, 750, 513]",66,66,"[750, 513]"
collapse_ratio,60,"[60, 750, 556]",1,1,"[750, 556]"
collapse_ratio,60,"[60, 775, 43]",5,5,"[775, 43]"
collapse_ratio,60,"[60, 775, 70]",1,1,"[775, 70]"
collapse_ratio,60,"[60, 775, 75]",29,29,"[775, 75]"
collapse_ratio,60,"[60, 775, 83]",2,2,"[775, 83]"
collapse_ratio,60,"[60, 775, 86]",30,30,"[775, 86]"
collapse_ratio,60,"[60, 775, 91]",5,5,"[775, 91]"
collapse_ratio,60,"[60, 775, 97]",351,351,"[775, 97]"
collapse_ratio,60,"[60, 775, 101]",5,5,"[775, 101]"
collapse_ratio,60,"[60, 775, 102]",18,18,"[775, 102]"
collapse_ratio,60,"[60, 775, 107]",639,639,"[775, 107]"
collapse_ratio,60,"[60, 775, 109]",2,2,"[775, 109]"
collapse_ratio,60,"[60, 775, 111]",1,1,"[775, 111]"
collapse_ratio,60,"[60, 775, 113]",35,35,"[775, 113]"
collapse_ratio,60,"[60, 775, 118]",115,115,"[775, 118]"
collapse_ratio,60,"[60, 775, 119]",5,5,"[775, 119]"
collapse_ratio,60,"[60, 775, 121]",1,1,"[775, 121]"
collapse_ratio,60,"[60, 775, 122]",1,1,"[775, 122]"
collapse_ratio,60,"[60, 775, 123]",70,70,"[775, 123]"
collapse_ratio,60,"[60, 775, 124]",46,46,"[775, 124]"
collapse_ratio,60,"[60, 775, 125]",2,2,"[775, 125]"
collapse_ratio,60,"[60, 775, 127]",2,2,"[775, 127]"
collapse_ratio,60,"[60, 775, 128]",2,2,"[775, 128]"
collapse_ratio,60,"[60, 775, 129]",756,756,"[775, 129]"
collapse_ratio,60,"[60, 775, 131]",4,4,"[775, 131]"
collapse_ratio,60,"[60, 775, 134]",37,37,"[775, 134]"
collapse_ratio,60,"[60, 775, 135]",1,1,"[775, 135]"
collapse_ratio,60,"[60, 775, 137]",8,8,"[775, 137]"
collapse_ratio,60,"[60, 775, 138]",2,2,"[775, 138]"
collapse_ratio,60,"[60, 775, 139]",129,129,"[775, 139]"
collapse_ratio,60,"[60, 775, 140]",32,32,"[775, 140]"
collapse_ratio,60,"[60, 775, 141]",2,2,"[775, 141]"
collapse_ratio,60,"[60, 775, 147]",1,1,"[775, 147]"
collapse_ratio,60,"[60, 775, 150]",7,7,"[775, 150]"
collapse_ratio,60,"[60, 775, 493]",2,2,"[775, 493]"
collapse_ratio,60,"[60, 775, 522]",2,2,"[775, 522]"
collapse_ratio,60,"[60, 775, 523]",12,12,"[775, 523]"
collapse_ratio,60,"[60, 775, 533]",30,30,"[775, 533]"
collapse_ratio,60,"[60, 775, 534]",14,14,"[775, 534]"
collapse_ratio,60,"[60, 775, 545]",4,4,"[775, 545]"
collapse_ratio,60,"[60, 775, 555]",75,75,"[775, 555]"
collapse_ratio,60,"[60, 775, 556]",2,2,"[775, 556]"
collapse_ratio,60,"[60, 775, 566]",1,1,"[775, 566]"
collapse_ratio,60,"[60, 800, 53]",8,8,"[800, 53]"
collapse_ratio,60,"[60, 800, 64]",3,3,"[800, 64]"
collapse_ratio,60,"[60, 800, 69]",1,1,"[800, 69]"
collapse_ratio,60,"[60, 800, 74]",29,29,"[800, 74]"
collapse_ratio,60,"[60, 800, 80]",2,2,"[800, 80]"
collapse_ratio,60,"[60, 800, 84]",1,1,"[800, 84]"
collapse_ratio,60,"[60, 800, 85]",75,75,"[800, 85]"
collapse_ratio,60,"[60, 800, 90]",5,5,"[800, 90]"
collapse_ratio,60,"[60, 800, 94]",3,3,"[800, 94]"
collapse_ratio,60,"[60, 800, 96]",65,65,"[800, 96]"
collapse_ratio,60,"[60, 800, 101]",17,17,"[800, 101]"
collapse_ratio,60,"[60, 800, 103]",13,13,"[800, 103]"
collapse_ratio,60,"[60, 800, 106]",258,258,"[800, 106]"
collapse_ratio,60,"[60, 800, 111]",36,36,"[800, 111]"
collapse_ratio,60,"[60, 800, 112]",14,14,"[800, 112]"
collapse_ratio,60,"[60, 800, 115]",1,1,"[800, 115]"
collapse_ratio,60,"[60, 800, 116]",3,3,"[800, 116]"
collapse_ratio,60,"[60, 800, 117]",988,988,"[800, 117]"
collapse_ratio,60,"[60, 800, 121]",7,7,"[800, 121]"
collapse_ratio,60,"[60, 800, 122]",57,57,"[800, 122]"
collapse_ratio,60,"[60, 800, 125]",2,2,"[800, 125]"
collapse_ratio,60,"[60, 800, 126]",2,2,"[800, 126]"
collapse_ratio,60,"[60, 800, 127]",2890,2890,"[800, 127]"
collapse_ratio,60,"[60, 800, 128]",493,493,"[800, 128]"
collapse_ratio,60,"[60, 800, 129]",5,5,"[800, 129]"
collapse_ratio,60,"[60, 800, 131]",14,14,"[800, 131]"
collapse_ratio,60,"[60, 800, 133]",166,166,"[800, 133]"
collapse_ratio,60,"[60, 800, 135]",4,4,"[800, 135]"
collapse_ratio,60,"[60, 800, 136]",53,53,"[800, 136]"
collapse_ratio,60,"[60, 800, 138]",379,379,"[800, 138]"
collapse_ratio,60,"[60, 800, 139]",1,1,"[800, 139]"
collapse_ratio,60,"[60, 800, 143]",22,22,"[800, 143]"
collapse_ratio,60,"[60, 800, 144]",3,3,"[800, 144]"
collapse_ratio,60,"[60, 800, 145]",1,1,"[800, 145]"
collapse_ratio,60,"[60, 800, 148]",100,100,"[800, 148]"
collapse_ratio,60,"[60, 800, 149]",9,9,"[800, 149]"
collapse_ratio,60,"[60, 800, 159]",1,1,"[800, 159]"
collapse_ratio,60,"[60, 800, 490]",1,1,"[800, 490]"
collapse_ratio,60,"[60, 800, 498]",2,2,"[800, 498]"
collapse_ratio,60,"[60, 800, 509]",3,3,"[800, 509]"
collapse_ratio,60,"[60, 800, 513]",1,1,"[800, 513]"
collapse_ratio,60,"[60, 800, 515]",1,1,"[800, 515]"
collapse_ratio,60,"[60, 800, 519]",6,6,"[800, 519]"
collapse_ratio,60,"[60, 800, 523]",1,1,"[800, 523]"
collapse_ratio,60,"[60, 800, 527]",9,9,"[800, 527]"
collapse_ratio,60,"[60, 800, 528]",2,2,"[800, 528]"
collapse_ratio,60,"[60, 800, 532]",1,1,"[800, 532]"
collapse_ratio,60,"[60, 800, 533]",85,85,"[800, 533]"
collapse_ratio,60,"[60, 800, 537]",8,8,"[800, 537]"
collapse_ratio,60,"[60, 800, 538]",40,40,"[800, 538]"
collapse_ratio,60,"[60, 800, 539]",1,1,"[800, 539]"
collapse_ratio,60,"[60, 800, 540]",2,2,"[800, 540]"
collapse_ratio,60,"[60, 800, 541]",4,4,"[800, 541]"
collapse_ratio,60,"[60, 800, 543]",87,87,"[800, 543]"
collapse_ratio,60,"[60, 800, 544]",89,89,"[800, 544]"
collapse_ratio,60,"[60, 800, 550]",12,12,"[800, 550]"
collapse_ratio,60,"[60, 800, 553]",4,4,"[800, 553]"
collapse_ratio,60,"[60, 800, 554]",2,2,"[800, 554]"
collapse_ratio,60,"[60, 800, 556]",2,2,"[800, 556]"
collapse_ratio,60,"[60, 800, 558]",20,20,"[800, 558]"
collapse_ratio,60,"[60, 800, 560]",32,32,"[800, 560]"
collapse_ratio,60,"[60, 800, 562]",2,2,"[800, 562]"
collapse_ratio,60,"[60, 800, 565]",57,57,"[800, 565]"
collapse_ratio,60,"[60, 825, 42]",1,1,"[825, 42]"
collapse_ratio,60,"[60, 825, 63]",7,7,"[825, 63]"
collapse_ratio,60,"[60, 825, 79]",1,1,"[825, 79]"
collapse_ratio,60,"[60, 825, 84]",93,93,"[825, 84]"
collapse_ratio,60,"[60, 825, 89]",11,11,"[825, 89]"
collapse_ratio,60,"[60, 825, 91]",1,1,"[825, 91]"
collapse_ratio,60,"[60, 825, 93]",1,1,"[825, 93]"
collapse_ratio,60,"[60, 825, 95]",119,119,"[825, 95]"
collapse_ratio,60,"[60, 825, 100]",19,19,"[825, 100]"
collapse_ratio,60,"[60, 825, 101]",18,18,"[825, 101]"
collapse_ratio,60,"[60, 825, 105]",313,313,"[825, 105]"
collapse_ratio,60,"[60, 825, 110]",49,49,"[825, 110]"
collapse_ratio,60,"[60, 825, 113]",11,11,"[825, 113]"
collapse_ratio,60,"[60, 825, 114]",5,5,"[825, 114]"
collapse_ratio,60,"[60, 825, 116]",337,337,"[825, 116]"
collapse_ratio,60,"[60, 825, 117]",3,3,"[825, 117]"
collapse_ratio,60,"[60, 825, 121]",66,66,"[825, 121]"
collapse_ratio,60,"[60, 825, 123]",57,57,"[825, 123]"
collapse_ratio,60,"[60, 825, 125]",8,8,"[825, 125]"
collapse_ratio,60,"[60, 825, 126]",975,975,"[825, 126]"
collapse_ratio,60,"[60, 825, 127]",4,4,"[825, 127]"
collapse_ratio,60,"[60, 825, 131]",105,105,"[825, 131]"
collapse_ratio,60,"[60, 825, 132]",193,193,"[825, 132]"
collapse_ratio,60,"[60, 825, 133]",5,5,"[825, 133]"
collapse_ratio,60,"[60, 825, 135]",7,7,"[825, 135]"
collapse_ratio,60,"[60, 825, 137]",4634,4634,"[825, 137]"
collapse_ratio,60,"[60, 825, 141]",22,22,"[825, 141]"
collapse_ratio,60,"[60, 825, 142]",188,188,"[825, 142]"
collapse_ratio,60,"[60, 825, 143]",17,17,"[825, 143]"
collapse_ratio,60,"[60, 825, 146]",1,1,"[825, 146]"
collapse_ratio,60,"[60, 825, 147]",597,597,"[825, 147]"
collapse_ratio,60,"[60, 825, 149]",1,1,"[825, 149]"
collapse_ratio,60,"[60, 825, 151]",4,4,"[825, 151]"
collapse_ratio,60,"[60, 825, 152]",22,22,"[825, 152]"
collapse_ratio,60,"[60, 825, 153]",3,3,"[825, 153]"
collapse_ratio,60,"[60, 825, 157]",62,62,"[825, 157]"
collapse_ratio,60,"[60, 825, 158]",21,21,"[825, 158]"
collapse_ratio,60,"[60, 825, 168]",1,1,"[825, 168]"
collapse_ratio,60,"[60, 825, 178]",2,2,"[825, 178]"
collapse_ratio,60,"[60, 825, 516]",1,1,"[825, 516]"
collapse_ratio,60,"[60, 825, 524]",1,1,"[825, 524]"
collapse_ratio,60,"[60, 825, 525]",2,2,"[825, 525]"
collapse_ratio,60,"[60, 825, 535]",2,2,"[825, 535]"
collapse_ratio,60,"[60, 825, 538]",2,2,"[825, 538]"
collapse_ratio,60,"[60, 825, 539]",2,2,"[825, 539]"
collapse_ratio,60,"[60, 825, 542]",2,2,"[825, 542]"
collapse_ratio,60,"[60, 825, 546]",2,2,"[825, 546]"
collapse_ratio,60,"[60, 825, 550]",2,2,"[825, 550]"
collapse_ratio,60,"[60, 825, 556]",2,2,"[825, 556]"
collapse_ratio,60,"[60, 825, 566]",2,2,"[825, 566]"
collapse_ratio,60,"[60, 850, 52]",2,2,"[850, 52]"
collapse_ratio,60,"[60, 850, 73]",43,43,"[850, 73]"
collapse_ratio,60,"[60, 850, 81]",1,1,"[850, 81]"
collapse_ratio,60,"[60, 850, 83]",110,110,"[850, 83]"
collapse_ratio,60,"[60, 850, 94]",160,160,"[850, 94]"
collapse_ratio,60,"[60, 850, 99]",20,20,"[850, 99]"
collapse_ratio,60,"[60, 850, 104]",366,366,"[850, 104]"
collapse_ratio,60,"[60, 850, 109]",13,13,"[850, 109]"
collapse_ratio,60,"[60, 850, 111]",38,38,"[850, 111]"
collapse_ratio,60,"[60, 850, 113]",1,1,"[850, 113]"
collapse_ratio,60,"[60, 850, 115]",684,684,"[850, 115]"
collapse_ratio,60,"[60, 850, 120]",51,51,"[850, 120]"
collapse_ratio,60,"[60, 850, 121]",76,76,"[850, 121]"
collapse_ratio,60,"[60, 850, 124]",4,4,"[850, 124]"
collapse_ratio,60,"[60, 850, 125]",1222,1222,"[850, 125]"
collapse_ratio,60,"[60, 850, 130]",142,142,"[850, 130]"
collapse_ratio,60,"[60, 850, 131]",79,79,"[850, 131]"
collapse_ratio,60,"[60, 850, 133]",12,12,"[850, 133]"
collapse_ratio,60,"[60, 850, 134]",1,1,"[850, 134]"
collapse_ratio,60,"[60, 850, 135]",2344,2344,"[850, 135]"
collapse_ratio,60,"[60, 850, 136]",2341,2341,"[850, 136]"
collapse_ratio,60,"[60, 850, 137]",29,29,"[850, 137]"
collapse_ratio,60,"[60, 850, 141]",271,271,"[850, 141]"
collapse_ratio,60,"[60, 850, 143]",56,56,"[850, 143]"
collapse_ratio,60,"[60, 850, 144]",2,2,"[850, 144]"
collapse_ratio,60,"[60, 850, 145]",1,1,"[850, 145]"
collapse_ratio,60,"[60, 850, 146]",2179,2179,"[850, 146]"
collapse_ratio,60,"[60, 850, 147]",1,1,"[850, 147]"
collapse_ratio,60,"[60, 850, 151]",23,23,"[850, 151]"
collapse_ratio,60,"[60, 850, 153]",14,14,"[850, 153]"
collapse_ratio,60,"[60, 850, 156]",594,594,"[850, 156]"
collapse_ratio,60,"[60, 850, 161]",2,2,"[850, 161]"
collapse_ratio,60,"[60, 850, 162]",4,4,"[850, 162]"
collapse_ratio,60,"[60, 850, 166]",83,83,"[850, 166]"
collapse_ratio,60,"[60, 850, 167]",4,4,"[850, 167]"
collapse_ratio,60,"[60, 850, 208]",2,2,"[850, 208]"
collapse_ratio,60,"[60, 850, 522]",1,1,"[850, 522]"
collapse_ratio,60,"[60, 850, 528]",1,1,"[850, 528]"
collapse_ratio,60,"[60, 850, 536]",1,1,"[850, 536]"
collapse_ratio,60,"[60, 850, 540]",1,1,"[850, 540]"
collapse_ratio,60,"[60, 850, 542]",1,1,"[850, 542]"
collapse_ratio,60,"[60, 850, 543]",3,3,"[850, 543]"
collapse_ratio,60,"[60, 850, 545]",1,1,"[850, 545]"
collapse_ratio,60,"[60, 850, 550]",3,3,"[850, 550]"
collapse_ratio,60,"[60, 850, 551]",5,5,"[850, 551]"
collapse_ratio,60,"[60, 850, 552]",5,5,"[850, 552]"
collapse_ratio,60,"[60, 850, 556]",5,5,"[850, 556]"
collapse_ratio,60,"[60, 850, 561]",9,9,"[850, 561]"
collapse_ratio,60,"[60, 850, 562]",4,4,"[850, 562]"
collapse_ratio,60,"[60, 850, 570]",2,2,"[850, 570]"
collapse_ratio,60,"[60, 850, 571]",4,4,"[850, 571]"
collapse_ratio,60,"[60, 875, 62]",9,9,"[875, 62]"
collapse_ratio,60,"[60, 875, 88]",12,12,"[875, 88]"
collapse_ratio,60,"[60, 875, 93]",295,295,"[875, 93]"
collapse_ratio,60,"[60, 875, 98]",10,10,"[875, 98]"
collapse_ratio,60,"[60, 875, 103]",601,601,"[875, 103]"
collapse_ratio,60,"[60, 875, 114]",1063,1063,"[875, 114]"
collapse_ratio,60,"[60, 875, 119]",32,32,"[875, 119]"
collapse_ratio,60,"[60, 875, 124]",1810,1810,"[875, 124]"
collapse_ratio,60,"[60, 875, 129]",39,39,"[875, 129]"
collapse_ratio,60,"[60, 875, 133]",20,20,"[875, 133]"
collapse_ratio,60,"[60, 875, 134]",4013,4013,"[875, 134]"
collapse_ratio,60,"[60, 875, 139]",79,79,"[875, 139]"
collapse_ratio,60,"[60, 875, 140]",292,292,"[875, 140]"
collapse_ratio,60,"[60, 875, 141]",202,202,"[875, 141]"
collapse_ratio,60,"[60, 875, 143]",40,40,"[875, 143]"
collapse_ratio,60,"[60, 875, 145]",4593,4593,"[875, 145]"
collapse_ratio,60,"[60, 875, 150]",340,340,"[875, 150]"
collapse_ratio,60,"[60, 875, 151]",358,358,"[875, 151]"
collapse_ratio,60,"[60, 875, 154]",6,6,"[875, 154]"
collapse_ratio,60,"[60, 875, 155]",951,951,"[875, 155]"
collapse_ratio,60,"[60, 875, 160]",45,45,"[875, 160]"
collapse_ratio,60,"[60, 875, 161]",37,37,"[875, 161]"
collapse_ratio,60,"[60, 875, 163]",2,2,"[875, 163]"
collapse_ratio,60,"[60, 875, 165]",155,155,"[875, 165]"
collapse_ratio,60,"[60, 875, 170]",3,3,"[875, 170]"
collapse_ratio,60,"[60, 875, 175]",14,14,"[875, 175]"
collapse_ratio,60,"[60, 875, 176]",13,13,"[875, 176]"
collapse_ratio,60,"[60, 875, 186]",1,1,"[875, 186]"
collapse_ratio,60,"[60, 875, 196]",1,1,"[875, 196]"
collapse_ratio,60,"[60, 875, 269]",2,2,"[875, 269]"
collapse_ratio,60,"[60, 875, 538]",2,2,"[875, 538]"
collapse_ratio,60,"[60, 875, 544]",2,2,"[875, 544]"
collapse_ratio,60,"[60, 875, 549]",1,1,"[875, 549]"
collapse_ratio,60,"[60, 875, 552]",1,1,"[875, 552]"
collapse_ratio,60,"[60, 875, 553]",2,2,"[875, 553]"
collapse_ratio,60,"[60, 875, 557]",5,5,"[875, 557]"
collapse_ratio,60,"[60, 875, 558]",1,1,"[875, 558]"
collapse_ratio,60,"[60, 875, 559]",4,4,"[875, 559]"
collapse_ratio,60,"[60, 875, 562]",5,5,"[875, 562]"
collapse_ratio,60,"[60, 875, 563]",1,1,"[875, 563]"
collapse_ratio,60,"[60, 875, 566]",34,34,"[875, 566]"
collapse_ratio,60,"[60, 875, 567]",2,2,"[875, 567]"
collapse_ratio,60,"[60, 875, 568]",9,9,"[875, 568]"
collapse_ratio,60,"[60, 875, 572]",1,1,"[875, 572]"
collapse_ratio,60,"[60, 875, 577]",10,10,"[875, 577]"
collapse_ratio,60,"[60, 875, 578]",4,4,"[875, 578]"
collapse_ratio,60,"[60, 875, 587]",1,1,"[875, 587]"
collapse_ratio,60,"[60, 900, 41]",1,1,"[900, 41]"
collapse_ratio,60,"[60, 900, 72]",5,5,"[900, 72]"
collapse_ratio,60,"[60, 900, 77]",1,1,"[900, 77]"
collapse_ratio,60,"[60, 900, 82]",42,42,"[900, 82]"
collapse_ratio,60,"[60, 900, 87]",1,1,"[900, 87]"
collapse_ratio,60,"[60, 900, 91]",11,11,"[900, 91]"
collapse_ratio,60,"[60, 900, 92]",133,133,"[900, 92]"
collapse_ratio,60,"[60, 900, 97]",5,5,"[900, 97]"
collapse_ratio,60,"[60, 900, 101]",22,22,"[900, 101]"
collapse_ratio,60,"[60, 900, 108]",55,55,"[900, 108]"
collapse_ratio,60,"[60, 900, 113]",1590,1590,"[900, 113]"
collapse_ratio,60,"[60, 900, 118]",33,33,"[900, 118]"
collapse_ratio,60,"[60, 900, 123]",2453,2453,"[900, 123]"
collapse_ratio,60,"[60, 900, 128]",172,172,"[900, 128]"
collapse_ratio,60,"[60, 900, 133]",4435,4435,"[900, 133]"
collapse_ratio,60,"[60, 900, 138]",179,179,"[900, 138]"
collapse_ratio,60,"[60, 900, 143]",5000,13618,"[900, 143]"
collapse_ratio,60,"[60, 900, 144]",5000,11278,"[900, 144]"
collapse_ratio,60,"[60, 900, 149]",189,189,"[900, 149]"
collapse_ratio,60,"[60, 900, 153]",3,3,"[900, 153]"
collapse_ratio,60,"[60, 900, 154]",5000,9876,"[900, 154]"
collapse_ratio,60,"[60, 900, 159]",16,16,"[900, 159]"
collapse_ratio,60,"[60, 900, 163]",3,3,"[900, 163]"
collapse_ratio,60,"[60, 900, 164]",2365,2365,"[900, 164]"
collapse_ratio,60,"[60, 900, 169]",6,6,"[900, 169]"
collapse_ratio,60,"[60, 900, 171]",3,3,"[900, 171]"
collapse_ratio,60,"[60, 900, 174]",294,294,"[900, 174]"
collapse_ratio,60,"[60, 900, 179]",1,1,"[900, 179]"
collapse_ratio,60,"[60, 900, 180]",1,1,"[900, 180]"
collapse_ratio,60,"[60, 900, 184]",76,76,"[900, 184]"
collapse_ratio,60,"[60, 900, 194]",15,15,"[900, 194]"
collapse_ratio,60,"[60, 900, 195]",1,1,"[900, 195]"
collapse_ratio,60,"[60, 900, 226]",1,1,"[900, 226]"
collapse_ratio,60,"[60, 900, 276]",2,2,"[900, 276]"
collapse_ratio,60,"[60, 900, 554]",5,5,"[900, 554]"
collapse_ratio,60,"[60, 900, 555]",1,1,"[900, 555]"
collapse_ratio,60,"[60, 900, 562]",9,9,"[900, 562]"
collapse_ratio,60,"[60, 900, 563]",2,2,"[900, 563]"
collapse_ratio,60,"[60, 900, 564]",2,2,"[900, 564]"
collapse_ratio,60,"[60, 900, 565]",3,3,"[900, 565]"
collapse_ratio,60,"[60, 900, 567]",4,4,"[900, 567]"
collapse_ratio,60,"[60, 900, 570]",5,5,"[900, 570]"
collapse_ratio,60,"[60, 900, 572]",6,6,"[900, 572]"
collapse_ratio,60,"[60, 900, 573]",4,4,"[900, 573]"
collapse_ratio,60,"[60, 900, 574]",19,19,"[900, 574]"
collapse_ratio,60,"[60, 900, 575]",9,9,"[900, 575]"
collapse_ratio,60,"[60, 900, 576]",1,1,"[900, 576]"
collapse_ratio,60,"[60, 900, 578]",1,1,"[900, 578]"
collapse_ratio,60,"[60, 900, 581]",2,2,"[900, 581]"
collapse_ratio,60,"[60, 900, 582]",9,9,"[900, 582]"
collapse_ratio,60,"[60, 900, 584]",1,1,"[900, 584]"
collapse_ratio,60,"[60, 900, 585]",2,2,"[900, 585]"
collapse_ratio,60,"[60, 900, 588]",1,1,"[900, 588]"
collapse_ratio,60,"[60, 900, 625]",1,1,"[900, 625]"
collapse_ratio,60,"[60, 900, 635]",1,1,"[900, 635]"
collapse_ratio,60,"[60, 900, 645]",1,1,"[900, 645]"
collapse_ratio,60,"[60, 925, 51]",6,6,"[925, 51]"
collapse_ratio,60,"[60, 925, 61]",14,14,"[925, 61]"
collapse_ratio,60,"[60, 925, 71]",18,18,"[925, 71]"
collapse_ratio,60,"[60, 925, 102]",319,319,"[925, 102]"
collapse_ratio,60,"[60, 925, 111]",17,17,"[925, 111]"
collapse_ratio,60,"[60, 925, 112]",477,477,"[925, 112]"
collapse_ratio,60,"[60, 925, 121]",29,29,"[925, 121]"
collapse_ratio,60,"[60, 925, 122]",1298,1298,"[925, 122]"
collapse_ratio,60,"[60, 925, 131]",56,56,"[925, 131]"
collapse_ratio,60,"[60, 925, 132]",2679,2679,"[925, 132]"
collapse_ratio,60,"[60, 925, 141]",158,158,"[925, 141]"
collapse_ratio,60,"[60, 925, 142]",5000,7932,"[925, 142]"
collapse_ratio,60,"[60, 925, 148]",435,435,"[925, 148]"
collapse_ratio,60,"[60, 925, 151]",124,124,"[925, 151]"
collapse_ratio,60,"[60, 925, 153]",5000,17379,"[925, 153]"
collapse_ratio,60,"[60, 925, 158]",444,444,"[925, 158]"
collapse_ratio,60,"[60, 925, 161]",187,187,"[925, 161]"
collapse_ratio,60,"[60, 925, 163]",2754,2754,"[925, 163]"
collapse_ratio,60,"[60, 925, 168]",67,67,"[925, 168]"
collapse_ratio,60,"[60, 925, 173]",243,243,"[925, 173]"
collapse_ratio,60,"[60, 925, 178]",7,7,"[925, 178]"
collapse_ratio,60,"[60, 925, 183]",31,31,"[925, 183]"
collapse_ratio,60,"[60, 925, 193]",7,7,"[925, 193]"
collapse_ratio,60,"[60, 925, 204]",5,5,"[925, 204]"
collapse_ratio,60,"[60, 925, 214]",1,1,"[925, 214]"
collapse_ratio,60,"[60, 925, 224]",1,1,"[925, 224]"
collapse_ratio,60,"[60, 925, 274]",3,3,"[925, 274]"
collapse_ratio,60,"[60, 925, 284]",2,2,"[925, 284]"
collapse_ratio,60,"[60, 925, 566]",2,2,"[925, 566]"
collapse_ratio,60,"[60, 925, 570]",22,22,"[925, 570]"
collapse_ratio,60,"[60, 925, 571]",16,16,"[925, 571]"
collapse_ratio,60,"[60, 925, 578]",29,29,"[925, 578]"
collapse_ratio,60,"[60, 925, 579]",33,33,"[925, 579]"
collapse_ratio,60,"[60, 925, 580]",76,76,"[925, 580]"
collapse_ratio,60,"[60, 925, 581]",4,4,"[925, 581]"
collapse_ratio,60,"[60, 925, 584]",4,4,"[925, 584]"
collapse_ratio,60,"[60, 925, 585]",2,2,"[925, 585]"
collapse_ratio,60,"[60, 925, 586]",1,1,"[925, 586]"
collapse_ratio,60,"[60, 925, 588]",63,63,"[925, 588]"
collapse_ratio,60,"[60, 925, 589]",23,23,"[925, 589]"
collapse_ratio,60,"[60, 925, 590]",28,28,"[925, 590]"
collapse_ratio,60,"[60, 925, 591]",19,19,"[925, 591]"
collapse_ratio,60,"[60, 925, 592]",3,3,"[925, 592]"
collapse_ratio,60,"[60, 925, 593]",2,2,"[925, 593]"
collapse_ratio,60,"[60, 925, 594]",1,1,"[925, 594]"
collapse_ratio,60,"[60, 925, 598]",21,21,"[925, 598]"
collapse_ratio,60,"[60, 925, 599]",4,4,"[925, 599]"
collapse_ratio,60,"[60, 925, 600]",2,2,"[925, 600]"
collapse_ratio,60,"[60, 925, 609]",3,3,"[925, 609]"
collapse_ratio,60,"[60, 925, 610]",2,2,"[925, 610]"
collapse_ratio,60,"[60, 925, 619]",1,1,"[925, 619]"
collapse_ratio,60,"[60, 925, 620]",2,2,"[925, 620]"
collapse_ratio,60,"[60, 925, 629]",1,1,"[925, 629]"
collapse_ratio,60,"[60, 925, 630]",2,2,"[925, 630]"
collapse_ratio,60,"[60, 925, 639]",1,1,"[925, 639]"
collapse_ratio,60,"[60, 925, 640]",2,2,"[925, 640]"
collapse_ratio,60,"[60, 925, 649]",1,1,"[925, 649]"
collapse_ratio,60,"[60, 925, 650]",2,2,"[925, 650]"
collapse_ratio,60,"[60, 925, 651]",4,4,"[925, 651]"
collapse_ratio,60,"[60, 925, 659]",4,4,"[925, 659]"
collapse_ratio,60,"[60, 925, 660]",3,3,"[925, 660]"
collapse_ratio,60,"[60, 925, 661]",4,4,"[925, 661]"
collapse_ratio,60,"[60, 925, 669]",2,2,"[925, 669]"
collapse_ratio,60,"[60, 925, 670]",2,2,"[925, 670]"
collapse_ratio,60,"[60, 925, 671]",7,7,"[925, 671]"
collapse_ratio,60,"[60, 925, 680]",2,2,"[925, 680]"
collapse_ratio,60,"[60, 925, 681]",2,2,"[925, 681]"
collapse_ratio,60,"[60, 925, 690]",2,2,"[925, 690]"
collapse_ratio,60,"[60, 925, 700]",2,2,"[925, 700]"
collapse_ratio,60,"[60, 925, 710]",2,2,"[925, 710]"
collapse_ratio,60,"[60, 925, 720]",2,2,"[925, 720]"
collapse_ratio,60,"[60, 925, 730]",2,2,"[925, 730]"
collapse_ratio,60,"[60, 950, 81]",63,63,"[950, 81]"
collapse_ratio,60,"[60, 950, 91]",182,182,"[950, 91]"
collapse_ratio,60,"[60, 950, 96]",15,15,"[950, 96]"
collapse_ratio,60,"[60, 950, 101]",515,515,"[950, 101]"
collapse_ratio,60,"[60, 950, 106]",11,11,"[950, 106]"
collapse_ratio,60,"[60, 950, 111]",915,915,"[950, 111]"
collapse_ratio,60,"[60, 950, 116]",18,18,"[950, 116]"
collapse_ratio,60,"[60, 950, 121]",2466,2466,"[950, 121]"
collapse_ratio,60,"[60, 950, 126]",15,15,"[950, 126]"
collapse_ratio,60,"[60, 950, 131]",4190,4190,"[950, 131]"
collapse_ratio,60,"[60, 950, 136]",91,91,"[950, 136]"
collapse_ratio,60,"[60, 950, 141]",5000,7894,"[950, 141]"
collapse_ratio,60,"[60, 950, 146]",78,78,"[950, 146]"
collapse_ratio,60,"[60, 950, 151]",5000,20924,"[950, 151]"
collapse_ratio,60,"[60, 950, 152]",5000,19777,"[950, 152]"
collapse_ratio,60,"[60, 950, 162]",5000,19453,"[950, 162]"
collapse_ratio,60,"[60, 950, 171]",20,20,"[950, 171]"
collapse_ratio,60,"[60, 950, 172]",4262,4262,"[950, 172]"
collapse_ratio,60,"[60, 950, 181]",1,1,"[950, 181]"
collapse_ratio,60,"[60, 950, 182]",818,818,"[950, 182]"
collapse_ratio,60,"[60, 950, 192]",213,213,"[950, 192]"
collapse_ratio,60,"[60, 950, 202]",42,42,"[950, 202]"
collapse_ratio,60,"[60, 950, 212]",11,11,"[950, 212]"
collapse_ratio,60,"[60, 950, 222]",3,3,"[950, 222]"
collapse_ratio,60,"[60, 950, 232]",3,3,"[950, 232]"
collapse_ratio,60,"[60, 950, 233]",1,1,"[950, 233]"
collapse_ratio,60,"[60, 950, 282]",3,3,"[950, 282]"
collapse_ratio,60,"[60, 950, 292]",4,4,"[950, 292]"
collapse_ratio,60,"[60, 950, 293]",1,1,"[950, 293]"
collapse_ratio,60,"[60, 950, 577]",29,29,"[950, 577]"
collapse_ratio,60,"[60, 950, 581]",4,4,"[950, 581]"
collapse_ratio,60,"[60, 950, 583]",4,4,"[950, 583]"
collapse_ratio,60,"[60, 950, 585]",141,141,"[950, 585]"
collapse_ratio,60,"[60, 950, 586]",433,433,"[950, 586]"
collapse_ratio,60,"[60, 950, 587]",44,44,"[950, 587]"
collapse_ratio,60,"[60, 950, 589]",2,2,"[950, 589]"
collapse_ratio,60,"[60, 950, 590]",4,4,"[950, 590]"
collapse_ratio,60,"[60, 950, 591]",1,1,"[950, 591]"
collapse_ratio,60,"[60, 950, 592]",10,10,"[950, 592]"
collapse_ratio,60,"[60, 950, 593]",1,1,"[950, 593]"
collapse_ratio,60,"[60, 950, 594]",203,203,"[950, 594]"
collapse_ratio,60,"[60, 950, 595]",113,113,"[950, 595]"
collapse_ratio,60,"[60, 950, 596]",39,39,"[950, 596]"
collapse_ratio,60,"[60, 950, 597]",15,15,"[950, 597]"
collapse_ratio,60,"[60, 950, 599]",1,1,"[950, 599]"
collapse_ratio,60,"[60, 950, 600]",1,1,"[950, 600]"
collapse_ratio,60,"[60, 950, 601]",6,6,"[950, 601]"
collapse_ratio,60,"[60, 950, 602]",3,3,"[950, 602]"
collapse_ratio,60,"[60, 950, 603]",3,3,"[950, 603]"
collapse_ratio,60,"[60, 950, 604]",678,678,"[950, 604]"
collapse_ratio,60,"[60, 950, 605]",51,51,"[950, 605]"
collapse_ratio,60,"[60, 950, 606]",20,20,"[950, 606]"
collapse_ratio,60,"[60, 950, 607]",1,1,"[950, 607]"
collapse_ratio,60,"[60, 950, 608]",3,3,"[950, 608]"
collapse_ratio,60,"[60, 950, 612]",1,1,"[950, 612]"
collapse_ratio,60,"[60, 950, 615]",13,13,"[950, 615]"
collapse_ratio,60,"[60, 950, 616]",4,4,"[950, 616]"
collapse_ratio,60,"[60, 950, 618]",1,1,"[950, 618]"
collapse_ratio,60,"[60, 950, 625]",8,8,"[950, 625]"
collapse_ratio,60,"[60, 950, 626]",1,1,"[950, 626]"
collapse_ratio,60,"[60, 950, 628]",2,2,"[950, 628]"
collapse_ratio,60,"[60, 950, 635]",18,18,"[950, 635]"
collapse_ratio,60,"[60, 950, 636]",3,3,"[950, 636]"
collapse_ratio,60,"[60, 950, 637]",1,1,"[950, 637]"
collapse_ratio,60,"[60, 950, 645]",90,90,"[950, 645]"
collapse_ratio,60,"[60, 950, 646]",3,3,"[950, 646]"
collapse_ratio,60,"[60, 950, 647]",5,5,"[950, 647]"
collapse_ratio,60,"[60, 950, 655]",166,166,"[950, 655]"
collapse_ratio,60,"[60, 950, 656]",11,11,"[950, 656]"
collapse_ratio,60,"[60, 950, 657]",13,13,"[950, 657]"
collapse_ratio,60,"[60, 950, 658]",2,2,"[950, 658]"
collapse_ratio,60,"[60, 950, 665]",1096,1096,"[950, 665]"
collapse_ratio,60,"[60, 950, 666]",42,42,"[950, 666]"
collapse_ratio,60,"[60, 950, 667]",63,63,"[950, 667]"
collapse_ratio,60,"[60, 950, 668]",7,7,"[950, 668]"
collapse_ratio,60,"[60, 950, 675]",4054,4054,"[950, 675]"
collapse_ratio,60,"[60, 950, 676]",167,167,"[950, 676]"
collapse_ratio,60,"[60, 950, 677]",49,49,"[950, 677]"
collapse_ratio,60,"[60, 950, 678]",8,8,"[950, 678]"
collapse_ratio,60,"[60, 950, 685]",3572,3572,"[950, 685]"
collapse_ratio,60,"[60, 950, 686]",250,250,"[950, 686]"
collapse_ratio,60,"[60, 950, 687]",16,16,"[950, 687]"
collapse_ratio,60,"[60, 950, 688]",2,2,"[950, 688]"
collapse_ratio,60,"[60, 950, 695]",1194,1194,"[950, 695]"
collapse_ratio,60,"[60, 950, 696]",75,75,"[950, 696]"
collapse_ratio,60,"[60, 950, 697]",3,3,"[950, 697]"
collapse_ratio,60,"[60, 950, 698]",1,1,"[950, 698]"
collapse_ratio,60,"[60, 950, 705]",120,120,"[950, 705]"
collapse_ratio,60,"[60, 950, 706]",16,16,"[950, 706]"
collapse_ratio,60,"[60, 950, 708]",2,2,"[950, 708]"
collapse_ratio,60,"[60, 950, 715]",4,4,"[950, 715]"
collapse_ratio,60,"[60, 950, 716]",4,4,"[950, 716]"
collapse_ratio,60,"[60, 975, 156]",174,174,"[975, 156]"
collapse_ratio,60,"[60, 975, 161]",5000,31612,"[975, 161]"
collapse_ratio,60,"[60, 975, 166]",31,31,"[975, 166]"
collapse_ratio,60,"[60, 975, 171]",5000,8556,"[975, 171]"
collapse_ratio,60,"[60, 975, 176]",2,2,"[975, 176]"
collapse_ratio,60,"[60, 975, 181]",2475,2475,"[975, 181]"
collapse_ratio,60,"[60, 975, 191]",426,426,"[975, 191]"
collapse_ratio,60,"[60, 975, 201]",72,72,"[975, 201]"
collapse_ratio,60,"[60, 975, 211]",17,17,"[975, 211]"
collapse_ratio,60,"[60, 975, 221]",6,6,"[975, 221]"
collapse_ratio,60,"[60, 975, 241]",6,6,"[975, 241]"
collapse_ratio,60,"[60, 975, 301]",1,1,"[975, 301]"
collapse_ratio,60,"[60, 975, 593]",267,267,"[975, 593]"
collapse_ratio,60,"[60, 975, 598]",3,3,"[975, 598]"
collapse_ratio,60,"[60, 975, 601]",540,540,"[975, 601]"
collapse_ratio,60,"[60, 975, 602]",641,641,"[975, 602]"
collapse_ratio,60,"[60, 975, 603]",206,206,"[975, 603]"
collapse_ratio,60,"[60, 975, 607]",5,5,"[975, 607]"
collapse_ratio,60,"[60, 975, 608]",5,5,"[975, 608]"
collapse_ratio,60,"[60, 975, 611]",1289,1289,"[975, 611]"
collapse_ratio,60,"[60, 975, 612]",308,308,"[975, 612]"
collapse_ratio,60,"[60, 975, 613]",74,74,"[975, 613]"
collapse_ratio,60,"[60, 975, 614]",202,202,"[975, 614]"
collapse_ratio,60,"[60, 975, 617]",1,1,"[975, 617]"
collapse_ratio,60,"[60, 975, 621]",398,398,"[975, 621]"
collapse_ratio,60,"[60, 975, 622]",58,58,"[975, 622]"
collapse_ratio,60,"[60, 975, 623]",14,14,"[975, 623]"
collapse_ratio,60,"[60, 975, 624]",19,19,"[975, 624]"
collapse_ratio,60,"[60, 975, 631]",60,60,"[975, 631]"
collapse_ratio,60,"[60, 975, 632]",56,56,"[975, 632]"
collapse_ratio,60,"[60, 975, 633]",6,6,"[975, 633]"
collapse_ratio,60,"[60, 975, 634]",24,24,"[975, 634]"
collapse_ratio,60,"[60, 975, 641]",23,23,"[975, 641]"
collapse_ratio,60,"[60, 975, 642]",48,48,"[975, 642]"
collapse_ratio,60,"[60, 975, 643]",2,2,"[975, 643]"
collapse_ratio,60,"[60, 975, 644]",93,93,"[975, 644]"
collapse_ratio,60,"[60, 975, 651]",39,39,"[975, 651]"
collapse_ratio,60,"[60, 975, 652]",172,172,"[975, 652]"
collapse_ratio,60,"[60, 975, 653]",3,3,"[975, 653]"
collapse_ratio,60,"[60, 975, 654]",115,115,"[975, 654]"
collapse_ratio,60,"[60, 975, 661]",182,182,"[975, 661]"
collapse_ratio,60,"[60, 975, 662]",162,162,"[975, 662]"
collapse_ratio,60,"[60, 975, 663]",8,8,"[975, 663]"
collapse_ratio,60,"[60, 975, 664]",14,14,"[975, 664]"
collapse_ratio,60,"[60, 975, 671]",313,313,"[975, 671]"
collapse_ratio,60,"[60, 975, 672]",16,16,"[975, 672]"
collapse_ratio,60,"[60, 975, 673]",31,31,"[975, 673]"
collapse_ratio,60,"[60, 975, 674]",16,16,"[975, 674]"
collapse_ratio,60,"[60, 975, 681]",2155,2155,"[975, 681]"
collapse_ratio,60,"[60, 975, 682]",31,31,"[975, 682]"
collapse_ratio,60,"[60, 975, 683]",114,114,"[975, 683]"
collapse_ratio,60,"[60, 975, 684]",57,57,"[975, 684]"
collapse_ratio,60,"[60, 975, 691]",5000,9922,"[975, 691]"
collapse_ratio,60,"[60, 975, 692]",111,111,"[975, 692]"
collapse_ratio,60,"[60, 975, 693]",112,112,"[975, 693]"
collapse_ratio,60,"[60, 975, 694]",52,52,"[975, 694]"
collapse_ratio,60,"[60, 975, 701]",5000,15846,"[975, 701]"
collapse_ratio,60,"[60, 975, 702]",99,99,"[975, 702]"
collapse_ratio,60,"[60, 975, 703]",43,43,"[975, 703]"
collapse_ratio,60,"[60, 975, 704]",17,17,"[975, 704]"
collapse_ratio,60,"[60, 975, 711]",4755,4755,"[975, 711]"
collapse_ratio,60,"[60, 975, 712]",38,38,"[975, 712]"
collapse_ratio,60,"[60, 975, 713]",7,7,"[975, 713]"
collapse_ratio,60,"[60, 975, 714]",5,5,"[975, 714]"
collapse_ratio,60,"[60, 975, 721]",988,988,"[975, 721]"
collapse_ratio,60,"[60, 975, 722]",3,3,"[975, 722]"
collapse_ratio,60,"[60, 975, 723]",2,2,"[975, 723]"
collapse_ratio,60,"[60, 975, 724]",2,2,"[975, 724]"
collapse_ratio,60,"[60, 975, 731]",96,96,"[975, 731]"
collapse_ratio,60,"[60, 975, 732]",1,1,"[975, 732]"
collapse_ratio,60,"[60, 975, 734]",2,2,"[975, 734]"
collapse_ratio,60,"[60, 975, 741]",4,4,"[975, 741]"
collapse_ratio,60,"[60, 975, 744]",2,2,"[975, 744]"
collapse_ratio,60,"[60, 975, 751]",2,2,"[975, 751]"
collapse_ratio,60,"[60, 975, 754]",2,2,"[975, 754]"
collapse_ratio,60,"[60, 975, 761]",2,2,"[975, 761]"
collapse_excess,60,"[60, -488, 121]",12,12,"[-488, 121]"
collapse_excess,60,"[60, -480, 129]",1,1,"[-480, 129]"
collapse_excess,60,"[60, -480, 131]",4,4,"[-480, 131]"
collapse_excess,60,"[60, -480, 137]",3,3,"[-480, 137]"
collapse_excess,60,"[60, -480, 138]",2,2,"[-480, 138]"
collapse_excess,60,"[60, -480, 141]",2,2,"[-480, 141]"
collapse_excess,60,"[60, -472, 139]",1,1,"[-472, 139]"
collapse_excess,60,"[60, -472, 143]",2,2,"[-472, 143]"
collapse_excess,60,"[60, -472, 145]",2,2,"[-472, 145]"
collapse_excess,60,"[60, -472, 149]",1,1,"[-472, 149]"
collapse_excess,60,"[60, -472, 150]",2,2,"[-472, 150]"
collapse_excess,60,"[60, -464, 147]",2,2,"[-464, 147]"
collapse_excess,60,"[60, -464, 151]",10,10,"[-464, 151]"
collapse_excess,60,"[60, -464, 164]",1,1,"[-464, 164]"
collapse_excess,60,"[60, -456, 150]",1,1,"[-456, 150]"
collapse_excess,60,"[60, -456, 151]",4,4,"[-456, 151]"
collapse_excess,60,"[60, -456, 154]",1,1,"[-456, 154]"
collapse_excess,60,"[60, -456, 157]",1,1,"[-456, 157]"
collapse_excess,60,"[60, -456, 158]",1,1,"[-456, 158]"
collapse_excess,60,"[60, -456, 159]",1,1,"[-456, 159]"
collapse_excess,60,"[60, -456, 161]",1,1,"[-456, 161]"
collapse_excess,60,"[60, -456, 166]",2,2,"[-456, 166]"
collapse_excess,60,"[60, -456, 169]",1,1,"[-456, 169]"
collapse_excess,60,"[60, -456, 172]",1,1,"[-456, 172]"
collapse_excess,60,"[60, -456, 173]",1,1,"[-456, 173]"
collapse_excess,60,"[60, -448, 161]",6,6,"[-448, 161]"
collapse_excess,60,"[60, -448, 162]",1,1,"[-448, 162]"
collapse_excess,60,"[60, -448, 163]",1,1,"[-448, 163]"
collapse_excess,60,"[60, -448, 166]",2,2,"[-448, 166]"
collapse_excess,60,"[60, -448, 167]",7,7,"[-448, 167]"
collapse_excess,60,"[60, -448, 171]",1,1,"[-448, 171]"
collapse_excess,60,"[60, -440, 170]",2,2,"[-440, 170]"
collapse_excess,60,"[60, -440, 171]",5,5,"[-440, 171]"
collapse_excess,60,"[60, -440, 173]",1,1,"[-440, 173]"
collapse_excess,60,"[60, -440, 174]",1,1,"[-440, 174]"
collapse_excess,60,"[60, -440, 175]",2,2,"[-440, 175]"
collapse_excess,60,"[60, -440, 179]",1,1,"[-440, 179]"
collapse_excess,60,"[60, -440, 182]",1,1,"[-440, 182]"
collapse_excess,60,"[60, -440, 185]",1,1,"[-440, 185]"
collapse_excess,60,"[60, -440, 188]",1,1,"[-440, 188]"
collapse_excess,60,"[60, -432, 178]",3,3,"[-432, 178]"
collapse_excess,60,"[60, -432, 182]",2,2,"[-432, 182]"
collapse_excess,60,"[60, -432, 183]",7,7,"[-432, 183]"
collapse_excess,60,"[60, -432, 187]",2,2,"[-432, 187]"
collapse_excess,60,"[60, -424, 186]",3,3,"[-424, 186]"
collapse_excess,60,"[60, -424, 190]",1,1,"[-424, 190]"
collapse_excess,60,"[60, -424, 194]",1,1,"[-424, 194]"
collapse_excess,60,"[60, -424, 197]",1,1,"[-424, 197]"
collapse_excess,60,"[60, -424, 198]",2,2,"[-424, 198]"
collapse_excess,60,"[60, -424, 201]",1,1,"[-424, 201]"
collapse_excess,60,"[60, -424, 204]",1,1,"[-424, 204]"
collapse_excess,60,"[60, -424, 205]",2,2,"[-424, 205]"
collapse_excess,60,"[60, -416, 191]",4,4,"[-416, 191]"
collapse_excess,60,"[60, -416, 193]",6,6,"[-416, 193]"
collapse_excess,60,"[60, -416, 194]",2,2,"[-416, 194]"
collapse_excess,60,"[60, -416, 198]",3,3,"[-416, 198]"
collapse_excess,60,"[60, -416, 199]",9,9,"[-416, 199]"
collapse_excess,60,"[60, -416, 201]",1,1,"[-416, 201]"
collapse_excess,60,"[60, -416, 214]",1,1,"[-416, 214]"
collapse_excess,60,"[60, -408, 202]",2,2,"[-408, 202]"
collapse_excess,60,"[60, -408, 206]",1,1,"[-408, 206]"
collapse_excess,60,"[60, -408, 211]",2,2,"[-408, 211]"
collapse_excess,60,"[60, -408, 214]",2,2,"[-408, 214]"
collapse_excess,60,"[60, -408, 220]",1,1,"[-408, 220]"
collapse_excess,60,"[60, -408, 221]",1,1,"[-408, 221]"
collapse_excess,60,"[60, -408, 223]",1,1,"[-408, 223]"
collapse_excess,60,"[60, -400, 210]",3,3,"[-400, 210]"
collapse_excess,60,"[60, -400, 211]",4,4,"[-400, 211]"
collapse_excess,60,"[60, -400, 214]",2,2,"[-400, 214]"
collapse_excess,60,"[60, -400, 215]",11,11,"[-400, 215]"
collapse_excess,60,"[60, -400, 217]",1,1,"[-400, 217]"
collapse_excess,60,"[60, -400, 219]",4,4,"[-400, 219]"
collapse_excess,60,"[60, -400, 220]",2,2,"[-400, 220]"
collapse_excess,60,"[60, -400, 226]",1,1,"[-400, 226]"
collapse_excess,60,"[60, -392, 216]",2,2,"[-392, 216]"
collapse_excess,60,"[60, -392, 218]",2,2,"[-392, 218]"
collapse_excess,60,"[60, -392, 222]",2,2,"[-392, 222]"
collapse_excess,60,"[60, -392, 223]",1,1,"[-392, 223]"
collapse_excess,60,"[60, -392, 227]",2,2,"[-392, 227]"
collapse_excess,60,"[60, -392, 230]",3,3,"[-392, 230]"
collapse_excess,60,"[60, -392, 236]",1,1,"[-392, 236]"
collapse_excess,60,"[60, -384, 222]",2,2,"[-384, 222]"
collapse_excess,60,"[60, -384, 225]",4,4,"[-384, 225]"
collapse_excess,60,"[60, -384, 226]",3,3,"[-384, 226]"
collapse_excess,60,"[60, -384, 228]",2,2,"[-384, 228]"
collapse_excess,60,"[60, -384, 230]",3,3,"[-384, 230]"
collapse_excess,60,"[60, -384, 231]",9,9,"[-384, 231]"
collapse_excess,60,"[60, -384, 235]",1,1,"[-384, 235]"
collapse_excess,60,"[60, -384, 236]",1,1,"[-384, 236]"
collapse_excess,60,"[60, -384, 237]",1,1,"[-384, 237]"
collapse_excess,60,"[60, -376, 231]",4,4,"[-376, 231]"
collapse_excess,60,"[60, -376, 234]",2,2,"[-376, 234]"
collapse_excess,60,"[60, -376, 238]",2,2,"[-376, 238]"
collapse_excess,60,"[60, -376, 239]",2,2,"[-376, 239]"
collapse_excess,60,"[60, -376, 243]",2,2,"[-376, 243]"
collapse_excess,60,"[60, -376, 246]",2,2,"[-376, 246]"
collapse_excess,60,"[60, -376, 252]",1,1,"[-376, 252]"
collapse_excess,60,"[60, -376, 253]",1,1,"[-376, 253]"
collapse_excess,60,"[60, -368, 242]",3,3,"[-368, 242]"
collapse_excess,60,"[60, -368, 246]",3,3,"[-368, 246]"
collapse_excess,60,"[60, -368, 247]",10,10,"[-368, 247]"
collapse_excess,60,"[60, -368, 251]",3,3,"[-368, 251]"
collapse_excess,60,"[60, -368, 252]",1,1,"[-368, 252]"
collapse_excess,60,"[60, -368, 254]",2,2,"[-368, 254]"
collapse_excess,60,"[60, -368, 257]",1,1,"[-368, 257]"
collapse_excess,60,"[60, -368, 261]",1,1,"[-368, 261]"
collapse_excess,60,"[60, -360, 246]",2,2,"[-360, 246]"
collapse_excess,60,"[60, -360, 250]",3,3,"[-360, 250]"
collapse_excess,60,"[60, -360, 251]",4,4,"[-360, 251]"
collapse_excess,60,"[60, -360, 252]",2,2,"[-360, 252]"
collapse_excess,60,"[60, -360, 254]",3,3,"[-360, 254]"
collapse_excess,60,"[60, -360, 255]",3,3,"[-360, 255]"
collapse_excess,60,"[60, -360, 256]",1,1,"[-360, 256]"
collapse_excess,60,"[60, -360, 259]",2,2,"[-360, 259]"
collapse_excess,60,"[60, -360, 262]",2,2,"[-360, 262]"
collapse_excess,60,"[60, -360, 268]",1,1,"[-360, 268]"
collapse_excess,60,"[60, -360, 269]",1,1,"[-360, 269]"
collapse_excess,60,"[60, -352, 257]",5,5,"[-352, 257]"
collapse_excess,60,"[60, -352, 258]",7,7,"[-352, 258]"
collapse_excess,60,"[60, -352, 262]",4,4,"[-352, 262]"
collapse_excess,60,"[60, -352, 263]",13,13,"[-352, 263]"
collapse_excess,60,"[60, -352, 267]",5,5,"[-352, 267]"
collapse_excess,60,"[60, -352, 268]",2,2,"[-352, 268]"
collapse_excess,60,"[60, -352, 271]",1,1,"[-352, 271]"
collapse_excess,60,"[60, -352, 272]",1,1,"[-352, 272]"
collapse_excess,60,"[60, -352, 273]",1,1,"[-352, 273]"
collapse_excess,60,"[60, -352, 277]",1,1,"[-352, 277]"
collapse_excess,60,"[60, -344, 264]",2,2,"[-344, 264]"
collapse_excess,60,"[60, -344, 266]",5,5,"[-344, 266]"
collapse_excess,60,"[60, -344, 270]",5,5,"[-344, 270]"
collapse_excess,60,"[60, -344, 271]",4,4,"[-344, 271]"
collapse_excess,60,"[60, -344, 274]",3,3,"[-344, 274]"
collapse_excess,60,"[60, -344, 275]",4,4,"[-344, 275]"
collapse_excess,60,"[60, -344, 276]",1,1,"[-344, 276]"
collapse_excess,60,"[60, -344, 278]",2,2,"[-344, 278]"
collapse_excess,60,"[60, -344, 280]",1,1,"[-344, 280]"
collapse_excess,60,"[60, -344, 281]",1,1,"[-344, 281]"
collapse_excess,60,"[60, -344, 284]",1,1,"[-344, 284]"
collapse_excess,60,"[60, -344, 285]",3,3,"[-344, 285]"
collapse_excess,60,"[60, -344, 286]",1,1,"[-344, 286]"
collapse_excess,60,"[60, -336, 271]",4,4,"[-336, 271]"
collapse_excess,60,"[60, -336, 274]",6,6,"[-336, 274]"
collapse_excess,60,"[60, -336, 276]",2,2,"[-336, 276]"
collapse_excess,60,"[60, -336, 278]",6,6,"[-336, 278]"
collapse_excess,60,"[60, -336, 279]",14,14,"[-336, 279]"
collapse_excess,60,"[60, -336, 281]",1,1,"[-336, 281]"
collapse_excess,60,"[60, -336, 283]",7,7,"[-336, 283]"
collapse_excess,60,"[60, -336, 284]",4,4,"[-336, 284]"
collapse_excess,60,"[60, -336, 288]",2,2,"[-336, 288]"
collapse_excess,60,"[60, -336, 289]",2,2,"[-336, 289]"
collapse_excess,60,"[60, -336, 293]",3,3,"[-336, 293]"
collapse_excess,60,"[60, -336, 294]",2,2,"[-336, 294]"
collapse_excess,60,"[60, -336, 336]",1,1,"[-336, 336]"
collapse_excess,60,"[60, -328, 282]",10,10,"[-328, 282]"
collapse_excess,60,"[60, -328, 286]",8,8,"[-328, 286]"
collapse_excess,60,"[60, -328, 287]",6,6,"[-328, 287]"
collapse_excess,60,"[60, -328, 291]",6,6,"[-328, 291]"
collapse_excess,60,"[60, -328, 292]",1,1,"[-328, 292]"
collapse_excess,60,"[60, -328, 294]",5,5,"[-328, 294]"
collapse_excess,60,"[60, -328, 296]",2,2,"[-328, 296]"
collapse_excess,60,"[60, -328, 297]",6,6,"[-328, 297]"
collapse_excess,60,"[60, -328, 300]",1,1,"[-328, 300]"
collapse_excess,60,"[60, -328, 301]",5,5,"[-328, 301]"
collapse_excess,60,"[60, -328, 330]",2,2,"[-328, 330]"
collapse_excess,60,"[60, -328, 337]",2,2,"[-328, 337]"
collapse_excess,60,"[60, -320, 288]",2,2,"[-320, 288]"
collapse_excess,60,"[60, -320, 289]",9,9,"[-320, 289]"
collapse_excess,60,"[60, -320, 290]",9,9,"[-320, 290]"
collapse_excess,60,"[60, -320, 291]",6,6,"[-320, 291]"
collapse_excess,60,"[60, -320, 294]",9,9,"[-320, 294]"
collapse_excess,60,"[60, -320, 295]",14,14,"[-320, 295]"
collapse_excess,60,"[60, -320, 299]",8,8,"[-320, 299]"
collapse_excess,60,"[60, -320, 300]",3,3,"[-320, 300]"
collapse_excess,60,"[60, -320, 304]",4,4,"[-320, 304]"
collapse_excess,60,"[60, -320, 305]",4,4,"[-320, 305]"
collapse_excess,60,"[60, -320, 308]",1,1,"[-320, 308]"
collapse_excess,60,"[60, -320, 309]",4,4,"[-320, 309]"
collapse_excess,60,"[60, -320, 322]",2,2,"[-320, 322]"
collapse_excess,60,"[60, -320, 324]",1,1,"[-320, 324]"
collapse_excess,60,"[60, -320, 326]",2,2,"[-320, 326]"
collapse_excess,60,"[60, -320, 334]",2,2,"[-320, 334]"
collapse_excess,60,"[60, -320, 335]",2,2,"[-320, 335]"
collapse_excess,60,"[60, -320, 340]",2,2,"[-320, 340]"
collapse_excess,60,"[60, -320, 344]",2,2,"[-320, 344]"
collapse_excess,60,"[60, -320, 355]",2,2,"[-320, 355]"
collapse_excess,60,"[60, -312, 294]",2,2,"[-312, 294]"
collapse_excess,60,"[60, -312, 298]",10,10,"[-312, 298]"
collapse_excess,60,"[60, -312, 300]",3,3,"[-312, 300]"
collapse_excess,60,"[60, -312, 302]",11,11,"[-312, 302]"
collapse_excess,60,"[60, -312, 303]",8,8,"[-312, 303]"
collapse_excess,60,"[60, -312, 305]",1,1,"[-312, 305]"
collapse_excess,60,"[60, -312, 307]",11,11,"[-312, 307]"
collapse_excess,60,"[60, -312, 308]",3,3,"[-312, 308]"
collapse_excess,60,"[60, -312, 310]",2,2,"[-312, 310]"
collapse_excess,60,"[60, -312, 312]",4,4,"[-312, 312]"
collapse_excess,60,"[60, -312, 313]",10,10,"[-312, 313]"
collapse_excess,60,"[60, -312, 316]",1,1,"[-312, 316]"
collapse_excess,60,"[60, -312, 317]",8,8,"[-312, 317]"
collapse_excess,60,"[60, -312, 318]",3,3,"[-312, 318]"
collapse_excess,60,"[60, -312, 329]",1,1,"[-312, 329]"
collapse_excess,60,"[60, -312, 333]",2,2,"[-312, 333]"
collapse_excess,60,"[60, -312, 338]",2,2,"[-312, 338]"
collapse_excess,60,"[60, -312, 342]",2,2,"[-312, 342]"
collapse_excess,60,"[60, -312, 348]",2,2,"[-312, 348]"
collapse_excess,60,"[60, -312, 352]",2,2,"[-312, 352]"
collapse_excess,60,"[60, -312, 353]",2,2,"[-312, 353]"
collapse_excess,60,"[60, -312, 358]",2,2,"[-312, 358]"
collapse_excess,60,"[60, -312, 362]",2,2,"[-312, 362]"
collapse_excess,60,"[60, -312, 373]",2,2,"[-312, 373]"
collapse_excess,60,"[60, -304, 306]",13,13,"[-304, 306]"
collapse_excess,60,"[60, -304, 307]",2,2,"[-304, 307]"
collapse_excess,60,"[60, -304, 310]",11,11,"[-304, 310]"
collapse_excess,60,"[60, -304, 311]",17,17,"[-304, 311]"
collapse_excess,60,"[60, -304, 314]",2,2,"[-304, 314]"
collapse_excess,60,"[60, -304, 315]",11,11,"[-304, 315]"
collapse_excess,60,"[60, -304, 316]",7,7,"[-304, 316]"
collapse_excess,60,"[60, -304, 317]",3,3,"[-304, 317]"
collapse_excess,60,"[60, -304, 318]",1,1,"[-304, 318]"
collapse_excess,60,"[60, -304, 320]",6,6,"[-304, 320]"
collapse_excess,60,"[60, -304, 321]",8,8,"[-304, 321]"
collapse_excess,60,"[60, -304, 324]",1,1,"[-304, 324]"
collapse_excess,60,"[60, -304, 325]",6,6,"[-304, 325]"
collapse_excess,60,"[60, -304, 331]",2,2,"[-304, 331]"
collapse_excess,60,"[60, -304, 336]",1,1,"[-304, 336]"
collapse_excess,60,"[60, -304, 341]",2,2,"[-304, 341]"
collapse_excess,60,"[60, -304, 346]",2,2,"[-304, 346]"
collapse_excess,60,"[60, -304, 348]",2,2,"[-304, 348]"
collapse_excess,60,"[60, -304, 350]",3,3,"[-304, 350]"
collapse_excess,60,"[60, -304, 351]",2,2,"[-304, 351]"
collapse_excess,60,"[60, -304, 356]",2,2,"[-304, 356]"
collapse_excess,60,"[60, -304, 360]",2,2,"[-304, 360]"
collapse_excess,60,"[60, -304, 366]",2,2,"[-304, 366]"
collapse_excess,60,"[60, -304, 370]",2,2,"[-304, 370]"
collapse_excess,60,"[60, -304, 371]",2,2,"[-304, 371]"
collapse_excess,60,"[60, -304, 376]",2,2,"[-304, 376]"
collapse_excess,60,"[60, -304, 380]",2,2,"[-304, 380]"
collapse_excess,60,"[60, -304, 436]",1,1,"[-304, 436]"
collapse_excess,60,"[60, -296, 311]",4,4,"[-296, 311]"
collapse_excess,60,"[60, -296, 312]",2,2,"[-296, 312]"
collapse_excess,60,"[60, -296, 314]",13,13,"[-296, 314]"
collapse_excess,60,"[60, -296, 317]",1,1,"[-296, 317]"
collapse_excess,60,"[60, -296, 318]",12,12,"[-296, 318]"
collapse_excess,60,"[60, -296, 319]",10,10,"[-296, 319]"
collapse_excess,60,"[60, -296, 323]",10,10,"[-296, 323]"
collapse_excess,60,"[60, -296, 324]",8,8,"[-296, 324]"
collapse_excess,60,"[60, -296, 326]",2,2,"[-296, 326]"
collapse_excess,60,"[60, -296, 328]",5,5,"[-296, 328]"
collapse_excess,60,"[60, -296, 329]",15,15,"[-296, 329]"
collapse_excess,60,"[60, -296, 332]",1,1,"[-296, 332]"
collapse_excess,60,"[60, -296, 333]",12,12,"[-296, 333]"
collapse_excess,60,"[60, -296, 334]",1,1,"[-296, 334]"
collapse_excess,60,"[60, -296, 337]",2,2,"[-296, 337]"
collapse_excess,60,"[60, -296, 339]",2,2,"[-296, 339]"
collapse_excess,60,"[60, -296, 342]",2,2,"[-296, 342]"
collapse_excess,60,"[60, -296, 344]",2,2,"[-296, 344]"
collapse_excess,60,"[60, -296, 345]",2,2,"[-296, 345]"
collapse_excess,60,"[60, -296, 348]",2,2,"[-296, 348]"
collapse_excess,60,"[60, -296, 349]",4,4,"[-296, 349]"
collapse_excess,60,"[60, -296, 353]",2,2,"[-296, 353]"
collapse_excess,60,"[60, -296, 354]",2,2,"[-296, 354]"
collapse_excess,60,"[60, -296, 358]",2,2,"[-296, 358]"
collapse_excess,60,"[60, -296, 369]",2,2,"[-296, 369]"
collapse_excess,60,"[60, -296, 374]",2,2,"[-296, 374]"
collapse_excess,60,"[60, -288, 318]",2,2,"[-288, 318]"
collapse_excess,60,"[60, -288, 321]",7,7,"[-288, 321]"
collapse_excess,60,"[60, -288, 322]",13,13,"[-288, 322]"
collapse_excess,60,"[60, -288, 323]",2,2,"[-288, 323]"
collapse_excess,60,"[60, -288, 324]",2,2,"[-288, 324]"
collapse_excess,60,"[60, -288, 326]",13,13,"[-288, 326]"
collapse_excess,60,"[60, -288, 327]",16,16,"[-288, 327]"
collapse_excess,60,"[60, -288, 328]",1,1,"[-288, 328]"
collapse_excess,60,"[60, -288, 331]",12,12,"[-288, 331]"
collapse_excess,60,"[60, -288, 332]",8,8,"[-288, 332]"
collapse_excess,60,"[60, -288, 333]",1,1,"[-288, 333]"
collapse_excess,60,"[60, -288, 334]",2,2,"[-288, 334]"
collapse_excess,60,"[60, -288, 336]",8,8,"[-288, 336]"
collapse_excess,60,"[60, -288, 337]",13,13,"[-288, 337]"
collapse_excess,60,"[60, -288, 338]",2,2,"[-288, 338]"
collapse_excess,60,"[60, -288, 339]",2,2,"[-288, 339]"
collapse_excess,60,"[60, -288, 340]",3,3,"[-288, 340]"
collapse_excess,60,"[60, -288, 341]",16,16,"[-288, 341]"
collapse_excess,60,"[60, -288, 342]",2,2,"[-288, 342]"
collapse_excess,60,"[60, -288, 343]",4,4,"[-288, 343]"
collapse_excess,60,"[60, -288, 346]",4,4,"[-288, 346]"
collapse_excess,60,"[60, -288, 347]",8,8,"[-288, 347]"
collapse_excess,60,"[60, -288, 352]",6,6,"[-288, 352]"
collapse_excess,60,"[60, -288, 356]",8,8,"[-288, 356]"
collapse_excess,60,"[60, -288, 442]",1,1,"[-288, 442]"
collapse_excess,60,"[60, -280, 330]",18,18,"[-280, 330]"
collapse_excess,60,"[60, -280, 331]",4,4,"[-280, 331]"
collapse_excess,60,"[60, -280, 334]",15,15,"[-280, 334]"
collapse_excess,60,"[60, -280, 335]",14,14,"[-280, 335]"
collapse_excess,60,"[60, -280, 337]",12,12,"[-280, 337]"
collapse_excess,60,"[60, -280, 338]",2,2,"[-280, 338]"
collapse_excess,60,"[60, -280, 339]",16,16,"[-280, 339]"
collapse_excess,60,"[60, -280, 340]",17,17,"[-280, 340]"
collapse_excess,60,"[60, -280, 342]",4,4,"[-280, 342]"
collapse_excess,60,"[60, -280, 344]",14,14,"[-280, 344]"
collapse_excess,60,"[60, -280, 345]",24,24,"[-280, 345]"
collapse_excess,60,"[60, -280, 349]",18,18,"[-280, 349]"
collapse_excess,60,"[60, -280, 350]",6,6,"[-280, 350]"
collapse_excess,60,"[60, -280, 354]",6,6,"[-280, 354]"
collapse_excess,60,"[60, -280, 418]",1,1,"[-280, 418]"
collapse_excess,60,"[60, -280, 450]",2,2,"[-280, 450]"
collapse_excess,60,"[60, -272, 336]",3,3,"[-272, 336]"
collapse_excess,60,"[60, -272, 338]",15,15,"[-272, 338]"
collapse_excess,60,"[60, -272, 339]",2,2,"[-272, 339]"
collapse_excess,60,"[60, -272, 342]",15,15,"[-272, 342]"
collapse_excess,60,"[60, -272, 343]",26,26,"[-272, 343]"
collapse_excess,60,"[60, -272, 345]",1,1,"[-272, 345]"
collapse_excess,60,"[60, -272, 347]",16,16,"[-272, 347]"
collapse_excess,60,"[60, -272, 348]",17,17,"[-272, 348]"
collapse_excess,60,"[60, -272, 350]",1,1,"[-272, 350]"
collapse_excess,60,"[60, -272, 352]",12,12,"[-272, 352]"
collapse_excess,60,"[60, -272, 353]",18,18,"[-272, 353]"
collapse_excess,60,"[60, -272, 357]",15,15,"[-272, 357]"
collapse_excess,60,"[60, -272, 358]",5,5,"[-272, 358]"
collapse_excess,60,"[60, -272, 362]",1,1,"[-272, 362]"
collapse_excess,60,"[60, -272, 406]",1,1,"[-272, 406]"
collapse_excess,60,"[60, -272, 416]",1,1,"[-272, 416]"
collapse_excess,60,"[60, -272, 448]",1,1,"[-272, 448]"
collapse_excess,60,"[60, -272, 458]",3,3,"[-272, 458]"
collapse_excess,60,"[60, -264, 342]",2,2,"[-264, 342]"
collapse_excess,60,"[60, -264, 346]",18,18,"[-264, 346]"
collapse_excess,60,"[60, -264, 348]",2,2,"[-264, 348]"
collapse_excess,60,"[60, -264, 350]",18,18,"[-264, 350]"
collapse_excess,60,"[60, -264, 351]",18,18,"[-264, 351]"
collapse_excess,60,"[60, -264, 353]",2,2,"[-264, 353]"
collapse_excess,60,"[60, -264, 355]",20,20,"[-264, 355]"
collapse_excess,60,"[60, -264, 356]",10,10,"[-264, 356]"
collapse_excess,60,"[60, -264, 357]",11,11,"[-264, 357]"
collapse_excess,60,"[60, -264, 358]",2,2,"[-264, 358]"
collapse_excess,60,"[60, -264, 360]",6,6,"[-264, 360]"
collapse_excess,60,"[60, -264, 361]",7,7,"[-264, 361]"
collapse_excess,60,"[60, -264, 365]",5,5,"[-264, 365]"
collapse_excess,60,"[60, -264, 414]",2,2,"[-264, 414]"
collapse_excess,60,"[60, -264, 424]",4,4,"[-264, 424]"
collapse_excess,60,"[60, -264, 434]",3,3,"[-264, 434]"
collapse_excess,60,"[60, -264, 456]",4,4,"[-264, 456]"
collapse_excess,60,"[60, -264, 466]",4,4,"[-264, 466]"
collapse_excess,60,"[60, -256, 351]",4,4,"[-256, 351]"
collapse_excess,60,"[60, -256, 353]",8,8,"[-256, 353]"
collapse_excess,60,"[60, -256, 354]",21,21,"[-256, 354]"
collapse_excess,60,"[60, -256, 355]",2,2,"[-256, 355]"
collapse_excess,60,"[60, -256, 358]",17,17,"[-256, 358]"
collapse_excess,60,"[60, -256, 359]",22,22,"[-256, 359]"
collapse_excess,60,"[60, -256, 363]",16,16,"[-256, 363]"
collapse_excess,60,"[60, -256, 364]",5,5,"[-256, 364]"
collapse_excess,60,"[60, -256, 368]",3,3,"[-256, 368]"
collapse_excess,60,"[60, -256, 369]",2,2,"[-256, 369]"
collapse_excess,60,"[60, -256, 373]",3,3,"[-256, 373]"
collapse_excess,60,"[60, -256, 422]",3,3,"[-256, 422]"
collapse_excess,60,"[60, -256, 432]",11,11,"[-256, 432]"
collapse_excess,60,"[60, -256, 442]",3,3,"[-256, 442]"
collapse_excess,60,"[60, -256, 453]",2,2,"[-256, 453]"
collapse_excess,60,"[60, -256, 454]",1,1,"[-256, 454]"
collapse_excess,60,"[60, -256, 464]",10,10,"[-256, 464]"
collapse_excess,60,"[60, -256, 474]",5,5,"[-256, 474]"
collapse_excess,60,"[60, -248, 360]",4,4,"[-248, 360]"
collapse_excess,60,"[60, -248, 362]",18,18,"[-248, 362]"
collapse_excess,60,"[60, -248, 366]",17,17,"[-248, 366]"
collapse_excess,60,"[60, -248, 367]",17,17,"[-248, 367]"
collapse_excess,60,"[60, -248, 371]",14,14,"[-248, 371]"
collapse_excess,60,"[60, -248, 372]",3,3,"[-248, 372]"
collapse_excess,60,"[60, -248, 376]",2,2,"[-248, 376]"
collapse_excess,60,"[60, -248, 377]",3,3,"[-248, 377]"
collapse_excess,60,"[60, -248, 381]",2,2,"[-248, 381]"
collapse_excess,60,"[60, -248, 402]",1,1,"[-248, 402]"
collapse_excess,60,"[60, -248, 430]",4,4,"[-248, 430]"
collapse_excess,60,"[60, -248, 440]",22,22,"[-248, 440]"
collapse_excess,60,"[60, -248, 450]",16,16,"[-248, 450]"
collapse_excess,60,"[60, -248, 461]",1,1,"[-248, 461]"
collapse_excess,60,"[60, -248, 462]",6,6,"[-248, 462]"
collapse_excess,60,"[60, -248, 472]",20,20,"[-248, 472]"
collapse_excess,60,"[60, -248, 482]",6,6,"[-248, 482]"
collapse_excess,60,"[60, -240, 366]",4,4,"[-240, 366]"
collapse_excess,60,"[60, -240, 370]",15,15,"[-240, 370]"
collapse_excess,60,"[60, -240, 372]",5,5,"[-240, 372]"
collapse_excess,60,"[60, -240, 374]",13,13,"[-240, 374]"
collapse_excess,60,"[60, -240, 375]",17,17,"[-240, 375]"
collapse_excess,60,"[60, -240, 379]",13,13,"[-240, 379]"
collapse_excess,60,"[60, -240, 380]",3,3,"[-240, 380]"
collapse_excess,60,"[60, -240, 384]",2,2,"[-240, 384]"
collapse_excess,60,"[60, -240, 385]",1,1,"[-240, 385]"
collapse_excess,60,"[60, -240, 389]",1,1,"[-240, 389]"
collapse_excess,60,"[60, -240, 390]",1,1,"[-240, 390]"
collapse_excess,60,"[60, -240, 394]",1,1,"[-240, 394]"
collapse_excess,60,"[60, -240, 438]",5,5,"[-240, 438]"
collapse_excess,60,"[60, -240, 448]",36,36,"[-240, 448]"
collapse_excess,60,"[60, -240, 458]",35,35,"[-240, 458]"
collapse_excess,60,"[60, -240, 461]",3,3,"[-240, 461]"
collapse_excess,60,"[60, -240, 469]",8,8,"[-240, 469]"
collapse_excess,60,"[60, -240, 470]",22,22,"[-240, 470]"
collapse_excess,60,"[60, -240, 480]",35,35,"[-240, 480]"
collapse_excess,60,"[60, -240, 490]",7,7,"[-240, 490]"
collapse_excess,60,"[60, -232, 378]",15,15,"[-232, 378]"
collapse_excess,60,"[60, -232, 382]",14,14,"[-232, 382]"
collapse_excess,60,"[60, -232, 383]",13,13,"[-232, 383]"
collapse_excess,60,"[60, -232, 387]",13,13,"[-232, 387]"
collapse_excess,60,"[60, -232, 388]",3,3,"[-232, 388]"
collapse_excess,60,"[60, -232, 392]",2,2,"[-232, 392]"
collapse_excess,60,"[60, -232, 393]",1,1,"[-232, 393]"
collapse_excess,60,"[60, -232, 397]",3,3,"[-232, 397]"
collapse_excess,60,"[60, -232, 407]",1,1,"[-232, 407]"
collapse_excess,60,"[60, -232, 437]",2,2,"[-232, 437]"
collapse_excess,60,"[60, -232, 446]",6,6,"[-232, 446]"
collapse_excess,60,"[60, -232, 456]",57,57,"[-232, 456]"
collapse_excess,60,"[60, -232, 466]",90,90,"[-232, 466]"
collapse_excess,60,"[60, -232, 468]",2,2,"[-232, 468]"
collapse_excess,60,"[60, -232, 469]",12,12,"[-232, 469]"
collapse_excess,60,"[60, -232, 477]",40,40,"[-232, 477]"
collapse_excess,60,"[60, -232, 478]",65,65,"[-232, 478]"
collapse_excess,60,"[60, -232, 487]",1,1,"[-232, 487]"
collapse_excess,60,"[60, -232, 488]",56,56,"[-232, 488]"
collapse_excess,60,"[60, -232, 498]",8,8,"[-232, 498]"
collapse_excess,60,"[60, -224, 384]",2,2,"[-224, 384]"
collapse_excess,60,"[60, -224, 385]",8,8,"[-224, 385]"
collapse_excess,60,"[60, -224, 386]",15,15,"[-224, 386]"
collapse_excess,60,"[60, -224, 390]",13,13,"[-224, 390]"
collapse_excess,60,"[60, -224, 391]",14,14,"[-224, 391]"
collapse_excess,60,"[60, -224, 394]",1,1,"[-224, 394]"
collapse_excess,60,"[60, -224, 395]",13,13,"[-224, 395]"
collapse_excess,60,"[60, -224, 396]",2,2,"[-224, 396]"
collapse_excess,60,"[60, -224, 400]",2,2,"[-224, 400]"
collapse_excess,60,"[60, -224, 401]",1,1,"[-224, 401]"
collapse_excess,60,"[60, -224, 405]",1,1,"[-224, 405]"
collapse_excess,60,"[60, -224, 406]",1,1,"[-224, 406]"
collapse_excess,60,"[60, -224, 445]",4,4,"[-224, 445]"
collapse_excess,60,"[60, -224, 454]",7,7,"[-224, 454]"
collapse_excess,60,"[60, -224, 464]",84,84,"[-224, 464]"
collapse_excess,60,"[60, -224, 469]",3,3,"[-224, 469]"
collapse_excess,60,"[60, -224, 474]",184,184,"[-224, 474]"
collapse_excess,60,"[60, -224, 476]",4,4,"[-224, 476]"
collapse_excess,60,"[60, -224, 477]",56,56,"[-224, 477]"
collapse_excess,60,"[60, -224, 485]",130,130,"[-224, 485]"
collapse_excess,60,"[60, -224, 486]",154,154,"[-224, 486]"
collapse_excess,60,"[60, -224, 495]",12,12,"[-224, 495]"
collapse_excess,60,"[60, -224, 496]",85,85,"[-224, 496]"
collapse_excess,60,"[60, -224, 506]",11,11,"[-224, 506]"
collapse_excess,60,"[60, -216, 390]",4,4,"[-216, 390]"
collapse_excess,60,"[60, -216, 394]",14,14,"[-216, 394]"
collapse_excess,60,"[60, -216, 396]",4,4,"[-216, 396]"
collapse_excess,60,"[60, -216, 398]",14,14,"[-216, 398]"
collapse_excess,60,"[60, -216, 399]",13,13,"[-216, 399]"
collapse_excess,60,"[60, -216, 403]",13,13,"[-216, 403]"
collapse_excess,60,"[60, -216, 404]",2,2,"[-216, 404]"
collapse_excess,60,"[60, -216, 408]",1,1,"[-216, 408]"
collapse_excess,60,"[60, -216, 409]",1,1,"[-216, 409]"
collapse_excess,60,"[60, -216, 413]",1,1,"[-216, 413]"
collapse_excess,60,"[60, -216, 414]",1,1,"[-216, 414]"
collapse_excess,60,"[60, -216, 419]",1,1,"[-216, 419]"
collapse_excess,60,"[60, -216, 442]",2,2,"[-216, 442]"
collapse_excess,60,"[60, -216, 453]",6,6,"[-216, 453]"
collapse_excess,60,"[60, -216, 462]",8,8,"[-216, 462]"
collapse_excess,60,"[60, -216, 472]",121,121,"[-216, 472]"
collapse_excess,60,"[60, -216, 475]",2,2,"[-216, 475]"
collapse_excess,60,"[60, -216, 477]",15,15,"[-216, 477]"
collapse_excess,60,"[60, -216, 482]",353,353,"[-216, 482]"
collapse_excess,60,"[60, -216, 484]",6,6,"[-216, 484]"
collapse_excess,60,"[60, -216, 485]",245,245,"[-216, 485]"
collapse_excess,60,"[60, -216, 493]",341,341,"[-216, 493]"
collapse_excess,60,"[60, -216, 494]",322,322,"[-216, 494]"
collapse_excess,60,"[60, -216, 503]",58,58,"[-216, 503]"
collapse_excess,60,"[60, -216, 504]",122,122,"[-216, 504]"
collapse_excess,60,"[60, -216, 513]",1,1,"[-216, 513]"
collapse_excess,60,"[60, -216, 514]",12,12,"[-216, 514]"
collapse_excess,60,"[60, -208, 401]",1,1,"[-208, 401]"
collapse_excess,60,"[60, -208, 402]",17,17,"[-208, 402]"
collapse_excess,60,"[60, -208, 406]",13,13,"[-208, 406]"
collapse_excess,60,"[60, -208, 407]",13,13,"[-208, 407]"
collapse_excess,60,"[60, -208, 411]",13,13,"[-208, 411]"
collapse_excess,60,"[60, -208, 412]",1,1,"[-208, 412]"
collapse_excess,60,"[60, -208, 416]",2,2,"[-208, 416]"
collapse_excess,60,"[60, -208, 417]",1,1,"[-208, 417]"
collapse_excess,60,"[60, -208, 421]",1,1,"[-208, 421]"
collapse_excess,60,"[60, -208, 431]",1,1,"[-208, 431]"
collapse_excess,60,"[60, -208, 450]",2,2,"[-208, 450]"
collapse_excess,60,"[60, -208, 451]",2,2,"[-208, 451]"
collapse_excess,60,"[60, -208, 452]",4,4,"[-208, 452]"
collapse_excess,60,"[60, -208, 460]",2,2,"[-208, 460]"
collapse_excess,60,"[60, -208, 461]",8,8,"[-208, 461]"
collapse_excess,60,"[60, -208, 470]",9,9,"[-208, 470]"
collapse_excess,60,"[60, -208, 471]",4,4,"[-208, 471]"
collapse_excess,60,"[60, -208, 473]",2,2,"[-208, 473]"
collapse_excess,60,"[60, -208, 477]",3,3,"[-208, 477]"
collapse_excess,60,"[60, -208, 480]",169,169,"[-208, 480]"
collapse_excess,60,"[60, -208, 482]",2,2,"[-208, 482]"
collapse_excess,60,"[60, -208, 483]",6,6,"[-208, 483]"
collapse_excess,60,"[60, -208, 485]",77,77,"[-208, 485]"
collapse_excess,60,"[60, -208, 490]",606,606,"[-208, 490]"
collapse_excess,60,"[60, -208, 492]",8,8,"[-208, 492]"
collapse_excess,60,"[60, -208, 493]",1022,1022,"[-208, 493]"
collapse_excess,60,"[60, -208, 496]",4,4,"[-208, 496]"
collapse_excess,60,"[60, -208, 497]",11,11,"[-208, 497]"
collapse_excess,60,"[60, -208, 501]",807,807,"[-208, 501]"
collapse_excess,60,"[60, -208, 502]",642,642,"[-208, 502]"
collapse_excess,60,"[60, -208, 511]",232,232,"[-208, 511]"
collapse_excess,60,"[60, -208, 512]",170,170,"[-208, 512]"
collapse_excess,60,"[60, -208, 521]",12,12,"[-208, 521]"
collapse_excess,60,"[60, -208, 522]",14,14,"[-208, 522]"
collapse_excess,60,"[60, -200, 408]",4,4,"[-200, 408]"
collapse_excess,60,"[60, -200, 410]",13,13,"[-200, 410]"
collapse_excess,60,"[60, -200, 411]",2,2,"[-200, 411]"
collapse_excess,60,"[60, -200, 414]",13,13,"[-200, 414]"
collapse_excess,60,"[60, -200, 415]",13,13,"[-200, 415]"
collapse_excess,60,"[60, -200, 419]",14,14,"[-200, 419]"
collapse_excess,60,"[60, -200, 420]",2,2,"[-200, 420]"
collapse_excess,60,"[60, -200, 424]",1,1,"[-200, 424]"
collapse_excess,60,"[60, -200, 425]",2,2,"[-200, 425]"
collapse_excess,60,"[60, -200, 429]",1,1,"[-200, 429]"
collapse_excess,60,"[60, -200, 430]",1,1,"[-200, 430]"
collapse_excess,60,"[60, -200, 439]",1,1,"[-200, 439]"
collapse_excess,60,"[60, -200, 458]",2,2,"[-200, 458]"
collapse_excess,60,"[60, -200, 459]",2,2,"[-200, 459]"
collapse_excess,60,"[60, -200, 460]",10,10,"[-200, 460]"
collapse_excess,60,"[60, -200, 468]",6,6,"[-200, 468]"
collapse_excess,60,"[60, -200, 469]",10,10,"[-200, 469]"
collapse_excess,60,"[60, -200, 471]",2,2,"[-200, 471]"
collapse_excess,60,"[60, -200, 478]",10,10,"[-200, 478]"
collapse_excess,60,"[60, -200, 479]",13,13,"[-200, 479]"
collapse_excess,60,"[60, -200, 481]",5,5,"[-200, 481]"
collapse_excess,60,"[60, -200, 483]",2,2,"[-200, 483]"
collapse_excess,60,"[60, -200, 485]",6,6,"[-200, 485]"
collapse_excess,60,"[60, -200, 487]",13,13,"[-200, 487]"
collapse_excess,60,"[60, -200, 488]",220,220,"[-200, 488]"
collapse_excess,60,"[60, -200, 490]",9,9,"[-200, 490]"
collapse_excess,60,"[60, -200, 491]",12,12,"[-200, 491]"
collapse_excess,60,"[60, -200, 493]",372,372,"[-200, 493]"
collapse_excess,60,"[60, -200, 498]",978,978,"[-200, 498]"
collapse_excess,60,"[60, -200, 500]",11,11,"[-200, 500]"
collapse_excess,60,"[60, -200, 501]",3968,3968,"[-200, 501]"
collapse_excess,60,"[60, -200, 509]",1767,1767,"[-200, 509]"
collapse_excess,60,"[60, -200, 510]",1234,1234,"[-200, 510]"
collapse_excess,60,"[60, -200, 519]",738,738,"[-200, 519]"
collapse_excess,60,"[60, -200, 520]",237,237,"[-200, 520]"
collapse_excess,60,"[60, -200, 529]",80,80,"[-200, 529]"
collapse_excess,60,"[60, -200, 530]",15,15,"[-200, 530]"
collapse_excess,60,"[60, -200, 539]",1,1,"[-200, 539]"
collapse_excess,60,"[60, -192, 414]",2,2,"[-192, 414]"
collapse_excess,60,"[60, -192, 415]",1,1,"[-192, 415]"
collapse_excess,60,"[60, -192, 416]",3,3,"[-192, 416]"
collapse_excess,60,"[60, -192, 417]",11,11,"[-192, 417]"
collapse_excess,60,"[60, -192, 418]",15,15,"[-192, 418]"
collapse_excess,60,"[60, -192, 420]",3,3,"[-192, 420]"
collapse_excess,60,"[60, -192, 422]",11,11,"[-192, 422]"
collapse_excess,60,"[60, -192, 423]",15,15,"[-192, 423]"
collapse_excess,60,"[60, -192, 427]",12,12,"[-192, 427]"
collapse_excess,60,"[60, -192, 428]",4,4,"[-192, 428]"
collapse_excess,60,"[60, -192, 432]",2,2,"[-192, 432]"
collapse_excess,60,"[60, -192, 433]",1,1,"[-192, 433]"
collapse_excess,60,"[60, -192, 435]",1,1,"[-192, 435]"
collapse_excess,60,"[60, -192, 437]",4,4,"[-192, 437]"
collapse_excess,60,"[60, -192, 438]",4,4,"[-192, 438]"
collapse_excess,60,"[60, -192, 458]",2,2,"[-192, 458]"
collapse_excess,60,"[60, -192, 466]",2,2,"[-192, 466]"
collapse_excess,60,"[60, -192, 467]",6,6,"[-192, 467]"
collapse_excess,60,"[60, -192, 468]",18,18,"[-192, 468]"
collapse_excess,60,"[60, -192, 475]",2,2,"[-192, 475]"
collapse_excess,60,"[60, -192, 476]",12,12,"[-192, 476]"
collapse_excess,60,"[60, -192, 477]",12,12,"[-192, 477]"
collapse_excess,60,"[60, -192, 478]",5,5,"[-192, 478]"
collapse_excess,60,"[60, -192, 479]",10,10,"[-192, 479]"
collapse_excess,60,"[60, -192, 485]",2,2,"[-192, 485]"
collapse_excess,60,"[60, -192, 486]",11,11,"[-192, 486]"
collapse_excess,60,"[60, -192, 487]",30,30,"[-192, 487]"
collapse_excess,60,"[60, -192, 489]",24,24,"[-192, 489]"
collapse_excess,60,"[60, -192, 491]",8,8,"[-192, 491]"
collapse_excess,60,"[60, -192, 493]",12,12,"[-192, 493]"
collapse_excess,60,"[60, -192, 496]",287,287,"[-192, 496]"
collapse_excess,60,"[60, -192, 498]",24,24,"[-192, 498]"
collapse_excess,60,"[60, -192, 499]",20,20,"[-192, 499]"
collapse_excess,60,"[60, -192, 501]",10,10,"[-192, 501]"
collapse_excess,60,"[60, -192, 503]",1485,1485,"[-192, 503]"
collapse_excess,60,"[60, -192, 506]",1502,1502,"[-192, 506]"
collapse_excess,60,"[60, -192, 508]",20,20,"[-192, 508]"
collapse_excess,60,"[60, -192, 509]",3649,3649,"[-192, 509]"
collapse_excess,60,"[60, -192, 510]",10,10,"[-192, 510]"
collapse_excess,60,"[60, -192, 517]",5000,9113,"[-192, 517]"
collapse_excess,60,"[60, -192, 518]",116,116,"[-192, 518]"
collapse_excess,60,"[60, -192, 525]",3140,3140,"[-192, 525]"
collapse_excess,60,"[60, -192, 527]",2515,2515,"[-192, 527]"
collapse_excess,60,"[60, -192, 528]",36,36,"[-192, 528]"
collapse_excess,60,"[60, -192, 537]",769,769,"[-192, 537]"
collapse_excess,60,"[60, -192, 538]",9,9,"[-192, 538]"
collapse_excess,60,"[60, -192, 547]",89,89,"[-192, 547]"
collapse_excess,60,"[60, -192, 557]",1,1,"[-192, 557]"
collapse_excess,60,"[60, -184, 421]",3,3,"[-184, 421]"
collapse_excess,60,"[60, -184, 425]",12,12,"[-184, 425]"
collapse_excess,60,"[60, -184, 426]",14,14,"[-184, 426]"
collapse_excess,60,"[60, -184, 427]",1,1,"[-184, 427]"
collapse_excess,60,"[60, -184, 430]",10,10,"[-184, 430]"
collapse_excess,60,"[60, -184, 431]",10,10,"[-184, 431]"
collapse_excess,60,"[60, -184, 433]",1,1,"[-184, 433]"
collapse_excess,60,"[60, -184, 435]",8,8,"[-184, 435]"
collapse_excess,60,"[60, -184, 436]",1,1,"[-184, 436]"
collapse_excess,60,"[60, -184, 440]",1,1,"[-184, 440]"
collapse_excess,60,"[60, -184, 441]",1,1,"[-184, 441]"
collapse_excess,60,"[60, -184, 445]",1,1,"[-184, 445]"
collapse_excess,60,"[60, -184, 463]",2,2,"[-184, 463]"
collapse_excess,60,"[60, -184, 465]",2,2,"[-184, 465]"
collapse_excess,60,"[60, -184, 466]",4,4,"[-184, 466]"
collapse_excess,60,"[60, -184, 474]",6,6,"[-184, 474]"
collapse_excess,60,"[60, -184, 475]",6,6,"[-184, 475]"
collapse_excess,60,"[60, -184, 476]",31,31,"[-184, 476]"
collapse_excess,60,"[60, -184, 484]",20,20,"[-184, 484]"
collapse_excess,60,"[60, -184, 486]",30,30,"[-184, 486]"
collapse_excess,60,"[60, -184, 487]",30,30,"[-184, 487]"
collapse_excess,60,"[60, -184, 508]",2,2,"[-184, 508]"
collapse_excess,60,"[60, -184, 512]",1932,1932,"[-184, 512]"
collapse_excess,60,"[60, -184, 514]",22,22,"[-184, 514]"
collapse_excess,60,"[60, -184, 520]",3812,3812,"[-184, 520]"
collapse_excess,60,"[60, -184, 536]",1063,1063,"[-184, 536]"
collapse_excess,60,"[60, -184, 546]",94,94,"[-184, 546]"
collapse_excess,60,"[60, -184, 556]",1,1,"[-184, 556]"
collapse_excess,60,"[60, -176, 429]",2,2,"[-176, 429]"
collapse_excess,60,"[60, -176, 432]",4,4,"[-176, 432]"
collapse_excess,60,"[60, -176, 433]",7,7,"[-176, 433]"
collapse_excess,60,"[60, -176, 434]",9,9,"[-176, 434]"
collapse_excess,60,"[60, -176, 435]",1,1,"[-176, 435]"
collapse_excess,60,"[60, -176, 438]",5,5,"[-176, 438]"
collapse_excess,60,"[60, -176, 439]",9,9,"[-176, 439]"
collapse_excess,60,"[60, -176, 443]",3,3,"[-176, 443]"
collapse_excess,60,"[60, -176, 444]",3,3,"[-176, 444]"
collapse_excess,60,"[60, -176, 448]",1,1,"[-176, 448]"
collapse_excess,60,"[60, -176, 449]",1,1,"[-176, 449]"
collapse_excess,60,"[60, -176, 453]",2,2,"[-176, 453]"
collapse_excess,60,"[60, -176, 458]",1,1,"[-176, 458]"
collapse_excess,60,"[60, -176, 461]",1,1,"[-176, 461]"
collapse_excess,60,"[60, -176, 508]",2,2,"[-176, 508]"
collapse_excess,60,"[60, -176, 510]",14,14,"[-176, 510]"
collapse_excess,60,"[60, -176, 514]",10,10,"[-176, 514]"
collapse_excess,60,"[60, -176, 515]",1012,1012,"[-176, 515]"
collapse_excess,60,"[60, -168, 437]",1,1,"[-168, 437]"
collapse_excess,60,"[60, -168, 438]",4,4,"[-168, 438]"
collapse_excess,60,"[60, -168, 442]",4,4,"[-168, 442]"
collapse_excess,60,"[60, -168, 447]",2,2,"[-168, 447]"
collapse_excess,60,"[60, -168, 513]",66,66,"[-168, 513]"
collapse_excess,60,"[60, -160, 450]",1,1,"[-160, 450]"
collapse_excess,60,"[60, -160, 511]",1,1,"[-160, 511]"
collapse_excess,60,"[60, -144, 466]",1,1,"[-144, 466]"
collapse_excess,60,"[60, -144, 533]",30,30,"[-144, 533]"
collapse_excess,60,"[60, -144, 545]",4,4,"[-144, 545]"
collapse_excess,60,"[60, -144, 555]",75,75,"[-144, 555]"
collapse_excess,60,"[60, -144, 556]",2,2,"[-144, 556]"
collapse_excess,60,"[60, -144, 565]",57,57,"[-144, 565]"
collapse_excess,60,"[60, -144, 566]",1,1,"[-144, 566]"
collapse_excess,60,"[60, -136, 1]",5,5,"[-136, 1]"
collapse_excess,60,"[60, -136, 493]",2,2,"[-136, 493]"
collapse_excess,60,"[60, -136, 522]",2,2,"[-136, 522]"
collapse_excess,60,"[60, -136, 523]",12,12,"[-136, 523]"
collapse_excess,60,"[60, -136, 528]",2,2,"[-136, 528]"
collapse_excess,60,"[60, -136, 533]",75,75,"[-136, 533]"
collapse_excess,60,"[60, -136, 534]",14,14,"[-136, 534]"
collapse_excess,60,"[60, -136, 538]",40,40,"[-136, 538]"
collapse_excess,60,"[60, -136, 543]",87,87,"[-136, 543]"
collapse_excess,60,"[60, -136, 544]",80,80,"[-136, 544]"
collapse_excess,60,"[60, -136, 550]",10,10,"[-136, 550]"
collapse_excess,60,"[60, -136, 553]",4,4,"[-136, 553]"
collapse_excess,60,"[60, -136, 554]",2,2,"[-136, 554]"
collapse_excess,60,"[60, -136, 560]",30,30,"[-136, 560]"
collapse_excess,60,"[60, -136, 562]",2,2,"[-136, 562]"
collapse_excess,60,"[60, -128, 527]",5,5,"[-128, 527]"
collapse_excess,60,"[60, -128, 532]",1,1,"[-128, 532]"
collapse_excess,60,"[60, -128, 533]",10,10,"[-128, 533]"
collapse_excess,60,"[60, -128, 537]",8,8,"[-128, 537]"
collapse_excess,60,"[60, -128, 539]",1,1,"[-128, 539]"
collapse_excess,60,"[60, -128, 558]",20,20,"[-128, 558]"
collapse_excess,60,"[60, -120, 1]",1,1,"[-120, 1]"
collapse_excess,60,"[60, -120, 490]",1,1,"[-120, 490]"
collapse_excess,60,"[60, -120, 509]",3,3,"[-120, 509]"
collapse_excess,60,"[60, -120, 515]",1,1,"[-120, 515]"
collapse_excess,60,"[60, -120, 519]",6,6,"[-120, 519]"
collapse_excess,60,"[60, -120, 527]",4,4,"[-120, 527]"
collapse_excess,60,"[60, -120, 540]",2,2,"[-120, 540]"
collapse_excess,60,"[60, -120, 541]",4,4,"[-120, 541]"
collapse_excess,60,"[60, -120, 544]",9,9,"[-120, 544]"
collapse_excess,60,"[60, -120, 550]",2,2,"[-120, 550]"
collapse_excess,60,"[60, -120, 556]",2,2,"[-120, 556]"
collapse_excess,60,"[60, -120, 560]",2,2,"[-120, 560]"
collapse_excess,60,"[60, -112, 51]",2,2,"[-112, 51]"
collapse_excess,60,"[60, -112, 53]",1,1,"[-112, 53]"
collapse_excess,60,"[60, -112, 498]",2,2,"[-112, 498]"
collapse_excess,60,"[60, -112, 513]",1,1,"[-112, 513]"
collapse_excess,60,"[60, -112, 523]",1,1,"[-112, 523]"
collapse_excess,60,"[60, -112, 538]",2,2,"[-112, 538]"
collapse_excess,60,"[60, -112, 539]",2,2,"[-112, 539]"
collapse_excess,60,"[60, -112, 542]",2,2,"[-112, 542]"
collapse_excess,60,"[60, -104, 35]",1,1,"[-104, 35]"
collapse_excess,60,"[60, -104, 41]",2,2,"[-104, 41]"
collapse_excess,60,"[60, -104, 51]",1,1,"[-104, 51]"
collapse_excess,60,"[60, -104, 53]",1,1,"[-104, 53]"
collapse_excess,60,"[60, -104, 63]",2,2,"[-104, 63]"
collapse_excess,60,"[60, -104, 65]",1,1,"[-104, 65]"
collapse_excess,60,"[60, -104, 516]",1,1,"[-104, 516]"
collapse_excess,60,"[60, -104, 525]",2,2,"[-104, 525]"
collapse_excess,60,"[60, -104, 535]",2,2,"[-104, 535]"
collapse_excess,60,"[60, -104, 546]",2,2,"[-104, 546]"
collapse_excess,60,"[60, -104, 550]",2,2,"[-104, 550]"
collapse_excess,60,"[60, -104, 556]",2,2,"[-104, 556]"
collapse_excess,60,"[60, -104, 566]",2,2,"[-104, 566]"
collapse_excess,60,"[60, -96, 39]",1,1,"[-96, 39]"
collapse_excess,60,"[60, -96, 41]",4,4,"[-96, 41]"
collapse_excess,60,"[60, -96, 55]",1,1,"[-96, 55]"
collapse_excess,60,"[60, -96, 63]",7,7,"[-96, 63]"
collapse_excess,60,"[60, -96, 73]",1,1,"[-96, 73]"
collapse_excess,60,"[60, -96, 75]",2,2,"[-96, 75]"
collapse_excess,60,"[60, -96, 81]",1,1,"[-96, 81]"
collapse_excess,60,"[60, -96, 204]",1,1,"[-96, 204]"
collapse_excess,60,"[60, -96, 524]",1,1,"[-96, 524]"
collapse_excess,60,"[60, -96, 528]",1,1,"[-96, 528]"
collapse_excess,60,"[60, -96, 543]",3,3,"[-96, 543]"
collapse_excess,60,"[60, -96, 570]",2,2,"[-96, 570]"
collapse_excess,60,"[60, -88, 43]",2,2,"[-88, 43]"
collapse_excess,60,"[60, -88, 51]",1,1,"[-88, 51]"
collapse_excess,60,"[60, -88, 55]",3,3,"[-88, 55]"
collapse_excess,60,"[60, -88, 61]",2,2,"[-88, 61]"
collapse_excess,60,"[60, -88, 67]",1,1,"[-88, 67]"
collapse_excess,60,"[60, -88, 69]",2,2,"[-88, 69]"
collapse_excess,60,"[60, -88, 71]",8,8,"[-88, 71]"
collapse_excess,60,"[60, -88, 73]",2,2,"[-88, 73]"
collapse_excess,60,"[60, -88, 79]",1,1,"[-88, 79]"
collapse_excess,60,"[60, -88, 81]",2,2,"[-88, 81]"
collapse_excess,60,"[60, -88, 201]",1,1,"[-88, 201]"
collapse_excess,60,"[60, -88, 211]",2,2,"[-88, 211]"
collapse_excess,60,"[60, -88, 522]",1,1,"[-88, 522]"
collapse_excess,60,"[60, -88, 536]",1,1,"[-88, 536]"
collapse_excess,60,"[60, -88, 540]",1,1,"[-88, 540]"
collapse_excess,60,"[60, -88, 542]",1,1,"[-88, 542]"
collapse_excess,60,"[60, -88, 550]",2,2,"[-88, 550]"
collapse_excess,60,"[60, -88, 551]",5,5,"[-88, 551]"
collapse_excess,60,"[60, -88, 552]",5,5,"[-88, 552]"
collapse_excess,60,"[60, -88, 556]",5,5,"[-88, 556]"
collapse_excess,60,"[60, -88, 561]",9,9,"[-88, 561]"
collapse_excess,60,"[60, -88, 562]",4,4,"[-88, 562]"
collapse_excess,60,"[60, -88, 571]",4,4,"[-88, 571]"
collapse_excess,60,"[60, -80, 49]",4,4,"[-80, 49]"
collapse_excess,60,"[60, -80, 59]",2,2,"[-80, 59]"
collapse_excess,60,"[60, -80, 69]",11,11,"[-80, 69]"
collapse_excess,60,"[60, -80, 75]",1,1,"[-80, 75]"
collapse_excess,60,"[60, -80, 77]",1,1,"[-80, 77]"
collapse_excess,60,"[60, -80, 79]",15,15,"[-80, 79]"
collapse_excess,60,"[60, -80, 87]",1,1,"[-80, 87]"
collapse_excess,60,"[60, -80, 89]",2,2,"[-80, 89]"
collapse_excess,60,"[60, -80, 91]",1,1,"[-80, 91]"
collapse_excess,60,"[60, -80, 92]",1,1,"[-80, 92]"
collapse_excess,60,"[60, -80, 93]",3,3,"[-80, 93]"
collapse_excess,60,"[60, -80, 99]",1,1,"[-80, 99]"
collapse_excess,60,"[60, -80, 109]",1,1,"[-80, 109]"
collapse_excess,60,"[60, -80, 209]",2,2,"[-80, 209]"
collapse_excess,60,"[60, -80, 544]",2,2,"[-80, 544]"
collapse_excess,60,"[60, -80, 545]",1,1,"[-80, 545]"
collapse_excess,60,"[60, -80, 549]",1,1,"[-80, 549]"
collapse_excess,60,"[60, -80, 550]",1,1,"[-80, 550]"
collapse_excess,60,"[60, -80, 559]",4,4,"[-80, 559]"
collapse_excess,60,"[60, -72, 27]",1,1,"[-72, 27]"
collapse_excess,60,"[60, -72, 37]",2,2,"[-72, 37]"
collapse_excess,60,"[60, -72, 47]",1,1,"[-72, 47]"
collapse_excess,60,"[60, -72, 55]",1,1,"[-72, 55]"
collapse_excess,60,"[60, -72, 57]",6,6,"[-72, 57]"
collapse_excess,60,"[60, -72, 63]",2,2,"[-72, 63]"
collapse_excess,60,"[60, -72, 67]",7,7,"[-72, 67]"
collapse_excess,60,"[60, -72, 73]",1,1,"[-72, 73]"
collapse_excess,60,"[60, -72, 75]",3,3,"[-72, 75]"
collapse_excess,60,"[60, -72, 77]",12,12,"[-72, 77]"
collapse_excess,60,"[60, -72, 85]",2,2,"[-72, 85]"
collapse_excess,60,"[60, -72, 87]",39,39,"[-72, 87]"
collapse_excess,60,"[60, -72, 95]",1,1,"[-72, 95]"
collapse_excess,60,"[60, -72, 97]",16,16,"[-72, 97]"
collapse_excess,60,"[60, -72, 99]",3,3,"[-72, 99]"
collapse_excess,60,"[60, -72, 177]",1,1,"[-72, 177]"
collapse_excess,60,"[60, -72, 538]",2,2,"[-72, 538]"
collapse_excess,60,"[60, -72, 552]",1,1,"[-72, 552]"
collapse_excess,60,"[60, -72, 553]",2,2,"[-72, 553]"
collapse_excess,60,"[60, -72, 557]",5,5,"[-72, 557]"
collapse_excess,60,"[60, -72, 558]",1,1,"[-72, 558]"
collapse_excess,60,"[60, -72, 562]",5,5,"[-72, 562]"
collapse_excess,60,"[60, -72, 563]",1,1,"[-72, 563]"
collapse_excess,60,"[60, -72, 567]",2,2,"[-72, 567]"
collapse_excess,60,"[60, -72, 568]",9,9,"[-72, 568]"
collapse_excess,60,"[60, -72, 572]",1,1,"[-72, 572]"
collapse_excess,60,"[60, -72, 577]",10,10,"[-72, 577]"
collapse_excess,60,"[60, -72, 578]",4,4,"[-72, 578]"
collapse_excess,60,"[60, -72, 587]",1,1,"[-72, 587]"
collapse_excess,60,"[60, -64, 35]",1,1,"[-64, 35]"
collapse_excess,60,"[60, -64, 41]",1,1,"[-64, 41]"
collapse_excess,60,"[60, -64, 45]",2,2,"[-64, 45]"
collapse_excess,60,"[60, -64, 55]",5,5,"[-64, 55]"
collapse_excess,60,"[60, -64, 57]",2,2,"[-64, 57]"
collapse_excess,60,"[60, -64, 61]",1,1,"[-64, 61]"
collapse_excess,60,"[60, -64, 65]",10,10,"[-64, 65]"
collapse_excess,60,"[60, -64, 71]",1,1,"[-64, 71]"
collapse_excess,60,"[60, -64, 75]",15,15,"[-64, 75]"
collapse_excess,60,"[60, -64, 77]",4,4,"[-64, 77]"
collapse_excess,60,"[60, -64, 81]",2,2,"[-64, 81]"
collapse_excess,60,"[60, -64, 83]",1,1,"[-64, 83]"
collapse_excess,60,"[60, -64, 85]",32,32,"[-64, 85]"
collapse_excess,60,"[60, -64, 91]",5,5,"[-64, 91]"
collapse_excess,60,"[60, -64, 93]",1,1,"[-64, 93]"
collapse_excess,60,"[60, -64, 95]",83,83,"[-64, 95]"
collapse_excess,60,"[60, -64, 97]",2,2,"[-64, 97]"
collapse_excess,60,"[60, -64, 103]",1,1,"[-64, 103]"
collapse_excess,60,"[60, -64, 105]",31,31,"[-64, 105]"
collapse_excess,60,"[60, -64, 107]",2,2,"[-64, 107]"
collapse_excess,60,"[60, -64, 110]",1,1,"[-64, 110]"
collapse_excess,60,"[60, -64, 117]",1,1,"[-64, 117]"
collapse_excess,60,"[60, -64, 125]",1,1,"[-64, 125]"
collapse_excess,60,"[60, -64, 126]",1,1,"[-64, 126]"
collapse_excess,60,"[60, -64, 156]",1,1,"[-64, 156]"
collapse_excess,60,"[60, -64, 176]",1,1,"[-64, 176]"
collapse_excess,60,"[60, -64, 555]",1,1,"[-64, 555]"
collapse_excess,60,"[60, -64, 565]",3,3,"[-64, 565]"
collapse_excess,60,"[60, -64, 566]",34,34,"[-64, 566]"
collapse_excess,60,"[60, -64, 570]",5,5,"[-64, 570]"
collapse_excess,60,"[60, -64, 575]",9,9,"[-64, 575]"
collapse_excess,60,"[60, -64, 576]",1,1,"[-64, 576]"
collapse_excess,60,"[60, -64, 585]",2,2,"[-64, 585]"
collapse_excess,60,"[60, -64, 625]",1,1,"[-64, 625]"
collapse_excess,60,"[60, -64, 635]",1,1,"[-64, 635]"
collapse_excess,60,"[60, -64, 645]",1,1,"[-64, 645]"
collapse_excess,60,"[60, -56, 39]",1,1,"[-56, 39]"
collapse_excess,60,"[60, -56, 41]",1,1,"[-56, 41]"
collapse_excess,60,"[60, -56, 43]",1,1,"[-56, 43]"
collapse_excess,60,"[60, -56, 49]",1,1,"[-56, 49]"
collapse_excess,60,"[60, -56, 53]",2,2,"[-56, 53]"
collapse_excess,60,"[60, -56, 63]",4,4,"[-56, 63]"
collapse_excess,60,"[60, -56, 65]",1,1,"[-56, 65]"
collapse_excess,60,"[60, -56, 69]",1,1,"[-56, 69]"
collapse_excess,60,"[60, -56, 71]",2,2,"[-56, 71]"
collapse_excess,60,"[60, -56, 73]",13,13,"[-56, 73]"
collapse_excess,60,"[60, -56, 81]",1,1,"[-56, 81]"
collapse_excess,60,"[60, -56, 83]",25,25,"[-56, 83]"
collapse_excess,60,"[60, -56, 85]",2,2,"[-56, 85]"
collapse_excess,60,"[60, -56, 88]",1,1,"[-56, 88]"
collapse_excess,60,"[60, -56, 89]",2,2,"[-56, 89]"
collapse_excess,60,"[60, -56, 91]",2,2,"[-56, 91]"
collapse_excess,60,"[60, -56, 93]",40,40,"[-56, 93]"
collapse_excess,60,"[60, -56, 95]",2,2,"[-56, 95]"
collapse_excess,60,"[60, -56, 101]",1,1,"[-56, 101]"
collapse_excess,60,"[60, -56, 103]",126,126,"[-56, 103]"
collapse_excess,60,"[60, -56, 104]",2,2,"[-56, 104]"
collapse_excess,60,"[60, -56, 105]",5,5,"[-56, 105]"
collapse_excess,60,"[60, -56, 109]",3,3,"[-56, 109]"
collapse_excess,60,"[60, -56, 111]",5,5,"[-56, 111]"
collapse_excess,60,"[60, -56, 113]",74,74,"[-56, 113]"
collapse_excess,60,"[60, -56, 114]",7,7,"[-56, 114]"
collapse_excess,60,"[60, -56, 115]",2,2,"[-56, 115]"
collapse_excess,60,"[60, -56, 118]",1,1,"[-56, 118]"
collapse_excess,60,"[60, -56, 119]",1,1,"[-56, 119]"
collapse_excess,60,"[60, -56, 123]",8,8,"[-56, 123]"
collapse_excess,60,"[60, -56, 124]",5,5,"[-56, 124]"
collapse_excess,60,"[60, -56, 144]",2,2,"[-56, 144]"
collapse_excess,60,"[60, -56, 554]",5,5,"[-56, 554]"
collapse_excess,60,"[60, -56, 563]",2,2,"[-56, 563]"
collapse_excess,60,"[60, -56, 564]",2,2,"[-56, 564]"
collapse_excess,60,"[60, -56, 573]",4,4,"[-56, 573]"
collapse_excess,60,"[60, -56, 574]",19,19,"[-56, 574]"
collapse_excess,60,"[60, -56, 578]",1,1,"[-56, 578]"
collapse_excess,60,"[60, -56, 581]",2,2,"[-56, 581]"
collapse_excess,60,"[60, -56, 584]",1,1,"[-56, 584]"
collapse_excess,60,"[60, -56, 588]",1,1,"[-56, 588]"
collapse_excess,60,"[60, -48, 11]",1,1,"[-48, 11]"
collapse_excess,60,"[60, -48, 41]",3,3,"[-48, 41]"
collapse_excess,60,"[60, -48, 47]",1,1,"[-48, 47]"
collapse_excess,60,"[60, -48, 51]",1,1,"[-48, 51]"
collapse_excess,60,"[60, -48, 61]",7,7,"[-48, 61]"
collapse_excess,60,"[60, -48, 63]",2,2,"[-48, 63]"
collapse_excess,60,"[60, -48, 71]",16,16,"[-48, 71]"
collapse_excess,60,"[60, -48, 79]",1,1,"[-48, 79]"
collapse_excess,60,"[60, -48, 81]",59,59,"[-48, 81]"
collapse_excess,60,"[60, -48, 87]",2,2,"[-48, 87]"
collapse_excess,60,"[60, -48, 89]",2,2,"[-48, 89]"
collapse_excess,60,"[60, -48, 91]",57,57,"[-48, 91]"
collapse_excess,60,"[60, -48, 97]",4,4,"[-48, 97]"
collapse_excess,60,"[60, -48, 100]",1,1,"[-48, 100]"
collapse_excess,60,"[60, -48, 101]",142,142,"[-48, 101]"
collapse_excess,60,"[60, -48, 102]",4,4,"[-48, 102]"
collapse_excess,60,"[60, -48, 103]",2,2,"[-48, 103]"
collapse_excess,60,"[60, -48, 106]",1,1,"[-48, 106]"
collapse_excess,60,"[60, -48, 107]",19,19,"[-48, 107]"
collapse_excess,60,"[60, -48, 109]",2,2,"[-48, 109]"
collapse_excess,60,"[60, -48, 111]",284,284,"[-48, 111]"
collapse_excess,60,"[60, -48, 112]",8,8,"[-48, 112]"
collapse_excess,60,"[60, -48, 113]",2,2,"[-48, 113]"
collapse_excess,60,"[60, -48, 116]",2,2,"[-48, 116]"
collapse_excess,60,"[60, -48, 117]",13,13,"[-48, 117]"
collapse_excess,60,"[60, -48, 119]",4,4,"[-48, 119]"
collapse_excess,60,"[60, -48, 120]",3,3,"[-48, 120]"
collapse_excess,60,"[60, -48, 121]",229,229,"[-48, 121]"
collapse_excess,60,"[60, -48, 122]",48,48,"[-48, 122]"
collapse_excess,60,"[60, -48, 123]",3,3,"[-48, 123]"
collapse_excess,60,"[60, -48, 126]",2,2,"[-48, 126]"
collapse_excess,60,"[60, -48, 127]",4,4,"[-48, 127]"
collapse_excess,60,"[60, -48, 131]",36,36,"[-48, 131]"
collapse_excess,60,"[60, -48, 132]",4,4,"[-48, 132]"
collapse_excess,60,"[60, -48, 133]",1,1,"[-48, 133]"
collapse_excess,60,"[60, -48, 136]",1,1,"[-48, 136]"
collapse_excess,60,"[60, -48, 141]",7,7,"[-48, 141]"
collapse_excess,60,"[60, -48, 142]",2,2,"[-48, 142]"
collapse_excess,60,"[60, -48, 151]",1,1,"[-48, 151]"
collapse_excess,60,"[60, -48, 562]",9,9,"[-48, 562]"
collapse_excess,60,"[60, -48, 566]",2,2,"[-48, 566]"
collapse_excess,60,"[60, -48, 567]",4,4,"[-48, 567]"
collapse_excess,60,"[60, -48, 571]",16,16,"[-48, 571]"
collapse_excess,60,"[60, -48, 572]",6,6,"[-48, 572]"
collapse_excess,60,"[60, -48, 581]",4,4,"[-48, 581]"
collapse_excess,60,"[60, -48, 582]",9,9,"[-48, 582]"
collapse_excess,60,"[60, -48, 591]",19,19,"[-48, 591]"
collapse_excess,60,"[60, -48, 592]",3,3,"[-48, 592]"
collapse_excess,60,"[60, -48, 651]",4,4,"[-48, 651]"
collapse_excess,60,"[60, -48, 661]",4,4,"[-48, 661]"
collapse_excess,60,"[60, -48, 671]",7,7,"[-48, 671]"
collapse_excess,60,"[60, -48, 681]",2,2,"[-48, 681]"
collapse_excess,60,"[60, -40, 25]",1,1,"[-40, 25]"
collapse_excess,60,"[60, -40, 49]",3,3,"[-40, 49]"
collapse_excess,60,"[60, -40, 55]",1,1,"[-40, 55]"
collapse_excess,60,"[60, -40, 57]",2,2,"[-40, 57]"
collapse_excess,60,"[60, -40, 59]",3,3,"[-40, 59]"
collapse_excess,60,"[60, -40, 65]",2,2,"[-40, 65]"
collapse_excess,60,"[60, -40, 67]",1,1,"[-40, 67]"
collapse_excess,60,"[60, -40, 69]",11,11,"[-40, 69]"
collapse_excess,60,"[60, -40, 75]",3,3,"[-40, 75]"
collapse_excess,60,"[60, -40, 79]",30,30,"[-40, 79]"
collapse_excess,60,"[60, -40, 87]",5,5,"[-40, 87]"
collapse_excess,60,"[60, -40, 89]",96,96,"[-40, 89]"
collapse_excess,60,"[60, -40, 90]",1,1,"[-40, 90]"
collapse_excess,60,"[60, -40, 91]",2,2,"[-40, 91]"
collapse_excess,60,"[60, -40, 94]",1,1,"[-40, 94]"
collapse_excess,60,"[60, -40, 95]",9,9,"[-40, 95]"
collapse_excess,60,"[60, -40, 97]",1,1,"[-40, 97]"
collapse_excess,60,"[60, -40, 98]",1,1,"[-40, 98]"
collapse_excess,60,"[60, -40, 99]",114,114,"[-40, 99]"
collapse_excess,60,"[60, -40, 100]",4,4,"[-40, 100]"
collapse_excess,60,"[60, -40, 101]",1,1,"[-40, 101]"
collapse_excess,60,"[60, -40, 104]",3,3,"[-40, 104]"
collapse_excess,60,"[60, -40, 105]",2,2,"[-40, 105]"
collapse_excess,60,"[60, -40, 107]",13,13,"[-40, 107]"
collapse_excess,60,"[60, -40, 108]",1,1,"[-40, 108]"
collapse_excess,60,"[60, -40, 109]",260,260,"[-40, 109]"
collapse_excess,60,"[60, -40, 110]",22,22,"[-40, 110]"
collapse_excess,60,"[60, -40, 111]",5,5,"[-40, 111]"
collapse_excess,60,"[60, -40, 112]",1,1,"[-40, 112]"
collapse_excess,60,"[60, -40, 113]",1,1,"[-40, 113]"
collapse_excess,60,"[60, -40, 114]",10,10,"[-40, 114]"
collapse_excess,60,"[60, -40, 115]",19,19,"[-40, 115]"
collapse_excess,60,"[60, -40, 117]",10,10,"[-40, 117]"
collapse_excess,60,"[60, -40, 118]",1,1,"[-40, 118]"
collapse_excess,60,"[60, -40, 119]",541,541,"[-40, 119]"
collapse_excess,60,"[60, -40, 120]",89,89,"[-40, 120]"
collapse_excess,60,"[60, -40, 121]",7,7,"[-40, 121]"
collapse_excess,60,"[60, -40, 122]",1,1,"[-40, 122]"
collapse_excess,60,"[60, -40, 123]",1,1,"[-40, 123]"
collapse_excess,60,"[60, -40, 124]",46,46,"[-40, 124]"
collapse_excess,60,"[60, -40, 125]",57,57,"[-40, 125]"
collapse_excess,60,"[60, -40, 127]",43,43,"[-40, 127]"
collapse_excess,60,"[60, -40, 128]",2,2,"[-40, 128]"
collapse_excess,60,"[60, -40, 129]",756,756,"[-40, 129]"
collapse_excess,60,"[60, -40, 130]",65,65,"[-40, 130]"
collapse_excess,60,"[60, -40, 131]",11,11,"[-40, 131]"
collapse_excess,60,"[60, -40, 134]",37,37,"[-40, 134]"
collapse_excess,60,"[60, -40, 135]",9,9,"[-40, 135]"
collapse_excess,60,"[60, -40, 137]",8,8,"[-40, 137]"
collapse_excess,60,"[60, -40, 138]",2,2,"[-40, 138]"
collapse_excess,60,"[60, -40, 139]",129,129,"[-40, 139]"
collapse_excess,60,"[60, -40, 140]",32,32,"[-40, 140]"
collapse_excess,60,"[60, -40, 141]",2,2,"[-40, 141]"
collapse_excess,60,"[60, -40, 144]",3,3,"[-40, 144]"
collapse_excess,60,"[60, -40, 145]",1,1,"[-40, 145]"
collapse_excess,60,"[60, -40, 147]",1,1,"[-40, 147]"
collapse_excess,60,"[60, -40, 149]",9,9,"[-40, 149]"
collapse_excess,60,"[60, -40, 150]",7,7,"[-40, 150]"
collapse_excess,60,"[60, -40, 159]",1,1,"[-40, 159]"
collapse_excess,60,"[60, -40, 269]",2,2,"[-40, 269]"
collapse_excess,60,"[60, -40, 570]",22,22,"[-40, 570]"
collapse_excess,60,"[60, -40, 579]",33,33,"[-40, 579]"
collapse_excess,60,"[60, -40, 580]",76,76,"[-40, 580]"
collapse_excess,60,"[60, -40, 584]",4,4,"[-40, 584]"
collapse_excess,60,"[60, -40, 585]",2,2,"[-40, 585]"
collapse_excess,60,"[60, -40, 586]",1,1,"[-40, 586]"
collapse_excess,60,"[60, -40, 589]",23,23,"[-40, 589]"
collapse_excess,60,"[60, -40, 590]",28,28,"[-40, 590]"
collapse_excess,60,"[60, -40, 594]",1,1,"[-40, 594]"
collapse_excess,60,"[60, -40, 599]",4,4,"[-40, 599]"
collapse_excess,60,"[60, -40, 600]",2,2,"[-40, 600]"
collapse_excess,60,"[60, -40, 609]",3,3,"[-40, 609]"
collapse_excess,60,"[60, -40, 610]",2,2,"[-40, 610]"
collapse_excess,60,"[60, -40, 619]",1,1,"[-40, 619]"
collapse_excess,60,"[60, -40, 620]",2,2,"[-40, 620]"
collapse_excess,60,"[60, -40, 629]",1,1,"[-40, 629]"
collapse_excess,60,"[60, -40, 630]",2,2,"[-40, 630]"
collapse_excess,60,"[60, -40, 639]",1,1,"[-40, 639]"
collapse_excess,60,"[60, -40, 640]",2,2,"[-40, 640]"
collapse_excess,60,"[60, -40, 649]",1,1,"[-40, 649]"
collapse_excess,60,"[60, -40, 650]",2,2,"[-40, 650]"
collapse_excess,60,"[60, -40, 659]",4,4,"[-40, 659]"
collapse_excess,60,"[60, -40, 660]",3,3,"[-40, 660]"
collapse_excess,60,"[60, -40, 669]",2,2,"[-40, 669]"
collapse_excess,60,"[60, -40, 670]",2,2,"[-40, 670]"
collapse_excess,60,"[60, -40, 680]",2,2,"[-40, 680]"
collapse_excess,60,"[60, -40, 690]",2,2,"[-40, 690]"
collapse_excess,60,"[60, -40, 700]",2,2,"[-40, 700]"
collapse_excess,60,"[60, -40, 710]",2,2,"[-40, 710]"
collapse_excess,60,"[60, -40, 720]",2,2,"[-40, 720]"
collapse_excess,60,"[60, -40, 730]",2,2,"[-40, 730]"
collapse_excess,60,"[60, -32, 17]",1,1,"[-32, 17]"
collapse_excess,60,"[60, -32, 47]",2,2,"[-32, 47]"
collapse_excess,60,"[60, -32, 53]",1,1,"[-32, 53]"
collapse_excess,60,"[60, -32, 57]",11,11,"[-32, 57]"
collapse_excess,60,"[60, -32, 62]",2,2,"[-32, 62]"
collapse_excess,60,"[60, -32, 67]",27,27,"[-32, 67]"
collapse_excess,60,"[60, -32, 71]",2,2,"[-32, 71]"
collapse_excess,60,"[60, -32, 72]",4,4,"[-32, 72]"
collapse_excess,60,"[60, -32, 73]",5,5,"[-32, 73]"
collapse_excess,60,"[60, -32, 77]",61,61,"[-32, 77]"
collapse_excess,60,"[60, -32, 78]",2,2,"[-32, 78]"
collapse_excess,60,"[60, -32, 81]",1,1,"[-32, 81]"
collapse_excess,60,"[60, -32, 82]",5,5,"[-32, 82]"
collapse_excess,60,"[60, -32, 83]",9,9,"[-32, 83]"
collapse_excess,60,"[60, -32, 87]",132,132,"[-32, 87]"
collapse_excess,60,"[60, -32, 88]",4,4,"[-32, 88]"
collapse_excess,60,"[60, -32, 92]",6,6,"[-32, 92]"
collapse_excess,60,"[60, -32, 93]",15,15,"[-32, 93]"
collapse_excess,60,"[60, -32, 97]",351,351,"[-32, 97]"
collapse_excess,60,"[60, -32, 98]",13,13,"[-32, 98]"
collapse_excess,60,"[60, -32, 101]",5,5,"[-32, 101]"
collapse_excess,60,"[60, -32, 102]",18,18,"[-32, 102]"
collapse_excess,60,"[60, -32, 103]",21,21,"[-32, 103]"
collapse_excess,60,"[60, -32, 107]",639,639,"[-32, 107]"
collapse_excess,60,"[60, -32, 108]",26,26,"[-32, 108]"
collapse_excess,60,"[60, -32, 109]",2,2,"[-32, 109]"
collapse_excess,60,"[60, -32, 111]",1,1,"[-32, 111]"
collapse_excess,60,"[60, -32, 112]",14,14,"[-32, 112]"
collapse_excess,60,"[60, -32, 113]",35,35,"[-32, 113]"
collapse_excess,60,"[60, -32, 115]",1,1,"[-32, 115]"
collapse_excess,60,"[60, -32, 116]",3,3,"[-32, 116]"
collapse_excess,60,"[60, -32, 117]",988,988,"[-32, 117]"
collapse_excess,60,"[60, -32, 118]",115,115,"[-32, 118]"
collapse_excess,60,"[60, -32, 119]",5,5,"[-32, 119]"
collapse_excess,60,"[60, -32, 121]",7,7,"[-32, 121]"
collapse_excess,60,"[60, -32, 122]",57,57,"[-32, 122]"
collapse_excess,60,"[60, -32, 123]",70,70,"[-32, 123]"
collapse_excess,60,"[60, -32, 125]",10,10,"[-32, 125]"
collapse_excess,60,"[60, -32, 126]",2,2,"[-32, 126]"
collapse_excess,60,"[60, -32, 127]",2890,2890,"[-32, 127]"
collapse_excess,60,"[60, -32, 128]",493,493,"[-32, 128]"
collapse_excess,60,"[60, -32, 129]",5,5,"[-32, 129]"
collapse_excess,60,"[60, -32, 131]",14,14,"[-32, 131]"
collapse_excess,60,"[60, -32, 132]",193,193,"[-32, 132]"
collapse_excess,60,"[60, -32, 133]",171,171,"[-32, 133]"
collapse_excess,60,"[60, -32, 135]",11,11,"[-32, 135]"
collapse_excess,60,"[60, -32, 136]",53,53,"[-32, 136]"
collapse_excess,60,"[60, -32, 137]",4634,4634,"[-32, 137]"
collapse_excess,60,"[60, -32, 138]",379,379,"[-32, 138]"
collapse_excess,60,"[60, -32, 139]",1,1,"[-32, 139]"
collapse_excess,60,"[60, -32, 141]",22,22,"[-32, 141]"
collapse_excess,60,"[60, -32, 142]",188,188,"[-32, 142]"
collapse_excess,60,"[60, -32, 143]",39,39,"[-32, 143]"
collapse_excess,60,"[60, -32, 145]",1,1,"[-32, 145]"
collapse_excess,60,"[60, -32, 146]",1,1,"[-32, 146]"
collapse_excess,60,"[60, -32, 147]",597,597,"[-32, 147]"
collapse_excess,60,"[60, -32, 148]",100,100,"[-32, 148]"
collapse_excess,60,"[60, -32, 149]",1,1,"[-32, 149]"
collapse_excess,60,"[60, -32, 151]",4,4,"[-32, 151]"
collapse_excess,60,"[60, -32, 152]",22,22,"[-32, 152]"
collapse_excess,60,"[60, -32, 153]",6,6,"[-32, 153]"
collapse_excess,60,"[60, -32, 157]",62,62,"[-32, 157]"
collapse_excess,60,"[60, -32, 158]",21,21,"[-32, 158]"
collapse_excess,60,"[60, -32, 162]",4,4,"[-32, 162]"
collapse_excess,60,"[60, -32, 167]",4,4,"[-32, 167]"
collapse_excess,60,"[60, -32, 168]",1,1,"[-32, 168]"
collapse_excess,60,"[60, -32, 178]",2,2,"[-32, 178]"
collapse_excess,60,"[60, -32, 208]",2,2,"[-32, 208]"
collapse_excess,60,"[60, -32, 577]",29,29,"[-32, 577]"
collapse_excess,60,"[60, -32, 578]",29,29,"[-32, 578]"
collapse_excess,60,"[60, -32, 583]",4,4,"[-32, 583]"
collapse_excess,60,"[60, -32, 585]",1,1,"[-32, 585]"
collapse_excess,60,"[60, -32, 587]",44,44,"[-32, 587]"
collapse_excess,60,"[60, -32, 588]",63,63,"[-32, 588]"
collapse_excess,60,"[60, -32, 592]",10,10,"[-32, 592]"
collapse_excess,60,"[60, -32, 593]",2,2,"[-32, 593]"
collapse_excess,60,"[60, -32, 597]",15,15,"[-32, 597]"
collapse_excess,60,"[60, -32, 598]",21,21,"[-32, 598]"
collapse_excess,60,"[60, -32, 602]",3,3,"[-32, 602]"
collapse_excess,60,"[60, -32, 607]",1,1,"[-32, 607]"
collapse_excess,60,"[60, -32, 608]",3,3,"[-32, 608]"
collapse_excess,60,"[60, -32, 612]",1,1,"[-32, 612]"
collapse_excess,60,"[60, -32, 618]",1,1,"[-32, 618]"
collapse_excess,60,"[60, -32, 628]",2,2,"[-32, 628]"
collapse_excess,60,"[60, -32, 637]",1,1,"[-32, 637]"
collapse_excess,60,"[60, -32, 647]",5,5,"[-32, 647]"
collapse_excess,60,"[60, -32, 657]",13,13,"[-32, 657]"
collapse_excess,60,"[60, -32, 658]",2,2,"[-32, 658]"
collapse_excess,60,"[60, -32, 667]",63,63,"[-32, 667]"
collapse_excess,60,"[60, -32, 668]",7,7,"[-32, 668]"
collapse_excess,60,"[60, -32, 677]",49,49,"[-32, 677]"
collapse_excess,60,"[60, -32, 678]",8,8,"[-32, 678]"
collapse_excess,60,"[60, -32, 687]",16,16,"[-32, 687]"
collapse_excess,60,"[60, -32, 688]",2,2,"[-32, 688]"
collapse_excess,60,"[60, -32, 697]",3,3,"[-32, 697]"
collapse_excess,60,"[60, -32, 698]",1,1,"[-32, 698]"
collapse_excess,60,"[60, -32, 708]",2,2,"[-32, 708]"
collapse_excess,60,"[60, -24, 45]",4,4,"[-24, 45]"
collapse_excess,60,"[60, -24, 46]",2,2,"[-24, 46]"
collapse_excess,60,"[60, -24, 55]",9,9,"[-24, 55]"
collapse_excess,60,"[60, -24, 56]",2,2,"[-24, 56]"
collapse_excess,60,"[60, -24, 65]",2,2,"[-24, 65]"
collapse_excess,60,"[60, -24, 66]",8,8,"[-24, 66]"
collapse_excess,60,"[60, -24, 70]",1,1,"[-24, 70]"
collapse_excess,60,"[60, -24, 75]",29,29,"[-24, 75]"
collapse_excess,60,"[60, -24, 76]",15,15,"[-24, 76]"
collapse_excess,60,"[60, -24, 77]",1,1,"[-24, 77]"
collapse_excess,60,"[60, -24, 80]",2,2,"[-24, 80]"
collapse_excess,60,"[60, -24, 81]",8,8,"[-24, 81]"
collapse_excess,60,"[60, -24, 83]",2,2,"[-24, 83]"
collapse_excess,60,"[60, -24, 84]",1,1,"[-24, 84]"
collapse_excess,60,"[60, -24, 85]",75,75,"[-24, 85]"
collapse_excess,60,"[60, -24, 86]",30,30,"[-24, 86]"
collapse_excess,60,"[60, -24, 90]",5,5,"[-24, 90]"
collapse_excess,60,"[60, -24, 91]",6,6,"[-24, 91]"
collapse_excess,60,"[60, -24, 93]",1,1,"[-24, 93]"
collapse_excess,60,"[60, -24, 94]",3,3,"[-24, 94]"
collapse_excess,60,"[60, -24, 95]",119,119,"[-24, 95]"
collapse_excess,60,"[60, -24, 96]",65,65,"[-24, 96]"
collapse_excess,60,"[60, -24, 100]",19,19,"[-24, 100]"
collapse_excess,60,"[60, -24, 101]",35,35,"[-24, 101]"
collapse_excess,60,"[60, -24, 103]",13,13,"[-24, 103]"
collapse_excess,60,"[60, -24, 105]",313,313,"[-24, 105]"
collapse_excess,60,"[60, -24, 106]",258,258,"[-24, 106]"
collapse_excess,60,"[60, -24, 110]",49,49,"[-24, 110]"
collapse_excess,60,"[60, -24, 111]",74,74,"[-24, 111]"
collapse_excess,60,"[60, -24, 113]",12,12,"[-24, 113]"
collapse_excess,60,"[60, -24, 114]",5,5,"[-24, 114]"
collapse_excess,60,"[60, -24, 115]",684,684,"[-24, 115]"
collapse_excess,60,"[60, -24, 116]",337,337,"[-24, 116]"
collapse_excess,60,"[60, -24, 117]",3,3,"[-24, 117]"
collapse_excess,60,"[60, -24, 120]",51,51,"[-24, 120]"
collapse_excess,60,"[60, -24, 121]",142,142,"[-24, 121]"
collapse_excess,60,"[60, -24, 123]",57,57,"[-24, 123]"
collapse_excess,60,"[60, -24, 124]",4,4,"[-24, 124]"
collapse_excess,60,"[60, -24, 125]",1222,1222,"[-24, 125]"
collapse_excess,60,"[60, -24, 126]",975,975,"[-24, 126]"
collapse_excess,60,"[60, -24, 127]",4,4,"[-24, 127]"
collapse_excess,60,"[60, -24, 130]",142,142,"[-24, 130]"
collapse_excess,60,"[60, -24, 131]",184,184,"[-24, 131]"
collapse_excess,60,"[60, -24, 133]",32,32,"[-24, 133]"
collapse_excess,60,"[60, -24, 134]",1,1,"[-24, 134]"
collapse_excess,60,"[60, -24, 135]",2344,2344,"[-24, 135]"
collapse_excess,60,"[60, -24, 136]",2341,2341,"[-24, 136]"
collapse_excess,60,"[60, -24, 137]",29,29,"[-24, 137]"
collapse_excess,60,"[60, -24, 140]",292,292,"[-24, 140]"
collapse_excess,60,"[60, -24, 141]",473,473,"[-24, 141]"
collapse_excess,60,"[60, -24, 143]",96,96,"[-24, 143]"
collapse_excess,60,"[60, -24, 144]",2,2,"[-24, 144]"
collapse_excess,60,"[60, -24, 145]",4593,4593,"[-24, 145]"
collapse_excess,60,"[60, -24, 146]",2179,2179,"[-24, 146]"
collapse_excess,60,"[60, -24, 147]",1,1,"[-24, 147]"
collapse_excess,60,"[60, -24, 150]",340,340,"[-24, 150]"
collapse_excess,60,"[60, -24, 151]",381,381,"[-24, 151]"
collapse_excess,60,"[60, -24, 153]",14,14,"[-24, 153]"
collapse_excess,60,"[60, -24, 154]",6,6,"[-24, 154]"
collapse_excess,60,"[60, -24, 155]",951,951,"[-24, 155]"
collapse_excess,60,"[60, -24, 156]",594,594,"[-24, 156]"
collapse_excess,60,"[60, -24, 160]",45,45,"[-24, 160]"
collapse_excess,60,"[60, -24, 161]",39,39,"[-24, 161]"
collapse_excess,60,"[60, -24, 163]",5,5,"[-24, 163]"
collapse_excess,60,"[60, -24, 165]",155,155,"[-24, 165]"
collapse_excess,60,"[60, -24, 166]",83,83,"[-24, 166]"
collapse_excess,60,"[60, -24, 170]",3,3,"[-24, 170]"
collapse_excess,60,"[60, -24, 171]",3,3,"[-24, 171]"
collapse_excess,60,"[60, -24, 175]",14,14,"[-24, 175]"
collapse_excess,60,"[60, -24, 176]",13,13,"[-24, 176]"
collapse_excess,60,"[60, -24, 180]",1,1,"[-24, 180]"
collapse_excess,60,"[60, -24, 186]",1,1,"[-24, 186]"
collapse_excess,60,"[60, -24, 195]",1,1,"[-24, 195]"
collapse_excess,60,"[60, -24, 196]",1,1,"[-24, 196]"
collapse_excess,60,"[60, -24, 226]",1,1,"[-24, 226]"
collapse_excess,60,"[60, -24, 276]",2,2,"[-24, 276]"
collapse_excess,60,"[60, -24, 581]",4,4,"[-24, 581]"
collapse_excess,60,"[60, -24, 585]",140,140,"[-24, 585]"
collapse_excess,60,"[60, -24, 586]",433,433,"[-24, 586]"
collapse_excess,60,"[60, -24, 590]",4,4,"[-24, 590]"
collapse_excess,60,"[60, -24, 591]",1,1,"[-24, 591]"
collapse_excess,60,"[60, -24, 593]",1,1,"[-24, 593]"
collapse_excess,60,"[60, -24, 595]",113,113,"[-24, 595]"
collapse_excess,60,"[60, -24, 596]",39,39,"[-24, 596]"
collapse_excess,60,"[60, -24, 600]",1,1,"[-24, 600]"
collapse_excess,60,"[60, -24, 601]",6,6,"[-24, 601]"
collapse_excess,60,"[60, -24, 603]",3,3,"[-24, 603]"
collapse_excess,60,"[60, -24, 605]",51,51,"[-24, 605]"
collapse_excess,60,"[60, -24, 606]",20,20,"[-24, 606]"
collapse_excess,60,"[60, -24, 615]",13,13,"[-24, 615]"
collapse_excess,60,"[60, -24, 616]",4,4,"[-24, 616]"
collapse_excess,60,"[60, -24, 625]",8,8,"[-24, 625]"
collapse_excess,60,"[60, -24, 626]",1,1,"[-24, 626]"
collapse_excess,60,"[60, -24, 635]",18,18,"[-24, 635]"
collapse_excess,60,"[60, -24, 636]",3,3,"[-24, 636]"
collapse_excess,60,"[60, -24, 645]",90,90,"[-24, 645]"
collapse_excess,60,"[60, -24, 646]",3,3,"[-24, 646]"
collapse_excess,60,"[60, -24, 655]",166,166,"[-24, 655]"
collapse_excess,60,"[60, -24, 656]",11,11,"[-24, 656]"
collapse_excess,60,"[60, -24, 665]",1096,1096,"[-24, 665]"
collapse_excess,60,"[60, -24, 666]",42,42,"[-24, 666]"
collapse_excess,60,"[60, -24, 675]",4054,4054,"[-24, 675]"
collapse_excess,60,"[60, -24, 676]",167,167,"[-24, 676]"
collapse_excess,60,"[60, -24, 685]",3572,3572,"[-24, 685]"
collapse_excess,60,"[60, -24, 686]",250,250,"[-24, 686]"
collapse_excess,60,"[60, -24, 695]",1194,1194,"[-24, 695]"
collapse_excess,60,"[60, -24, 696]",75,75,"[-24, 696]"
collapse_excess,60,"[60, -24, 705]",120,120,"[-24, 705]"
collapse_excess,60,"[60, -24, 706]",16,16,"[-24, 706]"
collapse_excess,60,"[60, -24, 715]",4,4,"[-24, 715]"
collapse_excess,60,"[60, -24, 716]",4,4,"[-24, 716]"
collapse_excess,60,"[60, -16, 23]",1,1,"[-16, 23]"
collapse_excess,60,"[60, -16, 33]",3,3,"[-16, 33]"
collapse_excess,60,"[60, -16, 34]",1,1,"[-16, 34]"
collapse_excess,60,"[60, -16, 43]",5,5,"[-16, 43]"
collapse_excess,60,"[60, -16, 44]",4,4,"[-16, 44]"
collapse_excess,60,"[60, -16, 53]",8,8,"[-16, 53]"
collapse_excess,60,"[60, -16, 54]",4,4,"[-16, 54]"
collapse_excess,60,"[60, -16, 63]",7,7,"[-16, 63]"
collapse_excess,60,"[60, -16, 64]",3,3,"[-16, 64]"
collapse_excess,60,"[60, -16, 69]",1,1,"[-16, 69]"
collapse_excess,60,"[60, -16, 73]",43,43,"[-16, 73]"
collapse_excess,60,"[60, -16, 74]",29,29,"[-16, 74]"
collapse_excess,60,"[60, -16, 79]",1,1,"[-16, 79]"
collapse_excess,60,"[60, -16, 81]",1,1,"[-16, 81]"
collapse_excess,60,"[60, -16, 83]",110,110,"[-16, 83]"
collapse_excess,60,"[60, -16, 84]",93,93,"[-16, 84]"
collapse_excess,60,"[60, -16, 88]",12,12,"[-16, 88]"
collapse_excess,60,"[60, -16, 89]",11,11,"[-16, 89]"
collapse_excess,60,"[60, -16, 91]",11,11,"[-16, 91]"
collapse_excess,60,"[60, -16, 93]",295,295,"[-16, 93]"
collapse_excess,60,"[60, -16, 94]",160,160,"[-16, 94]"
collapse_excess,60,"[60, -16, 98]",10,10,"[-16, 98]"
collapse_excess,60,"[60, -16, 99]",20,20,"[-16, 99]"
collapse_excess,60,"[60, -16, 101]",22,22,"[-16, 101]"
collapse_excess,60,"[60, -16, 103]",601,601,"[-16, 103]"
collapse_excess,60,"[60, -16, 104]",366,366,"[-16, 104]"
collapse_excess,60,"[60, -16, 108]",55,55,"[-16, 108]"
collapse_excess,60,"[60, -16, 109]",13,13,"[-16, 109]"
collapse_excess,60,"[60, -16, 111]",17,17,"[-16, 111]"
collapse_excess,60,"[60, -16, 113]",1590,1590,"[-16, 113]"
collapse_excess,60,"[60, -16, 114]",1063,1063,"[-16, 114]"
collapse_excess,60,"[60, -16, 118]",33,33,"[-16, 118]"
collapse_excess,60,"[60, -16, 119]",32,32,"[-16, 119]"
collapse_excess,60,"[60, -16, 121]",29,29,"[-16, 121]"
collapse_excess,60,"[60, -16, 123]",2453,2453,"[-16, 123]"
collapse_excess,60,"[60, -16, 124]",1810,1810,"[-16, 124]"
collapse_excess,60,"[60, -16, 128]",172,172,"[-16, 128]"
collapse_excess,60,"[60, -16, 129]",39,39,"[-16, 129]"
collapse_excess,60,"[60, -16, 131]",56,56,"[-16, 131]"
collapse_excess,60,"[60, -16, 133]",4435,4435,"[-16, 133]"
collapse_excess,60,"[60, -16, 134]",4013,4013,"[-16, 134]"
collapse_excess,60,"[60, -16, 138]",179,179,"[-16, 138]"
collapse_excess,60,"[60, -16, 139]",79,79,"[-16, 139]"
collapse_excess,60,"[60, -16, 141]",158,158,"[-16, 141]"
collapse_excess,60,"[60, -16, 143]",5000,13618,"[-16, 143]"
collapse_excess,60,"[60, -16, 144]",5000,11278,"[-16, 144]"
collapse_excess,60,"[60, -16, 148]",435,435,"[-16, 148]"
collapse_excess,60,"[60, -16, 149]",189,189,"[-16, 149]"
collapse_excess,60,"[60, -16, 151]",124,124,"[-16, 151]"
collapse_excess,60,"[60, -16, 153]",5000,17379,"[-16, 153]"
collapse_excess,60,"[60, -16, 154]",5000,9876,"[-16, 154]"
collapse_excess,60,"[60, -16, 158]",444,444,"[-16, 158]"
collapse_excess,60,"[60, -16, 159]",16,16,"[-16, 159]"
collapse_excess,60,"[60, -16, 161]",187,187,"[-16, 161]"
collapse_excess,60,"[60, -16, 163]",2754,2754,"[-16, 163]"
collapse_excess,60,"[60, -16, 164]",2365,2365,"[-16, 164]"
collapse_excess,60,"[60, -16, 168]",67,67,"[-16, 168]"
collapse_excess,60,"[60, -16, 169]",6,6,"[-16, 169]"
collapse_excess,60,"[60, -16, 171]",20,20,"[-16, 171]"
collapse_excess,60,"[60, -16, 173]",243,243,"[-16, 173]"
collapse_excess,60,"[60, -16, 174]",294,294,"[-16, 174]"
collapse_excess,60,"[60, -16, 178]",7,7,"[-16, 178]"
collapse_excess,60,"[60, -16, 179]",1,1,"[-16, 179]"
collapse_excess,60,"[60, -16, 181]",1,1,"[-16, 181]"
collapse_excess,60,"[60, -16, 183]",31,31,"[-16, 183]"
collapse_excess,60,"[60, -16, 184]",76,76,"[-16, 184]"
collapse_excess,60,"[60, -16, 193]",7,7,"[-16, 193]"
collapse_excess,60,"[60, -16, 194]",15,15,"[-16, 194]"
collapse_excess,60,"[60, -16, 204]",5,5,"[-16, 204]"
collapse_excess,60,"[60, -16, 214]",1,1,"[-16, 214]"
collapse_excess,60,"[60, -16, 224]",1,1,"[-16, 224]"
collapse_excess,60,"[60, -16, 233]",1,1,"[-16, 233]"
collapse_excess,60,"[60, -16, 274]",3,3,"[-16, 274]"
collapse_excess,60,"[60, -16, 284]",2,2,"[-16, 284]"
collapse_excess,60,"[60, -16, 293]",1,1,"[-16, 293]"
collapse_excess,60,"[60, -16, 589]",2,2,"[-16, 589]"
collapse_excess,60,"[60, -16, 593]",267,267,"[-16, 593]"
collapse_excess,60,"[60, -16, 594]",203,203,"[-16, 594]"
collapse_excess,60,"[60, -16, 598]",3,3,"[-16, 598]"
collapse_excess,60,"[60, -16, 599]",1,1,"[-16, 599]"
collapse_excess,60,"[60, -16, 601]",8,8,"[-16, 601]"
collapse_excess,60,"[60, -16, 603]",206,206,"[-16, 603]"
collapse_excess,60,"[60, -16, 604]",678,678,"[-16, 604]"
collapse_excess,60,"[60, -16, 608]",5,5,"[-16, 608]"
collapse_excess,60,"[60, -16, 611]",2,2,"[-16, 611]"
collapse_excess,60,"[60, -16, 613]",74,74,"[-16, 613]"
collapse_excess,60,"[60, -16, 614]",202,202,"[-16, 614]"
collapse_excess,60,"[60, -16, 621]",1,1,"[-16, 621]"
collapse_excess,60,"[60, -16, 623]",14,14,"[-16, 623]"
collapse_excess,60,"[60, -16, 624]",19,19,"[-16, 624]"
collapse_excess,60,"[60, -16, 633]",6,6,"[-16, 633]"
collapse_excess,60,"[60, -16, 634]",24,24,"[-16, 634]"
collapse_excess,60,"[60, -16, 643]",2,2,"[-16, 643]"
collapse_excess,60,"[60, -16, 644]",93,93,"[-16, 644]"
collapse_excess,60,"[60, -16, 653]",3,3,"[-16, 653]"
collapse_excess,60,"[60, -16, 654]",115,115,"[-16, 654]"
collapse_excess,60,"[60, -16, 663]",8,8,"[-16, 663]"
collapse_excess,60,"[60, -16, 664]",14,14,"[-16, 664]"
collapse_excess,60,"[60, -16, 673]",31,31,"[-16, 673]"
collapse_excess,60,"[60, -16, 674]",16,16,"[-16, 674]"
collapse_excess,60,"[60, -16, 683]",114,114,"[-16, 683]"
collapse_excess,60,"[60, -16, 684]",57,57,"[-16, 684]"
collapse_excess,60,"[60, -16, 693]",112,112,"[-16, 693]"
collapse_excess,60,"[60, -16, 694]",52,52,"[-16, 694]"
collapse_excess,60,"[60, -16, 703]",43,43,"[-16, 703]"
collapse_excess,60,"[60, -16, 704]",17,17,"[-16, 704]"
collapse_excess,60,"[60, -16, 713]",7,7,"[-16, 713]"
collapse_excess,60,"[60, -16, 714]",5,5,"[-16, 714]"
collapse_excess,60,"[60, -16, 723]",2,2,"[-16, 723]"
collapse_excess,60,"[60, -16, 724]",2,2,"[-16, 724]"
collapse_excess,60,"[60, -16, 734]",2,2,"[-16, 734]"
collapse_excess,60,"[60, -16, 744]",2,2,"[-16, 744]"
collapse_excess,60,"[60, -16, 754]",2,2,"[-16, 754]"
collapse_excess,60,"[60, -8, 41]",1,1,"[-8, 41]"
collapse_excess,60,"[60, -8, 42]",1,1,"[-8, 42]"
collapse_excess,60,"[60, -8, 51]",6,6,"[-8, 51]"
collapse_excess,60,"[60, -8, 52]",2,2,"[-8, 52]"
collapse_excess,60,"[60, -8, 61]",14,14,"[-8, 61]"
collapse_excess,60,"[60, -8, 62]",9,9,"[-8, 62]"
collapse_excess,60,"[60, -8, 71]",18,18,"[-8, 71]"
collapse_excess,60,"[60, -8, 72]",5,5,"[-8, 72]"
collapse_excess,60,"[60, -8, 77]",1,1,"[-8, 77]"
collapse_excess,60,"[60, -8, 81]",63,63,"[-8, 81]"
collapse_excess,60,"[60, -8, 82]",42,42,"[-8, 82]"
collapse_excess,60,"[60, -8, 87]",1,1,"[-8, 87]"
collapse_excess,60,"[60, -8, 91]",182,182,"[-8, 91]"
collapse_excess,60,"[60, -8, 92]",133,133,"[-8, 92]"
collapse_excess,60,"[60, -8, 96]",15,15,"[-8, 96]"
collapse_excess,60,"[60, -8, 97]",5,5,"[-8, 97]"
collapse_excess,60,"[60, -8, 101]",515,515,"[-8, 101]"
collapse_excess,60,"[60, -8, 102]",319,319,"[-8, 102]"
collapse_excess,60,"[60, -8, 106]",11,11,"[-8, 106]"
collapse_excess,60,"[60, -8, 111]",915,915,"[-8, 111]"
collapse_excess,60,"[60, -8, 112]",477,477,"[-8, 112]"
collapse_excess,60,"[60, -8, 116]",18,18,"[-8, 116]"
collapse_excess,60,"[60, -8, 121]",2466,2466,"[-8, 121]"
collapse_excess,60,"[60, -8, 122]",1298,1298,"[-8, 122]"
collapse_excess,60,"[60, -8, 126]",15,15,"[-8, 126]"
collapse_excess,60,"[60, -8, 131]",4190,4190,"[-8, 131]"
collapse_excess,60,"[60, -8, 132]",2679,2679,"[-8, 132]"
collapse_excess,60,"[60, -8, 136]",91,91,"[-8, 136]"
collapse_excess,60,"[60, -8, 141]",5000,7894,"[-8, 141]"
collapse_excess,60,"[60, -8, 142]",5000,7932,"[-8, 142]"
collapse_excess,60,"[60, -8, 146]",78,78,"[-8, 146]"
collapse_excess,60,"[60, -8, 151]",5000,20924,"[-8, 151]"
collapse_excess,60,"[60, -8, 152]",5000,19777,"[-8, 152]"
collapse_excess,60,"[60, -8, 156]",174,174,"[-8, 156]"
collapse_excess,60,"[60, -8, 161]",5000,31612,"[-8, 161]"
collapse_excess,60,"[60, -8, 162]",5000,19453,"[-8, 162]"
collapse_excess,60,"[60, -8, 166]",31,31,"[-8, 166]"
collapse_excess,60,"[60, -8, 171]",5000,8556,"[-8, 171]"
collapse_excess,60,"[60, -8, 172]",4262,4262,"[-8, 172]"
collapse_excess,60,"[60, -8, 176]",2,2,"[-8, 176]"
collapse_excess,60,"[60, -8, 181]",2475,2475,"[-8, 181]"
collapse_excess,60,"[60, -8, 182]",818,818,"[-8, 182]"
collapse_excess,60,"[60, -8, 191]",426,426,"[-8, 191]"
collapse_excess,60,"[60, -8, 192]",213,213,"[-8, 192]"
collapse_excess,60,"[60, -8, 201]",72,72,"[-8, 201]"
collapse_excess,60,"[60, -8, 202]",42,42,"[-8, 202]"
collapse_excess,60,"[60, -8, 211]",17,17,"[-8, 211]"
collapse_excess,60,"[60, -8, 212]",11,11,"[-8, 212]"
collapse_excess,60,"[60, -8, 221]",6,6,"[-8, 221]"
collapse_excess,60,"[60, -8, 222]",3,3,"[-8, 222]"
collapse_excess,60,"[60, -8, 232]",3,3,"[-8, 232]"
collapse_excess,60,"[60, -8, 241]",6,6,"[-8, 241]"
collapse_excess,60,"[60, -8, 282]",3,3,"[-8, 282]"
collapse_excess,60,"[60, -8, 292]",4,4,"[-8, 292]"
collapse_excess,60,"[60, -8, 301]",1,1,"[-8, 301]"
collapse_excess,60,"[60, -8, 601]",532,532,"[-8, 601]"
collapse_excess,60,"[60, -8, 602]",641,641,"[-8, 602]"
collapse_excess,60,"[60, -8, 607]",5,5,"[-8, 607]"
collapse_excess,60,"[60, -8, 611]",1287,1287,"[-8, 611]"
collapse_excess,60,"[60, -8, 612]",308,308,"[-8, 612]"
collapse_excess,60,"[60, -8, 617]",1,1,"[-8, 617]"
collapse_excess,60,"[60, -8, 621]",397,397,"[-8, 621]"
collapse_excess,60,"[60, -8, 622]",58,58,"[-8, 622]"
collapse_excess,60,"[60, -8, 631]",60,60,"[-8, 631]"
collapse_excess,60,"[60, -8, 632]",56,56,"[-8, 632]"
collapse_excess,60,"[60, -8, 641]",23,23,"[-8, 641]"
collapse_excess,60,"[60, -8, 642]",48,48,"[-8, 642]"
collapse_excess,60,"[60, -8, 651]",39,39,"[-8, 651]"
collapse_excess,60,"[60, -8, 652]",172,172,"[-8, 652]"
collapse_excess,60,"[60, -8, 661]",182,182,"[-8, 661]"
collapse_excess,60,"[60, -8, 662]",162,162,"[-8, 662]"
collapse_excess,60,"[60, -8, 671]",313,313,"[-8, 671]"
collapse_excess,60,"[60, -8, 672]",16,16,"[-8, 672]"
collapse_excess,60,"[60, -8, 681]",2155,2155,"[-8, 681]"
collapse_excess,60,"[60, -8, 682]",31,31,"[-8, 682]"
collapse_excess,60,"[60, -8, 691]",5000,9922,"[-8, 691]"
collapse_excess,60,"[60, -8, 692]",111,111,"[-8, 692]"
collapse_excess,60,"[60, -8, 701]",5000,15846,"[-8, 701]"
collapse_excess,60,"[60, -8, 702]",99,99,"[-8, 702]"
collapse_excess,60,"[60, -8, 711]",4755,4755,"[-8, 711]"
collapse_excess,60,"[60, -8, 712]",38,38,"[-8, 712]"
collapse_excess,60,"[60, -8, 721]",988,988,"[-8, 721]"
collapse_excess,60,"[60, -8, 722]",3,3,"[-8, 722]"
collapse_excess,60,"[60, -8, 731]",96,96,"[-8, 731]"
collapse_excess,60,"[60, -8, 732]",1,1,"[-8, 732]"
collapse_excess,60,"[60, -8, 741]",4,4,"[-8, 741]"
collapse_excess,60,"[60, -8, 751]",2,2,"[-8, 751]"
collapse_excess,60,"[60, -8, 761]",2,2,"[-8, 761]"
random,60,"[60, 0]",5000,356597,[0]
