============================================================
SEARCHING FOR KERNEL ELEMENTS
============================================================
Braid group: B_4
Representation: (3, 1)
Dimension: 3
Number of simples: 24
Prime: 7
Device: cuda
Bucket size: 50000
Target length: 300
BFS frontier length: 8
Frontier shard: 28/64
Degree window: [0, 900] (901 coeffs)
Boundary margin: 16
Use best: 1000000
Save best: 50000
Expansion chunk size: 100000
Matmul chunk size: 8000
Seed: 70027

Loaded tables from /nfs/roberts/project/pi_com36/as4843/burau-experiments/precomputed_tables/tables_B4_r1_p7.pt
  Braid group: B_4
  Representation: (3, 1), dimension 3
  Number of simples: 24
  Degree window: [0, 900] (901 coefficients)
  Table checksum: 812f436d5d2d17cd22ee17ad7df33b681151037863def03032587a5c5ef7a9e4
✓ Identity matrix loaded at degree 0

Precomputing FFTs of simple matrices...
  simple_D=4, safety_cap_D=901
  FFT size: dynamic (grows with actual projective width)
  FFT cache: initialized lazily by transform size
Storage: reservoir matrices=CPU int16, active chunks=CUDA int16/FFT
⚡ GPU-accelerated paper reservoir with per-product projectivization

============================================================
Level 8 - BFS FRONTIER
============================================================
  Exhaustively enumerating all legal GNF words of length 8...
  Full frontier: 4,963,856 braids
  Assigned to this shard: 77,560 braids
  Projlen distribution:
    projlen=15: 19 braids
    projlen=16: 78 braids
    projlen=17: 9054 braids
    projlen=18: 11615 braids
    projlen=19: 21693 braids
    projlen=20: 16663 braids
    projlen=21: 12099 braids
    projlen=22: 4716 braids
    projlen=23: 1412 braids
    projlen=24: 199 braids
    projlen=25: 12 braids
  Braids kept: 77560 (in 11 buckets, 0.03 GB CPU)
  ⚡ Timing: matmul=6.72s, sampling=0.00s, total=6.72s
============================================================
Level 9 - SAMPLING
============================================================
  Starting braids: 77560
  Candidates to generate: 423142
  Processing in 5 chunks...
  Projlen distribution:
    projlen=15: 3 braids
    projlen=16: 16 braids
    projlen=17: 186 braids
    projlen=18: 591 braids
    projlen=19: 41994 braids
    projlen=20: 54303 braids
    projlen=21: 109770 braids
    projlen=22: 89731 braids
    projlen=23: 75342 braids
    projlen=24: 34519 braids
    projlen=25: 13423 braids
    projlen=26: 2842 braids
    projlen=27: 407 braids
    projlen=28: 15 braids
  Braids kept: 293996 (in 14 buckets, 0.13 GB CPU)
  ⚡ Timing: matmul=0.02s, sampling=0.16s, total=0.25s
============================================================
Level 10 - SAMPLING
============================================================
  Starting braids: 293996
  Candidates to generate: 1597492
  Processing in 16 chunks...
  Projlen distribution:
    projlen=17: 38 braids
    projlen=18: 153 braids
    projlen=19: 1608 braids
    projlen=20: 3705 braids
    projlen=21: 189962 braids
    projlen=22: 228401 braids
    projlen=23: 312381 braids
    projlen=24: 245834 braids
    projlen=25: 282383 braids
    projlen=26: 185850 braids
    projlen=27: 109855 braids
    projlen=28: 30187 braids
    projlen=29: 6438 braids
    projlen=30: 673 braids
    projlen=31: 24 braids
  Braids kept: 392826 (in 15 buckets, 0.19 GB CPU)
  ⚡ Timing: matmul=0.04s, sampling=0.62s, total=0.88s
============================================================
Level 11 - SAMPLING
============================================================
  Starting braids: 392826
  Candidates to generate: 2121076
  Processing in 22 chunks...
  Projlen distribution:
    projlen=18: 16 braids
    projlen=19: 476 braids
    projlen=20: 1239 braids
    projlen=21: 10409 braids
    projlen=22: 16563 braids
    projlen=23: 230476 braids
    projlen=24: 243368 braids
    projlen=25: 306042 braids
    projlen=26: 247309 braids
    projlen=27: 296503 braids
    projlen=28: 247716 braids
    projlen=29: 266105 braids
    projlen=30: 165760 braids
    projlen=31: 75757 braids
    projlen=32: 12046 braids
    projlen=33: 1261 braids
    projlen=34: 30 braids
  Braids kept: 492040 (in 17 buckets, 0.26 GB CPU)
  ⚡ Timing: matmul=0.08s, sampling=0.93s, total=1.41s
============================================================
Level 12 - SAMPLING
============================================================
  Starting braids: 492040
  Candidates to generate: 2659484
  Processing in 27 chunks...
  Projlen distribution:
    projlen=18: 1 braids
    projlen=19: 28 braids
    projlen=20: 173 braids
    projlen=21: 3773 braids
    projlen=22: 6962 braids
    projlen=23: 55258 braids
    projlen=24: 73244 braids
    projlen=25: 260438 braids
    projlen=26: 239679 braids
    projlen=27: 304118 braids
    projlen=28: 249377 braids
    projlen=29: 291244 braids
    projlen=30: 254643 braids
    projlen=31: 286625 braids
    projlen=32: 244580 braids
    projlen=33: 249010 braids
    projlen=34: 112977 braids
    projlen=35: 25367 braids
    projlen=36: 1939 braids
    projlen=37: 48 braids
  Braids kept: 638291 (in 20 buckets, 0.36 GB CPU)
  ⚡ Timing: matmul=0.07s, sampling=1.08s, total=1.68s
============================================================
Level 13 - SAMPLING
============================================================
  Starting braids: 638291
  Candidates to generate: 3471127
  Processing in 35 chunks...
  Projlen distribution:
    projlen=19: 6 braids
    projlen=20: 27 braids
    projlen=21: 410 braids
    projlen=22: 1309 braids
    projlen=23: 21770 braids
    projlen=24: 34080 braids
    projlen=25: 237923 braids
    projlen=26: 247980 braids
    projlen=27: 329398 braids
    projlen=28: 235608 braids
    projlen=29: 304312 braids
    projlen=30: 251816 braids
    projlen=31: 288234 braids
    projlen=32: 257430 braids
    projlen=33: 284750 braids
    projlen=34: 258112 braids
    projlen=35: 278200 braids
    projlen=36: 225650 braids
    projlen=37: 166283 braids
    projlen=38: 44258 braids
    projlen=39: 3511 braids
    projlen=40: 60 braids
  Braids kept: 755431 (in 22 buckets, 0.46 GB CPU)
  ⚡ Timing: matmul=0.09s, sampling=1.54s, total=2.35s
============================================================
Level 14 - SAMPLING
============================================================
  Starting braids: 755431
  Candidates to generate: 4085683
  Processing in 41 chunks...
  Projlen distribution:
    projlen=20: 1 braids
    projlen=21: 71 braids
    projlen=22: 246 braids
    projlen=23: 3394 braids
    projlen=24: 7876 braids
    projlen=25: 107580 braids
    projlen=26: 145835 braids
    projlen=27: 297445 braids
    projlen=28: 242559 braids
    projlen=29: 315258 braids
    projlen=30: 234420 braids
    projlen=31: 302232 braids
    projlen=32: 252609 braids
    projlen=33: 285272 braids
    projlen=34: 259931 braids
    projlen=35: 283674 braids
    projlen=36: 261396 braids
    projlen=37: 283716 braids
    projlen=38: 251810 braids
    projlen=39: 264785 braids
    projlen=40: 191547 braids
    projlen=41: 88747 braids
    projlen=42: 5183 braids
    projlen=43: 96 braids
  Braids kept: 866867 (in 24 buckets, 0.57 GB CPU)
  ⚡ Timing: matmul=0.11s, sampling=1.76s, total=2.75s
============================================================
Level 15 - SAMPLING
============================================================
  Starting braids: 866867
  Candidates to generate: 4696017
  Processing in 47 chunks...
  Projlen distribution:
    projlen=22: 19 braids
    projlen=23: 701 braids
    projlen=24: 1710 braids
    projlen=25: 20344 braids
    projlen=26: 36237 braids
    projlen=27: 239526 braids
    projlen=28: 249808 braids
    projlen=29: 320658 braids
    projlen=30: 237405 braids
    projlen=31: 308764 braids
    projlen=32: 239047 braids
    projlen=33: 296483 braids
    projlen=34: 254145 braids
    projlen=35: 285032 braids
    projlen=36: 261830 braids
    projlen=37: 281882 braids
    projlen=38: 264656 braids
    projlen=39: 281754 braids
    projlen=40: 259537 braids
    projlen=41: 280894 braids
    projlen=42: 239061 braids
    projlen=43: 239304 braids
    projlen=44: 87909 braids
    projlen=45: 9191 braids
    projlen=46: 120 braids
  Braids kept: 968322 (in 25 buckets, 0.67 GB CPU)
  ⚡ Timing: matmul=0.13s, sampling=2.71s, total=3.97s
============================================================
Level 16 - SAMPLING
============================================================
  Starting braids: 968322
  Candidates to generate: 5248822
  Processing in 53 chunks...
  Projlen distribution:
    projlen=23: 41 braids
    projlen=24: 218 braids
    projlen=25: 5056 braids
    projlen=26: 9596 braids
    projlen=27: 104447 braids
    projlen=28: 156442 braids
    projlen=29: 301801 braids
    projlen=30: 242891 braids
    projlen=31: 311185 braids
    projlen=32: 238602 braids
    projlen=33: 302329 braids
    projlen=34: 244792 braids
    projlen=35: 293415 braids
    projlen=36: 256260 braids
    projlen=37: 283690 braids
    projlen=38: 263643 braids
    projlen=39: 281092 braids
    projlen=40: 266650 braids
    projlen=41: 280539 braids
    projlen=42: 263439 braids
    projlen=43: 280996 braids
    projlen=44: 255961 braids
    projlen=45: 270368 braids
    projlen=46: 208049 braids
    projlen=47: 113913 braids
    projlen=48: 13215 braids
    projlen=49: 192 braids
  Braids kept: 1078318 (in 27 buckets, 0.79 GB CPU)
  ⚡ Timing: matmul=0.14s, sampling=2.81s, total=4.22s
============================================================
Level 17 - SAMPLING
============================================================
  Starting braids: 964911
  Candidates to generate: 5300423
  Processing in 54 chunks...
  Projlen distribution:
    projlen=24: 11 braids
    projlen=25: 622 braids
    projlen=26: 1543 braids
    projlen=27: 27802 braids
    projlen=28: 43116 braids
    projlen=29: 241831 braids
    projlen=30: 257392 braids
    projlen=31: 318623 braids
    projlen=32: 238727 braids
    projlen=33: 306931 braids
    projlen=34: 243715 braids
    projlen=35: 296999 braids
    projlen=36: 249779 braids
    projlen=37: 289309 braids
    projlen=38: 258048 braids
    projlen=39: 282329 braids
    projlen=40: 265376 braids
    projlen=41: 278848 braids
    projlen=42: 267006 braids
    projlen=43: 278190 braids
    projlen=44: 265837 braids
    projlen=45: 278412 braids
    projlen=46: 255817 braids
    projlen=47: 260094 braids
    projlen=48: 94066 braids
  Braids kept: 1073094 (in 25 buckets, 0.81 GB CPU)
  ⚡ Timing: matmul=0.14s, sampling=2.93s, total=4.36s
============================================================
Level 18 - SAMPLING
============================================================
  Starting braids: 973094
  Candidates to generate: 5349328
  Processing in 54 chunks...
  Projlen distribution:
    projlen=24: 2 braids
    projlen=25: 68 braids
    projlen=26: 262 braids
    projlen=27: 4847 braids
    projlen=28: 8784 braids
    projlen=29: 137474 braids
    projlen=30: 184679 braids
    projlen=31: 315492 braids
    projlen=32: 248425 braids
    projlen=33: 308756 braids
    projlen=34: 242348 braids
    projlen=35: 300627 braids
    projlen=36: 247585 braids
    projlen=37: 291978 braids
    projlen=38: 254062 braids
    projlen=39: 286526 braids
    projlen=40: 260303 braids
    projlen=41: 279995 braids
    projlen=42: 266043 braids
    projlen=43: 278068 braids
    projlen=44: 268372 braids
    projlen=45: 276454 braids
    projlen=46: 266340 braids
    projlen=47: 273208 braids
    projlen=48: 248635 braids
    projlen=49: 99995 braids
  Braids kept: 1063963 (in 26 buckets, 0.82 GB CPU)
  ⚡ Timing: matmul=0.14s, sampling=2.77s, total=4.19s
============================================================
Level 19 - SAMPLING
============================================================
  Starting braids: 963963
  Candidates to generate: 5299013
  Processing in 53 chunks...
  Projlen distribution:
    projlen=24: 1 braids
    projlen=25: 10 braids
    projlen=26: 73 braids
    projlen=27: 927 braids
    projlen=28: 2050 braids
    projlen=29: 27921 braids
    projlen=30: 39249 braids
    projlen=31: 243029 braids
    projlen=32: 249652 braids
    projlen=33: 316535 braids
    projlen=34: 240740 braids
    projlen=35: 303422 braids
    projlen=36: 246969 braids
    projlen=37: 295316 braids
    projlen=38: 251627 braids
    projlen=39: 289819 braids
    projlen=40: 258206 braids
    projlen=41: 282931 braids
    projlen=42: 263125 braids
    projlen=43: 277740 braids
    projlen=44: 267256 braids
    projlen=45: 276159 braids
    projlen=46: 268412 braids
    projlen=47: 274356 braids
    projlen=48: 265603 braids
    projlen=49: 259790 braids
    projlen=50: 98095 braids
  Braids kept: 1070231 (in 27 buckets, 0.85 GB CPU)
  ⚡ Timing: matmul=0.14s, sampling=2.71s, total=4.13s
============================================================
Level 20 - SAMPLING
============================================================
  Starting braids: 970231
  Candidates to generate: 5339671
  Processing in 54 chunks...
  Projlen distribution:
    projlen=25: 3 braids
    projlen=26: 27 braids
    projlen=27: 211 braids
    projlen=28: 743 braids
    projlen=29: 7173 braids
    projlen=30: 11662 braids
    projlen=31: 140735 braids
    projlen=32: 170378 braids
    projlen=33: 311694 braids
    projlen=34: 242445 braids
    projlen=35: 309573 braids
    projlen=36: 243543 braids
    projlen=37: 298919 braids
    projlen=38: 251281 braids
    projlen=39: 290174 braids
    projlen=40: 254740 braids
    projlen=41: 287323 braids
    projlen=42: 260559 braids
    projlen=43: 281899 braids
    projlen=44: 264315 braids
    projlen=45: 277036 braids
    projlen=46: 268146 braids
    projlen=47: 276092 braids
    projlen=48: 268119 braids
    projlen=49: 271018 braids
    projlen=50: 252671 braids
    projlen=51: 99192 braids
  Braids kept: 1069819 (in 27 buckets, 0.88 GB CPU)
  ⚡ Timing: matmul=0.14s, sampling=3.48s, total=4.99s
============================================================
Level 21 - SAMPLING
============================================================
  Starting braids: 969819
  Candidates to generate: 5331047
  Processing in 54 chunks...
  Projlen distribution:
    projlen=26: 2 braids
    projlen=27: 97 braids
    projlen=28: 268 braids
    projlen=29: 2126 braids
    projlen=30: 4809 braids
    projlen=31: 40247 braids
    projlen=32: 52253 braids
    projlen=33: 250841 braids
    projlen=34: 243032 braids
    projlen=35: 322189 braids
    projlen=36: 236306 braids
    projlen=37: 306635 braids
    projlen=38: 246526 braids
    projlen=39: 293669 braids
    projlen=40: 254390 braids
    projlen=41: 285870 braids
    projlen=42: 257553 braids
    projlen=43: 283153 braids
    projlen=44: 262119 braids
    projlen=45: 279811 braids
    projlen=46: 265375 braids
    projlen=47: 275710 braids
    projlen=48: 269508 braids
    projlen=49: 275357 braids
    projlen=50: 267460 braids
    projlen=51: 257312 braids
    projlen=52: 98429 braids
  Braids kept: 1097549 (in 27 buckets, 0.92 GB CPU)
  ⚡ Timing: matmul=0.14s, sampling=3.56s, total=5.09s
============================================================
Level 22 - SAMPLING
============================================================
  Starting braids: 997549
  Candidates to generate: 5489389
  Processing in 55 chunks...
  Projlen distribution:
    projlen=27: 20 braids
    projlen=28: 69 braids
    projlen=29: 1002 braids
    projlen=30: 1930 braids
    projlen=31: 14238 braids
    projlen=32: 25639 braids
    projlen=33: 199393 braids
    projlen=34: 223263 braids
    projlen=35: 334524 braids
    projlen=36: 236536 braids
    projlen=37: 312433 braids
    projlen=38: 238191 braids
    projlen=39: 301106 braids
    projlen=40: 249089 braids
    projlen=41: 288397 braids
    projlen=42: 256934 braids
    projlen=43: 284748 braids
    projlen=44: 261407 braids
    projlen=45: 281920 braids
    projlen=46: 264397 braids
    projlen=47: 277974 braids
    projlen=48: 267427 braids
    projlen=49: 274795 braids
    projlen=50: 268216 braids
    projlen=51: 271586 braids
    projlen=52: 254435 braids
    projlen=53: 99720 braids
  Braids kept: 1092898 (in 27 buckets, 0.94 GB CPU)
  ⚡ Timing: matmul=0.15s, sampling=3.75s, total=5.37s
============================================================
Level 23 - SAMPLING
============================================================
  Starting braids: 992898
  Candidates to generate: 5451440
  Processing in 55 chunks...
  Projlen distribution:
    projlen=27: 13 braids
    projlen=28: 27 braids
    projlen=29: 263 braids
    projlen=30: 695 braids
    projlen=31: 6829 braids
    projlen=32: 11173 braids
    projlen=33: 75663 braids
    projlen=34: 111286 braids
    projlen=35: 279595 braids
    projlen=36: 241886 braids
    projlen=37: 318222 braids
    projlen=38: 231148 braids
    projlen=39: 308481 braids
    projlen=40: 240882 braids
    projlen=41: 295526 braids
    projlen=42: 253069 braids
    projlen=43: 285682 braids
    projlen=44: 259137 braids
    projlen=45: 282515 braids
    projlen=46: 263258 braids
    projlen=47: 279868 braids
    projlen=48: 265055 braids
    projlen=49: 277085 braids
    projlen=50: 268179 braids
    projlen=51: 273008 braids
    projlen=52: 267437 braids
    projlen=53: 256644 braids
    projlen=54: 98814 braids
  Braids kept: 1119000 (in 28 buckets, 0.98 GB CPU)
  ⚡ Timing: matmul=0.17s, sampling=3.78s, total=5.44s
============================================================
Level 24 - SAMPLING
============================================================
  Starting braids: 969000
  Candidates to generate: 5330128
  Processing in 54 chunks...
  Projlen distribution:
    projlen=27: 3 braids
    projlen=28: 15 braids
    projlen=29: 122 braids
    projlen=30: 327 braids
    projlen=31: 2103 braids
    projlen=32: 4669 braids
    projlen=33: 37255 braids
    projlen=34: 52442 braids
    projlen=35: 243050 braids
    projlen=36: 254715 braids
    projlen=37: 322881 braids
    projlen=38: 237759 braids
    projlen=39: 310693 braids
    projlen=40: 236225 braids
    projlen=41: 302164 braids
    projlen=42: 245250 braids
    projlen=43: 291998 braids
    projlen=44: 256184 braids
    projlen=45: 283866 braids
    projlen=46: 262654 braids
    projlen=47: 280856 braids
    projlen=48: 265409 braids
    projlen=49: 278120 braids
    projlen=50: 265794 braids
    projlen=51: 275453 braids
    projlen=52: 265908 braids
    projlen=53: 256242 braids
    projlen=54: 97971 braids
  Braids kept: 1094494 (in 28 buckets, 0.97 GB CPU)
  ⚡ Timing: matmul=0.16s, sampling=3.74s, total=5.37s
============================================================
Level 25 - SAMPLING
============================================================
  Starting braids: 994494
  Candidates to generate: 5469206
  Processing in 55 chunks...
  Projlen distribution:
    projlen=28: 5 braids
    projlen=29: 46 braids
    projlen=30: 123 braids
    projlen=31: 1080 braids
    projlen=32: 2229 braids
    projlen=33: 13021 braids
    projlen=34: 24746 braids
    projlen=35: 181065 braids
    projlen=36: 221647 braids
    projlen=37: 327779 braids
    projlen=38: 247085 braids
    projlen=39: 310297 braids
    projlen=40: 238664 braids
    projlen=41: 305156 braids
    projlen=42: 242151 braids
    projlen=43: 296197 braids
    projlen=44: 249647 braids
    projlen=45: 289328 braids
    projlen=46: 258874 braids
    projlen=47: 282274 braids
    projlen=48: 265494 braids
    projlen=49: 279502 braids
    projlen=50: 266251 braids
    projlen=51: 276754 braids
    projlen=52: 266525 braids
    projlen=53: 271847 braids
    projlen=54: 251811 braids
    projlen=55: 99608 braids
  Braids kept: 1091250 (in 28 buckets, 0.99 GB CPU)
  ⚡ Timing: matmul=0.14s, sampling=3.90s, total=5.55s
============================================================
Level 26 - SAMPLING
============================================================
  Starting braids: 991250
  Candidates to generate: 5442464
  Processing in 55 chunks...
  Projlen distribution:
    projlen=28: 2 braids
    projlen=29: 18 braids
    projlen=30: 65 braids
    projlen=31: 380 braids
    projlen=32: 971 braids
    projlen=33: 7022 braids
    projlen=34: 12295 braids
    projlen=35: 65681 braids
    projlen=36: 107176 braids
    projlen=37: 270657 braids
    projlen=38: 249011 braids
    projlen=39: 312494 braids
    projlen=40: 240017 braids
    projlen=41: 306071 braids
    projlen=42: 243110 braids
    projlen=43: 298154 braids
    projlen=44: 247489 braids
    projlen=45: 292293 braids
    projlen=46: 254094 braids
    projlen=47: 286766 braids
    projlen=48: 260287 braids
    projlen=49: 281351 braids
    projlen=50: 266290 braids
    projlen=51: 277252 braids
    projlen=52: 267755 braids
    projlen=53: 274077 braids
    projlen=54: 265719 braids
    projlen=55: 257652 braids
    projlen=56: 98315 braids
  Braids kept: 1120753 (in 29 buckets, 1.03 GB CPU)
  ⚡ Timing: matmul=0.19s, sampling=4.06s, total=5.79s
============================================================
Level 27 - SAMPLING
============================================================
  Starting braids: 970753
  Candidates to generate: 5339383
  Processing in 54 chunks...
  Projlen distribution:
    projlen=28: 2 braids
    projlen=29: 5 braids
    projlen=30: 33 braids
    projlen=31: 176 braids
    projlen=32: 533 braids
    projlen=33: 2677 braids
    projlen=34: 5784 braids
    projlen=35: 37006 braids
    projlen=36: 57258 braids
    projlen=37: 235224 braids
    projlen=38: 261001 braids
    projlen=39: 317173 braids
    projlen=40: 244100 braids
    projlen=41: 306101 braids
    projlen=42: 243307 braids
    projlen=43: 298988 braids
    projlen=44: 247196 braids
    projlen=45: 293612 braids
    projlen=46: 251602 braids
    projlen=47: 288001 braids
    projlen=48: 258294 braids
    projlen=49: 284066 braids
    projlen=50: 262879 braids
    projlen=51: 280141 braids
    projlen=52: 267301 braids
    projlen=53: 276336 braids
    projlen=54: 266525 braids
    projlen=55: 256473 braids
    projlen=56: 97589 braids
  Braids kept: 1096216 (in 29 buckets, 1.02 GB CPU)
  ⚡ Timing: matmul=0.18s, sampling=3.95s, total=5.64s
============================================================
Level 28 - SAMPLING
============================================================
  Starting braids: 996216
  Candidates to generate: 5478982
  Processing in 55 chunks...
  Projlen distribution:
    projlen=28: 2 braids
    projlen=29: 5 braids
    projlen=30: 21 braids
    projlen=31: 91 braids
    projlen=32: 299 braids
    projlen=33: 1373 braids
    projlen=34: 3245 braids
    projlen=35: 15556 braids
    projlen=36: 28901 braids
    projlen=37: 174798 braids
    projlen=38: 226844 braids
    projlen=39: 320213 braids
    projlen=40: 254918 braids
    projlen=41: 304410 braids
    projlen=42: 244386 braids
    projlen=43: 301528 braids
    projlen=44: 247374 braids
    projlen=45: 293492 braids
    projlen=46: 252122 braids
    projlen=47: 288576 braids
    projlen=48: 255671 braids
    projlen=49: 285860 braids
    projlen=50: 260766 braids
    projlen=51: 281967 braids
    projlen=52: 264649 braids
    projlen=53: 277732 braids
    projlen=54: 267204 braids
    projlen=55: 273319 braids
    projlen=56: 253657 braids
    projlen=57: 100003 braids
  Braids kept: 1099493 (in 30 buckets, 1.05 GB CPU)
  ⚡ Timing: matmul=0.15s, sampling=4.09s, total=5.79s
============================================================
Level 29 - SAMPLING
============================================================
  Starting braids: 999493
  Candidates to generate: 5492011
  Processing in 55 chunks...
  Projlen distribution:
    projlen=28: 1 braids
    projlen=29: 9 braids
    projlen=30: 13 braids
    projlen=31: 78 braids
    projlen=32: 174 braids
    projlen=33: 783 braids
    projlen=34: 2006 braids
    projlen=35: 8568 braids
    projlen=36: 16946 braids
    projlen=37: 77249 braids
    projlen=38: 124164 braids
    projlen=39: 275287 braids
    projlen=40: 255211 braids
    projlen=41: 306801 braids
    projlen=42: 247111 braids
    projlen=43: 299623 braids
    projlen=44: 248245 braids
    projlen=45: 294570 braids
    projlen=46: 251350 braids
    projlen=47: 289663 braids
    projlen=48: 257085 braids
    projlen=49: 286325 braids
    projlen=50: 259792 braids
    projlen=51: 283158 braids
    projlen=52: 263190 braids
    projlen=53: 279702 braids
    projlen=54: 266329 braids
    projlen=55: 275802 braids
    projlen=56: 266037 braids
    projlen=57: 258230 braids
    projlen=58: 98509 braids
  Braids kept: 1128578 (in 31 buckets, 1.09 GB CPU)
  ⚡ Timing: matmul=0.15s, sampling=4.18s, total=5.92s
============================================================
Level 30 - SAMPLING
============================================================
  Starting braids: 978578
  Candidates to generate: 5379644
  Processing in 54 chunks...
  Projlen distribution:
    projlen=28: 1 braids
    projlen=29: 6 braids
    projlen=30: 9 braids
    projlen=31: 89 braids
    projlen=32: 90 braids
    projlen=33: 575 braids
    projlen=34: 1237 braids
    projlen=35: 5177 braids
    projlen=36: 11020 braids
    projlen=37: 44865 braids
    projlen=38: 76049 braids
    projlen=39: 241823 braids
    projlen=40: 261392 braids
    projlen=41: 311879 braids
    projlen=42: 248579 braids
    projlen=43: 301367 braids
    projlen=44: 249540 braids
    projlen=45: 293850 braids
    projlen=46: 252206 braids
    projlen=47: 289536 braids
    projlen=48: 255017 braids
    projlen=49: 285927 braids
    projlen=50: 260168 braids
    projlen=51: 283459 braids
    projlen=52: 262044 braids
    projlen=53: 280759 braids
    projlen=54: 265387 braids
    projlen=55: 277185 braids
    projlen=56: 264608 braids
    projlen=57: 258486 braids
    projlen=58: 97314 braids
  Braids kept: 1113069 (in 31 buckets, 1.09 GB CPU)
  ⚡ Timing: matmul=0.14s, sampling=4.13s, total=5.82s
============================================================
Level 31 - SAMPLING
============================================================
  Starting braids: 963069
  Candidates to generate: 5295425
  Processing in 53 chunks...
  Projlen distribution:
    projlen=29: 8 braids
    projlen=30: 5 braids
    projlen=31: 47 braids
    projlen=32: 60 braids
    projlen=33: 542 braids
    projlen=34: 608 braids
    projlen=35: 3616 braids
    projlen=36: 7296 braids
    projlen=37: 28953 braids
    projlen=38: 53343 braids
    projlen=39: 207540 braids
    projlen=40: 250637 braids
    projlen=41: 312738 braids
    projlen=42: 255221 braids
    projlen=43: 300770 braids
    projlen=44: 247574 braids
    projlen=45: 296585 braids
    projlen=46: 252071 braids
    projlen=47: 289664 braids
    projlen=48: 255494 braids
    projlen=49: 285868 braids
    projlen=50: 258039 braids
    projlen=51: 283153 braids
    projlen=52: 261872 braids
    projlen=53: 280619 braids
    projlen=54: 264618 braids
    projlen=55: 277089 braids
    projlen=56: 263717 braids
    projlen=57: 260319 braids
    projlen=58: 97359 braids
  Braids kept: 1091135 (in 30 buckets, 1.07 GB CPU)
  ⚡ Timing: matmul=0.18s, sampling=4.12s, total=5.82s
============================================================
Level 32 - SAMPLING
============================================================
  Starting braids: 991135
  Candidates to generate: 5452693
  Processing in 55 chunks...
  Projlen distribution:
    projlen=28: 1 braids
    projlen=29: 5 braids
    projlen=30: 6 braids
    projlen=31: 50 braids
    projlen=32: 32 braids
    projlen=33: 285 braids
    projlen=34: 365 braids
    projlen=35: 3141 braids
    projlen=36: 3683 braids
    projlen=37: 20513 braids
    projlen=38: 37454 braids
    projlen=39: 141499 braids
    projlen=40: 221176 braids
    projlen=41: 312458 braids
    projlen=42: 257826 braids
    projlen=43: 301128 braids
    projlen=44: 251326 braids
    projlen=45: 295893 braids
    projlen=46: 251373 braids
    projlen=47: 291483 braids
    projlen=48: 255286 braids
    projlen=49: 287308 braids
    projlen=50: 259034 braids
    projlen=51: 283669 braids
    projlen=52: 261321 braids
    projlen=53: 281440 braids
    projlen=54: 263235 braids
    projlen=55: 280513 braids
    projlen=56: 265454 braids
    projlen=57: 274377 braids
    projlen=58: 251396 braids
    projlen=59: 99963 braids
  Braids kept: 1115535 (in 32 buckets, 1.12 GB CPU)
  ⚡ Timing: matmul=0.27s, sampling=4.25s, total=6.13s
============================================================
Level 33 - SAMPLING
============================================================
  Starting braids: 965535
  Candidates to generate: 5311133
  Processing in 54 chunks...
  Projlen distribution:
    projlen=29: 4 braids
    projlen=30: 4 braids
    projlen=31: 40 braids
    projlen=32: 32 braids
    projlen=33: 280 braids
    projlen=34: 205 braids
    projlen=35: 1717 braids
    projlen=36: 2171 braids
    projlen=37: 17141 braids
    projlen=38: 19810 braids
    projlen=39: 103536 braids
    projlen=40: 162851 braids
    projlen=41: 282993 braids
    projlen=42: 267667 braids
    projlen=43: 298478 braids
    projlen=44: 251556 braids
    projlen=45: 295542 braids
    projlen=46: 253093 braids
    projlen=47: 290450 braids
    projlen=48: 255072 braids
    projlen=49: 287503 braids
    projlen=50: 257530 braids
    projlen=51: 283903 braids
    projlen=52: 262042 braids
    projlen=53: 281936 braids
    projlen=54: 264335 braids
    projlen=55: 279825 braids
    projlen=56: 265474 braids
    projlen=57: 275922 braids
    projlen=58: 250187 braids
    projlen=59: 99834 braids
  Braids kept: 1091404 (in 31 buckets, 1.10 GB CPU)
  ⚡ Timing: matmul=0.15s, sampling=4.13s, total=5.83s
============================================================
Level 34 - SAMPLING
============================================================
  Starting braids: 991404
  Candidates to generate: 5449816
  Processing in 55 chunks...
  Projlen distribution:
    projlen=29: 3 braids
    projlen=30: 3 braids
    projlen=31: 30 braids
    projlen=32: 22 braids
    projlen=33: 219 braids
    projlen=34: 161 braids
    projlen=35: 1564 braids
    projlen=36: 1265 braids
    projlen=37: 9911 braids
    projlen=38: 11975 braids
    projlen=39: 85082 braids
    projlen=40: 89485 braids
    projlen=41: 255779 braids
    projlen=42: 261960 braids
    projlen=43: 302509 braids
    projlen=44: 258454 braids
    projlen=45: 292811 braids
    projlen=46: 255202 braids
    projlen=47: 289986 braids
    projlen=48: 255243 braids
    projlen=49: 285245 braids
    projlen=50: 258157 braids
    projlen=51: 283985 braids
    projlen=52: 259263 braids
    projlen=53: 281925 braids
    projlen=54: 265106 braids
    projlen=55: 280076 braids
    projlen=56: 265092 braids
    projlen=57: 277298 braids
    projlen=58: 264552 braids
    projlen=59: 259509 braids
    projlen=60: 97944 braids
  Braids kept: 1125153 (in 32 buckets, 1.15 GB CPU)
  ⚡ Timing: matmul=0.15s, sampling=4.36s, total=6.14s
============================================================
Level 35 - SAMPLING
============================================================
  Starting braids: 975153
  Candidates to generate: 5358111
  Processing in 54 chunks...
  Projlen distribution:
    projlen=30: 1 braids
    projlen=31: 23 braids
    projlen=32: 23 braids
    projlen=33: 179 braids
    projlen=34: 141 braids
    projlen=35: 1141 braids
    projlen=36: 918 braids
    projlen=37: 8512 braids
    projlen=38: 7113 braids
    projlen=39: 51768 braids
    projlen=40: 55487 braids
    projlen=41: 248428 braids
    projlen=42: 230671 braids
    projlen=43: 323631 braids
    projlen=44: 252263 braids
    projlen=45: 295881 braids
    projlen=46: 258055 braids
    projlen=47: 288826 braids
    projlen=48: 258020 braids
    projlen=49: 286506 braids
    projlen=50: 258448 braids
    projlen=51: 282958 braids
    projlen=52: 260816 braids
    projlen=53: 280978 braids
    projlen=54: 262217 braids
    projlen=55: 280846 braids
    projlen=56: 265859 braids
    projlen=57: 278160 braids
    projlen=58: 264077 braids
    projlen=59: 259084 braids
    projlen=60: 97081 braids
  Braids kept: 1118051 (in 31 buckets, 1.15 GB CPU)
  ⚡ Timing: matmul=0.17s, sampling=4.34s, total=6.11s
============================================================
Level 36 - SAMPLING
============================================================
  Starting braids: 968051
  Candidates to generate: 5317357
  Processing in 54 chunks...
  Projlen distribution:
    projlen=31: 7 braids
    projlen=32: 12 braids
    projlen=33: 134 braids
    projlen=34: 120 braids
    projlen=35: 1011 braids
    projlen=36: 806 braids
    projlen=37: 6136 braids
    projlen=38: 5119 braids
    projlen=39: 43976 braids
    projlen=40: 35703 braids
    projlen=41: 242340 braids
    projlen=42: 227880 braids
    projlen=43: 332870 braids
    projlen=44: 230046 braids
    projlen=45: 314657 braids
    projlen=46: 244467 braids
    projlen=47: 295351 braids
    projlen=48: 259513 braids
    projlen=49: 285336 braids
    projlen=50: 259953 braids
    projlen=51: 282924 braids
    projlen=52: 260883 braids
    projlen=53: 281393 braids
    projlen=54: 263091 braids
    projlen=55: 280027 braids
    projlen=56: 263899 braids
    projlen=57: 279680 braids
    projlen=58: 263601 braids
    projlen=59: 259341 braids
    projlen=60: 97081 braids
  Braids kept: 1093024 (in 30 buckets, 1.14 GB CPU)
  ⚡ Timing: matmul=0.14s, sampling=4.26s, total=5.98s
============================================================
Level 37 - SAMPLING
============================================================
  Starting braids: 993024
  Candidates to generate: 5435370
  Processing in 55 chunks...
  Projlen distribution:
    projlen=31: 2 braids
    projlen=32: 6 braids
    projlen=33: 67 braids
    projlen=34: 70 braids
    projlen=35: 780 braids
    projlen=36: 620 braids
    projlen=37: 5531 braids
    projlen=38: 4419 braids
    projlen=39: 32416 braids
    projlen=40: 26607 braids
    projlen=41: 212116 braids
    projlen=42: 159636 braids
    projlen=43: 308605 braids
    projlen=44: 227133 braids
    projlen=45: 322143 braids
    projlen=46: 227602 braids
    projlen=47: 310268 braids
    projlen=48: 244215 braids
    projlen=49: 291051 braids
    projlen=50: 259279 braids
    projlen=51: 282568 braids
    projlen=52: 262255 braids
    projlen=53: 281518 braids
    projlen=54: 263197 braids
    projlen=55: 279586 braids
    projlen=56: 264074 braids
    projlen=57: 278419 braids
    projlen=58: 265020 braids
    projlen=59: 275044 braids
    projlen=60: 251067 braids
    projlen=61: 100056 braids
  Braids kept: 1120518 (in 31 buckets, 1.18 GB CPU)
  ⚡ Timing: matmul=0.14s, sampling=4.39s, total=6.18s
============================================================
Level 38 - SAMPLING
============================================================
  Starting braids: 970518
  Candidates to generate: 5301366
  Processing in 54 chunks...
  Projlen distribution:
    projlen=32: 1 braids
    projlen=33: 32 braids
    projlen=34: 43 braids
    projlen=35: 478 braids
    projlen=36: 402 braids
    projlen=37: 4258 braids
    projlen=38: 3314 braids
    projlen=39: 29356 braids
    projlen=40: 22769 braids
    projlen=41: 160080 braids
    projlen=42: 119038 braids
    projlen=43: 296695 braids
    projlen=44: 201146 braids
    projlen=45: 335670 braids
    projlen=46: 220043 braids
    projlen=47: 315868 braids
    projlen=48: 231709 braids
    projlen=49: 304174 braids
    projlen=50: 246981 braids
    projlen=51: 289038 braids
    projlen=52: 260706 braids
    projlen=53: 280477 braids
    projlen=54: 265042 braids
    projlen=55: 279928 braids
    projlen=56: 264405 braids
    projlen=57: 279166 braids
    projlen=58: 264909 braids
    projlen=59: 275063 braids
    projlen=60: 250589 braids
    projlen=61: 99986 braids
  Braids kept: 1110653 (in 30 buckets, 1.18 GB CPU)
  ⚡ Timing: matmul=0.14s, sampling=4.39s, total=6.13s
============================================================
Level 39 - SAMPLING
============================================================
  Starting braids: 960653
  Candidates to generate: 5230317
  Processing in 53 chunks...
  Projlen distribution:
    projlen=33: 11 braids
    projlen=34: 20 braids
    projlen=35: 254 braids
    projlen=36: 260 braids
    projlen=37: 2824 braids
    projlen=38: 2293 braids
    projlen=39: 22548 braids
    projlen=40: 16882 braids
    projlen=41: 145181 braids
    projlen=42: 103361 braids
    projlen=43: 288143 braids
    projlen=44: 198008 braids
    projlen=45: 345203 braids
    projlen=46: 199102 braids
    projlen=47: 330445 braids
    projlen=48: 218598 braids
    projlen=49: 309984 braids
    projlen=50: 236023 braids
    projlen=51: 298269 braids
    projlen=52: 249279 braids
    projlen=53: 286355 braids
    projlen=54: 261728 braids
    projlen=55: 278714 braids
    projlen=56: 266431 braids
    projlen=57: 278707 braids
    projlen=58: 266979 braids
    projlen=59: 274252 braids
    projlen=60: 251052 braids
    projlen=61: 99411 braids
  Braids kept: 1095092 (in 29 buckets, 1.17 GB CPU)
  ⚡ Timing: matmul=0.14s, sampling=4.31s, total=6.03s
============================================================
Level 40 - SAMPLING
============================================================
  Starting braids: 995092
  Candidates to generate: 5403356
  Processing in 55 chunks...
  Projlen distribution:
    projlen=33: 6 braids
    projlen=34: 12 braids
    projlen=35: 113 braids
    projlen=36: 134 braids
    projlen=37: 1646 braids
    projlen=38: 1443 braids
    projlen=39: 15658 braids
    projlen=40: 12058 braids
    projlen=41: 110410 braids
    projlen=42: 75662 braids
    projlen=43: 277602 braids
    projlen=44: 192345 braids
    projlen=45: 347485 braids
    projlen=46: 197338 braids
    projlen=47: 337500 braids
    projlen=48: 199110 braids
    projlen=49: 324832 braids
    projlen=50: 222813 braids
    projlen=51: 306174 braids
    projlen=52: 241177 braids
    projlen=53: 293908 braids
    projlen=54: 252928 braids
    projlen=55: 285484 braids
    projlen=56: 263344 braids
    projlen=57: 277775 braids
    projlen=58: 267533 braids
    projlen=59: 276736 braids
    projlen=60: 265674 braids
    projlen=61: 258663 braids
    projlen=62: 97793 braids
  Braids kept: 1131070 (in 30 buckets, 1.23 GB CPU)
  ⚡ Timing: matmul=0.14s, sampling=4.52s, total=6.32s
============================================================
Level 41 - SAMPLING
============================================================
  Starting braids: 981070
  Candidates to generate: 5307956
  Processing in 54 chunks...
  Projlen distribution:
    projlen=34: 1 braids
    projlen=35: 75 braids
    projlen=36: 86 braids
    projlen=37: 897 braids
    projlen=38: 865 braids
    projlen=39: 9498 braids
    projlen=40: 7636 braids
    projlen=41: 78464 braids
    projlen=42: 55033 braids
    projlen=43: 266287 braids
    projlen=44: 183883 braids
    projlen=45: 353306 braids
    projlen=46: 191731 braids
    projlen=47: 340864 braids
    projlen=48: 195855 braids
    projlen=49: 330204 braids
    projlen=50: 204949 braids
    projlen=51: 318072 braids
    projlen=52: 227955 braids
    projlen=53: 301991 braids
    projlen=54: 246904 braids
    projlen=55: 290783 braids
    projlen=56: 256183 braids
    projlen=57: 283859 braids
    projlen=58: 264764 braids
    projlen=59: 277227 braids
    projlen=60: 265144 braids
    projlen=61: 257944 braids
    projlen=62: 97496 braids
  Braids kept: 1119058 (in 29 buckets, 1.22 GB CPU)
  ⚡ Timing: matmul=0.14s, sampling=4.45s, total=6.21s
============================================================
Level 42 - SAMPLING
============================================================
  Starting braids: 969058
  Candidates to generate: 5226490
  Processing in 53 chunks...
  Projlen distribution:
    projlen=35: 10 braids
    projlen=36: 17 braids
    projlen=37: 535 braids
    projlen=38: 556 braids
    projlen=39: 5755 braids
    projlen=40: 4770 braids
    projlen=41: 49201 braids
    projlen=42: 35237 braids
    projlen=43: 259523 braids
    projlen=44: 184707 braids
    projlen=45: 355493 braids
    projlen=46: 185545 braids
    projlen=47: 345950 braids
    projlen=48: 186876 braids
    projlen=49: 334588 braids
    projlen=50: 201111 braids
    projlen=51: 323433 braids
    projlen=52: 213418 braids
    projlen=53: 312599 braids
    projlen=54: 233511 braids
    projlen=55: 297354 braids
    projlen=56: 250162 braids
    projlen=57: 287289 braids
    projlen=58: 258977 braids
    projlen=59: 281362 braids
    projlen=60: 262360 braids
    projlen=61: 258779 braids
    projlen=62: 97372 braids
  Braids kept: 1096081 (in 28 buckets, 1.20 GB CPU)
  ⚡ Timing: matmul=0.13s, sampling=4.31s, total=6.04s
============================================================
Level 43 - SAMPLING
============================================================
  Starting braids: 996081
  Candidates to generate: 5366835
  Processing in 54 chunks...
  Projlen distribution:
    projlen=35: 4 braids
    projlen=36: 7 braids
    projlen=37: 109 braids
    projlen=38: 158 braids
    projlen=39: 3391 braids
    projlen=40: 3094 braids
    projlen=41: 32357 braids
    projlen=42: 23880 braids
    projlen=43: 237430 braids
    projlen=44: 155272 braids
    projlen=45: 321749 braids
    projlen=46: 185498 braids
    projlen=47: 349390 braids
    projlen=48: 179959 braids
    projlen=49: 339981 braids
    projlen=50: 190408 braids
    projlen=51: 327691 braids
    projlen=52: 208251 braids
    projlen=53: 317511 braids
    projlen=54: 222528 braids
    projlen=55: 307682 braids
    projlen=56: 239432 braids
    projlen=57: 294360 braids
    projlen=58: 253703 braids
    projlen=59: 285168 braids
    projlen=60: 260683 braids
    projlen=61: 277234 braids
    projlen=62: 249695 braids
    projlen=63: 100210 braids
  Braids kept: 1113000 (in 29 buckets, 1.24 GB CPU)
  ⚡ Timing: matmul=0.14s, sampling=4.52s, total=6.33s
============================================================
Level 44 - SAMPLING
============================================================
  Starting braids: 963000
  Candidates to generate: 5176762
  Processing in 52 chunks...
  Projlen distribution:
    projlen=34: 3 braids
    projlen=36: 6 braids
    projlen=37: 45 braids
    projlen=38: 67 braids
    projlen=39: 936 braids
    projlen=40: 1051 braids
    projlen=41: 19509 braids
    projlen=42: 15773 braids
    projlen=43: 158579 braids
    projlen=44: 104007 braids
    projlen=45: 297952 braids
    projlen=46: 181403 braids
    projlen=47: 354784 braids
    projlen=48: 180616 braids
    projlen=49: 344634 braids
    projlen=50: 182379 braids
    projlen=51: 333624 braids
    projlen=52: 197790 braids
    projlen=53: 322054 braids
    projlen=54: 216248 braids
    projlen=55: 311787 braids
    projlen=56: 229662 braids
    projlen=57: 302296 braids
    projlen=58: 243682 braids
    projlen=59: 292530 braids
    projlen=60: 256824 braids
    projlen=61: 280266 braids
    projlen=62: 247629 braids
    projlen=63: 100626 braids
  Braids kept: 1087390 (in 29 buckets, 1.23 GB CPU)
  ⚡ Timing: matmul=0.55s, sampling=4.29s, total=6.45s
============================================================
Level 45 - SAMPLING
============================================================
  Starting braids: 987390
  Candidates to generate: 5294568
  Processing in 53 chunks...
  Projlen distribution:
    projlen=34: 4 braids
    projlen=35: 6 braids
    projlen=36: 11 braids
    projlen=37: 30 braids
    projlen=38: 35 braids
    projlen=39: 429 braids
    projlen=40: 493 braids
    projlen=41: 6449 braids
    projlen=42: 5760 braids
    projlen=43: 96720 braids
    projlen=44: 68014 braids
    projlen=45: 280115 braids
    projlen=46: 179179 braids
    projlen=47: 357879 braids
    projlen=48: 176404 braids
    projlen=49: 348630 braids
    projlen=50: 178624 braids
    projlen=51: 338808 braids
    projlen=52: 188616 braids
    projlen=53: 327206 braids
    projlen=54: 205152 braids
    projlen=55: 316504 braids
    projlen=56: 223641 braids
    projlen=57: 306189 braids
    projlen=58: 237551 braids
    projlen=59: 298743 braids
    projlen=60: 248697 braids
    projlen=61: 288025 braids
    projlen=62: 256859 braids
    projlen=63: 263412 braids
    projlen=64: 96383 braids
  Braids kept: 1113217 (in 31 buckets, 1.27 GB CPU)
  ⚡ Timing: matmul=0.15s, sampling=4.70s, total=6.52s
============================================================
Level 46 - SAMPLING
============================================================
  Starting braids: 963217
  Candidates to generate: 5157279
  Processing in 52 chunks...
  Projlen distribution:
    projlen=34: 2 braids
    projlen=35: 14 braids
    projlen=36: 21 braids
    projlen=37: 69 braids
    projlen=38: 47 braids
    projlen=39: 293 braids
    projlen=40: 298 braids
    projlen=41: 3125 braids
    projlen=42: 2769 braids
    projlen=43: 35072 braids
    projlen=44: 26048 braids
    projlen=45: 258879 braids
    projlen=46: 181841 braids
    projlen=47: 359566 braids
    projlen=48: 175581 braids
    projlen=49: 353383 braids
    projlen=50: 171157 braids
    projlen=51: 344898 braids
    projlen=52: 182777 braids
    projlen=53: 332315 braids
    projlen=54: 196855 braids
    projlen=55: 323089 braids
    projlen=56: 215242 braids
    projlen=57: 311728 braids
    projlen=58: 231654 braids
    projlen=59: 300410 braids
    projlen=60: 244033 braids
    projlen=61: 293347 braids
    projlen=62: 250473 braids
    projlen=63: 267384 braids
    projlen=64: 94909 braids
  Braids kept: 1067758 (in 31 buckets, 1.23 GB CPU)
  ⚡ Timing: matmul=0.13s, sampling=4.43s, total=6.18s
============================================================
Level 47 - SAMPLING
============================================================
  Starting braids: 967758
  Candidates to generate: 5170888
  Processing in 52 chunks...
  Projlen distribution:
    projlen=35: 8 braids
    projlen=36: 15 braids
    projlen=37: 127 braids
    projlen=38: 100 braids
    projlen=39: 416 braids
    projlen=40: 291 braids
    projlen=41: 2195 braids
    projlen=42: 1909 braids
    projlen=43: 18088 braids
    projlen=44: 14037 braids
    projlen=45: 172612 braids
    projlen=46: 114727 braids
    projlen=47: 304190 braids
    projlen=48: 180245 braids
    projlen=49: 354509 braids
    projlen=50: 168147 braids
    projlen=51: 348662 braids
    projlen=52: 172083 braids
    projlen=53: 337984 braids
    projlen=54: 187666 braids
    projlen=55: 326808 braids
    projlen=56: 204992 braids
    projlen=57: 318321 braids
    projlen=58: 224345 braids
    projlen=59: 305930 braids
    projlen=60: 238114 braids
    projlen=61: 296139 braids
    projlen=62: 248163 braids
    projlen=63: 286535 braids
    projlen=64: 240708 braids
    projlen=65: 102822 braids
  Braids kept: 1087186 (in 31 buckets, 1.28 GB CPU)
  ⚡ Timing: matmul=0.22s, sampling=4.49s, total=6.99s
============================================================
Level 48 - SAMPLING
============================================================
  Starting braids: 987186
  Candidates to generate: 5267320
  Processing in 53 chunks...
  Projlen distribution:
    projlen=35: 3 braids
    projlen=36: 7 braids
    projlen=37: 66 braids
    projlen=38: 84 braids
    projlen=39: 719 braids
    projlen=40: 515 braids
    projlen=41: 2463 braids
    projlen=42: 1708 braids
    projlen=43: 13476 braids
    projlen=44: 10072 braids
    projlen=45: 90026 braids
    projlen=46: 60580 braids
    projlen=47: 276250 braids
    projlen=48: 181097 braids
    projlen=49: 359853 braids
    projlen=50: 174256 braids
    projlen=51: 349853 braids
    projlen=52: 167734 braids
    projlen=53: 343777 braids
    projlen=54: 176243 braids
    projlen=55: 333407 braids
    projlen=56: 195251 braids
    projlen=57: 321962 braids
    projlen=58: 213536 braids
    projlen=59: 312276 braids
    projlen=60: 230766 braids
    projlen=61: 300932 braids
    projlen=62: 244681 braids
    projlen=63: 291214 braids
    projlen=64: 251232 braids
    projlen=65: 268035 braids
    projlen=66: 95246 braids
  Braids kept: 1129113 (in 32 buckets, 1.34 GB CPU)
  ⚡ Timing: matmul=0.16s, sampling=4.72s, total=7.25s
============================================================
Level 49 - SAMPLING
============================================================
  Starting braids: 979113
  Candidates to generate: 5218129
  Processing in 53 chunks...
  Projlen distribution:
    projlen=36: 3 braids
    projlen=37: 25 braids
    projlen=38: 57 braids
    projlen=39: 414 braids
    projlen=40: 463 braids
    projlen=41: 3712 braids
    projlen=42: 2665 braids
    projlen=43: 13860 braids
    projlen=44: 9270 braids
    projlen=45: 70271 braids
    projlen=46: 47150 braids
    projlen=47: 266002 braids
    projlen=48: 178726 braids
    projlen=49: 360245 braids
    projlen=50: 177634 braids
    projlen=51: 355055 braids
    projlen=52: 168935 braids
    projlen=53: 346949 braids
    projlen=54: 171416 braids
    projlen=55: 339354 braids
    projlen=56: 182760 braids
    projlen=57: 330042 braids
    projlen=58: 202675 braids
    projlen=59: 316394 braids
    projlen=60: 221916 braids
    projlen=61: 306864 braids
    projlen=62: 237267 braids
    projlen=63: 296383 braids
    projlen=64: 248071 braids
    projlen=65: 269402 braids
    projlen=66: 94149 braids
  Braids kept: 1127619 (in 31 buckets, 1.35 GB CPU)
  ⚡ Timing: matmul=0.14s, sampling=4.64s, total=7.14s
============================================================
Level 50 - SAMPLING
============================================================
  Starting braids: 977619
  Candidates to generate: 5197837
  Processing in 52 chunks...
  Projlen distribution:
    projlen=37: 2 braids
    projlen=38: 25 braids
    projlen=39: 169 braids
    projlen=40: 358 braids
    projlen=41: 2332 braids
    projlen=42: 2416 braids
    projlen=43: 18925 braids
    projlen=44: 13310 braids
    projlen=45: 72329 braids
    projlen=46: 45760 braids
    projlen=47: 265741 braids
    projlen=48: 173491 braids
    projlen=49: 353031 braids
    projlen=50: 177897 braids
    projlen=51: 353759 braids
    projlen=52: 168032 braids
    projlen=53: 348860 braids
    projlen=54: 169450 braids
    projlen=55: 342483 braids
    projlen=56: 176546 braids
    projlen=57: 334871 braids
    projlen=58: 190429 braids
    projlen=59: 325426 braids
    projlen=60: 211442 braids
    projlen=61: 312254 braids
    projlen=62: 229708 braids
    projlen=63: 301529 braids
    projlen=64: 241141 braids
    projlen=65: 272849 braids
    projlen=66: 93272 braids
  Braids kept: 1133297 (in 30 buckets, 1.36 GB CPU)
  ⚡ Timing: matmul=0.16s, sampling=4.63s, total=7.12s
============================================================
Level 51 - SAMPLING
============================================================
  Starting braids: 983297
  Candidates to generate: 5209945
  Processing in 53 chunks...
  Projlen distribution:
    projlen=37: 1 braids
    projlen=38: 5 braids
    projlen=39: 34 braids
    projlen=40: 185 braids
    projlen=41: 1054 braids
    projlen=42: 1983 braids
    projlen=43: 12447 braids
    projlen=44: 12090 braids
    projlen=45: 93450 braids
    projlen=46: 63380 braids
    projlen=47: 271008 braids
    projlen=48: 169147 braids
    projlen=49: 351267 braids
    projlen=50: 175992 braids
    projlen=51: 355821 braids
    projlen=52: 168708 braids
    projlen=53: 349722 braids
    projlen=54: 167946 braids
    projlen=55: 344198 braids
    projlen=56: 173704 braids
    projlen=57: 338230 braids
    projlen=58: 183532 braids
    projlen=59: 330999 braids
    projlen=60: 198487 braids
    projlen=61: 319855 braids
    projlen=62: 219021 braids
    projlen=63: 306702 braids
    projlen=64: 234284 braids
    projlen=65: 275312 braids
    projlen=66: 91381 braids
  Braids kept: 1127799 (in 30 buckets, 1.36 GB CPU)
  ⚡ Timing: matmul=0.15s, sampling=4.77s, total=7.29s
============================================================
Level 52 - SAMPLING
============================================================
  Starting braids: 977799
  Candidates to generate: 5164793
  Processing in 52 chunks...
  Projlen distribution:
    projlen=38: 4 braids
    projlen=39: 10 braids
    projlen=40: 87 braids
    projlen=41: 330 braids
    projlen=42: 1124 braids
    projlen=43: 6205 braids
    projlen=44: 10010 braids
    projlen=45: 62402 braids
    projlen=46: 56046 braids
    projlen=47: 265815 braids
    projlen=48: 183793 braids
    projlen=49: 358067 braids
    projlen=50: 175254 braids
    projlen=51: 357187 braids
    projlen=52: 166994 braids
    projlen=53: 351149 braids
    projlen=54: 166862 braids
    projlen=55: 345085 braids
    projlen=56: 171421 braids
    projlen=57: 339307 braids
    projlen=58: 178926 braids
    projlen=59: 333997 braids
    projlen=60: 191153 braids
    projlen=61: 325701 braids
    projlen=62: 207093 braids
    projlen=63: 314833 braids
    projlen=64: 224364 braids
    projlen=65: 281262 braids
    projlen=66: 90312 braids
  Braids kept: 1117770 (in 29 buckets, 1.35 GB CPU)
  ⚡ Timing: matmul=0.17s, sampling=4.64s, total=7.17s
============================================================
Level 53 - SAMPLING
============================================================
  Starting braids: 967770
  Candidates to generate: 5117406
  Processing in 52 chunks...
  Projlen distribution:
    projlen=40: 54 braids
    projlen=41: 139 braids
    projlen=42: 637 braids
    projlen=43: 2577 braids
    projlen=44: 5968 braids
    projlen=45: 33029 braids
    projlen=46: 47236 braids
    projlen=47: 248162 braids
    projlen=48: 214461 braids
    projlen=49: 347899 braids
    projlen=50: 186138 braids
    projlen=51: 351623 braids
    projlen=52: 168159 braids
    projlen=53: 352284 braids
    projlen=54: 164179 braids
    projlen=55: 346440 braids
    projlen=56: 169013 braids
    projlen=57: 341811 braids
    projlen=58: 177614 braids
    projlen=59: 335636 braids
    projlen=60: 186620 braids
    projlen=61: 329075 braids
    projlen=62: 199964 braids
    projlen=63: 320592 braids
    projlen=64: 213106 braids
    projlen=65: 286590 braids
    projlen=66: 88400 braids
  Braids kept: 1089640 (in 27 buckets, 1.33 GB CPU)
  ⚡ Timing: matmul=0.14s, sampling=4.56s, total=7.01s
============================================================
Level 54 - SAMPLING
============================================================
  Starting braids: 989640
  Candidates to generate: 5238776
  Processing in 53 chunks...
  Projlen distribution:
    projlen=40: 7 braids
    projlen=41: 40 braids
    projlen=42: 414 braids
    projlen=43: 1254 braids
    projlen=44: 3900 braids
    projlen=45: 16003 braids
    projlen=46: 29956 braids
    projlen=47: 160197 braids
    projlen=48: 205102 braids
    projlen=49: 325967 braids
    projlen=50: 218095 braids
    projlen=51: 337989 braids
    projlen=52: 184850 braids
    projlen=53: 346120 braids
    projlen=54: 168784 braids
    projlen=55: 346453 braids
    projlen=56: 166056 braids
    projlen=57: 343337 braids
    projlen=58: 173809 braids
    projlen=59: 336915 braids
    projlen=60: 184232 braids
    projlen=61: 330574 braids
    projlen=62: 195931 braids
    projlen=63: 323192 braids
    projlen=64: 207916 braids
    projlen=65: 310325 braids
    projlen=66: 212716 braids
    projlen=67: 108642 braids
  Braids kept: 1101574 (in 28 buckets, 1.36 GB CPU)
  ⚡ Timing: matmul=0.15s, sampling=4.82s, total=7.38s
============================================================
Level 55 - SAMPLING
============================================================
  Starting braids: 951574
  Candidates to generate: 5058308
  Processing in 51 chunks...
  Projlen distribution:
    projlen=40: 3 braids
    projlen=41: 15 braids
    projlen=42: 76 braids
    projlen=43: 375 braids
    projlen=44: 2609 braids
    projlen=45: 8596 braids
    projlen=46: 21275 braids
    projlen=47: 82080 braids
    projlen=48: 130863 braids
    projlen=49: 276416 braids
    projlen=50: 252008 braids
    projlen=51: 316466 braids
    projlen=52: 220107 braids
    projlen=53: 329795 braids
    projlen=54: 192427 braids
    projlen=55: 337600 braids
    projlen=56: 173473 braids
    projlen=57: 340997 braids
    projlen=58: 170815 braids
    projlen=59: 338634 braids
    projlen=60: 179685 braids
    projlen=61: 333328 braids
    projlen=62: 192730 braids
    projlen=63: 325106 braids
    projlen=64: 205005 braids
    projlen=65: 312636 braids
    projlen=66: 206715 braids
    projlen=67: 108473 braids
  Braids kept: 1082949 (in 28 buckets, 1.35 GB CPU)
  ⚡ Timing: matmul=0.16s, sampling=4.63s, total=7.10s
============================================================
Level 56 - SAMPLING
============================================================
  Starting braids: 982949
  Candidates to generate: 5276601
  Processing in 53 chunks...
  Projlen distribution:
    projlen=41: 1 braids
    projlen=42: 52 braids
    projlen=43: 163 braids
    projlen=44: 599 braids
    projlen=45: 3026 braids
    projlen=46: 14424 braids
    projlen=47: 46597 braids
    projlen=48: 98732 braids
    projlen=49: 249148 braids
    projlen=50: 264297 braids
    projlen=51: 310175 braids
    projlen=52: 246207 braids
    projlen=53: 307736 braids
    projlen=54: 228046 braids
    projlen=55: 318703 braids
    projlen=56: 203296 braids
    projlen=57: 330356 braids
    projlen=58: 182248 braids
    projlen=59: 337075 braids
    projlen=60: 177554 braids
    projlen=61: 334453 braids
    projlen=62: 186846 braids
    projlen=63: 327914 braids
    projlen=64: 201548 braids
    projlen=65: 318674 braids
    projlen=66: 212713 braids
    projlen=67: 287855 braids
    projlen=68: 88163 braids
  Braids kept: 1114862 (in 28 buckets, 1.40 GB CPU)
  ⚡ Timing: matmul=0.16s, sampling=4.87s, total=7.47s
============================================================
Level 57 - SAMPLING
============================================================
  Starting braids: 964862
  Candidates to generate: 5220874
  Processing in 53 chunks...
  Projlen distribution:
    projlen=41: 1 braids
    projlen=42: 21 braids
    projlen=43: 74 braids
    projlen=44: 427 braids
    projlen=45: 1544 braids
    projlen=46: 4133 braids
    projlen=47: 18760 braids
    projlen=48: 70729 braids
    projlen=49: 212583 braids
    projlen=50: 272974 braids
    projlen=51: 305644 braids
    projlen=52: 257272 braids
    projlen=53: 299377 braids
    projlen=54: 246936 braids
    projlen=55: 301872 braids
    projlen=56: 236840 braids
    projlen=57: 309138 braids
    projlen=58: 215330 braids
    projlen=59: 322302 braids
    projlen=60: 192992 braids
    projlen=61: 331172 braids
    projlen=62: 186448 braids
    projlen=63: 330754 braids
    projlen=64: 196186 braids
    projlen=65: 322250 braids
    projlen=66: 209007 braids
    projlen=67: 289003 braids
    projlen=68: 87105 braids
  Braids kept: 1074960 (in 28 buckets, 1.37 GB CPU)
  ⚡ Timing: matmul=0.15s, sampling=4.86s, total=7.44s
============================================================
Level 58 - SAMPLING
============================================================
  Starting braids: 974960
  Candidates to generate: 5293026
  Processing in 53 chunks...
  Projlen distribution:
    projlen=41: 1 braids
    projlen=42: 12 braids
    projlen=43: 48 braids
    projlen=44: 198 braids
    projlen=45: 902 braids
    projlen=46: 2955 braids
    projlen=47: 10543 braids
    projlen=48: 23199 braids
    projlen=49: 91354 braids
    projlen=50: 226867 braids
    projlen=51: 299968 braids
    projlen=52: 271091 braids
    projlen=53: 291217 braids
    projlen=54: 256373 braids
    projlen=55: 295348 braids
    projlen=56: 251462 braids
    projlen=57: 294287 braids
    projlen=58: 244357 braids
    projlen=59: 301389 braids
    projlen=60: 227606 braids
    projlen=61: 314950 braids
    projlen=62: 206395 braids
    projlen=63: 324174 braids
    projlen=64: 196500 braids
    projlen=65: 325516 braids
    projlen=66: 204483 braids
    projlen=67: 313340 braids
    projlen=68: 209814 braids
    projlen=69: 108677 braids
  Braids kept: 1087858 (in 29 buckets, 1.40 GB CPU)
  ⚡ Timing: matmul=0.16s, sampling=5.02s, total=7.64s
============================================================
Level 59 - SAMPLING
============================================================
  Starting braids: 987858
  Candidates to generate: 5402836
  Processing in 55 chunks...
  Projlen distribution:
    projlen=42: 5 braids
    projlen=43: 34 braids
    projlen=44: 112 braids
    projlen=45: 564 braids
    projlen=46: 1492 braids
    projlen=47: 6695 braids
    projlen=48: 17074 braids
    projlen=49: 56211 braids
    projlen=50: 108838 braids
    projlen=51: 246134 braids
    projlen=52: 292036 braids
    projlen=53: 283490 braids
    projlen=54: 266770 braids
    projlen=55: 287908 braids
    projlen=56: 258566 braids
    projlen=57: 288585 braids
    projlen=58: 254611 braids
    projlen=59: 289052 braids
    projlen=60: 250751 braids
    projlen=61: 295144 braids
    projlen=62: 238503 braids
    projlen=63: 306121 braids
    projlen=64: 220556 braids
    projlen=65: 316147 braids
    projlen=66: 209101 braids
    projlen=67: 317632 braids
    projlen=68: 213325 braids
    projlen=69: 288925 braids
    projlen=70: 88454 braids
  Braids kept: 1125976 (in 29 buckets, 1.47 GB CPU)
  ⚡ Timing: matmul=0.19s, sampling=5.25s, total=7.94s
============================================================
Level 60 - SAMPLING
============================================================
  Starting braids: 975976
  Candidates to generate: 5371382
  Processing in 54 chunks...
  Projlen distribution:
    projlen=42: 1 braids
    projlen=43: 19 braids
    projlen=44: 71 braids
    projlen=45: 343 braids
    projlen=46: 826 braids
    projlen=47: 4002 braids
    projlen=48: 9426 braids
    projlen=49: 37474 braids
    projlen=50: 84636 braids
    projlen=51: 233729 braids
    projlen=52: 277417 braids
    projlen=53: 300480 braids
    projlen=54: 274586 braids
    projlen=55: 277585 braids
    projlen=56: 270054 braids
    projlen=57: 282606 braids
    projlen=58: 261104 braids
    projlen=59: 284996 braids
    projlen=60: 259288 braids
    projlen=61: 285738 braids
    projlen=62: 256013 braids
    projlen=63: 289084 braids
    projlen=64: 248048 braids
    projlen=65: 299563 braids
    projlen=66: 232261 braids
    projlen=67: 307808 braids
    projlen=68: 219803 braids
    projlen=69: 286432 braids
    projlen=70: 87989 braids
  Braids kept: 1102162 (in 29 buckets, 1.45 GB CPU)
  ⚡ Timing: matmul=0.16s, sampling=5.16s, total=7.78s
============================================================
Level 61 - SAMPLING
============================================================
  Starting braids: 952162
  Candidates to generate: 5248702
  Processing in 53 chunks...
  Projlen distribution:
    projlen=42: 3 braids
    projlen=43: 13 braids
    projlen=44: 45 braids
    projlen=45: 199 braids
    projlen=46: 603 braids
    projlen=47: 2388 braids
    projlen=48: 5446 braids
    projlen=49: 23288 braids
    projlen=50: 49391 braids
    projlen=51: 173063 braids
    projlen=52: 252930 braids
    projlen=53: 303361 braids
    projlen=54: 267679 braids
    projlen=55: 288551 braids
    projlen=56: 267913 braids
    projlen=57: 278318 braids
    projlen=58: 269640 braids
    projlen=59: 278544 braids
    projlen=60: 262807 braids
    projlen=61: 281109 braids
    projlen=62: 262353 braids
    projlen=63: 282665 braids
    projlen=64: 259722 braids
    projlen=65: 285195 braids
    projlen=66: 254520 braids
    projlen=67: 292349 braids
    projlen=68: 239628 braids
    projlen=69: 276386 braids
    projlen=70: 90593 braids
  Braids kept: 1081376 (in 29 buckets, 1.43 GB CPU)
  ⚡ Timing: matmul=0.15s, sampling=5.05s, total=7.65s
============================================================
Level 62 - SAMPLING
============================================================
  Starting braids: 981376
  Candidates to generate: 5407616
  Processing in 55 chunks...
  Projlen distribution:
    projlen=43: 4 braids
    projlen=44: 39 braids
    projlen=45: 128 braids
    projlen=46: 418 braids
    projlen=47: 1499 braids
    projlen=48: 4000 braids
    projlen=49: 14527 braids
    projlen=50: 30143 braids
    projlen=51: 115691 braids
    projlen=52: 218119 braids
    projlen=53: 304853 braids
    projlen=54: 273061 braids
    projlen=55: 291008 braids
    projlen=56: 262749 braids
    projlen=57: 286843 braids
    projlen=58: 266567 braids
    projlen=59: 276970 braids
    projlen=60: 269852 braids
    projlen=61: 276133 braids
    projlen=62: 265769 braids
    projlen=63: 279756 braids
    projlen=64: 263932 braids
    projlen=65: 279554 braids
    projlen=66: 262708 braids
    projlen=67: 282099 braids
    projlen=68: 258217 braids
    projlen=69: 283153 braids
    projlen=70: 237377 braids
    projlen=71: 102447 braids
  Braids kept: 1100758 (in 29 buckets, 1.48 GB CPU)
  ⚡ Timing: matmul=0.15s, sampling=5.31s, total=8.00s
============================================================
Level 63 - SAMPLING
============================================================
  Starting braids: 950758
  Candidates to generate: 5246996
  Processing in 53 chunks...
  Projlen distribution:
    projlen=44: 27 braids
    projlen=45: 57 braids
    projlen=46: 307 braids
    projlen=47: 961 braids
    projlen=48: 2747 braids
    projlen=49: 9680 braids
    projlen=50: 22565 braids
    projlen=51: 74577 braids
    projlen=52: 135588 braids
    projlen=53: 263966 braids
    projlen=54: 278378 braids
    projlen=55: 291911 braids
    projlen=56: 263918 braids
    projlen=57: 286183 braids
    projlen=58: 264336 braids
    projlen=59: 283274 braids
    projlen=60: 265558 braids
    projlen=61: 276751 braids
    projlen=62: 270849 braids
    projlen=63: 276121 braids
    projlen=64: 267746 braids
    projlen=65: 277862 braids
    projlen=66: 266503 braids
    projlen=67: 278869 braids
    projlen=68: 265289 braids
    projlen=69: 275926 braids
    projlen=70: 247192 braids
    projlen=71: 99855 braids
  Braids kept: 1086344 (in 28 buckets, 1.46 GB CPU)
  ⚡ Timing: matmul=0.15s, sampling=5.20s, total=7.81s
============================================================
Level 64 - SAMPLING
============================================================
  Starting braids: 986344
  Candidates to generate: 5444448
  Processing in 55 chunks...
  Projlen distribution:
    projlen=44: 6 braids
    projlen=45: 37 braids
    projlen=46: 224 braids
    projlen=47: 489 braids
    projlen=48: 1982 braids
    projlen=49: 6078 braids
    projlen=50: 15836 braids
    projlen=51: 51451 braids
    projlen=52: 105115 braids
    projlen=53: 244586 braids
    projlen=54: 273872 braids
    projlen=55: 299856 braids
    projlen=56: 266126 braids
    projlen=57: 285160 braids
    projlen=58: 264677 braids
    projlen=59: 282590 braids
    projlen=60: 264689 braids
    projlen=61: 280620 braids
    projlen=62: 265490 braids
    projlen=63: 276635 braids
    projlen=64: 270994 braids
    projlen=65: 275654 braids
    projlen=66: 269084 braids
    projlen=67: 276304 braids
    projlen=68: 267749 braids
    projlen=69: 276741 braids
    projlen=70: 264416 braids
    projlen=71: 260182 braids
    projlen=72: 97805 braids
  Braids kept: 1124652 (in 29 buckets, 1.53 GB CPU)
  ⚡ Timing: matmul=0.15s, sampling=5.39s, total=8.13s
============================================================
Level 65 - SAMPLING
============================================================
  Starting braids: 974652
  Candidates to generate: 5387826
  Processing in 54 chunks...
  Projlen distribution:
    projlen=45: 15 braids
    projlen=46: 90 braids
    projlen=47: 293 braids
    projlen=48: 1530 braids
    projlen=49: 3229 braids
    projlen=50: 11659 braids
    projlen=51: 33461 braids
    projlen=52: 77120 braids
    projlen=53: 227602 braids
    projlen=54: 276812 braids
    projlen=55: 301101 braids
    projlen=56: 266363 braids
    projlen=57: 290714 braids
    projlen=58: 264100 braids
    projlen=59: 284010 braids
    projlen=60: 265907 braids
    projlen=61: 279707 braids
    projlen=62: 265679 braids
    projlen=63: 278692 braids
    projlen=64: 266738 braids
    projlen=65: 277021 braids
    projlen=66: 270886 braids
    projlen=67: 275407 braids
    projlen=68: 270697 braids
    projlen=69: 275491 braids
    projlen=70: 267327 braids
    projlen=71: 258472 braids
    projlen=72: 97703 braids
  Braids kept: 1100277 (in 28 buckets, 1.51 GB CPU)
  ⚡ Timing: matmul=0.16s, sampling=5.37s, total=8.07s
============================================================
Level 66 - SAMPLING
============================================================
  Starting braids: 950277
  Candidates to generate: 5246851
  Processing in 53 chunks...
  Projlen distribution:
    projlen=45: 7 braids
    projlen=46: 27 braids
    projlen=47: 138 braids
    projlen=48: 731 braids
    projlen=49: 1976 braids
    projlen=50: 9112 braids
    projlen=51: 18868 braids
    projlen=52: 58064 braids
    projlen=53: 154536 braids
    projlen=54: 245426 braids
    projlen=55: 302001 braids
    projlen=56: 268118 braids
    projlen=57: 290425 braids
    projlen=58: 263947 braids
    projlen=59: 286752 braids
    projlen=60: 263438 braids
    projlen=61: 280583 braids
    projlen=62: 266426 braids
    projlen=63: 277863 braids
    projlen=64: 266849 braids
    projlen=65: 278222 braids
    projlen=66: 267859 braids
    projlen=67: 276280 braids
    projlen=68: 270321 braids
    projlen=69: 274731 braids
    projlen=70: 268801 braids
    projlen=71: 257173 braids
    projlen=72: 98177 braids
  Braids kept: 1080859 (in 28 buckets, 1.49 GB CPU)
  ⚡ Timing: matmul=0.16s, sampling=5.24s, total=7.86s
============================================================
Level 67 - SAMPLING
============================================================
  Starting braids: 980859
  Candidates to generate: 5408577
  Processing in 55 chunks...
  Projlen distribution:
    projlen=45: 3 braids
    projlen=46: 13 braids
    projlen=47: 58 braids
    projlen=48: 308 braids
    projlen=49: 921 braids
    projlen=50: 4848 braids
    projlen=51: 11871 braids
    projlen=52: 46659 braids
    projlen=53: 92054 braids
    projlen=54: 225455 braids
    projlen=55: 291827 braids
    projlen=56: 279625 braids
    projlen=57: 288678 braids
    projlen=58: 263715 braids
    projlen=59: 287862 braids
    projlen=60: 263267 braids
    projlen=61: 282254 braids
    projlen=62: 264320 braids
    projlen=63: 277985 braids
    projlen=64: 267957 braids
    projlen=65: 275978 braids
    projlen=66: 267454 braids
    projlen=67: 277807 braids
    projlen=68: 268319 braids
    projlen=69: 275442 braids
    projlen=70: 269753 braids
    projlen=71: 270183 braids
    projlen=72: 254745 braids
    projlen=73: 99216 braids
  Braids kept: 1114681 (in 29 buckets, 1.55 GB CPU)
  ⚡ Timing: matmul=0.22s, sampling=5.44s, total=8.26s
============================================================
Level 68 - SAMPLING
============================================================
  Starting braids: 964681
  Candidates to generate: 5318663
  Processing in 54 chunks...
  Projlen distribution:
    projlen=45: 1 braids
    projlen=46: 7 braids
    projlen=47: 41 braids
    projlen=48: 156 braids
    projlen=49: 452 braids
    projlen=50: 2246 braids
    projlen=51: 6086 braids
    projlen=52: 26636 braids
    projlen=53: 60491 braids
    projlen=54: 207884 braids
    projlen=55: 267863 braids
    projlen=56: 297055 braids
    projlen=57: 278960 braids
    projlen=58: 272806 braids
    projlen=59: 282349 braids
    projlen=60: 264495 braids
    projlen=61: 283350 braids
    projlen=62: 263544 braids
    projlen=63: 279624 braids
    projlen=64: 265443 braids
    projlen=65: 277549 braids
    projlen=66: 268572 braids
    projlen=67: 274767 braids
    projlen=68: 268742 braids
    projlen=69: 276821 braids
    projlen=70: 268772 braids
    projlen=71: 271717 braids
    projlen=72: 253267 braids
    projlen=73: 98967 braids
  Braids kept: 1085625 (in 29 buckets, 1.52 GB CPU)
  ⚡ Timing: matmul=0.14s, sampling=5.38s, total=8.07s
============================================================
Level 69 - SAMPLING
============================================================
  Starting braids: 985625
  Candidates to generate: 5431475
  Processing in 55 chunks...
  Projlen distribution:
    projlen=45: 1 braids
    projlen=46: 6 braids
    projlen=47: 22 braids
    projlen=48: 95 braids
    projlen=49: 373 braids
    projlen=50: 1178 braids
    projlen=51: 3184 braids
    projlen=52: 13748 braids
    projlen=53: 33263 braids
    projlen=54: 125225 braids
    projlen=55: 228319 braids
    projlen=56: 304733 braids
    projlen=57: 268472 braids
    projlen=58: 287137 braids
    projlen=59: 271622 braids
    projlen=60: 273931 braids
    projlen=61: 278090 braids
    projlen=62: 265100 braids
    projlen=63: 279683 braids
    projlen=64: 265130 braids
    projlen=65: 279028 braids
    projlen=66: 265963 braids
    projlen=67: 275548 braids
    projlen=68: 268545 braids
    projlen=69: 274757 braids
    projlen=70: 270602 braids
    projlen=71: 274724 braids
    projlen=72: 267112 braids
    projlen=73: 257324 braids
    projlen=74: 98560 braids
  Braids kept: 1101870 (in 30 buckets, 1.57 GB CPU)
  ⚡ Timing: matmul=0.15s, sampling=5.48s, total=8.26s
============================================================
Level 70 - SAMPLING
============================================================
  Starting braids: 951870
  Candidates to generate: 5252086
  Processing in 53 chunks...
  Projlen distribution:
    projlen=46: 4 braids
    projlen=47: 25 braids
    projlen=48: 70 braids
    projlen=49: 239 braids
    projlen=50: 712 braids
    projlen=51: 2490 braids
    projlen=52: 7553 braids
    projlen=53: 18678 braids
    projlen=54: 70241 braids
    projlen=55: 147844 braids
    projlen=56: 267676 braids
    projlen=57: 279443 braids
    projlen=58: 290004 braids
    projlen=59: 262703 braids
    projlen=60: 285289 braids
    projlen=61: 269064 braids
    projlen=62: 274715 braids
    projlen=63: 275785 braids
    projlen=64: 267060 braids
    projlen=65: 277700 braids
    projlen=66: 266879 braids
    projlen=67: 277266 braids
    projlen=68: 268773 braids
    projlen=69: 276467 braids
    projlen=70: 269372 braids
    projlen=71: 273737 braids
    projlen=72: 267833 braids
    projlen=73: 256548 braids
    projlen=74: 97916 braids
  Braids kept: 1079771 (in 29 buckets, 1.54 GB CPU)
  ⚡ Timing: matmul=0.15s, sampling=5.41s, total=8.09s
============================================================
Level 71 - SAMPLING
============================================================
  Starting braids: 979771
  Candidates to generate: 5405441
  Processing in 55 chunks...
  Projlen distribution:
    projlen=47: 10 braids
    projlen=48: 43 braids
    projlen=49: 212 braids
    projlen=50: 492 braids
    projlen=51: 1697 braids
    projlen=52: 4515 braids
    projlen=53: 14412 braids
    projlen=54: 40205 braids
    projlen=55: 88500 braids
    projlen=56: 236625 braids
    projlen=57: 279916 braids
    projlen=58: 295985 braids
    projlen=59: 268681 braids
    projlen=60: 283932 braids
    projlen=61: 265247 braids
    projlen=62: 281821 braids
    projlen=63: 266986 braids
    projlen=64: 273789 braids
    projlen=65: 274238 braids
    projlen=66: 269021 braids
    projlen=67: 276038 braids
    projlen=68: 268064 braids
    projlen=69: 276899 braids
    projlen=70: 269301 braids
    projlen=71: 275152 braids
    projlen=72: 269093 braids
    projlen=73: 270913 braids
    projlen=74: 254240 braids
    projlen=75: 99414 braids
  Braids kept: 1111586 (in 29 buckets, 1.61 GB CPU)
  ⚡ Timing: matmul=0.15s, sampling=5.62s, total=8.39s
============================================================
Level 72 - SAMPLING
============================================================
  Starting braids: 961586
  Candidates to generate: 5306864
  Processing in 54 chunks...
  Projlen distribution:
    projlen=47: 5 braids
    projlen=48: 7 braids
    projlen=49: 72 braids
    projlen=50: 315 braids
    projlen=51: 1394 braids
    projlen=52: 3136 braids
    projlen=53: 10133 braids
    projlen=54: 24840 braids
    projlen=55: 70973 braids
    projlen=56: 184061 braids
    projlen=57: 260883 braids
    projlen=58: 300956 braids
    projlen=59: 269619 braids
    projlen=60: 286728 braids
    projlen=61: 266603 braids
    projlen=62: 282297 braids
    projlen=63: 266485 braids
    projlen=64: 279477 braids
    projlen=65: 267563 braids
    projlen=66: 274086 braids
    projlen=67: 272956 braids
    projlen=68: 270651 braids
    projlen=69: 275755 braids
    projlen=70: 268990 braids
    projlen=71: 275688 braids
    projlen=72: 269029 braids
    projlen=73: 271460 braids
    projlen=74: 253884 braids
    projlen=75: 98818 braids
  Braids kept: 1089902 (in 29 buckets, 1.59 GB CPU)
  ⚡ Timing: matmul=0.16s, sampling=5.51s, total=8.24s
============================================================
Level 73 - SAMPLING
============================================================
  Starting braids: 989902
  Candidates to generate: 5458360
  Processing in 55 chunks...
  Projlen distribution:
    projlen=47: 2 braids
    projlen=48: 2 braids
    projlen=49: 47 braids
    projlen=50: 58 braids
    projlen=51: 566 braids
    projlen=52: 1978 braids
    projlen=53: 8076 braids
    projlen=54: 17657 braids
    projlen=55: 51312 braids
    projlen=56: 115687 braids
    projlen=57: 236455 braids
    projlen=58: 294056 braids
    projlen=59: 277094 braids
    projlen=60: 287805 braids
    projlen=61: 265722 braids
    projlen=62: 284800 braids
    projlen=63: 266675 braids
    projlen=64: 279222 braids
    projlen=65: 267249 braids
    projlen=66: 278211 braids
    projlen=67: 267679 braids
    projlen=68: 273954 braids
    projlen=69: 272770 braids
    projlen=70: 271031 braids
    projlen=71: 275214 braids
    projlen=72: 269450 braids
    projlen=73: 274176 braids
    projlen=74: 266520 braids
    projlen=75: 256684 braids
    projlen=76: 98208 braids
  Braids kept: 1128386 (in 30 buckets, 1.66 GB CPU)
  ⚡ Timing: matmul=0.16s, sampling=5.71s, total=8.56s
============================================================
Level 74 - SAMPLING
============================================================
  Starting braids: 978386
  Candidates to generate: 5385824
  Processing in 54 chunks...
  Projlen distribution:
    projlen=48: 2 braids
    projlen=49: 14 braids
    projlen=50: 32 braids
    projlen=51: 369 braids
    projlen=52: 553 braids
    projlen=53: 3902 braids
    projlen=54: 11358 braids
    projlen=55: 41573 braids
    projlen=56: 85988 braids
    projlen=57: 224270 braids
    projlen=58: 281736 braids
    projlen=59: 290120 braids
    projlen=60: 279692 braids
    projlen=61: 270595 braids
    projlen=62: 282737 braids
    projlen=63: 264900 braids
    projlen=64: 279871 braids
    projlen=65: 266328 braids
    projlen=66: 277510 braids
    projlen=67: 268298 braids
    projlen=68: 276385 braids
    projlen=69: 267927 braids
    projlen=70: 274425 braids
    projlen=71: 271163 braids
    projlen=72: 271115 braids
    projlen=73: 272899 braids
    projlen=74: 267941 braids
    projlen=75: 256250 braids
    projlen=76: 97871 braids
  Braids kept: 1107803 (in 29 buckets, 1.64 GB CPU)
  ⚡ Timing: matmul=0.16s, sampling=5.61s, total=8.41s
============================================================
Level 75 - SAMPLING
============================================================
  Starting braids: 957803
  Candidates to generate: 5276739
  Processing in 53 chunks...
  Projlen distribution:
    projlen=49: 7 braids
    projlen=50: 17 braids
    projlen=51: 135 braids
    projlen=52: 262 braids
    projlen=53: 2512 braids
    projlen=54: 3853 braids
    projlen=55: 22675 braids
    projlen=56: 56701 braids
    projlen=57: 185826 braids
    projlen=58: 257171 braids
    projlen=59: 297444 braids
    projlen=60: 273670 braids
    projlen=61: 281148 braids
    projlen=62: 273030 braids
    projlen=63: 272165 braids
    projlen=64: 279190 braids
    projlen=65: 265545 braids
    projlen=66: 278323 braids
    projlen=67: 267864 braids
    projlen=68: 276755 braids
    projlen=69: 269162 braids
    projlen=70: 275904 braids
    projlen=71: 269527 braids
    projlen=72: 274344 braids
    projlen=73: 270771 braids
    projlen=74: 268997 braids
    projlen=75: 255582 braids
    projlen=76: 98159 braids
  Braids kept: 1079461 (in 28 buckets, 1.60 GB CPU)
  ⚡ Timing: matmul=0.16s, sampling=5.51s, total=8.25s
============================================================
Level 76 - SAMPLING
============================================================
  Starting braids: 979461
  Candidates to generate: 5400217
  Processing in 55 chunks...
  Projlen distribution:
    projlen=49: 3 braids
    projlen=50: 9 braids
    projlen=51: 86 braids
    projlen=52: 150 braids
    projlen=53: 969 braids
    projlen=54: 1906 braids
    projlen=55: 14562 braids
    projlen=56: 21261 braids
    projlen=57: 109831 braids
    projlen=58: 221048 braids
    projlen=59: 301910 braids
    projlen=60: 271349 braids
    projlen=61: 287982 braids
    projlen=62: 268395 braids
    projlen=63: 280913 braids
    projlen=64: 271326 braids
    projlen=65: 272424 braids
    projlen=66: 276188 braids
    projlen=67: 267839 braids
    projlen=68: 277959 braids
    projlen=69: 268932 braids
    projlen=70: 275689 braids
    projlen=71: 268395 braids
    projlen=72: 274768 braids
    projlen=73: 269516 braids
    projlen=74: 273118 braids
    projlen=75: 268831 braids
    projlen=76: 255692 braids
    projlen=77: 99166 braids
  Braids kept: 1088946 (in 29 buckets, 1.64 GB CPU)
  ⚡ Timing: matmul=0.17s, sampling=5.65s, total=8.50s
============================================================
Level 77 - SAMPLING
============================================================
  Starting braids: 988946
  Candidates to generate: 5443600
  Processing in 55 chunks...
  Projlen distribution:
    projlen=50: 1 braids
    projlen=51: 37 braids
    projlen=52: 80 braids
    projlen=53: 673 braids
    projlen=54: 1086 braids
    projlen=55: 6270 braids
    projlen=56: 11196 braids
    projlen=57: 72050 braids
    projlen=58: 95190 braids
    projlen=59: 250976 braids
    projlen=60: 278726 braids
    projlen=61: 288851 braids
    projlen=62: 265746 braids
    projlen=63: 284251 braids
    projlen=64: 266677 braids
    projlen=65: 279544 braids
    projlen=66: 270201 braids
    projlen=67: 273099 braids
    projlen=68: 274513 braids
    projlen=69: 268991 braids
    projlen=70: 276387 braids
    projlen=71: 269774 braids
    projlen=72: 274859 braids
    projlen=73: 269258 braids
    projlen=74: 274572 braids
    projlen=75: 268202 braids
    projlen=76: 269536 braids
    projlen=77: 253980 braids
    projlen=78: 98874 braids
  Braids kept: 1119343 (in 29 buckets, 1.71 GB CPU)
  ⚡ Timing: matmul=0.22s, sampling=5.86s, total=8.80s
============================================================
Level 78 - SAMPLING
============================================================
  Starting braids: 969343
  Candidates to generate: 5341455
  Processing in 54 chunks...
  Projlen distribution:
    projlen=50: 1 braids
    projlen=51: 2 braids
    projlen=52: 26 braids
    projlen=53: 359 braids
    projlen=54: 606 braids
    projlen=55: 4485 braids
    projlen=56: 6592 braids
    projlen=57: 33444 braids
    projlen=58: 52138 braids
    projlen=59: 237322 braids
    projlen=60: 248589 braids
    projlen=61: 314024 braids
    projlen=62: 265245 braids
    projlen=63: 285751 braids
    projlen=64: 267634 braids
    projlen=65: 279872 braids
    projlen=66: 266785 braids
    projlen=67: 277197 braids
    projlen=68: 269073 braids
    projlen=69: 273819 braids
    projlen=70: 273931 braids
    projlen=71: 270060 braids
    projlen=72: 276282 braids
    projlen=73: 271540 braids
    projlen=74: 274384 braids
    projlen=75: 268923 braids
    projlen=76: 271707 braids
    projlen=77: 253049 braids
    projlen=78: 98615 braids
  Braids kept: 1095515 (in 29 buckets, 1.68 GB CPU)
  ⚡ Timing: matmul=0.15s, sampling=5.76s, total=8.58s
============================================================
Level 79 - SAMPLING
============================================================
  Starting braids: 995515
  Candidates to generate: 5476973
  Processing in 55 chunks...
  Projlen distribution:
    projlen=51: 4 braids
    projlen=52: 13 braids
    projlen=53: 116 braids
    projlen=54: 234 braids
    projlen=55: 2678 braids
    projlen=56: 3791 braids
    projlen=57: 25252 braids
    projlen=58: 33964 braids
    projlen=59: 162448 braids
    projlen=60: 219952 braids
    projlen=61: 321477 braids
    projlen=62: 244970 braids
    projlen=63: 304671 braids
    projlen=64: 256309 braids
    projlen=65: 285279 braids
    projlen=66: 267238 braids
    projlen=67: 277208 braids
    projlen=68: 268191 braids
    projlen=69: 275557 braids
    projlen=70: 268581 braids
    projlen=71: 274306 braids
    projlen=72: 273734 braids
    projlen=73: 271205 braids
    projlen=74: 274687 braids
    projlen=75: 271705 braids
    projlen=76: 272288 braids
    projlen=77: 267548 braids
    projlen=78: 255700 braids
    projlen=79: 97867 braids
  Braids kept: 1116052 (in 29 buckets, 1.73 GB CPU)
  ⚡ Timing: matmul=0.16s, sampling=5.90s, total=8.79s
============================================================
Level 80 - SAMPLING
============================================================
  Starting braids: 966052
  Candidates to generate: 5313452
  Processing in 54 chunks...
  Projlen distribution:
    projlen=51: 3 braids
    projlen=52: 8 braids
    projlen=53: 83 braids
    projlen=54: 168 braids
    projlen=55: 1128 braids
    projlen=56: 1767 braids
    projlen=57: 15915 braids
    projlen=58: 20198 braids
    projlen=59: 124046 braids
    projlen=60: 149070 braids
    projlen=61: 284972 braids
    projlen=62: 256792 braids
    projlen=63: 306738 braids
    projlen=64: 242111 braids
    projlen=65: 300902 braids
    projlen=66: 254639 braids
    projlen=67: 282967 braids
    projlen=68: 266863 braids
    projlen=69: 276094 braids
    projlen=70: 269708 braids
    projlen=71: 275056 braids
    projlen=72: 270451 braids
    projlen=73: 273931 braids
    projlen=74: 272380 braids
    projlen=75: 270936 braids
    projlen=76: 273767 braids
    projlen=77: 268965 braids
    projlen=78: 255505 braids
    projlen=79: 98289 braids
  Braids kept: 1089270 (in 29 buckets, 1.70 GB CPU)
  ⚡ Timing: matmul=0.18s, sampling=5.82s, total=8.70s
============================================================
Level 81 - SAMPLING
============================================================
  Starting braids: 989270
  Candidates to generate: 5432652
  Processing in 55 chunks...
  Projlen distribution:
    projlen=52: 8 braids
    projlen=53: 49 braids
    projlen=54: 97 braids
    projlen=55: 734 braids
    projlen=56: 1263 braids
    projlen=57: 7888 braids
    projlen=58: 10521 braids
    projlen=59: 79606 braids
    projlen=60: 88866 braids
    projlen=61: 261528 braids
    projlen=62: 244517 braids
    projlen=63: 313710 braids
    projlen=64: 249331 braids
    projlen=65: 299607 braids
    projlen=66: 246628 braids
    projlen=67: 294991 braids
    projlen=68: 255060 braids
    projlen=69: 282967 braids
    projlen=70: 266720 braids
    projlen=71: 275226 braids
    projlen=72: 269731 braids
    projlen=73: 273817 braids
    projlen=74: 270836 braids
    projlen=75: 273929 braids
    projlen=76: 271841 braids
    projlen=77: 270022 braids
    projlen=78: 270044 braids
    projlen=79: 254011 braids
    projlen=80: 99104 braids
  Braids kept: 1120560 (in 29 buckets, 1.76 GB CPU)
  ⚡ Timing: matmul=0.15s, sampling=6.03s, total=8.93s
============================================================
Level 82 - SAMPLING
============================================================
  Starting braids: 970560
  Candidates to generate: 5329902
  Processing in 54 chunks...
  Projlen distribution:
    projlen=51: 1 braids
    projlen=52: 3 braids
    projlen=53: 23 braids
    projlen=54: 84 braids
    projlen=55: 413 braids
    projlen=56: 774 braids
    projlen=57: 5001 braids
    projlen=58: 7520 braids
    projlen=59: 43488 braids
    projlen=60: 49873 braids
    projlen=61: 244283 braids
    projlen=62: 232873 braids
    projlen=63: 324956 braids
    projlen=64: 240672 braids
    projlen=65: 307013 braids
    projlen=66: 247101 braids
    projlen=67: 294932 braids
    projlen=68: 250969 braids
    projlen=69: 290056 braids
    projlen=70: 256267 braids
    projlen=71: 281577 braids
    projlen=72: 266351 braids
    projlen=73: 275948 braids
    projlen=74: 270619 braids
    projlen=75: 274106 braids
    projlen=76: 271203 braids
    projlen=77: 272601 braids
    projlen=78: 268920 braids
    projlen=79: 254298 braids
    projlen=80: 97977 braids
  Braids kept: 1107180 (in 30 buckets, 1.75 GB CPU)
  ⚡ Timing: matmul=0.15s, sampling=5.86s, total=8.72s
============================================================
Level 83 - SAMPLING
============================================================
  Starting braids: 957180
  Candidates to generate: 5262612
  Processing in 53 chunks...
  Projlen distribution:
    projlen=50: 1 braids
    projlen=51: 2 braids
    projlen=52: 4 braids
    projlen=53: 4 braids
    projlen=54: 32 braids
    projlen=55: 212 braids
    projlen=56: 651 braids
    projlen=57: 2833 braids
    projlen=58: 5025 braids
    projlen=59: 28796 braids
    projlen=60: 39160 braids
    projlen=61: 214134 braids
    projlen=62: 220991 braids
    projlen=63: 330634 braids
    projlen=64: 232291 braids
    projlen=65: 315853 braids
    projlen=66: 237061 braids
    projlen=67: 301862 braids
    projlen=68: 250048 braids
    projlen=69: 289875 braids
    projlen=70: 255438 braids
    projlen=71: 286515 braids
    projlen=72: 258689 braids
    projlen=73: 281502 braids
    projlen=74: 268022 braids
    projlen=75: 275813 braids
    projlen=76: 271781 braids
    projlen=77: 273595 braids
    projlen=78: 268370 braids
    projlen=79: 255111 braids
    projlen=80: 98307 braids
  Braids kept: 1076720 (in 31 buckets, 1.71 GB CPU)
  ⚡ Timing: matmul=0.17s, sampling=5.70s, total=8.53s
============================================================
Level 84 - SAMPLING
============================================================
  Starting braids: 976720
  Candidates to generate: 5364310
  Processing in 54 chunks...
  Projlen distribution:
    projlen=51: 3 braids
    projlen=52: 4 braids
    projlen=53: 22 braids
    projlen=54: 19 braids
    projlen=55: 59 braids
    projlen=56: 251 braids
    projlen=57: 1563 braids
    projlen=58: 3987 braids
    projlen=59: 17186 braids
    projlen=60: 27426 braids
    projlen=61: 143391 braids
    projlen=62: 170462 braids
    projlen=63: 304766 braids
    projlen=64: 236867 braids
    projlen=65: 319765 braids
    projlen=66: 228600 braids
    projlen=67: 311339 braids
    projlen=68: 240552 braids
    projlen=69: 296681 braids
    projlen=70: 251564 braids
    projlen=71: 286037 braids
    projlen=72: 259292 braids
    projlen=73: 284293 braids
    projlen=74: 262250 braids
    projlen=75: 280292 braids
    projlen=76: 267547 braids
    projlen=77: 275423 braids
    projlen=78: 270610 braids
    projlen=79: 270700 braids
    projlen=80: 254333 braids
    projlen=81: 99026 braids
  Braids kept: 1100520 (in 31 buckets, 1.77 GB CPU)
  ⚡ Timing: matmul=0.17s, sampling=5.89s, total=8.79s
============================================================
Level 85 - SAMPLING
============================================================
  Starting braids: 950520
  Candidates to generate: 5221504
  Processing in 53 chunks...
  Projlen distribution:
    projlen=53: 25 braids
    projlen=54: 19 braids
    projlen=55: 133 braids
    projlen=56: 135 braids
    projlen=57: 611 braids
    projlen=58: 1734 braids
    projlen=59: 9843 braids
    projlen=60: 21317 braids
    projlen=61: 87333 braids
    projlen=62: 122144 braids
    projlen=63: 274118 braids
    projlen=64: 245198 braids
    projlen=65: 317525 braids
    projlen=66: 232005 braids
    projlen=67: 312549 braids
    projlen=68: 233175 braids
    projlen=69: 304454 braids
    projlen=70: 244406 braids
    projlen=71: 292964 braids
    projlen=72: 255639 braids
    projlen=73: 284769 braids
    projlen=74: 262942 braids
    projlen=75: 281491 braids
    projlen=76: 264244 braids
    projlen=77: 279240 braids
    projlen=78: 267961 braids
    projlen=79: 272325 braids
    projlen=80: 254341 braids
    projlen=81: 98864 braids
  Braids kept: 1083817 (in 29 buckets, 1.75 GB CPU)
  ⚡ Timing: matmul=0.14s, sampling=5.81s, total=8.64s
============================================================
Level 86 - SAMPLING
============================================================
  Starting braids: 983817
  Candidates to generate: 5408967
  Processing in 55 chunks...
  Projlen distribution:
    projlen=54: 5 braids
    projlen=55: 131 braids
    projlen=56: 117 braids
    projlen=57: 820 braids
    projlen=58: 977 braids
    projlen=59: 4543 braids
    projlen=60: 10319 braids
    projlen=61: 51211 braids
    projlen=62: 95549 braids
    projlen=63: 252444 braids
    projlen=64: 257216 braids
    projlen=65: 315297 braids
    projlen=66: 242552 braids
    projlen=67: 309697 braids
    projlen=68: 236466 braids
    projlen=69: 305372 braids
    projlen=70: 238971 braids
    projlen=71: 299009 braids
    projlen=72: 248838 braids
    projlen=73: 289744 braids
    projlen=74: 258935 braids
    projlen=75: 282073 braids
    projlen=76: 264704 braids
    projlen=77: 279474 braids
    projlen=78: 266161 braids
    projlen=79: 276281 braids
    projlen=80: 265881 braids
    projlen=81: 257459 braids
    projlen=82: 98721 braids
  Braids kept: 1116912 (in 29 buckets, 1.82 GB CPU)
  ⚡ Timing: matmul=0.18s, sampling=6.16s, total=9.15s
============================================================
Level 87 - SAMPLING
============================================================
  Starting braids: 966912
  Candidates to generate: 5321400
  Processing in 54 chunks...
  Projlen distribution:
    projlen=54: 1 braids
    projlen=55: 20 braids
    projlen=56: 33 braids
    projlen=57: 736 braids
    projlen=58: 717 braids
    projlen=59: 4809 braids
    projlen=60: 5981 braids
    projlen=61: 26756 braids
    projlen=62: 51667 braids
    projlen=63: 226000 braids
    projlen=64: 267753 braids
    projlen=65: 309620 braids
    projlen=66: 252593 braids
    projlen=67: 304151 braids
    projlen=68: 242694 braids
    projlen=69: 304080 braids
    projlen=70: 242034 braids
    projlen=71: 299477 braids
    projlen=72: 245431 braids
    projlen=73: 293703 braids
    projlen=74: 251787 braids
    projlen=75: 286179 braids
    projlen=76: 260933 braids
    projlen=77: 279688 braids
    projlen=78: 266799 braids
    projlen=79: 277319 braids
    projlen=80: 264295 braids
    projlen=81: 258474 braids
    projlen=82: 97670 braids
  Braids kept: 1089053 (in 29 buckets, 1.79 GB CPU)
  ⚡ Timing: matmul=0.15s, sampling=6.06s, total=8.98s
============================================================
Level 88 - SAMPLING
============================================================
  Starting braids: 989053
  Candidates to generate: 5440349
  Processing in 55 chunks...
  Projlen distribution:
    projlen=54: 2 braids
    projlen=55: 11 braids
    projlen=56: 19 braids
    projlen=57: 205 braids
    projlen=58: 266 braids
    projlen=59: 4159 braids
    projlen=60: 4083 braids
    projlen=61: 26297 braids
    projlen=62: 31745 braids
    projlen=63: 133671 braids
    projlen=64: 219195 braids
    projlen=65: 315345 braids
    projlen=66: 260121 braids
    projlen=67: 297873 braids
    projlen=68: 250760 braids
    projlen=69: 298464 braids
    projlen=70: 247358 braids
    projlen=71: 296735 braids
    projlen=72: 247084 braids
    projlen=73: 294541 braids
    projlen=74: 251269 braids
    projlen=75: 289553 braids
    projlen=76: 255938 braids
    projlen=77: 284174 braids
    projlen=78: 262260 braids
    projlen=79: 277845 braids
    projlen=80: 266852 braids
    projlen=81: 272867 braids
    projlen=82: 252312 braids
    projlen=83: 99345 braids
  Braids kept: 1116787 (in 30 buckets, 1.85 GB CPU)
  ⚡ Timing: matmul=0.16s, sampling=6.15s, total=9.15s
============================================================
Level 89 - SAMPLING
============================================================
  Starting braids: 966787
  Candidates to generate: 5316285
  Processing in 54 chunks...
  Projlen distribution:
    projlen=54: 1 braids
    projlen=55: 10 braids
    projlen=56: 16 braids
    projlen=57: 106 braids
    projlen=58: 133 braids
    projlen=59: 1548 braids
    projlen=60: 1802 braids
    projlen=61: 22432 braids
    projlen=62: 21670 braids
    projlen=63: 129008 braids
    projlen=64: 142268 braids
    projlen=65: 276186 braids
    projlen=66: 268522 braids
    projlen=67: 299329 braids
    projlen=68: 253718 braids
    projlen=69: 295410 braids
    projlen=70: 254219 braids
    projlen=71: 292656 braids
    projlen=72: 251817 braids
    projlen=73: 291312 braids
    projlen=74: 252476 braids
    projlen=75: 289978 braids
    projlen=76: 255733 braids
    projlen=77: 285544 braids
    projlen=78: 259434 braids
    projlen=79: 281584 braids
    projlen=80: 263695 braids
    projlen=81: 275296 braids
    projlen=82: 251089 braids
    projlen=83: 99293 braids
  Braids kept: 1097718 (in 30 buckets, 1.83 GB CPU)
  ⚡ Timing: matmul=0.15s, sampling=6.00s, total=8.92s
============================================================
Level 90 - SAMPLING
============================================================
  Starting braids: 997718
  Candidates to generate: 5479776
  Processing in 55 chunks...
  Projlen distribution:
    projlen=54: 1 braids
    projlen=55: 10 braids
    projlen=56: 14 braids
    projlen=57: 80 braids
    projlen=58: 111 braids
    projlen=59: 801 braids
    projlen=60: 896 braids
    projlen=61: 9758 braids
    projlen=62: 10363 braids
    projlen=63: 108683 braids
    projlen=64: 96314 braids
    projlen=65: 267893 braids
    projlen=66: 238295 braids
    projlen=67: 311688 braids
    projlen=68: 255451 braids
    projlen=69: 292703 braids
    projlen=70: 256235 braids
    projlen=71: 290107 braids
    projlen=72: 256193 braids
    projlen=73: 288233 braids
    projlen=74: 255980 braids
    projlen=75: 287788 braids
    projlen=76: 257321 braids
    projlen=77: 287274 braids
    projlen=78: 259405 braids
    projlen=79: 284922 braids
    projlen=80: 262381 braids
    projlen=81: 279602 braids
    projlen=82: 263093 braids
    projlen=83: 260126 braids
    projlen=84: 98055 braids
  Braids kept: 1122034 (in 31 buckets, 1.89 GB CPU)
  ⚡ Timing: matmul=0.23s, sampling=6.33s, total=9.44s
============================================================
Level 91 - SAMPLING
============================================================
  Starting braids: 972034
  Candidates to generate: 5324712
  Processing in 54 chunks...
  Projlen distribution:
    projlen=55: 6 braids
    projlen=56: 12 braids
    projlen=57: 85 braids
    projlen=58: 76 braids
    projlen=59: 533 braids
    projlen=60: 746 braids
    projlen=61: 5191 braids
    projlen=62: 5416 braids
    projlen=63: 50295 braids
    projlen=64: 46755 braids
    projlen=65: 251563 braids
    projlen=66: 213017 braids
    projlen=67: 331259 braids
    projlen=68: 233710 braids
    projlen=69: 305192 braids
    projlen=70: 251080 braids
    projlen=71: 289975 braids
    projlen=72: 258893 braids
    projlen=73: 285773 braids
    projlen=74: 258428 braids
    projlen=75: 284964 braids
    projlen=76: 259911 braids
    projlen=77: 285246 braids
    projlen=78: 260715 braids
    projlen=79: 283277 braids
    projlen=80: 261924 braids
    projlen=81: 281647 braids
    projlen=82: 261349 braids
    projlen=83: 260799 braids
    projlen=84: 96875 braids
  Braids kept: 1108820 (in 30 buckets, 1.87 GB CPU)
  ⚡ Timing: matmul=0.15s, sampling=6.11s, total=9.05s
============================================================
Level 92 - SAMPLING
============================================================
  Starting braids: 958820
  Candidates to generate: 5251122
  Processing in 53 chunks...
  Projlen distribution:
    projlen=55: 3 braids
    projlen=56: 7 braids
    projlen=57: 50 braids
    projlen=58: 88 braids
    projlen=59: 483 braids
    projlen=60: 462 braids
    projlen=61: 3312 braids
    projlen=62: 4527 braids
    projlen=63: 28909 braids
    projlen=64: 28307 braids
    projlen=65: 240430 braids
    projlen=66: 205931 braids
    projlen=67: 333496 braids
    projlen=68: 215466 braids
    projlen=69: 324952 braids
    projlen=70: 230182 braids
    projlen=71: 303574 braids
    projlen=72: 251180 braids
    projlen=73: 286698 braids
    projlen=74: 260876 braids
    projlen=75: 282845 braids
    projlen=76: 261980 braids
    projlen=77: 281810 braids
    projlen=78: 261353 braids
    projlen=79: 281680 braids
    projlen=80: 263562 braids
    projlen=81: 280432 braids
    projlen=82: 260815 braids
    projlen=83: 261041 braids
    projlen=84: 96671 braids
  Braids kept: 1066148 (in 30 buckets, 1.81 GB CPU)
  ⚡ Timing: matmul=0.15s, sampling=5.88s, total=8.81s
============================================================
Level 93 - SAMPLING
============================================================
  Starting braids: 966148
  Candidates to generate: 5277444
  Processing in 53 chunks...
  Projlen distribution:
    projlen=57: 39 braids
    projlen=58: 42 braids
    projlen=59: 356 braids
    projlen=60: 462 braids
    projlen=61: 2700 braids
    projlen=62: 2713 braids
    projlen=63: 19002 braids
    projlen=64: 23924 braids
    projlen=65: 141947 braids
    projlen=66: 123911 braids
    projlen=67: 291783 braids
    projlen=68: 214617 braids
    projlen=69: 331495 braids
    projlen=70: 212382 braids
    projlen=71: 319404 braids
    projlen=72: 233358 braids
    projlen=73: 300906 braids
    projlen=74: 253294 braids
    projlen=75: 283961 braids
    projlen=76: 261990 braids
    projlen=77: 281008 braids
    projlen=78: 264727 braids
    projlen=79: 279323 braids
    projlen=80: 264562 braids
    projlen=81: 279445 braids
    projlen=82: 263940 braids
    projlen=83: 275777 braids
    projlen=84: 249939 braids
    projlen=85: 100437 braids
  Braids kept: 1099238 (in 29 buckets, 1.89 GB CPU)
  ⚡ Timing: matmul=0.16s, sampling=6.08s, total=8.99s
============================================================
Level 94 - SAMPLING
============================================================
  Starting braids: 999238
  Candidates to generate: 5454916
  Processing in 55 chunks...
  Projlen distribution:
    projlen=57: 11 braids
    projlen=58: 26 braids
    projlen=59: 252 braids
    projlen=60: 278 braids
    projlen=61: 2204 braids
    projlen=62: 2547 braids
    projlen=63: 14792 braids
    projlen=64: 14575 braids
    projlen=65: 95772 braids
    projlen=66: 105192 braids
    projlen=67: 278524 braids
    projlen=68: 216433 braids
    projlen=69: 335827 braids
    projlen=70: 212711 braids
    projlen=71: 325833 braids
    projlen=72: 216990 braids
    projlen=73: 312073 braids
    projlen=74: 236537 braids
    projlen=75: 295769 braids
    projlen=76: 255331 braids
    projlen=77: 283261 braids
    projlen=78: 264037 braids
    projlen=79: 279137 braids
    projlen=80: 265664 braids
    projlen=81: 277656 braids
    projlen=82: 266791 braids
    projlen=83: 277084 braids
    projlen=84: 263270 braids
    projlen=85: 258915 braids
    projlen=86: 97424 braids
  Braids kept: 1134685 (in 30 buckets, 1.97 GB CPU)
  ⚡ Timing: matmul=0.17s, sampling=6.40s, total=9.47s
============================================================
Level 95 - SAMPLING
============================================================
  Starting braids: 984685
  Candidates to generate: 5372041
  Processing in 54 chunks...
  Projlen distribution:
    projlen=57: 7 braids
    projlen=58: 6 braids
    projlen=59: 93 braids
    projlen=60: 195 braids
    projlen=61: 1560 braids
    projlen=62: 1642 braids
    projlen=63: 12590 braids
    projlen=64: 13051 braids
    projlen=65: 74390 braids
    projlen=66: 66763 braids
    projlen=67: 255819 braids
    projlen=68: 232756 braids
    projlen=69: 330864 braids
    projlen=70: 217856 braids
    projlen=71: 326451 braids
    projlen=72: 213352 braids
    projlen=73: 319036 braids
    projlen=74: 223196 braids
    projlen=75: 305508 braids
    projlen=76: 240803 braids
    projlen=77: 292151 braids
    projlen=78: 256442 braids
    projlen=79: 281535 braids
    projlen=80: 265504 braids
    projlen=81: 277892 braids
    projlen=82: 266878 braids
    projlen=83: 276171 braids
    projlen=84: 263833 braids
    projlen=85: 258315 braids
    projlen=86: 97382 braids
  Braids kept: 1129144 (in 30 buckets, 1.96 GB CPU)
  ⚡ Timing: matmul=0.18s, sampling=6.36s, total=9.41s
============================================================
Level 96 - SAMPLING
============================================================
  Starting braids: 979144
  Candidates to generate: 5341846
  Processing in 54 chunks...
  Projlen distribution:
    projlen=56: 1 braids
    projlen=57: 3 braids
    projlen=58: 5 braids
    projlen=59: 53 braids
    projlen=60: 68 braids
    projlen=61: 709 braids
    projlen=62: 1140 braids
    projlen=63: 8916 braids
    projlen=64: 8874 braids
    projlen=65: 65014 braids
    projlen=66: 61058 braids
    projlen=67: 254921 braids
    projlen=68: 214791 braids
    projlen=69: 333728 braids
    projlen=70: 230279 braids
    projlen=71: 320201 braids
    projlen=72: 219894 braids
    projlen=73: 318615 braids
    projlen=74: 220226 braids
    projlen=75: 311424 braids
    projlen=76: 230856 braids
    projlen=77: 300538 braids
    projlen=78: 245648 braids
    projlen=79: 289505 braids
    projlen=80: 259410 braids
    projlen=81: 281114 braids
    projlen=82: 266905 braids
    projlen=83: 276364 braids
    projlen=84: 266146 braids
    projlen=85: 257884 braids
    projlen=86: 97556 braids
  Braids kept: 1119769 (in 31 buckets, 1.95 GB CPU)
  ⚡ Timing: matmul=0.15s, sampling=6.33s, total=9.33s
============================================================
Level 97 - SAMPLING
============================================================
  Starting braids: 969769
  Candidates to generate: 5292203
  Processing in 53 chunks...
  Projlen distribution:
    projlen=56: 2 braids
    projlen=57: 4 braids
    projlen=58: 6 braids
    projlen=59: 26 braids
    projlen=60: 39 braids
    projlen=61: 397 braids
    projlen=62: 509 braids
    projlen=63: 4564 braids
    projlen=64: 6254 braids
    projlen=65: 46548 braids
    projlen=66: 42831 braids
    projlen=67: 249523 braids
    projlen=68: 217056 braids
    projlen=69: 337779 braids
    projlen=70: 218199 braids
    projlen=71: 324665 braids
    projlen=72: 224808 braids
    projlen=73: 314195 braids
    projlen=74: 227711 braids
    projlen=75: 310631 braids
    projlen=76: 228849 braids
    projlen=77: 305829 braids
    projlen=78: 237460 braids
    projlen=79: 296881 braids
    projlen=80: 249650 braids
    projlen=81: 287301 braids
    projlen=82: 261666 braids
    projlen=83: 279163 braids
    projlen=84: 264653 braids
    projlen=85: 257455 braids
    projlen=86: 97549 braids
  Braids kept: 1101180 (in 31 buckets, 1.93 GB CPU)
  ⚡ Timing: matmul=0.17s, sampling=6.15s, total=9.12s
============================================================
Level 98 - SAMPLING
============================================================
  Starting braids: 951180
  Candidates to generate: 5191378
  Processing in 52 chunks...
  Projlen distribution:
    projlen=57: 8 braids
    projlen=58: 8 braids
    projlen=59: 30 braids
    projlen=60: 26 braids
    projlen=61: 222 braids
    projlen=62: 294 braids
    projlen=63: 2638 braids
    projlen=64: 3091 braids
    projlen=65: 26342 braids
    projlen=66: 31378 braids
    projlen=67: 224843 braids
    projlen=68: 189393 braids
    projlen=69: 326157 braids
    projlen=70: 219455 braids
    projlen=71: 328929 braids
    projlen=72: 216439 braids
    projlen=73: 318661 braids
    projlen=74: 228750 braids
    projlen=75: 307123 braids
    projlen=76: 235020 braids
    projlen=77: 303209 braids
    projlen=78: 236346 braids
    projlen=79: 300326 braids
    projlen=80: 244488 braids
    projlen=81: 293402 braids
    projlen=82: 254164 braids
    projlen=83: 283411 braids
    projlen=84: 259935 braids
    projlen=85: 260777 braids
    projlen=86: 96513 braids
  Braids kept: 1064037 (in 30 buckets, 1.87 GB CPU)
  ⚡ Timing: matmul=0.16s, sampling=6.07s, total=9.03s
============================================================
Level 99 - SAMPLING
============================================================
  Starting braids: 964037
  Candidates to generate: 5254619
  Processing in 53 chunks...
  Projlen distribution:
    projlen=57: 9 braids
    projlen=58: 7 braids
    projlen=59: 55 braids
    projlen=60: 46 braids
    projlen=61: 174 braids
    projlen=62: 150 braids
    projlen=63: 1595 braids
    projlen=64: 1886 braids
    projlen=65: 15758 braids
    projlen=66: 16797 braids
    projlen=67: 132412 braids
    projlen=68: 135978 braids
    projlen=69: 297439 braids
    projlen=70: 213300 braids
    projlen=71: 331881 braids
    projlen=72: 214321 braids
    projlen=73: 322533 braids
    projlen=74: 220909 braids
    projlen=75: 311780 braids
    projlen=76: 234422 braids
    projlen=77: 301441 braids
    projlen=78: 241897 braids
    projlen=79: 297717 braids
    projlen=80: 243157 braids
    projlen=81: 295515 braids
    projlen=82: 250104 braids
    projlen=83: 289818 braids
    projlen=84: 256657 braids
    projlen=85: 278595 braids
    projlen=86: 247744 braids
    projlen=87: 100522 braids
  Braids kept: 1086477 (in 31 buckets, 1.93 GB CPU)
  ⚡ Timing: matmul=0.15s, sampling=6.29s, total=9.29s
============================================================
Level 100 - SAMPLING
============================================================
  Starting braids: 986477
  Candidates to generate: 5388859
  Processing in 54 chunks...
  Projlen distribution:
    projlen=56: 1 braids
    projlen=57: 4 braids
    projlen=58: 6 braids
    projlen=59: 60 braids
    projlen=60: 52 braids
    projlen=61: 324 braids
    projlen=62: 253 braids
    projlen=63: 1062 braids
    projlen=64: 921 braids
    projlen=65: 9935 braids
    projlen=66: 10526 braids
    projlen=67: 79689 braids
    projlen=68: 75409 braids
    projlen=69: 264744 braids
    projlen=70: 230006 braids
    projlen=71: 330601 braids
    projlen=72: 213798 braids
    projlen=73: 324954 braids
    projlen=74: 216986 braids
    projlen=75: 314949 braids
    projlen=76: 227885 braids
    projlen=77: 306170 braids
    projlen=78: 239721 braids
    projlen=79: 298203 braids
    projlen=80: 248754 braids
    projlen=81: 292337 braids
    projlen=82: 249416 braids
    projlen=83: 290648 braids
    projlen=84: 255091 braids
    projlen=85: 287179 braids
    projlen=86: 258326 braids
    projlen=87: 264248 braids
    projlen=88: 96601 braids
  Braids kept: 1123144 (in 33 buckets, 2.02 GB CPU)
  ⚡ Timing: matmul=0.20s, sampling=6.47s, total=9.56s
============================================================
Level 101 - SAMPLING
============================================================
  Starting braids: 973144
  Candidates to generate: 5311326
  Processing in 54 chunks...
  Projlen distribution:
    projlen=55: 1 braids
    projlen=57: 5 braids
    projlen=58: 3 braids
    projlen=59: 31 braids
    projlen=60: 30 braids
    projlen=61: 370 braids
    projlen=62: 271 braids
    projlen=63: 1821 braids
    projlen=64: 1317 braids
    projlen=65: 6343 braids
    projlen=66: 5554 braids
    projlen=67: 52047 braids
    projlen=68: 49236 braids
    projlen=69: 251904 braids
    projlen=70: 218936 braids
    projlen=71: 335142 braids
    projlen=72: 226818 braids
    projlen=73: 321514 braids
    projlen=74: 218112 braids
    projlen=75: 317522 braids
    projlen=76: 222967 braids
    projlen=77: 308454 braids
    projlen=78: 234650 braids
    projlen=79: 300956 braids
    projlen=80: 245699 braids
    projlen=81: 294673 braids
    projlen=82: 253135 braids
    projlen=83: 288303 braids
    projlen=84: 254202 braids
    projlen=85: 286462 braids
    projlen=86: 254361 braids
    projlen=87: 265142 braids
    projlen=88: 95345 braids
  Braids kept: 1114982 (in 33 buckets, 2.01 GB CPU)
  ⚡ Timing: matmul=0.15s, sampling=6.41s, total=9.44s
============================================================
Level 102 - SAMPLING
============================================================
  Starting braids: 964982
  Candidates to generate: 5269878
  Processing in 53 chunks...
  Projlen distribution:
    projlen=55: 3 braids
    projlen=56: 4 braids
    projlen=57: 5 braids
    projlen=58: 5 braids
    projlen=59: 27 braids
    projlen=60: 21 braids
    projlen=61: 177 braids
    projlen=62: 146 braids
    projlen=63: 2028 braids
    projlen=64: 1462 braids
    projlen=65: 9702 braids
    projlen=66: 7090 braids
    projlen=67: 35267 braids
    projlen=68: 29293 braids
    projlen=69: 245361 braids
    projlen=70: 213263 braids
    projlen=71: 339510 braids
    projlen=72: 220343 braids
    projlen=73: 324779 braids
    projlen=74: 222823 braids
    projlen=75: 314768 braids
    projlen=76: 226202 braids
    projlen=77: 310046 braids
    projlen=78: 230868 braids
    projlen=79: 304412 braids
    projlen=80: 240900 braids
    projlen=81: 296171 braids
    projlen=82: 250870 braids
    projlen=83: 289061 braids
    projlen=84: 256441 braids
    projlen=85: 283786 braids
    projlen=86: 255512 braids
    projlen=87: 264225 braids
    projlen=88: 95307 braids
  Braids kept: 1085230 (in 34 buckets, 1.96 GB CPU)
  ⚡ Timing: matmul=0.15s, sampling=6.30s, total=9.32s
============================================================
Level 103 - SAMPLING
============================================================
  Starting braids: 985230
  Candidates to generate: 5370046
  Processing in 54 chunks...
  Projlen distribution:
    projlen=57: 25 braids
    projlen=58: 18 braids
    projlen=59: 44 braids
    projlen=60: 26 braids
    projlen=61: 159 braids
    projlen=62: 115 braids
    projlen=63: 985 braids
    projlen=64: 780 braids
    projlen=65: 10458 braids
    projlen=66: 7678 braids
    projlen=67: 50778 braids
    projlen=68: 36285 braids
    projlen=69: 178713 braids
    projlen=70: 132238 braids
    projlen=71: 299322 braids
    projlen=72: 216056 braids
    projlen=73: 331439 braids
    projlen=74: 215909 braids
    projlen=75: 319343 braids
    projlen=76: 227257 braids
    projlen=77: 306912 braids
    projlen=78: 234080 braids
    projlen=79: 302056 braids
    projlen=80: 237294 braids
    projlen=81: 298402 braids
    projlen=82: 246595 braids
    projlen=83: 291716 braids
    projlen=84: 254634 braids
    projlen=85: 285885 braids
    projlen=86: 259490 braids
    projlen=87: 278717 braids
    projlen=88: 245783 braids
    projlen=89: 100854 braids
  Braids kept: 1156573 (in 33 buckets, 2.10 GB CPU)
  ⚡ Timing: matmul=0.16s, sampling=6.57s, total=9.67s
============================================================
Level 104 - SAMPLING
============================================================
  Starting braids: 956573
  Candidates to generate: 5215151
  Processing in 53 chunks...
  Projlen distribution:
    projlen=59: 138 braids
    projlen=60: 97 braids
    projlen=61: 277 braids
    projlen=62: 152 braids
    projlen=63: 883 braids
    projlen=64: 631 braids
    projlen=65: 5375 braids
    projlen=66: 4258 braids
    projlen=67: 52900 braids
    projlen=68: 38088 braids
    projlen=69: 246930 braids
    projlen=70: 165217 braids
    projlen=71: 318305 braids
    projlen=72: 202699 braids
    projlen=73: 340368 braids
    projlen=74: 211991 braids
    projlen=75: 325493 braids
    projlen=76: 220548 braids
    projlen=77: 313269 braids
    projlen=78: 233474 braids
    projlen=79: 301717 braids
    projlen=80: 241723 braids
    projlen=81: 297220 braids
    projlen=82: 245242 braids
    projlen=83: 294123 braids
    projlen=84: 251609 braids
    projlen=85: 288316 braids
    projlen=86: 254635 braids
    projlen=87: 264097 braids
    projlen=88: 95376 braids
  Braids kept: 1099899 (in 30 buckets, 2.00 GB CPU)
  ⚡ Timing: matmul=0.15s, sampling=6.32s, total=9.31s
============================================================
Level 105 - SAMPLING
============================================================
  Starting braids: 999899
  Candidates to generate: 5429287
  Processing in 55 chunks...
  Projlen distribution:
    projlen=59: 5 braids
    projlen=60: 10 braids
    projlen=61: 682 braids
    projlen=62: 476 braids
    projlen=63: 1583 braids
    projlen=64: 856 braids
    projlen=65: 4852 braids
    projlen=66: 3388 braids
    projlen=67: 29029 braids
    projlen=68: 21524 braids
    projlen=69: 241949 braids
    projlen=70: 165093 braids
    projlen=71: 329271 braids
    projlen=72: 189525 braids
    projlen=73: 345029 braids
    projlen=74: 199131 braids
    projlen=75: 331722 braids
    projlen=76: 211130 braids
    projlen=77: 318274 braids
    projlen=78: 226770 braids
    projlen=79: 306565 braids
    projlen=80: 239342 braids
    projlen=81: 297321 braids
    projlen=82: 247020 braids
    projlen=83: 292851 braids
    projlen=84: 251506 braids
    projlen=85: 289575 braids
    projlen=86: 255290 braids
    projlen=87: 282788 braids
    projlen=88: 244895 braids
    projlen=89: 101835 braids
  Braids kept: 1112405 (in 31 buckets, 2.04 GB CPU)
  ⚡ Timing: matmul=0.15s, sampling=6.56s, total=9.69s
============================================================
Level 106 - SAMPLING
============================================================
  Starting braids: 962405
  Candidates to generate: 5205279
  Processing in 53 chunks...
  Projlen distribution:
    projlen=59: 1 braids
    projlen=60: 2 braids
    projlen=61: 55 braids
    projlen=62: 77 braids
    projlen=63: 3314 braids
    projlen=64: 2271 braids
    projlen=65: 8552 braids
    projlen=66: 4732 braids
    projlen=67: 26382 braids
    projlen=68: 17533 braids
    projlen=69: 143962 braids
    projlen=70: 96005 braids
    projlen=71: 292045 braids
    projlen=72: 185397 braids
    projlen=73: 352855 braids
    projlen=74: 184430 braids
    projlen=75: 339409 braids
    projlen=76: 199749 braids
    projlen=77: 325039 braids
    projlen=78: 216814 braids
    projlen=79: 311809 braids
    projlen=80: 233423 braids
    projlen=81: 300477 braids
    projlen=82: 244990 braids
    projlen=83: 292860 braids
    projlen=84: 252392 braids
    projlen=85: 289236 braids
    projlen=86: 254617 braids
    projlen=87: 282801 braids
    projlen=88: 242623 braids
    projlen=89: 101427 braids
  Braids kept: 1112919 (in 31 buckets, 2.04 GB CPU)
  ⚡ Timing: matmul=0.16s, sampling=6.40s, total=9.48s
============================================================
Level 107 - SAMPLING
============================================================
  Starting braids: 962919
  Candidates to generate: 5193435
  Processing in 52 chunks...
  Projlen distribution:
    projlen=59: 4 braids
    projlen=60: 3 braids
    projlen=61: 21 braids
    projlen=62: 36 braids
    projlen=63: 416 braids
    projlen=64: 488 braids
    projlen=65: 15912 braids
    projlen=66: 10791 braids
    projlen=67: 44969 braids
    projlen=68: 24907 braids
    projlen=69: 132593 braids
    projlen=70: 81053 braids
    projlen=71: 283671 braids
    projlen=72: 183662 braids
    projlen=73: 356489 braids
    projlen=74: 181707 braids
    projlen=75: 347404 braids
    projlen=76: 184068 braids
    projlen=77: 333417 braids
    projlen=78: 204833 braids
    projlen=79: 318061 braids
    projlen=80: 223167 braids
    projlen=81: 305551 braids
    projlen=82: 240205 braids
    projlen=83: 296620 braids
    projlen=84: 250272 braids
    projlen=85: 289241 braids
    projlen=86: 256137 braids
    projlen=87: 282655 braids
    projlen=88: 243583 braids
    projlen=89: 101499 braids
  Braids kept: 1147547 (in 31 buckets, 2.11 GB CPU)
  ⚡ Timing: matmul=0.26s, sampling=6.34s, total=9.52s
============================================================
Level 108 - SAMPLING
============================================================
  Starting braids: 997547
  Candidates to generate: 5353513
  Processing in 54 chunks...
  Projlen distribution:
    projlen=59: 5 braids
    projlen=60: 4 braids
    projlen=61: 28 braids
    projlen=62: 27 braids
    projlen=63: 224 braids
    projlen=64: 273 braids
    projlen=65: 2815 braids
    projlen=66: 2710 braids
    projlen=67: 76091 braids
    projlen=68: 50553 braids
    projlen=69: 223951 braids
    projlen=70: 121699 braids
    projlen=71: 300255 braids
    projlen=72: 176113 braids
    projlen=73: 358275 braids
    projlen=74: 180612 braids
    projlen=75: 350053 braids
    projlen=76: 178094 braids
    projlen=77: 341001 braids
    projlen=78: 188139 braids
    projlen=79: 327664 braids
    projlen=80: 211584 braids
    projlen=81: 313703 braids
    projlen=82: 230019 braids
    projlen=83: 301006 braids
    projlen=84: 245280 braids
    projlen=85: 292927 braids
    projlen=86: 253553 braids
    projlen=87: 282825 braids
    projlen=88: 243211 braids
    projlen=89: 100819 braids
  Braids kept: 1156086 (in 31 buckets, 2.13 GB CPU)
  ⚡ Timing: matmul=0.16s, sampling=6.55s, total=9.68s
============================================================
Level 109 - SAMPLING
============================================================
  Starting braids: 956086
  Candidates to generate: 5092838
  Processing in 51 chunks...
  Projlen distribution:
    projlen=59: 2 braids
    projlen=60: 2 braids
    projlen=61: 33 braids
    projlen=62: 24 braids
    projlen=63: 182 braids
    projlen=64: 185 braids
    projlen=65: 1778 braids
    projlen=66: 1626 braids
    projlen=67: 16703 braids
    projlen=68: 12648 braids
    projlen=69: 247715 braids
    projlen=70: 171921 braids
    projlen=71: 358618 braids
    projlen=72: 169880 braids
    projlen=73: 358840 braids
    projlen=74: 172607 braids
    projlen=75: 353424 braids
    projlen=76: 175077 braids
    projlen=77: 345465 braids
    projlen=78: 182036 braids
    projlen=79: 334714 braids
    projlen=80: 195766 braids
    projlen=81: 322722 braids
    projlen=82: 218482 braids
    projlen=83: 308338 braids
    projlen=84: 236883 braids
    projlen=85: 296552 braids
    projlen=86: 246972 braids
    projlen=87: 269684 braids
    projlen=88: 93959 braids
  Braids kept: 1033183 (in 30 buckets, 1.91 GB CPU)
  ⚡ Timing: matmul=0.16s, sampling=5.97s, total=8.88s
============================================================
Level 110 - SAMPLING
============================================================
  Starting braids: 983183
  Candidates to generate: 5225811
  Processing in 53 chunks...
  Projlen distribution:
    projlen=60: 1 braids
    projlen=61: 9 braids
    projlen=62: 14 braids
    projlen=63: 189 braids
    projlen=64: 158 braids
    projlen=65: 1263 braids
    projlen=66: 1130 braids
    projlen=67: 11300 braids
    projlen=68: 8545 braids
    projlen=69: 84976 braids
    projlen=70: 54066 braids
    projlen=71: 271858 braids
    projlen=72: 172851 braids
    projlen=73: 356163 braids
    projlen=74: 161479 braids
    projlen=75: 354633 braids
    projlen=76: 167151 braids
    projlen=77: 348965 braids
    projlen=78: 176146 braids
    projlen=79: 339625 braids
    projlen=80: 187573 braids
    projlen=81: 328980 braids
    projlen=82: 203768 braids
    projlen=83: 316349 braids
    projlen=84: 226039 braids
    projlen=85: 303871 braids
    projlen=86: 241906 braids
    projlen=87: 292381 braids
    projlen=88: 252508 braids
    projlen=89: 266392 braids
    projlen=90: 95522 braids
  Braids kept: 1122609 (in 31 buckets, 2.10 GB CPU)
  ⚡ Timing: matmul=0.16s, sampling=6.56s, total=9.65s
============================================================
Level 111 - SAMPLING
============================================================
  Starting braids: 972609
  Candidates to generate: 5158535
  Processing in 52 chunks...
  Projlen distribution:
    projlen=61: 3 braids
    projlen=62: 7 braids
    projlen=63: 55 braids
    projlen=64: 64 braids
    projlen=65: 1151 braids
    projlen=66: 954 braids
    projlen=67: 7919 braids
    projlen=68: 6074 braids
    projlen=69: 59274 braids
    projlen=70: 39685 braids
    projlen=71: 266538 braids
    projlen=72: 174943 braids
    projlen=73: 363605 braids
    projlen=74: 170181 braids
    projlen=75: 354271 braids
    projlen=76: 159378 braids
    projlen=77: 348833 braids
    projlen=78: 166398 braids
    projlen=79: 342345 braids
    projlen=80: 179710 braids
    projlen=81: 332846 braids
    projlen=82: 194721 braids
    projlen=83: 324174 braids
    projlen=84: 212694 braids
    projlen=85: 312099 braids
    projlen=86: 233661 braids
    projlen=87: 298457 braids
    projlen=88: 245045 braids
    projlen=89: 269761 braids
    projlen=90: 93689 braids
  Braids kept: 1105912 (in 30 buckets, 2.08 GB CPU)
  ⚡ Timing: matmul=0.15s, sampling=6.32s, total=9.34s
============================================================
Level 112 - SAMPLING
============================================================
  Starting braids: 955912
  Candidates to generate: 5053496
  Processing in 51 chunks...
  Projlen distribution:
    projlen=63: 40 braids
    projlen=64: 44 braids
    projlen=65: 380 braids
    projlen=66: 372 braids
    projlen=67: 6585 braids
    projlen=68: 5131 braids
    projlen=69: 43094 braids
    projlen=70: 29644 braids
    projlen=71: 251319 braids
    projlen=72: 159337 braids
    projlen=73: 337196 braids
    projlen=74: 172297 braids
    projlen=75: 359539 braids
    projlen=76: 159818 braids
    projlen=77: 352130 braids
    projlen=78: 159466 braids
    projlen=79: 345686 braids
    projlen=80: 169113 braids
    projlen=81: 337448 braids
    projlen=82: 185912 braids
    projlen=83: 327908 braids
    projlen=84: 202845 braids
    projlen=85: 317589 braids
    projlen=86: 221081 braids
    projlen=87: 306611 braids
    projlen=88: 236541 braids
    projlen=89: 274155 braids
    projlen=90: 92215 braids
  Braids kept: 1085290 (in 28 buckets, 2.05 GB CPU)
  ⚡ Timing: matmul=0.15s, sampling=6.07s, total=9.00s
============================================================
Level 113 - SAMPLING
============================================================
  Starting braids: 985290
  Candidates to generate: 5197870
  Processing in 52 chunks...
  Projlen distribution:
    projlen=61: 1 braids
    projlen=62: 1 braids
    projlen=63: 10 braids
    projlen=64: 12 braids
    projlen=65: 293 braids
    projlen=66: 298 braids
    projlen=67: 2401 braids
    projlen=68: 2215 braids
    projlen=69: 35290 braids
    projlen=70: 25567 braids
    projlen=71: 212598 braids
    projlen=72: 130992 braids
    projlen=73: 314496 braids
    projlen=74: 173815 braids
    projlen=75: 360047 braids
    projlen=76: 163528 braids
    projlen=77: 355497 braids
    projlen=78: 156644 braids
    projlen=79: 349380 braids
    projlen=80: 160445 braids
    projlen=81: 342788 braids
    projlen=82: 173181 braids
    projlen=83: 334858 braids
    projlen=84: 193999 braids
    projlen=85: 323555 braids
    projlen=86: 211270 braids
    projlen=87: 312547 braids
    projlen=88: 228509 braids
    projlen=89: 298658 braids
    projlen=90: 229913 braids
    projlen=91: 105062 braids
  Braids kept: 1116088 (in 31 buckets, 2.12 GB CPU)
  ⚡ Timing: matmul=0.24s, sampling=6.40s, total=9.55s
============================================================
Level 114 - SAMPLING
============================================================
  Starting braids: 966088
  Candidates to generate: 5075572
  Processing in 51 chunks...
  Projlen distribution:
    projlen=61: 3 braids
    projlen=62: 3 braids
    projlen=63: 12 braids
    projlen=64: 9 braids
    projlen=65: 99 braids
    projlen=66: 114 braids
    projlen=67: 1924 braids
    projlen=68: 1760 braids
    projlen=69: 14694 braids
    projlen=70: 11317 braids
    projlen=71: 171414 braids
    projlen=72: 111653 braids
    projlen=73: 304899 braids
    projlen=74: 173606 braids
    projlen=75: 361196 braids
    projlen=76: 165511 braids
    projlen=77: 356997 braids
    projlen=78: 158781 braids
    projlen=79: 352098 braids
    projlen=80: 155693 braids
    projlen=81: 348368 braids
    projlen=82: 162991 braids
    projlen=83: 340250 braids
    projlen=84: 178565 braids
    projlen=85: 330361 braids
    projlen=86: 201981 braids
    projlen=87: 318576 braids
    projlen=88: 220428 braids
    projlen=89: 303817 braids
    projlen=90: 222216 braids
    projlen=91: 106236 braids
  Braids kept: 1079935 (in 31 buckets, 2.06 GB CPU)
  ⚡ Timing: matmul=0.15s, sampling=6.24s, total=9.21s
============================================================
Level 115 - SAMPLING
============================================================
  Starting braids: 979935
  Candidates to generate: 5136779
  Processing in 52 chunks...
  Projlen distribution:
    projlen=62: 2 braids
    projlen=63: 17 braids
    projlen=64: 17 braids
    projlen=65: 83 braids
    projlen=66: 66 braids
    projlen=67: 733 braids
    projlen=68: 790 braids
    projlen=69: 11754 braids
    projlen=70: 9047 braids
    projlen=71: 75264 braids
    projlen=72: 48972 braids
    projlen=73: 272866 braids
    projlen=74: 176218 braids
    projlen=75: 361663 braids
    projlen=76: 166311 braids
    projlen=77: 357814 braids
    projlen=78: 158543 braids
    projlen=79: 353204 braids
    projlen=80: 156612 braids
    projlen=81: 349371 braids
    projlen=82: 155738 braids
    projlen=83: 345524 braids
    projlen=84: 165347 braids
    projlen=85: 338009 braids
    projlen=86: 185772 braids
    projlen=87: 326203 braids
    projlen=88: 209593 braids
    projlen=89: 312551 braids
    projlen=90: 226502 braids
    projlen=91: 281235 braids
    projlen=92: 90958 braids
  Braids kept: 1121481 (in 31 buckets, 2.16 GB CPU)
  ⚡ Timing: matmul=0.15s, sampling=6.37s, total=9.39s
============================================================
Level 116 - SAMPLING
============================================================
  Starting braids: 971481
  Candidates to generate: 5081031
  Processing in 51 chunks...
  Projlen distribution:
    projlen=62: 2 braids
    projlen=63: 5 braids
    projlen=64: 11 braids
    projlen=65: 98 braids
    projlen=66: 93 braids
    projlen=67: 516 braids
    projlen=68: 442 braids
    projlen=69: 5057 braids
    projlen=70: 4374 braids
    projlen=71: 60816 braids
    projlen=72: 41805 braids
    projlen=73: 268305 braids
    projlen=74: 173732 braids
    projlen=75: 362597 braids
    projlen=76: 171708 braids
    projlen=77: 358812 braids
    projlen=78: 159145 braids
    projlen=79: 354398 braids
    projlen=80: 155913 braids
    projlen=81: 351347 braids
    projlen=82: 156604 braids
    projlen=83: 348185 braids
    projlen=84: 156703 braids
    projlen=85: 343901 braids
    projlen=86: 168986 braids
    projlen=87: 333983 braids
    projlen=88: 192904 braids
    projlen=89: 320795 braids
    projlen=90: 215515 braids
    projlen=91: 285400 braids
    projlen=92: 88879 braids
  Braids kept: 1102403 (in 31 buckets, 2.13 GB CPU)
  ⚡ Timing: matmul=0.15s, sampling=6.27s, total=9.28s
============================================================
Level 117 - SAMPLING
============================================================
  Starting braids: 952403
  Candidates to generate: 4965049
  Processing in 50 chunks...
  Projlen distribution:
    projlen=62: 2 braids
    projlen=63: 7 braids
    projlen=64: 12 braids
    projlen=65: 62 braids
    projlen=66: 55 braids
    projlen=67: 575 braids
    projlen=68: 477 braids
    projlen=69: 3354 braids
    projlen=70: 2662 braids
    projlen=71: 28616 braids
    projlen=72: 21275 braids
    projlen=73: 249603 braids
    projlen=74: 163832 braids
    projlen=75: 344633 braids
    projlen=76: 172389 braids
    projlen=77: 360713 braids
    projlen=78: 160840 braids
    projlen=79: 355578 braids
    projlen=80: 156280 braids
    projlen=81: 351165 braids
    projlen=82: 154408 braids
    projlen=83: 350148 braids
    projlen=84: 157517 braids
    projlen=85: 347050 braids
    projlen=86: 158134 braids
    projlen=87: 342265 braids
    projlen=88: 173961 braids
    projlen=89: 330619 braids
    projlen=90: 199514 braids
    projlen=91: 292851 braids
    projlen=92: 86452 braids
  Braids kept: 1057097 (in 31 buckets, 2.06 GB CPU)
  ⚡ Timing: matmul=0.15s, sampling=6.14s, total=9.08s
============================================================
Level 118 - SAMPLING
============================================================
  Starting braids: 957097
  Candidates to generate: 4951761
  Processing in 50 chunks...
  Projlen distribution:
    projlen=63: 7 braids
    projlen=64: 9 braids
    projlen=65: 64 braids
    projlen=66: 52 braids
    projlen=67: 436 braids
    projlen=68: 334 braids
    projlen=69: 3334 braids
    projlen=70: 2584 braids
    projlen=71: 19540 braids
    projlen=72: 14040 braids
    projlen=73: 141990 braids
    projlen=74: 91032 braids
    projlen=75: 293131 braids
    projlen=76: 174062 braids
    projlen=77: 361787 braids
    projlen=78: 162419 braids
    projlen=79: 356604 braids
    projlen=80: 156402 braids
    projlen=81: 351720 braids
    projlen=82: 154675 braids
    projlen=83: 348265 braids
    projlen=84: 153997 braids
    projlen=85: 348303 braids
    projlen=86: 158298 braids
    projlen=87: 345246 braids
    projlen=88: 160533 braids
    projlen=89: 340104 braids
    projlen=90: 178761 braids
    projlen=91: 323466 braids
    projlen=92: 199232 braids
    projlen=93: 111334 braids
  Braids kept: 1090400 (in 31 buckets, 2.14 GB CPU)
  ⚡ Timing: matmul=0.15s, sampling=6.29s, total=9.27s
============================================================
Level 119 - SAMPLING
============================================================
  Starting braids: 990400
  Candidates to generate: 5127072
  Processing in 52 chunks...
  Projlen distribution:
    projlen=63: 3 braids
    projlen=64: 3 braids
    projlen=65: 58 braids
    projlen=66: 48 braids
    projlen=67: 370 braids
    projlen=68: 278 braids
    projlen=69: 2532 braids
    projlen=70: 1906 braids
    projlen=71: 18469 braids
    projlen=72: 13051 braids
    projlen=73: 99401 braids
    projlen=74: 62700 braids
    projlen=75: 277610 braids
    projlen=76: 174793 braids
    projlen=77: 361534 braids
    projlen=78: 167778 braids
    projlen=79: 356880 braids
    projlen=80: 157322 braids
    projlen=81: 352820 braids
    projlen=82: 154801 braids
    projlen=83: 350092 braids
    projlen=84: 154371 braids
    projlen=85: 347384 braids
    projlen=86: 154289 braids
    projlen=87: 347104 braids
    projlen=88: 159782 braids
    projlen=89: 343726 braids
    projlen=90: 163661 braids
    projlen=91: 335698 braids
    projlen=92: 183905 braids
    projlen=93: 299801 braids
    projlen=94: 84902 braids
  Braids kept: 1136718 (in 32 buckets, 2.25 GB CPU)
  ⚡ Timing: matmul=0.14s, sampling=6.65s, total=9.73s
============================================================
Level 120 - SAMPLING
============================================================
  Starting braids: 986718
  Candidates to generate: 5105248
  Processing in 52 chunks...
  Projlen distribution:
    projlen=65: 24 braids
    projlen=66: 21 braids
    projlen=67: 351 braids
    projlen=68: 275 braids
    projlen=69: 2023 braids
    projlen=70: 1484 braids
    projlen=71: 14066 braids
    projlen=72: 9847 braids
    projlen=73: 92291 braids
    projlen=74: 59559 braids
    projlen=75: 276670 braids
    projlen=76: 174037 braids
    projlen=77: 362391 braids
    projlen=78: 170144 braids
    projlen=79: 357803 braids
    projlen=80: 158869 braids
    projlen=81: 354117 braids
    projlen=82: 155071 braids
    projlen=83: 351273 braids
    projlen=84: 154317 braids
    projlen=85: 349658 braids
    projlen=86: 154645 braids
    projlen=87: 348092 braids
    projlen=88: 155563 braids
    projlen=89: 345933 braids
    projlen=90: 162183 braids
    projlen=91: 341411 braids
    projlen=92: 166805 braids
    projlen=93: 304484 braids
    projlen=94: 81841 braids
  Braids kept: 1128091 (in 30 buckets, 2.24 GB CPU)
  ⚡ Timing: matmul=0.14s, sampling=6.57s, total=9.65s
============================================================
Level 121 - SAMPLING
============================================================
  Starting braids: 978091
  Candidates to generate: 5055249
  Processing in 51 chunks...
  Projlen distribution:
    projlen=65: 2 braids
    projlen=66: 7 braids
    projlen=67: 145 braids
    projlen=68: 124 braids
    projlen=69: 1951 braids
    projlen=70: 1481 braids
    projlen=71: 11056 braids
    projlen=72: 7567 braids
    projlen=73: 70628 braids
    projlen=74: 45768 braids
    projlen=75: 268954 braids
    projlen=76: 173652 braids
    projlen=77: 362241 braids
    projlen=78: 170767 braids
    projlen=79: 359239 braids
    projlen=80: 160130 braids
    projlen=81: 354198 braids
    projlen=82: 155563 braids
    projlen=83: 351816 braids
    projlen=84: 154193 braids
    projlen=85: 348790 braids
    projlen=86: 153533 braids
    projlen=87: 349453 braids
    projlen=88: 155200 braids
    projlen=89: 347777 braids
    projlen=90: 156819 braids
    projlen=91: 343593 braids
    projlen=92: 163040 braids
    projlen=93: 305900 braids
    projlen=94: 81662 braids
  Braids kept: 1118101 (in 30 buckets, 2.22 GB CPU)
  ⚡ Timing: matmul=0.15s, sampling=6.35s, total=9.39s
============================================================
Level 122 - SAMPLING
============================================================
  Starting braids: 968101
  Candidates to generate: 5000689
  Processing in 51 chunks...
  Projlen distribution:
    projlen=66: 2 braids
    projlen=67: 32 braids
    projlen=68: 55 braids
    projlen=69: 827 braids
    projlen=70: 700 braids
    projlen=71: 10474 braids
    projlen=72: 7547 braids
    projlen=73: 56752 braids
    projlen=74: 36283 braids
    projlen=75: 259494 braids
    projlen=76: 166895 braids
    projlen=77: 351759 braids
    projlen=78: 170935 braids
    projlen=79: 357958 braids
    projlen=80: 159981 braids
    projlen=81: 355432 braids
    projlen=82: 156533 braids
    projlen=83: 351920 braids
    projlen=84: 154189 braids
    projlen=85: 351006 braids
    projlen=86: 154297 braids
    projlen=87: 349471 braids
    projlen=88: 154221 braids
    projlen=89: 348385 braids
    projlen=90: 155586 braids
    projlen=91: 345473 braids
    projlen=92: 155931 braids
    projlen=93: 307622 braids
    projlen=94: 80929 braids
  Braids kept: 1105920 (in 29 buckets, 2.20 GB CPU)
  ⚡ Timing: matmul=0.14s, sampling=6.36s, total=9.35s
============================================================
Level 123 - SAMPLING
============================================================
  Starting braids: 955920
  Candidates to generate: 4940346
  Processing in 50 chunks...
  Projlen distribution:
    projlen=67: 18 braids
    projlen=68: 20 braids
    projlen=69: 307 braids
    projlen=70: 342 braids
    projlen=71: 4715 braids
    projlen=72: 3743 braids
    projlen=73: 53390 braids
    projlen=74: 36191 braids
    projlen=75: 250301 braids
    projlen=76: 151440 braids
    projlen=77: 329461 braids
    projlen=78: 171987 braids
    projlen=79: 360328 braids
    projlen=80: 161149 braids
    projlen=81: 354709 braids
    projlen=82: 156231 braids
    projlen=83: 351470 braids
    projlen=84: 154601 braids
    projlen=85: 350034 braids
    projlen=86: 153707 braids
    projlen=87: 349018 braids
    projlen=88: 153744 braids
    projlen=89: 348802 braids
    projlen=90: 154673 braids
    projlen=91: 346674 braids
    projlen=92: 154396 braids
    projlen=93: 308252 braids
    projlen=94: 80643 braids
  Braids kept: 1095336 (in 28 buckets, 2.19 GB CPU)
  ⚡ Timing: matmul=0.15s, sampling=6.23s, total=9.22s
============================================================
Level 124 - SAMPLING
============================================================
  Starting braids: 995336
  Candidates to generate: 5100854
  Processing in 52 chunks...
  Projlen distribution:
    projlen=66: 1 braids
    projlen=67: 7 braids
    projlen=68: 13 braids
    projlen=69: 148 braids
    projlen=70: 167 braids
    projlen=71: 2209 braids
    projlen=72: 2049 braids
    projlen=73: 25639 braids
    projlen=74: 18550 braids
    projlen=75: 241245 braids
    projlen=76: 153425 braids
    projlen=77: 328499 braids
    projlen=78: 171233 braids
    projlen=79: 360569 braids
    projlen=80: 163123 braids
    projlen=81: 355013 braids
    projlen=82: 155463 braids
    projlen=83: 351523 braids
    projlen=84: 154973 braids
    projlen=85: 348676 braids
    projlen=86: 153882 braids
    projlen=87: 348337 braids
    projlen=88: 153576 braids
    projlen=89: 347808 braids
    projlen=90: 153428 braids
    projlen=91: 347304 braids
    projlen=92: 153632 braids
    projlen=93: 340680 braids
    projlen=94: 152716 braids
    projlen=95: 116966 braids
  Braids kept: 1098783 (in 30 buckets, 2.22 GB CPU)
  ⚡ Timing: matmul=0.14s, sampling=6.40s, total=9.46s
============================================================
Level 125 - SAMPLING
============================================================
  Starting braids: 998783
  Candidates to generate: 5139405
  Processing in 52 chunks...
  Projlen distribution:
    projlen=67: 4 braids
    projlen=68: 9 braids
    projlen=69: 65 braids
    projlen=70: 102 braids
    projlen=71: 1086 braids
    projlen=72: 1129 braids
    projlen=73: 13566 braids
    projlen=74: 10636 braids
    projlen=75: 126000 braids
    projlen=76: 80313 braids
    projlen=77: 287468 braids
    projlen=78: 173844 braids
    projlen=79: 360789 braids
    projlen=80: 163230 braids
    projlen=81: 356825 braids
    projlen=82: 157166 braids
    projlen=83: 352095 braids
    projlen=84: 154215 braids
    projlen=85: 350374 braids
    projlen=86: 154687 braids
    projlen=87: 348700 braids
    projlen=88: 154605 braids
    projlen=89: 348335 braids
    projlen=90: 154188 braids
    projlen=91: 347819 braids
    projlen=92: 153527 braids
    projlen=93: 344273 braids
    projlen=94: 153423 braids
    projlen=95: 309630 braids
    projlen=96: 81302 braids
  Braids kept: 1126597 (in 30 buckets, 2.30 GB CPU)
  ⚡ Timing: matmul=0.15s, sampling=6.72s, total=9.84s
============================================================
Level 126 - SAMPLING
============================================================
  Starting braids: 976597
  Candidates to generate: 5028659
  Processing in 51 chunks...
  Projlen distribution:
    projlen=67: 5 braids
    projlen=68: 3 braids
    projlen=69: 46 braids
    projlen=70: 59 braids
    projlen=71: 553 braids
    projlen=72: 643 braids
    projlen=73: 7257 braids
    projlen=74: 6074 braids
    projlen=75: 69396 braids
    projlen=76: 46416 braids
    projlen=77: 269699 braids
    projlen=78: 174014 braids
    projlen=79: 362683 braids
    projlen=80: 168019 braids
    projlen=81: 357671 braids
    projlen=82: 157489 braids
    projlen=83: 353405 braids
    projlen=84: 154721 braids
    projlen=85: 351031 braids
    projlen=86: 153733 braids
    projlen=87: 349556 braids
    projlen=88: 154586 braids
    projlen=89: 348345 braids
    projlen=90: 155454 braids
    projlen=91: 347153 braids
    projlen=92: 154463 braids
    projlen=93: 346447 braids
    projlen=94: 152313 braids
    projlen=95: 307733 braids
    projlen=96: 79692 braids
  Braids kept: 1111056 (in 30 buckets, 2.27 GB CPU)
  ⚡ Timing: matmul=0.14s, sampling=6.46s, total=9.52s
============================================================
Level 127 - SAMPLING
============================================================
  Starting braids: 961056
  Candidates to generate: 4961678
  Processing in 50 chunks...
  Projlen distribution:
    projlen=67: 2 braids
    projlen=68: 2 braids
    projlen=69: 37 braids
    projlen=70: 30 braids
    projlen=71: 418 braids
    projlen=72: 436 braids
    projlen=73: 4048 braids
    projlen=74: 3635 braids
    projlen=75: 39713 braids
    projlen=76: 28639 braids
    projlen=77: 257594 braids
    projlen=78: 169706 braids
    projlen=79: 353856 braids
    projlen=80: 170923 braids
    projlen=81: 359322 braids
    projlen=82: 158884 braids
    projlen=83: 355191 braids
    projlen=84: 155484 braids
    projlen=85: 351997 braids
    projlen=86: 153954 braids
    projlen=87: 349859 braids
    projlen=88: 153196 braids
    projlen=89: 348402 braids
    projlen=90: 154957 braids
    projlen=91: 348427 braids
    projlen=92: 156371 braids
    projlen=93: 345925 braids
    projlen=94: 153899 braids
    projlen=95: 306790 braids
    projlen=96: 79981 braids
  Braids kept: 1076960 (in 30 buckets, 2.21 GB CPU)
  ⚡ Timing: matmul=0.15s, sampling=6.25s, total=9.26s
============================================================
Level 128 - SAMPLING
============================================================
  Starting braids: 976960
  Candidates to generate: 5014974
  Processing in 51 chunks...
  Projlen distribution:
    projlen=69: 11 braids
    projlen=70: 17 braids
    projlen=71: 269 braids
    projlen=72: 275 braids
    projlen=73: 2904 braids
    projlen=74: 2636 braids
    projlen=75: 24430 braids
    projlen=76: 18549 braids
    projlen=77: 195367 braids
    projlen=78: 124406 braids
    projlen=79: 311857 braids
    projlen=80: 173323 braids
    projlen=81: 358964 braids
    projlen=82: 160616 braids
    projlen=83: 355240 braids
    projlen=84: 155402 braids
    projlen=85: 351667 braids
    projlen=86: 153928 braids
    projlen=87: 350562 braids
    projlen=88: 153706 braids
    projlen=89: 349930 braids
    projlen=90: 153255 braids
    projlen=91: 348325 braids
    projlen=92: 155669 braids
    projlen=93: 347595 braids
    projlen=94: 156313 braids
    projlen=95: 340430 braids
    projlen=96: 152277 braids
    projlen=97: 117051 braids
  Braids kept: 1099091 (in 29 buckets, 2.28 GB CPU)
  ⚡ Timing: matmul=0.14s, sampling=6.39s, total=9.42s
============================================================
Level 129 - SAMPLING
============================================================
  Starting braids: 999091
  Candidates to generate: 5155687
  Processing in 52 chunks...
  Projlen distribution:
    projlen=69: 3 braids
    projlen=70: 9 braids
    projlen=71: 92 braids
    projlen=72: 142 braids
    projlen=73: 1838 braids
    projlen=74: 1652 braids
    projlen=75: 17704 braids
    projlen=76: 13598 braids
    projlen=77: 123752 braids
    projlen=78: 80255 braids
    projlen=79: 289062 braids
    projlen=80: 175599 braids
    projlen=81: 362967 braids
    projlen=82: 165923 braids
    projlen=83: 355938 braids
    projlen=84: 156027 braids
    projlen=85: 351695 braids
    projlen=86: 154236 braids
    projlen=87: 350642 braids
    projlen=88: 153511 braids
    projlen=89: 349321 braids
    projlen=90: 153335 braids
    projlen=91: 349978 braids
    projlen=92: 153306 braids
    projlen=93: 347348 braids
    projlen=94: 156481 braids
    projlen=95: 344082 braids
    projlen=96: 157139 braids
    projlen=97: 308709 braids
    projlen=98: 81343 braids
  Braids kept: 1135038 (in 30 buckets, 2.37 GB CPU)
  ⚡ Timing: matmul=0.15s, sampling=6.77s, total=9.93s
============================================================
Level 130 - SAMPLING
============================================================
  Starting braids: 985038
  Candidates to generate: 5089300
  Processing in 51 chunks...
  Projlen distribution:
    projlen=69: 1 braids
    projlen=70: 3 braids
    projlen=71: 46 braids
    projlen=72: 85 braids
    projlen=73: 820 braids
    projlen=74: 923 braids
    projlen=75: 11199 braids
    projlen=76: 8696 braids
    projlen=77: 90271 braids
    projlen=78: 59943 braids
    projlen=79: 278904 braids
    projlen=80: 176424 braids
    projlen=81: 362835 braids
    projlen=82: 169637 braids
    projlen=83: 358229 braids
    projlen=84: 158726 braids
    projlen=85: 353444 braids
    projlen=86: 154210 braids
    projlen=87: 350708 braids
    projlen=88: 153805 braids
    projlen=89: 349916 braids
    projlen=90: 153571 braids
    projlen=91: 350293 braids
    projlen=92: 153216 braids
    projlen=93: 348993 braids
    projlen=94: 153037 braids
    projlen=95: 346645 braids
    projlen=96: 156329 braids
    projlen=97: 307710 braids
    projlen=98: 80681 braids
  Braids kept: 1121773 (in 30 buckets, 2.35 GB CPU)
  ⚡ Timing: matmul=0.16s, sampling=6.65s, total=9.77s
============================================================
Level 131 - SAMPLING
============================================================
  Starting braids: 971773
  Candidates to generate: 5020921
  Processing in 51 chunks...
  Projlen distribution:
    projlen=69: 5 braids
    projlen=70: 8 braids
    projlen=71: 15 braids
    projlen=72: 48 braids
    projlen=73: 466 braids
    projlen=74: 615 braids
    projlen=75: 5755 braids
    projlen=76: 5002 braids
    projlen=77: 58122 braids
    projlen=78: 39780 braids
    projlen=79: 267533 braids
    projlen=80: 176128 braids
    projlen=81: 363528 braids
    projlen=82: 171926 braids
    projlen=83: 358128 braids
    projlen=84: 159847 braids
    projlen=85: 354050 braids
    projlen=86: 155178 braids
    projlen=87: 351119 braids
    projlen=88: 154044 braids
    projlen=89: 350151 braids
    projlen=90: 153807 braids
    projlen=91: 349833 braids
    projlen=92: 153151 braids
    projlen=93: 349679 braids
    projlen=94: 153367 braids
    projlen=95: 348125 braids
    projlen=96: 151147 braids
    projlen=97: 309582 braids
    projlen=98: 80782 braids
  Braids kept: 1101694 (in 30 buckets, 2.32 GB CPU)
  ⚡ Timing: matmul=0.14s, sampling=6.67s, total=9.82s
============================================================
Level 132 - SAMPLING
============================================================
  Starting braids: 951694
  Candidates to generate: 4924078
  Processing in 50 chunks...
  Projlen distribution:
    projlen=69: 2 braids
    projlen=70: 2 braids
    projlen=71: 54 braids
    projlen=72: 57 braids
    projlen=73: 241 braids
    projlen=74: 309 braids
    projlen=75: 3694 braids
    projlen=76: 3407 braids
    projlen=77: 33068 braids
    projlen=78: 24335 braids
    projlen=79: 249365 braids
    projlen=80: 160180 braids
    projlen=81: 337889 braids
    projlen=82: 172906 braids
    projlen=83: 359367 braids
    projlen=84: 161236 braids
    projlen=85: 355647 braids
    projlen=86: 157384 braids
    projlen=87: 350624 braids
    projlen=88: 154141 braids
    projlen=89: 350052 braids
    projlen=90: 154043 braids
    projlen=91: 351396 braids
    projlen=92: 154409 braids
    projlen=93: 349113 braids
    projlen=94: 152891 braids
    projlen=95: 347654 braids
    projlen=96: 151177 braids
    projlen=97: 309155 braids
    projlen=98: 80280 braids
  Braids kept: 1065169 (in 30 buckets, 2.25 GB CPU)
  ⚡ Timing: matmul=0.20s, sampling=6.37s, total=9.45s
============================================================
Level 133 - SAMPLING
============================================================
  Starting braids: 965169
  Candidates to generate: 4953489
  Processing in 50 chunks...
  Projlen distribution:
    projlen=71: 13 braids
    projlen=72: 26 braids
    projlen=73: 391 braids
    projlen=74: 356 braids
    projlen=75: 2102 braids
    projlen=76: 1944 braids
    projlen=77: 22577 braids
    projlen=78: 17400 braids
    projlen=79: 164751 braids
    projlen=80: 104722 braids
    projlen=81: 301955 braids
    projlen=82: 174220 braids
    projlen=83: 359670 braids
    projlen=84: 162863 braids
    projlen=85: 355410 braids
    projlen=86: 158133 braids
    projlen=87: 351748 braids
    projlen=88: 156178 braids
    projlen=89: 349901 braids
    projlen=90: 154373 braids
    projlen=91: 349645 braids
    projlen=92: 154068 braids
    projlen=93: 349906 braids
    projlen=94: 154178 braids
    projlen=95: 348457 braids
    projlen=96: 152101 braids
    projlen=97: 341394 braids
    projlen=98: 147840 braids
    projlen=99: 117167 braids
  Braids kept: 1094809 (in 29 buckets, 2.33 GB CPU)
  ⚡ Timing: matmul=0.17s, sampling=6.50s, total=9.60s
============================================================
Level 134 - SAMPLING
============================================================
  Starting braids: 994809
  Candidates to generate: 5139723
  Processing in 52 chunks...
  Projlen distribution:
    projlen=72: 3 braids
    projlen=73: 127 braids
    projlen=74: 160 braids
    projlen=75: 2483 braids
    projlen=76: 2043 braids
    projlen=77: 13809 braids
    projlen=78: 10377 braids
    projlen=79: 114247 braids
    projlen=80: 75357 braids
    projlen=81: 286899 braids
    projlen=82: 175149 braids
    projlen=83: 363323 braids
    projlen=84: 167328 braids
    projlen=85: 357351 braids
    projlen=86: 158149 braids
    projlen=87: 351718 braids
    projlen=88: 156718 braids
    projlen=89: 349699 braids
    projlen=90: 156733 braids
    projlen=91: 348085 braids
    projlen=92: 154054 braids
    projlen=93: 348588 braids
    projlen=94: 154089 braids
    projlen=95: 349611 braids
    projlen=96: 153901 braids
    projlen=97: 346953 braids
    projlen=98: 151299 braids
    projlen=99: 310509 braids
    projlen=100: 80961 braids
  Braids kept: 1129002 (in 29 buckets, 2.42 GB CPU)
  ⚡ Timing: matmul=0.14s, sampling=6.82s, total=10.02s
============================================================
Level 135 - SAMPLING
============================================================
  Starting braids: 979002
  Candidates to generate: 5058188
  Processing in 51 chunks...
  Projlen distribution:
    projlen=72: 2 braids
    projlen=73: 31 braids
    projlen=74: 58 braids
    projlen=75: 961 braids
    projlen=76: 1028 braids
    projlen=77: 14115 braids
    projlen=78: 10556 braids
    projlen=79: 72321 braids
    projlen=80: 46617 braids
    projlen=81: 270764 braids
    projlen=82: 175840 braids
    projlen=83: 364101 braids
    projlen=84: 169690 braids
    projlen=85: 358323 braids
    projlen=86: 158408 braids
    projlen=87: 353536 braids
    projlen=88: 156219 braids
    projlen=89: 349715 braids
    projlen=90: 156893 braids
    projlen=91: 348116 braids
    projlen=92: 157840 braids
    projlen=93: 347020 braids
    projlen=94: 154980 braids
    projlen=95: 347924 braids
    projlen=96: 154639 braids
    projlen=97: 347183 braids
    projlen=98: 152059 braids
    projlen=99: 308950 braids
    projlen=100: 80299 braids
  Braids kept: 1123368 (in 29 buckets, 2.42 GB CPU)
  ⚡ Timing: matmul=0.15s, sampling=6.74s, total=9.87s
============================================================
Level 136 - SAMPLING
============================================================
  Starting braids: 973368
  Candidates to generate: 5032782
  Processing in 51 chunks...
  Projlen distribution:
    projlen=73: 12 braids
    projlen=74: 21 braids
    projlen=75: 366 braids
    projlen=76: 449 braids
    projlen=77: 6360 braids
    projlen=78: 5558 braids
    projlen=79: 71996 braids
    projlen=80: 49143 braids
    projlen=81: 267681 braids
    projlen=82: 168328 braids
    projlen=83: 354201 braids
    projlen=84: 172042 braids
    projlen=85: 359351 braids
    projlen=86: 159655 braids
    projlen=87: 354871 braids
    projlen=88: 155275 braids
    projlen=89: 350530 braids
    projlen=90: 155568 braids
    projlen=91: 348631 braids
    projlen=92: 157574 braids
    projlen=93: 345992 braids
    projlen=94: 159515 braids
    projlen=95: 346224 braids
    projlen=96: 156421 braids
    projlen=97: 346417 braids
    projlen=98: 153351 braids
    projlen=99: 307282 braids
    projlen=100: 79968 braids
  Braids kept: 1111909 (in 28 buckets, 2.40 GB CPU)
  ⚡ Timing: matmul=0.14s, sampling=6.68s, total=9.80s
============================================================
Level 137 - SAMPLING
============================================================
  Starting braids: 961909
  Candidates to generate: 4977807
  Processing in 50 chunks...
  Projlen distribution:
    projlen=73: 9 braids
    projlen=74: 11 braids
    projlen=75: 172 braids
    projlen=76: 236 braids
    projlen=77: 2789 braids
    projlen=78: 2738 braids
    projlen=79: 35689 braids
    projlen=80: 26632 braids
    projlen=81: 259406 braids
    projlen=82: 173628 braids
    projlen=83: 359266 braids
    projlen=84: 171237 braids
    projlen=85: 358208 braids
    projlen=86: 160546 braids
    projlen=87: 355077 braids
    projlen=88: 155837 braids
    projlen=89: 352260 braids
    projlen=90: 154449 braids
    projlen=91: 349805 braids
    projlen=92: 156007 braids
    projlen=93: 347750 braids
    projlen=94: 159520 braids
    projlen=95: 344971 braids
    projlen=96: 162140 braids
    projlen=97: 344215 braids
    projlen=98: 156806 braids
    projlen=99: 307434 braids
    projlen=100: 80969 braids
  Braids kept: 1068276 (in 28 buckets, 2.32 GB CPU)
  ⚡ Timing: matmul=0.15s, sampling=6.58s, total=9.71s
============================================================
Level 138 - SAMPLING
============================================================
  Starting braids: 968276
  Candidates to generate: 4980722
  Processing in 50 chunks...
  Projlen distribution:
    projlen=73: 7 braids
    projlen=74: 14 braids
    projlen=75: 102 braids
    projlen=76: 135 braids
    projlen=77: 1477 braids
    projlen=78: 1558 braids
    projlen=79: 17828 braids
    projlen=80: 14541 braids
    projlen=81: 178038 braids
    projlen=82: 114646 braids
    projlen=83: 307614 braids
    projlen=84: 173478 braids
    projlen=85: 358980 braids
    projlen=86: 160688 braids
    projlen=87: 355107 braids
    projlen=88: 156201 braids
    projlen=89: 352033 braids
    projlen=90: 154606 braids
    projlen=91: 350400 braids
    projlen=92: 153968 braids
    projlen=93: 348377 braids
    projlen=94: 156388 braids
    projlen=95: 345691 braids
    projlen=96: 161929 braids
    projlen=97: 343707 braids
    projlen=98: 164709 braids
    projlen=99: 336337 braids
    projlen=100: 156491 braids
    projlen=101: 115672 braids
  Braids kept: 1085662 (in 29 buckets, 2.37 GB CPU)
  ⚡ Timing: matmul=0.15s, sampling=6.64s, total=9.74s
============================================================
Level 139 - SAMPLING
============================================================
  Starting braids: 985662
  Candidates to generate: 5099378
  Processing in 51 chunks...
  Projlen distribution:
    projlen=73: 4 braids
    projlen=74: 6 braids
    projlen=75: 87 braids
    projlen=76: 110 braids
    projlen=77: 866 braids
    projlen=78: 945 braids
    projlen=79: 9985 braids
    projlen=80: 8548 braids
    projlen=81: 93685 braids
    projlen=82: 62967 braids
    projlen=83: 281473 braids
    projlen=84: 175939 braids
    projlen=85: 361848 braids
    projlen=86: 165262 braids
    projlen=87: 355690 braids
    projlen=88: 156191 braids
    projlen=89: 352746 braids
    projlen=90: 154803 braids
    projlen=91: 350077 braids
    projlen=92: 153870 braids
    projlen=93: 349416 braids
    projlen=94: 153927 braids
    projlen=95: 347487 braids
    projlen=96: 157560 braids
    projlen=97: 344886 braids
    projlen=98: 165355 braids
    projlen=99: 339627 braids
    projlen=100: 168737 braids
    projlen=101: 305014 braids
    projlen=102: 82267 braids
  Braids kept: 1120551 (in 30 buckets, 2.47 GB CPU)
  ⚡ Timing: matmul=0.13s, sampling=7.05s, total=10.28s
============================================================
Level 140 - SAMPLING
============================================================
  Starting braids: 970551
  Candidates to generate: 5023321
  Processing in 51 chunks...
  Projlen distribution:
    projlen=73: 2 braids
    projlen=74: 3 braids
    projlen=75: 58 braids
    projlen=76: 61 braids
    projlen=77: 746 braids
    projlen=78: 719 braids
    projlen=79: 6109 braids
    projlen=80: 5154 braids
    projlen=81: 54774 braids
    projlen=82: 38646 braids
    projlen=83: 270145 braids
    projlen=84: 177823 braids
    projlen=85: 364976 braids
    projlen=86: 170398 braids
    projlen=87: 357863 braids
    projlen=88: 157804 braids
    projlen=89: 352754 braids
    projlen=90: 154721 braids
    projlen=91: 351351 braids
    projlen=92: 154161 braids
    projlen=93: 348857 braids
    projlen=94: 153454 braids
    projlen=95: 348259 braids
    projlen=96: 153658 braids
    projlen=97: 347297 braids
    projlen=98: 159436 braids
    projlen=99: 341465 braids
    projlen=100: 167106 braids
    projlen=101: 303646 braids
    projlen=102: 81875 braids
  Braids kept: 1101498 (in 30 buckets, 2.43 GB CPU)
  ⚡ Timing: matmul=0.14s, sampling=6.93s, total=10.12s
============================================================
Level 141 - SAMPLING
============================================================
  Starting braids: 951498
  Candidates to generate: 4930018
  Processing in 50 chunks...
  Projlen distribution:
    projlen=74: 2 braids
    projlen=75: 20 braids
    projlen=76: 34 braids
    projlen=77: 443 braids
    projlen=78: 465 braids
    projlen=79: 4984 braids
    projlen=80: 4234 braids
    projlen=81: 35628 braids
    projlen=82: 25841 braids
    projlen=83: 252015 braids
    projlen=84: 161580 braids
    projlen=85: 337598 braids
    projlen=86: 172862 braids
    projlen=87: 359584 braids
    projlen=88: 159319 braids
    projlen=89: 355407 braids
    projlen=90: 155267 braids
    projlen=91: 350749 braids
    projlen=92: 153622 braids
    projlen=93: 349645 braids
    projlen=94: 153858 braids
    projlen=95: 348818 braids
    projlen=96: 153777 braids
    projlen=97: 347659 braids
    projlen=98: 154322 braids
    projlen=99: 344916 braids
    projlen=100: 160013 braids
    projlen=101: 306317 braids
    projlen=102: 81039 braids
  Braids kept: 1071651 (in 29 buckets, 2.38 GB CPU)
  ⚡ Timing: matmul=0.14s, sampling=6.71s, total=9.84s
============================================================
Level 142 - SAMPLING
============================================================
  Starting braids: 971651
  Candidates to generate: 5001685
  Processing in 51 chunks...
  Projlen distribution:
    projlen=74: 1 braids
    projlen=75: 6 braids
    projlen=76: 18 braids
    projlen=77: 171 braids
    projlen=78: 221 braids
    projlen=79: 3001 braids
    projlen=80: 2788 braids
    projlen=81: 29042 braids
    projlen=82: 21496 braids
    projlen=83: 180153 braids
    projlen=84: 113211 braids
    projlen=85: 308513 braids
    projlen=86: 175815 braids
    projlen=87: 361823 braids
    projlen=88: 163121 braids
    projlen=89: 355475 braids
    projlen=90: 155542 braids
    projlen=91: 352060 braids
    projlen=92: 154072 braids
    projlen=93: 349355 braids
    projlen=94: 153481 braids
    projlen=95: 349608 braids
    projlen=96: 153840 braids
    projlen=97: 349309 braids
    projlen=98: 153974 braids
    projlen=99: 347474 braids
    projlen=100: 153759 braids
    projlen=101: 338952 braids
    projlen=102: 158975 braids
    projlen=103: 116429 braids
  Braids kept: 1106744 (in 30 buckets, 2.47 GB CPU)
  ⚡ Timing: matmul=0.14s, sampling=6.93s, total=10.14s
============================================================
Level 143 - SAMPLING
============================================================
  Starting braids: 956744
  Candidates to generate: 4915510
  Processing in 50 chunks...
  Projlen distribution:
    projlen=74: 1 braids
    projlen=75: 5 braids
    projlen=76: 9 braids
    projlen=77: 90 braids
    projlen=78: 122 braids
    projlen=79: 1313 braids
    projlen=80: 1420 braids
    projlen=81: 18255 braids
    projlen=82: 14350 braids
    projlen=83: 145440 braids
    projlen=84: 93960 braids
    projlen=85: 297146 braids
    projlen=86: 174743 braids
    projlen=87: 362699 braids
    projlen=88: 166638 braids
    projlen=89: 357065 braids
    projlen=90: 157173 braids
    projlen=91: 352559 braids
    projlen=92: 154415 braids
    projlen=93: 350423 braids
    projlen=94: 153656 braids
    projlen=95: 348728 braids
    projlen=96: 153150 braids
    projlen=97: 348495 braids
    projlen=98: 153401 braids
    projlen=99: 348984 braids
    projlen=100: 153618 braids
    projlen=101: 341668 braids
    projlen=102: 149957 braids
    projlen=103: 116027 braids
  Braids kept: 1085565 (in 30 buckets, 2.44 GB CPU)
  ⚡ Timing: matmul=0.13s, sampling=6.95s, total=10.11s
============================================================
Level 144 - SAMPLING
============================================================
  Starting braids: 985565
  Candidates to generate: 5087417
  Processing in 51 chunks...
  Projlen distribution:
    projlen=74: 1 braids
    projlen=75: 2 braids
    projlen=76: 6 braids
    projlen=77: 72 braids
    projlen=78: 77 braids
    projlen=79: 767 braids
    projlen=80: 850 braids
    projlen=81: 8876 braids
    projlen=82: 7500 braids
    projlen=83: 92412 braids
    projlen=84: 61961 braids
    projlen=85: 279771 braids
    projlen=86: 175172 braids
    projlen=87: 363497 braids
    projlen=88: 168211 braids
    projlen=89: 358134 braids
    projlen=90: 158571 braids
    projlen=91: 353710 braids
    projlen=92: 154929 braids
    projlen=93: 350951 braids
    projlen=94: 154193 braids
    projlen=95: 348935 braids
    projlen=96: 152930 braids
    projlen=97: 349344 braids
    projlen=98: 153971 braids
    projlen=99: 348612 braids
    projlen=100: 153880 braids
    projlen=101: 346540 braids
    projlen=102: 152378 braids
    projlen=103: 310157 braids
    projlen=104: 81007 braids
  Braids kept: 1118151 (in 31 buckets, 2.53 GB CPU)
  ⚡ Timing: matmul=0.16s, sampling=7.17s, total=10.51s
============================================================
Level 145 - SAMPLING
============================================================
  Starting braids: 968151
  Candidates to generate: 4997487
  Processing in 50 chunks...
  Projlen distribution:
    projlen=74: 1 braids
    projlen=75: 3 braids
    projlen=76: 4 braids
    projlen=77: 47 braids
    projlen=78: 52 braids
    projlen=79: 561 braids
    projlen=80: 548 braids
    projlen=81: 5384 braids
    projlen=82: 4802 braids
    projlen=83: 47701 braids
    projlen=84: 33606 braids
    projlen=85: 263896 braids
    projlen=86: 175807 braids
    projlen=87: 363009 braids
    projlen=88: 170286 braids
    projlen=89: 357746 braids
    projlen=90: 158988 braids
    projlen=91: 354075 braids
    projlen=92: 155868 braids
    projlen=93: 351672 braids
    projlen=94: 154555 braids
    projlen=95: 350377 braids
    projlen=96: 154013 braids
    projlen=97: 348547 braids
    projlen=98: 152933 braids
    projlen=99: 349334 braids
    projlen=100: 153879 braids
    projlen=101: 348565 braids
    projlen=102: 152666 braids
    projlen=103: 308647 braids
    projlen=104: 79915 braids
  Braids kept: 1092709 (in 31 buckets, 2.48 GB CPU)
  ⚡ Timing: matmul=0.16s, sampling=6.94s, total=10.19s
============================================================
Level 146 - SAMPLING
============================================================
  Starting braids: 992709
  Candidates to generate: 5100613
  Processing in 52 chunks...
  Projlen distribution:
    projlen=74: 1 braids
    projlen=75: 7 braids
    projlen=76: 8 braids
    projlen=77: 44 braids
    projlen=78: 45 braids
    projlen=79: 376 braids
    projlen=80: 391 braids
    projlen=81: 3710 braids
    projlen=82: 3167 braids
    projlen=83: 31017 braids
    projlen=84: 24095 braids
    projlen=85: 234284 braids
    projlen=86: 148629 braids
    projlen=87: 322820 braids
    projlen=88: 172567 braids
    projlen=89: 359470 braids
    projlen=90: 159954 braids
    projlen=91: 355880 braids
    projlen=92: 156467 braids
    projlen=93: 351397 braids
    projlen=94: 154861 braids
    projlen=95: 350882 braids
    projlen=96: 154993 braids
    projlen=97: 350180 braids
    projlen=98: 154387 braids
    projlen=99: 349077 braids
    projlen=100: 153330 braids
    projlen=101: 348168 braids
    projlen=102: 152562 braids
    projlen=103: 341273 braids
    projlen=104: 149183 braids
    projlen=105: 117388 braids
  Braids kept: 1112861 (in 32 buckets, 2.54 GB CPU)
  ⚡ Timing: matmul=0.14s, sampling=7.18s, total=10.54s
============================================================
Level 147 - SAMPLING
============================================================
  Starting braids: 962861
  Candidates to generate: 4940997
  Processing in 50 chunks...
  Projlen distribution:
    projlen=75: 7 braids
    projlen=76: 6 braids
    projlen=77: 62 braids
    projlen=78: 55 braids
    projlen=79: 321 braids
    projlen=80: 292 braids
    projlen=81: 2575 braids
    projlen=82: 2197 braids
    projlen=83: 21766 braids
    projlen=84: 16126 braids
    projlen=85: 154021 braids
    projlen=86: 104004 braids
    projlen=87: 300664 braids
    projlen=88: 176797 braids
    projlen=89: 360801 braids
    projlen=90: 164090 braids
    projlen=91: 355597 braids
    projlen=92: 155848 braids
    projlen=93: 353091 braids
    projlen=94: 155367 braids
    projlen=95: 350088 braids
    projlen=96: 154635 braids
    projlen=97: 349465 braids
    projlen=98: 154402 braids
    projlen=99: 348279 braids
    projlen=100: 154245 braids
    projlen=101: 347795 braids
    projlen=102: 152416 braids
    projlen=103: 341829 braids
    projlen=104: 147918 braids
    projlen=105: 116238 braids
  Braids kept: 1093407 (in 31 buckets, 2.51 GB CPU)
  ⚡ Timing: matmul=0.14s, sampling=7.03s, total=10.25s
============================================================
Level 148 - SAMPLING
============================================================
  Starting braids: 993407
  Candidates to generate: 5129179
  Processing in 52 chunks...
  Projlen distribution:
    projlen=75: 4 braids
    projlen=76: 2 braids
    projlen=77: 45 braids
    projlen=78: 36 braids
    projlen=79: 391 braids
    projlen=80: 322 braids
    projlen=81: 2105 braids
    projlen=82: 1708 braids
    projlen=83: 15452 braids
    projlen=84: 11481 braids
    projlen=85: 108001 braids
    projlen=86: 70052 braids
    projlen=87: 280726 braids
    projlen=88: 182344 braids
    projlen=89: 359603 braids
    projlen=90: 169560 braids
    projlen=91: 357890 braids
    projlen=92: 158016 braids
    projlen=93: 352568 braids
    projlen=94: 154123 braids
    projlen=95: 350870 braids
    projlen=96: 154846 braids
    projlen=97: 348730 braids
    projlen=98: 154746 braids
    projlen=99: 349040 braids
    projlen=100: 155312 braids
    projlen=101: 348792 braids
    projlen=102: 154853 braids
    projlen=103: 345631 braids
    projlen=104: 151344 braids
    projlen=105: 310113 braids
    projlen=106: 80473 braids
  Braids kept: 1131546 (in 32 buckets, 2.61 GB CPU)
  ⚡ Timing: matmul=0.14s, sampling=7.34s, total=10.72s
============================================================
Level 149 - SAMPLING
============================================================
  Starting braids: 981546
  Candidates to generate: 5071594
  Processing in 51 chunks...
  Projlen distribution:
    projlen=75: 4 braids
    projlen=76: 2 braids
    projlen=77: 20 braids
    projlen=78: 17 braids
    projlen=79: 268 braids
    projlen=80: 235 braids
    projlen=81: 2309 braids
    projlen=82: 1788 braids
    projlen=83: 12455 braids
    projlen=84: 8940 braids
    projlen=85: 79052 braids
    projlen=86: 51739 braids
    projlen=87: 271302 braids
    projlen=88: 174659 braids
    projlen=89: 359370 braids
    projlen=90: 178344 braids
    projlen=91: 353899 braids
    projlen=92: 162764 braids
    projlen=93: 352397 braids
    projlen=94: 155426 braids
    projlen=95: 350931 braids
    projlen=96: 153570 braids
    projlen=97: 349341 braids
    projlen=98: 154748 braids
    projlen=99: 348513 braids
    projlen=100: 155303 braids
    projlen=101: 347926 braids
    projlen=102: 155666 braids
    projlen=103: 347435 braids
    projlen=104: 153959 braids
    projlen=105: 308558 braids
    projlen=106: 80654 braids
  Braids kept: 1126038 (in 32 buckets, 2.61 GB CPU)
  ⚡ Timing: matmul=0.15s, sampling=7.28s, total=10.62s
============================================================
Level 150 - SAMPLING
============================================================
  Starting braids: 976038
  Candidates to generate: 5052372
  Processing in 51 chunks...
  Projlen distribution:
    projlen=74: 1 braids
    projlen=75: 1 braids
    projlen=76: 3 braids
    projlen=77: 21 braids
    projlen=78: 13 braids
    projlen=79: 130 braids
    projlen=80: 135 braids
    projlen=81: 1542 braids
    projlen=82: 1279 braids
    projlen=83: 12832 braids
    projlen=84: 9177 braids
    projlen=85: 64993 braids
    projlen=86: 42155 braids
    projlen=87: 267967 braids
    projlen=88: 174718 braids
    projlen=89: 361738 braids
    projlen=90: 171480 braids
    projlen=91: 355821 braids
    projlen=92: 170076 braids
    projlen=93: 350071 braids
    projlen=94: 162403 braids
    projlen=95: 349694 braids
    projlen=96: 155440 braids
    projlen=97: 350520 braids
    projlen=98: 154025 braids
    projlen=99: 348852 braids
    projlen=100: 154973 braids
    projlen=101: 347430 braids
    projlen=102: 155764 braids
    projlen=103: 345507 braids
    projlen=104: 154682 braids
    projlen=105: 308219 braids
    projlen=106: 80710 braids
  Braids kept: 1117289 (in 33 buckets, 2.59 GB CPU)
  ⚡ Timing: matmul=0.15s, sampling=7.26s, total=10.62s
============================================================
Level 151 - SAMPLING
============================================================
  Starting braids: 967289
  Candidates to generate: 5014283
  Processing in 51 chunks...
  Projlen distribution:
    projlen=75: 4 braids
    projlen=76: 2 braids
    projlen=77: 15 braids
    projlen=78: 13 braids
    projlen=79: 122 braids
    projlen=80: 106 braids
    projlen=81: 891 braids
    projlen=82: 820 braids
    projlen=83: 8628 braids
    projlen=84: 6555 braids
    projlen=85: 65920 braids
    projlen=86: 43880 braids
    projlen=87: 260406 braids
    projlen=88: 160952 braids
    projlen=89: 342820 braids
    projlen=90: 172170 braids
    projlen=91: 358627 braids
    projlen=92: 160783 braids
    projlen=93: 351690 braids
    projlen=94: 168756 braids
    projlen=95: 345551 braids
    projlen=96: 165174 braids
    projlen=97: 347336 braids
    projlen=98: 156106 braids
    projlen=99: 349451 braids
    projlen=100: 153743 braids
    projlen=101: 349863 braids
    projlen=102: 155777 braids
    projlen=103: 345251 braids
    projlen=104: 154857 braids
    projlen=105: 307260 braids
    projlen=106: 80754 braids
  Braids kept: 1111036 (in 32 buckets, 2.58 GB CPU)
  ⚡ Timing: matmul=0.17s, sampling=7.25s, total=10.58s
============================================================
Level 152 - SAMPLING
============================================================
  Starting braids: 961036
  Candidates to generate: 4985292
  Processing in 50 chunks...
  Projlen distribution:
    projlen=75: 3 braids
    projlen=76: 3 braids
    projlen=77: 18 braids
    projlen=78: 13 braids
    projlen=79: 94 braids
    projlen=80: 77 braids
    projlen=81: 781 braids
    projlen=82: 650 braids
    projlen=83: 5589 braids
    projlen=84: 4423 braids
    projlen=85: 45068 braids
    projlen=86: 31121 braids
    projlen=87: 255396 braids
    projlen=88: 164419 braids
    projlen=89: 346723 braids
    projlen=90: 171257 braids
    projlen=91: 359642 braids
    projlen=92: 162304 braids
    projlen=93: 355339 braids
    projlen=94: 157005 braids
    projlen=95: 346745 braids
    projlen=96: 170887 braids
    projlen=97: 342646 braids
    projlen=98: 170505 braids
    projlen=99: 343941 braids
    projlen=100: 158541 braids
    projlen=101: 348394 braids
    projlen=102: 153845 braids
    projlen=103: 347669 braids
    projlen=104: 154299 braids
    projlen=105: 307686 braids
    projlen=106: 80209 braids
  Braids kept: 1087840 (in 32 buckets, 2.54 GB CPU)
  ⚡ Timing: matmul=0.15s, sampling=6.96s, total=10.21s
============================================================
Level 153 - SAMPLING
============================================================
  Starting braids: 987840
  Candidates to generate: 5096422
  Processing in 51 chunks...
  Projlen distribution:
    projlen=76: 1 braids
    projlen=77: 19 braids
    projlen=78: 16 braids
    projlen=79: 108 braids
    projlen=80: 78 braids
    projlen=81: 581 braids
    projlen=82: 443 braids
    projlen=83: 4586 braids
    projlen=84: 3539 braids
    projlen=85: 31671 braids
    projlen=86: 22371 braids
    projlen=87: 218958 braids
    projlen=88: 136096 braids
    projlen=89: 316643 braids
    projlen=90: 172345 braids
    projlen=91: 358707 braids
    projlen=92: 161329 braids
    projlen=93: 356012 braids
    projlen=94: 157136 braids
    projlen=95: 351903 braids
    projlen=96: 155687 braids
    projlen=97: 343556 braids
    projlen=98: 173916 braids
    projlen=99: 338513 braids
    projlen=100: 177698 braids
    projlen=101: 341616 braids
    projlen=102: 162506 braids
    projlen=103: 346847 braids
    projlen=104: 153691 braids
    projlen=105: 341014 braids
    projlen=106: 151588 braids
    projlen=107: 117248 braids
  Braids kept: 1113413 (in 32 buckets, 2.62 GB CPU)
  ⚡ Timing: matmul=0.16s, sampling=7.29s, total=10.63s
============================================================
Level 154 - SAMPLING
============================================================
  Starting braids: 963413
  Candidates to generate: 4982027
  Processing in 50 chunks...
  Projlen distribution:
    projlen=77: 10 braids
    projlen=78: 11 braids
    projlen=79: 108 braids
    projlen=80: 88 braids
    projlen=81: 595 braids
    projlen=82: 415 braids
    projlen=83: 3381 braids
    projlen=84: 2524 braids
    projlen=85: 25177 braids
    projlen=86: 17952 braids
    projlen=87: 157557 braids
    projlen=88: 98355 braids
    projlen=89: 297538 braids
    projlen=90: 174193 braids
    projlen=91: 361368 braids
    projlen=92: 164680 braids
    projlen=93: 356209 braids
    projlen=94: 156723 braids
    projlen=95: 352932 braids
    projlen=96: 155488 braids
    projlen=97: 349506 braids
    projlen=98: 155468 braids
    projlen=99: 341790 braids
    projlen=100: 178664 braids
    projlen=101: 334502 braids
    projlen=102: 186208 braids
    projlen=103: 337217 braids
    projlen=104: 167741 braids
    projlen=105: 339254 braids
    projlen=106: 150274 braids
    projlen=107: 116099 braids
  Braids kept: 1100261 (in 31 buckets, 2.59 GB CPU)
  ⚡ Timing: matmul=0.16s, sampling=7.13s, total=10.45s
============================================================
Level 155 - SAMPLING
============================================================
  Starting braids: 950261
  Candidates to generate: 4923677
  Processing in 50 chunks...
  Projlen distribution:
    projlen=78: 2 braids
    projlen=79: 77 braids
    projlen=80: 69 braids
    projlen=81: 584 braids
    projlen=82: 445 braids
    projlen=83: 3183 braids
    projlen=84: 2211 braids
    projlen=85: 18844 braids
    projlen=86: 13165 braids
    projlen=87: 123686 braids
    projlen=88: 79258 braids
    projlen=89: 287243 braids
    projlen=90: 174083 braids
    projlen=91: 361955 braids
    projlen=92: 167244 braids
    projlen=93: 357696 braids
    projlen=94: 158133 braids
    projlen=95: 352752 braids
    projlen=96: 154675 braids
    projlen=97: 350102 braids
    projlen=98: 154320 braids
    projlen=99: 348612 braids
    projlen=100: 156795 braids
    projlen=101: 340543 braids
    projlen=102: 184105 braids
    projlen=103: 330295 braids
    projlen=104: 195214 braids
    projlen=105: 326196 braids
    projlen=106: 170158 braids
    projlen=107: 112032 braids
  Braids kept: 1088580 (in 30 buckets, 2.57 GB CPU)
  ⚡ Timing: matmul=0.14s, sampling=7.19s, total=10.42s
============================================================
Level 156 - SAMPLING
============================================================
  Starting braids: 988580
  Candidates to generate: 5144434
  Processing in 52 chunks...
  Projlen distribution:
    projlen=79: 9 braids
    projlen=80: 18 braids
    projlen=81: 459 braids
    projlen=82: 363 braids
    projlen=83: 3156 braids
    projlen=84: 2285 braids
    projlen=85: 17000 braids
    projlen=86: 11413 braids
    projlen=87: 94196 braids
    projlen=88: 59599 braids
    projlen=89: 274778 braids
    projlen=90: 173811 braids
    projlen=91: 361657 braids
    projlen=92: 168616 braids
    projlen=93: 358500 braids
    projlen=94: 159051 braids
    projlen=95: 355334 braids
    projlen=96: 155799 braids
    projlen=97: 349318 braids
    projlen=98: 153293 braids
    projlen=99: 349345 braids
    projlen=100: 154592 braids
    projlen=101: 347122 braids
    projlen=102: 158182 braids
    projlen=103: 338269 braids
    projlen=104: 189966 braids
    projlen=105: 324954 braids
    projlen=106: 203271 braids
    projlen=107: 293165 braids
    projlen=108: 86913 braids
  Braids kept: 1134703 (in 30 buckets, 2.70 GB CPU)
  ⚡ Timing: matmul=0.15s, sampling=7.53s, total=10.94s
============================================================
Level 157 - SAMPLING
============================================================
  Starting braids: 984703
  Candidates to generate: 5106773
  Processing in 52 chunks...
  Projlen distribution:
    projlen=78: 1 braids
    projlen=79: 4 braids
    projlen=80: 8 braids
    projlen=81: 100 braids
    projlen=82: 119 braids
    projlen=83: 2468 braids
    projlen=84: 1870 braids
    projlen=85: 16803 braids
    projlen=86: 11504 braids
    projlen=87: 85315 braids
    projlen=88: 53358 braids
    projlen=89: 272638 braids
    projlen=90: 173284 braids
    projlen=91: 361938 braids
    projlen=92: 170473 braids
    projlen=93: 357183 braids
    projlen=94: 159606 braids
    projlen=95: 355112 braids
    projlen=96: 156440 braids
    projlen=97: 352683 braids
    projlen=98: 154882 braids
    projlen=99: 349715 braids
    projlen=100: 153857 braids
    projlen=101: 348684 braids
    projlen=102: 154880 braids
    projlen=103: 346305 braids
    projlen=104: 160339 braids
    projlen=105: 335451 braids
    projlen=106: 192884 braids
    projlen=107: 293036 braids
    projlen=108: 85833 braids
  Braids kept: 1132877 (in 31 buckets, 2.70 GB CPU)
  ⚡ Timing: matmul=0.14s, sampling=7.56s, total=10.96s
============================================================
Level 158 - SAMPLING
============================================================
  Starting braids: 982877
  Candidates to generate: 5088117
  Processing in 51 chunks...
  Projlen distribution:
    projlen=79: 3 braids
    projlen=80: 6 braids
    projlen=81: 42 braids
    projlen=82: 52 braids
    projlen=83: 787 braids
    projlen=84: 753 braids
    projlen=85: 12828 braids
    projlen=86: 9235 braids
    projlen=87: 84142 braids
    projlen=88: 53856 braids
    projlen=89: 272269 braids
    projlen=90: 172226 braids
    projlen=91: 362973 braids
    projlen=92: 171082 braids
    projlen=93: 359619 braids
    projlen=94: 161091 braids
    projlen=95: 355439 braids
    projlen=96: 157310 braids
    projlen=97: 352915 braids
    projlen=98: 155210 braids
    projlen=99: 351111 braids
    projlen=100: 154383 braids
    projlen=101: 348983 braids
    projlen=102: 153904 braids
    projlen=103: 348113 braids
    projlen=104: 155504 braids
    projlen=105: 344773 braids
    projlen=106: 161458 braids
    projlen=107: 306576 braids
    projlen=108: 81474 braids
  Braids kept: 1123706 (in 30 buckets, 2.68 GB CPU)
  ⚡ Timing: matmul=0.16s, sampling=7.47s, total=10.86s
============================================================
Level 159 - SAMPLING
============================================================
  Starting braids: 973706
  Candidates to generate: 5030332
  Processing in 51 chunks...
  Projlen distribution:
    projlen=81: 35 braids
    projlen=82: 42 braids
    projlen=83: 319 braids
    projlen=84: 352 braids
    projlen=85: 5011 braids
    projlen=86: 4198 braids
    projlen=87: 62981 braids
    projlen=88: 42079 braids
    projlen=89: 267649 braids
    projlen=90: 173165 braids
    projlen=91: 362747 braids
    projlen=92: 170399 braids
    projlen=93: 358579 braids
    projlen=94: 160013 braids
    projlen=95: 355479 braids
    projlen=96: 157223 braids
    projlen=97: 352106 braids
    projlen=98: 156461 braids
    projlen=99: 350691 braids
    projlen=100: 154734 braids
    projlen=101: 349585 braids
    projlen=102: 154231 braids
    projlen=103: 348450 braids
    projlen=104: 154459 braids
    projlen=105: 346301 braids
    projlen=106: 154308 braids
    projlen=107: 308081 braids
    projlen=108: 80654 braids
  Braids kept: 1102036 (in 28 buckets, 2.64 GB CPU)
  ⚡ Timing: matmul=0.14s, sampling=7.35s, total=10.70s
============================================================
Level 160 - SAMPLING
============================================================
  Starting braids: 952036
  Candidates to generate: 4913826
  Processing in 50 chunks...
  Projlen distribution:
    projlen=81: 3 braids
    projlen=82: 8 braids
    projlen=83: 256 braids
    projlen=84: 283 braids
    projlen=85: 2167 braids
    projlen=86: 2052 braids
    projlen=87: 27932 braids
    projlen=88: 20601 braids
    projlen=89: 246563 braids
    projlen=90: 161309 braids
    projlen=91: 343382 braids
    projlen=92: 171234 braids
    projlen=93: 358768 braids
    projlen=94: 159700 braids
    projlen=95: 355530 braids
    projlen=96: 156164 braids
    projlen=97: 352059 braids
    projlen=98: 156455 braids
    projlen=99: 349555 braids
    projlen=100: 156185 braids
    projlen=101: 349036 braids
    projlen=102: 154926 braids
    projlen=103: 347810 braids
    projlen=104: 154005 braids
    projlen=105: 346651 braids
    projlen=106: 152713 braids
    projlen=107: 308250 braids
    projlen=108: 80229 braids
  Braids kept: 1053302 (in 28 buckets, 2.54 GB CPU)
  ⚡ Timing: matmul=0.14s, sampling=7.12s, total=10.38s
============================================================
Level 161 - SAMPLING
============================================================
  Starting braids: 953302
  Candidates to generate: 4881660
  Processing in 49 chunks...
  Projlen distribution:
    projlen=82: 4 braids
    projlen=83: 53 braids
    projlen=84: 93 braids
    projlen=85: 1738 braids
    projlen=86: 1643 braids
    projlen=87: 13451 braids
    projlen=88: 10738 braids
    projlen=89: 138217 braids
    projlen=90: 89515 braids
    projlen=91: 292301 braids
    projlen=92: 173602 braids
    projlen=93: 359785 braids
    projlen=94: 161994 braids
    projlen=95: 355427 braids
    projlen=96: 155704 braids
    projlen=97: 351765 braids
    projlen=98: 154769 braids
    projlen=99: 349019 braids
    projlen=100: 155818 braids
    projlen=101: 348296 braids
    projlen=102: 157469 braids
    projlen=103: 348112 braids
    projlen=104: 155436 braids
    projlen=105: 346903 braids
    projlen=106: 153203 braids
    projlen=107: 339507 braids
    projlen=108: 150192 braids
    projlen=109: 116906 braids
  Braids kept: 1077720 (in 28 buckets, 2.61 GB CPU)
  ⚡ Timing: matmul=0.15s, sampling=7.20s, total=10.52s
============================================================
Level 162 - SAMPLING
============================================================
  Starting braids: 977720
  Candidates to generate: 5035850
  Processing in 51 chunks...
  Projlen distribution:
    projlen=82: 2 braids
    projlen=83: 23 braids
    projlen=84: 62 braids
    projlen=85: 537 braids
    projlen=86: 653 braids
    projlen=87: 10745 braids
    projlen=88: 8546 braids
    projlen=89: 70417 braids
    projlen=90: 47104 braids
    projlen=91: 270683 braids
    projlen=92: 175887 braids
    projlen=93: 361548 braids
    projlen=94: 167771 braids
    projlen=95: 356372 braids
    projlen=96: 156719 braids
    projlen=97: 351736 braids
    projlen=98: 153949 braids
    projlen=99: 349369 braids
    projlen=100: 153727 braids
    projlen=101: 347805 braids
    projlen=102: 156449 braids
    projlen=103: 346848 braids
    projlen=104: 158997 braids
    projlen=105: 346676 braids
    projlen=106: 156245 braids
    projlen=107: 344506 braids
    projlen=108: 152832 braids
    projlen=109: 308895 braids
    projlen=110: 80747 braids
  Braids kept: 1117672 (in 29 buckets, 2.73 GB CPU)
  ⚡ Timing: matmul=0.14s, sampling=7.44s, total=10.87s
============================================================
Level 163 - SAMPLING
============================================================
  Starting braids: 967672
  Candidates to generate: 5007108
  Processing in 51 chunks...
  Projlen distribution:
    projlen=82: 1 braids
    projlen=83: 9 braids
    projlen=84: 25 braids
    projlen=85: 341 braids
    projlen=86: 422 braids
    projlen=87: 4183 braids
    projlen=88: 3762 braids
    projlen=89: 56878 braids
    projlen=90: 40137 braids
    projlen=91: 264417 braids
    projlen=92: 173135 braids
    projlen=93: 355993 braids
    projlen=94: 172603 braids
    projlen=95: 357765 braids
    projlen=96: 159219 braids
    projlen=97: 353532 braids
    projlen=98: 155089 braids
    projlen=99: 351142 braids
    projlen=100: 153855 braids
    projlen=101: 348870 braids
    projlen=102: 153554 braids
    projlen=103: 347770 braids
    projlen=104: 158283 braids
    projlen=105: 345565 braids
    projlen=106: 161688 braids
    projlen=107: 344629 braids
    projlen=108: 156857 braids
    projlen=109: 307286 braids
    projlen=110: 80098 braids
  Braids kept: 1098880 (in 29 buckets, 2.69 GB CPU)
  ⚡ Timing: matmul=0.14s, sampling=7.56s, total=10.96s
============================================================
Level 164 - SAMPLING
============================================================
  Starting braids: 998880
  Candidates to generate: 5146872
  Processing in 52 chunks...
  Projlen distribution:
    projlen=83: 9 braids
    projlen=84: 15 braids
    projlen=85: 171 braids
    projlen=86: 225 braids
    projlen=87: 2764 braids
    projlen=88: 2601 braids
    projlen=89: 24965 braids
    projlen=90: 19177 braids
    projlen=91: 248888 braids
    projlen=92: 163515 braids
    projlen=93: 339055 braids
    projlen=94: 175355 braids
    projlen=95: 358178 braids
    projlen=96: 162250 braids
    projlen=97: 354324 braids
    projlen=98: 157036 braids
    projlen=99: 350242 braids
    projlen=100: 154365 braids
    projlen=101: 350319 braids
    projlen=102: 154100 braids
    projlen=103: 349497 braids
    projlen=104: 153988 braids
    projlen=105: 346764 braids
    projlen=106: 159933 braids
    projlen=107: 343357 braids
    projlen=108: 164666 braids
    projlen=109: 337878 braids
    projlen=110: 156881 braids
    projlen=111: 116354 braids
  Braids kept: 1099927 (in 29 buckets, 2.72 GB CPU)
  ⚡ Timing: matmul=0.20s, sampling=7.64s, total=11.20s
============================================================
Level 165 - SAMPLING
============================================================
  Starting braids: 999927
  Candidates to generate: 5175993
  Processing in 52 chunks...
  Projlen distribution:
    projlen=83: 14 braids
    projlen=84: 14 braids
    projlen=85: 109 braids
    projlen=86: 146 braids
    projlen=87: 1469 braids
    projlen=88: 1496 braids
    projlen=89: 17271 braids
    projlen=90: 13655 braids
    projlen=91: 127326 braids
    projlen=92: 82738 braids
    projlen=93: 291344 braids
    projlen=94: 176653 braids
    projlen=95: 360256 braids
    projlen=96: 166841 braids
    projlen=97: 354260 braids
    projlen=98: 159225 braids
    projlen=99: 351275 braids
    projlen=100: 156601 braids
    projlen=101: 350329 braids
    projlen=102: 155128 braids
    projlen=103: 349028 braids
    projlen=104: 153549 braids
    projlen=105: 349564 braids
    projlen=106: 154560 braids
    projlen=107: 345924 braids
    projlen=108: 162373 braids
    projlen=109: 339484 braids
    projlen=110: 168188 braids
    projlen=111: 304636 braids
    projlen=112: 82537 braids
  Braids kept: 1134174 (in 30 buckets, 2.82 GB CPU)
  ⚡ Timing: matmul=0.16s, sampling=7.84s, total=11.41s
============================================================
Level 166 - SAMPLING
============================================================
  Starting braids: 984174
  Candidates to generate: 5097582
  Processing in 51 chunks...
  Projlen distribution:
    projlen=82: 1 braids
    projlen=83: 7 braids
    projlen=84: 13 braids
    projlen=85: 113 braids
    projlen=86: 116 braids
    projlen=87: 955 braids
    projlen=88: 1005 braids
    projlen=89: 9953 braids
    projlen=90: 8149 braids
    projlen=91: 89383 braids
    projlen=92: 59849 braids
    projlen=93: 279379 braids
    projlen=94: 177013 braids
    projlen=95: 363210 braids
    projlen=96: 170145 braids
    projlen=97: 355998 braids
    projlen=98: 162494 braids
    projlen=99: 349937 braids
    projlen=100: 158796 braids
    projlen=101: 348847 braids
    projlen=102: 157239 braids
    projlen=103: 348411 braids
    projlen=104: 155502 braids
    projlen=105: 348277 braids
    projlen=106: 153551 braids
    projlen=107: 348874 braids
    projlen=108: 154481 braids
    projlen=109: 344919 braids
    projlen=110: 163711 braids
    projlen=111: 305269 braids
    projlen=112: 81985 braids
  Braids kept: 1120312 (in 31 buckets, 2.79 GB CPU)
  ⚡ Timing: matmul=0.16s, sampling=7.79s, total=11.31s
============================================================
Level 167 - SAMPLING
============================================================
  Starting braids: 970312
  Candidates to generate: 5028414
  Processing in 51 chunks...
  Projlen distribution:
    projlen=83: 5 braids
    projlen=84: 10 braids
    projlen=85: 66 braids
    projlen=86: 76 braids
    projlen=87: 853 braids
    projlen=88: 770 braids
    projlen=89: 6710 braids
    projlen=90: 5581 braids
    projlen=91: 54027 braids
    projlen=92: 37414 braids
    projlen=93: 267386 braids
    projlen=94: 176842 braids
    projlen=95: 364273 braids
    projlen=96: 172679 braids
    projlen=97: 358663 braids
    projlen=98: 161099 braids
    projlen=99: 351396 braids
    projlen=100: 161843 braids
    projlen=101: 347077 braids
    projlen=102: 160447 braids
    projlen=103: 347002 braids
    projlen=104: 158688 braids
    projlen=105: 347111 braids
    projlen=106: 156371 braids
    projlen=107: 347900 braids
    projlen=108: 154220 braids
    projlen=109: 347148 braids
    projlen=110: 153247 braids
    projlen=111: 308858 braids
    projlen=112: 80652 braids
  Braids kept: 1101485 (in 30 buckets, 2.75 GB CPU)
  ⚡ Timing: matmul=0.14s, sampling=7.65s, total=11.14s
============================================================
Level 168 - SAMPLING
============================================================
  Starting braids: 951485
  Candidates to generate: 4946719
  Processing in 50 chunks...
  Projlen distribution:
    projlen=84: 4 braids
    projlen=85: 47 braids
    projlen=86: 69 braids
    projlen=87: 492 braids
    projlen=88: 480 braids
    projlen=89: 5438 braids
    projlen=90: 4514 braids
    projlen=91: 38646 braids
    projlen=92: 27850 braids
    projlen=93: 250712 braids
    projlen=94: 157929 braids
    projlen=95: 333955 braids
    projlen=96: 173314 braids
    projlen=97: 358574 braids
    projlen=98: 161866 braids
    projlen=99: 354084 braids
    projlen=100: 159852 braids
    projlen=101: 347518 braids
    projlen=102: 163374 braids
    projlen=103: 344891 braids
    projlen=104: 164288 braids
    projlen=105: 345143 braids
    projlen=106: 161678 braids
    projlen=107: 346302 braids
    projlen=108: 158395 braids
    projlen=109: 345858 braids
    projlen=110: 153044 braids
    projlen=111: 308329 braids
    projlen=112: 80073 braids
  Braids kept: 1077540 (in 29 buckets, 2.70 GB CPU)
  ⚡ Timing: matmul=0.23s, sampling=7.41s, total=10.91s
============================================================
Level 169 - SAMPLING
============================================================
  Starting braids: 977540
  Candidates to generate: 5049794
  Processing in 51 chunks...
  Projlen distribution:
    projlen=84: 2 braids
    projlen=85: 14 braids
    projlen=86: 34 braids
    projlen=87: 385 braids
    projlen=88: 400 braids
    projlen=89: 3229 braids
    projlen=90: 2744 braids
    projlen=91: 31229 braids
    projlen=92: 22844 braids
    projlen=93: 193205 braids
    projlen=94: 121214 braids
    projlen=95: 311454 braids
    projlen=96: 174973 braids
    projlen=97: 361195 braids
    projlen=98: 163246 braids
    projlen=99: 354384 braids
    projlen=100: 158743 braids
    projlen=101: 349663 braids
    projlen=102: 159659 braids
    projlen=103: 345487 braids
    projlen=104: 166660 braids
    projlen=105: 341987 braids
    projlen=106: 169044 braids
    projlen=107: 342960 braids
    projlen=108: 165218 braids
    projlen=109: 344393 braids
    projlen=110: 159979 braids
    projlen=111: 338147 braids
    projlen=112: 150638 braids
    projlen=113: 116664 braids
  Braids kept: 1110881 (in 30 buckets, 2.80 GB CPU)
  ⚡ Timing: matmul=0.15s, sampling=7.76s, total=11.25s
============================================================
Level 170 - SAMPLING
============================================================
  Starting braids: 960881
  Candidates to generate: 4978429
  Processing in 50 chunks...
  Projlen distribution:
    projlen=85: 10 braids
    projlen=86: 18 braids
    projlen=87: 184 braids
    projlen=88: 207 braids
    projlen=89: 2561 braids
    projlen=90: 2221 braids
    projlen=91: 19307 braids
    projlen=92: 14269 braids
    projlen=93: 154731 braids
    projlen=94: 99923 braids
    projlen=95: 299918 braids
    projlen=96: 174847 braids
    projlen=97: 362149 braids
    projlen=98: 165951 braids
    projlen=99: 356900 braids
    projlen=100: 157836 braids
    projlen=101: 350810 braids
    projlen=102: 158739 braids
    projlen=103: 347440 braids
    projlen=104: 161495 braids
    projlen=105: 343411 braids
    projlen=106: 171500 braids
    projlen=107: 339030 braids
    projlen=108: 175165 braids
    projlen=109: 339392 braids
    projlen=110: 170184 braids
    projlen=111: 336467 braids
    projlen=112: 158970 braids
    projlen=113: 114794 braids
  Braids kept: 1088777 (in 29 buckets, 2.76 GB CPU)
  ⚡ Timing: matmul=0.15s, sampling=7.63s, total=11.08s
============================================================
Level 171 - SAMPLING
============================================================
  Starting braids: 988777
  Candidates to generate: 5154223
  Processing in 52 chunks...
  Projlen distribution:
    projlen=85: 3 braids
    projlen=86: 5 braids
    projlen=87: 116 braids
    projlen=88: 132 braids
    projlen=89: 1398 braids
    projlen=90: 1275 braids
    projlen=91: 15028 braids
    projlen=92: 11326 braids
    projlen=93: 97290 braids
    projlen=94: 62708 braids
    projlen=95: 280296 braids
    projlen=96: 176033 braids
    projlen=97: 362157 braids
    projlen=98: 167441 braids
    projlen=99: 358527 braids
    projlen=100: 158778 braids
    projlen=101: 353955 braids
    projlen=102: 155936 braids
    projlen=103: 348470 braids
    projlen=104: 159726 braids
    projlen=105: 346141 braids
    projlen=106: 164859 braids
    projlen=107: 340725 braids
    projlen=108: 177499 braids
    projlen=109: 336038 braids
    projlen=110: 182843 braids
    projlen=111: 332494 braids
    projlen=112: 176159 braids
    projlen=113: 303734 braids
    projlen=114: 83131 braids
  Braids kept: 1129283 (in 30 buckets, 2.87 GB CPU)
  ⚡ Timing: matmul=0.17s, sampling=8.05s, total=11.68s
============================================================
Level 172 - SAMPLING
============================================================
  Starting braids: 979283
  Candidates to generate: 5103449
  Processing in 52 chunks...
  Projlen distribution:
    projlen=86: 1 braids
    projlen=87: 30 braids
    projlen=88: 49 braids
    projlen=89: 918 braids
    projlen=90: 907 braids
    projlen=91: 8671 braids
    projlen=92: 6830 braids
    projlen=93: 75835 braids
    projlen=94: 50826 braids
    projlen=95: 271771 braids
    projlen=96: 174516 braids
    projlen=97: 363210 braids
    projlen=98: 170918 braids
    projlen=99: 357578 braids
    projlen=100: 158479 braids
    projlen=101: 353771 braids
    projlen=102: 155771 braids
    projlen=103: 351240 braids
    projlen=104: 155334 braids
    projlen=105: 347130 braids
    projlen=106: 161688 braids
    projlen=107: 344388 braids
    projlen=108: 169567 braids
    projlen=109: 338323 braids
    projlen=110: 184838 braids
    projlen=111: 329840 braids
    projlen=112: 189515 braids
    projlen=113: 296760 braids
    projlen=114: 84745 braids
  Braids kept: 1117406 (in 29 buckets, 2.85 GB CPU)
  ⚡ Timing: matmul=0.14s, sampling=7.95s, total=11.52s
============================================================
Level 173 - SAMPLING
============================================================
  Starting braids: 967406
  Candidates to generate: 5029124
  Processing in 51 chunks...
  Projlen distribution:
    projlen=87: 4 braids
    projlen=88: 10 braids
    projlen=89: 316 braids
    projlen=90: 396 braids
    projlen=91: 5823 braids
    projlen=92: 4922 braids
    projlen=93: 46283 braids
    projlen=94: 31969 braids
    projlen=95: 261805 braids
    projlen=96: 174762 braids
    projlen=97: 361440 braids
    projlen=98: 171585 braids
    projlen=99: 357963 braids
    projlen=100: 159624 braids
    projlen=101: 354202 braids
    projlen=102: 155417 braids
    projlen=103: 351560 braids
    projlen=104: 154391 braids
    projlen=105: 350275 braids
    projlen=106: 155761 braids
    projlen=107: 345881 braids
    projlen=108: 164599 braids
    projlen=109: 339840 braids
    projlen=110: 174270 braids
    projlen=111: 333332 braids
    projlen=112: 190443 braids
    projlen=113: 297009 braids
    projlen=114: 85242 braids
  Braids kept: 1089723 (in 28 buckets, 2.79 GB CPU)
  ⚡ Timing: matmul=0.14s, sampling=7.82s, total=11.32s
============================================================
Level 174 - SAMPLING
============================================================
  Starting braids: 989723
  Candidates to generate: 5121971
  Processing in 52 chunks...
  Projlen distribution:
    projlen=87: 3 braids
    projlen=88: 6 braids
    projlen=89: 81 braids
    projlen=90: 154 braids
    projlen=91: 2386 braids
    projlen=92: 2445 braids
    projlen=93: 32567 braids
    projlen=94: 24536 braids
    projlen=95: 225690 braids
    projlen=96: 140256 braids
    projlen=97: 319099 braids
    projlen=98: 174050 braids
    projlen=99: 358532 braids
    projlen=100: 161034 braids
    projlen=101: 354621 braids
    projlen=102: 155743 braids
    projlen=103: 351112 braids
    projlen=104: 154652 braids
    projlen=105: 349520 braids
    projlen=106: 153588 braids
    projlen=107: 348102 braids
    projlen=108: 155875 braids
    projlen=109: 343904 braids
    projlen=110: 168239 braids
    projlen=111: 337878 braids
    projlen=112: 180888 braids
    projlen=113: 323727 braids
    projlen=114: 191199 braids
    projlen=115: 112084 braids
  Braids kept: 1112178 (in 29 buckets, 2.87 GB CPU)
  ⚡ Timing: matmul=0.16s, sampling=8.03s, total=11.67s
============================================================
Level 175 - SAMPLING
============================================================
  Starting braids: 962178
  Candidates to generate: 4965088
  Processing in 50 chunks...
  Projlen distribution:
    projlen=88: 1 braids
    projlen=89: 41 braids
    projlen=90: 98 braids
    projlen=91: 911 braids
    projlen=92: 1214 braids
    projlen=93: 15117 braids
    projlen=94: 12567 braids
    projlen=95: 159144 braids
    projlen=96: 105278 braids
    projlen=97: 301209 braids
    projlen=98: 175162 braids
    projlen=99: 360622 braids
    projlen=100: 165558 braids
    projlen=101: 355625 braids
    projlen=102: 157335 braids
    projlen=103: 351386 braids
    projlen=104: 154859 braids
    projlen=105: 349703 braids
    projlen=106: 154148 braids
    projlen=107: 348670 braids
    projlen=108: 153634 braids
    projlen=109: 347604 braids
    projlen=110: 156629 braids
    projlen=111: 342777 braids
    projlen=112: 172707 braids
    projlen=113: 329465 braids
    projlen=114: 181213 braids
    projlen=115: 112411 braids
  Braids kept: 1079949 (in 28 buckets, 2.80 GB CPU)
  ⚡ Timing: matmul=0.15s, sampling=7.81s, total=11.31s
============================================================
Level 176 - SAMPLING
============================================================
  Starting braids: 979949
  Candidates to generate: 5071301
  Processing in 51 chunks...
  Projlen distribution:
    projlen=87: 1 braids
    projlen=88: 2 braids
    projlen=89: 17 braids
    projlen=90: 37 braids
    projlen=91: 489 braids
    projlen=92: 719 braids
    projlen=93: 7402 braids
    projlen=94: 6676 braids
    projlen=95: 78084 braids
    projlen=96: 53469 braids
    projlen=97: 273849 braids
    projlen=98: 178101 braids
    projlen=99: 360165 braids
    projlen=100: 168304 braids
    projlen=101: 356987 braids
    projlen=102: 159039 braids
    projlen=103: 353363 braids
    projlen=104: 156672 braids
    projlen=105: 349735 braids
    projlen=106: 154485 braids
    projlen=107: 348938 braids
    projlen=108: 154436 braids
    projlen=109: 349094 braids
    projlen=110: 154409 braids
    projlen=111: 346182 braids
    projlen=112: 157872 braids
    projlen=113: 338861 braids
    projlen=114: 176964 braids
    projlen=115: 302488 braids
    projlen=116: 84461 braids
  Braids kept: 1115343 (in 30 buckets, 2.90 GB CPU)
  ⚡ Timing: matmul=0.17s, sampling=7.99s, total=11.58s
============================================================
Level 177 - SAMPLING
============================================================
  Starting braids: 965343
  Candidates to generate: 4995537
  Processing in 50 chunks...
  Projlen distribution:
    projlen=87: 5 braids
    projlen=88: 4 braids
    projlen=89: 22 braids
    projlen=90: 32 braids
    projlen=91: 237 braids
    projlen=92: 342 braids
    projlen=93: 4168 braids
    projlen=94: 4195 braids
    projlen=95: 42605 braids
    projlen=96: 31439 braids
    projlen=97: 264193 braids
    projlen=98: 177909 braids
    projlen=99: 362711 braids
    projlen=100: 175068 braids
    projlen=101: 355924 braids
    projlen=102: 161144 braids
    projlen=103: 351919 braids
    projlen=104: 156659 braids
    projlen=105: 349915 braids
    projlen=106: 156288 braids
    projlen=107: 348981 braids
    projlen=108: 155233 braids
    projlen=109: 348429 braids
    projlen=110: 154755 braids
    projlen=111: 348049 braids
    projlen=112: 154763 braids
    projlen=113: 344793 braids
    projlen=114: 158177 braids
    projlen=115: 306581 braids
    projlen=116: 80997 braids
  Braids kept: 1083049 (in 30 buckets, 2.83 GB CPU)
  ⚡ Timing: matmul=0.25s, sampling=7.87s, total=11.52s
============================================================
Level 178 - SAMPLING
============================================================
  Starting braids: 983049
  Candidates to generate: 5069281
  Processing in 51 chunks...
  Projlen distribution:
    projlen=87: 7 braids
    projlen=88: 7 braids
    projlen=89: 39 braids
    projlen=90: 35 braids
    projlen=91: 209 braids
    projlen=92: 244 braids
    projlen=93: 2119 braids
    projlen=94: 2230 braids
    projlen=95: 26133 braids
    projlen=96: 21428 braids
    projlen=97: 214841 braids
    projlen=98: 138263 braids
    projlen=99: 320413 braids
    projlen=100: 175036 braids
    projlen=101: 358020 braids
    projlen=102: 165298 braids
    projlen=103: 352276 braids
    projlen=104: 159559 braids
    projlen=105: 349521 braids
    projlen=106: 156983 braids
    projlen=107: 348954 braids
    projlen=108: 157601 braids
    projlen=109: 348850 braids
    projlen=110: 156147 braids
    projlen=111: 346896 braids
    projlen=112: 155223 braids
    projlen=113: 347718 braids
    projlen=114: 154849 braids
    projlen=115: 337464 braids
    projlen=116: 156717 braids
    projlen=117: 116201 braids
  Braids kept: 1102451 (in 31 buckets, 2.90 GB CPU)
  ⚡ Timing: matmul=0.16s, sampling=7.95s, total=11.56s
============================================================
Level 179 - SAMPLING
============================================================
  Starting braids: 952451
  Candidates to generate: 4917399
  Processing in 50 chunks...
  Projlen distribution:
    projlen=87: 3 braids
    projlen=88: 3 braids
    projlen=89: 53 braids
    projlen=90: 46 braids
    projlen=91: 259 braids
    projlen=92: 229 braids
    projlen=93: 1658 braids
    projlen=94: 1591 braids
    projlen=95: 14413 braids
    projlen=96: 11998 braids
    projlen=97: 134053 braids
    projlen=98: 92459 braids
    projlen=99: 297915 braids
    projlen=100: 178241 braids
    projlen=101: 361239 braids
    projlen=102: 166414 braids
    projlen=103: 354322 braids
    projlen=104: 163081 braids
    projlen=105: 348546 braids
    projlen=106: 160732 braids
    projlen=107: 347251 braids
    projlen=108: 158658 braids
    projlen=109: 348083 braids
    projlen=110: 159017 braids
    projlen=111: 347006 braids
    projlen=112: 157944 braids
    projlen=113: 346644 braids
    projlen=114: 156756 braids
    projlen=115: 341095 braids
    projlen=116: 151391 braids
    projlen=117: 116299 braids
  Braids kept: 1080253 (in 31 buckets, 2.85 GB CPU)
  ⚡ Timing: matmul=0.24s, sampling=7.95s, total=11.54s
============================================================
Level 180 - SAMPLING
============================================================
  Starting braids: 980253
  Candidates to generate: 5098879
  Processing in 51 chunks...
  Projlen distribution:
    projlen=89: 25 braids
    projlen=90: 26 braids
    projlen=91: 323 braids
    projlen=92: 262 braids
    projlen=93: 1659 braids
    projlen=94: 1324 braids
    projlen=95: 10896 braids
    projlen=96: 8769 braids
    projlen=97: 76390 braids
    projlen=98: 52885 braids
    projlen=99: 276085 braids
    projlen=100: 183495 braids
    projlen=101: 362839 braids
    projlen=102: 171661 braids
    projlen=103: 356517 braids
    projlen=104: 160088 braids
    projlen=105: 350016 braids
    projlen=106: 163828 braids
    projlen=107: 345528 braids
    projlen=108: 163611 braids
    projlen=109: 345268 braids
    projlen=110: 160463 braids
    projlen=111: 347310 braids
    projlen=112: 161778 braids
    projlen=113: 345844 braids
    projlen=114: 160423 braids
    projlen=115: 344050 braids
    projlen=116: 157703 braids
    projlen=117: 308693 braids
    projlen=118: 81120 braids
  Braids kept: 1123284 (in 30 buckets, 2.98 GB CPU)
  ⚡ Timing: matmul=0.37s, sampling=8.20s, total=12.06s
============================================================
Level 181 - SAMPLING
============================================================
  Starting braids: 973284
  Candidates to generate: 5074900
  Processing in 51 chunks...
  Projlen distribution:
    projlen=90: 6 braids
    projlen=91: 153 braids
    projlen=92: 168 braids
    projlen=93: 1825 braids
    projlen=94: 1445 braids
    projlen=95: 9714 braids
    projlen=96: 7200 braids
    projlen=97: 59105 braids
    projlen=98: 41396 braids
    projlen=99: 268818 braids
    projlen=100: 181294 braids
    projlen=101: 362737 braids
    projlen=102: 178545 braids
    projlen=103: 356324 braids
    projlen=104: 163817 braids
    projlen=105: 352068 braids
    projlen=106: 159158 braids
    projlen=107: 346764 braids
    projlen=108: 166537 braids
    projlen=109: 342859 braids
    projlen=110: 167942 braids
    projlen=111: 343239 braids
    projlen=112: 164660 braids
    projlen=113: 344100 braids
    projlen=114: 164653 braids
    projlen=115: 342385 braids
    projlen=116: 161866 braids
    projlen=117: 305368 braids
    projlen=118: 80754 braids
  Braids kept: 1111907 (in 29 buckets, 2.96 GB CPU)
  ⚡ Timing: matmul=0.22s, sampling=8.06s, total=11.75s
============================================================
Level 182 - SAMPLING
============================================================
  Starting braids: 961907
  Candidates to generate: 5032617
  Processing in 51 chunks...
  Projlen distribution:
    projlen=91: 21 braids
    projlen=92: 50 braids
    projlen=93: 993 braids
    projlen=94: 907 braids
    projlen=95: 9888 braids
    projlen=96: 7394 braids
    projlen=97: 52223 braids
    projlen=98: 35792 braids
    projlen=99: 256952 braids
    projlen=100: 167190 braids
    projlen=101: 342112 braids
    projlen=102: 178321 braids
    projlen=103: 356738 braids
    projlen=104: 169648 braids
    projlen=105: 351767 braids
    projlen=106: 163010 braids
    projlen=107: 349364 braids
    projlen=108: 160401 braids
    projlen=109: 344944 braids
    projlen=110: 170610 braids
    projlen=111: 339759 braids
    projlen=112: 174234 braids
    projlen=113: 339963 braids
    projlen=114: 169019 braids
    projlen=115: 339088 braids
    projlen=116: 166657 braids
    projlen=117: 303884 braids
    projlen=118: 81688 braids
  Braids kept: 1105045 (in 28 buckets, 2.95 GB CPU)
  ⚡ Timing: matmul=0.18s, sampling=8.07s, total=11.71s
============================================================
Level 183 - SAMPLING
============================================================
  Starting braids: 955045
  Candidates to generate: 5011525
  Processing in 51 chunks...
  Projlen distribution:
    projlen=91: 3 braids
    projlen=92: 21 braids
    projlen=93: 272 braids
    projlen=94: 359 braids
    projlen=95: 5900 braids
    projlen=96: 4820 braids
    projlen=97: 51793 braids
    projlen=98: 35994 braids
    projlen=99: 249170 braids
    projlen=100: 155803 braids
    projlen=101: 329469 braids
    projlen=102: 179083 braids
    projlen=103: 357440 braids
    projlen=104: 169200 braids
    projlen=105: 351780 braids
    projlen=106: 168948 braids
    projlen=107: 347136 braids
    projlen=108: 164971 braids
    projlen=109: 345338 braids
    projlen=110: 162529 braids
    projlen=111: 343152 braids
    projlen=112: 175827 braids
    projlen=113: 337354 braids
    projlen=114: 181833 braids
    projlen=115: 334267 braids
    projlen=116: 174388 braids
    projlen=117: 302115 braids
    projlen=118: 82560 braids
  Braids kept: 1097369 (in 28 buckets, 2.93 GB CPU)
  ⚡ Timing: matmul=0.15s, sampling=8.07s, total=11.66s
============================================================
Level 184 - SAMPLING
============================================================
  Starting braids: 997369
  Candidates to generate: 5212087
  Processing in 53 chunks...
  Projlen distribution:
    projlen=92: 3 braids
    projlen=93: 110 braids
    projlen=94: 158 braids
    projlen=95: 2233 braids
    projlen=96: 2228 braids
    projlen=97: 32570 braids
    projlen=98: 23903 braids
    projlen=99: 243601 braids
    projlen=100: 155558 braids
    projlen=101: 328393 braids
    projlen=102: 177551 braids
    projlen=103: 358186 braids
    projlen=104: 169961 braids
    projlen=105: 352842 braids
    projlen=106: 166659 braids
    projlen=107: 346271 braids
    projlen=108: 171622 braids
    projlen=109: 342986 braids
    projlen=110: 169384 braids
    projlen=111: 342716 braids
    projlen=112: 166869 braids
    projlen=113: 338867 braids
    projlen=114: 180967 braids
    projlen=115: 332933 braids
    projlen=116: 189716 braids
    projlen=117: 324480 braids
    projlen=118: 178649 braids
    projlen=119: 112671 braids
  Braids kept: 1111205 (in 28 buckets, 2.99 GB CPU)
  ⚡ Timing: matmul=0.15s, sampling=8.43s, total=12.17s
============================================================
Level 185 - SAMPLING
============================================================
  Starting braids: 961205
  Candidates to generate: 5025049
  Processing in 51 chunks...
  Projlen distribution:
    projlen=92: 3 braids
    projlen=93: 47 braids
    projlen=94: 69 braids
    projlen=95: 1084 braids
    projlen=96: 1176 braids
    projlen=97: 14389 braids
    projlen=98: 11828 braids
    projlen=99: 159403 braids
    projlen=100: 103611 braids
    projlen=101: 301250 braids
    projlen=102: 177269 braids
    projlen=103: 359889 braids
    projlen=104: 170320 braids
    projlen=105: 354256 braids
    projlen=106: 166209 braids
    projlen=107: 347947 braids
    projlen=108: 167475 braids
    projlen=109: 341791 braids
    projlen=110: 176244 braids
    projlen=111: 338226 braids
    projlen=112: 175603 braids
    projlen=113: 338669 braids
    projlen=114: 172346 braids
    projlen=115: 335222 braids
    projlen=116: 186820 braids
    projlen=117: 322479 braids
    projlen=118: 190794 braids
    projlen=119: 110630 braids
  Braids kept: 1078596 (in 28 buckets, 2.91 GB CPU)
  ⚡ Timing: matmul=0.13s, sampling=8.21s, total=11.80s
============================================================
Level 186 - SAMPLING
============================================================
  Starting braids: 978596
  Candidates to generate: 5134646
  Processing in 52 chunks...
  Projlen distribution:
    projlen=92: 3 braids
    projlen=93: 36 braids
    projlen=94: 53 braids
    projlen=95: 463 braids
    projlen=96: 596 braids
    projlen=97: 7590 braids
    projlen=98: 6630 braids
    projlen=99: 76042 braids
    projlen=100: 51633 braids
    projlen=101: 274240 braids
    projlen=102: 176557 braids
    projlen=103: 361245 braids
    projlen=104: 170158 braids
    projlen=105: 354517 braids
    projlen=106: 165370 braids
    projlen=107: 350048 braids
    projlen=108: 167128 braids
    projlen=109: 344013 braids
    projlen=110: 171817 braids
    projlen=111: 337454 braids
    projlen=112: 182768 braids
    projlen=113: 334839 braids
    projlen=114: 184233 braids
    projlen=115: 334169 braids
    projlen=116: 179855 braids
    projlen=117: 329246 braids
    projlen=118: 193376 braids
    projlen=119: 295047 braids
    projlen=120: 85520 braids
  Braids kept: 1115371 (in 29 buckets, 3.03 GB CPU)
  ⚡ Timing: matmul=0.20s, sampling=8.51s, total=12.29s
============================================================
Level 187 - SAMPLING
============================================================
  Starting braids: 965371
  Candidates to generate: 5077735
  Processing in 51 chunks...
  Projlen distribution:
    projlen=92: 1 braids
    projlen=93: 18 braids
    projlen=94: 37 braids
    projlen=95: 341 braids
    projlen=96: 397 braids
    projlen=97: 3712 braids
    projlen=98: 3557 braids
    projlen=99: 42559 braids
    projlen=100: 31135 braids
    projlen=101: 266562 braids
    projlen=102: 178769 braids
    projlen=103: 364904 braids
    projlen=104: 172811 braids
    projlen=105: 357326 braids
    projlen=106: 163680 braids
    projlen=107: 350035 braids
    projlen=108: 165924 braids
    projlen=109: 343405 braids
    projlen=110: 169623 braids
    projlen=111: 339715 braids
    projlen=112: 178451 braids
    projlen=113: 333523 braids
    projlen=114: 190284 braids
    projlen=115: 329938 braids
    projlen=116: 194035 braids
    projlen=117: 327910 braids
    projlen=118: 187769 braids
    projlen=119: 297509 braids
    projlen=120: 83805 braids
  Braids kept: 1081757 (in 29 buckets, 2.95 GB CPU)
  ⚡ Timing: matmul=0.19s, sampling=8.22s, total=11.96s
============================================================
Level 188 - SAMPLING
============================================================
  Starting braids: 981757
  Candidates to generate: 5158999
  Processing in 52 chunks...
  Projlen distribution:
    projlen=93: 11 braids
    projlen=94: 21 braids
    projlen=95: 192 braids
    projlen=96: 252 braids
    projlen=97: 2664 braids
    projlen=98: 2499 braids
    projlen=99: 23353 braids
    projlen=100: 18344 braids
    projlen=101: 211408 braids
    projlen=102: 136378 braids
    projlen=103: 320982 braids
    projlen=104: 175634 braids
    projlen=105: 359743 braids
    projlen=106: 162154 braids
    projlen=107: 353494 braids
    projlen=108: 162795 braids
    projlen=109: 347058 braids
    projlen=110: 169491 braids
    projlen=111: 340368 braids
    projlen=112: 175311 braids
    projlen=113: 335134 braids
    projlen=114: 185738 braids
    projlen=115: 328887 braids
    projlen=116: 199354 braids
    projlen=117: 323452 braids
    projlen=118: 203293 braids
    projlen=119: 317263 braids
    projlen=120: 193074 braids
    projlen=121: 110652 braids
  Braids kept: 1097336 (in 29 buckets, 3.01 GB CPU)
  ⚡ Timing: matmul=0.15s, sampling=8.44s, total=12.21s
============================================================
Level 189 - SAMPLING
============================================================
  Starting braids: 997336
  Candidates to generate: 5259006
  Processing in 53 chunks...
  Projlen distribution:
    projlen=93: 2 braids
    projlen=94: 11 braids
    projlen=95: 120 braids
    projlen=96: 179 braids
    projlen=97: 1538 braids
    projlen=98: 1572 braids
    projlen=99: 16842 braids
    projlen=100: 13173 braids
    projlen=101: 120755 braids
    projlen=102: 79145 braids
    projlen=103: 291017 braids
    projlen=104: 177642 braids
    projlen=105: 363241 braids
    projlen=106: 167011 braids
    projlen=107: 355821 braids
    projlen=108: 159501 braids
    projlen=109: 349341 braids
    projlen=110: 163946 braids
    projlen=111: 343364 braids
    projlen=112: 174262 braids
    projlen=113: 336036 braids
    projlen=114: 181856 braids
    projlen=115: 330634 braids
    projlen=116: 194998 braids
    projlen=117: 323442 braids
    projlen=118: 207858 braids
    projlen=119: 315481 braids
    projlen=120: 213094 braids
    projlen=121: 289116 braids
    projlen=122: 88008 braids
  Braids kept: 1133437 (in 30 buckets, 3.13 GB CPU)
  ⚡ Timing: matmul=0.16s, sampling=8.84s, total=12.69s
============================================================
Level 190 - SAMPLING
============================================================
  Starting braids: 983437
  Candidates to generate: 5182079
  Processing in 52 chunks...
  Projlen distribution:
    projlen=94: 3 braids
    projlen=95: 44 braids
    projlen=96: 85 braids
    projlen=97: 1059 braids
    projlen=98: 1155 braids
    projlen=99: 10102 braids
    projlen=100: 8284 braids
    projlen=101: 86803 braids
    projlen=102: 58533 braids
    projlen=103: 279671 braids
    projlen=104: 177905 braids
    projlen=105: 364607 braids
    projlen=106: 170774 braids
    projlen=107: 358521 braids
    projlen=108: 160407 braids
    projlen=109: 352607 braids
    projlen=110: 159116 braids
    projlen=111: 346384 braids
    projlen=112: 166640 braids
    projlen=113: 339863 braids
    projlen=114: 180625 braids
    projlen=115: 332352 braids
    projlen=116: 192187 braids
    projlen=117: 325893 braids
    projlen=118: 203437 braids
    projlen=119: 316410 braids
    projlen=120: 214945 braids
    projlen=121: 285152 braids
    projlen=122: 88515 braids
  Braids kept: 1120732 (in 29 buckets, 3.10 GB CPU)
  ⚡ Timing: matmul=0.16s, sampling=8.76s, total=12.56s
============================================================
Level 191 - SAMPLING
============================================================
  Starting braids: 970732
  Candidates to generate: 5105998
  Processing in 52 chunks...
  Projlen distribution:
    projlen=94: 1 braids
    projlen=95: 12 braids
    projlen=96: 31 braids
    projlen=97: 497 braids
    projlen=98: 604 braids
    projlen=99: 7283 braids
    projlen=100: 6164 braids
    projlen=101: 54504 braids
    projlen=102: 37795 braids
    projlen=103: 267547 braids
    projlen=104: 177353 braids
    projlen=105: 364113 braids
    projlen=106: 172994 braids
    projlen=107: 358881 braids
    projlen=108: 161444 braids
    projlen=109: 354401 braids
    projlen=110: 158304 braids
    projlen=111: 348793 braids
    projlen=112: 159491 braids
    projlen=113: 343951 braids
    projlen=114: 171243 braids
    projlen=115: 336051 braids
    projlen=116: 187645 braids
    projlen=117: 327755 braids
    projlen=118: 201138 braids
    projlen=119: 319862 braids
    projlen=120: 211341 braids
    projlen=121: 288767 braids
    projlen=122: 88033 braids
  Braids kept: 1102387 (in 29 buckets, 3.06 GB CPU)
  ⚡ Timing: matmul=0.14s, sampling=8.52s, total=12.28s
============================================================
Level 192 - SAMPLING
============================================================
  Starting braids: 952387
  Candidates to generate: 4998371
  Processing in 50 chunks...
  Projlen distribution:
    projlen=95: 7 braids
    projlen=96: 10 braids
    projlen=97: 195 braids
    projlen=98: 261 braids
    projlen=99: 3741 braids
    projlen=100: 3511 braids
    projlen=101: 41264 braids
    projlen=102: 30004 braids
    projlen=103: 251510 braids
    projlen=104: 157699 braids
    projlen=105: 334537 braids
    projlen=106: 174079 braids
    projlen=107: 359303 braids
    projlen=108: 162196 braids
    projlen=109: 354803 braids
    projlen=110: 158497 braids
    projlen=111: 350184 braids
    projlen=112: 158037 braids
    projlen=113: 345696 braids
    projlen=114: 161346 braids
    projlen=115: 341217 braids
    projlen=116: 176609 braids
    projlen=117: 331293 braids
    projlen=118: 195597 braids
    projlen=119: 321387 braids
    projlen=120: 208285 braids
    projlen=121: 289748 braids
    projlen=122: 87355 braids
  Braids kept: 1078993 (in 28 buckets, 3.00 GB CPU)
  ⚡ Timing: matmul=0.16s, sampling=8.17s, total=11.85s
============================================================
Level 193 - SAMPLING
============================================================
  Starting braids: 978993
  Candidates to generate: 5112883
  Processing in 52 chunks...
  Projlen distribution:
    projlen=95: 3 braids
    projlen=96: 8 braids
    projlen=97: 108 braids
    projlen=98: 117 braids
    projlen=99: 1695 braids
    projlen=100: 1878 braids
    projlen=101: 22890 braids
    projlen=102: 18165 braids
    projlen=103: 203088 braids
    projlen=104: 129651 braids
    projlen=105: 315197 braids
    projlen=106: 173785 braids
    projlen=107: 360905 braids
    projlen=108: 164733 braids
    projlen=109: 355017 braids
    projlen=110: 158941 braids
    projlen=111: 350457 braids
    projlen=112: 158509 braids
    projlen=113: 347644 braids
    projlen=114: 158953 braids
    projlen=115: 344376 braids
    projlen=116: 164498 braids
    projlen=117: 337985 braids
    projlen=118: 182795 braids
    projlen=119: 327662 braids
    projlen=120: 203859 braids
    projlen=121: 312453 braids
    projlen=122: 208686 braids
    projlen=123: 108825 braids
  Braids kept: 1094864 (in 29 buckets, 3.07 GB CPU)
  ⚡ Timing: matmul=0.15s, sampling=8.63s, total=12.39s
============================================================
Level 194 - SAMPLING
============================================================
  Starting braids: 994864
  Candidates to generate: 5193228
  Processing in 52 chunks...
  Projlen distribution:
    projlen=96: 2 braids
    projlen=97: 56 braids
    projlen=98: 77 braids
    projlen=99: 861 braids
    projlen=100: 896 braids
    projlen=101: 11925 braids
    projlen=102: 10246 braids
    projlen=103: 116578 braids
    projlen=104: 77462 braids
    projlen=105: 288583 braids
    projlen=106: 175548 braids
    projlen=107: 361585 braids
    projlen=108: 165471 braids
    projlen=109: 356898 braids
    projlen=110: 158805 braids
    projlen=111: 351676 braids
    projlen=112: 158235 braids
    projlen=113: 348021 braids
    projlen=114: 159069 braids
    projlen=115: 345508 braids
    projlen=116: 161399 braids
    projlen=117: 342921 braids
    projlen=118: 168833 braids
    projlen=119: 334626 braids
    projlen=120: 189136 braids
    projlen=121: 321209 braids
    projlen=122: 210156 braids
    projlen=123: 288712 braids
    projlen=124: 88734 braids
  Braids kept: 1124063 (in 29 buckets, 3.17 GB CPU)
  ⚡ Timing: matmul=0.16s, sampling=8.80s, total=12.66s
============================================================
Level 195 - SAMPLING
============================================================
  Starting braids: 974063
  Candidates to generate: 5076415
  Processing in 51 chunks...
  Projlen distribution:
    projlen=96: 3 braids
    projlen=97: 12 braids
    projlen=98: 35 braids
    projlen=99: 484 braids
    projlen=100: 586 braids
    projlen=101: 6028 braids
    projlen=102: 5284 braids
    projlen=103: 64856 braids
    projlen=104: 45304 braids
    projlen=105: 272561 braids
    projlen=106: 177146 braids
    projlen=107: 363520 braids
    projlen=108: 168795 braids
    projlen=109: 356910 braids
    projlen=110: 158081 braids
    projlen=111: 352879 braids
    projlen=112: 157101 braids
    projlen=113: 349816 braids
    projlen=114: 159332 braids
    projlen=115: 346148 braids
    projlen=116: 161302 braids
    projlen=117: 343883 braids
    projlen=118: 164569 braids
    projlen=119: 340593 braids
    projlen=120: 174935 braids
    projlen=121: 331426 braids
    projlen=122: 194743 braids
    projlen=123: 294065 braids
    projlen=124: 86018 braids
  Braids kept: 1107736 (in 29 buckets, 3.13 GB CPU)
  ⚡ Timing: matmul=0.15s, sampling=8.50s, total=12.25s
============================================================
Level 196 - SAMPLING
============================================================
  Starting braids: 957736
  Candidates to generate: 4991272
  Processing in 50 chunks...
  Projlen distribution:
    projlen=96: 5 braids
    projlen=97: 4 braids
    projlen=98: 22 braids
    projlen=99: 191 braids
    projlen=100: 294 braids
    projlen=101: 3517 braids
    projlen=102: 3429 braids
    projlen=103: 34712 braids
    projlen=104: 25720 braids
    projlen=105: 259666 braids
    projlen=106: 172329 braids
    projlen=107: 354210 braids
    projlen=108: 172997 braids
    projlen=109: 359093 braids
    projlen=110: 159037 braids
    projlen=111: 353268 braids
    projlen=112: 155541 braids
    projlen=113: 349947 braids
    projlen=114: 156653 braids
    projlen=115: 348179 braids
    projlen=116: 161355 braids
    projlen=117: 344832 braids
    projlen=118: 164499 braids
    projlen=119: 342706 braids
    projlen=120: 169751 braids
    projlen=121: 337293 braids
    projlen=122: 179349 braids
    projlen=123: 299643 braids
    projlen=124: 83030 braids
  Braids kept: 1067894 (in 29 buckets, 3.03 GB CPU)
  ⚡ Timing: matmul=0.16s, sampling=8.33s, total=12.04s
============================================================
Level 197 - SAMPLING
============================================================
  Starting braids: 967894
  Candidates to generate: 5020960
  Processing in 51 chunks...
  Projlen distribution:
    projlen=96: 1 braids
    projlen=97: 16 braids
    projlen=98: 19 braids
    projlen=99: 134 braids
    projlen=100: 180 braids
    projlen=101: 1703 braids
    projlen=102: 1869 braids
    projlen=103: 21904 braids
    projlen=104: 17542 braids
    projlen=105: 174085 braids
    projlen=106: 111811 braids
    projlen=107: 307745 braids
    projlen=108: 175918 braids
    projlen=109: 359735 braids
    projlen=110: 161078 braids
    projlen=111: 355659 braids
    projlen=112: 155821 braids
    projlen=113: 351749 braids
    projlen=114: 154794 braids
    projlen=115: 349847 braids
    projlen=116: 157803 braids
    projlen=117: 346632 braids
    projlen=118: 163528 braids
    projlen=119: 342245 braids
    projlen=120: 168685 braids
    projlen=121: 340547 braids
    projlen=122: 175722 braids
    projlen=123: 329063 braids
    projlen=124: 181747 braids
    projlen=125: 113378 braids
  Braids kept: 1093368 (in 30 buckets, 3.12 GB CPU)
  ⚡ Timing: matmul=0.14s, sampling=8.63s, total=12.37s
============================================================
Level 198 - SAMPLING
============================================================
  Starting braids: 993368
  Candidates to generate: 5168176
  Processing in 52 chunks...
  Projlen distribution:
    projlen=97: 10 braids
    projlen=98: 13 braids
    projlen=99: 150 braids
    projlen=100: 149 braids
    projlen=101: 1171 braids
    projlen=102: 1203 braids
    projlen=103: 11797 braids
    projlen=104: 9957 braids
    projlen=105: 112943 braids
    projlen=106: 76007 braids
    projlen=107: 288191 braids
    projlen=108: 176004 braids
    projlen=109: 363063 braids
    projlen=110: 167016 braids
    projlen=111: 356792 braids
    projlen=112: 156868 braids
    projlen=113: 352379 braids
    projlen=114: 154445 braids
    projlen=115: 350387 braids
    projlen=116: 154367 braids
    projlen=117: 347992 braids
    projlen=118: 158886 braids
    projlen=119: 344867 braids
    projlen=120: 167235 braids
    projlen=121: 340098 braids
    projlen=122: 174122 braids
    projlen=123: 334685 braids
    projlen=124: 181488 braids
    projlen=125: 301552 braids
    projlen=126: 84339 braids
  Braids kept: 1124450 (in 30 buckets, 3.23 GB CPU)
  ⚡ Timing: matmul=0.19s, sampling=8.97s, total=12.89s
============================================================
Level 199 - SAMPLING
============================================================
  Starting braids: 974450
  Candidates to generate: 5067710
  Processing in 51 chunks...
  Projlen distribution:
    projlen=97: 3 braids
    projlen=98: 4 braids
    projlen=99: 94 braids
    projlen=100: 97 braids
    projlen=101: 1034 braids
    projlen=102: 968 braids
    projlen=103: 8143 braids
    projlen=104: 6698 braids
    projlen=105: 63537 braids
    projlen=106: 44712 braids
    projlen=107: 272430 braids
    projlen=108: 178537 braids
    projlen=109: 362822 braids
    projlen=110: 169376 braids
    projlen=111: 358261 braids
    projlen=112: 159616 braids
    projlen=113: 354326 braids
    projlen=114: 155783 braids
    projlen=115: 351361 braids
    projlen=116: 154653 braids
    projlen=117: 349549 braids
    projlen=118: 154270 braids
    projlen=119: 347125 braids
    projlen=120: 159963 braids
    projlen=121: 343026 braids
    projlen=122: 171969 braids
    projlen=123: 335868 braids
    projlen=124: 180046 braids
    projlen=125: 300020 braids
    projlen=126: 83419 braids
  Braids kept: 1111753 (in 30 buckets, 3.20 GB CPU)
  ⚡ Timing: matmul=0.15s, sampling=8.72s, total=12.53s
============================================================
Level 200 - SAMPLING
============================================================
  Starting braids: 961753
  Candidates to generate: 5003701
  Processing in 51 chunks...
  Projlen distribution:
    projlen=99: 38 braids
    projlen=100: 45 braids
    projlen=101: 650 braids
    projlen=102: 617 braids
    projlen=103: 6506 braids
    projlen=104: 5328 braids
    projlen=105: 45819 braids
    projlen=106: 32635 braids
    projlen=107: 261655 braids
    projlen=108: 173712 braids
    projlen=109: 352963 braids
    projlen=110: 173908 braids
    projlen=111: 359613 braids
    projlen=112: 160523 braids
    projlen=113: 354413 braids
    projlen=114: 156082 braids
    projlen=115: 349991 braids
    projlen=116: 154434 braids
    projlen=117: 349975 braids
    projlen=118: 154348 braids
    projlen=119: 349101 braids
    projlen=120: 154622 braids
    projlen=121: 345440 braids
    projlen=122: 161895 braids
    projlen=123: 338801 braids
    projlen=124: 175899 braids
    projlen=125: 301735 braids
    projlen=126: 82953 braids
  Braids kept: 1091638 (in 28 buckets, 3.15 GB CPU)
  ⚡ Timing: matmul=0.16s, sampling=8.58s, total=12.37s
============================================================
Level 201 - SAMPLING
============================================================
  Starting braids: 991638
  Candidates to generate: 5133318
  Processing in 52 chunks...
  Projlen distribution:
    projlen=99: 2 braids
    projlen=100: 12 braids
    projlen=101: 288 braids
    projlen=102: 331 braids
    projlen=103: 4214 braids
    projlen=104: 3580 braids
    projlen=105: 36648 braids
    projlen=106: 26846 braids
    projlen=107: 230591 braids
    projlen=108: 144472 braids
    projlen=109: 323720 braids
    projlen=110: 178243 braids
    projlen=111: 359911 braids
    projlen=112: 163986 braids
    projlen=113: 355073 braids
    projlen=114: 157077 braids
    projlen=115: 351233 braids
    projlen=116: 155397 braids
    projlen=117: 348056 braids
    projlen=118: 154532 braids
    projlen=119: 348276 braids
    projlen=120: 154106 braids
    projlen=121: 348647 braids
    projlen=122: 155343 braids
    projlen=123: 346190 braids
    projlen=124: 164997 braids
    projlen=125: 331098 braids
    projlen=126: 176564 braids
    projlen=127: 113885 braids
  Braids kept: 1121921 (in 29 buckets, 3.25 GB CPU)
  ⚡ Timing: matmul=0.15s, sampling=9.03s, total=12.91s
============================================================
Level 202 - SAMPLING
============================================================
  Starting braids: 971921
  Candidates to generate: 5021749
  Processing in 51 chunks...
  Projlen distribution:
    projlen=99: 1 braids
    projlen=100: 7 braids
    projlen=101: 50 braids
    projlen=102: 119 braids
    projlen=103: 2072 braids
    projlen=104: 2063 braids
    projlen=105: 24809 braids
    projlen=106: 18749 braids
    projlen=107: 183746 braids
    projlen=108: 117729 braids
    projlen=109: 311726 braids
    projlen=110: 176297 braids
    projlen=111: 360541 braids
    projlen=112: 168803 braids
    projlen=113: 355288 braids
    projlen=114: 160050 braids
    projlen=115: 352128 braids
    projlen=116: 157128 braids
    projlen=117: 350461 braids
    projlen=118: 156156 braids
    projlen=119: 347397 braids
    projlen=120: 155332 braids
    projlen=121: 348105 braids
    projlen=122: 154557 braids
    projlen=123: 347619 braids
    projlen=124: 155042 braids
    projlen=125: 337971 braids
    projlen=126: 162563 braids
    projlen=127: 115240 braids
  Braids kept: 1097870 (in 29 buckets, 3.19 GB CPU)
  ⚡ Timing: matmul=0.14s, sampling=8.82s, total=12.62s
============================================================
Level 203 - SAMPLING
============================================================
  Starting braids: 997870
  Candidates to generate: 5173018
  Processing in 52 chunks...
  Projlen distribution:
    projlen=99: 4 braids
    projlen=100: 10 braids
    projlen=101: 39 braids
    projlen=102: 72 braids
    projlen=103: 686 braids
    projlen=104: 886 braids
    projlen=105: 12967 braids
    projlen=106: 10681 braids
    projlen=107: 126546 braids
    projlen=108: 82789 braids
    projlen=109: 293124 braids
    projlen=110: 176620 braids
    projlen=111: 363694 braids
    projlen=112: 167726 braids
    projlen=113: 355679 braids
    projlen=114: 163098 braids
    projlen=115: 349968 braids
    projlen=116: 159369 braids
    projlen=117: 348117 braids
    projlen=118: 156964 braids
    projlen=119: 348893 braids
    projlen=120: 156478 braids
    projlen=121: 347231 braids
    projlen=122: 156378 braids
    projlen=123: 348024 braids
    projlen=124: 155900 braids
    projlen=125: 345771 braids
    projlen=126: 155418 braids
    projlen=127: 308831 braids
    projlen=128: 81055 braids
  Braids kept: 1125345 (in 30 buckets, 3.29 GB CPU)
  ⚡ Timing: matmul=0.16s, sampling=9.12s, total=13.05s
============================================================
Level 204 - SAMPLING
============================================================
  Starting braids: 975345
  Candidates to generate: 5060237
  Processing in 51 chunks...
  Projlen distribution:
    projlen=98: 1 braids
    projlen=99: 2 braids
    projlen=100: 7 braids
    projlen=101: 56 braids
    projlen=102: 68 braids
    projlen=103: 496 braids
    projlen=104: 566 braids
    projlen=105: 5459 braids
    projlen=106: 5008 braids
    projlen=107: 67488 braids
    projlen=108: 46846 braids
    projlen=109: 274163 braids
    projlen=110: 177334 braids
    projlen=111: 365417 braids
    projlen=112: 170329 braids
    projlen=113: 358014 braids
    projlen=114: 159563 braids
    projlen=115: 351771 braids
    projlen=116: 162609 braids
    projlen=117: 347977 braids
    projlen=118: 161647 braids
    projlen=119: 346805 braids
    projlen=120: 158722 braids
    projlen=121: 347448 braids
    projlen=122: 157667 braids
    projlen=123: 347310 braids
    projlen=124: 158553 braids
    projlen=125: 345695 braids
    projlen=126: 154885 braids
    projlen=127: 307806 braids
    projlen=128: 80525 braids
  Braids kept: 1108509 (in 31 buckets, 3.25 GB CPU)
  ⚡ Timing: matmul=0.15s, sampling=8.83s, total=12.68s
============================================================
Level 205 - SAMPLING
============================================================
  Starting braids: 958509
  Candidates to generate: 4979891
  Processing in 50 chunks...
  Projlen distribution:
    projlen=99: 4 braids
    projlen=100: 4 braids
    projlen=101: 43 braids
    projlen=102: 63 braids
    projlen=103: 481 braids
    projlen=104: 487 braids
    projlen=105: 3718 braids
    projlen=106: 3304 braids
    projlen=107: 32373 braids
    projlen=108: 24108 braids
    projlen=109: 257810 braids
    projlen=110: 173055 braids
    projlen=111: 357479 braids
    projlen=112: 172381 braids
    projlen=113: 358777 braids
    projlen=114: 160211 braids
    projlen=115: 354169 braids
    projlen=116: 157561 braids
    projlen=117: 348712 braids
    projlen=118: 164334 braids
    projlen=119: 344560 braids
    projlen=120: 164523 braids
    projlen=121: 344404 braids
    projlen=122: 161428 braids
    projlen=123: 345780 braids
    projlen=124: 159924 braids
    projlen=125: 344191 braids
    projlen=126: 158729 braids
    projlen=127: 306622 braids
    projlen=128: 80656 braids
  Braids kept: 1064585 (in 30 buckets, 3.13 GB CPU)
  ⚡ Timing: matmul=0.15s, sampling=8.62s, total=12.40s
============================================================
Level 206 - SAMPLING
============================================================
  Starting braids: 964585
  Candidates to generate: 4992185
  Processing in 50 chunks...
  Projlen distribution:
    projlen=99: 5 braids
    projlen=100: 4 braids
    projlen=101: 30 braids
    projlen=102: 31 braids
    projlen=103: 367 braids
    projlen=104: 393 braids
    projlen=105: 3249 braids
    projlen=106: 2720 braids
    projlen=107: 22680 braids
    projlen=108: 16929 braids
    projlen=109: 164744 braids
    projlen=110: 105694 braids
    projlen=111: 303939 braids
    projlen=112: 175451 braids
    projlen=113: 360801 braids
    projlen=114: 161619 braids
    projlen=115: 354483 braids
    projlen=116: 157131 braids
    projlen=117: 351546 braids
    projlen=118: 157365 braids
    projlen=119: 346111 braids
    projlen=120: 167092 braids
    projlen=121: 342777 braids
    projlen=122: 170390 braids
    projlen=123: 342802 braids
    projlen=124: 165505 braids
    projlen=125: 343919 braids
    projlen=126: 162554 braids
    projlen=127: 337596 braids
    projlen=128: 158156 braids
    projlen=129: 116102 braids
  Braids kept: 1096408 (in 31 buckets, 3.25 GB CPU)
  ⚡ Timing: matmul=0.27s, sampling=8.80s, total=14.13s
============================================================
Level 207 - SAMPLING
============================================================
  Starting braids: 996408
  Candidates to generate: 5184052
  Processing in 52 chunks...
  Projlen distribution:
    projlen=99: 4 braids
    projlen=100: 2 braids
    projlen=101: 36 braids
    projlen=102: 29 braids
    projlen=103: 223 braids
    projlen=104: 236 braids
    projlen=105: 2506 braids
    projlen=106: 2199 braids
    projlen=107: 19200 braids
    projlen=108: 14031 braids
    projlen=109: 115750 braids
    projlen=110: 74403 braids
    projlen=111: 288116 braids
    projlen=112: 176749 braids
    projlen=113: 363507 braids
    projlen=114: 167453 braids
    projlen=115: 355794 braids
    projlen=116: 157081 braids
    projlen=117: 351298 braids
    projlen=118: 156378 braids
    projlen=119: 347993 braids
    projlen=120: 158044 braids
    projlen=121: 344685 braids
    projlen=122: 171409 braids
    projlen=123: 339067 braids
    projlen=124: 176388 braids
    projlen=125: 338150 braids
    projlen=126: 171264 braids
    projlen=127: 338654 braids
    projlen=128: 165437 braids
    projlen=129: 306083 braids
    projlen=130: 81883 braids
  Braids kept: 1138466 (in 32 buckets, 3.39 GB CPU)
  ⚡ Timing: matmul=0.20s, sampling=9.54s, total=15.08s
============================================================
Level 208 - SAMPLING
============================================================
  Starting braids: 988466
  Candidates to generate: 5149768
  Processing in 52 chunks...
  Projlen distribution:
    projlen=99: 2 braids
    projlen=100: 2 braids
    projlen=101: 28 braids
    projlen=102: 20 braids
    projlen=103: 223 braids
    projlen=104: 189 braids
    projlen=105: 1595 braids
    projlen=106: 1443 braids
    projlen=107: 14901 braids
    projlen=108: 11208 braids
    projlen=109: 97529 braids
    projlen=110: 62848 braids
    projlen=111: 279786 braids
    projlen=112: 175350 braids
    projlen=113: 364554 braids
    projlen=114: 170368 braids
    projlen=115: 358871 braids
    projlen=116: 159263 braids
    projlen=117: 352957 braids
    projlen=118: 155553 braids
    projlen=119: 349742 braids
    projlen=120: 156823 braids
    projlen=121: 346420 braids
    projlen=122: 159270 braids
    projlen=123: 342027 braids
    projlen=124: 175542 braids
    projlen=125: 335149 braids
    projlen=126: 184331 braids
    projlen=127: 332921 braids
    projlen=128: 177447 braids
    projlen=129: 300901 braids
    projlen=130: 82505 braids
  Braids kept: 1129611 (in 32 buckets, 3.37 GB CPU)
  ⚡ Timing: matmul=0.18s, sampling=9.52s, total=14.99s
============================================================
Level 209 - SAMPLING
============================================================
  Starting braids: 979611
  Candidates to generate: 5102567
  Processing in 52 chunks...
  Projlen distribution:
    projlen=101: 17 braids
    projlen=102: 18 braids
    projlen=103: 169 braids
    projlen=104: 145 braids
    projlen=105: 1357 braids
    projlen=106: 1127 braids
    projlen=107: 10090 braids
    projlen=108: 7761 braids
    projlen=109: 75747 braids
    projlen=110: 50480 braids
    projlen=111: 272273 braids
    projlen=112: 174068 braids
    projlen=113: 362725 braids
    projlen=114: 170501 braids
    projlen=115: 358997 braids
    projlen=116: 159691 braids
    projlen=117: 355171 braids
    projlen=118: 156774 braids
    projlen=119: 351474 braids
    projlen=120: 155961 braids
    projlen=121: 348442 braids
    projlen=122: 157807 braids
    projlen=123: 344762 braids
    projlen=124: 161902 braids
    projlen=125: 339735 braids
    projlen=126: 181085 braids
    projlen=127: 331269 braids
    projlen=128: 191320 braids
    projlen=129: 296587 braids
    projlen=130: 85112 braids
  Braids kept: 1120684 (in 30 buckets, 3.35 GB CPU)
  ⚡ Timing: matmul=0.16s, sampling=9.31s, total=14.74s
============================================================
Level 210 - SAMPLING
============================================================
  Starting braids: 970684
  Candidates to generate: 5039128
  Processing in 51 chunks...
  Projlen distribution:
    projlen=101: 2 braids
    projlen=102: 4 braids
    projlen=103: 104 braids
    projlen=104: 102 braids
    projlen=105: 1055 braids
    projlen=106: 886 braids
    projlen=107: 7919 braids
    projlen=108: 6022 braids
    projlen=109: 54243 braids
    projlen=110: 36745 braids
    projlen=111: 263758 braids
    projlen=112: 173739 braids
    projlen=113: 361644 braids
    projlen=114: 170968 braids
    projlen=115: 358937 braids
    projlen=116: 160212 braids
    projlen=117: 355364 braids
    projlen=118: 155857 braids
    projlen=119: 350828 braids
    projlen=120: 155564 braids
    projlen=121: 348839 braids
    projlen=122: 155909 braids
    projlen=123: 346292 braids
    projlen=124: 159321 braids
    projlen=125: 343667 braids
    projlen=126: 166057 braids
    projlen=127: 336427 braids
    projlen=128: 186072 braids
    projlen=129: 297677 braids
    projlen=130: 84914 braids
  Braids kept: 1102839 (in 30 buckets, 3.30 GB CPU)
  ⚡ Timing: matmul=0.17s, sampling=9.17s, total=14.55s
============================================================
Level 211 - SAMPLING
============================================================
  Starting braids: 952839
  Candidates to generate: 4936855
  Processing in 50 chunks...
  Projlen distribution:
    projlen=102: 1 braids
    projlen=103: 16 braids
    projlen=104: 29 braids
    projlen=105: 630 braids
    projlen=106: 598 braids
    projlen=107: 6255 braids
    projlen=108: 4878 braids
    projlen=109: 42930 braids
    projlen=110: 29650 braids
    projlen=111: 250369 braids
    projlen=112: 154859 braids
    projlen=113: 329274 braids
    projlen=114: 171729 braids
    projlen=115: 357888 braids
    projlen=116: 159591 braids
    projlen=117: 355312 braids
    projlen=118: 156060 braids
    projlen=119: 351894 braids
    projlen=120: 154795 braids
    projlen=121: 349881 braids
    projlen=122: 155748 braids
    projlen=123: 347982 braids
    projlen=124: 157052 braids
    projlen=125: 344532 braids
    projlen=126: 161300 braids
    projlen=127: 339761 braids
    projlen=128: 168273 braids
    projlen=129: 303512 braids
    projlen=130: 82056 braids
  Braids kept: 1084987 (in 29 buckets, 3.26 GB CPU)
  ⚡ Timing: matmul=0.19s, sampling=8.94s, total=14.24s
============================================================
Level 212 - SAMPLING
============================================================
  Starting braids: 984987
  Candidates to generate: 5073669
  Processing in 51 chunks...
  Projlen distribution:
    projlen=103: 7 braids
    projlen=104: 11 braids
    projlen=105: 143 braids
    projlen=106: 176 braids
    projlen=107: 3803 braids
    projlen=108: 3249 braids
    projlen=109: 34698 braids
    projlen=110: 24671 braids
    projlen=111: 210493 braids
    projlen=112: 130053 braids
    projlen=113: 314296 braids
    projlen=114: 173223 braids
    projlen=115: 360526 braids
    projlen=116: 162745 braids
    projlen=117: 355211 braids
    projlen=118: 155864 braids
    projlen=119: 352541 braids
    projlen=120: 154809 braids
    projlen=121: 349636 braids
    projlen=122: 153854 braids
    projlen=123: 348051 braids
    projlen=124: 155852 braids
    projlen=125: 346999 braids
    projlen=126: 159181 braids
    projlen=127: 343195 braids
    projlen=128: 164118 braids
    projlen=129: 332967 braids
    projlen=130: 168765 braids
    projlen=131: 114532 braids
  Braids kept: 1116758 (in 29 buckets, 3.37 GB CPU)
  ⚡ Timing: matmul=0.19s, sampling=9.13s, total=14.54s
============================================================
Level 213 - SAMPLING
============================================================
  Starting braids: 966758
  Candidates to generate: 4977952
  Processing in 50 chunks...
  Projlen distribution:
    projlen=103: 3 braids
    projlen=104: 8 braids
    projlen=105: 71 braids
    projlen=106: 90 braids
    projlen=107: 1138 braids
    projlen=108: 1191 braids
    projlen=109: 21571 braids
    projlen=110: 16504 braids
    projlen=111: 170568 braids
    projlen=112: 108039 braids
    projlen=113: 302579 braids
    projlen=114: 173449 braids
    projlen=115: 360500 braids
    projlen=116: 164821 braids
    projlen=117: 357168 braids
    projlen=118: 157249 braids
    projlen=119: 353412 braids
    projlen=120: 154570 braids
    projlen=121: 351654 braids
    projlen=122: 154179 braids
    projlen=123: 350007 braids
    projlen=124: 154419 braids
    projlen=125: 346763 braids
    projlen=126: 156675 braids
    projlen=127: 345400 braids
    projlen=128: 161069 braids
    projlen=129: 336879 braids
    projlen=130: 163368 braids
    projlen=131: 114608 braids
  Braids kept: 1090576 (in 29 buckets, 3.30 GB CPU)
  ⚡ Timing: matmul=0.19s, sampling=9.11s, total=14.43s
============================================================
Level 214 - SAMPLING
============================================================
  Starting braids: 990576
  Candidates to generate: 5116988
  Processing in 52 chunks...
  Projlen distribution:
    projlen=104: 3 braids
    projlen=105: 41 braids
    projlen=106: 56 braids
    projlen=107: 602 braids
    projlen=108: 611 braids
    projlen=109: 7777 braids
    projlen=110: 6670 braids
    projlen=111: 106657 braids
    projlen=112: 71339 braids
    projlen=113: 283028 braids
    projlen=114: 173990 braids
    projlen=115: 361942 braids
    projlen=116: 166745 braids
    projlen=117: 357371 braids
    projlen=118: 157758 braids
    projlen=119: 354329 braids
    projlen=120: 155057 braids
    projlen=121: 351115 braids
    projlen=122: 153878 braids
    projlen=123: 350707 braids
    projlen=124: 153974 braids
    projlen=125: 349785 braids
    projlen=126: 155105 braids
    projlen=127: 346962 braids
    projlen=128: 158682 braids
    projlen=129: 341975 braids
    projlen=130: 162805 braids
    projlen=131: 306276 braids
    projlen=132: 81748 braids
  Braids kept: 1115760 (in 29 buckets, 3.40 GB CPU)
  ⚡ Timing: matmul=0.17s, sampling=9.67s, total=15.19s
============================================================
Level 215 - SAMPLING
============================================================
  Starting braids: 965760
  Candidates to generate: 4985438
  Processing in 50 chunks...
  Projlen distribution:
    projlen=105: 16 braids
    projlen=106: 31 braids
    projlen=107: 363 braids
    projlen=108: 427 braids
    projlen=109: 4182 braids
    projlen=110: 3650 braids
    projlen=111: 41917 braids
    projlen=112: 29779 braids
    projlen=113: 262227 braids
    projlen=114: 176235 braids
    projlen=115: 362954 braids
    projlen=116: 169515 braids
    projlen=117: 357810 braids
    projlen=118: 158158 braids
    projlen=119: 354156 braids
    projlen=120: 155129 braids
    projlen=121: 351769 braids
    projlen=122: 154128 braids
    projlen=123: 349383 braids
    projlen=124: 153297 braids
    projlen=125: 349917 braids
    projlen=126: 153804 braids
    projlen=127: 349272 braids
    projlen=128: 155399 braids
    projlen=129: 344782 braids
    projlen=130: 159184 braids
    projlen=131: 306722 braids
    projlen=132: 81232 braids
  Braids kept: 1080365 (in 28 buckets, 3.30 GB CPU)
  ⚡ Timing: matmul=0.19s, sampling=9.05s, total=14.41s
============================================================
Level 216 - SAMPLING
============================================================
  Starting braids: 980365
  Candidates to generate: 5035869
  Processing in 51 chunks...
  Projlen distribution:
    projlen=105: 3 braids
    projlen=106: 13 braids
    projlen=107: 185 braids
    projlen=108: 243 braids
    projlen=109: 2616 braids
    projlen=110: 2450 braids
    projlen=111: 24567 braids
    projlen=112: 18539 braids
    projlen=113: 206451 braids
    projlen=114: 131262 braids
    projlen=115: 315306 braids
    projlen=116: 173598 braids
    projlen=117: 360564 braids
    projlen=118: 160257 braids
    projlen=119: 354959 braids
    projlen=120: 155395 braids
    projlen=121: 351720 braids
    projlen=122: 154250 braids
    projlen=123: 349913 braids
    projlen=124: 153200 braids
    projlen=125: 349110 braids
    projlen=126: 153290 braids
    projlen=127: 348522 braids
    projlen=128: 153135 braids
    projlen=129: 348178 braids
    projlen=130: 155262 braids
    projlen=131: 338699 braids
    projlen=132: 158143 braids
    projlen=133: 116039 braids
  Braids kept: 1098616 (in 29 buckets, 3.38 GB CPU)
  ⚡ Timing: matmul=0.17s, sampling=9.36s, total=14.81s
============================================================
Level 217 - SAMPLING
============================================================
  Starting braids: 998616
  Candidates to generate: 5149876
  Processing in 52 chunks...
  Projlen distribution:
    projlen=106: 5 braids
    projlen=107: 75 braids
    projlen=108: 117 braids
    projlen=109: 1525 braids
    projlen=110: 1526 braids
    projlen=111: 16053 braids
    projlen=112: 12622 braids
    projlen=113: 123311 braids
    projlen=114: 80108 braids
    projlen=115: 289830 braids
    projlen=116: 176242 braids
    projlen=117: 361789 braids
    projlen=118: 164770 braids
    projlen=119: 356728 braids
    projlen=120: 156405 braids
    projlen=121: 352124 braids
    projlen=122: 154505 braids
    projlen=123: 350300 braids
    projlen=124: 153462 braids
    projlen=125: 349002 braids
    projlen=126: 152926 braids
    projlen=127: 348689 braids
    projlen=128: 153454 braids
    projlen=129: 348823 braids
    projlen=130: 153599 braids
    projlen=131: 345576 braids
    projlen=132: 155199 braids
    projlen=133: 309657 braids
    projlen=134: 81454 braids
  Braids kept: 1131923 (in 29 buckets, 3.50 GB CPU)
  ⚡ Timing: matmul=0.18s, sampling=9.84s, total=15.44s
============================================================
Level 218 - SAMPLING
============================================================
  Starting braids: 981923
  Candidates to generate: 5062725
  Processing in 51 chunks...
  Projlen distribution:
    projlen=106: 3 braids
    projlen=107: 30 braids
    projlen=108: 47 braids
    projlen=109: 734 braids
    projlen=110: 806 braids
    projlen=111: 9977 braids
    projlen=112: 8275 braids
    projlen=113: 82740 braids
    projlen=114: 55565 braids
    projlen=115: 275616 braids
    projlen=116: 175110 braids
    projlen=117: 361893 braids
    projlen=118: 168842 braids
    projlen=119: 357351 braids
    projlen=120: 157426 braids
    projlen=121: 352979 braids
    projlen=122: 154608 braids
    projlen=123: 351193 braids
    projlen=124: 154343 braids
    projlen=125: 349367 braids
    projlen=126: 152918 braids
    projlen=127: 349054 braids
    projlen=128: 152997 braids
    projlen=129: 348925 braids
    projlen=130: 153332 braids
    projlen=131: 347390 braids
    projlen=132: 152063 braids
    projlen=133: 308875 braids
    projlen=134: 80266 braids
  Braids kept: 1119872 (in 29 buckets, 3.47 GB CPU)
  ⚡ Timing: matmul=0.18s, sampling=9.39s, total=14.88s
============================================================
Level 219 - SAMPLING
============================================================
  Starting braids: 969872
  Candidates to generate: 5008230
  Processing in 51 chunks...
  Projlen distribution:
    projlen=106: 1 braids
    projlen=107: 19 braids
    projlen=108: 44 braids
    projlen=109: 322 braids
    projlen=110: 393 braids
    projlen=111: 5161 braids
    projlen=112: 4603 braids
    projlen=113: 54379 braids
    projlen=114: 38582 braids
    projlen=115: 267044 braids
    projlen=116: 175776 braids
    projlen=117: 363767 braids
    projlen=118: 170976 braids
    projlen=119: 358712 braids
    projlen=120: 158990 braids
    projlen=121: 354701 braids
    projlen=122: 155159 braids
    projlen=123: 350511 braids
    projlen=124: 153965 braids
    projlen=125: 349321 braids
    projlen=126: 153642 braids
    projlen=127: 348810 braids
    projlen=128: 152914 braids
    projlen=129: 348718 braids
    projlen=130: 153347 braids
    projlen=131: 347868 braids
    projlen=132: 151293 braids
    projlen=133: 308969 braids
    projlen=134: 80243 braids
  Braids kept: 1099125 (in 29 buckets, 3.41 GB CPU)
  ⚡ Timing: matmul=0.17s, sampling=9.39s, total=14.84s
============================================================
Level 220 - SAMPLING
============================================================
  Starting braids: 999125
  Candidates to generate: 5138011
  Processing in 52 chunks...
  Projlen distribution:
    projlen=106: 1 braids
    projlen=107: 8 braids
    projlen=108: 13 braids
    projlen=109: 230 braids
    projlen=110: 327 braids
    projlen=111: 2526 braids
    projlen=112: 2471 braids
    projlen=113: 30252 braids
    projlen=114: 23147 braids
    projlen=115: 251358 braids
    projlen=116: 161715 braids
    projlen=117: 336888 braids
    projlen=118: 172744 braids
    projlen=119: 359792 braids
    projlen=120: 160271 braids
    projlen=121: 355675 braids
    projlen=122: 155821 braids
    projlen=123: 352291 braids
    projlen=124: 154917 braids
    projlen=125: 351124 braids
    projlen=126: 154395 braids
    projlen=127: 348897 braids
    projlen=128: 153626 braids
    projlen=129: 348216 braids
    projlen=130: 152799 braids
    projlen=131: 348818 braids
    projlen=132: 152431 braids
    projlen=133: 341946 braids
    projlen=134: 147864 braids
    projlen=135: 117448 braids
  Braids kept: 1108975 (in 30 buckets, 3.46 GB CPU)
  ⚡ Timing: matmul=0.17s, sampling=9.78s, total=15.56s
============================================================
Level 221 - SAMPLING
============================================================
  Starting braids: 958975
  Candidates to generate: 4929425
  Processing in 50 chunks...
  Projlen distribution:
    projlen=107: 3 braids
    projlen=108: 14 braids
    projlen=109: 77 braids
    projlen=110: 131 braids
    projlen=111: 1778 braids
    projlen=112: 2035 braids
    projlen=113: 16281 braids
    projlen=114: 13149 braids
    projlen=115: 152216 braids
    projlen=116: 99327 braids
    projlen=117: 302062 braids
    projlen=118: 176402 braids
    projlen=119: 361827 braids
    projlen=120: 163058 braids
    projlen=121: 356111 braids
    projlen=122: 156002 braids
    projlen=123: 352968 braids
    projlen=124: 154923 braids
    projlen=125: 351010 braids
    projlen=126: 153964 braids
    projlen=127: 349762 braids
    projlen=128: 153986 braids
    projlen=129: 349689 braids
    projlen=130: 153954 braids
    projlen=131: 348879 braids
    projlen=132: 152695 braids
    projlen=133: 343069 braids
    projlen=134: 147458 braids
    projlen=135: 116595 braids
  Braids kept: 1083468 (in 29 buckets, 3.39 GB CPU)
  ⚡ Timing: matmul=0.16s, sampling=9.38s, total=14.76s
============================================================
Level 222 - SAMPLING
============================================================
  Starting braids: 983468
  Candidates to generate: 5077642
  Processing in 51 chunks...
  Projlen distribution:
    projlen=108: 3 braids
    projlen=109: 53 braids
    projlen=110: 77 braids
    projlen=111: 739 braids
    projlen=112: 897 braids
    projlen=113: 11408 braids
    projlen=114: 10545 braids
    projlen=115: 85105 braids
    projlen=116: 57476 braids
    projlen=117: 278463 braids
    projlen=118: 176464 braids
    projlen=119: 364022 braids
    projlen=120: 168019 braids
    projlen=121: 357181 braids
    projlen=122: 156890 braids
    projlen=123: 353228 braids
    projlen=124: 154449 braids
    projlen=125: 350872 braids
    projlen=126: 154302 braids
    projlen=127: 349661 braids
    projlen=128: 153450 braids
    projlen=129: 348694 braids
    projlen=130: 153675 braids
    projlen=131: 348061 braids
    projlen=132: 153903 braids
    projlen=133: 347199 braids
    projlen=134: 151492 braids
    projlen=135: 310466 braids
    projlen=136: 80848 braids
  Braids kept: 1123722 (in 29 buckets, 3.54 GB CPU)
  ⚡ Timing: matmul=0.19s, sampling=9.64s, total=15.19s
============================================================
Level 223 - SAMPLING
============================================================
  Starting braids: 973722
  Candidates to generate: 5032206
  Processing in 51 chunks...
  Projlen distribution:
    projlen=109: 25 braids
    projlen=110: 31 braids
    projlen=111: 471 braids
    projlen=112: 527 braids
    projlen=113: 5542 braids
    projlen=114: 4955 braids
    projlen=115: 60529 braids
    projlen=116: 47816 braids
    projlen=117: 271452 braids
    projlen=118: 179757 braids
    projlen=119: 362976 braids
    projlen=120: 170927 braids
    projlen=121: 358117 braids
    projlen=122: 158756 braids
    projlen=123: 354417 braids
    projlen=124: 154678 braids
    projlen=125: 350250 braids
    projlen=126: 153491 braids
    projlen=127: 349644 braids
    projlen=128: 153495 braids
    projlen=129: 349104 braids
    projlen=130: 153952 braids
    projlen=131: 348032 braids
    projlen=132: 153859 braids
    projlen=133: 346843 braids
    projlen=134: 152703 braids
    projlen=135: 309166 braids
    projlen=136: 80691 braids
  Braids kept: 1109367 (in 28 buckets, 3.50 GB CPU)
  ⚡ Timing: matmul=0.17s, sampling=9.50s, total=15.01s
============================================================
Level 224 - SAMPLING
============================================================
  Starting braids: 959367
  Candidates to generate: 4965891
  Processing in 50 chunks...
  Projlen distribution:
    projlen=108: 2 braids
    projlen=109: 12 braids
    projlen=110: 16 braids
    projlen=111: 238 braids
    projlen=112: 290 braids
    projlen=113: 3409 braids
    projlen=114: 3102 braids
    projlen=115: 32399 braids
    projlen=116: 24370 braids
    projlen=117: 254341 braids
    projlen=118: 187910 braids
    projlen=119: 355197 braids
    projlen=120: 177010 braids
    projlen=121: 359084 braids
    projlen=122: 160552 braids
    projlen=123: 355280 braids
    projlen=124: 155337 braids
    projlen=125: 350923 braids
    projlen=126: 154282 braids
    projlen=127: 349738 braids
    projlen=128: 152985 braids
    projlen=129: 348424 braids
    projlen=130: 153385 braids
    projlen=131: 347801 braids
    projlen=132: 153469 braids
    projlen=133: 346237 braids
    projlen=134: 152325 braids
    projlen=135: 307691 braids
    projlen=136: 80082 braids
  Braids kept: 1063838 (in 29 buckets, 3.37 GB CPU)
  ⚡ Timing: matmul=0.18s, sampling=9.32s, total=14.75s
============================================================
Level 225 - SAMPLING
============================================================
  Starting braids: 963838
  Candidates to generate: 4958852
  Processing in 50 chunks...
  Projlen distribution:
    projlen=109: 15 braids
    projlen=110: 20 braids
    projlen=111: 108 braids
    projlen=112: 160 braids
    projlen=113: 1851 braids
    projlen=114: 1873 braids
    projlen=115: 20687 braids
    projlen=116: 16081 braids
    projlen=117: 163947 braids
    projlen=118: 105700 braids
    projlen=119: 299402 braids
    projlen=120: 190637 braids
    projlen=121: 353390 braids
    projlen=122: 168901 braids
    projlen=123: 353748 braids
    projlen=124: 157307 braids
    projlen=125: 351768 braids
    projlen=126: 154261 braids
    projlen=127: 349501 braids
    projlen=128: 153365 braids
    projlen=129: 349477 braids
    projlen=130: 153299 braids
    projlen=131: 349710 braids
    projlen=132: 154314 braids
    projlen=133: 348042 braids
    projlen=134: 152999 braids
    projlen=135: 341072 braids
    projlen=136: 149987 braids
    projlen=137: 117230 braids
  Braids kept: 1090795 (in 29 buckets, 3.47 GB CPU)
  ⚡ Timing: matmul=0.18s, sampling=9.52s, total=14.96s
============================================================
Level 226 - SAMPLING
============================================================
  Starting braids: 990795
  Candidates to generate: 5126899
  Processing in 52 chunks...
  Projlen distribution:
    projlen=109: 6 braids
    projlen=110: 6 braids
    projlen=111: 133 braids
    projlen=112: 136 braids
    projlen=113: 960 braids
    projlen=114: 1037 braids
    projlen=115: 12182 braids
    projlen=116: 9927 braids
    projlen=117: 106373 braids
    projlen=118: 70577 braids
    projlen=119: 284992 braids
    projlen=120: 176720 braids
    projlen=121: 357561 braids
    projlen=122: 184867 braids
    projlen=123: 347738 braids
    projlen=124: 168910 braids
    projlen=125: 348997 braids
    projlen=126: 156914 braids
    projlen=127: 349740 braids
    projlen=128: 153663 braids
    projlen=129: 348882 braids
    projlen=130: 152840 braids
    projlen=131: 348496 braids
    projlen=132: 153379 braids
    projlen=133: 349027 braids
    projlen=134: 154651 braids
    projlen=135: 345933 braids
    projlen=136: 152102 braids
    projlen=137: 309493 braids
    projlen=138: 80657 braids
  Braids kept: 1124387 (in 30 buckets, 3.60 GB CPU)
  ⚡ Timing: matmul=0.17s, sampling=10.14s, total=15.80s
============================================================
Level 227 - SAMPLING
============================================================
  Starting braids: 974387
  Candidates to generate: 5055267
  Processing in 51 chunks...
  Projlen distribution:
    projlen=109: 3 braids
    projlen=110: 4 braids
    projlen=111: 41 braids
    projlen=112: 55 braids
    projlen=113: 910 braids
    projlen=114: 833 braids
    projlen=115: 6900 braids
    projlen=116: 5781 braids
    projlen=117: 64634 braids
    projlen=118: 44710 braids
    projlen=119: 272373 braids
    projlen=120: 177243 braids
    projlen=121: 363861 braids
    projlen=122: 171048 braids
    projlen=123: 352743 braids
    projlen=124: 179834 braids
    projlen=125: 343224 braids
    projlen=126: 173368 braids
    projlen=127: 344319 braids
    projlen=128: 158470 braids
    projlen=129: 348576 braids
    projlen=130: 153593 braids
    projlen=131: 348842 braids
    projlen=132: 153253 braids
    projlen=133: 348299 braids
    projlen=134: 153025 braids
    projlen=135: 346947 braids
    projlen=136: 152832 braids
    projlen=137: 309008 braids
    projlen=138: 80538 braids
  Braids kept: 1109237 (in 30 buckets, 3.56 GB CPU)
  ⚡ Timing: matmul=0.18s, sampling=9.76s, total=15.35s
============================================================
Level 228 - SAMPLING
============================================================
  Starting braids: 959237
  Candidates to generate: 4995219
  Processing in 50 chunks...
  Projlen distribution:
    projlen=110: 2 braids
    projlen=111: 20 braids
    projlen=112: 29 braids
    projlen=113: 342 braids
    projlen=114: 378 braids
    projlen=115: 5589 braids
    projlen=116: 4591 braids
    projlen=117: 39310 braids
    projlen=118: 28251 braids
    projlen=119: 258835 braids
    projlen=120: 170582 braids
    projlen=121: 352690 braids
    projlen=122: 173693 braids
    projlen=123: 358933 braids
    projlen=124: 161209 braids
    projlen=125: 348355 braids
    projlen=126: 181051 braids
    projlen=127: 337436 braids
    projlen=128: 180622 braids
    projlen=129: 339965 braids
    projlen=130: 161930 braids
    projlen=131: 347384 braids
    projlen=132: 154751 braids
    projlen=133: 348125 braids
    projlen=134: 153282 braids
    projlen=135: 347351 braids
    projlen=136: 151334 braids
    projlen=137: 309050 braids
    projlen=138: 80129 braids
  Braids kept: 1078512 (in 29 buckets, 3.47 GB CPU)
  ⚡ Timing: matmul=0.20s, sampling=9.54s, total=15.05s
============================================================
Level 229 - SAMPLING
============================================================
  Starting braids: 978512
  Candidates to generate: 5071900
  Processing in 51 chunks...
  Projlen distribution:
    projlen=111: 7 braids
    projlen=112: 19 braids
    projlen=113: 172 braids
    projlen=114: 220 braids
    projlen=115: 2456 braids
    projlen=116: 2281 braids
    projlen=117: 31231 braids
    projlen=118: 23133 braids
    projlen=119: 198643 braids
    projlen=120: 124706 braids
    projlen=121: 313104 braids
    projlen=122: 175289 braids
    projlen=123: 360131 braids
    projlen=124: 163008 braids
    projlen=125: 354739 braids
    projlen=126: 157864 braids
    projlen=127: 343811 braids
    projlen=128: 184477 braids
    projlen=129: 333102 braids
    projlen=130: 189994 braids
    projlen=131: 336122 braids
    projlen=132: 168195 braids
    projlen=133: 344621 braids
    projlen=134: 155780 braids
    projlen=135: 347951 braids
    projlen=136: 152868 braids
    projlen=137: 342059 braids
    projlen=138: 148474 braids
    projlen=139: 117443 braids
  Braids kept: 1109519 (in 29 buckets, 3.58 GB CPU)
  ⚡ Timing: matmul=0.19s, sampling=9.84s, total=15.45s
============================================================
Level 230 - SAMPLING
============================================================
  Starting braids: 959519
  Candidates to generate: 4990883
  Processing in 50 chunks...
  Projlen distribution:
    projlen=111: 3 braids
    projlen=112: 8 braids
    projlen=113: 108 braids
    projlen=114: 138 braids
    projlen=115: 1380 braids
    projlen=116: 1402 braids
    projlen=117: 15280 braids
    projlen=118: 12133 braids
    projlen=119: 155456 braids
    projlen=120: 101578 braids
    projlen=121: 302447 braids
    projlen=122: 175274 braids
    projlen=123: 361699 braids
    projlen=124: 166435 braids
    projlen=125: 356560 braids
    projlen=126: 158892 braids
    projlen=127: 351507 braids
    projlen=128: 157681 braids
    projlen=129: 341553 braids
    projlen=130: 189433 braids
    projlen=131: 328210 braids
    projlen=132: 200729 braids
    projlen=133: 331028 braids
    projlen=134: 177816 braids
    projlen=135: 341417 braids
    projlen=136: 157527 braids
    projlen=137: 340543 braids
    projlen=138: 148324 braids
    projlen=139: 116322 braids
  Braids kept: 1080452 (in 29 buckets, 3.50 GB CPU)
  ⚡ Timing: matmul=0.20s, sampling=9.73s, total=15.27s
============================================================
Level 231 - SAMPLING
============================================================
  Starting braids: 980452
  Candidates to generate: 5135622
  Processing in 52 chunks...
  Projlen distribution:
    projlen=113: 62 braids
    projlen=114: 77 braids
    projlen=115: 912 braids
    projlen=116: 940 braids
    projlen=117: 9082 braids
    projlen=118: 7447 braids
    projlen=119: 79238 braids
    projlen=120: 52935 braids
    projlen=121: 277306 braids
    projlen=122: 176959 braids
    projlen=123: 363324 braids
    projlen=124: 167209 braids
    projlen=125: 357257 braids
    projlen=126: 159268 braids
    projlen=127: 353226 braids
    projlen=128: 157812 braids
    projlen=129: 348947 braids
    projlen=130: 158143 braids
    projlen=131: 339040 braids
    projlen=132: 194713 braids
    projlen=133: 322613 braids
    projlen=134: 210902 braids
    projlen=135: 324316 braids
    projlen=136: 189138 braids
    projlen=137: 335560 braids
    projlen=138: 160897 braids
    projlen=139: 307289 braids
    projlen=140: 81010 braids
  Braids kept: 1118520 (in 28 buckets, 3.64 GB CPU)
  ⚡ Timing: matmul=0.17s, sampling=10.38s, total=16.09s
============================================================
Level 232 - SAMPLING
============================================================
  Starting braids: 968520
  Candidates to generate: 5093158
  Processing in 51 chunks...
  Projlen distribution:
    projlen=112: 2 braids
    projlen=113: 24 braids
    projlen=114: 42 braids
    projlen=115: 502 braids
    projlen=116: 560 braids
    projlen=117: 6059 braids
    projlen=118: 5094 braids
    projlen=119: 49347 braids
    projlen=120: 34457 braids
    projlen=121: 267168 braids
    projlen=122: 177049 braids
    projlen=123: 365776 braids
    projlen=124: 171456 braids
    projlen=125: 359488 braids
    projlen=126: 158800 braids
    projlen=127: 353615 braids
    projlen=128: 156853 braids
    projlen=129: 350295 braids
    projlen=130: 157849 braids
    projlen=131: 347000 braids
    projlen=132: 159756 braids
    projlen=133: 336536 braids
    projlen=134: 200336 braids
    projlen=135: 318524 braids
    projlen=136: 220318 braids
    projlen=137: 315682 braids
    projlen=138: 201078 braids
    projlen=139: 294635 braids
    projlen=140: 84857 braids
  Braids kept: 1096087 (in 29 buckets, 3.58 GB CPU)
  ⚡ Timing: matmul=0.21s, sampling=9.87s, total=15.54s
============================================================
Level 233 - SAMPLING
============================================================
  Starting braids: 996087
  Candidates to generate: 5221601
  Processing in 53 chunks...
  Projlen distribution:
    projlen=112: 2 braids
    projlen=113: 13 braids
    projlen=114: 21 braids
    projlen=115: 253 braids
    projlen=116: 323 braids
    projlen=117: 3520 braids
    projlen=118: 3163 braids
    projlen=119: 34645 braids
    projlen=120: 25474 braids
    projlen=121: 243863 braids
    projlen=122: 152358 braids
    projlen=123: 327463 braids
    projlen=124: 173149 braids
    projlen=125: 359629 braids
    projlen=126: 159835 braids
    projlen=127: 354880 braids
    projlen=128: 155420 braids
    projlen=129: 350941 braids
    projlen=130: 156373 braids
    projlen=131: 348379 braids
    projlen=132: 158906 braids
    projlen=133: 346312 braids
    projlen=134: 163161 braids
    projlen=135: 334855 braids
    projlen=136: 205516 braids
    projlen=137: 314771 braids
    projlen=138: 228057 braids
    projlen=139: 304174 braids
    projlen=140: 208899 braids
    projlen=141: 107246 braids
  Braids kept: 1117414 (in 30 buckets, 3.67 GB CPU)
  ⚡ Timing: matmul=0.19s, sampling=10.51s, total=16.37s
============================================================
Level 234 - SAMPLING
============================================================
  Starting braids: 967414
  Candidates to generate: 5051080
  Processing in 51 chunks...
  Projlen distribution:
    projlen=112: 2 braids
    projlen=113: 16 braids
    projlen=114: 20 braids
    projlen=115: 167 braids
    projlen=116: 208 braids
    projlen=117: 1969 braids
    projlen=118: 2007 braids
    projlen=119: 21242 braids
    projlen=120: 16080 braids
    projlen=121: 171259 braids
    projlen=122: 110077 braids
    projlen=123: 305740 braids
    projlen=124: 175367 braids
    projlen=125: 362642 braids
    projlen=126: 164232 braids
    projlen=127: 355872 braids
    projlen=128: 156314 braids
    projlen=129: 351748 braids
    projlen=130: 153983 braids
    projlen=131: 350009 braids
    projlen=132: 157052 braids
    projlen=133: 346691 braids
    projlen=134: 160380 braids
    projlen=135: 343899 braids
    projlen=136: 166715 braids
    projlen=137: 332252 braids
    projlen=138: 209726 braids
    projlen=139: 307395 braids
    projlen=140: 222472 braids
    projlen=141: 105544 braids
  Braids kept: 1091711 (in 30 buckets, 3.59 GB CPU)
  ⚡ Timing: matmul=0.18s, sampling=10.05s, total=15.69s
============================================================
Level 235 - SAMPLING
============================================================
  Starting braids: 991711
  Candidates to generate: 5167191
  Processing in 52 chunks...
  Projlen distribution:
    projlen=112: 3 braids
    projlen=113: 11 braids
    projlen=114: 24 braids
    projlen=115: 144 braids
    projlen=116: 156 braids
    projlen=117: 1360 braids
    projlen=118: 1339 braids
    projlen=119: 12980 braids
    projlen=120: 10474 braids
    projlen=121: 106910 braids
    projlen=122: 69709 braids
    projlen=123: 284818 braids
    projlen=124: 176001 braids
    projlen=125: 362253 braids
    projlen=126: 166923 braids
    projlen=127: 358340 braids
    projlen=128: 157674 braids
    projlen=129: 353998 braids
    projlen=130: 155098 braids
    projlen=131: 350788 braids
    projlen=132: 153602 braids
    projlen=133: 348750 braids
    projlen=134: 157620 braids
    projlen=135: 345162 braids
    projlen=136: 163008 braids
    projlen=137: 341293 braids
    projlen=138: 171968 braids
    projlen=139: 328673 braids
    projlen=140: 212480 braids
    projlen=141: 285676 braids
    projlen=142: 89956 braids
  Braids kept: 1126491 (in 31 buckets, 3.72 GB CPU)
  ⚡ Timing: matmul=0.19s, sampling=10.56s, total=16.35s
============================================================
Level 236 - SAMPLING
============================================================
  Starting braids: 976491
  Candidates to generate: 5066527
  Processing in 51 chunks...
  Projlen distribution:
    projlen=112: 2 braids
    projlen=113: 7 braids
    projlen=114: 19 braids
    projlen=115: 125 braids
    projlen=116: 139 braids
    projlen=117: 1072 braids
    projlen=118: 978 braids
    projlen=119: 9205 braids
    projlen=120: 7328 braids
    projlen=121: 69223 braids
    projlen=122: 46958 braids
    projlen=123: 271606 braids
    projlen=124: 174922 braids
    projlen=125: 364275 braids
    projlen=126: 170482 braids
    projlen=127: 358744 braids
    projlen=128: 158451 braids
    projlen=129: 354801 braids
    projlen=130: 155322 braids
    projlen=131: 350889 braids
    projlen=132: 153659 braids
    projlen=133: 349747 braids
    projlen=134: 153316 braids
    projlen=135: 347506 braids
    projlen=136: 159379 braids
    projlen=137: 343009 braids
    projlen=138: 167090 braids
    projlen=139: 337341 braids
    projlen=140: 176400 braids
    projlen=141: 301334 braids
    projlen=142: 83198 braids
  Braids kept: 1115833 (in 31 buckets, 3.70 GB CPU)
  ⚡ Timing: matmul=0.19s, sampling=9.97s, total=15.64s
============================================================
Level 237 - SAMPLING
============================================================
  Starting braids: 965833
  Candidates to generate: 5013861
  Processing in 51 chunks...
  Projlen distribution:
    projlen=113: 6 braids
    projlen=114: 14 braids
    projlen=115: 106 braids
    projlen=116: 132 braids
    projlen=117: 888 braids
    projlen=118: 832 braids
    projlen=119: 6888 braids
    projlen=120: 5430 braids
    projlen=121: 51029 braids
    projlen=122: 35489 braids
    projlen=123: 264709 braids
    projlen=124: 172364 braids
    projlen=125: 356765 braids
    projlen=126: 171246 braids
    projlen=127: 359539 braids
    projlen=128: 160147 braids
    projlen=129: 355083 braids
    projlen=130: 155644 braids
    projlen=131: 351739 braids
    projlen=132: 154261 braids
    projlen=133: 349770 braids
    projlen=134: 153595 braids
    projlen=135: 349873 braids
    projlen=136: 153677 braids
    projlen=137: 347057 braids
    projlen=138: 161555 braids
    projlen=139: 340643 braids
    projlen=140: 170555 braids
    projlen=141: 302803 braids
    projlen=142: 82022 braids
  Braids kept: 1099785 (in 30 buckets, 3.65 GB CPU)
  ⚡ Timing: matmul=0.16s, sampling=10.09s, total=15.71s
============================================================
Level 238 - SAMPLING
============================================================
  Starting braids: 999785
  Candidates to generate: 5170003
  Processing in 52 chunks...
  Projlen distribution:
    projlen=114: 1 braids
    projlen=115: 78 braids
    projlen=116: 104 braids
    projlen=117: 781 braids
    projlen=118: 763 braids
    projlen=119: 5513 braids
    projlen=120: 4477 braids
    projlen=121: 38971 braids
    projlen=122: 27514 braids
    projlen=123: 249650 braids
    projlen=124: 155687 braids
    projlen=125: 330758 braids
    projlen=126: 173889 braids
    projlen=127: 361016 braids
    projlen=128: 161124 braids
    projlen=129: 356931 braids
    projlen=130: 156570 braids
    projlen=131: 351873 braids
    projlen=132: 154080 braids
    projlen=133: 350317 braids
    projlen=134: 153514 braids
    projlen=135: 349464 braids
    projlen=136: 153601 braids
    projlen=137: 349346 braids
    projlen=138: 153655 braids
    projlen=139: 345819 braids
    projlen=140: 163287 braids
    projlen=141: 334387 braids
    projlen=142: 171961 braids
    projlen=143: 114872 braids
  Braids kept: 1128202 (in 30 buckets, 3.76 GB CPU)
  ⚡ Timing: matmul=0.19s, sampling=10.46s, total=16.28s
============================================================
Level 239 - SAMPLING
============================================================
  Starting braids: 978202
  Candidates to generate: 5034904
  Processing in 51 chunks...
  Projlen distribution:
    projlen=115: 16 braids
    projlen=116: 28 braids
    projlen=117: 611 braids
    projlen=118: 605 braids
    projlen=119: 4964 braids
    projlen=120: 4073 braids
    projlen=121: 31207 braids
    projlen=122: 22371 braids
    projlen=123: 193207 braids
    projlen=124: 120676 braids
    projlen=125: 311831 braids
    projlen=126: 175033 braids
    projlen=127: 362122 braids
    projlen=128: 163678 braids
    projlen=129: 356564 braids
    projlen=130: 156345 braids
    projlen=131: 352300 braids
    projlen=132: 154553 braids
    projlen=133: 350144 braids
    projlen=134: 153479 braids
    projlen=135: 348559 braids
    projlen=136: 153124 braids
    projlen=137: 349304 braids
    projlen=138: 153543 braids
    projlen=139: 348242 braids
    projlen=140: 152799 braids
    projlen=141: 339664 braids
    projlen=142: 160733 braids
    projlen=143: 115129 braids
  Braids kept: 1113875 (in 29 buckets, 3.72 GB CPU)
  ⚡ Timing: matmul=0.17s, sampling=10.30s, total=15.98s
============================================================
Level 240 - SAMPLING
============================================================
  Starting braids: 963875
  Candidates to generate: 4953807
  Processing in 50 chunks...
  Projlen distribution:
    projlen=115: 4 braids
    projlen=116: 13 braids
    projlen=117: 208 braids
    projlen=118: 240 braids
    projlen=119: 3916 braids
    projlen=120: 3328 braids
    projlen=121: 28360 braids
    projlen=122: 20293 braids
    projlen=123: 155409 braids
    projlen=124: 98346 braids
    projlen=125: 298467 braids
    projlen=126: 174991 braids
    projlen=127: 362865 braids
    projlen=128: 166691 braids
    projlen=129: 357154 braids
    projlen=130: 157237 braids
    projlen=131: 352514 braids
    projlen=132: 154420 braids
    projlen=133: 350974 braids
    projlen=134: 154473 braids
    projlen=135: 349877 braids
    projlen=136: 153581 braids
    projlen=137: 348559 braids
    projlen=138: 153085 braids
    projlen=139: 349203 braids
    projlen=140: 152819 braids
    projlen=141: 343022 braids
    projlen=142: 147731 braids
    projlen=143: 116027 braids
  Braids kept: 1106362 (in 29 buckets, 3.70 GB CPU)
  ⚡ Timing: matmul=0.17s, sampling=9.91s, total=15.47s
============================================================
Level 241 - SAMPLING
============================================================
  Starting braids: 956362
  Candidates to generate: 4914558
  Processing in 50 chunks...
  Projlen distribution:
    projlen=116: 7 braids
    projlen=117: 63 braids
    projlen=118: 108 braids
    projlen=119: 1602 braids
    projlen=120: 1558 braids
    projlen=121: 22495 braids
    projlen=122: 16781 braids
    projlen=123: 142139 braids
    projlen=124: 90439 braids
    projlen=125: 292812 braids
    projlen=126: 176176 braids
    projlen=127: 361792 braids
    projlen=128: 168110 braids
    projlen=129: 358087 braids
    projlen=130: 158348 braids
    projlen=131: 353719 braids
    projlen=132: 154807 braids
    projlen=133: 350013 braids
    projlen=134: 153384 braids
    projlen=135: 349546 braids
    projlen=136: 154089 braids
    projlen=137: 348951 braids
    projlen=138: 153283 braids
    projlen=139: 347960 braids
    projlen=140: 152343 braids
    projlen=141: 342855 braids
    projlen=142: 147233 braids
    projlen=143: 115858 braids
  Braids kept: 1092614 (in 28 buckets, 3.66 GB CPU)
  ⚡ Timing: matmul=0.15s, sampling=10.02s, total=15.54s
============================================================
Level 242 - SAMPLING
============================================================
  Starting braids: 992614
  Candidates to generate: 5132388
  Processing in 52 chunks...
  Projlen distribution:
    projlen=117: 36 braids
    projlen=118: 68 braids
    projlen=119: 625 braids
    projlen=120: 765 braids
    projlen=121: 10205 braids
    projlen=122: 8408 braids
    projlen=123: 112649 braids
    projlen=124: 74541 braids
    projlen=125: 285173 braids
    projlen=126: 175882 braids
    projlen=127: 361878 braids
    projlen=128: 171455 braids
    projlen=129: 357322 braids
    projlen=130: 160200 braids
    projlen=131: 354303 braids
    projlen=132: 155658 braids
    projlen=133: 351937 braids
    projlen=134: 154154 braids
    projlen=135: 350412 braids
    projlen=136: 153416 braids
    projlen=137: 349061 braids
    projlen=138: 154048 braids
    projlen=139: 348655 braids
    projlen=140: 153762 braids
    projlen=141: 346336 braids
    projlen=142: 150968 braids
    projlen=143: 309867 braids
    projlen=144: 80604 braids
  Braids kept: 1120107 (in 28 buckets, 3.78 GB CPU)
  ⚡ Timing: matmul=0.17s, sampling=10.71s, total=16.52s
============================================================
Level 243 - SAMPLING
============================================================
  Starting braids: 970107
  Candidates to generate: 5018889
  Processing in 51 chunks...
  Projlen distribution:
    projlen=117: 10 braids
    projlen=118: 21 braids
    projlen=119: 405 braids
    projlen=120: 509 braids
    projlen=121: 4686 braids
    projlen=122: 4323 braids
    projlen=123: 53534 braids
    projlen=124: 37730 braids
    projlen=125: 267352 braids
    projlen=126: 176788 braids
    projlen=127: 362904 braids
    projlen=128: 171622 braids
    projlen=129: 357813 braids
    projlen=130: 164487 braids
    projlen=131: 353743 braids
    projlen=132: 158103 braids
    projlen=133: 351629 braids
    projlen=134: 154566 braids
    projlen=135: 350068 braids
    projlen=136: 153601 braids
    projlen=137: 350402 braids
    projlen=138: 153273 braids
    projlen=139: 349725 braids
    projlen=140: 154511 braids
    projlen=141: 346516 braids
    projlen=142: 151521 braids
    projlen=143: 308641 braids
    projlen=144: 80406 braids
  Braids kept: 1097684 (in 28 buckets, 3.71 GB CPU)
  ⚡ Timing: matmul=0.24s, sampling=10.23s, total=16.00s
============================================================
Level 244 - SAMPLING
============================================================
  Starting braids: 997684
  Candidates to generate: 5134192
  Processing in 52 chunks...
  Projlen distribution:
    projlen=117: 3 braids
    projlen=118: 10 braids
    projlen=119: 153 braids
    projlen=120: 228 braids
    projlen=121: 3145 braids
    projlen=122: 3068 braids
    projlen=123: 27609 braids
    projlen=124: 21440 braids
    projlen=125: 246808 braids
    projlen=126: 160878 braids
    projlen=127: 334969 braids
    projlen=128: 173552 braids
    projlen=129: 357405 braids
    projlen=130: 162813 braids
    projlen=131: 352993 braids
    projlen=132: 162637 braids
    projlen=133: 350474 braids
    projlen=134: 158240 braids
    projlen=135: 349627 braids
    projlen=136: 153927 braids
    projlen=137: 349403 braids
    projlen=138: 153162 braids
    projlen=139: 349753 braids
    projlen=140: 153312 braids
    projlen=141: 348830 braids
    projlen=142: 153563 braids
    projlen=143: 340323 braids
    projlen=144: 148649 braids
    projlen=145: 117218 braids
  Braids kept: 1105656 (in 29 buckets, 3.76 GB CPU)
  ⚡ Timing: matmul=0.17s, sampling=10.48s, total=16.30s
============================================================
Level 245 - SAMPLING
============================================================
  Starting braids: 955656
  Candidates to generate: 4923266
  Processing in 50 chunks...
  Projlen distribution:
    projlen=118: 6 braids
    projlen=119: 71 braids
    projlen=120: 116 braids
    projlen=121: 1416 braids
    projlen=122: 1555 braids
    projlen=123: 19399 braids
    projlen=124: 15820 braids
    projlen=125: 140360 braids
    projlen=126: 92095 braids
    projlen=127: 296514 braids
    projlen=128: 178723 braids
    projlen=129: 361357 braids
    projlen=130: 165004 braids
    projlen=131: 353512 braids
    projlen=132: 160456 braids
    projlen=133: 348763 braids
    projlen=134: 164004 braids
    projlen=135: 347343 braids
    projlen=136: 159980 braids
    projlen=137: 348564 braids
    projlen=138: 154371 braids
    projlen=139: 349390 braids
    projlen=140: 153337 braids
    projlen=141: 349296 braids
    projlen=142: 153066 braids
    projlen=143: 343368 braids
    projlen=144: 149036 braids
    projlen=145: 116344 braids
  Braids kept: 1088383 (in 28 buckets, 3.71 GB CPU)
  ⚡ Timing: matmul=0.17s, sampling=10.21s, total=15.81s
============================================================
Level 246 - SAMPLING
============================================================
  Starting braids: 988383
  Candidates to generate: 5123251
  Processing in 52 chunks...
  Projlen distribution:
    projlen=118: 3 braids
    projlen=119: 31 braids
    projlen=120: 66 braids
    projlen=121: 740 braids
    projlen=122: 839 braids
    projlen=123: 9762 braids
    projlen=124: 8394 braids
    projlen=125: 99895 braids
    projlen=126: 69538 braids
    projlen=127: 283682 braids
    projlen=128: 178502 braids
    projlen=129: 362379 braids
    projlen=130: 171820 braids
    projlen=131: 356561 braids
    projlen=132: 159597 braids
    projlen=133: 350097 braids
    projlen=134: 160522 braids
    projlen=135: 345050 braids
    projlen=136: 166046 braids
    projlen=137: 344319 braids
    projlen=138: 162666 braids
    projlen=139: 347088 braids
    projlen=140: 155717 braids
    projlen=141: 348164 braids
    projlen=142: 153122 braids
    projlen=143: 347084 braids
    projlen=144: 151276 braids
    projlen=145: 309879 braids
    projlen=146: 80412 braids
  Braids kept: 1119835 (in 29 buckets, 3.83 GB CPU)
  ⚡ Timing: matmul=0.16s, sampling=10.81s, total=16.64s
============================================================
Level 247 - SAMPLING
============================================================
  Starting braids: 969835
  Candidates to generate: 5041011
  Processing in 51 chunks...
  Projlen distribution:
    projlen=118: 1 braids
    projlen=119: 19 braids
    projlen=120: 32 braids
    projlen=121: 385 braids
    projlen=122: 513 braids
    projlen=123: 5399 braids
    projlen=124: 4753 braids
    projlen=125: 52514 braids
    projlen=126: 37628 braids
    projlen=127: 267554 braids
    projlen=128: 182215 braids
    projlen=129: 362595 braids
    projlen=130: 173921 braids
    projlen=131: 357020 braids
    projlen=132: 164062 braids
    projlen=133: 352288 braids
    projlen=134: 159032 braids
    projlen=135: 348094 braids
    projlen=136: 162508 braids
    projlen=137: 342551 braids
    projlen=138: 170222 braids
    projlen=139: 341906 braids
    projlen=140: 167390 braids
    projlen=141: 345527 braids
    projlen=142: 157572 braids
    projlen=143: 345795 braids
    projlen=144: 151278 braids
    projlen=145: 308219 braids
    projlen=146: 80018 braids
  Braids kept: 1098730 (in 29 buckets, 3.77 GB CPU)
  ⚡ Timing: matmul=0.17s, sampling=10.36s, total=16.10s
============================================================
Level 248 - SAMPLING
============================================================
  Starting braids: 998730
  Candidates to generate: 5176476
  Processing in 52 chunks...
  Projlen distribution:
    projlen=119: 9 braids
    projlen=120: 14 braids
    projlen=121: 225 braids
    projlen=122: 276 braids
    projlen=123: 3024 braids
    projlen=124: 3012 braids
    projlen=125: 31257 braids
    projlen=126: 24009 braids
    projlen=127: 248163 braids
    projlen=128: 161095 braids
    projlen=129: 332360 braids
    projlen=130: 178510 braids
    projlen=131: 356499 braids
    projlen=132: 165178 braids
    projlen=133: 352637 braids
    projlen=134: 162601 braids
    projlen=135: 348772 braids
    projlen=136: 160019 braids
    projlen=137: 346101 braids
    projlen=138: 165403 braids
    projlen=139: 340392 braids
    projlen=140: 176651 braids
    projlen=141: 338744 braids
    projlen=142: 173653 braids
    projlen=143: 342701 braids
    projlen=144: 159972 braids
    projlen=145: 339779 braids
    projlen=146: 148116 braids
    projlen=147: 117304 braids
  Braids kept: 1111826 (in 29 buckets, 3.84 GB CPU)
  ⚡ Timing: matmul=0.19s, sampling=10.70s, total=16.62s
============================================================
Level 249 - SAMPLING
============================================================
  Starting braids: 961826
  Candidates to generate: 5001590
  Processing in 51 chunks...
  Projlen distribution:
    projlen=119: 1 braids
    projlen=120: 5 braids
    projlen=121: 117 braids
    projlen=122: 158 braids
    projlen=123: 1779 braids
    projlen=124: 1839 braids
    projlen=125: 18556 braids
    projlen=126: 15575 braids
    projlen=127: 156549 braids
    projlen=128: 103674 braids
    projlen=129: 302344 braids
    projlen=130: 178141 braids
    projlen=131: 359074 braids
    projlen=132: 170474 braids
    projlen=133: 352055 braids
    projlen=134: 164301 braids
    projlen=135: 347336 braids
    projlen=136: 163998 braids
    projlen=137: 345365 braids
    projlen=138: 162748 braids
    projlen=139: 343223 braids
    projlen=140: 170187 braids
    projlen=141: 338025 braids
    projlen=142: 183868 braids
    projlen=143: 333937 braids
    projlen=144: 181508 braids
    projlen=145: 332559 braids
    projlen=146: 159662 braids
    projlen=147: 114532 braids
  Braids kept: 1088030 (in 29 buckets, 3.76 GB CPU)
  ⚡ Timing: matmul=0.15s, sampling=10.49s, total=16.20s
============================================================
Level 250 - SAMPLING
============================================================
  Starting braids: 988030
  Candidates to generate: 5177148
  Processing in 52 chunks...
  Projlen distribution:
    projlen=119: 3 braids
    projlen=120: 6 braids
    projlen=121: 41 braids
    projlen=122: 74 braids
    projlen=123: 1005 braids
    projlen=124: 1111 braids
    projlen=125: 11688 braids
    projlen=126: 9877 braids
    projlen=127: 94492 braids
    projlen=128: 67159 braids
    projlen=129: 281910 braids
    projlen=130: 179200 braids
    projlen=131: 360482 braids
    projlen=132: 170054 braids
    projlen=133: 354324 braids
    projlen=134: 166914 braids
    projlen=135: 347616 braids
    projlen=136: 167260 braids
    projlen=137: 343493 braids
    projlen=138: 167607 braids
    projlen=139: 342894 braids
    projlen=140: 166899 braids
    projlen=141: 339972 braids
    projlen=142: 175648 braids
    projlen=143: 333989 braids
    projlen=144: 191574 braids
    projlen=145: 328377 braids
    projlen=146: 190272 braids
    projlen=147: 298711 braids
    projlen=148: 84496 braids
  Braids kept: 1123805 (in 30 buckets, 3.90 GB CPU)
  ⚡ Timing: matmul=0.21s, sampling=11.06s, total=17.01s
============================================================
Level 251 - SAMPLING
============================================================
  Starting braids: 973805
  Candidates to generate: 5106621
  Processing in 52 chunks...
  Projlen distribution:
    projlen=120: 1 braids
    projlen=121: 39 braids
    projlen=122: 50 braids
    projlen=123: 443 braids
    projlen=124: 551 braids
    projlen=125: 6891 braids
    projlen=126: 6182 braids
    projlen=127: 63019 braids
    projlen=128: 44901 braids
    projlen=129: 267168 braids
    projlen=130: 184443 braids
    projlen=131: 359621 braids
    projlen=132: 174461 braids
    projlen=133: 355563 braids
    projlen=134: 162664 braids
    projlen=135: 350525 braids
    projlen=136: 168216 braids
    projlen=137: 344134 braids
    projlen=138: 171254 braids
    projlen=139: 340220 braids
    projlen=140: 172880 braids
    projlen=141: 338505 braids
    projlen=142: 172179 braids
    projlen=143: 336278 braids
    projlen=144: 183030 braids
    projlen=145: 328629 braids
    projlen=146: 197137 braids
    projlen=147: 292363 braids
    projlen=148: 85274 braids
  Braids kept: 1109058 (in 29 buckets, 3.86 GB CPU)
  ⚡ Timing: matmul=0.16s, sampling=10.84s, total=16.71s
============================================================
Level 252 - SAMPLING
============================================================
  Starting braids: 959058
  Candidates to generate: 5044250
  Processing in 51 chunks...
  Projlen distribution:
    projlen=121: 11 braids
    projlen=122: 23 braids
    projlen=123: 302 braids
    projlen=124: 389 braids
    projlen=125: 3399 braids
    projlen=126: 3289 braids
    projlen=127: 38698 braids
    projlen=128: 29796 braids
    projlen=129: 260247 braids
    projlen=130: 174408 braids
    projlen=131: 348837 braids
    projlen=132: 182189 braids
    projlen=133: 354672 braids
    projlen=134: 166561 braids
    projlen=135: 351122 braids
    projlen=136: 162017 braids
    projlen=137: 345609 braids
    projlen=138: 170791 braids
    projlen=139: 340997 braids
    projlen=140: 177665 braids
    projlen=141: 336767 braids
    projlen=142: 179700 braids
    projlen=143: 334231 braids
    projlen=144: 179471 braids
    projlen=145: 331735 braids
    projlen=146: 189268 braids
    projlen=147: 297403 braids
    projlen=148: 84653 braids
  Braids kept: 1075907 (in 28 buckets, 3.76 GB CPU)
  ⚡ Timing: matmul=0.41s, sampling=10.39s, total=16.41s
============================================================
Level 253 - SAMPLING
============================================================
  Starting braids: 975907
  Candidates to generate: 5117357
  Processing in 52 chunks...
  Projlen distribution:
    projlen=119: 1 braids
    projlen=120: 1 braids
    projlen=121: 6 braids
    projlen=122: 12 braids
    projlen=123: 110 braids
    projlen=124: 197 braids
    projlen=125: 2194 braids
    projlen=126: 2394 braids
    projlen=127: 21067 braids
    projlen=128: 16923 braids
    projlen=129: 192274 braids
    projlen=130: 128867 braids
    projlen=131: 315174 braids
    projlen=132: 178832 braids
    projlen=133: 355695 braids
    projlen=134: 173309 braids
    projlen=135: 348492 braids
    projlen=136: 166291 braids
    projlen=137: 346765 braids
    projlen=138: 164152 braids
    projlen=139: 342262 braids
    projlen=140: 175487 braids
    projlen=141: 336255 braids
    projlen=142: 184604 braids
    projlen=143: 331922 braids
    projlen=144: 187914 braids
    projlen=145: 329921 braids
    projlen=146: 188463 braids
    projlen=147: 323455 braids
    projlen=148: 192061 braids
    projlen=149: 112257 braids
  Braids kept: 1092905 (in 31 buckets, 3.84 GB CPU)
  ⚡ Timing: matmul=0.33s, sampling=10.83s, total=16.88s
============================================================
Level 254 - SAMPLING
============================================================
  Starting braids: 992905
  Candidates to generate: 5223071
  Processing in 53 chunks...
  Projlen distribution:
    projlen=119: 3 braids
    projlen=120: 3 braids
    projlen=121: 12 braids
    projlen=122: 7 braids
    projlen=123: 66 braids
    projlen=124: 95 braids
    projlen=125: 984 braids
    projlen=126: 1350 braids
    projlen=127: 13827 braids
    projlen=128: 12404 braids
    projlen=129: 107763 braids
    projlen=130: 73161 braids
    projlen=131: 284534 braids
    projlen=132: 181810 braids
    projlen=133: 358766 braids
    projlen=134: 170217 braids
    projlen=135: 350605 braids
    projlen=136: 172533 braids
    projlen=137: 343948 braids
    projlen=138: 170031 braids
    projlen=139: 342167 braids
    projlen=140: 167209 braids
    projlen=141: 338075 braids
    projlen=142: 181972 braids
    projlen=143: 331409 braids
    projlen=144: 192916 braids
    projlen=145: 326308 braids
    projlen=146: 197416 braids
    projlen=147: 323088 braids
    projlen=148: 198334 braids
    projlen=149: 295740 braids
    projlen=150: 86318 braids
  Braids kept: 1128751 (in 32 buckets, 3.98 GB CPU)
  ⚡ Timing: matmul=0.17s, sampling=11.31s, total=17.35s
============================================================
Level 255 - SAMPLING
============================================================
  Starting braids: 978751
  Candidates to generate: 5156859
  Processing in 52 chunks...
  Projlen distribution:
    projlen=121: 19 braids
    projlen=122: 16 braids
    projlen=123: 99 braids
    projlen=124: 80 braids
    projlen=125: 564 braids
    projlen=126: 668 braids
    projlen=127: 6926 braids
    projlen=128: 7147 braids
    projlen=129: 72162 braids
    projlen=130: 55070 braids
    projlen=131: 273260 braids
    projlen=132: 181533 braids
    projlen=133: 360483 braids
    projlen=134: 177188 braids
    projlen=135: 354082 braids
    projlen=136: 165596 braids
    projlen=137: 345963 braids
    projlen=138: 175788 braids
    projlen=139: 339792 braids
    projlen=140: 176665 braids
    projlen=141: 337609 braids
    projlen=142: 172551 braids
    projlen=143: 334881 braids
    projlen=144: 189193 braids
    projlen=145: 325482 braids
    projlen=146: 202370 braids
    projlen=147: 319596 braids
    projlen=148: 205306 braids
    projlen=149: 290178 braids
    projlen=150: 86592 braids
  Braids kept: 1115519 (in 30 buckets, 3.94 GB CPU)
  ⚡ Timing: matmul=0.19s, sampling=11.19s, total=17.16s
============================================================
Level 256 - SAMPLING
============================================================
  Starting braids: 965519
  Candidates to generate: 5102831
  Processing in 52 chunks...
  Projlen distribution:
    projlen=122: 2 braids
    projlen=123: 113 braids
    projlen=124: 101 braids
    projlen=125: 642 braids
    projlen=126: 572 braids
    projlen=127: 4078 braids
    projlen=128: 3983 braids
    projlen=129: 38497 braids
    projlen=130: 33588 braids
    projlen=131: 258490 braids
    projlen=132: 190655 braids
    projlen=133: 357660 braids
    projlen=134: 179304 braids
    projlen=135: 355230 braids
    projlen=136: 169348 braids
    projlen=137: 349319 braids
    projlen=138: 166397 braids
    projlen=139: 342757 braids
    projlen=140: 181431 braids
    projlen=141: 335527 braids
    projlen=142: 185100 braids
    projlen=143: 334504 braids
    projlen=144: 181491 braids
    projlen=145: 330806 braids
    projlen=146: 197070 braids
    projlen=147: 320716 braids
    projlen=148: 209628 braids
    projlen=149: 288639 braids
    projlen=150: 87183 braids
  Braids kept: 1081576 (in 29 buckets, 3.83 GB CPU)
  ⚡ Timing: matmul=0.16s, sampling=10.75s, total=16.64s
============================================================
Level 257 - SAMPLING
============================================================
  Starting braids: 981576
  Candidates to generate: 5185078
  Processing in 52 chunks...
  Projlen distribution:
    projlen=122: 2 braids
    projlen=123: 15 braids
    projlen=124: 27 braids
    projlen=125: 625 braids
    projlen=126: 546 braids
    projlen=127: 4016 braids
    projlen=128: 3440 braids
    projlen=129: 24502 braids
    projlen=130: 20639 braids
    projlen=131: 191357 braids
    projlen=132: 145329 braids
    projlen=133: 315719 braids
    projlen=134: 191574 braids
    projlen=135: 350970 braids
    projlen=136: 171881 braids
    projlen=137: 349818 braids
    projlen=138: 168954 braids
    projlen=139: 343827 braids
    projlen=140: 169965 braids
    projlen=141: 337757 braids
    projlen=142: 187822 braids
    projlen=143: 331262 braids
    projlen=144: 194665 braids
    projlen=145: 327976 braids
    projlen=146: 189694 braids
    projlen=147: 325227 braids
    projlen=148: 205210 braids
    projlen=149: 311923 braids
    projlen=150: 211448 braids
    projlen=151: 108888 braids
  Braids kept: 1103812 (in 30 buckets, 3.93 GB CPU)
  ⚡ Timing: matmul=0.20s, sampling=11.16s, total=17.17s
============================================================
Level 258 - SAMPLING
============================================================
  Starting braids: 953812
  Candidates to generate: 5046650
  Processing in 51 chunks...
  Projlen distribution:
    projlen=122: 1 braids
    projlen=123: 11 braids
    projlen=124: 19 braids
    projlen=125: 150 braids
    projlen=126: 178 braids
    projlen=127: 3494 braids
    projlen=128: 2890 braids
    projlen=129: 23068 braids
    projlen=130: 18019 braids
    projlen=131: 124866 braids
    projlen=132: 90074 braids
    projlen=133: 285665 braids
    projlen=134: 198587 braids
    projlen=135: 348443 braids
    projlen=136: 187043 braids
    projlen=137: 344902 braids
    projlen=138: 173326 braids
    projlen=139: 343734 braids
    projlen=140: 172191 braids
    projlen=141: 339821 braids
    projlen=142: 175780 braids
    projlen=143: 333767 braids
    projlen=144: 195161 braids
    projlen=145: 325950 braids
    projlen=146: 205517 braids
    projlen=147: 322412 braids
    projlen=148: 201564 braids
    projlen=149: 316055 braids
    projlen=150: 204106 braids
    projlen=151: 109856 braids
  Braids kept: 1097830 (in 30 buckets, 3.91 GB CPU)
  ⚡ Timing: matmul=0.18s, sampling=10.78s, total=16.64s
============================================================
Level 259 - SAMPLING
============================================================
  Starting braids: 997830
  Candidates to generate: 5304674
  Processing in 54 chunks...
  Projlen distribution:
    projlen=122: 1 braids
    projlen=123: 2 braids
    projlen=124: 6 braids
    projlen=125: 118 braids
    projlen=126: 129 braids
    projlen=127: 1154 braids
    projlen=128: 1179 braids
    projlen=129: 18920 braids
    projlen=130: 14447 braids
    projlen=131: 115540 braids
    projlen=132: 80845 braids
    projlen=133: 280397 braids
    projlen=134: 191923 braids
    projlen=135: 350920 braids
    projlen=136: 195340 braids
    projlen=137: 342899 braids
    projlen=138: 187761 braids
    projlen=139: 338407 braids
    projlen=140: 178902 braids
    projlen=141: 337441 braids
    projlen=142: 177693 braids
    projlen=143: 335980 braids
    projlen=144: 183693 braids
    projlen=145: 329484 braids
    projlen=146: 202963 braids
    projlen=147: 320823 braids
    projlen=148: 215087 braids
    projlen=149: 314399 braids
    projlen=150: 211136 braids
    projlen=151: 289446 braids
    projlen=152: 87639 braids
  Braids kept: 1135956 (in 31 buckets, 4.07 GB CPU)
  ⚡ Timing: matmul=0.17s, sampling=11.66s, total=17.85s
============================================================
Level 260 - SAMPLING
============================================================
  Starting braids: 985956
  Candidates to generate: 5246060
  Processing in 53 chunks...
  Projlen distribution:
    projlen=123: 3 braids
    projlen=124: 5 braids
    projlen=125: 47 braids
    projlen=126: 61 braids
    projlen=127: 829 braids
    projlen=128: 834 braids
    projlen=129: 7561 braids
    projlen=130: 6553 braids
    projlen=131: 92052 braids
    projlen=132: 63727 braids
    projlen=133: 273071 braids
    projlen=134: 187272 braids
    projlen=135: 353047 braids
    projlen=136: 190670 braids
    projlen=137: 343693 braids
    projlen=138: 191909 braids
    projlen=139: 336087 braids
    projlen=140: 194054 braids
    projlen=141: 331819 braids
    projlen=142: 187659 braids
    projlen=143: 332777 braids
    projlen=144: 186338 braids
    projlen=145: 331103 braids
    projlen=146: 192612 braids
    projlen=147: 325101 braids
    projlen=148: 210943 braids
    projlen=149: 312994 braids
    projlen=150: 221280 braids
    projlen=151: 283111 braids
    projlen=152: 88848 braids
  Braids kept: 1115893 (in 30 buckets, 4.00 GB CPU)
  ⚡ Timing: matmul=0.18s, sampling=11.57s, total=17.68s
============================================================
Level 261 - SAMPLING
============================================================
  Starting braids: 965893
  Candidates to generate: 5142851
  Processing in 52 chunks...
  Projlen distribution:
    projlen=124: 1 braids
    projlen=125: 34 braids
    projlen=126: 44 braids
    projlen=127: 426 braids
    projlen=128: 450 braids
    projlen=129: 5383 braids
    projlen=130: 4561 braids
    projlen=131: 40859 braids
    projlen=132: 29725 braids
    projlen=133: 256303 braids
    projlen=134: 179454 braids
    projlen=135: 355517 braids
    projlen=136: 186692 braids
    projlen=137: 346283 braids
    projlen=138: 186498 braids
    projlen=139: 338175 braids
    projlen=140: 196587 braids
    projlen=141: 328638 braids
    projlen=142: 202712 braids
    projlen=143: 325232 braids
    projlen=144: 198006 braids
    projlen=145: 326683 braids
    projlen=146: 196203 braids
    projlen=147: 325879 braids
    projlen=148: 202104 braids
    projlen=149: 318490 braids
    projlen=150: 217057 braids
    projlen=151: 285851 braids
    projlen=152: 89004 braids
  Braids kept: 1081483 (in 29 buckets, 3.89 GB CPU)
  ⚡ Timing: matmul=0.24s, sampling=11.14s, total=17.20s
============================================================
Level 262 - SAMPLING
============================================================
  Starting braids: 981483
  Candidates to generate: 5227045
  Processing in 53 chunks...
  Projlen distribution:
    projlen=125: 3 braids
    projlen=126: 24 braids
    projlen=127: 272 braids
    projlen=128: 322 braids
    projlen=129: 3021 braids
    projlen=130: 2768 braids
    projlen=131: 30357 braids
    projlen=132: 22902 braids
    projlen=133: 202149 braids
    projlen=134: 130946 braids
    projlen=135: 309589 braids
    projlen=136: 179923 braids
    projlen=137: 350800 braids
    projlen=138: 180182 braids
    projlen=139: 339997 braids
    projlen=140: 189633 braids
    projlen=141: 330142 braids
    projlen=142: 203250 braids
    projlen=143: 321707 braids
    projlen=144: 212607 braids
    projlen=145: 318147 braids
    projlen=146: 208987 braids
    projlen=147: 320103 braids
    projlen=148: 207469 braids
    projlen=149: 319460 braids
    projlen=150: 212010 braids
    projlen=151: 308789 braids
    projlen=152: 213458 braids
    projlen=153: 108028 braids
  Braids kept: 1109669 (in 29 buckets, 4.01 GB CPU)
  ⚡ Timing: matmul=0.17s, sampling=11.43s, total=17.53s
============================================================
Level 263 - SAMPLING
============================================================
  Starting braids: 959669
  Candidates to generate: 5119401
  Processing in 52 chunks...
  Projlen distribution:
    projlen=126: 9 braids
    projlen=127: 107 braids
    projlen=128: 172 braids
    projlen=129: 1956 braids
    projlen=130: 1872 braids
    projlen=131: 18598 braids
    projlen=132: 14531 braids
    projlen=133: 150749 braids
    projlen=134: 99157 braids
    projlen=135: 297326 braids
    projlen=136: 180298 braids
    projlen=137: 357949 braids
    projlen=138: 175153 braids
    projlen=139: 345969 braids
    projlen=140: 181434 braids
    projlen=141: 333523 braids
    projlen=142: 197095 braids
    projlen=143: 323511 braids
    projlen=144: 211528 braids
    projlen=145: 315818 braids
    projlen=146: 221788 braids
    projlen=147: 311288 braids
    projlen=148: 220772 braids
    projlen=149: 313053 braids
    projlen=150: 217684 braids
    projlen=151: 308701 braids
    projlen=152: 211315 braids
    projlen=153: 108045 braids
  Braids kept: 1087245 (in 28 buckets, 3.94 GB CPU)
  ⚡ Timing: matmul=0.22s, sampling=11.24s, total=17.29s
============================================================
Level 264 - SAMPLING
============================================================
  Starting braids: 987245
  Candidates to generate: 5279561
  Processing in 53 chunks...
  Projlen distribution:
    projlen=126: 4 braids
    projlen=127: 58 braids
    projlen=128: 97 braids
    projlen=129: 1052 braids
    projlen=130: 1137 braids
    projlen=131: 12165 braids
    projlen=132: 9786 braids
    projlen=133: 95866 braids
    projlen=134: 63552 braids
    projlen=135: 278711 braids
    projlen=136: 178079 braids
    projlen=137: 359396 braids
    projlen=138: 174804 braids
    projlen=139: 352197 braids
    projlen=140: 171482 braids
    projlen=141: 341314 braids
    projlen=142: 186442 braids
    projlen=143: 328416 braids
    projlen=144: 204979 braids
    projlen=145: 318858 braids
    projlen=146: 219597 braids
    projlen=147: 309591 braids
    projlen=148: 230629 braids
    projlen=149: 305195 braids
    projlen=150: 231309 braids
    projlen=151: 305668 braids
    projlen=152: 225975 braids
    projlen=153: 282967 braids
    projlen=154: 90235 braids
  Braids kept: 1124299 (in 29 buckets, 4.09 GB CPU)
  ⚡ Timing: matmul=0.20s, sampling=11.69s, total=17.89s
============================================================
Level 265 - SAMPLING
============================================================
  Starting braids: 974299
  Candidates to generate: 5205689
  Processing in 53 chunks...
  Projlen distribution:
    projlen=126: 1 braids
    projlen=127: 25 braids
    projlen=128: 50 braids
    projlen=129: 587 braids
    projlen=130: 686 braids
    projlen=131: 7359 braids
    projlen=132: 6336 braids
    projlen=133: 63665 braids
    projlen=134: 43801 braids
    projlen=135: 270080 braids
    projlen=136: 177855 braids
    projlen=137: 361834 braids
    projlen=138: 174085 braids
    projlen=139: 354674 braids
    projlen=140: 168555 braids
    projlen=141: 346929 braids
    projlen=142: 173327 braids
    projlen=143: 336065 braids
    projlen=144: 192325 braids
    projlen=145: 323734 braids
    projlen=146: 213682 braids
    projlen=147: 313731 braids
    projlen=148: 228151 braids
    projlen=149: 304595 braids
    projlen=150: 238719 braids
    projlen=151: 298190 braids
    projlen=152: 238192 braids
    projlen=153: 276607 braids
    projlen=154: 91849 braids
  Braids kept: 1108845 (in 29 buckets, 4.04 GB CPU)
  ⚡ Timing: matmul=0.16s, sampling=11.58s, total=17.71s
============================================================
Level 266 - SAMPLING
============================================================
  Starting braids: 958845
  Candidates to generate: 5112039
  Processing in 52 chunks...
  Projlen distribution:
    projlen=126: 1 braids
    projlen=127: 11 braids
    projlen=128: 27 braids
    projlen=129: 280 braids
    projlen=130: 386 braids
    projlen=131: 4296 braids
    projlen=132: 3962 braids
    projlen=133: 41743 braids
    projlen=134: 30376 braids
    projlen=135: 256344 braids
    projlen=136: 167177 braids
    projlen=137: 347501 braids
    projlen=138: 174772 braids
    projlen=139: 357929 braids
    projlen=140: 165051 braids
    projlen=141: 349668 braids
    projlen=142: 168744 braids
    projlen=143: 341995 braids
    projlen=144: 178078 braids
    projlen=145: 332072 braids
    projlen=146: 199446 braids
    projlen=147: 318828 braids
    projlen=148: 221860 braids
    projlen=149: 309265 braids
    projlen=150: 235556 braids
    projlen=151: 298485 braids
    projlen=152: 242164 braids
    projlen=153: 272949 braids
    projlen=154: 93073 braids
  Braids kept: 1081082 (in 29 buckets, 3.95 GB CPU)
  ⚡ Timing: matmul=0.16s, sampling=11.12s, total=17.12s
============================================================
Level 267 - SAMPLING
============================================================
  Starting braids: 981082
  Candidates to generate: 5217974
  Processing in 53 chunks...
  Projlen distribution:
    projlen=127: 3 braids
    projlen=128: 8 braids
    projlen=129: 149 braids
    projlen=130: 197 braids
    projlen=131: 2394 braids
    projlen=132: 2416 braids
    projlen=133: 26139 braids
    projlen=134: 20192 braids
    projlen=135: 208151 braids
    projlen=136: 132557 braids
    projlen=137: 316550 braids
    projlen=138: 175030 braids
    projlen=139: 358540 braids
    projlen=140: 164817 braids
    projlen=141: 353804 braids
    projlen=142: 163300 braids
    projlen=143: 345634 braids
    projlen=144: 171906 braids
    projlen=145: 337453 braids
    projlen=146: 184530 braids
    projlen=147: 326175 braids
    projlen=148: 206845 braids
    projlen=149: 314792 braids
    projlen=150: 229839 braids
    projlen=151: 303104 braids
    projlen=152: 241073 braids
    projlen=153: 292303 braids
    projlen=154: 236052 braids
    projlen=155: 104021 braids
  Braids kept: 1101498 (in 29 buckets, 4.04 GB CPU)
  ⚡ Timing: matmul=0.17s, sampling=11.54s, total=17.69s
============================================================
Level 268 - SAMPLING
============================================================
  Starting braids: 951498
  Candidates to generate: 5039638
  Processing in 51 chunks...
  Projlen distribution:
    projlen=128: 2 braids
    projlen=129: 64 braids
    projlen=130: 105 braids
    projlen=131: 1261 braids
    projlen=132: 1337 braids
    projlen=133: 15668 braids
    projlen=134: 12740 braids
    projlen=135: 132376 braids
    projlen=136: 86726 braids
    projlen=137: 294676 braids
    projlen=138: 176633 braids
    projlen=139: 361802 braids
    projlen=140: 166983 braids
    projlen=141: 354976 braids
    projlen=142: 161225 braids
    projlen=143: 349614 braids
    projlen=144: 164186 braids
    projlen=145: 342502 braids
    projlen=146: 177179 braids
    projlen=147: 333485 braids
    projlen=148: 193040 braids
    projlen=149: 321500 braids
    projlen=150: 215252 braids
    projlen=151: 309982 braids
    projlen=152: 235198 braids
    projlen=153: 294515 braids
    projlen=154: 233023 braids
    projlen=155: 103588 braids
  Braids kept: 1081177 (in 28 buckets, 3.98 GB CPU)
  ⚡ Timing: matmul=0.27s, sampling=11.15s, total=17.17s
============================================================
Level 269 - SAMPLING
============================================================
  Starting braids: 981177
  Candidates to generate: 5194427
  Processing in 52 chunks...
  Projlen distribution:
    projlen=128: 1 braids
    projlen=129: 9 braids
    projlen=130: 32 braids
    projlen=131: 610 braids
    projlen=132: 754 braids
    projlen=133: 8764 braids
    projlen=134: 7423 braids
    projlen=135: 82145 braids
    projlen=136: 56021 braids
    projlen=137: 277091 braids
    projlen=138: 176219 braids
    projlen=139: 363529 braids
    projlen=140: 169967 braids
    projlen=141: 358322 braids
    projlen=142: 160579 braids
    projlen=143: 351022 braids
    projlen=144: 160862 braids
    projlen=145: 345771 braids
    projlen=146: 167631 braids
    projlen=147: 339761 braids
    projlen=148: 183822 braids
    projlen=149: 329156 braids
    projlen=150: 201112 braids
    projlen=151: 317528 braids
    projlen=152: 223619 braids
    projlen=153: 304051 braids
    projlen=154: 239663 braids
    projlen=155: 275237 braids
    projlen=156: 93726 braids
  Braids kept: 1117593 (in 29 buckets, 4.13 GB CPU)
  ⚡ Timing: matmul=0.20s, sampling=11.68s, total=17.83s
============================================================
Level 270 - SAMPLING
============================================================
  Starting braids: 967593
  Candidates to generate: 5102947
  Processing in 52 chunks...
  Projlen distribution:
    projlen=129: 6 braids
    projlen=130: 17 braids
    projlen=131: 192 braids
    projlen=132: 305 braids
    projlen=133: 4612 braids
    projlen=134: 4312 braids
    projlen=135: 48173 braids
    projlen=136: 34438 braids
    projlen=137: 267418 braids
    projlen=138: 177964 braids
    projlen=139: 365686 braids
    projlen=140: 172075 braids
    projlen=141: 358658 braids
    projlen=142: 160828 braids
    projlen=143: 353615 braids
    projlen=144: 158606 braids
    projlen=145: 347760 braids
    projlen=146: 162157 braids
    projlen=147: 342116 braids
    projlen=148: 171675 braids
    projlen=149: 336032 braids
    projlen=150: 191210 braids
    projlen=151: 324909 braids
    projlen=152: 210054 braids
    projlen=153: 311398 braids
    projlen=154: 228557 braids
    projlen=155: 278769 braids
    projlen=156: 91405 braids
  Braids kept: 1092055 (in 28 buckets, 4.04 GB CPU)
  ⚡ Timing: matmul=0.16s, sampling=11.25s, total=17.29s
============================================================
Level 271 - SAMPLING
============================================================
  Starting braids: 992055
  Candidates to generate: 5219117
  Processing in 53 chunks...
  Projlen distribution:
    projlen=130: 2 braids
    projlen=131: 123 braids
    projlen=132: 195 braids
    projlen=133: 1869 braids
    projlen=134: 2034 braids
    projlen=135: 27835 braids
    projlen=136: 21938 braids
    projlen=137: 238771 braids
    projlen=138: 151644 braids
    projlen=139: 328283 braids
    projlen=140: 174458 braids
    projlen=141: 360021 braids
    projlen=142: 160918 braids
    projlen=143: 354744 braids
    projlen=144: 158141 braids
    projlen=145: 350023 braids
    projlen=146: 158578 braids
    projlen=147: 345669 braids
    projlen=148: 165263 braids
    projlen=149: 339361 braids
    projlen=150: 176557 braids
    projlen=151: 331705 braids
    projlen=152: 198746 braids
    projlen=153: 319796 braids
    projlen=154: 217705 braids
    projlen=155: 303684 braids
    projlen=156: 224483 braids
    projlen=157: 106571 braids
  Braids kept: 1103996 (in 28 buckets, 4.11 GB CPU)
  ⚡ Timing: matmul=0.17s, sampling=11.61s, total=17.81s
============================================================
Level 272 - SAMPLING
============================================================
  Starting braids: 953996
  Candidates to generate: 4992750
  Processing in 50 chunks...
  Projlen distribution:
    projlen=130: 1 braids
    projlen=131: 26 braids
    projlen=132: 95 braids
    projlen=133: 1166 braids
    projlen=134: 1337 braids
    projlen=135: 13085 braids
    projlen=136: 10973 braids
    projlen=137: 140977 braids
    projlen=138: 93726 braids
    projlen=139: 298821 braids
    projlen=140: 176116 braids
    projlen=141: 362260 braids
    projlen=142: 164614 braids
    projlen=143: 355973 braids
    projlen=144: 157090 braids
    projlen=145: 350312 braids
    projlen=146: 156882 braids
    projlen=147: 347660 braids
    projlen=148: 159726 braids
    projlen=149: 342887 braids
    projlen=150: 169063 braids
    projlen=151: 336953 braids
    projlen=152: 184560 braids
    projlen=153: 327796 braids
    projlen=154: 207034 braids
    projlen=155: 311625 braids
    projlen=156: 214609 braids
    projlen=157: 107383 braids
  Braids kept: 1076683 (in 28 buckets, 4.02 GB CPU)
  ⚡ Timing: matmul=0.20s, sampling=11.03s, total=16.94s
============================================================
Level 273 - SAMPLING
============================================================
  Starting braids: 976683
  Candidates to generate: 5107419
  Processing in 52 chunks...
  Projlen distribution:
    projlen=131: 18 braids
    projlen=132: 49 braids
    projlen=133: 482 braids
    projlen=134: 740 braids
    projlen=135: 8240 braids
    projlen=136: 7165 braids
    projlen=137: 70386 braids
    projlen=138: 48082 braids
    projlen=139: 274547 braids
    projlen=140: 177670 braids
    projlen=141: 362983 braids
    projlen=142: 167876 braids
    projlen=143: 357222 braids
    projlen=144: 158528 braids
    projlen=145: 352667 braids
    projlen=146: 156121 braids
    projlen=147: 349490 braids
    projlen=148: 157678 braids
    projlen=149: 345450 braids
    projlen=150: 161873 braids
    projlen=151: 341052 braids
    projlen=152: 173846 braids
    projlen=153: 331943 braids
    projlen=154: 192035 braids
    projlen=155: 321334 braids
    projlen=156: 213172 braids
    projlen=157: 287773 braids
    projlen=158: 88997 braids
  Braids kept: 1114776 (in 28 buckets, 4.18 GB CPU)
  ⚡ Timing: matmul=0.16s, sampling=11.51s, total=17.58s
============================================================
Level 274 - SAMPLING
============================================================
  Starting braids: 964776
  Candidates to generate: 5036674
  Processing in 51 chunks...
  Projlen distribution:
    projlen=130: 1 braids
    projlen=131: 4 braids
    projlen=132: 38 braids
    projlen=133: 268 braids
    projlen=134: 429 braids
    projlen=135: 4287 braids
    projlen=136: 4174 braids
    projlen=137: 45743 braids
    projlen=138: 33465 braids
    projlen=139: 266044 braids
    projlen=140: 175914 braids
    projlen=141: 361297 braids
    projlen=142: 172745 braids
    projlen=143: 358526 braids
    projlen=144: 159189 braids
    projlen=145: 353758 braids
    projlen=146: 156340 braids
    projlen=147: 349535 braids
    projlen=148: 155930 braids
    projlen=149: 347602 braids
    projlen=150: 159374 braids
    projlen=151: 343738 braids
    projlen=152: 164881 braids
    projlen=153: 338151 braids
    projlen=154: 180281 braids
    projlen=155: 327502 braids
    projlen=156: 198761 braids
    projlen=157: 292395 braids
    projlen=158: 86302 braids
  Braids kept: 1088409 (in 29 buckets, 4.09 GB CPU)
  ⚡ Timing: matmul=0.15s, sampling=11.16s, total=17.15s
============================================================
Level 275 - SAMPLING
============================================================
  Starting braids: 988409
  Candidates to generate: 5145123
  Processing in 52 chunks...
  Projlen distribution:
    projlen=131: 3 braids
    projlen=132: 16 braids
    projlen=133: 161 braids
    projlen=134: 287 braids
    projlen=135: 2466 braids
    projlen=136: 2565 braids
    projlen=137: 26945 braids
    projlen=138: 21408 braids
    projlen=139: 226826 braids
    projlen=140: 145418 braids
    projlen=141: 325960 braids
    projlen=142: 174859 braids
    projlen=143: 359797 braids
    projlen=144: 160819 braids
    projlen=145: 354544 braids
    projlen=146: 156429 braids
    projlen=147: 351618 braids
    projlen=148: 155903 braids
    projlen=149: 348665 braids
    projlen=150: 157064 braids
    projlen=151: 346176 braids
    projlen=152: 161598 braids
    projlen=153: 341236 braids
    projlen=154: 169647 braids
    projlen=155: 335811 braids
    projlen=156: 188146 braids
    projlen=157: 320575 braids
    projlen=158: 199432 braids
    projlen=159: 110749 braids
  Braids kept: 1103851 (in 29 buckets, 4.17 GB CPU)
  ⚡ Timing: matmul=0.18s, sampling=11.59s, total=17.74s
============================================================
Level 276 - SAMPLING
============================================================
  Starting braids: 953851
  Candidates to generate: 4948667
  Processing in 50 chunks...
  Projlen distribution:
    projlen=132: 7 braids
    projlen=133: 99 braids
    projlen=134: 157 braids
    projlen=135: 1637 braids
    projlen=136: 1723 braids
    projlen=137: 16404 braids
    projlen=138: 13395 braids
    projlen=139: 138336 braids
    projlen=140: 91205 braids
    projlen=141: 297440 braids
    projlen=142: 176559 braids
    projlen=143: 362187 braids
    projlen=144: 164974 braids
    projlen=145: 356547 braids
    projlen=146: 156765 braids
    projlen=147: 351809 braids
    projlen=148: 155487 braids
    projlen=149: 348988 braids
    projlen=150: 155751 braids
    projlen=151: 347515 braids
    projlen=152: 158376 braids
    projlen=153: 345267 braids
    projlen=154: 165421 braids
    projlen=155: 339227 braids
    projlen=156: 175897 braids
    projlen=157: 327648 braids
    projlen=158: 187419 braids
    projlen=159: 112427 braids
  Braids kept: 1083422 (in 28 buckets, 4.10 GB CPU)
  ⚡ Timing: matmul=0.19s, sampling=11.10s, total=17.04s
============================================================
Level 277 - SAMPLING
============================================================
  Starting braids: 983422
  Candidates to generate: 5112238
  Processing in 52 chunks...
  Projlen distribution:
    projlen=132: 10 braids
    projlen=133: 27 braids
    projlen=134: 64 braids
    projlen=135: 962 braids
    projlen=136: 1030 braids
    projlen=137: 11295 braids
    projlen=138: 9340 braids
    projlen=139: 86481 braids
    projlen=140: 58662 braids
    projlen=141: 279900 braids
    projlen=142: 177642 braids
    projlen=143: 363172 braids
    projlen=144: 168779 braids
    projlen=145: 357609 braids
    projlen=146: 158271 braids
    projlen=147: 352567 braids
    projlen=148: 154959 braids
    projlen=149: 349093 braids
    projlen=150: 155295 braids
    projlen=151: 347677 braids
    projlen=152: 156576 braids
    projlen=153: 346672 braids
    projlen=154: 160301 braids
    projlen=155: 343847 braids
    projlen=156: 170046 braids
    projlen=157: 335962 braids
    projlen=158: 181292 braids
    projlen=159: 300618 braids
    projlen=160: 84089 braids
  Braids kept: 1122728 (in 29 buckets, 4.26 GB CPU)
  ⚡ Timing: matmul=0.17s, sampling=11.86s, total=18.01s
============================================================
Level 278 - SAMPLING
============================================================
  Starting braids: 972728
  Candidates to generate: 5057130
  Processing in 51 chunks...
  Projlen distribution:
    projlen=132: 3 braids
    projlen=133: 38 braids
    projlen=134: 64 braids
    projlen=135: 399 braids
    projlen=136: 483 braids
    projlen=137: 6759 braids
    projlen=138: 5828 braids
    projlen=139: 61048 braids
    projlen=140: 43008 braids
    projlen=141: 270998 braids
    projlen=142: 178542 braids
    projlen=143: 365312 braids
    projlen=144: 172440 braids
    projlen=145: 359309 braids
    projlen=146: 160223 braids
    projlen=147: 354611 braids
    projlen=148: 156149 braids
    projlen=149: 350502 braids
    projlen=150: 155033 braids
    projlen=151: 348573 braids
    projlen=152: 155650 braids
    projlen=153: 347608 braids
    projlen=154: 158137 braids
    projlen=155: 345099 braids
    projlen=156: 163244 braids
    projlen=157: 339885 braids
    projlen=158: 172695 braids
    projlen=159: 302723 braids
    projlen=160: 82767 braids
  Braids kept: 1106582 (in 29 buckets, 4.21 GB CPU)
  ⚡ Timing: matmul=0.18s, sampling=11.42s, total=17.51s
============================================================
Level 279 - SAMPLING
============================================================
  Starting braids: 956582
  Candidates to generate: 4972210
  Processing in 50 chunks...
  Projlen distribution:
    projlen=132: 2 braids
    projlen=133: 14 braids
    projlen=134: 29 braids
    projlen=135: 405 braids
    projlen=136: 436 braids
    projlen=137: 3226 braids
    projlen=138: 3055 braids
    projlen=139: 38218 braids
    projlen=140: 28383 braids
    projlen=141: 257521 braids
    projlen=142: 168408 braids
    projlen=143: 347431 braids
    projlen=144: 174166 braids
    projlen=145: 359259 braids
    projlen=146: 160914 braids
    projlen=147: 354774 braids
    projlen=148: 156809 braids
    projlen=149: 351673 braids
    projlen=150: 155761 braids
    projlen=151: 349444 braids
    projlen=152: 155174 braids
    projlen=153: 348091 braids
    projlen=154: 155916 braids
    projlen=155: 346724 braids
    projlen=156: 160612 braids
    projlen=157: 342932 braids
    projlen=158: 164748 braids
    projlen=159: 305841 braids
    projlen=160: 82244 braids
  Braids kept: 1073768 (in 29 buckets, 4.10 GB CPU)
  ⚡ Timing: matmul=0.19s, sampling=11.14s, total=17.13s
============================================================
Level 280 - SAMPLING
============================================================
  Starting braids: 973768
  Candidates to generate: 5024822
  Processing in 51 chunks...
  Projlen distribution:
    projlen=132: 1 braids
    projlen=133: 11 braids
    projlen=134: 15 braids
    projlen=135: 181 braids
    projlen=136: 236 braids
    projlen=137: 2844 braids
    projlen=138: 2629 braids
    projlen=139: 20729 braids
    projlen=140: 16189 braids
    projlen=141: 189018 braids
    projlen=142: 121985 braids
    projlen=143: 312416 braids
    projlen=144: 175934 braids
    projlen=145: 359616 braids
    projlen=146: 163373 braids
    projlen=147: 354869 braids
    projlen=148: 157476 braids
    projlen=149: 351485 braids
    projlen=150: 156061 braids
    projlen=151: 350020 braids
    projlen=152: 155728 braids
    projlen=153: 348639 braids
    projlen=154: 156096 braids
    projlen=155: 346955 braids
    projlen=156: 157673 braids
    projlen=157: 345209 braids
    projlen=158: 163131 braids
    projlen=159: 335486 braids
    projlen=160: 165671 braids
    projlen=161: 115146 braids
  Braids kept: 1092835 (in 30 buckets, 4.19 GB CPU)
  ⚡ Timing: matmul=0.16s, sampling=11.42s, total=17.48s
============================================================
Level 281 - SAMPLING
============================================================
  Starting braids: 992835
  Candidates to generate: 5140247
  Processing in 52 chunks...
  Projlen distribution:
    projlen=133: 22 braids
    projlen=134: 18 braids
    projlen=135: 115 braids
    projlen=136: 142 braids
    projlen=137: 1437 braids
    projlen=138: 1527 braids
    projlen=139: 17412 braids
    projlen=140: 13623 braids
    projlen=141: 107442 braids
    projlen=142: 69269 braids
    projlen=143: 284413 braids
    projlen=144: 176143 braids
    projlen=145: 361444 braids
    projlen=146: 166700 braids
    projlen=147: 356499 braids
    projlen=148: 159443 braids
    projlen=149: 351446 braids
    projlen=150: 157568 braids
    projlen=151: 349783 braids
    projlen=152: 156595 braids
    projlen=153: 347917 braids
    projlen=154: 156071 braids
    projlen=155: 347374 braids
    projlen=156: 157153 braids
    projlen=157: 345742 braids
    projlen=158: 159741 braids
    projlen=159: 341592 braids
    projlen=160: 165447 braids
    projlen=161: 306162 braids
    projlen=162: 82007 braids
  Braids kept: 1134296 (in 30 buckets, 4.37 GB CPU)
  ⚡ Timing: matmul=0.18s, sampling=11.99s, total=18.22s
============================================================
Level 282 - SAMPLING
============================================================
  Starting braids: 984296
  Candidates to generate: 5100638
  Processing in 52 chunks...
  Projlen distribution:
    projlen=132: 1 braids
    projlen=133: 8 braids
    projlen=134: 14 braids
    projlen=135: 157 braids
    projlen=136: 168 braids
    projlen=137: 949 braids
    projlen=138: 987 braids
    projlen=139: 9531 braids
    projlen=140: 8113 braids
    projlen=141: 89522 braids
    projlen=142: 60362 braids
    projlen=143: 280193 braids
    projlen=144: 176040 braids
    projlen=145: 364295 braids
    projlen=146: 170172 braids
    projlen=147: 357231 braids
    projlen=148: 158903 braids
    projlen=149: 352046 braids
    projlen=150: 158231 braids
    projlen=151: 349429 braids
    projlen=152: 157869 braids
    projlen=153: 347680 braids
    projlen=154: 157173 braids
    projlen=155: 347108 braids
    projlen=156: 157322 braids
    projlen=157: 346231 braids
    projlen=158: 158993 braids
    projlen=159: 343538 braids
    projlen=160: 160730 braids
    projlen=161: 306344 braids
    projlen=162: 81298 braids
  Braids kept: 1119928 (in 31 buckets, 4.32 GB CPU)
  ⚡ Timing: matmul=0.19s, sampling=11.89s, total=18.09s
============================================================
Level 283 - SAMPLING
============================================================
  Starting braids: 969928
  Candidates to generate: 5027896
  Processing in 51 chunks...
  Projlen distribution:
    projlen=133: 3 braids
    projlen=134: 7 braids
    projlen=135: 81 braids
    projlen=136: 113 braids
    projlen=137: 1099 braids
    projlen=138: 1021 braids
    projlen=139: 6654 braids
    projlen=140: 5398 braids
    projlen=141: 51837 braids
    projlen=142: 37086 braids
    projlen=143: 265753 braids
    projlen=144: 176381 braids
    projlen=145: 362584 braids
    projlen=146: 171264 braids
    projlen=147: 359781 braids
    projlen=148: 160057 braids
    projlen=149: 354428 braids
    projlen=150: 157384 braids
    projlen=151: 349737 braids
    projlen=152: 158472 braids
    projlen=153: 347325 braids
    projlen=154: 159238 braids
    projlen=155: 346027 braids
    projlen=156: 159010 braids
    projlen=157: 346163 braids
    projlen=158: 159501 braids
    projlen=159: 343916 braids
    projlen=160: 159653 braids
    projlen=161: 306762 braids
    projlen=162: 81161 braids
  Braids kept: 1101462 (in 30 buckets, 4.25 GB CPU)
  ⚡ Timing: matmul=0.17s, sampling=11.56s, total=17.64s
============================================================
Level 284 - SAMPLING
============================================================
  Starting braids: 951462
  Candidates to generate: 4951518
  Processing in 50 chunks...
  Projlen distribution:
    projlen=134: 2 braids
    projlen=135: 46 braids
    projlen=136: 66 braids
    projlen=137: 673 braids
    projlen=138: 700 braids
    projlen=139: 6919 braids
    projlen=140: 5425 braids
    projlen=141: 38696 braids
    projlen=142: 27002 braids
    projlen=143: 249241 braids
    projlen=144: 160090 braids
    projlen=145: 331810 braids
    projlen=146: 174389 braids
    projlen=147: 359012 braids
    projlen=148: 160729 braids
    projlen=149: 356262 braids
    projlen=150: 156553 braids
    projlen=151: 352926 braids
    projlen=152: 157545 braids
    projlen=153: 347698 braids
    projlen=154: 160049 braids
    projlen=155: 345893 braids
    projlen=156: 161792 braids
    projlen=157: 344381 braids
    projlen=158: 162244 braids
    projlen=159: 343684 braids
    projlen=160: 160917 braids
    projlen=161: 305872 braids
    projlen=162: 80902 braids
  Braids kept: 1079529 (in 29 buckets, 4.18 GB CPU)
  ⚡ Timing: matmul=0.18s, sampling=11.27s, total=17.27s
============================================================
Level 285 - SAMPLING
============================================================
  Starting braids: 979529
  Candidates to generate: 5072131
  Processing in 51 chunks...
  Projlen distribution:
    projlen=134: 3 braids
    projlen=135: 12 braids
    projlen=136: 43 braids
    projlen=137: 405 braids
    projlen=138: 462 braids
    projlen=139: 4527 braids
    projlen=140: 3889 braids
    projlen=141: 38627 braids
    projlen=142: 27331 braids
    projlen=143: 194901 braids
    projlen=144: 119355 braids
    projlen=145: 308176 braids
    projlen=146: 178265 braids
    projlen=147: 360453 braids
    projlen=148: 165247 braids
    projlen=149: 356487 braids
    projlen=150: 157484 braids
    projlen=151: 352691 braids
    projlen=152: 155237 braids
    projlen=153: 350448 braids
    projlen=154: 158071 braids
    projlen=155: 346835 braids
    projlen=156: 162712 braids
    projlen=157: 344589 braids
    projlen=158: 165546 braids
    projlen=159: 342579 braids
    projlen=160: 166003 braids
    projlen=161: 335321 braids
    projlen=162: 160864 braids
    projlen=163: 115568 braids
  Braids kept: 1125299 (in 30 buckets, 4.37 GB CPU)
  ⚡ Timing: matmul=0.19s, sampling=11.63s, total=17.80s
============================================================
Level 286 - SAMPLING
============================================================
  Starting braids: 975299
  Candidates to generate: 5051829
  Processing in 51 chunks...
  Projlen distribution:
    projlen=135: 12 braids
    projlen=136: 29 braids
    projlen=137: 231 braids
    projlen=138: 296 braids
    projlen=139: 2848 braids
    projlen=140: 2673 braids
    projlen=141: 26498 braids
    projlen=142: 19661 braids
    projlen=143: 191110 braids
    projlen=144: 121021 braids
    projlen=145: 311107 braids
    projlen=146: 174070 braids
    projlen=147: 361764 braids
    projlen=148: 171195 braids
    projlen=149: 354949 braids
    projlen=150: 159878 braids
    projlen=151: 352358 braids
    projlen=152: 156320 braids
    projlen=153: 350760 braids
    projlen=154: 154653 braids
    projlen=155: 348567 braids
    projlen=156: 158311 braids
    projlen=157: 345413 braids
    projlen=158: 165753 braids
    projlen=159: 340973 braids
    projlen=160: 168916 braids
    projlen=161: 333018 braids
    projlen=162: 165350 braids
    projlen=163: 114095 braids
  Braids kept: 1102248 (in 29 buckets, 4.29 GB CPU)
  ⚡ Timing: matmul=0.18s, sampling=11.80s, total=17.91s
============================================================
Level 287 - SAMPLING
============================================================
  Starting braids: 952248
  Candidates to generate: 4932206
  Processing in 50 chunks...
  Projlen distribution:
    projlen=136: 8 braids
    projlen=137: 192 braids
    projlen=138: 235 braids
    projlen=139: 1853 braids
    projlen=140: 1791 braids
    projlen=141: 17542 braids
    projlen=142: 13601 braids
    projlen=143: 133134 braids
    projlen=144: 85743 braids
    projlen=145: 294119 braids
    projlen=146: 175656 braids
    projlen=147: 362144 braids
    projlen=148: 166294 braids
    projlen=149: 357171 braids
    projlen=150: 164405 braids
    projlen=151: 352370 braids
    projlen=152: 159704 braids
    projlen=153: 350092 braids
    projlen=154: 156298 braids
    projlen=155: 349267 braids
    projlen=156: 154527 braids
    projlen=157: 347401 braids
    projlen=158: 159855 braids
    projlen=159: 342802 braids
    projlen=160: 169331 braids
    projlen=161: 334131 braids
    projlen=162: 168986 braids
    projlen=163: 113554 braids
  Braids kept: 1085222 (in 28 buckets, 4.23 GB CPU)
  ⚡ Timing: matmul=0.15s, sampling=11.48s, total=17.45s
============================================================
Level 288 - SAMPLING
============================================================
  Starting braids: 985222
  Candidates to generate: 5120418
  Processing in 52 chunks...
  Projlen distribution:
    projlen=136: 1 braids
    projlen=137: 63 braids
    projlen=138: 121 braids
    projlen=139: 1454 braids
    projlen=140: 1397 braids
    projlen=141: 12040 braids
    projlen=142: 9461 braids
    projlen=143: 90318 braids
    projlen=144: 60000 braids
    projlen=145: 278405 braids
    projlen=146: 175176 braids
    projlen=147: 363092 braids
    projlen=148: 168686 braids
    projlen=149: 357998 braids
    projlen=150: 159148 braids
    projlen=151: 352925 braids
    projlen=152: 163319 braids
    projlen=153: 348259 braids
    projlen=154: 161226 braids
    projlen=155: 347717 braids
    projlen=156: 157190 braids
    projlen=157: 348400 braids
    projlen=158: 155523 braids
    projlen=159: 345954 braids
    projlen=160: 162266 braids
    projlen=161: 339916 braids
    projlen=162: 173364 braids
    projlen=163: 303602 braids
    projlen=164: 83397 braids
  Braids kept: 1124537 (in 29 buckets, 4.40 GB CPU)
  ⚡ Timing: matmul=0.17s, sampling=12.12s, total=18.33s
============================================================
Level 289 - SAMPLING
============================================================
  Starting braids: 974537
  Candidates to generate: 5057113
  Processing in 51 chunks...
  Projlen distribution:
    projlen=135: 1 braids
    projlen=136: 2 braids
    projlen=137: 8 braids
    projlen=138: 34 braids
    projlen=139: 672 braids
    projlen=140: 849 braids
    projlen=141: 9171 braids
    projlen=142: 7275 braids
    projlen=143: 63781 braids
    projlen=144: 43017 braids
    projlen=145: 269007 braids
    projlen=146: 176557 braids
    projlen=147: 363668 braids
    projlen=148: 170742 braids
    projlen=149: 358152 braids
    projlen=150: 159343 braids
    projlen=151: 353928 braids
    projlen=152: 156417 braids
    projlen=153: 348867 braids
    projlen=154: 164096 braids
    projlen=155: 344640 braids
    projlen=156: 164009 braids
    projlen=157: 345878 braids
    projlen=158: 159281 braids
    projlen=159: 346624 braids
    projlen=160: 156313 braids
    projlen=161: 343759 braids
    projlen=162: 163864 braids
    projlen=163: 305218 braids
    projlen=164: 81940 braids
  Braids kept: 1111029 (in 30 buckets, 4.36 GB CPU)
  ⚡ Timing: matmul=0.18s, sampling=11.68s, total=17.85s
============================================================
Level 290 - SAMPLING
============================================================
  Starting braids: 961029
  Candidates to generate: 4989125
  Processing in 50 chunks...
  Projlen distribution:
    projlen=135: 4 braids
    projlen=136: 3 braids
    projlen=137: 18 braids
    projlen=138: 40 braids
    projlen=139: 162 braids
    projlen=140: 302 braids
    projlen=141: 4999 braids
    projlen=142: 4601 braids
    projlen=143: 49164 braids
    projlen=144: 34559 braids
    projlen=145: 257964 braids
    projlen=146: 164826 braids
    projlen=147: 344919 braids
    projlen=148: 173383 braids
    projlen=149: 357939 braids
    projlen=150: 160163 braids
    projlen=151: 354772 braids
    projlen=152: 156159 braids
    projlen=153: 351666 braids
    projlen=154: 155560 braids
    projlen=155: 347657 braids
    projlen=156: 166815 braids
    projlen=157: 342143 braids
    projlen=158: 168593 braids
    projlen=159: 342880 braids
    projlen=160: 162467 braids
    projlen=161: 343589 braids
    projlen=162: 156055 braids
    projlen=163: 307122 braids
    projlen=164: 80601 braids
  Braids kept: 1093852 (in 30 buckets, 4.30 GB CPU)
  ⚡ Timing: matmul=0.20s, sampling=11.41s, total=17.49s
============================================================
Level 291 - SAMPLING
============================================================
  Starting braids: 993852
  Candidates to generate: 5134678
  Processing in 52 chunks...
  Projlen distribution:
    projlen=135: 4 braids
    projlen=136: 5 braids
    projlen=137: 32 braids
    projlen=138: 36 braids
    projlen=139: 223 braids
    projlen=140: 280 braids
    projlen=141: 1754 braids
    projlen=142: 1958 braids
    projlen=143: 29556 braids
    projlen=144: 22903 braids
    projlen=145: 238643 braids
    projlen=146: 149857 braids
    projlen=147: 324940 braids
    projlen=148: 173164 braids
    projlen=149: 358590 braids
    projlen=150: 163316 braids
    projlen=151: 355193 braids
    projlen=152: 157280 braids
    projlen=153: 351075 braids
    projlen=154: 155085 braids
    projlen=155: 349559 braids
    projlen=156: 155961 braids
    projlen=157: 345431 braids
    projlen=158: 170783 braids
    projlen=159: 340065 braids
    projlen=160: 174854 braids
    projlen=161: 339878 braids
    projlen=162: 167332 braids
    projlen=163: 335757 braids
    projlen=164: 155342 braids
    projlen=165: 115822 braids
  Braids kept: 1106751 (in 31 buckets, 4.37 GB CPU)
  ⚡ Timing: matmul=0.17s, sampling=12.00s, total=18.28s
============================================================
Level 292 - SAMPLING
============================================================
  Starting braids: 956751
  Candidates to generate: 4947607
  Processing in 50 chunks...
  Projlen distribution:
    projlen=135: 4 braids
    projlen=136: 3 braids
    projlen=137: 31 braids
    projlen=138: 27 braids
    projlen=139: 267 braids
    projlen=140: 239 braids
    projlen=141: 1863 braids
    projlen=142: 1706 braids
    projlen=143: 12625 braids
    projlen=144: 10619 braids
    projlen=145: 146270 braids
    projlen=146: 96461 braids
    projlen=147: 298023 braids
    projlen=148: 174567 braids
    projlen=149: 360239 braids
    projlen=150: 164158 braids
    projlen=151: 356313 braids
    projlen=152: 159371 braids
    projlen=153: 351707 braids
    projlen=154: 156362 braids
    projlen=155: 349147 braids
    projlen=156: 154606 braids
    projlen=157: 348187 braids
    projlen=158: 156614 braids
    projlen=159: 343411 braids
    projlen=160: 174910 braids
    projlen=161: 336127 braids
    projlen=162: 181876 braids
    projlen=163: 330319 braids
    projlen=164: 168108 braids
    projlen=165: 113447 braids
  Braids kept: 1077384 (in 31 buckets, 4.26 GB CPU)
  ⚡ Timing: matmul=0.17s, sampling=11.46s, total=17.50s
============================================================
Level 293 - SAMPLING
============================================================
  Starting braids: 977384
  Candidates to generate: 5080716
  Processing in 51 chunks...
  Projlen distribution:
    projlen=135: 3 braids
    projlen=136: 4 braids
    projlen=137: 23 braids
    projlen=138: 20 braids
    projlen=139: 201 braids
    projlen=140: 173 braids
    projlen=141: 1761 braids
    projlen=142: 1485 braids
    projlen=143: 12042 braids
    projlen=144: 9314 braids
    projlen=145: 68523 braids
    projlen=146: 45766 braids
    projlen=147: 270389 braids
    projlen=148: 175714 braids
    projlen=149: 361677 braids
    projlen=150: 167318 braids
    projlen=151: 356551 braids
    projlen=152: 157674 braids
    projlen=153: 352367 braids
    projlen=154: 158318 braids
    projlen=155: 348976 braids
    projlen=156: 156582 braids
    projlen=157: 349056 braids
    projlen=158: 155948 braids
    projlen=159: 347169 braids
    projlen=160: 157699 braids
    projlen=161: 341988 braids
    projlen=162: 180214 braids
    projlen=163: 331070 braids
    projlen=164: 190327 braids
    projlen=165: 297753 braids
    projlen=166: 84611 braids
  Braids kept: 1120792 (in 32 buckets, 4.45 GB CPU)
  ⚡ Timing: matmul=0.20s, sampling=11.93s, total=18.17s
============================================================
Level 294 - SAMPLING
============================================================
  Starting braids: 970792
  Candidates to generate: 5052044
  Processing in 51 chunks...
  Projlen distribution:
    projlen=136: 2 braids
    projlen=137: 20 braids
    projlen=138: 20 braids
    projlen=139: 141 braids
    projlen=140: 125 braids
    projlen=141: 1202 braids
    projlen=142: 1022 braids
    projlen=143: 10441 braids
    projlen=144: 8052 braids
    projlen=145: 65687 braids
    projlen=146: 44425 braids
    projlen=147: 268029 braids
    projlen=148: 170274 braids
    projlen=149: 353973 braids
    projlen=150: 172013 braids
    projlen=151: 358332 braids
    projlen=152: 158951 braids
    projlen=153: 353190 braids
    projlen=154: 155210 braids
    projlen=155: 349520 braids
    projlen=156: 158652 braids
    projlen=157: 348278 braids
    projlen=158: 157908 braids
    projlen=159: 347772 braids
    projlen=160: 157182 braids
    projlen=161: 346717 braids
    projlen=162: 159932 braids
    projlen=163: 338127 braids
    projlen=164: 183929 braids
    projlen=165: 298434 braids
    projlen=166: 84484 braids
  Braids kept: 1115450 (in 31 buckets, 4.43 GB CPU)
  ⚡ Timing: matmul=0.18s, sampling=11.85s, total=18.06s
============================================================
Level 295 - SAMPLING
============================================================
  Starting braids: 965450
  Candidates to generate: 5017644
  Processing in 51 chunks...
  Projlen distribution:
    projlen=137: 7 braids
    projlen=138: 12 braids
    projlen=139: 135 braids
    projlen=140: 116 braids
    projlen=141: 897 braids
    projlen=142: 746 braids
    projlen=143: 7002 braids
    projlen=144: 5487 braids
    projlen=145: 56132 braids
    projlen=146: 38819 braids
    projlen=147: 263081 braids
    projlen=148: 168398 braids
    projlen=149: 351726 braids
    projlen=150: 173293 braids
    projlen=151: 360957 braids
    projlen=152: 161291 braids
    projlen=153: 355983 braids
    projlen=154: 155889 braids
    projlen=155: 351432 braids
    projlen=156: 154775 braids
    projlen=157: 347854 braids
    projlen=158: 159801 braids
    projlen=159: 346142 braids
    projlen=160: 159762 braids
    projlen=161: 346375 braids
    projlen=162: 159494 braids
    projlen=163: 344115 braids
    projlen=164: 160912 braids
    projlen=165: 305740 braids
    projlen=166: 81271 braids
  Braids kept: 1103221 (in 30 buckets, 4.39 GB CPU)
  ⚡ Timing: matmul=0.17s, sampling=11.87s, total=18.05s
============================================================
Level 296 - SAMPLING
============================================================
  Starting braids: 953221
  Candidates to generate: 4955471
  Processing in 50 chunks...
  Projlen distribution:
    projlen=137: 3 braids
    projlen=138: 5 braids
    projlen=139: 74 braids
    projlen=140: 84 braids
    projlen=141: 792 braids
    projlen=142: 633 braids
    projlen=143: 5397 braids
    projlen=144: 4154 braids
    projlen=145: 38435 braids
    projlen=146: 27081 braids
    projlen=147: 250653 braids
    projlen=148: 159353 braids
    projlen=149: 337424 braids
    projlen=150: 174141 braids
    projlen=151: 361119 braids
    projlen=152: 162389 braids
    projlen=153: 356609 braids
    projlen=154: 156628 braids
    projlen=155: 352662 braids
    projlen=156: 154272 braids
    projlen=157: 349794 braids
    projlen=158: 154627 braids
    projlen=159: 347229 braids
    projlen=160: 162498 braids
    projlen=161: 344574 braids
    projlen=162: 162876 braids
    projlen=163: 343485 braids
    projlen=164: 160483 braids
    projlen=165: 306787 braids
    projlen=166: 81210 braids
  Braids kept: 1076658 (in 30 buckets, 4.30 GB CPU)
  ⚡ Timing: matmul=0.18s, sampling=11.57s, total=17.66s
============================================================
Level 297 - SAMPLING
============================================================
  Starting braids: 976658
  Candidates to generate: 5042162
  Processing in 51 chunks...
  Projlen distribution:
    projlen=139: 31 braids
    projlen=140: 32 braids
    projlen=141: 534 braids
    projlen=142: 491 braids
    projlen=143: 4472 braids
    projlen=144: 3408 braids
    projlen=145: 30417 braids
    projlen=146: 21390 braids
    projlen=147: 190808 braids
    projlen=148: 118971 braids
    projlen=149: 309877 braids
    projlen=150: 174417 braids
    projlen=151: 361420 braids
    projlen=152: 164776 braids
    projlen=153: 356751 braids
    projlen=154: 157494 braids
    projlen=155: 353209 braids
    projlen=156: 154794 braids
    projlen=157: 350995 braids
    projlen=158: 153881 braids
    projlen=159: 349370 braids
    projlen=160: 154958 braids
    projlen=161: 346272 braids
    projlen=162: 164997 braids
    projlen=163: 341641 braids
    projlen=164: 165874 braids
    projlen=165: 334990 braids
    projlen=166: 160150 braids
    projlen=167: 115742 braids
  Braids kept: 1110775 (in 29 buckets, 4.45 GB CPU)
  ⚡ Timing: matmul=0.17s, sampling=11.96s, total=18.17s
============================================================
Level 298 - SAMPLING
============================================================
  Starting braids: 960775
  Candidates to generate: 4958547
  Processing in 50 chunks...
  Projlen distribution:
    projlen=139: 5 braids
    projlen=140: 9 braids
    projlen=141: 202 braids
    projlen=142: 208 braids
    projlen=143: 3216 braids
    projlen=144: 2693 braids
    projlen=145: 24649 braids
    projlen=146: 17236 braids
    projlen=147: 151911 braids
    projlen=148: 95014 braids
    projlen=149: 296562 braids
    projlen=150: 174578 braids
    projlen=151: 362612 braids
    projlen=152: 165677 braids
    projlen=153: 357702 braids
    projlen=154: 159684 braids
    projlen=155: 352896 braids
    projlen=156: 156219 braids
    projlen=157: 350559 braids
    projlen=158: 153822 braids
    projlen=159: 349619 braids
    projlen=160: 153566 braids
    projlen=161: 348252 braids
    projlen=162: 155113 braids
    projlen=163: 344660 braids
    projlen=164: 167857 braids
    projlen=165: 334039 braids
    projlen=166: 166331 braids
    projlen=167: 113656 braids
  Braids kept: 1098218 (in 29 buckets, 4.41 GB CPU)
  ⚡ Timing: matmul=0.18s, sampling=11.83s, total=17.96s
============================================================
Level 299 - SAMPLING
============================================================
  Starting braids: 998218
  Candidates to generate: 5164718
  Processing in 52 chunks...
  Projlen distribution:
    projlen=140: 5 braids
    projlen=141: 56 braids
    projlen=142: 108 braids
    projlen=143: 1303 braids
    projlen=144: 1298 braids
    projlen=145: 18071 braids
    projlen=146: 13491 braids
    projlen=147: 121537 braids
    projlen=148: 76272 braids
    projlen=149: 286690 braids
    projlen=150: 173986 braids
    projlen=151: 362776 braids
    projlen=152: 167454 braids
    projlen=153: 358444 braids
    projlen=154: 158190 braids
    projlen=155: 353416 braids
    projlen=156: 157505 braids
    projlen=157: 349799 braids
    projlen=158: 155925 braids
    projlen=159: 348871 braids
    projlen=160: 153356 braids
    projlen=161: 349189 braids
    projlen=162: 153576 braids
    projlen=163: 347696 braids
    projlen=164: 155649 braids
    projlen=165: 342161 braids
    projlen=166: 171044 braids
    projlen=167: 304153 braids
    projlen=168: 82697 braids
  Braids kept: 1134332 (in 29 buckets, 4.57 GB CPU)
  ⚡ Timing: matmul=0.19s, sampling=12.46s, total=18.87s
============================================================
Level 300 - SAMPLING
============================================================
  Starting braids: 984332
  Candidates to generate: 5079280
  Processing in 51 chunks...
  Projlen distribution:
    projlen=140: 3 braids
    projlen=141: 24 braids
    projlen=142: 54 braids
    projlen=143: 573 braids
    projlen=144: 714 braids
    projlen=145: 8261 braids
    projlen=146: 6821 braids
    projlen=147: 89967 braids
    projlen=148: 59669 braids
    projlen=149: 276645 braids
    projlen=150: 172819 braids
    projlen=151: 362503 braids
    projlen=152: 168586 braids
    projlen=153: 358790 braids
    projlen=154: 158856 braids
    projlen=155: 353576 braids
    projlen=156: 155303 braids
    projlen=157: 350963 braids
    projlen=158: 157546 braids
    projlen=159: 348062 braids
    projlen=160: 156903 braids
    projlen=161: 348052 braids
    projlen=162: 153659 braids
    projlen=163: 348405 braids
    projlen=164: 153996 braids
    projlen=165: 346353 braids
    projlen=166: 155112 braids
    projlen=167: 306915 braids
    projlen=168: 80150 braids
  Braids kept: 1116450 (in 29 buckets, 4.51 GB CPU)
  ⚡ Timing: matmul=0.19s, sampling=12.09s, total=18.36s

============================================================
SEARCH COMPLETE
============================================================
Final level: 300
Total time: 3699.73s
Avg time per level: 12.63s
Total GPU scalar-identity candidates: 0
Exact peyl verification required for every candidate.
