============================================================
SEARCHING FOR KERNEL ELEMENTS
============================================================
Braid group: B_4
Representation: (3, 1)
Dimension: 3
Number of simples: 24
Prime: 7
Device: cuda
Bucket size: 50000
Target length: 300
BFS frontier length: 8
Frontier shard: 33/64
Degree window: [0, 900] (901 coeffs)
Boundary margin: 16
Use best: 1000000
Save best: 50000
Expansion chunk size: 100000
Matmul chunk size: 8000
Seed: 70032

Loaded tables from /nfs/roberts/project/pi_com36/as4843/burau-experiments/precomputed_tables/tables_B4_r1_p7.pt
  Braid group: B_4
  Representation: (3, 1), dimension 3
  Number of simples: 24
  Degree window: [0, 900] (901 coefficients)
  Table checksum: 812f436d5d2d17cd22ee17ad7df33b681151037863def03032587a5c5ef7a9e4
✓ Identity matrix loaded at degree 0

Precomputing FFTs of simple matrices...
  simple_D=4, safety_cap_D=901
  FFT size: dynamic (grows with actual projective width)
  FFT cache: initialized lazily by transform size
Storage: reservoir matrices=CPU int16, active chunks=CUDA int16/FFT
⚡ GPU-accelerated paper reservoir with per-product projectivization

============================================================
Level 8 - BFS FRONTIER
============================================================
  Exhaustively enumerating all legal GNF words of length 8...
  Full frontier: 4,963,856 braids
  Assigned to this shard: 77,560 braids
  Projlen distribution:
    projlen=14: 2 braids
    projlen=15: 7 braids
    projlen=16: 88 braids
    projlen=17: 9056 braids
    projlen=18: 11677 braids
    projlen=19: 21748 braids
    projlen=20: 16629 braids
    projlen=21: 12030 braids
    projlen=22: 4761 braids
    projlen=23: 1367 braids
    projlen=24: 186 braids
    projlen=25: 9 braids
  Braids kept: 77560 (in 12 buckets, 0.03 GB CPU)
  ⚡ Timing: matmul=6.83s, sampling=0.00s, total=6.83s
============================================================
Level 9 - SAMPLING
============================================================
  Starting braids: 77560
  Candidates to generate: 423118
  Processing in 5 chunks...
  Projlen distribution:
    projlen=15: 3 braids
    projlen=16: 24 braids
    projlen=17: 130 braids
    projlen=18: 573 braids
    projlen=19: 41683 braids
    projlen=20: 53929 braids
    projlen=21: 110163 braids
    projlen=22: 90271 braids
    projlen=23: 75476 braids
    projlen=24: 34467 braids
    projlen=25: 13294 braids
    projlen=26: 2733 braids
    projlen=27: 356 braids
    projlen=28: 16 braids
  Braids kept: 293279 (in 14 buckets, 0.13 GB CPU)
  ⚡ Timing: matmul=0.02s, sampling=0.16s, total=0.25s
============================================================
Level 10 - SAMPLING
============================================================
  Starting braids: 293279
  Candidates to generate: 1593613
  Processing in 16 chunks...
  Projlen distribution:
    projlen=17: 67 braids
    projlen=18: 193 braids
    projlen=19: 1356 braids
    projlen=20: 3565 braids
    projlen=21: 188570 braids
    projlen=22: 226446 braids
    projlen=23: 312159 braids
    projlen=24: 246202 braids
    projlen=25: 283450 braids
    projlen=26: 186169 braids
    projlen=27: 109278 braids
    projlen=28: 29504 braids
    projlen=29: 6042 braids
    projlen=30: 586 braids
    projlen=31: 26 braids
  Braids kept: 391339 (in 15 buckets, 0.19 GB CPU)
  ⚡ Timing: matmul=0.08s, sampling=0.66s, total=0.96s
============================================================
Level 11 - SAMPLING
============================================================
  Starting braids: 391339
  Candidates to generate: 2116083
  Processing in 22 chunks...
  Projlen distribution:
    projlen=18: 10 braids
    projlen=19: 641 braids
    projlen=20: 1383 braids
    projlen=21: 9424 braids
    projlen=22: 15603 braids
    projlen=23: 230880 braids
    projlen=24: 243801 braids
    projlen=25: 305899 braids
    projlen=26: 248568 braids
    projlen=27: 296879 braids
    projlen=28: 247738 braids
    projlen=29: 266454 braids
    projlen=30: 163503 braids
    projlen=31: 73129 braids
    projlen=32: 11048 braids
    projlen=33: 1079 braids
    projlen=34: 44 braids
  Braids kept: 489232 (in 17 buckets, 0.26 GB CPU)
  ⚡ Timing: matmul=0.14s, sampling=0.95s, total=1.51s
============================================================
Level 12 - SAMPLING
============================================================
  Starting braids: 489232
  Candidates to generate: 2645546
  Processing in 27 chunks...
  Projlen distribution:
    projlen=19: 34 braids
    projlen=20: 140 braids
    projlen=21: 4431 braids
    projlen=22: 7596 braids
    projlen=23: 50927 braids
    projlen=24: 68994 braids
    projlen=25: 259505 braids
    projlen=26: 239070 braids
    projlen=27: 304474 braids
    projlen=28: 250320 braids
    projlen=29: 292075 braids
    projlen=30: 255779 braids
    projlen=31: 286654 braids
    projlen=32: 242525 braids
    projlen=33: 248804 braids
    projlen=34: 109532 braids
    projlen=35: 22835 braids
    projlen=36: 1783 braids
    projlen=37: 68 braids
  Braids kept: 636887 (in 19 buckets, 0.36 GB CPU)
  ⚡ Timing: matmul=0.07s, sampling=1.09s, total=1.69s
============================================================
Level 13 - SAMPLING
============================================================
  Starting braids: 636887
  Candidates to generate: 3462179
  Processing in 35 chunks...
  Projlen distribution:
    projlen=20: 4 braids
    projlen=21: 420 braids
    projlen=22: 1042 braids
    projlen=23: 24532 braids
    projlen=24: 37264 braids
    projlen=25: 237375 braids
    projlen=26: 250191 braids
    projlen=27: 330170 braids
    projlen=28: 234891 braids
    projlen=29: 303858 braids
    projlen=30: 251960 braids
    projlen=31: 289193 braids
    projlen=32: 257669 braids
    projlen=33: 285023 braids
    projlen=34: 256443 braids
    projlen=35: 278319 braids
    projlen=36: 222318 braids
    projlen=37: 158089 braids
    projlen=38: 40167 braids
    projlen=39: 3139 braids
    projlen=40: 112 braids
  Braids kept: 756680 (in 21 buckets, 0.46 GB CPU)
  ⚡ Timing: matmul=0.11s, sampling=1.66s, total=2.52s
============================================================
Level 14 - SAMPLING
============================================================
  Starting braids: 756680
  Candidates to generate: 4094132
  Processing in 41 chunks...
  Projlen distribution:
    projlen=21: 13 braids
    projlen=22: 79 braids
    projlen=23: 3320 braids
    projlen=24: 6309 braids
    projlen=25: 119364 braids
    projlen=26: 158288 braids
    projlen=27: 303011 braids
    projlen=28: 244997 braids
    projlen=29: 315722 braids
    projlen=30: 234421 braids
    projlen=31: 302296 braids
    projlen=32: 252936 braids
    projlen=33: 284928 braids
    projlen=34: 261210 braids
    projlen=35: 282148 braids
    projlen=36: 261120 braids
    projlen=37: 284123 braids
    projlen=38: 250550 braids
    projlen=39: 262452 braids
    projlen=40: 182619 braids
    projlen=41: 78879 braids
    projlen=42: 5179 braids
    projlen=43: 168 braids
  Braids kept: 865068 (in 23 buckets, 0.56 GB CPU)
  ⚡ Timing: matmul=0.11s, sampling=1.82s, total=2.83s
============================================================
Level 15 - SAMPLING
============================================================
  Starting braids: 865068
  Candidates to generate: 4681330
  Processing in 47 chunks...
  Projlen distribution:
    projlen=21: 3 braids
    projlen=22: 10 braids
    projlen=23: 255 braids
    projlen=24: 892 braids
    projlen=25: 19273 braids
    projlen=26: 28974 braids
    projlen=27: 237938 braids
    projlen=28: 246627 braids
    projlen=29: 318478 braids
    projlen=30: 239148 braids
    projlen=31: 308943 braids
    projlen=32: 239060 braids
    projlen=33: 297476 braids
    projlen=34: 255058 braids
    projlen=35: 284039 braids
    projlen=36: 263537 braids
    projlen=37: 281154 braids
    projlen=38: 264734 braids
    projlen=39: 281255 braids
    projlen=40: 259244 braids
    projlen=41: 280448 braids
    projlen=42: 240916 braids
    projlen=43: 233942 braids
    projlen=44: 90855 braids
    projlen=45: 8799 braids
    projlen=46: 272 braids
  Braids kept: 958478 (in 26 buckets, 0.67 GB CPU)
  ⚡ Timing: matmul=0.14s, sampling=2.57s, total=3.83s
============================================================
Level 16 - SAMPLING
============================================================
  Starting braids: 958478
  Candidates to generate: 5186654
  Processing in 52 chunks...
  Projlen distribution:
    projlen=23: 55 braids
    projlen=24: 143 braids
    projlen=25: 2178 braids
    projlen=26: 5524 braids
    projlen=27: 96687 braids
    projlen=28: 125929 braids
    projlen=29: 289684 braids
    projlen=30: 240377 braids
    projlen=31: 310977 braids
    projlen=32: 240871 braids
    projlen=33: 301884 braids
    projlen=34: 244116 braids
    projlen=35: 293379 braids
    projlen=36: 255990 braids
    projlen=37: 282541 braids
    projlen=38: 265323 braids
    projlen=39: 279414 braids
    projlen=40: 266133 braids
    projlen=41: 279728 braids
    projlen=42: 262901 braids
    projlen=43: 281450 braids
    projlen=44: 257162 braids
    projlen=45: 266202 braids
    projlen=46: 214780 braids
    projlen=47: 108363 braids
    projlen=48: 14463 braids
    projlen=49: 400 braids
  Braids kept: 1072763 (in 27 buckets, 0.79 GB CPU)
  ⚡ Timing: matmul=0.14s, sampling=3.19s, total=4.65s
============================================================
Level 17 - SAMPLING
============================================================
  Starting braids: 957900
  Candidates to generate: 5256024
  Processing in 53 chunks...
  Projlen distribution:
    projlen=24: 7 braids
    projlen=25: 520 braids
    projlen=26: 1122 braids
    projlen=27: 12671 braids
    projlen=28: 25759 braids
    projlen=29: 235596 braids
    projlen=30: 246642 braids
    projlen=31: 325315 braids
    projlen=32: 235983 braids
    projlen=33: 307602 braids
    projlen=34: 244034 braids
    projlen=35: 296361 braids
    projlen=36: 249380 braids
    projlen=37: 289348 braids
    projlen=38: 257654 braids
    projlen=39: 281748 braids
    projlen=40: 266146 braids
    projlen=41: 277965 braids
    projlen=42: 267631 braids
    projlen=43: 278017 braids
    projlen=44: 267094 braids
    projlen=45: 279354 braids
    projlen=46: 256852 braids
    projlen=47: 258562 braids
    projlen=48: 94661 braids
  Braids kept: 1040079 (in 25 buckets, 0.79 GB CPU)
  ⚡ Timing: matmul=0.14s, sampling=3.30s, total=4.77s
============================================================
Level 18 - SAMPLING
============================================================
  Starting braids: 990079
  Candidates to generate: 5431679
  Processing in 55 chunks...
  Projlen distribution:
    projlen=24: 2 braids
    projlen=25: 51 braids
    projlen=26: 180 braids
    projlen=27: 3492 braids
    projlen=28: 6661 braids
    projlen=29: 64439 braids
    projlen=30: 109694 braids
    projlen=31: 280449 braids
    projlen=32: 241214 braids
    projlen=33: 313958 braids
    projlen=34: 236271 braids
    projlen=35: 302483 braids
    projlen=36: 246760 braids
    projlen=37: 290975 braids
    projlen=38: 253829 braids
    projlen=39: 286793 braids
    projlen=40: 260356 braids
    projlen=41: 281514 braids
    projlen=42: 267137 braids
    projlen=43: 276355 braids
    projlen=44: 268604 braids
    projlen=45: 275113 braids
    projlen=46: 267562 braids
    projlen=47: 276279 braids
    projlen=48: 263392 braids
    projlen=49: 260515 braids
    projlen=50: 97601 braids
  Braids kept: 1110386 (in 27 buckets, 0.87 GB CPU)
  ⚡ Timing: matmul=0.20s, sampling=3.62s, total=5.24s
============================================================
Level 19 - SAMPLING
============================================================
  Starting braids: 960386
  Candidates to generate: 5284400
  Processing in 53 chunks...
  Projlen distribution:
    projlen=25: 8 braids
    projlen=26: 67 braids
    projlen=27: 712 braids
    projlen=28: 1538 braids
    projlen=29: 19881 braids
    projlen=30: 32908 braids
    projlen=31: 230691 braids
    projlen=32: 261455 braids
    projlen=33: 321269 braids
    projlen=34: 236974 braids
    projlen=35: 309069 braids
    projlen=36: 240583 braids
    projlen=37: 297062 braids
    projlen=38: 250184 braids
    projlen=39: 287991 braids
    projlen=40: 257908 braids
    projlen=41: 283992 braids
    projlen=42: 262894 braids
    projlen=43: 280013 braids
    projlen=44: 268033 braids
    projlen=45: 276067 braids
    projlen=46: 269608 braids
    projlen=47: 274723 braids
    projlen=48: 266084 braids
    projlen=49: 257405 braids
    projlen=50: 97281 braids
  Braids kept: 1055114 (in 26 buckets, 0.84 GB CPU)
  ⚡ Timing: matmul=0.14s, sampling=3.45s, total=5.00s
============================================================
Level 20 - SAMPLING
============================================================
  Starting braids: 955114
  Candidates to generate: 5256220
  Processing in 53 chunks...
  Projlen distribution:
    projlen=25: 1 braids
    projlen=26: 16 braids
    projlen=27: 209 braids
    projlen=28: 703 braids
    projlen=29: 5737 braids
    projlen=30: 9112 braids
    projlen=31: 100011 braids
    projlen=32: 142399 braids
    projlen=33: 292218 braids
    projlen=34: 252870 braids
    projlen=35: 308274 braids
    projlen=36: 239777 braids
    projlen=37: 304248 braids
    projlen=38: 245197 braids
    projlen=39: 292160 braids
    projlen=40: 254093 braids
    projlen=41: 285376 braids
    projlen=42: 260550 braids
    projlen=43: 283185 braids
    projlen=44: 264756 braids
    projlen=45: 278435 braids
    projlen=46: 268660 braids
    projlen=47: 274873 braids
    projlen=48: 268636 braids
    projlen=49: 271361 braids
    projlen=50: 253651 braids
    projlen=51: 99712 braids
  Braids kept: 1065778 (in 27 buckets, 0.87 GB CPU)
  ⚡ Timing: matmul=0.14s, sampling=3.37s, total=4.87s
============================================================
Level 21 - SAMPLING
============================================================
  Starting braids: 965778
  Candidates to generate: 5315806
  Processing in 54 chunks...
  Projlen distribution:
    projlen=26: 8 braids
    projlen=27: 40 braids
    projlen=28: 229 braids
    projlen=29: 2217 braids
    projlen=30: 4729 braids
    projlen=31: 32876 braids
    projlen=32: 42340 braids
    projlen=33: 241155 braids
    projlen=34: 252699 braids
    projlen=35: 317582 braids
    projlen=36: 244895 braids
    projlen=37: 302934 braids
    projlen=38: 244842 braids
    projlen=39: 296633 braids
    projlen=40: 249554 braids
    projlen=41: 289154 braids
    projlen=42: 257740 braids
    projlen=43: 283048 braids
    projlen=44: 263051 braids
    projlen=45: 281105 braids
    projlen=46: 265999 braids
    projlen=47: 278461 braids
    projlen=48: 269269 braids
    projlen=49: 273560 braids
    projlen=50: 266966 braids
    projlen=51: 256388 braids
    projlen=52: 98332 braids
  Braids kept: 1082439 (in 27 buckets, 0.91 GB CPU)
  ⚡ Timing: matmul=0.16s, sampling=3.79s, total=5.39s
============================================================
Level 22 - SAMPLING
============================================================
  Starting braids: 982439
  Candidates to generate: 5404391
  Processing in 55 chunks...
  Projlen distribution:
    projlen=25: 1 braids
    projlen=26: 6 braids
    projlen=27: 25 braids
    projlen=28: 80 braids
    projlen=29: 528 braids
    projlen=30: 1767 braids
    projlen=31: 15009 braids
    projlen=32: 25565 braids
    projlen=33: 165643 braids
    projlen=34: 186827 braids
    projlen=35: 315461 braids
    projlen=36: 244844 braids
    projlen=37: 307154 braids
    projlen=38: 244791 braids
    projlen=39: 298003 braids
    projlen=40: 248872 braids
    projlen=41: 291590 braids
    projlen=42: 253163 braids
    projlen=43: 286517 braids
    projlen=44: 260218 braids
    projlen=45: 280114 braids
    projlen=46: 264004 braids
    projlen=47: 278250 braids
    projlen=48: 266944 braids
    projlen=49: 276807 braids
    projlen=50: 268472 braids
    projlen=51: 271526 braids
    projlen=52: 253186 braids
    projlen=53: 99024 braids
  Braids kept: 1092981 (in 29 buckets, 0.94 GB CPU)
  ⚡ Timing: matmul=0.14s, sampling=3.81s, total=5.44s
============================================================
Level 23 - SAMPLING
============================================================
  Starting braids: 992981
  Candidates to generate: 5454185
  Processing in 55 chunks...
  Projlen distribution:
    projlen=25: 3 braids
    projlen=26: 3 braids
    projlen=27: 21 braids
    projlen=28: 38 braids
    projlen=29: 267 braids
    projlen=30: 649 braids
    projlen=31: 4306 braids
    projlen=32: 10397 braids
    projlen=33: 79264 braids
    projlen=34: 112377 braids
    projlen=35: 278108 braids
    projlen=36: 241010 braids
    projlen=37: 317588 braids
    projlen=38: 237214 braids
    projlen=39: 303629 braids
    projlen=40: 247695 braids
    projlen=41: 293284 braids
    projlen=42: 252456 braids
    projlen=43: 288678 braids
    projlen=44: 256969 braids
    projlen=45: 283678 braids
    projlen=46: 261504 braids
    projlen=47: 278906 braids
    projlen=48: 266459 braids
    projlen=49: 276119 braids
    projlen=50: 267472 braids
    projlen=51: 274896 braids
    projlen=52: 266676 braids
    projlen=53: 256446 braids
    projlen=54: 98073 braids
  Braids kept: 1115684 (in 30 buckets, 0.98 GB CPU)
  ⚡ Timing: matmul=0.15s, sampling=3.92s, total=5.58s
============================================================
Level 24 - SAMPLING
============================================================
  Starting braids: 965684
  Candidates to generate: 5317166
  Processing in 54 chunks...
  Projlen distribution:
    projlen=26: 1 braids
    projlen=27: 26 braids
    projlen=28: 24 braids
    projlen=29: 159 braids
    projlen=30: 308 braids
    projlen=31: 2148 braids
    projlen=32: 4152 braids
    projlen=33: 25330 braids
    projlen=34: 48434 braids
    projlen=35: 242205 braids
    projlen=36: 253670 braids
    projlen=37: 323410 braids
    projlen=38: 237334 braids
    projlen=39: 310858 braids
    projlen=40: 240006 braids
    projlen=41: 299335 braids
    projlen=42: 251183 braids
    projlen=43: 288870 braids
    projlen=44: 256507 braids
    projlen=45: 285929 braids
    projlen=46: 259578 braids
    projlen=47: 281296 braids
    projlen=48: 263779 braids
    projlen=49: 278768 braids
    projlen=50: 267884 braids
    projlen=51: 275245 braids
    projlen=52: 266287 braids
    projlen=53: 257118 braids
    projlen=54: 97322 braids
  Braids kept: 1080582 (in 29 buckets, 0.96 GB CPU)
  ⚡ Timing: matmul=0.14s, sampling=3.76s, total=5.38s
============================================================
Level 25 - SAMPLING
============================================================
  Starting braids: 980582
  Candidates to generate: 5401090
  Processing in 55 chunks...
  Projlen distribution:
    projlen=28: 12 braids
    projlen=29: 148 braids
    projlen=30: 166 braids
    projlen=31: 1085 braids
    projlen=32: 2048 braids
    projlen=33: 13716 braids
    projlen=34: 21631 braids
    projlen=35: 128158 braids
    projlen=36: 208037 braids
    projlen=37: 323463 braids
    projlen=38: 247861 braids
    projlen=39: 311066 braids
    projlen=40: 238403 braids
    projlen=41: 304487 braids
    projlen=42: 243352 braids
    projlen=43: 295283 braids
    projlen=44: 254587 braids
    projlen=45: 285783 braids
    projlen=46: 258948 braids
    projlen=47: 283960 braids
    projlen=48: 262542 braids
    projlen=49: 279245 braids
    projlen=50: 265707 braids
    projlen=51: 278416 braids
    projlen=52: 267453 braids
    projlen=53: 272506 braids
    projlen=54: 253667 braids
    projlen=55: 99360 braids
  Braids kept: 1088806 (in 28 buckets, 0.99 GB CPU)
  ⚡ Timing: matmul=0.14s, sampling=3.95s, total=5.61s
============================================================
Level 26 - SAMPLING
============================================================
  Starting braids: 988806
  Candidates to generate: 5439276
  Processing in 55 chunks...
  Projlen distribution:
    projlen=29: 21 braids
    projlen=30: 77 braids
    projlen=31: 883 braids
    projlen=32: 1008 braids
    projlen=33: 6782 braids
    projlen=34: 11258 braids
    projlen=35: 71261 braids
    projlen=36: 96149 braids
    projlen=37: 259523 braids
    projlen=38: 265212 braids
    projlen=39: 308531 braids
    projlen=40: 242984 braids
    projlen=41: 305139 braids
    projlen=42: 242099 braids
    projlen=43: 298594 braids
    projlen=44: 247689 braids
    projlen=45: 291327 braids
    projlen=46: 256650 braids
    projlen=47: 284503 braids
    projlen=48: 262764 braids
    projlen=49: 281639 braids
    projlen=50: 263785 braids
    projlen=51: 278151 braids
    projlen=52: 266167 braids
    projlen=53: 275604 braids
    projlen=54: 264941 braids
    projlen=55: 258027 braids
    projlen=56: 98508 braids
  Braids kept: 1120029 (in 28 buckets, 1.03 GB CPU)
  ⚡ Timing: matmul=0.16s, sampling=3.99s, total=5.68s
============================================================
Level 27 - SAMPLING
============================================================
  Starting braids: 970029
  Candidates to generate: 5340751
  Processing in 54 chunks...
  Projlen distribution:
    projlen=28: 1 braids
    projlen=29: 10 braids
    projlen=30: 16 braids
    projlen=31: 223 braids
    projlen=32: 546 braids
    projlen=33: 5051 braids
    projlen=34: 5539 braids
    projlen=35: 36408 braids
    projlen=36: 52677 braids
    projlen=37: 242207 braids
    projlen=38: 249319 braids
    projlen=39: 319463 braids
    projlen=40: 254173 braids
    projlen=41: 300179 braids
    projlen=42: 248397 braids
    projlen=43: 297706 braids
    projlen=44: 246539 braids
    projlen=45: 292637 braids
    projlen=46: 251236 braids
    projlen=47: 288355 braids
    projlen=48: 259716 braids
    projlen=49: 282660 braids
    projlen=50: 264457 braids
    projlen=51: 278976 braids
    projlen=52: 266815 braids
    projlen=53: 276656 braids
    projlen=54: 265854 braids
    projlen=55: 257325 braids
    projlen=56: 97610 braids
  Braids kept: 1097794 (in 29 buckets, 1.02 GB CPU)
  ⚡ Timing: matmul=0.14s, sampling=4.09s, total=5.79s
============================================================
Level 28 - SAMPLING
============================================================
  Starting braids: 997794
  Candidates to generate: 5485942
  Processing in 55 chunks...
  Projlen distribution:
    projlen=29: 11 braids
    projlen=30: 10 braids
    projlen=31: 104 braids
    projlen=32: 152 braids
    projlen=33: 1644 braids
    projlen=34: 3146 braids
    projlen=35: 26659 braids
    projlen=36: 28058 braids
    projlen=37: 178165 braids
    projlen=38: 220945 braids
    projlen=39: 328675 braids
    projlen=40: 244237 braids
    projlen=41: 309117 braids
    projlen=42: 248146 braids
    projlen=43: 295632 braids
    projlen=44: 251873 braids
    projlen=45: 291457 braids
    projlen=46: 252256 braids
    projlen=47: 288990 braids
    projlen=48: 255479 braids
    projlen=49: 284843 braids
    projlen=50: 260387 braids
    projlen=51: 280661 braids
    projlen=52: 266124 braids
    projlen=53: 278023 braids
    projlen=54: 266728 braids
    projlen=55: 272538 braids
    projlen=56: 252276 braids
    projlen=57: 99606 braids
  Braids kept: 1109784 (in 29 buckets, 1.06 GB CPU)
  ⚡ Timing: matmul=0.15s, sampling=4.16s, total=5.92s
============================================================
Level 29 - SAMPLING
============================================================
  Starting braids: 959784
  Candidates to generate: 5267548
  Processing in 53 chunks...
  Projlen distribution:
    projlen=29: 6 braids
    projlen=30: 7 braids
    projlen=31: 77 braids
    projlen=32: 93 braids
    projlen=33: 829 braids
    projlen=34: 1036 braids
    projlen=35: 9947 braids
    projlen=36: 16172 braids
    projlen=37: 127544 braids
    projlen=38: 123449 braids
    projlen=39: 280516 braids
    projlen=40: 248974 braids
    projlen=41: 312244 braids
    projlen=42: 238918 braids
    projlen=43: 304312 braids
    projlen=44: 248038 braids
    projlen=45: 291419 braids
    projlen=46: 255965 braids
    projlen=47: 287182 braids
    projlen=48: 258112 braids
    projlen=49: 285736 braids
    projlen=50: 259919 braids
    projlen=51: 283754 braids
    projlen=52: 262611 braids
    projlen=53: 279425 braids
    projlen=54: 266007 braids
    projlen=55: 274121 braids
    projlen=56: 252013 braids
    projlen=57: 99122 braids
  Braids kept: 1078167 (in 29 buckets, 1.04 GB CPU)
  ⚡ Timing: matmul=0.17s, sampling=4.06s, total=5.77s
============================================================
Level 30 - SAMPLING
============================================================
  Starting braids: 978167
  Candidates to generate: 5358679
  Processing in 54 chunks...
  Projlen distribution:
    projlen=30: 1 braids
    projlen=31: 40 braids
    projlen=32: 49 braids
    projlen=33: 545 braids
    projlen=34: 672 braids
    projlen=35: 5340 braids
    projlen=36: 5870 braids
    projlen=37: 49661 braids
    projlen=38: 70032 braids
    projlen=39: 257070 braids
    projlen=40: 224173 braids
    projlen=41: 324723 braids
    projlen=42: 239966 braids
    projlen=43: 305293 braids
    projlen=44: 243958 braids
    projlen=45: 299048 braids
    projlen=46: 250698 braids
    projlen=47: 288992 braids
    projlen=48: 258416 braids
    projlen=49: 283512 braids
    projlen=50: 260759 braids
    projlen=51: 282895 braids
    projlen=52: 262633 braids
    projlen=53: 281527 braids
    projlen=54: 265176 braids
    projlen=55: 277074 braids
    projlen=56: 263633 braids
    projlen=57: 258707 braids
    projlen=58: 98216 braids
  Braids kept: 1112178 (in 29 buckets, 1.09 GB CPU)
  ⚡ Timing: matmul=0.14s, sampling=4.17s, total=5.90s
============================================================
Level 31 - SAMPLING
============================================================
  Starting braids: 962178
  Candidates to generate: 5277750
  Processing in 53 chunks...
  Projlen distribution:
    projlen=31: 4 braids
    projlen=32: 13 braids
    projlen=33: 247 braids
    projlen=34: 355 braids
    projlen=35: 3411 braids
    projlen=36: 3975 braids
    projlen=37: 28781 braids
    projlen=38: 29336 braids
    projlen=39: 226875 braids
    projlen=40: 245372 braids
    projlen=41: 327824 braids
    projlen=42: 226161 braids
    projlen=43: 317159 braids
    projlen=44: 236093 braids
    projlen=45: 300871 braids
    projlen=46: 248271 braids
    projlen=47: 293722 braids
    projlen=48: 253992 braids
    projlen=49: 286251 braids
    projlen=50: 260234 braids
    projlen=51: 281535 braids
    projlen=52: 262900 braids
    projlen=53: 280613 braids
    projlen=54: 264944 braids
    projlen=55: 278828 braids
    projlen=56: 263752 braids
    projlen=57: 258969 braids
    projlen=58: 97262 braids
  Braids kept: 1066122 (in 28 buckets, 1.05 GB CPU)
  ⚡ Timing: matmul=0.14s, sampling=4.15s, total=5.85s
============================================================
Level 32 - SAMPLING
============================================================
  Starting braids: 966122
  Candidates to generate: 5287874
  Processing in 53 chunks...
  Projlen distribution:
    projlen=31: 3 braids
    projlen=32: 3 braids
    projlen=33: 59 braids
    projlen=34: 123 braids
    projlen=35: 1553 braids
    projlen=36: 2262 braids
    projlen=37: 18986 braids
    projlen=38: 20623 braids
    projlen=39: 138594 braids
    projlen=40: 127924 braids
    projlen=41: 284581 braids
    projlen=42: 243450 braids
    projlen=43: 314951 braids
    projlen=44: 227546 braids
    projlen=45: 312002 braids
    projlen=46: 238360 braids
    projlen=47: 296584 braids
    projlen=48: 251005 braids
    projlen=49: 288947 braids
    projlen=50: 257811 braids
    projlen=51: 284431 braids
    projlen=52: 263102 braids
    projlen=53: 280052 braids
    projlen=54: 264943 braids
    projlen=55: 278903 braids
    projlen=56: 265028 braids
    projlen=57: 274471 braids
    projlen=58: 251381 braids
    projlen=59: 100196 braids
  Braids kept: 1093612 (in 29 buckets, 1.10 GB CPU)
  ⚡ Timing: matmul=0.14s, sampling=4.14s, total=5.85s
============================================================
Level 33 - SAMPLING
============================================================
  Starting braids: 993612
  Candidates to generate: 5432612
  Processing in 55 chunks...
  Projlen distribution:
    projlen=29: 1 braids
    projlen=30: 1 braids
    projlen=31: 6 braids
    projlen=32: 11 braids
    projlen=33: 27 braids
    projlen=34: 75 braids
    projlen=35: 507 braids
    projlen=36: 960 braids
    projlen=37: 9079 braids
    projlen=38: 12306 braids
    projlen=39: 93482 braids
    projlen=40: 90942 braids
    projlen=41: 270145 braids
    projlen=42: 220214 braids
    projlen=43: 327459 braids
    projlen=44: 235458 braids
    projlen=45: 308802 braids
    projlen=46: 234447 braids
    projlen=47: 303494 braids
    projlen=48: 241803 braids
    projlen=49: 292476 braids
    projlen=50: 254725 braids
    projlen=51: 285934 braids
    projlen=52: 260320 braids
    projlen=53: 282925 braids
    projlen=54: 264656 braids
    projlen=55: 278424 braids
    projlen=56: 266681 braids
    projlen=57: 276820 braids
    projlen=58: 264530 braids
    projlen=59: 258352 braids
    projlen=60: 97550 braids
  Braids kept: 1122973 (in 32 buckets, 1.15 GB CPU)
  ⚡ Timing: matmul=0.14s, sampling=4.34s, total=6.12s
============================================================
Level 34 - SAMPLING
============================================================
  Starting braids: 972973
  Candidates to generate: 5319371
  Processing in 54 chunks...
  Projlen distribution:
    projlen=29: 4 braids
    projlen=30: 3 braids
    projlen=31: 9 braids
    projlen=32: 10 braids
    projlen=33: 50 braids
    projlen=34: 79 braids
    projlen=35: 252 braids
    projlen=36: 574 braids
    projlen=37: 3563 braids
    projlen=38: 5941 braids
    projlen=39: 46873 braids
    projlen=40: 55597 braids
    projlen=41: 252626 braids
    projlen=42: 222419 braids
    projlen=43: 332792 braids
    projlen=44: 218599 braids
    projlen=45: 320381 braids
    projlen=46: 231276 braids
    projlen=47: 304842 braids
    projlen=48: 241228 braids
    projlen=49: 298370 braids
    projlen=50: 246724 braids
    projlen=51: 289258 braids
    projlen=52: 257097 braids
    projlen=53: 283324 braids
    projlen=54: 262809 braids
    projlen=55: 281426 braids
    projlen=56: 266494 braids
    projlen=57: 277773 braids
    projlen=58: 264012 braids
    projlen=59: 257665 braids
    projlen=60: 97301 braids
  Braids kept: 1107358 (in 32 buckets, 1.14 GB CPU)
  ⚡ Timing: matmul=0.17s, sampling=4.35s, total=6.14s
============================================================
Level 35 - SAMPLING
============================================================
  Starting braids: 957358
  Candidates to generate: 5241432
  Processing in 53 chunks...
  Projlen distribution:
    projlen=28: 1 braids
    projlen=29: 2 braids
    projlen=30: 3 braids
    projlen=31: 24 braids
    projlen=32: 17 braids
    projlen=33: 65 braids
    projlen=34: 77 braids
    projlen=35: 303 braids
    projlen=36: 558 braids
    projlen=37: 1876 braids
    projlen=38: 3498 braids
    projlen=39: 20997 braids
    projlen=40: 30764 braids
    projlen=41: 222763 braids
    projlen=42: 227924 braids
    projlen=43: 333386 braids
    projlen=44: 224054 braids
    projlen=45: 324355 braids
    projlen=46: 219298 braids
    projlen=47: 314757 braids
    projlen=48: 233519 braids
    projlen=49: 300362 braids
    projlen=50: 246757 braids
    projlen=51: 293651 braids
    projlen=52: 251318 braids
    projlen=53: 287251 braids
    projlen=54: 259970 braids
    projlen=55: 281050 braids
    projlen=56: 264318 braids
    projlen=57: 278930 braids
    projlen=58: 264104 braids
    projlen=59: 258347 braids
    projlen=60: 97133 braids
  Braids kept: 1058185 (in 33 buckets, 1.10 GB CPU)
  ⚡ Timing: matmul=0.14s, sampling=4.28s, total=6.02s
============================================================
Level 36 - SAMPLING
============================================================
  Starting braids: 958185
  Candidates to generate: 5240957
  Processing in 53 chunks...
  Projlen distribution:
    projlen=29: 4 braids
    projlen=30: 3 braids
    projlen=31: 16 braids
    projlen=32: 11 braids
    projlen=33: 127 braids
    projlen=34: 90 braids
    projlen=35: 396 braids
    projlen=36: 488 braids
    projlen=37: 1873 braids
    projlen=38: 3237 braids
    projlen=39: 11598 braids
    projlen=40: 18576 braids
    projlen=41: 105097 braids
    projlen=42: 133032 braids
    projlen=43: 288458 braids
    projlen=44: 235390 braids
    projlen=45: 320691 braids
    projlen=46: 222620 braids
    projlen=47: 318039 braids
    projlen=48: 224739 braids
    projlen=49: 307724 braids
    projlen=50: 238556 braids
    projlen=51: 296570 braids
    projlen=52: 251365 braids
    projlen=53: 289275 braids
    projlen=54: 255968 braids
    projlen=55: 284761 braids
    projlen=56: 262177 braids
    projlen=57: 279016 braids
    projlen=58: 265749 braids
    projlen=59: 274179 braids
    projlen=60: 251131 braids
    projlen=61: 100001 braids
  Braids kept: 1086419 (in 33 buckets, 1.15 GB CPU)
  ⚡ Timing: matmul=0.14s, sampling=4.30s, total=6.06s
============================================================
Level 37 - SAMPLING
============================================================
  Starting braids: 986419
  Candidates to generate: 5402611
  Processing in 55 chunks...
  Projlen distribution:
    projlen=29: 3 braids
    projlen=30: 3 braids
    projlen=31: 26 braids
    projlen=32: 15 braids
    projlen=33: 84 braids
    projlen=34: 53 braids
    projlen=35: 644 braids
    projlen=36: 485 braids
    projlen=37: 2272 braids
    projlen=38: 2849 braids
    projlen=39: 10769 braids
    projlen=40: 17343 braids
    projlen=41: 59020 braids
    projlen=42: 83394 braids
    projlen=43: 253667 braids
    projlen=44: 247391 braids
    projlen=45: 321348 braids
    projlen=46: 232908 braids
    projlen=47: 314342 braids
    projlen=48: 228855 braids
    projlen=49: 310604 braids
    projlen=50: 231966 braids
    projlen=51: 302338 braids
    projlen=52: 243370 braids
    projlen=53: 292351 braids
    projlen=54: 254972 braids
    projlen=55: 284868 braids
    projlen=56: 258672 braids
    projlen=57: 282831 braids
    projlen=58: 264468 braids
    projlen=59: 277595 braids
    projlen=60: 265445 braids
    projlen=61: 259307 braids
    projlen=62: 98353 braids
  Braids kept: 1134546 (in 34 buckets, 1.22 GB CPU)
  ⚡ Timing: matmul=0.14s, sampling=4.59s, total=6.44s
============================================================
Level 38 - SAMPLING
============================================================
  Starting braids: 984546
  Candidates to generate: 5397552
  Processing in 54 chunks...
  Projlen distribution:
    projlen=31: 19 braids
    projlen=32: 16 braids
    projlen=33: 140 braids
    projlen=34: 84 braids
    projlen=35: 441 braids
    projlen=36: 306 braids
    projlen=37: 3244 braids
    projlen=38: 2591 braids
    projlen=39: 12429 braids
    projlen=40: 15309 braids
    projlen=41: 55970 braids
    projlen=42: 82643 braids
    projlen=43: 239380 braids
    projlen=44: 254485 braids
    projlen=45: 317084 braids
    projlen=46: 243844 braids
    projlen=47: 311423 braids
    projlen=48: 234907 braids
    projlen=49: 306638 braids
    projlen=50: 235617 braids
    projlen=51: 303124 braids
    projlen=52: 239088 braids
    projlen=53: 298613 braids
    projlen=54: 248489 braids
    projlen=55: 289705 braids
    projlen=56: 257289 braids
    projlen=57: 282604 braids
    projlen=58: 262271 braids
    projlen=59: 280065 braids
    projlen=60: 262679 braids
    projlen=61: 259670 braids
    projlen=62: 97385 braids
  Braids kept: 1134579 (in 32 buckets, 1.22 GB CPU)
  ⚡ Timing: matmul=0.15s, sampling=4.57s, total=6.41s
============================================================
Level 39 - SAMPLING
============================================================
  Starting braids: 984579
  Candidates to generate: 5396865
  Processing in 54 chunks...
  Projlen distribution:
    projlen=33: 98 braids
    projlen=34: 83 braids
    projlen=35: 695 braids
    projlen=36: 433 braids
    projlen=37: 2379 braids
    projlen=38: 1729 braids
    projlen=39: 16315 braids
    projlen=40: 13539 braids
    projlen=41: 64172 braids
    projlen=42: 74203 braids
    projlen=43: 237294 braids
    projlen=44: 255031 braids
    projlen=45: 310599 braids
    projlen=46: 252601 braids
    projlen=47: 304541 braids
    projlen=48: 242579 braids
    projlen=49: 305161 braids
    projlen=50: 239917 braids
    projlen=51: 298737 braids
    projlen=52: 242171 braids
    projlen=53: 296520 braids
    projlen=54: 245570 braids
    projlen=55: 294055 braids
    projlen=56: 252198 braids
    projlen=57: 287587 braids
    projlen=58: 259810 braids
    projlen=59: 279787 braids
    projlen=60: 261463 braids
    projlen=61: 260684 braids
    projlen=62: 96914 braids
  Braids kept: 1135271 (in 30 buckets, 1.23 GB CPU)
  ⚡ Timing: matmul=0.15s, sampling=4.51s, total=6.36s
============================================================
Level 40 - SAMPLING
============================================================
  Starting braids: 985271
  Candidates to generate: 5402045
  Processing in 55 chunks...
  Projlen distribution:
    projlen=34: 7 braids
    projlen=35: 504 braids
    projlen=36: 414 braids
    projlen=37: 3412 braids
    projlen=38: 2252 braids
    projlen=39: 12637 braids
    projlen=40: 9546 braids
    projlen=41: 80578 braids
    projlen=42: 64770 braids
    projlen=43: 247631 braids
    projlen=44: 237588 braids
    projlen=45: 316303 braids
    projlen=46: 251570 braids
    projlen=47: 300274 braids
    projlen=48: 249878 braids
    projlen=49: 299303 braids
    projlen=50: 246600 braids
    projlen=51: 297866 braids
    projlen=52: 246469 braids
    projlen=53: 294652 braids
    projlen=54: 249443 braids
    projlen=55: 292099 braids
    projlen=56: 251247 braids
    projlen=57: 290667 braids
    projlen=58: 255832 braids
    projlen=59: 284038 braids
    projlen=60: 259284 braids
    projlen=61: 260587 braids
    projlen=62: 96594 braids
  Braids kept: 1128772 (in 29 buckets, 1.22 GB CPU)
  ⚡ Timing: matmul=0.14s, sampling=4.56s, total=6.39s
============================================================
Level 41 - SAMPLING
============================================================
  Starting braids: 978772
  Candidates to generate: 5356492
  Processing in 54 chunks...
  Projlen distribution:
    projlen=35: 28 braids
    projlen=36: 51 braids
    projlen=37: 2619 braids
    projlen=38: 2022 braids
    projlen=39: 16844 braids
    projlen=40: 11485 braids
    projlen=41: 64170 braids
    projlen=42: 46127 braids
    projlen=43: 253208 braids
    projlen=44: 202172 braids
    projlen=45: 333921 braids
    projlen=46: 236369 braids
    projlen=47: 309916 braids
    projlen=48: 247037 braids
    projlen=49: 297666 braids
    projlen=50: 252541 braids
    projlen=51: 292868 braids
    projlen=52: 250972 braids
    projlen=53: 292391 braids
    projlen=54: 250963 braids
    projlen=55: 290337 braids
    projlen=56: 254589 braids
    projlen=57: 289028 braids
    projlen=58: 255767 braids
    projlen=59: 286867 braids
    projlen=60: 256502 braids
    projlen=61: 264366 braids
    projlen=62: 95666 braids
  Braids kept: 1129176 (in 28 buckets, 1.23 GB CPU)
  ⚡ Timing: matmul=0.18s, sampling=4.58s, total=6.44s
============================================================
Level 42 - SAMPLING
============================================================
  Starting braids: 979176
  Candidates to generate: 5336860
  Processing in 54 chunks...
  Projlen distribution:
    projlen=34: 1 braids
    projlen=35: 2 braids
    projlen=36: 6 braids
    projlen=37: 304 braids
    projlen=38: 360 braids
    projlen=39: 13239 braids
    projlen=40: 9914 braids
    projlen=41: 82321 braids
    projlen=42: 55485 braids
    projlen=43: 257474 braids
    projlen=44: 184094 braids
    projlen=45: 336458 braids
    projlen=46: 205729 braids
    projlen=47: 328244 braids
    projlen=48: 228234 braids
    projlen=49: 305685 braids
    projlen=50: 247556 braids
    projlen=51: 292958 braids
    projlen=52: 254465 braids
    projlen=53: 287700 braids
    projlen=54: 254997 braids
    projlen=55: 287188 braids
    projlen=56: 256299 braids
    projlen=57: 287326 braids
    projlen=58: 258585 braids
    projlen=59: 284778 braids
    projlen=60: 257398 braids
    projlen=61: 264361 braids
    projlen=62: 95699 braids
  Braids kept: 1123826 (in 29 buckets, 1.23 GB CPU)
  ⚡ Timing: matmul=0.14s, sampling=4.54s, total=6.38s
============================================================
Level 43 - SAMPLING
============================================================
  Starting braids: 973826
  Candidates to generate: 5283712
  Processing in 53 chunks...
  Projlen distribution:
    projlen=35: 4 braids
    projlen=36: 3 braids
    projlen=37: 38 braids
    projlen=38: 57 braids
    projlen=39: 2120 braids
    projlen=40: 2212 braids
    projlen=41: 64144 braids
    projlen=42: 45561 braids
    projlen=43: 260985 braids
    projlen=44: 182124 braids
    projlen=45: 349800 braids
    projlen=46: 194827 braids
    projlen=47: 339300 braids
    projlen=48: 201269 braids
    projlen=49: 323563 braids
    projlen=50: 228132 braids
    projlen=51: 301720 braids
    projlen=52: 250067 braids
    projlen=53: 290718 braids
    projlen=54: 257032 braids
    projlen=55: 285386 braids
    projlen=56: 258948 braids
    projlen=57: 283671 braids
    projlen=58: 260228 braids
    projlen=59: 282689 braids
    projlen=60: 258564 braids
    projlen=61: 264129 braids
    projlen=62: 96421 braids
  Braids kept: 1099995 (in 28 buckets, 1.21 GB CPU)
  ⚡ Timing: matmul=0.14s, sampling=4.50s, total=6.31s
============================================================
Level 44 - SAMPLING
============================================================
  Starting braids: 999995
  Candidates to generate: 5407355
  Processing in 55 chunks...
  Projlen distribution:
    projlen=35: 4 braids
    projlen=36: 3 braids
    projlen=37: 34 braids
    projlen=38: 38 braids
    projlen=39: 360 braids
    projlen=40: 494 braids
    projlen=41: 12522 braids
    projlen=42: 11263 braids
    projlen=43: 243200 braids
    projlen=44: 173192 braids
    projlen=45: 343939 braids
    projlen=46: 184279 braids
    projlen=47: 344561 braids
    projlen=48: 190601 braids
    projlen=49: 333509 braids
    projlen=50: 204266 braids
    projlen=51: 318552 braids
    projlen=52: 232304 braids
    projlen=53: 299336 braids
    projlen=54: 253180 braids
    projlen=55: 287268 braids
    projlen=56: 260746 braids
    projlen=57: 283612 braids
    projlen=58: 261750 braids
    projlen=59: 281494 braids
    projlen=60: 262537 braids
    projlen=61: 276713 braids
    projlen=62: 246989 braids
    projlen=63: 100609 braids
  Braids kept: 1074718 (in 29 buckets, 1.21 GB CPU)
  ⚡ Timing: matmul=0.15s, sampling=4.62s, total=6.51s
============================================================
Level 45 - SAMPLING
============================================================
  Starting braids: 974718
  Candidates to generate: 5264288
  Processing in 53 chunks...
  Projlen distribution:
    projlen=34: 1 braids
    projlen=35: 2 braids
    projlen=36: 8 braids
    projlen=37: 22 braids
    projlen=38: 28 braids
    projlen=39: 252 braids
    projlen=40: 332 braids
    projlen=41: 2813 braids
    projlen=42: 3252 braids
    projlen=43: 64338 braids
    projlen=44: 48122 braids
    projlen=45: 267799 braids
    projlen=46: 182376 braids
    projlen=47: 352087 braids
    projlen=48: 179223 braids
    projlen=49: 339794 braids
    projlen=50: 193582 braids
    projlen=51: 327504 braids
    projlen=52: 211600 braids
    projlen=53: 312273 braids
    projlen=54: 235568 braids
    projlen=55: 295959 braids
    projlen=56: 254927 braids
    projlen=57: 284394 braids
    projlen=58: 262168 braids
    projlen=59: 282407 braids
    projlen=60: 264365 braids
    projlen=61: 279207 braids
    projlen=62: 262263 braids
    projlen=63: 260694 braids
    projlen=64: 96928 braids
  Braids kept: 1104832 (in 31 buckets, 1.27 GB CPU)
  ⚡ Timing: matmul=0.14s, sampling=4.61s, total=6.44s
============================================================
Level 46 - SAMPLING
============================================================
  Starting braids: 954832
  Candidates to generate: 5157716
  Processing in 52 chunks...
  Projlen distribution:
    projlen=35: 4 braids
    projlen=36: 9 braids
    projlen=37: 22 braids
    projlen=38: 37 braids
    projlen=39: 166 braids
    projlen=40: 206 braids
    projlen=41: 1796 braids
    projlen=42: 2074 braids
    projlen=43: 17821 braids
    projlen=44: 16802 braids
    projlen=45: 251862 braids
    projlen=46: 186678 braids
    projlen=47: 354186 braids
    projlen=48: 180672 braids
    projlen=49: 347690 braids
    projlen=50: 180289 braids
    projlen=51: 334492 braids
    projlen=52: 199855 braids
    projlen=53: 320834 braids
    projlen=54: 219774 braids
    projlen=55: 307922 braids
    projlen=56: 240513 braids
    projlen=57: 292506 braids
    projlen=58: 256839 braids
    projlen=59: 282692 braids
    projlen=60: 263650 braids
    projlen=61: 279309 braids
    projlen=62: 261954 braids
    projlen=63: 260181 braids
    projlen=64: 96881 braids
  Braids kept: 1038937 (in 30 buckets, 1.21 GB CPU)
  ⚡ Timing: matmul=0.22s, sampling=4.50s, total=6.36s
============================================================
Level 47 - SAMPLING
============================================================
  Starting braids: 988937
  Candidates to generate: 5343257
  Processing in 54 chunks...
  Projlen distribution:
    projlen=35: 4 braids
    projlen=36: 2 braids
    projlen=37: 26 braids
    projlen=38: 53 braids
    projlen=39: 129 braids
    projlen=40: 223 braids
    projlen=41: 1179 braids
    projlen=42: 1291 braids
    projlen=43: 11322 braids
    projlen=44: 11024 braids
    projlen=45: 95022 braids
    projlen=46: 75021 braids
    projlen=47: 283231 braids
    projlen=48: 189445 braids
    projlen=49: 352096 braids
    projlen=50: 174528 braids
    projlen=51: 343139 braids
    projlen=52: 184591 braids
    projlen=53: 329151 braids
    projlen=54: 207553 braids
    projlen=55: 314750 braids
    projlen=56: 226676 braids
    projlen=57: 302729 braids
    projlen=58: 244889 braids
    projlen=59: 288814 braids
    projlen=60: 259354 braids
    projlen=61: 281403 braids
    projlen=62: 265459 braids
    projlen=63: 278305 braids
    projlen=64: 265286 braids
    projlen=65: 258203 braids
    projlen=66: 98359 braids
  Braids kept: 1125253 (in 32 buckets, 1.33 GB CPU)
  ⚡ Timing: matmul=0.20s, sampling=4.72s, total=7.33s
============================================================
Level 48 - SAMPLING
============================================================
  Starting braids: 975253
  Candidates to generate: 5277575
  Processing in 53 chunks...
  Projlen distribution:
    projlen=35: 3 braids
    projlen=36: 3 braids
    projlen=37: 20 braids
    projlen=38: 13 braids
    projlen=39: 145 braids
    projlen=40: 291 braids
    projlen=41: 790 braids
    projlen=42: 1309 braids
    projlen=43: 7479 braids
    projlen=44: 7189 braids
    projlen=45: 60722 braids
    projlen=46: 50803 braids
    projlen=47: 269053 braids
    projlen=48: 202533 braids
    projlen=49: 356732 braids
    projlen=50: 186687 braids
    projlen=51: 346613 braids
    projlen=52: 176476 braids
    projlen=53: 337539 braids
    projlen=54: 191953 braids
    projlen=55: 324801 braids
    projlen=56: 214713 braids
    projlen=57: 310465 braids
    projlen=58: 233684 braids
    projlen=59: 299297 braids
    projlen=60: 249625 braids
    projlen=61: 287091 braids
    projlen=62: 261934 braids
    projlen=63: 279427 braids
    projlen=64: 264154 braids
    projlen=65: 259060 braids
    projlen=66: 96971 braids
  Braids kept: 1117242 (in 32 buckets, 1.33 GB CPU)
  ⚡ Timing: matmul=0.16s, sampling=4.87s, total=7.45s
============================================================
Level 49 - SAMPLING
============================================================
  Starting braids: 967242
  Candidates to generate: 5229490
  Processing in 53 chunks...
  Projlen distribution:
    projlen=37: 19 braids
    projlen=38: 17 braids
    projlen=39: 107 braids
    projlen=40: 92 braids
    projlen=41: 786 braids
    projlen=42: 1571 braids
    projlen=43: 4745 braids
    projlen=44: 7089 braids
    projlen=45: 41034 braids
    projlen=46: 36004 braids
    projlen=47: 258066 braids
    projlen=48: 204334 braids
    projlen=49: 354400 braids
    projlen=50: 200664 braids
    projlen=51: 345708 braids
    projlen=52: 182763 braids
    projlen=53: 341140 braids
    projlen=54: 182398 braids
    projlen=55: 331158 braids
    projlen=56: 199074 braids
    projlen=57: 319229 braids
    projlen=58: 222472 braids
    projlen=59: 306691 braids
    projlen=60: 240032 braids
    projlen=61: 295560 braids
    projlen=62: 253246 braids
    projlen=63: 283661 braids
    projlen=64: 260219 braids
    projlen=65: 260074 braids
    projlen=66: 97137 braids
  Braids kept: 1091464 (in 30 buckets, 1.31 GB CPU)
  ⚡ Timing: matmul=0.15s, sampling=4.79s, total=7.34s
============================================================
Level 50 - SAMPLING
============================================================
  Starting braids: 991464
  Candidates to generate: 5353894
  Processing in 54 chunks...
  Projlen distribution:
    projlen=39: 101 braids
    projlen=40: 84 braids
    projlen=41: 615 braids
    projlen=42: 576 braids
    projlen=43: 4340 braids
    projlen=44: 7970 braids
    projlen=45: 26814 braids
    projlen=46: 36283 braids
    projlen=47: 204524 braids
    projlen=48: 161831 braids
    projlen=49: 319467 braids
    projlen=50: 202548 braids
    projlen=51: 341964 braids
    projlen=52: 194981 braids
    projlen=53: 337170 braids
    projlen=54: 188042 braids
    projlen=55: 334387 braids
    projlen=56: 190617 braids
    projlen=57: 327068 braids
    projlen=58: 208700 braids
    projlen=59: 314040 braids
    projlen=60: 228592 braids
    projlen=61: 302431 braids
    projlen=62: 245008 braids
    projlen=63: 292047 braids
    projlen=64: 255439 braids
    projlen=65: 279609 braids
    projlen=66: 248233 braids
    projlen=67: 100413 braids
  Braids kept: 1126783 (in 29 buckets, 1.37 GB CPU)
  ⚡ Timing: matmul=0.16s, sampling=4.88s, total=7.53s
============================================================
Level 51 - SAMPLING
============================================================
  Starting braids: 976783
  Candidates to generate: 5270683
  Processing in 53 chunks...
  Projlen distribution:
    projlen=40: 3 braids
    projlen=41: 546 braids
    projlen=42: 454 braids
    projlen=43: 3536 braids
    projlen=44: 3337 braids
    projlen=45: 23536 braids
    projlen=46: 39067 braids
    projlen=47: 136058 braids
    projlen=48: 162239 braids
    projlen=49: 307448 braids
    projlen=50: 208552 braids
    projlen=51: 342135 braids
    projlen=52: 198369 braids
    projlen=53: 335120 braids
    projlen=54: 199718 braids
    projlen=55: 329523 braids
    projlen=56: 197575 braids
    projlen=57: 326761 braids
    projlen=58: 199453 braids
    projlen=59: 321533 braids
    projlen=60: 216679 braids
    projlen=61: 308700 braids
    projlen=62: 234971 braids
    projlen=63: 296761 braids
    projlen=64: 249148 braids
    projlen=65: 285980 braids
    projlen=66: 241906 braids
    projlen=67: 101575 braids
  Braids kept: 1120479 (in 28 buckets, 1.37 GB CPU)
  ⚡ Timing: matmul=0.16s, sampling=4.88s, total=7.47s
============================================================
Level 52 - SAMPLING
============================================================
  Starting braids: 970479
  Candidates to generate: 5252849
  Processing in 53 chunks...
  Projlen distribution:
    projlen=40: 1 braids
    projlen=41: 20 braids
    projlen=42: 52 braids
    projlen=43: 2933 braids
    projlen=44: 2466 braids
    projlen=45: 19671 braids
    projlen=46: 17868 braids
    projlen=47: 117078 braids
    projlen=48: 169850 braids
    projlen=49: 292871 braids
    projlen=50: 249306 braids
    projlen=51: 323798 braids
    projlen=52: 210201 braids
    projlen=53: 333397 braids
    projlen=54: 199686 braids
    projlen=55: 327316 braids
    projlen=56: 206989 braids
    projlen=57: 322062 braids
    projlen=58: 208024 braids
    projlen=59: 320327 braids
    projlen=60: 210176 braids
    projlen=61: 315081 braids
    projlen=62: 224920 braids
    projlen=63: 305474 braids
    projlen=64: 241486 braids
    projlen=65: 290481 braids
    projlen=66: 238449 braids
    projlen=67: 102866 braids
  Braids kept: 1093011 (in 28 buckets, 1.34 GB CPU)
  ⚡ Timing: matmul=0.20s, sampling=4.83s, total=7.47s
============================================================
Level 53 - SAMPLING
============================================================
  Starting braids: 993011
  Candidates to generate: 5393097
  Processing in 54 chunks...
  Projlen distribution:
    projlen=40: 2 braids
    projlen=41: 9 braids
    projlen=42: 35 braids
    projlen=43: 293 braids
    projlen=44: 456 braids
    projlen=45: 15486 braids
    projlen=46: 12676 braids
    projlen=47: 98808 braids
    projlen=48: 81093 braids
    projlen=49: 256211 braids
    projlen=50: 255857 braids
    projlen=51: 307798 braids
    projlen=52: 246882 braids
    projlen=53: 312775 braids
    projlen=54: 218495 braids
    projlen=55: 323813 braids
    projlen=56: 206665 braids
    projlen=57: 320228 braids
    projlen=58: 216159 braids
    projlen=59: 314590 braids
    projlen=60: 219041 braids
    projlen=61: 313822 braids
    projlen=62: 220545 braids
    projlen=63: 309189 braids
    projlen=64: 232696 braids
    projlen=65: 299404 braids
    projlen=66: 244059 braids
    projlen=67: 271714 braids
    projlen=68: 94296 braids
  Braids kept: 1128957 (in 29 buckets, 1.41 GB CPU)
  ⚡ Timing: matmul=0.19s, sampling=5.09s, total=7.77s
============================================================
Level 54 - SAMPLING
============================================================
  Starting braids: 978957
  Candidates to generate: 5320145
  Processing in 54 chunks...
  Projlen distribution:
    projlen=41: 6 braids
    projlen=42: 23 braids
    projlen=43: 166 braids
    projlen=44: 317 braids
    projlen=45: 2578 braids
    projlen=46: 2998 braids
    projlen=47: 75309 braids
    projlen=48: 56947 braids
    projlen=49: 261081 braids
    projlen=50: 207702 braids
    projlen=51: 331202 braids
    projlen=52: 245836 braids
    projlen=53: 301770 braids
    projlen=54: 249754 braids
    projlen=55: 304489 braids
    projlen=56: 228602 braids
    projlen=57: 313169 braids
    projlen=58: 216540 braids
    projlen=59: 313592 braids
    projlen=60: 224696 braids
    projlen=61: 308773 braids
    projlen=62: 228800 braids
    projlen=63: 307090 braids
    projlen=64: 230949 braids
    projlen=65: 302864 braids
    projlen=66: 237343 braids
    projlen=67: 275237 braids
    projlen=68: 92312 braids
  Braids kept: 1106088 (in 28 buckets, 1.39 GB CPU)
  ⚡ Timing: matmul=0.20s, sampling=5.11s, total=7.81s
============================================================
Level 55 - SAMPLING
============================================================
  Starting braids: 956088
  Candidates to generate: 5193214
  Processing in 52 chunks...
  Projlen distribution:
    projlen=41: 3 braids
    projlen=42: 7 braids
    projlen=43: 75 braids
    projlen=44: 192 braids
    projlen=45: 1548 braids
    projlen=46: 2137 braids
    projlen=47: 16182 braids
    projlen=48: 15101 braids
    projlen=49: 245634 braids
    projlen=50: 189019 braids
    projlen=51: 347319 braids
    projlen=52: 209738 braids
    projlen=53: 324448 braids
    projlen=54: 236894 braids
    projlen=55: 299865 braids
    projlen=56: 251562 braids
    projlen=57: 295805 braids
    projlen=58: 238897 braids
    projlen=59: 305627 braids
    projlen=60: 227741 braids
    projlen=61: 307202 braids
    projlen=62: 232494 braids
    projlen=63: 302960 braids
    projlen=64: 237237 braids
    projlen=65: 300418 braids
    projlen=66: 237015 braids
    projlen=67: 276383 braids
    projlen=68: 91711 braids
  Braids kept: 1035245 (in 28 buckets, 1.31 GB CPU)
  ⚡ Timing: matmul=0.16s, sampling=4.95s, total=7.53s
============================================================
Level 56 - SAMPLING
============================================================
  Starting braids: 985245
  Candidates to generate: 5352571
  Processing in 54 chunks...
  Projlen distribution:
    projlen=42: 2 braids
    projlen=43: 43 braids
    projlen=44: 67 braids
    projlen=45: 671 braids
    projlen=46: 1325 braids
    projlen=47: 10216 braids
    projlen=48: 11839 braids
    projlen=49: 83899 braids
    projlen=50: 66042 braids
    projlen=51: 272789 braids
    projlen=52: 192132 braids
    projlen=53: 340615 braids
    projlen=54: 203594 braids
    projlen=55: 320706 braids
    projlen=56: 236839 braids
    projlen=57: 297198 braids
    projlen=58: 253924 braids
    projlen=59: 291072 braids
    projlen=60: 247226 braids
    projlen=61: 298448 braids
    projlen=62: 237221 braids
    projlen=63: 301038 braids
    projlen=64: 240437 braids
    projlen=65: 297163 braids
    projlen=66: 243994 braids
    projlen=67: 294848 braids
    projlen=68: 244301 braids
    projlen=69: 271152 braids
    projlen=70: 93770 braids
  Braids kept: 1124163 (in 29 buckets, 1.46 GB CPU)
  ⚡ Timing: matmul=0.16s, sampling=5.29s, total=7.97s
============================================================
Level 57 - SAMPLING
============================================================
  Starting braids: 974163
  Candidates to generate: 5305549
  Processing in 54 chunks...
  Projlen distribution:
    projlen=42: 1 braids
    projlen=43: 7 braids
    projlen=44: 31 braids
    projlen=45: 363 braids
    projlen=46: 457 braids
    projlen=47: 4514 braids
    projlen=48: 7578 braids
    projlen=49: 54309 braids
    projlen=50: 55682 braids
    projlen=51: 263861 braids
    projlen=52: 203130 braids
    projlen=53: 352376 braids
    projlen=54: 191918 braids
    projlen=55: 336434 braids
    projlen=56: 206380 braids
    projlen=57: 314813 braids
    projlen=58: 237942 braids
    projlen=59: 294261 braids
    projlen=60: 256402 braids
    projlen=61: 287326 braids
    projlen=62: 253201 braids
    projlen=63: 292607 braids
    projlen=64: 245998 braids
    projlen=65: 295203 braids
    projlen=66: 247410 braids
    projlen=67: 291975 braids
    projlen=68: 247741 braids
    projlen=69: 269929 braids
    projlen=70: 93700 braids
  Braids kept: 1112951 (in 29 buckets, 1.45 GB CPU)
  ⚡ Timing: matmul=0.17s, sampling=5.33s, total=8.01s
============================================================
Level 58 - SAMPLING
============================================================
  Starting braids: 962951
  Candidates to generate: 5244493
  Processing in 53 chunks...
  Projlen distribution:
    projlen=43: 6 braids
    projlen=44: 18 braids
    projlen=45: 133 braids
    projlen=46: 265 braids
    projlen=47: 2486 braids
    projlen=48: 2823 braids
    projlen=49: 25123 braids
    projlen=50: 37869 braids
    projlen=51: 242693 braids
    projlen=52: 224249 braids
    projlen=53: 343650 braids
    projlen=54: 204423 braids
    projlen=55: 341951 braids
    projlen=56: 188804 braids
    projlen=57: 331072 braids
    projlen=58: 211809 braids
    projlen=59: 310517 braids
    projlen=60: 240990 braids
    projlen=61: 292623 braids
    projlen=62: 257937 braids
    projlen=63: 284187 braids
    projlen=64: 258906 braids
    projlen=65: 288095 braids
    projlen=66: 252602 braids
    projlen=67: 289649 braids
    projlen=68: 249043 braids
    projlen=69: 268552 braids
    projlen=70: 94018 braids
  Braids kept: 1068723 (in 28 buckets, 1.40 GB CPU)
  ⚡ Timing: matmul=0.26s, sampling=5.12s, total=7.85s
============================================================
Level 59 - SAMPLING
============================================================
  Starting braids: 968723
  Candidates to generate: 5261343
  Processing in 53 chunks...
  Projlen distribution:
    projlen=44: 3 braids
    projlen=45: 91 braids
    projlen=46: 139 braids
    projlen=47: 1140 braids
    projlen=48: 1730 braids
    projlen=49: 14758 braids
    projlen=50: 14900 braids
    projlen=51: 122060 braids
    projlen=52: 159181 braids
    projlen=53: 306345 braids
    projlen=54: 226017 braids
    projlen=55: 330162 braids
    projlen=56: 202850 braids
    projlen=57: 332668 braids
    projlen=58: 194116 braids
    projlen=59: 324306 braids
    projlen=60: 217627 braids
    projlen=61: 306011 braids
    projlen=62: 244442 braids
    projlen=63: 289339 braids
    projlen=64: 259497 braids
    projlen=65: 283106 braids
    projlen=66: 262386 braids
    projlen=67: 284436 braids
    projlen=68: 257037 braids
    projlen=69: 282962 braids
    projlen=70: 241534 braids
    projlen=71: 102500 braids
  Braids kept: 1082761 (in 28 buckets, 1.44 GB CPU)
  ⚡ Timing: matmul=0.29s, sampling=5.26s, total=8.04s
============================================================
Level 60 - SAMPLING
============================================================
  Starting braids: 982761
  Candidates to generate: 5342697
  Processing in 54 chunks...
  Projlen distribution:
    projlen=45: 22 braids
    projlen=46: 41 braids
    projlen=47: 677 braids
    projlen=48: 955 braids
    projlen=49: 7527 braids
    projlen=50: 9660 braids
    projlen=51: 73673 braids
    projlen=52: 65060 braids
    projlen=53: 251542 braids
    projlen=54: 246372 braids
    projlen=55: 319518 braids
    projlen=56: 224671 braids
    projlen=57: 323165 braids
    projlen=58: 211452 braids
    projlen=59: 323835 braids
    projlen=60: 203077 braids
    projlen=61: 318059 braids
    projlen=62: 223056 braids
    projlen=63: 301822 braids
    projlen=64: 246895 braids
    projlen=65: 286644 braids
    projlen=66: 260777 braids
    projlen=67: 280952 braids
    projlen=68: 264433 braids
    projlen=69: 279526 braids
    projlen=70: 258935 braids
    projlen=71: 264238 braids
    projlen=72: 96113 braids
  Braids kept: 1118882 (in 28 buckets, 1.51 GB CPU)
  ⚡ Timing: matmul=0.45s, sampling=5.48s, total=8.50s
============================================================
Level 61 - SAMPLING
============================================================
  Starting braids: 968882
  Candidates to generate: 5268010
  Processing in 53 chunks...
  Projlen distribution:
    projlen=44: 2 braids
    projlen=45: 10 braids
    projlen=46: 21 braids
    projlen=47: 192 braids
    projlen=48: 301 braids
    projlen=49: 4353 braids
    projlen=50: 5510 braids
    projlen=51: 40896 braids
    projlen=52: 44731 braids
    projlen=53: 249267 braids
    projlen=54: 210442 braids
    projlen=55: 332531 braids
    projlen=56: 238890 braids
    projlen=57: 310331 braids
    projlen=58: 229834 braids
    projlen=59: 313083 braids
    projlen=60: 220187 braids
    projlen=61: 315911 braids
    projlen=62: 214580 braids
    projlen=63: 313681 braids
    projlen=64: 230286 braids
    projlen=65: 298511 braids
    projlen=66: 249589 braids
    projlen=67: 284264 braids
    projlen=68: 261919 braids
    projlen=69: 278454 braids
    projlen=70: 263787 braids
    projlen=71: 259597 braids
    projlen=72: 96850 braids
  Braids kept: 1096016 (in 29 buckets, 1.49 GB CPU)
  ⚡ Timing: matmul=0.18s, sampling=5.28s, total=7.97s
============================================================
Level 62 - SAMPLING
============================================================
  Starting braids: 996016
  Candidates to generate: 5425440
  Processing in 55 chunks...
  Projlen distribution:
    projlen=44: 1 braids
    projlen=45: 8 braids
    projlen=46: 10 braids
    projlen=47: 116 braids
    projlen=48: 154 braids
    projlen=49: 1521 braids
    projlen=50: 2154 braids
    projlen=51: 24211 braids
    projlen=52: 28221 braids
    projlen=53: 200723 braids
    projlen=54: 194496 braids
    projlen=55: 327234 braids
    projlen=56: 213626 braids
    projlen=57: 325822 braids
    projlen=58: 229886 braids
    projlen=59: 307556 braids
    projlen=60: 237235 braids
    projlen=61: 305029 braids
    projlen=62: 229797 braids
    projlen=63: 308768 braids
    projlen=64: 225281 braids
    projlen=65: 307255 braids
    projlen=66: 235902 braids
    projlen=67: 295882 braids
    projlen=68: 252867 braids
    projlen=69: 283467 braids
    projlen=70: 262988 braids
    projlen=71: 275005 braids
    projlen=72: 250638 braids
    projlen=73: 99587 braids
  Braids kept: 1106396 (in 30 buckets, 1.52 GB CPU)
  ⚡ Timing: matmul=0.18s, sampling=5.56s, total=8.40s
============================================================
Level 63 - SAMPLING
============================================================
  Starting braids: 956396
  Candidates to generate: 5212178
  Processing in 53 chunks...
  Projlen distribution:
    projlen=45: 6 braids
    projlen=46: 10 braids
    projlen=47: 61 braids
    projlen=48: 95 braids
    projlen=49: 889 braids
    projlen=50: 1202 braids
    projlen=51: 9920 braids
    projlen=52: 12299 braids
    projlen=53: 119450 braids
    projlen=54: 120942 braids
    projlen=55: 288311 braids
    projlen=56: 227350 braids
    projlen=57: 328341 braids
    projlen=58: 212194 braids
    projlen=59: 320759 braids
    projlen=60: 231300 braids
    projlen=61: 303019 braids
    projlen=62: 243245 braids
    projlen=63: 298272 braids
    projlen=64: 238234 braids
    projlen=65: 302196 braids
    projlen=66: 234433 braids
    projlen=67: 302068 braids
    projlen=68: 242365 braids
    projlen=69: 291879 braids
    projlen=70: 255143 braids
    projlen=71: 278758 braids
    projlen=72: 249175 braids
    projlen=73: 100262 braids
  Braids kept: 1074482 (in 29 buckets, 1.49 GB CPU)
  ⚡ Timing: matmul=0.16s, sampling=5.31s, total=7.98s
============================================================
Level 64 - SAMPLING
============================================================
  Starting braids: 974482
  Candidates to generate: 5316666
  Processing in 54 chunks...
  Projlen distribution:
    projlen=47: 61 braids
    projlen=48: 69 braids
    projlen=49: 457 braids
    projlen=50: 728 braids
    projlen=51: 5789 braids
    projlen=52: 7145 braids
    projlen=53: 53405 braids
    projlen=54: 54861 braids
    projlen=55: 254333 braids
    projlen=56: 225383 braids
    projlen=57: 329914 braids
    projlen=58: 224182 braids
    projlen=59: 320996 braids
    projlen=60: 218764 braids
    projlen=61: 313470 braids
    projlen=62: 234848 braids
    projlen=63: 298565 braids
    projlen=64: 247993 braids
    projlen=65: 293607 braids
    projlen=66: 245576 braids
    projlen=67: 295541 braids
    projlen=68: 243407 braids
    projlen=69: 296243 braids
    projlen=70: 247693 braids
    projlen=71: 288873 braids
    projlen=72: 254758 braids
    projlen=73: 263718 braids
    projlen=74: 96287 braids
  Braids kept: 1114249 (in 28 buckets, 1.56 GB CPU)
  ⚡ Timing: matmul=0.20s, sampling=5.43s, total=8.22s
============================================================
Level 65 - SAMPLING
============================================================
  Starting braids: 964249
  Candidates to generate: 5272187
  Processing in 53 chunks...
  Projlen distribution:
    projlen=47: 7 braids
    projlen=48: 19 braids
    projlen=49: 408 braids
    projlen=50: 499 braids
    projlen=51: 3097 braids
    projlen=52: 4564 braids
    projlen=53: 32478 braids
    projlen=54: 35331 braids
    projlen=55: 246203 braids
    projlen=56: 224478 braids
    projlen=57: 338323 braids
    projlen=58: 223792 braids
    projlen=59: 321968 braids
    projlen=60: 224201 braids
    projlen=61: 312937 braids
    projlen=62: 225924 braids
    projlen=63: 306053 braids
    projlen=64: 239076 braids
    projlen=65: 294282 braids
    projlen=66: 252477 braids
    projlen=67: 289599 braids
    projlen=68: 251965 braids
    projlen=69: 291427 braids
    projlen=70: 250121 braids
    projlen=71: 291191 braids
    projlen=72: 250353 braids
    projlen=73: 267216 braids
    projlen=74: 94198 braids
  Braids kept: 1076403 (in 28 buckets, 1.52 GB CPU)
  ⚡ Timing: matmul=0.16s, sampling=5.22s, total=7.92s
============================================================
Level 66 - SAMPLING
============================================================
  Starting braids: 976403
  Candidates to generate: 5328265
  Processing in 54 chunks...
  Projlen distribution:
    projlen=47: 3 braids
    projlen=48: 12 braids
    projlen=49: 80 braids
    projlen=50: 179 braids
    projlen=51: 2494 braids
    projlen=52: 3112 braids
    projlen=53: 18730 braids
    projlen=54: 23960 braids
    projlen=55: 159608 braids
    projlen=56: 152583 braids
    projlen=57: 306122 braids
    projlen=58: 223426 braids
    projlen=59: 327273 braids
    projlen=60: 219995 braids
    projlen=61: 316505 braids
    projlen=62: 228484 braids
    projlen=63: 306325 braids
    projlen=64: 233862 braids
    projlen=65: 300800 braids
    projlen=66: 244128 braids
    projlen=67: 292015 braids
    projlen=68: 255659 braids
    projlen=69: 286552 braids
    projlen=70: 257503 braids
    projlen=71: 287011 braids
    projlen=72: 254558 braids
    projlen=73: 282633 braids
    projlen=74: 241939 braids
    projlen=75: 102714 braids
  Braids kept: 1098570 (in 29 buckets, 1.57 GB CPU)
  ⚡ Timing: matmul=0.15s, sampling=5.46s, total=8.20s
============================================================
Level 67 - SAMPLING
============================================================
  Starting braids: 998570
  Candidates to generate: 5457504
  Processing in 55 chunks...
  Projlen distribution:
    projlen=48: 5 braids
    projlen=49: 51 braids
    projlen=50: 101 braids
    projlen=51: 760 braids
    projlen=52: 1257 braids
    projlen=53: 14483 braids
    projlen=54: 16503 braids
    projlen=55: 95887 braids
    projlen=56: 104697 braids
    projlen=57: 277991 braids
    projlen=58: 224326 braids
    projlen=59: 330031 braids
    projlen=60: 218864 braids
    projlen=61: 321611 braids
    projlen=62: 224413 braids
    projlen=63: 310127 braids
    projlen=64: 234859 braids
    projlen=65: 300755 braids
    projlen=66: 241724 braids
    projlen=67: 296581 braids
    projlen=68: 249301 braids
    projlen=69: 288357 braids
    projlen=70: 258837 braids
    projlen=71: 283416 braids
    projlen=72: 261322 braids
    projlen=73: 283192 braids
    projlen=74: 257266 braids
    projlen=75: 264979 braids
    projlen=76: 95808 braids
  Braids kept: 1133160 (in 29 buckets, 1.64 GB CPU)
  ⚡ Timing: matmul=0.16s, sampling=5.73s, total=8.56s
============================================================
Level 68 - SAMPLING
============================================================
  Starting braids: 983160
  Candidates to generate: 5375034
  Processing in 54 chunks...
  Projlen distribution:
    projlen=49: 22 braids
    projlen=50: 67 braids
    projlen=51: 486 braids
    projlen=52: 743 braids
    projlen=53: 5443 braids
    projlen=54: 7403 braids
    projlen=55: 73570 braids
    projlen=56: 73757 braids
    projlen=57: 259210 braids
    projlen=58: 233764 braids
    projlen=59: 328825 braids
    projlen=60: 223107 braids
    projlen=61: 322262 braids
    projlen=62: 220561 braids
    projlen=63: 314856 braids
    projlen=64: 230825 braids
    projlen=65: 303592 braids
    projlen=66: 240497 braids
    projlen=67: 295858 braids
    projlen=68: 246973 braids
    projlen=69: 292532 braids
    projlen=70: 254126 braids
    projlen=71: 285431 braids
    projlen=72: 261205 braids
    projlen=73: 280557 braids
    projlen=74: 261283 braids
    projlen=75: 261890 braids
    projlen=76: 96189 braids
  Braids kept: 1114164 (in 28 buckets, 1.62 GB CPU)
  ⚡ Timing: matmul=0.16s, sampling=5.64s, total=8.42s
============================================================
Level 69 - SAMPLING
============================================================
  Starting braids: 964164
  Candidates to generate: 5271094
  Processing in 53 chunks...
  Projlen distribution:
    projlen=49: 10 braids
    projlen=50: 21 braids
    projlen=51: 237 braids
    projlen=52: 516 braids
    projlen=53: 3518 braids
    projlen=54: 4433 braids
    projlen=55: 31232 braids
    projlen=56: 35306 braids
    projlen=57: 244960 braids
    projlen=58: 221126 braids
    projlen=59: 333422 braids
    projlen=60: 231593 braids
    projlen=61: 318357 braids
    projlen=62: 223695 braids
    projlen=63: 314453 braids
    projlen=64: 227092 braids
    projlen=65: 308140 braids
    projlen=66: 237673 braids
    projlen=67: 298911 braids
    projlen=68: 245997 braids
    projlen=69: 292259 braids
    projlen=70: 251793 braids
    projlen=71: 288272 braids
    projlen=72: 257465 braids
    projlen=73: 282754 braids
    projlen=74: 260704 braids
    projlen=75: 260631 braids
    projlen=76: 96524 braids
  Braids kept: 1075273 (in 28 buckets, 1.57 GB CPU)
  ⚡ Timing: matmul=0.18s, sampling=5.44s, total=8.22s
============================================================
Level 70 - SAMPLING
============================================================
  Starting braids: 975273
  Candidates to generate: 5330137
  Processing in 54 chunks...
  Projlen distribution:
    projlen=48: 2 braids
    projlen=49: 6 braids
    projlen=50: 19 braids
    projlen=51: 105 braids
    projlen=52: 206 braids
    projlen=53: 1883 braids
    projlen=54: 3152 braids
    projlen=55: 21092 braids
    projlen=56: 23015 braids
    projlen=57: 156968 braids
    projlen=58: 154477 braids
    projlen=59: 306097 braids
    projlen=60: 221492 braids
    projlen=61: 323573 braids
    projlen=62: 226579 braids
    projlen=63: 311631 braids
    projlen=64: 229726 braids
    projlen=65: 306892 braids
    projlen=66: 233889 braids
    projlen=67: 301454 braids
    projlen=68: 243080 braids
    projlen=69: 294951 braids
    projlen=70: 250961 braids
    projlen=71: 289032 braids
    projlen=72: 256147 braids
    projlen=73: 286410 braids
    projlen=74: 259535 braids
    projlen=75: 278423 braids
    projlen=76: 248645 braids
    projlen=77: 100695 braids
  Braids kept: 1099480 (in 30 buckets, 1.63 GB CPU)
  ⚡ Timing: matmul=0.15s, sampling=5.61s, total=8.41s
============================================================
Level 71 - SAMPLING
============================================================
  Starting braids: 999480
  Candidates to generate: 5466972
  Processing in 55 chunks...
  Projlen distribution:
    projlen=48: 3 braids
    projlen=49: 10 braids
    projlen=50: 18 braids
    projlen=51: 96 braids
    projlen=52: 132 braids
    projlen=53: 928 braids
    projlen=54: 1412 braids
    projlen=55: 12074 braids
    projlen=56: 16721 braids
    projlen=57: 106845 braids
    projlen=58: 101439 braids
    projlen=59: 278027 braids
    projlen=60: 227421 braids
    projlen=61: 330825 braids
    projlen=62: 219490 braids
    projlen=63: 319808 braids
    projlen=64: 230134 braids
    projlen=65: 305131 braids
    projlen=66: 237118 braids
    projlen=67: 300017 braids
    projlen=68: 240690 braids
    projlen=69: 296833 braids
    projlen=70: 248750 braids
    projlen=71: 291201 braids
    projlen=72: 254983 braids
    projlen=73: 285689 braids
    projlen=74: 259698 braids
    projlen=75: 281702 braids
    projlen=76: 260137 braids
    projlen=77: 262720 braids
    projlen=78: 96920 braids
  Braids kept: 1131394 (in 31 buckets, 1.69 GB CPU)
  ⚡ Timing: matmul=0.16s, sampling=5.79s, total=8.67s
============================================================
Level 72 - SAMPLING
============================================================
  Starting braids: 981394
  Candidates to generate: 5366208
  Processing in 54 chunks...
  Projlen distribution:
    projlen=47: 1 braids
    projlen=48: 1 braids
    projlen=49: 19 braids
    projlen=50: 25 braids
    projlen=51: 93 braids
    projlen=52: 127 braids
    projlen=53: 692 braids
    projlen=54: 873 braids
    projlen=55: 6525 braids
    projlen=56: 7938 braids
    projlen=57: 63333 braids
    projlen=58: 74318 braids
    projlen=59: 263351 braids
    projlen=60: 222426 braids
    projlen=61: 333202 braids
    projlen=62: 223552 braids
    projlen=63: 321398 braids
    projlen=64: 222467 braids
    projlen=65: 312308 braids
    projlen=66: 235238 braids
    projlen=67: 300782 braids
    projlen=68: 244030 braids
    projlen=69: 296260 braids
    projlen=70: 246228 braids
    projlen=71: 292537 braids
    projlen=72: 253464 braids
    projlen=73: 287036 braids
    projlen=74: 258309 braids
    projlen=75: 282577 braids
    projlen=76: 259845 braids
    projlen=77: 261371 braids
    projlen=78: 95882 braids
  Braids kept: 1116294 (in 32 buckets, 1.68 GB CPU)
  ⚡ Timing: matmul=0.16s, sampling=5.79s, total=8.60s
============================================================
Level 73 - SAMPLING
============================================================
  Starting braids: 966294
  Candidates to generate: 5292612
  Processing in 53 chunks...
  Projlen distribution:
    projlen=46: 2 braids
    projlen=47: 1 braids
    projlen=48: 9 braids
    projlen=49: 18 braids
    projlen=50: 18 braids
    projlen=51: 142 braids
    projlen=52: 169 braids
    projlen=53: 601 braids
    projlen=54: 788 braids
    projlen=55: 4378 braids
    projlen=56: 5151 braids
    projlen=57: 36722 braids
    projlen=58: 38169 braids
    projlen=59: 242636 braids
    projlen=60: 234684 braids
    projlen=61: 332552 braids
    projlen=62: 222983 braids
    projlen=63: 323207 braids
    projlen=64: 222747 braids
    projlen=65: 314613 braids
    projlen=66: 229278 braids
    projlen=67: 305733 braids
    projlen=68: 240824 braids
    projlen=69: 296465 braids
    projlen=70: 248653 braids
    projlen=71: 291655 braids
    projlen=72: 252009 braids
    projlen=73: 288591 braids
    projlen=74: 257290 braids
    projlen=75: 283844 braids
    projlen=76: 259805 braids
    projlen=77: 262371 braids
    projlen=78: 96504 braids
  Braids kept: 1086168 (in 33 buckets, 1.64 GB CPU)
  ⚡ Timing: matmul=0.17s, sampling=5.57s, total=8.37s
============================================================
Level 74 - SAMPLING
============================================================
  Starting braids: 986168
  Candidates to generate: 5391704
  Processing in 54 chunks...
  Projlen distribution:
    projlen=46: 4 braids
    projlen=47: 2 braids
    projlen=48: 11 braids
    projlen=49: 23 braids
    projlen=50: 54 braids
    projlen=51: 109 braids
    projlen=52: 130 braids
    projlen=53: 866 braids
    projlen=54: 986 braids
    projlen=55: 3701 braids
    projlen=56: 4484 braids
    projlen=57: 25125 braids
    projlen=58: 26591 braids
    projlen=59: 182981 braids
    projlen=60: 166561 braids
    projlen=61: 310779 braids
    projlen=62: 231579 braids
    projlen=63: 321389 braids
    projlen=64: 222224 braids
    projlen=65: 317048 braids
    projlen=66: 226957 braids
    projlen=67: 306806 braids
    projlen=68: 235468 braids
    projlen=69: 299751 braids
    projlen=70: 245387 braids
    projlen=71: 292757 braids
    projlen=72: 253683 braids
    projlen=73: 287495 braids
    projlen=74: 256959 braids
    projlen=75: 285026 braids
    projlen=76: 259883 braids
    projlen=77: 278590 braids
    projlen=78: 247379 braids
    projlen=79: 100916 braids
  Braids kept: 1112086 (in 34 buckets, 1.70 GB CPU)
  ⚡ Timing: matmul=0.18s, sampling=5.72s, total=8.58s
============================================================
Level 75 - SAMPLING
============================================================
  Starting braids: 962086
  Candidates to generate: 5253476
  Processing in 53 chunks...
  Projlen distribution:
    projlen=47: 12 braids
    projlen=48: 20 braids
    projlen=49: 37 braids
    projlen=50: 36 braids
    projlen=51: 153 braids
    projlen=52: 280 braids
    projlen=53: 646 braids
    projlen=54: 799 braids
    projlen=55: 4866 braids
    projlen=56: 5301 braids
    projlen=57: 21491 braids
    projlen=58: 23290 braids
    projlen=59: 126137 braids
    projlen=60: 116724 braids
    projlen=61: 287535 braids
    projlen=62: 219763 braids
    projlen=63: 328955 braids
    projlen=64: 225122 braids
    projlen=65: 315940 braids
    projlen=66: 228914 braids
    projlen=67: 309050 braids
    projlen=68: 233719 braids
    projlen=69: 301590 braids
    projlen=70: 242264 braids
    projlen=71: 294761 braids
    projlen=72: 249698 braids
    projlen=73: 289567 braids
    projlen=74: 257080 braids
    projlen=75: 284298 braids
    projlen=76: 258610 braids
    projlen=77: 279127 braids
    projlen=78: 247059 braids
    projlen=79: 100632 braids
  Braids kept: 1106931 (in 33 buckets, 1.70 GB CPU)
  ⚡ Timing: matmul=0.15s, sampling=5.74s, total=8.55s
============================================================
Level 76 - SAMPLING
============================================================
  Starting braids: 956931
  Candidates to generate: 5223717
  Processing in 53 chunks...
  Projlen distribution:
    projlen=49: 113 braids
    projlen=50: 96 braids
    projlen=51: 236 braids
    projlen=52: 178 braids
    projlen=53: 855 braids
    projlen=54: 1433 braids
    projlen=55: 3680 braids
    projlen=56: 4560 braids
    projlen=57: 26195 braids
    projlen=58: 26834 braids
    projlen=59: 109037 braids
    projlen=60: 105171 braids
    projlen=61: 274618 braids
    projlen=62: 221579 braids
    projlen=63: 332939 braids
    projlen=64: 217505 braids
    projlen=65: 321992 braids
    projlen=66: 225983 braids
    projlen=67: 309896 braids
    projlen=68: 235606 braids
    projlen=69: 302006 braids
    projlen=70: 241272 braids
    projlen=71: 296961 braids
    projlen=72: 247430 braids
    projlen=73: 291261 braids
    projlen=74: 254516 braids
    projlen=75: 285403 braids
    projlen=76: 259991 braids
    projlen=77: 278953 braids
    projlen=78: 246738 braids
    projlen=79: 100680 braids
  Braids kept: 1114180 (in 31 buckets, 1.71 GB CPU)
  ⚡ Timing: matmul=0.14s, sampling=5.82s, total=8.65s
============================================================
Level 77 - SAMPLING
============================================================
  Starting braids: 964180
  Candidates to generate: 5256464
  Processing in 53 chunks...
  Projlen distribution:
    projlen=49: 5 braids
    projlen=50: 5 braids
    projlen=51: 642 braids
    projlen=52: 491 braids
    projlen=53: 1352 braids
    projlen=54: 979 braids
    projlen=55: 4630 braids
    projlen=56: 7245 braids
    projlen=57: 20210 braids
    projlen=58: 24380 braids
    projlen=59: 128260 braids
    projlen=60: 121208 braids
    projlen=61: 276406 braids
    projlen=62: 227236 braids
    projlen=63: 328357 braids
    projlen=64: 222088 braids
    projlen=65: 323621 braids
    projlen=66: 218302 braids
    projlen=67: 316464 braids
    projlen=68: 230738 braids
    projlen=69: 303354 braids
    projlen=70: 241626 braids
    projlen=71: 296962 braids
    projlen=72: 246750 braids
    projlen=73: 291977 braids
    projlen=74: 252055 braids
    projlen=75: 286778 braids
    projlen=76: 257642 braids
    projlen=77: 280812 braids
    projlen=78: 245683 braids
    projlen=79: 100206 braids
  Braids kept: 1109939 (in 31 buckets, 1.71 GB CPU)
  ⚡ Timing: matmul=0.15s, sampling=5.70s, total=8.52s
============================================================
Level 78 - SAMPLING
============================================================
  Starting braids: 959939
  Candidates to generate: 5237645
  Processing in 53 chunks...
  Projlen distribution:
    projlen=49: 4 braids
    projlen=50: 2 braids
    projlen=51: 41 braids
    projlen=52: 58 braids
    projlen=53: 3274 braids
    projlen=54: 2387 braids
    projlen=55: 7467 braids
    projlen=56: 5302 braids
    projlen=57: 24672 braids
    projlen=58: 35853 braids
    projlen=59: 102333 braids
    projlen=60: 113210 braids
    projlen=61: 272439 braids
    projlen=62: 224297 braids
    projlen=63: 326808 braids
    projlen=64: 227374 braids
    projlen=65: 320656 braids
    projlen=66: 223415 braids
    projlen=67: 315855 braids
    projlen=68: 224367 braids
    projlen=69: 309036 braids
    projlen=70: 237028 braids
    projlen=71: 299154 braids
    projlen=72: 247379 braids
    projlen=73: 292671 braids
    projlen=74: 251998 braids
    projlen=75: 287673 braids
    projlen=76: 255858 braids
    projlen=77: 281598 braids
    projlen=78: 244257 braids
    projlen=79: 101179 braids
  Braids kept: 1129060 (in 31 buckets, 1.74 GB CPU)
  ⚡ Timing: matmul=0.15s, sampling=5.68s, total=8.47s
============================================================
Level 79 - SAMPLING
============================================================
  Starting braids: 979060
  Candidates to generate: 5356660
  Processing in 54 chunks...
  Projlen distribution:
    projlen=49: 2 braids
    projlen=50: 3 braids
    projlen=51: 21 braids
    projlen=52: 31 braids
    projlen=53: 319 braids
    projlen=54: 429 braids
    projlen=55: 16093 braids
    projlen=56: 11417 braids
    projlen=57: 39923 braids
    projlen=58: 28128 braids
    projlen=59: 124849 braids
    projlen=60: 162940 braids
    projlen=61: 282777 braids
    projlen=62: 245013 braids
    projlen=63: 320733 braids
    projlen=64: 225165 braids
    projlen=65: 319116 braids
    projlen=66: 228595 braids
    projlen=67: 313487 braids
    projlen=68: 229982 braids
    projlen=69: 308363 braids
    projlen=70: 233403 braids
    projlen=71: 303484 braids
    projlen=72: 243046 braids
    projlen=73: 294435 braids
    projlen=74: 252187 braids
    projlen=75: 289756 braids
    projlen=76: 254695 braids
    projlen=77: 282497 braids
    projlen=78: 244501 braids
    projlen=79: 101270 braids
  Braids kept: 1146366 (in 31 buckets, 1.77 GB CPU)
  ⚡ Timing: matmul=0.16s, sampling=5.74s, total=8.59s
============================================================
Level 80 - SAMPLING
============================================================
  Starting braids: 996366
  Candidates to generate: 5451988
  Processing in 55 chunks...
  Projlen distribution:
    projlen=50: 2 braids
    projlen=51: 12 braids
    projlen=52: 25 braids
    projlen=53: 191 braids
    projlen=54: 213 braids
    projlen=55: 2372 braids
    projlen=56: 2591 braids
    projlen=57: 77753 braids
    projlen=58: 53769 braids
    projlen=59: 204221 braids
    projlen=60: 136548 braids
    projlen=61: 279430 braids
    projlen=62: 252511 braids
    projlen=63: 307741 braids
    projlen=64: 246430 braids
    projlen=65: 309109 braids
    projlen=66: 228739 braids
    projlen=67: 311812 braids
    projlen=68: 233070 braids
    projlen=69: 305876 braids
    projlen=70: 237518 braids
    projlen=71: 301467 braids
    projlen=72: 240016 braids
    projlen=73: 298203 braids
    projlen=74: 248176 braids
    projlen=75: 291665 braids
    projlen=76: 255523 braids
    projlen=77: 282202 braids
    projlen=78: 243419 braids
    projlen=79: 101384 braids
  Braids kept: 1155406 (in 30 buckets, 1.79 GB CPU)
  ⚡ Timing: matmul=0.25s, sampling=5.95s, total=8.95s
============================================================
Level 81 - SAMPLING
============================================================
  Starting braids: 955406
  Candidates to generate: 5201480
  Processing in 53 chunks...
  Projlen distribution:
    projlen=50: 1 braids
    projlen=51: 8 braids
    projlen=52: 21 braids
    projlen=53: 133 braids
    projlen=54: 158 braids
    projlen=55: 1524 braids
    projlen=56: 1402 braids
    projlen=57: 14897 braids
    projlen=58: 12444 braids
    projlen=59: 248847 braids
    projlen=60: 178984 braids
    projlen=61: 350993 braids
    projlen=62: 199541 braids
    projlen=63: 328207 braids
    projlen=64: 242670 braids
    projlen=65: 301306 braids
    projlen=66: 249605 braids
    projlen=67: 300944 braids
    projlen=68: 236875 braids
    projlen=69: 304547 braids
    projlen=70: 239264 braids
    projlen=71: 299939 braids
    projlen=72: 243636 braids
    projlen=73: 296002 braids
    projlen=74: 247199 braids
    projlen=75: 291762 braids
    projlen=76: 248953 braids
    projlen=77: 267240 braids
    projlen=78: 94378 braids
  Braids kept: 1030588 (in 29 buckets, 1.60 GB CPU)
  ⚡ Timing: matmul=0.14s, sampling=5.70s, total=8.49s
============================================================
Level 82 - SAMPLING
============================================================
  Starting braids: 980588
  Candidates to generate: 5327604
  Processing in 54 chunks...
  Projlen distribution:
    projlen=51: 4 braids
    projlen=52: 9 braids
    projlen=53: 106 braids
    projlen=54: 137 braids
    projlen=55: 1013 braids
    projlen=56: 981 braids
    projlen=57: 9780 braids
    projlen=58: 7693 braids
    projlen=59: 78042 braids
    projlen=60: 54157 braids
    projlen=61: 271393 braids
    projlen=62: 179295 braids
    projlen=63: 346718 braids
    projlen=64: 195167 braids
    projlen=65: 323709 braids
    projlen=66: 236101 braids
    projlen=67: 298263 braids
    projlen=68: 252719 braids
    projlen=69: 293819 braids
    projlen=70: 244758 braids
    projlen=71: 297559 braids
    projlen=72: 245355 braids
    projlen=73: 295606 braids
    projlen=74: 249767 braids
    projlen=75: 291868 braids
    projlen=76: 252252 braids
    projlen=77: 286959 braids
    projlen=78: 253954 braids
    projlen=79: 264525 braids
    projlen=80: 95895 braids
  Braids kept: 1119723 (in 30 buckets, 1.77 GB CPU)
  ⚡ Timing: matmul=0.15s, sampling=5.96s, total=8.87s
============================================================
Level 83 - SAMPLING
============================================================
  Starting braids: 969723
  Candidates to generate: 5266947
  Processing in 53 chunks...
  Projlen distribution:
    projlen=51: 3 braids
    projlen=52: 4 braids
    projlen=53: 51 braids
    projlen=54: 64 braids
    projlen=55: 813 braids
    projlen=56: 795 braids
    projlen=57: 6484 braids
    projlen=58: 5359 braids
    projlen=59: 51825 braids
    projlen=60: 36303 braids
    projlen=61: 264042 braids
    projlen=62: 186169 braids
    projlen=63: 360881 braids
    projlen=64: 176914 braids
    projlen=65: 342926 braids
    projlen=66: 197657 braids
    projlen=67: 320077 braids
    projlen=68: 235174 braids
    projlen=69: 294693 braids
    projlen=70: 254746 braids
    projlen=71: 289154 braids
    projlen=72: 251756 braids
    projlen=73: 292209 braids
    projlen=74: 250593 braids
    projlen=75: 290058 braids
    projlen=76: 253640 braids
    projlen=77: 287897 braids
    projlen=78: 255536 braids
    projlen=79: 265946 braids
    projlen=80: 95178 braids
  Braids kept: 1099876 (in 30 buckets, 1.74 GB CPU)
  ⚡ Timing: matmul=0.16s, sampling=5.86s, total=8.74s
============================================================
Level 84 - SAMPLING
============================================================
  Starting braids: 999876
  Candidates to generate: 5416476
  Processing in 55 chunks...
  Projlen distribution:
    projlen=53: 29 braids
    projlen=54: 33 braids
    projlen=55: 422 braids
    projlen=56: 440 braids
    projlen=57: 5164 braids
    projlen=58: 4349 braids
    projlen=59: 36286 braids
    projlen=60: 26638 braids
    projlen=61: 245372 braids
    projlen=62: 158515 braids
    projlen=63: 327608 braids
    projlen=64: 184311 braids
    projlen=65: 354556 braids
    projlen=66: 170386 braids
    projlen=67: 339982 braids
    projlen=68: 201826 braids
    projlen=69: 315353 braids
    projlen=70: 237294 braids
    projlen=71: 293332 braids
    projlen=72: 256646 braids
    projlen=73: 285016 braids
    projlen=74: 256817 braids
    projlen=75: 287303 braids
    projlen=76: 254730 braids
    projlen=77: 286757 braids
    projlen=78: 257221 braids
    projlen=79: 282429 braids
    projlen=80: 245513 braids
    projlen=81: 102148 braids
  Braids kept: 1123361 (in 29 buckets, 1.80 GB CPU)
  ⚡ Timing: matmul=0.15s, sampling=5.98s, total=8.93s
============================================================
Level 85 - SAMPLING
============================================================
  Starting braids: 973361
  Candidates to generate: 5253645
  Processing in 53 chunks...
  Projlen distribution:
    projlen=52: 1 braids
    projlen=53: 2 braids
    projlen=54: 8 braids
    projlen=55: 203 braids
    projlen=56: 238 braids
    projlen=57: 2898 braids
    projlen=58: 2646 braids
    projlen=59: 29422 braids
    projlen=60: 21705 braids
    projlen=61: 179956 braids
    projlen=62: 116844 braids
    projlen=63: 306850 braids
    projlen=64: 179323 braids
    projlen=65: 355940 braids
    projlen=66: 177528 braids
    projlen=67: 348498 braids
    projlen=68: 171172 braids
    projlen=69: 335574 braids
    projlen=70: 207480 braids
    projlen=71: 311577 braids
    projlen=72: 241377 braids
    projlen=73: 292547 braids
    projlen=74: 258249 braids
    projlen=75: 283347 braids
    projlen=76: 261591 braids
    projlen=77: 284385 braids
    projlen=78: 258715 braids
    projlen=79: 279984 braids
    projlen=80: 244898 braids
    projlen=81: 100687 braids
  Braids kept: 1107123 (in 30 buckets, 1.78 GB CPU)
  ⚡ Timing: matmul=0.14s, sampling=5.86s, total=8.73s
============================================================
Level 86 - SAMPLING
============================================================
  Starting braids: 957123
  Candidates to generate: 5145537
  Processing in 52 chunks...
  Projlen distribution:
    projlen=53: 4 braids
    projlen=54: 4 braids
    projlen=55: 36 braids
    projlen=56: 71 braids
    projlen=57: 1482 braids
    projlen=58: 1491 braids
    projlen=59: 17539 braids
    projlen=60: 13850 braids
    projlen=61: 145497 braids
    projlen=62: 95185 braids
    projlen=63: 295112 braids
    projlen=64: 179825 braids
    projlen=65: 359552 braids
    projlen=66: 172523 braids
    projlen=67: 351270 braids
    projlen=68: 175313 braids
    projlen=69: 342910 braids
    projlen=70: 176102 braids
    projlen=71: 330535 braids
    projlen=72: 212216 braids
    projlen=73: 308218 braids
    projlen=74: 243824 braids
    projlen=75: 289870 braids
    projlen=76: 260157 braids
    projlen=77: 282452 braids
    projlen=78: 263401 braids
    projlen=79: 278886 braids
    projlen=80: 247177 braids
    projlen=81: 101035 braids
  Braids kept: 1084477 (in 29 buckets, 1.76 GB CPU)
  ⚡ Timing: matmul=0.16s, sampling=5.69s, total=8.54s
============================================================
Level 87 - SAMPLING
============================================================
  Starting braids: 984477
  Candidates to generate: 5270825
  Processing in 53 chunks...
  Projlen distribution:
    projlen=52: 1 braids
    projlen=53: 2 braids
    projlen=54: 5 braids
    projlen=55: 41 braids
    projlen=56: 45 braids
    projlen=57: 430 braids
    projlen=58: 596 braids
    projlen=59: 9293 braids
    projlen=60: 7922 braids
    projlen=61: 89541 braids
    projlen=62: 60971 braids
    projlen=63: 277711 braids
    projlen=64: 177656 braids
    projlen=65: 360232 braids
    projlen=66: 174218 braids
    projlen=67: 353622 braids
    projlen=68: 166906 braids
    projlen=69: 345637 braids
    projlen=70: 177411 braids
    projlen=71: 338195 braids
    projlen=72: 183651 braids
    projlen=73: 326263 braids
    projlen=74: 217785 braids
    projlen=75: 304404 braids
    projlen=76: 247088 braids
    projlen=77: 287979 braids
    projlen=78: 261909 braids
    projlen=79: 279884 braids
    projlen=80: 262450 braids
    projlen=81: 261219 braids
    projlen=82: 97758 braids
  Braids kept: 1118335 (in 31 buckets, 1.83 GB CPU)
  ⚡ Timing: matmul=0.16s, sampling=6.07s, total=8.97s
============================================================
Level 88 - SAMPLING
============================================================
  Starting braids: 968335
  Candidates to generate: 5163807
  Processing in 52 chunks...
  Projlen distribution:
    projlen=52: 1 braids
    projlen=53: 2 braids
    projlen=54: 5 braids
    projlen=55: 27 braids
    projlen=56: 40 braids
    projlen=57: 305 braids
    projlen=58: 349 braids
    projlen=59: 3571 braids
    projlen=60: 3507 braids
    projlen=61: 49042 braids
    projlen=62: 36103 braids
    projlen=63: 265850 braids
    projlen=64: 179386 braids
    projlen=65: 362439 braids
    projlen=66: 174055 braids
    projlen=67: 355958 braids
    projlen=68: 167986 braids
    projlen=69: 349936 braids
    projlen=70: 168264 braids
    projlen=71: 341648 braids
    projlen=72: 182100 braids
    projlen=73: 331801 braids
    projlen=74: 192981 braids
    projlen=75: 321292 braids
    projlen=76: 223485 braids
    projlen=77: 301455 braids
    projlen=78: 250083 braids
    projlen=79: 284584 braids
    projlen=80: 260302 braids
    projlen=81: 260360 braids
    projlen=82: 96890 braids
  Braids kept: 1092952 (in 31 buckets, 1.80 GB CPU)
  ⚡ Timing: matmul=0.15s, sampling=5.74s, total=8.60s
============================================================
Level 89 - SAMPLING
============================================================
  Starting braids: 992952
  Candidates to generate: 5288410
  Processing in 53 chunks...
  Projlen distribution:
    projlen=53: 4 braids
    projlen=54: 3 braids
    projlen=55: 27 braids
    projlen=56: 18 braids
    projlen=57: 242 braids
    projlen=58: 268 braids
    projlen=59: 2299 braids
    projlen=60: 2212 braids
    projlen=61: 22508 braids
    projlen=62: 18142 braids
    projlen=63: 239704 braids
    projlen=64: 158527 braids
    projlen=65: 330290 braids
    projlen=66: 177181 braids
    projlen=67: 357566 braids
    projlen=68: 165077 braids
    projlen=69: 350569 braids
    projlen=70: 167919 braids
    projlen=71: 344754 braids
    projlen=72: 171751 braids
    projlen=73: 336477 braids
    projlen=74: 189736 braids
    projlen=75: 327497 braids
    projlen=76: 202124 braids
    projlen=77: 315639 braids
    projlen=78: 229204 braids
    projlen=79: 298230 braids
    projlen=80: 251571 braids
    projlen=81: 280170 braids
    projlen=82: 248038 braids
    projlen=83: 100663 braids
  Braids kept: 1095723 (in 31 buckets, 1.82 GB CPU)
  ⚡ Timing: matmul=0.18s, sampling=5.93s, total=8.88s
============================================================
Level 90 - SAMPLING
============================================================
  Starting braids: 995723
  Candidates to generate: 5293189
  Processing in 53 chunks...
  Projlen distribution:
    projlen=53: 3 braids
    projlen=54: 3 braids
    projlen=55: 28 braids
    projlen=56: 21 braids
    projlen=57: 156 braids
    projlen=58: 137 braids
    projlen=59: 1759 braids
    projlen=60: 1617 braids
    projlen=61: 14900 braids
    projlen=62: 11852 braids
    projlen=63: 117471 braids
    projlen=64: 78697 braids
    projlen=65: 290037 braids
    projlen=66: 180604 braids
    projlen=67: 359561 braids
    projlen=68: 168974 braids
    projlen=69: 352160 braids
    projlen=70: 163309 braids
    projlen=71: 346150 braids
    projlen=72: 170792 braids
    projlen=73: 340228 braids
    projlen=74: 177724 braids
    projlen=75: 332166 braids
    projlen=76: 197139 braids
    projlen=77: 321416 braids
    projlen=78: 212210 braids
    projlen=79: 310924 braids
    projlen=80: 233479 braids
    projlen=81: 295485 braids
    projlen=82: 252515 braids
    projlen=83: 265175 braids
    projlen=84: 96497 braids
  Braids kept: 1130476 (in 32 buckets, 1.90 GB CPU)
  ⚡ Timing: matmul=0.21s, sampling=6.07s, total=9.07s
============================================================
Level 91 - SAMPLING
============================================================
  Starting braids: 980476
  Candidates to generate: 5195978
  Processing in 52 chunks...
  Projlen distribution:
    projlen=54: 1 braids
    projlen=55: 18 braids
    projlen=56: 19 braids
    projlen=57: 160 braids
    projlen=58: 152 braids
    projlen=59: 1010 braids
    projlen=60: 947 braids
    projlen=61: 10977 braids
    projlen=62: 8565 braids
    projlen=63: 78453 braids
    projlen=64: 53082 braids
    projlen=65: 277127 braids
    projlen=66: 180059 braids
    projlen=67: 362907 braids
    projlen=68: 174306 braids
    projlen=69: 353626 braids
    projlen=70: 164782 braids
    projlen=71: 348683 braids
    projlen=72: 165721 braids
    projlen=73: 342440 braids
    projlen=74: 176026 braids
    projlen=75: 336181 braids
    projlen=76: 185137 braids
    projlen=77: 327354 braids
    projlen=78: 204992 braids
    projlen=79: 315679 braids
    projlen=80: 220899 braids
    projlen=81: 304451 braids
    projlen=82: 236080 braids
    projlen=83: 273364 braids
    projlen=84: 92780 braids
  Braids kept: 1121849 (in 31 buckets, 1.89 GB CPU)
  ⚡ Timing: matmul=0.16s, sampling=5.98s, total=8.88s
============================================================
Level 92 - SAMPLING
============================================================
  Starting braids: 971849
  Candidates to generate: 5142247
  Processing in 52 chunks...
  Projlen distribution:
    projlen=55: 3 braids
    projlen=56: 10 braids
    projlen=57: 102 braids
    projlen=58: 112 braids
    projlen=59: 996 braids
    projlen=60: 880 braids
    projlen=61: 6463 braids
    projlen=62: 5225 braids
    projlen=63: 57461 braids
    projlen=64: 39761 braids
    projlen=65: 269170 braids
    projlen=66: 178724 braids
    projlen=67: 364887 braids
    projlen=68: 175081 braids
    projlen=69: 357304 braids
    projlen=70: 165932 braids
    projlen=71: 349396 braids
    projlen=72: 165465 braids
    projlen=73: 344565 braids
    projlen=74: 169566 braids
    projlen=75: 338938 braids
    projlen=76: 182373 braids
    projlen=77: 331642 braids
    projlen=78: 193903 braids
    projlen=79: 323353 braids
    projlen=80: 213695 braids
    projlen=81: 309732 braids
    projlen=82: 227336 braids
    projlen=83: 279703 braids
    projlen=84: 90469 braids
  Braids kept: 1103552 (in 30 buckets, 1.87 GB CPU)
  ⚡ Timing: matmul=0.15s, sampling=5.92s, total=8.81s
============================================================
Level 93 - SAMPLING
============================================================
  Starting braids: 953552
  Candidates to generate: 5036228
  Processing in 51 chunks...
  Projlen distribution:
    projlen=56: 1 braids
    projlen=57: 46 braids
    projlen=58: 65 braids
    projlen=59: 661 braids
    projlen=60: 625 braids
    projlen=61: 6034 braids
    projlen=62: 4712 braids
    projlen=63: 36043 braids
    projlen=64: 25775 braids
    projlen=65: 249780 braids
    projlen=66: 161154 braids
    projlen=67: 339219 braids
    projlen=68: 174829 braids
    projlen=69: 359459 braids
    projlen=70: 164834 braids
    projlen=71: 352557 braids
    projlen=72: 164328 braids
    projlen=73: 345809 braids
    projlen=74: 168974 braids
    projlen=75: 340630 braids
    projlen=76: 174763 braids
    projlen=77: 334738 braids
    projlen=78: 190171 braids
    projlen=79: 327094 braids
    projlen=80: 203727 braids
    projlen=81: 317640 braids
    projlen=82: 219396 braids
    projlen=83: 283552 braids
    projlen=84: 89612 braids
  Braids kept: 1073962 (in 29 buckets, 1.83 GB CPU)
  ⚡ Timing: matmul=0.14s, sampling=5.76s, total=8.58s
============================================================
Level 94 - SAMPLING
============================================================
  Starting braids: 973962
  Candidates to generate: 5123614
  Processing in 52 chunks...
  Projlen distribution:
    projlen=57: 6 braids
    projlen=58: 16 braids
    projlen=59: 392 braids
    projlen=60: 385 braids
    projlen=61: 4132 braids
    projlen=62: 3317 braids
    projlen=63: 33355 braids
    projlen=64: 23416 braids
    projlen=65: 179635 braids
    projlen=66: 111674 braids
    projlen=67: 305620 braids
    projlen=68: 175529 braids
    projlen=69: 360183 braids
    projlen=70: 164366 braids
    projlen=71: 354574 braids
    projlen=72: 162114 braids
    projlen=73: 347845 braids
    projlen=74: 166244 braids
    projlen=75: 341518 braids
    projlen=76: 173642 braids
    projlen=77: 337089 braids
    projlen=78: 182229 braids
    projlen=79: 330670 braids
    projlen=80: 198825 braids
    projlen=81: 321924 braids
    projlen=82: 212506 braids
    projlen=83: 308331 braids
    projlen=84: 216184 braids
    projlen=85: 107893 braids
  Braids kept: 1115019 (in 29 buckets, 1.92 GB CPU)
  ⚡ Timing: matmul=0.14s, sampling=5.98s, total=8.87s
============================================================
Level 95 - SAMPLING
============================================================
  Starting braids: 965019
  Candidates to generate: 5063639
  Processing in 51 chunks...
  Projlen distribution:
    projlen=58: 3 braids
    projlen=59: 97 braids
    projlen=60: 154 braids
    projlen=61: 2570 braids
    projlen=62: 2259 braids
    projlen=63: 23359 braids
    projlen=64: 16777 braids
    projlen=65: 163912 braids
    projlen=66: 103275 braids
    projlen=67: 298970 braids
    projlen=68: 174024 braids
    projlen=69: 361732 braids
    projlen=70: 167222 braids
    projlen=71: 356333 braids
    projlen=72: 159990 braids
    projlen=73: 350668 braids
    projlen=74: 162637 braids
    projlen=75: 344695 braids
    projlen=76: 170274 braids
    projlen=77: 338052 braids
    projlen=78: 180543 braids
    projlen=79: 332557 braids
    projlen=80: 190535 braids
    projlen=81: 325139 braids
    projlen=82: 206538 braids
    projlen=83: 312223 braids
    projlen=84: 211026 braids
    projlen=85: 108075 braids
  Braids kept: 1095219 (in 28 buckets, 1.89 GB CPU)
  ⚡ Timing: matmul=0.15s, sampling=5.79s, total=8.64s
============================================================
Level 96 - SAMPLING
============================================================
  Starting braids: 995219
  Candidates to generate: 5218351
  Processing in 53 chunks...
  Projlen distribution:
    projlen=58: 1 braids
    projlen=59: 15 braids
    projlen=60: 49 braids
    projlen=61: 894 braids
    projlen=62: 1029 braids
    projlen=63: 15029 braids
    projlen=64: 11399 braids
    projlen=65: 115337 braids
    projlen=66: 73636 braids
    projlen=67: 283713 braids
    projlen=68: 174162 braids
    projlen=69: 361853 braids
    projlen=70: 168044 braids
    projlen=71: 357680 braids
    projlen=72: 159560 braids
    projlen=73: 352555 braids
    projlen=74: 158520 braids
    projlen=75: 347582 braids
    projlen=76: 164771 braids
    projlen=77: 341824 braids
    projlen=78: 175208 braids
    projlen=79: 334324 braids
    projlen=80: 188686 braids
    projlen=81: 326576 braids
    projlen=82: 199508 braids
    projlen=83: 318230 braids
    projlen=84: 212856 braids
    projlen=85: 286652 braids
    projlen=86: 88658 braids
  Braids kept: 1128416 (in 29 buckets, 1.97 GB CPU)
  ⚡ Timing: matmul=0.17s, sampling=6.20s, total=9.19s
============================================================
Level 97 - SAMPLING
============================================================
  Starting braids: 978416
  Candidates to generate: 5123336
  Processing in 52 chunks...
  Projlen distribution:
    projlen=58: 2 braids
    projlen=59: 3 braids
    projlen=60: 27 braids
    projlen=61: 279 braids
    projlen=62: 462 braids
    projlen=63: 6386 braids
    projlen=64: 5693 braids
    projlen=65: 75200 braids
    projlen=66: 50476 braids
    projlen=67: 272241 braids
    projlen=68: 174028 braids
    projlen=69: 362670 braids
    projlen=70: 169484 braids
    projlen=71: 357901 braids
    projlen=72: 159753 braids
    projlen=73: 353460 braids
    projlen=74: 156710 braids
    projlen=75: 349921 braids
    projlen=76: 158994 braids
    projlen=77: 346292 braids
    projlen=78: 167833 braids
    projlen=79: 339039 braids
    projlen=80: 181796 braids
    projlen=81: 330589 braids
    projlen=82: 198306 braids
    projlen=83: 321437 braids
    projlen=84: 207596 braids
    projlen=85: 289871 braids
    projlen=86: 86887 braids
  Braids kept: 1112852 (in 29 buckets, 1.95 GB CPU)
  ⚡ Timing: matmul=0.14s, sampling=6.19s, total=9.14s
============================================================
Level 98 - SAMPLING
============================================================
  Starting braids: 962852
  Candidates to generate: 5024060
  Processing in 51 chunks...
  Projlen distribution:
    projlen=58: 1 braids
    projlen=59: 6 braids
    projlen=60: 16 braids
    projlen=61: 103 braids
    projlen=62: 242 braids
    projlen=63: 2744 braids
    projlen=64: 2851 braids
    projlen=65: 35955 braids
    projlen=66: 26726 braids
    projlen=67: 259386 braids
    projlen=68: 174630 braids
    projlen=69: 362230 braids
    projlen=70: 170643 braids
    projlen=71: 358065 braids
    projlen=72: 159663 braids
    projlen=73: 353942 braids
    projlen=74: 156478 braids
    projlen=75: 350210 braids
    projlen=76: 156619 braids
    projlen=77: 346975 braids
    projlen=78: 160353 braids
    projlen=79: 343119 braids
    projlen=80: 172036 braids
    projlen=81: 335169 braids
    projlen=82: 189334 braids
    projlen=83: 325842 braids
    projlen=84: 203964 braids
    projlen=85: 290074 braids
    projlen=86: 86684 braids
  Braids kept: 1068644 (in 29 buckets, 1.88 GB CPU)
  ⚡ Timing: matmul=0.17s, sampling=5.92s, total=8.84s
============================================================
Level 99 - SAMPLING
============================================================
  Starting braids: 968644
  Candidates to generate: 5045954
  Processing in 51 chunks...
  Projlen distribution:
    projlen=59: 7 braids
    projlen=60: 15 braids
    projlen=61: 70 braids
    projlen=62: 120 braids
    projlen=63: 1379 braids
    projlen=64: 1652 braids
    projlen=65: 18209 braids
    projlen=66: 15008 braids
    projlen=67: 179416 braids
    projlen=68: 115663 braids
    projlen=69: 308300 braids
    projlen=70: 173439 braids
    projlen=71: 359805 braids
    projlen=72: 160474 braids
    projlen=73: 355949 braids
    projlen=74: 156438 braids
    projlen=75: 352528 braids
    projlen=76: 156070 braids
    projlen=77: 348964 braids
    projlen=78: 157327 braids
    projlen=79: 344681 braids
    projlen=80: 162078 braids
    projlen=81: 340337 braids
    projlen=82: 178252 braids
    projlen=83: 331372 braids
    projlen=84: 197437 braids
    projlen=85: 317545 braids
    projlen=86: 204164 braids
    projlen=87: 109255 braids
  Braids kept: 1086460 (in 29 buckets, 1.93 GB CPU)
  ⚡ Timing: matmul=0.17s, sampling=6.01s, total=8.96s
============================================================
Level 100 - SAMPLING
============================================================
  Starting braids: 986460
  Candidates to generate: 5136746
  Processing in 52 chunks...
  Projlen distribution:
    projlen=59: 3 braids
    projlen=60: 4 braids
    projlen=61: 79 braids
    projlen=62: 108 braids
    projlen=63: 780 braids
    projlen=64: 950 braids
    projlen=65: 10353 braids
    projlen=66: 9050 braids
    projlen=67: 95266 braids
    projlen=68: 63935 braids
    projlen=69: 281963 braids
    projlen=70: 176134 braids
    projlen=71: 362350 braids
    projlen=72: 165418 braids
    projlen=73: 355472 braids
    projlen=74: 156158 braids
    projlen=75: 351872 braids
    projlen=76: 155081 braids
    projlen=77: 349834 braids
    projlen=78: 155920 braids
    projlen=79: 347767 braids
    projlen=80: 158754 braids
    projlen=81: 343275 braids
    projlen=82: 165545 braids
    projlen=83: 336865 braids
    projlen=84: 185015 braids
    projlen=85: 325535 braids
    projlen=86: 204339 braids
    projlen=87: 291403 braids
    projlen=88: 87518 braids
  Braids kept: 1121327 (in 30 buckets, 2.01 GB CPU)
  ⚡ Timing: matmul=0.15s, sampling=6.24s, total=9.21s
============================================================
Level 101 - SAMPLING
============================================================
  Starting braids: 971327
  Candidates to generate: 5050895
  Processing in 51 chunks...
  Projlen distribution:
    projlen=59: 1 braids
    projlen=60: 2 braids
    projlen=61: 35 braids
    projlen=62: 38 braids
    projlen=63: 674 braids
    projlen=64: 769 braids
    projlen=65: 5999 braids
    projlen=66: 5444 braids
    projlen=67: 57297 braids
    projlen=68: 40784 braids
    projlen=69: 270354 braids
    projlen=70: 177218 braids
    projlen=71: 364224 braids
    projlen=72: 170560 braids
    projlen=73: 358416 braids
    projlen=74: 158213 braids
    projlen=75: 353487 braids
    projlen=76: 154945 braids
    projlen=77: 349972 braids
    projlen=78: 154607 braids
    projlen=79: 348409 braids
    projlen=80: 155895 braids
    projlen=81: 346197 braids
    projlen=82: 160643 braids
    projlen=83: 341941 braids
    projlen=84: 170886 braids
    projlen=85: 331847 braids
    projlen=86: 190656 braids
    projlen=87: 295856 braids
    projlen=88: 85526 braids
  Braids kept: 1103746 (in 30 buckets, 1.99 GB CPU)
  ⚡ Timing: matmul=0.15s, sampling=6.16s, total=9.11s
============================================================
Level 102 - SAMPLING
============================================================
  Starting braids: 953746
  Candidates to generate: 4963320
  Processing in 50 chunks...
  Projlen distribution:
    projlen=58: 1 braids
    projlen=59: 2 braids
    projlen=60: 4 braids
    projlen=61: 20 braids
    projlen=62: 14 braids
    projlen=63: 244 braids
    projlen=64: 321 braids
    projlen=65: 4753 braids
    projlen=66: 4405 braids
    projlen=67: 35689 braids
    projlen=68: 26935 braids
    projlen=69: 253987 braids
    projlen=70: 165145 braids
    projlen=71: 343034 braids
    projlen=72: 173334 braids
    projlen=73: 360438 braids
    projlen=74: 160355 braids
    projlen=75: 355186 braids
    projlen=76: 155267 braids
    projlen=77: 351031 braids
    projlen=78: 154467 braids
    projlen=79: 350501 braids
    projlen=80: 154938 braids
    projlen=81: 346987 braids
    projlen=82: 156287 braids
    projlen=83: 345049 braids
    projlen=84: 163591 braids
    projlen=85: 340060 braids
    projlen=86: 176246 braids
    projlen=87: 301821 braids
    projlen=88: 83208 braids
  Braids kept: 1072388 (in 31 buckets, 1.94 GB CPU)
  ⚡ Timing: matmul=0.15s, sampling=6.09s, total=9.06s
============================================================
Level 103 - SAMPLING
============================================================
  Starting braids: 972388
  Candidates to generate: 5022926
  Processing in 51 chunks...
  Projlen distribution:
    projlen=59: 4 braids
    projlen=60: 3 braids
    projlen=61: 29 braids
    projlen=62: 26 braids
    projlen=63: 135 braids
    projlen=64: 136 braids
    projlen=65: 1891 braids
    projlen=66: 2059 braids
    projlen=67: 28226 braids
    projlen=68: 22369 braids
    projlen=69: 180963 braids
    projlen=70: 116356 braids
    projlen=71: 308844 braids
    projlen=72: 176002 braids
    projlen=73: 360107 braids
    projlen=74: 162045 braids
    projlen=75: 356177 braids
    projlen=76: 156304 braids
    projlen=77: 352099 braids
    projlen=78: 154240 braids
    projlen=79: 349553 braids
    projlen=80: 154120 braids
    projlen=81: 348629 braids
    projlen=82: 155006 braids
    projlen=83: 347185 braids
    projlen=84: 158447 braids
    projlen=85: 342816 braids
    projlen=86: 166655 braids
    projlen=87: 332123 braids
    projlen=88: 176767 braids
    projlen=89: 113610 braids
  Braids kept: 1104878 (in 31 buckets, 2.02 GB CPU)
  ⚡ Timing: matmul=0.17s, sampling=6.12s, total=9.09s
============================================================
Level 104 - SAMPLING
============================================================
  Starting braids: 954878
  Candidates to generate: 4925896
  Processing in 50 chunks...
  Projlen distribution:
    projlen=59: 3 braids
    projlen=60: 3 braids
    projlen=61: 21 braids
    projlen=62: 20 braids
    projlen=63: 181 braids
    projlen=64: 157 braids
    projlen=65: 1038 braids
    projlen=66: 1027 braids
    projlen=67: 12601 braids
    projlen=68: 11084 braids
    projlen=69: 141756 braids
    projlen=70: 96816 braids
    projlen=71: 298556 braids
    projlen=72: 178248 braids
    projlen=73: 361752 braids
    projlen=74: 167970 braids
    projlen=75: 357307 braids
    projlen=76: 157333 braids
    projlen=77: 352457 braids
    projlen=78: 154627 braids
    projlen=79: 350150 braids
    projlen=80: 153674 braids
    projlen=81: 349535 braids
    projlen=82: 154598 braids
    projlen=83: 347582 braids
    projlen=84: 155576 braids
    projlen=85: 346374 braids
    projlen=86: 160195 braids
    projlen=87: 335320 braids
    projlen=88: 165414 braids
    projlen=89: 114521 braids
  Braids kept: 1076135 (in 31 buckets, 1.98 GB CPU)
  ⚡ Timing: matmul=0.21s, sampling=6.02s, total=9.01s
============================================================
Level 105 - SAMPLING
============================================================
  Starting braids: 976135
  Candidates to generate: 5051037
  Processing in 51 chunks...
  Projlen distribution:
    projlen=61: 19 braids
    projlen=62: 18 braids
    projlen=63: 134 braids
    projlen=64: 112 braids
    projlen=65: 1082 braids
    projlen=66: 937 braids
    projlen=67: 7136 braids
    projlen=68: 5933 braids
    projlen=69: 67708 braids
    projlen=70: 48768 braids
    projlen=71: 272775 braids
    projlen=72: 181013 braids
    projlen=73: 360633 braids
    projlen=74: 171652 braids
    projlen=75: 357226 braids
    projlen=76: 160708 braids
    projlen=77: 353356 braids
    projlen=78: 156044 braids
    projlen=79: 350511 braids
    projlen=80: 153457 braids
    projlen=81: 348818 braids
    projlen=82: 153384 braids
    projlen=83: 348402 braids
    projlen=84: 154439 braids
    projlen=85: 347335 braids
    projlen=86: 156376 braids
    projlen=87: 343164 braids
    projlen=88: 161733 braids
    projlen=89: 306580 braids
    projlen=90: 81584 braids
  Braids kept: 1114139 (in 30 buckets, 2.06 GB CPU)
  ⚡ Timing: matmul=0.15s, sampling=6.23s, total=9.23s
============================================================
Level 106 - SAMPLING
============================================================
  Starting braids: 964139
  Candidates to generate: 5000145
  Processing in 51 chunks...
  Projlen distribution:
    projlen=62: 1 braids
    projlen=63: 119 braids
    projlen=64: 99 braids
    projlen=65: 804 braids
    projlen=66: 633 braids
    projlen=67: 6420 braids
    projlen=68: 5065 braids
    projlen=69: 40081 braids
    projlen=70: 29148 braids
    projlen=71: 262645 braids
    projlen=72: 183502 braids
    projlen=73: 361070 braids
    projlen=74: 177758 braids
    projlen=75: 355124 braids
    projlen=76: 163891 braids
    projlen=77: 352626 braids
    projlen=78: 158786 braids
    projlen=79: 350374 braids
    projlen=80: 155499 braids
    projlen=81: 349384 braids
    projlen=82: 153465 braids
    projlen=83: 348646 braids
    projlen=84: 153604 braids
    projlen=85: 347694 braids
    projlen=86: 154629 braids
    projlen=87: 345180 braids
    projlen=88: 155518 braids
    projlen=89: 307619 braids
    projlen=90: 80761 braids
  Braids kept: 1082370 (in 29 buckets, 2.01 GB CPU)
  ⚡ Timing: matmul=0.16s, sampling=6.18s, total=9.16s
============================================================
Level 107 - SAMPLING
============================================================
  Starting braids: 982370
  Candidates to generate: 5064812
  Processing in 51 chunks...
  Projlen distribution:
    projlen=63: 7 braids
    projlen=64: 18 braids
    projlen=65: 685 braids
    projlen=66: 581 braids
    projlen=67: 4602 braids
    projlen=68: 3507 braids
    projlen=69: 35228 braids
    projlen=70: 25373 braids
    projlen=71: 201092 braids
    projlen=72: 129115 braids
    projlen=73: 313904 braids
    projlen=74: 182580 braids
    projlen=75: 356432 braids
    projlen=76: 168404 braids
    projlen=77: 350429 braids
    projlen=78: 162970 braids
    projlen=79: 348965 braids
    projlen=80: 159488 braids
    projlen=81: 347773 braids
    projlen=82: 155536 braids
    projlen=83: 348175 braids
    projlen=84: 153721 braids
    projlen=85: 347775 braids
    projlen=86: 153926 braids
    projlen=87: 347994 braids
    projlen=88: 155152 braids
    projlen=89: 340316 braids
    projlen=90: 154061 braids
    projlen=91: 117003 braids
  Braids kept: 1120001 (in 29 buckets, 2.10 GB CPU)
  ⚡ Timing: matmul=0.16s, sampling=6.33s, total=9.42s
============================================================
Level 108 - SAMPLING
============================================================
  Starting braids: 970001
  Candidates to generate: 5005815
  Processing in 51 chunks...
  Projlen distribution:
    projlen=61: 2 braids
    projlen=62: 1 braids
    projlen=63: 6 braids
    projlen=64: 7 braids
    projlen=65: 105 braids
    projlen=66: 172 braids
    projlen=67: 3786 braids
    projlen=68: 3136 braids
    projlen=69: 25588 braids
    projlen=70: 17906 braids
    projlen=71: 173967 braids
    projlen=72: 112188 braids
    projlen=73: 304680 braids
    projlen=74: 179277 braids
    projlen=75: 359420 braids
    projlen=76: 175511 braids
    projlen=77: 351452 braids
    projlen=78: 167453 braids
    projlen=79: 346096 braids
    projlen=80: 165190 braids
    projlen=81: 344482 braids
    projlen=82: 161765 braids
    projlen=83: 345962 braids
    projlen=84: 156356 braids
    projlen=85: 347458 braids
    projlen=86: 154469 braids
    projlen=87: 347321 braids
    projlen=88: 153637 braids
    projlen=89: 341185 braids
    projlen=90: 151169 braids
    projlen=91: 116068 braids
  Braids kept: 1100709 (in 31 buckets, 2.07 GB CPU)
  ⚡ Timing: matmul=0.14s, sampling=6.21s, total=9.19s
============================================================
Level 109 - SAMPLING
============================================================
  Starting braids: 950709
  Candidates to generate: 4915003
  Processing in 50 chunks...
  Projlen distribution:
    projlen=61: 4 braids
    projlen=62: 2 braids
    projlen=63: 15 braids
    projlen=64: 11 braids
    projlen=65: 58 braids
    projlen=66: 77 braids
    projlen=67: 979 braids
    projlen=68: 1139 braids
    projlen=69: 20645 braids
    projlen=70: 15434 braids
    projlen=71: 127338 braids
    projlen=72: 79509 braids
    projlen=73: 287526 braids
    projlen=74: 177437 braids
    projlen=75: 360893 braids
    projlen=76: 173133 braids
    projlen=77: 353692 braids
    projlen=78: 170759 braids
    projlen=79: 347029 braids
    projlen=80: 170379 braids
    projlen=81: 342410 braids
    projlen=82: 169683 braids
    projlen=83: 341989 braids
    projlen=84: 165250 braids
    projlen=85: 343900 braids
    projlen=86: 158530 braids
    projlen=87: 346588 braids
    projlen=88: 155048 braids
    projlen=89: 340812 braids
    projlen=90: 148983 braids
    projlen=91: 115751 braids
  Braids kept: 1088364 (in 31 buckets, 2.06 GB CPU)
  ⚡ Timing: matmul=0.14s, sampling=6.05s, total=8.94s
============================================================
Level 110 - SAMPLING
============================================================
  Starting braids: 988364
  Candidates to generate: 5150804
  Processing in 52 chunks...
  Projlen distribution:
    projlen=61: 4 braids
    projlen=62: 3 braids
    projlen=63: 19 braids
    projlen=64: 18 braids
    projlen=65: 99 braids
    projlen=66: 83 braids
    projlen=67: 584 braids
    projlen=68: 583 braids
    projlen=69: 7148 braids
    projlen=70: 6264 braids
    projlen=71: 101985 braids
    projlen=72: 68253 braids
    projlen=73: 281215 braids
    projlen=74: 173429 braids
    projlen=75: 362002 braids
    projlen=76: 172349 braids
    projlen=77: 355359 braids
    projlen=78: 167041 braids
    projlen=79: 348083 braids
    projlen=80: 172213 braids
    projlen=81: 341356 braids
    projlen=82: 175556 braids
    projlen=83: 338234 braids
    projlen=84: 176118 braids
    projlen=85: 339076 braids
    projlen=86: 170799 braids
    projlen=87: 341553 braids
    projlen=88: 162411 braids
    projlen=89: 344050 braids
    projlen=90: 155324 braids
    projlen=91: 308869 braids
    projlen=92: 80724 braids
  Braids kept: 1114805 (in 32 buckets, 2.13 GB CPU)
  ⚡ Timing: matmul=0.19s, sampling=6.48s, total=9.61s
============================================================
Level 111 - SAMPLING
============================================================
  Starting braids: 964805
  Candidates to generate: 5044239
  Processing in 51 chunks...
  Projlen distribution:
    projlen=62: 3 braids
    projlen=63: 21 braids
    projlen=64: 19 braids
    projlen=65: 128 braids
    projlen=66: 110 braids
    projlen=67: 661 braids
    projlen=68: 545 braids
    projlen=69: 4254 braids
    projlen=70: 3627 braids
    projlen=71: 39816 braids
    projlen=72: 28356 braids
    projlen=73: 260825 braids
    projlen=74: 175568 braids
    projlen=75: 362183 braids
    projlen=76: 169440 braids
    projlen=77: 356574 braids
    projlen=78: 163521 braids
    projlen=79: 350325 braids
    projlen=80: 166563 braids
    projlen=81: 344284 braids
    projlen=82: 176576 braids
    projlen=83: 335906 braids
    projlen=84: 182183 braids
    projlen=85: 333865 braids
    projlen=86: 184245 braids
    projlen=87: 335477 braids
    projlen=88: 179020 braids
    projlen=89: 337712 braids
    projlen=90: 165676 braids
    projlen=91: 305245 braids
    projlen=92: 81511 braids
  Braids kept: 1077540 (in 31 buckets, 2.07 GB CPU)
  ⚡ Timing: matmul=0.16s, sampling=6.32s, total=9.38s
============================================================
Level 112 - SAMPLING
============================================================
  Starting braids: 977540
  Candidates to generate: 5103682
  Processing in 52 chunks...
  Projlen distribution:
    projlen=63: 6 braids
    projlen=64: 16 braids
    projlen=65: 127 braids
    projlen=66: 108 braids
    projlen=67: 781 braids
    projlen=68: 614 braids
    projlen=69: 4051 braids
    projlen=70: 3031 braids
    projlen=71: 25447 braids
    projlen=72: 18709 braids
    projlen=73: 198630 braids
    projlen=74: 125654 braids
    projlen=75: 312406 braids
    projlen=76: 173463 braids
    projlen=77: 358303 braids
    projlen=78: 159856 braids
    projlen=79: 352315 braids
    projlen=80: 161135 braids
    projlen=81: 344886 braids
    projlen=82: 169057 braids
    projlen=83: 339401 braids
    projlen=84: 182195 braids
    projlen=85: 332283 braids
    projlen=86: 191353 braids
    projlen=87: 329089 braids
    projlen=88: 193729 braids
    projlen=89: 329585 braids
    projlen=90: 187088 braids
    projlen=91: 327592 braids
    projlen=92: 168782 braids
    projlen=93: 113990 braids
  Braids kept: 1102890 (in 31 buckets, 2.13 GB CPU)
  ⚡ Timing: matmul=0.14s, sampling=6.55s, total=9.63s
============================================================
Level 113 - SAMPLING
============================================================
  Starting braids: 952890
  Candidates to generate: 4992204
  Processing in 50 chunks...
  Projlen distribution:
    projlen=64: 2 braids
    projlen=65: 72 braids
    projlen=66: 86 braids
    projlen=67: 731 braids
    projlen=68: 548 braids
    projlen=69: 4457 braids
    projlen=70: 3279 braids
    projlen=71: 22953 braids
    projlen=72: 15774 braids
    projlen=73: 129048 braids
    projlen=74: 81991 braids
    projlen=75: 290265 braids
    projlen=76: 175447 braids
    projlen=77: 363081 braids
    projlen=78: 165674 braids
    projlen=79: 354964 braids
    projlen=80: 156955 braids
    projlen=81: 349661 braids
    projlen=82: 162374 braids
    projlen=83: 342697 braids
    projlen=84: 174138 braids
    projlen=85: 334861 braids
    projlen=86: 189321 braids
    projlen=87: 327652 braids
    projlen=88: 200896 braids
    projlen=89: 323258 braids
    projlen=90: 204067 braids
    projlen=91: 317921 braids
    projlen=92: 190219 braids
    projlen=93: 109812 braids
  Braids kept: 1097902 (in 30 buckets, 2.13 GB CPU)
  ⚡ Timing: matmul=0.15s, sampling=6.39s, total=9.45s
============================================================
Level 114 - SAMPLING
============================================================
  Starting braids: 997902
  Candidates to generate: 5251694
  Processing in 53 chunks...
  Projlen distribution:
    projlen=65: 9 braids
    projlen=66: 19 braids
    projlen=67: 532 braids
    projlen=68: 478 braids
    projlen=69: 4013 braids
    projlen=70: 2904 braids
    projlen=71: 24183 braids
    projlen=72: 16554 braids
    projlen=73: 115342 braids
    projlen=74: 71582 braids
    projlen=75: 282858 braids
    projlen=76: 174781 braids
    projlen=77: 362534 braids
    projlen=78: 168594 braids
    projlen=79: 358965 braids
    projlen=80: 158569 braids
    projlen=81: 353400 braids
    projlen=82: 156494 braids
    projlen=83: 346911 braids
    projlen=84: 164449 braids
    projlen=85: 340083 braids
    projlen=86: 180362 braids
    projlen=87: 331805 braids
    projlen=88: 198352 braids
    projlen=89: 323112 braids
    projlen=90: 211233 braids
    projlen=91: 315412 braids
    projlen=92: 212048 braids
    projlen=93: 288435 braids
    projlen=94: 87681 braids
  Braids kept: 1148692 (in 30 buckets, 2.24 GB CPU)
  ⚡ Timing: matmul=0.25s, sampling=6.83s, total=10.18s
============================================================
Level 115 - SAMPLING
============================================================
  Starting braids: 998692
  Candidates to generate: 5238804
  Processing in 53 chunks...
  Projlen distribution:
    projlen=66: 5 braids
    projlen=67: 133 braids
    projlen=68: 170 braids
    projlen=69: 3116 braids
    projlen=70: 2531 braids
    projlen=71: 21590 braids
    projlen=72: 14576 braids
    projlen=73: 119791 braids
    projlen=74: 75413 braids
    projlen=75: 283690 braids
    projlen=76: 173225 braids
    projlen=77: 362907 braids
    projlen=78: 170033 braids
    projlen=79: 357284 braids
    projlen=80: 158760 braids
    projlen=81: 354260 braids
    projlen=82: 156020 braids
    projlen=83: 350523 braids
    projlen=84: 156319 braids
    projlen=85: 345048 braids
    projlen=86: 167553 braids
    projlen=87: 336902 braids
    projlen=88: 187602 braids
    projlen=89: 326891 braids
    projlen=90: 206652 braids
    projlen=91: 316469 braids
    projlen=92: 216769 braids
    projlen=93: 285673 braids
    projlen=94: 88899 braids
  Braids kept: 1142121 (in 29 buckets, 2.24 GB CPU)
  ⚡ Timing: matmul=0.17s, sampling=6.79s, total=10.04s
============================================================
Level 116 - SAMPLING
============================================================
  Starting braids: 992121
  Candidates to generate: 5181557
  Processing in 52 chunks...
  Projlen distribution:
    projlen=66: 2 braids
    projlen=67: 29 braids
    projlen=68: 63 braids
    projlen=69: 1044 braids
    projlen=70: 1107 braids
    projlen=71: 17056 braids
    projlen=72: 12541 braids
    projlen=73: 106165 braids
    projlen=74: 66335 braids
    projlen=75: 277898 braids
    projlen=76: 173549 braids
    projlen=77: 362159 braids
    projlen=78: 169664 braids
    projlen=79: 359251 braids
    projlen=80: 160206 braids
    projlen=81: 355463 braids
    projlen=82: 155951 braids
    projlen=83: 351819 braids
    projlen=84: 154845 braids
    projlen=85: 348585 braids
    projlen=86: 156843 braids
    projlen=87: 343348 braids
    projlen=88: 171321 braids
    projlen=89: 333311 braids
    projlen=90: 194833 braids
    projlen=91: 320551 braids
    projlen=92: 211932 braids
    projlen=93: 287031 braids
    projlen=94: 88655 braids
  Braids kept: 1131842 (in 29 buckets, 2.22 GB CPU)
  ⚡ Timing: matmul=0.16s, sampling=6.76s, total=9.97s
============================================================
Level 117 - SAMPLING
============================================================
  Starting braids: 981842
  Candidates to generate: 5102228
  Processing in 52 chunks...
  Projlen distribution:
    projlen=66: 3 braids
    projlen=67: 20 braids
    projlen=68: 38 braids
    projlen=69: 369 braids
    projlen=70: 475 braids
    projlen=71: 6890 braids
    projlen=72: 5961 braids
    projlen=73: 84170 braids
    projlen=74: 56177 braids
    projlen=75: 272992 braids
    projlen=76: 171917 braids
    projlen=77: 361016 braids
    projlen=78: 170620 braids
    projlen=79: 358606 braids
    projlen=80: 161011 braids
    projlen=81: 354945 braids
    projlen=82: 156612 braids
    projlen=83: 351928 braids
    projlen=84: 155179 braids
    projlen=85: 350073 braids
    projlen=86: 154304 braids
    projlen=87: 346759 braids
    projlen=88: 158317 braids
    projlen=89: 341031 braids
    projlen=90: 176159 braids
    projlen=91: 328442 braids
    projlen=92: 200198 braids
    projlen=93: 291261 braids
    projlen=94: 86755 braids
  Braids kept: 1113756 (in 29 buckets, 2.20 GB CPU)
  ⚡ Timing: matmul=0.15s, sampling=6.74s, total=9.87s
============================================================
Level 118 - SAMPLING
============================================================
  Starting braids: 963756
  Candidates to generate: 4995018
  Processing in 50 chunks...
  Projlen distribution:
    projlen=67: 18 braids
    projlen=68: 27 braids
    projlen=69: 229 braids
    projlen=70: 306 braids
    projlen=71: 3058 braids
    projlen=72: 2854 braids
    projlen=73: 37555 braids
    projlen=74: 27372 braids
    projlen=75: 260759 braids
    projlen=76: 175205 braids
    projlen=77: 362850 braids
    projlen=78: 170386 braids
    projlen=79: 357178 braids
    projlen=80: 160934 braids
    projlen=81: 353851 braids
    projlen=82: 157445 braids
    projlen=83: 351390 braids
    projlen=84: 155347 braids
    projlen=85: 349974 braids
    projlen=86: 154792 braids
    projlen=87: 349600 braids
    projlen=88: 154716 braids
    projlen=89: 346572 braids
    projlen=90: 160475 braids
    projlen=91: 338202 braids
    projlen=92: 180590 braids
    projlen=93: 299364 braids
    projlen=94: 83969 braids
  Braids kept: 1071419 (in 28 buckets, 2.13 GB CPU)
  ⚡ Timing: matmul=0.16s, sampling=6.37s, total=9.46s
============================================================
Level 119 - SAMPLING
============================================================
  Starting braids: 971419
  Candidates to generate: 5013583
  Processing in 51 chunks...
  Projlen distribution:
    projlen=67: 9 braids
    projlen=68: 17 braids
    projlen=69: 180 braids
    projlen=70: 211 braids
    projlen=71: 1792 braids
    projlen=72: 1856 braids
    projlen=73: 19231 braids
    projlen=74: 15070 braids
    projlen=75: 186230 braids
    projlen=76: 119471 braids
    projlen=77: 310336 braids
    projlen=78: 173741 braids
    projlen=79: 358664 braids
    projlen=80: 160006 braids
    projlen=81: 354005 braids
    projlen=82: 158128 braids
    projlen=83: 350974 braids
    projlen=84: 157143 braids
    projlen=85: 350325 braids
    projlen=86: 155594 braids
    projlen=87: 349165 braids
    projlen=88: 154658 braids
    projlen=89: 347362 braids
    projlen=90: 155135 braids
    projlen=91: 345499 braids
    projlen=92: 162569 braids
    projlen=93: 331418 braids
    projlen=94: 181013 braids
    projlen=95: 113781 braids
  Braids kept: 1088366 (in 29 buckets, 2.18 GB CPU)
  ⚡ Timing: matmul=0.14s, sampling=6.49s, total=9.57s
============================================================
Level 120 - SAMPLING
============================================================
  Starting braids: 988366
  Candidates to generate: 5116482
  Processing in 52 chunks...
  Projlen distribution:
    projlen=68: 3 braids
    projlen=69: 106 braids
    projlen=70: 156 braids
    projlen=71: 1363 braids
    projlen=72: 1323 braids
    projlen=73: 11612 braids
    projlen=74: 9756 braids
    projlen=75: 100304 braids
    projlen=76: 66413 braids
    projlen=77: 283991 braids
    projlen=78: 176130 braids
    projlen=79: 363076 braids
    projlen=80: 165898 braids
    projlen=81: 355865 braids
    projlen=82: 156783 braids
    projlen=83: 351608 braids
    projlen=84: 158037 braids
    projlen=85: 348517 braids
    projlen=86: 157343 braids
    projlen=87: 347855 braids
    projlen=88: 155733 braids
    projlen=89: 348841 braids
    projlen=90: 155338 braids
    projlen=91: 347610 braids
    projlen=92: 155854 braids
    projlen=93: 342732 braids
    projlen=94: 165109 braids
    projlen=95: 306455 braids
    projlen=96: 82671 braids
  Braids kept: 1124319 (in 29 buckets, 2.27 GB CPU)
  ⚡ Timing: matmul=0.14s, sampling=6.72s, total=9.86s
============================================================
Level 121 - SAMPLING
============================================================
  Starting braids: 974319
  Candidates to generate: 5049021
  Processing in 51 chunks...
  Projlen distribution:
    projlen=68: 1 braids
    projlen=69: 27 braids
    projlen=70: 46 braids
    projlen=71: 885 braids
    projlen=72: 948 braids
    projlen=73: 8876 braids
    projlen=74: 7144 braids
    projlen=75: 62504 braids
    projlen=76: 44116 braids
    projlen=77: 272527 braids
    projlen=78: 178349 braids
    projlen=79: 365579 braids
    projlen=80: 170185 braids
    projlen=81: 358140 braids
    projlen=82: 158422 braids
    projlen=83: 353313 braids
    projlen=84: 156242 braids
    projlen=85: 350184 braids
    projlen=86: 159239 braids
    projlen=87: 347530 braids
    projlen=88: 159623 braids
    projlen=89: 346163 braids
    projlen=90: 156306 braids
    projlen=91: 346835 braids
    projlen=92: 156166 braids
    projlen=93: 346157 braids
    projlen=94: 155841 braids
    projlen=95: 307174 braids
    projlen=96: 80499 braids
  Braids kept: 1112043 (in 29 buckets, 2.25 GB CPU)
  ⚡ Timing: matmul=0.15s, sampling=6.71s, total=9.86s
============================================================
Level 122 - SAMPLING
============================================================
  Starting braids: 962043
  Candidates to generate: 5001109
  Processing in 51 chunks...
  Projlen distribution:
    projlen=68: 3 braids
    projlen=69: 18 braids
    projlen=70: 32 braids
    projlen=71: 338 braids
    projlen=72: 406 braids
    projlen=73: 5981 braids
    projlen=74: 5250 braids
    projlen=75: 48937 braids
    projlen=76: 34500 braids
    projlen=77: 259978 braids
    projlen=78: 172832 braids
    projlen=79: 350274 braids
    projlen=80: 173772 braids
    projlen=81: 359241 braids
    projlen=82: 159688 braids
    projlen=83: 354783 braids
    projlen=84: 156101 braids
    projlen=85: 350361 braids
    projlen=86: 155551 braids
    projlen=87: 347403 braids
    projlen=88: 160405 braids
    projlen=89: 346251 braids
    projlen=90: 162402 braids
    projlen=91: 345888 braids
    projlen=92: 159439 braids
    projlen=93: 345243 braids
    projlen=94: 156256 braids
    projlen=95: 308592 braids
    projlen=96: 81184 braids
  Braids kept: 1095465 (in 29 buckets, 2.23 GB CPU)
  ⚡ Timing: matmul=0.14s, sampling=6.62s, total=9.77s
============================================================
Level 123 - SAMPLING
============================================================
  Starting braids: 995465
  Candidates to generate: 5146347
  Processing in 52 chunks...
  Projlen distribution:
    projlen=69: 17 braids
    projlen=70: 26 braids
    projlen=71: 211 braids
    projlen=72: 236 braids
    projlen=73: 2694 braids
    projlen=74: 2617 braids
    projlen=75: 34813 braids
    projlen=76: 26336 braids
    projlen=77: 243392 braids
    projlen=78: 152086 braids
    projlen=79: 326830 braids
    projlen=80: 179670 braids
    projlen=81: 358624 braids
    projlen=82: 163769 braids
    projlen=83: 355951 braids
    projlen=84: 156748 braids
    projlen=85: 350242 braids
    projlen=86: 154498 braids
    projlen=87: 347791 braids
    projlen=88: 156195 braids
    projlen=89: 346308 braids
    projlen=90: 162655 braids
    projlen=91: 343587 braids
    projlen=92: 166053 braids
    projlen=93: 343293 braids
    projlen=94: 161948 braids
    projlen=95: 338333 braids
    projlen=96: 154793 braids
    projlen=97: 116631 braids
  Braids kept: 1116950 (in 29 buckets, 2.29 GB CPU)
  ⚡ Timing: matmul=0.15s, sampling=6.81s, total=10.04s
============================================================
Level 124 - SAMPLING
============================================================
  Starting braids: 966950
  Candidates to generate: 5001444
  Processing in 51 chunks...
  Projlen distribution:
    projlen=69: 7 braids
    projlen=70: 14 braids
    projlen=71: 165 braids
    projlen=72: 187 braids
    projlen=73: 1538 braids
    projlen=74: 1560 braids
    projlen=75: 17378 braids
    projlen=76: 13961 braids
    projlen=77: 174287 braids
    projlen=78: 113950 braids
    projlen=79: 309696 braids
    projlen=80: 175256 braids
    projlen=81: 359335 braids
    projlen=82: 170882 braids
    projlen=83: 353186 braids
    projlen=84: 159689 braids
    projlen=85: 350992 braids
    projlen=86: 155344 braids
    projlen=87: 350286 braids
    projlen=88: 155444 braids
    projlen=89: 347156 braids
    projlen=90: 157245 braids
    projlen=91: 344304 braids
    projlen=92: 165824 braids
    projlen=93: 341752 braids
    projlen=94: 170471 braids
    projlen=95: 335640 braids
    projlen=96: 161156 braids
    projlen=97: 114739 braids
  Braids kept: 1084810 (in 29 buckets, 2.23 GB CPU)
  ⚡ Timing: matmul=0.14s, sampling=6.54s, total=9.63s
============================================================
Level 125 - SAMPLING
============================================================
  Starting braids: 984810
  Candidates to generate: 5117342
  Processing in 52 chunks...
  Projlen distribution:
    projlen=70: 3 braids
    projlen=71: 58 braids
    projlen=72: 89 braids
    projlen=73: 1150 braids
    projlen=74: 1130 braids
    projlen=75: 10181 braids
    projlen=76: 8408 braids
    projlen=77: 90364 braids
    projlen=78: 61027 braids
    projlen=79: 281164 braids
    projlen=80: 176574 braids
    projlen=81: 363469 braids
    projlen=82: 166913 braids
    projlen=83: 355971 braids
    projlen=84: 166328 braids
    projlen=85: 348818 braids
    projlen=86: 160662 braids
    projlen=87: 348598 braids
    projlen=88: 155821 braids
    projlen=89: 349036 braids
    projlen=90: 155680 braids
    projlen=91: 346432 braids
    projlen=92: 158857 braids
    projlen=93: 342803 braids
    projlen=94: 169893 braids
    projlen=95: 336759 braids
    projlen=96: 174925 braids
    projlen=97: 303088 braids
    projlen=98: 83141 braids
  Braids kept: 1121019 (in 29 buckets, 2.33 GB CPU)
  ⚡ Timing: matmul=0.14s, sampling=6.97s, total=10.16s
============================================================
Level 126 - SAMPLING
============================================================
  Starting braids: 971019
  Candidates to generate: 5050875
  Processing in 51 chunks...
  Projlen distribution:
    projlen=70: 1 braids
    projlen=71: 14 braids
    projlen=72: 23 braids
    projlen=73: 443 braids
    projlen=74: 591 braids
    projlen=75: 7260 braids
    projlen=76: 6215 braids
    projlen=77: 54978 braids
    projlen=78: 38903 braids
    projlen=79: 269566 braids
    projlen=80: 178699 braids
    projlen=81: 364728 braids
    projlen=82: 170238 braids
    projlen=83: 358826 braids
    projlen=84: 159180 braids
    projlen=85: 352981 braids
    projlen=86: 166773 braids
    projlen=87: 345502 braids
    projlen=88: 163961 braids
    projlen=89: 346133 braids
    projlen=90: 157101 braids
    projlen=91: 347859 braids
    projlen=92: 156507 braids
    projlen=93: 345685 braids
    projlen=94: 161390 braids
    projlen=95: 340005 braids
    projlen=96: 173000 braids
    projlen=97: 302062 braids
    projlen=98: 82251 braids
  Braids kept: 1103450 (in 29 buckets, 2.30 GB CPU)
  ⚡ Timing: matmul=0.15s, sampling=6.77s, total=9.93s
============================================================
Level 127 - SAMPLING
============================================================
  Starting braids: 953450
  Candidates to generate: 4967558
  Processing in 50 chunks...
  Projlen distribution:
    projlen=70: 1 braids
    projlen=71: 6 braids
    projlen=72: 12 braids
    projlen=73: 138 braids
    projlen=74: 198 braids
    projlen=75: 3042 braids
    projlen=76: 3479 braids
    projlen=77: 39679 braids
    projlen=78: 30722 braids
    projlen=79: 253836 braids
    projlen=80: 163947 braids
    projlen=81: 338733 braids
    projlen=82: 174670 braids
    projlen=83: 360091 braids
    projlen=84: 159913 braids
    projlen=85: 354621 braids
    projlen=86: 155984 braids
    projlen=87: 348005 braids
    projlen=88: 168363 braids
    projlen=89: 342480 braids
    projlen=90: 168792 braids
    projlen=91: 343785 braids
    projlen=92: 159287 braids
    projlen=93: 346785 braids
    projlen=94: 158068 braids
    projlen=95: 343770 braids
    projlen=96: 163069 braids
    projlen=97: 304927 braids
    projlen=98: 81155 braids
  Braids kept: 1077277 (in 29 buckets, 2.25 GB CPU)
  ⚡ Timing: matmul=0.15s, sampling=6.61s, total=9.78s
============================================================
Level 128 - SAMPLING
============================================================
  Starting braids: 977277
  Candidates to generate: 5064489
  Processing in 51 chunks...
  Projlen distribution:
    projlen=70: 1 braids
    projlen=71: 6 braids
    projlen=72: 8 braids
    projlen=73: 85 braids
    projlen=74: 108 braids
    projlen=75: 1125 braids
    projlen=76: 1340 braids
    projlen=77: 18214 braids
    projlen=78: 17988 braids
    projlen=79: 195124 braids
    projlen=80: 134113 braids
    projlen=81: 317924 braids
    projlen=82: 178627 braids
    projlen=83: 360292 braids
    projlen=84: 164954 braids
    projlen=85: 356299 braids
    projlen=86: 156610 braids
    projlen=87: 351680 braids
    projlen=88: 154807 braids
    projlen=89: 345138 braids
    projlen=90: 171963 braids
    projlen=91: 339560 braids
    projlen=92: 175237 braids
    projlen=93: 341122 braids
    projlen=94: 163692 braids
    projlen=95: 343901 braids
    projlen=96: 159155 braids
    projlen=97: 336850 braids
    projlen=98: 163148 braids
    projlen=99: 115418 braids
  Braids kept: 1088875 (in 30 buckets, 2.30 GB CPU)
  ⚡ Timing: matmul=0.15s, sampling=6.80s, total=10.02s
============================================================
Level 129 - SAMPLING
============================================================
  Starting braids: 988875
  Candidates to generate: 5145137
  Processing in 52 chunks...
  Projlen distribution:
    projlen=71: 3 braids
    projlen=72: 7 braids
    projlen=73: 64 braids
    projlen=74: 83 braids
    projlen=75: 698 braids
    projlen=76: 763 braids
    projlen=77: 7719 braids
    projlen=78: 7215 braids
    projlen=79: 92111 braids
    projlen=80: 76947 braids
    projlen=81: 283387 braids
    projlen=82: 185358 braids
    projlen=83: 358145 braids
    projlen=84: 171212 braids
    projlen=85: 355099 braids
    projlen=86: 160487 braids
    projlen=87: 352032 braids
    projlen=88: 155204 braids
    projlen=89: 349479 braids
    projlen=90: 154540 braids
    projlen=91: 343715 braids
    projlen=92: 176303 braids
    projlen=93: 336211 braids
    projlen=94: 182525 braids
    projlen=95: 335919 braids
    projlen=96: 169544 braids
    projlen=97: 339269 braids
    projlen=98: 161615 braids
    projlen=99: 307652 braids
    projlen=100: 81831 braids
  Braids kept: 1116552 (in 30 buckets, 2.38 GB CPU)
  ⚡ Timing: matmul=0.15s, sampling=7.02s, total=10.32s
============================================================
Level 130 - SAMPLING
============================================================
  Starting braids: 966552
  Candidates to generate: 5053780
  Processing in 51 chunks...
  Projlen distribution:
    projlen=73: 35 braids
    projlen=74: 54 braids
    projlen=75: 449 braids
    projlen=76: 568 braids
    projlen=77: 4914 braids
    projlen=78: 4346 braids
    projlen=79: 42149 braids
    projlen=80: 32689 braids
    projlen=81: 254048 braids
    projlen=82: 203100 braids
    projlen=83: 353926 braids
    projlen=84: 183372 braids
    projlen=85: 352479 braids
    projlen=86: 166447 braids
    projlen=87: 351122 braids
    projlen=88: 160662 braids
    projlen=89: 349530 braids
    projlen=90: 155216 braids
    projlen=91: 348592 braids
    projlen=92: 154922 braids
    projlen=93: 341346 braids
    projlen=94: 180812 braids
    projlen=95: 331220 braids
    projlen=96: 191784 braids
    projlen=97: 330427 braids
    projlen=98: 176104 braids
    projlen=99: 301565 braids
    projlen=100: 81902 braids
  Braids kept: 1085204 (in 28 buckets, 2.32 GB CPU)
  ⚡ Timing: matmul=0.15s, sampling=6.93s, total=10.22s
============================================================
Level 131 - SAMPLING
============================================================
  Starting braids: 985204
  Candidates to generate: 5148150
  Processing in 52 chunks...
  Projlen distribution:
    projlen=73: 2 braids
    projlen=74: 10 braids
    projlen=75: 252 braids
    projlen=76: 349 braids
    projlen=77: 3074 braids
    projlen=78: 3196 braids
    projlen=79: 28621 braids
    projlen=80: 22193 braids
    projlen=81: 208258 braids
    projlen=82: 144079 braids
    projlen=83: 312463 braids
    projlen=84: 202996 braids
    projlen=85: 345024 braids
    projlen=86: 180402 braids
    projlen=87: 345524 braids
    projlen=88: 168327 braids
    projlen=89: 345677 braids
    projlen=90: 162585 braids
    projlen=91: 347253 braids
    projlen=92: 155998 braids
    projlen=93: 347288 braids
    projlen=94: 155872 braids
    projlen=95: 339919 braids
    projlen=96: 187067 braids
    projlen=97: 326987 braids
    projlen=98: 200935 braids
    projlen=99: 319805 braids
    projlen=100: 182298 braids
    projlen=101: 111696 braids
  Braids kept: 1107697 (in 29 buckets, 2.39 GB CPU)
  ⚡ Timing: matmul=0.15s, sampling=7.17s, total=10.54s
============================================================
Level 132 - SAMPLING
============================================================
  Starting braids: 957697
  Candidates to generate: 5016801
  Processing in 51 chunks...
  Projlen distribution:
    projlen=74: 3 braids
    projlen=75: 62 braids
    projlen=76: 125 braids
    projlen=77: 1792 braids
    projlen=78: 2033 braids
    projlen=79: 18226 braids
    projlen=80: 16203 braids
    projlen=81: 143515 braids
    projlen=82: 97369 braids
    projlen=83: 293780 braids
    projlen=84: 187795 braids
    projlen=85: 348262 braids
    projlen=86: 197095 braids
    projlen=87: 338747 braids
    projlen=88: 186119 braids
    projlen=89: 339171 braids
    projlen=90: 173069 braids
    projlen=91: 341918 braids
    projlen=92: 166274 braids
    projlen=93: 345536 braids
    projlen=94: 158314 braids
    projlen=95: 345996 braids
    projlen=96: 156852 braids
    projlen=97: 338182 braids
    projlen=98: 191996 braids
    projlen=99: 318162 braids
    projlen=100: 201508 braids
    projlen=101: 108697 braids
  Braids kept: 1088444 (in 28 buckets, 2.35 GB CPU)
  ⚡ Timing: matmul=0.14s, sampling=6.92s, total=10.19s
============================================================
Level 133 - SAMPLING
============================================================
  Starting braids: 988444
  Candidates to generate: 5200276
  Processing in 53 chunks...
  Projlen distribution:
    projlen=75: 26 braids
    projlen=76: 58 braids
    projlen=77: 726 braids
    projlen=78: 898 braids
    projlen=79: 11161 braids
    projlen=80: 10463 braids
    projlen=81: 91847 braids
    projlen=82: 70955 braids
    projlen=83: 280479 braids
    projlen=84: 183945 braids
    projlen=85: 356594 braids
    projlen=86: 183571 braids
    projlen=87: 342957 braids
    projlen=88: 196512 braids
    projlen=89: 331921 braids
    projlen=90: 194567 braids
    projlen=91: 332801 braids
    projlen=92: 181057 braids
    projlen=93: 338012 braids
    projlen=94: 172352 braids
    projlen=95: 342854 braids
    projlen=96: 161410 braids
    projlen=97: 344752 braids
    projlen=98: 158764 braids
    projlen=99: 334535 braids
    projlen=100: 195847 braids
    projlen=101: 294046 braids
    projlen=102: 87166 braids
  Braids kept: 1123332 (in 28 buckets, 2.45 GB CPU)
  ⚡ Timing: matmul=0.17s, sampling=7.25s, total=10.60s
============================================================
Level 134 - SAMPLING
============================================================
  Starting braids: 973332
  Candidates to generate: 5129294
  Processing in 52 chunks...
  Projlen distribution:
    projlen=75: 12 braids
    projlen=76: 26 braids
    projlen=77: 344 braids
    projlen=78: 531 braids
    projlen=79: 5547 braids
    projlen=80: 5077 braids
    projlen=81: 57894 braids
    projlen=82: 46889 braids
    projlen=83: 259881 braids
    projlen=84: 195873 braids
    projlen=85: 353421 braids
    projlen=86: 180981 braids
    projlen=87: 350032 braids
    projlen=88: 178070 braids
    projlen=89: 336968 braids
    projlen=90: 201119 braids
    projlen=91: 324846 braids
    projlen=92: 203970 braids
    projlen=93: 326218 braids
    projlen=94: 192126 braids
    projlen=95: 332887 braids
    projlen=96: 180893 braids
    projlen=97: 338643 braids
    projlen=98: 166180 braids
    projlen=99: 342093 braids
    projlen=100: 161197 braids
    projlen=101: 306162 braids
    projlen=102: 81414 braids
  Braids kept: 1108426 (in 28 buckets, 2.42 GB CPU)
  ⚡ Timing: matmul=0.14s, sampling=7.15s, total=10.46s
============================================================
Level 135 - SAMPLING
============================================================
  Starting braids: 958426
  Candidates to generate: 5093846
  Processing in 51 chunks...
  Projlen distribution:
    projlen=74: 1 braids
    projlen=75: 4 braids
    projlen=76: 14 braids
    projlen=77: 161 braids
    projlen=78: 236 braids
    projlen=79: 2932 braids
    projlen=80: 3150 braids
    projlen=81: 32268 braids
    projlen=82: 25206 braids
    projlen=83: 248427 braids
    projlen=84: 189187 braids
    projlen=85: 342618 braids
    projlen=86: 197807 braids
    projlen=87: 346571 braids
    projlen=88: 176926 braids
    projlen=89: 343715 braids
    projlen=90: 180401 braids
    projlen=91: 330557 braids
    projlen=92: 206641 braids
    projlen=93: 318647 braids
    projlen=94: 214872 braids
    projlen=95: 320012 braids
    projlen=96: 204286 braids
    projlen=97: 327110 braids
    projlen=98: 191736 braids
    projlen=99: 333143 braids
    projlen=100: 172221 braids
    projlen=101: 303269 braids
    projlen=102: 81728 braids
  Braids kept: 1063972 (in 29 buckets, 2.34 GB CPU)
  ⚡ Timing: matmul=0.16s, sampling=7.04s, total=10.38s
============================================================
Level 136 - SAMPLING
============================================================
  Starting braids: 963972
  Candidates to generate: 5120270
  Processing in 52 chunks...
  Projlen distribution:
    projlen=73: 1 braids
    projlen=75: 4 braids
    projlen=76: 7 braids
    projlen=77: 72 braids
    projlen=78: 129 braids
    projlen=79: 1481 braids
    projlen=80: 1601 braids
    projlen=81: 18589 braids
    projlen=82: 16363 braids
    projlen=83: 161038 braids
    projlen=84: 107903 braids
    projlen=85: 296956 braids
    projlen=86: 196385 braids
    projlen=87: 344351 braids
    projlen=88: 192975 braids
    projlen=89: 339287 braids
    projlen=90: 180588 braids
    projlen=91: 337148 braids
    projlen=92: 185584 braids
    projlen=93: 326943 braids
    projlen=94: 212582 braids
    projlen=95: 312602 braids
    projlen=96: 224537 braids
    projlen=97: 313423 braids
    projlen=98: 216007 braids
    projlen=99: 319281 braids
    projlen=100: 202193 braids
    projlen=101: 322226 braids
    projlen=102: 177472 braids
    projlen=103: 112542 braids
  Braids kept: 1088247 (in 30 buckets, 2.41 GB CPU)
  ⚡ Timing: matmul=0.20s, sampling=7.21s, total=10.60s
============================================================
Level 137 - SAMPLING
============================================================
  Starting braids: 988247
  Candidates to generate: 5289327
  Processing in 53 chunks...
  Projlen distribution:
    projlen=73: 5 braids
    projlen=74: 4 braids
    projlen=75: 5 braids
    projlen=76: 11 braids
    projlen=77: 40 braids
    projlen=78: 73 braids
    projlen=79: 726 braids
    projlen=80: 896 braids
    projlen=81: 10060 braids
    projlen=82: 8821 braids
    projlen=83: 95494 braids
    projlen=84: 69668 braids
    projlen=85: 280782 braids
    projlen=86: 181865 braids
    projlen=87: 352979 braids
    projlen=88: 191133 braids
    projlen=89: 337895 braids
    projlen=90: 196001 braids
    projlen=91: 331903 braids
    projlen=92: 189467 braids
    projlen=93: 330258 braids
    projlen=94: 194157 braids
    projlen=95: 322082 braids
    projlen=96: 220148 braids
    projlen=97: 308686 braids
    projlen=98: 233687 braids
    projlen=99: 305698 braids
    projlen=100: 226931 braids
    projlen=101: 309864 braids
    projlen=102: 212678 braids
    projlen=103: 289775 braids
    projlen=104: 87535 braids
  Braids kept: 1120641 (in 32 buckets, 2.50 GB CPU)
  ⚡ Timing: matmul=0.16s, sampling=7.53s, total=10.98s
============================================================
Level 138 - SAMPLING
============================================================
  Starting braids: 970641
  Candidates to generate: 5201339
  Processing in 53 chunks...
  Projlen distribution:
    projlen=73: 2 braids
    projlen=74: 2 braids
    projlen=75: 36 braids
    projlen=76: 22 braids
    projlen=77: 61 braids
    projlen=78: 65 braids
    projlen=79: 421 braids
    projlen=80: 502 braids
    projlen=81: 5424 braids
    projlen=82: 5063 braids
    projlen=83: 54016 braids
    projlen=84: 39461 braids
    projlen=85: 263523 braids
    projlen=86: 187251 braids
    projlen=87: 358107 braids
    projlen=88: 178421 braids
    projlen=89: 347978 braids
    projlen=90: 187183 braids
    projlen=91: 331330 braids
    projlen=92: 202014 braids
    projlen=93: 324656 braids
    projlen=94: 199887 braids
    projlen=95: 323858 braids
    projlen=96: 203800 braids
    projlen=97: 317089 braids
    projlen=98: 225920 braids
    projlen=99: 303178 braids
    projlen=100: 240921 braids
    projlen=101: 298474 braids
    projlen=102: 234443 braids
    projlen=103: 277994 braids
    projlen=104: 90237 braids
  Braids kept: 1101059 (in 32 buckets, 2.46 GB CPU)
  ⚡ Timing: matmul=0.14s, sampling=7.39s, total=10.78s
============================================================
Level 139 - SAMPLING
============================================================
  Starting braids: 951059
  Candidates to generate: 5102707
  Processing in 52 chunks...
  Projlen distribution:
    projlen=75: 10 braids
    projlen=76: 12 braids
    projlen=77: 195 braids
    projlen=78: 141 braids
    projlen=79: 492 braids
    projlen=80: 411 braids
    projlen=81: 3239 braids
    projlen=82: 3036 braids
    projlen=83: 32098 braids
    projlen=84: 25168 braids
    projlen=85: 248954 braids
    projlen=86: 165772 braids
    projlen=87: 333567 braids
    projlen=88: 185311 braids
    projlen=89: 352505 braids
    projlen=90: 171455 braids
    projlen=91: 342642 braids
    projlen=92: 190376 braids
    projlen=93: 326574 braids
    projlen=94: 211141 braids
    projlen=95: 317811 braids
    projlen=96: 211575 braids
    projlen=97: 317980 braids
    projlen=98: 213566 braids
    projlen=99: 311366 braids
    projlen=100: 231638 braids
    projlen=101: 298385 braids
    projlen=102: 243033 braids
    projlen=103: 271427 braids
    projlen=104: 92827 braids
  Braids kept: 1064802 (in 30 buckets, 2.39 GB CPU)
  ⚡ Timing: matmul=0.14s, sampling=7.30s, total=10.69s
============================================================
Level 140 - SAMPLING
============================================================
  Starting braids: 964802
  Candidates to generate: 5173374
  Processing in 52 chunks...
  Projlen distribution:
    projlen=77: 54 braids
    projlen=78: 63 braids
    projlen=79: 1047 braids
    projlen=80: 776 braids
    projlen=81: 3258 braids
    projlen=82: 2525 braids
    projlen=83: 20181 braids
    projlen=84: 16136 braids
    projlen=85: 161935 braids
    projlen=86: 108261 braids
    projlen=87: 303960 braids
    projlen=88: 181194 braids
    projlen=89: 355449 braids
    projlen=90: 177875 braids
    projlen=91: 347146 braids
    projlen=92: 173130 braids
    projlen=93: 337090 braids
    projlen=94: 196889 braids
    projlen=95: 321734 braids
    projlen=96: 219446 braids
    projlen=97: 311628 braids
    projlen=98: 223079 braids
    projlen=99: 311456 braids
    projlen=100: 223275 braids
    projlen=101: 305620 braids
    projlen=102: 237322 braids
    projlen=103: 292277 braids
    projlen=104: 236713 braids
    projlen=105: 103855 braids
  Braids kept: 1094040 (in 29 buckets, 2.48 GB CPU)
  ⚡ Timing: matmul=0.16s, sampling=7.34s, total=10.81s
============================================================
Level 141 - SAMPLING
============================================================
  Starting braids: 994040
  Candidates to generate: 5324200
  Processing in 54 chunks...
  Projlen distribution:
    projlen=78: 10 braids
    projlen=79: 346 braids
    projlen=80: 339 braids
    projlen=81: 5547 braids
    projlen=82: 4025 braids
    projlen=83: 19422 braids
    projlen=84: 13547 braids
    projlen=85: 104216 braids
    projlen=86: 70885 braids
    projlen=87: 283647 braids
    projlen=88: 180800 braids
    projlen=89: 360035 braids
    projlen=90: 173796 braids
    projlen=91: 350817 braids
    projlen=92: 176254 braids
    projlen=93: 341239 braids
    projlen=94: 177915 braids
    projlen=95: 332026 braids
    projlen=96: 203370 braids
    projlen=97: 317657 braids
    projlen=98: 226880 braids
    projlen=99: 305016 braids
    projlen=100: 232053 braids
    projlen=101: 303766 braids
    projlen=102: 232922 braids
    projlen=103: 299524 braids
    projlen=104: 240762 braids
    projlen=105: 274019 braids
    projlen=106: 93365 braids
  Braids kept: 1143236 (in 29 buckets, 2.60 GB CPU)
  ⚡ Timing: matmul=0.16s, sampling=7.81s, total=11.41s
============================================================
Level 142 - SAMPLING
============================================================
  Starting braids: 993236
  Candidates to generate: 5310214
  Processing in 54 chunks...
  Projlen distribution:
    projlen=77: 1 braids
    projlen=78: 3 braids
    projlen=79: 55 braids
    projlen=80: 90 braids
    projlen=81: 2090 braids
    projlen=82: 1848 braids
    projlen=83: 28703 braids
    projlen=84: 19916 braids
    projlen=85: 102163 braids
    projlen=86: 63208 braids
    projlen=87: 276074 braids
    projlen=88: 182384 braids
    projlen=89: 361092 braids
    projlen=90: 176478 braids
    projlen=91: 354456 braids
    projlen=92: 167709 braids
    projlen=93: 345097 braids
    projlen=94: 178882 braids
    projlen=95: 335865 braids
    projlen=96: 184738 braids
    projlen=97: 326901 braids
    projlen=98: 209946 braids
    projlen=99: 312830 braids
    projlen=100: 233122 braids
    projlen=101: 300376 braids
    projlen=102: 241102 braids
    projlen=103: 298551 braids
    projlen=104: 239612 braids
    projlen=105: 275266 braids
    projlen=106: 91656 braids
  Braids kept: 1152706 (in 30 buckets, 2.63 GB CPU)
  ⚡ Timing: matmul=0.15s, sampling=7.77s, total=11.34s
============================================================
Level 143 - SAMPLING
============================================================
  Starting braids: 952706
  Candidates to generate: 5064488
  Processing in 51 chunks...
  Projlen distribution:
    projlen=77: 6 braids
    projlen=78: 4 braids
    projlen=79: 15 braids
    projlen=80: 50 braids
    projlen=81: 523 braids
    projlen=82: 620 braids
    projlen=83: 11866 braids
    projlen=84: 9574 braids
    projlen=85: 139340 braids
    projlen=86: 91060 braids
    projlen=87: 292018 braids
    projlen=88: 175853 braids
    projlen=89: 360416 braids
    projlen=90: 180027 braids
    projlen=91: 354507 braids
    projlen=92: 168227 braids
    projlen=93: 349442 braids
    projlen=94: 167601 braids
    projlen=95: 340312 braids
    projlen=96: 184108 braids
    projlen=97: 330481 braids
    projlen=98: 194099 braids
    projlen=99: 321652 braids
    projlen=100: 217180 braids
    projlen=101: 307437 braids
    projlen=102: 238480 braids
    projlen=103: 293180 braids
    projlen=104: 233577 braids
    projlen=105: 102833 braids
  Braids kept: 1072658 (in 29 buckets, 2.45 GB CPU)
  ⚡ Timing: matmul=0.21s, sampling=7.36s, total=10.80s
============================================================
Level 144 - SAMPLING
============================================================
  Starting braids: 972658
  Candidates to generate: 5156240
  Processing in 52 chunks...
  Projlen distribution:
    projlen=77: 6 braids
    projlen=78: 4 braids
    projlen=79: 41 braids
    projlen=80: 36 braids
    projlen=81: 240 braids
    projlen=82: 358 braids
    projlen=83: 3759 braids
    projlen=84: 3507 braids
    projlen=85: 59282 braids
    projlen=86: 41542 braids
    projlen=87: 267765 braids
    projlen=88: 176184 braids
    projlen=89: 360464 braids
    projlen=90: 172513 braids
    projlen=91: 354234 braids
    projlen=92: 171491 braids
    projlen=93: 349667 braids
    projlen=94: 168280 braids
    projlen=95: 343731 braids
    projlen=96: 170794 braids
    projlen=97: 336603 braids
    projlen=98: 190879 braids
    projlen=99: 326810 braids
    projlen=100: 204461 braids
    projlen=101: 317295 braids
    projlen=102: 224754 braids
    projlen=103: 303356 braids
    projlen=104: 241767 braids
    projlen=105: 272735 braids
    projlen=106: 93682 braids
  Braids kept: 1099493 (in 30 buckets, 2.53 GB CPU)
  ⚡ Timing: matmul=0.15s, sampling=7.39s, total=10.84s
============================================================
Level 145 - SAMPLING
============================================================
  Starting braids: 999493
  Candidates to generate: 5284559
  Processing in 53 chunks...
  Projlen distribution:
    projlen=77: 3 braids
    projlen=78: 6 braids
    projlen=79: 31 braids
    projlen=80: 25 braids
    projlen=81: 321 braids
    projlen=82: 283 braids
    projlen=83: 2121 braids
    projlen=84: 2079 braids
    projlen=85: 21554 braids
    projlen=86: 17271 braids
    projlen=87: 244896 braids
    projlen=88: 165915 braids
    projlen=89: 341420 braids
    projlen=90: 173799 braids
    projlen=91: 355974 braids
    projlen=92: 165281 braids
    projlen=93: 350716 braids
    projlen=94: 171417 braids
    projlen=95: 343730 braids
    projlen=96: 171524 braids
    projlen=97: 339827 braids
    projlen=98: 175631 braids
    projlen=99: 332510 braids
    projlen=100: 198333 braids
    projlen=101: 321020 braids
    projlen=102: 213886 braids
    projlen=103: 311519 braids
    projlen=104: 230853 braids
    projlen=105: 296008 braids
    projlen=106: 232706 braids
    projlen=107: 103900 braids
  Braids kept: 1093694 (in 31 buckets, 2.54 GB CPU)
  ⚡ Timing: matmul=0.16s, sampling=7.64s, total=11.19s
============================================================
Level 146 - SAMPLING
============================================================
  Starting braids: 993694
  Candidates to generate: 5254622
  Processing in 53 chunks...
  Projlen distribution:
    projlen=78: 3 braids
    projlen=79: 29 braids
    projlen=80: 40 braids
    projlen=81: 186 braids
    projlen=82: 185 braids
    projlen=83: 2093 braids
    projlen=84: 1740 braids
    projlen=85: 13536 braids
    projlen=86: 11259 braids
    projlen=87: 107423 braids
    projlen=88: 73734 braids
    projlen=89: 283575 braids
    projlen=90: 179847 braids
    projlen=91: 359324 braids
    projlen=92: 165255 braids
    projlen=93: 352393 braids
    projlen=94: 164000 braids
    projlen=95: 346509 braids
    projlen=96: 174822 braids
    projlen=97: 339867 braids
    projlen=98: 177817 braids
    projlen=99: 334726 braids
    projlen=100: 183032 braids
    projlen=101: 328941 braids
    projlen=102: 206539 braids
    projlen=103: 315947 braids
    projlen=104: 222399 braids
    projlen=105: 305520 braids
    projlen=106: 235089 braids
    projlen=107: 276036 braids
    projlen=108: 92756 braids
  Braids kept: 1129071 (in 31 buckets, 2.64 GB CPU)
  ⚡ Timing: matmul=0.15s, sampling=7.77s, total=11.33s
============================================================
Level 147 - SAMPLING
============================================================
  Starting braids: 979071
  Candidates to generate: 5173033
  Processing in 52 chunks...
  Projlen distribution:
    projlen=78: 1 braids
    projlen=79: 12 braids
    projlen=80: 21 braids
    projlen=81: 210 braids
    projlen=82: 207 braids
    projlen=83: 1175 braids
    projlen=84: 995 braids
    projlen=85: 12096 braids
    projlen=86: 9228 braids
    projlen=87: 71215 braids
    projlen=88: 50832 braids
    projlen=89: 268560 braids
    projlen=90: 182873 braids
    projlen=91: 359056 braids
    projlen=92: 175038 braids
    projlen=93: 354287 braids
    projlen=94: 161029 braids
    projlen=95: 348475 braids
    projlen=96: 166060 braids
    projlen=97: 342558 braids
    projlen=98: 179559 braids
    projlen=99: 334394 braids
    projlen=100: 185367 braids
    projlen=101: 330393 braids
    projlen=102: 192020 braids
    projlen=103: 323937 braids
    projlen=104: 214275 braids
    projlen=105: 310479 braids
    projlen=106: 228551 braids
    projlen=107: 279683 braids
    projlen=108: 90447 braids
  Braids kept: 1123945 (in 31 buckets, 2.63 GB CPU)
  ⚡ Timing: matmul=0.16s, sampling=7.51s, total=11.00s
============================================================
Level 148 - SAMPLING
============================================================
  Starting braids: 973945
  Candidates to generate: 5143225
  Processing in 52 chunks...
  Projlen distribution:
    projlen=79: 9 braids
    projlen=80: 7 braids
    projlen=81: 124 braids
    projlen=82: 136 braids
    projlen=83: 1307 braids
    projlen=84: 1110 braids
    projlen=85: 7015 braids
    projlen=86: 5248 braids
    projlen=87: 61734 braids
    projlen=88: 43678 braids
    projlen=89: 265079 braids
    projlen=90: 185525 braids
    projlen=91: 356847 braids
    projlen=92: 181037 braids
    projlen=93: 352210 braids
    projlen=94: 167584 braids
    projlen=95: 350318 braids
    projlen=96: 162002 braids
    projlen=97: 344893 braids
    projlen=98: 169647 braids
    projlen=99: 339173 braids
    projlen=100: 186349 braids
    projlen=101: 330746 braids
    projlen=102: 194940 braids
    projlen=103: 324720 braids
    projlen=104: 200980 braids
    projlen=105: 318743 braids
    projlen=106: 219830 braids
    projlen=107: 283029 braids
    projlen=108: 89205 braids
  Braids kept: 1108634 (in 30 buckets, 2.60 GB CPU)
  ⚡ Timing: matmul=0.15s, sampling=7.46s, total=10.92s
============================================================
Level 149 - SAMPLING
============================================================
  Starting braids: 958634
  Candidates to generate: 5056716
  Processing in 51 chunks...
  Projlen distribution:
    projlen=78: 1 braids
    projlen=79: 4 braids
    projlen=80: 9 braids
    projlen=81: 71 braids
    projlen=82: 68 braids
    projlen=83: 849 braids
    projlen=84: 769 braids
    projlen=85: 7585 braids
    projlen=86: 5675 braids
    projlen=87: 37900 braids
    projlen=88: 25862 braids
    projlen=89: 250726 braids
    projlen=90: 169534 braids
    projlen=91: 343315 braids
    projlen=92: 185441 braids
    projlen=93: 351333 braids
    projlen=94: 173767 braids
    projlen=95: 347629 braids
    projlen=96: 168532 braids
    projlen=97: 345167 braids
    projlen=98: 164989 braids
    projlen=99: 342188 braids
    projlen=100: 174759 braids
    projlen=101: 335071 braids
    projlen=102: 193808 braids
    projlen=103: 324464 braids
    projlen=104: 204721 braids
    projlen=105: 318177 braids
    projlen=106: 209403 braids
    projlen=107: 287712 braids
    projlen=108: 87187 braids
  Braids kept: 1078793 (in 31 buckets, 2.54 GB CPU)
  ⚡ Timing: matmul=0.18s, sampling=7.34s, total=10.73s
============================================================
Level 150 - SAMPLING
============================================================
  Starting braids: 978793
  Candidates to generate: 5160379
  Processing in 52 chunks...
  Projlen distribution:
    projlen=79: 4 braids
    projlen=80: 5 braids
    projlen=81: 36 braids
    projlen=82: 46 braids
    projlen=83: 500 braids
    projlen=84: 448 braids
    projlen=85: 5126 braids
    projlen=86: 4118 braids
    projlen=87: 40625 braids
    projlen=88: 27791 braids
    projlen=89: 187736 braids
    projlen=90: 114447 braids
    projlen=91: 303425 braids
    projlen=92: 179666 braids
    projlen=93: 355241 braids
    projlen=94: 177941 braids
    projlen=95: 346642 braids
    projlen=96: 175509 braids
    projlen=97: 342614 braids
    projlen=98: 173016 braids
    projlen=99: 340984 braids
    projlen=100: 169815 braids
    projlen=101: 338272 braids
    projlen=102: 180558 braids
    projlen=103: 331281 braids
    projlen=104: 201662 braids
    projlen=105: 320205 braids
    projlen=106: 213992 braids
    projlen=107: 309098 braids
    projlen=108: 211301 braids
    projlen=109: 108275 braids
  Braids kept: 1128699 (in 31 buckets, 2.68 GB CPU)
  ⚡ Timing: matmul=0.21s, sampling=7.62s, total=11.19s
============================================================
Level 151 - SAMPLING
============================================================
  Starting braids: 978699
  Candidates to generate: 5155863
  Processing in 52 chunks...
  Projlen distribution:
    projlen=79: 3 braids
    projlen=80: 3 braids
    projlen=81: 33 braids
    projlen=82: 37 braids
    projlen=83: 272 braids
    projlen=84: 271 braids
    projlen=85: 3086 braids
    projlen=86: 2556 braids
    projlen=87: 28638 braids
    projlen=88: 20549 braids
    projlen=89: 196361 braids
    projlen=90: 122883 braids
    projlen=91: 308573 braids
    projlen=92: 174719 braids
    projlen=93: 359524 braids
    projlen=94: 173728 braids
    projlen=95: 351074 braids
    projlen=96: 177509 braids
    projlen=97: 340162 braids
    projlen=98: 180009 braids
    projlen=99: 336680 braids
    projlen=100: 179391 braids
    projlen=101: 336429 braids
    projlen=102: 176297 braids
    projlen=103: 333916 braids
    projlen=104: 188082 braids
    projlen=105: 326829 braids
    projlen=106: 209055 braids
    projlen=107: 309899 braids
    projlen=108: 212002 braids
    projlen=109: 107293 braids
  Braids kept: 1105448 (in 31 buckets, 2.63 GB CPU)
  ⚡ Timing: matmul=0.17s, sampling=7.63s, total=11.13s
============================================================
Level 152 - SAMPLING
============================================================
  Starting braids: 955448
  Candidates to generate: 5023122
  Processing in 51 chunks...
  Projlen distribution:
    projlen=80: 3 braids
    projlen=81: 19 braids
    projlen=82: 21 braids
    projlen=83: 257 braids
    projlen=84: 235 braids
    projlen=85: 1761 braids
    projlen=86: 1526 braids
    projlen=87: 17903 braids
    projlen=88: 13206 braids
    projlen=89: 140285 braids
    projlen=90: 89747 braids
    projlen=91: 291445 braids
    projlen=92: 173699 braids
    projlen=93: 360037 braids
    projlen=94: 168490 braids
    projlen=95: 354532 braids
    projlen=96: 167320 braids
    projlen=97: 346071 braids
    projlen=98: 180742 braids
    projlen=99: 334134 braids
    projlen=100: 187906 braids
    projlen=101: 331308 braids
    projlen=102: 188666 braids
    projlen=103: 332235 braids
    projlen=104: 185086 braids
    projlen=105: 329345 braids
    projlen=106: 195373 braids
    projlen=107: 317115 braids
    projlen=108: 205414 braids
    projlen=109: 109241 braids
  Braids kept: 1084931 (in 30 buckets, 2.59 GB CPU)
  ⚡ Timing: matmul=0.14s, sampling=7.44s, total=10.87s
============================================================
Level 153 - SAMPLING
============================================================
  Starting braids: 984931
  Candidates to generate: 5189941
  Processing in 52 chunks...
  Projlen distribution:
    projlen=80: 2 braids
    projlen=81: 9 braids
    projlen=82: 17 braids
    projlen=83: 136 braids
    projlen=84: 135 braids
    projlen=85: 1673 braids
    projlen=86: 1362 braids
    projlen=87: 10609 braids
    projlen=88: 7892 braids
    projlen=89: 89367 braids
    projlen=90: 58645 braids
    projlen=91: 275659 braids
    projlen=92: 174975 braids
    projlen=93: 361064 braids
    projlen=94: 168035 braids
    projlen=95: 355922 braids
    projlen=96: 162313 braids
    projlen=97: 350304 braids
    projlen=98: 167392 braids
    projlen=99: 341132 braids
    projlen=100: 186454 braids
    projlen=101: 329419 braids
    projlen=102: 197469 braids
    projlen=103: 325364 braids
    projlen=104: 198406 braids
    projlen=105: 325629 braids
    projlen=106: 195536 braids
    projlen=107: 322617 braids
    projlen=108: 202998 braids
    projlen=109: 292231 braids
    projlen=110: 87175 braids
  Braids kept: 1121835 (in 31 buckets, 2.70 GB CPU)
  ⚡ Timing: matmul=0.16s, sampling=7.81s, total=11.39s
============================================================
Level 154 - SAMPLING
============================================================
  Starting braids: 971835
  Candidates to generate: 5119771
  Processing in 52 chunks...
  Projlen distribution:
    projlen=80: 2 braids
    projlen=81: 10 braids
    projlen=82: 19 braids
    projlen=83: 95 braids
    projlen=84: 100 braids
    projlen=85: 872 braids
    projlen=86: 820 braids
    projlen=87: 9690 braids
    projlen=88: 7142 braids
    projlen=89: 54611 braids
    projlen=90: 36038 braids
    projlen=91: 264311 braids
    projlen=92: 175132 braids
    projlen=93: 362903 braids
    projlen=94: 171489 braids
    projlen=95: 357247 braids
    projlen=96: 159518 braids
    projlen=97: 352788 braids
    projlen=98: 161060 braids
    projlen=99: 345571 braids
    projlen=100: 169845 braids
    projlen=101: 335848 braids
    projlen=102: 192492 braids
    projlen=103: 324306 braids
    projlen=104: 207189 braids
    projlen=105: 319741 braids
    projlen=106: 210054 braids
    projlen=107: 319225 braids
    projlen=108: 204786 braids
    projlen=109: 291051 braids
    projlen=110: 85816 braids
  Braids kept: 1104788 (in 31 buckets, 2.66 GB CPU)
  ⚡ Timing: matmul=0.14s, sampling=7.66s, total=11.20s
============================================================
Level 155 - SAMPLING
============================================================
  Starting braids: 954788
  Candidates to generate: 5032760
  Processing in 51 chunks...
  Projlen distribution:
    projlen=81: 8 braids
    projlen=82: 9 braids
    projlen=83: 106 braids
    projlen=84: 108 braids
    projlen=85: 684 braids
    projlen=86: 605 braids
    projlen=87: 5337 braids
    projlen=88: 4317 braids
    projlen=89: 50726 braids
    projlen=90: 34688 braids
    projlen=91: 248541 braids
    projlen=92: 152408 braids
    projlen=93: 328782 braids
    projlen=94: 173004 braids
    projlen=95: 358956 braids
    projlen=96: 161056 braids
    projlen=97: 353542 braids
    projlen=98: 156572 braids
    projlen=99: 348860 braids
    projlen=100: 162078 braids
    projlen=101: 342994 braids
    projlen=102: 175037 braids
    projlen=103: 332448 braids
    projlen=104: 199835 braids
    projlen=105: 320210 braids
    projlen=106: 216652 braids
    projlen=107: 312567 braids
    projlen=108: 218279 braids
    projlen=109: 286270 braids
    projlen=110: 88081 braids
  Braids kept: 1095862 (in 30 buckets, 2.65 GB CPU)
  ⚡ Timing: matmul=0.14s, sampling=7.56s, total=11.03s
============================================================
Level 156 - SAMPLING
============================================================
  Starting braids: 995862
  Candidates to generate: 5227084
  Processing in 53 chunks...
  Projlen distribution:
    projlen=80: 1 braids
    projlen=81: 5 braids
    projlen=82: 10 braids
    projlen=83: 65 braids
    projlen=84: 60 braids
    projlen=85: 696 braids
    projlen=86: 600 braids
    projlen=87: 4309 braids
    projlen=88: 3362 braids
    projlen=89: 29969 braids
    projlen=90: 21432 braids
    projlen=91: 240967 braids
    projlen=92: 151539 braids
    projlen=93: 324772 braids
    projlen=94: 172528 braids
    projlen=95: 359188 braids
    projlen=96: 163429 braids
    projlen=97: 354698 braids
    projlen=98: 157511 braids
    projlen=99: 350547 braids
    projlen=100: 155953 braids
    projlen=101: 346097 braids
    projlen=102: 164279 braids
    projlen=103: 340466 braids
    projlen=104: 180732 braids
    projlen=105: 328234 braids
    projlen=106: 208008 braids
    projlen=107: 314579 braids
    projlen=108: 224805 braids
    projlen=109: 302167 braids
    projlen=110: 219083 braids
    projlen=111: 106993 braids
  Braids kept: 1110509 (in 32 buckets, 2.70 GB CPU)
  ⚡ Timing: matmul=0.16s, sampling=7.86s, total=11.50s
============================================================
Level 157 - SAMPLING
============================================================
  Starting braids: 960509
  Candidates to generate: 5018113
  Processing in 51 chunks...
  Projlen distribution:
    projlen=81: 3 braids
    projlen=82: 4 braids
    projlen=83: 57 braids
    projlen=84: 67 braids
    projlen=85: 436 braids
    projlen=86: 367 braids
    projlen=87: 4115 braids
    projlen=88: 3193 braids
    projlen=89: 24751 braids
    projlen=90: 17116 braids
    projlen=91: 147150 braids
    projlen=92: 92221 braids
    projlen=93: 294618 braids
    projlen=94: 174600 braids
    projlen=95: 360431 braids
    projlen=96: 164299 braids
    projlen=97: 355708 braids
    projlen=98: 157426 braids
    projlen=99: 351147 braids
    projlen=100: 156375 braids
    projlen=101: 348461 braids
    projlen=102: 156471 braids
    projlen=103: 344811 braids
    projlen=104: 167456 braids
    projlen=105: 336991 braids
    projlen=106: 187857 braids
    projlen=107: 324181 braids
    projlen=108: 214537 braids
    projlen=109: 305080 braids
    projlen=110: 221403 braids
    projlen=111: 106781 braids
  Braids kept: 1100109 (in 31 buckets, 2.68 GB CPU)
  ⚡ Timing: matmul=0.14s, sampling=7.55s, total=10.95s
============================================================
Level 158 - SAMPLING
============================================================
  Starting braids: 950109
  Candidates to generate: 4944481
  Processing in 50 chunks...
  Projlen distribution:
    projlen=82: 1 braids
    projlen=83: 28 braids
    projlen=84: 26 braids
    projlen=85: 407 braids
    projlen=86: 380 braids
    projlen=87: 2700 braids
    projlen=88: 2115 braids
    projlen=89: 22740 braids
    projlen=90: 15981 braids
    projlen=91: 124069 braids
    projlen=92: 76918 braids
    projlen=93: 284242 braids
    projlen=94: 173304 braids
    projlen=95: 363011 braids
    projlen=96: 168545 braids
    projlen=97: 356625 braids
    projlen=98: 157868 braids
    projlen=99: 352024 braids
    projlen=100: 155951 braids
    projlen=101: 349363 braids
    projlen=102: 156647 braids
    projlen=103: 346504 braids
    projlen=104: 157480 braids
    projlen=105: 343179 braids
    projlen=106: 172458 braids
    projlen=107: 332474 braids
    projlen=108: 194503 braids
    projlen=109: 315949 braids
    projlen=110: 210120 braids
    projlen=111: 108869 braids
  Braids kept: 1094378 (in 30 buckets, 2.68 GB CPU)
  ⚡ Timing: matmul=0.16s, sampling=7.45s, total=10.82s
============================================================
Level 159 - SAMPLING
============================================================
  Starting braids: 994378
  Candidates to generate: 5172894
  Processing in 52 chunks...
  Projlen distribution:
    projlen=82: 2 braids
    projlen=83: 6 braids
    projlen=84: 14 braids
    projlen=85: 180 braids
    projlen=86: 184 braids
    projlen=87: 2495 braids
    projlen=88: 2043 braids
    projlen=89: 15656 braids
    projlen=90: 10981 braids
    projlen=91: 112324 braids
    projlen=92: 71967 braids
    projlen=93: 282706 braids
    projlen=94: 172506 braids
    projlen=95: 361574 braids
    projlen=96: 168708 braids
    projlen=97: 358718 braids
    projlen=98: 159463 braids
    projlen=99: 354233 braids
    projlen=100: 156107 braids
    projlen=101: 350141 braids
    projlen=102: 155215 braids
    projlen=103: 347778 braids
    projlen=104: 157634 braids
    projlen=105: 345358 braids
    projlen=106: 159661 braids
    projlen=107: 340451 braids
    projlen=108: 176983 braids
    projlen=109: 329047 braids
    projlen=110: 201782 braids
    projlen=111: 291857 braids
    projlen=112: 87120 braids
  Braids kept: 1131561 (in 31 buckets, 2.78 GB CPU)
  ⚡ Timing: matmul=0.16s, sampling=7.85s, total=11.40s
============================================================
Level 160 - SAMPLING
============================================================
  Starting braids: 981561
  Candidates to generate: 5087037
  Processing in 51 chunks...
  Projlen distribution:
    projlen=82: 2 braids
    projlen=83: 10 braids
    projlen=84: 15 braids
    projlen=85: 87 braids
    projlen=86: 109 braids
    projlen=87: 1204 braids
    projlen=88: 1123 braids
    projlen=89: 14069 braids
    projlen=90: 10356 braids
    projlen=91: 79408 braids
    projlen=92: 50157 braids
    projlen=93: 270937 braids
    projlen=94: 173539 braids
    projlen=95: 362266 braids
    projlen=96: 168942 braids
    projlen=97: 358279 braids
    projlen=98: 159443 braids
    projlen=99: 354374 braids
    projlen=100: 156089 braids
    projlen=101: 351620 braids
    projlen=102: 155672 braids
    projlen=103: 349172 braids
    projlen=104: 155563 braids
    projlen=105: 346676 braids
    projlen=106: 159436 braids
    projlen=107: 344344 braids
    projlen=108: 163075 braids
    projlen=109: 337221 braids
    projlen=110: 181049 braids
    projlen=111: 298818 braids
    projlen=112: 83982 braids
  Braids kept: 1126975 (in 31 buckets, 2.78 GB CPU)
  ⚡ Timing: matmul=0.16s, sampling=7.63s, total=11.11s
============================================================
Level 161 - SAMPLING
============================================================
  Starting braids: 976975
  Candidates to generate: 5054943
  Processing in 51 chunks...
  Projlen distribution:
    projlen=83: 7 braids
    projlen=84: 13 braids
    projlen=85: 96 braids
    projlen=86: 95 braids
    projlen=87: 748 braids
    projlen=88: 738 braids
    projlen=89: 7452 braids
    projlen=90: 5959 braids
    projlen=91: 71198 braids
    projlen=92: 47719 braids
    projlen=93: 270125 braids
    projlen=94: 172692 braids
    projlen=95: 363339 braids
    projlen=96: 171163 braids
    projlen=97: 358672 braids
    projlen=98: 159161 braids
    projlen=99: 353573 braids
    projlen=100: 155364 braids
    projlen=101: 351264 braids
    projlen=102: 155043 braids
    projlen=103: 349618 braids
    projlen=104: 155608 braids
    projlen=105: 347973 braids
    projlen=106: 156236 braids
    projlen=107: 345593 braids
    projlen=108: 161694 braids
    projlen=109: 341350 braids
    projlen=110: 165729 braids
    projlen=111: 304868 braids
    projlen=112: 81853 braids
  Braids kept: 1112827 (in 30 buckets, 2.75 GB CPU)
  ⚡ Timing: matmul=0.15s, sampling=7.68s, total=11.15s
============================================================
Level 162 - SAMPLING
============================================================
  Starting braids: 962827
  Candidates to generate: 4975291
  Processing in 50 chunks...
  Projlen distribution:
    projlen=83: 3 braids
    projlen=84: 3 braids
    projlen=85: 79 braids
    projlen=86: 71 braids
    projlen=87: 657 braids
    projlen=88: 599 braids
    projlen=89: 5045 braids
    projlen=90: 4132 braids
    projlen=91: 40326 braids
    projlen=92: 28312 braids
    projlen=93: 257701 braids
    projlen=94: 170113 braids
    projlen=95: 355884 braids
    projlen=96: 170901 braids
    projlen=97: 359342 braids
    projlen=98: 160123 braids
    projlen=99: 354860 braids
    projlen=100: 155459 braids
    projlen=101: 351072 braids
    projlen=102: 153972 braids
    projlen=103: 349452 braids
    projlen=104: 154755 braids
    projlen=105: 348798 braids
    projlen=106: 156273 braids
    projlen=107: 346959 braids
    projlen=108: 157510 braids
    projlen=109: 343644 braids
    projlen=110: 163140 braids
    projlen=111: 304687 braids
    projlen=112: 81419 braids
  Braids kept: 1079227 (in 30 buckets, 2.68 GB CPU)
  ⚡ Timing: matmul=0.15s, sampling=7.42s, total=10.83s
============================================================
Level 163 - SAMPLING
============================================================
  Starting braids: 979227
  Candidates to generate: 5033945
  Processing in 51 chunks...
  Projlen distribution:
    projlen=84: 1 braids
    projlen=85: 29 braids
    projlen=86: 29 braids
    projlen=87: 530 braids
    projlen=88: 452 braids
    projlen=89: 4051 braids
    projlen=90: 3348 braids
    projlen=91: 29056 braids
    projlen=92: 20959 braids
    projlen=93: 198320 braids
    projlen=94: 123184 braids
    projlen=95: 308993 braids
    projlen=96: 172506 braids
    projlen=97: 358977 braids
    projlen=98: 160642 braids
    projlen=99: 355704 braids
    projlen=100: 156190 braids
    projlen=101: 352329 braids
    projlen=102: 154416 braids
    projlen=103: 350133 braids
    projlen=104: 154459 braids
    projlen=105: 348856 braids
    projlen=106: 154853 braids
    projlen=107: 348595 braids
    projlen=108: 157542 braids
    projlen=109: 346279 braids
    projlen=110: 158611 braids
    projlen=111: 336730 braids
    projlen=112: 162675 braids
    projlen=113: 115496 braids
  Braids kept: 1108455 (in 30 buckets, 2.77 GB CPU)
  ⚡ Timing: matmul=0.14s, sampling=7.66s, total=11.09s
============================================================
Level 164 - SAMPLING
============================================================
  Starting braids: 958455
  Candidates to generate: 4922985
  Processing in 50 chunks...
  Projlen distribution:
    projlen=84: 1 braids
    projlen=85: 9 braids
    projlen=86: 16 braids
    projlen=87: 205 braids
    projlen=88: 221 braids
    projlen=89: 3146 braids
    projlen=90: 2601 braids
    projlen=91: 23334 braids
    projlen=92: 16976 braids
    projlen=93: 144416 braids
    projlen=94: 90958 braids
    projlen=95: 293110 braids
    projlen=96: 174007 braids
    projlen=97: 361840 braids
    projlen=98: 165514 braids
    projlen=99: 355767 braids
    projlen=100: 156445 braids
    projlen=101: 352505 braids
    projlen=102: 154450 braids
    projlen=103: 350274 braids
    projlen=104: 153672 braids
    projlen=105: 349585 braids
    projlen=106: 154037 braids
    projlen=107: 348851 braids
    projlen=108: 155565 braids
    projlen=109: 347054 braids
    projlen=110: 158069 braids
    projlen=111: 338690 braids
    projlen=112: 156239 braids
    projlen=113: 115428 braids
  Braids kept: 1096509 (in 30 buckets, 2.75 GB CPU)
  ⚡ Timing: matmul=0.14s, sampling=7.48s, total=10.85s
============================================================
Level 165 - SAMPLING
============================================================
  Starting braids: 996509
  Candidates to generate: 5142109
  Processing in 52 chunks...
  Projlen distribution:
    projlen=85: 5 braids
    projlen=86: 12 braids
    projlen=87: 97 braids
    projlen=88: 134 braids
    projlen=89: 1357 braids
    projlen=90: 1310 braids
    projlen=91: 17955 braids
    projlen=92: 13284 braids
    projlen=93: 117268 braids
    projlen=94: 74945 braids
    projlen=95: 283705 braids
    projlen=96: 173501 braids
    projlen=97: 361017 braids
    projlen=98: 167350 braids
    projlen=99: 357684 braids
    projlen=100: 158566 braids
    projlen=101: 352495 braids
    projlen=102: 154450 braids
    projlen=103: 350606 braids
    projlen=104: 153644 braids
    projlen=105: 349069 braids
    projlen=106: 153256 braids
    projlen=107: 349026 braids
    projlen=108: 154372 braids
    projlen=109: 348392 braids
    projlen=110: 156021 braids
    projlen=111: 344497 braids
    projlen=112: 159231 braids
    projlen=113: 307688 braids
    projlen=114: 81172 braids
  Braids kept: 1134154 (in 30 buckets, 2.86 GB CPU)
  ⚡ Timing: matmul=0.15s, sampling=7.95s, total=11.50s
============================================================
Level 166 - SAMPLING
============================================================
  Starting braids: 984154
  Candidates to generate: 5074742
  Processing in 51 chunks...
  Projlen distribution:
    projlen=86: 4 braids
    projlen=87: 61 braids
    projlen=88: 93 braids
    projlen=89: 811 braids
    projlen=90: 835 braids
    projlen=91: 8631 braids
    projlen=92: 6938 braids
    projlen=93: 90262 braids
    projlen=94: 59607 braids
    projlen=95: 276641 braids
    projlen=96: 173932 braids
    projlen=97: 361479 braids
    projlen=98: 168672 braids
    projlen=99: 357853 braids
    projlen=100: 158936 braids
    projlen=101: 353898 braids
    projlen=102: 155556 braids
    projlen=103: 350250 braids
    projlen=104: 153917 braids
    projlen=105: 349337 braids
    projlen=106: 153446 braids
    projlen=107: 347998 braids
    projlen=108: 152883 braids
    projlen=109: 348445 braids
    projlen=110: 154443 braids
    projlen=111: 345694 braids
    projlen=112: 155311 braids
    projlen=113: 307990 braids
    projlen=114: 80819 braids
  Braids kept: 1117373 (in 29 buckets, 2.82 GB CPU)
  ⚡ Timing: matmul=0.15s, sampling=7.74s, total=11.22s
============================================================
Level 167 - SAMPLING
============================================================
  Starting braids: 967373
  Candidates to generate: 4988791
  Processing in 50 chunks...
  Projlen distribution:
    projlen=87: 23 braids
    projlen=88: 33 braids
    projlen=89: 533 braids
    projlen=90: 571 braids
    projlen=91: 5590 braids
    projlen=92: 4629 braids
    projlen=93: 46040 braids
    projlen=94: 32023 braids
    projlen=95: 263668 braids
    projlen=96: 175168 braids
    projlen=97: 362494 braids
    projlen=98: 170027 braids
    projlen=99: 358077 braids
    projlen=100: 159570 braids
    projlen=101: 354899 braids
    projlen=102: 155828 braids
    projlen=103: 350759 braids
    projlen=104: 154580 braids
    projlen=105: 349036 braids
    projlen=106: 153395 braids
    projlen=107: 349192 braids
    projlen=108: 153386 braids
    projlen=109: 348138 braids
    projlen=110: 152903 braids
    projlen=111: 346581 braids
    projlen=112: 153108 braids
    projlen=113: 308188 braids
    projlen=114: 80352 braids
  Braids kept: 1089442 (in 28 buckets, 2.76 GB CPU)
  ⚡ Timing: matmul=0.17s, sampling=7.58s, total=11.07s
============================================================
Level 168 - SAMPLING
============================================================
  Starting braids: 989442
  Candidates to generate: 5078598
  Processing in 51 chunks...
  Projlen distribution:
    projlen=86: 1 braids
    projlen=87: 5 braids
    projlen=88: 11 braids
    projlen=89: 227 braids
    projlen=90: 246 braids
    projlen=91: 3705 braids
    projlen=92: 3239 braids
    projlen=93: 31951 braids
    projlen=94: 23353 braids
    projlen=95: 227110 braids
    projlen=96: 141636 braids
    projlen=97: 320723 braids
    projlen=98: 172784 braids
    projlen=99: 358915 braids
    projlen=100: 159541 braids
    projlen=101: 353905 braids
    projlen=102: 155777 braids
    projlen=103: 352527 braids
    projlen=104: 154994 braids
    projlen=105: 349517 braids
    projlen=106: 154384 braids
    projlen=107: 348838 braids
    projlen=108: 154195 braids
    projlen=109: 348149 braids
    projlen=110: 153565 braids
    projlen=111: 347933 braids
    projlen=112: 152435 braids
    projlen=113: 341061 braids
    projlen=114: 150548 braids
    projlen=115: 117323 braids
  Braids kept: 1112738 (in 30 buckets, 2.84 GB CPU)
  ⚡ Timing: matmul=0.15s, sampling=7.76s, total=11.38s
============================================================
Level 169 - SAMPLING
============================================================
  Starting braids: 962738
  Candidates to generate: 4942984
  Processing in 50 chunks...
  Projlen distribution:
    projlen=87: 3 braids
    projlen=88: 8 braids
    projlen=89: 63 braids
    projlen=90: 112 braids
    projlen=91: 1606 braids
    projlen=92: 1592 braids
    projlen=93: 21952 braids
    projlen=94: 16657 braids
    projlen=95: 159592 braids
    projlen=96: 101845 braids
    projlen=97: 301017 braids
    projlen=98: 174816 braids
    projlen=99: 362560 braids
    projlen=100: 164433 braids
    projlen=101: 356411 braids
    projlen=102: 155936 braids
    projlen=103: 351643 braids
    projlen=104: 154766 braids
    projlen=105: 350020 braids
    projlen=106: 154306 braids
    projlen=107: 347459 braids
    projlen=108: 154347 braids
    projlen=109: 348621 braids
    projlen=110: 154761 braids
    projlen=111: 348487 braids
    projlen=112: 153754 braids
    projlen=113: 342143 braids
    projlen=114: 147736 braids
    projlen=115: 116338 braids
  Braids kept: 1091993 (in 29 buckets, 2.80 GB CPU)
  ⚡ Timing: matmul=0.14s, sampling=7.69s, total=11.16s
============================================================
Level 170 - SAMPLING
============================================================
  Starting braids: 991993
  Candidates to generate: 5129177
  Processing in 52 chunks...
  Projlen distribution:
    projlen=88: 1 braids
    projlen=89: 50 braids
    projlen=90: 67 braids
    projlen=91: 634 braids
    projlen=92: 781 braids
    projlen=93: 10109 braids
    projlen=94: 8492 braids
    projlen=95: 110647 braids
    projlen=96: 73403 braids
    projlen=97: 285778 braids
    projlen=98: 175297 braids
    projlen=99: 363537 braids
    projlen=100: 167428 braids
    projlen=101: 358676 braids
    projlen=102: 158345 braids
    projlen=103: 354243 braids
    projlen=104: 154625 braids
    projlen=105: 350405 braids
    projlen=106: 154653 braids
    projlen=107: 349686 braids
    projlen=108: 154994 braids
    projlen=109: 347869 braids
    projlen=110: 155417 braids
    projlen=111: 347691 braids
    projlen=112: 155493 braids
    projlen=113: 346650 braids
    projlen=114: 152844 braids
    projlen=115: 310345 braids
    projlen=116: 81017 braids
  Braids kept: 1120134 (in 29 buckets, 2.89 GB CPU)
  ⚡ Timing: matmul=0.17s, sampling=8.08s, total=11.73s
============================================================
Level 171 - SAMPLING
============================================================
  Starting braids: 970134
  Candidates to generate: 5017898
  Processing in 51 chunks...
  Projlen distribution:
    projlen=88: 3 braids
    projlen=89: 13 braids
    projlen=90: 34 braids
    projlen=91: 458 braids
    projlen=92: 509 braids
    projlen=93: 4913 braids
    projlen=94: 4376 braids
    projlen=95: 53460 braids
    projlen=96: 37843 braids
    projlen=97: 268204 braids
    projlen=98: 176710 braids
    projlen=99: 363938 braids
    projlen=100: 169244 braids
    projlen=101: 358566 braids
    projlen=102: 158618 braids
    projlen=103: 355566 braids
    projlen=104: 155678 braids
    projlen=105: 352485 braids
    projlen=106: 154230 braids
    projlen=107: 350844 braids
    projlen=108: 154994 braids
    projlen=109: 349426 braids
    projlen=110: 155313 braids
    projlen=111: 347235 braids
    projlen=112: 156416 braids
    projlen=113: 346025 braids
    projlen=114: 154253 braids
    projlen=115: 307965 braids
    projlen=116: 80579 braids
  Braids kept: 1098149 (in 29 buckets, 2.84 GB CPU)
  ⚡ Timing: matmul=0.14s, sampling=7.90s, total=11.49s
============================================================
Level 172 - SAMPLING
============================================================
  Starting braids: 998149
  Candidates to generate: 5138753
  Processing in 52 chunks...
  Projlen distribution:
    projlen=88: 2 braids
    projlen=89: 11 braids
    projlen=90: 30 braids
    projlen=91: 215 braids
    projlen=92: 264 braids
    projlen=93: 3354 braids
    projlen=94: 3025 braids
    projlen=95: 29418 braids
    projlen=96: 22052 braids
    projlen=97: 247918 braids
    projlen=98: 160434 braids
    projlen=99: 337019 braids
    projlen=100: 173474 braids
    projlen=101: 358980 braids
    projlen=102: 159233 braids
    projlen=103: 354662 braids
    projlen=104: 155610 braids
    projlen=105: 352304 braids
    projlen=106: 154258 braids
    projlen=107: 350515 braids
    projlen=108: 153380 braids
    projlen=109: 349899 braids
    projlen=110: 155180 braids
    projlen=111: 348619 braids
    projlen=112: 156378 braids
    projlen=113: 347001 braids
    projlen=114: 157195 braids
    projlen=115: 339635 braids
    projlen=116: 151881 braids
    projlen=117: 116807 braids
  Braids kept: 1108371 (in 30 buckets, 2.89 GB CPU)
  ⚡ Timing: matmul=0.15s, sampling=8.12s, total=11.83s
============================================================
Level 173 - SAMPLING
============================================================
  Starting braids: 958371
  Candidates to generate: 4928079
  Processing in 50 chunks...
  Projlen distribution:
    projlen=88: 2 braids
    projlen=89: 4 braids
    projlen=90: 12 braids
    projlen=91: 170 braids
    projlen=92: 218 braids
    projlen=93: 1753 braids
    projlen=94: 1750 braids
    projlen=95: 20291 braids
    projlen=96: 15809 braids
    projlen=97: 150026 braids
    projlen=98: 95922 braids
    projlen=99: 297398 braids
    projlen=100: 176167 braids
    projlen=101: 361414 braids
    projlen=102: 163333 braids
    projlen=103: 354837 braids
    projlen=104: 155576 braids
    projlen=105: 351577 braids
    projlen=106: 153881 braids
    projlen=107: 350966 braids
    projlen=108: 153762 braids
    projlen=109: 349899 braids
    projlen=110: 153201 braids
    projlen=111: 349032 braids
    projlen=112: 156162 braids
    projlen=113: 347757 braids
    projlen=114: 157097 braids
    projlen=115: 340565 braids
    projlen=116: 153678 braids
    projlen=117: 115820 braids
  Braids kept: 1090009 (in 30 buckets, 2.85 GB CPU)
  ⚡ Timing: matmul=0.18s, sampling=7.90s, total=11.50s
============================================================
Level 174 - SAMPLING
============================================================
  Starting braids: 990009
  Candidates to generate: 5118061
  Processing in 52 chunks...
  Projlen distribution:
    projlen=88: 1 braids
    projlen=89: 5 braids
    projlen=90: 9 braids
    projlen=91: 88 braids
    projlen=92: 104 braids
    projlen=93: 1331 braids
    projlen=94: 1338 braids
    projlen=95: 11531 braids
    projlen=96: 9299 braids
    projlen=97: 103188 braids
    projlen=98: 68668 braids
    projlen=99: 285812 braids
    projlen=100: 176581 braids
    projlen=101: 362727 braids
    projlen=102: 168523 braids
    projlen=103: 357035 braids
    projlen=104: 157939 braids
    projlen=105: 352411 braids
    projlen=106: 154689 braids
    projlen=107: 350219 braids
    projlen=108: 153017 braids
    projlen=109: 349942 braids
    projlen=110: 153466 braids
    projlen=111: 348526 braids
    projlen=112: 152766 braids
    projlen=113: 348337 braids
    projlen=114: 156685 braids
    projlen=115: 345868 braids
    projlen=116: 158023 braids
    projlen=117: 308624 braids
    projlen=118: 81309 braids
  Braids kept: 1123706 (in 31 buckets, 2.96 GB CPU)
  ⚡ Timing: matmul=0.14s, sampling=8.35s, total=12.04s
============================================================
Level 175 - SAMPLING
============================================================
  Starting braids: 973706
  Candidates to generate: 5029296
  Processing in 51 chunks...
