============================================================
SEARCHING FOR KERNEL ELEMENTS
============================================================
Braid group: B_4
Representation: (3, 1)
Dimension: 3
Number of simples: 24
Prime: 7
Device: cuda
Bucket size: 50000
Target length: 300
BFS frontier length: 8
Frontier shard: 11/64
Degree window: [0, 900] (901 coeffs)
Boundary margin: 16
Use best: 1000000
Save best: 50000
Expansion chunk size: 100000
Matmul chunk size: 8000
Seed: 70010

Loaded tables from /nfs/roberts/project/pi_com36/as4843/burau-experiments/precomputed_tables/tables_B4_r1_p7.pt
  Braid group: B_4
  Representation: (3, 1), dimension 3
  Number of simples: 24
  Degree window: [0, 900] (901 coefficients)
  Table checksum: 812f436d5d2d17cd22ee17ad7df33b681151037863def03032587a5c5ef7a9e4
✓ Identity matrix loaded at degree 0

Precomputing FFTs of simple matrices...
  simple_D=4, safety_cap_D=901
  FFT size: dynamic (grows with actual projective width)
  FFT cache: initialized lazily by transform size
Storage: reservoir matrices=CPU int16, active chunks=CUDA int16/FFT
⚡ GPU-accelerated paper reservoir with per-product projectivization

============================================================
Level 8 - BFS FRONTIER
============================================================
  Exhaustively enumerating all legal GNF words of length 8...
  Full frontier: 4,963,856 braids
  Assigned to this shard: 77,561 braids
  Projlen distribution:
    projlen=14: 2 braids
    projlen=15: 13 braids
    projlen=16: 100 braids
    projlen=17: 8947 braids
    projlen=18: 11703 braids
    projlen=19: 21849 braids
    projlen=20: 16574 braids
    projlen=21: 12112 braids
    projlen=22: 4670 braids
    projlen=23: 1393 braids
    projlen=24: 185 braids
    projlen=25: 13 braids
  Braids kept: 77561 (in 12 buckets, 0.03 GB CPU)
  ⚡ Timing: matmul=6.59s, sampling=0.00s, total=6.59s
============================================================
Level 9 - SAMPLING
============================================================
  Starting braids: 77561
  Candidates to generate: 422541
  Processing in 5 chunks...
  Projlen distribution:
    projlen=15: 3 braids
    projlen=16: 15 braids
    projlen=17: 175 braids
    projlen=18: 615 braids
    projlen=19: 41469 braids
    projlen=20: 54150 braids
    projlen=21: 110083 braids
    projlen=22: 89945 braids
    projlen=23: 75409 braids
    projlen=24: 34346 braids
    projlen=25: 13203 braids
    projlen=26: 2743 braids
    projlen=27: 365 braids
    projlen=28: 20 braids
  Braids kept: 292954 (in 14 buckets, 0.13 GB CPU)
  ⚡ Timing: matmul=0.02s, sampling=0.16s, total=0.25s
============================================================
Level 10 - SAMPLING
============================================================
  Starting braids: 292954
  Candidates to generate: 1591242
  Processing in 16 chunks...
  Projlen distribution:
    projlen=17: 37 braids
    projlen=18: 158 braids
    projlen=19: 1534 braids
    projlen=20: 3896 braids
    projlen=21: 187634 braids
    projlen=22: 227094 braids
    projlen=23: 311471 braids
    projlen=24: 246269 braids
    projlen=25: 282860 braids
    projlen=26: 185395 braids
    projlen=27: 108986 braids
    projlen=28: 29308 braids
    projlen=29: 5962 braids
    projlen=30: 604 braids
    projlen=31: 34 braids
  Braids kept: 391533 (in 15 buckets, 0.19 GB CPU)
  ⚡ Timing: matmul=0.04s, sampling=0.66s, total=0.92s
============================================================
Level 11 - SAMPLING
============================================================
  Starting braids: 391533
  Candidates to generate: 2112799
  Processing in 22 chunks...
  Projlen distribution:
    projlen=17: 2 braids
    projlen=18: 14 braids
    projlen=19: 461 braids
    projlen=20: 1232 braids
    projlen=21: 10053 braids
    projlen=22: 17527 braids
    projlen=23: 230426 braids
    projlen=24: 243735 braids
    projlen=25: 304675 braids
    projlen=26: 247773 braids
    projlen=27: 295983 braids
    projlen=28: 246363 braids
    projlen=29: 267486 braids
    projlen=30: 162513 braids
    projlen=31: 72340 braids
    projlen=32: 11032 braids
    projlen=33: 1136 braids
    projlen=34: 48 braids
  Braids kept: 491505 (in 18 buckets, 0.26 GB CPU)
  ⚡ Timing: matmul=0.08s, sampling=0.89s, total=1.37s
============================================================
Level 12 - SAMPLING
============================================================
  Starting braids: 491505
  Candidates to generate: 2654995
  Processing in 27 chunks...
  Projlen distribution:
    projlen=18: 2 braids
    projlen=19: 24 braids
    projlen=20: 136 braids
    projlen=21: 3537 braids
    projlen=22: 7022 braids
    projlen=23: 53738 braids
    projlen=24: 76995 braids
    projlen=25: 262717 braids
    projlen=26: 240147 braids
    projlen=27: 303299 braids
    projlen=28: 250638 braids
    projlen=29: 290810 braids
    projlen=30: 254399 braids
    projlen=31: 286412 braids
    projlen=32: 242438 braids
    projlen=33: 248102 braids
    projlen=34: 109992 braids
    projlen=35: 22693 braids
    projlen=36: 1810 braids
    projlen=37: 84 braids
  Braids kept: 635308 (in 20 buckets, 0.36 GB CPU)
  ⚡ Timing: matmul=0.07s, sampling=1.23s, total=1.84s
============================================================
Level 13 - SAMPLING
============================================================
  Starting braids: 635308
  Candidates to generate: 3454826
  Processing in 35 chunks...
  Projlen distribution:
    projlen=19: 6 braids
    projlen=20: 19 braids
    projlen=21: 378 braids
    projlen=22: 1079 braids
    projlen=23: 20424 braids
    projlen=24: 35093 braids
    projlen=25: 235307 braids
    projlen=26: 253439 braids
    projlen=27: 328279 braids
    projlen=28: 236649 braids
    projlen=29: 302964 braids
    projlen=30: 252925 braids
    projlen=31: 287045 braids
    projlen=32: 257144 braids
    projlen=33: 285158 braids
    projlen=34: 256496 braids
    projlen=35: 278762 braids
    projlen=36: 223542 braids
    projlen=37: 156651 braids
    projlen=38: 39992 braids
    projlen=39: 3362 braids
    projlen=40: 112 braids
  Braids kept: 750465 (in 22 buckets, 0.46 GB CPU)
  ⚡ Timing: matmul=0.09s, sampling=1.53s, total=2.35s
============================================================
Level 14 - SAMPLING
============================================================
  Starting braids: 750465
  Candidates to generate: 4063367
  Processing in 41 chunks...
  Projlen distribution:
    projlen=20: 1 braids
    projlen=21: 70 braids
    projlen=22: 187 braids
    projlen=23: 3158 braids
    projlen=24: 6700 braids
    projlen=25: 101248 braids
    projlen=26: 150082 braids
    projlen=27: 297557 braids
    projlen=28: 246522 braids
    projlen=29: 312969 braids
    projlen=30: 235885 braids
    projlen=31: 300375 braids
    projlen=32: 254698 braids
    projlen=33: 284945 braids
    projlen=34: 261142 braids
    projlen=35: 283776 braids
    projlen=36: 260051 braids
    projlen=37: 284807 braids
    projlen=38: 251396 braids
    projlen=39: 261030 braids
    projlen=40: 181871 braids
    projlen=41: 79539 braids
    projlen=42: 5158 braids
    projlen=43: 200 braids
  Braids kept: 865474 (in 24 buckets, 0.57 GB CPU)
  ⚡ Timing: matmul=0.11s, sampling=2.01s, total=3.03s
============================================================
Level 15 - SAMPLING
============================================================
  Starting braids: 865474
  Candidates to generate: 4691810
  Processing in 47 chunks...
  Projlen distribution:
    projlen=21: 3 braids
    projlen=22: 23 braids
    projlen=23: 627 braids
    projlen=24: 1404 braids
    projlen=25: 19483 braids
    projlen=26: 31328 braids
    projlen=27: 236264 braids
    projlen=28: 255289 braids
    projlen=29: 317599 braids
    projlen=30: 241067 braids
    projlen=31: 306588 braids
    projlen=32: 240239 braids
    projlen=33: 296308 braids
    projlen=34: 257225 braids
    projlen=35: 283588 braids
    projlen=36: 262836 braids
    projlen=37: 281376 braids
    projlen=38: 262926 braids
    projlen=39: 282457 braids
    projlen=40: 260153 braids
    projlen=41: 279901 braids
    projlen=42: 240109 braids
    projlen=43: 236235 braids
    projlen=44: 89000 braids
    projlen=45: 9526 braids
    projlen=46: 256 braids
  Braids kept: 962650 (in 26 buckets, 0.67 GB CPU)
  ⚡ Timing: matmul=0.12s, sampling=2.67s, total=3.90s
============================================================
Level 16 - SAMPLING
============================================================
  Starting braids: 962650
  Candidates to generate: 5219956
  Processing in 53 chunks...
  Projlen distribution:
    projlen=22: 1 braids
    projlen=23: 54 braids
    projlen=24: 229 braids
    projlen=25: 4437 braids
    projlen=26: 8169 braids
    projlen=27: 100501 braids
    projlen=28: 136336 braids
    projlen=29: 292708 braids
    projlen=30: 247219 braids
    projlen=31: 308394 braids
    projlen=32: 242792 braids
    projlen=33: 300767 braids
    projlen=34: 245573 braids
    projlen=35: 292898 braids
    projlen=36: 257904 braids
    projlen=37: 282855 braids
    projlen=38: 264420 braids
    projlen=39: 280056 braids
    projlen=40: 265156 braids
    projlen=41: 281340 braids
    projlen=42: 263605 braids
    projlen=43: 281318 braids
    projlen=44: 255824 braids
    projlen=45: 268363 braids
    projlen=46: 210369 braids
    projlen=47: 114078 braids
    projlen=48: 14126 braids
    projlen=49: 464 braids
  Braids kept: 1077480 (in 28 buckets, 0.79 GB CPU)
  ⚡ Timing: matmul=0.13s, sampling=3.19s, total=4.63s
============================================================
Level 17 - SAMPLING
============================================================
  Starting braids: 962890
  Candidates to generate: 5289348
  Processing in 53 chunks...
  Projlen distribution:
    projlen=24: 25 braids
    projlen=25: 629 braids
    projlen=26: 1630 braids
    projlen=27: 24086 braids
    projlen=28: 37656 braids
    projlen=29: 241461 braids
    projlen=30: 250296 braids
    projlen=31: 321871 braids
    projlen=32: 240336 braids
    projlen=33: 304125 braids
    projlen=34: 246258 braids
    projlen=35: 294729 braids
    projlen=36: 248897 braids
    projlen=37: 288798 braids
    projlen=38: 259453 braids
    projlen=39: 281208 braids
    projlen=40: 265746 braids
    projlen=41: 278881 braids
    projlen=42: 267798 braids
    projlen=43: 278778 braids
    projlen=44: 266554 braids
    projlen=45: 278159 braids
    projlen=46: 257345 braids
    projlen=47: 260233 braids
    projlen=48: 94396 braids
  Braids kept: 1064026 (in 25 buckets, 0.80 GB CPU)
  ⚡ Timing: matmul=0.14s, sampling=2.99s, total=4.42s
============================================================
Level 18 - SAMPLING
============================================================
  Starting braids: 964026
  Candidates to generate: 5294622
  Processing in 53 chunks...
  Projlen distribution:
    projlen=24: 3 braids
    projlen=25: 76 braids
    projlen=26: 285 braids
    projlen=27: 4631 braids
    projlen=28: 9195 braids
    projlen=29: 118688 braids
    projlen=30: 162063 braids
    projlen=31: 305546 braids
    projlen=32: 242559 braids
    projlen=33: 311795 braids
    projlen=34: 241610 braids
    projlen=35: 299320 braids
    projlen=36: 249633 braids
    projlen=37: 289833 braids
    projlen=38: 253519 braids
    projlen=39: 285812 braids
    projlen=40: 261080 braids
    projlen=41: 280150 braids
    projlen=42: 266644 braids
    projlen=43: 277562 braids
    projlen=44: 267887 braids
    projlen=45: 276905 braids
    projlen=46: 266768 braids
    projlen=47: 273225 braids
    projlen=48: 249916 braids
    projlen=49: 99917 braids
  Braids kept: 1064190 (in 26 buckets, 0.83 GB CPU)
  ⚡ Timing: matmul=0.14s, sampling=3.38s, total=4.88s
============================================================
Level 19 - SAMPLING
============================================================
  Starting braids: 964190
  Candidates to generate: 5296680
  Processing in 53 chunks...
  Projlen distribution:
    projlen=24: 1 braids
    projlen=25: 15 braids
    projlen=26: 100 braids
    projlen=27: 978 braids
    projlen=28: 2328 braids
    projlen=29: 26144 braids
    projlen=30: 41196 braids
    projlen=31: 241524 braids
    projlen=32: 250443 braids
    projlen=33: 318430 braids
    projlen=34: 237246 braids
    projlen=35: 307287 braids
    projlen=36: 244182 braids
    projlen=37: 294557 braids
    projlen=38: 253179 braids
    projlen=39: 286475 braids
    projlen=40: 257240 braids
    projlen=41: 282972 braids
    projlen=42: 262970 braids
    projlen=43: 280055 braids
    projlen=44: 268024 braids
    projlen=45: 276973 braids
    projlen=46: 268393 braids
    projlen=47: 274369 braids
    projlen=48: 265441 braids
    projlen=49: 258417 braids
    projlen=50: 97741 braids
  Braids kept: 1070762 (in 27 buckets, 0.85 GB CPU)
  ⚡ Timing: matmul=0.14s, sampling=3.43s, total=4.94s
============================================================
Level 20 - SAMPLING
============================================================
  Starting braids: 970762
  Candidates to generate: 5340724
  Processing in 54 chunks...
  Projlen distribution:
    projlen=25: 5 braids
    projlen=26: 36 braids
    projlen=27: 273 braids
    projlen=28: 963 braids
    projlen=29: 7645 braids
    projlen=30: 12902 braids
    projlen=31: 131673 braids
    projlen=32: 177538 braids
    projlen=33: 312785 braids
    projlen=34: 243910 braids
    projlen=35: 310082 braids
    projlen=36: 240485 braids
    projlen=37: 301146 braids
    projlen=38: 247851 braids
    projlen=39: 290612 braids
    projlen=40: 256318 braids
    projlen=41: 284363 braids
    projlen=42: 260862 braids
    projlen=43: 281465 braids
    projlen=44: 264476 braids
    projlen=45: 279266 braids
    projlen=46: 268078 braids
    projlen=47: 275969 braids
    projlen=48: 268167 braids
    projlen=49: 271174 braids
    projlen=50: 253170 braids
    projlen=51: 99510 braids
  Braids kept: 1071824 (in 27 buckets, 0.88 GB CPU)
  ⚡ Timing: matmul=0.14s, sampling=3.15s, total=4.62s
============================================================
Level 21 - SAMPLING
============================================================
  Starting braids: 971824
  Candidates to generate: 5345134
  Processing in 54 chunks...
  Projlen distribution:
    projlen=23: 1 braids
    projlen=24: 1 braids
    projlen=25: 4 braids
    projlen=26: 18 braids
    projlen=27: 110 braids
    projlen=28: 411 braids
    projlen=29: 2668 braids
    projlen=30: 5958 braids
    projlen=31: 43226 braids
    projlen=32: 57775 braids
    projlen=33: 250600 braids
    projlen=34: 251838 braids
    projlen=35: 317502 braids
    projlen=36: 238892 braids
    projlen=37: 306457 braids
    projlen=38: 244521 braids
    projlen=39: 294468 braids
    projlen=40: 251525 braids
    projlen=41: 287754 braids
    projlen=42: 258914 braids
    projlen=43: 281390 braids
    projlen=44: 262927 braids
    projlen=45: 279714 braids
    projlen=46: 265820 braids
    projlen=47: 277753 braids
    projlen=48: 268615 braids
    projlen=49: 274930 braids
    projlen=50: 266314 braids
    projlen=51: 256999 braids
    projlen=52: 98029 braids
  Braids kept: 1102397 (in 30 buckets, 0.92 GB CPU)
  ⚡ Timing: matmul=0.14s, sampling=3.66s, total=5.23s
============================================================
Level 22 - SAMPLING
============================================================
  Starting braids: 952397
  Candidates to generate: 5251247
  Processing in 53 chunks...
  Projlen distribution:
    projlen=23: 3 braids
    projlen=24: 3 braids
    projlen=25: 12 braids
    projlen=26: 15 braids
    projlen=27: 57 braids
    projlen=28: 169 braids
    projlen=29: 1099 braids
    projlen=30: 2819 braids
    projlen=31: 16946 braids
    projlen=32: 30912 braids
    projlen=33: 211422 braids
    projlen=34: 232415 braids
    projlen=35: 331044 braids
    projlen=36: 242995 braids
    projlen=37: 309160 braids
    projlen=38: 242152 braids
    projlen=39: 299647 braids
    projlen=40: 248135 braids
    projlen=41: 290647 braids
    projlen=42: 255394 braids
    projlen=43: 285166 braids
    projlen=44: 261987 braids
    projlen=45: 279813 braids
    projlen=46: 265661 braids
    projlen=47: 278022 braids
    projlen=48: 266774 braids
    projlen=49: 276396 braids
    projlen=50: 266265 braids
    projlen=51: 258397 braids
    projlen=52: 97720 braids
  Braids kept: 1052035 (in 30 buckets, 0.89 GB CPU)
  ⚡ Timing: matmul=0.13s, sampling=3.66s, total=5.21s
============================================================
Level 23 - SAMPLING
============================================================
  Starting braids: 952035
  Candidates to generate: 5236289
  Processing in 53 chunks...
  Projlen distribution:
    projlen=24: 1 braids
    projlen=25: 18 braids
    projlen=26: 15 braids
    projlen=27: 81 braids
    projlen=28: 119 braids
    projlen=29: 525 braids
    projlen=30: 1328 braids
    projlen=31: 7328 braids
    projlen=32: 15591 braids
    projlen=33: 86826 braids
    projlen=34: 133731 braids
    projlen=35: 289485 braids
    projlen=36: 243794 braids
    projlen=37: 316008 braids
    projlen=38: 237566 braids
    projlen=39: 304699 braids
    projlen=40: 245844 braids
    projlen=41: 293785 braids
    projlen=42: 251713 braids
    projlen=43: 287858 braids
    projlen=44: 259769 braids
    projlen=45: 282618 braids
    projlen=46: 264070 braids
    projlen=47: 278550 braids
    projlen=48: 266800 braids
    projlen=49: 276480 braids
    projlen=50: 267541 braids
    projlen=51: 272643 braids
    projlen=52: 252114 braids
    projlen=53: 99389 braids
  Braids kept: 1075006 (in 30 buckets, 0.93 GB CPU)
  ⚡ Timing: matmul=0.13s, sampling=3.80s, total=5.36s
============================================================
Level 24 - SAMPLING
============================================================
  Starting braids: 975006
  Candidates to generate: 5364638
  Processing in 54 chunks...
  Projlen distribution:
    projlen=26: 8 braids
    projlen=27: 93 braids
    projlen=28: 87 braids
    projlen=29: 520 braids
    projlen=30: 851 braids
    projlen=31: 3617 braids
    projlen=32: 8009 braids
    projlen=33: 38846 braids
    projlen=34: 71286 braids
    projlen=35: 244340 braids
    projlen=36: 259939 braids
    projlen=37: 317395 braids
    projlen=38: 238622 braids
    projlen=39: 309603 braids
    projlen=40: 240620 braids
    projlen=41: 299024 braids
    projlen=42: 249636 braids
    projlen=43: 289859 braids
    projlen=44: 255325 braids
    projlen=45: 284583 braids
    projlen=46: 262705 braids
    projlen=47: 280520 braids
    projlen=48: 266104 braids
    projlen=49: 277720 braids
    projlen=50: 268721 braids
    projlen=51: 274502 braids
    projlen=52: 265781 braids
    projlen=53: 258158 braids
    projlen=54: 98164 braids
  Braids kept: 1102031 (in 29 buckets, 0.97 GB CPU)
  ⚡ Timing: matmul=0.14s, sampling=3.89s, total=5.51s
============================================================
Level 25 - SAMPLING
============================================================
  Starting braids: 952031
  Candidates to generate: 5243987
  Processing in 53 chunks...
  Projlen distribution:
    projlen=27: 4 braids
    projlen=28: 57 braids
    projlen=29: 483 braids
    projlen=30: 551 braids
    projlen=31: 3101 braids
    projlen=32: 5038 braids
    projlen=33: 20925 braids
    projlen=34: 40505 braids
    projlen=35: 181140 braids
    projlen=36: 242429 braids
    projlen=37: 315214 braids
    projlen=38: 253077 braids
    projlen=39: 306149 braids
    projlen=40: 241631 braids
    projlen=41: 303721 braids
    projlen=42: 244746 braids
    projlen=43: 294197 braids
    projlen=44: 252653 braids
    projlen=45: 287904 braids
    projlen=46: 259401 braids
    projlen=47: 282639 braids
    projlen=48: 264501 braids
    projlen=49: 278341 braids
    projlen=50: 267324 braids
    projlen=51: 276242 braids
    projlen=52: 266401 braids
    projlen=53: 257806 braids
    projlen=54: 97807 braids
  Braids kept: 1070664 (in 28 buckets, 0.95 GB CPU)
  ⚡ Timing: matmul=0.13s, sampling=3.76s, total=5.36s
============================================================
Level 26 - SAMPLING
============================================================
  Starting braids: 970664
  Candidates to generate: 5341584
  Processing in 54 chunks...
  Projlen distribution:
    projlen=27: 5 braids
    projlen=28: 9 braids
    projlen=29: 55 braids
    projlen=30: 368 braids
    projlen=31: 2520 braids
    projlen=32: 3190 braids
    projlen=33: 17101 braids
    projlen=34: 26099 braids
    projlen=35: 104367 braids
    projlen=36: 177445 braids
    projlen=37: 293271 braids
    projlen=38: 262710 braids
    projlen=39: 300362 braids
    projlen=40: 249450 braids
    projlen=41: 300636 braids
    projlen=42: 246395 braids
    projlen=43: 296845 braids
    projlen=44: 249126 braids
    projlen=45: 290698 braids
    projlen=46: 256216 braids
    projlen=47: 284863 braids
    projlen=48: 262444 braids
    projlen=49: 281305 braids
    projlen=50: 265393 braids
    projlen=51: 277177 braids
    projlen=52: 268042 braids
    projlen=53: 272138 braids
    projlen=54: 253561 braids
    projlen=55: 99793 braids
  Braids kept: 1099347 (in 29 buckets, 1.00 GB CPU)
  ⚡ Timing: matmul=0.14s, sampling=3.94s, total=5.56s
============================================================
Level 27 - SAMPLING
============================================================
  Starting braids: 999347
  Candidates to generate: 5492675
  Processing in 55 chunks...
  Projlen distribution:
    projlen=27: 3 braids
    projlen=28: 8 braids
    projlen=29: 42 braids
    projlen=30: 68 braids
    projlen=31: 518 braids
    projlen=32: 2064 braids
    projlen=33: 13002 braids
    projlen=34: 16967 braids
    projlen=35: 84110 braids
    projlen=36: 116732 braids
    projlen=37: 259272 braids
    projlen=38: 270035 braids
    projlen=39: 301191 braids
    projlen=40: 255565 braids
    projlen=41: 295817 braids
    projlen=42: 253194 braids
    projlen=43: 293534 braids
    projlen=44: 250365 braids
    projlen=45: 290374 braids
    projlen=46: 252381 braids
    projlen=47: 287057 braids
    projlen=48: 259432 braids
    projlen=49: 282680 braids
    projlen=50: 264233 braids
    projlen=51: 279904 braids
    projlen=52: 266049 braids
    projlen=53: 276479 braids
    projlen=54: 265794 braids
    projlen=55: 257512 braids
    projlen=56: 98293 braids
  Braids kept: 1132672 (in 30 buckets, 1.05 GB CPU)
  ⚡ Timing: matmul=0.14s, sampling=4.07s, total=5.75s
============================================================
Level 28 - SAMPLING
============================================================
  Starting braids: 982672
  Candidates to generate: 5401684
  Processing in 55 chunks...
  Projlen distribution:
    projlen=28: 4 braids
    projlen=29: 30 braids
    projlen=30: 60 braids
    projlen=31: 359 braids
    projlen=32: 484 braids
    projlen=33: 3545 braids
    projlen=34: 10908 braids
    projlen=35: 63186 braids
    projlen=36: 78637 braids
    projlen=37: 246668 braids
    projlen=38: 253117 braids
    projlen=39: 308690 braids
    projlen=40: 260320 braids
    projlen=41: 293199 braids
    projlen=42: 257593 braids
    projlen=43: 290512 braids
    projlen=44: 256772 braids
    projlen=45: 287700 braids
    projlen=46: 254427 braids
    projlen=47: 287126 braids
    projlen=48: 257264 braids
    projlen=49: 284829 braids
    projlen=50: 261617 braids
    projlen=51: 281172 braids
    projlen=52: 266150 braids
    projlen=53: 277732 braids
    projlen=54: 264853 braids
    projlen=55: 257537 braids
    projlen=56: 97193 braids
  Braids kept: 1115390 (in 29 buckets, 1.04 GB CPU)
  ⚡ Timing: matmul=0.14s, sampling=4.13s, total=5.81s
============================================================
Level 29 - SAMPLING
============================================================
  Starting braids: 965390
  Candidates to generate: 5308224
  Processing in 54 chunks...
  Projlen distribution:
    projlen=29: 3 braids
    projlen=30: 26 braids
    projlen=31: 213 braids
    projlen=32: 376 braids
    projlen=33: 2372 braids
    projlen=34: 3164 braids
    projlen=35: 20223 braids
    projlen=36: 51574 braids
    projlen=37: 234324 braids
    projlen=38: 243943 braids
    projlen=39: 318881 braids
    projlen=40: 248158 braids
    projlen=41: 299990 braids
    projlen=42: 255572 braids
    projlen=43: 289937 braids
    projlen=44: 259852 braids
    projlen=45: 285771 braids
    projlen=46: 259106 braids
    projlen=47: 284646 braids
    projlen=48: 259368 braids
    projlen=49: 284640 braids
    projlen=50: 260032 braids
    projlen=51: 282788 braids
    projlen=52: 263980 braids
    projlen=53: 278767 braids
    projlen=54: 263374 braids
    projlen=55: 259587 braids
    projlen=56: 97557 braids
  Braids kept: 1076377 (in 28 buckets, 1.02 GB CPU)
  ⚡ Timing: matmul=0.14s, sampling=4.06s, total=5.71s
============================================================
Level 30 - SAMPLING
============================================================
  Starting braids: 976377
  Candidates to generate: 5368823
  Processing in 54 chunks...
  Projlen distribution:
    projlen=30: 3 braids
    projlen=31: 41 braids
    projlen=32: 164 braids
    projlen=33: 1311 braids
    projlen=34: 2300 braids
    projlen=35: 13602 braids
    projlen=36: 17530 braids
    projlen=37: 101614 braids
    projlen=38: 213526 braids
    projlen=39: 316755 braids
    projlen=40: 243834 braids
    projlen=41: 308471 braids
    projlen=42: 243695 braids
    projlen=43: 296694 braids
    projlen=44: 255786 braids
    projlen=45: 287084 braids
    projlen=46: 262194 braids
    projlen=47: 281970 braids
    projlen=48: 262423 braids
    projlen=49: 281924 braids
    projlen=50: 262007 braids
    projlen=51: 281447 braids
    projlen=52: 262729 braids
    projlen=53: 281132 braids
    projlen=54: 264410 braids
    projlen=55: 275043 braids
    projlen=56: 251237 braids
    projlen=57: 99897 braids
  Braids kept: 1084951 (in 28 buckets, 1.05 GB CPU)
  ⚡ Timing: matmul=0.14s, sampling=4.12s, total=5.80s
============================================================
Level 31 - SAMPLING
============================================================
  Starting braids: 984951
  Candidates to generate: 5422949
  Processing in 55 chunks...
  Projlen distribution:
    projlen=29: 1 braids
    projlen=30: 2 braids
    projlen=31: 13 braids
    projlen=32: 20 braids
    projlen=33: 355 braids
    projlen=34: 1058 braids
    projlen=35: 7569 braids
    projlen=36: 12680 braids
    projlen=37: 69048 braids
    projlen=38: 81947 braids
    projlen=39: 247373 braids
    projlen=40: 278785 braids
    projlen=41: 299755 braids
    projlen=42: 245860 braids
    projlen=43: 303317 braids
    projlen=44: 245927 braids
    projlen=45: 293129 braids
    projlen=46: 257287 braids
    projlen=47: 283931 braids
    projlen=48: 263046 braids
    projlen=49: 279822 braids
    projlen=50: 264999 braids
    projlen=51: 279141 braids
    projlen=52: 264234 braids
    projlen=53: 279104 braids
    projlen=54: 264162 braids
    projlen=55: 278191 braids
    projlen=56: 264001 braids
    projlen=57: 260251 braids
    projlen=58: 97941 braids
  Braids kept: 1121698 (in 30 buckets, 1.10 GB CPU)
  ⚡ Timing: matmul=0.14s, sampling=4.27s, total=5.98s
============================================================
Level 32 - SAMPLING
============================================================
  Starting braids: 971698
  Candidates to generate: 5349850
  Processing in 54 chunks...
  Projlen distribution:
    projlen=27: 1 braids
    projlen=28: 1 braids
    projlen=29: 5 braids
    projlen=30: 6 braids
    projlen=31: 13 braids
    projlen=32: 24 braids
    projlen=33: 118 braids
    projlen=34: 213 braids
    projlen=35: 2608 braids
    projlen=36: 6126 braids
    projlen=37: 39335 braids
    projlen=38: 60470 braids
    projlen=39: 245045 braids
    projlen=40: 243755 braids
    projlen=41: 319061 braids
    projlen=42: 263537 braids
    projlen=43: 291783 braids
    projlen=44: 254105 braids
    projlen=45: 294873 braids
    projlen=46: 249049 braids
    projlen=47: 289092 braids
    projlen=48: 259048 braids
    projlen=49: 281939 braids
    projlen=50: 264650 braids
    projlen=51: 278011 braids
    projlen=52: 266680 braids
    projlen=53: 278238 braids
    projlen=54: 266158 braids
    projlen=55: 277384 braids
    projlen=56: 263076 braids
    projlen=57: 258671 braids
    projlen=58: 96775 braids
  Braids kept: 1098450 (in 32 buckets, 1.08 GB CPU)
  ⚡ Timing: matmul=0.14s, sampling=4.19s, total=5.87s
============================================================
Level 33 - SAMPLING
============================================================
  Starting braids: 998450
  Candidates to generate: 5495216
  Processing in 55 chunks...
  Projlen distribution:
    projlen=27: 4 braids
    projlen=28: 3 braids
    projlen=29: 9 braids
    projlen=30: 7 braids
    projlen=31: 44 braids
    projlen=32: 25 braids
    projlen=33: 141 braids
    projlen=34: 155 braids
    projlen=35: 983 braids
    projlen=36: 1712 braids
    projlen=37: 15837 braids
    projlen=38: 31588 braids
    projlen=39: 185726 braids
    projlen=40: 232589 braids
    projlen=41: 324766 braids
    projlen=42: 241764 braids
    projlen=43: 308221 braids
    projlen=44: 252845 braids
    projlen=45: 289468 braids
    projlen=46: 258892 braids
    projlen=47: 288522 braids
    projlen=48: 253451 braids
    projlen=49: 286788 braids
    projlen=50: 259926 braids
    projlen=51: 281389 braids
    projlen=52: 265498 braids
    projlen=53: 278496 braids
    projlen=54: 268261 braids
    projlen=55: 276919 braids
    projlen=56: 267406 braids
    projlen=57: 273465 braids
    projlen=58: 250735 braids
    projlen=59: 99581 braids
  Braids kept: 1100508 (in 33 buckets, 1.11 GB CPU)
  ⚡ Timing: matmul=0.14s, sampling=4.37s, total=6.15s
============================================================
Level 34 - SAMPLING
============================================================
  Starting braids: 950508
  Candidates to generate: 5232654
  Processing in 53 chunks...
  Projlen distribution:
    projlen=26: 1 braids
    projlen=27: 2 braids
    projlen=28: 3 braids
    projlen=29: 24 braids
    projlen=30: 17 braids
    projlen=31: 65 braids
    projlen=32: 42 braids
    projlen=33: 256 braids
    projlen=34: 186 braids
    projlen=35: 963 braids
    projlen=36: 1131 braids
    projlen=37: 6830 braids
    projlen=38: 10684 braids
    projlen=39: 80727 braids
    projlen=40: 136929 braids
    projlen=41: 281820 braids
    projlen=42: 253088 braids
    projlen=43: 309090 braids
    projlen=44: 239255 braids
    projlen=45: 303884 braids
    projlen=46: 251847 braids
    projlen=47: 287479 braids
    projlen=48: 260231 braids
    projlen=49: 285250 braids
    projlen=50: 258245 braids
    projlen=51: 284137 braids
    projlen=52: 262512 braids
    projlen=53: 279875 braids
    projlen=54: 267021 braids
    projlen=55: 277806 braids
    projlen=56: 268357 braids
    projlen=57: 273436 braids
    projlen=58: 252263 braids
    projlen=59: 99198 braids
  Braids kept: 1070204 (in 34 buckets, 1.09 GB CPU)
  ⚡ Timing: matmul=0.13s, sampling=4.27s, total=5.96s
============================================================
Level 35 - SAMPLING
============================================================
  Starting braids: 970204
  Candidates to generate: 5348846
  Processing in 54 chunks...
  Projlen distribution:
    projlen=27: 4 braids
    projlen=28: 3 braids
    projlen=29: 16 braids
    projlen=30: 11 braids
    projlen=31: 127 braids
    projlen=32: 83 braids
    projlen=33: 388 braids
    projlen=34: 244 braids
    projlen=35: 1428 braids
    projlen=36: 1177 braids
    projlen=37: 6125 braids
    projlen=38: 7112 braids
    projlen=39: 37939 braids
    projlen=40: 51706 braids
    projlen=41: 237097 braids
    projlen=42: 264098 braids
    projlen=43: 310853 braids
    projlen=44: 248559 braids
    projlen=45: 303277 braids
    projlen=46: 244484 braids
    projlen=47: 298090 braids
    projlen=48: 252552 braids
    projlen=49: 286136 braids
    projlen=50: 262184 braids
    projlen=51: 281443 braids
    projlen=52: 262049 braids
    projlen=53: 282258 braids
    projlen=54: 264871 braids
    projlen=55: 278515 braids
    projlen=56: 268393 braids
    projlen=57: 274896 braids
    projlen=58: 265939 braids
    projlen=59: 258461 braids
    projlen=60: 98328 braids
  Braids kept: 1104657 (in 34 buckets, 1.14 GB CPU)
  ⚡ Timing: matmul=0.14s, sampling=4.34s, total=6.07s
============================================================
Level 36 - SAMPLING
============================================================
  Starting braids: 954657
  Candidates to generate: 5266449
  Processing in 53 chunks...
  Projlen distribution:
    projlen=27: 3 braids
    projlen=28: 3 braids
    projlen=29: 26 braids
    projlen=30: 15 braids
    projlen=31: 83 braids
    projlen=32: 54 braids
    projlen=33: 641 braids
    projlen=34: 417 braids
    projlen=35: 2109 braids
    projlen=36: 1405 braids
    projlen=37: 7908 braids
    projlen=38: 6937 braids
    projlen=39: 34224 braids
    projlen=40: 37713 braids
    projlen=41: 189007 braids
    projlen=42: 224502 braids
    projlen=43: 325437 braids
    projlen=44: 254549 braids
    projlen=45: 301253 braids
    projlen=46: 249524 braids
    projlen=47: 297395 braids
    projlen=48: 248877 braids
    projlen=49: 292445 braids
    projlen=50: 254570 braids
    projlen=51: 284108 braids
    projlen=52: 264075 braids
    projlen=53: 280406 braids
    projlen=54: 264113 braids
    projlen=55: 279553 braids
    projlen=56: 266539 braids
    projlen=57: 277749 braids
    projlen=58: 266543 braids
    projlen=59: 256582 braids
    projlen=60: 97684 braids
  Braids kept: 1091538 (in 34 buckets, 1.13 GB CPU)
  ⚡ Timing: matmul=0.14s, sampling=4.29s, total=6.01s
============================================================
Level 37 - SAMPLING
============================================================
  Starting braids: 991538
  Candidates to generate: 5449124
  Processing in 55 chunks...
  Projlen distribution:
    projlen=29: 19 braids
    projlen=30: 16 braids
    projlen=31: 137 braids
    projlen=32: 81 braids
    projlen=33: 438 braids
    projlen=34: 287 braids
    projlen=35: 3162 braids
    projlen=36: 2112 braids
    projlen=37: 11153 braids
    projlen=38: 7815 braids
    projlen=39: 42011 braids
    projlen=40: 36611 braids
    projlen=41: 171580 braids
    projlen=42: 169425 braids
    projlen=43: 300942 braids
    projlen=44: 247874 braids
    projlen=45: 309849 braids
    projlen=46: 246135 braids
    projlen=47: 297298 braids
    projlen=48: 251640 braids
    projlen=49: 290074 braids
    projlen=50: 253397 braids
    projlen=51: 287893 braids
    projlen=52: 257129 braids
    projlen=53: 282219 braids
    projlen=54: 264481 braids
    projlen=55: 278515 braids
    projlen=56: 266120 braids
    projlen=57: 277943 braids
    projlen=58: 266022 braids
    projlen=59: 274005 braids
    projlen=60: 253405 braids
    projlen=61: 99336 braids
  Braids kept: 1153842 (in 33 buckets, 1.21 GB CPU)
  ⚡ Timing: matmul=0.14s, sampling=4.47s, total=6.27s
============================================================
Level 38 - SAMPLING
============================================================
  Starting braids: 953842
  Candidates to generate: 5237254
  Processing in 53 chunks...
  Projlen distribution:
    projlen=31: 98 braids
    projlen=32: 82 braids
    projlen=33: 676 braids
    projlen=34: 411 braids
    projlen=35: 2318 braids
    projlen=36: 1515 braids
    projlen=37: 15673 braids
    projlen=38: 10643 braids
    projlen=39: 57801 braids
    projlen=40: 40723 braids
    projlen=41: 206146 braids
    projlen=42: 166103 braids
    projlen=43: 304398 braids
    projlen=44: 232390 braids
    projlen=45: 319381 braids
    projlen=46: 240080 braids
    projlen=47: 304838 braids
    projlen=48: 248199 braids
    projlen=49: 294646 braids
    projlen=50: 256016 braids
    projlen=51: 286053 braids
    projlen=52: 257436 braids
    projlen=53: 285099 braids
    projlen=54: 260155 braids
    projlen=55: 280802 braids
    projlen=56: 266417 braids
    projlen=57: 277566 braids
    projlen=58: 265908 braids
    projlen=59: 258840 braids
    projlen=60: 96841 braids
  Braids kept: 1122139 (in 30 buckets, 1.17 GB CPU)
  ⚡ Timing: matmul=0.14s, sampling=4.38s, total=6.10s
============================================================
Level 39 - SAMPLING
============================================================
  Starting braids: 972139
  Candidates to generate: 5313573
  Processing in 54 chunks...
  Projlen distribution:
    projlen=32: 2 braids
    projlen=33: 505 braids
    projlen=34: 400 braids
    projlen=35: 3318 braids
    projlen=36: 2049 braids
    projlen=37: 12167 braids
    projlen=38: 7978 braids
    projlen=39: 77376 braids
    projlen=40: 51812 braids
    projlen=41: 251643 braids
    projlen=42: 172153 braids
    projlen=43: 322670 braids
    projlen=44: 213160 braids
    projlen=45: 328904 braids
    projlen=46: 228857 braids
    projlen=47: 312982 braids
    projlen=48: 239332 braids
    projlen=49: 299598 braids
    projlen=50: 249697 braids
    projlen=51: 289502 braids
    projlen=52: 258828 braids
    projlen=53: 284036 braids
    projlen=54: 261546 braids
    projlen=55: 283329 braids
    projlen=56: 262728 braids
    projlen=57: 278715 braids
    projlen=58: 263771 braids
    projlen=59: 258839 braids
    projlen=60: 97676 braids
  Braids kept: 1126419 (in 29 buckets, 1.18 GB CPU)
  ⚡ Timing: matmul=0.14s, sampling=4.44s, total=6.18s
============================================================
Level 40 - SAMPLING
============================================================
  Starting braids: 976419
  Candidates to generate: 5304985
  Processing in 54 chunks...
  Projlen distribution:
    projlen=33: 10 braids
    projlen=34: 15 braids
    projlen=35: 2580 braids
    projlen=36: 1920 braids
    projlen=37: 16342 braids
    projlen=38: 10155 braids
    projlen=39: 62380 braids
    projlen=40: 39081 braids
    projlen=41: 259388 braids
    projlen=42: 178747 braids
    projlen=43: 351848 braids
    projlen=44: 192080 braids
    projlen=45: 339844 braids
    projlen=46: 210041 braids
    projlen=47: 322874 braids
    projlen=48: 228508 braids
    projlen=49: 306759 braids
    projlen=50: 242727 braids
    projlen=51: 295430 braids
    projlen=52: 252791 braids
    projlen=53: 286201 braids
    projlen=54: 260234 braids
    projlen=55: 280920 braids
    projlen=56: 264501 braids
    projlen=57: 279957 braids
    projlen=58: 261981 braids
    projlen=59: 260790 braids
    projlen=60: 96881 braids
  Braids kept: 1120103 (in 28 buckets, 1.18 GB CPU)
  ⚡ Timing: matmul=0.13s, sampling=4.34s, total=6.08s
============================================================
Level 41 - SAMPLING
============================================================
  Starting braids: 970103
  Candidates to generate: 5250249
  Processing in 53 chunks...
  Projlen distribution:
    projlen=32: 1 braids
    projlen=33: 2 braids
    projlen=34: 6 braids
    projlen=35: 108 braids
    projlen=36: 124 braids
    projlen=37: 12906 braids
    projlen=38: 9314 braids
    projlen=39: 80203 braids
    projlen=40: 49439 braids
    projlen=41: 258303 braids
    projlen=42: 158538 braids
    projlen=43: 333366 braids
    projlen=44: 180783 braids
    projlen=45: 346033 braids
    projlen=46: 186619 braids
    projlen=47: 332994 braids
    projlen=48: 211062 braids
    projlen=49: 316030 braids
    projlen=50: 232684 braids
    projlen=51: 301215 braids
    projlen=52: 247759 braids
    projlen=53: 291268 braids
    projlen=54: 256201 braids
    projlen=55: 283909 braids
    projlen=56: 262055 braids
    projlen=57: 279031 braids
    projlen=58: 263896 braids
    projlen=59: 259263 braids
    projlen=60: 97137 braids
  Braids kept: 1121900 (in 29 buckets, 1.18 GB CPU)
  ⚡ Timing: matmul=0.14s, sampling=4.35s, total=6.08s
============================================================
Level 42 - SAMPLING
============================================================
  Starting braids: 971900
  Candidates to generate: 5216968
  Processing in 53 chunks...
  Projlen distribution:
    projlen=33: 4 braids
    projlen=34: 3 braids
    projlen=35: 36 braids
    projlen=36: 46 braids
    projlen=37: 824 braids
    projlen=38: 889 braids
    projlen=39: 62489 braids
    projlen=40: 42987 braids
    projlen=41: 264905 braids
    projlen=42: 169969 braids
    projlen=43: 358706 braids
    projlen=44: 174769 braids
    projlen=45: 356021 braids
    projlen=46: 174289 braids
    projlen=47: 341551 braids
    projlen=48: 188935 braids
    projlen=49: 326633 braids
    projlen=50: 216027 braids
    projlen=51: 310149 braids
    projlen=52: 236854 braids
    projlen=53: 296775 braids
    projlen=54: 251016 braids
    projlen=55: 287312 braids
    projlen=56: 258829 braids
    projlen=57: 280669 braids
    projlen=58: 260163 braids
    projlen=59: 259580 braids
    projlen=60: 96538 braids
  Braids kept: 1094789 (in 28 buckets, 1.16 GB CPU)
  ⚡ Timing: matmul=0.13s, sampling=4.32s, total=6.04s
============================================================
Level 43 - SAMPLING
============================================================
  Starting braids: 994789
  Candidates to generate: 5322321
  Processing in 54 chunks...
  Projlen distribution:
    projlen=33: 4 braids
    projlen=34: 2 braids
    projlen=35: 34 braids
    projlen=36: 28 braids
    projlen=37: 329 braids
    projlen=38: 359 braids
    projlen=39: 5374 braids
    projlen=40: 4844 braids
    projlen=41: 241669 braids
    projlen=42: 164699 braids
    projlen=43: 343248 braids
    projlen=44: 170337 braids
    projlen=45: 358476 braids
    projlen=46: 166906 braids
    projlen=47: 351287 braids
    projlen=48: 172555 braids
    projlen=49: 337763 braids
    projlen=50: 195909 braids
    projlen=51: 320990 braids
    projlen=52: 221490 braids
    projlen=53: 305895 braids
    projlen=54: 241967 braids
    projlen=55: 292966 braids
    projlen=56: 254445 braids
    projlen=57: 285050 braids
    projlen=58: 261180 braids
    projlen=59: 276003 braids
    projlen=60: 248502 braids
    projlen=61: 100010 braids
  Braids kept: 1060974 (in 29 buckets, 1.16 GB CPU)
  ⚡ Timing: matmul=0.14s, sampling=4.44s, total=6.21s
============================================================
Level 44 - SAMPLING
============================================================
  Starting braids: 960974
  Candidates to generate: 5123776
  Processing in 52 chunks...
  Projlen distribution:
    projlen=32: 1 braids
    projlen=33: 2 braids
    projlen=34: 3 braids
    projlen=35: 20 braids
    projlen=36: 24 braids
    projlen=37: 238 braids
    projlen=38: 245 braids
    projlen=39: 2384 braids
    projlen=40: 2088 braids
    projlen=41: 28306 braids
    projlen=42: 19249 braids
    projlen=43: 255121 braids
    projlen=44: 175716 braids
    projlen=45: 358650 braids
    projlen=46: 162052 braids
    projlen=47: 354249 braids
    projlen=48: 164995 braids
    projlen=49: 346127 braids
    projlen=50: 175444 braids
    projlen=51: 333057 braids
    projlen=52: 202718 braids
    projlen=53: 316845 braids
    projlen=54: 228324 braids
    projlen=55: 301858 braids
    projlen=56: 246131 braids
    projlen=57: 290612 braids
    projlen=58: 257364 braids
    projlen=59: 282516 braids
    projlen=60: 261513 braids
    projlen=61: 260774 braids
    projlen=62: 97150 braids
  Braids kept: 1052560 (in 31 buckets, 1.17 GB CPU)
  ⚡ Timing: matmul=0.13s, sampling=4.38s, total=6.10s
============================================================
Level 45 - SAMPLING
============================================================
  Starting braids: 952560
  Candidates to generate: 5077056
  Processing in 51 chunks...
  Projlen distribution:
    projlen=33: 4 braids
    projlen=34: 3 braids
    projlen=35: 17 braids
    projlen=36: 13 braids
    projlen=37: 159 braids
    projlen=38: 175 braids
    projlen=39: 1578 braids
    projlen=40: 1364 braids
    projlen=41: 13970 braids
    projlen=42: 10510 braids
    projlen=43: 135469 braids
    projlen=44: 86890 braids
    projlen=45: 290439 braids
    projlen=46: 174203 braids
    projlen=47: 356572 braids
    projlen=48: 158174 braids
    projlen=49: 350210 braids
    projlen=50: 166242 braids
    projlen=51: 341269 braids
    projlen=52: 180737 braids
    projlen=53: 328999 braids
    projlen=54: 209183 braids
    projlen=55: 312726 braids
    projlen=56: 235110 braids
    projlen=57: 297989 braids
    projlen=58: 250255 braids
    projlen=59: 287651 braids
    projlen=60: 258119 braids
    projlen=61: 278524 braids
    projlen=62: 249879 braids
    projlen=63: 100623 braids
  Braids kept: 1077793 (in 31 buckets, 1.22 GB CPU)
  ⚡ Timing: matmul=0.13s, sampling=4.40s, total=6.11s
============================================================
Level 46 - SAMPLING
============================================================
  Starting braids: 977793
  Candidates to generate: 5196629
  Processing in 52 chunks...
  Projlen distribution:
    projlen=33: 4 braids
    projlen=34: 2 braids
    projlen=35: 31 braids
    projlen=36: 19 braids
    projlen=37: 103 braids
    projlen=38: 89 braids
    projlen=39: 1127 braids
    projlen=40: 1010 braids
    projlen=41: 9092 braids
    projlen=42: 7002 braids
    projlen=43: 69493 braids
    projlen=44: 46391 braids
    projlen=45: 267615 braids
    projlen=46: 175646 braids
    projlen=47: 362568 braids
    projlen=48: 167665 braids
    projlen=49: 354271 braids
    projlen=50: 157331 braids
    projlen=51: 346601 braids
    projlen=52: 168518 braids
    projlen=53: 337520 braids
    projlen=54: 187483 braids
    projlen=55: 323466 braids
    projlen=56: 216710 braids
    projlen=57: 307973 braids
    projlen=58: 240412 braids
    projlen=59: 293839 braids
    projlen=60: 253443 braids
    projlen=61: 284459 braids
    projlen=62: 258250 braids
    projlen=63: 261788 braids
    projlen=64: 96708 braids
  Braids kept: 1114870 (in 32 buckets, 1.28 GB CPU)
  ⚡ Timing: matmul=0.14s, sampling=4.54s, total=6.32s
============================================================
Level 47 - SAMPLING
============================================================
  Starting braids: 964870
  Candidates to generate: 5109968
  Processing in 52 chunks...
  Projlen distribution:
    projlen=33: 3 braids
    projlen=34: 4 braids
    projlen=35: 21 braids
    projlen=36: 16 braids
    projlen=37: 175 braids
    projlen=38: 113 braids
    projlen=39: 666 braids
    projlen=40: 554 braids
    projlen=41: 6810 braids
    projlen=42: 5413 braids
    projlen=43: 47513 braids
    projlen=44: 32842 braids
    projlen=45: 257154 braids
    projlen=46: 168940 braids
    projlen=47: 350802 braids
    projlen=48: 171612 braids
    projlen=49: 357774 braids
    projlen=50: 159103 braids
    projlen=51: 351436 braids
    projlen=52: 157402 braids
    projlen=53: 344166 braids
    projlen=54: 172167 braids
    projlen=55: 333075 braids
    projlen=56: 194697 braids
    projlen=57: 319449 braids
    projlen=58: 223451 braids
    projlen=59: 303967 braids
    projlen=60: 245893 braids
    projlen=61: 290190 braids
    projlen=62: 254383 braids
    projlen=63: 264873 braids
    projlen=64: 95304 braids
  Braids kept: 1094130 (in 32 buckets, 1.26 GB CPU)
  ⚡ Timing: matmul=0.13s, sampling=4.50s, total=6.26s
============================================================
Level 48 - SAMPLING
============================================================
  Starting braids: 994130
  Candidates to generate: 5259908
  Processing in 53 chunks...
  Projlen distribution:
    projlen=35: 22 braids
    projlen=36: 20 braids
    projlen=37: 120 braids
    projlen=38: 93 braids
    projlen=39: 922 braids
    projlen=40: 657 braids
    projlen=41: 4057 braids
    projlen=42: 3224 braids
    projlen=43: 37174 braids
    projlen=44: 27006 braids
    projlen=45: 233569 braids
    projlen=46: 144885 braids
    projlen=47: 320850 braids
    projlen=48: 173498 braids
    projlen=49: 357857 braids
    projlen=50: 161180 braids
    projlen=51: 354160 braids
    projlen=52: 156007 braids
    projlen=53: 349141 braids
    projlen=54: 158393 braids
    projlen=55: 342179 braids
    projlen=56: 177151 braids
    projlen=57: 330248 braids
    projlen=58: 203624 braids
    projlen=59: 315489 braids
    projlen=60: 229748 braids
    projlen=61: 299993 braids
    projlen=62: 248407 braids
    projlen=63: 284111 braids
    projlen=64: 244127 braids
    projlen=65: 101996 braids
  Braids kept: 1123295 (in 31 buckets, 1.32 GB CPU)
  ⚡ Timing: matmul=0.18s, sampling=4.69s, total=7.22s
============================================================
Level 49 - SAMPLING
============================================================
  Starting braids: 973295
  Candidates to generate: 5124701
  Processing in 52 chunks...
  Projlen distribution:
    projlen=37: 120 braids
    projlen=38: 98 braids
    projlen=39: 685 braids
    projlen=40: 513 braids
    projlen=41: 4844 braids
    projlen=42: 3452 braids
    projlen=43: 23389 braids
    projlen=44: 16704 braids
    projlen=45: 182675 braids
    projlen=46: 117669 braids
    projlen=47: 308725 braids
    projlen=48: 174798 braids
    projlen=49: 361109 braids
    projlen=50: 164714 braids
    projlen=51: 354990 braids
    projlen=52: 157171 braids
    projlen=53: 351172 braids
    projlen=54: 155386 braids
    projlen=55: 347421 braids
    projlen=56: 160016 braids
    projlen=57: 339555 braids
    projlen=58: 182898 braids
    projlen=59: 326272 braids
    projlen=60: 211226 braids
    projlen=61: 310960 braids
    projlen=62: 234997 braids
    projlen=63: 293671 braids
    projlen=64: 236973 braids
    projlen=65: 102498 braids
  Braids kept: 1099805 (in 29 buckets, 1.30 GB CPU)
  ⚡ Timing: matmul=0.14s, sampling=4.66s, total=7.11s
============================================================
Level 50 - SAMPLING
============================================================
  Starting braids: 999805
  Candidates to generate: 5254777
  Processing in 53 chunks...
  Projlen distribution:
    projlen=38: 4 braids
    projlen=39: 646 braids
    projlen=40: 516 braids
    projlen=41: 3844 braids
    projlen=42: 2745 braids
    projlen=43: 25438 braids
    projlen=44: 17323 braids
    projlen=45: 119061 braids
    projlen=46: 73955 braids
    projlen=47: 285244 braids
    projlen=48: 176112 braids
    projlen=49: 362484 braids
    projlen=50: 167530 braids
    projlen=51: 357622 braids
    projlen=52: 158689 braids
    projlen=53: 352689 braids
    projlen=54: 155962 braids
    projlen=55: 350312 braids
    projlen=56: 156525 braids
    projlen=57: 346565 braids
    projlen=58: 162736 braids
    projlen=59: 336799 braids
    projlen=60: 189534 braids
    projlen=61: 321265 braids
    projlen=62: 218691 braids
    projlen=63: 305377 braids
    projlen=64: 238844 braids
    projlen=65: 274391 braids
    projlen=66: 93874 braids
  Braids kept: 1150516 (in 29 buckets, 1.37 GB CPU)
  ⚡ Timing: matmul=0.15s, sampling=4.80s, total=7.33s
============================================================
Level 51 - SAMPLING
============================================================
  Starting braids: 950516
  Candidates to generate: 4955198
  Processing in 50 chunks...
  Projlen distribution:
    projlen=38: 1 braids
    projlen=39: 22 braids
    projlen=40: 51 braids
    projlen=41: 3405 braids
    projlen=42: 2647 braids
    projlen=43: 20889 braids
    projlen=44: 14043 braids
    projlen=45: 125305 braids
    projlen=46: 78867 braids
    projlen=47: 285806 braids
    projlen=48: 173745 braids
    projlen=49: 362130 braids
    projlen=50: 169680 braids
    projlen=51: 357522 braids
    projlen=52: 159740 braids
    projlen=53: 354420 braids
    projlen=54: 156511 braids
    projlen=55: 350650 braids
    projlen=56: 155573 braids
    projlen=57: 348988 braids
    projlen=58: 157390 braids
    projlen=59: 345580 braids
    projlen=60: 166315 braids
    projlen=61: 334084 braids
    projlen=62: 196237 braids
    projlen=63: 314749 braids
    projlen=64: 212866 braids
    projlen=65: 107982 braids
  Braids kept: 1091058 (in 28 buckets, 1.30 GB CPU)
  ⚡ Timing: matmul=0.14s, sampling=4.48s, total=6.84s
============================================================
Level 52 - SAMPLING
============================================================
  Starting braids: 991058
  Candidates to generate: 5153484
  Processing in 52 chunks...
  Projlen distribution:
    projlen=38: 2 braids
    projlen=39: 4 braids
    projlen=40: 29 braids
    projlen=41: 301 braids
    projlen=42: 427 braids
    projlen=43: 17575 braids
    projlen=44: 12982 braids
    projlen=45: 103938 braids
    projlen=46: 64532 braids
    projlen=47: 278116 braids
    projlen=48: 173815 braids
    projlen=49: 361376 braids
    projlen=50: 169308 braids
    projlen=51: 357085 braids
    projlen=52: 160210 braids
    projlen=53: 353949 braids
    projlen=54: 157698 braids
    projlen=55: 351748 braids
    projlen=56: 155683 braids
    projlen=57: 347549 braids
    projlen=58: 155810 braids
    projlen=59: 347679 braids
    projlen=60: 158560 braids
    projlen=61: 343014 braids
    projlen=62: 170370 braids
    projlen=63: 330758 braids
    projlen=64: 202204 braids
    projlen=65: 291403 braids
    projlen=66: 87359 braids
  Braids kept: 1131320 (in 29 buckets, 1.36 GB CPU)
  ⚡ Timing: matmul=0.14s, sampling=4.72s, total=7.23s
============================================================
Level 53 - SAMPLING
============================================================
  Starting braids: 981320
  Candidates to generate: 5080632
  Processing in 51 chunks...
  Projlen distribution:
    projlen=39: 4 braids
    projlen=40: 22 braids
    projlen=41: 113 braids
    projlen=42: 270 braids
    projlen=43: 2505 braids
    projlen=44: 2635 braids
    projlen=45: 85200 braids
    projlen=46: 58023 braids
    projlen=47: 275420 braids
    projlen=48: 172489 braids
    projlen=49: 362836 braids
    projlen=50: 170718 braids
    projlen=51: 357093 braids
    projlen=52: 160008 braids
    projlen=53: 353470 braids
    projlen=54: 157038 braids
    projlen=55: 350306 braids
    projlen=56: 157218 braids
    projlen=57: 349547 braids
    projlen=58: 156102 braids
    projlen=59: 347592 braids
    projlen=60: 157160 braids
    projlen=61: 345903 braids
    projlen=62: 160257 braids
    projlen=63: 339800 braids
    projlen=64: 173925 braids
    projlen=65: 301886 braids
    projlen=66: 83092 braids
  Braids kept: 1105549 (in 28 buckets, 1.34 GB CPU)
  ⚡ Timing: matmul=0.15s, sampling=4.64s, total=7.10s
============================================================
Level 54 - SAMPLING
============================================================
  Starting braids: 955549
  Candidates to generate: 4935279
  Processing in 50 chunks...
  Projlen distribution:
    projlen=39: 3 braids
    projlen=40: 9 braids
    projlen=41: 57 braids
    projlen=42: 170 braids
    projlen=43: 1231 braids
    projlen=44: 1661 braids
    projlen=45: 15612 braids
    projlen=46: 12655 braids
    projlen=47: 251763 braids
    projlen=48: 175524 braids
    projlen=49: 362736 braids
    projlen=50: 170086 braids
    projlen=51: 358545 braids
    projlen=52: 161066 braids
    projlen=53: 354635 braids
    projlen=54: 157364 braids
    projlen=55: 350142 braids
    projlen=56: 156603 braids
    projlen=57: 348340 braids
    projlen=58: 157535 braids
    projlen=59: 347803 braids
    projlen=60: 156682 braids
    projlen=61: 346622 braids
    projlen=62: 158940 braids
    projlen=63: 342566 braids
    projlen=64: 161032 braids
    projlen=65: 305091 braids
    projlen=66: 80806 braids
  Braids kept: 1031398 (in 28 buckets, 1.27 GB CPU)
  ⚡ Timing: matmul=0.14s, sampling=4.51s, total=6.90s
============================================================
Level 55 - SAMPLING
============================================================
  Starting braids: 981398
  Candidates to generate: 5060494
  Processing in 51 chunks...
  Projlen distribution:
    projlen=40: 3 braids
    projlen=41: 46 braids
    projlen=42: 67 braids
    projlen=43: 604 braids
    projlen=44: 1138 braids
    projlen=45: 8748 braids
    projlen=46: 8999 braids
    projlen=47: 81657 braids
    projlen=48: 54822 braids
    projlen=49: 274351 braids
    projlen=50: 174081 braids
    projlen=51: 358595 braids
    projlen=52: 159922 braids
    projlen=53: 354998 braids
    projlen=54: 157625 braids
    projlen=55: 351267 braids
    projlen=56: 156565 braids
    projlen=57: 349035 braids
    projlen=58: 157965 braids
    projlen=59: 346907 braids
    projlen=60: 158815 braids
    projlen=61: 346138 braids
    projlen=62: 158171 braids
    projlen=63: 345584 braids
    projlen=64: 161409 braids
    projlen=65: 340446 braids
    projlen=66: 166230 braids
    projlen=67: 304578 braids
    projlen=68: 81728 braids
  Braids kept: 1119605 (in 29 buckets, 1.41 GB CPU)
  ⚡ Timing: matmul=0.14s, sampling=4.80s, total=7.31s
============================================================
Level 56 - SAMPLING
============================================================
  Starting braids: 969605
  Candidates to generate: 5018395
  Processing in 51 chunks...
  Projlen distribution:
    projlen=40: 1 braids
    projlen=41: 12 braids
    projlen=42: 35 braids
    projlen=43: 400 braids
    projlen=44: 440 braids
    projlen=45: 4534 braids
    projlen=46: 6461 braids
    projlen=47: 48466 braids
    projlen=48: 41729 braids
    projlen=49: 266638 braids
    projlen=50: 180908 braids
    projlen=51: 363198 braids
    projlen=52: 169720 braids
    projlen=53: 355809 braids
    projlen=54: 156941 braids
    projlen=55: 351072 braids
    projlen=56: 156543 braids
    projlen=57: 349138 braids
    projlen=58: 157205 braids
    projlen=59: 347718 braids
    projlen=60: 159008 braids
    projlen=61: 345445 braids
    projlen=62: 161716 braids
    projlen=63: 344094 braids
    projlen=64: 160765 braids
    projlen=65: 341655 braids
    projlen=66: 162324 braids
    projlen=67: 305155 braids
    projlen=68: 81265 braids
  Braids kept: 1102078 (in 29 buckets, 1.39 GB CPU)
  ⚡ Timing: matmul=0.13s, sampling=4.69s, total=7.18s
============================================================
Level 57 - SAMPLING
============================================================
  Starting braids: 952078
  Candidates to generate: 4953940
  Processing in 50 chunks...
  Projlen distribution:
    projlen=41: 6 braids
    projlen=42: 19 braids
    projlen=43: 164 braids
    projlen=44: 284 braids
    projlen=45: 2736 braids
    projlen=46: 2784 braids
    projlen=47: 27375 braids
    projlen=48: 33006 braids
    projlen=49: 240767 braids
    projlen=50: 185048 braids
    projlen=51: 338276 braids
    projlen=52: 178746 braids
    projlen=53: 358298 braids
    projlen=54: 160317 braids
    projlen=55: 352544 braids
    projlen=56: 155168 braids
    projlen=57: 349042 braids
    projlen=58: 156751 braids
    projlen=59: 347608 braids
    projlen=60: 158231 braids
    projlen=61: 345460 braids
    projlen=62: 160454 braids
    projlen=63: 343756 braids
    projlen=64: 164567 braids
    projlen=65: 341397 braids
    projlen=66: 163558 braids
    projlen=67: 305955 braids
    projlen=68: 81623 braids
  Braids kept: 1066374 (in 28 buckets, 1.36 GB CPU)
  ⚡ Timing: matmul=0.14s, sampling=4.63s, total=7.08s
============================================================
Level 58 - SAMPLING
============================================================
  Starting braids: 966374
  Candidates to generate: 5016840
  Processing in 51 chunks...
  Projlen distribution:
    projlen=42: 3 braids
    projlen=43: 98 braids
    projlen=44: 137 braids
    projlen=45: 1346 braids
    projlen=46: 1752 braids
    projlen=47: 16856 braids
    projlen=48: 14997 braids
    projlen=49: 141860 braids
    projlen=50: 141622 braids
    projlen=51: 310700 braids
    projlen=52: 203133 braids
    projlen=53: 348595 braids
    projlen=54: 172285 braids
    projlen=55: 353337 braids
    projlen=56: 157709 braids
    projlen=57: 351135 braids
    projlen=58: 155800 braids
    projlen=59: 347849 braids
    projlen=60: 157967 braids
    projlen=61: 345343 braids
    projlen=62: 159951 braids
    projlen=63: 343984 braids
    projlen=64: 164403 braids
    projlen=65: 342401 braids
    projlen=66: 168946 braids
    projlen=67: 334650 braids
    projlen=68: 164988 braids
    projlen=69: 114993 braids
  Braids kept: 1085189 (in 28 buckets, 1.40 GB CPU)
  ⚡ Timing: matmul=0.14s, sampling=4.77s, total=7.25s
============================================================
Level 59 - SAMPLING
============================================================
  Starting braids: 985189
  Candidates to generate: 5158043
  Processing in 52 chunks...
  Projlen distribution:
    projlen=43: 31 braids
    projlen=44: 50 braids
    projlen=45: 826 braids
    projlen=46: 891 braids
    projlen=47: 8873 braids
    projlen=48: 9663 braids
    projlen=49: 87616 braids
    projlen=50: 67703 braids
    projlen=51: 269599 braids
    projlen=52: 225333 braids
    projlen=53: 338273 braids
    projlen=54: 200776 braids
    projlen=55: 341470 braids
    projlen=56: 173929 braids
    projlen=57: 347488 braids
    projlen=58: 157670 braids
    projlen=59: 349079 braids
    projlen=60: 155793 braids
    projlen=61: 345756 braids
    projlen=62: 159302 braids
    projlen=63: 344381 braids
    projlen=64: 163596 braids
    projlen=65: 342664 braids
    projlen=66: 168487 braids
    projlen=67: 337889 braids
    projlen=68: 173949 braids
    projlen=69: 303814 braids
    projlen=70: 83142 braids
  Braids kept: 1120334 (in 28 buckets, 1.46 GB CPU)
  ⚡ Timing: matmul=0.15s, sampling=5.00s, total=7.52s
============================================================
Level 60 - SAMPLING
============================================================
  Starting braids: 970334
  Candidates to generate: 5101862
  Processing in 52 chunks...
  Projlen distribution:
    projlen=42: 3 braids
    projlen=43: 15 braids
    projlen=44: 30 braids
    projlen=45: 313 braids
    projlen=46: 369 braids
    projlen=47: 5552 braids
    projlen=48: 4980 braids
    projlen=49: 48260 braids
    projlen=50: 44742 braids
    projlen=51: 264091 braids
    projlen=52: 198020 braids
    projlen=53: 346995 braids
    projlen=54: 218756 braids
    projlen=55: 328786 braids
    projlen=56: 205472 braids
    projlen=57: 333340 braids
    projlen=58: 181241 braids
    projlen=59: 341878 braids
    projlen=60: 160373 braids
    projlen=61: 346903 braids
    projlen=62: 156905 braids
    projlen=63: 345528 braids
    projlen=64: 162121 braids
    projlen=65: 343157 braids
    projlen=66: 167975 braids
    projlen=67: 338344 braids
    projlen=68: 172077 braids
    projlen=69: 303064 braids
    projlen=70: 82572 braids
  Braids kept: 1104264 (in 29 buckets, 1.45 GB CPU)
  ⚡ Timing: matmul=0.14s, sampling=4.91s, total=7.41s
============================================================
Level 61 - SAMPLING
============================================================
  Starting braids: 954264
  Candidates to generate: 5052520
  Processing in 51 chunks...
  Projlen distribution:
    projlen=42: 1 braids
    projlen=43: 12 braids
    projlen=44: 16 braids
    projlen=45: 181 braids
    projlen=46: 213 braids
    projlen=47: 2490 braids
    projlen=48: 2424 braids
    projlen=49: 31628 braids
    projlen=50: 25571 braids
    projlen=51: 239041 braids
    projlen=52: 196530 braids
    projlen=53: 339595 braids
    projlen=54: 197419 braids
    projlen=55: 338724 braids
    projlen=56: 210862 braids
    projlen=57: 322185 braids
    projlen=58: 213817 braids
    projlen=59: 324997 braids
    projlen=60: 192591 braids
    projlen=61: 337480 braids
    projlen=62: 165336 braids
    projlen=63: 345208 braids
    projlen=64: 159471 braids
    projlen=65: 344780 braids
    projlen=66: 166086 braids
    projlen=67: 339235 braids
    projlen=68: 170734 braids
    projlen=69: 303421 braids
    projlen=70: 82472 braids
  Braids kept: 1062536 (in 29 buckets, 1.41 GB CPU)
  ⚡ Timing: matmul=0.14s, sampling=4.85s, total=7.34s
============================================================
Level 62 - SAMPLING
============================================================
  Starting braids: 962536
  Candidates to generate: 5089654
  Processing in 51 chunks...
  Projlen distribution:
    projlen=42: 1 braids
    projlen=43: 8 braids
    projlen=44: 13 braids
    projlen=45: 107 braids
    projlen=46: 131 braids
    projlen=47: 1412 braids
    projlen=48: 1436 braids
    projlen=49: 15862 braids
    projlen=50: 13248 braids
    projlen=51: 157011 braids
    projlen=52: 111064 braids
    projlen=53: 294891 braids
    projlen=54: 209912 braids
    projlen=55: 341262 braids
    projlen=56: 194073 braids
    projlen=57: 331845 braids
    projlen=58: 212718 braids
    projlen=59: 316535 braids
    projlen=60: 223706 braids
    projlen=61: 317538 braids
    projlen=62: 205968 braids
    projlen=63: 331512 braids
    projlen=64: 173531 braids
    projlen=65: 342013 braids
    projlen=66: 163037 braids
    projlen=67: 342319 braids
    projlen=68: 169426 braids
    projlen=69: 332260 braids
    projlen=70: 172489 braids
    projlen=71: 114326 braids
  Braids kept: 1082218 (in 30 buckets, 1.45 GB CPU)
  ⚡ Timing: matmul=0.17s, sampling=4.93s, total=7.46s
============================================================
Level 63 - SAMPLING
============================================================
  Starting braids: 982218
  Candidates to generate: 5232692
  Processing in 53 chunks...
  Projlen distribution:
    projlen=43: 3 braids
    projlen=44: 4 braids
    projlen=45: 81 braids
    projlen=46: 80 braids
    projlen=47: 828 braids
    projlen=48: 898 braids
    projlen=49: 9227 braids
    projlen=50: 7831 braids
    projlen=51: 81991 braids
    projlen=52: 57935 braids
    projlen=53: 273424 braids
    projlen=54: 187760 braids
    projlen=55: 348647 braids
    projlen=56: 204684 braids
    projlen=57: 333606 braids
    projlen=58: 199006 braids
    projlen=59: 324039 braids
    projlen=60: 217404 braids
    projlen=61: 310500 braids
    projlen=62: 232084 braids
    projlen=63: 309062 braids
    projlen=64: 218395 braids
    projlen=65: 324099 braids
    projlen=66: 185442 braids
    projlen=67: 338308 braids
    projlen=68: 168227 braids
    projlen=69: 337658 braids
    projlen=70: 174283 braids
    projlen=71: 303507 braids
    projlen=72: 83679 braids
  Braids kept: 1118952 (in 30 buckets, 1.52 GB CPU)
  ⚡ Timing: matmul=0.14s, sampling=5.25s, total=7.87s
============================================================
Level 64 - SAMPLING
============================================================
  Starting braids: 968952
  Candidates to generate: 5197530
  Processing in 52 chunks...
  Projlen distribution:
    projlen=44: 1 braids
    projlen=45: 35 braids
    projlen=46: 37 braids
    projlen=47: 551 braids
    projlen=48: 539 braids
    projlen=49: 5691 braids
    projlen=50: 5035 braids
    projlen=51: 49408 braids
    projlen=52: 35857 braids
    projlen=53: 263281 braids
    projlen=54: 184337 braids
    projlen=55: 358269 braids
    projlen=56: 185395 braids
    projlen=57: 343060 braids
    projlen=58: 200813 braids
    projlen=59: 327483 braids
    projlen=60: 208217 braids
    projlen=61: 318743 braids
    projlen=62: 224688 braids
    projlen=63: 306439 braids
    projlen=64: 238668 braids
    projlen=65: 302501 braids
    projlen=66: 230823 braids
    projlen=67: 316757 braids
    projlen=68: 199871 braids
    projlen=69: 330425 braids
    projlen=70: 173972 braids
    projlen=71: 303993 braids
    projlen=72: 82641 braids
  Braids kept: 1097154 (in 29 buckets, 1.50 GB CPU)
  ⚡ Timing: matmul=0.16s, sampling=5.07s, total=7.69s
============================================================
Level 65 - SAMPLING
============================================================
  Starting braids: 997154
  Candidates to generate: 5339756
  Processing in 54 chunks...
  Projlen distribution:
    projlen=44: 1 braids
    projlen=45: 5 braids
    projlen=46: 14 braids
    projlen=47: 250 braids
    projlen=48: 270 braids
    projlen=49: 3580 braids
    projlen=50: 3185 braids
    projlen=51: 33135 braids
    projlen=52: 25362 braids
    projlen=53: 242408 braids
    projlen=54: 157118 braids
    projlen=55: 326263 braids
    projlen=56: 182917 braids
    projlen=57: 351757 braids
    projlen=58: 178261 braids
    projlen=59: 336418 braids
    projlen=60: 203360 braids
    projlen=61: 320344 braids
    projlen=62: 216540 braids
    projlen=63: 311654 braids
    projlen=64: 231593 braids
    projlen=65: 301185 braids
    projlen=66: 245079 braids
    projlen=67: 296237 braids
    projlen=68: 240704 braids
    projlen=69: 308114 braids
    projlen=70: 213131 braids
    projlen=71: 318355 braids
    projlen=72: 179688 braids
    projlen=73: 112828 braids
  Braids kept: 1115802 (in 30 buckets, 1.55 GB CPU)
  ⚡ Timing: matmul=0.15s, sampling=5.39s, total=8.10s
============================================================
Level 66 - SAMPLING
============================================================
  Starting braids: 965802
  Candidates to generate: 5186730
  Processing in 52 chunks...
  Projlen distribution:
    projlen=45: 3 braids
    projlen=46: 5 braids
    projlen=47: 77 braids
    projlen=48: 133 braids
    projlen=49: 1710 braids
    projlen=50: 1777 braids
    projlen=51: 20952 braids
    projlen=52: 16492 braids
    projlen=53: 166206 braids
    projlen=54: 110074 braids
    projlen=55: 303466 braids
    projlen=56: 179460 braids
    projlen=57: 355891 braids
    projlen=58: 175671 braids
    projlen=59: 346280 braids
    projlen=60: 180218 braids
    projlen=61: 331610 braids
    projlen=62: 208944 braids
    projlen=63: 314906 braids
    projlen=64: 225945 braids
    projlen=65: 305489 braids
    projlen=66: 237561 braids
    projlen=67: 296298 braids
    projlen=68: 250078 braids
    projlen=69: 291972 braids
    projlen=70: 247877 braids
    projlen=71: 294851 braids
    projlen=72: 217808 braids
    projlen=73: 104976 braids
  Braids kept: 1091149 (in 29 buckets, 1.52 GB CPU)
  ⚡ Timing: matmul=0.18s, sampling=5.24s, total=7.89s
============================================================
Level 67 - SAMPLING
============================================================
  Starting braids: 991149
  Candidates to generate: 5324913
  Processing in 54 chunks...
  Projlen distribution:
    projlen=46: 1 braids
    projlen=47: 45 braids
    projlen=48: 71 braids
    projlen=49: 752 braids
    projlen=50: 956 braids
    projlen=51: 10941 braids
    projlen=52: 9265 braids
    projlen=53: 105813 braids
    projlen=54: 71612 braids
    projlen=55: 284713 braids
    projlen=56: 180225 braids
    projlen=57: 359575 braids
    projlen=58: 172559 braids
    projlen=59: 350516 braids
    projlen=60: 172484 braids
    projlen=61: 340629 braids
    projlen=62: 185789 braids
    projlen=63: 326598 braids
    projlen=64: 215094 braids
    projlen=65: 309991 braids
    projlen=66: 233972 braids
    projlen=67: 300019 braids
    projlen=68: 243705 braids
    projlen=69: 292725 braids
    projlen=70: 253913 braids
    projlen=71: 287119 braids
    projlen=72: 251329 braids
    projlen=73: 270206 braids
    projlen=74: 94296 braids
  Braids kept: 1122031 (in 29 buckets, 1.58 GB CPU)
  ⚡ Timing: matmul=0.21s, sampling=5.49s, total=8.28s
============================================================
Level 68 - SAMPLING
============================================================
  Starting braids: 972031
  Candidates to generate: 5202723
  Processing in 53 chunks...
  Projlen distribution:
    projlen=47: 16 braids
    projlen=48: 26 braids
    projlen=49: 418 braids
    projlen=50: 534 braids
    projlen=51: 5771 braids
    projlen=52: 5364 braids
    projlen=53: 57917 braids
    projlen=54: 41336 braids
    projlen=55: 267051 braids
    projlen=56: 179735 braids
    projlen=57: 361946 braids
    projlen=58: 175111 braids
    projlen=59: 354671 braids
    projlen=60: 166858 braids
    projlen=61: 346142 braids
    projlen=62: 175126 braids
    projlen=63: 335338 braids
    projlen=64: 193177 braids
    projlen=65: 321419 braids
    projlen=66: 220928 braids
    projlen=67: 305045 braids
    projlen=68: 240166 braids
    projlen=69: 295751 braids
    projlen=70: 249305 braids
    projlen=71: 288548 braids
    projlen=72: 254372 braids
    projlen=73: 264942 braids
    projlen=74: 95710 braids
  Braids kept: 1103465 (in 28 buckets, 1.56 GB CPU)
  ⚡ Timing: matmul=0.20s, sampling=5.30s, total=8.03s
============================================================
Level 69 - SAMPLING
============================================================
  Starting braids: 953465
  Candidates to generate: 5095219
  Processing in 51 chunks...
  Projlen distribution:
    projlen=46: 2 braids
    projlen=47: 8 braids
    projlen=48: 23 braids
    projlen=49: 170 braids
    projlen=50: 247 braids
    projlen=51: 3167 braids
    projlen=52: 3155 braids
    projlen=53: 33614 braids
    projlen=54: 26449 braids
    projlen=55: 252330 braids
    projlen=56: 167699 braids
    projlen=57: 341439 braids
    projlen=58: 177255 braids
    projlen=59: 357287 braids
    projlen=60: 167399 braids
    projlen=61: 350604 braids
    projlen=62: 166903 braids
    projlen=63: 340948 braids
    projlen=64: 180096 braids
    projlen=65: 330219 braids
    projlen=66: 201095 braids
    projlen=67: 317342 braids
    projlen=68: 227566 braids
    projlen=69: 301339 braids
    projlen=70: 245321 braids
    projlen=71: 291892 braids
    projlen=72: 249451 braids
    projlen=73: 267527 braids
    projlen=74: 94672 braids
  Braids kept: 1066835 (in 29 buckets, 1.52 GB CPU)
  ⚡ Timing: matmul=0.18s, sampling=5.15s, total=7.80s
============================================================
Level 70 - SAMPLING
============================================================
  Starting braids: 966835
  Candidates to generate: 5145939
  Processing in 52 chunks...
  Projlen distribution:
    projlen=46: 3 braids
    projlen=47: 3 braids
    projlen=48: 12 braids
    projlen=49: 117 braids
    projlen=50: 166 braids
    projlen=51: 1513 braids
    projlen=52: 1650 braids
    projlen=53: 19433 braids
    projlen=54: 16077 braids
    projlen=55: 168984 braids
    projlen=56: 114078 braids
    projlen=57: 305196 braids
    projlen=58: 179124 braids
    projlen=59: 357431 braids
    projlen=60: 168994 braids
    projlen=61: 352055 braids
    projlen=62: 166294 braids
    projlen=63: 345381 braids
    projlen=64: 169615 braids
    projlen=65: 336388 braids
    projlen=66: 186529 braids
    projlen=67: 325648 braids
    projlen=68: 208929 braids
    projlen=69: 312142 braids
    projlen=70: 234403 braids
    projlen=71: 298221 braids
    projlen=72: 249284 braids
    projlen=73: 284780 braids
    projlen=74: 241004 braids
    projlen=75: 102485 braids
  Braids kept: 1088974 (in 30 buckets, 1.58 GB CPU)
  ⚡ Timing: matmul=0.15s, sampling=5.33s, total=7.97s
============================================================
Level 71 - SAMPLING
============================================================
  Starting braids: 988974
  Candidates to generate: 5253344
  Processing in 53 chunks...
  Projlen distribution:
    projlen=45: 1 braids
    projlen=47: 12 braids
    projlen=48: 13 braids
    projlen=49: 60 braids
    projlen=50: 81 braids
    projlen=51: 975 braids
    projlen=52: 1040 braids
    projlen=53: 10335 braids
    projlen=54: 8824 braids
    projlen=55: 98862 braids
    projlen=56: 68826 braids
    projlen=57: 281793 braids
    projlen=58: 183094 braids
    projlen=59: 359393 braids
    projlen=60: 172631 braids
    projlen=61: 352537 braids
    projlen=62: 166244 braids
    projlen=63: 346579 braids
    projlen=64: 168611 braids
    projlen=65: 341276 braids
    projlen=66: 174671 braids
    projlen=67: 332064 braids
    projlen=68: 193853 braids
    projlen=69: 320275 braids
    projlen=70: 217635 braids
    projlen=71: 307176 braids
    projlen=72: 239142 braids
    projlen=73: 293442 braids
    projlen=74: 250601 braids
    projlen=75: 267640 braids
    projlen=76: 95658 braids
  Braids kept: 1121341 (in 31 buckets, 1.64 GB CPU)
  ⚡ Timing: matmul=0.18s, sampling=5.59s, total=8.38s
============================================================
Level 72 - SAMPLING
============================================================
  Starting braids: 971341
  Candidates to generate: 5144977
  Processing in 52 chunks...
  Projlen distribution:
    projlen=44: 2 braids
    projlen=45: 1 braids
    projlen=46: 4 braids
    projlen=47: 9 braids
    projlen=48: 7 braids
    projlen=49: 95 braids
    projlen=50: 87 braids
    projlen=51: 525 braids
    projlen=52: 551 braids
    projlen=53: 6555 braids
    projlen=54: 5530 braids
    projlen=55: 55421 braids
    projlen=56: 39937 braids
    projlen=57: 265308 braids
    projlen=58: 182521 braids
    projlen=59: 358803 braids
    projlen=60: 177977 braids
    projlen=61: 352958 braids
    projlen=62: 166311 braids
    projlen=63: 348411 braids
    projlen=64: 167654 braids
    projlen=65: 342903 braids
    projlen=66: 172783 braids
    projlen=67: 337386 braids
    projlen=68: 181497 braids
    projlen=69: 328699 braids
    projlen=70: 202450 braids
    projlen=71: 315447 braids
    projlen=72: 225316 braids
    projlen=73: 302483 braids
    projlen=74: 241768 braids
    projlen=75: 271805 braids
    projlen=76: 93773 braids
  Braids kept: 1103303 (in 33 buckets, 1.62 GB CPU)
  ⚡ Timing: matmul=0.15s, sampling=5.40s, total=8.07s
============================================================
Level 73 - SAMPLING
============================================================
  Starting braids: 953303
  Candidates to generate: 5050675
  Processing in 51 chunks...
  Projlen distribution:
    projlen=44: 4 braids
    projlen=45: 2 braids
    projlen=46: 9 braids
    projlen=47: 21 braids
    projlen=48: 18 braids
    projlen=49: 57 braids
    projlen=50: 50 braids
    projlen=51: 617 braids
    projlen=52: 550 braids
    projlen=53: 3752 braids
    projlen=54: 3283 braids
    projlen=55: 36495 braids
    projlen=56: 27254 braids
    projlen=57: 249957 braids
    projlen=58: 166556 braids
    projlen=59: 336532 braids
    projlen=60: 181110 braids
    projlen=61: 352967 braids
    projlen=62: 169633 braids
    projlen=63: 348281 braids
    projlen=64: 166992 braids
    projlen=65: 344328 braids
    projlen=66: 171123 braids
    projlen=67: 339350 braids
    projlen=68: 179536 braids
    projlen=69: 333485 braids
    projlen=70: 190389 braids
    projlen=71: 324097 braids
    projlen=72: 211902 braids
    projlen=73: 311922 braids
    projlen=74: 231093 braids
    projlen=75: 278138 braids
    projlen=76: 91172 braids
  Braids kept: 1072112 (in 33 buckets, 1.59 GB CPU)
  ⚡ Timing: matmul=0.27s, sampling=5.29s, total=8.06s
============================================================
Level 74 - SAMPLING
============================================================
  Starting braids: 972112
  Candidates to generate: 5133130
  Processing in 52 chunks...
  Projlen distribution:
    projlen=45: 12 braids
    projlen=46: 20 braids
    projlen=47: 37 braids
    projlen=48: 26 braids
    projlen=49: 140 braids
    projlen=50: 93 braids
    projlen=51: 364 braids
    projlen=52: 316 braids
    projlen=53: 3681 braids
    projlen=54: 3049 braids
    projlen=55: 22744 braids
    projlen=56: 17146 braids
    projlen=57: 179733 braids
    projlen=58: 117854 braids
    projlen=59: 305957 braids
    projlen=60: 181232 braids
    projlen=61: 356022 braids
    projlen=62: 173144 braids
    projlen=63: 348858 braids
    projlen=64: 170724 braids
    projlen=65: 343331 braids
    projlen=66: 170743 braids
    projlen=67: 339458 braids
    projlen=68: 176050 braids
    projlen=69: 333995 braids
    projlen=70: 186682 braids
    projlen=71: 328457 braids
    projlen=72: 199483 braids
    projlen=73: 319145 braids
    projlen=74: 219674 braids
    projlen=75: 303518 braids
    projlen=76: 225423 braids
    projlen=77: 106019 braids
  Braids kept: 1097628 (in 33 buckets, 1.64 GB CPU)
  ⚡ Timing: matmul=0.14s, sampling=5.46s, total=8.16s
============================================================
Level 75 - SAMPLING
============================================================
  Starting braids: 997628
  Candidates to generate: 5276896
  Processing in 53 chunks...
  Projlen distribution:
    projlen=47: 113 braids
    projlen=48: 96 braids
    projlen=49: 236 braids
    projlen=50: 126 braids
    projlen=51: 792 braids
    projlen=52: 521 braids
    projlen=53: 2342 braids
    projlen=54: 1865 braids
    projlen=55: 20630 braids
    projlen=56: 15414 braids
    projlen=57: 116050 braids
    projlen=58: 75203 braids
    projlen=59: 284184 braids
    projlen=60: 178615 braids
    projlen=61: 358121 braids
    projlen=62: 174620 braids
    projlen=63: 350731 braids
    projlen=64: 170868 braids
    projlen=65: 343371 braids
    projlen=66: 174852 braids
    projlen=67: 338984 braids
    projlen=68: 176864 braids
    projlen=69: 336736 braids
    projlen=70: 184244 braids
    projlen=71: 330186 braids
    projlen=72: 195859 braids
    projlen=73: 323785 braids
    projlen=74: 209206 braids
    projlen=75: 313303 braids
    projlen=76: 225125 braids
    projlen=77: 282606 braids
    projlen=78: 91248 braids
  Braids kept: 1142135 (in 32 buckets, 1.73 GB CPU)
  ⚡ Timing: matmul=0.15s, sampling=5.68s, total=8.47s
============================================================
Level 76 - SAMPLING
============================================================
  Starting braids: 992135
  Candidates to generate: 5243049
  Processing in 53 chunks...
  Projlen distribution:
    projlen=47: 5 braids
    projlen=48: 5 braids
    projlen=49: 642 braids
    projlen=50: 487 braids
    projlen=51: 1341 braids
    projlen=52: 699 braids
    projlen=53: 4384 braids
    projlen=54: 2891 braids
    projlen=55: 13926 braids
    projlen=56: 9672 braids
    projlen=57: 103111 braids
    projlen=58: 69076 braids
    projlen=59: 281647 braids
    projlen=60: 177961 braids
    projlen=61: 361648 braids
    projlen=62: 174014 braids
    projlen=63: 353470 braids
    projlen=64: 169304 braids
    projlen=65: 345894 braids
    projlen=66: 173808 braids
    projlen=67: 337845 braids
    projlen=68: 181247 braids
    projlen=69: 334123 braids
    projlen=70: 185661 braids
    projlen=71: 330651 braids
    projlen=72: 192493 braids
    projlen=73: 325990 braids
    projlen=74: 205112 braids
    projlen=75: 316816 braids
    projlen=76: 215496 braids
    projlen=77: 285157 braids
    projlen=78: 88473 braids
  Braids kept: 1134052 (in 32 buckets, 1.72 GB CPU)
  ⚡ Timing: matmul=0.15s, sampling=5.68s, total=8.46s
============================================================
Level 77 - SAMPLING
============================================================
  Starting braids: 984052
  Candidates to generate: 5194304
  Processing in 52 chunks...
  Projlen distribution:
    projlen=47: 4 braids
    projlen=48: 2 braids
    projlen=49: 41 braids
    projlen=50: 55 braids
    projlen=51: 3272 braids
    projlen=52: 2361 braids
    projlen=53: 7396 braids
    projlen=54: 3846 braids
    projlen=55: 23551 braids
    projlen=56: 14683 braids
    projlen=57: 72038 braids
    projlen=58: 44671 braids
    projlen=59: 267573 braids
    projlen=60: 178122 braids
    projlen=61: 361865 braids
    projlen=62: 174726 braids
    projlen=63: 355576 braids
    projlen=64: 165026 braids
    projlen=65: 349169 braids
    projlen=66: 170672 braids
    projlen=67: 340615 braids
    projlen=68: 178323 braids
    projlen=69: 333650 braids
    projlen=70: 189198 braids
    projlen=71: 328775 braids
    projlen=72: 195178 braids
    projlen=73: 324992 braids
    projlen=74: 202511 braids
    projlen=75: 319113 braids
    projlen=76: 211814 braids
    projlen=77: 287606 braids
    projlen=78: 87880 braids
  Braids kept: 1149882 (in 32 buckets, 1.74 GB CPU)
  ⚡ Timing: matmul=0.16s, sampling=5.52s, total=8.25s
============================================================
Level 78 - SAMPLING
============================================================
  Starting braids: 999882
  Candidates to generate: 5278758
  Processing in 53 chunks...
  Projlen distribution:
    projlen=47: 2 braids
    projlen=48: 3 braids
    projlen=49: 21 braids
    projlen=50: 31 braids
    projlen=51: 323 braids
    projlen=52: 408 braids
    projlen=53: 16113 braids
    projlen=54: 11183 braids
    projlen=55: 39406 braids
    projlen=56: 20599 braids
    projlen=57: 117496 braids
    projlen=58: 70414 braids
    projlen=59: 272554 braids
    projlen=60: 165659 braids
    projlen=61: 349039 braids
    projlen=62: 175380 braids
    projlen=63: 356896 braids
    projlen=64: 166114 braids
    projlen=65: 351265 braids
    projlen=66: 163806 braids
    projlen=67: 344380 braids
    projlen=68: 173507 braids
    projlen=69: 336404 braids
    projlen=70: 185622 braids
    projlen=71: 328830 braids
    projlen=72: 198337 braids
    projlen=73: 323715 braids
    projlen=74: 205521 braids
    projlen=75: 318239 braids
    projlen=76: 211250 braids
    projlen=77: 288799 braids
    projlen=78: 87442 braids
  Braids kept: 1188089 (in 32 buckets, 1.80 GB CPU)
  ⚡ Timing: matmul=0.16s, sampling=5.68s, total=8.47s
============================================================
Level 79 - SAMPLING
============================================================
  Starting braids: 988089
  Candidates to generate: 5180607
  Processing in 52 chunks...
  Projlen distribution:
    projlen=48: 2 braids
    projlen=49: 12 braids
    projlen=50: 26 braids
    projlen=51: 191 braids
    projlen=52: 217 braids
    projlen=53: 2417 braids
    projlen=54: 2445 braids
    projlen=55: 77738 braids
    projlen=56: 52165 braids
    projlen=57: 196878 braids
    projlen=58: 101253 braids
    projlen=59: 289570 braids
    projlen=60: 170351 braids
    projlen=61: 359023 braids
    projlen=62: 172837 braids
    projlen=63: 357180 braids
    projlen=64: 165640 braids
    projlen=65: 352151 braids
    projlen=66: 164234 braids
    projlen=67: 345851 braids
    projlen=68: 166032 braids
    projlen=69: 341864 braids
    projlen=70: 179593 braids
    projlen=71: 332423 braids
    projlen=72: 194040 braids
    projlen=73: 323276 braids
    projlen=74: 207284 braids
    projlen=75: 313362 braids
    projlen=76: 204630 braids
    projlen=77: 107922 braids
  Braids kept: 1155310 (in 30 buckets, 1.74 GB CPU)
  ⚡ Timing: matmul=0.15s, sampling=5.65s, total=8.39s
============================================================
Level 80 - SAMPLING
============================================================
  Starting braids: 955310
  Candidates to generate: 4984774
  Processing in 50 chunks...
  Projlen distribution:
    projlen=48: 1 braids
    projlen=49: 8 braids
    projlen=50: 21 braids
    projlen=51: 134 braids
    projlen=52: 158 braids
    projlen=53: 1539 braids
    projlen=54: 1387 braids
    projlen=55: 14814 braids
    projlen=56: 11862 braids
    projlen=57: 247484 braids
    projlen=58: 171839 braids
    projlen=59: 355248 braids
    projlen=60: 164493 braids
    projlen=61: 358828 braids
    projlen=62: 167546 braids
    projlen=63: 355842 braids
    projlen=64: 164255 braids
    projlen=65: 352399 braids
    projlen=66: 162688 braids
    projlen=67: 347353 braids
    projlen=68: 165298 braids
    projlen=69: 342501 braids
    projlen=70: 169914 braids
    projlen=71: 337101 braids
    projlen=72: 186274 braids
    projlen=73: 326793 braids
    projlen=74: 200712 braids
    projlen=75: 291924 braids
    projlen=76: 86358 braids
  Braids kept: 1029924 (in 29 buckets, 1.56 GB CPU)
  ⚡ Timing: matmul=0.15s, sampling=5.13s, total=7.74s
============================================================
Level 81 - SAMPLING
============================================================
  Starting braids: 979924
  Candidates to generate: 5111812
  Processing in 52 chunks...
  Projlen distribution:
    projlen=49: 4 braids
    projlen=50: 8 braids
    projlen=51: 107 braids
    projlen=52: 137 braids
    projlen=53: 1014 braids
    projlen=54: 935 braids
    projlen=55: 9777 braids
    projlen=56: 7608 braids
    projlen=57: 77538 braids
    projlen=58: 50023 braids
    projlen=59: 270431 braids
    projlen=60: 172538 braids
    projlen=61: 356432 braids
    projlen=62: 158386 braids
    projlen=63: 356094 braids
    projlen=64: 160167 braids
    projlen=65: 352735 braids
    projlen=66: 161764 braids
    projlen=67: 348201 braids
    projlen=68: 163912 braids
    projlen=69: 344844 braids
    projlen=70: 169356 braids
    projlen=71: 339686 braids
    projlen=72: 175940 braids
    projlen=73: 332652 braids
    projlen=74: 193379 braids
    projlen=75: 320779 braids
    projlen=76: 210585 braids
    projlen=77: 287963 braids
    projlen=78: 88817 braids
  Braids kept: 1119590 (in 30 buckets, 1.72 GB CPU)
  ⚡ Timing: matmul=0.14s, sampling=5.61s, total=8.33s
============================================================
Level 82 - SAMPLING
============================================================
  Starting braids: 969590
  Candidates to generate: 5055594
  Processing in 51 chunks...
  Projlen distribution:
    projlen=49: 3 braids
    projlen=50: 4 braids
    projlen=51: 48 braids
    projlen=52: 57 braids
    projlen=53: 813 braids
    projlen=54: 787 braids
    projlen=55: 6350 braids
    projlen=56: 4966 braids
    projlen=57: 51796 braids
    projlen=58: 35447 braids
    projlen=59: 265716 braids
    projlen=60: 175239 braids
    projlen=61: 362776 braids
    projlen=62: 169426 braids
    projlen=63: 354848 braids
    projlen=64: 155912 braids
    projlen=65: 352191 braids
    projlen=66: 156990 braids
    projlen=67: 349117 braids
    projlen=68: 162124 braids
    projlen=69: 344771 braids
    projlen=70: 166531 braids
    projlen=71: 340815 braids
    projlen=72: 174493 braids
    projlen=73: 335551 braids
    projlen=74: 183489 braids
    projlen=75: 327530 braids
    projlen=76: 199259 braids
    projlen=77: 291948 braids
    projlen=78: 86597 braids
  Braids kept: 1098475 (in 30 buckets, 1.70 GB CPU)
  ⚡ Timing: matmul=0.14s, sampling=5.43s, total=8.12s
============================================================
Level 83 - SAMPLING
============================================================
  Starting braids: 998475
  Candidates to generate: 5201317
  Processing in 53 chunks...
  Projlen distribution:
    projlen=51: 29 braids
    projlen=52: 32 braids
    projlen=53: 380 braids
    projlen=54: 376 braids
    projlen=55: 5109 braids
    projlen=56: 4236 braids
    projlen=57: 34987 braids
    projlen=58: 24568 braids
    projlen=59: 244459 braids
    projlen=60: 153666 braids
    projlen=61: 328585 braids
    projlen=62: 172931 braids
    projlen=63: 360535 braids
    projlen=64: 159579 braids
    projlen=65: 354146 braids
    projlen=66: 155031 braids
    projlen=67: 350885 braids
    projlen=68: 156722 braids
    projlen=69: 347264 braids
    projlen=70: 164389 braids
    projlen=71: 342319 braids
    projlen=72: 171726 braids
    projlen=73: 336913 braids
    projlen=74: 180852 braids
    projlen=75: 330759 braids
    projlen=76: 191938 braids
    projlen=77: 318229 braids
    projlen=78: 200210 braids
    projlen=79: 110462 braids
  Braids kept: 1119717 (in 29 buckets, 1.75 GB CPU)
  ⚡ Timing: matmul=0.14s, sampling=5.71s, total=8.49s
============================================================
Level 84 - SAMPLING
============================================================
  Starting braids: 969717
  Candidates to generate: 5032019
  Processing in 51 chunks...
  Projlen distribution:
    projlen=50: 1 braids
    projlen=51: 2 braids
    projlen=52: 8 braids
    projlen=53: 196 braids
    projlen=54: 223 braids
    projlen=55: 2508 braids
    projlen=56: 2215 braids
    projlen=57: 28640 braids
    projlen=58: 21002 braids
    projlen=59: 172287 braids
    projlen=60: 107154 braids
    projlen=61: 301066 braids
    projlen=62: 174238 braids
    projlen=63: 360541 braids
    projlen=64: 163249 braids
    projlen=65: 356146 braids
    projlen=66: 155500 braids
    projlen=67: 351371 braids
    projlen=68: 154607 braids
    projlen=69: 349529 braids
    projlen=70: 156786 braids
    projlen=71: 344309 braids
    projlen=72: 167812 braids
    projlen=73: 338845 braids
    projlen=74: 177970 braids
    projlen=75: 333158 braids
    projlen=76: 188140 braids
    projlen=77: 320766 braids
    projlen=78: 192954 braids
    projlen=79: 110796 braids
  Braids kept: 1104795 (in 30 buckets, 1.74 GB CPU)
  ⚡ Timing: matmul=0.14s, sampling=5.50s, total=8.21s
============================================================
Level 85 - SAMPLING
============================================================
  Starting braids: 954795
  Candidates to generate: 4945219
  Processing in 50 chunks...
  Projlen distribution:
    projlen=51: 4 braids
    projlen=52: 4 braids
    projlen=53: 35 braids
    projlen=54: 74 braids
    projlen=55: 1370 braids
    projlen=56: 1313 braids
    projlen=57: 14896 braids
    projlen=58: 11354 braids
    projlen=59: 141019 braids
    projlen=60: 91833 braids
    projlen=61: 294060 braids
    projlen=62: 173935 braids
    projlen=63: 360893 braids
    projlen=64: 166747 braids
    projlen=65: 356672 braids
    projlen=66: 157097 braids
    projlen=67: 352396 braids
    projlen=68: 154045 braids
    projlen=69: 349441 braids
    projlen=70: 153617 braids
    projlen=71: 347704 braids
    projlen=72: 157591 braids
    projlen=73: 342750 braids
    projlen=74: 171683 braids
    projlen=75: 335174 braids
    projlen=76: 185267 braids
    projlen=77: 323253 braids
    projlen=78: 189674 braids
    projlen=79: 111318 braids
  Braids kept: 1079050 (in 29 buckets, 1.71 GB CPU)
  ⚡ Timing: matmul=0.14s, sampling=5.36s, total=8.01s
============================================================
Level 86 - SAMPLING
============================================================
  Starting braids: 979050
  Candidates to generate: 5086518
  Processing in 51 chunks...
  Projlen distribution:
    projlen=50: 1 braids
    projlen=51: 2 braids
    projlen=52: 5 braids
    projlen=53: 41 braids
    projlen=54: 45 braids
    projlen=55: 409 braids
    projlen=56: 550 braids
    projlen=57: 8464 braids
    projlen=58: 6984 braids
    projlen=59: 75607 braids
    projlen=60: 49921 braids
    projlen=61: 273046 braids
    projlen=62: 176077 braids
    projlen=63: 362298 braids
    projlen=64: 168217 braids
    projlen=65: 357724 braids
    projlen=66: 158909 braids
    projlen=67: 354382 braids
    projlen=68: 155275 braids
    projlen=69: 350818 braids
    projlen=70: 153794 braids
    projlen=71: 348798 braids
    projlen=72: 153690 braids
    projlen=73: 347825 braids
    projlen=74: 159715 braids
    projlen=75: 340831 braids
    projlen=76: 177141 braids
    projlen=77: 330479 braids
    projlen=78: 193233 braids
    projlen=79: 296325 braids
    projlen=80: 85912 braids
  Braids kept: 1116422 (in 31 buckets, 1.78 GB CPU)
  ⚡ Timing: matmul=0.15s, sampling=5.61s, total=8.35s
============================================================
Level 87 - SAMPLING
============================================================
  Starting braids: 966422
  Candidates to generate: 5011622
  Processing in 51 chunks...
  Projlen distribution:
    projlen=50: 1 braids
    projlen=51: 2 braids
    projlen=52: 5 braids
    projlen=53: 27 braids
    projlen=54: 40 braids
    projlen=55: 319 braids
    projlen=56: 338 braids
    projlen=57: 3340 braids
    projlen=58: 3131 braids
    projlen=59: 44717 braids
    projlen=60: 32458 braids
    projlen=61: 263998 braids
    projlen=62: 175429 braids
    projlen=63: 364000 braids
    projlen=64: 171911 braids
    projlen=65: 357988 braids
    projlen=66: 160048 braids
    projlen=67: 355462 braids
    projlen=68: 156371 braids
    projlen=69: 350464 braids
    projlen=70: 153940 braids
    projlen=71: 350277 braids
    projlen=72: 153686 braids
    projlen=73: 347996 braids
    projlen=74: 153784 braids
    projlen=75: 346217 braids
    projlen=76: 161841 braids
    projlen=77: 338582 braids
    projlen=78: 182096 braids
    projlen=79: 298818 braids
    projlen=80: 84336 braids
  Braids kept: 1084378 (in 31 buckets, 1.74 GB CPU)
  ⚡ Timing: matmul=0.14s, sampling=5.59s, total=8.30s
============================================================
Level 88 - SAMPLING
============================================================
  Starting braids: 984378
  Candidates to generate: 5081526
  Processing in 51 chunks...
  Projlen distribution:
    projlen=51: 4 braids
    projlen=52: 3 braids
    projlen=53: 27 braids
    projlen=54: 18 braids
    projlen=55: 240 braids
    projlen=56: 262 braids
    projlen=57: 2307 braids
    projlen=58: 2105 braids
    projlen=59: 20636 braids
    projlen=60: 16183 braids
    projlen=61: 218069 braids
    projlen=62: 141111 braids
    projlen=63: 321718 braids
    projlen=64: 173161 braids
    projlen=65: 359799 braids
    projlen=66: 160270 braids
    projlen=67: 355999 braids
    projlen=68: 157136 braids
    projlen=69: 352556 braids
    projlen=70: 155579 braids
    projlen=71: 350264 braids
    projlen=72: 153787 braids
    projlen=73: 349161 braids
    projlen=74: 153175 braids
    projlen=75: 347459 braids
    projlen=76: 154200 braids
    projlen=77: 344949 braids
    projlen=78: 163803 braids
    projlen=79: 331259 braids
    projlen=80: 182546 braids
    projlen=81: 113740 braids
  Braids kept: 1091785 (in 31 buckets, 1.78 GB CPU)
  ⚡ Timing: matmul=0.16s, sampling=5.65s, total=8.41s
============================================================
Level 89 - SAMPLING
============================================================
  Starting braids: 991785
  Candidates to generate: 5121645
  Processing in 52 chunks...
  Projlen distribution:
    projlen=51: 3 braids
    projlen=52: 3 braids
    projlen=53: 28 braids
    projlen=54: 20 braids
    projlen=55: 155 braids
    projlen=56: 132 braids
    projlen=57: 1700 braids
    projlen=58: 1537 braids
    projlen=59: 14385 braids
    projlen=60: 11093 braids
    projlen=61: 107032 braids
    projlen=62: 69663 braids
    projlen=63: 282671 braids
    projlen=64: 176150 braids
    projlen=65: 360561 braids
    projlen=66: 164350 braids
    projlen=67: 356942 braids
    projlen=68: 156548 braids
    projlen=69: 352466 braids
    projlen=70: 156123 braids
    projlen=71: 349734 braids
    projlen=72: 155195 braids
    projlen=73: 349299 braids
    projlen=74: 153958 braids
    projlen=75: 349371 braids
    projlen=76: 154104 braids
    projlen=77: 347065 braids
    projlen=78: 154672 braids
    projlen=79: 342088 braids
    projlen=80: 166418 braids
    projlen=81: 305768 braids
    projlen=82: 82411 braids
  Braids kept: 1129056 (in 32 buckets, 1.85 GB CPU)
  ⚡ Timing: matmul=0.14s, sampling=5.89s, total=8.70s
============================================================
Level 90 - SAMPLING
============================================================
  Starting braids: 979056
  Candidates to generate: 5054720
  Processing in 51 chunks...
  Projlen distribution:
    projlen=52: 1 braids
    projlen=53: 18 braids
    projlen=54: 18 braids
    projlen=55: 158 braids
    projlen=56: 144 braids
    projlen=57: 967 braids
    projlen=58: 854 braids
    projlen=59: 10428 braids
    projlen=60: 8171 braids
    projlen=61: 75488 braids
    projlen=62: 49951 braids
    projlen=63: 273912 braids
    projlen=64: 176243 braids
    projlen=65: 362796 braids
    projlen=66: 170148 braids
    projlen=67: 357074 braids
    projlen=68: 157584 braids
    projlen=69: 353898 braids
    projlen=70: 154806 braids
    projlen=71: 350520 braids
    projlen=72: 155741 braids
    projlen=73: 348766 braids
    projlen=74: 155545 braids
    projlen=75: 348419 braids
    projlen=76: 153844 braids
    projlen=77: 347504 braids
    projlen=78: 153606 braids
    projlen=79: 346021 braids
    projlen=80: 154390 braids
    projlen=81: 307304 braids
    projlen=82: 80401 braids
  Braids kept: 1120710 (in 31 buckets, 1.85 GB CPU)
  ⚡ Timing: matmul=0.14s, sampling=5.65s, total=8.41s
============================================================
Level 91 - SAMPLING
============================================================
  Starting braids: 970710
  Candidates to generate: 5018600
  Processing in 51 chunks...
  Projlen distribution:
    projlen=53: 3 braids
    projlen=54: 10 braids
    projlen=55: 99 braids
    projlen=56: 104 braids
    projlen=57: 972 braids
    projlen=58: 823 braids
    projlen=59: 5983 braids
    projlen=60: 4743 braids
    projlen=61: 55388 braids
    projlen=62: 38606 braids
    projlen=63: 268180 braids
    projlen=64: 175787 braids
    projlen=65: 363848 braids
    projlen=66: 171756 braids
    projlen=67: 358954 braids
    projlen=68: 160482 braids
    projlen=69: 354253 braids
    projlen=70: 155572 braids
    projlen=71: 350378 braids
    projlen=72: 153365 braids
    projlen=73: 348863 braids
    projlen=74: 155995 braids
    projlen=75: 347854 braids
    projlen=76: 156288 braids
    projlen=77: 348201 braids
    projlen=78: 154757 braids
    projlen=79: 346396 braids
    projlen=80: 151954 braids
    projlen=81: 308542 braids
    projlen=82: 80444 braids
  Braids kept: 1101343 (in 30 buckets, 1.82 GB CPU)
  ⚡ Timing: matmul=0.14s, sampling=5.74s, total=8.51s
============================================================
Level 92 - SAMPLING
============================================================
  Starting braids: 951343
  Candidates to generate: 4934083
  Processing in 50 chunks...
  Projlen distribution:
    projlen=54: 1 braids
    projlen=55: 46 braids
    projlen=56: 66 braids
    projlen=57: 627 braids
    projlen=58: 581 braids
    projlen=59: 5774 braids
    projlen=60: 4476 braids
    projlen=61: 33501 braids
    projlen=62: 23619 braids
    projlen=63: 250078 braids
    projlen=64: 160410 braids
    projlen=65: 337953 braids
    projlen=66: 173227 braids
    projlen=67: 360051 braids
    projlen=68: 160410 braids
    projlen=69: 355446 braids
    projlen=70: 157316 braids
    projlen=71: 350922 braids
    projlen=72: 155054 braids
    projlen=73: 349935 braids
    projlen=74: 153953 braids
    projlen=75: 348535 braids
    projlen=76: 157140 braids
    projlen=77: 348179 braids
    projlen=78: 158189 braids
    projlen=79: 346101 braids
    projlen=80: 153485 braids
    projlen=81: 308598 braids
    projlen=82: 80410 braids
  Braids kept: 1068691 (in 29 buckets, 1.78 GB CPU)
  ⚡ Timing: matmul=0.14s, sampling=5.53s, total=8.25s
============================================================
Level 93 - SAMPLING
============================================================
  Starting braids: 968691
  Candidates to generate: 4991205
  Processing in 50 chunks...
  Projlen distribution:
    projlen=55: 7 braids
    projlen=56: 17 braids
    projlen=57: 392 braids
    projlen=58: 379 braids
    projlen=59: 3840 braids
    projlen=60: 3080 braids
    projlen=61: 32079 braids
    projlen=62: 22597 braids
    projlen=63: 169173 braids
    projlen=64: 103951 braids
    projlen=65: 302992 braids
    projlen=66: 175416 braids
    projlen=67: 363019 braids
    projlen=68: 163168 braids
    projlen=69: 356509 braids
    projlen=70: 156393 braids
    projlen=71: 352009 braids
    projlen=72: 157049 braids
    projlen=73: 349770 braids
    projlen=74: 155569 braids
    projlen=75: 349487 braids
    projlen=76: 153956 braids
    projlen=77: 347732 braids
    projlen=78: 158244 braids
    projlen=79: 347439 braids
    projlen=80: 159614 braids
    projlen=81: 338969 braids
    projlen=82: 151545 braids
    projlen=83: 116810 braids
  Braids kept: 1112391 (in 29 buckets, 1.87 GB CPU)
  ⚡ Timing: matmul=0.21s, sampling=5.71s, total=8.53s
============================================================
Level 94 - SAMPLING
============================================================
  Starting braids: 962391
  Candidates to generate: 4961833
  Processing in 50 chunks...
  Projlen distribution:
    projlen=55: 4 braids
    projlen=56: 6 braids
    projlen=57: 105 braids
    projlen=58: 159 braids
    projlen=59: 2513 braids
    projlen=60: 2182 braids
    projlen=61: 21759 braids
    projlen=62: 15712 braids
    projlen=63: 160182 braids
    projlen=64: 101422 braids
    projlen=65: 299643 braids
    projlen=66: 173223 braids
    projlen=67: 363326 braids
    projlen=68: 166997 braids
    projlen=69: 358214 braids
    projlen=70: 157424 braids
    projlen=71: 352759 braids
    projlen=72: 154467 braids
    projlen=73: 348891 braids
    projlen=74: 157055 braids
    projlen=75: 347848 braids
    projlen=76: 156305 braids
    projlen=77: 349065 braids
    projlen=78: 154392 braids
    projlen=79: 346847 braids
    projlen=80: 159410 braids
    projlen=81: 339756 braids
    projlen=82: 156812 braids
    projlen=83: 115355 braids
  Braids kept: 1092440 (in 29 buckets, 1.84 GB CPU)
  ⚡ Timing: matmul=0.14s, sampling=5.73s, total=8.48s
============================================================
Level 95 - SAMPLING
============================================================
  Starting braids: 992440
  Candidates to generate: 5138442
  Processing in 52 chunks...
  Projlen distribution:
    projlen=55: 4 braids
    projlen=56: 3 braids
    projlen=57: 41 braids
    projlen=58: 62 braids
    projlen=59: 933 braids
    projlen=60: 1037 braids
    projlen=61: 14599 braids
    projlen=62: 11101 braids
    projlen=63: 109314 braids
    projlen=64: 69609 braids
    projlen=65: 283333 braids
    projlen=66: 174997 braids
    projlen=67: 363145 braids
    projlen=68: 166769 braids
    projlen=69: 359079 braids
    projlen=70: 158925 braids
    projlen=71: 354446 braids
    projlen=72: 155320 braids
    projlen=73: 351069 braids
    projlen=74: 154193 braids
    projlen=75: 348991 braids
    projlen=76: 158298 braids
    projlen=77: 347859 braids
    projlen=78: 157984 braids
    projlen=79: 346971 braids
    projlen=80: 155122 braids
    projlen=81: 344694 braids
    projlen=82: 160369 braids
    projlen=83: 308024 braids
    projlen=84: 82151 braids
  Braids kept: 1127780 (in 30 buckets, 1.92 GB CPU)
  ⚡ Timing: matmul=0.14s, sampling=6.07s, total=8.95s
============================================================
Level 96 - SAMPLING
============================================================
  Starting braids: 977780
  Candidates to generate: 5055008
  Processing in 51 chunks...
  Projlen distribution:
    projlen=55: 4 braids
    projlen=56: 4 braids
    projlen=57: 23 braids
    projlen=58: 37 braids
    projlen=59: 396 braids
    projlen=60: 510 braids
    projlen=61: 6583 braids
    projlen=62: 5693 braids
    projlen=63: 73863 braids
    projlen=64: 49863 braids
    projlen=65: 271801 braids
    projlen=66: 173721 braids
    projlen=67: 363763 braids
    projlen=68: 169766 braids
    projlen=69: 358296 braids
    projlen=70: 158607 braids
    projlen=71: 354958 braids
    projlen=72: 155829 braids
    projlen=73: 351774 braids
    projlen=74: 153926 braids
    projlen=75: 349923 braids
    projlen=76: 153760 braids
    projlen=77: 348480 braids
    projlen=78: 159331 braids
    projlen=79: 346534 braids
    projlen=80: 160626 braids
    projlen=81: 344626 braids
    projlen=82: 154459 braids
    projlen=83: 307777 braids
    projlen=84: 80075 braids
  Braids kept: 1113113 (in 30 buckets, 1.90 GB CPU)
  ⚡ Timing: matmul=0.14s, sampling=5.84s, total=8.65s
============================================================
Level 97 - SAMPLING
============================================================
  Starting braids: 963113
  Candidates to generate: 4986863
  Processing in 50 chunks...
  Projlen distribution:
    projlen=55: 3 braids
    projlen=56: 4 braids
    projlen=57: 25 braids
    projlen=58: 29 braids
    projlen=59: 190 braids
    projlen=60: 292 braids
    projlen=61: 3173 braids
    projlen=62: 3071 braids
    projlen=63: 36777 braids
    projlen=64: 26937 braids
    projlen=65: 261392 braids
    projlen=66: 176034 braids
    projlen=67: 364446 braids
    projlen=68: 171443 braids
    projlen=69: 359305 braids
    projlen=70: 159533 braids
    projlen=71: 355558 braids
    projlen=72: 155683 braids
    projlen=73: 351695 braids
    projlen=74: 154241 braids
    projlen=75: 350848 braids
    projlen=76: 153921 braids
    projlen=77: 349345 braids
    projlen=78: 153685 braids
    projlen=79: 347171 braids
    projlen=80: 160720 braids
    projlen=81: 342792 braids
    projlen=82: 161640 braids
    projlen=83: 305836 braids
    projlen=84: 81074 braids
  Braids kept: 1070501 (in 30 buckets, 1.84 GB CPU)
  ⚡ Timing: matmul=0.15s, sampling=5.76s, total=8.53s
============================================================
Level 98 - SAMPLING
============================================================
  Starting braids: 970501
  Candidates to generate: 4991519
  Processing in 50 chunks...
  Projlen distribution:
    projlen=57: 26 braids
    projlen=58: 26 braids
    projlen=59: 174 braids
    projlen=60: 180 braids
    projlen=61: 1786 braids
    projlen=62: 1905 braids
    projlen=63: 19841 braids
    projlen=64: 15783 braids
    projlen=65: 183211 braids
    projlen=66: 117070 braids
    projlen=67: 309230 braids
    projlen=68: 174153 braids
    projlen=69: 359888 braids
    projlen=70: 160295 braids
    projlen=71: 355503 braids
    projlen=72: 155568 braids
    projlen=73: 352430 braids
    projlen=74: 154616 braids
    projlen=75: 349337 braids
    projlen=76: 153034 braids
    projlen=77: 350137 braids
    projlen=78: 153870 braids
    projlen=79: 349125 braids
    projlen=80: 153678 braids
    projlen=81: 345339 braids
    projlen=82: 162326 braids
    projlen=83: 335778 braids
    projlen=84: 161901 braids
    projlen=85: 115309 braids
  Braids kept: 1089721 (in 29 buckets, 1.89 GB CPU)
  ⚡ Timing: matmul=0.16s, sampling=5.85s, total=8.66s
============================================================
Level 99 - SAMPLING
============================================================
  Starting braids: 989721
  Candidates to generate: 5109553
  Processing in 52 chunks...
  Projlen distribution:
    projlen=57: 3 braids
    projlen=58: 5 braids
    projlen=59: 166 braids
    projlen=60: 162 braids
    projlen=61: 1289 braids
    projlen=62: 1269 braids
    projlen=63: 12287 braids
    projlen=64: 10176 braids
    projlen=65: 102209 braids
    projlen=66: 67750 braids
    projlen=67: 284028 braids
    projlen=68: 175636 braids
    projlen=69: 363354 braids
    projlen=70: 166307 braids
    projlen=71: 356368 braids
    projlen=72: 155993 braids
    projlen=73: 351887 braids
    projlen=74: 153956 braids
    projlen=75: 350589 braids
    projlen=76: 153675 braids
    projlen=77: 348754 braids
    projlen=78: 152910 braids
    projlen=79: 348892 braids
    projlen=80: 153192 braids
    projlen=81: 348027 braids
    projlen=82: 153465 braids
    projlen=83: 343110 braids
    projlen=84: 164793 braids
    projlen=85: 306844 braids
    projlen=86: 82457 braids
  Braids kept: 1125357 (in 30 buckets, 1.97 GB CPU)
  ⚡ Timing: matmul=0.14s, sampling=6.18s, total=9.08s
============================================================
Level 100 - SAMPLING
============================================================
  Starting braids: 975357
  Candidates to generate: 5037645
  Processing in 51 chunks...
  Projlen distribution:
    projlen=58: 1 braids
    projlen=59: 34 braids
    projlen=60: 45 braids
    projlen=61: 1025 braids
    projlen=62: 982 braids
    projlen=63: 8554 braids
    projlen=64: 7040 braids
    projlen=65: 66961 braids
    projlen=66: 45960 braids
    projlen=67: 273146 braids
    projlen=68: 176609 braids
    projlen=69: 364185 braids
    projlen=70: 169872 braids
    projlen=71: 359193 braids
    projlen=72: 158610 braids
    projlen=73: 353518 braids
    projlen=74: 153910 braids
    projlen=75: 349455 braids
    projlen=76: 153190 braids
    projlen=77: 349925 braids
    projlen=78: 153806 braids
    projlen=79: 349038 braids
    projlen=80: 153090 braids
    projlen=81: 348343 braids
    projlen=82: 153208 braids
    projlen=83: 347279 braids
    projlen=84: 151918 braids
    projlen=85: 308305 braids
    projlen=86: 80443 braids
  Braids kept: 1113641 (in 29 buckets, 1.96 GB CPU)
  ⚡ Timing: matmul=0.13s, sampling=5.92s, total=8.76s
============================================================
Level 101 - SAMPLING
============================================================
  Starting braids: 963641
  Candidates to generate: 4986185
  Processing in 50 chunks...
  Projlen distribution:
    projlen=59: 8 braids
    projlen=60: 8 braids
    projlen=61: 264 braids
    projlen=62: 389 braids
    projlen=63: 6146 braids
    projlen=64: 5151 braids
    projlen=65: 47884 braids
    projlen=66: 33970 braids
    projlen=67: 265485 braids
    projlen=68: 172567 braids
    projlen=69: 355572 braids
    projlen=70: 172034 braids
    projlen=71: 359093 braids
    projlen=72: 159564 braids
    projlen=73: 355000 braids
    projlen=74: 155156 braids
    projlen=75: 350320 braids
    projlen=76: 153060 braids
    projlen=77: 349604 braids
    projlen=78: 153043 braids
    projlen=79: 349889 braids
    projlen=80: 153870 braids
    projlen=81: 348411 braids
    projlen=82: 152673 braids
    projlen=83: 347102 braids
    projlen=84: 151158 braids
    projlen=85: 308724 braids
    projlen=86: 80040 braids
  Braids kept: 1093820 (in 28 buckets, 1.93 GB CPU)
  ⚡ Timing: matmul=0.15s, sampling=5.91s, total=8.82s
============================================================
Level 102 - SAMPLING
============================================================
  Starting braids: 993820
  Candidates to generate: 5109812
  Processing in 52 chunks...
  Projlen distribution:
    projlen=58: 1 braids
    projlen=59: 5 braids
    projlen=60: 9 braids
    projlen=61: 63 braids
    projlen=62: 93 braids
    projlen=63: 2119 braids
    projlen=64: 2327 braids
    projlen=65: 33811 braids
    projlen=66: 25033 braids
    projlen=67: 238470 braids
    projlen=68: 150040 braids
    projlen=69: 328048 braids
    projlen=70: 174308 braids
    projlen=71: 361353 braids
    projlen=72: 161227 braids
    projlen=73: 355186 braids
    projlen=74: 156165 braids
    projlen=75: 352581 braids
    projlen=76: 153996 braids
    projlen=77: 349147 braids
    projlen=78: 152884 braids
    projlen=79: 349401 braids
    projlen=80: 153289 braids
    projlen=81: 349124 braids
    projlen=82: 153605 braids
    projlen=83: 348450 braids
    projlen=84: 152060 braids
    projlen=85: 341310 braids
    projlen=86: 148099 braids
    projlen=87: 117608 braids
  Braids kept: 1113461 (in 30 buckets, 1.99 GB CPU)
  ⚡ Timing: matmul=0.14s, sampling=6.09s, total=9.01s
============================================================
Level 103 - SAMPLING
============================================================
  Starting braids: 963461
  Candidates to generate: 4945863
  Processing in 50 chunks...
  Projlen distribution:
    projlen=59: 3 braids
    projlen=60: 8 braids
    projlen=61: 51 braids
    projlen=62: 77 braids
    projlen=63: 638 braids
    projlen=64: 761 braids
    projlen=65: 14092 braids
    projlen=66: 12171 braids
    projlen=67: 164470 braids
    projlen=68: 107649 braids
    projlen=69: 305170 braids
    projlen=70: 176031 braids
    projlen=71: 362878 braids
    projlen=72: 164859 braids
    projlen=73: 357027 braids
    projlen=74: 156677 braids
    projlen=75: 352182 braids
    projlen=76: 154206 braids
    projlen=77: 351625 braids
    projlen=78: 153699 braids
    projlen=79: 349254 braids
    projlen=80: 153067 braids
    projlen=81: 348650 braids
    projlen=82: 152926 braids
    projlen=83: 348498 braids
    projlen=84: 152305 braids
    projlen=85: 342694 braids
    projlen=86: 147573 braids
    projlen=87: 116622 braids
  Braids kept: 1077801 (in 29 buckets, 1.94 GB CPU)
  ⚡ Timing: matmul=0.14s, sampling=5.97s, total=8.88s
============================================================
Level 104 - SAMPLING
============================================================
  Starting braids: 977801
  Candidates to generate: 5041981
  Processing in 51 chunks...
  Projlen distribution:
    projlen=60: 6 braids
    projlen=61: 40 braids
    projlen=62: 60 braids
    projlen=63: 440 braids
    projlen=64: 527 braids
    projlen=65: 4977 braids
    projlen=66: 4587 braids
    projlen=67: 74443 braids
    projlen=68: 52893 braids
    projlen=69: 272871 braids
    projlen=70: 176058 braids
    projlen=71: 362571 braids
    projlen=72: 168239 braids
    projlen=73: 358001 braids
    projlen=74: 158062 braids
    projlen=75: 354854 braids
    projlen=76: 155579 braids
    projlen=77: 351475 braids
    projlen=78: 153858 braids
    projlen=79: 348655 braids
    projlen=80: 153062 braids
    projlen=81: 349261 braids
    projlen=82: 153211 braids
    projlen=83: 348433 braids
    projlen=84: 152614 braids
    projlen=85: 346148 braids
    projlen=86: 150498 braids
    projlen=87: 309855 braids
    projlen=88: 80703 braids
  Braids kept: 1110637 (in 29 buckets, 2.01 GB CPU)
  ⚡ Timing: matmul=0.14s, sampling=6.14s, total=9.05s
============================================================
Level 105 - SAMPLING
============================================================
  Starting braids: 960637
  Candidates to generate: 4968465
  Processing in 50 chunks...
  Projlen distribution:
    projlen=60: 5 braids
    projlen=61: 24 braids
    projlen=62: 38 braids
    projlen=63: 358 braids
    projlen=64: 358 braids
    projlen=65: 3278 braids
    projlen=66: 2971 braids
    projlen=67: 28454 braids
    projlen=68: 21890 braids
    projlen=69: 260892 braids
    projlen=70: 182607 braids
    projlen=71: 363276 braids
    projlen=72: 172542 braids
    projlen=73: 358072 braids
    projlen=74: 160131 braids
    projlen=75: 354230 braids
    projlen=76: 155484 braids
    projlen=77: 352029 braids
    projlen=78: 154454 braids
    projlen=79: 350337 braids
    projlen=80: 153718 braids
    projlen=81: 349859 braids
    projlen=82: 153684 braids
    projlen=83: 348960 braids
    projlen=84: 153151 braids
    projlen=85: 347811 braids
    projlen=86: 150960 braids
    projlen=87: 308845 braids
    projlen=88: 80047 braids
  Braids kept: 1057376 (in 29 buckets, 1.93 GB CPU)
  ⚡ Timing: matmul=0.15s, sampling=5.91s, total=8.79s
============================================================
Level 106 - SAMPLING
============================================================
  Starting braids: 957376
  Candidates to generate: 4908508
  Processing in 50 chunks...
  Projlen distribution:
    projlen=60: 3 braids
    projlen=61: 21 braids
    projlen=62: 31 braids
    projlen=63: 260 braids
    projlen=64: 274 braids
    projlen=65: 2398 braids
    projlen=66: 2044 braids
    projlen=67: 19773 braids
    projlen=68: 15303 braids
    projlen=69: 142850 braids
    projlen=70: 95328 braids
    projlen=71: 296454 braids
    projlen=72: 179314 braids
    projlen=73: 358637 braids
    projlen=74: 162830 braids
    projlen=75: 353835 braids
    projlen=76: 157630 braids
    projlen=77: 350462 braids
    projlen=78: 154139 braids
    projlen=79: 349898 braids
    projlen=80: 153889 braids
    projlen=81: 350298 braids
    projlen=82: 153117 braids
    projlen=83: 349718 braids
    projlen=84: 153483 braids
    projlen=85: 348694 braids
    projlen=86: 152473 braids
    projlen=87: 341044 braids
    projlen=88: 147188 braids
    projlen=89: 117120 braids
  Braids kept: 1090107 (in 30 buckets, 2.01 GB CPU)
  ⚡ Timing: matmul=0.13s, sampling=6.07s, total=8.99s
============================================================
Level 107 - SAMPLING
============================================================
  Starting braids: 990107
  Candidates to generate: 5110927
  Processing in 52 chunks...
  Projlen distribution:
    projlen=60: 2 braids
    projlen=61: 18 braids
    projlen=62: 27 braids
    projlen=63: 195 braids
    projlen=64: 201 braids
    projlen=65: 1834 braids
    projlen=66: 1601 braids
    projlen=67: 14335 braids
    projlen=68: 10635 braids
    projlen=69: 100287 braids
    projlen=70: 67377 braids
    projlen=71: 279261 braids
    projlen=72: 181490 braids
    projlen=73: 359444 braids
    projlen=74: 172788 braids
    projlen=75: 353275 braids
    projlen=76: 160091 braids
    projlen=77: 350638 braids
    projlen=78: 157737 braids
    projlen=79: 349252 braids
    projlen=80: 154467 braids
    projlen=81: 348663 braids
    projlen=82: 153241 braids
    projlen=83: 348956 braids
    projlen=84: 153181 braids
    projlen=85: 349163 braids
    projlen=86: 152981 braids
    projlen=87: 347312 braids
    projlen=88: 151433 braids
    projlen=89: 310565 braids
    projlen=90: 80477 braids
  Braids kept: 1128848 (in 31 buckets, 2.10 GB CPU)
  ⚡ Timing: matmul=0.14s, sampling=6.42s, total=9.47s
============================================================
Level 108 - SAMPLING
============================================================
  Starting braids: 978848
  Candidates to generate: 5065456
  Processing in 51 chunks...
  Projlen distribution:
    projlen=60: 2 braids
    projlen=61: 12 braids
    projlen=62: 23 braids
    projlen=63: 159 braids
    projlen=64: 161 braids
    projlen=65: 1370 braids
    projlen=66: 1188 braids
    projlen=67: 11082 braids
    projlen=68: 8355 braids
    projlen=69: 73663 braids
    projlen=70: 48542 braids
    projlen=71: 269809 braids
    projlen=72: 179216 braids
    projlen=73: 359509 braids
    projlen=74: 177710 braids
    projlen=75: 354301 braids
    projlen=76: 166350 braids
    projlen=77: 349401 braids
    projlen=78: 161078 braids
    projlen=79: 347363 braids
    projlen=80: 158813 braids
    projlen=81: 348136 braids
    projlen=82: 155041 braids
    projlen=83: 348653 braids
    projlen=84: 153584 braids
    projlen=85: 349411 braids
    projlen=86: 153241 braids
    projlen=87: 348466 braids
    projlen=88: 151257 braids
    projlen=89: 309149 braids
    projlen=90: 80411 braids
  Braids kept: 1120894 (in 31 buckets, 2.09 GB CPU)
  ⚡ Timing: matmul=0.15s, sampling=6.23s, total=9.27s
============================================================
Level 109 - SAMPLING
============================================================
  Starting braids: 970894
  Candidates to generate: 5038738
  Processing in 51 chunks...
  Projlen distribution:
    projlen=60: 3 braids
    projlen=61: 10 braids
    projlen=62: 17 braids
    projlen=63: 137 braids
    projlen=64: 142 braids
    projlen=65: 1077 braids
    projlen=66: 916 braids
    projlen=67: 8332 braids
    projlen=68: 6373 braids
    projlen=69: 58433 braids
    projlen=70: 39522 braids
    projlen=71: 265682 braids
    projlen=72: 173257 braids
    projlen=73: 358805 braids
    projlen=74: 176730 braids
    projlen=75: 354498 braids
    projlen=76: 169760 braids
    projlen=77: 349490 braids
    projlen=78: 166613 braids
    projlen=79: 345970 braids
    projlen=80: 164351 braids
    projlen=81: 345567 braids
    projlen=82: 160675 braids
    projlen=83: 345859 braids
    projlen=84: 155815 braids
    projlen=85: 348052 braids
    projlen=86: 153786 braids
    projlen=87: 348058 braids
    projlen=88: 151297 braids
    projlen=89: 309122 braids
    projlen=90: 80389 braids
  Braids kept: 1106529 (in 31 buckets, 2.07 GB CPU)
  ⚡ Timing: matmul=0.14s, sampling=6.21s, total=9.19s
============================================================
Level 110 - SAMPLING
============================================================
  Starting braids: 956529
  Candidates to generate: 4979583
  Processing in 50 chunks...
  Projlen distribution:
    projlen=60: 1 braids
    projlen=61: 13 braids
    projlen=62: 18 braids
    projlen=63: 124 braids
    projlen=64: 116 braids
    projlen=65: 992 braids
    projlen=66: 843 braids
    projlen=67: 6401 braids
    projlen=68: 4929 braids
    projlen=69: 45236 braids
    projlen=70: 31329 braids
    projlen=71: 252827 braids
    projlen=72: 159384 braids
    projlen=73: 337260 braids
    projlen=74: 172946 braids
    projlen=75: 357867 braids
    projlen=76: 167008 braids
    projlen=77: 350209 braids
    projlen=78: 169630 braids
    projlen=79: 344450 braids
    projlen=80: 170298 braids
    projlen=81: 341940 braids
    projlen=82: 168401 braids
    projlen=83: 342202 braids
    projlen=84: 163544 braids
    projlen=85: 344818 braids
    projlen=86: 158140 braids
    projlen=87: 346230 braids
    projlen=88: 152363 braids
    projlen=89: 309496 braids
    projlen=90: 80568 braids
  Braids kept: 1090002 (in 31 buckets, 2.04 GB CPU)
  ⚡ Timing: matmul=0.15s, sampling=6.12s, total=9.09s
============================================================
Level 111 - SAMPLING
============================================================
  Starting braids: 990002
  Candidates to generate: 5136494
  Processing in 52 chunks...
  Projlen distribution:
    projlen=60: 1 braids
    projlen=61: 9 braids
    projlen=62: 10 braids
    projlen=63: 124 braids
    projlen=64: 119 braids
    projlen=65: 838 braids
    projlen=66: 683 braids
    projlen=67: 6105 braids
    projlen=68: 4618 braids
    projlen=69: 35604 braids
    projlen=70: 24502 braids
    projlen=71: 223830 braids
    projlen=72: 138451 braids
    projlen=73: 318763 braids
    projlen=74: 173569 braids
    projlen=75: 360346 braids
    projlen=76: 164040 braids
    projlen=77: 353853 braids
    projlen=78: 165238 braids
    projlen=79: 345299 braids
    projlen=80: 173173 braids
    projlen=81: 340114 braids
    projlen=82: 175806 braids
    projlen=83: 338983 braids
    projlen=84: 174983 braids
    projlen=85: 338851 braids
    projlen=86: 168677 braids
    projlen=87: 342010 braids
    projlen=88: 160324 braids
    projlen=89: 340126 braids
    projlen=90: 150183 braids
    projlen=91: 117262 braids
  Braids kept: 1122613 (in 32 buckets, 2.12 GB CPU)
  ⚡ Timing: matmul=0.13s, sampling=6.47s, total=9.58s
============================================================
Level 112 - SAMPLING
============================================================
  Starting braids: 972613
  Candidates to generate: 5063647
  Processing in 51 chunks...
  Projlen distribution:
    projlen=61: 7 braids
    projlen=62: 7 braids
    projlen=63: 69 braids
    projlen=64: 64 braids
    projlen=65: 839 braids
    projlen=66: 689 braids
    projlen=67: 5016 braids
    projlen=68: 3698 braids
    projlen=69: 34224 braids
    projlen=70: 23393 braids
    projlen=71: 177090 braids
    projlen=72: 108232 braids
    projlen=73: 303021 braids
    projlen=74: 173798 braids
    projlen=75: 361828 braids
    projlen=76: 165470 braids
    projlen=77: 356471 braids
    projlen=78: 158894 braids
    projlen=79: 349350 braids
    projlen=80: 166018 braids
    projlen=81: 341329 braids
    projlen=82: 178744 braids
    projlen=83: 335803 braids
    projlen=84: 184164 braids
    projlen=85: 333540 braids
    projlen=86: 182172 braids
    projlen=87: 335447 braids
    projlen=88: 175904 braids
    projlen=89: 334212 braids
    projlen=90: 159639 braids
    projlen=91: 114515 braids
  Braids kept: 1118006 (in 31 buckets, 2.12 GB CPU)
  ⚡ Timing: matmul=0.15s, sampling=6.33s, total=9.38s
============================================================
Level 113 - SAMPLING
============================================================
  Starting braids: 968006
  Candidates to generate: 5061684
  Processing in 51 chunks...
  Projlen distribution:
    projlen=61: 4 braids
    projlen=62: 2 braids
    projlen=63: 48 braids
    projlen=64: 43 braids
    projlen=65: 450 braids
    projlen=66: 403 braids
    projlen=67: 4932 braids
    projlen=68: 3798 braids
    projlen=69: 27808 braids
    projlen=70: 18732 braids
    projlen=71: 170344 braids
    projlen=72: 105751 braids
    projlen=73: 301574 braids
    projlen=74: 173150 braids
    projlen=75: 361874 braids
    projlen=76: 166759 braids
    projlen=77: 357814 braids
    projlen=78: 158416 braids
    projlen=79: 352352 braids
    projlen=80: 156995 braids
    projlen=81: 346844 braids
    projlen=82: 169577 braids
    projlen=83: 339059 braids
    projlen=84: 185470 braids
    projlen=85: 331103 braids
    projlen=86: 192943 braids
    projlen=87: 329110 braids
    projlen=88: 192052 braids
    projlen=89: 324537 braids
    projlen=90: 178249 braids
    projlen=91: 111491 braids
  Braids kept: 1106220 (in 31 buckets, 2.11 GB CPU)
  ⚡ Timing: matmul=0.15s, sampling=6.37s, total=9.39s
============================================================
Level 114 - SAMPLING
============================================================
  Starting braids: 956220
  Candidates to generate: 4998198
  Processing in 50 chunks...
  Projlen distribution:
    projlen=60: 1 braids
    projlen=61: 2 braids
    projlen=62: 3 braids
    projlen=63: 20 braids
    projlen=64: 13 braids
    projlen=65: 313 braids
    projlen=66: 288 braids
    projlen=67: 2746 braids
    projlen=68: 2262 braids
    projlen=69: 26906 braids
    projlen=70: 18958 braids
    projlen=71: 138735 braids
    projlen=72: 84577 braids
    projlen=73: 291941 braids
    projlen=74: 174857 braids
    projlen=75: 362947 braids
    projlen=76: 166593 braids
    projlen=77: 358156 braids
    projlen=78: 158933 braids
    projlen=79: 353734 braids
    projlen=80: 155960 braids
    projlen=81: 350571 braids
    projlen=82: 157855 braids
    projlen=83: 343632 braids
    projlen=84: 172709 braids
    projlen=85: 333617 braids
    projlen=86: 193075 braids
    projlen=87: 325874 braids
    projlen=88: 201826 braids
    projlen=89: 317090 braids
    projlen=90: 194083 braids
    projlen=91: 109921 braids
  Braids kept: 1101512 (in 32 buckets, 2.10 GB CPU)
  ⚡ Timing: matmul=0.15s, sampling=6.29s, total=9.30s
============================================================
Level 115 - SAMPLING
============================================================
  Starting braids: 951512
  Candidates to generate: 4963022
  Processing in 50 chunks...
  Projlen distribution:
    projlen=61: 3 braids
    projlen=62: 4 braids
    projlen=63: 16 braids
    projlen=64: 12 braids
    projlen=65: 125 braids
    projlen=66: 110 braids
    projlen=67: 1961 braids
    projlen=68: 1716 braids
    projlen=69: 15744 braids
    projlen=70: 11468 braids
    projlen=71: 132438 braids
    projlen=72: 85173 braids
    projlen=73: 289386 braids
    projlen=74: 172389 braids
    projlen=75: 362626 braids
    projlen=76: 168479 braids
    projlen=77: 358900 braids
    projlen=78: 158689 braids
    projlen=79: 354227 braids
    projlen=80: 156330 braids
    projlen=81: 352393 braids
    projlen=82: 155597 braids
    projlen=83: 348788 braids
    projlen=84: 158977 braids
    projlen=85: 342389 braids
    projlen=86: 177947 braids
    projlen=87: 329294 braids
    projlen=88: 200634 braids
    projlen=89: 315715 braids
    projlen=90: 202864 braids
    projlen=91: 108628 braids
  Braids kept: 1081159 (in 31 buckets, 2.07 GB CPU)
  ⚡ Timing: matmul=0.14s, sampling=6.18s, total=9.10s
============================================================
Level 116 - SAMPLING
============================================================
  Starting braids: 981159
  Candidates to generate: 5114815
  Processing in 52 chunks...
  Projlen distribution:
    projlen=63: 25 braids
    projlen=64: 18 braids
    projlen=65: 94 braids
    projlen=66: 77 braids
    projlen=67: 804 braids
    projlen=68: 715 braids
    projlen=69: 11522 braids
    projlen=70: 8881 braids
    projlen=71: 79716 braids
    projlen=72: 51274 braids
    projlen=73: 272985 braids
    projlen=74: 174852 braids
    projlen=75: 362188 braids
    projlen=76: 167459 braids
    projlen=77: 359243 braids
    projlen=78: 159601 braids
    projlen=79: 355049 braids
    projlen=80: 155796 braids
    projlen=81: 352368 braids
    projlen=82: 154846 braids
    projlen=83: 349857 braids
    projlen=84: 155435 braids
    projlen=85: 347388 braids
    projlen=86: 160441 braids
    projlen=87: 339725 braids
    projlen=88: 183666 braids
    projlen=89: 324781 braids
    projlen=90: 207898 braids
    projlen=91: 289868 braids
    projlen=92: 88243 braids
  Braids kept: 1122136 (in 30 buckets, 2.17 GB CPU)
  ⚡ Timing: matmul=0.14s, sampling=6.53s, total=9.63s
============================================================
Level 117 - SAMPLING
============================================================
  Starting braids: 972136
  Candidates to generate: 5048188
  Processing in 51 chunks...
  Projlen distribution:
    projlen=64: 1 braids
    projlen=65: 131 braids
    projlen=66: 100 braids
    projlen=67: 611 braids
    projlen=68: 481 braids
    projlen=69: 5003 braids
    projlen=70: 4044 braids
    projlen=71: 59791 braids
    projlen=72: 41624 braids
    projlen=73: 268139 braids
    projlen=74: 174162 braids
    projlen=75: 363577 braids
    projlen=76: 171175 braids
    projlen=77: 357345 braids
    projlen=78: 158690 braids
    projlen=79: 354894 braids
    projlen=80: 155650 braids
    projlen=81: 351634 braids
    projlen=82: 154779 braids
    projlen=83: 350383 braids
    projlen=84: 154329 braids
    projlen=85: 348494 braids
    projlen=86: 155895 braids
    projlen=87: 345902 braids
    projlen=88: 162938 braids
    projlen=89: 336695 braids
    projlen=90: 189149 braids
    projlen=91: 297078 braids
    projlen=92: 85494 braids
  Braids kept: 1101995 (in 29 buckets, 2.14 GB CPU)
  ⚡ Timing: matmul=0.14s, sampling=6.43s, total=9.47s
============================================================
Level 118 - SAMPLING
============================================================
  Starting braids: 951995
  Candidates to generate: 4927007
  Processing in 50 chunks...
  Projlen distribution:
    projlen=64: 2 braids
    projlen=65: 2 braids
    projlen=66: 16 braids
    projlen=67: 698 braids
    projlen=68: 567 braids
    projlen=69: 3741 braids
    projlen=70: 2857 braids
    projlen=71: 27983 braids
    projlen=72: 20337 braids
    projlen=73: 251604 braids
    projlen=74: 165191 braids
    projlen=75: 342529 braids
    projlen=76: 170844 braids
    projlen=77: 358023 braids
    projlen=78: 160045 braids
    projlen=79: 354116 braids
    projlen=80: 155590 braids
    projlen=81: 351199 braids
    projlen=82: 154414 braids
    projlen=83: 349659 braids
    projlen=84: 153775 braids
    projlen=85: 349472 braids
    projlen=86: 154829 braids
    projlen=87: 347327 braids
    projlen=88: 156902 braids
    projlen=89: 343928 braids
    projlen=90: 164450 braids
    projlen=91: 304943 braids
    projlen=92: 81964 braids
  Braids kept: 1056203 (in 29 buckets, 2.06 GB CPU)
  ⚡ Timing: matmul=0.14s, sampling=6.17s, total=9.10s
============================================================
Level 119 - SAMPLING
============================================================
  Starting braids: 956203
  Candidates to generate: 4916049
  Processing in 50 chunks...
  Projlen distribution:
    projlen=64: 3 braids
    projlen=65: 7 braids
    projlen=66: 14 braids
    projlen=67: 83 braids
    projlen=68: 139 braids
    projlen=69: 3708 braids
    projlen=70: 2993 braids
    projlen=71: 21362 braids
    projlen=72: 15007 braids
    projlen=73: 141451 braids
    projlen=74: 89499 braids
    projlen=75: 294267 braids
    projlen=76: 175177 braids
    projlen=77: 360528 braids
    projlen=78: 161640 braids
    projlen=79: 355421 braids
    projlen=80: 156565 braids
    projlen=81: 351392 braids
    projlen=82: 154723 braids
    projlen=83: 350237 braids
    projlen=84: 154296 braids
    projlen=85: 349288 braids
    projlen=86: 153761 braids
    projlen=87: 348264 braids
    projlen=88: 154483 braids
    projlen=89: 346902 braids
    projlen=90: 157830 braids
    projlen=91: 337044 braids
    projlen=92: 164223 braids
    projlen=93: 115742 braids
  Braids kept: 1093316 (in 30 buckets, 2.15 GB CPU)
  ⚡ Timing: matmul=0.13s, sampling=6.20s, total=9.13s
============================================================
Level 120 - SAMPLING
============================================================
  Starting braids: 993316
  Candidates to generate: 5133846
  Processing in 52 chunks...
  Projlen distribution:
    projlen=64: 2 braids
    projlen=65: 12 braids
    projlen=66: 16 braids
    projlen=67: 92 braids
    projlen=68: 101 braids
    projlen=69: 801 braids
    projlen=70: 906 braids
    projlen=71: 19826 braids
    projlen=72: 14723 braids
    projlen=73: 109277 braids
    projlen=74: 68185 braids
    projlen=75: 282517 braids
    projlen=76: 175079 braids
    projlen=77: 364524 braids
    projlen=78: 168493 braids
    projlen=79: 357765 braids
    projlen=80: 157084 braids
    projlen=81: 352831 braids
    projlen=82: 155790 braids
    projlen=83: 350873 braids
    projlen=84: 155050 braids
    projlen=85: 347771 braids
    projlen=86: 153442 braids
    projlen=87: 347853 braids
    projlen=88: 153463 braids
    projlen=89: 348940 braids
    projlen=90: 155311 braids
    projlen=91: 344964 braids
    projlen=92: 158793 braids
    projlen=93: 307942 braids
    projlen=94: 81420 braids
  Braids kept: 1136479 (in 31 buckets, 2.25 GB CPU)
  ⚡ Timing: matmul=0.14s, sampling=6.59s, total=9.68s
============================================================
Level 121 - SAMPLING
============================================================
  Starting braids: 986479
  Candidates to generate: 5094447
  Processing in 51 chunks...
  Projlen distribution:
    projlen=65: 14 braids
    projlen=66: 18 braids
    projlen=67: 105 braids
    projlen=68: 103 braids
    projlen=69: 717 braids
    projlen=70: 666 braids
    projlen=71: 5932 braids
    projlen=72: 5148 braids
    projlen=73: 97855 braids
    projlen=74: 65956 braids
    projlen=75: 281805 braids
    projlen=76: 173984 braids
    projlen=77: 364221 braids
    projlen=78: 170063 braids
    projlen=79: 359287 braids
    projlen=80: 158908 braids
    projlen=81: 353870 braids
    projlen=82: 155022 braids
    projlen=83: 349975 braids
    projlen=84: 154624 braids
    projlen=85: 348853 braids
    projlen=86: 154591 braids
    projlen=87: 348141 braids
    projlen=88: 154011 braids
    projlen=89: 347784 braids
    projlen=90: 153759 braids
    projlen=91: 346747 braids
    projlen=92: 154227 braids
    projlen=93: 307739 braids
    projlen=94: 80322 braids
  Braids kept: 1112703 (in 30 buckets, 2.21 GB CPU)
  ⚡ Timing: matmul=0.15s, sampling=6.70s, total=9.84s
============================================================
Level 122 - SAMPLING
============================================================
  Starting braids: 962703
  Candidates to generate: 4968297
  Processing in 50 chunks...
  Projlen distribution:
    projlen=64: 1 braids
    projlen=65: 5 braids
    projlen=66: 8 braids
    projlen=67: 110 braids
    projlen=68: 108 braids
    projlen=69: 740 braids
    projlen=70: 640 braids
    projlen=71: 4824 braids
    projlen=72: 3774 braids
    projlen=73: 33394 braids
    projlen=74: 23478 braids
    projlen=75: 259644 braids
    projlen=76: 176073 braids
    projlen=77: 363582 braids
    projlen=78: 169797 braids
    projlen=79: 359153 braids
    projlen=80: 159695 braids
    projlen=81: 354826 braids
    projlen=82: 155180 braids
    projlen=83: 351408 braids
    projlen=84: 153999 braids
    projlen=85: 349710 braids
    projlen=86: 155035 braids
    projlen=87: 347590 braids
    projlen=88: 155192 braids
    projlen=89: 347038 braids
    projlen=90: 154795 braids
    projlen=91: 346658 braids
    projlen=92: 152261 braids
    projlen=93: 308871 braids
    projlen=94: 80708 braids
  Braids kept: 1067082 (in 31 buckets, 2.13 GB CPU)
  ⚡ Timing: matmul=0.15s, sampling=6.25s, total=9.28s
============================================================
Level 123 - SAMPLING
============================================================
  Starting braids: 967082
  Candidates to generate: 4962310
  Processing in 50 chunks...
  Projlen distribution:
    projlen=65: 3 braids
    projlen=66: 5 braids
    projlen=67: 44 braids
    projlen=68: 45 braids
    projlen=69: 735 braids
    projlen=70: 634 braids
    projlen=71: 4551 braids
    projlen=72: 3514 braids
    projlen=73: 27485 braids
    projlen=74: 19283 braids
    projlen=75: 167184 braids
    projlen=76: 103800 braids
    projlen=77: 301020 braids
    projlen=78: 174030 braids
    projlen=79: 359596 braids
    projlen=80: 159849 braids
    projlen=81: 356672 braids
    projlen=82: 156298 braids
    projlen=83: 352684 braids
    projlen=84: 154209 braids
    projlen=85: 349709 braids
    projlen=86: 153344 braids
    projlen=87: 348851 braids
    projlen=88: 155537 braids
    projlen=89: 347579 braids
    projlen=90: 156656 braids
    projlen=91: 346360 braids
    projlen=92: 154719 braids
    projlen=93: 340931 braids
    projlen=94: 149832 braids
    projlen=95: 117151 braids
  Braids kept: 1106299 (in 31 buckets, 2.23 GB CPU)
  ⚡ Timing: matmul=0.14s, sampling=6.37s, total=9.39s
============================================================
Level 124 - SAMPLING
============================================================
  Starting braids: 956299
  Candidates to generate: 4913699
  Processing in 50 chunks...
  Projlen distribution:
    projlen=66: 2 braids
    projlen=67: 30 braids
    projlen=68: 33 braids
    projlen=69: 304 braids
    projlen=70: 293 braids
    projlen=71: 4329 braids
    projlen=72: 3455 braids
    projlen=73: 25410 braids
    projlen=74: 17647 braids
    projlen=75: 136329 braids
    projlen=76: 85070 braids
    projlen=77: 290941 braids
    projlen=78: 174949 braids
    projlen=79: 363680 braids
    projlen=80: 166721 braids
    projlen=81: 356557 braids
    projlen=82: 156205 braids
    projlen=83: 352409 braids
    projlen=84: 154642 braids
    projlen=85: 351610 braids
    projlen=86: 153941 braids
    projlen=87: 349344 braids
    projlen=88: 153584 braids
    projlen=89: 347341 braids
    projlen=90: 156317 braids
    projlen=91: 346776 braids
    projlen=92: 157619 braids
    projlen=93: 340621 braids
    projlen=94: 151779 braids
    projlen=95: 115761 braids
  Braids kept: 1101503 (in 30 buckets, 2.22 GB CPU)
  ⚡ Timing: matmul=0.13s, sampling=6.17s, total=9.11s
============================================================
Level 125 - SAMPLING
============================================================
  Starting braids: 951503
  Candidates to generate: 4884985
  Processing in 49 chunks...
  Projlen distribution:
    projlen=67: 10 braids
    projlen=68: 14 braids
    projlen=69: 215 braids
    projlen=70: 199 braids
    projlen=71: 1966 braids
    projlen=72: 1768 braids
    projlen=73: 23851 braids
    projlen=74: 17288 braids
    projlen=75: 126018 braids
    projlen=76: 78514 braids
    projlen=77: 284669 braids
    projlen=78: 172932 braids
    projlen=79: 360949 braids
    projlen=80: 168420 braids
    projlen=81: 358230 braids
    projlen=82: 158483 braids
    projlen=83: 353923 braids
    projlen=84: 154514 braids
    projlen=85: 351740 braids
    projlen=86: 154043 braids
    projlen=87: 350069 braids
    projlen=88: 153193 braids
    projlen=89: 348615 braids
    projlen=90: 153633 braids
    projlen=91: 346714 braids
    projlen=92: 156278 braids
    projlen=93: 339119 braids
    projlen=94: 154202 braids
    projlen=95: 115416 braids
  Braids kept: 1095311 (in 29 buckets, 2.22 GB CPU)
  ⚡ Timing: matmul=0.15s, sampling=6.27s, total=9.23s
============================================================
Level 126 - SAMPLING
============================================================
  Starting braids: 995311
  Candidates to generate: 5138775
  Processing in 52 chunks...
  Projlen distribution:
    projlen=67: 4 braids
    projlen=68: 7 braids
    projlen=69: 86 braids
    projlen=70: 94 braids
    projlen=71: 1385 braids
    projlen=72: 1204 braids
    projlen=73: 11928 braids
    projlen=74: 9379 braids
    projlen=75: 116998 braids
    projlen=76: 76780 braids
    projlen=77: 283933 braids
    projlen=78: 173090 braids
    projlen=79: 360497 braids
    projlen=80: 168355 braids
    projlen=81: 357423 braids
    projlen=82: 159096 braids
    projlen=83: 355619 braids
    projlen=84: 155507 braids
    projlen=85: 351429 braids
    projlen=86: 153705 braids
    projlen=87: 350582 braids
    projlen=88: 153710 braids
    projlen=89: 349507 braids
    projlen=90: 153256 braids
    projlen=91: 349844 braids
    projlen=92: 154344 braids
    projlen=93: 345581 braids
    projlen=94: 156765 braids
    projlen=95: 307649 braids
    projlen=96: 81018 braids
  Braids kept: 1124087 (in 30 buckets, 2.30 GB CPU)
  ⚡ Timing: matmul=0.14s, sampling=6.82s, total=10.04s
============================================================
Level 127 - SAMPLING
============================================================
  Starting braids: 974087
  Candidates to generate: 5021019
  Processing in 51 chunks...
  Projlen distribution:
    projlen=67: 3 braids
    projlen=68: 5 braids
    projlen=69: 37 braids
    projlen=70: 51 braids
    projlen=71: 614 braids
    projlen=72: 598 braids
    projlen=73: 8265 braids
    projlen=74: 6348 braids
    projlen=75: 62218 braids
    projlen=76: 42056 braids
    projlen=77: 266372 braids
    projlen=78: 174526 braids
    projlen=79: 360140 braids
    projlen=80: 169365 braids
    projlen=81: 357268 braids
    projlen=82: 159511 braids
    projlen=83: 354086 braids
    projlen=84: 155557 braids
    projlen=85: 352088 braids
    projlen=86: 154293 braids
    projlen=87: 349670 braids
    projlen=88: 152863 braids
    projlen=89: 350182 braids
    projlen=90: 153774 braids
    projlen=91: 349648 braids
    projlen=92: 153222 braids
    projlen=93: 347149 braids
    projlen=94: 152129 braids
    projlen=95: 308598 braids
    projlen=96: 80383 braids
  Braids kept: 1107977 (in 30 buckets, 2.27 GB CPU)
  ⚡ Timing: matmul=0.14s, sampling=6.66s, total=9.83s
============================================================
Level 128 - SAMPLING
============================================================
  Starting braids: 957977
  Candidates to generate: 4944833
  Processing in 50 chunks...
  Projlen distribution:
    projlen=69: 28 braids
    projlen=70: 36 braids
    projlen=71: 331 braids
    projlen=72: 347 braids
    projlen=73: 3916 braids
    projlen=74: 3299 braids
    projlen=75: 43571 braids
    projlen=76: 30512 braids
    projlen=77: 256260 braids
    projlen=78: 165925 braids
    projlen=79: 343803 braids
    projlen=80: 172338 braids
    projlen=81: 357912 braids
    projlen=82: 160797 braids
    projlen=83: 352833 braids
    projlen=84: 156007 braids
    projlen=85: 350486 braids
    projlen=86: 154050 braids
    projlen=87: 349739 braids
    projlen=88: 153271 braids
    projlen=89: 348464 braids
    projlen=90: 152676 braids
    projlen=91: 348492 braids
    projlen=92: 152740 braids
    projlen=93: 347310 braids
    projlen=94: 150803 braids
    projlen=95: 308790 braids
    projlen=96: 80097 braids
  Braids kept: 1082040 (in 28 buckets, 2.23 GB CPU)
  ⚡ Timing: matmul=0.14s, sampling=6.40s, total=9.44s
============================================================
Level 129 - SAMPLING
============================================================
  Starting braids: 982040
  Candidates to generate: 5032302
  Processing in 51 chunks...
  Projlen distribution:
    projlen=69: 1 braids
    projlen=70: 2 braids
    projlen=71: 222 braids
    projlen=72: 216 braids
    projlen=73: 2337 braids
    projlen=74: 2070 braids
    projlen=75: 22483 braids
    projlen=76: 16851 braids
    projlen=77: 210354 braids
    projlen=78: 133757 braids
    projlen=79: 317038 braids
    projlen=80: 176130 braids
    projlen=81: 360306 braids
    projlen=82: 162945 braids
    projlen=83: 354834 braids
    projlen=84: 157979 braids
    projlen=85: 350641 braids
    projlen=86: 155418 braids
    projlen=87: 348495 braids
    projlen=88: 153326 braids
    projlen=89: 348358 braids
    projlen=90: 152739 braids
    projlen=91: 348146 braids
    projlen=92: 152490 braids
    projlen=93: 347307 braids
    projlen=94: 151720 braids
    projlen=95: 341589 braids
    projlen=96: 147388 braids
    projlen=97: 117160 braids
  Braids kept: 1094182 (in 29 buckets, 2.27 GB CPU)
  ⚡ Timing: matmul=0.14s, sampling=6.70s, total=9.82s
============================================================
Level 130 - SAMPLING
============================================================
  Starting braids: 994182
  Candidates to generate: 5122222
  Processing in 52 chunks...
  Projlen distribution:
    projlen=69: 4 braids
    projlen=70: 3 braids
    projlen=71: 26 braids
    projlen=72: 54 braids
    projlen=73: 1434 braids
    projlen=74: 1345 braids
    projlen=75: 14225 braids
    projlen=76: 10958 braids
    projlen=77: 111897 braids
    projlen=78: 72137 braids
    projlen=79: 283414 braids
    projlen=80: 174911 braids
    projlen=81: 361705 braids
    projlen=82: 167435 braids
    projlen=83: 356345 braids
    projlen=84: 158718 braids
    projlen=85: 350805 braids
    projlen=86: 156816 braids
    projlen=87: 349523 braids
    projlen=88: 155788 braids
    projlen=89: 348784 braids
    projlen=90: 153811 braids
    projlen=91: 348438 braids
    projlen=92: 152943 braids
    projlen=93: 348813 braids
    projlen=94: 152928 braids
    projlen=95: 346214 braids
    projlen=96: 150579 braids
    projlen=97: 311219 braids
    projlen=98: 80950 braids
  Braids kept: 1128049 (in 30 buckets, 2.36 GB CPU)
  ⚡ Timing: matmul=0.14s, sampling=7.00s, total=10.24s
============================================================
Level 131 - SAMPLING
============================================================
  Starting braids: 978049
  Candidates to generate: 5046361
  Processing in 51 chunks...
  Projlen distribution:
    projlen=69: 3 braids
    projlen=70: 4 braids
    projlen=71: 27 braids
    projlen=72: 41 braids
    projlen=73: 308 braids
    projlen=74: 476 braids
    projlen=75: 8651 braids
    projlen=76: 7140 braids
    projlen=77: 72833 braids
    projlen=78: 48596 braids
    projlen=79: 269790 braids
    projlen=80: 173890 braids
    projlen=81: 362495 braids
    projlen=82: 169471 braids
    projlen=83: 356938 braids
    projlen=84: 160925 braids
    projlen=85: 352171 braids
    projlen=86: 157838 braids
    projlen=87: 348542 braids
    projlen=88: 157211 braids
    projlen=89: 348788 braids
    projlen=90: 156724 braids
    projlen=91: 348712 braids
    projlen=92: 154487 braids
    projlen=93: 349551 braids
    projlen=94: 153296 braids
    projlen=95: 347544 braids
    projlen=96: 150837 braids
    projlen=97: 308992 braids
    projlen=98: 80080 braids
  Braids kept: 1115246 (in 30 buckets, 2.34 GB CPU)
  ⚡ Timing: matmul=0.14s, sampling=6.76s, total=9.93s
============================================================
Level 132 - SAMPLING
============================================================
  Starting braids: 965246
  Candidates to generate: 4988760
  Processing in 50 chunks...
  Projlen distribution:
    projlen=70: 3 braids
    projlen=71: 19 braids
    projlen=72: 26 braids
    projlen=73: 241 braids
    projlen=74: 276 braids
    projlen=75: 2814 braids
    projlen=76: 2766 braids
    projlen=77: 45455 braids
    projlen=78: 32894 braids
    projlen=79: 261846 braids
    projlen=80: 172688 braids
    projlen=81: 357524 braids
    projlen=82: 170964 braids
    projlen=83: 357765 braids
    projlen=84: 159262 braids
    projlen=85: 354511 braids
    projlen=86: 159806 braids
    projlen=87: 349800 braids
    projlen=88: 158385 braids
    projlen=89: 346927 braids
    projlen=90: 158399 braids
    projlen=91: 347123 braids
    projlen=92: 158456 braids
    projlen=93: 347276 braids
    projlen=94: 154972 braids
    projlen=95: 347826 braids
    projlen=96: 151501 braids
    projlen=97: 309133 braids
    projlen=98: 80102 braids
  Braids kept: 1084494 (in 29 buckets, 2.29 GB CPU)
  ⚡ Timing: matmul=0.15s, sampling=6.64s, total=9.77s
============================================================
Level 133 - SAMPLING
============================================================
  Starting braids: 984494
  Candidates to generate: 5060198
  Processing in 51 chunks...
  Projlen distribution:
    projlen=70: 1 braids
    projlen=71: 5 braids
    projlen=72: 19 braids
    projlen=73: 177 braids
    projlen=74: 189 braids
    projlen=75: 1921 braids
    projlen=76: 1762 braids
    projlen=77: 18210 braids
    projlen=78: 14868 braids
    projlen=79: 218919 braids
    projlen=80: 141541 braids
    projlen=81: 321126 braids
    projlen=82: 173260 braids
    projlen=83: 358548 braids
    projlen=84: 160202 braids
    projlen=85: 354339 braids
    projlen=86: 155460 braids
    projlen=87: 350589 braids
    projlen=88: 159913 braids
    projlen=89: 347125 braids
    projlen=90: 160106 braids
    projlen=91: 346268 braids
    projlen=92: 161813 braids
    projlen=93: 345767 braids
    projlen=94: 160497 braids
    projlen=95: 346312 braids
    projlen=96: 155351 braids
    projlen=97: 340586 braids
    projlen=98: 148014 braids
    projlen=99: 117310 braids
  Braids kept: 1087152 (in 30 buckets, 2.32 GB CPU)
  ⚡ Timing: matmul=0.15s, sampling=6.84s, total=10.03s
============================================================
Level 134 - SAMPLING
============================================================
  Starting braids: 987152
  Candidates to generate: 5104426
  Processing in 52 chunks...
  Projlen distribution:
    projlen=71: 5 braids
    projlen=72: 10 braids
    projlen=73: 77 braids
    projlen=74: 129 braids
    projlen=75: 1263 braids
    projlen=76: 1225 braids
    projlen=77: 12187 braids
    projlen=78: 9665 braids
    projlen=79: 95043 braids
    projlen=80: 62933 braids
    projlen=81: 279566 braids
    projlen=82: 175539 braids
    projlen=83: 360212 braids
    projlen=84: 164080 braids
    projlen=85: 354717 braids
    projlen=86: 155719 braids
    projlen=87: 352125 braids
    projlen=88: 155062 braids
    projlen=89: 348201 braids
    projlen=90: 160866 braids
    projlen=91: 346655 braids
    projlen=92: 163800 braids
    projlen=93: 344157 braids
    projlen=94: 164815 braids
    projlen=95: 342932 braids
    projlen=96: 163488 braids
    projlen=97: 343307 braids
    projlen=98: 156295 braids
    projlen=99: 309376 braids
    projlen=100: 80977 braids
  Braids kept: 1124561 (in 30 buckets, 2.41 GB CPU)
  ⚡ Timing: matmul=0.14s, sampling=7.11s, total=10.34s
============================================================
Level 135 - SAMPLING
============================================================
  Starting braids: 974561
  Candidates to generate: 5054907
  Processing in 51 chunks...
  Projlen distribution:
    projlen=71: 10 braids
    projlen=72: 7 braids
    projlen=73: 67 braids
    projlen=74: 72 braids
    projlen=75: 596 braids
    projlen=76: 809 braids
    projlen=77: 7783 braids
    projlen=78: 6632 braids
    projlen=79: 64209 braids
    projlen=80: 44006 braids
    projlen=81: 271976 braids
    projlen=82: 177356 braids
    projlen=83: 362227 braids
    projlen=84: 169651 braids
    projlen=85: 356857 braids
    projlen=86: 157292 braids
    projlen=87: 352072 braids
    projlen=88: 154323 braids
    projlen=89: 349140 braids
    projlen=90: 153866 braids
    projlen=91: 346294 braids
    projlen=92: 163012 braids
    projlen=93: 343781 braids
    projlen=94: 167702 braids
    projlen=95: 342195 braids
    projlen=96: 169871 braids
    projlen=97: 339519 braids
    projlen=98: 167199 braids
    projlen=99: 304613 braids
    projlen=100: 81770 braids
  Braids kept: 1109982 (in 30 buckets, 2.39 GB CPU)
  ⚡ Timing: matmul=0.14s, sampling=6.94s, total=10.18s
============================================================
Level 136 - SAMPLING
============================================================
  Starting braids: 959982
  Candidates to generate: 4988196
  Processing in 50 chunks...
  Projlen distribution:
    projlen=71: 8 braids
    projlen=72: 6 braids
    projlen=73: 85 braids
    projlen=74: 64 braids
    projlen=75: 498 braids
    projlen=76: 460 braids
    projlen=77: 3886 braids
    projlen=78: 4546 braids
    projlen=79: 42306 braids
    projlen=80: 32141 braids
    projlen=81: 257208 braids
    projlen=82: 167893 braids
    projlen=83: 350233 braids
    projlen=84: 173715 braids
    projlen=85: 359746 braids
    projlen=86: 159514 braids
    projlen=87: 353553 braids
    projlen=88: 154886 braids
    projlen=89: 350054 braids
    projlen=90: 153985 braids
    projlen=91: 348965 braids
    projlen=92: 153819 braids
    projlen=93: 344734 braids
    projlen=94: 165271 braids
    projlen=95: 340812 braids
    projlen=96: 172892 braids
    projlen=97: 337403 braids
    projlen=98: 173676 braids
    projlen=99: 303171 braids
    projlen=100: 82666 braids
  Braids kept: 1084000 (in 30 buckets, 2.34 GB CPU)
  ⚡ Timing: matmul=0.15s, sampling=6.75s, total=9.93s
============================================================
Level 137 - SAMPLING
============================================================
  Starting braids: 984000
  Candidates to generate: 5090926
  Processing in 51 chunks...
  Projlen distribution:
    projlen=72: 3 braids
    projlen=73: 49 braids
    projlen=74: 47 braids
    projlen=75: 524 braids
    projlen=76: 415 braids
    projlen=77: 3247 braids
    projlen=78: 2679 braids
    projlen=79: 23005 braids
    projlen=80: 23254 braids
    projlen=81: 208076 braids
    projlen=82: 140957 braids
    projlen=83: 318908 braids
    projlen=84: 175025 braids
    projlen=85: 360981 braids
    projlen=86: 162729 braids
    projlen=87: 356672 braids
    projlen=88: 156054 braids
    projlen=89: 351734 braids
    projlen=90: 154350 braids
    projlen=91: 349878 braids
    projlen=92: 154192 braids
    projlen=93: 348081 braids
    projlen=94: 154154 braids
    projlen=95: 343543 braids
    projlen=96: 169242 braids
    projlen=97: 337382 braids
    projlen=98: 178577 braids
    projlen=99: 327755 braids
    projlen=100: 175921 braids
    projlen=101: 113492 braids
  Braids kept: 1103223 (in 30 buckets, 2.40 GB CPU)
  ⚡ Timing: matmul=0.15s, sampling=7.01s, total=10.31s
============================================================
Level 138 - SAMPLING
============================================================
  Starting braids: 953223
  Candidates to generate: 4933617
  Processing in 50 chunks...
  Projlen distribution:
    projlen=73: 7 braids
    projlen=74: 12 braids
    projlen=75: 300 braids
    projlen=76: 296 braids
    projlen=77: 3067 braids
    projlen=78: 2398 braids
    projlen=79: 19285 braids
    projlen=80: 14078 braids
    projlen=81: 118018 braids
    projlen=82: 99880 braids
    projlen=83: 294264 braids
    projlen=84: 185579 braids
    projlen=85: 357850 braids
    projlen=86: 167129 braids
    projlen=87: 356330 braids
    projlen=88: 157614 braids
    projlen=89: 353451 braids
    projlen=90: 155084 braids
    projlen=91: 349774 braids
    projlen=92: 153639 braids
    projlen=93: 349567 braids
    projlen=94: 154589 braids
    projlen=95: 348096 braids
    projlen=96: 154991 braids
    projlen=97: 343335 braids
    projlen=98: 173885 braids
    projlen=99: 329074 braids
    projlen=100: 179810 braids
    projlen=101: 112215 braids
  Braids kept: 1089443 (in 29 buckets, 2.38 GB CPU)
  ⚡ Timing: matmul=0.14s, sampling=6.75s, total=9.88s
============================================================
Level 139 - SAMPLING
============================================================
  Starting braids: 989443
  Candidates to generate: 5147355
  Processing in 52 chunks...
  Projlen distribution:
    projlen=73: 3 braids
    projlen=74: 7 braids
    projlen=75: 66 braids
    projlen=76: 99 braids
    projlen=77: 1863 braids
    projlen=78: 1674 braids
    projlen=79: 17117 braids
    projlen=80: 12377 braids
    projlen=81: 99383 braids
    projlen=82: 63967 braids
    projlen=83: 270318 braids
    projlen=84: 207725 braids
    projlen=85: 350671 braids
    projlen=86: 182897 braids
    projlen=87: 353161 braids
    projlen=88: 162078 braids
    projlen=89: 352730 braids
    projlen=90: 156326 braids
    projlen=91: 350716 braids
    projlen=92: 154209 braids
    projlen=93: 348319 braids
    projlen=94: 153444 braids
    projlen=95: 348302 braids
    projlen=96: 154682 braids
    projlen=97: 347349 braids
    projlen=98: 155426 braids
    projlen=99: 339602 braids
    projlen=100: 178145 braids
    projlen=101: 300872 braids
    projlen=102: 83827 braids
  Braids kept: 1133206 (in 30 buckets, 2.49 GB CPU)
  ⚡ Timing: matmul=0.14s, sampling=7.21s, total=10.54s
============================================================
Level 140 - SAMPLING
============================================================
  Starting braids: 983206
  Candidates to generate: 5118190
  Processing in 52 chunks...
  Projlen distribution:
    projlen=73: 1 braids
    projlen=75: 35 braids
    projlen=76: 58 braids
    projlen=77: 622 braids
    projlen=78: 711 braids
    projlen=79: 10904 braids
    projlen=80: 8573 braids
    projlen=81: 86573 braids
    projlen=82: 57038 braids
    projlen=83: 275772 braids
    projlen=84: 176857 braids
    projlen=85: 354684 braids
    projlen=86: 205635 braids
    projlen=87: 341863 braids
    projlen=88: 181953 braids
    projlen=89: 346529 braids
    projlen=90: 162826 braids
    projlen=91: 349548 braids
    projlen=92: 156093 braids
    projlen=93: 350335 braids
    projlen=94: 154395 braids
    projlen=95: 348992 braids
    projlen=96: 153684 braids
    projlen=97: 348102 braids
    projlen=98: 155488 braids
    projlen=99: 347045 braids
    projlen=100: 155247 braids
    projlen=101: 308158 braids
    projlen=102: 80469 braids
  Braids kept: 1120904 (in 29 buckets, 2.47 GB CPU)
  ⚡ Timing: matmul=0.14s, sampling=7.17s, total=10.42s
============================================================
Level 141 - SAMPLING
============================================================
  Starting braids: 970904
  Candidates to generate: 5061040
  Processing in 51 chunks...
  Projlen distribution:
    projlen=72: 1 braids
    projlen=73: 2 braids
    projlen=74: 4 braids
    projlen=75: 6 braids
    projlen=76: 11 braids
    projlen=77: 364 braids
    projlen=78: 418 braids
    projlen=79: 4474 braids
    projlen=80: 3934 braids
    projlen=81: 56434 braids
    projlen=82: 39401 braids
    projlen=83: 265820 braids
    projlen=84: 175532 braids
    projlen=85: 363627 braids
    projlen=86: 174170 braids
    projlen=87: 349485 braids
    projlen=88: 197502 braids
    projlen=89: 335071 braids
    projlen=90: 189179 braids
    projlen=91: 339475 braids
    projlen=92: 167405 braids
    projlen=93: 346960 braids
    projlen=94: 157074 braids
    projlen=95: 348794 braids
    projlen=96: 154557 braids
    projlen=97: 348430 braids
    projlen=98: 154277 braids
    projlen=99: 346382 braids
    projlen=100: 153694 braids
    projlen=101: 308069 braids
    projlen=102: 80488 braids
  Braids kept: 1098615 (in 31 buckets, 2.43 GB CPU)
  ⚡ Timing: matmul=0.15s, sampling=6.98s, total=10.23s
============================================================
Level 142 - SAMPLING
============================================================
  Starting braids: 998615
  Candidates to generate: 5185863
  Processing in 52 chunks...
  Projlen distribution:
    projlen=72: 1 braids
    projlen=73: 2 braids
    projlen=74: 4 braids
    projlen=75: 25 braids
    projlen=76: 20 braids
    projlen=77: 94 braids
    projlen=78: 135 braids
    projlen=79: 2697 braids
    projlen=80: 2530 braids
    projlen=81: 26097 braids
    projlen=82: 19674 braids
    projlen=83: 247796 braids
    projlen=84: 161373 braids
    projlen=85: 338273 braids
    projlen=86: 174170 braids
    projlen=87: 357279 braids
    projlen=88: 164010 braids
    projlen=89: 344916 braids
    projlen=90: 198234 braids
    projlen=91: 327977 braids
    projlen=92: 199360 braids
    projlen=93: 331896 braids
    projlen=94: 174409 braids
    projlen=95: 342983 braids
    projlen=96: 159314 braids
    projlen=97: 347142 braids
    projlen=98: 155299 braids
    projlen=99: 347577 braids
    projlen=100: 153953 braids
    projlen=101: 339993 braids
    projlen=102: 151781 braids
    projlen=103: 116849 braids
  Braids kept: 1101279 (in 32 buckets, 2.46 GB CPU)
  ⚡ Timing: matmul=0.13s, sampling=7.24s, total=10.61s
============================================================
Level 143 - SAMPLING
============================================================
  Starting braids: 951279
  Candidates to generate: 4951867
  Processing in 50 chunks...
  Projlen distribution:
    projlen=73: 4 braids
    projlen=74: 3 braids
    projlen=75: 22 braids
    projlen=76: 16 braids
    projlen=77: 158 braids
    projlen=78: 131 braids
    projlen=79: 913 braids
    projlen=80: 1075 braids
    projlen=81: 16233 braids
    projlen=82: 13005 braids
    projlen=83: 132176 braids
    projlen=84: 85043 braids
    projlen=85: 291637 braids
    projlen=86: 175908 braids
    projlen=87: 360053 braids
    projlen=88: 164615 braids
    projlen=89: 353918 braids
    projlen=90: 161729 braids
    projlen=91: 340401 braids
    projlen=92: 202133 braids
    projlen=93: 322451 braids
    projlen=94: 211262 braids
    projlen=95: 324565 braids
    projlen=96: 184217 braids
    projlen=97: 339413 braids
    projlen=98: 164157 braids
    projlen=99: 344368 braids
    projlen=100: 155760 braids
    projlen=101: 340799 braids
    projlen=102: 149683 braids
    projlen=103: 116019 braids
  Braids kept: 1081560 (in 31 buckets, 2.43 GB CPU)
  ⚡ Timing: matmul=0.14s, sampling=7.02s, total=10.21s
============================================================
Level 144 - SAMPLING
============================================================
  Starting braids: 981560
  Candidates to generate: 5156048
  Processing in 52 chunks...
  Projlen distribution:
    projlen=73: 3 braids
    projlen=74: 3 braids
    projlen=75: 26 braids
    projlen=76: 16 braids
    projlen=77: 121 braids
    projlen=78: 96 braids
    projlen=79: 961 braids
    projlen=80: 871 braids
    projlen=81: 7014 braids
    projlen=82: 6101 braids
    projlen=83: 82836 braids
    projlen=84: 56613 braids
    projlen=85: 277626 braids
    projlen=86: 176453 braids
    projlen=87: 362658 braids
    projlen=88: 169481 braids
    projlen=89: 356372 braids
    projlen=90: 160416 braids
    projlen=91: 349923 braids
    projlen=92: 162701 braids
    projlen=93: 335993 braids
    projlen=94: 205371 braids
    projlen=95: 316890 braids
    projlen=96: 221343 braids
    projlen=97: 317602 braids
    projlen=98: 197399 braids
    projlen=99: 332838 braids
    projlen=100: 170027 braids
    projlen=101: 341823 braids
    projlen=102: 157504 braids
    projlen=103: 308073 braids
    projlen=104: 80894 braids
  Braids kept: 1115212 (in 32 buckets, 2.52 GB CPU)
  ⚡ Timing: matmul=0.15s, sampling=7.40s, total=10.80s
============================================================
Level 145 - SAMPLING
============================================================
  Starting braids: 965212
  Candidates to generate: 5089750
  Processing in 51 chunks...
  Projlen distribution:
    projlen=74: 2 braids
    projlen=75: 17 braids
    projlen=76: 19 braids
    projlen=77: 143 braids
    projlen=78: 103 braids
    projlen=79: 695 braids
    projlen=80: 588 braids
    projlen=81: 6035 braids
    projlen=82: 4910 braids
    projlen=83: 40234 braids
    projlen=84: 28713 braids
    projlen=85: 261317 braids
    projlen=86: 176918 braids
    projlen=87: 363248 braids
    projlen=88: 171766 braids
    projlen=89: 358413 braids
    projlen=90: 160413 braids
    projlen=91: 351819 braids
    projlen=92: 159004 braids
    projlen=93: 346821 braids
    projlen=94: 164644 braids
    projlen=95: 333007 braids
    projlen=96: 209487 braids
    projlen=97: 311649 braids
    projlen=98: 230750 braids
    projlen=99: 310910 braids
    projlen=100: 211173 braids
    projlen=101: 324746 braids
    projlen=102: 177215 braids
    projlen=103: 302439 braids
    projlen=104: 82552 braids
  Braids kept: 1081459 (in 31 buckets, 2.45 GB CPU)
  ⚡ Timing: matmul=0.15s, sampling=7.19s, total=10.53s
============================================================
Level 146 - SAMPLING
============================================================
  Starting braids: 981459
  Candidates to generate: 5166287
  Processing in 52 chunks...
  Projlen distribution:
    projlen=74: 2 braids
    projlen=75: 5 braids
    projlen=76: 13 braids
    projlen=77: 95 braids
    projlen=78: 85 braids
    projlen=79: 790 braids
    projlen=80: 568 braids
    projlen=81: 4267 braids
    projlen=82: 3345 braids
    projlen=83: 34010 braids
    projlen=84: 24555 braids
    projlen=85: 203623 braids
    projlen=86: 127103 braids
    projlen=87: 313353 braids
    projlen=88: 174562 braids
    projlen=89: 359505 braids
    projlen=90: 161142 braids
    projlen=91: 355365 braids
    projlen=92: 157703 braids
    projlen=93: 349603 braids
    projlen=94: 159764 braids
    projlen=95: 343469 braids
    projlen=96: 168208 braids
    projlen=97: 330047 braids
    projlen=98: 213473 braids
    projlen=99: 307842 braids
    projlen=100: 237668 braids
    projlen=101: 303271 braids
    projlen=102: 224748 braids
    projlen=103: 312003 braids
    projlen=104: 185452 braids
    projlen=105: 110648 braids
  Braids kept: 1117735 (in 32 buckets, 2.55 GB CPU)
  ⚡ Timing: matmul=0.15s, sampling=7.49s, total=10.94s
============================================================
Level 147 - SAMPLING
============================================================
  Starting braids: 967735
  Candidates to generate: 5101545
  Processing in 52 chunks...
  Projlen distribution:
    projlen=75: 10 braids
    projlen=76: 11 braids
    projlen=77: 66 braids
    projlen=78: 62 braids
    projlen=79: 539 braids
    projlen=80: 417 braids
    projlen=81: 4335 braids
    projlen=82: 3171 braids
    projlen=83: 24509 braids
    projlen=84: 17353 braids
    projlen=85: 169295 braids
    projlen=86: 107960 braids
    projlen=87: 305236 braids
    projlen=88: 175917 braids
    projlen=89: 361878 braids
    projlen=90: 165958 braids
    projlen=91: 355209 braids
    projlen=92: 157042 braids
    projlen=93: 351301 braids
    projlen=94: 157250 braids
    projlen=95: 347468 braids
    projlen=96: 161880 braids
    projlen=97: 341809 braids
    projlen=98: 173785 braids
    projlen=99: 328332 braids
    projlen=100: 217931 braids
    projlen=101: 305813 braids
    projlen=102: 243317 braids
    projlen=103: 293998 braids
    projlen=104: 225928 braids
    projlen=105: 103765 braids
  Braids kept: 1100473 (in 31 buckets, 2.52 GB CPU)
  ⚡ Timing: matmul=0.14s, sampling=7.35s, total=10.72s
============================================================
Level 148 - SAMPLING
============================================================
  Starting braids: 950473
  Candidates to generate: 4981973
  Processing in 50 chunks...
  Projlen distribution:
    projlen=75: 3 braids
    projlen=76: 3 braids
    projlen=77: 89 braids
    projlen=78: 69 braids
    projlen=79: 462 braids
    projlen=80: 359 braids
    projlen=81: 2940 braids
    projlen=82: 2194 braids
    projlen=83: 23499 braids
    projlen=84: 16300 braids
    projlen=85: 124271 braids
    projlen=86: 77660 braids
    projlen=87: 287038 braids
    projlen=88: 175495 braids
    projlen=89: 362975 braids
    projlen=90: 167741 braids
    projlen=91: 357956 braids
    projlen=92: 159026 braids
    projlen=93: 351126 braids
    projlen=94: 155320 braids
    projlen=95: 348732 braids
    projlen=96: 157769 braids
    projlen=97: 346263 braids
    projlen=98: 165244 braids
    projlen=99: 338975 braids
    projlen=100: 179591 braids
    projlen=101: 324832 braids
    projlen=102: 221526 braids
    projlen=103: 298511 braids
    projlen=104: 232657 braids
    projlen=105: 103347 braids
  Braids kept: 1095918 (in 31 buckets, 2.52 GB CPU)
  ⚡ Timing: matmul=0.15s, sampling=7.18s, total=10.50s
============================================================
Level 149 - SAMPLING
============================================================
  Starting braids: 995918
  Candidates to generate: 5207272
  Processing in 53 chunks...
  Projlen distribution:
    projlen=76: 1 braids
    projlen=77: 22 braids
    projlen=78: 24 braids
    projlen=79: 529 braids
    projlen=80: 399 braids
    projlen=81: 2807 braids
    projlen=82: 2031 braids
    projlen=83: 16064 braids
    projlen=84: 11272 braids
    projlen=85: 116805 braids
    projlen=86: 74356 braids
    projlen=87: 285216 braids
    projlen=88: 173836 braids
    projlen=89: 363395 braids
    projlen=90: 169612 braids
    projlen=91: 359338 braids
    projlen=92: 159165 braids
    projlen=93: 354742 braids
    projlen=94: 156621 braids
    projlen=95: 349588 braids
    projlen=96: 155592 braids
    projlen=97: 347008 braids
    projlen=98: 159145 braids
    projlen=99: 343754 braids
    projlen=100: 168884 braids
    projlen=101: 335457 braids
    projlen=102: 187175 braids
    projlen=103: 320595 braids
    projlen=104: 222927 braids
    projlen=105: 279240 braids
    projlen=106: 91672 braids
  Braids kept: 1133149 (in 31 buckets, 2.62 GB CPU)
  ⚡ Timing: matmul=0.14s, sampling=7.65s, total=11.15s
============================================================
Level 150 - SAMPLING
============================================================
  Starting braids: 983149
  Candidates to generate: 5113051
  Processing in 52 chunks...
  Projlen distribution:
    projlen=77: 3 braids
    projlen=78: 13 braids
    projlen=79: 131 braids
    projlen=80: 154 braids
    projlen=81: 2889 braids
    projlen=82: 2177 braids
    projlen=83: 15706 braids
    projlen=84: 10640 braids
    projlen=85: 81117 braids
    projlen=86: 51149 braids
    projlen=87: 273265 braids
    projlen=88: 174242 braids
    projlen=89: 363864 braids
    projlen=90: 169605 braids
    projlen=91: 358450 braids
    projlen=92: 159194 braids
    projlen=93: 354535 braids
    projlen=94: 155938 braids
    projlen=95: 352092 braids
    projlen=96: 156261 braids
    projlen=97: 347959 braids
    projlen=98: 156465 braids
    projlen=99: 345153 braids
    projlen=100: 161627 braids
    projlen=101: 341203 braids
    projlen=102: 173730 braids
    projlen=103: 331350 braids
    projlen=104: 193364 braids
    projlen=105: 295043 braids
    projlen=106: 85732 braids
  Braids kept: 1131713 (in 30 buckets, 2.62 GB CPU)
  ⚡ Timing: matmul=0.14s, sampling=7.47s, total=10.87s
============================================================
Level 151 - SAMPLING
============================================================
  Starting braids: 981713
  Candidates to generate: 5090933
  Processing in 51 chunks...
  Projlen distribution:
    projlen=78: 3 braids
    projlen=79: 64 braids
    projlen=80: 97 braids
    projlen=81: 866 braids
    projlen=82: 910 braids
    projlen=83: 15172 braids
    projlen=84: 10918 braids
    projlen=85: 80602 braids
    projlen=86: 50647 braids
    projlen=87: 270336 braids
    projlen=88: 171991 braids
    projlen=89: 362815 braids
    projlen=90: 170453 braids
    projlen=91: 359258 braids
    projlen=92: 159906 braids
    projlen=93: 355158 braids
    projlen=94: 155941 braids
    projlen=95: 351990 braids
    projlen=96: 154919 braids
    projlen=97: 349548 braids
    projlen=98: 156170 braids
    projlen=99: 346630 braids
    projlen=100: 157638 braids
    projlen=101: 343746 braids
    projlen=102: 164955 braids
    projlen=103: 338187 braids
    projlen=104: 178693 braids
    projlen=105: 300225 braids
    projlen=106: 83095 braids
  Braids kept: 1128030 (in 29 buckets, 2.62 GB CPU)
  ⚡ Timing: matmul=0.15s, sampling=7.37s, total=10.75s
============================================================
Level 152 - SAMPLING
============================================================
  Starting braids: 978030
  Candidates to generate: 5059212
  Processing in 51 chunks...
  Projlen distribution:
    projlen=79: 31 braids
    projlen=80: 57 braids
    projlen=81: 573 braids
    projlen=82: 621 braids
    projlen=83: 5572 braids
    projlen=84: 4743 braids
    projlen=85: 74908 braids
    projlen=86: 50122 braids
    projlen=87: 271046 braids
    projlen=88: 171389 braids
    projlen=89: 360384 braids
    projlen=90: 170172 braids
    projlen=91: 359156 braids
    projlen=92: 160337 braids
    projlen=93: 356466 braids
    projlen=94: 156292 braids
    projlen=95: 351734 braids
    projlen=96: 154874 braids
    projlen=97: 350505 braids
    projlen=98: 154715 braids
    projlen=99: 348671 braids
    projlen=100: 156959 braids
    projlen=101: 346162 braids
    projlen=102: 159526 braids
    projlen=103: 341592 braids
    projlen=104: 167145 braids
    projlen=105: 303650 braids
    projlen=106: 81810 braids
  Braids kept: 1111597 (in 28 buckets, 2.59 GB CPU)
  ⚡ Timing: matmul=0.15s, sampling=7.21s, total=10.54s
============================================================
Level 153 - SAMPLING
============================================================
  Starting braids: 961597
  Candidates to generate: 4963797
  Processing in 50 chunks...
  Projlen distribution:
    projlen=79: 14 braids
    projlen=80: 23 braids
    projlen=81: 324 braids
    projlen=82: 391 braids
    projlen=83: 4044 braids
    projlen=84: 3456 braids
    projlen=85: 31160 braids
    projlen=86: 22383 braids
    projlen=87: 255490 braids
    projlen=88: 172475 braids
    projlen=89: 359714 braids
    projlen=90: 169629 braids
    projlen=91: 357616 braids
    projlen=92: 159555 braids
    projlen=93: 355674 braids
    projlen=94: 156567 braids
    projlen=95: 354137 braids
    projlen=96: 155398 braids
    projlen=97: 350986 braids
    projlen=98: 154872 braids
    projlen=99: 349423 braids
    projlen=100: 154440 braids
    projlen=101: 346664 braids
    projlen=102: 157543 braids
    projlen=103: 344892 braids
    projlen=104: 160717 braids
    projlen=105: 305329 braids
    projlen=106: 80881 braids
  Braids kept: 1061795 (in 28 buckets, 2.49 GB CPU)
  ⚡ Timing: matmul=0.14s, sampling=7.04s, total=10.31s
============================================================
Level 154 - SAMPLING
============================================================
  Starting braids: 961795
  Candidates to generate: 4936771
  Processing in 50 chunks...
  Projlen distribution:
    projlen=79: 9 braids
    projlen=80: 16 braids
    projlen=81: 156 braids
    projlen=82: 216 braids
    projlen=83: 2423 braids
    projlen=84: 2300 braids
    projlen=85: 23643 braids
    projlen=86: 17484 braids
    projlen=87: 156432 braids
    projlen=88: 97501 braids
    projlen=89: 297012 braids
    projlen=90: 172961 braids
    projlen=91: 357547 braids
    projlen=92: 159433 braids
    projlen=93: 355092 braids
    projlen=94: 155900 braids
    projlen=95: 352214 braids
    projlen=96: 154769 braids
    projlen=97: 351046 braids
    projlen=98: 154271 braids
    projlen=99: 349664 braids
    projlen=100: 154586 braids
    projlen=101: 348191 braids
    projlen=102: 155013 braids
    projlen=103: 346329 braids
    projlen=104: 158873 braids
    projlen=105: 337414 braids
    projlen=106: 160148 braids
    projlen=107: 116128 braids
  Braids kept: 1096247 (in 29 buckets, 2.58 GB CPU)
  ⚡ Timing: matmul=0.14s, sampling=7.29s, total=10.58s
============================================================
Level 155 - SAMPLING
============================================================
  Starting braids: 996247
  Candidates to generate: 5144623
  Processing in 52 chunks...
  Projlen distribution:
    projlen=79: 7 braids
    projlen=80: 8 braids
    projlen=81: 105 braids
    projlen=82: 137 braids
    projlen=83: 1310 braids
    projlen=84: 1377 braids
    projlen=85: 15085 braids
    projlen=86: 11923 braids
    projlen=87: 119190 braids
    projlen=88: 77061 braids
    projlen=89: 287609 braids
    projlen=90: 174106 braids
    projlen=91: 363047 braids
    projlen=92: 166813 braids
    projlen=93: 355398 braids
    projlen=94: 155787 braids
    projlen=95: 352328 braids
    projlen=96: 154999 braids
    projlen=97: 350704 braids
    projlen=98: 154345 braids
    projlen=99: 349521 braids
    projlen=100: 153619 braids
    projlen=101: 348687 braids
    projlen=102: 155325 braids
    projlen=103: 347389 braids
    projlen=104: 155714 braids
    projlen=105: 343246 braids
    projlen=106: 159684 braids
    projlen=107: 308125 braids
    projlen=108: 81974 braids
  Braids kept: 1129952 (in 30 buckets, 2.68 GB CPU)
  ⚡ Timing: matmul=0.14s, sampling=7.62s, total=11.06s
============================================================
Level 156 - SAMPLING
============================================================
  Starting braids: 979952
  Candidates to generate: 5061364
  Processing in 51 chunks...
  Projlen distribution:
    projlen=79: 2 braids
    projlen=80: 5 braids
    projlen=81: 60 braids
    projlen=82: 74 braids
    projlen=83: 876 braids
    projlen=84: 873 braids
    projlen=85: 8916 braids
    projlen=86: 7377 braids
    projlen=87: 78364 braids
    projlen=88: 52831 braids
    projlen=89: 274737 braids
    projlen=90: 174690 braids
    projlen=91: 363700 braids
    projlen=92: 168852 braids
    projlen=93: 359331 braids
    projlen=94: 158544 braids
    projlen=95: 352862 braids
    projlen=96: 154368 braids
    projlen=97: 350690 braids
    projlen=98: 154877 braids
    projlen=99: 349568 braids
    projlen=100: 154075 braids
    projlen=101: 348772 braids
    projlen=102: 153725 braids
    projlen=103: 348202 braids
    projlen=104: 155850 braids
    projlen=105: 345330 braids
    projlen=106: 155113 braids
    projlen=107: 308106 braids
    projlen=108: 80594 braids
  Braids kept: 1118183 (in 30 buckets, 2.66 GB CPU)
  ⚡ Timing: matmul=0.15s, sampling=7.32s, total=10.68s
============================================================
Level 157 - SAMPLING
============================================================
  Starting braids: 968183
  Candidates to generate: 5001967
  Processing in 51 chunks...
  Projlen distribution:
    projlen=80: 2 braids
    projlen=81: 24 braids
    projlen=82: 47 braids
    projlen=83: 459 braids
    projlen=84: 487 braids
    projlen=85: 5798 braids
    projlen=86: 4834 braids
    projlen=87: 48391 braids
    projlen=88: 34254 braids
    projlen=89: 266747 braids
    projlen=90: 176829 braids
    projlen=91: 363939 braids
    projlen=92: 170619 braids
    projlen=93: 358419 braids
    projlen=94: 159013 braids
    projlen=95: 355685 braids
    projlen=96: 155669 braids
    projlen=97: 350286 braids
    projlen=98: 153474 braids
    projlen=99: 348485 braids
    projlen=100: 154285 braids
    projlen=101: 348401 braids
    projlen=102: 153835 braids
    projlen=103: 347624 braids
    projlen=104: 154017 braids
    projlen=105: 346630 braids
    projlen=106: 155101 braids
    projlen=107: 308156 braids
    projlen=108: 80457 braids
  Braids kept: 1094296 (in 29 buckets, 2.61 GB CPU)
  ⚡ Timing: matmul=0.13s, sampling=7.38s, total=10.78s
============================================================
Level 158 - SAMPLING
============================================================
  Starting braids: 994296
  Candidates to generate: 5113272
  Processing in 52 chunks...
  Projlen distribution:
    projlen=80: 1 braids
    projlen=81: 9 braids
    projlen=82: 18 braids
    projlen=83: 242 braids
    projlen=84: 299 braids
    projlen=85: 3078 braids
    projlen=86: 2790 braids
    projlen=87: 32731 braids
    projlen=88: 24222 braids
    projlen=89: 239234 braids
    projlen=90: 150108 braids
    projlen=91: 326880 braids
    projlen=92: 173570 braids
    projlen=93: 360458 braids
    projlen=94: 160136 braids
    projlen=95: 355829 braids
    projlen=96: 155687 braids
    projlen=97: 352226 braids
    projlen=98: 154747 braids
    projlen=99: 349691 braids
    projlen=100: 153649 braids
    projlen=101: 349287 braids
    projlen=102: 154946 braids
    projlen=103: 347974 braids
    projlen=104: 154418 braids
    projlen=105: 347579 braids
    projlen=106: 153834 braids
    projlen=107: 339771 braids
    projlen=108: 152827 braids
    projlen=109: 117031 braids
  Braids kept: 1113390 (in 30 buckets, 2.68 GB CPU)
  ⚡ Timing: matmul=0.14s, sampling=7.64s, total=11.09s
============================================================
Level 159 - SAMPLING
============================================================
  Starting braids: 963390
  Candidates to generate: 4944388
  Processing in 50 chunks...
  Projlen distribution:
    projlen=81: 9 braids
    projlen=82: 11 braids
    projlen=83: 112 braids
    projlen=84: 145 braids
    projlen=85: 1810 braids
    projlen=86: 1770 braids
    projlen=87: 18390 braids
    projlen=88: 14110 braids
    projlen=89: 160723 braids
    projlen=90: 103904 braids
    projlen=91: 303029 braids
    projlen=92: 175478 braids
    projlen=93: 362163 braids
    projlen=94: 164124 braids
    projlen=95: 356810 braids
    projlen=96: 156683 braids
    projlen=97: 352946 braids
    projlen=98: 154601 braids
    projlen=99: 350084 braids
    projlen=100: 153421 braids
    projlen=101: 349501 braids
    projlen=102: 153617 braids
    projlen=103: 348503 braids
    projlen=104: 155382 braids
    projlen=105: 347018 braids
    projlen=106: 154420 braids
    projlen=107: 340831 braids
    projlen=108: 149020 braids
    projlen=109: 115773 braids
  Braids kept: 1086357 (in 29 buckets, 2.62 GB CPU)
  ⚡ Timing: matmul=0.14s, sampling=7.35s, total=10.67s
============================================================
Level 160 - SAMPLING
============================================================
  Starting braids: 986357
  Candidates to generate: 5091003
  Processing in 51 chunks...
  Projlen distribution:
    projlen=80: 1 braids
    projlen=81: 4 braids
    projlen=82: 9 braids
    projlen=83: 83 braids
    projlen=84: 84 braids
    projlen=85: 945 braids
    projlen=86: 953 braids
    projlen=87: 11671 braids
    projlen=88: 9370 braids
    projlen=89: 92681 braids
    projlen=90: 61046 braids
    projlen=91: 278454 braids
    projlen=92: 175256 braids
    projlen=93: 362078 braids
    projlen=94: 167394 braids
    projlen=95: 358153 braids
    projlen=96: 157615 braids
    projlen=97: 353310 braids
    projlen=98: 154839 braids
    projlen=99: 352050 braids
    projlen=100: 154152 braids
    projlen=101: 349004 braids
    projlen=102: 152762 braids
    projlen=103: 349707 braids
    projlen=104: 154349 braids
    projlen=105: 348454 braids
    projlen=106: 156488 braids
    projlen=107: 345382 braids
    projlen=108: 153947 braids
    projlen=109: 309677 braids
    projlen=110: 81085 braids
  Braids kept: 1123120 (in 31 buckets, 2.73 GB CPU)
  ⚡ Timing: matmul=0.15s, sampling=7.55s, total=10.98s
============================================================
Level 161 - SAMPLING
============================================================
  Starting braids: 973120
  Candidates to generate: 5025770
  Processing in 51 chunks...
  Projlen distribution:
    projlen=81: 3 braids
    projlen=82: 5 braids
    projlen=83: 43 braids
    projlen=84: 58 braids
    projlen=85: 620 braids
    projlen=86: 608 braids
    projlen=87: 6394 braids
    projlen=88: 5361 braids
    projlen=89: 61943 braids
    projlen=90: 42831 braids
    projlen=91: 269462 braids
    projlen=92: 175432 braids
    projlen=93: 362557 braids
    projlen=94: 169996 braids
    projlen=95: 357902 braids
    projlen=96: 158751 braids
    projlen=97: 354681 braids
    projlen=98: 155580 braids
    projlen=99: 351497 braids
    projlen=100: 154074 braids
    projlen=101: 350351 braids
    projlen=102: 153300 braids
    projlen=103: 348910 braids
    projlen=104: 152590 braids
    projlen=105: 347907 braids
    projlen=106: 154572 braids
    projlen=107: 346382 braids
    projlen=108: 155446 braids
    projlen=109: 307898 braids
    projlen=110: 80616 braids
  Braids kept: 1105923 (in 30 buckets, 2.70 GB CPU)
  ⚡ Timing: matmul=0.17s, sampling=7.56s, total=10.96s
============================================================
Level 162 - SAMPLING
============================================================
  Starting braids: 955923
  Candidates to generate: 4942321
  Processing in 50 chunks...
  Projlen distribution:
    projlen=82: 1 braids
    projlen=83: 27 braids
    projlen=84: 35 braids
    projlen=85: 345 braids
    projlen=86: 359 braids
    projlen=87: 4100 braids
    projlen=88: 3504 braids
    projlen=89: 36015 braids
    projlen=90: 26335 braids
    projlen=91: 256276 braids
    projlen=92: 167141 braids
    projlen=93: 346560 braids
    projlen=94: 172078 braids
    projlen=95: 357760 braids
    projlen=96: 159237 braids
    projlen=97: 354170 braids
    projlen=98: 155344 braids
    projlen=99: 352322 braids
    projlen=100: 154329 braids
    projlen=101: 350316 braids
    projlen=102: 153462 braids
    projlen=103: 349691 braids
    projlen=104: 153018 braids
    projlen=105: 348451 braids
    projlen=106: 152631 braids
    projlen=107: 346683 braids
    projlen=108: 153235 braids
    projlen=109: 308368 braids
    projlen=110: 80528 braids
  Braids kept: 1070721 (in 29 buckets, 2.62 GB CPU)
  ⚡ Timing: matmul=0.14s, sampling=7.28s, total=10.63s
============================================================
Level 163 - SAMPLING
============================================================
  Starting braids: 970721
  Candidates to generate: 4980211
  Processing in 50 chunks...
  Projlen distribution:
    projlen=82: 1 braids
    projlen=83: 3 braids
    projlen=84: 11 braids
    projlen=85: 217 braids
    projlen=86: 240 braids
    projlen=87: 2450 braids
    projlen=88: 2194 braids
    projlen=89: 23951 braids
    projlen=90: 18016 braids
    projlen=91: 179102 braids
    projlen=92: 114070 braids
    projlen=93: 308675 braids
    projlen=94: 174845 braids
    projlen=95: 361236 braids
    projlen=96: 161549 braids
    projlen=97: 355157 braids
    projlen=98: 155624 braids
    projlen=99: 351117 braids
    projlen=100: 154089 braids
    projlen=101: 350850 braids
    projlen=102: 153906 braids
    projlen=103: 349041 braids
    projlen=104: 153000 braids
    projlen=105: 348941 braids
    projlen=106: 153334 braids
    projlen=107: 348488 braids
    projlen=108: 152233 braids
    projlen=109: 340760 braids
    projlen=110: 150093 braids
    projlen=111: 117018 braids
  Braids kept: 1097083 (in 30 buckets, 2.70 GB CPU)
  ⚡ Timing: matmul=0.15s, sampling=7.46s, total=10.84s
============================================================
Level 164 - SAMPLING
============================================================
  Starting braids: 997083
  Candidates to generate: 5138065
  Processing in 52 chunks...
  Projlen distribution:
    projlen=83: 8 braids
    projlen=84: 9 braids
    projlen=85: 52 braids
    projlen=86: 102 braids
    projlen=87: 1523 braids
    projlen=88: 1524 braids
    projlen=89: 15018 braids
    projlen=90: 11623 braids
    projlen=91: 120236 braids
    projlen=92: 78210 braids
    projlen=93: 287290 braids
    projlen=94: 174806 braids
    projlen=95: 363178 braids
    projlen=96: 166673 braids
    projlen=97: 357529 braids
    projlen=98: 157006 braids
    projlen=99: 352045 braids
    projlen=100: 154108 braids
    projlen=101: 349915 braids
    projlen=102: 153547 braids
    projlen=103: 350023 braids
    projlen=104: 153106 braids
    projlen=105: 348774 braids
    projlen=106: 152702 braids
    projlen=107: 348490 braids
    projlen=108: 152924 braids
    projlen=109: 346221 braids
    projlen=110: 150641 braids
    projlen=111: 310023 braids
    projlen=112: 80759 braids
  Braids kept: 1129859 (in 30 buckets, 2.80 GB CPU)
  ⚡ Timing: matmul=0.14s, sampling=7.79s, total=11.29s
============================================================
Level 165 - SAMPLING
============================================================
  Starting braids: 979859
  Candidates to generate: 5052423
  Processing in 51 chunks...
  Projlen distribution:
    projlen=82: 1 braids
    projlen=83: 7 braids
    projlen=84: 7 braids
    projlen=85: 63 braids
    projlen=86: 70 braids
    projlen=87: 565 braids
    projlen=88: 703 braids
    projlen=89: 9591 braids
    projlen=90: 7847 braids
    projlen=91: 77408 braids
    projlen=92: 51531 braids
    projlen=93: 274446 braids
    projlen=94: 175806 braids
    projlen=95: 363101 braids
    projlen=96: 169185 braids
    projlen=97: 358831 braids
    projlen=98: 158350 braids
    projlen=99: 353605 braids
    projlen=100: 154513 braids
    projlen=101: 349753 braids
    projlen=102: 153157 braids
    projlen=103: 348769 braids
    projlen=104: 153204 braids
    projlen=105: 348541 braids
    projlen=106: 153121 braids
    projlen=107: 349421 braids
    projlen=108: 153326 braids
    projlen=109: 347484 braids
    projlen=110: 151065 braids
    projlen=111: 308998 braids
    projlen=112: 79954 braids
  Braids kept: 1118854 (in 31 buckets, 2.78 GB CPU)
  ⚡ Timing: matmul=0.15s, sampling=7.72s, total=11.17s
============================================================
Level 166 - SAMPLING
============================================================
  Starting braids: 968854
  Candidates to generate: 5004520
  Processing in 51 chunks...
  Projlen distribution:
    projlen=83: 5 braids
    projlen=84: 7 braids
    projlen=85: 56 braids
    projlen=86: 49 braids
    projlen=87: 487 braids
    projlen=88: 476 braids
    projlen=89: 4535 braids
    projlen=90: 4086 braids
    projlen=91: 50802 braids
    projlen=92: 36311 braids
    projlen=93: 266429 braids
    projlen=94: 175830 braids
    projlen=95: 364361 braids
    projlen=96: 171608 braids
    projlen=97: 359186 braids
    projlen=98: 159324 braids
    projlen=99: 354956 braids
    projlen=100: 155571 braids
    projlen=101: 351267 braids
    projlen=102: 153776 braids
    projlen=103: 349555 braids
    projlen=104: 153427 braids
    projlen=105: 348251 braids
    projlen=106: 153137 braids
    projlen=107: 349010 braids
    projlen=108: 153428 braids
    projlen=109: 348352 braids
    projlen=110: 151325 braids
    projlen=111: 308710 braids
    projlen=112: 80203 braids
  Braids kept: 1096012 (in 30 buckets, 2.73 GB CPU)
  ⚡ Timing: matmul=0.13s, sampling=7.62s, total=11.04s
============================================================
Level 167 - SAMPLING
============================================================
  Starting braids: 996012
  Candidates to generate: 5115574
  Processing in 52 chunks...
  Projlen distribution:
    projlen=84: 3 braids
    projlen=85: 42 braids
    projlen=86: 47 braids
    projlen=87: 358 braids
    projlen=88: 307 braids
    projlen=89: 3344 braids
    projlen=90: 2870 braids
    projlen=91: 27848 braids
    projlen=92: 21258 braids
    projlen=93: 244964 braids
    projlen=94: 156376 braids
    projlen=95: 330821 braids
    projlen=96: 172676 braids
    projlen=97: 358982 braids
    projlen=98: 160107 braids
    projlen=99: 356364 braids
    projlen=100: 156077 braids
    projlen=101: 352394 braids
    projlen=102: 154117 braids
    projlen=103: 349472 braids
    projlen=104: 153282 braids
    projlen=105: 349405 braids
    projlen=106: 153667 braids
    projlen=107: 348580 braids
    projlen=108: 153226 braids
    projlen=109: 349591 braids
    projlen=110: 152799 braids
    projlen=111: 341739 braids
    projlen=112: 147555 braids
    projlen=113: 117303 braids
  Braids kept: 1106077 (in 30 buckets, 2.78 GB CPU)
  ⚡ Timing: matmul=0.16s, sampling=7.93s, total=11.49s
============================================================
Level 168 - SAMPLING
============================================================
  Starting braids: 956077
  Candidates to generate: 4907993
  Processing in 50 chunks...
  Projlen distribution:
    projlen=84: 2 braids
    projlen=85: 11 braids
    projlen=86: 22 braids
    projlen=87: 275 braids
    projlen=88: 258 braids
    projlen=89: 2247 braids
    projlen=90: 1886 braids
    projlen=91: 19952 braids
    projlen=92: 15168 braids
    projlen=93: 142831 braids
    projlen=94: 91855 braids
    projlen=95: 296178 braids
    projlen=96: 175391 braids
    projlen=97: 361486 braids
    projlen=98: 163419 braids
    projlen=99: 355874 braids
    projlen=100: 155919 braids
    projlen=101: 352170 braids
    projlen=102: 154247 braids
    projlen=103: 350778 braids
    projlen=104: 153735 braids
    projlen=105: 349725 braids
    projlen=106: 153342 braids
    projlen=107: 348857 braids
    projlen=108: 153443 braids
    projlen=109: 349181 braids
    projlen=110: 153188 braids
    projlen=111: 342864 braids
    projlen=112: 147351 braids
    projlen=113: 116338 braids
  Braids kept: 1089821 (in 30 buckets, 2.75 GB CPU)
  ⚡ Timing: matmul=0.20s, sampling=7.52s, total=10.97s
============================================================
Level 169 - SAMPLING
============================================================
  Starting braids: 989821
  Candidates to generate: 5113441
  Processing in 52 chunks...
  Projlen distribution:
    projlen=85: 9 braids
    projlen=86: 11 braids
    projlen=87: 137 braids
    projlen=88: 141 braids
    projlen=89: 1689 braids
    projlen=90: 1490 braids
    projlen=91: 13337 braids
    projlen=92: 10178 braids
    projlen=93: 102031 braids
    projlen=94: 67184 braids
    projlen=95: 284423 braids
    projlen=96: 176381 braids
    projlen=97: 363460 braids
    projlen=98: 167982 braids
    projlen=99: 356965 braids
    projlen=100: 157194 braids
    projlen=101: 353268 braids
    projlen=102: 154611 braids
    projlen=103: 350473 braids
    projlen=104: 153560 braids
    projlen=105: 350093 braids
    projlen=106: 153257 braids
    projlen=107: 349161 braids
    projlen=108: 153144 braids
    projlen=109: 349344 braids
    projlen=110: 153911 braids
    projlen=111: 347641 braids
    projlen=112: 151863 braids
    projlen=113: 309884 braids
    projlen=114: 80619 braids
  Braids kept: 1126992 (in 30 buckets, 2.86 GB CPU)
  ⚡ Timing: matmul=0.14s, sampling=8.14s, total=11.69s
============================================================
Level 170 - SAMPLING
============================================================
  Starting braids: 976992
  Candidates to generate: 5043460
  Processing in 51 chunks...
  Projlen distribution:
    projlen=86: 1 braids
    projlen=87: 91 braids
    projlen=88: 94 braids
    projlen=89: 947 braids
    projlen=90: 850 braids
    projlen=91: 10036 braids
    projlen=92: 7811 braids
    projlen=93: 69770 braids
    projlen=94: 46279 braids
    projlen=95: 272579 braids
    projlen=96: 176183 braids
    projlen=97: 363685 braids
    projlen=98: 169865 braids
    projlen=99: 359226 braids
    projlen=100: 158699 braids
    projlen=101: 353493 braids
    projlen=102: 154650 braids
    projlen=103: 351128 braids
    projlen=104: 154005 braids
    projlen=105: 349068 braids
    projlen=106: 152906 braids
    projlen=107: 349268 braids
    projlen=108: 153231 braids
    projlen=109: 348578 braids
    projlen=110: 152956 braids
    projlen=111: 347079 braids
    projlen=112: 151445 braids
    projlen=113: 308997 braids
    projlen=114: 80540 braids
  Braids kept: 1116109 (in 29 buckets, 2.84 GB CPU)
  ⚡ Timing: matmul=0.16s, sampling=7.78s, total=11.31s
============================================================
Level 171 - SAMPLING
============================================================
  Starting braids: 966109
  Candidates to generate: 4993699
  Processing in 50 chunks...
  Projlen distribution:
    projlen=87: 7 braids
    projlen=88: 27 braids
    projlen=89: 599 braids
    projlen=90: 589 braids
    projlen=91: 5988 braids
    projlen=92: 4737 braids
    projlen=93: 53412 braids
    projlen=94: 36966 braids
    projlen=95: 263157 braids
    projlen=96: 169800 braids
    projlen=97: 355339 braids
    projlen=98: 172152 braids
    projlen=99: 359115 braids
    projlen=100: 159760 braids
    projlen=101: 356002 braids
    projlen=102: 155684 braids
    projlen=103: 351321 braids
    projlen=104: 153532 braids
    projlen=105: 349999 braids
    projlen=106: 153411 braids
    projlen=107: 349127 braids
    projlen=108: 152923 braids
    projlen=109: 349477 braids
    projlen=110: 153411 braids
    projlen=111: 347834 braids
    projlen=112: 150933 braids
    projlen=113: 308636 braids
    projlen=114: 79761 braids
  Braids kept: 1098913 (in 28 buckets, 2.80 GB CPU)
  ⚡ Timing: matmul=0.13s, sampling=7.71s, total=11.17s
============================================================
Level 172 - SAMPLING
============================================================
  Starting braids: 998913
  Candidates to generate: 5126947
  Processing in 52 chunks...
  Projlen distribution:
    projlen=87: 3 braids
    projlen=88: 10 braids
    projlen=89: 125 braids
    projlen=90: 232 braids
    projlen=91: 3740 braids
    projlen=92: 3291 braids
    projlen=93: 33580 braids
    projlen=94: 23887 braids
    projlen=95: 246856 braids
    projlen=96: 156122 braids
    projlen=97: 332794 braids
    projlen=98: 173046 braids
    projlen=99: 359127 braids
    projlen=100: 160527 braids
    projlen=101: 355312 braids
    projlen=102: 155544 braids
    projlen=103: 351950 braids
    projlen=104: 154236 braids
    projlen=105: 349567 braids
    projlen=106: 152854 braids
    projlen=107: 349448 braids
    projlen=108: 153362 braids
    projlen=109: 349310 braids
    projlen=110: 153062 braids
    projlen=111: 348822 braids
    projlen=112: 152375 braids
    projlen=113: 342484 braids
    projlen=114: 147827 braids
    projlen=115: 117454 braids
  Braids kept: 1114868 (in 29 buckets, 2.86 GB CPU)
  ⚡ Timing: matmul=0.16s, sampling=8.07s, total=11.68s
============================================================
Level 173 - SAMPLING
============================================================
  Starting braids: 964868
  Candidates to generate: 4943984
  Processing in 50 chunks...
  Projlen distribution:
    projlen=88: 1 braids
    projlen=89: 59 braids
    projlen=90: 124 braids
    projlen=91: 1178 braids
    projlen=92: 1535 braids
    projlen=93: 21555 braids
    projlen=94: 16725 braids
    projlen=95: 165670 braids
    projlen=96: 104391 braids
    projlen=97: 301645 braids
    projlen=98: 174697 braids
    projlen=99: 360708 braids
    projlen=100: 162958 braids
    projlen=101: 355496 braids
    projlen=102: 156010 braids
    projlen=103: 352012 braids
    projlen=104: 154414 braids
    projlen=105: 350509 braids
    projlen=106: 153716 braids
    projlen=107: 348829 braids
    projlen=108: 152942 braids
    projlen=109: 349085 braids
    projlen=110: 153237 braids
    projlen=111: 349166 braids
    projlen=112: 152167 braids
    projlen=113: 341733 braids
    projlen=114: 146924 braids
    projlen=115: 116498 braids
  Braids kept: 1091177 (in 28 buckets, 2.81 GB CPU)
  ⚡ Timing: matmul=0.14s, sampling=7.74s, total=11.19s
============================================================
Level 174 - SAMPLING
============================================================
  Starting braids: 991177
  Candidates to generate: 5106207
  Processing in 52 chunks...
  Projlen distribution:
    projlen=88: 1 braids
    projlen=89: 18 braids
    projlen=90: 44 braids
    projlen=91: 587 braids
    projlen=92: 926 braids
    projlen=93: 8454 braids
    projlen=94: 8320 braids
    projlen=95: 106485 braids
    projlen=96: 71900 braids
    projlen=97: 284724 braids
    projlen=98: 174614 braids
    projlen=99: 362044 braids
    projlen=100: 166859 braids
    projlen=101: 356976 braids
    projlen=102: 157221 braids
    projlen=103: 353233 braids
    projlen=104: 154633 braids
    projlen=105: 350021 braids
    projlen=106: 153681 braids
    projlen=107: 349266 braids
    projlen=108: 153517 braids
    projlen=109: 349308 braids
    projlen=110: 153344 braids
    projlen=111: 349266 braids
    projlen=112: 152966 braids
    projlen=113: 346479 braids
    projlen=114: 150683 braids
    projlen=115: 310070 braids
    projlen=116: 80567 braids
  Braids kept: 1118350 (in 29 buckets, 2.90 GB CPU)
  ⚡ Timing: matmul=0.16s, sampling=8.22s, total=11.85s
============================================================
Level 175 - SAMPLING
============================================================
  Starting braids: 968350
  Candidates to generate: 4988192
  Processing in 50 chunks...
  Projlen distribution:
    projlen=89: 9 braids
    projlen=90: 28 braids
    projlen=91: 242 braids
    projlen=92: 359 braids
    projlen=93: 4557 braids
    projlen=94: 5194 braids
    projlen=95: 46568 braids
    projlen=96: 37024 braids
    projlen=97: 263322 braids
    projlen=98: 177433 braids
    projlen=99: 361265 braids
    projlen=100: 169100 braids
    projlen=101: 358393 braids
    projlen=102: 158592 braids
    projlen=103: 353828 braids
    projlen=104: 154941 braids
    projlen=105: 350834 braids
    projlen=106: 153749 braids
    projlen=107: 349396 braids
    projlen=108: 153392 braids
    projlen=109: 349070 braids
    projlen=110: 153391 braids
    projlen=111: 349116 braids
    projlen=112: 152672 braids
    projlen=113: 346888 braids
    projlen=114: 150612 braids
    projlen=115: 308205 braids
    projlen=116: 80012 braids
  Braids kept: 1093981 (in 28 buckets, 2.85 GB CPU)
  ⚡ Timing: matmul=0.15s, sampling=7.86s, total=11.40s
============================================================
Level 176 - SAMPLING
============================================================
  Starting braids: 993981
  Candidates to generate: 5110505
  Processing in 52 chunks...
  Projlen distribution:
    projlen=89: 3 braids
    projlen=90: 14 braids
    projlen=91: 128 braids
    projlen=92: 254 braids
    projlen=93: 2109 braids
    projlen=94: 2301 braids
    projlen=95: 27667 braids
    projlen=96: 26233 braids
    projlen=97: 231692 braids
    projlen=98: 163585 braids
    projlen=99: 328801 braids
    projlen=100: 175452 braids
    projlen=101: 358335 braids
    projlen=102: 159987 braids
    projlen=103: 355934 braids
    projlen=104: 155691 braids
    projlen=105: 351537 braids
    projlen=106: 154082 braids
    projlen=107: 349908 braids
    projlen=108: 153408 braids
    projlen=109: 350446 braids
    projlen=110: 153613 braids
    projlen=111: 349027 braids
    projlen=112: 152878 braids
    projlen=113: 348374 braids
    projlen=114: 151959 braids
    projlen=115: 341903 braids
    projlen=116: 147722 braids
    projlen=117: 117462 braids
  Braids kept: 1108709 (in 29 buckets, 2.91 GB CPU)
  ⚡ Timing: matmul=0.14s, sampling=8.24s, total=11.89s
============================================================
Level 177 - SAMPLING
============================================================
  Starting braids: 958709
  Candidates to generate: 4930343
  Processing in 50 chunks...
  Projlen distribution:
    projlen=90: 8 braids
    projlen=91: 56 braids
    projlen=92: 135 braids
    projlen=93: 1197 braids
    projlen=94: 1688 braids
    projlen=95: 14033 braids
    projlen=96: 12454 braids
    projlen=97: 140192 braids
    projlen=98: 112178 braids
    projlen=99: 299980 braids
    projlen=100: 191684 braids
    projlen=101: 354203 braids
    projlen=102: 168662 braids
    projlen=103: 352939 braids
    projlen=104: 156285 braids
    projlen=105: 353404 braids
    projlen=106: 154972 braids
    projlen=107: 350889 braids
    projlen=108: 153348 braids
    projlen=109: 349325 braids
    projlen=110: 153191 braids
    projlen=111: 349784 braids
    projlen=112: 153443 braids
    projlen=113: 348487 braids
    projlen=114: 152015 braids
    projlen=115: 342444 braids
    projlen=116: 146861 braids
    projlen=117: 116486 braids
  Braids kept: 1079571 (in 28 buckets, 2.84 GB CPU)
  ⚡ Timing: matmul=0.16s, sampling=7.98s, total=11.49s
============================================================
Level 178 - SAMPLING
============================================================
  Starting braids: 979571
  Candidates to generate: 5077907
  Processing in 51 chunks...
  Projlen distribution:
    projlen=90: 3 braids
    projlen=91: 26 braids
    projlen=92: 84 braids
    projlen=93: 661 braids
    projlen=94: 930 braids
    projlen=95: 8630 braids
    projlen=96: 8943 braids
    projlen=97: 74935 braids
    projlen=98: 55056 braids
    projlen=99: 269122 braids
    projlen=100: 201770 braids
    projlen=101: 349213 braids
    projlen=102: 188053 braids
    projlen=103: 348924 braids
    projlen=104: 167406 braids
    projlen=105: 349032 braids
    projlen=106: 155923 braids
    projlen=107: 351015 braids
    projlen=108: 154462 braids
    projlen=109: 350127 braids
    projlen=110: 153259 braids
    projlen=111: 348915 braids
    projlen=112: 153217 braids
    projlen=113: 348619 braids
    projlen=114: 152763 braids
    projlen=115: 346649 braids
    projlen=116: 150422 braids
    projlen=117: 309588 braids
    projlen=118: 80160 braids
  Braids kept: 1119277 (in 29 buckets, 2.96 GB CPU)
  ⚡ Timing: matmul=0.18s, sampling=8.17s, total=11.82s
============================================================
Level 179 - SAMPLING
============================================================
  Starting braids: 969277
  Candidates to generate: 5049399
  Processing in 51 chunks...
  Projlen distribution:
    projlen=91: 19 braids
    projlen=92: 37 braids
    projlen=93: 405 braids
    projlen=94: 630 braids
    projlen=95: 5253 braids
    projlen=96: 5288 braids
    projlen=97: 48543 braids
    projlen=98: 41773 braids
    projlen=99: 265000 braids
    projlen=100: 190388 braids
    projlen=101: 353897 braids
    projlen=102: 198436 braids
    projlen=103: 341441 braids
    projlen=104: 187360 braids
    projlen=105: 340970 braids
    projlen=106: 171178 braids
    projlen=107: 345758 braids
    projlen=108: 157550 braids
    projlen=109: 348669 braids
    projlen=110: 153429 braids
    projlen=111: 348915 braids
    projlen=112: 152976 braids
    projlen=113: 349207 braids
    projlen=114: 153232 braids
    projlen=115: 348089 braids
    projlen=116: 151422 braids
    projlen=117: 309335 braids
    projlen=118: 80199 braids
  Braids kept: 1101948 (in 28 buckets, 2.92 GB CPU)
  ⚡ Timing: matmul=0.14s, sampling=8.09s, total=11.71s
============================================================
Level 180 - SAMPLING
============================================================
  Starting braids: 951948
  Candidates to generate: 4992284
  Processing in 50 chunks...
  Projlen distribution:
    projlen=91: 7 braids
    projlen=92: 17 braids
    projlen=93: 246 braids
    projlen=94: 332 braids
    projlen=95: 3252 braids
    projlen=96: 3882 braids
    projlen=97: 31785 braids
    projlen=98: 27191 braids
    projlen=99: 242723 braids
    projlen=100: 182827 braids
    projlen=101: 337700 braids
    projlen=102: 189975 braids
    projlen=103: 346138 braids
    projlen=104: 192306 braids
    projlen=105: 336158 braids
    projlen=106: 193739 braids
    projlen=107: 334616 braids
    projlen=108: 179062 braids
    projlen=109: 340832 braids
    projlen=110: 159979 braids
    projlen=111: 347168 braids
    projlen=112: 153641 braids
    projlen=113: 348900 braids
    projlen=114: 153055 braids
    projlen=115: 346845 braids
    projlen=116: 150564 braids
    projlen=117: 309014 braids
    projlen=118: 80330 braids
  Braids kept: 1066712 (in 28 buckets, 2.84 GB CPU)
  ⚡ Timing: matmul=0.15s, sampling=7.98s, total=11.56s
============================================================
Level 181 - SAMPLING
============================================================
  Starting braids: 966712
  Candidates to generate: 5050878
  Processing in 51 chunks...
  Projlen distribution:
    projlen=91: 3 braids
    projlen=92: 7 braids
    projlen=93: 129 braids
    projlen=94: 180 braids
    projlen=95: 1909 braids
    projlen=96: 2164 braids
    projlen=97: 20941 braids
    projlen=98: 20169 braids
    projlen=99: 161605 braids
    projlen=100: 117607 braids
    projlen=101: 301869 braids
    projlen=102: 198536 braids
    projlen=103: 348208 braids
    projlen=104: 184147 braids
    projlen=105: 339893 braids
    projlen=106: 194849 braids
    projlen=107: 328623 braids
    projlen=108: 203137 braids
    projlen=109: 327689 braids
    projlen=110: 189232 braids
    projlen=111: 337237 braids
    projlen=112: 165615 braids
    projlen=113: 345666 braids
    projlen=114: 154602 braids
    projlen=115: 348470 braids
    projlen=116: 152256 braids
    projlen=117: 341328 braids
    projlen=118: 147497 braids
    projlen=119: 117310 braids
  Braids kept: 1095502 (in 29 buckets, 2.94 GB CPU)
  ⚡ Timing: matmul=0.14s, sampling=8.24s, total=11.86s
============================================================
Level 182 - SAMPLING
============================================================
  Starting braids: 995502
  Candidates to generate: 5260880
  Processing in 53 chunks...
  Projlen distribution:
    projlen=93: 58 braids
    projlen=94: 93 braids
    projlen=95: 1066 braids
    projlen=96: 1276 braids
    projlen=97: 12560 braids
    projlen=98: 11788 braids
    projlen=99: 108733 braids
    projlen=100: 87265 braids
    projlen=101: 286932 braids
    projlen=102: 193257 braids
    projlen=103: 350309 braids
    projlen=104: 194192 braids
    projlen=105: 341668 braids
    projlen=106: 186185 braids
    projlen=107: 332785 braids
    projlen=108: 200991 braids
    projlen=109: 322595 braids
    projlen=110: 213261 braids
    projlen=111: 320177 braids
    projlen=112: 201266 braids
    projlen=113: 331568 braids
    projlen=114: 173932 braids
    projlen=115: 343635 braids
    projlen=116: 157038 braids
    projlen=117: 345974 braids
    projlen=118: 151076 braids
    projlen=119: 310439 braids
    projlen=120: 80761 braids
  Braids kept: 1126841 (in 28 buckets, 3.04 GB CPU)
  ⚡ Timing: matmul=0.15s, sampling=8.77s, total=12.62s
============================================================
Level 183 - SAMPLING
============================================================
  Starting braids: 976841
  Candidates to generate: 5203337
  Processing in 53 chunks...
  Projlen distribution:
    projlen=92: 1 braids
    projlen=93: 15 braids
    projlen=94: 29 braids
    projlen=95: 554 braids
    projlen=96: 644 braids
    projlen=97: 7451 braids
    projlen=98: 7122 braids
    projlen=99: 66312 braids
    projlen=100: 52456 braids
    projlen=101: 266483 braids
    projlen=102: 201066 braids
    projlen=103: 350868 braids
    projlen=104: 189941 braids
    projlen=105: 342519 braids
    projlen=106: 192115 braids
    projlen=107: 334144 braids
    projlen=108: 193715 braids
    projlen=109: 326533 braids
    projlen=110: 208744 braids
    projlen=111: 316277 braids
    projlen=112: 221689 braids
    projlen=113: 314359 braids
    projlen=114: 214620 braids
    projlen=115: 325104 braids
    projlen=116: 185131 braids
    projlen=117: 338155 braids
    projlen=118: 158502 braids
    projlen=119: 307957 braids
    projlen=120: 80831 braids
  Braids kept: 1115816 (in 29 buckets, 3.02 GB CPU)
  ⚡ Timing: matmul=0.18s, sampling=8.75s, total=12.55s
============================================================
Level 184 - SAMPLING
============================================================
  Starting braids: 965816
  Candidates to generate: 5186080
  Processing in 52 chunks...
  Projlen distribution:
    projlen=91: 1 braids
    projlen=92: 1 braids
    projlen=93: 12 braids
    projlen=94: 16 braids
    projlen=95: 201 braids
    projlen=96: 306 braids
    projlen=97: 4061 braids
    projlen=98: 3874 braids
    projlen=99: 41698 braids
    projlen=100: 34116 braids
    projlen=101: 257123 braids
    projlen=102: 195733 braids
    projlen=103: 351989 braids
    projlen=104: 199729 braids
    projlen=105: 342677 braids
    projlen=106: 187663 braids
    projlen=107: 336608 braids
    projlen=108: 196677 braids
    projlen=109: 326663 braids
    projlen=110: 202603 braids
    projlen=111: 320196 braids
    projlen=112: 216862 braids
    projlen=113: 310645 braids
    projlen=114: 229967 braids
    projlen=115: 306694 braids
    projlen=116: 226172 braids
    projlen=117: 315942 braids
    projlen=118: 197014 braids
    projlen=119: 296821 braids
    projlen=120: 84016 braids
  Braids kept: 1084286 (in 30 buckets, 2.94 GB CPU)
  ⚡ Timing: matmul=0.16s, sampling=8.42s, total=12.20s
============================================================
Level 185 - SAMPLING
============================================================
  Starting braids: 984286
  Candidates to generate: 5284596
  Processing in 53 chunks...
  Projlen distribution:
    projlen=89: 1 braids
    projlen=90: 1 braids
    projlen=91: 5 braids
    projlen=92: 5 braids
    projlen=93: 11 braids
    projlen=94: 20 braids
    projlen=95: 129 braids
    projlen=96: 153 braids
    projlen=97: 1813 braids
    projlen=98: 2002 braids
    projlen=99: 24454 braids
    projlen=100: 20383 braids
    projlen=101: 207437 braids
    projlen=102: 148027 braids
    projlen=103: 316952 braids
    projlen=104: 196014 braids
    projlen=105: 343947 braids
    projlen=106: 193904 braids
    projlen=107: 334950 braids
    projlen=108: 193272 braids
    projlen=109: 329442 braids
    projlen=110: 203763 braids
    projlen=111: 320227 braids
    projlen=112: 211844 braids
    projlen=113: 313292 braids
    projlen=114: 224956 braids
    projlen=115: 306045 braids
    projlen=116: 238448 braids
    projlen=117: 300654 braids
    projlen=118: 236225 braids
    projlen=119: 303541 braids
    projlen=120: 205112 braids
    projlen=121: 107567 braids
  Braids kept: 1098977 (in 33 buckets, 3.00 GB CPU)
  ⚡ Timing: matmul=0.16s, sampling=8.79s, total=12.66s
============================================================
Level 186 - SAMPLING
============================================================
  Starting braids: 998977
  Candidates to generate: 5384295
  Processing in 54 chunks...
  Projlen distribution:
    projlen=89: 4 braids
    projlen=90: 3 braids
    projlen=91: 9 braids
    projlen=92: 7 braids
    projlen=93: 39 braids
    projlen=94: 22 braids
    projlen=95: 106 braids
    projlen=96: 130 braids
    projlen=97: 1062 braids
    projlen=98: 1119 braids
    projlen=99: 12425 braids
    projlen=100: 10959 braids
    projlen=101: 123950 braids
    projlen=102: 87768 braids
    projlen=103: 289112 braids
    projlen=104: 190968 braids
    projlen=105: 349329 braids
    projlen=106: 191163 braids
    projlen=107: 336958 braids
    projlen=108: 197437 braids
    projlen=109: 327872 braids
    projlen=110: 201011 braids
    projlen=111: 322504 braids
    projlen=112: 212708 braids
    projlen=113: 314888 braids
    projlen=114: 221824 braids
    projlen=115: 307845 braids
    projlen=116: 233045 braids
    projlen=117: 300709 braids
    projlen=118: 244614 braids
    projlen=119: 294419 braids
    projlen=120: 241900 braids
    projlen=121: 276078 braids
    projlen=122: 92308 braids
  Braids kept: 1125885 (in 34 buckets, 3.10 GB CPU)
  ⚡ Timing: matmul=0.16s, sampling=9.17s, total=13.13s
============================================================
Level 187 - SAMPLING
============================================================
  Starting braids: 975885
  Candidates to generate: 5257827
  Processing in 53 chunks...
  Projlen distribution:
    projlen=89: 4 braids
    projlen=90: 2 braids
    projlen=91: 26 braids
    projlen=92: 18 braids
    projlen=93: 61 braids
    projlen=94: 40 braids
    projlen=95: 212 braids
    projlen=96: 156 braids
    projlen=97: 776 braids
    projlen=98: 855 braids
    projlen=99: 7196 braids
    projlen=100: 6516 braids
    projlen=101: 67073 braids
    projlen=102: 48592 braids
    projlen=103: 270549 braids
    projlen=104: 186716 braids
    projlen=105: 356354 braids
    projlen=106: 186511 braids
    projlen=107: 342365 braids
    projlen=108: 190947 braids
    projlen=109: 330346 braids
    projlen=110: 204683 braids
    projlen=111: 321305 braids
    projlen=112: 211340 braids
    projlen=113: 316197 braids
    projlen=114: 220472 braids
    projlen=115: 308949 braids
    projlen=116: 231171 braids
    projlen=117: 302561 braids
    projlen=118: 240314 braids
    projlen=119: 295272 braids
    projlen=120: 246384 braids
    projlen=121: 269932 braids
    projlen=122: 93932 braids
  Braids kept: 1114454 (in 34 buckets, 3.07 GB CPU)
  ⚡ Timing: matmul=0.15s, sampling=8.92s, total=12.80s
============================================================
Level 188 - SAMPLING
============================================================
  Starting braids: 964454
  Candidates to generate: 5195488
  Processing in 52 chunks...
  Projlen distribution:
    projlen=89: 4 braids
    projlen=90: 3 braids
    projlen=91: 19 braids
    projlen=92: 13 braids
    projlen=93: 139 braids
    projlen=94: 97 braids
    projlen=95: 348 braids
    projlen=96: 219 braids
    projlen=97: 1219 braids
    projlen=98: 945 braids
    projlen=99: 5051 braids
    projlen=100: 4745 braids
    projlen=101: 40126 braids
    projlen=102: 31643 braids
    projlen=103: 262500 braids
    projlen=104: 183183 braids
    projlen=105: 357060 braids
    projlen=106: 183847 braids
    projlen=107: 350678 braids
    projlen=108: 181723 braids
    projlen=109: 337672 braids
    projlen=110: 197225 braids
    projlen=111: 324463 braids
    projlen=112: 212505 braids
    projlen=113: 314466 braids
    projlen=114: 220940 braids
    projlen=115: 309604 braids
    projlen=116: 228326 braids
    projlen=117: 303438 braids
    projlen=118: 238667 braids
    projlen=119: 297210 braids
    projlen=120: 242640 braids
    projlen=121: 271474 braids
    projlen=122: 93296 braids
  Braids kept: 1084571 (in 34 buckets, 3.00 GB CPU)
  ⚡ Timing: matmul=0.16s, sampling=8.70s, total=12.55s
============================================================
Level 189 - SAMPLING
============================================================
  Starting braids: 984571
  Candidates to generate: 5290651
  Processing in 53 chunks...
  Projlen distribution:
    projlen=89: 3 braids
    projlen=90: 4 braids
    projlen=91: 20 braids
    projlen=92: 19 braids
    projlen=93: 98 braids
    projlen=94: 61 braids
    projlen=95: 727 braids
    projlen=96: 489 braids
    projlen=97: 1930 braids
    projlen=98: 1223 braids
    projlen=99: 6866 braids
    projlen=100: 5357 braids
    projlen=101: 29072 braids
    projlen=102: 23965 braids
    projlen=103: 199340 braids
    projlen=104: 138672 braids
    projlen=105: 317560 braids
    projlen=106: 183669 braids
    projlen=107: 353333 braids
    projlen=108: 175265 braids
    projlen=109: 343522 braids
    projlen=110: 183533 braids
    projlen=111: 331168 braids
    projlen=112: 203327 braids
    projlen=113: 318409 braids
    projlen=114: 221035 braids
    projlen=115: 308950 braids
    projlen=116: 229607 braids
    projlen=117: 303887 braids
    projlen=118: 236803 braids
    projlen=119: 298651 braids
    projlen=120: 243747 braids
    projlen=121: 290257 braids
    projlen=122: 236684 braids
    projlen=123: 103398 braids
  Braids kept: 1119834 (in 35 buckets, 3.11 GB CPU)
  ⚡ Timing: matmul=0.16s, sampling=8.98s, total=12.92s
============================================================
Level 190 - SAMPLING
============================================================
  Starting braids: 969834
  Candidates to generate: 5197560
  Processing in 52 chunks...
  Projlen distribution:
    projlen=90: 4 braids
    projlen=91: 18 braids
    projlen=92: 21 braids
    projlen=93: 120 braids
    projlen=94: 88 braids
    projlen=95: 507 braids
    projlen=96: 314 braids
    projlen=97: 3691 braids
    projlen=98: 2460 braids
    projlen=99: 10427 braids
    projlen=100: 6516 braids
    projlen=101: 37204 braids
    projlen=102: 27412 braids
    projlen=103: 145855 braids
    projlen=104: 104782 braids
    projlen=105: 294274 braids
    projlen=106: 188789 braids
    projlen=107: 355966 braids
    projlen=108: 176845 braids
    projlen=109: 348366 braids
    projlen=110: 176013 braids
    projlen=111: 337652 braids
    projlen=112: 189545 braids
    projlen=113: 325555 braids
    projlen=114: 211180 braids
    projlen=115: 312730 braids
    projlen=116: 228393 braids
    projlen=117: 304190 braids
    projlen=118: 237700 braids
    projlen=119: 298949 braids
    projlen=120: 242792 braids
    projlen=121: 290637 braids
    projlen=122: 235133 braids
    projlen=123: 103432 braids
  Braids kept: 1138782 (in 34 buckets, 3.17 GB CPU)
  ⚡ Timing: matmul=0.16s, sampling=8.88s, total=12.75s
============================================================
Level 191 - SAMPLING
============================================================
  Starting braids: 988782
  Candidates to generate: 5289664
  Processing in 53 chunks...
  Projlen distribution:
    projlen=90: 4 braids
    projlen=91: 8 braids
    projlen=92: 22 braids
    projlen=93: 118 braids
    projlen=94: 89 braids
    projlen=95: 654 braids
    projlen=96: 424 braids
    projlen=97: 2618 braids
    projlen=98: 1643 braids
    projlen=99: 18486 braids
    projlen=100: 12250 braids
    projlen=101: 54974 braids
    projlen=102: 33572 braids
    projlen=103: 183076 braids
    projlen=104: 123906 braids
    projlen=105: 296046 braids
    projlen=106: 194735 braids
    projlen=107: 348905 braids
    projlen=108: 184558 braids
    projlen=109: 349438 braids
    projlen=110: 174015 braids
    projlen=111: 342021 braids
    projlen=112: 180424 braids
    projlen=113: 332585 braids
    projlen=114: 197832 braids
    projlen=115: 320445 braids
    projlen=116: 218713 braids
    projlen=117: 309215 braids
    projlen=118: 235673 braids
    projlen=119: 299045 braids
    projlen=120: 244016 braids
    projlen=121: 290867 braids
    projlen=122: 235879 braids
    projlen=123: 103408 braids
  Braids kept: 1169888 (in 34 buckets, 3.25 GB CPU)
  ⚡ Timing: matmul=0.19s, sampling=9.14s, total=13.11s
============================================================
Level 192 - SAMPLING
============================================================
  Starting braids: 969888
  Candidates to generate: 5174122
  Processing in 52 chunks...
  Projlen distribution:
    projlen=90: 2 braids
    projlen=91: 10 braids
    projlen=92: 20 braids
    projlen=93: 112 braids
    projlen=94: 102 braids
    projlen=95: 647 braids
    projlen=96: 416 braids
    projlen=97: 3365 braids
    projlen=98: 2147 braids
    projlen=99: 13498 braids
    projlen=100: 8622 braids
    projlen=101: 91247 braids
    projlen=102: 59095 braids
    projlen=103: 251958 braids
    projlen=104: 147107 braids
    projlen=105: 312889 braids
    projlen=106: 189169 braids
    projlen=107: 346827 braids
    projlen=108: 193912 braids
    projlen=109: 342575 braids
    projlen=110: 183069 braids
    projlen=111: 341777 braids
    projlen=112: 177127 braids
    projlen=113: 336838 braids
    projlen=114: 186902 braids
    projlen=115: 327103 braids
    projlen=116: 205902 braids
    projlen=117: 316174 braids
    projlen=118: 226496 braids
    projlen=119: 304015 braids
    projlen=120: 239514 braids
    projlen=121: 273167 braids
    projlen=122: 92318 braids
  Braids kept: 1128941 (in 33 buckets, 3.13 GB CPU)
  ⚡ Timing: matmul=0.15s, sampling=8.82s, total=12.65s
============================================================
Level 193 - SAMPLING
============================================================
  Starting braids: 978941
  Candidates to generate: 5196393
  Processing in 52 chunks...
  Projlen distribution:
    projlen=90: 2 braids
    projlen=91: 4 braids
    projlen=92: 9 braids
    projlen=93: 112 braids
    projlen=94: 98 braids
    projlen=95: 726 braids
    projlen=96: 525 braids
    projlen=97: 3353 braids
    projlen=98: 2102 braids
    projlen=99: 16980 braids
    projlen=100: 10766 braids
    projlen=101: 67686 braids
    projlen=102: 41207 braids
    projlen=103: 262789 braids
    projlen=104: 174128 braids
    projlen=105: 356089 braids
    projlen=106: 175029 braids
    projlen=107: 349752 braids
    projlen=108: 185341 braids
    projlen=109: 340434 braids
    projlen=110: 193115 braids
    projlen=111: 334978 braids
    projlen=112: 188020 braids
    projlen=113: 334108 braids
    projlen=114: 184806 braids
    projlen=115: 331390 braids
    projlen=116: 194914 braids
    projlen=117: 322290 braids
    projlen=118: 214131 braids
    projlen=119: 309884 braids
    projlen=120: 231647 braids
    projlen=121: 278311 braids
    projlen=122: 91667 braids
  Braids kept: 1125884 (in 33 buckets, 3.13 GB CPU)
  ⚡ Timing: matmul=0.18s, sampling=8.75s, total=12.60s
============================================================
Level 194 - SAMPLING
============================================================
  Starting braids: 975884
  Candidates to generate: 5175606
  Processing in 52 chunks...
  Projlen distribution:
    projlen=91: 7 braids
    projlen=92: 8 braids
    projlen=93: 49 braids
    projlen=94: 41 braids
    projlen=95: 690 braids
    projlen=96: 531 braids
    projlen=97: 4003 braids
    projlen=98: 2687 braids
    projlen=99: 17141 braids
    projlen=100: 10591 braids
    projlen=101: 83783 braids
    projlen=102: 51657 braids
    projlen=103: 260303 braids
    projlen=104: 157610 braids
    projlen=105: 338186 braids
    projlen=106: 173787 braids
    projlen=107: 353817 braids
    projlen=108: 168269 braids
    projlen=109: 346253 braids
    projlen=110: 184764 braids
    projlen=111: 334266 braids
    projlen=112: 197688 braids
    projlen=113: 328346 braids
    projlen=114: 197344 braids
    projlen=115: 328015 braids
    projlen=116: 194607 braids
    projlen=117: 326233 braids
    projlen=118: 204303 braids
    projlen=119: 316549 braids
    projlen=120: 220632 braids
    projlen=121: 283618 braids
    projlen=122: 89828 braids
  Braids kept: 1135748 (in 32 buckets, 3.16 GB CPU)
  ⚡ Timing: matmul=0.16s, sampling=8.85s, total=12.70s
============================================================
Level 195 - SAMPLING
============================================================
  Starting braids: 985748
  Candidates to generate: 5213710
  Processing in 53 chunks...
  Projlen distribution:
    projlen=91: 3 braids
    projlen=92: 3 braids
    projlen=93: 54 braids
    projlen=94: 40 braids
    projlen=95: 293 braids
    projlen=96: 231 braids
    projlen=97: 3746 braids
    projlen=98: 2754 braids
    projlen=99: 20942 braids
    projlen=100: 13427 braids
    projlen=101: 84851 braids
    projlen=102: 50506 braids
    projlen=103: 266090 braids
    projlen=104: 169745 braids
    projlen=105: 359434 braids
    projlen=106: 170765 braids
    projlen=107: 358688 braids
    projlen=108: 166315 braids
    projlen=109: 350762 braids
    projlen=110: 168408 braids
    projlen=111: 340322 braids
    projlen=112: 188978 braids
    projlen=113: 329382 braids
    projlen=114: 205145 braids
    projlen=115: 322345 braids
    projlen=116: 208111 braids
    projlen=117: 320977 braids
    projlen=118: 205396 braids
    projlen=119: 318613 braids
    projlen=120: 210978 braids
    projlen=121: 288266 braids
    projlen=122: 88140 braids
  Braids kept: 1141493 (in 32 buckets, 3.18 GB CPU)
  ⚡ Timing: matmul=0.14s, sampling=8.99s, total=12.87s
============================================================
Level 196 - SAMPLING
============================================================
  Starting braids: 991493
  Candidates to generate: 5235575
  Processing in 53 chunks...
  Projlen distribution:
    projlen=93: 19 braids
    projlen=94: 19 braids
    projlen=95: 303 braids
    projlen=96: 224 braids
    projlen=97: 1715 braids
    projlen=98: 1341 braids
    projlen=99: 19433 braids
    projlen=100: 13648 braids
    projlen=101: 103514 braids
    projlen=102: 63047 braids
    projlen=103: 273207 braids
    projlen=104: 167863 braids
    projlen=105: 358170 braids
    projlen=106: 169566 braids
    projlen=107: 357614 braids
    projlen=108: 161822 braids
    projlen=109: 354524 braids
    projlen=110: 162396 braids
    projlen=111: 347312 braids
    projlen=112: 171891 braids
    projlen=113: 336123 braids
    projlen=114: 194670 braids
    projlen=115: 324296 braids
    projlen=116: 214352 braids
    projlen=117: 315374 braids
    projlen=118: 218243 braids
    projlen=119: 314408 braids
    projlen=120: 215478 braids
    projlen=121: 287319 braids
    projlen=122: 87684 braids
  Braids kept: 1136702 (in 30 buckets, 3.17 GB CPU)
  ⚡ Timing: matmul=0.21s, sampling=9.01s, total=12.95s
============================================================
Level 197 - SAMPLING
============================================================
  Starting braids: 986702
  Candidates to generate: 5190026
  Processing in 52 chunks...
  Projlen distribution:
    projlen=94: 3 braids
    projlen=95: 105 braids
    projlen=96: 112 braids
    projlen=97: 1634 braids
    projlen=98: 1251 braids
    projlen=99: 9795 braids
    projlen=100: 7171 braids
    projlen=101: 94831 braids
    projlen=102: 61718 braids
    projlen=103: 274344 braids
    projlen=104: 168847 braids
    projlen=105: 358815 braids
    projlen=106: 168364 braids
    projlen=107: 356860 braids
    projlen=108: 160061 braids
    projlen=109: 353674 braids
    projlen=110: 158500 braids
    projlen=111: 350026 braids
    projlen=112: 162508 braids
    projlen=113: 344134 braids
    projlen=114: 176597 braids
    projlen=115: 331928 braids
    projlen=116: 201939 braids
    projlen=117: 319313 braids
    projlen=118: 220805 braids
    projlen=119: 308159 braids
    projlen=120: 225585 braids
    projlen=121: 282846 braids
    projlen=122: 90101 braids
  Braids kept: 1120071 (in 29 buckets, 3.13 GB CPU)
  ⚡ Timing: matmul=0.17s, sampling=8.96s, total=12.85s
============================================================
Level 198 - SAMPLING
============================================================
  Starting braids: 970071
  Candidates to generate: 5080173
  Processing in 51 chunks...
  Projlen distribution:
    projlen=94: 1 braids
    projlen=95: 13 braids
    projlen=96: 33 braids
    projlen=97: 626 braids
    projlen=98: 592 braids
    projlen=99: 8794 braids
    projlen=100: 6421 braids
    projlen=101: 51710 braids
    projlen=102: 33785 braids
    projlen=103: 260794 braids
    projlen=104: 172246 braids
    projlen=105: 360444 braids
    projlen=106: 168255 braids
    projlen=107: 356964 braids
    projlen=108: 159348 braids
    projlen=109: 353820 braids
    projlen=110: 156797 braids
    projlen=111: 349915 braids
    projlen=112: 157935 braids
    projlen=113: 347144 braids
    projlen=114: 164585 braids
    projlen=115: 339761 braids
    projlen=116: 181775 braids
    projlen=117: 327423 braids
    projlen=118: 209950 braids
    projlen=119: 313753 braids
    projlen=120: 226080 braids
    projlen=121: 280686 braids
    projlen=122: 90523 braids
  Braids kept: 1100265 (in 29 buckets, 3.08 GB CPU)
  ⚡ Timing: matmul=0.15s, sampling=8.73s, total=12.53s
============================================================
Level 199 - SAMPLING
============================================================
  Starting braids: 950265
  Candidates to generate: 4967459
  Processing in 50 chunks...
  Projlen distribution:
    projlen=95: 13 braids
    projlen=96: 14 braids
    projlen=97: 177 braids
    projlen=98: 237 braids
    projlen=99: 3764 braids
    projlen=100: 3173 braids
    projlen=101: 45342 braids
    projlen=102: 31171 braids
    projlen=103: 249311 braids
    projlen=104: 151004 braids
    projlen=105: 322764 braids
    projlen=106: 170720 braids
    projlen=107: 357575 braids
    projlen=108: 159130 braids
    projlen=109: 354426 braids
    projlen=110: 156412 braids
    projlen=111: 351174 braids
    projlen=112: 156537 braids
    projlen=113: 346788 braids
    projlen=114: 158325 braids
    projlen=115: 343657 braids
    projlen=116: 168206 braids
    projlen=117: 336924 braids
    projlen=118: 189329 braids
    projlen=119: 322357 braids
    projlen=120: 214834 braids
    projlen=121: 285061 braids
    projlen=122: 89034 braids
  Braids kept: 1083891 (in 28 buckets, 3.04 GB CPU)
  ⚡ Timing: matmul=0.15s, sampling=8.56s, total=12.27s
============================================================
Level 200 - SAMPLING
============================================================
  Starting braids: 983891
  Candidates to generate: 5124629
  Processing in 52 chunks...
  Projlen distribution:
    projlen=95: 6 braids
    projlen=96: 5 braids
    projlen=97: 117 braids
    projlen=98: 124 braids
    projlen=99: 1491 braids
    projlen=100: 1522 braids
    projlen=101: 21038 braids
    projlen=102: 15782 braids
    projlen=103: 217415 braids
    projlen=104: 137936 braids
    projlen=105: 320150 braids
    projlen=106: 173631 braids
    projlen=107: 361269 braids
    projlen=108: 162803 braids
    projlen=109: 354832 braids
    projlen=110: 155735 braids
    projlen=111: 350293 braids
    projlen=112: 155311 braids
    projlen=113: 349392 braids
    projlen=114: 157325 braids
    projlen=115: 346918 braids
    projlen=116: 161115 braids
    projlen=117: 342007 braids
    projlen=118: 172830 braids
    projlen=119: 333259 braids
    projlen=120: 195712 braids
    projlen=121: 314769 braids
    projlen=122: 212591 braids
    projlen=123: 109251 braids
  Braids kept: 1090085 (in 29 buckets, 3.09 GB CPU)
  ⚡ Timing: matmul=0.14s, sampling=8.76s, total=12.60s
============================================================
Level 201 - SAMPLING
============================================================
  Starting braids: 990085
  Candidates to generate: 5147943
  Processing in 52 chunks...
  Projlen distribution:
    projlen=95: 2 braids
    projlen=96: 5 braids
    projlen=97: 39 braids
    projlen=98: 50 braids
    projlen=99: 867 braids
    projlen=100: 845 braids
    projlen=101: 9851 braids
    projlen=102: 8087 braids
    projlen=103: 103721 braids
    projlen=104: 68176 braids
    projlen=105: 283179 braids
    projlen=106: 175154 braids
    projlen=107: 362123 braids
    projlen=108: 164902 braids
    projlen=109: 357859 braids
    projlen=110: 157250 braids
    projlen=111: 352933 braids
    projlen=112: 155193 braids
    projlen=113: 350272 braids
    projlen=114: 155674 braids
    projlen=115: 348267 braids
    projlen=116: 158037 braids
    projlen=117: 344190 braids
    projlen=118: 164106 braids
    projlen=119: 339833 braids
    projlen=120: 178833 braids
    projlen=121: 327133 braids
    projlen=122: 201823 braids
    projlen=123: 292184 braids
    projlen=124: 87355 braids
  Braids kept: 1119746 (in 30 buckets, 3.19 GB CPU)
  ⚡ Timing: matmul=0.15s, sampling=9.16s, total=13.05s
============================================================
Level 202 - SAMPLING
============================================================
  Starting braids: 969746
  Candidates to generate: 5029750
  Processing in 51 chunks...
  Projlen distribution:
    projlen=96: 4 braids
    projlen=97: 19 braids
    projlen=98: 42 braids
    projlen=99: 314 braids
    projlen=100: 379 braids
    projlen=101: 5595 braids
    projlen=102: 4643 braids
    projlen=103: 52169 braids
    projlen=104: 36561 braids
    projlen=105: 264005 braids
    projlen=106: 175599 braids
    projlen=107: 363774 braids
    projlen=108: 169734 braids
    projlen=109: 357983 braids
    projlen=110: 157689 braids
    projlen=111: 354029 braids
    projlen=112: 154824 braids
    projlen=113: 350677 braids
    projlen=114: 154554 braids
    projlen=115: 348306 braids
    projlen=116: 155844 braids
    projlen=117: 347124 braids
    projlen=118: 160414 braids
    projlen=119: 342933 braids
    projlen=120: 168582 braids
    projlen=121: 336253 braids
    projlen=122: 184543 braids
    projlen=123: 298675 braids
    projlen=124: 84482 braids
  Braids kept: 1097557 (in 29 buckets, 3.13 GB CPU)
  ⚡ Timing: matmul=0.14s, sampling=8.89s, total=12.69s
============================================================
Level 203 - SAMPLING
============================================================
  Starting braids: 997557
  Candidates to generate: 5153149
  Processing in 52 chunks...
  Projlen distribution:
    projlen=96: 2 braids
    projlen=97: 17 braids
    projlen=98: 34 braids
    projlen=99: 196 braids
    projlen=100: 268 braids
    projlen=101: 2375 braids
    projlen=102: 2261 braids
    projlen=103: 31139 braids
    projlen=104: 23302 braids
    projlen=105: 247019 braids
    projlen=106: 159628 braids
    projlen=107: 330376 braids
    projlen=108: 172725 braids
    projlen=109: 357493 braids
    projlen=110: 159363 braids
    projlen=111: 354116 braids
    projlen=112: 155174 braids
    projlen=113: 350861 braids
    projlen=114: 153467 braids
    projlen=115: 348882 braids
    projlen=116: 154444 braids
    projlen=117: 347787 braids
    projlen=118: 156624 braids
    projlen=119: 344551 braids
    projlen=120: 162403 braids
    projlen=121: 340214 braids
    projlen=122: 173206 braids
    projlen=123: 327490 braids
    projlen=124: 184787 braids
    projlen=125: 112945 braids
  Braids kept: 1109594 (in 30 buckets, 3.19 GB CPU)
  ⚡ Timing: matmul=0.15s, sampling=9.07s, total=12.98s
============================================================
Level 204 - SAMPLING
============================================================
  Starting braids: 959594
  Candidates to generate: 4941986
  Processing in 50 chunks...
  Projlen distribution:
    projlen=96: 2 braids
    projlen=97: 16 braids
    projlen=98: 25 braids
    projlen=99: 199 braids
    projlen=100: 220 braids
    projlen=101: 1648 braids
    projlen=102: 1565 braids
    projlen=103: 15044 braids
    projlen=104: 11978 braids
    projlen=105: 153844 braids
    projlen=106: 100779 braids
    projlen=107: 300570 braids
    projlen=108: 178514 braids
    projlen=109: 359580 braids
    projlen=110: 164555 braids
    projlen=111: 353942 braids
    projlen=112: 155923 braids
    projlen=113: 351232 braids
    projlen=114: 154095 braids
    projlen=115: 349235 braids
    projlen=116: 153437 braids
    projlen=117: 348285 braids
    projlen=118: 154547 braids
    projlen=119: 346211 braids
    projlen=120: 157989 braids
    projlen=121: 343147 braids
    projlen=122: 165864 braids
    projlen=123: 332436 braids
    projlen=124: 173315 braids
    projlen=125: 113789 braids
  Braids kept: 1080697 (in 30 buckets, 3.12 GB CPU)
  ⚡ Timing: matmul=0.14s, sampling=8.79s, total=12.54s
============================================================
Level 205 - SAMPLING
============================================================
  Starting braids: 980697
  Candidates to generate: 5068779
  Processing in 51 chunks...
  Projlen distribution:
    projlen=97: 14 braids
    projlen=98: 22 braids
    projlen=99: 161 braids
    projlen=100: 160 braids
    projlen=101: 1518 braids
    projlen=102: 1327 braids
    projlen=103: 10748 braids
    projlen=104: 8300 braids
    projlen=105: 78906 braids
    projlen=106: 52620 braids
    projlen=107: 274514 braids
    projlen=108: 176168 braids
    projlen=109: 361142 braids
    projlen=110: 170831 braids
    projlen=111: 356208 braids
    projlen=112: 160492 braids
    projlen=113: 351614 braids
    projlen=114: 155202 braids
    projlen=115: 349531 braids
    projlen=116: 154157 braids
    projlen=117: 349178 braids
    projlen=118: 153190 braids
    projlen=119: 347331 braids
    projlen=120: 154997 braids
    projlen=121: 345304 braids
    projlen=122: 159817 braids
    projlen=123: 339601 braids
    projlen=124: 169107 braids
    projlen=125: 304086 braids
    projlen=126: 82533 braids
  Braids kept: 1122250 (in 30 buckets, 3.25 GB CPU)
  ⚡ Timing: matmul=0.15s, sampling=9.06s, total=12.92s
============================================================
Level 206 - SAMPLING
============================================================
  Starting braids: 972250
  Candidates to generate: 5037296
  Processing in 51 chunks...
  Projlen distribution:
    projlen=98: 4 braids
    projlen=99: 139 braids
    projlen=100: 165 braids
    projlen=101: 1134 braids
    projlen=102: 1002 braids
    projlen=103: 9251 braids
    projlen=104: 7072 braids
    projlen=105: 57743 braids
    projlen=106: 38903 braids
    projlen=107: 270142 braids
    projlen=108: 177589 braids
    projlen=109: 364246 braids
    projlen=110: 171450 braids
    projlen=111: 356986 braids
    projlen=112: 163028 braids
    projlen=113: 352082 braids
    projlen=114: 159894 braids
    projlen=115: 349328 braids
    projlen=116: 155833 braids
    projlen=117: 349209 braids
    projlen=118: 154052 braids
    projlen=119: 348809 braids
    projlen=120: 153454 braids
    projlen=121: 347744 braids
    projlen=122: 156359 braids
    projlen=123: 344104 braids
    projlen=124: 160926 braids
    projlen=125: 305596 braids
    projlen=126: 81052 braids
  Braids kept: 1107670 (in 29 buckets, 3.22 GB CPU)
  ⚡ Timing: matmul=0.14s, sampling=8.92s, total=12.78s
============================================================
Level 207 - SAMPLING
============================================================
  Starting braids: 957670
  Candidates to generate: 4968536
  Processing in 50 chunks...
  Projlen distribution:
    projlen=98: 2 braids
    projlen=99: 21 braids
    projlen=100: 38 braids
    projlen=101: 1008 braids
    projlen=102: 941 braids
    projlen=103: 7023 braids
    projlen=104: 5439 braids
    projlen=105: 49463 braids
    projlen=106: 34163 braids
    projlen=107: 254620 braids
    projlen=108: 159309 braids
    projlen=109: 339238 braids
    projlen=110: 173994 braids
    projlen=111: 359575 braids
    projlen=112: 160458 braids
    projlen=113: 352625 braids
    projlen=114: 161806 braids
    projlen=115: 347777 braids
    projlen=116: 160893 braids
    projlen=117: 348319 braids
    projlen=118: 156916 braids
    projlen=119: 347798 braids
    projlen=120: 154338 braids
    projlen=121: 348613 braids
    projlen=122: 153850 braids
    projlen=123: 346111 braids
    projlen=124: 155478 braids
    projlen=125: 307836 braids
    projlen=126: 80884 braids
  Braids kept: 1098098 (in 29 buckets, 3.20 GB CPU)
  ⚡ Timing: matmul=0.15s, sampling=8.69s, total=12.48s
============================================================
Level 208 - SAMPLING
============================================================
  Starting braids: 998098
  Candidates to generate: 5149228
  Processing in 52 chunks...
  Projlen distribution:
    projlen=98: 4 braids
    projlen=99: 17 braids
    projlen=100: 33 braids
    projlen=101: 236 braids
    projlen=102: 316 braids
    projlen=103: 6089 braids
    projlen=104: 5003 braids
    projlen=105: 39312 braids
    projlen=106: 27425 braids
    projlen=107: 240722 braids
    projlen=108: 149213 braids
    projlen=109: 326541 braids
    projlen=110: 174400 braids
    projlen=111: 362819 braids
    projlen=112: 163970 braids
    projlen=113: 356406 braids
    projlen=114: 156905 braids
    projlen=115: 349771 braids
    projlen=116: 162748 braids
    projlen=117: 345581 braids
    projlen=118: 163609 braids
    projlen=119: 346553 braids
    projlen=120: 158994 braids
    projlen=121: 346783 braids
    projlen=122: 155114 braids
    projlen=123: 346588 braids
    projlen=124: 152925 braids
    projlen=125: 340721 braids
    projlen=126: 153565 braids
    projlen=127: 116865 braids
  Braids kept: 1128435 (in 30 buckets, 3.30 GB CPU)
  ⚡ Timing: matmul=0.16s, sampling=9.31s, total=13.26s
============================================================
Level 209 - SAMPLING
============================================================
  Starting braids: 978435
  Candidates to generate: 5047263
  Processing in 51 chunks...
  Projlen distribution:
    projlen=98: 5 braids
    projlen=99: 13 braids
    projlen=100: 27 braids
    projlen=101: 196 braids
    projlen=102: 213 braids
    projlen=103: 1969 braids
    projlen=104: 2006 braids
    projlen=105: 33461 braids
    projlen=106: 24510 braids
    projlen=107: 193221 braids
    projlen=108: 119173 braids
    projlen=109: 309081 braids
    projlen=110: 174228 braids
    projlen=111: 361701 braids
    projlen=112: 164740 braids
    projlen=113: 357888 braids
    projlen=114: 158004 braids
    projlen=115: 353005 braids
    projlen=116: 155563 braids
    projlen=117: 347928 braids
    projlen=118: 165341 braids
    projlen=119: 343195 braids
    projlen=120: 167429 braids
    projlen=121: 343642 braids
    projlen=122: 161583 braids
    projlen=123: 346274 braids
    projlen=124: 156640 braids
    projlen=125: 340981 braids
    projlen=126: 149132 braids
    projlen=127: 116114 braids
  Braids kept: 1112400 (in 30 buckets, 3.26 GB CPU)
  ⚡ Timing: matmul=0.14s, sampling=9.17s, total=13.04s
============================================================
Level 210 - SAMPLING
============================================================
  Starting braids: 962400
  Candidates to generate: 4969498
  Processing in 50 chunks...
  Projlen distribution:
    projlen=98: 1 braids
    projlen=99: 17 braids
    projlen=100: 27 braids
    projlen=101: 154 braids
    projlen=102: 161 braids
    projlen=103: 1515 braids
    projlen=104: 1379 braids
    projlen=105: 13119 braids
    projlen=106: 10789 braids
    projlen=107: 160799 braids
    projlen=108: 105138 braids
    projlen=109: 301423 braids
    projlen=110: 173531 braids
    projlen=111: 361093 braids
    projlen=112: 166354 braids
    projlen=113: 357340 braids
    projlen=114: 157986 braids
    projlen=115: 353965 braids
    projlen=116: 155267 braids
    projlen=117: 350716 braids
    projlen=118: 155268 braids
    projlen=119: 345522 braids
    projlen=120: 168576 braids
    projlen=121: 341305 braids
    projlen=122: 173666 braids
    projlen=123: 340733 braids
    projlen=124: 166141 braids
    projlen=125: 338719 braids
    projlen=126: 153448 braids
    projlen=127: 115346 braids
  Braids kept: 1077162 (in 30 buckets, 3.17 GB CPU)
  ⚡ Timing: matmul=0.34s, sampling=9.01s, total=13.04s
============================================================
Level 211 - SAMPLING
============================================================
  Starting braids: 977162
  Candidates to generate: 5071034
  Processing in 51 chunks...
  Projlen distribution:
    projlen=99: 3 braids
    projlen=100: 10 braids
    projlen=101: 162 braids
    projlen=102: 164 braids
    projlen=103: 1138 braids
    projlen=104: 1030 braids
    projlen=105: 9674 braids
    projlen=106: 7572 braids
    projlen=107: 69016 braids
    projlen=108: 46336 braids
    projlen=109: 268555 braids
    projlen=110: 174493 braids
    projlen=111: 361101 braids
    projlen=112: 167401 braids
    projlen=113: 357530 braids
    projlen=114: 158470 braids
    projlen=115: 354651 braids
    projlen=116: 156050 braids
    projlen=117: 350973 braids
    projlen=118: 154308 braids
    projlen=119: 348348 braids
    projlen=120: 155513 braids
    projlen=121: 344733 braids
    projlen=122: 172550 braids
    projlen=123: 337448 braids
    projlen=124: 180810 braids
    projlen=125: 335493 braids
    projlen=126: 171470 braids
    projlen=127: 304009 braids
    projlen=128: 82023 braids
  Braids kept: 1116089 (in 30 buckets, 3.30 GB CPU)
  ⚡ Timing: matmul=0.17s, sampling=9.21s, total=13.13s
============================================================
Level 212 - SAMPLING
============================================================
  Starting braids: 966089
  Candidates to generate: 5024919
  Processing in 51 chunks...
  Projlen distribution:
    projlen=101: 51 braids
    projlen=102: 73 braids
    projlen=103: 1090 braids
    projlen=104: 983 braids
    projlen=105: 7219 braids
    projlen=106: 5638 braids
    projlen=107: 51708 braids
    projlen=108: 35943 braids
    projlen=109: 263071 braids
    projlen=110: 171322 braids
    projlen=111: 353496 braids
    projlen=112: 171443 braids
    projlen=113: 357452 braids
    projlen=114: 159087 braids
    projlen=115: 354932 braids
    projlen=116: 155922 braids
    projlen=117: 350500 braids
    projlen=118: 154664 braids
    projlen=119: 349396 braids
    projlen=120: 154637 braids
    projlen=121: 347112 braids
    projlen=122: 156242 braids
    projlen=123: 343050 braids
    projlen=124: 177426 braids
    projlen=125: 332677 braids
    projlen=126: 186620 braids
    projlen=127: 298813 braids
    projlen=128: 84352 braids
  Braids kept: 1100997 (in 28 buckets, 3.27 GB CPU)
  ⚡ Timing: matmul=0.14s, sampling=9.23s, total=13.10s
============================================================
Level 213 - SAMPLING
============================================================
  Starting braids: 950997
  Candidates to generate: 4942487
  Processing in 50 chunks...
  Projlen distribution:
    projlen=100: 2 braids
    projlen=101: 10 braids
    projlen=102: 26 braids
    projlen=103: 445 braids
    projlen=104: 486 braids
    projlen=105: 6465 braids
    projlen=106: 5179 braids
    projlen=107: 40321 braids
    projlen=108: 28156 braids
    projlen=109: 246317 braids
    projlen=110: 154968 braids
    projlen=111: 328787 braids
    projlen=112: 173725 braids
    projlen=113: 359732 braids
    projlen=114: 161459 braids
    projlen=115: 355153 braids
    projlen=116: 156673 braids
    projlen=117: 351427 braids
    projlen=118: 155005 braids
    projlen=119: 350387 braids
    projlen=120: 154867 braids
    projlen=121: 348794 braids
    projlen=122: 155177 braids
    projlen=123: 347503 braids
    projlen=124: 158136 braids
    projlen=125: 338688 braids
    projlen=126: 180804 braids
    projlen=127: 299828 braids
    projlen=128: 83967 braids
  Braids kept: 1081090 (in 29 buckets, 3.21 GB CPU)
  ⚡ Timing: matmul=0.14s, sampling=9.02s, total=12.82s
============================================================
Level 214 - SAMPLING
============================================================
  Starting braids: 981090
  Candidates to generate: 5069086
  Processing in 51 chunks...
  Projlen distribution:
    projlen=100: 1 braids
    projlen=101: 6 braids
    projlen=102: 13 braids
    projlen=103: 174 braids
    projlen=104: 218 braids
    projlen=105: 3115 braids
    projlen=106: 2774 braids
    projlen=107: 35233 braids
    projlen=108: 25227 braids
    projlen=109: 197879 braids
    projlen=110: 122720 braids
    projlen=111: 311010 braids
    projlen=112: 175712 braids
    projlen=113: 361099 braids
    projlen=114: 165100 braids
    projlen=115: 355328 braids
    projlen=116: 156716 braids
    projlen=117: 351877 braids
    projlen=118: 155865 braids
    projlen=119: 351295 braids
    projlen=120: 155131 braids
    projlen=121: 349756 braids
    projlen=122: 155775 braids
    projlen=123: 348611 braids
    projlen=124: 155575 braids
    projlen=125: 347163 braids
    projlen=126: 159606 braids
    projlen=127: 332017 braids
    projlen=128: 180074 braids
    projlen=129: 114016 braids
  Braids kept: 1116761 (in 30 buckets, 3.34 GB CPU)
  ⚡ Timing: matmul=0.26s, sampling=9.36s, total=14.81s
============================================================
Level 215 - SAMPLING
============================================================
  Starting braids: 966761
  Candidates to generate: 4971415
  Processing in 50 chunks...
  Projlen distribution:
    projlen=101: 6 braids
    projlen=102: 10 braids
    projlen=103: 91 braids
    projlen=104: 134 braids
    projlen=105: 1402 braids
    projlen=106: 1446 braids
    projlen=107: 18625 braids
    projlen=108: 14279 braids
    projlen=109: 168569 braids
    projlen=110: 108435 braids
    projlen=111: 301704 braids
    projlen=112: 174436 braids
    projlen=113: 360320 braids
    projlen=114: 167226 braids
    projlen=115: 357191 braids
    projlen=116: 158794 braids
    projlen=117: 352456 braids
    projlen=118: 155518 braids
    projlen=119: 350073 braids
    projlen=120: 155904 braids
    projlen=121: 349399 braids
    projlen=122: 155007 braids
    projlen=123: 348404 braids
    projlen=124: 156047 braids
    projlen=125: 347165 braids
    projlen=126: 156282 braids
    projlen=127: 340092 braids
    projlen=128: 156668 braids
    projlen=129: 115732 braids
  Braids kept: 1085993 (in 29 buckets, 3.26 GB CPU)
  ⚡ Timing: matmul=0.18s, sampling=9.19s, total=14.50s
============================================================
Level 216 - SAMPLING
============================================================
  Starting braids: 985993
  Candidates to generate: 5086081
  Processing in 51 chunks...
  Projlen distribution:
    projlen=102: 5 braids
    projlen=103: 61 braids
    projlen=104: 78 braids
    projlen=105: 792 braids
    projlen=106: 856 braids
    projlen=107: 9329 braids
    projlen=108: 7793 braids
    projlen=109: 93480 braids
    projlen=110: 61692 braids
    projlen=111: 275369 braids
    projlen=112: 174326 braids
    projlen=113: 359187 braids
    projlen=114: 167436 braids
    projlen=115: 356317 braids
    projlen=116: 160077 braids
    projlen=117: 352334 braids
    projlen=118: 156682 braids
    projlen=119: 350644 braids
    projlen=120: 155836 braids
    projlen=121: 348222 braids
    projlen=122: 155726 braids
    projlen=123: 348134 braids
    projlen=124: 155716 braids
    projlen=125: 347651 braids
    projlen=126: 157591 braids
    projlen=127: 344899 braids
    projlen=128: 156507 braids
    projlen=129: 308301 braids
    projlen=130: 81040 braids
  Braids kept: 1118914 (in 29 buckets, 3.37 GB CPU)
  ⚡ Timing: matmul=0.19s, sampling=9.51s, total=14.97s
============================================================
Level 217 - SAMPLING
============================================================
  Starting braids: 968914
  Candidates to generate: 5007260
  Processing in 51 chunks...
  Projlen distribution:
    projlen=102: 3 braids
    projlen=103: 23 braids
    projlen=104: 50 braids
    projlen=105: 490 braids
    projlen=106: 541 braids
    projlen=107: 5578 braids
    projlen=108: 4816 braids
    projlen=109: 49981 braids
    projlen=110: 35124 braids
    projlen=111: 264776 braids
    projlen=112: 175198 braids
    projlen=113: 361470 braids
    projlen=114: 170791 braids
    projlen=115: 355302 braids
    projlen=116: 159482 braids
    projlen=117: 352163 braids
    projlen=118: 157446 braids
    projlen=119: 350342 braids
    projlen=120: 156802 braids
    projlen=121: 349114 braids
    projlen=122: 156430 braids
    projlen=123: 348424 braids
    projlen=124: 157255 braids
    projlen=125: 346921 braids
    projlen=126: 156708 braids
    projlen=127: 345758 braids
    projlen=128: 157734 braids
    projlen=129: 307810 braids
    projlen=130: 80728 braids
  Braids kept: 1096606 (in 29 buckets, 3.32 GB CPU)
  ⚡ Timing: matmul=0.16s, sampling=9.30s, total=14.68s
============================================================
Level 218 - SAMPLING
============================================================
  Starting braids: 996606
  Candidates to generate: 5128330
  Processing in 52 chunks...
  Projlen distribution:
    projlen=103: 15 braids
    projlen=104: 31 braids
    projlen=105: 283 braids
    projlen=106: 337 braids
    projlen=107: 3475 braids
    projlen=108: 3118 braids
    projlen=109: 32636 braids
    projlen=110: 24220 braids
    projlen=111: 245642 braids
    projlen=112: 154357 braids
    projlen=113: 326955 braids
    projlen=114: 172524 braids
    projlen=115: 357800 braids
    projlen=116: 161044 braids
    projlen=117: 352281 braids
    projlen=118: 157474 braids
    projlen=119: 349372 braids
    projlen=120: 157704 braids
    projlen=121: 347923 braids
    projlen=122: 157187 braids
    projlen=123: 346817 braids
    projlen=124: 157107 braids
    projlen=125: 347002 braids
    projlen=126: 158827 braids
    projlen=127: 345880 braids
    projlen=128: 157900 braids
    projlen=129: 337917 braids
    projlen=130: 156167 braids
    projlen=131: 116335 braids
  Braids kept: 1114115 (in 29 buckets, 3.39 GB CPU)
  ⚡ Timing: matmul=0.17s, sampling=9.73s, total=15.24s
============================================================
Level 219 - SAMPLING
============================================================
  Starting braids: 964115
  Candidates to generate: 4967629
  Processing in 50 chunks...
  Projlen distribution:
    projlen=103: 3 braids
    projlen=104: 11 braids
    projlen=105: 173 braids
    projlen=106: 219 braids
    projlen=107: 2238 braids
    projlen=108: 2091 braids
    projlen=109: 20965 braids
    projlen=110: 15973 braids
    projlen=111: 164092 braids
    projlen=112: 105329 braids
    projlen=113: 302810 braids
    projlen=114: 174738 braids
    projlen=115: 361727 braids
    projlen=116: 163992 braids
    projlen=117: 354834 braids
    projlen=118: 157947 braids
    projlen=119: 349698 braids
    projlen=120: 157828 braids
    projlen=121: 349202 braids
    projlen=122: 159561 braids
    projlen=123: 346557 braids
    projlen=124: 158822 braids
    projlen=125: 345322 braids
    projlen=126: 158801 braids
    projlen=127: 344657 braids
    projlen=128: 160594 braids
    projlen=129: 338302 braids
    projlen=130: 155728 braids
    projlen=131: 115415 braids
  Braids kept: 1091673 (in 29 buckets, 3.33 GB CPU)
  ⚡ Timing: matmul=0.18s, sampling=9.28s, total=14.62s
============================================================
Level 220 - SAMPLING
============================================================
  Starting braids: 991673
  Candidates to generate: 5142975
  Processing in 52 chunks...
  Projlen distribution:
    projlen=104: 3 braids
    projlen=105: 60 braids
    projlen=106: 90 braids
    projlen=107: 1363 braids
    projlen=108: 1387 braids
    projlen=109: 14143 braids
    projlen=110: 11071 braids
    projlen=111: 106629 braids
    projlen=112: 69515 braids
    projlen=113: 285107 braids
    projlen=114: 175937 braids
    projlen=115: 363049 braids
    projlen=116: 167016 braids
    projlen=117: 357008 braids
    projlen=118: 157578 braids
    projlen=119: 352053 braids
    projlen=120: 156979 braids
    projlen=121: 347574 braids
    projlen=122: 159311 braids
    projlen=123: 346486 braids
    projlen=124: 161426 braids
    projlen=125: 344865 braids
    projlen=126: 161597 braids
    projlen=127: 345551 braids
    projlen=128: 162368 braids
    projlen=129: 342327 braids
    projlen=130: 162845 braids
    projlen=131: 307548 braids
    projlen=132: 82089 braids
  Braids kept: 1128117 (in 29 buckets, 3.46 GB CPU)
  ⚡ Timing: matmul=0.17s, sampling=9.86s, total=15.43s
============================================================
Level 221 - SAMPLING
============================================================
  Starting braids: 978117
  Candidates to generate: 5076191
  Processing in 51 chunks...
  Projlen distribution:
    projlen=104: 3 braids
    projlen=105: 20 braids
    projlen=106: 52 braids
    projlen=107: 543 braids
    projlen=108: 642 braids
    projlen=109: 8839 braids
    projlen=110: 7354 braids
    projlen=111: 74018 braids
    projlen=112: 49870 braids
    projlen=113: 273133 braids
    projlen=114: 175105 braids
    projlen=115: 363715 braids
    projlen=116: 170059 braids
    projlen=117: 358638 braids
    projlen=118: 158521 braids
    projlen=119: 353802 braids
    projlen=120: 154963 braids
    projlen=121: 350016 braids
    projlen=122: 157498 braids
    projlen=123: 346465 braids
    projlen=124: 161661 braids
    projlen=125: 344408 braids
    projlen=126: 164675 braids
    projlen=127: 342840 braids
    projlen=128: 165598 braids
    projlen=129: 342163 braids
    projlen=130: 164302 braids
    projlen=131: 305509 braids
    projlen=132: 81779 braids
  Braids kept: 1117323 (in 29 buckets, 3.43 GB CPU)
  ⚡ Timing: matmul=0.36s, sampling=9.61s, total=15.28s
============================================================
Level 222 - SAMPLING
============================================================
  Starting braids: 967323
  Candidates to generate: 5023383
  Processing in 51 chunks...
  Projlen distribution:
    projlen=104: 1 braids
    projlen=105: 14 braids
    projlen=106: 27 braids
    projlen=107: 285 braids
    projlen=108: 370 braids
    projlen=109: 4026 braids
    projlen=110: 3673 braids
    projlen=111: 48213 braids
    projlen=112: 34614 braids
    projlen=113: 266653 braids
    projlen=114: 176301 braids
    projlen=115: 364372 braids
    projlen=116: 171547 braids
    projlen=117: 359259 braids
    projlen=118: 159401 braids
    projlen=119: 354928 braids
    projlen=120: 155400 braids
    projlen=121: 350944 braids
    projlen=122: 154166 braids
    projlen=123: 348146 braids
    projlen=124: 157858 braids
    projlen=125: 345517 braids
    projlen=126: 165254 braids
    projlen=127: 342147 braids
    projlen=128: 169286 braids
    projlen=129: 338263 braids
    projlen=130: 168270 braids
    projlen=131: 302881 braids
    projlen=132: 81567 braids
  Braids kept: 1091223 (in 29 buckets, 3.36 GB CPU)
  ⚡ Timing: matmul=0.16s, sampling=9.48s, total=14.93s
============================================================
Level 223 - SAMPLING
============================================================
  Starting braids: 991223
  Candidates to generate: 5127937
  Processing in 52 chunks...
  Projlen distribution:
    projlen=104: 3 braids
    projlen=105: 6 braids
    projlen=106: 18 braids
    projlen=107: 199 braids
    projlen=108: 247 braids
    projlen=109: 2380 braids
    projlen=110: 2302 braids
    projlen=111: 24520 braids
    projlen=112: 19008 braids
    projlen=113: 237009 braids
    projlen=114: 151603 braids
    projlen=115: 327686 braids
    projlen=116: 173447 braids
    projlen=117: 360584 braids
    projlen=118: 160286 braids
    projlen=119: 355515 braids
    projlen=120: 155807 braids
    projlen=121: 351757 braids
    projlen=122: 154126 braids
    projlen=123: 350405 braids
    projlen=124: 153910 braids
    projlen=125: 346662 braids
    projlen=126: 159208 braids
    projlen=127: 343512 braids
    projlen=128: 169299 braids
    projlen=129: 338873 braids
    projlen=130: 174468 braids
    projlen=131: 330492 braids
    projlen=132: 170587 braids
    projlen=133: 114018 braids
  Braids kept: 1098683 (in 30 buckets, 3.41 GB CPU)
  ⚡ Timing: matmul=0.16s, sampling=9.82s, total=15.41s
============================================================
Level 224 - SAMPLING
============================================================
  Starting braids: 998683
  Candidates to generate: 5184009
  Processing in 52 chunks...
  Projlen distribution:
    projlen=103: 1 braids
    projlen=105: 17 braids
    projlen=106: 18 braids
    projlen=107: 92 braids
    projlen=108: 121 braids
    projlen=109: 1617 braids
    projlen=110: 1569 braids
    projlen=111: 15531 braids
    projlen=112: 12244 braids
    projlen=113: 125279 braids
    projlen=114: 81410 braids
    projlen=115: 291462 braids
    projlen=116: 175987 braids
    projlen=117: 361923 braids
    projlen=118: 163657 braids
    projlen=119: 357256 braids
    projlen=120: 156559 braids
    projlen=121: 353325 braids
    projlen=122: 155009 braids
    projlen=123: 350331 braids
    projlen=124: 153501 braids
    projlen=125: 349319 braids
    projlen=126: 154264 braids
    projlen=127: 345955 braids
    projlen=128: 161814 braids
    projlen=129: 341589 braids
    projlen=130: 174660 braids
    projlen=131: 334022 braids
    projlen=132: 180968 braids
    projlen=133: 300796 braids
    projlen=134: 83713 braids
  Braids kept: 1131210 (in 31 buckets, 3.53 GB CPU)
  ⚡ Timing: matmul=0.20s, sampling=10.03s, total=15.69s
============================================================
Level 225 - SAMPLING
============================================================
  Starting braids: 981210
  Candidates to generate: 5086470
  Processing in 51 chunks...
  Projlen distribution:
    projlen=103: 4 braids
    projlen=104: 3 braids
    projlen=105: 12 braids
    projlen=106: 17 braids
    projlen=107: 128 braids
    projlen=108: 128 braids
    projlen=109: 780 braids
    projlen=110: 842 braids
    projlen=111: 10367 braids
    projlen=112: 8451 braids
    projlen=113: 81398 braids
    projlen=114: 54481 braids
    projlen=115: 276690 braids
    projlen=116: 176023 braids
    projlen=117: 363554 braids
    projlen=118: 168892 braids
    projlen=119: 357481 braids
    projlen=120: 157232 braids
    projlen=121: 353838 braids
    projlen=122: 155011 braids
    projlen=123: 350644 braids
    projlen=124: 153701 braids
    projlen=125: 350066 braids
    projlen=126: 153518 braids
    projlen=127: 348362 braids
    projlen=128: 154004 braids
    projlen=129: 344534 braids
    projlen=130: 164382 braids
    projlen=131: 338314 braids
    projlen=132: 179562 braids
    projlen=133: 300511 braids
    projlen=134: 83540 braids
  Braids kept: 1120732 (in 32 buckets, 3.50 GB CPU)
  ⚡ Timing: matmul=0.19s, sampling=9.88s, total=15.45s
============================================================
Level 226 - SAMPLING
============================================================
  Starting braids: 970732
  Candidates to generate: 5023972
  Processing in 51 chunks...
  Projlen distribution:
    projlen=103: 5 braids
    projlen=104: 3 braids
    projlen=105: 26 braids
    projlen=106: 25 braids
    projlen=107: 96 braids
    projlen=108: 111 braids
    projlen=109: 870 braids
    projlen=110: 766 braids
    projlen=111: 5596 braids
    projlen=112: 4696 braids
    projlen=113: 55529 braids
    projlen=114: 39392 braids
    projlen=115: 269206 braids
    projlen=116: 176618 braids
    projlen=117: 363868 braids
    projlen=118: 170993 braids
    projlen=119: 359269 braids
    projlen=120: 159083 braids
    projlen=121: 353570 braids
    projlen=122: 154467 braids
    projlen=123: 351269 braids
    projlen=124: 153970 braids
    projlen=125: 349522 braids
    projlen=126: 153072 braids
    projlen=127: 348918 braids
    projlen=128: 153596 braids
    projlen=129: 348922 braids
    projlen=130: 154678 braids
    projlen=131: 343137 braids
    projlen=132: 166211 braids
    projlen=133: 304388 braids
    projlen=134: 82100 braids
  Braids kept: 1101586 (in 32 buckets, 3.45 GB CPU)
  ⚡ Timing: matmul=0.16s, sampling=9.76s, total=15.27s
============================================================
Level 227 - SAMPLING
============================================================
  Starting braids: 951586
  Candidates to generate: 4925758
  Processing in 50 chunks...
  Projlen distribution:
    projlen=103: 2 braids
    projlen=104: 2 braids
    projlen=105: 31 braids
    projlen=106: 29 braids
    projlen=107: 153 braids
    projlen=108: 136 braids
    projlen=109: 728 braids
    projlen=110: 621 braids
    projlen=111: 5402 braids
    projlen=112: 4199 braids
    projlen=113: 32915 braids
    projlen=114: 23679 braids
    projlen=115: 251289 braids
    projlen=116: 162386 braids
    projlen=117: 339883 braids
    projlen=118: 173195 braids
    projlen=119: 358986 braids
    projlen=120: 159861 braids
    projlen=121: 354828 braids
    projlen=122: 155658 braids
    projlen=123: 351983 braids
    projlen=124: 153985 braids
    projlen=125: 349523 braids
    projlen=126: 153302 braids
    projlen=127: 348759 braids
    projlen=128: 152656 braids
    projlen=129: 348576 braids
    projlen=130: 153489 braids
    projlen=131: 346915 braids
    projlen=132: 153551 braids
    projlen=133: 308639 braids
    projlen=134: 80397 braids
  Braids kept: 1067897 (in 32 buckets, 3.35 GB CPU)
  ⚡ Timing: matmul=0.16s, sampling=9.45s, total=14.84s
============================================================
Level 228 - SAMPLING
============================================================
  Starting braids: 967897
  Candidates to generate: 4971163
  Processing in 50 chunks...
  Projlen distribution:
    projlen=104: 1 braids
    projlen=105: 9 braids
    projlen=106: 14 braids
    projlen=107: 206 braids
    projlen=108: 165 braids
    projlen=109: 947 braids
    projlen=110: 709 braids
    projlen=111: 4553 braids
    projlen=112: 3531 braids
    projlen=113: 30449 braids
    projlen=114: 21252 braids
    projlen=115: 166719 braids
    projlen=116: 103850 braids
    projlen=117: 302700 braids
    projlen=118: 175713 braids
    projlen=119: 362055 braids
    projlen=120: 163032 braids
    projlen=121: 356465 braids
    projlen=122: 156077 braids
    projlen=123: 351799 braids
    projlen=124: 154125 braids
    projlen=125: 349534 braids
    projlen=126: 153536 braids
    projlen=127: 349854 braids
    projlen=128: 153282 braids
    projlen=129: 348214 braids
    projlen=130: 152516 braids
    projlen=131: 348856 braids
    projlen=132: 152964 braids
    projlen=133: 340579 braids
    projlen=134: 150351 braids
    projlen=135: 117106 braids
  Braids kept: 1111836 (in 32 buckets, 3.51 GB CPU)
  ⚡ Timing: matmul=0.18s, sampling=9.56s, total=15.02s
============================================================
Level 229 - SAMPLING
============================================================
  Starting braids: 961836
  Candidates to generate: 4941936
  Processing in 50 chunks...
  Projlen distribution:
    projlen=105: 3 braids
    projlen=106: 8 braids
    projlen=107: 66 braids
    projlen=108: 73 braids
    projlen=109: 1229 braids
    projlen=110: 899 braids
    projlen=111: 5399 braids
    projlen=112: 3795 braids
    projlen=113: 26035 braids
    projlen=114: 17900 braids
    projlen=115: 150387 braids
    projlen=116: 93972 braids
    projlen=117: 296152 braids
    projlen=118: 174796 braids
    projlen=119: 362071 braids
    projlen=120: 166807 braids
    projlen=121: 357540 braids
    projlen=122: 157207 braids
    projlen=123: 353690 braids
    projlen=124: 155291 braids
    projlen=125: 350629 braids
    projlen=126: 153733 braids
    projlen=127: 349814 braids
    projlen=128: 153623 braids
    projlen=129: 350534 braids
    projlen=130: 153672 braids
    projlen=131: 348262 braids
    projlen=132: 151749 braids
    projlen=133: 342579 braids
    projlen=134: 147706 braids
    projlen=135: 116315 braids
  Braids kept: 1105407 (in 31 buckets, 3.49 GB CPU)
  ⚡ Timing: matmul=0.17s, sampling=9.59s, total=15.02s
============================================================
Level 230 - SAMPLING
============================================================
  Starting braids: 955407
  Candidates to generate: 4906187
  Processing in 50 chunks...
  Projlen distribution:
    projlen=107: 45 braids
    projlen=108: 52 braids
    projlen=109: 434 braids
    projlen=110: 411 braids
    projlen=111: 6564 braids
    projlen=112: 4693 braids
    projlen=113: 29751 braids
    projlen=114: 19151 braids
    projlen=115: 129653 braids
    projlen=116: 79723 braids
    projlen=117: 286712 braids
    projlen=118: 173710 braids
    projlen=119: 362395 braids
    projlen=120: 168230 braids
    projlen=121: 358085 braids
    projlen=122: 158269 braids
    projlen=123: 354083 braids
    projlen=124: 155346 braids
    projlen=125: 351845 braids
    projlen=126: 154019 braids
    projlen=127: 349573 braids
    projlen=128: 153422 braids
    projlen=129: 349285 braids
    projlen=130: 153173 braids
    projlen=131: 349585 braids
    projlen=132: 152738 braids
    projlen=133: 342469 braids
    projlen=134: 146735 braids
    projlen=135: 116036 braids
  Braids kept: 1111101 (in 29 buckets, 3.51 GB CPU)
  ⚡ Timing: matmul=0.21s, sampling=9.61s, total=15.08s
============================================================
Level 231 - SAMPLING
============================================================
  Starting braids: 961101
  Candidates to generate: 4935463
  Processing in 50 chunks...
  Projlen distribution:
    projlen=107: 6 braids
    projlen=108: 12 braids
    projlen=109: 317 braids
    projlen=110: 298 braids
    projlen=111: 2729 braids
    projlen=112: 2299 braids
    projlen=113: 33730 braids
    projlen=114: 22935 braids
    projlen=115: 147380 braids
    projlen=116: 87854 braids
    projlen=117: 288232 braids
    projlen=118: 171886 braids
    projlen=119: 360943 braids
    projlen=120: 168089 braids
    projlen=121: 359164 braids
    projlen=122: 159760 braids
    projlen=123: 354243 braids
    projlen=124: 155143 braids
    projlen=125: 351249 braids
    projlen=126: 154099 braids
    projlen=127: 350286 braids
    projlen=128: 153528 braids
    projlen=129: 350002 braids
    projlen=130: 153760 braids
    projlen=131: 349644 braids
    projlen=132: 153006 braids
    projlen=133: 341961 braids
    projlen=134: 146816 braids
    projlen=135: 116092 braids
  Braids kept: 1112326 (in 29 buckets, 3.52 GB CPU)
  ⚡ Timing: matmul=0.17s, sampling=9.73s, total=15.16s
============================================================
Level 232 - SAMPLING
============================================================
  Starting braids: 962326
  Candidates to generate: 4939366
  Processing in 50 chunks...
  Projlen distribution:
    projlen=108: 1 braids
    projlen=109: 72 braids
    projlen=110: 92 braids
    projlen=111: 2012 braids
    projlen=112: 1703 braids
    projlen=113: 15755 braids
    projlen=114: 11636 braids
    projlen=115: 158837 braids
    projlen=116: 101014 braids
    projlen=117: 296887 braids
    projlen=118: 171151 braids
    projlen=119: 360666 braids
    projlen=120: 167658 braids
    projlen=121: 358289 braids
    projlen=122: 159158 braids
    projlen=123: 355654 braids
    projlen=124: 156251 braids
    projlen=125: 351881 braids
    projlen=126: 154163 braids
    projlen=127: 349788 braids
    projlen=128: 153684 braids
    projlen=129: 349706 braids
    projlen=130: 153672 braids
    projlen=131: 348639 braids
    projlen=132: 152949 braids
    projlen=133: 343927 braids
    projlen=134: 147653 braids
    projlen=135: 116468 braids
  Braids kept: 1081271 (in 28 buckets, 3.43 GB CPU)
  ⚡ Timing: matmul=0.16s, sampling=9.59s, total=15.02s
============================================================
Level 233 - SAMPLING
============================================================
  Starting braids: 981271
  Candidates to generate: 5050571
  Processing in 51 chunks...
  Projlen distribution:
    projlen=109: 20 braids
    projlen=110: 36 braids
    projlen=111: 583 braids
    projlen=112: 669 braids
    projlen=113: 11514 braids
    projlen=114: 8773 braids
    projlen=115: 78551 braids
    projlen=116: 49989 braids
    projlen=117: 268212 braids
    projlen=118: 172141 braids
    projlen=119: 359944 braids
    projlen=120: 166098 braids
    projlen=121: 357679 braids
    projlen=122: 158878 braids
    projlen=123: 354976 braids
    projlen=124: 155981 braids
    projlen=125: 351844 braids
    projlen=126: 154445 braids
    projlen=127: 350398 braids
    projlen=128: 153602 braids
    projlen=129: 350231 braids
    projlen=130: 154191 braids
    projlen=131: 349212 braids
    projlen=132: 154039 braids
    projlen=133: 346746 braids
    projlen=134: 151074 braids
    projlen=135: 310086 braids
    projlen=136: 80659 braids
  Braids kept: 1121584 (in 28 buckets, 3.58 GB CPU)
  ⚡ Timing: matmul=0.18s, sampling=9.93s, total=15.52s
============================================================
Level 234 - SAMPLING
============================================================
  Starting braids: 971584
  Candidates to generate: 5004472
  Processing in 51 chunks...
  Projlen distribution:
    projlen=108: 1 braids
    projlen=109: 5 braids
    projlen=110: 25 braids
    projlen=111: 220 braids
    projlen=112: 309 braids
    projlen=113: 4083 braids
    projlen=114: 3788 braids
    projlen=115: 59235 braids
    projlen=116: 41025 braids
    projlen=117: 264379 braids
    projlen=118: 171513 braids
    projlen=119: 359781 braids
    projlen=120: 169993 braids
    projlen=121: 356213 braids
    projlen=122: 157895 braids
    projlen=123: 354139 braids
    projlen=124: 155520 braids
    projlen=125: 351286 braids
    projlen=126: 154186 braids
    projlen=127: 351028 braids
    projlen=128: 153810 braids
    projlen=129: 349557 braids
    projlen=130: 153777 braids
    projlen=131: 349113 braids
    projlen=132: 153960 braids
    projlen=133: 347532 braids
    projlen=134: 152146 braids
    projlen=135: 309337 braids
    projlen=136: 80616 braids
  Braids kept: 1099456 (in 29 buckets, 3.52 GB CPU)
  ⚡ Timing: matmul=0.15s, sampling=9.90s, total=15.44s
============================================================
Level 235 - SAMPLING
============================================================
  Starting braids: 999456
  Candidates to generate: 5119042
  Processing in 52 chunks...
  Projlen distribution:
    projlen=108: 2 braids
    projlen=109: 1 braids
    projlen=110: 11 braids
    projlen=111: 114 braids
    projlen=112: 179 braids
    projlen=113: 1927 braids
    projlen=114: 1959 braids
    projlen=115: 23978 braids
    projlen=116: 18665 braids
    projlen=117: 249000 braids
    projlen=118: 163071 braids
    projlen=119: 339020 braids
    projlen=120: 170179 braids
    projlen=121: 357366 braids
    projlen=122: 159479 braids
    projlen=123: 354387 braids
    projlen=124: 155094 braids
    projlen=125: 351442 braids
    projlen=126: 154149 braids
    projlen=127: 350173 braids
    projlen=128: 153943 braids
    projlen=129: 349492 braids
    projlen=130: 153428 braids
    projlen=131: 349107 braids
    projlen=132: 153576 braids
    projlen=133: 348925 braids
    projlen=134: 153903 braids
    projlen=135: 340665 braids
    projlen=136: 148743 braids
    projlen=137: 117064 braids
  Braids kept: 1096836 (in 30 buckets, 3.53 GB CPU)
  ⚡ Timing: matmul=0.16s, sampling=10.16s, total=15.83s
============================================================
Level 236 - SAMPLING
============================================================
  Starting braids: 996836
  Candidates to generate: 5135366
  Processing in 52 chunks...
  Projlen distribution:
    projlen=108: 2 braids
    projlen=109: 5 braids
    projlen=110: 17 braids
    projlen=111: 64 braids
    projlen=112: 89 braids
    projlen=113: 1129 braids
    projlen=114: 1178 braids
    projlen=115: 12785 braids
    projlen=116: 10385 braids
    projlen=117: 122265 braids
    projlen=118: 80168 braids
    projlen=119: 289983 braids
    projlen=120: 174793 braids
    projlen=121: 359971 braids
    projlen=122: 161638 braids
    projlen=123: 355586 braids
    projlen=124: 155928 braids
    projlen=125: 351970 braids
    projlen=126: 153957 braids
    projlen=127: 350480 braids
    projlen=128: 153922 braids
    projlen=129: 349448 braids
    projlen=130: 153652 braids
    projlen=131: 349579 braids
    projlen=132: 153511 braids
    projlen=133: 348193 braids
    projlen=134: 153109 braids
    projlen=135: 346902 braids
    projlen=136: 153118 braids
    projlen=137: 310403 braids
    projlen=138: 81136 braids
  Braids kept: 1125654 (in 31 buckets, 3.64 GB CPU)
  ⚡ Timing: matmul=0.17s, sampling=10.29s, total=16.00s
============================================================
Level 237 - SAMPLING
============================================================
  Starting braids: 975654
  Candidates to generate: 5031204
  Processing in 51 chunks...
  Projlen distribution:
    projlen=108: 2 braids
    projlen=109: 9 braids
    projlen=110: 22 braids
    projlen=111: 79 braids
    projlen=112: 89 braids
    projlen=113: 619 braids
    projlen=114: 601 braids
    projlen=115: 7799 braids
    projlen=116: 6508 braids
    projlen=117: 67652 braids
    projlen=118: 45804 braids
    projlen=119: 272839 braids
    projlen=120: 176931 braids
    projlen=121: 364259 braids
    projlen=122: 168357 braids
    projlen=123: 356161 braids
    projlen=124: 156430 braids
    projlen=125: 352877 braids
    projlen=126: 154594 braids
    projlen=127: 350807 braids
    projlen=128: 153787 braids
    projlen=129: 350231 braids
    projlen=130: 153831 braids
    projlen=131: 348451 braids
    projlen=132: 152933 braids
    projlen=133: 348795 braids
    projlen=134: 153392 braids
    projlen=135: 347421 braids
    projlen=136: 151317 braids
    projlen=137: 308409 braids
    projlen=138: 80198 braids
  Braids kept: 1111532 (in 31 buckets, 3.61 GB CPU)
  ⚡ Timing: matmul=0.16s, sampling=9.93s, total=15.53s
============================================================
Level 238 - SAMPLING
============================================================
  Starting braids: 961532
  Candidates to generate: 4970424
  Processing in 50 chunks...
  Projlen distribution:
    projlen=108: 1 braids
    projlen=109: 7 braids
    projlen=110: 12 braids
    projlen=111: 126 braids
    projlen=112: 117 braids
    projlen=113: 619 braids
    projlen=114: 516 braids
    projlen=115: 4285 braids
    projlen=116: 3661 braids
    projlen=117: 42776 braids
    projlen=118: 31025 braids
    projlen=119: 260460 braids
    projlen=120: 170779 braids
    projlen=121: 355572 braids
    projlen=122: 172476 braids
    projlen=123: 359665 braids
    projlen=124: 158943 braids
    projlen=125: 353813 braids
    projlen=126: 154458 braids
    projlen=127: 351567 braids
    projlen=128: 154075 braids
    projlen=129: 349784 braids
    projlen=130: 153034 braids
    projlen=131: 349435 braids
    projlen=132: 153511 braids
    projlen=133: 348679 braids
    projlen=134: 153958 braids
    projlen=135: 347240 braids
    projlen=136: 150858 braids
    projlen=137: 308868 braids
    projlen=138: 80104 braids
  Braids kept: 1083145 (in 31 buckets, 3.52 GB CPU)
  ⚡ Timing: matmul=0.18s, sampling=9.66s, total=15.19s
============================================================
Level 239 - SAMPLING
============================================================
  Starting braids: 983145
  Candidates to generate: 5048241
  Processing in 51 chunks...
  Projlen distribution:
    projlen=109: 3 braids
    projlen=110: 8 braids
    projlen=111: 74 braids
    projlen=112: 67 braids
    projlen=113: 862 braids
    projlen=114: 667 braids
    projlen=115: 3797 braids
    projlen=116: 2964 braids
    projlen=117: 25255 braids
    projlen=118: 18980 braids
    projlen=119: 210841 braids
    projlen=120: 135177 braids
    projlen=121: 319945 braids
    projlen=122: 174458 braids
    projlen=123: 360425 braids
    projlen=124: 161119 braids
    projlen=125: 355858 braids
    projlen=126: 155445 braids
    projlen=127: 350585 braids
    projlen=128: 153359 braids
    projlen=129: 350097 braids
    projlen=130: 153288 braids
    projlen=131: 350082 braids
    projlen=132: 153301 braids
    projlen=133: 349086 braids
    projlen=134: 153595 braids
    projlen=135: 348625 braids
    projlen=136: 153121 braids
    projlen=137: 341569 braids
    projlen=138: 148549 braids
    projlen=139: 117039 braids
  Braids kept: 1102677 (in 31 buckets, 3.61 GB CPU)
  ⚡ Timing: matmul=0.18s, sampling=10.05s, total=15.70s
============================================================
Level 240 - SAMPLING
============================================================
  Starting braids: 952677
  Candidates to generate: 4891265
  Processing in 49 chunks...
  Projlen distribution:
    projlen=110: 2 braids
    projlen=111: 44 braids
    projlen=112: 52 braids
    projlen=113: 434 braids
    projlen=114: 363 braids
    projlen=115: 4909 braids
    projlen=116: 3670 braids
    projlen=117: 22141 braids
    projlen=118: 15259 braids
    projlen=119: 128178 braids
    projlen=120: 82207 braids
    projlen=121: 291327 braids
    projlen=122: 176201 braids
    projlen=123: 362410 braids
    projlen=124: 165044 braids
    projlen=125: 357001 braids
    projlen=126: 156648 braids
    projlen=127: 352647 braids
    projlen=128: 154198 braids
    projlen=129: 349806 braids
    projlen=130: 153523 braids
    projlen=131: 349225 braids
    projlen=132: 152932 braids
    projlen=133: 348955 braids
    projlen=134: 153100 braids
    projlen=135: 348812 braids
    projlen=136: 153040 braids
    projlen=137: 343668 braids
    projlen=138: 149073 braids
    projlen=139: 116396 braids
  Braids kept: 1096874 (in 30 buckets, 3.59 GB CPU)
  ⚡ Timing: matmul=0.19s, sampling=9.76s, total=15.21s
============================================================
Level 241 - SAMPLING
============================================================
  Starting braids: 996874
  Candidates to generate: 5146918
  Processing in 52 chunks...
  Projlen distribution:
    projlen=111: 18 braids
    projlen=112: 22 braids
    projlen=113: 317 braids
    projlen=114: 294 braids
    projlen=115: 2405 braids
    projlen=116: 1928 braids
    projlen=117: 26426 braids
    projlen=118: 18473 braids
    projlen=119: 113095 braids
    projlen=120: 69045 braids
    projlen=121: 282825 braids
    projlen=122: 175346 braids
    projlen=123: 363361 braids
    projlen=124: 168936 braids
    projlen=125: 358365 braids
    projlen=126: 157842 braids
    projlen=127: 352751 braids
    projlen=128: 154542 braids
    projlen=129: 351239 braids
    projlen=130: 153645 braids
    projlen=131: 348710 braids
    projlen=132: 153059 braids
    projlen=133: 349779 braids
    projlen=134: 153262 braids
    projlen=135: 348718 braids
    projlen=136: 153010 braids
    projlen=137: 347152 braids
    projlen=138: 151353 braids
    projlen=139: 310210 braids
    projlen=140: 80790 braids
  Braids kept: 1149883 (in 30 buckets, 3.78 GB CPU)
  ⚡ Timing: matmul=0.17s, sampling=10.42s, total=16.18s
============================================================
Level 242 - SAMPLING
============================================================
  Starting braids: 999883
  Candidates to generate: 5164805
  Processing in 52 chunks...
  Projlen distribution:
    projlen=111: 4 braids
    projlen=112: 8 braids
    projlen=113: 157 braids
    projlen=114: 148 braids
    projlen=115: 1962 braids
    projlen=116: 1614 braids
    projlen=117: 13409 braids
    projlen=118: 9852 braids
    projlen=119: 128104 braids
    projlen=120: 82704 braids
    projlen=121: 287543 braids
    projlen=122: 172251 braids
    projlen=123: 364452 braids
    projlen=124: 170914 braids
    projlen=125: 359998 braids
    projlen=126: 159603 braids
    projlen=127: 354613 braids
    projlen=128: 155274 braids
    projlen=129: 351907 braids
    projlen=130: 154013 braids
    projlen=131: 349789 braids
    projlen=132: 153150 braids
    projlen=133: 349178 braids
    projlen=134: 152909 braids
    projlen=135: 349364 braids
    projlen=136: 153501 braids
    projlen=137: 348202 braids
    projlen=138: 151209 braids
    projlen=139: 308965 braids
    projlen=140: 80008 braids
  Braids kept: 1127154 (in 30 buckets, 3.72 GB CPU)
  ⚡ Timing: matmul=0.26s, sampling=10.52s, total=16.37s
============================================================
Level 243 - SAMPLING
============================================================
  Starting braids: 977154
  Candidates to generate: 5031998
  Processing in 51 chunks...
  Projlen distribution:
    projlen=112: 2 braids
    projlen=113: 40 braids
    projlen=114: 50 braids
    projlen=115: 1049 braids
    projlen=116: 925 braids
    projlen=117: 11223 braids
    projlen=118: 8220 braids
    projlen=119: 67643 braids
    projlen=120: 43487 braids
    projlen=121: 266718 braids
    projlen=122: 173289 braids
    projlen=123: 360506 braids
    projlen=124: 167968 braids
    projlen=125: 358351 braids
    projlen=126: 159835 braids
    projlen=127: 355453 braids
    projlen=128: 155676 braids
    projlen=129: 352168 braids
    projlen=130: 154240 braids
    projlen=131: 350114 braids
    projlen=132: 153543 braids
    projlen=133: 349080 braids
    projlen=134: 152981 braids
    projlen=135: 347793 braids
    projlen=136: 152656 braids
    projlen=137: 347867 braids
    projlen=138: 151313 braids
    projlen=139: 309377 braids
    projlen=140: 80431 braids
  Braids kept: 1114996 (in 29 buckets, 3.68 GB CPU)
  ⚡ Timing: matmul=0.16s, sampling=10.16s, total=15.81s
============================================================
Level 244 - SAMPLING
============================================================
  Starting braids: 964996
  Candidates to generate: 4975404
  Processing in 50 chunks...
  Projlen distribution:
    projlen=112: 2 braids
    projlen=113: 12 braids
    projlen=114: 26 braids
    projlen=115: 300 braids
    projlen=116: 348 braids
    projlen=117: 6263 braids
    projlen=118: 5124 braids
    projlen=119: 58220 braids
    projlen=120: 39073 braids
    projlen=121: 257534 braids
    projlen=122: 162375 braids
    projlen=123: 344731 braids
    projlen=124: 171019 braids
    projlen=125: 357643 braids
    projlen=126: 159283 braids
    projlen=127: 354559 braids
    projlen=128: 155750 braids
    projlen=129: 351839 braids
    projlen=130: 154037 braids
    projlen=131: 350497 braids
    projlen=132: 153787 braids
    projlen=133: 349973 braids
    projlen=134: 153201 braids
    projlen=135: 349485 braids
    projlen=136: 153233 braids
    projlen=137: 347093 braids
    projlen=138: 150688 braids
    projlen=139: 309169 braids
    projlen=140: 80140 braids
  Braids kept: 1101148 (in 29 buckets, 3.65 GB CPU)
  ⚡ Timing: matmul=0.19s, sampling=10.03s, total=15.61s
============================================================
Level 245 - SAMPLING
============================================================
  Starting braids: 951148
  Candidates to generate: 4910900
  Processing in 50 chunks...
  Projlen distribution:
    projlen=112: 1 braids
    projlen=113: 5 braids
    projlen=114: 13 braids
    projlen=115: 133 braids
    projlen=116: 188 braids
    projlen=117: 2139 braids
    projlen=118: 2145 braids
    projlen=119: 33949 braids
    projlen=120: 25212 braids
    projlen=121: 249205 braids
    projlen=122: 157973 braids
    projlen=123: 334761 braids
    projlen=124: 171529 braids
    projlen=125: 358986 braids
    projlen=126: 161076 braids
    projlen=127: 355011 braids
    projlen=128: 155705 braids
    projlen=129: 351964 braids
    projlen=130: 154311 braids
    projlen=131: 350577 braids
    projlen=132: 153604 braids
    projlen=133: 348762 braids
    projlen=134: 152864 braids
    projlen=135: 348867 braids
    projlen=136: 152544 braids
    projlen=137: 347988 braids
    projlen=138: 151228 braids
    projlen=139: 309673 braids
    projlen=140: 80487 braids
  Braids kept: 1063785 (in 29 buckets, 3.53 GB CPU)
  ⚡ Timing: matmul=0.15s, sampling=9.97s, total=15.47s
============================================================
Level 246 - SAMPLING
============================================================
  Starting braids: 963785
  Candidates to generate: 4934311
  Processing in 50 chunks...
  Projlen distribution:
    projlen=113: 3 braids
    projlen=114: 5 braids
    projlen=115: 77 braids
    projlen=116: 104 braids
    projlen=117: 1136 braids
    projlen=118: 1247 braids
    projlen=119: 13654 braids
    projlen=120: 11178 braids
    projlen=121: 166617 braids
    projlen=122: 108671 braids
    projlen=123: 304689 braids
    projlen=124: 173654 braids
    projlen=125: 359616 braids
    projlen=126: 162345 braids
    projlen=127: 356105 braids
    projlen=128: 156443 braids
    projlen=129: 352417 braids
    projlen=130: 154565 braids
    projlen=131: 349489 braids
    projlen=132: 153267 braids
    projlen=133: 349782 braids
    projlen=134: 152974 braids
    projlen=135: 348020 braids
    projlen=136: 152533 braids
    projlen=137: 347846 braids
    projlen=138: 152002 braids
    projlen=139: 341266 braids
    projlen=140: 147286 braids
    projlen=141: 117320 braids
  Braids kept: 1077404 (in 29 buckets, 3.60 GB CPU)
  ⚡ Timing: matmul=0.16s, sampling=10.07s, total=15.63s
============================================================
Level 247 - SAMPLING
============================================================
  Starting braids: 977404
  Candidates to generate: 5035916
  Processing in 51 chunks...
  Projlen distribution:
    projlen=114: 3 braids
    projlen=115: 34 braids
    projlen=116: 51 braids
    projlen=117: 679 braids
    projlen=118: 746 braids
    projlen=119: 7974 braids
    projlen=120: 6762 braids
    projlen=121: 72050 braids
    projlen=122: 48194 braids
    projlen=123: 272073 braids
    projlen=124: 175523 braids
    projlen=125: 363663 braids
    projlen=126: 166889 braids
    projlen=127: 356837 braids
    projlen=128: 156630 braids
    projlen=129: 352689 braids
    projlen=130: 154926 braids
    projlen=131: 352100 braids
    projlen=132: 154190 braids
    projlen=133: 349809 braids
    projlen=134: 153133 braids
    projlen=135: 348755 braids
    projlen=136: 152489 braids
    projlen=137: 348028 braids
    projlen=138: 152627 braids
    projlen=139: 346535 braids
    projlen=140: 150895 braids
    projlen=141: 310757 braids
    projlen=142: 80875 braids
  Braids kept: 1114443 (in 29 buckets, 3.74 GB CPU)
  ⚡ Timing: matmul=0.17s, sampling=10.31s, total=15.99s
============================================================
Level 248 - SAMPLING
============================================================
  Starting braids: 964443
  Candidates to generate: 4986253
  Processing in 50 chunks...
  Projlen distribution:
    projlen=113: 1 braids
    projlen=114: 2 braids
    projlen=115: 12 braids
    projlen=116: 26 braids
    projlen=117: 323 braids
    projlen=118: 368 braids
    projlen=119: 4889 braids
    projlen=120: 4302 braids
    projlen=121: 44541 braids
    projlen=122: 32045 braids
    projlen=123: 264149 braids
    projlen=124: 174131 braids
    projlen=125: 360255 braids
    projlen=126: 171205 braids
    projlen=127: 358665 braids
    projlen=128: 158091 braids
    projlen=129: 354377 braids
    projlen=130: 154691 braids
    projlen=131: 351700 braids
    projlen=132: 154200 braids
    projlen=133: 351086 braids
    projlen=134: 153989 braids
    projlen=135: 350136 braids
    projlen=136: 153407 braids
    projlen=137: 348827 braids
    projlen=138: 153221 braids
    projlen=139: 347768 braids
    projlen=140: 150778 braids
    projlen=141: 308844 braids
    projlen=142: 80224 braids
  Braids kept: 1086509 (in 30 buckets, 3.66 GB CPU)
  ⚡ Timing: matmul=0.19s, sampling=10.11s, total=15.74s
============================================================
Level 249 - SAMPLING
============================================================
  Starting braids: 986509
  Candidates to generate: 5065053
  Processing in 51 chunks...
  Projlen distribution:
    projlen=112: 1 braids
    projlen=113: 2 braids
    projlen=114: 6 braids
    projlen=115: 9 braids
    projlen=116: 24 braids
    projlen=117: 166 braids
    projlen=118: 227 braids
    projlen=119: 2450 braids
    projlen=120: 2394 braids
    projlen=121: 28763 braids
    projlen=122: 21924 braids
    projlen=123: 222084 braids
    projlen=124: 140777 braids
    projlen=125: 322130 braids
    projlen=126: 173448 braids
    projlen=127: 359887 braids
    projlen=128: 160296 braids
    projlen=129: 354454 braids
    projlen=130: 154895 braids
    projlen=131: 351355 braids
    projlen=132: 154272 braids
    projlen=133: 349817 braids
    projlen=134: 153331 braids
    projlen=135: 349569 braids
    projlen=136: 153298 braids
    projlen=137: 349198 braids
    projlen=138: 153136 braids
    projlen=139: 349210 braids
    projlen=140: 152104 braids
    projlen=141: 341057 braids
    projlen=142: 147473 braids
    projlen=143: 117296 braids
  Braids kept: 1105966 (in 32 buckets, 3.74 GB CPU)
  ⚡ Timing: matmul=0.19s, sampling=10.39s, total=16.14s
============================================================
Level 250 - SAMPLING
============================================================
  Starting braids: 955966
  Candidates to generate: 4906138
  Processing in 50 chunks...
  Projlen distribution:
    projlen=113: 4 braids
    projlen=114: 3 braids
    projlen=115: 29 braids
    projlen=116: 29 braids
    projlen=117: 128 braids
    projlen=118: 161 braids
    projlen=119: 1383 braids
    projlen=120: 1490 braids
    projlen=121: 15764 braids
    projlen=122: 12650 braids
    projlen=123: 145784 braids
    projlen=124: 95157 braids
    projlen=125: 298782 braids
    projlen=126: 175332 braids
    projlen=127: 362869 braids
    projlen=128: 164490 braids
    projlen=129: 356287 braids
    projlen=130: 156078 braids
    projlen=131: 351484 braids
    projlen=132: 154065 braids
    projlen=133: 349688 braids
    projlen=134: 153439 braids
    projlen=135: 349531 braids
    projlen=136: 153264 braids
    projlen=137: 348290 braids
    projlen=138: 152813 braids
    projlen=139: 348850 braids
    projlen=140: 152737 braids
    projlen=141: 342351 braids
    projlen=142: 147024 braids
    projlen=143: 116182 braids
  Braids kept: 1081641 (in 31 buckets, 3.67 GB CPU)
  ⚡ Timing: matmul=0.15s, sampling=10.24s, total=15.81s
============================================================
Level 251 - SAMPLING
============================================================
  Starting braids: 981641
  Candidates to generate: 5068187
  Processing in 51 chunks...
  Projlen distribution:
    projlen=113: 4 braids
    projlen=114: 2 braids
    projlen=115: 29 braids
    projlen=116: 20 braids
    projlen=117: 203 braids
    projlen=118: 178 braids
    projlen=119: 1063 braids
    projlen=120: 1003 braids
    projlen=121: 9669 braids
    projlen=122: 8066 braids
    projlen=123: 82741 braids
    projlen=124: 55512 braids
    projlen=125: 277996 braids
    projlen=126: 176776 braids
    projlen=127: 364129 braids
    projlen=128: 168024 braids
    projlen=129: 358407 braids
    projlen=130: 157806 braids
    projlen=131: 353666 braids
    projlen=132: 154761 braids
    projlen=133: 349996 braids
    projlen=134: 153327 braids
    projlen=135: 349412 braids
    projlen=136: 153247 braids
    projlen=137: 349885 braids
    projlen=138: 153554 braids
    projlen=139: 348307 braids
    projlen=140: 152710 braids
    projlen=141: 345941 braids
    projlen=142: 150665 braids
    projlen=143: 310281 braids
    projlen=144: 80807 braids
  Braids kept: 1120237 (in 32 buckets, 3.82 GB CPU)
  ⚡ Timing: matmul=0.19s, sampling=10.62s, total=16.40s
============================================================
Level 252 - SAMPLING
============================================================
  Starting braids: 970237
  Candidates to generate: 5015215
  Processing in 51 chunks...
  Projlen distribution:
    projlen=113: 3 braids
    projlen=114: 4 braids
    projlen=115: 19 braids
    projlen=116: 15 braids
    projlen=117: 172 braids
    projlen=118: 130 braids
    projlen=119: 1294 braids
    projlen=120: 1054 braids
    projlen=121: 7197 braids
    projlen=122: 5617 braids
    projlen=123: 53054 braids
    projlen=124: 37236 braids
    projlen=125: 268713 braids
    projlen=126: 177143 braids
    projlen=127: 365298 braids
    projlen=128: 171507 braids
    projlen=129: 359436 braids
    projlen=130: 159116 braids
    projlen=131: 354151 braids
    projlen=132: 155030 braids
    projlen=133: 351187 braids
    projlen=134: 153698 braids
    projlen=135: 348895 braids
    projlen=136: 152892 braids
    projlen=137: 349439 braids
    projlen=138: 153327 braids
    projlen=139: 349458 braids
    projlen=140: 153396 braids
    projlen=141: 347878 braids
    projlen=142: 150721 braids
    projlen=143: 308108 braids
    projlen=144: 80027 braids
  Braids kept: 1102741 (in 32 buckets, 3.76 GB CPU)
  ⚡ Timing: matmul=0.18s, sampling=10.42s, total=16.15s
============================================================
Level 253 - SAMPLING
============================================================
  Starting braids: 952741
  Candidates to generate: 4930919
  Processing in 50 chunks...
  Projlen distribution:
    projlen=114: 2 braids
    projlen=115: 20 braids
    projlen=116: 26 braids
    projlen=117: 109 braids
    projlen=118: 90 braids
    projlen=119: 997 braids
    projlen=120: 769 braids
    projlen=121: 7589 braids
    projlen=122: 5735 braids
    projlen=123: 40939 braids
    projlen=124: 28334 braids
    projlen=125: 250519 braids
    projlen=126: 157937 braids
    projlen=127: 333423 braids
    projlen=128: 172893 braids
    projlen=129: 360238 braids
    projlen=130: 160331 braids
    projlen=131: 355683 braids
    projlen=132: 155935 braids
    projlen=133: 351772 braids
    projlen=134: 154238 braids
    projlen=135: 349121 braids
    projlen=136: 152980 braids
    projlen=137: 348743 braids
    projlen=138: 152644 braids
    projlen=139: 348447 braids
    projlen=140: 153122 braids
    projlen=141: 347757 braids
    projlen=142: 151015 braids
    projlen=143: 309242 braids
    projlen=144: 80269 braids
  Braids kept: 1084610 (in 31 buckets, 3.71 GB CPU)
  ⚡ Timing: matmul=0.16s, sampling=10.20s, total=15.82s
============================================================
Level 254 - SAMPLING
============================================================
  Starting braids: 984610
  Candidates to generate: 5060420
  Processing in 51 chunks...
  Projlen distribution:
    projlen=115: 6 braids
    projlen=116: 14 braids
    projlen=117: 131 braids
    projlen=118: 128 braids
    projlen=119: 659 braids
    projlen=120: 508 braids
    projlen=121: 5607 braids
    projlen=122: 4307 braids
    projlen=123: 41514 braids
    projlen=124: 28909 braids
    projlen=125: 204351 braids
    projlen=126: 124733 braids
    projlen=127: 311854 braids
    projlen=128: 174656 braids
    projlen=129: 361876 braids
    projlen=130: 163142 braids
    projlen=131: 356426 braids
    projlen=132: 156141 braids
    projlen=133: 352769 braids
    projlen=134: 154572 braids
    projlen=135: 351031 braids
    projlen=136: 153788 braids
    projlen=137: 350109 braids
    projlen=138: 153021 braids
    projlen=139: 349258 braids
    projlen=140: 153247 braids
    projlen=141: 349014 braids
    projlen=142: 152007 braids
    projlen=143: 341688 braids
    projlen=144: 147408 braids
    projlen=145: 117546 braids
  Braids kept: 1131783 (in 31 buckets, 3.89 GB CPU)
  ⚡ Timing: matmul=0.18s, sampling=10.55s, total=16.34s
============================================================
Level 255 - SAMPLING
============================================================
  Starting braids: 981783
  Candidates to generate: 5045137
  Processing in 51 chunks...
  Projlen distribution:
    projlen=116: 2 braids
    projlen=117: 69 braids
    projlen=118: 81 braids
    projlen=119: 785 braids
    projlen=120: 637 braids
    projlen=121: 3873 braids
    projlen=122: 2871 braids
    projlen=123: 30552 braids
    projlen=124: 21630 braids
    projlen=125: 204038 braids
    projlen=126: 127626 braids
    projlen=127: 312600 braids
    projlen=128: 173021 braids
    projlen=129: 361202 braids
    projlen=130: 165712 braids
    projlen=131: 356316 braids
    projlen=132: 156888 braids
    projlen=133: 353336 braids
    projlen=134: 154653 braids
    projlen=135: 351411 braids
    projlen=136: 154214 braids
    projlen=137: 349610 braids
    projlen=138: 153122 braids
    projlen=139: 349742 braids
    projlen=140: 153343 braids
    projlen=141: 349169 braids
    projlen=142: 152356 braids
    projlen=143: 342715 braids
    projlen=144: 147085 braids
    projlen=145: 116478 braids
  Braids kept: 1110500 (in 30 buckets, 3.82 GB CPU)
  ⚡ Timing: matmul=0.17s, sampling=10.58s, total=16.37s
============================================================
Level 256 - SAMPLING
============================================================
  Starting braids: 960500
  Candidates to generate: 4928502
  Processing in 50 chunks...
  Projlen distribution:
    projlen=116: 1 braids
    projlen=117: 10 braids
    projlen=118: 27 braids
    projlen=119: 479 braids
    projlen=120: 451 braids
    projlen=121: 4402 braids
    projlen=122: 3254 braids
    projlen=123: 22015 braids
    projlen=124: 14997 braids
    projlen=125: 149623 braids
    projlen=126: 94636 braids
    projlen=127: 296260 braids
    projlen=128: 174799 braids
    projlen=129: 361062 braids
    projlen=130: 165048 braids
    projlen=131: 356785 braids
    projlen=132: 157847 braids
    projlen=133: 353568 braids
    projlen=134: 154919 braids
    projlen=135: 350834 braids
    projlen=136: 153939 braids
    projlen=137: 349336 braids
    projlen=138: 153251 braids
    projlen=139: 349107 braids
    projlen=140: 153017 braids
    projlen=141: 349001 braids
    projlen=142: 152578 braids
    projlen=143: 343822 braids
    projlen=144: 147294 braids
    projlen=145: 116140 braids
  Braids kept: 1095636 (in 30 buckets, 3.78 GB CPU)
  ⚡ Timing: matmul=0.16s, sampling=10.35s, total=15.98s
============================================================
Level 257 - SAMPLING
============================================================
  Starting braids: 995636
  Candidates to generate: 5138510
  Processing in 52 chunks...
  Projlen distribution:
    projlen=117: 5 braids
    projlen=118: 11 braids
    projlen=119: 141 braids
    projlen=120: 194 braids
    projlen=121: 2872 braids
    projlen=122: 2462 braids
    projlen=123: 23536 braids
    projlen=124: 16136 braids
    projlen=125: 111581 braids
    projlen=126: 68033 braids
    projlen=127: 279969 braids
    projlen=128: 173967 braids
    projlen=129: 363134 braids
    projlen=130: 168213 braids
    projlen=131: 357688 braids
    projlen=132: 157678 braids
    projlen=133: 354654 braids
    projlen=134: 155535 braids
    projlen=135: 351979 braids
    projlen=136: 154344 braids
    projlen=137: 350186 braids
    projlen=138: 153688 braids
    projlen=139: 349555 braids
    projlen=140: 153222 braids
    projlen=141: 348654 braids
    projlen=142: 152949 braids
    projlen=143: 346990 braids
    projlen=144: 150799 braids
    projlen=145: 309849 braids
    projlen=146: 80486 braids
  Braids kept: 1145357 (in 30 buckets, 3.97 GB CPU)
  ⚡ Timing: matmul=0.17s, sampling=10.98s, total=16.87s
============================================================
Level 258 - SAMPLING
============================================================
  Starting braids: 995357
  Candidates to generate: 5137669
  Processing in 52 chunks...
  Projlen distribution:
    projlen=116: 1 braids
    projlen=117: 1 braids
    projlen=118: 6 braids
    projlen=119: 64 braids
    projlen=120: 97 braids
    projlen=121: 1116 braids
    projlen=122: 1150 braids
    projlen=123: 15954 braids
    projlen=124: 12507 braids
    projlen=125: 115420 braids
    projlen=126: 73475 braids
    projlen=127: 283521 braids
    projlen=128: 172517 braids
    projlen=129: 361868 braids
    projlen=130: 169101 braids
    projlen=131: 358817 braids
    projlen=132: 159152 braids
    projlen=133: 355836 braids
    projlen=134: 155885 braids
    projlen=135: 351605 braids
    projlen=136: 154152 braids
    projlen=137: 349947 braids
    projlen=138: 153624 braids
    projlen=139: 349442 braids
    projlen=140: 153163 braids
    projlen=141: 349030 braids
    projlen=142: 152999 braids
    projlen=143: 347127 braids
    projlen=144: 150642 braids
    projlen=145: 309254 braids
    projlen=146: 80196 braids
  Braids kept: 1130896 (in 31 buckets, 3.92 GB CPU)
  ⚡ Timing: matmul=0.17s, sampling=11.05s, total=16.96s
============================================================
Level 259 - SAMPLING
============================================================
  Starting braids: 980896
  Candidates to generate: 5059264
  Processing in 51 chunks...
  Projlen distribution:
    projlen=116: 1 braids
    projlen=117: 2 braids
    projlen=118: 6 braids
    projlen=119: 29 braids
    projlen=120: 61 braids
    projlen=121: 600 braids
    projlen=122: 673 braids
    projlen=123: 7274 braids
    projlen=124: 6108 braids
    projlen=125: 79906 braids
    projlen=126: 56002 braids
    projlen=127: 272058 braids
    projlen=128: 173500 braids
    projlen=129: 361152 braids
    projlen=130: 168787 braids
    projlen=131: 358906 braids
    projlen=132: 159500 braids
    projlen=133: 355027 braids
    projlen=134: 155392 braids
    projlen=135: 352343 braids
    projlen=136: 154289 braids
    projlen=137: 350506 braids
    projlen=138: 153644 braids
    projlen=139: 349154 braids
    projlen=140: 153291 braids
    projlen=141: 348697 braids
    projlen=142: 153241 braids
    projlen=143: 347831 braids
    projlen=144: 151116 braids
    projlen=145: 309667 braids
    projlen=146: 80501 braids
  Braids kept: 1114754 (in 31 buckets, 3.87 GB CPU)
  ⚡ Timing: matmul=0.19s, sampling=10.78s, total=16.60s
============================================================
Level 260 - SAMPLING
============================================================
  Starting braids: 964754
  Candidates to generate: 4974590
  Processing in 50 chunks...
  Projlen distribution:
    projlen=117: 5 braids
    projlen=118: 3 braids
    projlen=119: 27 braids
    projlen=120: 30 braids
    projlen=121: 343 braids
    projlen=122: 436 braids
    projlen=123: 4324 braids
    projlen=124: 3839 braids
    projlen=125: 39955 braids
    projlen=126: 28479 braids
    projlen=127: 258338 braids
    projlen=128: 182159 braids
    projlen=129: 357880 braids
    projlen=130: 171243 braids
    projlen=131: 356610 braids
    projlen=132: 159568 braids
    projlen=133: 354969 braids
    projlen=134: 155597 braids
    projlen=135: 352134 braids
    projlen=136: 154199 braids
    projlen=137: 350907 braids
    projlen=138: 153709 braids
    projlen=139: 348272 braids
    projlen=140: 152983 braids
    projlen=141: 348501 braids
    projlen=142: 152674 braids
    projlen=143: 347864 braids
    projlen=144: 151085 braids
    projlen=145: 308348 braids
    projlen=146: 80109 braids
  Braids kept: 1077441 (in 30 buckets, 3.76 GB CPU)
  ⚡ Timing: matmul=0.19s, sampling=10.30s, total=16.02s
============================================================
Level 261 - SAMPLING
============================================================
  Starting braids: 977441
  Candidates to generate: 5014333
  Processing in 51 chunks...
  Projlen distribution:
    projlen=117: 2 braids
    projlen=118: 2 braids
    projlen=119: 34 braids
    projlen=120: 22 braids
    projlen=121: 215 braids
    projlen=122: 203 braids
    projlen=123: 2684 braids
    projlen=124: 2600 braids
    projlen=125: 25861 braids
    projlen=126: 19501 braids
    projlen=127: 198004 braids
    projlen=128: 124988 braids
    projlen=129: 309394 braids
    projlen=130: 182723 braids
    projlen=131: 354574 braids
    projlen=132: 163335 braids
    projlen=133: 352184 braids
    projlen=134: 156301 braids
    projlen=135: 352371 braids
    projlen=136: 154348 braids
    projlen=137: 350040 braids
    projlen=138: 153390 braids
    projlen=139: 349242 braids
    projlen=140: 152954 braids
    projlen=141: 349544 braids
    projlen=142: 153143 braids
    projlen=143: 348274 braids
    projlen=144: 151888 braids
    projlen=145: 341511 braids
    projlen=146: 147647 braids
    projlen=147: 117354 braids
  Braids kept: 1101124 (in 31 buckets, 3.86 GB CPU)
  ⚡ Timing: matmul=0.15s, sampling=10.70s, total=16.47s
============================================================
Level 262 - SAMPLING
============================================================
  Starting braids: 951124
  Candidates to generate: 4888544
  Processing in 49 chunks...
  Projlen distribution:
    projlen=118: 1 braids
    projlen=119: 9 braids
    projlen=120: 13 braids
    projlen=121: 208 braids
    projlen=122: 176 braids
    projlen=123: 1387 braids
    projlen=124: 1250 braids
    projlen=125: 16993 braids
    projlen=126: 13687 braids
    projlen=127: 132104 braids
    projlen=128: 85732 braids
    projlen=129: 292978 braids
    projlen=130: 175627 braids
    projlen=131: 359122 braids
    projlen=132: 176912 braids
    projlen=133: 349972 braids
    projlen=134: 162654 braids
    projlen=135: 349039 braids
    projlen=136: 155399 braids
    projlen=137: 349619 braids
    projlen=138: 153393 braids
    projlen=139: 349359 braids
    projlen=140: 153277 braids
    projlen=141: 349060 braids
    projlen=142: 152707 braids
    projlen=143: 349467 braids
    projlen=144: 152986 braids
    projlen=145: 342241 braids
    projlen=146: 146784 braids
    projlen=147: 116388 braids
  Braids kept: 1083724 (in 30 buckets, 3.81 GB CPU)
  ⚡ Timing: matmul=0.19s, sampling=10.40s, total=16.03s
============================================================
Level 263 - SAMPLING
============================================================
  Starting braids: 983724
  Candidates to generate: 5094230
  Processing in 51 chunks...
  Projlen distribution:
    projlen=119: 4 braids
    projlen=120: 6 braids
    projlen=121: 58 braids
    projlen=122: 72 braids
    projlen=123: 1228 braids
    projlen=124: 1034 braids
    projlen=125: 8527 braids
    projlen=126: 6471 braids
    projlen=127: 89082 braids
    projlen=128: 60689 braids
    projlen=129: 281577 braids
    projlen=130: 176936 braids
    projlen=131: 363530 braids
    projlen=132: 169258 braids
    projlen=133: 354522 braids
    projlen=134: 172293 braids
    projlen=135: 346469 braids
    projlen=136: 165509 braids
    projlen=137: 347097 braids
    projlen=138: 156005 braids
    projlen=139: 348241 braids
    projlen=140: 153152 braids
    projlen=141: 348806 braids
    projlen=142: 153313 braids
    projlen=143: 348965 braids
    projlen=144: 152768 braids
    projlen=145: 346651 braids
    projlen=146: 150862 braids
    projlen=147: 310436 braids
    projlen=148: 80669 braids
  Braids kept: 1117400 (in 30 buckets, 3.94 GB CPU)
  ⚡ Timing: matmul=0.20s, sampling=11.04s, total=16.93s
============================================================
Level 264 - SAMPLING
============================================================
  Starting braids: 967400
  Candidates to generate: 5018030
  Processing in 51 chunks...
  Projlen distribution:
    projlen=119: 5 braids
    projlen=120: 3 braids
    projlen=121: 41 braids
    projlen=122: 46 braids
    projlen=123: 401 braids
    projlen=124: 445 braids
    projlen=125: 7075 braids
    projlen=126: 5408 braids
    projlen=127: 44752 braids
    projlen=128: 29531 braids
    projlen=129: 265765 braids
    projlen=130: 179069 braids
    projlen=131: 365726 braids
    projlen=132: 171841 braids
    projlen=133: 357663 braids
    projlen=134: 160525 braids
    projlen=135: 349967 braids
    projlen=136: 173329 braids
    projlen=137: 342607 braids
    projlen=138: 170095 braids
    projlen=139: 344762 braids
    projlen=140: 158403 braids
    projlen=141: 347765 braids
    projlen=142: 153521 braids
    projlen=143: 348664 braids
    projlen=144: 153197 braids
    projlen=145: 348013 braids
    projlen=146: 150784 braids
    projlen=147: 308570 braids
    projlen=148: 80057 braids
  Braids kept: 1087707 (in 30 buckets, 3.85 GB CPU)
  ⚡ Timing: matmul=0.16s, sampling=10.59s, total=16.39s
============================================================
Level 265 - SAMPLING
============================================================
  Starting braids: 987707
  Candidates to generate: 5092359
  Processing in 51 chunks...
  Projlen distribution:
    projlen=119: 2 braids
    projlen=120: 3 braids
    projlen=121: 36 braids
    projlen=122: 28 braids
    projlen=123: 323 braids
    projlen=124: 321 braids
    projlen=125: 2737 braids
    projlen=126: 2470 braids
    projlen=127: 37460 braids
    projlen=128: 26535 braids
    projlen=129: 218275 braids
    projlen=130: 132302 braids
    projlen=131: 314663 braids
    projlen=132: 174690 braids
    projlen=133: 360543 braids
    projlen=134: 161520 braids
    projlen=135: 353776 braids
    projlen=136: 158010 braids
    projlen=137: 345402 braids
    projlen=138: 176720 braids
    projlen=139: 338250 braids
    projlen=140: 177066 braids
    projlen=141: 341169 braids
    projlen=142: 161736 braids
    projlen=143: 346722 braids
    projlen=144: 154376 braids
    projlen=145: 348501 braids
    projlen=146: 152341 braids
    projlen=147: 341411 braids
    projlen=148: 147669 braids
    projlen=149: 117302 braids
  Braids kept: 1119915 (in 31 buckets, 3.98 GB CPU)
  ⚡ Timing: matmul=0.20s, sampling=10.83s, total=16.74s
============================================================
Level 266 - SAMPLING
============================================================
  Starting braids: 969915
  Candidates to generate: 5011921
  Processing in 51 chunks...
  Projlen distribution:
    projlen=120: 1 braids
    projlen=121: 12 braids
    projlen=122: 17 braids
    projlen=123: 236 braids
    projlen=124: 205 braids
    projlen=125: 2218 braids
    projlen=126: 1908 braids
    projlen=127: 16674 braids
    projlen=128: 12715 braids
    projlen=129: 179586 braids
    projlen=130: 115664 braids
    projlen=131: 306079 braids
    projlen=132: 172906 braids
    projlen=133: 361809 braids
    projlen=134: 165360 braids
    projlen=135: 355745 braids
    projlen=136: 157981 braids
    projlen=137: 349279 braids
    projlen=138: 157245 braids
    projlen=139: 342666 braids
    projlen=140: 181372 braids
    projlen=141: 334073 braids
    projlen=142: 186082 braids
    projlen=143: 337561 braids
    projlen=144: 167525 braids
    projlen=145: 345402 braids
    projlen=146: 155216 braids
    projlen=147: 342311 braids
    projlen=148: 147806 braids
    projlen=149: 116267 braids
  Braids kept: 1083986 (in 30 buckets, 3.86 GB CPU)
  ⚡ Timing: matmul=0.15s, sampling=10.87s, total=16.69s
============================================================
Level 267 - SAMPLING
============================================================
  Starting braids: 983986
  Candidates to generate: 5124108
  Processing in 52 chunks...
  Projlen distribution:
    projlen=121: 4 braids
    projlen=122: 8 braids
    projlen=123: 92 braids
    projlen=124: 116 braids
    projlen=125: 1486 braids
    projlen=126: 1276 braids
    projlen=127: 13293 braids
    projlen=128: 10010 braids
    projlen=129: 85853 braids
    projlen=130: 55465 braids
    projlen=131: 274380 braids
    projlen=132: 174416 braids
    projlen=133: 361393 braids
    projlen=134: 166041 braids
    projlen=135: 357385 braids
    projlen=136: 157905 braids
    projlen=137: 352725 braids
    projlen=138: 157310 braids
    projlen=139: 347787 braids
    projlen=140: 158482 braids
    projlen=141: 339869 braids
    projlen=142: 186906 braids
    projlen=143: 329871 braids
    projlen=144: 196117 braids
    projlen=145: 332562 braids
    projlen=146: 176222 braids
    projlen=147: 340750 braids
    projlen=148: 156186 braids
    projlen=149: 309072 braids
    projlen=150: 81126 braids
  Braids kept: 1126285 (in 30 buckets, 4.03 GB CPU)
  ⚡ Timing: matmul=0.16s, sampling=11.39s, total=17.37s
============================================================
Level 268 - SAMPLING
============================================================
  Starting braids: 976285
  Candidates to generate: 5105647
  Processing in 52 chunks...
  Projlen distribution:
    projlen=121: 3 braids
    projlen=122: 7 braids
    projlen=123: 50 braids
    projlen=124: 73 braids
    projlen=125: 672 braids
    projlen=126: 726 braids
    projlen=127: 8755 braids
    projlen=128: 6794 braids
    projlen=129: 69141 braids
    projlen=130: 46064 braids
    projlen=131: 271651 braids
    projlen=132: 174955 braids
    projlen=133: 362586 braids
    projlen=134: 170130 braids
    projlen=135: 356902 braids
    projlen=136: 157881 braids
    projlen=137: 353710 braids
    projlen=138: 155294 braids
    projlen=139: 349123 braids
    projlen=140: 157436 braids
    projlen=141: 346779 braids
    projlen=142: 161574 braids
    projlen=143: 337154 braids
    projlen=144: 192531 braids
    projlen=145: 325688 braids
    projlen=146: 207148 braids
    projlen=147: 325249 braids
    projlen=148: 185218 braids
    projlen=149: 299635 braids
    projlen=150: 82718 braids
  Braids kept: 1113144 (in 30 buckets, 3.99 GB CPU)
  ⚡ Timing: matmul=0.15s, sampling=11.20s, total=17.16s
============================================================
Level 269 - SAMPLING
============================================================
  Starting braids: 963144
  Candidates to generate: 5040722
  Processing in 51 chunks...
  Projlen distribution:
    projlen=123: 40 braids
    projlen=124: 64 braids
    projlen=125: 472 braids
    projlen=126: 503 braids
    projlen=127: 4515 braids
    projlen=128: 3890 braids
    projlen=129: 46589 braids
    projlen=130: 32434 braids
    projlen=131: 260756 braids
    projlen=132: 169292 braids
    projlen=133: 354795 braids
    projlen=134: 172062 braids
    projlen=135: 360622 braids
    projlen=136: 160071 braids
    projlen=137: 355216 braids
    projlen=138: 155394 braids
    projlen=139: 351716 braids
    projlen=140: 154619 braids
    projlen=141: 348113 braids
    projlen=142: 158369 braids
    projlen=143: 343994 braids
    projlen=144: 164464 braids
    projlen=145: 334943 braids
    projlen=146: 198816 braids
    projlen=147: 320042 braids
    projlen=148: 213946 braids
    projlen=149: 287212 braids
    projlen=150: 87773 braids
  Braids kept: 1088507 (in 28 buckets, 3.91 GB CPU)
  ⚡ Timing: matmul=0.17s, sampling=10.92s, total=16.82s
============================================================
Level 270 - SAMPLING
============================================================
  Starting braids: 988507
  Candidates to generate: 5153305
  Processing in 52 chunks...
  Projlen distribution:
    projlen=122: 1 braids
    projlen=123: 2 braids
    projlen=124: 20 braids
    projlen=125: 351 braids
    projlen=126: 409 braids
    projlen=127: 3376 braids
    projlen=128: 2967 braids
    projlen=129: 26391 braids
    projlen=130: 19398 braids
    projlen=131: 227535 braids
    projlen=132: 143290 braids
    projlen=133: 322452 braids
    projlen=134: 173154 braids
    projlen=135: 361037 braids
    projlen=136: 161437 braids
    projlen=137: 356764 braids
    projlen=138: 156077 braids
    projlen=139: 352249 braids
    projlen=140: 154008 braids
    projlen=141: 349734 braids
    projlen=142: 153981 braids
    projlen=143: 347471 braids
    projlen=144: 159976 braids
    projlen=145: 343030 braids
    projlen=146: 168840 braids
    projlen=147: 332329 braids
    projlen=148: 204241 braids
    projlen=149: 311430 braids
    projlen=150: 213610 braids
    projlen=151: 107745 braids
  Braids kept: 1102915 (in 30 buckets, 3.98 GB CPU)
  ⚡ Timing: matmul=0.18s, sampling=11.27s, total=17.31s
============================================================
Level 271 - SAMPLING
============================================================
  Starting braids: 952915
  Candidates to generate: 4935095
  Processing in 50 chunks...
  Projlen distribution:
    projlen=123: 5 braids
    projlen=124: 10 braids
    projlen=125: 89 braids
    projlen=126: 154 braids
    projlen=127: 2490 braids
    projlen=128: 2278 braids
    projlen=129: 20485 braids
    projlen=130: 14982 braids
    projlen=131: 132321 braids
    projlen=132: 84099 braids
    projlen=133: 291987 braids
    projlen=134: 175180 braids
    projlen=135: 361090 braids
    projlen=136: 163933 braids
    projlen=137: 356464 braids
    projlen=138: 156461 braids
    projlen=139: 353057 braids
    projlen=140: 154658 braids
    projlen=141: 350772 braids
    projlen=142: 153517 braids
    projlen=143: 349210 braids
    projlen=144: 154075 braids
    projlen=145: 346686 braids
    projlen=146: 162227 braids
    projlen=147: 340939 braids
    projlen=148: 173548 braids
    projlen=149: 324649 braids
    projlen=150: 198783 braids
    projlen=151: 110946 braids
  Braids kept: 1090493 (in 29 buckets, 3.95 GB CPU)
  ⚡ Timing: matmul=0.16s, sampling=10.96s, total=16.75s
============================================================
Level 272 - SAMPLING
============================================================
  Starting braids: 990493
  Candidates to generate: 5132507
  Processing in 52 chunks...
  Projlen distribution:
    projlen=122: 3 braids
    projlen=123: 3 braids
    projlen=124: 12 braids
    projlen=125: 62 braids
    projlen=126: 109 braids
    projlen=127: 927 braids
    projlen=128: 1023 braids
    projlen=129: 15006 braids
    projlen=130: 11537 braids
    projlen=131: 103484 braids
    projlen=132: 66437 braids
    projlen=133: 281792 braids
    projlen=134: 174805 braids
    projlen=135: 364763 braids
    projlen=136: 168716 braids
    projlen=137: 357093 braids
    projlen=138: 157246 braids
    projlen=139: 353920 braids
    projlen=140: 155258 braids
    projlen=141: 351192 braids
    projlen=142: 154060 braids
    projlen=143: 350409 braids
    projlen=144: 153414 braids
    projlen=145: 348147 braids
    projlen=146: 153771 braids
    projlen=147: 345062 braids
    projlen=148: 164585 braids
    projlen=149: 336808 braids
    projlen=150: 178549 braids
    projlen=151: 300602 braids
    projlen=152: 83712 braids
  Braids kept: 1128682 (in 31 buckets, 4.10 GB CPU)
  ⚡ Timing: matmul=0.17s, sampling=11.50s, total=17.52s
============================================================
Level 273 - SAMPLING
============================================================
  Starting braids: 978682
  Candidates to generate: 5063040
  Processing in 51 chunks...
  Projlen distribution:
    projlen=122: 1 braids
    projlen=123: 11 braids
    projlen=124: 16 braids
    projlen=125: 59 braids
    projlen=126: 72 braids
    projlen=127: 641 braids
    projlen=128: 728 braids
    projlen=129: 6681 braids
    projlen=130: 5685 braids
    projlen=131: 76024 braids
    projlen=132: 51452 braids
    projlen=133: 272840 braids
    projlen=134: 174178 braids
    projlen=135: 364020 braids
    projlen=136: 169602 braids
    projlen=137: 359385 braids
    projlen=138: 159365 braids
    projlen=139: 354269 braids
    projlen=140: 155034 braids
    projlen=141: 351952 braids
    projlen=142: 154258 braids
    projlen=143: 350608 braids
    projlen=144: 153982 braids
    projlen=145: 349799 braids
    projlen=146: 153509 braids
    projlen=147: 348212 braids
    projlen=148: 154899 braids
    projlen=149: 342761 braids
    projlen=150: 166622 braids
    projlen=151: 304263 braids
    projlen=152: 82112 braids
  Braids kept: 1113894 (in 31 buckets, 4.05 GB CPU)
  ⚡ Timing: matmul=0.18s, sampling=11.26s, total=17.23s
============================================================
Level 274 - SAMPLING
============================================================
  Starting braids: 963894
  Candidates to generate: 4976172
  Processing in 50 chunks...
  Projlen distribution:
    projlen=123: 18 braids
    projlen=124: 17 braids
    projlen=125: 95 braids
    projlen=126: 91 braids
    projlen=127: 488 braids
    projlen=128: 457 braids
    projlen=129: 4728 braids
    projlen=130: 4120 braids
    projlen=131: 37524 braids
    projlen=132: 27088 braids
    projlen=133: 260178 braids
    projlen=134: 174982 braids
    projlen=135: 361331 braids
    projlen=136: 170121 braids
    projlen=137: 359163 braids
    projlen=138: 159771 braids
    projlen=139: 356062 braids
    projlen=140: 156277 braids
    projlen=141: 351304 braids
    projlen=142: 153729 braids
    projlen=143: 350032 braids
    projlen=144: 153631 braids
    projlen=145: 349776 braids
    projlen=146: 153220 braids
    projlen=147: 348579 braids
    projlen=148: 153143 braids
    projlen=149: 347117 braids
    projlen=150: 153860 braids
    projlen=151: 308463 braids
    projlen=152: 80807 braids
  Braids kept: 1074626 (in 30 buckets, 3.92 GB CPU)
  ⚡ Timing: matmul=0.19s, sampling=10.84s, total=16.71s
============================================================
Level 275 - SAMPLING
============================================================
  Starting braids: 974626
  Candidates to generate: 4995686
  Processing in 50 chunks...
  Projlen distribution:
    projlen=122: 2 braids
    projlen=123: 4 braids
    projlen=124: 9 braids
    projlen=125: 133 braids
    projlen=126: 106 braids
    projlen=127: 640 braids
    projlen=128: 515 braids
    projlen=129: 3323 braids
    projlen=130: 2769 braids
    projlen=131: 28108 braids
    projlen=132: 21014 braids
    projlen=133: 188105 braids
    projlen=134: 117767 braids
    projlen=135: 308608 braids
    projlen=136: 173610 braids
    projlen=137: 358048 braids
    projlen=138: 159554 braids
    projlen=139: 355006 braids
    projlen=140: 155786 braids
    projlen=141: 352402 braids
    projlen=142: 154450 braids
    projlen=143: 350326 braids
    projlen=144: 153514 braids
    projlen=145: 348606 braids
    projlen=146: 152774 braids
    projlen=147: 349047 braids
    projlen=148: 153185 braids
    projlen=149: 348328 braids
    projlen=150: 152356 braids
    projlen=151: 340252 braids
    projlen=152: 150581 braids
    projlen=153: 116758 braids
  Braids kept: 1106623 (in 32 buckets, 4.06 GB CPU)
  ⚡ Timing: matmul=0.20s, sampling=10.97s, total=16.87s
============================================================
Level 276 - SAMPLING
============================================================
  Starting braids: 956623
  Candidates to generate: 4905817
  Processing in 50 chunks...
  Projlen distribution:
    projlen=122: 2 braids
    projlen=123: 4 braids
    projlen=124: 8 braids
    projlen=125: 42 braids
    projlen=126: 47 braids
    projlen=127: 807 braids
    projlen=128: 615 braids
    projlen=129: 3794 braids
    projlen=130: 2770 braids
    projlen=131: 20279 braids
    projlen=132: 14800 braids
    projlen=133: 141952 braids
    projlen=134: 91549 braids
    projlen=135: 296373 braids
    projlen=136: 174799 braids
    projlen=137: 362301 braids
    projlen=138: 165947 braids
    projlen=139: 354901 braids
    projlen=140: 155376 braids
    projlen=141: 351141 braids
    projlen=142: 153743 braids
    projlen=143: 349585 braids
    projlen=144: 153316 braids
    projlen=145: 349940 braids
    projlen=146: 153515 braids
    projlen=147: 348864 braids
    projlen=148: 152905 braids
    projlen=149: 348560 braids
    projlen=150: 152549 braids
    projlen=151: 342228 braids
    projlen=152: 146899 braids
    projlen=153: 116206 braids
  Braids kept: 1093168 (in 32 buckets, 4.02 GB CPU)
  ⚡ Timing: matmul=0.15s, sampling=10.97s, total=16.75s
============================================================
Level 277 - SAMPLING
============================================================
  Starting braids: 993168
  Candidates to generate: 5126630
  Processing in 52 chunks...
  Projlen distribution:
    projlen=122: 2 braids
    projlen=123: 5 braids
    projlen=124: 11 braids
    projlen=125: 38 braids
    projlen=126: 43 braids
    projlen=127: 286 braids
    projlen=128: 270 braids
    projlen=129: 4424 braids
    projlen=130: 3291 braids
    projlen=131: 21326 braids
    projlen=132: 14324 braids
    projlen=133: 104949 braids
    projlen=134: 66363 braids
    projlen=135: 281931 braids
    projlen=136: 175643 braids
    projlen=137: 362798 braids
    projlen=138: 167813 braids
    projlen=139: 357913 braids
    projlen=140: 158128 braids
    projlen=141: 353260 braids
    projlen=142: 154292 braids
    projlen=143: 350545 braids
    projlen=144: 153566 braids
    projlen=145: 349110 braids
    projlen=146: 153305 braids
    projlen=147: 349513 braids
    projlen=148: 153618 braids
    projlen=149: 348596 braids
    projlen=150: 152624 braids
    projlen=151: 346942 braids
    projlen=152: 150923 braids
    projlen=153: 310339 braids
    projlen=154: 80439 braids
  Braids kept: 1144020 (in 33 buckets, 4.22 GB CPU)
  ⚡ Timing: matmul=0.17s, sampling=11.62s, total=17.68s
============================================================
Level 278 - SAMPLING
============================================================
  Starting braids: 994020
  Candidates to generate: 5135018
  Processing in 52 chunks...
  Projlen distribution:
    projlen=123: 10 braids
    projlen=124: 14 braids
    projlen=125: 58 braids
    projlen=126: 55 braids
    projlen=127: 284 braids
    projlen=128: 249 braids
    projlen=129: 1770 braids
    projlen=130: 1479 braids
    projlen=131: 23354 braids
    projlen=132: 16412 braids
    projlen=133: 108301 braids
    projlen=134: 66455 braids
    projlen=135: 282062 braids
    projlen=136: 174894 braids
    projlen=137: 363482 braids
    projlen=138: 169821 braids
    projlen=139: 358251 braids
    projlen=140: 158422 braids
    projlen=141: 353328 braids
    projlen=142: 154728 braids
    projlen=143: 350724 braids
    projlen=144: 153675 braids
    projlen=145: 350501 braids
    projlen=146: 153725 braids
    projlen=147: 348351 braids
    projlen=148: 152963 braids
    projlen=149: 349421 braids
    projlen=150: 153184 braids
    projlen=151: 348163 braids
    projlen=152: 151125 braids
    projlen=153: 309512 braids
    projlen=154: 80245 braids
  Braids kept: 1143685 (in 32 buckets, 4.22 GB CPU)
  ⚡ Timing: matmul=0.17s, sampling=11.60s, total=17.68s
============================================================
Level 279 - SAMPLING
============================================================
  Starting braids: 993685
  Candidates to generate: 5133089
  Processing in 52 chunks...
  Projlen distribution:
    projlen=122: 1 braids
    projlen=123: 2 braids
    projlen=124: 4 braids
    projlen=125: 91 braids
    projlen=126: 80 braids
    projlen=127: 420 braids
    projlen=128: 317 braids
    projlen=129: 1830 braids
    projlen=130: 1413 braids
    projlen=131: 10401 braids
    projlen=132: 7689 braids
    projlen=133: 114138 braids
    projlen=134: 74494 braids
    projlen=135: 284482 braids
    projlen=136: 172322 braids
    projlen=137: 363918 braids
    projlen=138: 170329 braids
    projlen=139: 358407 braids
    projlen=140: 159500 braids
    projlen=141: 354660 braids
    projlen=142: 155403 braids
    projlen=143: 352202 braids
    projlen=144: 154100 braids
    projlen=145: 350118 braids
    projlen=146: 153525 braids
    projlen=147: 349574 braids
    projlen=148: 153632 braids
    projlen=149: 349537 braids
    projlen=150: 152991 braids
    projlen=151: 347548 braids
    projlen=152: 150813 braids
    projlen=153: 308806 braids
    projlen=154: 80342 braids
  Braids kept: 1122248 (in 33 buckets, 4.15 GB CPU)
  ⚡ Timing: matmul=0.17s, sampling=11.64s, total=17.72s
============================================================
Level 280 - SAMPLING
============================================================
  Starting braids: 972248
  Candidates to generate: 5014358
  Processing in 51 chunks...
  Projlen distribution:
    projlen=123: 3 braids
    projlen=124: 6 braids
    projlen=125: 20 braids
    projlen=126: 26 braids
    projlen=127: 562 braids
    projlen=128: 448 braids
    projlen=129: 2537 braids
    projlen=130: 1750 braids
    projlen=131: 10695 braids
    projlen=132: 7209 braids
    projlen=133: 54012 braids
    projlen=134: 35011 braids
    projlen=135: 264796 braids
    projlen=136: 174990 braids
    projlen=137: 362000 braids
    projlen=138: 168214 braids
    projlen=139: 358687 braids
    projlen=140: 159469 braids
    projlen=141: 355932 braids
    projlen=142: 156174 braids
    projlen=143: 351616 braids
    projlen=144: 153962 braids
    projlen=145: 350165 braids
    projlen=146: 153698 braids
    projlen=147: 348834 braids
    projlen=148: 153400 braids
    projlen=149: 349533 braids
    projlen=150: 153480 braids
    projlen=151: 347854 braids
    projlen=152: 150691 braids
    projlen=153: 308677 braids
    projlen=154: 79907 braids
  Braids kept: 1108267 (in 32 buckets, 4.11 GB CPU)
  ⚡ Timing: matmul=0.15s, sampling=11.22s, total=17.15s
============================================================
Level 281 - SAMPLING
============================================================
  Starting braids: 958267
  Candidates to generate: 4954263
  Processing in 50 chunks...
  Projlen distribution:
    projlen=125: 31 braids
    projlen=126: 31 braids
    projlen=127: 158 braids
    projlen=128: 154 braids
    projlen=129: 3083 braids
    projlen=130: 2339 braids
    projlen=131: 14038 braids
    projlen=132: 9146 braids
    projlen=133: 56465 braids
    projlen=134: 35559 braids
    projlen=135: 249025 braids
    projlen=136: 151145 braids
    projlen=137: 328319 braids
    projlen=138: 173041 braids
    projlen=139: 359119 braids
    projlen=140: 158991 braids
    projlen=141: 354718 braids
    projlen=142: 155588 braids
    projlen=143: 353395 braids
    projlen=144: 154699 braids
    projlen=145: 350728 braids
    projlen=146: 153841 braids
    projlen=147: 350011 braids
    projlen=148: 153673 braids
    projlen=149: 348816 braids
    projlen=150: 152815 braids
    projlen=151: 346325 braids
    projlen=152: 150351 braids
    projlen=153: 308719 braids
    projlen=154: 79940 braids
  Braids kept: 1114539 (in 30 buckets, 4.13 GB CPU)
  ⚡ Timing: matmul=0.17s, sampling=11.05s, total=16.92s
============================================================
Level 282 - SAMPLING
============================================================
  Starting braids: 964539
  Candidates to generate: 4987705
  Processing in 50 chunks...
  Projlen distribution:
    projlen=126: 4 braids
    projlen=127: 205 braids
    projlen=128: 180 braids
    projlen=129: 1079 braids
    projlen=130: 918 braids
    projlen=131: 16116 braids
    projlen=132: 11607 braids
    projlen=133: 72911 braids
    projlen=134: 44883 braids
    projlen=135: 251778 braids
    projlen=136: 149318 braids
    projlen=137: 327143 braids
    projlen=138: 172606 braids
    projlen=139: 361525 braids
    projlen=140: 163493 braids
    projlen=141: 355812 braids
    projlen=142: 155400 braids
    projlen=143: 351445 braids
    projlen=144: 153941 braids
    projlen=145: 350561 braids
    projlen=146: 153730 braids
    projlen=147: 350005 braids
    projlen=148: 153510 braids
    projlen=149: 348651 braids
    projlen=150: 152802 braids
    projlen=151: 347584 braids
    projlen=152: 151046 braids
    projlen=153: 309339 braids
    projlen=154: 80113 braids
  Braids kept: 1124992 (in 29 buckets, 4.17 GB CPU)
  ⚡ Timing: matmul=0.19s, sampling=11.20s, total=17.11s
============================================================
Level 283 - SAMPLING
============================================================
  Starting braids: 974992
  Candidates to generate: 5036810
  Processing in 51 chunks...
  Projlen distribution:
    projlen=126: 1 braids
    projlen=127: 16 braids
    projlen=128: 33 braids
    projlen=129: 1198 braids
    projlen=130: 1009 braids
    projlen=131: 6689 braids
    projlen=132: 5137 braids
    projlen=133: 79936 braids
    projlen=134: 53319 braids
    projlen=135: 265479 braids
    projlen=136: 162287 braids
    projlen=137: 348598 braids
    projlen=138: 170938 braids
    projlen=139: 360305 braids
    projlen=140: 164225 braids
    projlen=141: 357308 braids
    projlen=142: 157626 braids
    projlen=143: 353392 braids
    projlen=144: 154242 braids
    projlen=145: 349450 braids
    projlen=146: 153317 braids
    projlen=147: 349886 braids
    projlen=148: 153704 braids
    projlen=149: 349970 braids
    projlen=150: 153293 braids
    projlen=151: 346753 braids
    projlen=152: 150419 braids
    projlen=153: 308275 braids
    projlen=154: 80005 braids
  Braids kept: 1114083 (in 29 buckets, 4.14 GB CPU)
  ⚡ Timing: matmul=0.17s, sampling=11.41s, total=17.38s
============================================================
Level 284 - SAMPLING
============================================================
  Starting braids: 964083
  Candidates to generate: 4975375
  Processing in 50 chunks...
  Projlen distribution:
    projlen=127: 11 braids
    projlen=128: 16 braids
    projlen=129: 201 braids
    projlen=130: 273 braids
    projlen=131: 6633 braids
    projlen=132: 5258 braids
    projlen=133: 36588 braids
    projlen=134: 24362 braids
    projlen=135: 255587 braids
    projlen=136: 172335 braids
    projlen=137: 360581 braids
    projlen=138: 169772 braids
    projlen=139: 359924 braids
    projlen=140: 161624 braids
    projlen=141: 357125 braids
    projlen=142: 158432 braids
    projlen=143: 353439 braids
    projlen=144: 155030 braids
    projlen=145: 350689 braids
    projlen=146: 153848 braids
    projlen=147: 350220 braids
    projlen=148: 153502 braids
    projlen=149: 348817 braids
    projlen=150: 153243 braids
    projlen=151: 348307 braids
    projlen=152: 151187 braids
    projlen=153: 308589 braids
    projlen=154: 79782 braids
  Braids kept: 1073342 (in 28 buckets, 4.00 GB CPU)
  ⚡ Timing: matmul=0.19s, sampling=10.95s, total=16.85s
============================================================
Level 285 - SAMPLING
============================================================
  Starting braids: 973342
  Candidates to generate: 4980060
  Processing in 50 chunks...
  Projlen distribution:
    projlen=127: 2 braids
    projlen=128: 5 braids
    projlen=129: 112 braids
    projlen=130: 134 braids
    projlen=131: 1684 braids
    projlen=132: 1758 braids
    projlen=133: 35197 braids
    projlen=134: 25522 braids
    projlen=135: 181677 braids
    projlen=136: 108341 braids
    projlen=137: 300067 braids
    projlen=138: 172504 braids
    projlen=139: 357684 braids
    projlen=140: 159519 braids
    projlen=141: 355181 braids
    projlen=142: 156396 braids
    projlen=143: 352736 braids
    projlen=144: 155749 braids
    projlen=145: 350594 braids
    projlen=146: 154166 braids
    projlen=147: 349046 braids
    projlen=148: 153473 braids
    projlen=149: 348991 braids
    projlen=150: 153105 braids
    projlen=151: 348427 braids
    projlen=152: 152008 braids
    projlen=153: 341050 braids
    projlen=154: 147462 braids
    projlen=155: 117470 braids
  Braids kept: 1114414 (in 29 buckets, 4.17 GB CPU)
  ⚡ Timing: matmul=0.19s, sampling=11.11s, total=17.03s
============================================================
Level 286 - SAMPLING
============================================================
  Starting braids: 964414
  Candidates to generate: 4946962
  Processing in 50 chunks...
  Projlen distribution:
    projlen=128: 3 braids
    projlen=129: 27 braids
    projlen=130: 66 braids
    projlen=131: 889 braids
    projlen=132: 944 braids
    projlen=133: 11398 braids
    projlen=134: 9497 braids
    projlen=135: 169838 braids
    projlen=136: 111208 braids
    projlen=137: 303484 braids
    projlen=138: 171875 braids
    projlen=139: 362018 braids
    projlen=140: 165958 braids
    projlen=141: 355433 braids
    projlen=142: 155520 braids
    projlen=143: 351806 braids
    projlen=144: 154826 braids
    projlen=145: 350821 braids
    projlen=146: 155170 braids
    projlen=147: 350189 braids
    projlen=148: 154436 braids
    projlen=149: 349937 braids
    projlen=150: 153730 braids
    projlen=151: 349078 braids
    projlen=152: 152249 braids
    projlen=153: 342986 braids
    projlen=154: 147254 braids
    projlen=155: 116322 braids
  Braids kept: 1072824 (in 28 buckets, 4.03 GB CPU)
  ⚡ Timing: matmul=0.17s, sampling=11.18s, total=17.06s
============================================================
Level 287 - SAMPLING
============================================================
  Starting braids: 972824
  Candidates to generate: 5007540
  Processing in 51 chunks...
  Projlen distribution:
    projlen=129: 10 braids
    projlen=130: 24 braids
    projlen=131: 339 braids
    projlen=132: 453 braids
    projlen=133: 6157 braids
    projlen=134: 5228 braids
    projlen=135: 60304 braids
    projlen=136: 41139 braids
    projlen=137: 268068 braids
    projlen=138: 175516 braids
    projlen=139: 361387 braids
    projlen=140: 166036 braids
    projlen=141: 358012 braids
    projlen=142: 158100 braids
    projlen=143: 353088 braids
    projlen=144: 154121 braids
    projlen=145: 350698 braids
    projlen=146: 153878 braids
    projlen=147: 349556 braids
    projlen=148: 154617 braids
    projlen=149: 348245 braids
    projlen=150: 154352 braids
    projlen=151: 348890 braids
    projlen=152: 153788 braids
    projlen=153: 345471 braids
    projlen=154: 149958 braids
    projlen=155: 309684 braids
    projlen=156: 80421 braids
  Braids kept: 1103350 (in 28 buckets, 4.16 GB CPU)
  ⚡ Timing: matmul=0.15s, sampling=11.48s, total=17.46s
============================================================
Level 288 - SAMPLING
============================================================
  Starting braids: 953350
  Candidates to generate: 4925852
  Processing in 50 chunks...
  Projlen distribution:
    projlen=129: 5 braids
    projlen=130: 13 braids
    projlen=131: 167 braids
    projlen=132: 245 braids
    projlen=133: 2741 braids
    projlen=134: 2705 braids
    projlen=135: 33979 braids
    projlen=136: 25076 braids
    projlen=137: 254162 braids
    projlen=138: 164871 braids
    projlen=139: 342738 braids
    projlen=140: 171588 braids
    projlen=141: 357083 braids
    projlen=142: 158037 braids
    projlen=143: 354991 braids
    projlen=144: 155434 braids
    projlen=145: 350472 braids
    projlen=146: 153286 braids
    projlen=147: 349020 braids
    projlen=148: 153020 braids
    projlen=149: 348552 braids
    projlen=150: 154956 braids
    projlen=151: 348773 braids
    projlen=152: 155595 braids
    projlen=153: 347634 braids
    projlen=154: 152076 braids
    projlen=155: 308732 braids
    projlen=156: 79901 braids
  Braids kept: 1064931 (in 28 buckets, 4.03 GB CPU)
  ⚡ Timing: matmul=0.16s, sampling=11.10s, total=16.97s
============================================================
Level 289 - SAMPLING
============================================================
  Starting braids: 964931
  Candidates to generate: 4951811
  Processing in 50 chunks...
  Projlen distribution:
    projlen=129: 2 braids
    projlen=130: 5 braids
    projlen=131: 103 braids
    projlen=132: 120 braids
    projlen=133: 1470 braids
    projlen=134: 1534 braids
    projlen=135: 17336 braids
    projlen=136: 13904 braids
    projlen=137: 167284 braids
    projlen=138: 108594 braids
    projlen=139: 305646 braids
    projlen=140: 175594 braids
    projlen=141: 362037 braids
    projlen=142: 162032 braids
    projlen=143: 355110 braids
    projlen=144: 155534 braids
    projlen=145: 352524 braids
    projlen=146: 154344 braids
    projlen=147: 350134 braids
    projlen=148: 153249 braids
    projlen=149: 348938 braids
    projlen=150: 153210 braids
    projlen=151: 348111 braids
    projlen=152: 155459 braids
    projlen=153: 347657 braids
    projlen=154: 155592 braids
    projlen=155: 340573 braids
    projlen=156: 148532 braids
    projlen=157: 117183 braids
  Braids kept: 1084474 (in 29 buckets, 4.12 GB CPU)
  ⚡ Timing: matmul=0.17s, sampling=11.33s, total=17.27s
============================================================
Level 290 - SAMPLING
============================================================
  Starting braids: 984474
  Candidates to generate: 5077486
  Processing in 51 chunks...
  Projlen distribution:
    projlen=130: 2 braids
    projlen=131: 36 braids
    projlen=132: 65 braids
    projlen=133: 820 braids
    projlen=134: 838 braids
    projlen=135: 9918 braids
    projlen=136: 8386 braids
    projlen=137: 88980 braids
    projlen=138: 59792 braids
    projlen=139: 279257 braids
    projlen=140: 176091 braids
    projlen=141: 362465 braids
    projlen=142: 166722 braids
    projlen=143: 356975 braids
    projlen=144: 156474 braids
    projlen=145: 353113 braids
    projlen=146: 154572 braids
    projlen=147: 351430 braids
    projlen=148: 154030 braids
    projlen=149: 349212 braids
    projlen=150: 152923 braids
    projlen=151: 348400 braids
    projlen=152: 153082 braids
    projlen=153: 347419 braids
    projlen=154: 156078 braids
    projlen=155: 344535 braids
    projlen=156: 155529 braids
    projlen=157: 309107 braids
    projlen=158: 81235 braids
  Braids kept: 1120065 (in 29 buckets, 4.27 GB CPU)
  ⚡ Timing: matmul=0.19s, sampling=11.77s, total=17.89s
============================================================
Level 291 - SAMPLING
============================================================
  Starting braids: 970065
  Candidates to generate: 5011283
  Processing in 51 chunks...
  Projlen distribution:
    projlen=131: 12 braids
    projlen=132: 25 braids
    projlen=133: 371 braids
    projlen=134: 452 braids
    projlen=135: 5548 braids
    projlen=136: 4770 braids
    projlen=137: 53658 braids
    projlen=138: 38210 braids
    projlen=139: 268888 braids
    projlen=140: 177341 braids
    projlen=141: 363648 braids
    projlen=142: 170416 braids
    projlen=143: 358242 braids
    projlen=144: 158150 braids
    projlen=145: 354711 braids
    projlen=146: 155182 braids
    projlen=147: 351378 braids
    projlen=148: 154009 braids
    projlen=149: 349779 braids
    projlen=150: 153356 braids
    projlen=151: 349275 braids
    projlen=152: 152947 braids
    projlen=153: 348873 braids
    projlen=154: 153068 braids
    projlen=155: 345842 braids
    projlen=156: 155148 braids
    projlen=157: 307476 braids
    projlen=158: 80508 braids
  Braids kept: 1099388 (in 28 buckets, 4.20 GB CPU)
  ⚡ Timing: matmul=0.15s, sampling=11.68s, total=17.73s
============================================================
Level 292 - SAMPLING
============================================================
  Starting braids: 999388
  Candidates to generate: 5140728
  Processing in 52 chunks...
  Projlen distribution:
    projlen=131: 3 braids
    projlen=132: 11 braids
    projlen=133: 169 braids
    projlen=134: 231 braids
    projlen=135: 2796 braids
    projlen=136: 2702 braids
    projlen=137: 31717 braids
    projlen=138: 23776 braids
    projlen=139: 250286 braids
    projlen=140: 161041 braids
    projlen=141: 336911 braids
    projlen=142: 173408 braids
    projlen=143: 359709 braids
    projlen=144: 159646 braids
    projlen=145: 354544 braids
    projlen=146: 154932 braids
    projlen=147: 351661 braids
    projlen=148: 153948 braids
    projlen=149: 350167 braids
    projlen=150: 153587 braids
    projlen=151: 350226 braids
    projlen=152: 153389 braids
    projlen=153: 349507 braids
    projlen=154: 153306 braids
    projlen=155: 349316 braids
    projlen=156: 152635 braids
    projlen=157: 340879 braids
    projlen=158: 153430 braids
    projlen=159: 116795 braids
  Braids kept: 1111405 (in 29 buckets, 4.27 GB CPU)
  ⚡ Timing: matmul=0.17s, sampling=11.87s, total=18.09s
============================================================
Level 293 - SAMPLING
============================================================
  Starting braids: 961405
  Candidates to generate: 4934355
  Processing in 50 chunks...
  Projlen distribution:
    projlen=132: 4 braids
    projlen=133: 72 braids
    projlen=134: 121 braids
    projlen=135: 1441 braids
    projlen=136: 1539 braids
    projlen=137: 17576 braids
    projlen=138: 14163 braids
    projlen=139: 157912 braids
    projlen=140: 102124 braids
    projlen=141: 302464 braids
    projlen=142: 176308 braids
    projlen=143: 361156 braids
    projlen=144: 162665 braids
    projlen=145: 355880 braids
    projlen=146: 155946 braids
    projlen=147: 352187 braids
    projlen=148: 154094 braids
    projlen=149: 350196 braids
    projlen=150: 153576 braids
    projlen=151: 349630 braids
    projlen=152: 153292 braids
    projlen=153: 349729 braids
    projlen=154: 153251 braids
    projlen=155: 348667 braids
    projlen=156: 152514 braids
    projlen=157: 343316 braids
    projlen=158: 147827 braids
    projlen=159: 116705 braids
  Braids kept: 1084916 (in 28 buckets, 4.18 GB CPU)
  ⚡ Timing: matmul=0.16s, sampling=11.57s, total=17.54s
============================================================
Level 294 - SAMPLING
============================================================
  Starting braids: 984916
  Candidates to generate: 5078516
  Processing in 51 chunks...
  Projlen distribution:
    projlen=132: 3 braids
    projlen=133: 32 braids
    projlen=134: 74 braids
    projlen=135: 703 braids
    projlen=136: 887 braids
    projlen=137: 9681 braids
    projlen=138: 8275 braids
    projlen=139: 91227 braids
    projlen=140: 61401 braids
    projlen=141: 279963 braids
    projlen=142: 175908 braids
    projlen=143: 362708 braids
    projlen=144: 167497 braids
    projlen=145: 356775 braids
    projlen=146: 156707 braids
    projlen=147: 352953 braids
    projlen=148: 154595 braids
    projlen=149: 349097 braids
    projlen=150: 152727 braids
    projlen=151: 349576 braids
    projlen=152: 153513 braids
    projlen=153: 349823 braids
    projlen=154: 153052 braids
    projlen=155: 349203 braids
    projlen=156: 153150 braids
    projlen=157: 347334 braids
    projlen=158: 151122 braids
    projlen=159: 310100 braids
    projlen=160: 80430 braids
  Braids kept: 1119655 (in 29 buckets, 4.33 GB CPU)
  ⚡ Timing: matmul=0.19s, sampling=11.85s, total=18.01s
============================================================
Level 295 - SAMPLING
============================================================
  Starting braids: 969655
  Candidates to generate: 5003575
  Processing in 51 chunks...
  Projlen distribution:
    projlen=132: 1 braids
    projlen=133: 20 braids
    projlen=134: 39 braids
    projlen=135: 410 braids
    projlen=136: 510 braids
    projlen=137: 5416 braids
    projlen=138: 4856 braids
    projlen=139: 52832 braids
    projlen=140: 37487 braids
    projlen=141: 268812 braids
    projlen=142: 177605 braids
    projlen=143: 364882 braids
    projlen=144: 170542 braids
    projlen=145: 358376 braids
    projlen=146: 158744 braids
    projlen=147: 353123 braids
    projlen=148: 154228 braids
    projlen=149: 350762 braids
    projlen=150: 153783 braids
    projlen=151: 348856 braids
    projlen=152: 152657 braids
    projlen=153: 348302 braids
    projlen=154: 153068 braids
    projlen=155: 348549 braids
    projlen=156: 152698 braids
    projlen=157: 346909 braids
    projlen=158: 150873 braids
    projlen=159: 309096 braids
    projlen=160: 80139 braids
  Braids kept: 1098739 (in 29 buckets, 4.26 GB CPU)
  ⚡ Timing: matmul=0.15s, sampling=11.90s, total=17.99s
============================================================
Level 296 - SAMPLING
============================================================
  Starting braids: 998739
  Candidates to generate: 5131577
  Processing in 52 chunks...
  Projlen distribution:
    projlen=133: 8 braids
    projlen=134: 20 braids
    projlen=135: 253 braids
    projlen=136: 300 braids
    projlen=137: 3296 braids
    projlen=138: 3069 braids
    projlen=139: 32356 braids
    projlen=140: 24416 braids
    projlen=141: 250079 braids
    projlen=142: 159846 braids
    projlen=143: 335529 braids
    projlen=144: 173528 braids
    projlen=145: 360164 braids
    projlen=146: 159994 braids
    projlen=147: 354909 braids
    projlen=148: 155356 braids
    projlen=149: 351179 braids
    projlen=150: 153749 braids
    projlen=151: 349122 braids
    projlen=152: 153383 braids
    projlen=153: 349291 braids
    projlen=154: 153294 braids
    projlen=155: 348298 braids
    projlen=156: 153091 braids
    projlen=157: 348481 braids
    projlen=158: 152063 braids
    projlen=159: 341394 braids
    projlen=160: 147827 braids
    projlen=161: 117282 braids
  Braids kept: 1113718 (in 29 buckets, 4.34 GB CPU)
  ⚡ Timing: matmul=0.17s, sampling=12.01s, total=18.25s
============================================================
Level 297 - SAMPLING
============================================================
  Starting braids: 963718
  Candidates to generate: 4951626
  Processing in 50 chunks...
  Projlen distribution:
    projlen=134: 10 braids
    projlen=135: 111 braids
    projlen=136: 168 braids
    projlen=137: 1979 braids
    projlen=138: 1941 braids
    projlen=139: 20516 braids
    projlen=140: 15911 braids
    projlen=141: 164660 braids
    projlen=142: 106100 braids
    projlen=143: 305685 braids
    projlen=144: 175776 braids
    projlen=145: 362581 braids
    projlen=146: 163572 braids
    projlen=147: 356872 braids
    projlen=148: 156031 braids
    projlen=149: 351834 braids
    projlen=150: 154218 braids
    projlen=151: 350120 braids
    projlen=152: 153237 braids
    projlen=153: 349459 braids
    projlen=154: 153260 braids
    projlen=155: 349105 braids
    projlen=156: 153092 braids
    projlen=157: 348051 braids
    projlen=158: 152030 braids
    projlen=159: 342051 braids
    projlen=160: 146884 braids
    projlen=161: 116372 braids
  Braids kept: 1090636 (in 28 buckets, 4.26 GB CPU)
  ⚡ Timing: matmul=0.17s, sampling=11.60s, total=17.63s
============================================================
Level 298 - SAMPLING
============================================================
  Starting braids: 990636
  Candidates to generate: 5117112
  Processing in 52 chunks...
  Projlen distribution:
    projlen=134: 5 braids
    projlen=135: 49 braids
    projlen=136: 91 braids
    projlen=137: 998 braids
    projlen=138: 1120 braids
    projlen=139: 12761 braids
    projlen=140: 10323 braids
    projlen=141: 105386 braids
    projlen=142: 69335 braids
    projlen=143: 286716 braids
    projlen=144: 177162 braids
    projlen=145: 363957 braids
    projlen=146: 167047 braids
    projlen=147: 358500 braids
    projlen=148: 157407 braids
    projlen=149: 353019 braids
    projlen=150: 154174 braids
    projlen=151: 350424 braids
    projlen=152: 153878 braids
    projlen=153: 350217 braids
    projlen=154: 153176 braids
    projlen=155: 348980 braids
    projlen=156: 153250 braids
    projlen=157: 349094 braids
    projlen=158: 153135 braids
    projlen=159: 346377 braids
    projlen=160: 150681 braids
    projlen=161: 309558 braids
    projlen=162: 80292 braids
  Braids kept: 1125347 (in 29 buckets, 4.41 GB CPU)
  ⚡ Timing: matmul=0.16s, sampling=12.27s, total=18.55s
============================================================
Level 299 - SAMPLING
============================================================
  Starting braids: 975347
  Candidates to generate: 5040157
  Processing in 51 chunks...
  Projlen distribution:
    projlen=134: 2 braids
    projlen=135: 41 braids
    projlen=136: 60 braids
    projlen=137: 532 braids
    projlen=138: 621 braids
    projlen=139: 7047 braids
    projlen=140: 6174 braids
    projlen=141: 67507 braids
    projlen=142: 46378 braids
    projlen=143: 272488 braids
    projlen=144: 176533 braids
    projlen=145: 364536 braids
    projlen=146: 170188 braids
    projlen=147: 358828 braids
    projlen=148: 158475 braids
    projlen=149: 354718 braids
    projlen=150: 155377 braids
    projlen=151: 351715 braids
    projlen=152: 153943 braids
    projlen=153: 349832 braids
    projlen=154: 153472 braids
    projlen=155: 349802 braids
    projlen=156: 153524 braids
    projlen=157: 347756 braids
    projlen=158: 152622 braids
    projlen=159: 347419 braids
    projlen=160: 150964 braids
    projlen=161: 309277 braids
    projlen=162: 80326 braids
  Braids kept: 1110855 (in 29 buckets, 4.36 GB CPU)
  ⚡ Timing: matmul=0.17s, sampling=11.87s, total=18.02s
============================================================
Level 300 - SAMPLING
============================================================
  Starting braids: 960855
  Candidates to generate: 4969591
  Processing in 50 chunks...
  Projlen distribution:
    projlen=134: 1 braids
    projlen=135: 20 braids
    projlen=136: 32 braids
    projlen=137: 416 braids
    projlen=138: 469 braids
    projlen=139: 4094 braids
    projlen=140: 3718 braids
    projlen=141: 39997 braids
    projlen=142: 29517 braids
    projlen=143: 260575 braids
    projlen=144: 171736 braids
    projlen=145: 356175 braids
    projlen=146: 172447 braids
    projlen=147: 360848 braids
    projlen=148: 160243 braids
    projlen=149: 355083 braids
    projlen=150: 155258 braids
    projlen=151: 351539 braids
    projlen=152: 154055 braids
    projlen=153: 350357 braids
    projlen=154: 153381 braids
    projlen=155: 349202 braids
    projlen=156: 153250 braids
    projlen=157: 348556 braids
    projlen=158: 152829 braids
    projlen=159: 346208 braids
    projlen=160: 150452 braids
    projlen=161: 308901 braids
    projlen=162: 80232 braids
  Braids kept: 1078264 (in 29 buckets, 4.24 GB CPU)
  ⚡ Timing: matmul=0.18s, sampling=11.49s, total=17.56s

============================================================
SEARCH COMPLETE
============================================================
Final level: 300
Total time: 3465.07s
Avg time per level: 11.83s
Total GPU scalar-identity candidates: 0
Exact peyl verification required for every candidate.
