============================================================
SEARCHING FOR KERNEL ELEMENTS
============================================================
Braid group: B_4
Representation: (3, 1)
Dimension: 3
Number of simples: 24
Prime: 7
Device: cuda
Bucket size: 50000
Target length: 300
BFS frontier length: 8
Frontier shard: 35/64
Degree window: [0, 900] (901 coeffs)
Boundary margin: 16
Use best: 1000000
Save best: 50000
Expansion chunk size: 100000
Matmul chunk size: 8000
Seed: 70034

Loaded tables from /nfs/roberts/project/pi_com36/as4843/burau-experiments/precomputed_tables/tables_B4_r1_p7.pt
  Braid group: B_4
  Representation: (3, 1), dimension 3
  Number of simples: 24
  Degree window: [0, 900] (901 coefficients)
  Table checksum: 812f436d5d2d17cd22ee17ad7df33b681151037863def03032587a5c5ef7a9e4
✓ Identity matrix loaded at degree 0

Precomputing FFTs of simple matrices...
  simple_D=4, safety_cap_D=901
  FFT size: dynamic (grows with actual projective width)
  FFT cache: initialized lazily by transform size
Storage: reservoir matrices=CPU int16, active chunks=CUDA int16/FFT
⚡ GPU-accelerated paper reservoir with per-product projectivization

============================================================
Level 8 - BFS FRONTIER
============================================================
  Exhaustively enumerating all legal GNF words of length 8...
  Full frontier: 4,963,856 braids
  Assigned to this shard: 77,560 braids
  Projlen distribution:
    projlen=14: 3 braids
    projlen=15: 15 braids
    projlen=16: 75 braids
    projlen=17: 8918 braids
    projlen=18: 11813 braids
    projlen=19: 21548 braids
    projlen=20: 16758 braids
    projlen=21: 12136 braids
    projlen=22: 4710 braids
    projlen=23: 1363 braids
    projlen=24: 207 braids
    projlen=25: 14 braids
  Braids kept: 77560 (in 12 buckets, 0.03 GB CPU)
  ⚡ Timing: matmul=6.96s, sampling=0.00s, total=6.96s
============================================================
Level 9 - SAMPLING
============================================================
  Starting braids: 77560
  Candidates to generate: 422222
  Processing in 5 chunks...
  Projlen distribution:
    projlen=15: 6 braids
    projlen=16: 18 braids
    projlen=17: 152 braids
    projlen=18: 592 braids
    projlen=19: 41576 braids
    projlen=20: 54664 braids
    projlen=21: 109538 braids
    projlen=22: 89320 braids
    projlen=23: 75403 braids
    projlen=24: 34499 braids
    projlen=25: 13207 braids
    projlen=26: 2817 braids
    projlen=27: 409 braids
    projlen=28: 21 braids
  Braids kept: 293297 (in 14 buckets, 0.13 GB CPU)
  ⚡ Timing: matmul=0.05s, sampling=0.16s, total=0.86s
============================================================
Level 10 - SAMPLING
============================================================
  Starting braids: 293297
  Candidates to generate: 1595397
  Processing in 16 chunks...
  Projlen distribution:
    projlen=16: 1 braids
    projlen=17: 43 braids
    projlen=18: 174 braids
    projlen=19: 1478 braids
    projlen=20: 3593 braids
    projlen=21: 188734 braids
    projlen=22: 228509 braids
    projlen=23: 312359 braids
    projlen=24: 246274 braids
    projlen=25: 282616 braids
    projlen=26: 186232 braids
    projlen=27: 108520 braids
    projlen=28: 29789 braids
    projlen=29: 6337 braids
    projlen=30: 694 braids
    projlen=31: 44 braids
  Braids kept: 392153 (in 16 buckets, 0.19 GB CPU)
  ⚡ Timing: matmul=0.04s, sampling=0.63s, total=0.93s
============================================================
Level 11 - SAMPLING
============================================================
  Starting braids: 392153
  Candidates to generate: 2118161
  Processing in 22 chunks...
  Projlen distribution:
    projlen=18: 11 braids
    projlen=19: 457 braids
    projlen=20: 1272 braids
    projlen=21: 9553 braids
    projlen=22: 16235 braids
    projlen=23: 230823 braids
    projlen=24: 244291 braids
    projlen=25: 305705 braids
    projlen=26: 247422 braids
    projlen=27: 296165 braids
    projlen=28: 247911 braids
    projlen=29: 264893 braids
    projlen=30: 165569 braids
    projlen=31: 74416 braids
    projlen=32: 12017 braids
    projlen=33: 1359 braids
    projlen=34: 62 braids
  Braids kept: 490966 (in 17 buckets, 0.26 GB CPU)
  ⚡ Timing: matmul=0.12s, sampling=0.79s, total=1.41s
============================================================
Level 12 - SAMPLING
============================================================
  Starting braids: 490966
  Candidates to generate: 2653364
  Processing in 27 chunks...
  Projlen distribution:
    projlen=19: 33 braids
    projlen=20: 131 braids
    projlen=21: 3394 braids
    projlen=22: 6951 braids
    projlen=23: 50671 braids
    projlen=24: 71742 braids
    projlen=25: 259614 braids
    projlen=26: 240192 braids
    projlen=27: 304510 braids
    projlen=28: 250593 braids
    projlen=29: 291011 braids
    projlen=30: 254775 braids
    projlen=31: 285377 braids
    projlen=32: 244838 braids
    projlen=33: 248260 braids
    projlen=34: 113539 braids
    projlen=35: 25406 braids
    projlen=36: 2207 braids
    projlen=37: 120 braids
  Braids kept: 638242 (in 19 buckets, 0.36 GB CPU)
  ⚡ Timing: matmul=0.07s, sampling=1.20s, total=1.96s
============================================================
Level 13 - SAMPLING
============================================================
  Starting braids: 638242
  Candidates to generate: 3471672
  Processing in 35 chunks...
  Projlen distribution:
    projlen=20: 1 braids
    projlen=21: 358 braids
    projlen=22: 1076 braids
    projlen=23: 19588 braids
    projlen=24: 34610 braids
    projlen=25: 234338 braids
    projlen=26: 253063 braids
    projlen=27: 328848 braids
    projlen=28: 236587 braids
    projlen=29: 304197 braids
    projlen=30: 252612 braids
    projlen=31: 288138 braids
    projlen=32: 257810 braids
    projlen=33: 283996 braids
    projlen=34: 257868 braids
    projlen=35: 277260 braids
    projlen=36: 225719 braids
    projlen=37: 165586 braids
    projlen=38: 45590 braids
    projlen=39: 4263 braids
    projlen=40: 164 braids
  Braids kept: 755650 (in 21 buckets, 0.46 GB CPU)
  ⚡ Timing: matmul=0.09s, sampling=1.49s, total=2.47s
============================================================
Level 14 - SAMPLING
============================================================
  Starting braids: 755650
  Candidates to generate: 4087358
  Processing in 41 chunks...
  Projlen distribution:
    projlen=20: 1 braids
    projlen=21: 8 braids
    projlen=22: 98 braids
    projlen=23: 2632 braids
    projlen=24: 6568 braids
    projlen=25: 97496 braids
    projlen=26: 147964 braids
    projlen=27: 295225 braids
    projlen=28: 246648 braids
    projlen=29: 313910 braids
    projlen=30: 235668 braids
    projlen=31: 301613 braids
    projlen=32: 253641 braids
    projlen=33: 284658 braids
    projlen=34: 261753 braids
    projlen=35: 282933 braids
    projlen=36: 261124 braids
    projlen=37: 282145 braids
    projlen=38: 252720 braids
    projlen=39: 263890 braids
    projlen=40: 196648 braids
    projlen=41: 93052 braids
    projlen=42: 6659 braids
    projlen=43: 304 braids
  Braids kept: 866270 (in 24 buckets, 0.57 GB CPU)
  ⚡ Timing: matmul=0.10s, sampling=1.69s, total=2.89s
============================================================
Level 15 - SAMPLING
============================================================
  Starting braids: 866270
  Candidates to generate: 4698570
  Processing in 47 chunks...
  Projlen distribution:
    projlen=21: 3 braids
    projlen=22: 18 braids
    projlen=23: 261 braids
    projlen=24: 941 braids
    projlen=25: 15331 braids
    projlen=26: 30398 braids
    projlen=27: 234279 braids
    projlen=28: 255898 braids
    projlen=29: 317322 braids
    projlen=30: 242332 braids
    projlen=31: 307465 braids
    projlen=32: 240758 braids
    projlen=33: 296420 braids
    projlen=34: 254608 braids
    projlen=35: 284327 braids
    projlen=36: 264123 braids
    projlen=37: 281787 braids
    projlen=38: 264486 braids
    projlen=39: 280505 braids
    projlen=40: 260393 braids
    projlen=41: 279987 braids
    projlen=42: 241481 braids
    projlen=43: 239692 braids
    projlen=44: 92676 braids
    projlen=45: 12671 braids
    projlen=46: 408 braids
  Braids kept: 960031 (in 26 buckets, 0.67 GB CPU)
  ⚡ Timing: matmul=0.12s, sampling=2.08s, total=3.49s
============================================================
Level 16 - SAMPLING
============================================================
  Starting braids: 960031
  Candidates to generate: 5200979
  Processing in 53 chunks...
  Projlen distribution:
    projlen=22: 2 braids
    projlen=23: 77 braids
    projlen=24: 187 braids
    projlen=25: 2527 braids
    projlen=26: 5646 braids
    projlen=27: 77751 braids
    projlen=28: 130017 braids
    projlen=29: 287365 braids
    projlen=30: 247878 braids
    projlen=31: 307818 braids
    projlen=32: 244133 braids
    projlen=33: 300835 braids
    projlen=34: 245610 braids
    projlen=35: 291689 braids
    projlen=36: 255914 braids
    projlen=37: 282755 braids
    projlen=38: 264735 braids
    projlen=39: 278830 braids
    projlen=40: 266920 braids
    projlen=41: 280385 braids
    projlen=42: 264275 braids
    projlen=43: 280712 braids
    projlen=44: 257436 braids
    projlen=45: 270814 braids
    projlen=46: 211375 braids
    projlen=47: 125374 braids
    projlen=48: 19183 braids
    projlen=49: 736 braids
  Braids kept: 1078358 (in 28 buckets, 0.79 GB CPU)
  ⚡ Timing: matmul=0.12s, sampling=2.91s, total=4.58s
============================================================
Level 17 - SAMPLING
============================================================
  Starting braids: 958439
  Candidates to generate: 5271741
  Processing in 53 chunks...
  Projlen distribution:
    projlen=23: 1 braids
    projlen=24: 18 braids
    projlen=25: 694 braids
    projlen=26: 1295 braids
    projlen=27: 15033 braids
    projlen=28: 27009 braids
    projlen=29: 230987 braids
    projlen=30: 261573 braids
    projlen=31: 318425 braids
    projlen=32: 242604 braids
    projlen=33: 304851 braids
    projlen=34: 247560 braids
    projlen=35: 294827 braids
    projlen=36: 250673 braids
    projlen=37: 288735 braids
    projlen=38: 257800 braids
    projlen=39: 282196 braids
    projlen=40: 266528 braids
    projlen=41: 277681 braids
    projlen=42: 267995 braids
    projlen=43: 278253 braids
    projlen=44: 267026 braids
    projlen=45: 277980 braids
    projlen=46: 257551 braids
    projlen=47: 259865 braids
    projlen=48: 94581 braids
  Braids kept: 1044050 (in 26 buckets, 0.79 GB CPU)
  ⚡ Timing: matmul=0.16s, sampling=3.07s, total=4.79s
============================================================
Level 18 - SAMPLING
============================================================
  Starting braids: 994050
  Candidates to generate: 5457770
  Processing in 55 chunks...
  Projlen distribution:
    projlen=24: 4 braids
    projlen=25: 37 braids
    projlen=26: 205 braids
    projlen=27: 4336 braids
    projlen=28: 7441 braids
    projlen=29: 76321 braids
    projlen=30: 117170 braids
    projlen=31: 279580 braids
    projlen=32: 251334 braids
    projlen=33: 306176 braids
    projlen=34: 244117 braids
    projlen=35: 298295 braids
    projlen=36: 249963 braids
    projlen=37: 289802 braids
    projlen=38: 254281 braids
    projlen=39: 285847 braids
    projlen=40: 260323 braids
    projlen=41: 280267 braids
    projlen=42: 266855 braids
    projlen=43: 276902 braids
    projlen=44: 269413 braids
    projlen=45: 276929 braids
    projlen=46: 267512 braids
    projlen=47: 276447 braids
    projlen=48: 262424 braids
    projlen=49: 258890 braids
    projlen=50: 96899 braids
  Braids kept: 1112023 (in 27 buckets, 0.87 GB CPU)
  ⚡ Timing: matmul=0.31s, sampling=3.45s, total=5.43s
============================================================
Level 19 - SAMPLING
============================================================
  Starting braids: 962023
  Candidates to generate: 5297793
  Processing in 53 chunks...
  Projlen distribution:
    projlen=24: 3 braids
    projlen=25: 12 braids
    projlen=26: 53 braids
    projlen=27: 515 braids
    projlen=28: 1622 braids
    projlen=29: 23378 braids
    projlen=30: 35189 braids
    projlen=31: 235281 braids
    projlen=32: 256936 braids
    projlen=33: 319821 braids
    projlen=34: 245319 braids
    projlen=35: 303054 braids
    projlen=36: 248221 braids
    projlen=37: 293634 braids
    projlen=38: 253736 braids
    projlen=39: 287255 braids
    projlen=40: 258356 braids
    projlen=41: 283429 braids
    projlen=42: 263129 braids
    projlen=43: 280364 braids
    projlen=44: 267121 braids
    projlen=45: 275821 braids
    projlen=46: 270267 braids
    projlen=47: 273903 braids
    projlen=48: 265446 braids
    projlen=49: 258669 braids
    projlen=50: 97259 braids
  Braids kept: 1060772 (in 27 buckets, 0.85 GB CPU)
  ⚡ Timing: matmul=0.14s, sampling=3.31s, total=5.10s
============================================================
Level 20 - SAMPLING
============================================================
  Starting braids: 960772
  Candidates to generate: 5280668
  Processing in 53 chunks...
  Projlen distribution:
    projlen=25: 2 braids
    projlen=26: 30 braids
    projlen=27: 150 braids
    projlen=28: 582 braids
    projlen=29: 4412 braids
    projlen=30: 9547 braids
    projlen=31: 115182 braids
    projlen=32: 151944 braids
    projlen=33: 297547 braids
    projlen=34: 248672 braids
    projlen=35: 307547 braids
    projlen=36: 245406 braids
    projlen=37: 298267 braids
    projlen=38: 251198 braids
    projlen=39: 288645 braids
    projlen=40: 256774 braids
    projlen=41: 284918 braids
    projlen=42: 261201 braids
    projlen=43: 281713 braids
    projlen=44: 264767 braids
    projlen=45: 278151 braids
    projlen=46: 267602 braids
    projlen=47: 275168 braids
    projlen=48: 268876 braids
    projlen=49: 269986 braids
    projlen=50: 253429 braids
    projlen=51: 98952 braids
  Braids kept: 1064723 (in 27 buckets, 0.87 GB CPU)
  ⚡ Timing: matmul=0.13s, sampling=2.71s, total=4.40s
============================================================
Level 21 - SAMPLING
============================================================
  Starting braids: 964723
  Candidates to generate: 5301891
  Processing in 54 chunks...
  Projlen distribution:
    projlen=23: 1 braids
    projlen=24: 1 braids
    projlen=25: 3 braids
    projlen=26: 3 braids
    projlen=27: 34 braids
    projlen=28: 304 braids
    projlen=29: 1643 braids
    projlen=30: 3892 braids
    projlen=31: 26070 braids
    projlen=32: 43132 braids
    projlen=33: 241704 braids
    projlen=34: 247881 braids
    projlen=35: 317419 braids
    projlen=36: 241630 braids
    projlen=37: 303269 braids
    projlen=38: 248506 braids
    projlen=39: 292699 braids
    projlen=40: 254813 braids
    projlen=41: 284912 braids
    projlen=42: 259512 braids
    projlen=43: 281783 braids
    projlen=44: 263065 braids
    projlen=45: 279471 braids
    projlen=46: 265957 braids
    projlen=47: 277229 braids
    projlen=48: 269216 braids
    projlen=49: 274203 braids
    projlen=50: 268197 braids
    projlen=51: 256703 braids
    projlen=52: 98639 braids
  Braids kept: 1075083 (in 30 buckets, 0.90 GB CPU)
  ⚡ Timing: matmul=0.12s, sampling=3.38s, total=5.20s
============================================================
Level 22 - SAMPLING
============================================================
  Starting braids: 975083
  Candidates to generate: 5367721
  Processing in 54 chunks...
  Projlen distribution:
    projlen=23: 3 braids
    projlen=24: 4 braids
    projlen=25: 9 braids
    projlen=26: 9 braids
    projlen=27: 28 braids
    projlen=28: 64 braids
    projlen=29: 523 braids
    projlen=30: 2036 braids
    projlen=31: 11207 braids
    projlen=32: 20817 braids
    projlen=33: 133081 braids
    projlen=34: 187166 braids
    projlen=35: 313976 braids
    projlen=36: 241705 braids
    projlen=37: 309646 braids
    projlen=38: 242607 braids
    projlen=39: 299042 braids
    projlen=40: 251706 braids
    projlen=41: 288550 braids
    projlen=42: 258881 braids
    projlen=43: 283387 braids
    projlen=44: 263097 braids
    projlen=45: 280062 braids
    projlen=46: 265858 braids
    projlen=47: 277854 braids
    projlen=48: 267224 braids
    projlen=49: 275614 braids
    projlen=50: 268893 braids
    projlen=51: 271185 braids
    projlen=52: 254343 braids
    projlen=53: 99144 braids
  Braids kept: 1084700 (in 31 buckets, 0.93 GB CPU)
  ⚡ Timing: matmul=0.13s, sampling=3.59s, total=5.42s
============================================================
Level 23 - SAMPLING
============================================================
  Starting braids: 984700
  Candidates to generate: 5420742
  Processing in 55 chunks...
  Projlen distribution:
    projlen=24: 1 braids
    projlen=25: 24 braids
    projlen=26: 19 braids
    projlen=27: 70 braids
    projlen=28: 66 braids
    projlen=29: 251 braids
    projlen=30: 571 braids
    projlen=31: 4219 braids
    projlen=32: 11381 braids
    projlen=33: 59652 braids
    projlen=34: 92614 braids
    projlen=35: 261431 braids
    projlen=36: 256857 braids
    projlen=37: 313594 braids
    projlen=38: 238166 braids
    projlen=39: 305604 braids
    projlen=40: 245396 braids
    projlen=41: 293468 braids
    projlen=42: 254139 braids
    projlen=43: 286012 braids
    projlen=44: 260485 braids
    projlen=45: 281304 braids
    projlen=46: 264796 braids
    projlen=47: 278820 braids
    projlen=48: 268391 braids
    projlen=49: 276559 braids
    projlen=50: 268603 braids
    projlen=51: 274511 braids
    projlen=52: 267417 braids
    projlen=53: 257823 braids
    projlen=54: 98498 braids
  Braids kept: 1116602 (in 31 buckets, 0.98 GB CPU)
  ⚡ Timing: matmul=0.13s, sampling=3.73s, total=5.65s
============================================================
Level 24 - SAMPLING
============================================================
  Starting braids: 966602
  Candidates to generate: 5326596
  Processing in 54 chunks...
  Projlen distribution:
    projlen=26: 8 braids
    projlen=27: 126 braids
    projlen=28: 97 braids
    projlen=29: 457 braids
    projlen=30: 491 braids
    projlen=31: 1833 braids
    projlen=32: 3707 braids
    projlen=33: 24950 braids
    projlen=34: 53871 braids
    projlen=35: 236499 braids
    projlen=36: 259958 braids
    projlen=37: 318649 braids
    projlen=38: 248260 braids
    projlen=39: 304841 braids
    projlen=40: 242529 braids
    projlen=41: 299684 braids
    projlen=42: 248931 braids
    projlen=43: 289569 braids
    projlen=44: 256940 braids
    projlen=45: 284364 braids
    projlen=46: 263094 braids
    projlen=47: 280927 braids
    projlen=48: 266857 braids
    projlen=49: 276834 braids
    projlen=50: 268217 braids
    projlen=51: 274288 braids
    projlen=52: 266380 braids
    projlen=53: 256434 braids
    projlen=54: 97801 braids
  Braids kept: 1081669 (in 29 buckets, 0.96 GB CPU)
  ⚡ Timing: matmul=0.14s, sampling=3.59s, total=5.48s
============================================================
Level 25 - SAMPLING
============================================================
  Starting braids: 981669
  Candidates to generate: 5401975
  Processing in 55 chunks...
  Projlen distribution:
    projlen=27: 4 braids
    projlen=28: 50 braids
    projlen=29: 616 braids
    projlen=30: 544 braids
    projlen=31: 2644 braids
    projlen=32: 3026 braids
    projlen=33: 11463 braids
    projlen=34: 19884 braids
    projlen=35: 124000 braids
    projlen=36: 217596 braids
    projlen=37: 319814 braids
    projlen=38: 252439 braids
    projlen=39: 305501 braids
    projlen=40: 244508 braids
    projlen=41: 299717 braids
    projlen=42: 247037 braids
    projlen=43: 293145 braids
    projlen=44: 252589 braids
    projlen=45: 286816 braids
    projlen=46: 259839 braids
    projlen=47: 281921 braids
    projlen=48: 263097 braids
    projlen=49: 279006 braids
    projlen=50: 266930 braids
    projlen=51: 276132 braids
    projlen=52: 268990 braids
    projlen=53: 271813 braids
    projlen=54: 253400 braids
    projlen=55: 99454 braids
  Braids kept: 1088231 (in 29 buckets, 0.99 GB CPU)
  ⚡ Timing: matmul=0.13s, sampling=3.07s, total=4.89s
============================================================
Level 26 - SAMPLING
============================================================
  Starting braids: 988231
  Candidates to generate: 5436109
  Processing in 55 chunks...
  Projlen distribution:
    projlen=27: 3 braids
    projlen=28: 5 braids
    projlen=29: 36 braids
    projlen=30: 302 braids
    projlen=31: 3007 braids
    projlen=32: 2912 braids
    projlen=33: 14416 braids
    projlen=34: 16345 braids
    projlen=35: 59279 braids
    projlen=36: 89276 braids
    projlen=37: 253402 braids
    projlen=38: 271794 braids
    projlen=39: 302088 braids
    projlen=40: 247797 braids
    projlen=41: 300314 braids
    projlen=42: 247579 braids
    projlen=43: 294825 braids
    projlen=44: 251047 braids
    projlen=45: 289347 braids
    projlen=46: 256106 braids
    projlen=47: 284133 braids
    projlen=48: 262437 braids
    projlen=49: 281373 braids
    projlen=50: 264683 braids
    projlen=51: 277693 braids
    projlen=52: 268155 braids
    projlen=53: 275154 braids
    projlen=54: 267016 braids
    projlen=55: 257055 braids
    projlen=56: 98530 braids
  Braids kept: 1137026 (in 30 buckets, 1.05 GB CPU)
  ⚡ Timing: matmul=0.13s, sampling=3.75s, total=5.69s
============================================================
Level 27 - SAMPLING
============================================================
  Starting braids: 987026
  Candidates to generate: 5434990
  Processing in 55 chunks...
  Projlen distribution:
    projlen=29: 26 braids
    projlen=30: 44 braids
    projlen=31: 299 braids
    projlen=32: 1653 braids
    projlen=33: 14784 braids
    projlen=34: 15073 braids
    projlen=35: 72648 braids
    projlen=36: 78085 braids
    projlen=37: 243061 braids
    projlen=38: 258939 braids
    projlen=39: 314757 braids
    projlen=40: 258860 braids
    projlen=41: 295916 braids
    projlen=42: 253455 braids
    projlen=43: 294190 braids
    projlen=44: 251623 braids
    projlen=45: 289856 braids
    projlen=46: 254587 braids
    projlen=47: 287272 braids
    projlen=48: 259029 braids
    projlen=49: 282593 braids
    projlen=50: 265140 braids
    projlen=51: 279264 braids
    projlen=52: 267280 braids
    projlen=53: 275499 braids
    projlen=54: 266260 braids
    projlen=55: 256837 braids
    projlen=56: 97960 braids
  Braids kept: 1131879 (in 28 buckets, 1.05 GB CPU)
  ⚡ Timing: matmul=0.13s, sampling=3.78s, total=5.71s
============================================================
Level 28 - SAMPLING
============================================================
  Starting braids: 981879
  Candidates to generate: 5387563
  Processing in 54 chunks...
  Projlen distribution:
    projlen=29: 4 braids
    projlen=30: 11 braids
    projlen=31: 201 braids
    projlen=32: 299 braids
    projlen=33: 2072 braids
    projlen=34: 8607 braids
    projlen=35: 70521 braids
    projlen=36: 70644 braids
    projlen=37: 248988 braids
    projlen=38: 233591 braids
    projlen=39: 319434 braids
    projlen=40: 253019 braids
    projlen=41: 301926 braids
    projlen=42: 253746 braids
    projlen=43: 292632 braids
    projlen=44: 255475 braids
    projlen=45: 288466 braids
    projlen=46: 254973 braids
    projlen=47: 286359 braids
    projlen=48: 258432 braids
    projlen=49: 283474 braids
    projlen=50: 261353 braids
    projlen=51: 280264 braids
    projlen=52: 265897 braids
    projlen=53: 276781 braids
    projlen=54: 265041 braids
    projlen=55: 257745 braids
    projlen=56: 97608 braids
  Braids kept: 1111194 (in 28 buckets, 1.04 GB CPU)
  ⚡ Timing: matmul=0.14s, sampling=3.82s, total=5.74s
============================================================
Level 29 - SAMPLING
============================================================
  Starting braids: 961194
  Candidates to generate: 5270556
  Processing in 53 chunks...
  Projlen distribution:
    projlen=30: 7 braids
    projlen=31: 52 braids
    projlen=32: 114 braids
    projlen=33: 1315 braids
    projlen=34: 1955 braids
    projlen=35: 11928 braids
    projlen=36: 39608 braids
    projlen=37: 235312 braids
    projlen=38: 224539 braids
    projlen=39: 327707 braids
    projlen=40: 234842 braids
    projlen=41: 311426 braids
    projlen=42: 246643 braids
    projlen=43: 296667 braids
    projlen=44: 255083 braids
    projlen=45: 288738 braids
    projlen=46: 258227 braids
    projlen=47: 285782 braids
    projlen=48: 259766 braids
    projlen=49: 284774 braids
    projlen=50: 261396 braids
    projlen=51: 281630 braids
    projlen=52: 263722 braids
    projlen=53: 278494 braids
    projlen=54: 265279 braids
    projlen=55: 258488 braids
    projlen=56: 97062 braids
  Braids kept: 1054979 (in 27 buckets, 1.00 GB CPU)
  ⚡ Timing: matmul=0.13s, sampling=3.65s, total=5.54s
============================================================
Level 30 - SAMPLING
============================================================
  Starting braids: 954979
  Candidates to generate: 5236143
  Processing in 53 chunks...
  Projlen distribution:
    projlen=31: 18 braids
    projlen=32: 66 braids
    projlen=33: 424 braids
    projlen=34: 815 braids
    projlen=35: 7637 braids
    projlen=36: 10368 braids
    projlen=37: 59274 braids
    projlen=38: 164564 braids
    projlen=39: 299790 braids
    projlen=40: 230810 braids
    projlen=41: 319933 braids
    projlen=42: 230911 braids
    projlen=43: 307460 braids
    projlen=44: 246758 braids
    projlen=45: 292397 braids
    projlen=46: 256310 braids
    projlen=47: 284900 braids
    projlen=48: 261517 braids
    projlen=49: 283945 braids
    projlen=50: 262621 braids
    projlen=51: 282177 braids
    projlen=52: 263333 braids
    projlen=53: 279164 braids
    projlen=54: 264872 braids
    projlen=55: 274433 braids
    projlen=56: 251690 braids
    projlen=57: 99956 braids
  Braids kept: 1069328 (in 27 buckets, 1.03 GB CPU)
  ⚡ Timing: matmul=0.12s, sampling=3.79s, total=5.70s
============================================================
Level 31 - SAMPLING
============================================================
  Starting braids: 969328
  Candidates to generate: 5324692
  Processing in 54 chunks...
  Projlen distribution:
    projlen=31: 5 braids
    projlen=32: 20 braids
    projlen=33: 163 braids
    projlen=34: 498 braids
    projlen=35: 2839 braids
    projlen=36: 4954 braids
    projlen=37: 38196 braids
    projlen=38: 48346 braids
    projlen=39: 224291 braids
    projlen=40: 284257 braids
    projlen=41: 303746 braids
    projlen=42: 235240 braids
    projlen=43: 313209 braids
    projlen=44: 233597 braids
    projlen=45: 300611 braids
    projlen=46: 247881 braids
    projlen=47: 289348 braids
    projlen=48: 257809 braids
    projlen=49: 283286 braids
    projlen=50: 262864 braids
    projlen=51: 280926 braids
    projlen=52: 265017 braids
    projlen=53: 280697 braids
    projlen=54: 266313 braids
    projlen=55: 278512 braids
    projlen=56: 264751 braids
    projlen=57: 259227 braids
    projlen=58: 98089 braids
  Braids kept: 1095021 (in 28 buckets, 1.08 GB CPU)
  ⚡ Timing: matmul=0.13s, sampling=3.96s, total=5.94s
============================================================
Level 32 - SAMPLING
============================================================
  Starting braids: 995021
  Candidates to generate: 5454951
  Processing in 55 chunks...
  Projlen distribution:
    projlen=31: 5 braids
    projlen=32: 5 braids
    projlen=33: 86 braids
    projlen=34: 165 braids
    projlen=35: 1254 braids
    projlen=36: 2996 braids
    projlen=37: 15977 braids
    projlen=38: 25379 braids
    projlen=39: 179014 braids
    projlen=40: 210930 braids
    projlen=41: 314838 braids
    projlen=42: 266653 braids
    projlen=43: 292507 braids
    projlen=44: 246726 braids
    projlen=45: 303978 braids
    projlen=46: 239028 braids
    projlen=47: 297160 braids
    projlen=48: 251125 braids
    projlen=49: 286332 braids
    projlen=50: 260120 braids
    projlen=51: 281291 braids
    projlen=52: 264185 braids
    projlen=53: 278595 braids
    projlen=54: 266880 braids
    projlen=55: 278601 braids
    projlen=56: 266023 braids
    projlen=57: 273955 braids
    projlen=58: 251268 braids
    projlen=59: 99875 braids
  Braids kept: 1095867 (in 29 buckets, 1.10 GB CPU)
  ⚡ Timing: matmul=0.13s, sampling=4.01s, total=6.03s
============================================================
Level 33 - SAMPLING
============================================================
  Starting braids: 995867
  Candidates to generate: 5459795
  Processing in 55 chunks...
  Projlen distribution:
    projlen=31: 10 braids
    projlen=32: 9 braids
    projlen=33: 37 braids
    projlen=34: 63 braids
    projlen=35: 726 braids
    projlen=36: 1202 braids
    projlen=37: 7947 braids
    projlen=38: 15643 braids
    projlen=39: 78557 braids
    projlen=40: 108747 braids
    projlen=41: 270629 braids
    projlen=42: 244156 braids
    projlen=43: 308559 braids
    projlen=44: 253256 braids
    projlen=45: 291181 braids
    projlen=46: 254221 braids
    projlen=47: 295219 braids
    projlen=48: 245429 braids
    projlen=49: 293574 braids
    projlen=50: 253817 braids
    projlen=51: 284957 braids
    projlen=52: 262314 braids
    projlen=53: 279513 braids
    projlen=54: 265476 braids
    projlen=55: 277729 braids
    projlen=56: 268148 braids
    projlen=57: 275384 braids
    projlen=58: 265555 braids
    projlen=59: 259285 braids
    projlen=60: 98452 braids
  Braids kept: 1125637 (in 30 buckets, 1.15 GB CPU)
  ⚡ Timing: matmul=0.16s, sampling=4.23s, total=6.28s
============================================================
Level 34 - SAMPLING
============================================================
  Starting braids: 975637
  Candidates to generate: 5358357
  Processing in 54 chunks...
  Projlen distribution:
    projlen=31: 3 braids
    projlen=32: 5 braids
    projlen=33: 76 braids
    projlen=34: 57 braids
    projlen=35: 340 braids
    projlen=36: 498 braids
    projlen=37: 4795 braids
    projlen=38: 7040 braids
    projlen=39: 42028 braids
    projlen=40: 69891 braids
    projlen=41: 242034 braids
    projlen=42: 251301 braids
    projlen=43: 318065 braids
    projlen=44: 240547 braids
    projlen=45: 304761 braids
    projlen=46: 252778 braids
    projlen=47: 288826 braids
    projlen=48: 257769 braids
    projlen=49: 288943 braids
    projlen=50: 251503 braids
    projlen=51: 290087 braids
    projlen=52: 256744 braids
    projlen=53: 283277 braids
    projlen=54: 263795 braids
    projlen=55: 277828 braids
    projlen=56: 266587 braids
    projlen=57: 277105 braids
    projlen=58: 267146 braids
    projlen=59: 257047 braids
    projlen=60: 97481 braids
  Braids kept: 1104842 (in 30 buckets, 1.14 GB CPU)
  ⚡ Timing: matmul=0.14s, sampling=4.16s, total=6.18s
============================================================
Level 35 - SAMPLING
============================================================
  Starting braids: 954842
  Candidates to generate: 5250408
  Processing in 53 chunks...
  Projlen distribution:
    projlen=32: 3 braids
    projlen=33: 33 braids
    projlen=34: 51 braids
    projlen=35: 454 braids
    projlen=36: 432 braids
    projlen=37: 2467 braids
    projlen=38: 3205 braids
    projlen=39: 26852 braids
    projlen=40: 34718 braids
    projlen=41: 195275 braids
    projlen=42: 240564 braids
    projlen=43: 316507 braids
    projlen=44: 248746 braids
    projlen=45: 307398 braids
    projlen=46: 240953 braids
    projlen=47: 301502 braids
    projlen=48: 253212 braids
    projlen=49: 286232 braids
    projlen=50: 260915 braids
    projlen=51: 285310 braids
    projlen=52: 256262 braids
    projlen=53: 286106 braids
    projlen=54: 259685 braids
    projlen=55: 281588 braids
    projlen=56: 265917 braids
    projlen=57: 275835 braids
    projlen=58: 263985 braids
    projlen=59: 258409 braids
    projlen=60: 97792 braids
  Braids kept: 1068215 (in 29 buckets, 1.11 GB CPU)
  ⚡ Timing: matmul=0.13s, sampling=3.97s, total=5.94s
============================================================
Level 36 - SAMPLING
============================================================
  Starting braids: 968215
  Candidates to generate: 5313561
  Processing in 54 chunks...
  Projlen distribution:
    projlen=33: 12 braids
    projlen=34: 29 braids
    projlen=35: 242 braids
    projlen=36: 321 braids
    projlen=37: 2605 braids
    projlen=38: 2624 braids
    projlen=39: 15258 braids
    projlen=40: 17373 braids
    projlen=41: 130317 braids
    projlen=42: 150275 braids
    projlen=43: 289808 braids
    projlen=44: 255186 braids
    projlen=45: 304514 braids
    projlen=46: 246072 braids
    projlen=47: 301826 braids
    projlen=48: 244140 braids
    projlen=49: 294572 braids
    projlen=50: 253770 braids
    projlen=51: 283364 braids
    projlen=52: 262467 braids
    projlen=53: 281521 braids
    projlen=54: 260093 braids
    projlen=55: 283757 braids
    projlen=56: 262757 braids
    projlen=57: 280588 braids
    projlen=58: 265105 braids
    projlen=59: 272903 braids
    projlen=60: 252760 braids
    projlen=61: 99302 braids
  Braids kept: 1088464 (in 29 buckets, 1.15 GB CPU)
  ⚡ Timing: matmul=0.13s, sampling=4.20s, total=6.22s
============================================================
Level 37 - SAMPLING
============================================================
  Starting braids: 988464
  Candidates to generate: 5425182
  Processing in 55 chunks...
  Projlen distribution:
    projlen=35: 145 braids
    projlen=36: 192 braids
    projlen=37: 1582 braids
    projlen=38: 1814 braids
    projlen=39: 14138 braids
    projlen=40: 14251 braids
    projlen=41: 78760 braids
    projlen=42: 77984 braids
    projlen=43: 260220 braids
    projlen=44: 239244 braids
    projlen=45: 317412 braids
    projlen=46: 245947 braids
    projlen=47: 298831 braids
    projlen=48: 249104 braids
    projlen=49: 295097 braids
    projlen=50: 248654 braids
    projlen=51: 290967 braids
    projlen=52: 256768 braids
    projlen=53: 282728 braids
    projlen=54: 263929 braids
    projlen=55: 280101 braids
    projlen=56: 263644 braids
    projlen=57: 280827 braids
    projlen=58: 264911 braids
    projlen=59: 277988 braids
    projlen=60: 263385 braids
    projlen=61: 258660 braids
    projlen=62: 97899 braids
  Braids kept: 1132122 (in 28 buckets, 1.21 GB CPU)
  ⚡ Timing: matmul=0.13s, sampling=4.40s, total=6.47s
============================================================
Level 38 - SAMPLING
============================================================
  Starting braids: 982122
  Candidates to generate: 5398836
  Processing in 54 chunks...
  Projlen distribution:
    projlen=34: 3 braids
    projlen=35: 14 braids
    projlen=36: 40 braids
    projlen=37: 1031 braids
    projlen=38: 1211 braids
    projlen=39: 9164 braids
    projlen=40: 9575 braids
    projlen=41: 70634 braids
    projlen=42: 66908 braids
    projlen=43: 257623 braids
    projlen=44: 226257 braids
    projlen=45: 332026 braids
    projlen=46: 235442 braids
    projlen=47: 311063 braids
    projlen=48: 245116 braids
    projlen=49: 296856 braids
    projlen=50: 253245 braids
    projlen=51: 289829 braids
    projlen=52: 253301 braids
    projlen=53: 287969 braids
    projlen=54: 259672 braids
    projlen=55: 281793 braids
    projlen=56: 266338 braids
    projlen=57: 278317 braids
    projlen=58: 264954 braids
    projlen=59: 278803 braids
    projlen=60: 263878 braids
    projlen=61: 260104 braids
    projlen=62: 97670 braids
  Braids kept: 1121038 (in 29 buckets, 1.21 GB CPU)
  ⚡ Timing: matmul=0.17s, sampling=4.35s, total=6.45s
============================================================
Level 39 - SAMPLING
============================================================
  Starting braids: 971038
  Candidates to generate: 5325746
  Processing in 54 chunks...
  Projlen distribution:
    projlen=34: 4 braids
    projlen=35: 17 braids
    projlen=36: 25 braids
    projlen=37: 197 braids
    projlen=38: 299 braids
    projlen=39: 6289 braids
    projlen=40: 6666 braids
    projlen=41: 48046 braids
    projlen=42: 44851 braids
    projlen=43: 246838 braids
    projlen=44: 218390 braids
    projlen=45: 336138 braids
    projlen=46: 226365 braids
    projlen=47: 320843 braids
    projlen=48: 230421 braids
    projlen=49: 307262 braids
    projlen=50: 246541 braids
    projlen=51: 292671 braids
    projlen=52: 255719 braids
    projlen=53: 286220 braids
    projlen=54: 258042 braids
    projlen=55: 284963 braids
    projlen=56: 261616 braids
    projlen=57: 280079 braids
    projlen=58: 267258 braids
    projlen=59: 277844 braids
    projlen=60: 264795 braids
    projlen=61: 259884 braids
    projlen=62: 97463 braids
  Braids kept: 1106394 (in 29 buckets, 1.20 GB CPU)
  ⚡ Timing: matmul=0.16s, sampling=4.32s, total=6.39s
============================================================
Level 40 - SAMPLING
============================================================
  Starting braids: 956394
  Candidates to generate: 5235334
  Processing in 53 chunks...
  Projlen distribution:
    projlen=34: 4 braids
    projlen=35: 9 braids
    projlen=36: 33 braids
    projlen=37: 154 braids
    projlen=38: 184 braids
    projlen=39: 1711 braids
    projlen=40: 2063 braids
    projlen=41: 34519 braids
    projlen=42: 33293 braids
    projlen=43: 233440 braids
    projlen=44: 197267 braids
    projlen=45: 326808 braids
    projlen=46: 221742 braids
    projlen=47: 324575 braids
    projlen=48: 222610 braids
    projlen=49: 314431 braids
    projlen=50: 233948 braids
    projlen=51: 301486 braids
    projlen=52: 248436 braids
    projlen=53: 289215 braids
    projlen=54: 259736 braids
    projlen=55: 284174 braids
    projlen=56: 261418 braids
    projlen=57: 281836 braids
    projlen=58: 263786 braids
    projlen=59: 278043 braids
    projlen=60: 264235 braids
    projlen=61: 258599 braids
    projlen=62: 97579 braids
  Braids kept: 1071970 (in 29 buckets, 1.17 GB CPU)
  ⚡ Timing: matmul=0.13s, sampling=4.23s, total=6.25s
============================================================
Level 41 - SAMPLING
============================================================
  Starting braids: 971970
  Candidates to generate: 5311848
  Processing in 54 chunks...
  Projlen distribution:
    projlen=34: 1 braids
    projlen=35: 6 braids
    projlen=36: 25 braids
    projlen=37: 81 braids
    projlen=38: 199 braids
    projlen=39: 1084 braids
    projlen=40: 1335 braids
    projlen=41: 11666 braids
    projlen=42: 11564 braids
    projlen=43: 168054 braids
    projlen=44: 143318 braids
    projlen=45: 305598 braids
    projlen=46: 214808 braids
    projlen=47: 330212 braids
    projlen=48: 218211 braids
    projlen=49: 318547 braids
    projlen=50: 226974 braids
    projlen=51: 307095 braids
    projlen=52: 238451 braids
    projlen=53: 296968 braids
    projlen=54: 251769 braids
    projlen=55: 287372 braids
    projlen=56: 260975 braids
    projlen=57: 281782 braids
    projlen=58: 263937 braids
    projlen=59: 280185 braids
    projlen=60: 264665 braids
    projlen=61: 274715 braids
    projlen=62: 252174 braids
    projlen=63: 100077 braids
  Braids kept: 1075961 (in 30 buckets, 1.20 GB CPU)
  ⚡ Timing: matmul=0.15s, sampling=4.43s, total=6.53s
============================================================
Level 42 - SAMPLING
============================================================
  Starting braids: 975961
  Candidates to generate: 5326575
  Processing in 54 chunks...
  Projlen distribution:
    projlen=35: 7 braids
    projlen=36: 11 braids
    projlen=37: 56 braids
    projlen=38: 141 braids
    projlen=39: 571 braids
    projlen=40: 1179 braids
    projlen=41: 7035 braids
    projlen=42: 7705 braids
    projlen=43: 62392 braids
    projlen=44: 50612 braids
    projlen=45: 261799 braids
    projlen=46: 209353 braids
    projlen=47: 338231 braids
    projlen=48: 211594 braids
    projlen=49: 323182 braids
    projlen=50: 220800 braids
    projlen=51: 311324 braids
    projlen=52: 234284 braids
    projlen=53: 301677 braids
    projlen=54: 242837 braids
    projlen=55: 293849 braids
    projlen=56: 254918 braids
    projlen=57: 284693 braids
    projlen=58: 262981 braids
    projlen=59: 279725 braids
    projlen=60: 266290 braids
    projlen=61: 278131 braids
    projlen=62: 264099 braids
    projlen=63: 259564 braids
    projlen=64: 97535 braids
  Braids kept: 1116705 (in 30 buckets, 1.26 GB CPU)
  ⚡ Timing: matmul=0.13s, sampling=4.53s, total=6.61s
============================================================
Level 43 - SAMPLING
============================================================
  Starting braids: 966705
  Candidates to generate: 5279183
  Processing in 53 chunks...
  Projlen distribution:
    projlen=35: 2 braids
    projlen=36: 15 braids
    projlen=37: 56 braids
    projlen=38: 110 braids
    projlen=39: 383 braids
    projlen=40: 821 braids
    projlen=41: 3823 braids
    projlen=42: 6419 braids
    projlen=43: 38962 braids
    projlen=44: 37784 braids
    projlen=45: 257617 braids
    projlen=46: 202147 braids
    projlen=47: 349676 braids
    projlen=48: 207146 braids
    projlen=49: 331803 braids
    projlen=50: 213342 braids
    projlen=51: 317696 braids
    projlen=52: 227494 braids
    projlen=53: 304830 braids
    projlen=54: 240041 braids
    projlen=55: 296751 braids
    projlen=56: 248029 braids
    projlen=57: 289994 braids
    projlen=58: 257264 braids
    projlen=59: 282104 braids
    projlen=60: 264198 braids
    projlen=61: 278509 braids
    projlen=62: 265259 braids
    projlen=63: 259278 braids
    projlen=64: 97630 braids
  Braids kept: 1088375 (in 30 buckets, 1.24 GB CPU)
  ⚡ Timing: matmul=0.13s, sampling=4.40s, total=6.48s
============================================================
Level 44 - SAMPLING
============================================================
  Starting braids: 988375
  Candidates to generate: 5392075
  Processing in 54 chunks...
  Projlen distribution:
    projlen=35: 1 braids
    projlen=36: 6 braids
    projlen=37: 22 braids
    projlen=38: 116 braids
    projlen=39: 381 braids
    projlen=40: 731 braids
    projlen=41: 2498 braids
    projlen=42: 4475 braids
    projlen=43: 22689 braids
    projlen=44: 32515 braids
    projlen=45: 193459 braids
    projlen=46: 167343 braids
    projlen=47: 322166 braids
    projlen=48: 202771 braids
    projlen=49: 340411 braids
    projlen=50: 201370 braids
    projlen=51: 325932 braids
    projlen=52: 218943 braids
    projlen=53: 310936 braids
    projlen=54: 234651 braids
    projlen=55: 300044 braids
    projlen=56: 245358 braids
    projlen=57: 293673 braids
    projlen=58: 252776 braids
    projlen=59: 286472 braids
    projlen=60: 259103 braids
    projlen=61: 281761 braids
    projlen=62: 265040 braids
    projlen=63: 274599 braids
    projlen=64: 251888 braids
    projlen=65: 99945 braids
  Braids kept: 1113434 (in 31 buckets, 1.29 GB CPU)
  ⚡ Timing: matmul=0.24s, sampling=4.57s, total=7.65s
============================================================
Level 45 - SAMPLING
============================================================
  Starting braids: 963434
  Candidates to generate: 5251056
  Processing in 53 chunks...
  Projlen distribution:
    projlen=35: 6 braids
    projlen=36: 3 braids
    projlen=37: 8 braids
    projlen=38: 48 braids
    projlen=39: 146 braids
    projlen=40: 679 braids
    projlen=41: 2347 braids
    projlen=42: 4250 braids
    projlen=43: 15085 braids
    projlen=44: 23129 braids
    projlen=45: 115550 braids
    projlen=46: 141573 braids
    projlen=47: 298185 braids
    projlen=48: 217393 braids
    projlen=49: 337476 braids
    projlen=50: 199699 braids
    projlen=51: 334140 braids
    projlen=52: 205636 braids
    projlen=53: 318978 braids
    projlen=54: 225109 braids
    projlen=55: 305693 braids
    projlen=56: 241023 braids
    projlen=57: 296510 braids
    projlen=58: 250191 braids
    projlen=59: 290620 braids
    projlen=60: 256015 braids
    projlen=61: 284710 braids
    projlen=62: 261559 braids
    projlen=63: 276216 braids
    projlen=64: 249440 braids
    projlen=65: 99639 braids
  Braids kept: 1095701 (in 31 buckets, 1.28 GB CPU)
  ⚡ Timing: matmul=0.14s, sampling=4.44s, total=7.38s
============================================================
Level 46 - SAMPLING
============================================================
  Starting braids: 995701
  Candidates to generate: 5431261
  Processing in 55 chunks...
  Projlen distribution:
    projlen=35: 5 braids
    projlen=36: 5 braids
    projlen=37: 37 braids
    projlen=38: 27 braids
    projlen=39: 95 braids
    projlen=40: 293 braids
    projlen=41: 993 braids
    projlen=42: 3675 braids
    projlen=43: 13317 braids
    projlen=44: 22420 braids
    projlen=45: 78473 braids
    projlen=46: 103029 braids
    projlen=47: 265793 braids
    projlen=48: 245781 braids
    projlen=49: 323962 braids
    projlen=50: 217553 braids
    projlen=51: 328390 braids
    projlen=52: 204432 braids
    projlen=53: 325906 braids
    projlen=54: 212268 braids
    projlen=55: 313578 braids
    projlen=56: 230906 braids
    projlen=57: 300581 braids
    projlen=58: 245541 braids
    projlen=59: 291916 braids
    projlen=60: 253845 braids
    projlen=61: 287308 braids
    projlen=62: 259841 braids
    projlen=63: 281976 braids
    projlen=64: 262331 braids
    projlen=65: 260024 braids
    projlen=66: 96960 braids
  Braids kept: 1140867 (in 32 buckets, 1.35 GB CPU)
  ⚡ Timing: matmul=0.14s, sampling=4.75s, total=7.83s
============================================================
Level 47 - SAMPLING
============================================================
  Starting braids: 990867
  Candidates to generate: 5408493
  Processing in 55 chunks...
  Projlen distribution:
    projlen=36: 2 braids
    projlen=37: 27 braids
    projlen=38: 25 braids
    projlen=39: 218 braids
    projlen=40: 239 braids
    projlen=41: 730 braids
    projlen=42: 1779 braids
    projlen=43: 6179 braids
    projlen=44: 18902 braids
    projlen=45: 68466 braids
    projlen=46: 104066 braids
    projlen=47: 256105 braids
    projlen=48: 250546 braids
    projlen=49: 318243 braids
    projlen=50: 240961 braids
    projlen=51: 314675 braids
    projlen=52: 224023 braids
    projlen=53: 317162 braids
    projlen=54: 212103 braids
    projlen=55: 316803 braids
    projlen=56: 220429 braids
    projlen=57: 307912 braids
    projlen=58: 236967 braids
    projlen=59: 296564 braids
    projlen=60: 249759 braids
    projlen=61: 288335 braids
    projlen=62: 256918 braids
    projlen=63: 282811 braids
    projlen=64: 259020 braids
    projlen=65: 262163 braids
    projlen=66: 96361 braids
  Braids kept: 1128101 (in 31 buckets, 1.34 GB CPU)
  ⚡ Timing: matmul=0.13s, sampling=4.84s, total=7.92s
============================================================
Level 48 - SAMPLING
============================================================
  Starting braids: 978101
  Candidates to generate: 5351045
  Processing in 54 chunks...
  Projlen distribution:
    projlen=36: 2 braids
    projlen=37: 5 braids
    projlen=38: 14 braids
    projlen=39: 142 braids
    projlen=40: 133 braids
    projlen=41: 1213 braids
    projlen=42: 1523 braids
    projlen=43: 4739 braids
    projlen=44: 10128 braids
    projlen=45: 34054 braids
    projlen=46: 87638 braids
    projlen=47: 241285 braids
    projlen=48: 261900 braids
    projlen=49: 312082 braids
    projlen=50: 247904 braids
    projlen=51: 307215 braids
    projlen=52: 239992 braids
    projlen=53: 308430 braids
    projlen=54: 231730 braids
    projlen=55: 309296 braids
    projlen=56: 223613 braids
    projlen=57: 309051 braids
    projlen=58: 228033 braids
    projlen=59: 302533 braids
    projlen=60: 242478 braids
    projlen=61: 291617 braids
    projlen=62: 253384 braids
    projlen=63: 285061 braids
    projlen=64: 257098 braids
    projlen=65: 262983 braids
    projlen=66: 95769 braids
  Braids kept: 1101953 (in 31 buckets, 1.32 GB CPU)
  ⚡ Timing: matmul=0.14s, sampling=4.69s, total=7.71s
============================================================
Level 49 - SAMPLING
============================================================
  Starting braids: 951953
  Candidates to generate: 5223261
  Processing in 53 chunks...
  Projlen distribution:
    projlen=36: 2 braids
    projlen=37: 8 braids
    projlen=38: 14 braids
    projlen=39: 70 braids
    projlen=40: 82 braids
    projlen=41: 736 braids
    projlen=42: 715 braids
    projlen=43: 6438 braids
    projlen=44: 8646 braids
    projlen=45: 26999 braids
    projlen=46: 51141 braids
    projlen=47: 158647 braids
    projlen=48: 249167 braids
    projlen=49: 304540 braids
    projlen=50: 257790 braids
    projlen=51: 300715 braids
    projlen=52: 246664 braids
    projlen=53: 301622 braids
    projlen=54: 244086 braids
    projlen=55: 301247 braids
    projlen=56: 238960 braids
    projlen=57: 302444 braids
    projlen=58: 233263 braids
    projlen=59: 303946 braids
    projlen=60: 236516 braids
    projlen=61: 298269 braids
    projlen=62: 247857 braids
    projlen=63: 288828 braids
    projlen=64: 253714 braids
    projlen=65: 264600 braids
    projlen=66: 95535 braids
  Braids kept: 1093710 (in 31 buckets, 1.31 GB CPU)
  ⚡ Timing: matmul=0.12s, sampling=4.65s, total=7.61s
============================================================
Level 50 - SAMPLING
============================================================
  Starting braids: 993710
  Candidates to generate: 5455202
  Processing in 55 chunks...
  Projlen distribution:
    projlen=36: 2 braids
    projlen=37: 8 braids
    projlen=38: 16 braids
    projlen=39: 78 braids
    projlen=40: 77 braids
    projlen=41: 506 braids
    projlen=42: 458 braids
    projlen=43: 3828 braids
    projlen=44: 3952 braids
    projlen=45: 32751 braids
    projlen=46: 44407 braids
    projlen=47: 134668 braids
    projlen=48: 224742 braids
    projlen=49: 302085 braids
    projlen=50: 277105 braids
    projlen=51: 290658 braids
    projlen=52: 256519 braids
    projlen=53: 296366 braids
    projlen=54: 250646 braids
    projlen=55: 294087 braids
    projlen=56: 248292 braids
    projlen=57: 294285 braids
    projlen=58: 246018 braids
    projlen=59: 295752 braids
    projlen=60: 241190 braids
    projlen=61: 297757 braids
    projlen=62: 243278 braids
    projlen=63: 293718 braids
    projlen=64: 251556 braids
    projlen=65: 283429 braids
    projlen=66: 244937 braids
    projlen=67: 102031 braids
  Braids kept: 1136083 (in 32 buckets, 1.38 GB CPU)
  ⚡ Timing: matmul=0.15s, sampling=4.86s, total=8.00s
============================================================
Level 51 - SAMPLING
============================================================
  Starting braids: 986083
  Candidates to generate: 5411043
  Processing in 55 chunks...
  Projlen distribution:
    projlen=36: 1 braids
    projlen=37: 9 braids
    projlen=38: 12 braids
    projlen=39: 91 braids
    projlen=40: 79 braids
    projlen=41: 495 braids
    projlen=42: 400 braids
    projlen=43: 3000 braids
    projlen=44: 2666 braids
    projlen=45: 19731 braids
    projlen=46: 21039 braids
    projlen=47: 154786 braids
    projlen=48: 196717 braids
    projlen=49: 294861 braids
    projlen=50: 273779 braids
    projlen=51: 290211 braids
    projlen=52: 267998 braids
    projlen=53: 285424 braids
    projlen=54: 260112 braids
    projlen=55: 290121 braids
    projlen=56: 254715 braids
    projlen=57: 289342 braids
    projlen=58: 253551 braids
    projlen=59: 289383 braids
    projlen=60: 252170 braids
    projlen=61: 291771 braids
    projlen=62: 248661 braids
    projlen=63: 293105 braids
    projlen=64: 249293 braids
    projlen=65: 284978 braids
    projlen=66: 240270 braids
    projlen=67: 102272 braids
  Braids kept: 1097523 (in 32 buckets, 1.34 GB CPU)
  ⚡ Timing: matmul=0.13s, sampling=4.89s, total=7.99s
============================================================
Level 52 - SAMPLING
============================================================
  Starting braids: 997523
  Candidates to generate: 5469929
  Processing in 55 chunks...
  Projlen distribution:
    projlen=37: 8 braids
    projlen=38: 5 braids
    projlen=39: 88 braids
    projlen=40: 75 braids
    projlen=41: 564 braids
    projlen=42: 423 braids
    projlen=43: 2781 braids
    projlen=44: 2267 braids
    projlen=45: 16178 braids
    projlen=46: 14295 braids
    projlen=47: 93425 braids
    projlen=48: 92758 braids
    projlen=49: 260715 braids
    projlen=50: 250168 braids
    projlen=51: 302223 braids
    projlen=52: 262182 braids
    projlen=53: 285321 braids
    projlen=54: 268037 braids
    projlen=55: 281542 braids
    projlen=56: 263494 braids
    projlen=57: 284350 braids
    projlen=58: 257348 braids
    projlen=59: 286116 braids
    projlen=60: 257114 braids
    projlen=61: 285314 braids
    projlen=62: 256767 braids
    projlen=63: 288040 braids
    projlen=64: 254680 braids
    projlen=65: 287408 braids
    projlen=66: 252822 braids
    projlen=67: 267923 braids
    projlen=68: 95498 braids
  Braids kept: 1136684 (in 32 buckets, 1.41 GB CPU)
  ⚡ Timing: matmul=0.15s, sampling=5.00s, total=8.16s
============================================================
Level 53 - SAMPLING
============================================================
  Starting braids: 986684
  Candidates to generate: 5407446
  Processing in 55 chunks...
  Projlen distribution:
    projlen=37: 9 braids
    projlen=38: 6 braids
    projlen=39: 54 braids
    projlen=40: 44 braids
    projlen=41: 524 braids
    projlen=42: 408 braids
    projlen=43: 3120 braids
    projlen=44: 2280 braids
    projlen=45: 14931 braids
    projlen=46: 12046 braids
    projlen=47: 78226 braids
    projlen=48: 65960 braids
    projlen=49: 251343 braids
    projlen=50: 226354 braids
    projlen=51: 323582 braids
    projlen=52: 243972 braids
    projlen=53: 299008 braids
    projlen=54: 260033 braids
    projlen=55: 283812 braids
    projlen=56: 266265 braids
    projlen=57: 278820 braids
    projlen=58: 265642 braids
    projlen=59: 281498 braids
    projlen=60: 261827 braids
    projlen=61: 283498 braids
    projlen=62: 261174 braids
    projlen=63: 283143 braids
    projlen=64: 260597 braids
    projlen=65: 283228 braids
    projlen=66: 256537 braids
    projlen=67: 264509 braids
    projlen=68: 94996 braids
  Braids kept: 1133422 (in 32 buckets, 1.41 GB CPU)
  ⚡ Timing: matmul=0.17s, sampling=4.99s, total=8.15s
============================================================
Level 54 - SAMPLING
============================================================
  Starting braids: 983422
  Candidates to generate: 5379724
  Processing in 54 chunks...
  Projlen distribution:
    projlen=36: 1 braids
    projlen=37: 4 braids
    projlen=38: 7 braids
    projlen=39: 62 braids
    projlen=40: 46 braids
    projlen=41: 318 braids
    projlen=42: 277 braids
    projlen=43: 2850 braids
    projlen=44: 2231 braids
    projlen=45: 16290 braids
    projlen=46: 11671 braids
    projlen=47: 73500 braids
    projlen=48: 56833 braids
    projlen=49: 251061 braids
    projlen=50: 209933 braids
    projlen=51: 333137 braids
    projlen=52: 228037 braids
    projlen=53: 315749 braids
    projlen=54: 239675 braids
    projlen=55: 297406 braids
    projlen=56: 259271 braids
    projlen=57: 282593 braids
    projlen=58: 267209 braids
    projlen=59: 277592 braids
    projlen=60: 266953 braids
    projlen=61: 279050 braids
    projlen=62: 264405 braids
    projlen=63: 280919 braids
    projlen=64: 263271 braids
    projlen=65: 280513 braids
    projlen=66: 260575 braids
    projlen=67: 261945 braids
    projlen=68: 96340 braids
  Braids kept: 1133757 (in 33 buckets, 1.42 GB CPU)
  ⚡ Timing: matmul=0.15s, sampling=4.92s, total=8.04s
============================================================
Level 55 - SAMPLING
============================================================
  Starting braids: 983757
  Candidates to generate: 5355425
  Processing in 54 chunks...
  Projlen distribution:
    projlen=36: 1 braids
    projlen=37: 2 braids
    projlen=38: 5 braids
    projlen=39: 34 braids
    projlen=40: 37 braids
    projlen=41: 364 braids
    projlen=42: 275 braids
    projlen=43: 1803 braids
    projlen=44: 1527 braids
    projlen=45: 15006 braids
    projlen=46: 11371 braids
    projlen=47: 79782 braids
    projlen=48: 54984 braids
    projlen=49: 254731 braids
    projlen=50: 198499 braids
    projlen=51: 337580 braids
    projlen=52: 214144 braids
    projlen=53: 325098 braids
    projlen=54: 224066 braids
    projlen=55: 309841 braids
    projlen=56: 242063 braids
    projlen=57: 293625 braids
    projlen=58: 258248 braids
    projlen=59: 279525 braids
    projlen=60: 267126 braids
    projlen=61: 276431 braids
    projlen=62: 268861 braids
    projlen=63: 277447 braids
    projlen=64: 266635 braids
    projlen=65: 278148 braids
    projlen=66: 261155 braids
    projlen=67: 260420 braids
    projlen=68: 96591 braids
  Braids kept: 1130425 (in 33 buckets, 1.42 GB CPU)
  ⚡ Timing: matmul=0.15s, sampling=4.97s, total=8.08s
============================================================
Level 56 - SAMPLING
============================================================
  Starting braids: 980425
  Candidates to generate: 5312245
  Processing in 54 chunks...
  Projlen distribution:
    projlen=36: 1 braids
    projlen=37: 2 braids
    projlen=38: 4 braids
    projlen=39: 26 braids
    projlen=40: 24 braids
    projlen=41: 213 braids
    projlen=42: 189 braids
    projlen=43: 1987 braids
    projlen=44: 1476 braids
    projlen=45: 10007 braids
    projlen=46: 7888 braids
    projlen=47: 73895 braids
    projlen=48: 52718 braids
    projlen=49: 258840 braids
    projlen=50: 182860 braids
    projlen=51: 342694 braids
    projlen=52: 204575 braids
    projlen=53: 330739 braids
    projlen=54: 211029 braids
    projlen=55: 318657 braids
    projlen=56: 227062 braids
    projlen=57: 304272 braids
    projlen=58: 245437 braids
    projlen=59: 289671 braids
    projlen=60: 260117 braids
    projlen=61: 279262 braids
    projlen=62: 268299 braids
    projlen=63: 276188 braids
    projlen=64: 268461 braids
    projlen=65: 274453 braids
    projlen=66: 265376 braids
    projlen=67: 258549 braids
    projlen=68: 97274 braids
  Braids kept: 1121817 (in 33 buckets, 1.41 GB CPU)
  ⚡ Timing: matmul=0.17s, sampling=4.97s, total=8.11s
============================================================
Level 57 - SAMPLING
============================================================
  Starting braids: 971817
  Candidates to generate: 5250623
  Processing in 53 chunks...
  Projlen distribution:
    projlen=36: 1 braids
    projlen=37: 2 braids
    projlen=38: 4 braids
    projlen=39: 25 braids
    projlen=40: 22 braids
    projlen=41: 176 braids
    projlen=42: 139 braids
    projlen=43: 1247 braids
    projlen=44: 984 braids
    projlen=45: 10417 braids
    projlen=46: 7386 braids
    projlen=47: 51167 braids
    projlen=48: 37360 braids
    projlen=49: 253988 braids
    projlen=50: 184366 braids
    projlen=51: 347446 braids
    projlen=52: 188080 braids
    projlen=53: 338908 braids
    projlen=54: 200542 braids
    projlen=55: 325818 braids
    projlen=56: 215774 braids
    projlen=57: 312924 braids
    projlen=58: 233133 braids
    projlen=59: 298884 braids
    projlen=60: 248778 braids
    projlen=61: 287084 braids
    projlen=62: 261299 braids
    projlen=63: 278575 braids
    projlen=64: 268395 braids
    projlen=65: 275693 braids
    projlen=66: 266507 braids
    projlen=67: 257645 braids
    projlen=68: 97854 braids
  Braids kept: 1107763 (in 33 buckets, 1.40 GB CPU)
  ⚡ Timing: matmul=0.14s, sampling=4.88s, total=7.94s
============================================================
Level 58 - SAMPLING
============================================================
  Starting braids: 957763
  Candidates to generate: 5164717
  Processing in 52 chunks...
  Projlen distribution:
    projlen=37: 5 braids
    projlen=38: 3 braids
    projlen=39: 20 braids
    projlen=40: 21 braids
    projlen=41: 161 braids
    projlen=42: 126 braids
    projlen=43: 1052 braids
    projlen=44: 767 braids
    projlen=45: 6961 braids
    projlen=46: 5088 braids
    projlen=47: 52169 braids
    projlen=48: 35593 braids
    projlen=49: 242183 braids
    projlen=50: 163675 braids
    projlen=51: 319986 braids
    projlen=52: 188814 braids
    projlen=53: 345161 braids
    projlen=54: 184953 braids
    projlen=55: 334137 braids
    projlen=56: 203294 braids
    projlen=57: 317845 braids
    projlen=58: 222957 braids
    projlen=59: 306240 braids
    projlen=60: 238484 braids
    projlen=61: 295662 braids
    projlen=62: 251996 braids
    projlen=63: 285709 braids
    projlen=64: 263264 braids
    projlen=65: 277877 braids
    projlen=66: 266324 braids
    projlen=67: 256584 braids
    projlen=68: 97606 braids
  Braids kept: 1099797 (in 32 buckets, 1.40 GB CPU)
  ⚡ Timing: matmul=0.14s, sampling=4.83s, total=7.85s
============================================================
Level 59 - SAMPLING
============================================================
  Starting braids: 999797
  Candidates to generate: 5380981
  Processing in 54 chunks...
  Projlen distribution:
    projlen=37: 2 braids
    projlen=38: 2 braids
    projlen=39: 31 braids
    projlen=40: 21 braids
    projlen=41: 134 braids
    projlen=42: 117 braids
    projlen=43: 922 braids
    projlen=44: 690 braids
    projlen=45: 5792 braids
    projlen=46: 4109 braids
    projlen=47: 36902 braids
    projlen=48: 25129 braids
    projlen=49: 235669 braids
    projlen=50: 151558 braids
    projlen=51: 317357 braids
    projlen=52: 189390 braids
    projlen=53: 347439 braids
    projlen=54: 186197 braids
    projlen=55: 340074 braids
    projlen=56: 188927 braids
    projlen=57: 328728 braids
    projlen=58: 210386 braids
    projlen=59: 313306 braids
    projlen=60: 229582 braids
    projlen=61: 301776 braids
    projlen=62: 243389 braids
    projlen=63: 292411 braids
    projlen=64: 254690 braids
    projlen=65: 284531 braids
    projlen=66: 263725 braids
    projlen=67: 275518 braids
    projlen=68: 252414 braids
    projlen=69: 100063 braids
  Braids kept: 1123851 (in 33 buckets, 1.45 GB CPU)
  ⚡ Timing: matmul=0.17s, sampling=5.10s, total=8.28s
============================================================
Level 60 - SAMPLING
============================================================
  Starting braids: 973851
  Candidates to generate: 5229067
  Processing in 53 chunks...
  Projlen distribution:
    projlen=38: 1 braids
    projlen=39: 9 braids
    projlen=40: 15 braids
    projlen=41: 187 braids
    projlen=42: 141 braids
    projlen=43: 813 braids
    projlen=44: 603 braids
    projlen=45: 5081 braids
    projlen=46: 3573 braids
    projlen=47: 30790 braids
    projlen=48: 20618 braids
    projlen=49: 178451 braids
    projlen=50: 110715 braids
    projlen=51: 297073 braids
    projlen=52: 177069 braids
    projlen=53: 350900 braids
    projlen=54: 185379 braids
    projlen=55: 342075 braids
    projlen=56: 187300 braids
    projlen=57: 334032 braids
    projlen=58: 196545 braids
    projlen=59: 324195 braids
    projlen=60: 217368 braids
    projlen=61: 309483 braids
    projlen=62: 236389 braids
    projlen=63: 296936 braids
    projlen=64: 248574 braids
    projlen=65: 289553 braids
    projlen=66: 257610 braids
    projlen=67: 279605 braids
    projlen=68: 247577 braids
    projlen=69: 100407 braids
  Braids kept: 1111831 (in 32 buckets, 1.44 GB CPU)
  ⚡ Timing: matmul=0.16s, sampling=4.95s, total=8.04s
============================================================
Level 61 - SAMPLING
============================================================
  Starting braids: 961831
  Candidates to generate: 5147103
  Processing in 52 chunks...
  Projlen distribution:
    projlen=39: 3 braids
    projlen=40: 11 braids
    projlen=41: 64 braids
    projlen=42: 86 braids
    projlen=43: 1041 braids
    projlen=44: 767 braids
    projlen=45: 4670 braids
    projlen=46: 3182 braids
    projlen=47: 27172 braids
    projlen=48: 18065 braids
    projlen=49: 149925 braids
    projlen=50: 92316 braids
    projlen=51: 290830 braids
    projlen=52: 174201 braids
    projlen=53: 357143 braids
    projlen=54: 173132 braids
    projlen=55: 346960 braids
    projlen=56: 183390 braids
    projlen=57: 335195 braids
    projlen=58: 192914 braids
    projlen=59: 326725 braids
    projlen=60: 204484 braids
    projlen=61: 318255 braids
    projlen=62: 224463 braids
    projlen=63: 305213 braids
    projlen=64: 242109 braids
    projlen=65: 293483 braids
    projlen=66: 252831 braids
    projlen=67: 283654 braids
    projlen=68: 243907 braids
    projlen=69: 100912 braids
  Braids kept: 1105061 (in 31 buckets, 1.44 GB CPU)
  ⚡ Timing: matmul=0.15s, sampling=4.89s, total=7.93s
============================================================
Level 62 - SAMPLING
============================================================
  Starting braids: 955061
  Candidates to generate: 5097245
  Processing in 51 chunks...
  Projlen distribution:
    projlen=40: 1 braids
    projlen=41: 55 braids
    projlen=42: 69 braids
    projlen=43: 456 braids
    projlen=44: 441 braids
    projlen=45: 5518 braids
    projlen=46: 3926 braids
    projlen=47: 25377 braids
    projlen=48: 16322 braids
    projlen=49: 133341 braids
    projlen=50: 82019 braids
    projlen=51: 286555 braids
    projlen=52: 173002 braids
    projlen=53: 361170 braids
    projlen=54: 169756 braids
    projlen=55: 352593 braids
    projlen=56: 167277 braids
    projlen=57: 342997 braids
    projlen=58: 186947 braids
    projlen=59: 330639 braids
    projlen=60: 202082 braids
    projlen=61: 322160 braids
    projlen=62: 213415 braids
    projlen=63: 312221 braids
    projlen=64: 231012 braids
    projlen=65: 301337 braids
    projlen=66: 246683 braids
    projlen=67: 286955 braids
    projlen=68: 240990 braids
    projlen=69: 101929 braids
  Braids kept: 1102165 (in 30 buckets, 1.44 GB CPU)
  ⚡ Timing: matmul=0.18s, sampling=4.82s, total=7.85s
============================================================
Level 63 - SAMPLING
============================================================
  Starting braids: 952165
  Candidates to generate: 5056209
  Processing in 51 chunks...
  Projlen distribution:
    projlen=41: 6 braids
    projlen=42: 15 braids
    projlen=43: 442 braids
    projlen=44: 397 braids
    projlen=45: 2922 braids
    projlen=46: 2346 braids
    projlen=47: 28263 braids
    projlen=48: 19113 braids
    projlen=49: 126849 braids
    projlen=50: 75874 braids
    projlen=51: 283917 braids
    projlen=52: 172431 braids
    projlen=53: 362112 braids
    projlen=54: 168716 braids
    projlen=55: 356591 braids
    projlen=56: 161037 braids
    projlen=57: 348545 braids
    projlen=58: 167778 braids
    projlen=59: 337305 braids
    projlen=60: 192158 braids
    projlen=61: 324485 braids
    projlen=62: 209955 braids
    projlen=63: 314992 braids
    projlen=64: 222434 braids
    projlen=65: 306562 braids
    projlen=66: 237468 braids
    projlen=67: 293747 braids
    projlen=68: 236519 braids
    projlen=69: 103230 braids
  Braids kept: 1103504 (in 29 buckets, 1.44 GB CPU)
  ⚡ Timing: matmul=0.20s, sampling=4.77s, total=7.81s
============================================================
Level 64 - SAMPLING
============================================================
  Starting braids: 953504
  Candidates to generate: 5039158
  Processing in 51 chunks...
  Projlen distribution:
    projlen=42: 1 braids
    projlen=43: 86 braids
    projlen=44: 117 braids
    projlen=45: 2702 braids
    projlen=46: 2203 braids
    projlen=47: 16988 braids
    projlen=48: 11783 braids
    projlen=49: 135916 braids
    projlen=50: 86119 braids
    projlen=51: 290067 braids
    projlen=52: 171516 braids
    projlen=53: 362191 braids
    projlen=54: 168199 braids
    projlen=55: 357943 braids
    projlen=56: 159908 braids
    projlen=57: 353767 braids
    projlen=58: 159186 braids
    projlen=59: 344907 braids
    projlen=60: 171447 braids
    projlen=61: 333629 braids
    projlen=62: 199436 braids
    projlen=63: 319017 braids
    projlen=64: 218683 braids
    projlen=65: 310034 braids
    projlen=66: 230033 braids
    projlen=67: 298993 braids
    projlen=68: 229403 braids
    projlen=69: 104884 braids
  Braids kept: 1083880 (in 28 buckets, 1.43 GB CPU)
  ⚡ Timing: matmul=0.13s, sampling=4.74s, total=7.69s
============================================================
Level 65 - SAMPLING
============================================================
  Starting braids: 983880
  Candidates to generate: 5185092
  Processing in 52 chunks...
  Projlen distribution:
    projlen=42: 1 braids
    projlen=43: 12 braids
    projlen=44: 31 braids
    projlen=45: 688 braids
    projlen=46: 785 braids
    projlen=47: 14977 braids
    projlen=48: 11078 braids
    projlen=49: 86038 braids
    projlen=50: 53204 braids
    projlen=51: 272010 braids
    projlen=52: 173196 braids
    projlen=53: 362377 braids
    projlen=54: 167481 braids
    projlen=55: 357778 braids
    projlen=56: 159218 braids
    projlen=57: 353972 braids
    projlen=58: 156776 braids
    projlen=59: 350025 braids
    projlen=60: 159755 braids
    projlen=61: 343700 braids
    projlen=62: 176431 braids
    projlen=63: 329619 braids
    projlen=64: 205944 braids
    projlen=65: 314264 braids
    projlen=66: 227167 braids
    projlen=67: 303206 braids
    projlen=68: 235575 braids
    projlen=69: 277552 braids
    projlen=70: 92232 braids
  Braids kept: 1127572 (in 29 buckets, 1.50 GB CPU)
  ⚡ Timing: matmul=0.15s, sampling=5.01s, total=8.07s
============================================================
Level 66 - SAMPLING
============================================================
  Starting braids: 977572
  Candidates to generate: 5129178
  Processing in 52 chunks...
  Projlen distribution:
    projlen=43: 3 braids
    projlen=44: 20 braids
    projlen=45: 166 braids
    projlen=46: 282 braids
    projlen=47: 4810 braids
    projlen=48: 4383 braids
    projlen=49: 74730 braids
    projlen=50: 50789 braids
    projlen=51: 271765 braids
    projlen=52: 171854 braids
    projlen=53: 363174 braids
    projlen=54: 170672 braids
    projlen=55: 358603 braids
    projlen=56: 158928 braids
    projlen=57: 354277 braids
    projlen=58: 155678 braids
    projlen=59: 350997 braids
    projlen=60: 155893 braids
    projlen=61: 347542 braids
    projlen=62: 161200 braids
    projlen=63: 340162 braids
    projlen=64: 181960 braids
    projlen=65: 327162 braids
    projlen=66: 213327 braids
    projlen=67: 309608 braids
    projlen=68: 231903 braids
    projlen=69: 277883 braids
    projlen=70: 91407 braids
  Braids kept: 1109664 (in 28 buckets, 1.48 GB CPU)
  ⚡ Timing: matmul=0.13s, sampling=4.92s, total=7.96s
============================================================
Level 67 - SAMPLING
============================================================
  Starting braids: 959664
  Candidates to generate: 5009002
  Processing in 51 chunks...
  Projlen distribution:
    projlen=44: 8 braids
    projlen=45: 61 braids
    projlen=46: 167 braids
    projlen=47: 1637 braids
    projlen=48: 1843 braids
    projlen=49: 27311 braids
    projlen=50: 20816 braids
    projlen=51: 256873 braids
    projlen=52: 174771 braids
    projlen=53: 361328 braids
    projlen=54: 169657 braids
    projlen=55: 358856 braids
    projlen=56: 160181 braids
    projlen=57: 355492 braids
    projlen=58: 155953 braids
    projlen=59: 352393 braids
    projlen=60: 154964 braids
    projlen=61: 349637 braids
    projlen=62: 156601 braids
    projlen=63: 346320 braids
    projlen=64: 164220 braids
    projlen=65: 337614 braids
    projlen=66: 188563 braids
    projlen=67: 322459 braids
    projlen=68: 217729 braids
    projlen=69: 283759 braids
    projlen=70: 89789 braids
  Braids kept: 1051843 (in 27 buckets, 1.42 GB CPU)
  ⚡ Timing: matmul=0.13s, sampling=4.72s, total=7.70s
============================================================
Level 68 - SAMPLING
============================================================
  Starting braids: 951843
  Candidates to generate: 4944383
  Processing in 50 chunks...
  Projlen distribution:
    projlen=43: 1 braids
    projlen=44: 1 braids
    projlen=45: 32 braids
    projlen=46: 62 braids
    projlen=47: 725 braids
    projlen=48: 1073 braids
    projlen=49: 11066 braids
    projlen=50: 10062 braids
    projlen=51: 136666 braids
    projlen=52: 89776 braids
    projlen=53: 293895 braids
    projlen=54: 173829 braids
    projlen=55: 358782 braids
    projlen=56: 159728 braids
    projlen=57: 354730 braids
    projlen=58: 155702 braids
    projlen=59: 352609 braids
    projlen=60: 154654 braids
    projlen=61: 350841 braids
    projlen=62: 155027 braids
    projlen=63: 348336 braids
    projlen=64: 157227 braids
    projlen=65: 343928 braids
    projlen=66: 167947 braids
    projlen=67: 335446 braids
    projlen=68: 194500 braids
    projlen=69: 314663 braids
    projlen=70: 214044 braids
    projlen=71: 109031 braids
  Braids kept: 1073022 (in 29 buckets, 1.47 GB CPU)
  ⚡ Timing: matmul=0.13s, sampling=4.86s, total=7.82s
============================================================
Level 69 - SAMPLING
============================================================
  Starting braids: 973022
  Candidates to generate: 5055640
  Processing in 51 chunks...
  Projlen distribution:
    projlen=43: 4 braids
    projlen=44: 3 braids
    projlen=45: 8 braids
    projlen=46: 28 braids
    projlen=47: 377 braids
    projlen=48: 460 braids
    projlen=49: 5179 braids
    projlen=50: 5905 braids
    projlen=51: 59094 braids
    projlen=52: 44237 braids
    projlen=53: 270081 braids
    projlen=54: 177805 braids
    projlen=55: 363024 braids
    projlen=56: 167443 braids
    projlen=57: 356240 braids
    projlen=58: 155832 braids
    projlen=59: 351576 braids
    projlen=60: 154131 braids
    projlen=61: 350964 braids
    projlen=62: 154767 braids
    projlen=63: 349401 braids
    projlen=64: 154544 braids
    projlen=65: 347890 braids
    projlen=66: 158759 braids
    projlen=67: 342503 braids
    projlen=68: 173059 braids
    projlen=69: 330633 braids
    projlen=70: 200536 braids
    projlen=71: 293567 braids
    projlen=72: 87590 braids
  Braids kept: 1106201 (in 30 buckets, 1.53 GB CPU)
  ⚡ Timing: matmul=0.15s, sampling=5.04s, total=8.12s
============================================================
Level 70 - SAMPLING
============================================================
  Starting braids: 956201
  Candidates to generate: 4964547
  Processing in 50 chunks...
  Projlen distribution:
    projlen=43: 5 braids
    projlen=44: 3 braids
    projlen=45: 24 braids
    projlen=46: 21 braids
    projlen=47: 131 braids
    projlen=48: 215 braids
    projlen=49: 2778 braids
    projlen=50: 2790 braids
    projlen=51: 30055 braids
    projlen=52: 28372 braids
    projlen=53: 253990 braids
    projlen=54: 179220 braids
    projlen=55: 347776 braids
    projlen=56: 174208 braids
    projlen=57: 359005 braids
    projlen=58: 159596 braids
    projlen=59: 353242 braids
    projlen=60: 154465 braids
    projlen=61: 350161 braids
    projlen=62: 153450 braids
    projlen=63: 349112 braids
    projlen=64: 153992 braids
    projlen=65: 348635 braids
    projlen=66: 155087 braids
    projlen=67: 345998 braids
    projlen=68: 160542 braids
    projlen=69: 340355 braids
    projlen=70: 176674 braids
    projlen=71: 301279 braids
    projlen=72: 83366 braids
  Braids kept: 1064394 (in 30 buckets, 1.49 GB CPU)
  ⚡ Timing: matmul=0.28s, sampling=4.83s, total=7.97s
============================================================
Level 71 - SAMPLING
============================================================
  Starting braids: 964394
  Candidates to generate: 4981154
  Processing in 50 chunks...
  Projlen distribution:
    projlen=43: 4 braids
    projlen=44: 2 braids
    projlen=45: 29 braids
    projlen=46: 24 braids
    projlen=47: 154 braids
    projlen=48: 151 braids
    projlen=49: 1192 braids
    projlen=50: 1415 braids
    projlen=51: 16944 braids
    projlen=52: 14450 braids
    projlen=53: 151396 braids
    projlen=54: 122668 braids
    projlen=55: 306234 braids
    projlen=56: 188250 braids
    projlen=57: 355547 braids
    projlen=58: 165343 braids
    projlen=59: 355789 braids
    projlen=60: 157074 braids
    projlen=61: 351376 braids
    projlen=62: 153693 braids
    projlen=63: 349633 braids
    projlen=64: 153189 braids
    projlen=65: 348545 braids
    projlen=66: 153997 braids
    projlen=67: 347468 braids
    projlen=68: 155681 braids
    projlen=69: 344682 braids
    projlen=70: 162811 braids
    projlen=71: 332655 braids
    projlen=72: 176511 braids
    projlen=73: 114247 braids
  Braids kept: 1084365 (in 31 buckets, 1.53 GB CPU)
  ⚡ Timing: matmul=0.16s, sampling=4.96s, total=8.03s
============================================================
Level 72 - SAMPLING
============================================================
  Starting braids: 984365
  Candidates to generate: 5109651
  Processing in 52 chunks...
  Projlen distribution:
    projlen=43: 2 braids
    projlen=44: 3 braids
    projlen=45: 21 braids
    projlen=46: 15 braids
    projlen=47: 180 braids
    projlen=48: 152 braids
    projlen=49: 1029 braids
    projlen=50: 944 braids
    projlen=51: 8230 braids
    projlen=52: 7864 braids
    projlen=53: 86803 braids
    projlen=54: 63400 braids
    projlen=55: 272196 braids
    projlen=56: 204186 braids
    projlen=57: 350136 braids
    projlen=58: 184642 braids
    projlen=59: 350530 braids
    projlen=60: 163620 braids
    projlen=61: 351359 braids
    projlen=62: 156024 braids
    projlen=63: 350295 braids
    projlen=64: 153242 braids
    projlen=65: 349384 braids
    projlen=66: 153069 braids
    projlen=67: 348831 braids
    projlen=68: 154851 braids
    projlen=69: 347106 braids
    projlen=70: 157020 braids
    projlen=71: 341802 braids
    projlen=72: 164786 braids
    projlen=73: 305824 braids
    projlen=74: 82105 braids
  Braids kept: 1118440 (in 32 buckets, 1.60 GB CPU)
  ⚡ Timing: matmul=0.16s, sampling=5.23s, total=8.39s
============================================================
Level 73 - SAMPLING
============================================================
  Starting braids: 968440
  Candidates to generate: 5037164
  Processing in 51 chunks...
  Projlen distribution:
    projlen=44: 1 braids
    projlen=45: 13 braids
    projlen=46: 21 braids
    projlen=47: 129 braids
    projlen=48: 96 braids
    projlen=49: 1092 braids
    projlen=50: 858 braids
    projlen=51: 6460 braids
    projlen=52: 5363 braids
    projlen=53: 45086 braids
    projlen=54: 36602 braids
    projlen=55: 262694 braids
    projlen=56: 188709 braids
    projlen=57: 352374 braids
    projlen=58: 200600 braids
    projlen=59: 341320 braids
    projlen=60: 183764 braids
    projlen=61: 343584 braids
    projlen=62: 166440 braids
    projlen=63: 346454 braids
    projlen=64: 155649 braids
    projlen=65: 349813 braids
    projlen=66: 153734 braids
    projlen=67: 349152 braids
    projlen=68: 152918 braids
    projlen=69: 348734 braids
    projlen=70: 155807 braids
    projlen=71: 345681 braids
    projlen=72: 156843 braids
    projlen=73: 306746 braids
    projlen=74: 80427 braids
  Braids kept: 1095721 (in 31 buckets, 1.58 GB CPU)
  ⚡ Timing: matmul=0.13s, sampling=5.05s, total=8.16s
============================================================
Level 74 - SAMPLING
============================================================
  Starting braids: 995721
  Candidates to generate: 5172159
  Processing in 52 chunks...
  Projlen distribution:
    projlen=45: 8 braids
    projlen=46: 12 braids
    projlen=47: 97 braids
    projlen=48: 103 braids
    projlen=49: 752 braids
    projlen=50: 560 braids
    projlen=51: 6206 braids
    projlen=52: 4652 braids
    projlen=53: 35868 braids
    projlen=54: 27561 braids
    projlen=55: 224796 braids
    projlen=56: 162501 braids
    projlen=57: 325989 braids
    projlen=58: 187764 braids
    projlen=59: 345213 braids
    projlen=60: 194238 braids
    projlen=61: 335302 braids
    projlen=62: 190895 braids
    projlen=63: 336634 braids
    projlen=64: 172563 braids
    projlen=65: 343998 braids
    projlen=66: 157491 braids
    projlen=67: 347539 braids
    projlen=68: 153751 braids
    projlen=69: 349231 braids
    projlen=70: 152975 braids
    projlen=71: 348195 braids
    projlen=72: 155748 braids
    projlen=73: 339488 braids
    projlen=74: 155449 braids
    projlen=75: 116580 braids
  Braids kept: 1125819 (in 31 buckets, 1.64 GB CPU)
  ⚡ Timing: matmul=0.15s, sampling=5.21s, total=8.44s
============================================================
Level 75 - SAMPLING
============================================================
  Starting braids: 975819
  Candidates to generate: 5083819
  Processing in 51 chunks...
  Projlen distribution:
    projlen=45: 2 braids
    projlen=46: 5 braids
    projlen=47: 81 braids
    projlen=48: 73 braids
    projlen=49: 629 braids
    projlen=50: 514 braids
    projlen=51: 4221 braids
    projlen=52: 3109 braids
    projlen=53: 33069 braids
    projlen=54: 23520 braids
    projlen=55: 177585 braids
    projlen=56: 122252 braids
    projlen=57: 303723 braids
    projlen=58: 194744 braids
    projlen=59: 350353 braids
    projlen=60: 181941 braids
    projlen=61: 339529 braids
    projlen=62: 196694 braids
    projlen=63: 327521 braids
    projlen=64: 199714 braids
    projlen=65: 330846 braids
    projlen=66: 181810 braids
    projlen=67: 340963 braids
    projlen=68: 161686 braids
    projlen=69: 346291 braids
    projlen=70: 154074 braids
    projlen=71: 348885 braids
    projlen=72: 152395 braids
    projlen=73: 340493 braids
    projlen=74: 151010 braids
    projlen=75: 116087 braids
  Braids kept: 1115223 (in 31 buckets, 1.63 GB CPU)
  ⚡ Timing: matmul=0.15s, sampling=5.21s, total=8.36s
============================================================
Level 76 - SAMPLING
============================================================
  Starting braids: 965223
  Candidates to generate: 5052583
  Processing in 51 chunks...
  Projlen distribution:
    projlen=46: 1 braids
    projlen=47: 24 braids
    projlen=48: 35 braids
    projlen=49: 519 braids
    projlen=50: 419 braids
    projlen=51: 3635 braids
    projlen=52: 2761 braids
    projlen=53: 22833 braids
    projlen=54: 16081 braids
    projlen=55: 159350 braids
    projlen=56: 104008 braids
    projlen=57: 294842 braids
    projlen=58: 188455 braids
    projlen=59: 349978 braids
    projlen=60: 189711 braids
    projlen=61: 343072 braids
    projlen=62: 182222 braids
    projlen=63: 333431 braids
    projlen=64: 202770 braids
    projlen=65: 321820 braids
    projlen=66: 210619 braids
    projlen=67: 324398 braids
    projlen=68: 192933 braids
    projlen=69: 336719 braids
    projlen=70: 167864 braids
    projlen=71: 344873 braids
    projlen=72: 154777 braids
    projlen=73: 341533 braids
    projlen=74: 146853 braids
    projlen=75: 116047 braids
  Braids kept: 1096308 (in 30 buckets, 1.61 GB CPU)
  ⚡ Timing: matmul=0.19s, sampling=5.18s, total=8.37s
============================================================
Level 77 - SAMPLING
============================================================
  Starting braids: 996308
  Candidates to generate: 5266474
  Processing in 53 chunks...
  Projlen distribution:
    projlen=47: 3 braids
    projlen=48: 11 braids
    projlen=49: 188 braids
    projlen=50: 201 braids
    projlen=51: 2938 braids
    projlen=52: 2310 braids
    projlen=53: 19913 braids
    projlen=54: 13814 braids
    projlen=55: 111571 braids
    projlen=56: 71815 braids
    projlen=57: 280309 braids
    projlen=58: 178739 braids
    projlen=59: 354957 braids
    projlen=60: 184537 braids
    projlen=61: 344918 braids
    projlen=62: 188355 braids
    projlen=63: 335830 braids
    projlen=64: 188559 braids
    projlen=65: 326689 braids
    projlen=66: 209470 braids
    projlen=67: 316293 braids
    projlen=68: 220490 braids
    projlen=69: 317265 braids
    projlen=70: 205892 braids
    projlen=71: 330078 braids
    projlen=72: 176321 braids
    projlen=73: 339818 braids
    projlen=74: 155702 braids
    projlen=75: 308704 braids
    projlen=76: 80784 braids
  Braids kept: 1139378 (in 30 buckets, 1.69 GB CPU)
  ⚡ Timing: matmul=0.15s, sampling=5.51s, total=8.81s
============================================================
Level 78 - SAMPLING
============================================================
  Starting braids: 989378
  Candidates to generate: 5262634
  Processing in 53 chunks...
  Projlen distribution:
    projlen=48: 5 braids
    projlen=49: 45 braids
    projlen=50: 74 braids
    projlen=51: 1210 braids
    projlen=52: 1133 braids
    projlen=53: 16023 braids
    projlen=54: 11686 braids
    projlen=55: 98699 braids
    projlen=56: 62822 braids
    projlen=57: 274223 braids
    projlen=58: 177494 braids
    projlen=59: 359884 braids
    projlen=60: 175566 braids
    projlen=61: 350012 braids
    projlen=62: 180460 braids
    projlen=63: 338836 braids
    projlen=64: 192955 braids
    projlen=65: 329531 braids
    projlen=66: 196994 braids
    projlen=67: 321114 braids
    projlen=68: 216909 braids
    projlen=69: 310797 braids
    projlen=70: 229861 braids
    projlen=71: 308949 braids
    projlen=72: 218530 braids
    projlen=73: 320380 braids
    projlen=74: 186122 braids
    projlen=75: 299554 braids
    projlen=76: 82766 braids
  Braids kept: 1130176 (in 29 buckets, 1.68 GB CPU)
  ⚡ Timing: matmul=0.17s, sampling=5.53s, total=8.83s
============================================================
Level 79 - SAMPLING
============================================================
  Starting braids: 980176
  Candidates to generate: 5226210
  Processing in 53 chunks...
  Projlen distribution:
    projlen=48: 2 braids
    projlen=49: 18 braids
    projlen=50: 29 braids
    projlen=51: 440 braids
    projlen=52: 490 braids
    projlen=53: 7269 braids
    projlen=54: 5958 braids
    projlen=55: 79785 braids
    projlen=56: 53379 braids
    projlen=57: 271203 braids
    projlen=58: 174044 braids
    projlen=59: 358633 braids
    projlen=60: 175769 braids
    projlen=61: 354086 braids
    projlen=62: 167875 braids
    projlen=63: 345165 braids
    projlen=64: 183018 braids
    projlen=65: 332370 braids
    projlen=66: 199517 braids
    projlen=67: 323723 braids
    projlen=68: 207847 braids
    projlen=69: 316313 braids
    projlen=70: 225591 braids
    projlen=71: 305295 braids
    projlen=72: 237208 braids
    projlen=73: 302239 braids
    projlen=74: 227708 braids
    projlen=75: 282511 braids
    projlen=76: 88725 braids
  Braids kept: 1114206 (in 29 buckets, 1.67 GB CPU)
  ⚡ Timing: matmul=0.22s, sampling=5.54s, total=8.90s
============================================================
Level 80 - SAMPLING
============================================================
  Starting braids: 964206
  Candidates to generate: 5132860
  Processing in 52 chunks...
  Projlen distribution:
    projlen=49: 12 braids
    projlen=50: 19 braids
    projlen=51: 214 braids
    projlen=52: 242 braids
    projlen=53: 3136 braids
    projlen=54: 2828 braids
    projlen=55: 38580 braids
    projlen=56: 27799 braids
    projlen=57: 259794 braids
    projlen=58: 176240 braids
    projlen=59: 361688 braids
    projlen=60: 172656 braids
    projlen=61: 355357 braids
    projlen=62: 168330 braids
    projlen=63: 348688 braids
    projlen=64: 167445 braids
    projlen=65: 339872 braids
    projlen=66: 188595 braids
    projlen=67: 327754 braids
    projlen=68: 208427 braids
    projlen=69: 317321 braids
    projlen=70: 217884 braids
    projlen=71: 309946 braids
    projlen=72: 232997 braids
    projlen=73: 299778 braids
    projlen=74: 241272 braids
    projlen=75: 273429 braids
    projlen=76: 92557 braids
  Braids kept: 1072830 (in 28 buckets, 1.62 GB CPU)
  ⚡ Timing: matmul=0.13s, sampling=5.26s, total=8.46s
============================================================
Level 81 - SAMPLING
============================================================
  Starting braids: 972830
  Candidates to generate: 5169772
  Processing in 52 chunks...
  Projlen distribution:
    projlen=49: 1 braids
    projlen=50: 5 braids
    projlen=51: 125 braids
    projlen=52: 160 braids
    projlen=53: 1592 braids
    projlen=54: 1533 braids
    projlen=55: 18846 braids
    projlen=56: 14722 braids
    projlen=57: 188541 braids
    projlen=58: 121903 braids
    projlen=59: 309732 braids
    projlen=60: 175167 braids
    projlen=61: 357589 braids
    projlen=62: 163352 braids
    projlen=63: 351855 braids
    projlen=64: 167426 braids
    projlen=65: 344415 braids
    projlen=66: 171108 braids
    projlen=67: 335476 braids
    projlen=68: 194829 braids
    projlen=69: 322817 braids
    projlen=70: 216269 braids
    projlen=71: 310663 braids
    projlen=72: 227510 braids
    projlen=73: 303584 braids
    projlen=74: 238401 braids
    projlen=75: 292611 braids
    projlen=76: 235780 braids
    projlen=77: 103760 braids
  Braids kept: 1086984 (in 29 buckets, 1.66 GB CPU)
  ⚡ Timing: matmul=0.18s, sampling=5.40s, total=8.68s
============================================================
Level 82 - SAMPLING
============================================================
  Starting braids: 986984
  Candidates to generate: 5237304
  Processing in 53 chunks...
  Projlen distribution:
    projlen=49: 5 braids
    projlen=50: 3 braids
    projlen=51: 33 braids
    projlen=52: 61 braids
    projlen=53: 986 braids
    projlen=54: 1031 braids
    projlen=55: 10187 braids
    projlen=56: 8230 braids
    projlen=57: 95582 braids
    projlen=58: 63916 braids
    projlen=59: 280210 braids
    projlen=60: 176838 braids
    projlen=61: 361041 braids
    projlen=62: 167967 braids
    projlen=63: 353359 braids
    projlen=64: 160217 braids
    projlen=65: 347912 braids
    projlen=66: 169460 braids
    projlen=67: 340841 braids
    projlen=68: 177260 braids
    projlen=69: 330977 braids
    projlen=70: 201244 braids
    projlen=71: 317317 braids
    projlen=72: 224389 braids
    projlen=73: 305593 braids
    projlen=74: 235707 braids
    projlen=75: 297836 braids
    projlen=76: 242241 braids
    projlen=77: 272847 braids
    projlen=78: 94014 braids
  Braids kept: 1120536 (in 30 buckets, 1.73 GB CPU)
  ⚡ Timing: matmul=0.14s, sampling=5.64s, total=8.95s
============================================================
Level 83 - SAMPLING
============================================================
  Starting braids: 970536
  Candidates to generate: 5138008
  Processing in 52 chunks...
  Projlen distribution:
    projlen=49: 6 braids
    projlen=50: 7 braids
    projlen=51: 45 braids
    projlen=52: 44 braids
    projlen=53: 388 braids
    projlen=54: 490 braids
    projlen=55: 6541 braids
    projlen=56: 5552 braids
    projlen=57: 53741 braids
    projlen=58: 37270 braids
    projlen=59: 265773 braids
    projlen=60: 177686 braids
    projlen=61: 362863 braids
    projlen=62: 172204 braids
    projlen=63: 356097 braids
    projlen=64: 161594 braids
    projlen=65: 350401 braids
    projlen=66: 160658 braids
    projlen=67: 344056 braids
    projlen=68: 173241 braids
    projlen=69: 336035 braids
    projlen=70: 184721 braids
    projlen=71: 326753 braids
    projlen=72: 208999 braids
    projlen=73: 312992 braids
    projlen=74: 231735 braids
    projlen=75: 300568 braids
    projlen=76: 240998 braids
    projlen=77: 273744 braids
    projlen=78: 92806 braids
  Braids kept: 1100343 (in 30 buckets, 1.71 GB CPU)
  ⚡ Timing: matmul=0.30s, sampling=5.47s, total=8.87s
============================================================
Level 84 - SAMPLING
============================================================
  Starting braids: 950343
  Candidates to generate: 5017993
  Processing in 51 chunks...
  Projlen distribution:
    projlen=51: 49 braids
    projlen=52: 48 braids
    projlen=53: 343 braids
    projlen=54: 330 braids
    projlen=55: 3140 braids
    projlen=56: 2973 braids
    projlen=57: 36448 braids
    projlen=58: 27054 braids
    projlen=59: 247875 braids
    projlen=60: 158192 braids
    projlen=61: 331698 braids
    projlen=62: 174662 braids
    projlen=63: 358048 braids
    projlen=64: 162663 braids
    projlen=65: 352071 braids
    projlen=66: 160335 braids
    projlen=67: 346474 braids
    projlen=68: 161697 braids
    projlen=69: 340628 braids
    projlen=70: 178460 braids
    projlen=71: 331763 braids
    projlen=72: 193426 braids
    projlen=73: 322742 braids
    projlen=74: 216879 braids
    projlen=75: 307630 braids
    projlen=76: 234559 braids
    projlen=77: 275570 braids
    projlen=78: 92236 braids
  Braids kept: 1070385 (in 28 buckets, 1.67 GB CPU)
  ⚡ Timing: matmul=0.13s, sampling=5.30s, total=8.47s
============================================================
Level 85 - SAMPLING
============================================================
  Starting braids: 970385
  Candidates to generate: 5102949
  Processing in 52 chunks...
  Projlen distribution:
    projlen=51: 9 braids
    projlen=52: 11 braids
    projlen=53: 312 braids
    projlen=54: 295 braids
    projlen=55: 2352 braids
    projlen=56: 2007 braids
    projlen=57: 19700 braids
    projlen=58: 15512 braids
    projlen=59: 178381 braids
    projlen=60: 116163 braids
    projlen=61: 307387 braids
    projlen=62: 176132 braids
    projlen=63: 358849 braids
    projlen=64: 166052 braids
    projlen=65: 353723 braids
    projlen=66: 160478 braids
    projlen=67: 347774 braids
    projlen=68: 161598 braids
    projlen=69: 343438 braids
    projlen=70: 164776 braids
    projlen=71: 337772 braids
    projlen=72: 185177 braids
    projlen=73: 327535 braids
    projlen=74: 203360 braids
    projlen=75: 317138 braids
    projlen=76: 222871 braids
    projlen=77: 300046 braids
    projlen=78: 228916 braids
    projlen=79: 105185 braids
  Braids kept: 1090198 (in 29 buckets, 1.72 GB CPU)
  ⚡ Timing: matmul=0.17s, sampling=5.52s, total=8.83s
============================================================
Level 86 - SAMPLING
============================================================
  Starting braids: 990198
  Candidates to generate: 5205830
  Processing in 53 chunks...
  Projlen distribution:
    projlen=50: 1 braids
    projlen=51: 3 braids
    projlen=52: 9 braids
    projlen=53: 88 braids
    projlen=54: 107 braids
    projlen=55: 1926 braids
    projlen=56: 1717 braids
    projlen=57: 14182 braids
    projlen=58: 10733 braids
    projlen=59: 100755 braids
    projlen=60: 67065 braids
    projlen=61: 280599 braids
    projlen=62: 176460 braids
    projlen=63: 361362 braids
    projlen=64: 169612 braids
    projlen=65: 354609 braids
    projlen=66: 161161 braids
    projlen=67: 350258 braids
    projlen=68: 161064 braids
    projlen=69: 345036 braids
    projlen=70: 163764 braids
    projlen=71: 341704 braids
    projlen=72: 169252 braids
    projlen=73: 334132 braids
    projlen=74: 191773 braids
    projlen=75: 323520 braids
    projlen=76: 212970 braids
    projlen=77: 310562 braids
    projlen=78: 229714 braids
    projlen=79: 280095 braids
    projlen=80: 91597 braids
  Braids kept: 1128766 (in 31 buckets, 1.80 GB CPU)
  ⚡ Timing: matmul=0.14s, sampling=5.79s, total=9.16s
============================================================
Level 87 - SAMPLING
============================================================
  Starting braids: 978766
  Candidates to generate: 5133654
  Processing in 52 chunks...
  Projlen distribution:
    projlen=51: 3 braids
    projlen=52: 4 braids
    projlen=53: 48 braids
    projlen=54: 70 braids
    projlen=55: 723 braids
    projlen=56: 756 braids
    projlen=57: 11274 braids
    projlen=58: 8816 braids
    projlen=59: 73383 braids
    projlen=60: 48564 braids
    projlen=61: 270834 braids
    projlen=62: 177216 braids
    projlen=63: 361277 braids
    projlen=64: 171743 braids
    projlen=65: 356354 braids
    projlen=66: 162707 braids
    projlen=67: 350773 braids
    projlen=68: 160769 braids
    projlen=69: 346977 braids
    projlen=70: 163470 braids
    projlen=71: 343233 braids
    projlen=72: 167777 braids
    projlen=73: 339601 braids
    projlen=74: 176050 braids
    projlen=75: 331202 braids
    projlen=76: 199461 braids
    projlen=77: 318235 braids
    projlen=78: 219602 braids
    projlen=79: 283409 braids
    projlen=80: 89323 braids
  Braids kept: 1120258 (in 30 buckets, 1.79 GB CPU)
  ⚡ Timing: matmul=0.21s, sampling=5.64s, total=9.01s
============================================================
Level 88 - SAMPLING
============================================================
  Starting braids: 970258
  Candidates to generate: 5079918
  Processing in 51 chunks...
  Projlen distribution:
    projlen=52: 1 braids
    projlen=53: 29 braids
    projlen=54: 38 braids
    projlen=55: 409 braids
    projlen=56: 455 braids
    projlen=57: 5019 braids
    projlen=58: 4331 braids
    projlen=59: 58569 braids
    projlen=60: 41045 braids
    projlen=61: 266020 braids
    projlen=62: 173906 braids
    projlen=63: 359061 braids
    projlen=64: 174405 braids
    projlen=65: 357396 braids
    projlen=66: 162534 braids
    projlen=67: 352746 braids
    projlen=68: 161482 braids
    projlen=69: 348184 braids
    projlen=70: 162970 braids
    projlen=71: 344889 braids
    projlen=72: 167133 braids
    projlen=73: 339590 braids
    projlen=74: 173476 braids
    projlen=75: 335350 braids
    projlen=76: 183428 braids
    projlen=77: 326393 braids
    projlen=78: 205138 braids
    projlen=79: 288817 braids
    projlen=80: 87104 braids
  Braids kept: 1101327 (in 29 buckets, 1.77 GB CPU)
  ⚡ Timing: matmul=0.17s, sampling=5.57s, total=8.88s
============================================================
Level 89 - SAMPLING
============================================================
  Starting braids: 951327
  Candidates to generate: 4977881
  Processing in 50 chunks...
  Projlen distribution:
    projlen=53: 2 braids
    projlen=54: 15 braids
    projlen=55: 242 braids
    projlen=56: 300 braids
    projlen=57: 2933 braids
    projlen=58: 2640 braids
    projlen=59: 28670 braids
    projlen=60: 21480 braids
    projlen=61: 248767 braids
    projlen=62: 162819 braids
    projlen=63: 341094 braids
    projlen=64: 174529 braids
    projlen=65: 358717 braids
    projlen=66: 163836 braids
    projlen=67: 353732 braids
    projlen=68: 160210 braids
    projlen=69: 349200 braids
    projlen=70: 163217 braids
    projlen=71: 345555 braids
    projlen=72: 166516 braids
    projlen=73: 341466 braids
    projlen=74: 172074 braids
    projlen=75: 336808 braids
    projlen=76: 180340 braids
    projlen=77: 330640 braids
    projlen=78: 190604 braids
    projlen=79: 296250 braids
    projlen=80: 85225 braids
  Braids kept: 1056282 (in 28 buckets, 1.71 GB CPU)
  ⚡ Timing: matmul=0.16s, sampling=5.43s, total=8.67s
============================================================
Level 90 - SAMPLING
============================================================
  Starting braids: 956282
  Candidates to generate: 4979524
  Processing in 50 chunks...
  Projlen distribution:
    projlen=54: 5 braids
    projlen=55: 48 braids
    projlen=56: 143 braids
    projlen=57: 1702 braids
    projlen=58: 1776 braids
    projlen=59: 17637 braids
    projlen=60: 13564 braids
    projlen=61: 142653 braids
    projlen=62: 92469 braids
    projlen=63: 295206 braids
    projlen=64: 175561 braids
    projlen=65: 359424 braids
    projlen=66: 164750 braids
    projlen=67: 354729 braids
    projlen=68: 160659 braids
    projlen=69: 349848 braids
    projlen=70: 160118 braids
    projlen=71: 345497 braids
    projlen=72: 165512 braids
    projlen=73: 342180 braids
    projlen=74: 171174 braids
    projlen=75: 338106 braids
    projlen=76: 177992 braids
    projlen=77: 333532 braids
    projlen=78: 188081 braids
    projlen=79: 321883 braids
    projlen=80: 193493 braids
    projlen=81: 111782 braids
  Braids kept: 1084875 (in 28 buckets, 1.77 GB CPU)
  ⚡ Timing: matmul=0.21s, sampling=5.56s, total=8.90s
============================================================
Level 91 - SAMPLING
============================================================
  Starting braids: 984875
  Candidates to generate: 5138657
  Processing in 52 chunks...
  Projlen distribution:
    projlen=54: 2 braids
    projlen=55: 35 braids
    projlen=56: 59 braids
    projlen=57: 519 braids
    projlen=58: 938 braids
    projlen=59: 10411 braids
    projlen=60: 9261 braids
    projlen=61: 88905 braids
    projlen=62: 59423 braids
    projlen=63: 276938 braids
    projlen=64: 176886 braids
    projlen=65: 362097 braids
    projlen=66: 168666 braids
    projlen=67: 356164 braids
    projlen=68: 160458 braids
    projlen=69: 350585 braids
    projlen=70: 160165 braids
    projlen=71: 346390 braids
    projlen=72: 162127 braids
    projlen=73: 342297 braids
    projlen=74: 169083 braids
    projlen=75: 338301 braids
    projlen=76: 176427 braids
    projlen=77: 333890 braids
    projlen=78: 185381 braids
    projlen=79: 326686 braids
    projlen=80: 195156 braids
    projlen=81: 295402 braids
    projlen=82: 86005 braids
  Braids kept: 1121225 (in 29 buckets, 1.85 GB CPU)
  ⚡ Timing: matmul=0.14s, sampling=5.87s, total=9.26s
============================================================
Level 92 - SAMPLING
============================================================
  Starting braids: 971225
  Candidates to generate: 5070257
  Processing in 51 chunks...
  Projlen distribution:
    projlen=54: 2 braids
    projlen=55: 15 braids
    projlen=56: 37 braids
    projlen=57: 355 braids
    projlen=58: 422 braids
    projlen=59: 4123 braids
    projlen=60: 5023 braids
    projlen=61: 53830 braids
    projlen=62: 42122 braids
    projlen=63: 265752 braids
    projlen=64: 176944 braids
    projlen=65: 361267 braids
    projlen=66: 172427 braids
    projlen=67: 358051 braids
    projlen=68: 160861 braids
    projlen=69: 352942 braids
    projlen=70: 159624 braids
    projlen=71: 348548 braids
    projlen=72: 162458 braids
    projlen=73: 344668 braids
    projlen=74: 165423 braids
    projlen=75: 340100 braids
    projlen=76: 174478 braids
    projlen=77: 334698 braids
    projlen=78: 183842 braids
    projlen=79: 329367 braids
    projlen=80: 192368 braids
    projlen=81: 295486 braids
    projlen=82: 85024 braids
  Braids kept: 1102099 (in 29 buckets, 1.83 GB CPU)
  ⚡ Timing: matmul=0.17s, sampling=5.68s, total=9.04s
============================================================
Level 93 - SAMPLING
============================================================
  Starting braids: 952099
  Candidates to generate: 4979077
  Processing in 50 chunks...
  Projlen distribution:
    projlen=55: 8 braids
    projlen=56: 25 braids
    projlen=57: 198 braids
    projlen=58: 273 braids
    projlen=59: 2702 braids
    projlen=60: 2544 braids
    projlen=61: 24899 braids
    projlen=62: 24852 braids
    projlen=63: 245275 braids
    projlen=64: 177482 braids
    projlen=65: 340730 braids
    projlen=66: 175940 braids
    projlen=67: 357999 braids
    projlen=68: 163023 braids
    projlen=69: 353976 braids
    projlen=70: 157943 braids
    projlen=71: 348770 braids
    projlen=72: 159796 braids
    projlen=73: 345759 braids
    projlen=74: 165281 braids
    projlen=75: 342066 braids
    projlen=76: 170203 braids
    projlen=77: 336407 braids
    projlen=78: 181133 braids
    projlen=79: 330252 braids
    projlen=80: 191069 braids
    projlen=81: 295721 braids
    projlen=82: 84751 braids
  Braids kept: 1055501 (in 28 buckets, 1.76 GB CPU)
  ⚡ Timing: matmul=0.14s, sampling=5.58s, total=8.88s
============================================================
Level 94 - SAMPLING
============================================================
  Starting braids: 955501
  Candidates to generate: 4981095
  Processing in 50 chunks...
  Projlen distribution:
    projlen=54: 1 braids
    projlen=55: 7 braids
    projlen=56: 11 braids
    projlen=57: 140 braids
    projlen=58: 185 braids
    projlen=59: 1560 braids
    projlen=60: 1641 braids
    projlen=61: 16648 braids
    projlen=62: 13407 braids
    projlen=63: 127346 braids
    projlen=64: 105457 braids
    projlen=65: 294869 braids
    projlen=66: 192149 braids
    projlen=67: 352997 braids
    projlen=68: 168323 braids
    projlen=69: 352763 braids
    projlen=70: 159856 braids
    projlen=71: 350975 braids
    projlen=72: 158320 braids
    projlen=73: 345936 braids
    projlen=74: 161446 braids
    projlen=75: 343427 braids
    projlen=76: 169620 braids
    projlen=77: 340003 braids
    projlen=78: 176865 braids
    projlen=79: 333227 braids
    projlen=80: 188970 braids
    projlen=81: 320866 braids
    projlen=82: 193188 braids
    projlen=83: 110892 braids
  Braids kept: 1083600 (in 30 buckets, 1.83 GB CPU)
  ⚡ Timing: matmul=0.15s, sampling=5.68s, total=8.98s
============================================================
Level 95 - SAMPLING
============================================================
  Starting braids: 983600
  Candidates to generate: 5162608
  Processing in 52 chunks...
  Projlen distribution:
    projlen=54: 1 braids
    projlen=55: 4 braids
    projlen=56: 8 braids
    projlen=57: 89 braids
    projlen=58: 94 braids
    projlen=59: 1181 braids
    projlen=60: 1195 braids
    projlen=61: 10066 braids
    projlen=62: 8616 braids
    projlen=63: 86220 braids
    projlen=64: 59923 braids
    projlen=65: 269265 braids
    projlen=66: 205542 braids
    projlen=67: 348099 braids
    projlen=68: 189418 braids
    projlen=69: 347581 braids
    projlen=70: 167619 braids
    projlen=71: 347672 braids
    projlen=72: 160167 braids
    projlen=73: 346909 braids
    projlen=74: 159602 braids
    projlen=75: 344898 braids
    projlen=76: 164808 braids
    projlen=77: 340075 braids
    projlen=78: 175219 braids
    projlen=79: 336690 braids
    projlen=80: 184520 braids
    projlen=81: 328479 braids
    projlen=82: 196942 braids
    projlen=83: 295205 braids
    projlen=84: 86501 braids
  Braids kept: 1121254 (in 31 buckets, 1.91 GB CPU)
  ⚡ Timing: matmul=0.18s, sampling=6.03s, total=9.49s
============================================================
Level 96 - SAMPLING
============================================================
  Starting braids: 971254
  Candidates to generate: 5108770
  Processing in 52 chunks...
  Projlen distribution:
    projlen=55: 3 braids
    projlen=56: 3 braids
    projlen=57: 47 braids
    projlen=58: 62 braids
    projlen=59: 678 braids
    projlen=60: 697 braids
    projlen=61: 7909 braids
    projlen=62: 6581 braids
    projlen=63: 54345 braids
    projlen=64: 39270 braids
    projlen=65: 265884 braids
    projlen=66: 183395 braids
    projlen=67: 354170 braids
    projlen=68: 202975 braids
    projlen=69: 341823 braids
    projlen=70: 190134 braids
    projlen=71: 342156 braids
    projlen=72: 172318 braids
    projlen=73: 343836 braids
    projlen=74: 162760 braids
    projlen=75: 344635 braids
    projlen=76: 162400 braids
    projlen=77: 342148 braids
    projlen=78: 168637 braids
    projlen=79: 337249 braids
    projlen=80: 181298 braids
    projlen=81: 331080 braids
    projlen=82: 191418 braids
    projlen=83: 296109 braids
    projlen=84: 84750 braids
  Braids kept: 1105250 (in 30 buckets, 1.89 GB CPU)
  ⚡ Timing: matmul=0.13s, sampling=5.81s, total=9.20s
============================================================
Level 97 - SAMPLING
============================================================
  Starting braids: 955250
  Candidates to generate: 5036946
  Processing in 51 chunks...
  Projlen distribution:
    projlen=57: 29 braids
    projlen=58: 35 braids
    projlen=59: 353 braids
    projlen=60: 433 braids
    projlen=61: 4543 braids
    projlen=62: 4060 braids
    projlen=63: 44557 braids
    projlen=64: 32567 braids
    projlen=65: 252129 braids
    projlen=66: 165049 braids
    projlen=67: 335940 braids
    projlen=68: 181727 braids
    projlen=69: 347356 braids
    projlen=70: 195091 braids
    projlen=71: 334534 braids
    projlen=72: 196350 braids
    projlen=73: 334429 braids
    projlen=74: 179621 braids
    projlen=75: 339278 braids
    projlen=76: 166939 braids
    projlen=77: 341805 braids
    projlen=78: 165794 braids
    projlen=79: 338637 braids
    projlen=80: 174285 braids
    projlen=81: 332096 braids
    projlen=82: 186921 braids
    projlen=83: 298086 braids
    projlen=84: 84302 braids
  Braids kept: 1086577 (in 28 buckets, 1.87 GB CPU)
  ⚡ Timing: matmul=0.13s, sampling=5.75s, total=9.09s
============================================================
Level 98 - SAMPLING
============================================================
  Starting braids: 986577
  Candidates to generate: 5198335
  Processing in 52 chunks...
  Projlen distribution:
    projlen=57: 2 braids
    projlen=58: 6 braids
    projlen=59: 212 braids
    projlen=60: 257 braids
    projlen=61: 2593 braids
    projlen=62: 2512 braids
    projlen=63: 27018 braids
    projlen=64: 20713 braids
    projlen=65: 220694 braids
    projlen=66: 142232 braids
    projlen=67: 320597 braids
    projlen=68: 180818 braids
    projlen=69: 356719 braids
    projlen=70: 173821 braids
    projlen=71: 342195 braids
    projlen=72: 196967 braids
    projlen=73: 327955 braids
    projlen=74: 205912 braids
    projlen=75: 327926 braids
    projlen=76: 189740 braids
    projlen=77: 334145 braids
    projlen=78: 173349 braids
    projlen=79: 338411 braids
    projlen=80: 171765 braids
    projlen=81: 336476 braids
    projlen=82: 180838 braids
    projlen=83: 323947 braids
    projlen=84: 188677 braids
    projlen=85: 111838 braids
  Braids kept: 1103313 (in 29 buckets, 1.92 GB CPU)
  ⚡ Timing: matmul=0.16s, sampling=5.98s, total=9.46s
============================================================
Level 99 - SAMPLING
============================================================
  Starting braids: 953313
  Candidates to generate: 5030369
  Processing in 51 chunks...
  Projlen distribution:
    projlen=58: 2 braids
    projlen=59: 49 braids
    projlen=60: 96 braids
    projlen=61: 1578 braids
    projlen=62: 1598 braids
    projlen=63: 16345 braids
    projlen=64: 13039 braids
    projlen=65: 136027 braids
    projlen=66: 88926 braids
    projlen=67: 294210 braids
    projlen=68: 178043 braids
    projlen=69: 359856 braids
    projlen=70: 173311 braids
    projlen=71: 350694 braids
    projlen=72: 171587 braids
    projlen=73: 336621 braids
    projlen=74: 200505 braids
    projlen=75: 322610 braids
    projlen=76: 215802 braids
    projlen=77: 320364 braids
    projlen=78: 202225 braids
    projlen=79: 328540 braids
    projlen=80: 183903 braids
    projlen=81: 333472 braids
    projlen=82: 178481 braids
    projlen=83: 328018 braids
    projlen=84: 181924 braids
    projlen=85: 112543 braids
  Braids kept: 1082707 (in 28 buckets, 1.89 GB CPU)
  ⚡ Timing: matmul=0.13s, sampling=5.91s, total=9.31s
============================================================
Level 100 - SAMPLING
============================================================
  Starting braids: 982707
  Candidates to generate: 5216853
  Processing in 53 chunks...
  Projlen distribution:
    projlen=58: 3 braids
    projlen=59: 18 braids
    projlen=60: 28 braids
    projlen=61: 580 braids
    projlen=62: 711 braids
    projlen=63: 10220 braids
    projlen=64: 8462 braids
    projlen=65: 84647 braids
    projlen=66: 57057 braids
    projlen=67: 277519 braids
    projlen=68: 176763 braids
    projlen=69: 362388 braids
    projlen=70: 171501 braids
    projlen=71: 353245 braids
    projlen=72: 168419 braids
    projlen=73: 345560 braids
    projlen=74: 175303 braids
    projlen=75: 332437 braids
    projlen=76: 205911 braids
    projlen=77: 316756 braids
    projlen=78: 223641 braids
    projlen=79: 313698 braids
    projlen=80: 215358 braids
    projlen=81: 322880 braids
    projlen=82: 195975 braids
    projlen=83: 327480 braids
    projlen=84: 186737 braids
    projlen=85: 299016 braids
    projlen=86: 84540 braids
  Braids kept: 1120022 (in 29 buckets, 1.97 GB CPU)
  ⚡ Timing: matmul=0.13s, sampling=6.27s, total=9.82s
============================================================
Level 101 - SAMPLING
============================================================
  Starting braids: 970022
  Candidates to generate: 5160732
  Processing in 52 chunks...
  Projlen distribution:
    projlen=58: 1 braids
    projlen=59: 15 braids
    projlen=60: 27 braids
    projlen=61: 210 braids
    projlen=62: 284 braids
    projlen=63: 4499 braids
    projlen=64: 4152 braids
    projlen=65: 54513 braids
    projlen=66: 38815 braids
    projlen=67: 268115 braids
    projlen=68: 177461 braids
    projlen=69: 363385 braids
    projlen=70: 172056 braids
    projlen=71: 357970 braids
    projlen=72: 163127 braids
    projlen=73: 349809 braids
    projlen=74: 169936 braids
    projlen=75: 341219 braids
    projlen=76: 180602 braids
    projlen=77: 327892 braids
    projlen=78: 212229 braids
    projlen=79: 311960 braids
    projlen=80: 231648 braids
    projlen=81: 305714 braids
    projlen=82: 227003 braids
    projlen=83: 313928 braids
    projlen=84: 206849 braids
    projlen=85: 291766 braids
    projlen=86: 85547 braids
  Braids kept: 1098003 (in 29 buckets, 1.94 GB CPU)
  ⚡ Timing: matmul=0.15s, sampling=6.05s, total=9.54s
============================================================
Level 102 - SAMPLING
============================================================
  Starting braids: 998003
  Candidates to generate: 5298955
  Processing in 53 chunks...
  Projlen distribution:
    projlen=58: 1 braids
    projlen=59: 10 braids
    projlen=60: 15 braids
    projlen=61: 160 braids
    projlen=62: 211 braids
    projlen=63: 1839 braids
    projlen=64: 1984 braids
    projlen=65: 26810 braids
    projlen=66: 21031 braids
    projlen=67: 248786 braids
    projlen=68: 161587 braids
    projlen=69: 337223 braids
    projlen=70: 174715 braids
    projlen=71: 358976 braids
    projlen=72: 161891 braids
    projlen=73: 353766 braids
    projlen=74: 161142 braids
    projlen=75: 345992 braids
    projlen=76: 172865 braids
    projlen=77: 335460 braids
    projlen=78: 187283 braids
    projlen=79: 323970 braids
    projlen=80: 218800 braids
    projlen=81: 308842 braids
    projlen=82: 238629 braids
    projlen=83: 300196 braids
    projlen=84: 235412 braids
    projlen=85: 301716 braids
    projlen=86: 212348 braids
    projlen=87: 107295 braids
  Braids kept: 1102061 (in 30 buckets, 1.97 GB CPU)
  ⚡ Timing: matmul=0.16s, sampling=6.25s, total=9.85s
============================================================
Level 103 - SAMPLING
============================================================
  Starting braids: 952061
  Candidates to generate: 5044591
  Processing in 51 chunks...
  Projlen distribution:
    projlen=58: 1 braids
    projlen=59: 5 braids
    projlen=60: 9 braids
    projlen=61: 105 braids
    projlen=62: 130 braids
    projlen=63: 1278 braids
    projlen=64: 1352 braids
    projlen=65: 12518 braids
    projlen=66: 10782 braids
    projlen=67: 136068 braids
    projlen=68: 90431 braids
    projlen=69: 295740 braids
    projlen=70: 176582 braids
    projlen=71: 361089 braids
    projlen=72: 164951 braids
    projlen=73: 355926 braids
    projlen=74: 158696 braids
    projlen=75: 350476 braids
    projlen=76: 161692 braids
    projlen=77: 343388 braids
    projlen=78: 177932 braids
    projlen=79: 331471 braids
    projlen=80: 196308 braids
    projlen=81: 319020 braids
    projlen=82: 225021 braids
    projlen=83: 303933 braids
    projlen=84: 243026 braids
    projlen=85: 291295 braids
    projlen=86: 231955 braids
    projlen=87: 103411 braids
  Braids kept: 1076180 (in 30 buckets, 1.93 GB CPU)
  ⚡ Timing: matmul=0.14s, sampling=6.03s, total=9.48s
============================================================
Level 104 - SAMPLING
============================================================
  Starting braids: 976180
  Candidates to generate: 5165648
  Processing in 52 chunks...
  Projlen distribution:
    projlen=59: 3 braids
    projlen=60: 5 braids
    projlen=61: 51 braids
    projlen=62: 68 braids
    projlen=63: 827 braids
    projlen=64: 856 braids
    projlen=65: 8668 braids
    projlen=66: 7279 braids
    projlen=67: 67318 braids
    projlen=68: 46720 braids
    projlen=69: 273590 braids
    projlen=70: 178152 braids
    projlen=71: 363496 braids
    projlen=72: 169483 braids
    projlen=73: 356186 braids
    projlen=74: 159304 braids
    projlen=75: 351397 braids
    projlen=76: 157885 braids
    projlen=77: 347302 braids
    projlen=78: 163677 braids
    projlen=79: 340824 braids
    projlen=80: 184340 braids
    projlen=81: 328209 braids
    projlen=82: 205510 braids
    projlen=83: 314155 braids
    projlen=84: 231833 braids
    projlen=85: 298049 braids
    projlen=86: 245531 braids
    projlen=87: 270809 braids
    projlen=88: 94121 braids
  Braids kept: 1114477 (in 30 buckets, 2.02 GB CPU)
  ⚡ Timing: matmul=0.33s, sampling=6.16s, total=9.88s
============================================================
Level 105 - SAMPLING
============================================================
  Starting braids: 964477
  Candidates to generate: 5092613
  Processing in 51 chunks...
  Projlen distribution:
    projlen=61: 29 braids
    projlen=62: 40 braids
    projlen=63: 410 braids
    projlen=64: 428 braids
    projlen=65: 5584 braids
    projlen=66: 4882 braids
    projlen=67: 48193 braids
    projlen=68: 34927 braids
    projlen=69: 263622 braids
    projlen=70: 174943 braids
    projlen=71: 356680 braids
    projlen=72: 173083 braids
    projlen=73: 359210 braids
    projlen=74: 160693 braids
    projlen=75: 352957 braids
    projlen=76: 158184 braids
    projlen=77: 348747 braids
    projlen=78: 158689 braids
    projlen=79: 345233 braids
    projlen=80: 166822 braids
    projlen=81: 336845 braids
    projlen=82: 191151 braids
    projlen=83: 324689 braids
    projlen=84: 214461 braids
    projlen=85: 309991 braids
    projlen=86: 234583 braids
    projlen=87: 275303 braids
    projlen=88: 92234 braids
  Braids kept: 1094493 (in 28 buckets, 1.99 GB CPU)
  ⚡ Timing: matmul=0.17s, sampling=5.97s, total=9.46s
============================================================
Level 106 - SAMPLING
============================================================
  Starting braids: 994493
  Candidates to generate: 5239321
  Processing in 53 chunks...
  Projlen distribution:
    projlen=61: 5 braids
    projlen=62: 15 braids
    projlen=63: 246 braids
    projlen=64: 294 braids
    projlen=65: 2846 braids
    projlen=66: 2615 braids
    projlen=67: 32137 braids
    projlen=68: 25035 braids
    projlen=69: 240357 braids
    projlen=70: 154429 braids
    projlen=71: 329182 braids
    projlen=72: 176765 braids
    projlen=73: 360722 braids
    projlen=74: 162933 braids
    projlen=75: 354711 braids
    projlen=76: 157827 braids
    projlen=77: 349493 braids
    projlen=78: 158328 braids
    projlen=79: 346216 braids
    projlen=80: 160501 braids
    projlen=81: 343908 braids
    projlen=82: 171239 braids
    projlen=83: 333900 braids
    projlen=84: 198782 braids
    projlen=85: 319417 braids
    projlen=86: 221674 braids
    projlen=87: 301752 braids
    projlen=88: 228052 braids
    projlen=89: 105940 braids
  Braids kept: 1113193 (in 29 buckets, 2.05 GB CPU)
  ⚡ Timing: matmul=0.14s, sampling=6.28s, total=9.90s
============================================================
Level 107 - SAMPLING
============================================================
  Starting braids: 963193
  Candidates to generate: 5048359
  Processing in 51 chunks...
  Projlen distribution:
    projlen=61: 4 braids
    projlen=62: 8 braids
    projlen=63: 77 braids
    projlen=64: 126 braids
    projlen=65: 1770 braids
    projlen=66: 1784 braids
    projlen=67: 17386 braids
    projlen=68: 13879 braids
    projlen=69: 161061 braids
    projlen=70: 108927 braids
    projlen=71: 306214 braids
    projlen=72: 178749 braids
    projlen=73: 361746 braids
    projlen=74: 167553 braids
    projlen=75: 355071 braids
    projlen=76: 159174 braids
    projlen=77: 351114 braids
    projlen=78: 157231 braids
    projlen=79: 347891 braids
    projlen=80: 160199 braids
    projlen=81: 344351 braids
    projlen=82: 163246 braids
    projlen=83: 341174 braids
    projlen=84: 177458 braids
    projlen=85: 330798 braids
    projlen=86: 205953 braids
    projlen=87: 311301 braids
    projlen=88: 216860 braids
    projlen=89: 107254 braids
  Braids kept: 1085034 (in 29 buckets, 2.00 GB CPU)
  ⚡ Timing: matmul=0.14s, sampling=6.02s, total=9.50s
============================================================
Level 108 - SAMPLING
============================================================
  Starting braids: 985034
  Candidates to generate: 5155478
  Processing in 52 chunks...
  Projlen distribution:
    projlen=61: 2 braids
    projlen=62: 4 braids
    projlen=63: 48 braids
    projlen=64: 60 braids
    projlen=65: 765 braids
    projlen=66: 889 braids
    projlen=67: 11175 braids
    projlen=68: 9366 braids
    projlen=69: 89545 braids
    projlen=70: 60158 braids
    projlen=71: 279335 braids
    projlen=72: 182071 braids
    projlen=73: 360883 braids
    projlen=74: 170607 braids
    projlen=75: 355940 braids
    projlen=76: 162361 braids
    projlen=77: 351688 braids
    projlen=78: 158981 braids
    projlen=79: 348602 braids
    projlen=80: 158257 braids
    projlen=81: 346643 braids
    projlen=82: 162283 braids
    projlen=83: 343032 braids
    projlen=84: 167797 braids
    projlen=85: 336931 braids
    projlen=86: 183703 braids
    projlen=87: 325532 braids
    projlen=88: 211208 braids
    projlen=89: 288281 braids
    projlen=90: 89331 braids
  Braids kept: 1122309 (in 30 buckets, 2.09 GB CPU)
  ⚡ Timing: matmul=0.15s, sampling=6.36s, total=9.97s
============================================================
Level 109 - SAMPLING
============================================================
  Starting braids: 972309
  Candidates to generate: 5074227
  Processing in 51 chunks...
  Projlen distribution:
    projlen=63: 29 braids
    projlen=64: 45 braids
    projlen=65: 401 braids
    projlen=66: 470 braids
    projlen=67: 5544 braids
    projlen=68: 5008 braids
    projlen=69: 59410 braids
    projlen=70: 42654 braids
    projlen=71: 269243 braids
    projlen=72: 178525 braids
    projlen=73: 361804 braids
    projlen=74: 177132 braids
    projlen=75: 355978 braids
    projlen=76: 164121 braids
    projlen=77: 351036 braids
    projlen=78: 161413 braids
    projlen=79: 348850 braids
    projlen=80: 160219 braids
    projlen=81: 346155 braids
    projlen=82: 159678 braids
    projlen=83: 343792 braids
    projlen=84: 165755 braids
    projlen=85: 340083 braids
    projlen=86: 172882 braids
    projlen=87: 333198 braids
    projlen=88: 189349 braids
    projlen=89: 296421 braids
    projlen=90: 85032 braids
  Braids kept: 1104151 (in 28 buckets, 2.06 GB CPU)
  ⚡ Timing: matmul=0.15s, sampling=6.16s, total=9.69s
============================================================
Level 110 - SAMPLING
============================================================
  Starting braids: 954151
  Candidates to generate: 4984587
  Processing in 50 chunks...
  Projlen distribution:
    projlen=63: 10 braids
    projlen=64: 24 braids
    projlen=65: 224 braids
    projlen=66: 285 braids
    projlen=67: 3030 braids
    projlen=68: 2848 braids
    projlen=69: 32205 braids
    projlen=70: 24586 braids
    projlen=71: 253123 braids
    projlen=72: 170542 braids
    projlen=73: 345788 braids
    projlen=74: 175732 braids
    projlen=75: 355932 braids
    projlen=76: 167821 braids
    projlen=77: 351925 braids
    projlen=78: 164413 braids
    projlen=79: 347578 braids
    projlen=80: 163177 braids
    projlen=81: 346204 braids
    projlen=82: 162476 braids
    projlen=83: 344649 braids
    projlen=84: 162863 braids
    projlen=85: 341194 braids
    projlen=86: 169907 braids
    projlen=87: 336914 braids
    projlen=88: 177878 braids
    projlen=89: 300236 braids
    projlen=90: 83023 braids
  Braids kept: 1063212 (in 28 buckets, 2.00 GB CPU)
  ⚡ Timing: matmul=0.15s, sampling=5.93s, total=9.38s
============================================================
Level 111 - SAMPLING
============================================================
  Starting braids: 963212
  Candidates to generate: 5014966
  Processing in 51 chunks...
  Projlen distribution:
    projlen=63: 4 braids
    projlen=64: 5 braids
    projlen=65: 117 braids
    projlen=66: 189 braids
    projlen=67: 1626 braids
    projlen=68: 1710 braids
    projlen=69: 18715 braids
    projlen=70: 14795 braids
    projlen=71: 162087 braids
    projlen=72: 106986 braids
    projlen=73: 304367 braids
    projlen=74: 180279 braids
    projlen=75: 358175 braids
    projlen=76: 166441 braids
    projlen=77: 352097 braids
    projlen=78: 166743 braids
    projlen=79: 346654 braids
    projlen=80: 166489 braids
    projlen=81: 344350 braids
    projlen=82: 167009 braids
    projlen=83: 343277 braids
    projlen=84: 166067 braids
    projlen=85: 343149 braids
    projlen=86: 167202 braids
    projlen=87: 339211 braids
    projlen=88: 174930 braids
    projlen=89: 328462 braids
    projlen=90: 180110 braids
    projlen=91: 113720 braids
  Braids kept: 1087161 (in 29 buckets, 2.06 GB CPU)
  ⚡ Timing: matmul=0.13s, sampling=6.19s, total=9.70s
============================================================
Level 112 - SAMPLING
============================================================
  Starting braids: 987161
  Candidates to generate: 5157233
  Processing in 52 chunks...
  Projlen distribution:
    projlen=62: 1 braids
    projlen=63: 1 braids
    projlen=64: 3 braids
    projlen=65: 42 braids
    projlen=66: 67 braids
    projlen=67: 1000 braids
    projlen=68: 1125 braids
    projlen=69: 10390 braids
    projlen=70: 8949 braids
    projlen=71: 95479 braids
    projlen=72: 64665 braids
    projlen=73: 281182 braids
    projlen=74: 179493 braids
    projlen=75: 360926 braids
    projlen=76: 172775 braids
    projlen=77: 353172 braids
    projlen=78: 163739 braids
    projlen=79: 347638 braids
    projlen=80: 169118 braids
    projlen=81: 342489 braids
    projlen=82: 171039 braids
    projlen=83: 340571 braids
    projlen=84: 171323 braids
    projlen=85: 339889 braids
    projlen=86: 171295 braids
    projlen=87: 339117 braids
    projlen=88: 172062 braids
    projlen=89: 334689 braids
    projlen=90: 180971 braids
    projlen=91: 299969 braids
    projlen=92: 84054 braids
  Braids kept: 1121578 (in 31 buckets, 2.15 GB CPU)
  ⚡ Timing: matmul=0.16s, sampling=6.39s, total=10.01s
============================================================
Level 113 - SAMPLING
============================================================
  Starting braids: 971578
  Candidates to generate: 5090972
  Processing in 51 chunks...
  Projlen distribution:
    projlen=63: 4 braids
    projlen=64: 2 braids
    projlen=65: 19 braids
    projlen=66: 37 braids
    projlen=67: 411 braids
    projlen=68: 536 braids
    projlen=69: 6638 braids
    projlen=70: 6066 braids
    projlen=71: 54660 braids
    projlen=72: 40680 braids
    projlen=73: 266912 braids
    projlen=74: 179685 braids
    projlen=75: 363190 braids
    projlen=76: 174738 braids
    projlen=77: 356489 braids
    projlen=78: 166683 braids
    projlen=79: 349865 braids
    projlen=80: 165179 braids
    projlen=81: 344695 braids
    projlen=82: 174054 braids
    projlen=83: 338505 braids
    projlen=84: 177319 braids
    projlen=85: 336091 braids
    projlen=86: 178348 braids
    projlen=87: 335950 braids
    projlen=88: 179064 braids
    projlen=89: 333668 braids
    projlen=90: 176724 braids
    projlen=91: 301558 braids
    projlen=92: 83202 braids
  Braids kept: 1104393 (in 30 buckets, 2.12 GB CPU)
  ⚡ Timing: matmul=0.16s, sampling=6.21s, total=9.77s
============================================================
Level 114 - SAMPLING
============================================================
  Starting braids: 954393
  Candidates to generate: 5021793
  Processing in 51 chunks...
  Projlen distribution:
    projlen=62: 1 braids
    projlen=63: 2 braids
    projlen=64: 4 braids
    projlen=65: 25 braids
    projlen=66: 37 braids
    projlen=67: 203 braids
    projlen=68: 296 braids
    projlen=69: 3160 braids
    projlen=70: 3266 braids
    projlen=71: 36759 braids
    projlen=72: 29321 braids
    projlen=73: 248698 braids
    projlen=74: 171049 braids
    projlen=75: 337301 braids
    projlen=76: 177087 braids
    projlen=77: 357388 braids
    projlen=78: 165079 braids
    projlen=79: 352276 braids
    projlen=80: 166137 braids
    projlen=81: 346194 braids
    projlen=82: 168377 braids
    projlen=83: 340610 braids
    projlen=84: 179907 braids
    projlen=85: 334695 braids
    projlen=86: 185709 braids
    projlen=87: 331870 braids
    projlen=88: 187546 braids
    projlen=89: 330499 braids
    projlen=90: 185831 braids
    projlen=91: 298662 braids
    projlen=92: 83804 braids
  Braids kept: 1073074 (in 31 buckets, 2.07 GB CPU)
  ⚡ Timing: matmul=0.17s, sampling=6.17s, total=9.73s
============================================================
Level 115 - SAMPLING
============================================================
  Starting braids: 973074
  Candidates to generate: 5107998
  Processing in 52 chunks...
  Projlen distribution:
    projlen=63: 4 braids
    projlen=64: 4 braids
    projlen=65: 22 braids
    projlen=66: 24 braids
    projlen=67: 252 braids
    projlen=68: 251 braids
    projlen=69: 1767 braids
    projlen=70: 1893 braids
    projlen=71: 19710 braids
    projlen=72: 16809 braids
    projlen=73: 180950 braids
    projlen=74: 125930 braids
    projlen=75: 308118 braids
    projlen=76: 186712 braids
    projlen=77: 355530 braids
    projlen=78: 170020 braids
    projlen=79: 354186 braids
    projlen=80: 163117 braids
    projlen=81: 347013 braids
    projlen=82: 168285 braids
    projlen=83: 341829 braids
    projlen=84: 173306 braids
    projlen=85: 336470 braids
    projlen=86: 186655 braids
    projlen=87: 330041 braids
    projlen=88: 194741 braids
    projlen=89: 325560 braids
    projlen=90: 196335 braids
    projlen=91: 320317 braids
    projlen=92: 190484 braids
    projlen=93: 111663 braids
  Braids kept: 1090736 (in 31 buckets, 2.13 GB CPU)
  ⚡ Timing: matmul=0.13s, sampling=6.38s, total=9.98s
============================================================
Level 116 - SAMPLING
============================================================
  Starting braids: 990736
  Candidates to generate: 5223924
  Processing in 53 chunks...
  Projlen distribution:
    projlen=63: 3 braids
    projlen=64: 5 braids
    projlen=65: 38 braids
    projlen=66: 30 braids
    projlen=67: 182 braids
    projlen=68: 172 braids
    projlen=69: 1788 braids
    projlen=70: 1628 braids
    projlen=71: 12018 braids
    projlen=72: 10235 braids
    projlen=73: 100373 braids
    projlen=74: 71980 braids
    projlen=75: 280733 braids
    projlen=76: 186526 braids
    projlen=77: 353594 braids
    projlen=78: 180351 braids
    projlen=79: 349449 braids
    projlen=80: 167851 braids
    projlen=81: 348480 braids
    projlen=82: 164570 braids
    projlen=83: 343671 braids
    projlen=84: 172383 braids
    projlen=85: 338907 braids
    projlen=86: 179858 braids
    projlen=87: 331719 braids
    projlen=88: 193557 braids
    projlen=89: 325846 braids
    projlen=90: 204544 braids
    projlen=91: 319479 braids
    projlen=92: 205506 braids
    projlen=93: 291669 braids
    projlen=94: 86779 braids
  Braids kept: 1126099 (in 32 buckets, 2.21 GB CPU)
  ⚡ Timing: matmul=0.14s, sampling=6.76s, total=10.49s
============================================================
Level 117 - SAMPLING
============================================================
  Starting braids: 976099
  Candidates to generate: 5157725
  Processing in 52 chunks...
  Projlen distribution:
    projlen=64: 2 braids
    projlen=65: 28 braids
    projlen=66: 26 braids
    projlen=67: 251 braids
    projlen=68: 186 braids
    projlen=69: 1254 braids
    projlen=70: 1109 braids
    projlen=71: 11116 braids
    projlen=72: 8810 braids
    projlen=73: 64210 braids
    projlen=74: 46178 braids
    projlen=75: 266514 braids
    projlen=76: 186482 braids
    projlen=77: 355917 braids
    projlen=78: 183109 braids
    projlen=79: 348839 braids
    projlen=80: 177657 braids
    projlen=81: 344436 braids
    projlen=82: 171540 braids
    projlen=83: 343329 braids
    projlen=84: 167836 braids
    projlen=85: 340046 braids
    projlen=86: 178229 braids
    projlen=87: 334259 braids
    projlen=88: 188186 braids
    projlen=89: 328041 braids
    projlen=90: 203124 braids
    projlen=91: 319186 braids
    projlen=92: 212268 braids
    projlen=93: 288004 braids
    projlen=94: 87553 braids
  Braids kept: 1118960 (in 31 buckets, 2.21 GB CPU)
  ⚡ Timing: matmul=0.15s, sampling=6.43s, total=10.06s
============================================================
Level 118 - SAMPLING
============================================================
  Starting braids: 968960
  Candidates to generate: 5127474
  Processing in 52 chunks...
  Projlen distribution:
    projlen=64: 1 braids
    projlen=65: 8 braids
    projlen=66: 9 braids
    projlen=67: 172 braids
    projlen=68: 136 braids
    projlen=69: 1461 braids
    projlen=70: 1120 braids
    projlen=71: 7852 braids
    projlen=72: 6257 braids
    projlen=73: 59122 braids
    projlen=74: 42310 braids
    projlen=75: 262190 braids
    projlen=76: 179302 braids
    projlen=77: 347489 braids
    projlen=78: 184821 braids
    projlen=79: 350134 braids
    projlen=80: 177001 braids
    projlen=81: 343353 braids
    projlen=82: 181767 braids
    projlen=83: 338433 braids
    projlen=84: 177455 braids
    projlen=85: 338359 braids
    projlen=86: 173599 braids
    projlen=87: 336680 braids
    projlen=88: 185545 braids
    projlen=89: 329581 braids
    projlen=90: 196560 braids
    projlen=91: 321449 braids
    projlen=92: 210133 braids
    projlen=93: 287769 braids
    projlen=94: 87406 braids
  Braids kept: 1109326 (in 31 buckets, 2.19 GB CPU)
  ⚡ Timing: matmul=0.13s, sampling=6.44s, total=10.09s
============================================================
Level 119 - SAMPLING
============================================================
  Starting braids: 959326
  Candidates to generate: 5082230
  Processing in 51 chunks...
  Projlen distribution:
    projlen=64: 1 braids
    projlen=65: 5 braids
    projlen=66: 7 braids
    projlen=67: 58 braids
    projlen=68: 51 braids
    projlen=69: 934 braids
    projlen=70: 771 braids
    projlen=71: 8047 braids
    projlen=72: 6085 braids
    projlen=73: 43531 braids
    projlen=74: 31102 braids
    projlen=75: 252122 braids
    projlen=76: 168859 braids
    projlen=77: 340088 braids
    projlen=78: 185141 braids
    projlen=79: 352685 braids
    projlen=80: 178312 braids
    projlen=81: 343703 braids
    projlen=82: 179453 braids
    projlen=83: 338034 braids
    projlen=84: 188709 braids
    projlen=85: 332361 braids
    projlen=86: 186268 braids
    projlen=87: 333438 braids
    projlen=88: 181225 braids
    projlen=89: 331579 braids
    projlen=90: 194427 braids
    projlen=91: 323987 braids
    projlen=92: 204227 braids
    projlen=93: 290293 braids
    projlen=94: 86727 braids
  Braids kept: 1090592 (in 31 buckets, 2.16 GB CPU)
  ⚡ Timing: matmul=0.15s, sampling=6.34s, total=9.95s
============================================================
Level 120 - SAMPLING
============================================================
  Starting braids: 990592
  Candidates to generate: 5244100
  Processing in 53 chunks...
  Projlen distribution:
    projlen=64: 1 braids
    projlen=65: 2 braids
    projlen=66: 5 braids
    projlen=67: 41 braids
    projlen=68: 32 braids
    projlen=69: 360 braids
    projlen=70: 328 braids
    projlen=71: 5120 braids
    projlen=72: 4223 braids
    projlen=73: 42591 braids
    projlen=74: 30576 braids
    projlen=75: 216004 braids
    projlen=76: 137065 braids
    projlen=77: 315122 braids
    projlen=78: 181452 braids
    projlen=79: 354541 braids
    projlen=80: 177528 braids
    projlen=81: 347117 braids
    projlen=82: 178813 braids
    projlen=83: 338273 braids
    projlen=84: 185640 braids
    projlen=85: 331527 braids
    projlen=86: 196505 braids
    projlen=87: 327092 braids
    projlen=88: 196559 braids
    projlen=89: 327622 braids
    projlen=90: 191414 braids
    projlen=91: 326265 braids
    projlen=92: 202092 braids
    projlen=93: 314614 braids
    projlen=94: 205954 braids
    projlen=95: 109622 braids
  Braids kept: 1133279 (in 32 buckets, 2.26 GB CPU)
  ⚡ Timing: matmul=0.14s, sampling=6.67s, total=10.50s
============================================================
Level 121 - SAMPLING
============================================================
  Starting braids: 983279
  Candidates to generate: 5209721
  Processing in 53 chunks...
  Projlen distribution:
    projlen=65: 4 braids
    projlen=66: 5 braids
    projlen=67: 30 braids
    projlen=68: 28 braids
    projlen=69: 234 braids
    projlen=70: 197 braids
    projlen=71: 2138 braids
    projlen=72: 1937 braids
    projlen=73: 27681 braids
    projlen=74: 21081 braids
    projlen=75: 206657 braids
    projlen=76: 135371 braids
    projlen=77: 314804 braids
    projlen=78: 179221 braids
    projlen=79: 357251 braids
    projlen=80: 174775 braids
    projlen=81: 348025 braids
    projlen=82: 175668 braids
    projlen=83: 341311 braids
    projlen=84: 184123 braids
    projlen=85: 333271 braids
    projlen=86: 193980 braids
    projlen=87: 326974 braids
    projlen=88: 205935 braids
    projlen=89: 321096 braids
    projlen=90: 207406 braids
    projlen=91: 320738 braids
    projlen=92: 202345 braids
    projlen=93: 315967 braids
    projlen=94: 201823 braids
    projlen=95: 109645 braids
  Braids kept: 1103335 (in 31 buckets, 2.22 GB CPU)
  ⚡ Timing: matmul=0.14s, sampling=6.62s, total=10.36s
============================================================
Level 122 - SAMPLING
============================================================
  Starting braids: 953335
  Candidates to generate: 5046295
  Processing in 51 chunks...
  Projlen distribution:
    projlen=65: 5 braids
    projlen=66: 3 braids
    projlen=67: 38 braids
    projlen=68: 32 braids
    projlen=69: 199 braids
    projlen=70: 163 braids
    projlen=71: 1360 braids
    projlen=72: 1152 braids
    projlen=73: 12500 braids
    projlen=74: 10285 braids
    projlen=75: 134197 braids
    projlen=76: 91088 braids
    projlen=77: 290337 braids
    projlen=78: 180281 braids
    projlen=79: 357716 braids
    projlen=80: 172961 braids
    projlen=81: 352909 braids
    projlen=82: 171023 braids
    projlen=83: 343930 braids
    projlen=84: 179440 braids
    projlen=85: 334935 braids
    projlen=86: 191740 braids
    projlen=87: 327375 braids
    projlen=88: 202343 braids
    projlen=89: 320580 braids
    projlen=90: 215110 braids
    projlen=91: 314746 braids
    projlen=92: 218027 braids
    projlen=93: 309260 braids
    projlen=94: 204386 braids
    projlen=95: 108174 braids
  Braids kept: 1075737 (in 31 buckets, 2.17 GB CPU)
  ⚡ Timing: matmul=0.14s, sampling=6.44s, total=10.05s
============================================================
Level 123 - SAMPLING
============================================================
  Starting braids: 975737
  Candidates to generate: 5178789
  Processing in 52 chunks...
  Projlen distribution:
    projlen=65: 2 braids
    projlen=66: 2 braids
    projlen=67: 31 braids
    projlen=68: 20 braids
    projlen=69: 226 braids
    projlen=70: 180 braids
    projlen=71: 1248 braids
    projlen=72: 953 braids
    projlen=73: 7956 braids
    projlen=74: 6150 braids
    projlen=75: 63314 braids
    projlen=76: 45207 braids
    projlen=77: 265872 braids
    projlen=78: 181113 braids
    projlen=79: 356951 braids
    projlen=80: 175850 braids
    projlen=81: 352494 braids
    projlen=82: 168380 braids
    projlen=83: 347339 braids
    projlen=84: 172172 braids
    projlen=85: 338936 braids
    projlen=86: 185425 braids
    projlen=87: 329779 braids
    projlen=88: 199533 braids
    projlen=89: 321876 braids
    projlen=90: 212597 braids
    projlen=91: 314392 braids
    projlen=92: 224316 braids
    projlen=93: 307759 braids
    projlen=94: 226990 braids
    projlen=95: 281978 braids
    projlen=96: 89748 braids
  Braids kept: 1111975 (in 32 buckets, 2.26 GB CPU)
  ⚡ Timing: matmul=0.15s, sampling=6.79s, total=10.59s
============================================================
Level 124 - SAMPLING
============================================================
  Starting braids: 961975
  Candidates to generate: 5104809
  Processing in 52 chunks...
  Projlen distribution:
    projlen=66: 1 braids
    projlen=67: 9 braids
    projlen=68: 11 braids
    projlen=69: 173 braids
    projlen=70: 126 braids
    projlen=71: 1272 braids
    projlen=72: 994 braids
    projlen=73: 7238 braids
    projlen=74: 5245 braids
    projlen=75: 42592 braids
    projlen=76: 29681 braids
    projlen=77: 252399 braids
    projlen=78: 175720 braids
    projlen=79: 346490 braids
    projlen=80: 179875 braids
    projlen=81: 352906 braids
    projlen=82: 170074 braids
    projlen=83: 347333 braids
    projlen=84: 169629 braids
    projlen=85: 342738 braids
    projlen=86: 176879 braids
    projlen=87: 333321 braids
    projlen=88: 191914 braids
    projlen=89: 324806 braids
    projlen=90: 208460 braids
    projlen=91: 315802 braids
    projlen=92: 221327 braids
    projlen=93: 307753 braids
    projlen=94: 229521 braids
    projlen=95: 279516 braids
    projlen=96: 91004 braids
  Braids kept: 1087342 (in 31 buckets, 2.22 GB CPU)
  ⚡ Timing: matmul=0.17s, sampling=6.51s, total=10.24s
============================================================
Level 125 - SAMPLING
============================================================
  Starting braids: 987342
  Candidates to generate: 5235426
  Processing in 53 chunks...
  Projlen distribution:
    projlen=66: 2 braids
    projlen=67: 1 braids
    projlen=68: 8 braids
    projlen=69: 51 braids
    projlen=70: 53 braids
    projlen=71: 944 braids
    projlen=72: 725 braids
    projlen=73: 6979 braids
    projlen=74: 5252 braids
    projlen=75: 39324 braids
    projlen=76: 26788 braids
    projlen=77: 209751 braids
    projlen=78: 132001 braids
    projlen=79: 310981 braids
    projlen=80: 184498 braids
    projlen=81: 353477 braids
    projlen=82: 172387 braids
    projlen=83: 347497 braids
    projlen=84: 170662 braids
    projlen=85: 342433 braids
    projlen=86: 173813 braids
    projlen=87: 337747 braids
    projlen=88: 183005 braids
    projlen=89: 329218 braids
    projlen=90: 199985 braids
    projlen=91: 318841 braids
    projlen=92: 217410 braids
    projlen=93: 310130 braids
    projlen=94: 229117 braids
    projlen=95: 299395 braids
    projlen=96: 227020 braids
    projlen=97: 105931 braids
  Braids kept: 1130127 (in 32 buckets, 2.32 GB CPU)
  ⚡ Timing: matmul=0.17s, sampling=6.91s, total=10.79s
============================================================
Level 126 - SAMPLING
============================================================
  Starting braids: 980127
  Candidates to generate: 5192371
  Processing in 52 chunks...
  Projlen distribution:
    projlen=66: 2 braids
    projlen=67: 5 braids
    projlen=68: 9 braids
    projlen=69: 36 braids
    projlen=70: 36 braids
    projlen=71: 310 braids
    projlen=72: 276 braids
    projlen=73: 5141 braids
    projlen=74: 3940 braids
    projlen=75: 37209 braids
    projlen=76: 26053 braids
    projlen=77: 195266 braids
    projlen=78: 120918 braids
    projlen=79: 307257 braids
    projlen=80: 177442 braids
    projlen=81: 355945 braids
    projlen=82: 178219 braids
    projlen=83: 348182 braids
    projlen=84: 172464 braids
    projlen=85: 342830 braids
    projlen=86: 174799 braids
    projlen=87: 337612 braids
    projlen=88: 180569 braids
    projlen=89: 333386 braids
    projlen=90: 190935 braids
    projlen=91: 325204 braids
    projlen=92: 209138 braids
    projlen=93: 313732 braids
    projlen=94: 225371 braids
    projlen=95: 300513 braids
    projlen=96: 223999 braids
    projlen=97: 105573 braids
  Braids kept: 1123017 (in 32 buckets, 2.31 GB CPU)
  ⚡ Timing: matmul=0.16s, sampling=6.79s, total=10.63s
============================================================
Level 127 - SAMPLING
============================================================
  Starting braids: 973017
  Candidates to generate: 5151457
  Processing in 52 chunks...
  Projlen distribution:
    projlen=66: 1 braids
    projlen=67: 8 braids
    projlen=68: 13 braids
    projlen=69: 59 braids
    projlen=70: 42 braids
    projlen=71: 281 braids
    projlen=72: 210 braids
    projlen=73: 1875 braids
    projlen=74: 1584 braids
    projlen=75: 27432 braids
    projlen=76: 19793 braids
    projlen=77: 183078 braids
    projlen=78: 116294 braids
    projlen=79: 306386 braids
    projlen=80: 176766 braids
    projlen=81: 360114 braids
    projlen=82: 171357 braids
    projlen=83: 351382 braids
    projlen=84: 174732 braids
    projlen=85: 343414 braids
    projlen=86: 177195 braids
    projlen=87: 337901 braids
    projlen=88: 181375 braids
    projlen=89: 333711 braids
    projlen=90: 188998 braids
    projlen=91: 327560 braids
    projlen=92: 200179 braids
    projlen=93: 320594 braids
    projlen=94: 216919 braids
    projlen=95: 305111 braids
    projlen=96: 220546 braids
    projlen=97: 106547 braids
  Braids kept: 1101298 (in 32 buckets, 2.28 GB CPU)
  ⚡ Timing: matmul=0.14s, sampling=6.74s, total=10.50s
============================================================
Level 128 - SAMPLING
============================================================
  Starting braids: 951298
  Candidates to generate: 5026464
  Processing in 51 chunks...
  Projlen distribution:
    projlen=67: 4 braids
    projlen=68: 3 braids
    projlen=69: 78 braids
    projlen=70: 65 braids
    projlen=71: 372 braids
    projlen=72: 252 braids
    projlen=73: 1722 braids
    projlen=74: 1286 braids
    projlen=75: 11077 braids
    projlen=76: 8430 braids
    projlen=77: 134506 braids
    projlen=78: 88370 braids
    projlen=79: 292308 braids
    projlen=80: 177091 braids
    projlen=81: 361512 braids
    projlen=82: 171056 braids
    projlen=83: 355210 braids
    projlen=84: 165858 braids
    projlen=85: 345784 braids
    projlen=86: 177067 braids
    projlen=87: 338368 braids
    projlen=88: 184057 braids
    projlen=89: 332757 braids
    projlen=90: 189241 braids
    projlen=91: 327945 braids
    projlen=92: 198479 braids
    projlen=93: 322387 braids
    projlen=94: 209029 braids
    projlen=95: 310488 braids
    projlen=96: 213539 braids
    projlen=97: 108123 braids
  Braids kept: 1073289 (in 31 buckets, 2.23 GB CPU)
  ⚡ Timing: matmul=0.14s, sampling=6.64s, total=10.30s
============================================================
Level 129 - SAMPLING
============================================================
  Starting braids: 973289
  Candidates to generate: 5146675
  Processing in 52 chunks...
  Projlen distribution:
    projlen=67: 3 braids
    projlen=68: 3 braids
    projlen=69: 26 braids
    projlen=70: 18 braids
    projlen=71: 443 braids
    projlen=72: 354 braids
    projlen=73: 2072 braids
    projlen=74: 1412 braids
    projlen=75: 10015 braids
    projlen=76: 6875 braids
    projlen=77: 57030 braids
    projlen=78: 37759 braids
    projlen=79: 266047 braids
    projlen=80: 176998 braids
    projlen=81: 361902 braids
    projlen=82: 171570 braids
    projlen=83: 356686 braids
    projlen=84: 165179 braids
    projlen=85: 350797 braids
    projlen=86: 165818 braids
    projlen=87: 341695 braids
    projlen=88: 182061 braids
    projlen=89: 332986 braids
    projlen=90: 192822 braids
    projlen=91: 326854 braids
    projlen=92: 198378 braids
    projlen=93: 322987 braids
    projlen=94: 208241 braids
    projlen=95: 315363 braids
    projlen=96: 217183 braids
    projlen=97: 287299 braids
    projlen=98: 89799 braids
  Braids kept: 1108980 (in 32 buckets, 2.32 GB CPU)
  ⚡ Timing: matmul=0.20s, sampling=6.88s, total=10.71s
============================================================
Level 130 - SAMPLING
============================================================
  Starting braids: 958980
  Candidates to generate: 5072086
  Processing in 51 chunks...
  Projlen distribution:
    projlen=68: 1 braids
    projlen=69: 18 braids
    projlen=70: 16 braids
    projlen=71: 154 braids
    projlen=72: 131 braids
    projlen=73: 2355 braids
    projlen=74: 1774 braids
    projlen=75: 11292 braids
    projlen=76: 7390 braids
    projlen=77: 52535 braids
    projlen=78: 33839 braids
    projlen=79: 252044 braids
    projlen=80: 157515 braids
    projlen=81: 335189 braids
    projlen=82: 174247 braids
    projlen=83: 357243 braids
    projlen=84: 163858 braids
    projlen=85: 352202 braids
    projlen=86: 164331 braids
    projlen=87: 345037 braids
    projlen=88: 167677 braids
    projlen=89: 337760 braids
    projlen=90: 188174 braids
    projlen=91: 328400 braids
    projlen=92: 202425 braids
    projlen=93: 320710 braids
    projlen=94: 208777 braids
    projlen=95: 316244 braids
    projlen=96: 216102 braids
    projlen=97: 286260 braids
    projlen=98: 88386 braids
  Braids kept: 1106970 (in 31 buckets, 2.32 GB CPU)
  ⚡ Timing: matmul=0.16s, sampling=6.69s, total=10.40s
============================================================
Level 131 - SAMPLING
============================================================
  Starting braids: 956970
  Candidates to generate: 5052332
  Processing in 51 chunks...
  Projlen distribution:
    projlen=69: 3 braids
    projlen=70: 6 braids
    projlen=71: 100 braids
    projlen=72: 88 braids
    projlen=73: 951 braids
    projlen=74: 811 braids
    projlen=75: 12223 braids
    projlen=76: 8782 braids
    projlen=77: 58737 braids
    projlen=78: 36894 braids
    projlen=79: 246959 braids
    projlen=80: 148373 braids
    projlen=81: 324258 braids
    projlen=82: 174287 braids
    projlen=83: 361014 braids
    projlen=84: 165316 braids
    projlen=85: 353116 braids
    projlen=86: 162672 braids
    projlen=87: 347315 braids
    projlen=88: 166684 braids
    projlen=89: 341631 braids
    projlen=90: 171882 braids
    projlen=91: 333694 braids
    projlen=92: 195601 braids
    projlen=93: 323754 braids
    projlen=94: 211883 braids
    projlen=95: 314563 braids
    projlen=96: 216869 braids
    projlen=97: 285189 braids
    projlen=98: 88677 braids
  Braids kept: 1109858 (in 30 buckets, 2.33 GB CPU)
  ⚡ Timing: matmul=0.14s, sampling=6.51s, total=10.19s
============================================================
Level 132 - SAMPLING
============================================================
  Starting braids: 959858
  Candidates to generate: 5044140
  Processing in 51 chunks...
  Projlen distribution:
    projlen=70: 2 braids
    projlen=71: 33 braids
    projlen=72: 38 braids
    projlen=73: 592 braids
    projlen=74: 521 braids
    projlen=75: 5621 braids
    projlen=76: 4496 braids
    projlen=77: 61365 braids
    projlen=78: 41177 braids
    projlen=79: 250551 braids
    projlen=80: 150429 braids
    projlen=81: 329466 braids
    projlen=82: 172387 braids
    projlen=83: 360484 braids
    projlen=84: 165370 braids
    projlen=85: 355243 braids
    projlen=86: 160040 braids
    projlen=87: 348387 braids
    projlen=88: 163542 braids
    projlen=89: 343570 braids
    projlen=90: 171388 braids
    projlen=91: 338759 braids
    projlen=92: 178716 braids
    projlen=93: 329662 braids
    projlen=94: 203077 braids
    projlen=95: 316448 braids
    projlen=96: 218836 braids
    projlen=97: 284801 braids
    projlen=98: 89139 braids
  Braids kept: 1102480 (in 29 buckets, 2.32 GB CPU)
  ⚡ Timing: matmul=0.14s, sampling=6.57s, total=10.24s
============================================================
Level 133 - SAMPLING
============================================================
  Starting braids: 952480
  Candidates to generate: 4979744
  Processing in 50 chunks...
  Projlen distribution:
    projlen=71: 9 braids
    projlen=72: 21 braids
    projlen=73: 236 braids
    projlen=74: 251 braids
    projlen=75: 3499 braids
    projlen=76: 2867 braids
    projlen=77: 31097 braids
    projlen=78: 22047 braids
    projlen=79: 243956 braids
    projlen=80: 158272 braids
    projlen=81: 338235 braids
    projlen=82: 170476 braids
    projlen=83: 359376 braids
    projlen=84: 163478 braids
    projlen=85: 355734 braids
    projlen=86: 159027 braids
    projlen=87: 351317 braids
    projlen=88: 158973 braids
    projlen=89: 345980 braids
    projlen=90: 166946 braids
    projlen=91: 340397 braids
    projlen=92: 177180 braids
    projlen=93: 334394 braids
    projlen=94: 186756 braids
    projlen=95: 324958 braids
    projlen=96: 208529 braids
    projlen=97: 287740 braids
    projlen=98: 87993 braids
  Braids kept: 1060027 (in 28 buckets, 2.24 GB CPU)
  ⚡ Timing: matmul=0.15s, sampling=6.50s, total=10.13s
============================================================
Level 134 - SAMPLING
============================================================
  Starting braids: 960027
  Candidates to generate: 5001539
  Processing in 51 chunks...
  Projlen distribution:
    projlen=72: 6 braids
    projlen=73: 107 braids
    projlen=74: 144 braids
    projlen=75: 1632 braids
    projlen=76: 1478 braids
    projlen=77: 19727 braids
    projlen=78: 14468 braids
    projlen=79: 153729 braids
    projlen=80: 96639 braids
    projlen=81: 293673 braids
    projlen=82: 171955 braids
    projlen=83: 357755 braids
    projlen=84: 161353 braids
    projlen=85: 355316 braids
    projlen=86: 157741 braids
    projlen=87: 352329 braids
    projlen=88: 157335 braids
    projlen=89: 349101 braids
    projlen=90: 159866 braids
    projlen=91: 344071 braids
    projlen=92: 171173 braids
    projlen=93: 336987 braids
    projlen=94: 184526 braids
    projlen=95: 330860 braids
    projlen=96: 195326 braids
    projlen=97: 317042 braids
    projlen=98: 207304 braids
    projlen=99: 109896 braids
  Braids kept: 1087562 (in 28 buckets, 2.32 GB CPU)
  ⚡ Timing: matmul=0.13s, sampling=6.79s, total=10.47s
============================================================
Level 135 - SAMPLING
============================================================
  Starting braids: 987562
  Candidates to generate: 5148642
  Processing in 52 chunks...
  Projlen distribution:
    projlen=72: 1 braids
    projlen=73: 24 braids
    projlen=74: 53 braids
    projlen=75: 883 braids
    projlen=76: 899 braids
    projlen=77: 9971 braids
    projlen=78: 7804 braids
    projlen=79: 97146 braids
    projlen=80: 63231 braids
    projlen=81: 279317 braids
    projlen=82: 174204 braids
    projlen=83: 361594 braids
    projlen=84: 166405 braids
    projlen=85: 354351 braids
    projlen=86: 156076 braids
    projlen=87: 352358 braids
    projlen=88: 155727 braids
    projlen=89: 350100 braids
    projlen=90: 156997 braids
    projlen=91: 346888 braids
    projlen=92: 161633 braids
    projlen=93: 342035 braids
    projlen=94: 176846 braids
    projlen=95: 334022 braids
    projlen=96: 192477 braids
    projlen=97: 324767 braids
    projlen=98: 203137 braids
    projlen=99: 292585 braids
    projlen=100: 87111 braids
  Braids kept: 1119635 (in 29 buckets, 2.41 GB CPU)
  ⚡ Timing: matmul=0.14s, sampling=6.89s, total=10.70s
============================================================
Level 136 - SAMPLING
============================================================
  Starting braids: 969635
  Candidates to generate: 5042285
  Processing in 51 chunks...
  Projlen distribution:
    projlen=73: 8 braids
    projlen=74: 14 braids
    projlen=75: 332 braids
    projlen=76: 393 braids
    projlen=77: 5793 braids
    projlen=78: 4838 braids
    projlen=79: 51816 braids
    projlen=80: 35408 braids
    projlen=81: 263742 braids
    projlen=82: 174297 braids
    projlen=83: 361695 braids
    projlen=84: 169272 braids
    projlen=85: 357692 braids
    projlen=86: 158137 braids
    projlen=87: 353295 braids
    projlen=88: 154760 braids
    projlen=89: 350185 braids
    projlen=90: 154596 braids
    projlen=91: 348469 braids
    projlen=92: 157793 braids
    projlen=93: 345343 braids
    projlen=94: 164891 braids
    projlen=95: 339355 braids
    projlen=96: 183661 braids
    projlen=97: 328452 braids
    projlen=98: 199162 braids
    projlen=99: 293024 braids
    projlen=100: 85862 braids
  Braids kept: 1096786 (in 28 buckets, 2.37 GB CPU)
  ⚡ Timing: matmul=0.14s, sampling=6.77s, total=10.50s
============================================================
Level 137 - SAMPLING
============================================================
  Starting braids: 996786
  Candidates to generate: 5176662
  Processing in 52 chunks...
  Projlen distribution:
    projlen=73: 2 braids
    projlen=74: 9 braids
    projlen=75: 120 braids
    projlen=76: 163 braids
    projlen=77: 2560 braids
    projlen=78: 2483 braids
    projlen=79: 32302 braids
    projlen=80: 23879 braids
    projlen=81: 245015 braids
    projlen=82: 154060 braids
    projlen=83: 327932 braids
    projlen=84: 171877 braids
    projlen=85: 358573 braids
    projlen=86: 159563 braids
    projlen=87: 355175 braids
    projlen=88: 155516 braids
    projlen=89: 351460 braids
    projlen=90: 153877 braids
    projlen=91: 350269 braids
    projlen=92: 155050 braids
    projlen=93: 348499 braids
    projlen=94: 159852 braids
    projlen=95: 343277 braids
    projlen=96: 168687 braids
    projlen=97: 336197 braids
    projlen=98: 189358 braids
    projlen=99: 320101 braids
    projlen=100: 200091 braids
    projlen=101: 110715 braids
  Braids kept: 1111518 (in 29 buckets, 2.42 GB CPU)
  ⚡ Timing: matmul=0.15s, sampling=9.85s, total=14.14s
============================================================
Level 138 - SAMPLING
============================================================
  Starting braids: 961518
  Candidates to generate: 4971576
  Processing in 50 chunks...
  Projlen distribution:
    projlen=74: 5 braids
    projlen=75: 44 braids
    projlen=76: 82 braids
    projlen=77: 1035 braids
    projlen=78: 1155 braids
    projlen=79: 15991 braids
    projlen=80: 13129 braids
    projlen=81: 158969 braids
    projlen=82: 102936 braids
    projlen=83: 301534 braids
    projlen=84: 174891 braids
    projlen=85: 361802 braids
    projlen=86: 163484 braids
    projlen=87: 354687 braids
    projlen=88: 155130 braids
    projlen=89: 352771 braids
    projlen=90: 154621 braids
    projlen=91: 350879 braids
    projlen=92: 153969 braids
    projlen=93: 348659 braids
    projlen=94: 155480 braids
    projlen=95: 346745 braids
    projlen=96: 161614 braids
    projlen=97: 341338 braids
    projlen=98: 173135 braids
    projlen=99: 327828 braids
    projlen=100: 187686 braids
    projlen=101: 111977 braids
  Braids kept: 1081441 (in 28 buckets, 2.37 GB CPU)
  ⚡ Timing: matmul=0.15s, sampling=10.11s, total=14.34s
============================================================
Level 139 - SAMPLING
============================================================
  Starting braids: 981441
  Candidates to generate: 5083273
  Processing in 51 chunks...
  Projlen distribution:
    projlen=74: 4 braids
    projlen=75: 14 braids
    projlen=76: 37 braids
    projlen=77: 503 braids
    projlen=78: 611 braids
    projlen=79: 7272 braids
    projlen=80: 6383 braids
    projlen=81: 82656 braids
    projlen=82: 56599 braids
    projlen=83: 277457 braids
    projlen=84: 175464 braids
    projlen=85: 362743 braids
    projlen=86: 167216 braids
    projlen=87: 359407 braids
    projlen=88: 157932 braids
    projlen=89: 352805 braids
    projlen=90: 154064 braids
    projlen=91: 350669 braids
    projlen=92: 153795 braids
    projlen=93: 350115 braids
    projlen=94: 154054 braids
    projlen=95: 348040 braids
    projlen=96: 156029 braids
    projlen=97: 343993 braids
    projlen=98: 163895 braids
    projlen=99: 336901 braids
    projlen=100: 178597 braids
    projlen=101: 301878 braids
    projlen=102: 84140 braids
  Braids kept: 1114824 (in 29 buckets, 2.46 GB CPU)
  ⚡ Timing: matmul=0.16s, sampling=9.24s, total=13.39s
============================================================
Level 140 - SAMPLING
============================================================
  Starting braids: 964824
  Candidates to generate: 4988652
  Processing in 50 chunks...
  Projlen distribution:
    projlen=73: 1 braids
    projlen=75: 18 braids
    projlen=76: 22 braids
    projlen=77: 207 braids
    projlen=78: 320 braids
    projlen=79: 3859 braids
    projlen=80: 3631 braids
    projlen=81: 40577 braids
    projlen=82: 29544 braids
    projlen=83: 264999 braids
    projlen=84: 178134 braids
    projlen=85: 363511 braids
    projlen=86: 170108 braids
    projlen=87: 357416 braids
    projlen=88: 158406 braids
    projlen=89: 355387 braids
    projlen=90: 155552 braids
    projlen=91: 351134 braids
    projlen=92: 153785 braids
    projlen=93: 349677 braids
    projlen=94: 153304 braids
    projlen=95: 348113 braids
    projlen=96: 153353 braids
    projlen=97: 347105 braids
    projlen=98: 157335 braids
    projlen=99: 341951 braids
    projlen=100: 165522 braids
    projlen=101: 303915 braids
    projlen=102: 81766 braids
  Braids kept: 1078179 (in 29 buckets, 2.39 GB CPU)
  ⚡ Timing: matmul=0.20s, sampling=7.95s, total=12.07s
============================================================
Level 141 - SAMPLING
============================================================
  Starting braids: 978179
  Candidates to generate: 5036353
  Processing in 51 chunks...
  Projlen distribution:
    projlen=73: 4 braids
    projlen=74: 3 braids
    projlen=75: 6 braids
    projlen=76: 10 braids
    projlen=77: 166 braids
    projlen=78: 187 braids
    projlen=79: 1741 braids
    projlen=80: 2052 braids
    projlen=81: 23687 braids
    projlen=82: 18795 braids
    projlen=83: 202259 braids
    projlen=84: 129501 braids
    projlen=85: 316281 braids
    projlen=86: 174210 braids
    projlen=87: 360042 braids
    projlen=88: 160049 braids
    projlen=89: 354871 braids
    projlen=90: 155093 braids
    projlen=91: 352103 braids
    projlen=92: 154371 braids
    projlen=93: 350287 braids
    projlen=94: 153436 braids
    projlen=95: 350053 braids
    projlen=96: 153394 braids
    projlen=97: 348073 braids
    projlen=98: 153631 braids
    projlen=99: 346543 braids
    projlen=100: 158432 braids
    projlen=101: 335684 braids
    projlen=102: 166136 braids
    projlen=103: 115253 braids
  Braids kept: 1096651 (in 31 buckets, 2.45 GB CPU)
  ⚡ Timing: matmul=0.14s, sampling=7.58s, total=11.56s
============================================================
Level 142 - SAMPLING
============================================================
  Starting braids: 996651
  Candidates to generate: 5148369
  Processing in 52 chunks...
  Projlen distribution:
    projlen=73: 3 braids
    projlen=74: 3 braids
    projlen=75: 25 braids
    projlen=76: 20 braids
    projlen=77: 53 braids
    projlen=78: 101 braids
    projlen=79: 1162 braids
    projlen=80: 1295 braids
    projlen=81: 11928 braids
    projlen=82: 11096 braids
    projlen=83: 121087 braids
    projlen=84: 81269 braids
    projlen=85: 290845 braids
    projlen=86: 176269 braids
    projlen=87: 362794 braids
    projlen=88: 165362 braids
    projlen=89: 356418 braids
    projlen=90: 155919 braids
    projlen=91: 351871 braids
    projlen=92: 154143 braids
    projlen=93: 350959 braids
    projlen=94: 153956 braids
    projlen=95: 349444 braids
    projlen=96: 153174 braids
    projlen=97: 350270 braids
    projlen=98: 153459 braids
    projlen=99: 348710 braids
    projlen=100: 154155 braids
    projlen=101: 343487 braids
    projlen=102: 158958 braids
    projlen=103: 307971 braids
    projlen=104: 82163 braids
  Braids kept: 1125686 (in 32 buckets, 2.53 GB CPU)
  ⚡ Timing: matmul=0.16s, sampling=12.25s, total=16.99s
============================================================
Level 143 - SAMPLING
============================================================
  Starting braids: 975686
  Candidates to generate: 5039674
  Processing in 51 chunks...
  Projlen distribution:
    projlen=74: 1 braids
    projlen=75: 18 braids
    projlen=76: 16 braids
    projlen=77: 146 braids
    projlen=78: 110 braids
    projlen=79: 518 braids
    projlen=80: 692 braids
    projlen=81: 7540 braids
    projlen=82: 7097 braids
    projlen=83: 65142 braids
    projlen=84: 48957 braids
    projlen=85: 273231 braids
    projlen=86: 178693 braids
    projlen=87: 362982 braids
    projlen=88: 169300 braids
    projlen=89: 358783 braids
    projlen=90: 158381 braids
    projlen=91: 353183 braids
    projlen=92: 154502 braids
    projlen=93: 350376 braids
    projlen=94: 153687 braids
    projlen=95: 349869 braids
    projlen=96: 153372 braids
    projlen=97: 348716 braids
    projlen=98: 152704 braids
    projlen=99: 349077 braids
    projlen=100: 152831 braids
    projlen=101: 347149 braids
    projlen=102: 153083 braids
    projlen=103: 309060 braids
    projlen=104: 80458 braids
  Braids kept: 1115095 (in 31 buckets, 2.52 GB CPU)
  ⚡ Timing: matmul=0.18s, sampling=9.44s, total=13.93s
============================================================
Level 144 - SAMPLING
============================================================
  Starting braids: 965095
  Candidates to generate: 4999765
  Processing in 50 chunks...
  Projlen distribution:
    projlen=75: 4 braids
    projlen=76: 8 braids
    projlen=77: 103 braids
    projlen=78: 93 braids
    projlen=79: 847 braids
    projlen=80: 667 braids
    projlen=81: 3862 braids
    projlen=82: 4035 braids
    projlen=83: 42224 braids
    projlen=84: 34017 braids
    projlen=85: 264083 braids
    projlen=86: 187733 braids
    projlen=87: 359966 braids
    projlen=88: 174376 braids
    projlen=89: 357163 braids
    projlen=90: 160031 braids
    projlen=91: 355203 braids
    projlen=92: 155977 braids
    projlen=93: 351296 braids
    projlen=94: 154008 braids
    projlen=95: 349904 braids
    projlen=96: 153516 braids
    projlen=97: 349560 braids
    projlen=98: 153501 braids
    projlen=99: 348610 braids
    projlen=100: 152777 braids
    projlen=101: 347017 braids
    projlen=102: 150687 braids
    projlen=103: 308589 braids
    projlen=104: 79908 braids
  Braids kept: 1085860 (in 30 buckets, 2.46 GB CPU)
  ⚡ Timing: matmul=0.16s, sampling=7.90s, total=11.99s
============================================================
Level 145 - SAMPLING
============================================================
  Starting braids: 985860
  Candidates to generate: 5079376
  Processing in 51 chunks...
  Projlen distribution:
    projlen=75: 4 braids
    projlen=76: 4 braids
    projlen=77: 46 braids
    projlen=78: 59 braids
    projlen=79: 582 braids
    projlen=80: 501 braids
    projlen=81: 4818 braids
    projlen=82: 3772 braids
    projlen=83: 23998 braids
    projlen=84: 21431 braids
    projlen=85: 210426 braids
    projlen=86: 149173 braids
    projlen=87: 323897 braids
    projlen=88: 187038 braids
    projlen=89: 355588 braids
    projlen=90: 165419 braids
    projlen=91: 353538 braids
    projlen=92: 157211 braids
    projlen=93: 352352 braids
    projlen=94: 155106 braids
    projlen=95: 349817 braids
    projlen=96: 153363 braids
    projlen=97: 349255 braids
    projlen=98: 152959 braids
    projlen=99: 349117 braids
    projlen=100: 153174 braids
    projlen=101: 347785 braids
    projlen=102: 151651 braids
    projlen=103: 342031 braids
    projlen=104: 147861 braids
    projlen=105: 117400 braids
  Braids kept: 1105215 (in 31 buckets, 2.52 GB CPU)
  ⚡ Timing: matmul=0.18s, sampling=7.95s, total=12.11s
============================================================
Level 146 - SAMPLING
============================================================
  Starting braids: 955215
  Candidates to generate: 4926211
  Processing in 50 chunks...
  Projlen distribution:
    projlen=75: 5 braids
    projlen=76: 5 braids
    projlen=77: 34 braids
    projlen=78: 34 braids
    projlen=79: 387 braids
    projlen=80: 358 braids
    projlen=81: 3324 braids
    projlen=82: 2656 braids
    projlen=83: 26231 braids
    projlen=84: 19515 braids
    projlen=85: 125526 braids
    projlen=86: 94317 braids
    projlen=87: 292276 braids
    projlen=88: 190679 braids
    projlen=89: 354685 braids
    projlen=90: 180408 braids
    projlen=91: 350908 braids
    projlen=92: 164516 braids
    projlen=93: 349489 braids
    projlen=94: 156632 braids
    projlen=95: 349060 braids
    projlen=96: 154630 braids
    projlen=97: 349422 braids
    projlen=98: 153391 braids
    projlen=99: 348533 braids
    projlen=100: 152759 braids
    projlen=101: 348241 braids
    projlen=102: 152331 braids
    projlen=103: 342549 braids
    projlen=104: 147055 braids
    projlen=105: 116255 braids
  Braids kept: 1102549 (in 31 buckets, 2.52 GB CPU)
  ⚡ Timing: matmul=0.13s, sampling=8.62s, total=12.70s
============================================================
Level 147 - SAMPLING
============================================================
  Starting braids: 952549
  Candidates to generate: 4936601
  Processing in 50 chunks...
  Projlen distribution:
    projlen=75: 2 braids
    projlen=76: 2 braids
    projlen=77: 41 braids
    projlen=78: 45 braids
    projlen=79: 243 braids
    projlen=80: 228 braids
    projlen=81: 2486 braids
    projlen=82: 2058 braids
    projlen=83: 18420 braids
    projlen=84: 13479 braids
    projlen=85: 130854 braids
    projlen=86: 88466 braids
    projlen=87: 287127 braids
    projlen=88: 198789 braids
    projlen=89: 353301 braids
    projlen=90: 187136 braids
    projlen=91: 347911 braids
    projlen=92: 179025 braids
    projlen=93: 344213 braids
    projlen=94: 167069 braids
    projlen=95: 345851 braids
    projlen=96: 157798 braids
    projlen=97: 347136 braids
    projlen=98: 154786 braids
    projlen=99: 348293 braids
    projlen=100: 153412 braids
    projlen=101: 349686 braids
    projlen=102: 152809 braids
    projlen=103: 342704 braids
    projlen=104: 146970 braids
    projlen=105: 116261 braids
  Braids kept: 1087004 (in 31 buckets, 2.49 GB CPU)
  ⚡ Timing: matmul=0.15s, sampling=11.13s, total=15.75s
============================================================
Level 148 - SAMPLING
============================================================
  Starting braids: 987004
  Candidates to generate: 5149322
  Processing in 52 chunks...
  Projlen distribution:
    projlen=76: 1 braids
    projlen=77: 9 braids
    projlen=78: 17 braids
    projlen=79: 281 braids
    projlen=80: 271 braids
    projlen=81: 1532 braids
    projlen=82: 1304 braids
    projlen=83: 14355 braids
    projlen=84: 10797 braids
    projlen=85: 93212 braids
    projlen=86: 60706 braids
    projlen=87: 275359 braids
    projlen=88: 182728 braids
    projlen=89: 353919 braids
    projlen=90: 194656 braids
    projlen=91: 345276 braids
    projlen=92: 184924 braids
    projlen=93: 340330 braids
    projlen=94: 182453 braids
    projlen=95: 339180 braids
    projlen=96: 173439 braids
    projlen=97: 343422 braids
    projlen=98: 160729 braids
    projlen=99: 345058 braids
    projlen=100: 155826 braids
    projlen=101: 348038 braids
    projlen=102: 153612 braids
    projlen=103: 346458 braids
    projlen=104: 150977 braids
    projlen=105: 310015 braids
    projlen=106: 80438 braids
  Braids kept: 1128567 (in 31 buckets, 2.61 GB CPU)
  ⚡ Timing: matmul=0.15s, sampling=9.90s, total=14.36s
============================================================
Level 149 - SAMPLING
============================================================
  Starting braids: 978567
  Candidates to generate: 5129399
  Processing in 52 chunks...
  Projlen distribution:
    projlen=77: 3 braids
    projlen=78: 11 braids
    projlen=79: 70 braids
    projlen=80: 97 braids
    projlen=81: 1767 braids
    projlen=82: 1465 braids
    projlen=83: 9095 braids
    projlen=84: 6965 braids
    projlen=85: 73656 braids
    projlen=86: 50093 braids
    projlen=87: 270721 braids
    projlen=88: 176483 braids
    projlen=89: 360395 braids
    projlen=90: 180343 braids
    projlen=91: 346700 braids
    projlen=92: 189533 braids
    projlen=93: 338064 braids
    projlen=94: 189454 braids
    projlen=95: 333411 braids
    projlen=96: 190409 braids
    projlen=97: 333272 braids
    projlen=98: 181563 braids
    projlen=99: 339897 braids
    projlen=100: 165153 braids
    projlen=101: 344831 braids
    projlen=102: 158098 braids
    projlen=103: 346048 braids
    projlen=104: 152300 braids
    projlen=105: 309028 braids
    projlen=106: 80474 braids
  Braids kept: 1119473 (in 30 buckets, 2.59 GB CPU)
  ⚡ Timing: matmul=0.18s, sampling=9.51s, total=13.93s
============================================================
Level 150 - SAMPLING
============================================================
  Starting braids: 969473
  Candidates to generate: 5110117
  Processing in 52 chunks...
  Projlen distribution:
    projlen=77: 1 braids
    projlen=78: 2 braids
    projlen=79: 59 braids
    projlen=80: 72 braids
    projlen=81: 530 braids
    projlen=82: 554 braids
    projlen=83: 9918 braids
    projlen=84: 7609 braids
    projlen=85: 48647 braids
    projlen=86: 33810 braids
    projlen=87: 262322 braids
    projlen=88: 178864 braids
    projlen=89: 361505 braids
    projlen=90: 174648 braids
    projlen=91: 354909 braids
    projlen=92: 171923 braids
    projlen=93: 342217 braids
    projlen=94: 192547 braids
    projlen=95: 330803 braids
    projlen=96: 197750 braids
    projlen=97: 326425 braids
    projlen=98: 199291 braids
    projlen=99: 326651 braids
    projlen=100: 191298 braids
    projlen=101: 335216 braids
    projlen=102: 172455 braids
    projlen=103: 342615 braids
    projlen=104: 159855 braids
    projlen=105: 306964 braids
    projlen=106: 80657 braids
  Braids kept: 1101202 (in 30 buckets, 2.56 GB CPU)
  ⚡ Timing: matmul=0.14s, sampling=7.66s, total=11.79s
============================================================
Level 151 - SAMPLING
============================================================
  Starting braids: 951202
  Candidates to generate: 5048646
  Processing in 51 chunks...
  Projlen distribution:
    projlen=77: 3 braids
    projlen=78: 4 braids
    projlen=79: 24 braids
    projlen=80: 28 braids
    projlen=81: 475 braids
    projlen=82: 429 braids
    projlen=83: 3477 braids
    projlen=84: 3124 braids
    projlen=85: 51548 braids
    projlen=86: 37297 braids
    projlen=87: 242314 braids
    projlen=88: 152752 braids
    projlen=89: 322107 braids
    projlen=90: 178406 braids
    projlen=91: 356801 braids
    projlen=92: 165397 braids
    projlen=93: 349098 braids
    projlen=94: 171705 braids
    projlen=95: 337046 braids
    projlen=96: 197933 braids
    projlen=97: 324801 braids
    projlen=98: 207499 braids
    projlen=99: 320293 braids
    projlen=100: 210073 braids
    projlen=101: 321017 braids
    projlen=102: 203430 braids
    projlen=103: 327905 braids
    projlen=104: 179144 braids
    projlen=105: 301809 braids
    projlen=106: 82707 braids
  Braids kept: 1094861 (in 30 buckets, 2.55 GB CPU)
  ⚡ Timing: matmul=0.14s, sampling=12.59s, total=17.48s
============================================================
Level 152 - SAMPLING
============================================================
  Starting braids: 994861
  Candidates to generate: 5269783
  Processing in 53 chunks...
  Projlen distribution:
    projlen=78: 1 braids
    projlen=79: 33 braids
    projlen=80: 31 braids
    projlen=81: 215 braids
    projlen=82: 190 braids
    projlen=83: 2955 braids
    projlen=84: 2485 braids
    projlen=85: 20785 braids
    projlen=86: 15937 braids
    projlen=87: 241141 braids
    projlen=88: 160949 braids
    projlen=89: 331129 braids
    projlen=90: 182546 braids
    projlen=91: 356410 braids
    projlen=92: 172061 braids
    projlen=93: 352523 braids
    projlen=94: 163834 braids
    projlen=95: 344351 braids
    projlen=96: 175544 braids
    projlen=97: 332544 braids
    projlen=98: 203829 braids
    projlen=99: 319415 braids
    projlen=100: 216934 braids
    projlen=101: 312950 braids
    projlen=102: 220468 braids
    projlen=103: 313123 braids
    projlen=104: 214397 braids
    projlen=105: 315529 braids
    projlen=106: 186310 braids
    projlen=107: 111164 braids
  Braids kept: 1092632 (in 30 buckets, 2.57 GB CPU)
  ⚡ Timing: matmul=0.16s, sampling=10.57s, total=15.31s
============================================================
Level 153 - SAMPLING
============================================================
  Starting braids: 992632
  Candidates to generate: 5274720
  Processing in 53 chunks...
  Projlen distribution:
    projlen=78: 3 braids
    projlen=79: 2 braids
    projlen=80: 9 braids
    projlen=81: 231 braids
    projlen=82: 199 braids
    projlen=83: 1459 braids
    projlen=84: 1274 braids
    projlen=85: 17011 braids
    projlen=86: 12895 braids
    projlen=87: 105707 braids
    projlen=88: 69254 braids
    projlen=89: 280728 braids
    projlen=90: 179486 braids
    projlen=91: 355700 braids
    projlen=92: 175194 braids
    projlen=93: 350633 braids
    projlen=94: 169086 braids
    projlen=95: 347386 braids
    projlen=96: 165626 braids
    projlen=97: 340277 braids
    projlen=98: 180785 braids
    projlen=99: 328201 braids
    projlen=100: 210284 braids
    projlen=101: 313852 braids
    projlen=102: 225744 braids
    projlen=103: 307816 braids
    projlen=104: 230438 braids
    projlen=105: 305785 braids
    projlen=106: 225582 braids
    projlen=107: 284698 braids
    projlen=108: 89375 braids
  Braids kept: 1133083 (in 31 buckets, 2.68 GB CPU)
  ⚡ Timing: matmul=0.16s, sampling=10.88s, total=15.53s
============================================================
Level 154 - SAMPLING
============================================================
  Starting braids: 983083
  Candidates to generate: 5218691
  Processing in 53 chunks...
  Projlen distribution:
    projlen=78: 3 braids
    projlen=79: 7 braids
    projlen=80: 14 braids
    projlen=81: 62 braids
    projlen=82: 78 braids
    projlen=83: 1357 braids
    projlen=84: 1164 braids
    projlen=85: 9158 braids
    projlen=86: 7056 braids
    projlen=87: 85365 braids
    projlen=88: 58214 braids
    projlen=89: 275763 braids
    projlen=90: 179841 braids
    projlen=91: 360274 braids
    projlen=92: 174713 braids
    projlen=93: 350659 braids
    projlen=94: 172325 braids
    projlen=95: 344469 braids
    projlen=96: 172176 braids
    projlen=97: 343002 braids
    projlen=98: 169639 braids
    projlen=99: 337106 braids
    projlen=100: 187710 braids
    projlen=101: 323919 braids
    projlen=102: 217269 braids
    projlen=103: 308961 braids
    projlen=104: 233668 braids
    projlen=105: 300580 braids
    projlen=106: 235420 braids
    projlen=107: 277244 braids
    projlen=108: 91475 braids
  Braids kept: 1118899 (in 31 buckets, 2.65 GB CPU)
  ⚡ Timing: matmul=0.14s, sampling=8.63s, total=12.90s
============================================================
Level 155 - SAMPLING
============================================================
  Starting braids: 968899
  Candidates to generate: 5134157
  Processing in 52 chunks...
  Projlen distribution:
    projlen=78: 1 braids
    projlen=79: 14 braids
    projlen=80: 19 braids
    projlen=81: 72 braids
    projlen=82: 76 braids
    projlen=83: 536 braids
    projlen=84: 557 braids
    projlen=85: 7793 braids
    projlen=86: 6110 braids
    projlen=87: 48396 braids
    projlen=88: 32959 braids
    projlen=89: 261619 braids
    projlen=90: 179046 braids
    projlen=91: 361388 braids
    projlen=92: 177044 braids
    projlen=93: 354412 braids
    projlen=94: 167016 braids
    projlen=95: 345959 braids
    projlen=96: 175688 braids
    projlen=97: 339268 braids
    projlen=98: 177615 braids
    projlen=99: 338093 braids
    projlen=100: 176015 braids
    projlen=101: 333323 braids
    projlen=102: 195437 braids
    projlen=103: 321247 braids
    projlen=104: 224557 braids
    projlen=105: 304290 braids
    projlen=106: 238457 braids
    projlen=107: 274958 braids
    projlen=108: 92192 braids
  Braids kept: 1096533 (in 31 buckets, 2.61 GB CPU)
  ⚡ Timing: matmul=0.16s, sampling=11.56s, total=16.50s
============================================================
Level 156 - SAMPLING
============================================================
  Starting braids: 996533
  Candidates to generate: 5274495
  Processing in 53 chunks...
  Projlen distribution:
    projlen=79: 8 braids
    projlen=80: 18 braids
    projlen=81: 107 braids
    projlen=82: 109 braids
    projlen=83: 524 braids
    projlen=84: 458 braids
    projlen=85: 3714 braids
    projlen=86: 3244 braids
    projlen=87: 41446 braids
    projlen=88: 29758 braids
    projlen=89: 237651 braids
    projlen=90: 146552 braids
    projlen=91: 320064 braids
    projlen=92: 177472 braids
    projlen=93: 355689 braids
    projlen=94: 168396 braids
    projlen=95: 350034 braids
    projlen=96: 166985 braids
    projlen=97: 341641 braids
    projlen=98: 180959 braids
    projlen=99: 334801 braids
    projlen=100: 185802 braids
    projlen=101: 332686 braids
    projlen=102: 184958 braids
    projlen=103: 328587 braids
    projlen=104: 202657 braids
    projlen=105: 316595 braids
    projlen=106: 230215 braids
    projlen=107: 297128 braids
    projlen=108: 231878 braids
    projlen=109: 104359 braids
  Braids kept: 1129386 (in 31 buckets, 2.70 GB CPU)
  ⚡ Timing: matmul=0.16s, sampling=12.19s, total=17.09s
============================================================
Level 157 - SAMPLING
============================================================
  Starting braids: 979386
  Candidates to generate: 5169164
  Processing in 52 chunks...
  Projlen distribution:
    projlen=80: 1 braids
    projlen=81: 80 braids
    projlen=82: 99 braids
    projlen=83: 711 braids
    projlen=84: 592 braids
    projlen=85: 3298 braids
    projlen=86: 2581 braids
    projlen=87: 22366 braids
    projlen=88: 16821 braids
    projlen=89: 199456 braids
    projlen=90: 128392 braids
    projlen=91: 312984 braids
    projlen=92: 175375 braids
    projlen=93: 358955 braids
    projlen=94: 170254 braids
    projlen=95: 351915 braids
    projlen=96: 167603 braids
    projlen=97: 345310 braids
    projlen=98: 169876 braids
    projlen=99: 337936 braids
    projlen=100: 187638 braids
    projlen=101: 329761 braids
    projlen=102: 194976 braids
    projlen=103: 327428 braids
    projlen=104: 195389 braids
    projlen=105: 323231 braids
    projlen=106: 210552 braids
    projlen=107: 306983 braids
    projlen=108: 222211 braids
    projlen=109: 106390 braids
  Braids kept: 1096549 (in 30 buckets, 2.64 GB CPU)
  ⚡ Timing: matmul=0.13s, sampling=8.39s, total=12.81s
============================================================
Level 158 - SAMPLING
============================================================
  Starting braids: 996549
  Candidates to generate: 5259181
  Processing in 53 chunks...
  Projlen distribution:
    projlen=81: 3 braids
    projlen=82: 12 braids
    projlen=83: 574 braids
    projlen=84: 535 braids
    projlen=85: 4186 braids
    projlen=86: 3167 braids
    projlen=87: 19259 braids
    projlen=88: 13391 braids
    projlen=89: 112706 braids
    projlen=90: 72239 braids
    projlen=91: 283534 braids
    projlen=92: 175969 braids
    projlen=93: 360634 braids
    projlen=94: 168198 braids
    projlen=95: 353880 braids
    projlen=96: 164711 braids
    projlen=97: 347178 braids
    projlen=98: 169463 braids
    projlen=99: 340776 braids
    projlen=100: 174726 braids
    projlen=101: 333269 braids
    projlen=102: 194602 braids
    projlen=103: 324032 braids
    projlen=104: 205556 braids
    projlen=105: 320549 braids
    projlen=106: 206161 braids
    projlen=107: 316025 braids
    projlen=108: 217818 braids
    projlen=109: 285766 braids
    projlen=110: 90262 braids
  Braids kept: 1141127 (in 30 buckets, 2.76 GB CPU)
  ⚡ Timing: matmul=0.15s, sampling=8.51s, total=12.88s
============================================================
Level 159 - SAMPLING
============================================================
  Starting braids: 991127
  Candidates to generate: 5229235
  Processing in 53 chunks...
  Projlen distribution:
    projlen=82: 3 braids
    projlen=83: 67 braids
    projlen=84: 109 braids
    projlen=85: 3422 braids
    projlen=86: 2873 braids
    projlen=87: 23181 braids
    projlen=88: 15955 braids
    projlen=89: 98522 braids
    projlen=90: 60772 braids
    projlen=91: 276468 braids
    projlen=92: 175086 braids
    projlen=93: 362540 braids
    projlen=94: 170967 braids
    projlen=95: 357517 braids
    projlen=96: 162083 braids
    projlen=97: 349491 braids
    projlen=98: 164657 braids
    projlen=99: 343334 braids
    projlen=100: 174230 braids
    projlen=101: 337128 braids
    projlen=102: 182647 braids
    projlen=103: 328751 braids
    projlen=104: 202402 braids
    projlen=105: 318993 braids
    projlen=106: 215251 braids
    projlen=107: 313084 braids
    projlen=108: 215210 braids
    projlen=109: 286667 braids
    projlen=110: 87825 braids
  Braids kept: 1145610 (in 29 buckets, 2.77 GB CPU)
  ⚡ Timing: matmul=0.14s, sampling=10.33s, total=15.03s
============================================================
Level 160 - SAMPLING
============================================================
  Starting braids: 995610
  Candidates to generate: 5248068
  Processing in 53 chunks...
  Projlen distribution:
    projlen=82: 1 braids
    projlen=83: 23 braids
    projlen=84: 37 braids
    projlen=85: 651 braids
    projlen=86: 798 braids
    projlen=87: 18950 braids
    projlen=88: 14310 braids
    projlen=89: 117728 braids
    projlen=90: 74011 braids
    projlen=91: 282622 braids
    projlen=92: 171710 braids
    projlen=93: 361304 braids
    projlen=94: 171060 braids
    projlen=95: 357380 braids
    projlen=96: 161404 braids
    projlen=97: 353723 braids
    projlen=98: 160593 braids
    projlen=99: 345931 braids
    projlen=100: 167452 braids
    projlen=101: 338556 braids
    projlen=102: 180054 braids
    projlen=103: 333345 braids
    projlen=104: 191602 braids
    projlen=105: 324499 braids
    projlen=106: 211359 braids
    projlen=107: 312608 braids
    projlen=108: 222953 braids
    projlen=109: 283893 braids
    projlen=110: 89511 braids
  Braids kept: 1134770 (in 29 buckets, 2.76 GB CPU)
  ⚡ Timing: matmul=0.15s, sampling=9.79s, total=14.34s
============================================================
Level 161 - SAMPLING
============================================================
  Starting braids: 984770
  Candidates to generate: 5175868
  Processing in 52 chunks...
  Projlen distribution:
    projlen=82: 2 braids
    projlen=83: 18 braids
    projlen=84: 24 braids
    projlen=85: 258 braids
    projlen=86: 338 braids
    projlen=87: 4878 braids
    projlen=88: 4525 braids
    projlen=89: 94501 braids
    projlen=90: 64188 braids
    projlen=91: 280719 braids
    projlen=92: 173676 braids
    projlen=93: 362077 braids
    projlen=94: 168883 braids
    projlen=95: 357672 braids
    projlen=96: 161216 braids
    projlen=97: 354463 braids
    projlen=98: 159192 braids
    projlen=99: 350694 braids
    projlen=100: 161631 braids
    projlen=101: 343586 braids
    projlen=102: 172612 braids
    projlen=103: 335777 braids
    projlen=104: 187994 braids
    projlen=105: 328086 braids
    projlen=106: 199691 braids
    projlen=107: 318455 braids
    projlen=108: 217169 braids
    projlen=109: 284291 braids
    projlen=110: 89252 braids
  Braids kept: 1110043 (in 29 buckets, 2.71 GB CPU)
  ⚡ Timing: matmul=0.16s, sampling=8.55s, total=12.89s
============================================================
Level 162 - SAMPLING
============================================================
  Starting braids: 960043
  Candidates to generate: 5028891
  Processing in 51 chunks...
  Projlen distribution:
    projlen=81: 1 braids
    projlen=83: 20 braids
    projlen=84: 20 braids
    projlen=85: 163 braids
    projlen=86: 202 braids
    projlen=87: 2198 braids
    projlen=88: 2134 braids
    projlen=89: 27809 braids
    projlen=90: 20598 braids
    projlen=91: 258091 braids
    projlen=92: 176819 braids
    projlen=93: 364641 braids
    projlen=94: 169958 braids
    projlen=95: 358960 braids
    projlen=96: 159802 braids
    projlen=97: 354313 braids
    projlen=98: 158173 braids
    projlen=99: 350325 braids
    projlen=100: 158826 braids
    projlen=101: 347680 braids
    projlen=102: 163382 braids
    projlen=103: 341326 braids
    projlen=104: 178426 braids
    projlen=105: 332218 braids
    projlen=106: 196352 braids
    projlen=107: 322692 braids
    projlen=108: 207439 braids
    projlen=109: 289453 braids
    projlen=110: 86870 braids
  Braids kept: 1053145 (in 29 buckets, 2.58 GB CPU)
  ⚡ Timing: matmul=0.14s, sampling=8.20s, total=12.42s
============================================================
Level 163 - SAMPLING
============================================================
  Starting braids: 953145
  Candidates to generate: 4975419
  Processing in 50 chunks...
  Projlen distribution:
    projlen=81: 4 braids
    projlen=82: 3 braids
    projlen=83: 16 braids
    projlen=84: 14 braids
    projlen=85: 147 braids
    projlen=86: 159 braids
    projlen=87: 1336 braids
    projlen=88: 1326 braids
    projlen=89: 14093 braids
    projlen=90: 11315 braids
    projlen=91: 139745 braids
    projlen=92: 90750 braids
    projlen=93: 295018 braids
    projlen=94: 174681 braids
    projlen=95: 359893 braids
    projlen=96: 160195 braids
    projlen=97: 354499 braids
    projlen=98: 156080 braids
    projlen=99: 351323 braids
    projlen=100: 157561 braids
    projlen=101: 348567 braids
    projlen=102: 159909 braids
    projlen=103: 344918 braids
    projlen=104: 166703 braids
    projlen=105: 338831 braids
    projlen=106: 185187 braids
    projlen=107: 327787 braids
    projlen=108: 204339 braids
    projlen=109: 313482 braids
    projlen=110: 208657 braids
    projlen=111: 108881 braids
  Braids kept: 1078413 (in 31 buckets, 2.66 GB CPU)
  ⚡ Timing: matmul=0.15s, sampling=8.39s, total=12.69s
============================================================
Level 164 - SAMPLING
============================================================
  Starting braids: 978413
  Candidates to generate: 5112927
  Processing in 52 chunks...
  Projlen distribution:
    projlen=81: 3 braids
    projlen=82: 4 braids
    projlen=83: 27 braids
    projlen=84: 26 braids
    projlen=85: 104 braids
    projlen=86: 113 braids
    projlen=87: 1054 braids
    projlen=88: 971 braids
    projlen=89: 8911 braids
    projlen=90: 7239 braids
    projlen=91: 74151 braids
    projlen=92: 50108 braids
    projlen=93: 274177 braids
    projlen=94: 176515 braids
    projlen=95: 364297 braids
    projlen=96: 168373 braids
    projlen=97: 356171 braids
    projlen=98: 156557 braids
    projlen=99: 352210 braids
    projlen=100: 155175 braids
    projlen=101: 349434 braids
    projlen=102: 157547 braids
    projlen=103: 346899 braids
    projlen=104: 162710 braids
    projlen=105: 343012 braids
    projlen=106: 171258 braids
    projlen=107: 335266 braids
    projlen=108: 192505 braids
    projlen=109: 321421 braids
    projlen=110: 210714 braids
    projlen=111: 287887 braids
    projlen=112: 88088 braids
  Braids kept: 1118452 (in 32 buckets, 2.78 GB CPU)
  ⚡ Timing: matmul=0.13s, sampling=8.56s, total=12.93s
============================================================
Level 165 - SAMPLING
============================================================
  Starting braids: 968452
  Candidates to generate: 5053522
  Processing in 51 chunks...
  Projlen distribution:
    projlen=82: 1 braids
    projlen=83: 21 braids
    projlen=84: 21 braids
    projlen=85: 175 braids
    projlen=86: 142 braids
    projlen=87: 786 braids
    projlen=88: 679 braids
    projlen=89: 6692 braids
    projlen=90: 5357 braids
    projlen=91: 49284 braids
    projlen=92: 34372 braids
    projlen=93: 267532 braids
    projlen=94: 178018 braids
    projlen=95: 364629 braids
    projlen=96: 171553 braids
    projlen=97: 359561 braids
    projlen=98: 159289 braids
    projlen=99: 352715 braids
    projlen=100: 154776 braids
    projlen=101: 350425 braids
    projlen=102: 154821 braids
    projlen=103: 348215 braids
    projlen=104: 159446 braids
    projlen=105: 344927 braids
    projlen=106: 166336 braids
    projlen=107: 340093 braids
    projlen=108: 177376 braids
    projlen=109: 329884 braids
    projlen=110: 197917 braids
    projlen=111: 292180 braids
    projlen=112: 86299 braids
  Braids kept: 1097530 (in 31 buckets, 2.73 GB CPU)
  ⚡ Timing: matmul=0.14s, sampling=8.19s, total=12.44s
============================================================
Level 166 - SAMPLING
============================================================
  Starting braids: 997530
  Candidates to generate: 5192142
  Processing in 52 chunks...
  Projlen distribution:
    projlen=83: 3 braids
    projlen=84: 10 braids
    projlen=85: 136 braids
    projlen=86: 132 braids
    projlen=87: 1059 braids
    projlen=88: 835 braids
    projlen=89: 4988 braids
    projlen=90: 3927 braids
    projlen=91: 37664 braids
    projlen=92: 27002 braids
    projlen=93: 245931 braids
    projlen=94: 153073 braids
    projlen=95: 328859 braids
    projlen=96: 174606 braids
    projlen=97: 360185 braids
    projlen=98: 160367 braids
    projlen=99: 355236 braids
    projlen=100: 156109 braids
    projlen=101: 350395 braids
    projlen=102: 154542 braids
    projlen=103: 349231 braids
    projlen=104: 155331 braids
    projlen=105: 347130 braids
    projlen=106: 161491 braids
    projlen=107: 342842 braids
    projlen=108: 171097 braids
    projlen=109: 336489 braids
    projlen=110: 183816 braids
    projlen=111: 321159 braids
    projlen=112: 197309 braids
    projlen=113: 111188 braids
  Braids kept: 1125756 (in 31 buckets, 2.82 GB CPU)
  ⚡ Timing: matmul=0.17s, sampling=8.70s, total=13.18s
============================================================
Level 167 - SAMPLING
============================================================
  Starting braids: 975756
  Candidates to generate: 5057100
  Processing in 51 chunks...
  Projlen distribution:
    projlen=85: 54 braids
    projlen=86: 69 braids
    projlen=87: 831 braids
    projlen=88: 704 braids
    projlen=89: 6047 braids
    projlen=90: 4475 braids
    projlen=91: 29147 braids
    projlen=92: 20311 braids
    projlen=93: 187738 braids
    projlen=94: 118523 braids
    projlen=95: 310515 braids
    projlen=96: 174974 braids
    projlen=97: 361680 braids
    projlen=98: 164582 braids
    projlen=99: 355722 braids
    projlen=100: 156744 braids
    projlen=101: 352196 braids
    projlen=102: 154904 braids
    projlen=103: 348757 braids
    projlen=104: 155292 braids
    projlen=105: 349117 braids
    projlen=106: 156029 braids
    projlen=107: 345556 braids
    projlen=108: 163756 braids
    projlen=109: 339397 braids
    projlen=110: 175877 braids
    projlen=111: 327932 braids
    projlen=112: 183976 braids
    projlen=113: 112195 braids
  Braids kept: 1111638 (in 29 buckets, 2.79 GB CPU)
  ⚡ Timing: matmul=0.15s, sampling=8.68s, total=13.04s
============================================================
Level 168 - SAMPLING
============================================================
  Starting braids: 961638
  Candidates to generate: 4971344
  Processing in 50 chunks...
  Projlen distribution:
    projlen=84: 1 braids
    projlen=85: 8 braids
    projlen=86: 14 braids
    projlen=87: 423 braids
    projlen=88: 430 braids
    projlen=89: 4764 braids
    projlen=90: 3752 braids
    projlen=91: 32992 braids
    projlen=92: 22398 braids
    projlen=93: 147900 braids
    projlen=94: 90294 braids
    projlen=95: 294310 braids
    projlen=96: 175230 braids
    projlen=97: 363695 braids
    projlen=98: 166713 braids
    projlen=99: 356541 braids
    projlen=100: 157645 braids
    projlen=101: 352481 braids
    projlen=102: 155152 braids
    projlen=103: 350545 braids
    projlen=104: 154779 braids
    projlen=105: 348631 braids
    projlen=106: 155967 braids
    projlen=107: 347130 braids
    projlen=108: 156724 braids
    projlen=109: 344822 braids
    projlen=110: 167131 braids
    projlen=111: 332354 braids
    projlen=112: 175733 braids
    projlen=113: 112785 braids
  Braids kept: 1114782 (in 30 buckets, 2.81 GB CPU)
  ⚡ Timing: matmul=0.15s, sampling=8.34s, total=12.61s
============================================================
Level 169 - SAMPLING
============================================================
  Starting braids: 964782
  Candidates to generate: 4981564
  Processing in 50 chunks...
  Projlen distribution:
    projlen=85: 3 braids
    projlen=86: 10 braids
    projlen=87: 108 braids
    projlen=88: 144 braids
    projlen=89: 2751 braids
    projlen=90: 2396 braids
    projlen=91: 26255 braids
    projlen=92: 18605 braids
    projlen=93: 161654 braids
    projlen=94: 100349 braids
    projlen=95: 298410 braids
    projlen=96: 172916 braids
    projlen=97: 363528 braids
    projlen=98: 168333 braids
    projlen=99: 359408 braids
    projlen=100: 158674 braids
    projlen=101: 354394 braids
    projlen=102: 156253 braids
    projlen=103: 350077 braids
    projlen=104: 155040 braids
    projlen=105: 349360 braids
    projlen=106: 155177 braids
    projlen=107: 348339 braids
    projlen=108: 156874 braids
    projlen=109: 346357 braids
    projlen=110: 157678 braids
    projlen=111: 337728 braids
    projlen=112: 165791 braids
    projlen=113: 114952 braids
  Braids kept: 1100272 (in 29 buckets, 2.78 GB CPU)
  ⚡ Timing: matmul=0.15s, sampling=8.12s, total=12.32s
============================================================
Level 170 - SAMPLING
============================================================
  Starting braids: 950272
  Candidates to generate: 4889522
  Processing in 49 chunks...
  Projlen distribution:
    projlen=86: 4 braids
    projlen=87: 59 braids
    projlen=88: 102 braids
    projlen=89: 980 braids
    projlen=90: 1018 braids
    projlen=91: 16058 braids
    projlen=92: 12318 braids
    projlen=93: 128517 braids
    projlen=94: 81743 braids
    projlen=95: 288189 braids
    projlen=96: 173162 braids
    projlen=97: 362321 braids
    projlen=98: 166978 braids
    projlen=99: 358581 braids
    projlen=100: 159185 braids
    projlen=101: 355297 braids
    projlen=102: 155555 braids
    projlen=103: 351445 braids
    projlen=104: 155412 braids
    projlen=105: 349114 braids
    projlen=106: 155236 braids
    projlen=107: 348417 braids
    projlen=108: 156242 braids
    projlen=109: 347304 braids
    projlen=110: 157716 braids
    projlen=111: 338813 braids
    projlen=112: 154569 braids
    projlen=113: 115187 braids
  Braids kept: 1080539 (in 28 buckets, 2.74 GB CPU)
  ⚡ Timing: matmul=0.15s, sampling=8.29s, total=12.50s
============================================================
Level 171 - SAMPLING
============================================================
  Starting braids: 980539
  Candidates to generate: 5069129
  Processing in 51 chunks...
  Projlen distribution:
    projlen=86: 1 braids
    projlen=87: 17 braids
    projlen=88: 41 braids
    projlen=89: 603 braids
    projlen=90: 691 braids
    projlen=91: 6775 braids
    projlen=92: 5654 braids
    projlen=93: 81380 braids
    projlen=94: 54495 braids
    projlen=95: 273817 braids
    projlen=96: 173366 braids
    projlen=97: 361967 braids
    projlen=98: 168600 braids
    projlen=99: 358412 braids
    projlen=100: 158694 braids
    projlen=101: 354834 braids
    projlen=102: 155531 braids
    projlen=103: 351913 braids
    projlen=104: 154304 braids
    projlen=105: 349473 braids
    projlen=106: 155893 braids
    projlen=107: 348476 braids
    projlen=108: 156140 braids
    projlen=109: 347534 braids
    projlen=110: 157303 braids
    projlen=111: 345057 braids
    projlen=112: 158751 braids
    projlen=113: 307857 braids
    projlen=114: 81550 braids
  Braids kept: 1113782 (in 29 buckets, 2.84 GB CPU)
  ⚡ Timing: matmul=0.15s, sampling=8.67s, total=13.06s
============================================================
Level 172 - SAMPLING
============================================================
  Starting braids: 963782
  Candidates to generate: 4975806
  Processing in 50 chunks...
  Projlen distribution:
    projlen=87: 14 braids
    projlen=88: 26 braids
    projlen=89: 263 braids
    projlen=90: 351 braids
    projlen=91: 4283 braids
    projlen=92: 3794 braids
    projlen=93: 37259 braids
    projlen=94: 26400 braids
    projlen=95: 261285 braids
    projlen=96: 175816 braids
    projlen=97: 361708 braids
    projlen=98: 169962 braids
    projlen=99: 358572 braids
    projlen=100: 158947 braids
    projlen=101: 354176 braids
    projlen=102: 155530 braids
    projlen=103: 351978 braids
    projlen=104: 153877 braids
    projlen=105: 349985 braids
    projlen=106: 153591 braids
    projlen=107: 347418 braids
    projlen=108: 155685 braids
    projlen=109: 346350 braids
    projlen=110: 157334 braids
    projlen=111: 345684 braids
    projlen=112: 157334 braids
    projlen=113: 307507 braids
    projlen=114: 80677 braids
  Braids kept: 1072390 (in 28 buckets, 2.74 GB CPU)
  ⚡ Timing: matmul=0.15s, sampling=8.24s, total=12.51s
============================================================
Level 173 - SAMPLING
============================================================
  Starting braids: 972390
  Candidates to generate: 4991722
  Processing in 50 chunks...
  Projlen distribution:
    projlen=86: 2 braids
    projlen=87: 8 braids
    projlen=88: 11 braids
    projlen=89: 162 braids
    projlen=90: 186 braids
    projlen=91: 2170 braids
    projlen=92: 2120 braids
    projlen=93: 25081 braids
    projlen=94: 19042 braids
    projlen=95: 184180 braids
    projlen=96: 115780 braids
    projlen=97: 307494 braids
    projlen=98: 173791 braids
    projlen=99: 359705 braids
    projlen=100: 159637 braids
    projlen=101: 354440 braids
    projlen=102: 155262 braids
    projlen=103: 352227 braids
    projlen=104: 154310 braids
    projlen=105: 350526 braids
    projlen=106: 153553 braids
    projlen=107: 349634 braids
    projlen=108: 153463 braids
    projlen=109: 348297 braids
    projlen=110: 157283 braids
    projlen=111: 345023 braids
    projlen=112: 158498 braids
    projlen=113: 338098 braids
    projlen=114: 155281 braids
    projlen=115: 116458 braids
  Braids kept: 1098782 (in 30 buckets, 2.83 GB CPU)
  ⚡ Timing: matmul=0.16s, sampling=8.21s, total=12.47s
============================================================
Level 174 - SAMPLING
============================================================
  Starting braids: 998782
  Candidates to generate: 5152222
  Processing in 52 chunks...
  Projlen distribution:
    projlen=86: 2 braids
    projlen=87: 4 braids
    projlen=88: 12 braids
    projlen=89: 84 braids
    projlen=90: 83 braids
    projlen=91: 1215 braids
    projlen=92: 1155 braids
    projlen=93: 13797 braids
    projlen=94: 11122 braids
    projlen=95: 125590 braids
    projlen=96: 82378 braids
    projlen=97: 290727 braids
    projlen=98: 174854 braids
    projlen=99: 361742 braids
    projlen=100: 165651 braids
    projlen=101: 355557 braids
    projlen=102: 155889 braids
    projlen=103: 352537 braids
    projlen=104: 154313 braids
    projlen=105: 350412 braids
    projlen=106: 153571 braids
    projlen=107: 349640 braids
    projlen=108: 153613 braids
    projlen=109: 349413 braids
    projlen=110: 153535 braids
    projlen=111: 347884 braids
    projlen=112: 158724 braids
    projlen=113: 341410 braids
    projlen=114: 159465 braids
    projlen=115: 306435 braids
    projlen=116: 81408 braids
  Braids kept: 1127474 (in 31 buckets, 2.92 GB CPU)
  ⚡ Timing: matmul=0.17s, sampling=9.23s, total=13.83s
============================================================
Level 175 - SAMPLING
============================================================
  Starting braids: 977474
  Candidates to generate: 5044648
  Processing in 51 chunks...
  Projlen distribution:
    projlen=87: 6 braids
    projlen=88: 9 braids
    projlen=89: 61 braids
    projlen=90: 66 braids
    projlen=91: 582 braids
    projlen=92: 573 braids
    projlen=93: 7595 braids
    projlen=94: 6147 braids
    projlen=95: 71717 braids
    projlen=96: 48858 braids
    projlen=97: 272386 braids
    projlen=98: 175617 braids
    projlen=99: 363057 braids
    projlen=100: 168750 braids
    projlen=101: 358991 braids
    projlen=102: 158175 braids
    projlen=103: 352739 braids
    projlen=104: 154015 braids
    projlen=105: 350791 braids
    projlen=106: 153750 braids
    projlen=107: 349714 braids
    projlen=108: 153340 braids
    projlen=109: 349323 braids
    projlen=110: 153736 braids
    projlen=111: 348941 braids
    projlen=112: 153428 braids
    projlen=113: 345545 braids
    projlen=114: 158171 braids
    projlen=115: 307119 braids
    projlen=116: 81446 braids
  Braids kept: 1113897 (in 30 buckets, 2.90 GB CPU)
  ⚡ Timing: matmul=0.19s, sampling=8.83s, total=13.32s
============================================================
Level 176 - SAMPLING
============================================================
  Starting braids: 963897
  Candidates to generate: 4969907
  Processing in 50 chunks...
  Projlen distribution:
    projlen=88: 1 braids
    projlen=89: 58 braids
    projlen=90: 68 braids
    projlen=91: 432 braids
    projlen=92: 412 braids
    projlen=93: 3800 braids
    projlen=94: 3267 braids
    projlen=95: 40317 braids
    projlen=96: 28698 braids
    projlen=97: 261776 braids
    projlen=98: 175588 braids
    projlen=99: 361291 braids
    projlen=100: 171942 braids
    projlen=101: 357732 braids
    projlen=102: 158439 braids
    projlen=103: 353956 braids
    projlen=104: 155114 braids
    projlen=105: 350153 braids
    projlen=106: 153070 braids
    projlen=107: 349110 braids
    projlen=108: 152980 braids
    projlen=109: 349115 braids
    projlen=110: 153265 braids
    projlen=111: 349050 braids
    projlen=112: 153364 braids
    projlen=113: 347376 braids
    projlen=114: 151327 braids
    projlen=115: 308152 braids
    projlen=116: 80054 braids
  Braids kept: 1077053 (in 29 buckets, 2.81 GB CPU)
  ⚡ Timing: matmul=0.19s, sampling=8.34s, total=12.73s
============================================================
Level 177 - SAMPLING
============================================================
  Starting braids: 977053
  Candidates to generate: 5002759
  Processing in 51 chunks...
  Projlen distribution:
    projlen=89: 4 braids
    projlen=90: 7 braids
    projlen=91: 413 braids
    projlen=92: 389 braids
    projlen=93: 2929 braids
    projlen=94: 2461 braids
    projlen=95: 22093 braids
    projlen=96: 16680 braids
    projlen=97: 195717 braids
    projlen=98: 124279 braids
    projlen=99: 311459 braids
    projlen=100: 174352 braids
    projlen=101: 359450 braids
    projlen=102: 160321 braids
    projlen=103: 354440 braids
    projlen=104: 155359 braids
    projlen=105: 352141 braids
    projlen=106: 154395 braids
    projlen=107: 349209 braids
    projlen=108: 152986 braids
    projlen=109: 349019 braids
    projlen=110: 153321 braids
    projlen=111: 349822 braids
    projlen=112: 153644 braids
    projlen=113: 348443 braids
    projlen=114: 152031 braids
    projlen=115: 341800 braids
    projlen=116: 148273 braids
    projlen=117: 117322 braids
  Braids kept: 1094976 (in 29 buckets, 2.88 GB CPU)
  ⚡ Timing: matmul=0.15s, sampling=8.68s, total=13.09s
============================================================
Level 178 - SAMPLING
============================================================
  Starting braids: 994976
  Candidates to generate: 5123348
  Processing in 52 chunks...
  Projlen distribution:
    projlen=89: 4 braids
    projlen=90: 5 braids
    projlen=91: 70 braids
    projlen=92: 90 braids
    projlen=93: 2516 braids
    projlen=94: 2154 braids
    projlen=95: 17422 braids
    projlen=96: 12727 braids
    projlen=97: 111989 braids
    projlen=98: 71871 braids
    projlen=99: 282425 braids
    projlen=100: 174027 braids
    projlen=101: 361353 braids
    projlen=102: 165768 braids
    projlen=103: 355929 braids
    projlen=104: 156186 braids
    projlen=105: 352217 braids
    projlen=106: 154489 braids
    projlen=107: 351617 braids
    projlen=108: 153945 braids
    projlen=109: 349466 braids
    projlen=110: 153233 braids
    projlen=111: 348781 braids
    projlen=112: 153235 braids
    projlen=113: 349424 braids
    projlen=114: 153682 braids
    projlen=115: 347424 braids
    projlen=116: 150942 braids
    projlen=117: 309606 braids
    projlen=118: 80751 braids
  Braids kept: 1134988 (in 30 buckets, 3.00 GB CPU)
  ⚡ Timing: matmul=0.13s, sampling=9.21s, total=13.79s
============================================================
Level 179 - SAMPLING
============================================================
  Starting braids: 984988
  Candidates to generate: 5080042
  Processing in 51 chunks...
  Projlen distribution:
    projlen=89: 5 braids
    projlen=90: 6 braids
    projlen=91: 34 braids
    projlen=92: 53 braids
    projlen=93: 625 braids
    projlen=94: 713 braids
    projlen=95: 14194 braids
    projlen=96: 10950 braids
    projlen=97: 89674 braids
    projlen=98: 57675 braids
    projlen=99: 276592 braids
    projlen=100: 174789 braids
    projlen=101: 362637 braids
    projlen=102: 169217 braids
    projlen=103: 357128 braids
    projlen=104: 157914 braids
    projlen=105: 352417 braids
    projlen=106: 154342 braids
    projlen=107: 350839 braids
    projlen=108: 154182 braids
    projlen=109: 350717 braids
    projlen=110: 153897 braids
    projlen=111: 349326 braids
    projlen=112: 153279 braids
    projlen=113: 348972 braids
    projlen=114: 153222 braids
    projlen=115: 346509 braids
    projlen=116: 150639 braids
    projlen=117: 309339 braids
    projlen=118: 80156 braids
  Braids kept: 1126580 (in 30 buckets, 2.99 GB CPU)
  ⚡ Timing: matmul=0.16s, sampling=9.00s, total=13.55s
============================================================
Level 180 - SAMPLING
============================================================
  Starting braids: 976580
  Candidates to generate: 5043844
  Processing in 51 chunks...
  Projlen distribution:
    projlen=89: 2 braids
    projlen=90: 2 braids
    projlen=91: 44 braids
    projlen=92: 43 braids
    projlen=93: 319 braids
    projlen=94: 383 braids
    projlen=95: 4544 braids
    projlen=96: 4171 braids
    projlen=97: 72324 braids
    projlen=98: 49926 braids
    projlen=99: 273080 braids
    projlen=100: 174143 braids
    projlen=101: 362983 braids
    projlen=102: 170524 braids
    projlen=103: 358991 braids
    projlen=104: 159335 braids
    projlen=105: 353942 braids
    projlen=106: 155328 braids
    projlen=107: 349689 braids
    projlen=108: 153654 braids
    projlen=109: 350201 braids
    projlen=110: 153936 braids
    projlen=111: 350357 braids
    projlen=112: 153900 braids
    projlen=113: 350265 braids
    projlen=114: 153390 braids
    projlen=115: 347578 braids
    projlen=116: 151552 braids
    projlen=117: 308895 braids
    projlen=118: 80343 braids
  Braids kept: 1109434 (in 30 buckets, 2.95 GB CPU)
  ⚡ Timing: matmul=0.14s, sampling=8.52s, total=12.97s
============================================================
Level 181 - SAMPLING
============================================================
  Starting braids: 959434
  Candidates to generate: 4957118
  Processing in 50 chunks...
  Projlen distribution:
    projlen=90: 1 braids
    projlen=91: 13 braids
    projlen=92: 20 braids
    projlen=93: 314 braids
    projlen=94: 302 braids
    projlen=95: 2480 braids
    projlen=96: 2297 braids
    projlen=97: 26752 braids
    projlen=98: 20360 braids
    projlen=99: 259080 braids
    projlen=100: 176978 braids
    projlen=101: 364298 braids
    projlen=102: 170975 braids
    projlen=103: 359264 braids
    projlen=104: 160139 braids
    projlen=105: 355775 braids
    projlen=106: 155764 braids
    projlen=107: 352012 braids
    projlen=108: 154457 braids
    projlen=109: 349094 braids
    projlen=110: 153481 braids
    projlen=111: 349492 braids
    projlen=112: 153614 braids
    projlen=113: 349059 braids
    projlen=114: 153228 braids
    projlen=115: 347266 braids
    projlen=116: 151017 braids
    projlen=117: 309433 braids
    projlen=118: 80153 braids
  Braids kept: 1052539 (in 29 buckets, 2.81 GB CPU)
  ⚡ Timing: matmul=0.16s, sampling=9.02s, total=13.54s
============================================================
Level 182 - SAMPLING
============================================================
  Starting braids: 952539
  Candidates to generate: 4881173
  Processing in 49 chunks...
  Projlen distribution:
    projlen=90: 2 braids
    projlen=91: 4 braids
    projlen=92: 11 braids
    projlen=93: 105 braids
    projlen=94: 137 braids
    projlen=95: 2081 braids
    projlen=96: 1834 braids
    projlen=97: 15614 braids
    projlen=98: 12166 braids
    projlen=99: 136919 braids
    projlen=100: 88858 braids
    projlen=101: 296049 braids
    projlen=102: 174904 braids
    projlen=103: 359875 braids
    projlen=104: 159999 braids
    projlen=105: 355109 braids
    projlen=106: 155839 braids
    projlen=107: 352376 braids
    projlen=108: 154113 braids
    projlen=109: 350037 braids
    projlen=110: 153948 braids
    projlen=111: 348478 braids
    projlen=112: 153342 braids
    projlen=113: 348754 braids
    projlen=114: 154037 braids
    projlen=115: 349051 braids
    projlen=116: 152303 braids
    projlen=117: 340471 braids
    projlen=118: 147424 braids
    projlen=119: 117333 braids
  Braids kept: 1081954 (in 30 buckets, 2.91 GB CPU)
  ⚡ Timing: matmul=0.15s, sampling=8.65s, total=13.02s
============================================================
Level 183 - SAMPLING
============================================================
  Starting braids: 981954
  Candidates to generate: 5066336
  Processing in 51 chunks...
  Projlen distribution:
    projlen=91: 7 braids
    projlen=92: 9 braids
    projlen=93: 72 braids
    projlen=94: 87 braids
    projlen=95: 842 braids
    projlen=96: 884 braids
    projlen=97: 12279 braids
    projlen=98: 9603 braids
    projlen=99: 82470 braids
    projlen=100: 54147 braids
    projlen=101: 277896 braids
    projlen=102: 176949 braids
    projlen=103: 364708 braids
    projlen=104: 167847 braids
    projlen=105: 356352 braids
    projlen=106: 155955 braids
    projlen=107: 352218 braids
    projlen=108: 154298 braids
    projlen=109: 350431 braids
    projlen=110: 153612 braids
    projlen=111: 348883 braids
    projlen=112: 153884 braids
    projlen=113: 347596 braids
    projlen=114: 153587 braids
    projlen=115: 348060 braids
    projlen=116: 153877 braids
    projlen=117: 346623 braids
    projlen=118: 151582 braids
    projlen=119: 310755 braids
    projlen=120: 80823 braids
  Braids kept: 1123783 (in 30 buckets, 3.04 GB CPU)
  ⚡ Timing: matmul=0.15s, sampling=9.01s, total=13.53s
============================================================
Level 184 - SAMPLING
============================================================
  Starting braids: 973783
  Candidates to generate: 5031399
  Processing in 51 chunks...
  Projlen distribution:
    projlen=91: 5 braids
    projlen=92: 6 braids
    projlen=93: 81 braids
    projlen=94: 97 braids
    projlen=95: 577 braids
    projlen=96: 614 braids
    projlen=97: 5680 braids
    projlen=98: 4779 braids
    projlen=99: 63920 braids
    projlen=100: 44389 braids
    projlen=101: 272667 braids
    projlen=102: 177028 braids
    projlen=103: 366366 braids
    projlen=104: 171638 braids
    projlen=105: 359362 braids
    projlen=106: 158442 braids
    projlen=107: 352849 braids
    projlen=108: 154202 braids
    projlen=109: 350108 braids
    projlen=110: 153836 braids
    projlen=111: 349475 braids
    projlen=112: 153260 braids
    projlen=113: 348577 braids
    projlen=114: 153983 braids
    projlen=115: 347383 braids
    projlen=116: 154087 braids
    projlen=117: 346639 braids
    projlen=118: 152377 braids
    projlen=119: 308500 braids
    projlen=120: 80472 braids
  Braids kept: 1106228 (in 30 buckets, 3.00 GB CPU)
  ⚡ Timing: matmul=0.16s, sampling=8.70s, total=13.16s
============================================================
Level 185 - SAMPLING
============================================================
  Starting braids: 956228
  Candidates to generate: 4945758
  Processing in 50 chunks...
  Projlen distribution:
    projlen=91: 7 braids
    projlen=92: 6 braids
    projlen=93: 42 braids
    projlen=94: 56 braids
    projlen=95: 625 braids
    projlen=96: 606 braids
    projlen=97: 4120 braids
    projlen=98: 3389 braids
    projlen=99: 32072 braids
    projlen=100: 23126 braids
    projlen=101: 255418 braids
    projlen=102: 169217 braids
    projlen=103: 352584 braids
    projlen=104: 173039 braids
    projlen=105: 360737 braids
    projlen=106: 160159 braids
    projlen=107: 355208 braids
    projlen=108: 155161 braids
    projlen=109: 350615 braids
    projlen=110: 153481 braids
    projlen=111: 349134 braids
    projlen=112: 153293 braids
    projlen=113: 348997 braids
    projlen=114: 153765 braids
    projlen=115: 348500 braids
    projlen=116: 154326 braids
    projlen=117: 346914 braids
    projlen=118: 153102 braids
    projlen=119: 307847 braids
    projlen=120: 80212 braids
  Braids kept: 1064049 (in 30 buckets, 2.89 GB CPU)
  ⚡ Timing: matmul=0.21s, sampling=8.89s, total=13.46s
============================================================
Level 186 - SAMPLING
============================================================
  Starting braids: 964049
  Candidates to generate: 4949317
  Processing in 50 chunks...
  Projlen distribution:
    projlen=91: 5 braids
    projlen=92: 8 braids
    projlen=93: 40 braids
    projlen=94: 47 braids
    projlen=95: 408 braids
    projlen=96: 420 braids
    projlen=97: 4055 braids
    projlen=98: 3350 braids
    projlen=99: 24467 braids
    projlen=100: 17306 braids
    projlen=101: 159690 braids
    projlen=102: 100452 braids
    projlen=103: 300764 braids
    projlen=104: 175427 braids
    projlen=105: 361885 braids
    projlen=106: 161890 braids
    projlen=107: 356205 braids
    projlen=108: 155926 braids
    projlen=109: 352989 braids
    projlen=110: 154569 braids
    projlen=111: 349892 braids
    projlen=112: 153320 braids
    projlen=113: 349499 braids
    projlen=114: 153592 braids
    projlen=115: 348824 braids
    projlen=116: 153853 braids
    projlen=117: 347664 braids
    projlen=118: 153874 braids
    projlen=119: 341104 braids
    projlen=120: 150706 braids
    projlen=121: 117086 braids
  Braids kept: 1100106 (in 31 buckets, 3.01 GB CPU)
  ⚡ Timing: matmul=0.16s, sampling=8.92s, total=13.39s
============================================================
Level 187 - SAMPLING
============================================================
  Starting braids: 950106
  Candidates to generate: 4878634
  Processing in 49 chunks...
  Projlen distribution:
    projlen=91: 2 braids
    projlen=92: 2 braids
    projlen=93: 47 braids
    projlen=94: 46 braids
    projlen=95: 339 braids
    projlen=96: 313 braids
    projlen=97: 2822 braids
    projlen=98: 2424 braids
    projlen=99: 23353 braids
    projlen=100: 16788 braids
    projlen=101: 123472 braids
    projlen=102: 76520 braids
    projlen=103: 285245 braids
    projlen=104: 174049 braids
    projlen=105: 363000 braids
    projlen=106: 167154 braids
    projlen=107: 357712 braids
    projlen=108: 157010 braids
    projlen=109: 353299 braids
    projlen=110: 154419 braids
    projlen=111: 351512 braids
    projlen=112: 154271 braids
    projlen=113: 349824 braids
    projlen=114: 153022 braids
    projlen=115: 349433 braids
    projlen=116: 153840 braids
    projlen=117: 348959 braids
    projlen=118: 153552 braids
    projlen=119: 340919 braids
    projlen=120: 149308 braids
    projlen=121: 115978 braids
  Braids kept: 1096136 (in 31 buckets, 3.00 GB CPU)
  ⚡ Timing: matmul=0.12s, sampling=8.61s, total=12.95s
============================================================
Level 188 - SAMPLING
============================================================
  Starting braids: 996136
  Candidates to generate: 5139032
  Processing in 52 chunks...
  Projlen distribution:
    projlen=92: 3 braids
    projlen=93: 21 braids
    projlen=94: 31 braids
    projlen=95: 327 braids
    projlen=96: 296 braids
    projlen=97: 2215 braids
    projlen=98: 1872 braids
    projlen=99: 16846 braids
    projlen=100: 12364 braids
    projlen=101: 116311 braids
    projlen=102: 74659 braids
    projlen=103: 284132 braids
    projlen=104: 172649 braids
    projlen=105: 362321 braids
    projlen=106: 169039 braids
    projlen=107: 357761 braids
    projlen=108: 158438 braids
    projlen=109: 354888 braids
    projlen=110: 154954 braids
    projlen=111: 350116 braids
    projlen=112: 153302 braids
    projlen=113: 349296 braids
    projlen=114: 153185 braids
    projlen=115: 349172 braids
    projlen=116: 153124 braids
    projlen=117: 349572 braids
    projlen=118: 154279 braids
    projlen=119: 346408 braids
    projlen=120: 152352 braids
    projlen=121: 308856 braids
    projlen=122: 80243 braids
  Braids kept: 1133975 (in 31 buckets, 3.13 GB CPU)
  ⚡ Timing: matmul=0.18s, sampling=9.44s, total=14.09s
============================================================
Level 189 - SAMPLING
============================================================
  Starting braids: 983975
  Candidates to generate: 5078117
  Processing in 51 chunks...
  Projlen distribution:
    projlen=92: 1 braids
    projlen=93: 17 braids
    projlen=94: 20 braids
    projlen=95: 159 braids
    projlen=96: 171 braids
    projlen=97: 2033 braids
    projlen=98: 1678 braids
    projlen=99: 13196 braids
    projlen=100: 9673 braids
    projlen=101: 85246 braids
    projlen=102: 55270 braids
    projlen=103: 274649 braids
    projlen=104: 173831 braids
    projlen=105: 361840 braids
    projlen=106: 168569 braids
    projlen=107: 358108 braids
    projlen=108: 158953 braids
    projlen=109: 354966 braids
    projlen=110: 155480 braids
    projlen=111: 352626 braids
    projlen=112: 154453 braids
    projlen=113: 348996 braids
    projlen=114: 152882 braids
    projlen=115: 348928 braids
    projlen=116: 153425 braids
    projlen=117: 349192 braids
    projlen=118: 153367 braids
    projlen=119: 348276 braids
    projlen=120: 152576 braids
    projlen=121: 309156 braids
    projlen=122: 80380 braids
  Braids kept: 1126948 (in 31 buckets, 3.11 GB CPU)
  ⚡ Timing: matmul=0.15s, sampling=9.32s, total=13.94s
============================================================
Level 190 - SAMPLING
============================================================
  Starting braids: 976948
  Candidates to generate: 5041978
  Processing in 51 chunks...
  Projlen distribution:
    projlen=92: 2 braids
    projlen=93: 10 braids
    projlen=94: 22 braids
    projlen=95: 126 braids
    projlen=96: 122 braids
    projlen=97: 1071 braids
    projlen=98: 975 braids
    projlen=99: 11607 braids
    projlen=100: 8652 braids
    projlen=101: 68149 braids
    projlen=102: 44420 braids
    projlen=103: 268868 braids
    projlen=104: 173639 braids
    projlen=105: 362055 braids
    projlen=106: 170122 braids
    projlen=107: 358576 braids
    projlen=108: 159344 braids
    projlen=109: 355397 braids
    projlen=110: 155772 braids
    projlen=111: 352494 braids
    projlen=112: 154492 braids
    projlen=113: 350845 braids
    projlen=114: 154007 braids
    projlen=115: 349303 braids
    projlen=116: 152984 braids
    projlen=117: 348237 braids
    projlen=118: 152915 braids
    projlen=119: 347149 braids
    projlen=120: 151003 braids
    projlen=121: 309132 braids
    projlen=122: 80488 braids
  Braids kept: 1117007 (in 31 buckets, 3.09 GB CPU)
  ⚡ Timing: matmul=0.14s, sampling=9.00s, total=13.56s
============================================================
Level 191 - SAMPLING
============================================================
  Starting braids: 967007
  Candidates to generate: 4992035
  Processing in 50 chunks...
  Projlen distribution:
    projlen=92: 1 braids
    projlen=93: 5 braids
    projlen=94: 12 braids
    projlen=95: 103 braids
    projlen=96: 118 braids
    projlen=97: 854 braids
    projlen=98: 725 braids
    projlen=99: 6551 braids
    projlen=100: 5159 braids
    projlen=101: 59940 braids
    projlen=102: 40897 braids
    projlen=103: 260603 braids
    projlen=104: 164609 braids
    projlen=105: 348947 braids
    projlen=106: 171290 braids
    projlen=107: 358787 braids
    projlen=108: 159787 braids
    projlen=109: 355726 braids
    projlen=110: 156044 braids
    projlen=111: 352674 braids
    projlen=112: 154780 braids
    projlen=113: 350297 braids
    projlen=114: 153482 braids
    projlen=115: 349593 braids
    projlen=116: 153187 braids
    projlen=117: 348789 braids
    projlen=118: 152686 braids
    projlen=119: 346372 braids
    projlen=120: 150476 braids
    projlen=121: 309138 braids
    projlen=122: 80403 braids
  Braids kept: 1104425 (in 31 buckets, 3.06 GB CPU)
  ⚡ Timing: matmul=0.15s, sampling=8.88s, total=13.33s
============================================================
Level 192 - SAMPLING
============================================================
  Starting braids: 954425
  Candidates to generate: 4926743
  Processing in 50 chunks...
  Projlen distribution:
    projlen=93: 3 braids
    projlen=94: 6 braids
    projlen=95: 61 braids
    projlen=96: 60 braids
    projlen=97: 734 braids
    projlen=98: 653 braids
    projlen=99: 5139 braids
    projlen=100: 3867 braids
    projlen=101: 35928 braids
    projlen=102: 25172 braids
    projlen=103: 250287 braids
    projlen=104: 161267 braids
    projlen=105: 338996 braids
    projlen=106: 170938 braids
    projlen=107: 359690 braids
    projlen=108: 161478 braids
    projlen=109: 354938 braids
    projlen=110: 155267 braids
    projlen=111: 352630 braids
    projlen=112: 154578 braids
    projlen=113: 350202 braids
    projlen=114: 153581 braids
    projlen=115: 349489 braids
    projlen=116: 153431 braids
    projlen=117: 348445 braids
    projlen=118: 152717 braids
    projlen=119: 347474 braids
    projlen=120: 151102 braids
    projlen=121: 308545 braids
    projlen=122: 80065 braids
  Braids kept: 1071623 (in 30 buckets, 2.98 GB CPU)
  ⚡ Timing: matmul=0.16s, sampling=9.06s, total=13.60s
============================================================
Level 193 - SAMPLING
============================================================
  Starting braids: 971623
  Candidates to generate: 4980543
  Processing in 50 chunks...
  Projlen distribution:
    projlen=95: 36 braids
    projlen=96: 36 braids
    projlen=97: 413 braids
    projlen=98: 366 braids
    projlen=99: 4443 braids
    projlen=100: 3559 braids
    projlen=101: 28531 braids
    projlen=102: 19758 braids
    projlen=103: 177936 braids
    projlen=104: 110916 braids
    projlen=105: 304826 braids
    projlen=106: 174321 braids
    projlen=107: 359825 braids
    projlen=108: 161859 braids
    projlen=109: 356502 braids
    projlen=110: 156801 braids
    projlen=111: 351460 braids
    projlen=112: 153752 braids
    projlen=113: 350226 braids
    projlen=114: 153816 braids
    projlen=115: 349453 braids
    projlen=116: 153051 braids
    projlen=117: 348875 braids
    projlen=118: 153307 braids
    projlen=119: 348522 braids
    projlen=120: 151713 braids
    projlen=121: 341144 braids
    projlen=122: 147584 braids
    projlen=123: 117512 braids
  Braids kept: 1107142 (in 29 buckets, 3.10 GB CPU)
  ⚡ Timing: matmul=0.16s, sampling=9.10s, total=13.66s
============================================================
Level 194 - SAMPLING
============================================================
  Starting braids: 957142
  Candidates to generate: 4909378
  Processing in 50 chunks...
  Projlen distribution:
    projlen=95: 2 braids
    projlen=96: 3 braids
    projlen=97: 237 braids
    projlen=98: 202 braids
    projlen=99: 2523 braids
    projlen=100: 2108 braids
    projlen=101: 24766 braids
    projlen=102: 17862 braids
    projlen=103: 142381 braids
    projlen=104: 88172 braids
    projlen=105: 292402 braids
    projlen=106: 174282 braids
    projlen=107: 362243 braids
    projlen=108: 166543 braids
    projlen=109: 355643 braids
    projlen=110: 156414 braids
    projlen=111: 352750 braids
    projlen=112: 154696 braids
    projlen=113: 350894 braids
    projlen=114: 153738 braids
    projlen=115: 348634 braids
    projlen=116: 153209 braids
    projlen=117: 349208 braids
    projlen=118: 152924 braids
    projlen=119: 348980 braids
    projlen=120: 152580 braids
    projlen=121: 342615 braids
    projlen=122: 146997 braids
    projlen=123: 116370 braids
  Braids kept: 1097703 (in 29 buckets, 3.08 GB CPU)
  ⚡ Timing: matmul=0.14s, sampling=8.98s, total=13.47s
============================================================
Level 195 - SAMPLING
============================================================
  Starting braids: 997703
  Candidates to generate: 5144999
  Processing in 52 chunks...
  Projlen distribution:
    projlen=96: 3 braids
    projlen=97: 25 braids
    projlen=98: 53 braids
    projlen=99: 1416 braids
    projlen=100: 1237 braids
    projlen=101: 14538 braids
    projlen=102: 10907 braids
    projlen=103: 123148 braids
    projlen=104: 79739 braids
    projlen=105: 287160 braids
    projlen=106: 172609 braids
    projlen=107: 362061 braids
    projlen=108: 167825 braids
    projlen=109: 358609 braids
    projlen=110: 158336 braids
    projlen=111: 353209 braids
    projlen=112: 154411 braids
    projlen=113: 350757 braids
    projlen=114: 154075 braids
    projlen=115: 349718 braids
    projlen=116: 153447 braids
    projlen=117: 347735 braids
    projlen=118: 152692 braids
    projlen=119: 349042 braids
    projlen=120: 153187 braids
    projlen=121: 347572 braids
    projlen=122: 151363 braids
    projlen=123: 309706 braids
    projlen=124: 80419 braids
  Braids kept: 1128179 (in 29 buckets, 3.18 GB CPU)
  ⚡ Timing: matmul=0.15s, sampling=9.38s, total=14.05s
============================================================
Level 196 - SAMPLING
============================================================
  Starting braids: 978179
  Candidates to generate: 5043513
  Processing in 51 chunks...
  Projlen distribution:
    projlen=97: 10 braids
    projlen=98: 22 braids
    projlen=99: 290 braids
    projlen=100: 406 braids
    projlen=101: 8280 braids
    projlen=102: 6592 braids
    projlen=103: 74049 braids
    projlen=104: 48965 braids
    projlen=105: 272839 braids
    projlen=106: 175049 braids
    projlen=107: 362171 braids
    projlen=108: 167598 braids
    projlen=109: 357605 braids
    projlen=110: 158511 braids
    projlen=111: 354227 braids
    projlen=112: 155245 braids
    projlen=113: 350761 braids
    projlen=114: 153477 braids
    projlen=115: 350252 braids
    projlen=116: 153734 braids
    projlen=117: 349813 braids
    projlen=118: 153387 braids
    projlen=119: 349230 braids
    projlen=120: 152869 braids
    projlen=121: 347884 braids
    projlen=122: 151105 braids
    projlen=123: 308998 braids
    projlen=124: 80144 braids
  Braids kept: 1114565 (in 28 buckets, 3.15 GB CPU)
  ⚡ Timing: matmul=0.15s, sampling=9.56s, total=14.28s
============================================================
Level 197 - SAMPLING
============================================================
  Starting braids: 964565
  Candidates to generate: 4978689
  Processing in 50 chunks...
  Projlen distribution:
    projlen=97: 5 braids
    projlen=98: 5 braids
    projlen=99: 141 braids
    projlen=100: 181 braids
    projlen=101: 2389 braids
    projlen=102: 2464 braids
    projlen=103: 43327 braids
    projlen=104: 31101 braids
    projlen=105: 262010 braids
    projlen=106: 173656 braids
    projlen=107: 361211 braids
    projlen=108: 171110 braids
    projlen=109: 359123 braids
    projlen=110: 159066 braids
    projlen=111: 353873 braids
    projlen=112: 155059 braids
    projlen=113: 352389 braids
    projlen=114: 154471 braids
    projlen=115: 350355 braids
    projlen=116: 153578 braids
    projlen=117: 349732 braids
    projlen=118: 153501 braids
    projlen=119: 349596 braids
    projlen=120: 153295 braids
    projlen=121: 347749 braids
    projlen=122: 151017 braids
    projlen=123: 308432 braids
    projlen=124: 79853 braids
  Braids kept: 1079613 (in 28 buckets, 3.06 GB CPU)
  ⚡ Timing: matmul=0.16s, sampling=9.35s, total=14.04s
============================================================
Level 198 - SAMPLING
============================================================
  Starting braids: 979613
  Candidates to generate: 5025295
  Processing in 51 chunks...
  Projlen distribution:
    projlen=97: 4 braids
    projlen=98: 7 braids
    projlen=99: 45 braids
    projlen=100: 62 braids
    projlen=101: 1249 braids
    projlen=102: 1305 braids
    projlen=103: 15357 braids
    projlen=104: 12799 braids
    projlen=105: 209639 braids
    projlen=106: 135250 braids
    projlen=107: 318285 braids
    projlen=108: 173003 braids
    projlen=109: 360316 braids
    projlen=110: 160678 braids
    projlen=111: 355465 braids
    projlen=112: 155679 braids
    projlen=113: 352486 braids
    projlen=114: 154341 braids
    projlen=115: 351136 braids
    projlen=116: 153960 braids
    projlen=117: 350614 braids
    projlen=118: 153624 braids
    projlen=119: 349493 braids
    projlen=120: 153251 braids
    projlen=121: 348556 braids
    projlen=122: 152242 braids
    projlen=123: 341666 braids
    projlen=124: 147565 braids
    projlen=125: 117218 braids
  Braids kept: 1080828 (in 29 buckets, 3.09 GB CPU)
  ⚡ Timing: matmul=0.14s, sampling=9.83s, total=14.56s
============================================================
Level 199 - SAMPLING
============================================================
  Starting braids: 980828
  Candidates to generate: 5053634
  Processing in 51 chunks...
  Projlen distribution:
    projlen=97: 4 braids
    projlen=98: 5 braids
    projlen=99: 34 braids
    projlen=100: 54 braids
    projlen=101: 427 braids
    projlen=102: 492 braids
    projlen=103: 8568 braids
    projlen=104: 7173 braids
    projlen=105: 79421 braids
    projlen=106: 53273 braids
    projlen=107: 275008 braids
    projlen=108: 176163 braids
    projlen=109: 362381 braids
    projlen=110: 164740 braids
    projlen=111: 356832 braids
    projlen=112: 156565 braids
    projlen=113: 352803 braids
    projlen=114: 154975 braids
    projlen=115: 350645 braids
    projlen=116: 153719 braids
    projlen=117: 350448 braids
    projlen=118: 153603 braids
    projlen=119: 349937 braids
    projlen=120: 153409 braids
    projlen=121: 349749 braids
    projlen=122: 153385 braids
    projlen=123: 347134 braids
    projlen=124: 151289 braids
    projlen=125: 310658 braids
    projlen=126: 80740 braids
  Braids kept: 1116757 (in 30 buckets, 3.21 GB CPU)
  ⚡ Timing: matmul=0.14s, sampling=9.82s, total=14.63s
============================================================
Level 200 - SAMPLING
============================================================
  Starting braids: 966757
  Candidates to generate: 4988153
  Processing in 50 chunks...
  Projlen distribution:
    projlen=97: 2 braids
    projlen=98: 5 braids
    projlen=99: 36 braids
    projlen=100: 38 braids
    projlen=101: 320 braids
    projlen=102: 350 braids
    projlen=103: 3205 braids
    projlen=104: 3025 braids
    projlen=105: 45987 braids
    projlen=106: 33113 braids
    projlen=107: 264317 braids
    projlen=108: 176325 braids
    projlen=109: 363579 braids
    projlen=110: 171363 braids
    projlen=111: 359114 braids
    projlen=112: 158128 braids
    projlen=113: 353167 braids
    projlen=114: 154449 braids
    projlen=115: 352176 braids
    projlen=116: 154491 braids
    projlen=117: 349718 braids
    projlen=118: 153334 braids
    projlen=119: 349275 braids
    projlen=120: 153009 braids
    projlen=121: 348919 braids
    projlen=122: 152990 braids
    projlen=123: 347392 braids
    projlen=124: 150760 braids
    projlen=125: 309253 braids
    projlen=126: 80313 braids
  Braids kept: 1086081 (in 30 buckets, 3.13 GB CPU)
  ⚡ Timing: matmul=0.16s, sampling=9.58s, total=14.32s
============================================================
Level 201 - SAMPLING
============================================================
  Starting braids: 986081
  Candidates to generate: 5057177
  Processing in 51 chunks...
  Projlen distribution:
    projlen=98: 2 braids
    projlen=99: 27 braids
    projlen=100: 39 braids
    projlen=101: 272 braids
    projlen=102: 254 braids
    projlen=103: 2353 braids
    projlen=104: 2143 braids
    projlen=105: 19674 braids
    projlen=106: 15790 braids
    projlen=107: 223907 braids
    projlen=108: 144600 braids
    projlen=109: 323475 braids
    projlen=110: 174018 braids
    projlen=111: 360659 braids
    projlen=112: 160455 braids
    projlen=113: 355071 braids
    projlen=114: 155234 braids
    projlen=115: 351135 braids
    projlen=116: 153641 braids
    projlen=117: 350656 braids
    projlen=118: 153639 braids
    projlen=119: 349319 braids
    projlen=120: 153235 braids
    projlen=121: 349337 braids
    projlen=122: 153030 braids
    projlen=123: 347826 braids
    projlen=124: 151598 braids
    projlen=125: 340849 braids
    projlen=126: 147389 braids
    projlen=127: 117550 braids
  Braids kept: 1090554 (in 30 buckets, 3.17 GB CPU)
  ⚡ Timing: matmul=0.15s, sampling=8.96s, total=13.59s
============================================================
Level 202 - SAMPLING
============================================================
  Starting braids: 990554
  Candidates to generate: 5101724
  Processing in 52 chunks...
  Projlen distribution:
    projlen=98: 1 braids
    projlen=99: 13 braids
    projlen=100: 25 braids
    projlen=101: 233 braids
    projlen=102: 238 braids
    projlen=103: 1751 braids
    projlen=104: 1531 braids
    projlen=105: 14662 braids
    projlen=106: 11352 braids
    projlen=107: 101335 braids
    projlen=108: 66683 braids
    projlen=109: 281932 braids
    projlen=110: 176173 braids
    projlen=111: 361556 braids
    projlen=112: 164207 braids
    projlen=113: 356741 braids
    projlen=114: 156129 braids
    projlen=115: 352825 braids
    projlen=116: 154339 braids
    projlen=117: 350333 braids
    projlen=118: 153585 braids
    projlen=119: 348599 braids
    projlen=120: 152869 braids
    projlen=121: 349705 braids
    projlen=122: 153573 braids
    projlen=123: 348930 braids
    projlen=124: 152575 braids
    projlen=125: 347133 braids
    projlen=126: 151064 braids
    projlen=127: 310853 braids
    projlen=128: 80779 braids
  Braids kept: 1129806 (in 31 buckets, 3.30 GB CPU)
  ⚡ Timing: matmul=0.13s, sampling=9.35s, total=13.93s
============================================================
Level 203 - SAMPLING
============================================================
  Starting braids: 979806
  Candidates to generate: 5056824
  Processing in 51 chunks...
  Projlen distribution:
    projlen=98: 1 braids
    projlen=99: 3 braids
    projlen=100: 4 braids
    projlen=101: 145 braids
    projlen=102: 163 braids
    projlen=103: 1573 braids
    projlen=104: 1381 braids
    projlen=105: 10616 braids
    projlen=106: 8102 braids
    projlen=107: 76429 braids
    projlen=108: 51088 braids
    projlen=109: 274771 braids
    projlen=110: 176577 braids
    projlen=111: 362715 braids
    projlen=112: 169551 braids
    projlen=113: 357997 braids
    projlen=114: 157959 braids
    projlen=115: 353027 braids
    projlen=116: 154778 braids
    projlen=117: 350020 braids
    projlen=118: 153484 braids
    projlen=119: 349020 braids
    projlen=120: 153114 braids
    projlen=121: 349555 braids
    projlen=122: 153374 braids
    projlen=123: 349823 braids
    projlen=124: 153553 braids
    projlen=125: 348237 braids
    projlen=126: 150796 braids
    projlen=127: 308860 braids
    projlen=128: 80108 braids
  Braids kept: 1121988 (in 31 buckets, 3.28 GB CPU)
  ⚡ Timing: matmul=0.14s, sampling=9.11s, total=13.65s
============================================================
Level 204 - SAMPLING
============================================================
  Starting braids: 971988
  Candidates to generate: 5025162
  Processing in 51 chunks...
  Projlen distribution:
    projlen=99: 7 braids
    projlen=100: 10 braids
    projlen=101: 32 braids
    projlen=102: 48 braids
    projlen=103: 1018 braids
    projlen=104: 991 braids
    projlen=105: 9483 braids
    projlen=106: 7193 braids
    projlen=107: 56537 braids
    projlen=108: 37834 braids
    projlen=109: 267276 braids
    projlen=110: 176297 braids
    projlen=111: 364455 braids
    projlen=112: 171600 braids
    projlen=113: 359568 braids
    projlen=114: 159741 braids
    projlen=115: 355161 braids
    projlen=116: 155700 braids
    projlen=117: 351614 braids
    projlen=118: 154180 braids
    projlen=119: 349738 braids
    projlen=120: 153512 braids
    projlen=121: 349603 braids
    projlen=122: 153355 braids
    projlen=123: 348987 braids
    projlen=124: 153016 braids
    projlen=125: 348002 braids
    projlen=126: 151120 braids
    projlen=127: 308977 braids
    projlen=128: 80107 braids
  Braids kept: 1106616 (in 30 buckets, 3.25 GB CPU)
  ⚡ Timing: matmul=0.13s, sampling=8.98s, total=13.48s
============================================================
Level 205 - SAMPLING
============================================================
  Starting braids: 956616
  Candidates to generate: 4951568
  Processing in 50 chunks...
  Projlen distribution:
    projlen=99: 3 braids
    projlen=100: 6 braids
    projlen=101: 66 braids
    projlen=102: 69 braids
    projlen=103: 324 braids
    projlen=104: 369 braids
    projlen=105: 6276 braids
    projlen=106: 5237 braids
    projlen=107: 51230 braids
    projlen=108: 35060 braids
    projlen=109: 252745 braids
    projlen=110: 156191 braids
    projlen=111: 335303 braids
    projlen=112: 173344 braids
    projlen=113: 359763 braids
    projlen=114: 160459 braids
    projlen=115: 355156 braids
    projlen=116: 155786 braids
    projlen=117: 351852 braids
    projlen=118: 154242 braids
    projlen=119: 350174 braids
    projlen=120: 153460 braids
    projlen=121: 349644 braids
    projlen=122: 153329 braids
    projlen=123: 350268 braids
    projlen=124: 153863 braids
    projlen=125: 347892 braids
    projlen=126: 150704 braids
    projlen=127: 308769 braids
    projlen=128: 79984 braids
  Braids kept: 1097410 (in 30 buckets, 3.23 GB CPU)
  ⚡ Timing: matmul=0.14s, sampling=8.72s, total=13.16s
============================================================
Level 206 - SAMPLING
============================================================
  Starting braids: 997410
  Candidates to generate: 5127276
  Processing in 52 chunks...
  Projlen distribution:
    projlen=100: 1 braids
    projlen=101: 33 braids
    projlen=102: 44 braids
    projlen=103: 470 braids
    projlen=104: 413 braids
    projlen=105: 2595 braids
    projlen=106: 2378 braids
    projlen=107: 34878 braids
    projlen=108: 25851 braids
    projlen=109: 246402 braids
    projlen=110: 153386 braids
    projlen=111: 328106 braids
    projlen=112: 173154 braids
    projlen=113: 361936 braids
    projlen=114: 163525 braids
    projlen=115: 355737 braids
    projlen=116: 155763 braids
    projlen=117: 351873 braids
    projlen=118: 153888 braids
    projlen=119: 348994 braids
    projlen=120: 153126 braids
    projlen=121: 349316 braids
    projlen=122: 153320 braids
    projlen=123: 348771 braids
    projlen=124: 152922 braids
    projlen=125: 349606 braids
    projlen=126: 152786 braids
    projlen=127: 342794 braids
    projlen=128: 147922 braids
    projlen=129: 117286 braids
  Braids kept: 1116663 (in 30 buckets, 3.30 GB CPU)
  ⚡ Timing: matmul=0.42s, sampling=9.41s, total=16.21s
============================================================
Level 207 - SAMPLING
============================================================
  Starting braids: 966663
  Candidates to generate: 4962105
  Processing in 50 chunks...
  Projlen distribution:
    projlen=101: 8 braids
    projlen=102: 14 braids
    projlen=103: 257 braids
    projlen=104: 255 braids
    projlen=105: 2932 braids
    projlen=106: 2427 braids
    projlen=107: 16759 braids
    projlen=108: 12577 braids
    projlen=109: 170689 braids
    projlen=110: 111194 braids
    projlen=111: 306796 braids
    projlen=112: 174177 braids
    projlen=113: 361684 braids
    projlen=114: 163862 braids
    projlen=115: 357103 braids
    projlen=116: 157428 braids
    projlen=117: 353630 braids
    projlen=118: 154833 braids
    projlen=119: 349904 braids
    projlen=120: 153393 braids
    projlen=121: 349638 braids
    projlen=122: 153191 braids
    projlen=123: 348330 braids
    projlen=124: 152818 braids
    projlen=125: 348725 braids
    projlen=126: 152174 braids
    projlen=127: 342996 braids
    projlen=128: 147687 braids
    projlen=129: 116624 braids
  Braids kept: 1085229 (in 29 buckets, 3.22 GB CPU)
  ⚡ Timing: matmul=0.18s, sampling=8.77s, total=15.17s
============================================================
Level 208 - SAMPLING
============================================================
  Starting braids: 985229
  Candidates to generate: 5077229
  Processing in 51 chunks...
  Projlen distribution:
    projlen=101: 2 braids
    projlen=102: 4 braids
    projlen=103: 101 braids
    projlen=104: 127 braids
    projlen=105: 1689 braids
    projlen=106: 1515 braids
    projlen=107: 16854 braids
    projlen=108: 12295 braids
    projlen=109: 86098 braids
    projlen=110: 54739 braids
    projlen=111: 275916 braids
    projlen=112: 176358 braids
    projlen=113: 362859 braids
    projlen=114: 166308 braids
    projlen=115: 357675 braids
    projlen=116: 157499 braids
    projlen=117: 353500 braids
    projlen=118: 154618 braids
    projlen=119: 351713 braids
    projlen=120: 154127 braids
    projlen=121: 349902 braids
    projlen=122: 153191 braids
    projlen=123: 348868 braids
    projlen=124: 152981 braids
    projlen=125: 347751 braids
    projlen=126: 152710 braids
    projlen=127: 346782 braids
    projlen=128: 150604 braids
    projlen=129: 309912 braids
    projlen=130: 80531 braids
  Braids kept: 1132587 (in 30 buckets, 3.38 GB CPU)
  ⚡ Timing: matmul=0.19s, sampling=9.25s, total=15.80s
============================================================
Level 209 - SAMPLING
============================================================
  Starting braids: 982587
  Candidates to generate: 5072199
  Processing in 51 chunks...
  Projlen distribution:
    projlen=102: 4 braids
    projlen=103: 23 braids
    projlen=104: 66 braids
    projlen=105: 799 braids
    projlen=106: 852 braids
    projlen=107: 10081 braids
    projlen=108: 7876 braids
    projlen=109: 84871 braids
    projlen=110: 56152 braids
    projlen=111: 274938 braids
    projlen=112: 173886 braids
    projlen=113: 363704 braids
    projlen=114: 170827 braids
    projlen=115: 358982 braids
    projlen=116: 158230 braids
    projlen=117: 353932 braids
    projlen=118: 155123 braids
    projlen=119: 350823 braids
    projlen=120: 153819 braids
    projlen=121: 350980 braids
    projlen=122: 153875 braids
    projlen=123: 349668 braids
    projlen=124: 153249 braids
    projlen=125: 349082 braids
    projlen=126: 153592 braids
    projlen=127: 346514 braids
    projlen=128: 150588 braids
    projlen=129: 309356 braids
    projlen=130: 80307 braids
  Braids kept: 1119701 (in 29 buckets, 3.34 GB CPU)
  ⚡ Timing: matmul=0.21s, sampling=9.25s, total=15.82s
============================================================
Level 210 - SAMPLING
============================================================
  Starting braids: 969701
  Candidates to generate: 5003967
  Processing in 51 chunks...
  Projlen distribution:
    projlen=102: 3 braids
    projlen=103: 10 braids
    projlen=104: 29 braids
    projlen=105: 308 braids
    projlen=106: 417 braids
    projlen=107: 5457 braids
    projlen=108: 4719 braids
    projlen=109: 51944 braids
    projlen=110: 35965 braids
    projlen=111: 264798 braids
    projlen=112: 174403 braids
    projlen=113: 361572 braids
    projlen=114: 170650 braids
    projlen=115: 360392 braids
    projlen=116: 160390 braids
    projlen=117: 355957 braids
    projlen=118: 155699 braids
    projlen=119: 352012 braids
    projlen=120: 154150 braids
    projlen=121: 349724 braids
    projlen=122: 152864 braids
    projlen=123: 348915 braids
    projlen=124: 153440 braids
    projlen=125: 349063 braids
    projlen=126: 153093 braids
    projlen=127: 347688 braids
    projlen=128: 151344 braids
    projlen=129: 308826 braids
    projlen=130: 80135 braids
  Braids kept: 1096908 (in 29 buckets, 3.29 GB CPU)
  ⚡ Timing: matmul=0.14s, sampling=9.22s, total=15.71s
============================================================
Level 211 - SAMPLING
============================================================
  Starting braids: 996908
  Candidates to generate: 5109818
  Processing in 52 chunks...
  Projlen distribution:
    projlen=103: 13 braids
    projlen=104: 29 braids
    projlen=105: 175 braids
    projlen=106: 213 braids
    projlen=107: 2507 braids
    projlen=108: 2438 braids
    projlen=109: 31226 braids
    projlen=110: 23394 braids
    projlen=111: 243663 braids
    projlen=112: 153018 braids
    projlen=113: 327981 braids
    projlen=114: 172620 braids
    projlen=115: 359641 braids
    projlen=116: 160408 braids
    projlen=117: 355099 braids
    projlen=118: 155715 braids
    projlen=119: 352197 braids
    projlen=120: 154434 braids
    projlen=121: 350722 braids
    projlen=122: 153512 braids
    projlen=123: 348059 braids
    projlen=124: 152474 braids
    projlen=125: 348605 braids
    projlen=126: 153001 braids
    projlen=127: 349206 braids
    projlen=128: 152842 braids
    projlen=129: 341678 braids
    projlen=130: 147799 braids
    projlen=131: 117149 braids
  Braids kept: 1109995 (in 29 buckets, 3.35 GB CPU)
  ⚡ Timing: matmul=0.15s, sampling=9.61s, total=16.25s
============================================================
Level 212 - SAMPLING
============================================================
  Starting braids: 959995
  Candidates to generate: 4916877
  Processing in 50 chunks...
  Projlen distribution:
    projlen=103: 3 braids
    projlen=104: 9 braids
    projlen=105: 183 braids
    projlen=106: 209 braids
    projlen=107: 1425 braids
    projlen=108: 1399 braids
    projlen=109: 16061 braids
    projlen=110: 12952 braids
    projlen=111: 154344 braids
    projlen=112: 100025 braids
    projlen=113: 298965 braids
    projlen=114: 173896 braids
    projlen=115: 360646 braids
    projlen=116: 163295 braids
    projlen=117: 355645 braids
    projlen=118: 156091 braids
    projlen=119: 352521 braids
    projlen=120: 154109 braids
    projlen=121: 350592 braids
    projlen=122: 153691 braids
    projlen=123: 349464 braids
    projlen=124: 153113 braids
    projlen=125: 348113 braids
    projlen=126: 152702 braids
    projlen=127: 348559 braids
    projlen=128: 152389 braids
    projlen=129: 342591 braids
    projlen=130: 147518 braids
    projlen=131: 116367 braids
  Braids kept: 1082241 (in 29 buckets, 3.27 GB CPU)
  ⚡ Timing: matmul=0.19s, sampling=9.18s, total=15.60s
============================================================
Level 213 - SAMPLING
============================================================
  Starting braids: 982241
  Candidates to generate: 5059141
  Processing in 51 chunks...
  Projlen distribution:
    projlen=104: 4 braids
    projlen=105: 75 braids
    projlen=106: 107 braids
    projlen=107: 1371 braids
    projlen=108: 1246 braids
    projlen=109: 9542 braids
    projlen=110: 7510 braids
    projlen=111: 83323 braids
    projlen=112: 55965 braids
    projlen=113: 276524 braids
    projlen=114: 175528 braids
    projlen=115: 361233 braids
    projlen=116: 166864 braids
    projlen=117: 356873 braids
    projlen=118: 157015 braids
    projlen=119: 353179 braids
    projlen=120: 154637 braids
    projlen=121: 351111 braids
    projlen=122: 153817 braids
    projlen=123: 349671 braids
    projlen=124: 153298 braids
    projlen=125: 349462 braids
    projlen=126: 152978 braids
    projlen=127: 348093 braids
    projlen=128: 152275 braids
    projlen=129: 346288 braids
    projlen=130: 150639 braids
    projlen=131: 310010 braids
    projlen=132: 80503 braids
  Braids kept: 1119855 (in 29 buckets, 3.40 GB CPU)
  ⚡ Timing: matmul=0.18s, sampling=9.51s, total=16.14s
============================================================
Level 214 - SAMPLING
============================================================
  Starting braids: 969855
  Candidates to generate: 5006459
  Processing in 51 chunks...
  Projlen distribution:
    projlen=104: 5 braids
    projlen=105: 21 braids
    projlen=106: 56 braids
    projlen=107: 661 braids
    projlen=108: 713 braids
    projlen=109: 8482 braids
    projlen=110: 6687 braids
    projlen=111: 51630 braids
    projlen=112: 34934 braids
    projlen=113: 266552 braids
    projlen=114: 177045 braids
    projlen=115: 363658 braids
    projlen=116: 170531 braids
    projlen=117: 358744 braids
    projlen=118: 158769 braids
    projlen=119: 354269 braids
    projlen=120: 154798 braids
    projlen=121: 350413 braids
    projlen=122: 153445 braids
    projlen=123: 350007 braids
    projlen=124: 153421 braids
    projlen=125: 349598 braids
    projlen=126: 153100 braids
    projlen=127: 348451 braids
    projlen=128: 152872 braids
    projlen=129: 347415 braids
    projlen=130: 150721 braids
    projlen=131: 309117 braids
    projlen=132: 80344 braids
  Braids kept: 1101559 (in 29 buckets, 3.36 GB CPU)
  ⚡ Timing: matmul=0.19s, sampling=9.52s, total=16.15s
============================================================
Level 215 - SAMPLING
============================================================
  Starting braids: 951559
  Candidates to generate: 4923351
  Processing in 50 chunks...
  Projlen distribution:
    projlen=105: 26 braids
    projlen=106: 51 braids
    projlen=107: 284 braids
    projlen=108: 400 braids
    projlen=109: 4456 braids
    projlen=110: 4027 braids
    projlen=111: 46071 braids
    projlen=112: 32966 braids
    projlen=113: 248934 braids
    projlen=114: 152554 braids
    projlen=115: 328013 braids
    projlen=116: 173441 braids
    projlen=117: 360068 braids
    projlen=118: 160205 braids
    projlen=119: 355107 braids
    projlen=120: 155460 braids
    projlen=121: 351924 braids
    projlen=122: 153897 braids
    projlen=123: 348866 braids
    projlen=124: 153195 braids
    projlen=125: 349902 braids
    projlen=126: 153400 braids
    projlen=127: 348916 braids
    projlen=128: 152979 braids
    projlen=129: 347362 braids
    projlen=130: 150884 braids
    projlen=131: 309444 braids
    projlen=132: 80519 braids
  Braids kept: 1088281 (in 28 buckets, 3.32 GB CPU)
  ⚡ Timing: matmul=0.15s, sampling=9.17s, total=15.64s
============================================================
Level 216 - SAMPLING
============================================================
  Starting braids: 988281
  Candidates to generate: 5076665
  Processing in 51 chunks...
  Projlen distribution:
    projlen=105: 7 braids
    projlen=106: 7 braids
    projlen=107: 287 braids
    projlen=108: 314 braids
    projlen=109: 2435 braids
    projlen=110: 2421 braids
    projlen=111: 26148 braids
    projlen=112: 20330 braids
    projlen=113: 224784 braids
    projlen=114: 142954 braids
    projlen=115: 322485 braids
    projlen=116: 173501 braids
    projlen=117: 360129 braids
    projlen=118: 163374 braids
    projlen=119: 356832 braids
    projlen=120: 156322 braids
    projlen=121: 351312 braids
    projlen=122: 153695 braids
    projlen=123: 350824 braids
    projlen=124: 153772 braids
    projlen=125: 349285 braids
    projlen=126: 153300 braids
    projlen=127: 349879 braids
    projlen=128: 153635 braids
    projlen=129: 349106 braids
    projlen=130: 151960 braids
    projlen=131: 342281 braids
    projlen=132: 147866 braids
    projlen=133: 117420 braids
  Braids kept: 1101949 (in 29 buckets, 3.39 GB CPU)
  ⚡ Timing: matmul=0.19s, sampling=9.51s, total=16.20s
============================================================
Level 217 - SAMPLING
============================================================
  Starting braids: 951949
  Candidates to generate: 4881851
  Processing in 49 chunks...
  Projlen distribution:
    projlen=105: 5 braids
    projlen=106: 5 braids
    projlen=107: 69 braids
    projlen=108: 104 braids
    projlen=109: 2062 braids
    projlen=110: 1952 braids
    projlen=111: 15922 braids
    projlen=112: 12500 braids
    projlen=113: 131527 braids
    projlen=114: 86260 braids
    projlen=115: 292755 braids
    projlen=116: 174612 braids
    projlen=117: 361329 braids
    projlen=118: 164794 braids
    projlen=119: 356715 braids
    projlen=120: 157337 braids
    projlen=121: 352768 braids
    projlen=122: 154354 braids
    projlen=123: 349894 braids
    projlen=124: 152905 braids
    projlen=125: 349746 braids
    projlen=126: 153679 braids
    projlen=127: 349302 braids
    projlen=128: 152896 braids
    projlen=129: 348946 braids
    projlen=130: 152763 braids
    projlen=131: 343240 braids
    projlen=132: 146954 braids
    projlen=133: 116456 braids
  Braids kept: 1082619 (in 29 buckets, 3.33 GB CPU)
  ⚡ Timing: matmul=0.20s, sampling=9.26s, total=15.69s
============================================================
Level 218 - SAMPLING
============================================================
  Starting braids: 982619
  Candidates to generate: 5071421
  Processing in 51 chunks...
  Projlen distribution:
    projlen=105: 2 braids
    projlen=106: 4 braids
    projlen=107: 35 braids
    projlen=108: 52 braids
    projlen=109: 689 braids
    projlen=110: 779 braids
    projlen=111: 12826 braids
    projlen=112: 10210 braids
    projlen=113: 84176 braids
    projlen=114: 55254 braids
    projlen=115: 276842 braids
    projlen=116: 176099 braids
    projlen=117: 362056 braids
    projlen=118: 167560 braids
    projlen=119: 357426 braids
    projlen=120: 157863 braids
    projlen=121: 354348 braids
    projlen=122: 155321 braids
    projlen=123: 351199 braids
    projlen=124: 153618 braids
    projlen=125: 348964 braids
    projlen=126: 153251 braids
    projlen=127: 349766 braids
    projlen=128: 153430 braids
    projlen=129: 348454 braids
    projlen=130: 152513 braids
    projlen=131: 346885 braids
    projlen=132: 151085 braids
    projlen=133: 310206 braids
    projlen=134: 80508 braids
  Braids kept: 1124597 (in 30 buckets, 3.48 GB CPU)
  ⚡ Timing: matmul=0.19s, sampling=9.78s, total=16.49s
============================================================
Level 219 - SAMPLING
============================================================
  Starting braids: 974597
  Candidates to generate: 5036161
  Processing in 51 chunks...
  Projlen distribution:
    projlen=107: 21 braids
    projlen=108: 40 braids
    projlen=109: 381 braids
    projlen=110: 457 braids
    projlen=111: 5075 braids
    projlen=112: 4560 braids
    projlen=113: 67414 braids
    projlen=114: 47086 braids
    projlen=115: 273479 braids
    projlen=116: 176003 braids
    projlen=117: 363938 braids
    projlen=118: 170744 braids
    projlen=119: 358461 braids
    projlen=120: 158746 braids
    projlen=121: 354614 braids
    projlen=122: 155451 braids
    projlen=123: 352370 braids
    projlen=124: 154105 braids
    projlen=125: 349753 braids
    projlen=126: 153216 braids
    projlen=127: 348793 braids
    projlen=128: 152761 braids
    projlen=129: 349751 braids
    projlen=130: 153333 braids
    projlen=131: 346198 braids
    projlen=132: 150137 braids
    projlen=133: 308916 braids
    projlen=134: 80358 braids
  Braids kept: 1107620 (in 28 buckets, 3.44 GB CPU)
  ⚡ Timing: matmul=0.16s, sampling=9.57s, total=16.24s
============================================================
Level 220 - SAMPLING
============================================================
  Starting braids: 957620
  Candidates to generate: 4953144
  Processing in 50 chunks...
  Projlen distribution:
    projlen=107: 7 braids
    projlen=108: 16 braids
    projlen=109: 241 braids
    projlen=110: 339 braids
    projlen=111: 2918 braids
    projlen=112: 2717 braids
    projlen=113: 29500 braids
    projlen=114: 22302 braids
    projlen=115: 258783 braids
    projlen=116: 173804 braids
    projlen=117: 357454 braids
    projlen=118: 171986 braids
    projlen=119: 359749 braids
    projlen=120: 160278 braids
    projlen=121: 354928 braids
    projlen=122: 155407 braids
    projlen=123: 351763 braids
    projlen=124: 154058 braids
    projlen=125: 350117 braids
    projlen=126: 153480 braids
    projlen=127: 348703 braids
    projlen=128: 153058 braids
    projlen=129: 348848 braids
    projlen=130: 152661 braids
    projlen=131: 348606 braids
    projlen=132: 151554 braids
    projlen=133: 309758 braids
    projlen=134: 80109 braids
  Braids kept: 1058040 (in 28 buckets, 3.29 GB CPU)
  ⚡ Timing: matmul=0.17s, sampling=9.37s, total=15.93s
============================================================
Level 221 - SAMPLING
============================================================
  Starting braids: 958040
  Candidates to generate: 4911558
  Processing in 50 chunks...
  Projlen distribution:
    projlen=107: 5 braids
    projlen=108: 7 braids
    projlen=109: 111 braids
    projlen=110: 163 braids
    projlen=111: 2026 braids
    projlen=112: 2027 braids
    projlen=113: 18099 braids
    projlen=114: 14101 braids
    projlen=115: 148798 braids
    projlen=116: 96177 braids
    projlen=117: 300005 braids
    projlen=118: 175721 braids
    projlen=119: 360261 braids
    projlen=120: 160770 braids
    projlen=121: 355632 braids
    projlen=122: 156050 braids
    projlen=123: 352323 braids
    projlen=124: 154159 braids
    projlen=125: 349558 braids
    projlen=126: 153330 braids
    projlen=127: 349103 braids
    projlen=128: 152978 braids
    projlen=129: 348685 braids
    projlen=130: 153329 braids
    projlen=131: 348419 braids
    projlen=132: 151726 braids
    projlen=133: 342371 braids
    projlen=134: 148062 braids
    projlen=135: 117562 braids
  Braids kept: 1086539 (in 29 buckets, 3.40 GB CPU)
  ⚡ Timing: matmul=0.15s, sampling=9.61s, total=16.14s
============================================================
Level 222 - SAMPLING
============================================================
  Starting braids: 986539
  Candidates to generate: 5085011
  Processing in 51 chunks...
  Projlen distribution:
    projlen=107: 2 braids
    projlen=108: 5 braids
    projlen=109: 59 braids
    projlen=110: 81 braids
    projlen=111: 1026 braids
    projlen=112: 1135 braids
    projlen=113: 13097 braids
    projlen=114: 10558 braids
    projlen=115: 93536 braids
    projlen=116: 61117 braids
    projlen=117: 279971 braids
    projlen=118: 176119 braids
    projlen=119: 363827 braids
    projlen=120: 167577 braids
    projlen=121: 356521 braids
    projlen=122: 156252 braids
    projlen=123: 352957 braids
    projlen=124: 154650 braids
    projlen=125: 350153 braids
    projlen=126: 153281 braids
    projlen=127: 348635 braids
    projlen=128: 152939 braids
    projlen=129: 348214 braids
    projlen=130: 152795 braids
    projlen=131: 348798 braids
    projlen=132: 153238 braids
    projlen=133: 347125 braids
    projlen=134: 150869 braids
    projlen=135: 309921 braids
    projlen=136: 80553 braids
  Braids kept: 1125963 (in 30 buckets, 3.54 GB CPU)
  ⚡ Timing: matmul=0.20s, sampling=10.04s, total=16.83s
============================================================
Level 223 - SAMPLING
============================================================
  Starting braids: 975963
  Candidates to generate: 5036649
  Processing in 51 chunks...
  Projlen distribution:
    projlen=108: 4 braids
    projlen=109: 24 braids
    projlen=110: 58 braids
    projlen=111: 538 braids
    projlen=112: 591 braids
    projlen=113: 7144 braids
    projlen=114: 6136 braids
    projlen=115: 69381 braids
    projlen=116: 47929 braids
    projlen=117: 271856 braids
    projlen=118: 175071 braids
    projlen=119: 364539 braids
    projlen=120: 171246 braids
    projlen=121: 359106 braids
    projlen=122: 158708 braids
    projlen=123: 354048 braids
    projlen=124: 154507 braids
    projlen=125: 350528 braids
    projlen=126: 153749 braids
    projlen=127: 348684 braids
    projlen=128: 153011 braids
    projlen=129: 348295 braids
    projlen=130: 152927 braids
    projlen=131: 348470 braids
    projlen=132: 152938 braids
    projlen=133: 346955 braids
    projlen=134: 150618 braids
    projlen=135: 309438 braids
    projlen=136: 80150 braids
  Braids kept: 1112424 (in 29 buckets, 3.51 GB CPU)
  ⚡ Timing: matmul=0.17s, sampling=9.65s, total=16.38s
============================================================
Level 224 - SAMPLING
============================================================
  Starting braids: 962424
  Candidates to generate: 4971576
  Processing in 50 chunks...
  Projlen distribution:
    projlen=108: 2 braids
    projlen=109: 11 braids
    projlen=110: 32 braids
    projlen=111: 301 braids
    projlen=112: 375 braids
    projlen=113: 3893 braids
    projlen=114: 3469 braids
    projlen=115: 39866 braids
    projlen=116: 29183 braids
    projlen=117: 262634 braids
    projlen=118: 174774 braids
    projlen=119: 359212 braids
    projlen=120: 171556 braids
    projlen=121: 358878 braids
    projlen=122: 159623 braids
    projlen=123: 354565 braids
    projlen=124: 155035 braids
    projlen=125: 350466 braids
    projlen=126: 153630 braids
    projlen=127: 350061 braids
    projlen=128: 153431 braids
    projlen=129: 349114 braids
    projlen=130: 152862 braids
    projlen=131: 348658 braids
    projlen=132: 153003 braids
    projlen=133: 347249 braids
    projlen=134: 150749 braids
    projlen=135: 308712 braids
    projlen=136: 80232 braids
  Braids kept: 1077132 (in 29 buckets, 3.41 GB CPU)
  ⚡ Timing: matmul=0.19s, sampling=9.46s, total=16.09s
============================================================
Level 225 - SAMPLING
============================================================
  Starting braids: 977132
  Candidates to generate: 5010476
  Processing in 51 chunks...
  Projlen distribution:
    projlen=109: 11 braids
    projlen=110: 24 braids
    projlen=111: 173 braids
    projlen=112: 246 braids
    projlen=113: 2296 braids
    projlen=114: 2159 braids
    projlen=115: 23429 braids
    projlen=116: 18083 braids
    projlen=117: 197762 braids
    projlen=118: 126558 braids
    projlen=119: 313922 braids
    projlen=120: 173931 braids
    projlen=121: 360109 braids
    projlen=122: 160598 braids
    projlen=123: 355640 braids
    projlen=124: 155658 braids
    projlen=125: 351446 braids
    projlen=126: 154093 braids
    projlen=127: 350000 braids
    projlen=128: 153452 braids
    projlen=129: 349348 braids
    projlen=130: 153168 braids
    projlen=131: 349124 braids
    projlen=132: 153079 braids
    projlen=133: 348340 braids
    projlen=134: 151916 braids
    projlen=135: 341254 braids
    projlen=136: 147353 braids
    projlen=137: 117304 braids
  Braids kept: 1096421 (in 29 buckets, 3.49 GB CPU)
  ⚡ Timing: matmul=0.14s, sampling=9.90s, total=16.60s
============================================================
Level 226 - SAMPLING
============================================================
  Starting braids: 996421
  Candidates to generate: 5135289
  Processing in 52 chunks...
  Projlen distribution:
    projlen=109: 10 braids
    projlen=110: 9 braids
    projlen=111: 144 braids
    projlen=112: 177 braids
    projlen=113: 1465 braids
    projlen=114: 1515 braids
    projlen=115: 14282 braids
    projlen=116: 11254 braids
    projlen=117: 118197 braids
    projlen=118: 77668 braids
    projlen=119: 288655 braids
    projlen=120: 176016 braids
    projlen=121: 361665 braids
    projlen=122: 164982 braids
    projlen=123: 356380 braids
    projlen=124: 156594 braids
    projlen=125: 353685 braids
    projlen=126: 154937 braids
    projlen=127: 350434 braids
    projlen=128: 153829 braids
    projlen=129: 349294 braids
    projlen=130: 153058 braids
    projlen=131: 348600 braids
    projlen=132: 153038 braids
    projlen=133: 349130 braids
    projlen=134: 153036 braids
    projlen=135: 346131 braids
    projlen=136: 150654 braids
    projlen=137: 309878 braids
    projlen=138: 80572 braids
  Braids kept: 1128856 (in 30 buckets, 3.61 GB CPU)
  ⚡ Timing: matmul=0.17s, sampling=10.27s, total=17.17s
============================================================
Level 227 - SAMPLING
============================================================
  Starting braids: 978856
  Candidates to generate: 5055208
  Processing in 51 chunks...
  Projlen distribution:
    projlen=107: 1 braids
    projlen=108: 1 braids
    projlen=109: 11 braids
    projlen=110: 12 braids
    projlen=111: 79 braids
    projlen=112: 83 braids
    projlen=113: 1170 braids
    projlen=114: 1091 braids
    projlen=115: 9824 braids
    projlen=116: 7896 braids
    projlen=117: 73164 braids
    projlen=118: 49135 braids
    projlen=119: 273486 braids
    projlen=120: 176611 braids
    projlen=121: 364167 braids
    projlen=122: 169817 braids
    projlen=123: 358368 braids
    projlen=124: 158282 braids
    projlen=125: 355020 braids
    projlen=126: 154868 braids
    projlen=127: 351780 braids
    projlen=128: 154431 braids
    projlen=129: 350404 braids
    projlen=130: 153566 braids
    projlen=131: 349446 braids
    projlen=132: 153259 braids
    projlen=133: 348835 braids
    projlen=134: 152786 braids
    projlen=135: 347513 braids
    projlen=136: 151220 braids
    projlen=137: 308857 braids
    projlen=138: 80025 braids
  Braids kept: 1119303 (in 32 buckets, 3.59 GB CPU)
  ⚡ Timing: matmul=0.17s, sampling=9.84s, total=16.63s
============================================================
Level 228 - SAMPLING
============================================================
  Starting braids: 969303
  Candidates to generate: 5005933
  Processing in 51 chunks...
  Projlen distribution:
    projlen=107: 5 braids
    projlen=108: 4 braids
    projlen=109: 11 braids
    projlen=110: 18 braids
    projlen=111: 92 braids
    projlen=112: 95 braids
    projlen=113: 606 braids
    projlen=114: 595 braids
    projlen=115: 7335 braids
    projlen=116: 5860 braids
    projlen=117: 53268 braids
    projlen=118: 37079 braids
    projlen=119: 263880 braids
    projlen=120: 173690 braids
    projlen=121: 361574 braids
    projlen=122: 172132 braids
    projlen=123: 360368 braids
    projlen=124: 160136 braids
    projlen=125: 355109 braids
    projlen=126: 155090 braids
    projlen=127: 351453 braids
    projlen=128: 154003 braids
    projlen=129: 349619 braids
    projlen=130: 153208 braids
    projlen=131: 349381 braids
    projlen=132: 153372 braids
    projlen=133: 348214 braids
    projlen=134: 152634 braids
    projlen=135: 346990 braids
    projlen=136: 150562 braids
    projlen=137: 309110 braids
    projlen=138: 80440 braids
  Braids kept: 1101700 (in 32 buckets, 3.54 GB CPU)
  ⚡ Timing: matmul=0.14s, sampling=9.94s, total=16.66s
============================================================
Level 229 - SAMPLING
============================================================
  Starting braids: 951700
  Candidates to generate: 4920284
  Processing in 50 chunks...
  Projlen distribution:
    projlen=107: 4 braids
    projlen=108: 2 braids
    projlen=109: 33 braids
    projlen=110: 20 braids
    projlen=111: 110 braids
    projlen=112: 108 braids
    projlen=113: 655 braids
    projlen=114: 577 braids
    projlen=115: 4032 braids
    projlen=116: 3382 braids
    projlen=117: 40203 braids
    projlen=118: 28955 braids
    projlen=119: 250064 braids
    projlen=120: 156574 braids
    projlen=121: 330812 braids
    projlen=122: 172704 braids
    projlen=123: 359658 braids
    projlen=124: 160546 braids
    projlen=125: 355851 braids
    projlen=126: 155903 braids
    projlen=127: 352549 braids
    projlen=128: 154253 braids
    projlen=129: 350557 braids
    projlen=130: 153576 braids
    projlen=131: 349578 braids
    projlen=132: 152998 braids
    projlen=133: 347883 braids
    projlen=134: 152782 braids
    projlen=135: 346992 braids
    projlen=136: 150669 braids
    projlen=137: 308230 braids
    projlen=138: 80024 braids
  Braids kept: 1078081 (in 32 buckets, 3.47 GB CPU)
  ⚡ Timing: matmul=0.15s, sampling=9.62s, total=16.23s
============================================================
Level 230 - SAMPLING
============================================================
  Starting braids: 978081
  Candidates to generate: 5017893
  Processing in 51 chunks...
  Projlen distribution:
    projlen=106: 1 braids
    projlen=107: 5 braids
    projlen=108: 4 braids
    projlen=109: 20 braids
    projlen=110: 11 braids
    projlen=111: 184 braids
    projlen=112: 120 braids
    projlen=113: 769 braids
    projlen=114: 629 braids
    projlen=115: 4128 braids
    projlen=116: 3242 braids
    projlen=117: 23872 braids
    projlen=118: 17471 braids
    projlen=119: 195660 braids
    projlen=120: 124620 braids
    projlen=121: 312633 braids
    projlen=122: 174449 braids
    projlen=123: 361553 braids
    projlen=124: 163752 braids
    projlen=125: 356713 braids
    projlen=126: 156402 braids
    projlen=127: 352878 braids
    projlen=128: 154422 braids
    projlen=129: 349750 braids
    projlen=130: 153305 braids
    projlen=131: 348522 braids
    projlen=132: 152676 braids
    projlen=133: 349411 braids
    projlen=134: 153194 braids
    projlen=135: 348595 braids
    projlen=136: 152316 braids
    projlen=137: 341444 braids
    projlen=138: 147828 braids
    projlen=139: 117314 braids
  Braids kept: 1100456 (in 34 buckets, 3.56 GB CPU)
  ⚡ Timing: matmul=0.15s, sampling=10.13s, total=16.88s
============================================================
Level 231 - SAMPLING
============================================================
  Starting braids: 950456
  Candidates to generate: 4872170
  Processing in 49 chunks...
  Projlen distribution:
    projlen=107: 3 braids
    projlen=108: 4 braids
    projlen=109: 34 braids
    projlen=110: 19 braids
    projlen=111: 109 braids
    projlen=112: 68 braids
    projlen=113: 961 braids
    projlen=114: 685 braids
    projlen=115: 4636 braids
    projlen=116: 3476 braids
    projlen=117: 23985 braids
    projlen=118: 16562 braids
    projlen=119: 120356 braids
    projlen=120: 75118 braids
    projlen=121: 285124 braids
    projlen=122: 174546 braids
    projlen=123: 361974 braids
    projlen=124: 166115 braids
    projlen=125: 358241 braids
    projlen=126: 157666 braids
    projlen=127: 353005 braids
    projlen=128: 154320 braids
    projlen=129: 351357 braids
    projlen=130: 154062 braids
    projlen=131: 348976 braids
    projlen=132: 152887 braids
    projlen=133: 348539 braids
    projlen=134: 152458 braids
    projlen=135: 348483 braids
    projlen=136: 152191 braids
    projlen=137: 342789 braids
    projlen=138: 147005 braids
    projlen=139: 116416 braids
  Braids kept: 1100542 (in 33 buckets, 3.57 GB CPU)
  ⚡ Timing: matmul=0.21s, sampling=9.69s, total=16.29s
============================================================
Level 232 - SAMPLING
============================================================
  Starting braids: 950542
  Candidates to generate: 4882652
  Processing in 49 chunks...
  Projlen distribution:
    projlen=109: 19 braids
    projlen=110: 17 braids
    projlen=111: 175 braids
    projlen=112: 110 braids
    projlen=113: 579 braids
    projlen=114: 393 braids
    projlen=115: 5041 braids
    projlen=116: 3614 braids
    projlen=117: 26121 braids
    projlen=118: 17749 braids
    projlen=119: 122214 braids
    projlen=120: 75441 braids
    projlen=121: 283380 braids
    projlen=122: 172603 braids
    projlen=123: 361665 braids
    projlen=124: 169077 braids
    projlen=125: 357043 braids
    projlen=126: 157831 braids
    projlen=127: 354337 braids
    projlen=128: 155248 braids
    projlen=129: 351252 braids
    projlen=130: 153724 braids
    projlen=131: 350262 braids
    projlen=132: 153494 braids
    projlen=133: 349878 braids
    projlen=134: 153611 braids
    projlen=135: 349383 braids
    projlen=136: 152471 braids
    projlen=137: 342903 braids
    projlen=138: 147009 braids
    projlen=139: 116008 braids
  Braids kept: 1103818 (in 31 buckets, 3.58 GB CPU)
  ⚡ Timing: matmul=0.19s, sampling=9.55s, total=16.13s
============================================================
Level 233 - SAMPLING
============================================================
  Starting braids: 953818
  Candidates to generate: 4899410
  Processing in 49 chunks...
  Projlen distribution:
    projlen=110: 3 braids
    projlen=111: 92 braids
    projlen=112: 77 braids
    projlen=113: 865 braids
    projlen=114: 587 braids
    projlen=115: 3197 braids
    projlen=116: 2233 braids
    projlen=117: 26281 braids
    projlen=118: 17985 braids
    projlen=119: 131955 braids
    projlen=120: 81572 braids
    projlen=121: 287870 braids
    projlen=122: 173173 braids
    projlen=123: 362240 braids
    projlen=124: 168749 braids
    projlen=125: 358226 braids
    projlen=126: 159414 braids
    projlen=127: 354553 braids
    projlen=128: 155330 braids
    projlen=129: 351373 braids
    projlen=130: 154173 braids
    projlen=131: 349127 braids
    projlen=132: 152984 braids
    projlen=133: 347804 braids
    projlen=134: 152696 braids
    projlen=135: 348930 braids
    projlen=136: 152522 braids
    projlen=137: 342460 braids
    projlen=138: 146777 braids
    projlen=139: 116162 braids
  Braids kept: 1101320 (in 30 buckets, 3.58 GB CPU)
  ⚡ Timing: matmul=0.21s, sampling=9.63s, total=16.22s
============================================================
Level 234 - SAMPLING
============================================================
  Starting braids: 951320
  Candidates to generate: 4890452
  Processing in 49 chunks...
  Projlen distribution:
    projlen=111: 10 braids
    projlen=112: 29 braids
    projlen=113: 456 braids
    projlen=114: 371 braids
    projlen=115: 4357 braids
    projlen=116: 2966 braids
    projlen=117: 17693 braids
    projlen=118: 11659 braids
    projlen=119: 128265 braids
    projlen=120: 81488 braids
    projlen=121: 288401 braids
    projlen=122: 173188 braids
    projlen=123: 362258 braids
    projlen=124: 168294 braids
    projlen=125: 358547 braids
    projlen=126: 159253 braids
    projlen=127: 355169 braids
    projlen=128: 155822 braids
    projlen=129: 353209 braids
    projlen=130: 154744 braids
    projlen=131: 350745 braids
    projlen=132: 153745 braids
    projlen=133: 349385 braids
    projlen=134: 152937 braids
    projlen=135: 349558 braids
    projlen=136: 152906 braids
    projlen=137: 342049 braids
    projlen=138: 146722 braids
    projlen=139: 116226 braids
  Braids kept: 1087541 (in 29 buckets, 3.54 GB CPU)
  ⚡ Timing: matmul=0.20s, sampling=9.70s, total=16.28s
============================================================
Level 235 - SAMPLING
============================================================
  Starting braids: 987541
  Candidates to generate: 5094761
  Processing in 51 chunks...
  Projlen distribution:
    projlen=111: 5 braids
    projlen=112: 8 braids
    projlen=113: 136 braids
    projlen=114: 177 braids
    projlen=115: 2346 braids
    projlen=116: 1805 braids
    projlen=117: 22039 braids
    projlen=118: 14654 braids
    projlen=119: 88985 braids
    projlen=120: 53790 braids
    projlen=121: 272796 braids
    projlen=122: 174019 braids
    projlen=123: 363730 braids
    projlen=124: 168427 braids
    projlen=125: 358140 braids
    projlen=126: 158991 braids
    projlen=127: 354809 braids
    projlen=128: 155477 braids
    projlen=129: 352440 braids
    projlen=130: 154132 braids
    projlen=131: 351151 braids
    projlen=132: 153892 braids
    projlen=133: 350319 braids
    projlen=134: 153471 braids
    projlen=135: 349232 braids
    projlen=136: 153070 braids
    projlen=137: 346508 braids
    projlen=138: 150776 braids
    projlen=139: 309341 braids
    projlen=140: 80095 braids
  Braids kept: 1141170 (in 30 buckets, 3.73 GB CPU)
  ⚡ Timing: matmul=0.21s, sampling=10.32s, total=17.21s
============================================================
Level 236 - SAMPLING
============================================================
  Starting braids: 991170
  Candidates to generate: 5117840
  Processing in 52 chunks...
  Projlen distribution:
    projlen=110: 1 braids
    projlen=111: 1 braids
    projlen=112: 9 braids
    projlen=113: 62 braids
    projlen=114: 74 braids
    projlen=115: 1070 braids
    projlen=116: 994 braids
    projlen=117: 12281 braids
    projlen=118: 8885 braids
    projlen=119: 106246 braids
    projlen=120: 67772 braids
    projlen=121: 278649 braids
    projlen=122: 170729 braids
    projlen=123: 361942 braids
    projlen=124: 170348 braids
    projlen=125: 359883 braids
    projlen=126: 159368 braids
    projlen=127: 356012 braids
    projlen=128: 156162 braids
    projlen=129: 351832 braids
    projlen=130: 154075 braids
    projlen=131: 351126 braids
    projlen=132: 153955 braids
    projlen=133: 350931 braids
    projlen=134: 153680 braids
    projlen=135: 350125 braids
    projlen=136: 153661 braids
    projlen=137: 348002 braids
    projlen=138: 150946 braids
    projlen=139: 308915 braids
    projlen=140: 80104 braids
  Braids kept: 1123377 (in 31 buckets, 3.68 GB CPU)
  ⚡ Timing: matmul=0.16s, sampling=10.47s, total=17.40s
============================================================
Level 237 - SAMPLING
============================================================
  Starting braids: 973377
  Candidates to generate: 5020995
  Processing in 51 chunks...
  Projlen distribution:
    projlen=110: 2 braids
    projlen=111: 2 braids
    projlen=112: 5 braids
    projlen=113: 48 braids
    projlen=114: 58 braids
    projlen=115: 486 braids
    projlen=116: 478 braids
    projlen=117: 6642 braids
    projlen=118: 5315 braids
    projlen=119: 61268 braids
    projlen=120: 40321 braids
    projlen=121: 264780 braids
    projlen=122: 172838 braids
    projlen=123: 361788 braids
    projlen=124: 168563 braids
    projlen=125: 359531 braids
    projlen=126: 160519 braids
    projlen=127: 355570 braids
    projlen=128: 155483 braids
    projlen=129: 352792 braids
    projlen=130: 154823 braids
    projlen=131: 349581 braids
    projlen=132: 153254 braids
    projlen=133: 350176 braids
    projlen=134: 153670 braids
    projlen=135: 349490 braids
    projlen=136: 153168 braids
    projlen=137: 349026 braids
    projlen=138: 151584 braids
    projlen=139: 309459 braids
    projlen=140: 80275 braids
  Braids kept: 1103357 (in 31 buckets, 3.62 GB CPU)
  ⚡ Timing: matmul=0.15s, sampling=10.07s, total=16.86s
============================================================
Level 238 - SAMPLING
============================================================
  Starting braids: 953357
  Candidates to generate: 4916205
  Processing in 50 chunks...
  Projlen distribution:
    projlen=110: 2 braids
    projlen=111: 10 braids
    projlen=112: 15 braids
    projlen=113: 39 braids
    projlen=114: 53 braids
    projlen=115: 352 braids
    projlen=116: 380 braids
    projlen=117: 3170 braids
    projlen=118: 2715 braids
    projlen=119: 36174 braids
    projlen=120: 25752 braids
    projlen=121: 249919 braids
    projlen=122: 159300 braids
    projlen=123: 338578 braids
    projlen=124: 170568 braids
    projlen=125: 357001 braids
    projlen=126: 158623 braids
    projlen=127: 355373 braids
    projlen=128: 155984 braids
    projlen=129: 350826 braids
    projlen=130: 153754 braids
    projlen=131: 350123 braids
    projlen=132: 153935 braids
    projlen=133: 349612 braids
    projlen=134: 152976 braids
    projlen=135: 349271 braids
    projlen=136: 153320 braids
    projlen=137: 348072 braids
    projlen=138: 151100 braids
    projlen=139: 309039 braids
    projlen=140: 80169 braids
  Braids kept: 1068662 (in 31 buckets, 3.52 GB CPU)
  ⚡ Timing: matmul=0.15s, sampling=9.88s, total=16.54s
============================================================
Level 239 - SAMPLING
============================================================
  Starting braids: 968662
  Candidates to generate: 4957298
  Processing in 50 chunks...
  Projlen distribution:
    projlen=111: 10 braids
    projlen=112: 12 braids
    projlen=113: 87 braids
    projlen=114: 72 braids
    projlen=115: 314 braids
    projlen=116: 319 braids
    projlen=117: 2474 braids
    projlen=118: 2194 braids
    projlen=119: 18751 braids
    projlen=120: 14062 braids
    projlen=121: 177442 braids
    projlen=122: 113116 braids
    projlen=123: 306124 braids
    projlen=124: 173121 braids
    projlen=125: 360143 braids
    projlen=126: 161743 braids
    projlen=127: 354768 braids
    projlen=128: 155374 braids
    projlen=129: 351361 braids
    projlen=130: 153844 braids
    projlen=131: 349382 braids
    projlen=132: 152992 braids
    projlen=133: 349133 braids
    projlen=134: 153229 braids
    projlen=135: 349091 braids
    projlen=136: 152962 braids
    projlen=137: 348867 braids
    projlen=138: 152199 braids
    projlen=139: 340444 braids
    projlen=140: 146658 braids
    projlen=141: 117010 braids
  Braids kept: 1088295 (in 31 buckets, 3.60 GB CPU)
  ⚡ Timing: matmul=0.18s, sampling=9.97s, total=16.73s
============================================================
Level 240 - SAMPLING
============================================================
  Starting braids: 988295
  Candidates to generate: 5090395
  Processing in 51 chunks...
  Projlen distribution:
    projlen=110: 1 braids
    projlen=111: 2 braids
    projlen=112: 9 braids
    projlen=113: 66 braids
    projlen=114: 64 braids
    projlen=115: 519 braids
    projlen=116: 417 braids
    projlen=117: 2104 braids
    projlen=118: 1834 braids
    projlen=119: 15190 braids
    projlen=120: 11449 braids
    projlen=121: 95894 braids
    projlen=122: 61151 braids
    projlen=123: 277976 braids
    projlen=124: 174493 braids
    projlen=125: 362572 braids
    projlen=126: 165695 braids
    projlen=127: 357012 braids
    projlen=128: 156996 braids
    projlen=129: 352594 braids
    projlen=130: 154245 braids
    projlen=131: 350020 braids
    projlen=132: 153399 braids
    projlen=133: 350015 braids
    projlen=134: 153681 braids
    projlen=135: 348879 braids
    projlen=136: 153279 braids
    projlen=137: 348981 braids
    projlen=138: 152959 braids
    projlen=139: 347542 braids
    projlen=140: 150900 braids
    projlen=141: 310271 braids
    projlen=142: 80186 braids
  Braids kept: 1131655 (in 33 buckets, 3.76 GB CPU)
  ⚡ Timing: matmul=0.21s, sampling=10.32s, total=17.26s
============================================================
Level 241 - SAMPLING
============================================================
  Starting braids: 981655
  Candidates to generate: 5067787
  Processing in 51 chunks...
  Projlen distribution:
    projlen=111: 3 braids
    projlen=112: 11 braids
    projlen=113: 30 braids
    projlen=114: 67 braids
    projlen=115: 357 braids
    projlen=116: 329 braids
    projlen=117: 2878 braids
    projlen=118: 2293 braids
    projlen=119: 12958 braids
    projlen=120: 9636 braids
    projlen=121: 79664 braids
    projlen=122: 52436 braids
    projlen=123: 274147 braids
    projlen=124: 174111 braids
    projlen=125: 363321 braids
    projlen=126: 169750 braids
    projlen=127: 358721 braids
    projlen=128: 158531 braids
    projlen=129: 354395 braids
    projlen=130: 154838 braids
    projlen=131: 351063 braids
    projlen=132: 153819 braids
    projlen=133: 349077 braids
    projlen=134: 152945 braids
    projlen=135: 349662 braids
    projlen=136: 153328 braids
    projlen=137: 347766 braids
    projlen=138: 152165 braids
    projlen=139: 348133 braids
    projlen=140: 151430 braids
    projlen=141: 309808 braids
    projlen=142: 80115 braids
  Braids kept: 1128562 (in 32 buckets, 3.76 GB CPU)
  ⚡ Timing: matmul=0.19s, sampling=10.31s, total=17.22s
============================================================
Level 242 - SAMPLING
============================================================
  Starting braids: 978562
  Candidates to generate: 5055618
  Processing in 51 chunks...
  Projlen distribution:
    projlen=112: 2 braids
    projlen=113: 37 braids
    projlen=114: 71 braids
    projlen=115: 227 braids
    projlen=116: 377 braids
    projlen=117: 1910 braids
    projlen=118: 1700 braids
    projlen=119: 15546 braids
    projlen=120: 11888 braids
    projlen=121: 69987 braids
    projlen=122: 46043 braids
    projlen=123: 271306 braids
    projlen=124: 175333 braids
    projlen=125: 364917 braids
    projlen=126: 171001 braids
    projlen=127: 359899 braids
    projlen=128: 159749 braids
    projlen=129: 354662 braids
    projlen=130: 155257 braids
    projlen=131: 350883 braids
    projlen=132: 153712 braids
    projlen=133: 349172 braids
    projlen=134: 153293 braids
    projlen=135: 348794 braids
    projlen=136: 152722 braids
    projlen=137: 348381 braids
    projlen=138: 152888 braids
    projlen=139: 346861 braids
    projlen=140: 150398 braids
    projlen=141: 308370 braids
    projlen=142: 80232 braids
  Braids kept: 1127801 (in 31 buckets, 3.76 GB CPU)
  ⚡ Timing: matmul=0.18s, sampling=10.28s, total=17.18s
============================================================
Level 243 - SAMPLING
============================================================
  Starting braids: 977801
  Candidates to generate: 5060373
  Processing in 51 chunks...
  Projlen distribution:
    projlen=113: 5 braids
    projlen=114: 16 braids
    projlen=115: 228 braids
    projlen=116: 399 braids
    projlen=117: 1438 braids
    projlen=118: 2026 braids
    projlen=119: 10189 braids
    projlen=120: 8842 braids
    projlen=121: 78816 braids
    projlen=122: 56908 braids
    projlen=123: 271947 braids
    projlen=124: 172763 braids
    projlen=125: 354245 braids
    projlen=126: 172121 braids
    projlen=127: 359389 braids
    projlen=128: 159930 braids
    projlen=129: 356032 braids
    projlen=130: 156066 braids
    projlen=131: 351679 braids
    projlen=132: 153760 braids
    projlen=133: 348331 braids
    projlen=134: 152603 braids
    projlen=135: 349064 braids
    projlen=136: 153389 braids
    projlen=137: 348320 braids
    projlen=138: 152729 braids
    projlen=139: 347386 braids
    projlen=140: 150929 braids
    projlen=141: 310070 braids
    projlen=142: 80753 braids
  Braids kept: 1123143 (in 30 buckets, 3.75 GB CPU)
  ⚡ Timing: matmul=0.18s, sampling=10.47s, total=17.38s
============================================================
Level 244 - SAMPLING
============================================================
  Starting braids: 973143
  Candidates to generate: 5029889
  Processing in 51 chunks...
  Projlen distribution:
    projlen=113: 3 braids
    projlen=114: 8 braids
    projlen=115: 49 braids
    projlen=116: 106 braids
    projlen=117: 1243 braids
    projlen=118: 2108 braids
    projlen=119: 8168 braids
    projlen=120: 10444 braids
    projlen=121: 52134 braids
    projlen=122: 42375 braids
    projlen=123: 260688 braids
    projlen=124: 187471 braids
    projlen=125: 359390 braids
    projlen=126: 176904 braids
    projlen=127: 358323 braids
    projlen=128: 161573 braids
    projlen=129: 355220 braids
    projlen=130: 155689 braids
    projlen=131: 351904 braids
    projlen=132: 154286 braids
    projlen=133: 350344 braids
    projlen=134: 153492 braids
    projlen=135: 348175 braids
    projlen=136: 152351 braids
    projlen=137: 347302 braids
    projlen=138: 152862 braids
    projlen=139: 347065 braids
    projlen=140: 150588 braids
    projlen=141: 309113 braids
    projlen=142: 80511 braids
  Braids kept: 1114504 (in 30 buckets, 3.73 GB CPU)
  ⚡ Timing: matmul=0.18s, sampling=10.19s, total=17.07s
============================================================
Level 245 - SAMPLING
============================================================
  Starting braids: 964504
  Candidates to generate: 5003778
  Processing in 51 chunks...
  Projlen distribution:
    projlen=114: 6 braids
    projlen=115: 30 braids
    projlen=116: 90 braids
    projlen=117: 357 braids
    projlen=118: 659 braids
    projlen=119: 6594 braids
    projlen=120: 10679 braids
    projlen=121: 43381 braids
    projlen=122: 51701 braids
    projlen=123: 246278 braids
    projlen=124: 189391 braids
    projlen=125: 333386 braids
    projlen=126: 188891 braids
    projlen=127: 351203 braids
    projlen=128: 168780 braids
    projlen=129: 353646 braids
    projlen=130: 157810 braids
    projlen=131: 352473 braids
    projlen=132: 154392 braids
    projlen=133: 350981 braids
    projlen=134: 153541 braids
    projlen=135: 349063 braids
    projlen=136: 152912 braids
    projlen=137: 348705 braids
    projlen=138: 152664 braids
    projlen=139: 346618 braids
    projlen=140: 150895 braids
    projlen=141: 308571 braids
    projlen=142: 80081 braids
  Braids kept: 1111796 (in 29 buckets, 3.72 GB CPU)
  ⚡ Timing: matmul=0.14s, sampling=10.39s, total=17.23s
============================================================
Level 246 - SAMPLING
============================================================
  Starting braids: 961796
  Candidates to generate: 5023046
  Processing in 51 chunks...
  Projlen distribution:
    projlen=114: 1 braids
    projlen=115: 9 braids
    projlen=116: 52 braids
    projlen=117: 265 braids
    projlen=118: 628 braids
    projlen=119: 2387 braids
    projlen=120: 3850 braids
    projlen=121: 34400 braids
    projlen=122: 52158 braids
    projlen=123: 211095 braids
    projlen=124: 226142 braids
    projlen=125: 335208 braids
    projlen=126: 209369 braids
    projlen=127: 342834 braids
    projlen=128: 185183 braids
    projlen=129: 346414 braids
    projlen=130: 169787 braids
    projlen=131: 347933 braids
    projlen=132: 157361 braids
    projlen=133: 350121 braids
    projlen=134: 154065 braids
    projlen=135: 350167 braids
    projlen=136: 153580 braids
    projlen=137: 349443 braids
    projlen=138: 153227 braids
    projlen=139: 347737 braids
    projlen=140: 150927 braids
    projlen=141: 308546 braids
    projlen=142: 80157 braids
  Braids kept: 1091592 (in 29 buckets, 3.66 GB CPU)
  ⚡ Timing: matmul=0.17s, sampling=10.38s, total=17.27s
============================================================
Level 247 - SAMPLING
============================================================
  Starting braids: 991592
  Candidates to generate: 5177732
  Processing in 52 chunks...
  Projlen distribution:
    projlen=115: 8 braids
    projlen=116: 18 braids
    projlen=117: 140 braids
    projlen=118: 363 braids
    projlen=119: 1812 braids
    projlen=120: 3781 braids
    projlen=121: 14388 braids
    projlen=122: 20852 braids
    projlen=123: 165382 braids
    projlen=124: 218630 braids
    projlen=125: 321171 braids
    projlen=126: 243075 braids
    projlen=127: 320517 braids
    projlen=128: 211412 braids
    projlen=129: 334987 braids
    projlen=130: 189332 braids
    projlen=131: 339246 braids
    projlen=132: 174798 braids
    projlen=133: 344160 braids
    projlen=134: 159558 braids
    projlen=135: 348286 braids
    projlen=136: 153920 braids
    projlen=137: 349955 braids
    projlen=138: 153775 braids
    projlen=139: 349066 braids
    projlen=140: 152212 braids
    projlen=141: 342020 braids
    projlen=142: 147524 braids
    projlen=143: 117344 braids
  Braids kept: 1091362 (in 29 buckets, 3.69 GB CPU)
  ⚡ Timing: matmul=0.20s, sampling=10.73s, total=17.85s
============================================================
Level 248 - SAMPLING
============================================================
  Starting braids: 991362
  Candidates to generate: 5230974
  Processing in 53 chunks...
  Projlen distribution:
    projlen=115: 3 braids
    projlen=116: 5 braids
    projlen=117: 83 braids
    projlen=118: 181 braids
    projlen=119: 1030 braids
    projlen=120: 2280 braids
    projlen=121: 10824 braids
    projlen=122: 20316 braids
    projlen=123: 73846 braids
    projlen=124: 92723 braids
    projlen=125: 261702 braids
    projlen=126: 252490 braids
    projlen=127: 308812 braids
    projlen=128: 239784 braids
    projlen=129: 311924 braids
    projlen=130: 219783 braids
    projlen=131: 323911 braids
    projlen=132: 198840 braids
    projlen=133: 332244 braids
    projlen=134: 182743 braids
    projlen=135: 340300 braids
    projlen=136: 164074 braids
    projlen=137: 346153 braids
    projlen=138: 154557 braids
    projlen=139: 349293 braids
    projlen=140: 153470 braids
    projlen=141: 346797 braids
    projlen=142: 150635 braids
    projlen=143: 311046 braids
    projlen=144: 81125 braids
  Braids kept: 1134722 (in 30 buckets, 3.85 GB CPU)
  ⚡ Timing: matmul=0.20s, sampling=11.05s, total=18.31s
============================================================
Level 249 - SAMPLING
============================================================
  Starting braids: 984722
  Candidates to generate: 5252306
  Processing in 53 chunks...
  Projlen distribution:
    projlen=116: 1 braids
    projlen=117: 31 braids
    projlen=118: 68 braids
    projlen=119: 644 braids
    projlen=120: 1298 braids
    projlen=121: 6441 braids
    projlen=122: 12592 braids
    projlen=123: 56391 braids
    projlen=124: 93580 braids
    projlen=125: 252766 braids
    projlen=126: 249238 braids
    projlen=127: 319302 braids
    projlen=128: 244514 braids
    projlen=129: 304210 braids
    projlen=130: 244512 braids
    projlen=131: 303199 braids
    projlen=132: 230483 braids
    projlen=133: 313376 braids
    projlen=134: 209917 braids
    projlen=135: 324016 braids
    projlen=136: 193007 braids
    projlen=137: 335114 braids
    projlen=138: 171065 braids
    projlen=139: 343891 braids
    projlen=140: 155653 braids
    projlen=141: 346900 braids
    projlen=142: 150968 braids
    projlen=143: 309156 braids
    projlen=144: 79973 braids
  Braids kept: 1121075 (in 29 buckets, 3.81 GB CPU)
  ⚡ Timing: matmul=0.18s, sampling=11.17s, total=18.39s
============================================================
Level 250 - SAMPLING
============================================================
  Starting braids: 971075
  Candidates to generate: 5238877
  Processing in 53 chunks...
  Projlen distribution:
    projlen=117: 9 braids
    projlen=118: 38 braids
    projlen=119: 306 braids
    projlen=120: 500 braids
    projlen=121: 4288 braids
    projlen=122: 7680 braids
    projlen=123: 35103 braids
    projlen=124: 60340 braids
    projlen=125: 232571 braids
    projlen=126: 261981 braids
    projlen=127: 312891 braids
    projlen=128: 246945 braids
    projlen=129: 307606 braids
    projlen=130: 241417 braids
    projlen=131: 301286 braids
    projlen=132: 248522 braids
    projlen=133: 296828 braids
    projlen=134: 240380 braids
    projlen=135: 304931 braids
    projlen=136: 222452 braids
    projlen=137: 316304 braids
    projlen=138: 204867 braids
    projlen=139: 327705 braids
    projlen=140: 180198 braids
    projlen=141: 339493 braids
    projlen=142: 156418 braids
    projlen=143: 307502 braids
    projlen=144: 80316 braids
  Braids kept: 1097924 (in 28 buckets, 3.74 GB CPU)
  ⚡ Timing: matmul=0.17s, sampling=11.05s, total=18.24s
============================================================
Level 251 - SAMPLING
============================================================
  Starting braids: 997924
  Candidates to generate: 5399338
  Processing in 54 chunks...
  Projlen distribution:
    projlen=118: 11 braids
    projlen=119: 130 braids
    projlen=120: 366 braids
    projlen=121: 2177 braids
    projlen=122: 3209 braids
    projlen=123: 24613 braids
    projlen=124: 39001 braids
    projlen=125: 167587 braids
    projlen=126: 229973 braids
    projlen=127: 314870 braids
    projlen=128: 255519 braids
    projlen=129: 301779 braids
    projlen=130: 248198 braids
    projlen=131: 303017 braids
    projlen=132: 245713 braids
    projlen=133: 296327 braids
    projlen=134: 252810 braids
    projlen=135: 291600 braids
    projlen=136: 247841 braids
    projlen=137: 298980 braids
    projlen=138: 234908 braids
    projlen=139: 308967 braids
    projlen=140: 218164 braids
    projlen=141: 320340 braids
    projlen=142: 191061 braids
    projlen=143: 329009 braids
    projlen=144: 158151 braids
    projlen=145: 115017 braids
  Braids kept: 1119507 (in 28 buckets, 3.83 GB CPU)
  ⚡ Timing: matmul=0.22s, sampling=11.32s, total=18.79s
============================================================
Level 252 - SAMPLING
============================================================
  Starting braids: 969507
  Candidates to generate: 5295535
  Processing in 53 chunks...
  Projlen distribution:
    projlen=118: 4 braids
    projlen=119: 51 braids
    projlen=120: 114 braids
    projlen=121: 1097 braids
    projlen=122: 2433 braids
    projlen=123: 13359 braids
    projlen=124: 17744 braids
    projlen=125: 121726 braids
    projlen=126: 169456 braids
    projlen=127: 292724 braids
    projlen=128: 261016 braids
    projlen=129: 301221 braids
    projlen=130: 250904 braids
    projlen=131: 297945 braids
    projlen=132: 252057 braids
    projlen=133: 294281 braids
    projlen=134: 248904 braids
    projlen=135: 291267 braids
    projlen=136: 255922 braids
    projlen=137: 287994 braids
    projlen=138: 254531 braids
    projlen=139: 292767 braids
    projlen=140: 243991 braids
    projlen=141: 301731 braids
    projlen=142: 229675 braids
    projlen=143: 307505 braids
    projlen=144: 197252 braids
    projlen=145: 107864 braids
  Braids kept: 1084802 (in 28 buckets, 3.73 GB CPU)
  ⚡ Timing: matmul=0.21s, sampling=11.23s, total=18.57s
============================================================
Level 253 - SAMPLING
============================================================
  Starting braids: 984802
  Candidates to generate: 5413978
  Processing in 55 chunks...
  Projlen distribution:
    projlen=119: 26 braids
    projlen=120: 60 braids
    projlen=121: 537 braids
    projlen=122: 819 braids
    projlen=123: 7423 braids
    projlen=124: 13512 braids
    projlen=125: 69081 braids
    projlen=126: 80446 braids
    projlen=127: 254207 braids
    projlen=128: 254382 braids
    projlen=129: 308330 braids
    projlen=130: 253126 braids
    projlen=131: 295901 braids
    projlen=132: 253409 braids
    projlen=133: 291929 braids
    projlen=134: 254046 braids
    projlen=135: 288478 braids
    projlen=136: 253194 braids
    projlen=137: 287563 braids
    projlen=138: 258169 braids
    projlen=139: 285370 braids
    projlen=140: 259775 braids
    projlen=141: 288353 braids
    projlen=142: 251813 braids
    projlen=143: 294928 braids
    projlen=144: 239084 braids
    projlen=145: 278664 braids
    projlen=146: 91353 braids
  Braids kept: 1122377 (in 28 buckets, 3.87 GB CPU)
  ⚡ Timing: matmul=0.16s, sampling=11.68s, total=19.19s
============================================================
Level 254 - SAMPLING
============================================================
  Starting braids: 972377
  Candidates to generate: 5354493
  Processing in 54 chunks...
  Projlen distribution:
    projlen=119: 10 braids
    projlen=120: 26 braids
    projlen=121: 278 braids
    projlen=122: 503 braids
    projlen=123: 3938 braids
    projlen=124: 5170 braids
    projlen=125: 40506 braids
    projlen=126: 63574 braids
    projlen=127: 246759 braids
    projlen=128: 241060 braids
    projlen=129: 322798 braids
    projlen=130: 245955 braids
    projlen=131: 301863 braids
    projlen=132: 253617 braids
    projlen=133: 292359 braids
    projlen=134: 256846 braids
    projlen=135: 287746 braids
    projlen=136: 257677 braids
    projlen=137: 285675 braids
    projlen=138: 257031 braids
    projlen=139: 284279 braids
    projlen=140: 260981 braids
    projlen=141: 282732 braids
    projlen=142: 262376 braids
    projlen=143: 282970 braids
    projlen=144: 255134 braids
    projlen=145: 267898 braids
    projlen=146: 94732 braids
  Braids kept: 1100431 (in 28 buckets, 3.81 GB CPU)
  ⚡ Timing: matmul=0.18s, sampling=11.41s, total=18.84s
============================================================
Level 255 - SAMPLING
============================================================
  Starting braids: 950431
  Candidates to generate: 5234343
  Processing in 53 chunks...
  Projlen distribution:
    projlen=119: 2 braids
    projlen=120: 15 braids
    projlen=121: 108 braids
    projlen=122: 248 braids
    projlen=123: 2100 braids
    projlen=124: 3395 braids
    projlen=125: 23225 braids
    projlen=126: 27749 braids
    projlen=127: 192072 braids
    projlen=128: 233651 braids
    projlen=129: 323062 braids
    projlen=130: 239770 braids
    projlen=131: 311778 braids
    projlen=132: 241134 braids
    projlen=133: 299148 braids
    projlen=134: 254869 braids
    projlen=135: 287751 braids
    projlen=136: 260268 braids
    projlen=137: 284194 braids
    projlen=138: 260770 braids
    projlen=139: 282886 braids
    projlen=140: 261868 braids
    projlen=141: 282159 braids
    projlen=142: 263522 braids
    projlen=143: 279602 braids
    projlen=144: 260827 braids
    projlen=145: 261715 braids
    projlen=146: 96455 braids
  Braids kept: 1056842 (in 28 buckets, 3.67 GB CPU)
  ⚡ Timing: matmul=0.18s, sampling=11.19s, total=18.47s
============================================================
Level 256 - SAMPLING
============================================================
  Starting braids: 956842
  Candidates to generate: 5261832
  Processing in 53 chunks...
  Projlen distribution:
    projlen=120: 8 braids
    projlen=121: 53 braids
    projlen=122: 164 braids
    projlen=123: 990 braids
    projlen=124: 1771 braids
    projlen=125: 13276 braids
    projlen=126: 18653 braids
    projlen=127: 116793 braids
    projlen=128: 123118 braids
    projlen=129: 280414 braids
    projlen=130: 251213 braids
    projlen=131: 309318 braids
    projlen=132: 238788 braids
    projlen=133: 306080 braids
    projlen=134: 242402 braids
    projlen=135: 295172 braids
    projlen=136: 256276 braids
    projlen=137: 284818 braids
    projlen=138: 261821 braids
    projlen=139: 282342 braids
    projlen=140: 263348 braids
    projlen=141: 280251 braids
    projlen=142: 264508 braids
    projlen=143: 280425 braids
    projlen=144: 263982 braids
    projlen=145: 274549 braids
    projlen=146: 250802 braids
    projlen=147: 100497 braids
  Braids kept: 1084915 (in 28 buckets, 3.78 GB CPU)
  ⚡ Timing: matmul=0.19s, sampling=11.38s, total=18.69s
============================================================
Level 257 - SAMPLING
============================================================
  Starting braids: 984915
  Candidates to generate: 5414853
  Processing in 55 chunks...
  Projlen distribution:
    projlen=119: 1 braids
    projlen=120: 4 braids
    projlen=121: 30 braids
    projlen=122: 95 braids
    projlen=123: 556 braids
    projlen=124: 1188 braids
    projlen=125: 7034 braids
    projlen=126: 10357 braids
    projlen=127: 69668 braids
    projlen=128: 83875 braids
    projlen=129: 264210 braids
    projlen=130: 232718 braids
    projlen=131: 323346 braids
    projlen=132: 241253 braids
    projlen=133: 304328 braids
    projlen=134: 243323 braids
    projlen=135: 298080 braids
    projlen=136: 246190 braids
    projlen=137: 291663 braids
    projlen=138: 258035 braids
    projlen=139: 283613 braids
    projlen=140: 264009 braids
    projlen=141: 280041 braids
    projlen=142: 265712 braids
    projlen=143: 278845 braids
    projlen=144: 266972 braids
    projlen=145: 278447 braids
    projlen=146: 263626 braids
    projlen=147: 259861 braids
    projlen=148: 97773 braids
  Braids kept: 1119265 (in 30 buckets, 3.92 GB CPU)
  ⚡ Timing: matmul=0.16s, sampling=11.89s, total=19.45s
============================================================
Level 258 - SAMPLING
============================================================
  Starting braids: 969265
  Candidates to generate: 5328657
  Processing in 54 chunks...
  Projlen distribution:
    projlen=119: 1 braids
    projlen=120: 2 braids
    projlen=121: 18 braids
    projlen=122: 44 braids
    projlen=123: 312 braids
    projlen=124: 709 braids
    projlen=125: 4179 braids
    projlen=126: 7172 braids
    projlen=127: 39282 braids
    projlen=128: 50145 braids
    projlen=129: 245073 braids
    projlen=130: 240096 braids
    projlen=131: 328485 braids
    projlen=132: 231427 braids
    projlen=133: 314306 braids
    projlen=134: 238557 braids
    projlen=135: 300126 braids
    projlen=136: 247880 braids
    projlen=137: 292660 braids
    projlen=138: 250984 braids
    projlen=139: 288030 braids
    projlen=140: 260232 braids
    projlen=141: 281098 braids
    projlen=142: 265526 braids
    projlen=143: 278098 braids
    projlen=144: 266530 braids
    projlen=145: 277229 braids
    projlen=146: 264962 braids
    projlen=147: 258455 braids
    projlen=148: 97039 braids
  Braids kept: 1101719 (in 30 buckets, 3.87 GB CPU)
  ⚡ Timing: matmul=0.17s, sampling=11.53s, total=18.97s
============================================================
Level 259 - SAMPLING
============================================================
  Starting braids: 951719
  Candidates to generate: 5231649
  Processing in 53 chunks...
  Projlen distribution:
    projlen=120: 3 braids
    projlen=121: 12 braids
    projlen=122: 36 braids
    projlen=123: 201 braids
    projlen=124: 357 braids
    projlen=125: 2395 braids
    projlen=126: 4409 braids
    projlen=127: 24785 braids
    projlen=128: 37622 braids
    projlen=129: 194161 braids
    projlen=130: 220722 braids
    projlen=131: 329953 braids
    projlen=132: 237131 braids
    projlen=133: 316620 braids
    projlen=134: 229826 braids
    projlen=135: 309327 braids
    projlen=136: 241887 braids
    projlen=137: 296110 braids
    projlen=138: 251702 braids
    projlen=139: 288697 braids
    projlen=140: 254647 braids
    projlen=141: 285020 braids
    projlen=142: 261448 braids
    projlen=143: 279956 braids
    projlen=144: 266975 braids
    projlen=145: 276326 braids
    projlen=146: 265432 braids
    projlen=147: 258596 braids
    projlen=148: 97293 braids
  Braids kept: 1069820 (in 29 buckets, 3.77 GB CPU)
  ⚡ Timing: matmul=0.16s, sampling=11.32s, total=18.62s
============================================================
Level 260 - SAMPLING
============================================================
  Starting braids: 969820
  Candidates to generate: 5321954
  Processing in 54 chunks...
  Projlen distribution:
    projlen=119: 1 braids
    projlen=120: 1 braids
    projlen=121: 11 braids
    projlen=122: 37 braids
    projlen=123: 130 braids
    projlen=124: 318 braids
    projlen=125: 1530 braids
    projlen=126: 2434 braids
    projlen=127: 15207 braids
    projlen=128: 23452 braids
    projlen=129: 123971 braids
    projlen=130: 163615 braids
    projlen=131: 297701 braids
    projlen=132: 244077 braids
    projlen=133: 314566 braids
    projlen=134: 233469 braids
    projlen=135: 311271 braids
    projlen=136: 235655 braids
    projlen=137: 302440 braids
    projlen=138: 243724 braids
    projlen=139: 291407 braids
    projlen=140: 255079 braids
    projlen=141: 284995 braids
    projlen=142: 258281 braids
    projlen=143: 282808 braids
    projlen=144: 263627 braids
    projlen=145: 279174 braids
    projlen=146: 268133 braids
    projlen=147: 272780 braids
    projlen=148: 252621 braids
    projlen=149: 99439 braids
  Braids kept: 1093121 (in 31 buckets, 3.87 GB CPU)
  ⚡ Timing: matmul=0.16s, sampling=11.50s, total=18.96s
============================================================
Level 261 - SAMPLING
============================================================
  Starting braids: 993121
  Candidates to generate: 5456089
  Processing in 55 chunks...
  Projlen distribution:
    projlen=118: 2 braids
    projlen=119: 1 braids
    projlen=120: 4 braids
    projlen=121: 17 braids
    projlen=122: 16 braids
    projlen=123: 118 braids
    projlen=124: 242 braids
    projlen=125: 1050 braids
    projlen=126: 2008 braids
    projlen=127: 10110 braids
    projlen=128: 13966 braids
    projlen=129: 77978 braids
    projlen=130: 102608 braids
    projlen=131: 264739 braids
    projlen=132: 252076 braids
    projlen=133: 313219 braids
    projlen=134: 239519 braids
    projlen=135: 308477 braids
    projlen=136: 238470 braids
    projlen=137: 304384 braids
    projlen=138: 240841 braids
    projlen=139: 297201 braids
    projlen=140: 249141 braids
    projlen=141: 288848 braids
    projlen=142: 258307 braids
    projlen=143: 283806 braids
    projlen=144: 261864 braids
    projlen=145: 281347 braids
    projlen=146: 264915 braids
    projlen=147: 277796 braids
    projlen=148: 266354 braids
    projlen=149: 258232 braids
    projlen=150: 98433 braids
  Braids kept: 1127534 (in 33 buckets, 4.01 GB CPU)
  ⚡ Timing: matmul=0.19s, sampling=12.13s, total=19.80s
============================================================
Level 262 - SAMPLING
============================================================
  Starting braids: 977534
  Candidates to generate: 5374934
  Processing in 54 chunks...
  Projlen distribution:
    projlen=118: 2 braids
    projlen=119: 5 braids
    projlen=120: 9 braids
    projlen=121: 26 braids
    projlen=122: 22 braids
    projlen=123: 118 braids
    projlen=124: 139 braids
    projlen=125: 818 braids
    projlen=126: 1514 braids
    projlen=127: 6952 braids
    projlen=128: 11071 braids
    projlen=129: 54238 braids
    projlen=130: 65050 braids
    projlen=131: 246907 braids
    projlen=132: 247087 braids
    projlen=133: 318544 braids
    projlen=134: 246548 braids
    projlen=135: 305243 braids
    projlen=136: 242371 braids
    projlen=137: 301395 braids
    projlen=138: 243789 braids
    projlen=139: 298501 braids
    projlen=140: 246409 braids
    projlen=141: 293482 braids
    projlen=142: 253245 braids
    projlen=143: 286114 braids
    projlen=144: 261423 braids
    projlen=145: 281261 braids
    projlen=146: 264002 braids
    projlen=147: 278819 braids
    projlen=148: 263802 braids
    projlen=149: 258912 braids
    projlen=150: 97116 braids
  Braids kept: 1120676 (in 33 buckets, 3.99 GB CPU)
  ⚡ Timing: matmul=0.20s, sampling=11.83s, total=19.38s
============================================================
Level 263 - SAMPLING
============================================================
  Starting braids: 970676
  Candidates to generate: 5338996
  Processing in 54 chunks...
  Projlen distribution:
    projlen=119: 9 braids
    projlen=120: 13 braids
    projlen=121: 56 braids
    projlen=122: 45 braids
    projlen=123: 162 braids
    projlen=124: 153 braids
    projlen=125: 732 braids
    projlen=126: 954 braids
    projlen=127: 5203 braids
    projlen=128: 8431 braids
    projlen=129: 38971 braids
    projlen=130: 54299 braids
    projlen=131: 240475 braids
    projlen=132: 239812 braids
    projlen=133: 325923 braids
    projlen=134: 243358 braids
    projlen=135: 308236 braids
    projlen=136: 243600 braids
    projlen=137: 301181 braids
    projlen=138: 247077 braids
    projlen=139: 295378 braids
    projlen=140: 248753 braids
    projlen=141: 293140 braids
    projlen=142: 252281 braids
    projlen=143: 289143 braids
    projlen=144: 256150 braids
    projlen=145: 284132 braids
    projlen=146: 262766 braids
    projlen=147: 278598 braids
    projlen=148: 263095 braids
    projlen=149: 259760 braids
    projlen=150: 97110 braids
  Braids kept: 1104729 (in 32 buckets, 3.94 GB CPU)
  ⚡ Timing: matmul=0.17s, sampling=11.66s, total=19.15s
============================================================
Level 264 - SAMPLING
============================================================
  Starting braids: 954729
  Candidates to generate: 5242377
  Processing in 53 chunks...
  Projlen distribution:
    projlen=120: 3 braids
    projlen=121: 80 braids
    projlen=122: 74 braids
    projlen=123: 335 braids
    projlen=124: 277 braids
    projlen=125: 893 braids
    projlen=126: 1000 braids
    projlen=127: 4286 braids
    projlen=128: 5804 braids
    projlen=129: 29550 braids
    projlen=130: 42919 braids
    projlen=131: 189487 braids
    projlen=132: 224902 braids
    projlen=133: 323995 braids
    projlen=134: 238895 braids
    projlen=135: 314342 braids
    projlen=136: 237809 braids
    projlen=137: 303679 braids
    projlen=138: 245987 braids
    projlen=139: 294685 braids
    projlen=140: 250886 braids
    projlen=141: 290232 braids
    projlen=142: 252911 braids
    projlen=143: 287710 braids
    projlen=144: 256273 braids
    projlen=145: 286248 braids
    projlen=146: 259364 braids
    projlen=147: 281608 braids
    projlen=148: 261147 braids
    projlen=149: 260318 braids
    projlen=150: 96678 braids
  Braids kept: 1085221 (in 31 buckets, 3.88 GB CPU)
  ⚡ Timing: matmul=0.18s, sampling=11.43s, total=18.80s
============================================================
Level 265 - SAMPLING
============================================================
  Starting braids: 985221
  Candidates to generate: 5402017
  Processing in 55 chunks...
  Projlen distribution:
    projlen=120: 5 braids
    projlen=121: 10 braids
    projlen=122: 29 braids
    projlen=123: 454 braids
    projlen=124: 395 braids
    projlen=125: 1828 braids
    projlen=126: 1546 braids
    projlen=127: 5054 braids
    projlen=128: 5767 braids
    projlen=129: 24387 braids
    projlen=130: 30792 braids
    projlen=131: 145546 braids
    projlen=132: 186116 braids
    projlen=133: 304116 braids
    projlen=134: 250219 braids
    projlen=135: 310228 braids
    projlen=136: 235320 braids
    projlen=137: 308512 braids
    projlen=138: 240341 braids
    projlen=139: 297825 braids
    projlen=140: 249624 braids
    projlen=141: 290636 braids
    projlen=142: 255252 braids
    projlen=143: 287004 braids
    projlen=144: 256595 braids
    projlen=145: 284772 braids
    projlen=146: 259536 braids
    projlen=147: 283122 braids
    projlen=148: 260657 braids
    projlen=149: 277098 braids
    projlen=150: 248948 braids
    projlen=151: 100283 braids
  Braids kept: 1120267 (in 32 buckets, 4.02 GB CPU)
  ⚡ Timing: matmul=0.15s, sampling=11.96s, total=19.57s
============================================================
Level 266 - SAMPLING
============================================================
  Starting braids: 970267
  Candidates to generate: 5319171
  Processing in 54 chunks...
  Projlen distribution:
    projlen=121: 16 braids
    projlen=122: 24 braids
    projlen=123: 142 braids
    projlen=124: 167 braids
    projlen=125: 2346 braids
    projlen=126: 2011 braids
    projlen=127: 9651 braids
    projlen=128: 8366 braids
    projlen=129: 27964 braids
    projlen=130: 30826 braids
    projlen=131: 121106 braids
    projlen=132: 136905 braids
    projlen=133: 278522 braids
    projlen=134: 251107 braids
    projlen=135: 308793 braids
    projlen=136: 244944 braids
    projlen=137: 303252 braids
    projlen=138: 241231 braids
    projlen=139: 300532 braids
    projlen=140: 244732 braids
    projlen=141: 293625 braids
    projlen=142: 253295 braids
    projlen=143: 287045 braids
    projlen=144: 258130 braids
    projlen=145: 283983 braids
    projlen=146: 260612 braids
    projlen=147: 281730 braids
    projlen=148: 261551 braids
    projlen=149: 277601 braids
    projlen=150: 248512 braids
    projlen=151: 100450 braids
  Braids kept: 1131513 (in 31 buckets, 4.06 GB CPU)
  ⚡ Timing: matmul=0.16s, sampling=11.81s, total=19.32s
============================================================
Level 267 - SAMPLING
============================================================
  Starting braids: 981513
  Candidates to generate: 5376649
  Processing in 54 chunks...
  Projlen distribution:
    projlen=121: 3 braids
    projlen=122: 7 braids
    projlen=123: 140 braids
    projlen=124: 154 braids
    projlen=125: 1011 braids
    projlen=126: 989 braids
    projlen=127: 11813 braids
    projlen=128: 9978 braids
    projlen=129: 49791 braids
    projlen=130: 42791 braids
    projlen=131: 139856 braids
    projlen=132: 140627 braids
    projlen=133: 278333 braids
    projlen=134: 242170 braids
    projlen=135: 315731 braids
    projlen=136: 245286 braids
    projlen=137: 302960 braids
    projlen=138: 246723 braids
    projlen=139: 297345 braids
    projlen=140: 246901 braids
    projlen=141: 293277 braids
    projlen=142: 249747 braids
    projlen=143: 290301 braids
    projlen=144: 256438 braids
    projlen=145: 284288 braids
    projlen=146: 260418 braids
    projlen=147: 282356 braids
    projlen=148: 261763 braids
    projlen=149: 277318 braids
    projlen=150: 248162 braids
    projlen=151: 99972 braids
  Braids kept: 1166677 (in 31 buckets, 4.19 GB CPU)
  ⚡ Timing: matmul=0.14s, sampling=11.89s, total=19.49s
============================================================
Level 268 - SAMPLING
============================================================
  Starting braids: 966677
  Candidates to generate: 5289007
  Processing in 53 chunks...
  Projlen distribution:
    projlen=123: 31 braids
    projlen=124: 54 braids
    projlen=125: 907 braids
    projlen=126: 932 braids
    projlen=127: 6125 braids
    projlen=128: 5492 braids
    projlen=129: 58682 braids
    projlen=130: 48391 braids
    projlen=131: 239645 braids
    projlen=132: 195916 braids
    projlen=133: 307446 braids
    projlen=134: 236341 braids
    projlen=135: 315594 braids
    projlen=136: 239890 braids
    projlen=137: 307001 braids
    projlen=138: 244000 braids
    projlen=139: 299082 braids
    projlen=140: 249297 braids
    projlen=141: 291921 braids
    projlen=142: 251759 braids
    projlen=143: 289982 braids
    projlen=144: 254556 braids
    projlen=145: 286913 braids
    projlen=146: 259640 braids
    projlen=147: 281701 braids
    projlen=148: 259779 braids
    projlen=149: 261608 braids
    projlen=150: 96322 braids
  Braids kept: 1111932 (in 28 buckets, 3.99 GB CPU)
  ⚡ Timing: matmul=0.22s, sampling=11.71s, total=19.17s
============================================================
Level 269 - SAMPLING
============================================================
  Starting braids: 961932
  Candidates to generate: 5244150
  Processing in 53 chunks...
  Projlen distribution:
    projlen=124: 10 braids
    projlen=125: 300 braids
    projlen=126: 374 braids
    projlen=127: 5134 braids
    projlen=128: 5036 braids
    projlen=129: 33667 braids
    projlen=130: 27780 braids
    projlen=131: 238786 braids
    projlen=132: 194213 braids
    projlen=133: 332708 braids
    projlen=134: 216894 braids
    projlen=135: 320998 braids
    projlen=136: 233908 braids
    projlen=137: 308820 braids
    projlen=138: 240302 braids
    projlen=139: 301506 braids
    projlen=140: 247481 braids
    projlen=141: 294028 braids
    projlen=142: 253034 braids
    projlen=143: 289071 braids
    projlen=144: 255853 braids
    projlen=145: 286854 braids
    projlen=146: 258054 braids
    projlen=147: 283024 braids
    projlen=148: 258989 braids
    projlen=149: 261422 braids
    projlen=150: 95904 braids
  Braids kept: 1072301 (in 27 buckets, 3.86 GB CPU)
  ⚡ Timing: matmul=0.18s, sampling=11.50s, total=18.91s
============================================================
Level 270 - SAMPLING
============================================================
  Starting braids: 972301
  Candidates to generate: 5286809
  Processing in 53 chunks...
  Projlen distribution:
    projlen=124: 10 braids
    projlen=125: 61 braids
    projlen=126: 127 braids
    projlen=127: 2093 braids
    projlen=128: 2312 braids
    projlen=129: 27645 braids
    projlen=130: 25228 braids
    projlen=131: 164697 braids
    projlen=132: 121615 braids
    projlen=133: 291368 braids
    projlen=134: 203773 braids
    projlen=135: 330002 braids
    projlen=136: 213221 braids
    projlen=137: 317187 braids
    projlen=138: 233658 braids
    projlen=139: 301617 braids
    projlen=140: 243600 braids
    projlen=141: 295765 braids
    projlen=142: 250398 braids
    projlen=143: 289926 braids
    projlen=144: 256395 braids
    projlen=145: 285440 braids
    projlen=146: 258481 braids
    projlen=147: 284031 braids
    projlen=148: 261241 braids
    projlen=149: 278189 braids
    projlen=150: 247836 braids
    projlen=151: 100893 braids
  Braids kept: 1107476 (in 28 buckets, 4.00 GB CPU)
  ⚡ Timing: matmul=0.21s, sampling=11.73s, total=19.19s
============================================================
Level 271 - SAMPLING
============================================================
  Starting braids: 957476
  Candidates to generate: 5200884
  Processing in 53 chunks...
  Projlen distribution:
    projlen=124: 13 braids
    projlen=125: 28 braids
    projlen=126: 94 braids
    projlen=127: 630 braids
    projlen=128: 938 braids
    projlen=129: 12963 braids
    projlen=130: 12554 braids
    projlen=131: 133794 braids
    projlen=132: 109421 braids
    projlen=133: 287412 braids
    projlen=134: 198810 braids
    projlen=135: 340210 braids
    projlen=136: 204098 braids
    projlen=137: 325487 braids
    projlen=138: 216829 braids
    projlen=139: 311097 braids
    projlen=140: 237217 braids
    projlen=141: 298466 braids
    projlen=142: 248318 braids
    projlen=143: 291586 braids
    projlen=144: 254409 braids
    projlen=145: 286113 braids
    projlen=146: 259709 braids
    projlen=147: 283850 braids
    projlen=148: 261290 braids
    projlen=149: 278192 braids
    projlen=150: 247164 braids
    projlen=151: 100192 braids
  Braids kept: 1077220 (in 28 buckets, 3.90 GB CPU)
  ⚡ Timing: matmul=0.15s, sampling=11.69s, total=19.04s
============================================================
Level 272 - SAMPLING
============================================================
  Starting braids: 977220
  Candidates to generate: 5304926
  Processing in 54 chunks...
  Projlen distribution:
    projlen=123: 1 braids
    projlen=124: 2 braids
    projlen=125: 27 braids
    projlen=126: 83 braids
    projlen=127: 346 braids
    projlen=128: 674 braids
    projlen=129: 4668 braids
    projlen=130: 5672 braids
    projlen=131: 66703 braids
    projlen=132: 55017 braids
    projlen=133: 260372 braids
    projlen=134: 203560 braids
    projlen=135: 341544 braids
    projlen=136: 199619 braids
    projlen=137: 333691 braids
    projlen=138: 204036 braids
    projlen=139: 319804 braids
    projlen=140: 223235 braids
    projlen=141: 304973 braids
    projlen=142: 241221 braids
    projlen=143: 294458 braids
    projlen=144: 252315 braids
    projlen=145: 288124 braids
    projlen=146: 258045 braids
    projlen=147: 284053 braids
    projlen=148: 261890 braids
    projlen=149: 280657 braids
    projlen=150: 261114 braids
    projlen=151: 261974 braids
    projlen=152: 97048 braids
  Braids kept: 1111473 (in 30 buckets, 4.04 GB CPU)
  ⚡ Timing: matmul=0.15s, sampling=12.06s, total=19.58s
============================================================
Level 273 - SAMPLING
============================================================
  Starting braids: 961473
  Candidates to generate: 5221217
  Processing in 53 chunks...
  Projlen distribution:
    projlen=121: 1 braids
    projlen=122: 1 braids
    projlen=123: 4 braids
    projlen=124: 4 braids
    projlen=125: 15 braids
    projlen=126: 30 braids
    projlen=127: 274 braids
    projlen=128: 550 braids
    projlen=129: 2700 braids
    projlen=130: 4031 braids
    projlen=131: 26897 braids
    projlen=132: 27658 braids
    projlen=133: 249746 braids
    projlen=134: 201849 braids
    projlen=135: 345310 braids
    projlen=136: 204665 braids
    projlen=137: 334354 braids
    projlen=138: 200978 braids
    projlen=139: 327614 braids
    projlen=140: 209592 braids
    projlen=141: 314568 braids
    projlen=142: 229426 braids
    projlen=143: 301307 braids
    projlen=144: 246212 braids
    projlen=145: 291559 braids
    projlen=146: 255742 braids
    projlen=147: 285424 braids
    projlen=148: 260153 braids
    projlen=149: 281064 braids
    projlen=150: 261664 braids
    projlen=151: 260921 braids
    projlen=152: 96904 braids
  Braids kept: 1062165 (in 32 buckets, 3.88 GB CPU)
  ⚡ Timing: matmul=0.16s, sampling=11.62s, total=19.01s
============================================================
Level 274 - SAMPLING
============================================================
  Starting braids: 962165
  Candidates to generate: 5220459
  Processing in 53 chunks...
  Projlen distribution:
    projlen=121: 4 braids
    projlen=122: 2 braids
    projlen=123: 12 braids
    projlen=124: 7 braids
    projlen=125: 32 braids
    projlen=126: 23 braids
    projlen=127: 163 braids
    projlen=128: 291 braids
    projlen=129: 2015 braids
    projlen=130: 3196 braids
    projlen=131: 16982 braids
    projlen=132: 21183 braids
    projlen=133: 133547 braids
    projlen=134: 119321 braids
    projlen=135: 295801 braids
    projlen=136: 204090 braids
    projlen=137: 338266 braids
    projlen=138: 200179 braids
    projlen=139: 327919 braids
    projlen=140: 207202 braids
    projlen=141: 319685 braids
    projlen=142: 217181 braids
    projlen=143: 310168 braids
    projlen=144: 235901 braids
    projlen=145: 298030 braids
    projlen=146: 250771 braids
    projlen=147: 289486 braids
    projlen=148: 258622 braids
    projlen=149: 282242 braids
    projlen=150: 261313 braids
    projlen=151: 276537 braids
    projlen=152: 249837 braids
    projlen=153: 100451 braids
  Braids kept: 1093910 (in 33 buckets, 4.01 GB CPU)
  ⚡ Timing: matmul=0.16s, sampling=11.91s, total=19.34s
============================================================
Level 275 - SAMPLING
============================================================
  Starting braids: 993910
  Candidates to generate: 5393580
  Processing in 54 chunks...
  Projlen distribution:
    projlen=121: 3 braids
    projlen=122: 5 braids
    projlen=123: 18 braids
    projlen=124: 12 braids
    projlen=125: 74 braids
    projlen=126: 46 braids
    projlen=127: 211 braids
    projlen=128: 184 braids
    projlen=129: 1335 braids
    projlen=130: 2045 braids
    projlen=131: 12555 braids
    projlen=132: 16742 braids
    projlen=133: 87600 braids
    projlen=134: 93452 braids
    projlen=135: 273930 braids
    projlen=136: 216815 braids
    projlen=137: 338533 braids
    projlen=138: 201566 braids
    projlen=139: 331657 braids
    projlen=140: 204507 braids
    projlen=141: 320136 braids
    projlen=142: 215856 braids
    projlen=143: 311845 braids
    projlen=144: 225158 braids
    projlen=145: 304494 braids
    projlen=146: 240517 braids
    projlen=147: 293388 braids
    projlen=148: 253210 braids
    projlen=149: 286380 braids
    projlen=150: 260191 braids
    projlen=151: 280508 braids
    projlen=152: 262146 braids
    projlen=153: 261191 braids
    projlen=154: 97270 braids
  Braids kept: 1133230 (in 34 buckets, 4.17 GB CPU)
  ⚡ Timing: matmul=0.22s, sampling=12.24s, total=19.95s
============================================================
Level 276 - SAMPLING
============================================================
  Starting braids: 983230
  Candidates to generate: 5349042
  Processing in 54 chunks...
  Projlen distribution:
    projlen=122: 1 braids
    projlen=123: 24 braids
    projlen=124: 27 braids
    projlen=125: 97 braids
    projlen=126: 63 braids
    projlen=127: 408 braids
    projlen=128: 289 braids
    projlen=129: 1379 braids
    projlen=130: 1265 braids
    projlen=131: 8745 braids
    projlen=132: 11645 braids
    projlen=133: 65729 braids
    projlen=134: 76065 braids
    projlen=135: 257429 braids
    projlen=136: 233164 braids
    projlen=137: 332891 braids
    projlen=138: 217186 braids
    projlen=139: 329215 braids
    projlen=140: 203161 braids
    projlen=141: 323836 braids
    projlen=142: 211237 braids
    projlen=143: 313198 braids
    projlen=144: 224127 braids
    projlen=145: 307226 braids
    projlen=146: 234272 braids
    projlen=147: 299650 braids
    projlen=148: 245962 braids
    projlen=149: 290583 braids
    projlen=150: 258037 braids
    projlen=151: 283910 braids
    projlen=152: 260023 braids
    projlen=153: 261679 braids
    projlen=154: 96519 braids
  Braids kept: 1123943 (in 33 buckets, 4.14 GB CPU)
  ⚡ Timing: matmul=0.18s, sampling=12.20s, total=19.85s
============================================================
Level 277 - SAMPLING
============================================================
  Starting braids: 973943
  Candidates to generate: 5306681
  Processing in 54 chunks...
  Projlen distribution:
    projlen=123: 3 braids
    projlen=124: 9 braids
    projlen=125: 150 braids
    projlen=126: 127 braids
    projlen=127: 530 braids
    projlen=128: 340 braids
    projlen=129: 2257 braids
    projlen=130: 1673 braids
    projlen=131: 8249 braids
    projlen=132: 7596 braids
    projlen=133: 47706 braids
    projlen=134: 56273 braids
    projlen=135: 245181 braids
    projlen=136: 235665 braids
    projlen=137: 328284 braids
    projlen=138: 232847 braids
    projlen=139: 322030 braids
    projlen=140: 218190 braids
    projlen=141: 321547 braids
    projlen=142: 210310 braids
    projlen=143: 316959 braids
    projlen=144: 220006 braids
    projlen=145: 307896 braids
    projlen=146: 231734 braids
    projlen=147: 301222 braids
    projlen=148: 240462 braids
    projlen=149: 294716 braids
    projlen=150: 250564 braids
    projlen=151: 287257 braids
    projlen=152: 257314 braids
    projlen=153: 263432 braids
    projlen=154: 96152 braids
  Braids kept: 1118640 (in 32 buckets, 4.13 GB CPU)
  ⚡ Timing: matmul=0.15s, sampling=12.14s, total=19.72s
============================================================
Level 278 - SAMPLING
============================================================
  Starting braids: 968640
  Candidates to generate: 5290050
  Processing in 53 chunks...
  Projlen distribution:
    projlen=124: 8 braids
    projlen=125: 37 braids
    projlen=126: 59 braids
    projlen=127: 814 braids
    projlen=128: 612 braids
    projlen=129: 2903 braids
    projlen=130: 1887 braids
    projlen=131: 12044 braids
    projlen=132: 9247 braids
    projlen=133: 45700 braids
    projlen=134: 39833 braids
    projlen=135: 230618 braids
    projlen=136: 229680 braids
    projlen=137: 329738 braids
    projlen=138: 234937 braids
    projlen=139: 316392 braids
    projlen=140: 230334 braids
    projlen=141: 315498 braids
    projlen=142: 224350 braids
    projlen=143: 314315 braids
    projlen=144: 220803 braids
    projlen=145: 310647 braids
    projlen=146: 228544 braids
    projlen=147: 303306 braids
    projlen=148: 239567 braids
    projlen=149: 296700 braids
    projlen=150: 246425 braids
    projlen=151: 290994 braids
    projlen=152: 252173 braids
    projlen=153: 266317 braids
    projlen=154: 95568 braids
  Braids kept: 1113144 (in 31 buckets, 4.11 GB CPU)
  ⚡ Timing: matmul=0.22s, sampling=11.91s, total=19.47s
============================================================
Level 279 - SAMPLING
============================================================
  Starting braids: 963144
  Candidates to generate: 5258754
  Processing in 53 chunks...
  Projlen distribution:
    projlen=124: 4 braids
    projlen=125: 27 braids
    projlen=126: 56 braids
    projlen=127: 305 braids
    projlen=128: 302 braids
    projlen=129: 4191 braids
    projlen=130: 2978 braids
    projlen=131: 15535 braids
    projlen=132: 10242 braids
    projlen=133: 62916 braids
    projlen=134: 47349 braids
    projlen=135: 227201 braids
    projlen=136: 178618 braids
    projlen=137: 312285 braids
    projlen=138: 234088 braids
    projlen=139: 318062 braids
    projlen=140: 231361 braids
    projlen=141: 311075 braids
    projlen=142: 234168 braids
    projlen=143: 306775 braids
    projlen=144: 232622 braids
    projlen=145: 306373 braids
    projlen=146: 231038 braids
    projlen=147: 304936 braids
    projlen=148: 237494 braids
    projlen=149: 298039 braids
    projlen=150: 245440 braids
    projlen=151: 292817 braids
    projlen=152: 249291 braids
    projlen=153: 268707 braids
    projlen=154: 94459 braids
  Braids kept: 1130989 (in 31 buckets, 4.18 GB CPU)
  ⚡ Timing: matmul=0.19s, sampling=11.92s, total=19.45s
============================================================
Level 280 - SAMPLING
============================================================
  Starting braids: 980989
  Candidates to generate: 5338031
  Processing in 54 chunks...
  Projlen distribution:
    projlen=124: 4 braids
    projlen=125: 13 braids
    projlen=126: 28 braids
    projlen=127: 289 braids
    projlen=128: 292 braids
    projlen=129: 1916 braids
    projlen=130: 1589 braids
    projlen=131: 20975 braids
    projlen=132: 14581 braids
    projlen=133: 80315 braids
    projlen=134: 51627 braids
    projlen=135: 255275 braids
    projlen=136: 188881 braids
    projlen=137: 337392 braids
    projlen=138: 211409 braids
    projlen=139: 328702 braids
    projlen=140: 226884 braids
    projlen=141: 312236 braids
    projlen=142: 234832 braids
    projlen=143: 303806 braids
    projlen=144: 239963 braids
    projlen=145: 299713 braids
    projlen=146: 240066 braids
    projlen=147: 299649 braids
    projlen=148: 238636 braids
    projlen=149: 298800 braids
    projlen=150: 244243 braids
    projlen=151: 293564 braids
    projlen=152: 248644 braids
    projlen=153: 269176 braids
    projlen=154: 94531 braids
  Braids kept: 1139687 (in 31 buckets, 4.22 GB CPU)
  ⚡ Timing: matmul=0.17s, sampling=12.19s, total=19.81s
============================================================
Level 281 - SAMPLING
============================================================
  Starting braids: 989687
  Candidates to generate: 5365261
  Processing in 54 chunks...
  Projlen distribution:
    projlen=125: 18 braids
    projlen=126: 18 braids
    projlen=127: 166 braids
    projlen=128: 164 braids
    projlen=129: 1827 braids
    projlen=130: 1588 braids
    projlen=131: 10805 braids
    projlen=132: 8358 braids
    projlen=133: 101550 braids
    projlen=134: 68228 braids
    projlen=135: 273361 braids
    projlen=136: 179773 braids
    projlen=137: 349161 braids
    projlen=138: 197310 braids
    projlen=139: 335977 braids
    projlen=140: 206978 braids
    projlen=141: 323082 braids
    projlen=142: 227358 braids
    projlen=143: 307177 braids
    projlen=144: 239562 braids
    projlen=145: 298240 braids
    projlen=146: 245783 braids
    projlen=147: 295374 braids
    projlen=148: 248311 braids
    projlen=149: 294552 braids
    projlen=150: 246611 braids
    projlen=151: 292930 braids
    projlen=152: 247536 braids
    projlen=153: 269621 braids
    projlen=154: 93842 braids
  Braids kept: 1122944 (in 30 buckets, 4.16 GB CPU)
  ⚡ Timing: matmul=0.20s, sampling=12.30s, total=19.97s
============================================================
Level 282 - SAMPLING
============================================================
  Starting braids: 972944
  Candidates to generate: 5255114
  Processing in 53 chunks...
  Projlen distribution:
    projlen=124: 1 braids
    projlen=125: 13 braids
    projlen=126: 17 braids
    projlen=127: 142 braids
    projlen=128: 133 braids
    projlen=129: 1093 braids
    projlen=130: 995 braids
    projlen=131: 10192 braids
    projlen=132: 8117 braids
    projlen=133: 55579 braids
    projlen=134: 38716 braids
    projlen=135: 260287 braids
    projlen=136: 178461 braids
    projlen=137: 354912 braids
    projlen=138: 181905 braids
    projlen=139: 344181 braids
    projlen=140: 192532 braids
    projlen=141: 331196 braids
    projlen=142: 210808 braids
    projlen=143: 316309 braids
    projlen=144: 231092 braids
    projlen=145: 302979 braids
    projlen=146: 244916 braids
    projlen=147: 293253 braids
    projlen=148: 251824 braids
    projlen=149: 290099 braids
    projlen=150: 253248 braids
    projlen=151: 289449 braids
    projlen=152: 250498 braids
    projlen=153: 268248 braids
    projlen=154: 93919 braids
  Braids kept: 1109419 (in 31 buckets, 4.12 GB CPU)
  ⚡ Timing: matmul=0.18s, sampling=11.95s, total=19.48s
============================================================
Level 283 - SAMPLING
============================================================
  Starting braids: 959419
  Candidates to generate: 5169249
  Processing in 52 chunks...
  Projlen distribution:
    projlen=125: 7 braids
    projlen=126: 8 braids
    projlen=127: 100 braids
    projlen=128: 120 braids
    projlen=129: 893 braids
    projlen=130: 787 braids
    projlen=131: 6548 braids
    projlen=132: 5472 braids
    projlen=133: 52686 braids
    projlen=134: 39002 braids
    projlen=135: 249347 braids
    projlen=136: 165057 braids
    projlen=137: 329034 braids
    projlen=138: 179351 braids
    projlen=139: 349107 braids
    projlen=140: 176907 braids
    projlen=141: 339651 braids
    projlen=142: 194935 braids
    projlen=143: 323928 braids
    projlen=144: 215950 braids
    projlen=145: 310056 braids
    projlen=146: 236416 braids
    projlen=147: 297573 braids
    projlen=148: 249808 braids
    projlen=149: 289288 braids
    projlen=150: 255264 braids
    projlen=151: 286385 braids
    projlen=152: 254456 braids
    projlen=153: 265956 braids
    projlen=154: 95157 braids
  Braids kept: 1102937 (in 30 buckets, 4.10 GB CPU)
  ⚡ Timing: matmul=0.20s, sampling=11.74s, total=19.15s
============================================================
Level 284 - SAMPLING
============================================================
  Starting braids: 952937
  Candidates to generate: 5120765
  Processing in 52 chunks...
  Projlen distribution:
    projlen=125: 4 braids
    projlen=126: 5 braids
    projlen=127: 48 braids
    projlen=128: 53 braids
    projlen=129: 691 braids
    projlen=130: 659 braids
    projlen=131: 5242 braids
    projlen=132: 4263 braids
    projlen=133: 35984 braids
    projlen=134: 27341 braids
    projlen=135: 241720 braids
    projlen=136: 166362 braids
    projlen=137: 327749 braids
    projlen=138: 185676 braids
    projlen=139: 352528 braids
    projlen=140: 173967 braids
    projlen=141: 345314 braids
    projlen=142: 179506 braids
    projlen=143: 332976 braids
    projlen=144: 200687 braids
    projlen=145: 318728 braids
    projlen=146: 223972 braids
    projlen=147: 306176 braids
    projlen=148: 241305 braids
    projlen=149: 293875 braids
    projlen=150: 254292 braids
    projlen=151: 285331 braids
    projlen=152: 255905 braids
    projlen=153: 264709 braids
    projlen=154: 95697 braids
  Braids kept: 1074290 (in 30 buckets, 4.00 GB CPU)
  ⚡ Timing: matmul=0.15s, sampling=11.52s, total=18.84s
============================================================
Level 285 - SAMPLING
============================================================
  Starting braids: 974290
  Candidates to generate: 5219592
  Processing in 53 chunks...
  Projlen distribution:
    projlen=124: 1 braids
    projlen=125: 1 braids
    projlen=126: 6 braids
    projlen=127: 28 braids
    projlen=128: 38 braids
    projlen=129: 339 braids
    projlen=130: 341 braids
    projlen=131: 4215 braids
    projlen=132: 3493 braids
    projlen=133: 28949 braids
    projlen=134: 21444 braids
    projlen=135: 176398 braids
    projlen=136: 119487 braids
    projlen=137: 301105 braids
    projlen=138: 186485 braids
    projlen=139: 350361 braids
    projlen=140: 181394 braids
    projlen=141: 345841 braids
    projlen=142: 173952 braids
    projlen=143: 340251 braids
    projlen=144: 185305 braids
    projlen=145: 326706 braids
    projlen=146: 208204 braids
    projlen=147: 312523 braids
    projlen=148: 230735 braids
    projlen=149: 301598 braids
    projlen=150: 246294 braids
    projlen=151: 290419 braids
    projlen=152: 255682 braids
    projlen=153: 279334 braids
    projlen=154: 247261 braids
    projlen=155: 101402 braids
  Braids kept: 1108855 (in 32 buckets, 4.15 GB CPU)
  ⚡ Timing: matmul=0.19s, sampling=12.02s, total=19.55s
============================================================
Level 286 - SAMPLING
============================================================
  Starting braids: 958855
  Candidates to generate: 5132875
  Processing in 52 chunks...
  Projlen distribution:
    projlen=124: 1 braids
    projlen=125: 2 braids
    projlen=126: 5 braids
    projlen=127: 22 braids
    projlen=128: 26 braids
    projlen=129: 238 braids
    projlen=130: 229 braids
    projlen=131: 2203 braids
    projlen=132: 1956 braids
    projlen=133: 23733 braids
    projlen=134: 17392 braids
    projlen=135: 141452 braids
    projlen=136: 94049 braids
    projlen=137: 289388 braids
    projlen=138: 186005 braids
    projlen=139: 351847 braids
    projlen=140: 183042 braids
    projlen=141: 344963 braids
    projlen=142: 181808 braids
    projlen=143: 340986 braids
    projlen=144: 179459 braids
    projlen=145: 335548 braids
    projlen=146: 193004 braids
    projlen=147: 323699 braids
    projlen=148: 217855 braids
    projlen=149: 308730 braids
    projlen=150: 238017 braids
    projlen=151: 296772 braids
    projlen=152: 250919 braids
    projlen=153: 285135 braids
    projlen=154: 242995 braids
    projlen=155: 101395 braids
  Braids kept: 1095807 (in 32 buckets, 4.11 GB CPU)
  ⚡ Timing: matmul=0.17s, sampling=11.84s, total=19.21s
============================================================
Level 287 - SAMPLING
============================================================
  Starting braids: 995807
  Candidates to generate: 5321183
  Processing in 54 chunks...
  Projlen distribution:
    projlen=125: 4 braids
    projlen=126: 6 braids
    projlen=127: 26 braids
    projlen=128: 29 braids
    projlen=129: 182 braids
    projlen=130: 154 braids
    projlen=131: 1635 braids
    projlen=132: 1401 braids
    projlen=133: 13141 braids
    projlen=134: 10205 braids
    projlen=135: 115368 braids
    projlen=136: 75889 braids
    projlen=137: 279580 braids
    projlen=138: 181228 braids
    projlen=139: 354222 braids
    projlen=140: 182317 braids
    projlen=141: 346797 braids
    projlen=142: 181538 braids
    projlen=143: 338386 braids
    projlen=144: 186518 braids
    projlen=145: 334039 braids
    projlen=146: 188143 braids
    projlen=147: 330560 braids
    projlen=148: 201660 braids
    projlen=149: 319401 braids
    projlen=150: 225107 braids
    projlen=151: 304005 braids
    projlen=152: 242768 braids
    projlen=153: 291979 braids
    projlen=154: 252130 braids
    projlen=155: 266912 braids
    projlen=156: 95853 braids
  Braids kept: 1126783 (in 32 buckets, 4.24 GB CPU)
  ⚡ Timing: matmul=0.16s, sampling=12.34s, total=20.02s
============================================================
Level 288 - SAMPLING
============================================================
  Starting braids: 976783
  Candidates to generate: 5200545
  Processing in 53 chunks...
  Projlen distribution:
    projlen=125: 3 braids
    projlen=126: 5 braids
    projlen=127: 36 braids
    projlen=128: 35 braids
    projlen=129: 192 braids
    projlen=130: 167 braids
    projlen=131: 1184 braids
    projlen=132: 963 braids
    projlen=133: 9838 braids
    projlen=134: 7494 braids
    projlen=135: 66866 braids
    projlen=136: 45317 braids
    projlen=137: 266082 braids
    projlen=138: 176375 braids
    projlen=139: 355881 braids
    projlen=140: 178749 braids
    projlen=141: 349183 braids
    projlen=142: 178441 braids
    projlen=143: 341203 braids
    projlen=144: 185464 braids
    projlen=145: 331559 braids
    projlen=146: 193929 braids
    projlen=147: 326570 braids
    projlen=148: 197235 braids
    projlen=149: 323847 braids
    projlen=150: 209751 braids
    projlen=151: 313343 braids
    projlen=152: 231769 braids
    projlen=153: 299613 braids
    projlen=154: 245186 braids
    projlen=155: 270242 braids
    projlen=156: 94023 braids
  Braids kept: 1115234 (in 32 buckets, 4.21 GB CPU)
  ⚡ Timing: matmul=0.15s, sampling=12.01s, total=19.52s
============================================================
Level 289 - SAMPLING
============================================================
  Starting braids: 965234
  Candidates to generate: 5135374
  Processing in 52 chunks...
  Projlen distribution:
    projlen=127: 25 braids
    projlen=128: 32 braids
    projlen=129: 235 braids
    projlen=130: 193 braids
    projlen=131: 1203 braids
    projlen=132: 962 braids
    projlen=133: 7073 braids
    projlen=134: 5204 braids
    projlen=135: 51650 braids
    projlen=136: 35597 braids
    projlen=137: 257590 braids
    projlen=138: 170310 braids
    projlen=139: 348434 braids
    projlen=140: 175586 braids
    projlen=141: 352546 braids
    projlen=142: 172271 braids
    projlen=143: 343468 braids
    projlen=144: 180792 braids
    projlen=145: 334175 braids
    projlen=146: 192336 braids
    projlen=147: 326167 braids
    projlen=148: 203454 braids
    projlen=149: 321253 braids
    projlen=150: 207887 braids
    projlen=151: 316605 braids
    projlen=152: 219020 braids
    projlen=153: 308323 braids
    projlen=154: 235484 braids
    projlen=155: 275200 braids
    projlen=156: 92299 braids
  Braids kept: 1100524 (in 30 buckets, 4.16 GB CPU)
  ⚡ Timing: matmul=0.17s, sampling=11.82s, total=19.23s
============================================================
Level 290 - SAMPLING
============================================================
  Starting braids: 950524
  Candidates to generate: 5058468
  Processing in 51 chunks...
  Projlen distribution:
    projlen=128: 3 braids
    projlen=129: 170 braids
    projlen=130: 169 braids
    projlen=131: 1377 braids
    projlen=132: 1036 braids
    projlen=133: 7032 braids
    projlen=134: 5079 braids
    projlen=135: 38406 braids
    projlen=136: 26127 braids
    projlen=137: 244979 braids
    projlen=138: 154304 braids
    projlen=139: 326823 braids
    projlen=140: 177428 braids
    projlen=141: 356493 braids
    projlen=142: 167635 braids
    projlen=143: 349464 braids
    projlen=144: 173132 braids
    projlen=145: 338211 braids
    projlen=146: 186879 braids
    projlen=147: 328980 braids
    projlen=148: 201116 braids
    projlen=149: 320488 braids
    projlen=150: 212766 braids
    projlen=151: 315286 braids
    projlen=152: 218830 braids
    projlen=153: 309731 braids
    projlen=154: 225218 braids
    projlen=155: 281143 braids
    projlen=156: 90163 braids
  Braids kept: 1079399 (in 29 buckets, 4.09 GB CPU)
  ⚡ Timing: matmul=0.20s, sampling=11.54s, total=18.86s
============================================================
Level 291 - SAMPLING
============================================================
  Starting braids: 979399
  Candidates to generate: 5197499
  Processing in 52 chunks...
  Projlen distribution:
    projlen=128: 2 braids
    projlen=129: 11 braids
    projlen=130: 33 braids
    projlen=131: 1034 braids
    projlen=132: 902 braids
    projlen=133: 7595 braids
    projlen=134: 5463 braids
    projlen=135: 38247 braids
    projlen=136: 25652 braids
    projlen=137: 188874 braids
    projlen=138: 115930 braids
    projlen=139: 305829 braids
    projlen=140: 175755 braids
    projlen=141: 358465 braids
    projlen=142: 169507 braids
    projlen=143: 352362 braids
    projlen=144: 165337 braids
    projlen=145: 343478 braids
    projlen=146: 176337 braids
    projlen=147: 333488 braids
    projlen=148: 194775 braids
    projlen=149: 323941 braids
    projlen=150: 210329 braids
    projlen=151: 315110 braids
    projlen=152: 222181 braids
    projlen=153: 309533 braids
    projlen=154: 227532 braids
    projlen=155: 300898 braids
    projlen=156: 222509 braids
    projlen=157: 106390 braids
  Braids kept: 1128939 (in 30 buckets, 4.29 GB CPU)
  ⚡ Timing: matmul=0.22s, sampling=12.01s, total=19.56s
============================================================
Level 292 - SAMPLING
============================================================
  Starting braids: 978939
  Candidates to generate: 5186927
  Processing in 52 chunks...
  Projlen distribution:
    projlen=129: 9 braids
    projlen=130: 15 braids
    projlen=131: 193 braids
    projlen=132: 274 braids
    projlen=133: 5782 braids
    projlen=134: 4691 braids
    projlen=135: 40366 braids
    projlen=136: 27079 braids
    projlen=137: 189820 braids
    projlen=138: 115505 braids
    projlen=139: 304794 braids
    projlen=140: 174547 braids
    projlen=141: 361109 braids
    projlen=142: 168568 braids
    projlen=143: 354142 braids
    projlen=144: 165186 braids
    projlen=145: 346763 braids
    projlen=146: 166867 braids
    projlen=147: 340218 braids
    projlen=148: 182700 braids
    projlen=149: 329654 braids
    projlen=150: 203360 braids
    projlen=151: 317810 braids
    projlen=152: 219301 braids
    projlen=153: 309362 braids
    projlen=154: 230083 braids
    projlen=155: 299523 braids
    projlen=156: 224086 braids
    projlen=157: 105120 braids
  Braids kept: 1128409 (in 29 buckets, 4.29 GB CPU)
  ⚡ Timing: matmul=0.22s, sampling=11.95s, total=19.48s
============================================================
Level 293 - SAMPLING
============================================================
  Starting braids: 978409
  Candidates to generate: 5171657
  Processing in 52 chunks...
  Projlen distribution:
    projlen=130: 1 braids
    projlen=131: 102 braids
    projlen=132: 126 braids
    projlen=133: 1606 braids
    projlen=134: 1715 braids
    projlen=135: 31039 braids
    projlen=136: 22795 braids
    projlen=137: 198490 braids
    projlen=138: 122374 braids
    projlen=139: 309018 braids
    projlen=140: 173725 braids
    projlen=141: 360428 braids
    projlen=142: 168571 braids
    projlen=143: 357493 braids
    projlen=144: 161517 braids
    projlen=145: 350398 braids
    projlen=146: 166227 braids
    projlen=147: 343166 braids
    projlen=148: 170817 braids
    projlen=149: 336270 braids
    projlen=150: 189069 braids
    projlen=151: 324517 braids
    projlen=152: 211334 braids
    projlen=153: 313057 braids
    projlen=154: 226887 braids
    projlen=155: 300612 braids
    projlen=156: 225293 braids
    projlen=157: 105010 braids
  Braids kept: 1107384 (in 28 buckets, 4.22 GB CPU)
  ⚡ Timing: matmul=0.20s, sampling=11.98s, total=19.49s
============================================================
Level 294 - SAMPLING
============================================================
  Starting braids: 957384
  Candidates to generate: 5041968
  Processing in 51 chunks...
  Projlen distribution:
    projlen=130: 1 braids
    projlen=131: 9 braids
    projlen=132: 28 braids
    projlen=133: 763 braids
    projlen=134: 868 braids
    projlen=135: 10645 braids
    projlen=136: 9186 braids
    projlen=137: 151474 braids
    projlen=138: 100389 braids
    projlen=139: 299722 braids
    projlen=140: 173916 braids
    projlen=141: 361657 braids
    projlen=142: 167474 braids
    projlen=143: 357219 braids
    projlen=144: 162236 braids
    projlen=145: 352268 braids
    projlen=146: 159730 braids
    projlen=147: 347762 braids
    projlen=148: 168835 braids
    projlen=149: 340182 braids
    projlen=150: 176458 braids
    projlen=151: 333025 braids
    projlen=152: 196891 braids
    projlen=153: 320504 braids
    projlen=154: 218282 braids
    projlen=155: 304013 braids
    projlen=156: 222544 braids
    projlen=157: 105887 braids
  Braids kept: 1071500 (in 28 buckets, 4.10 GB CPU)
  ⚡ Timing: matmul=0.17s, sampling=11.79s, total=19.15s
============================================================
Level 295 - SAMPLING
============================================================
  Starting braids: 971500
  Candidates to generate: 5110018
  Processing in 52 chunks...
  Projlen distribution:
    projlen=131: 7 braids
    projlen=132: 17 braids
    projlen=133: 181 braids
    projlen=134: 292 braids
    projlen=135: 5137 braids
    projlen=136: 4899 braids
    projlen=137: 56644 braids
    projlen=138: 40943 braids
    projlen=139: 268439 braids
    projlen=140: 177983 braids
    projlen=141: 362764 braids
    projlen=142: 167656 braids
    projlen=143: 358128 braids
    projlen=144: 161156 braids
    projlen=145: 352864 braids
    projlen=146: 160537 braids
    projlen=147: 348795 braids
    projlen=148: 160724 braids
    projlen=149: 345027 braids
    projlen=150: 173001 braids
    projlen=151: 336979 braids
    projlen=152: 183853 braids
    projlen=153: 327907 braids
    projlen=154: 204441 braids
    projlen=155: 315203 braids
    projlen=156: 223770 braids
    projlen=157: 282205 braids
    projlen=158: 90466 braids
  Braids kept: 1101476 (in 28 buckets, 4.23 GB CPU)
  ⚡ Timing: matmul=0.27s, sampling=12.00s, total=19.56s
============================================================
Level 296 - SAMPLING
============================================================
  Starting braids: 951476
  Candidates to generate: 5003680
  Processing in 51 chunks...
  Projlen distribution:
    projlen=130: 1 braids
    projlen=131: 3 braids
    projlen=132: 18 braids
    projlen=133: 116 braids
    projlen=134: 176 braids
    projlen=135: 1733 braids
    projlen=136: 1962 braids
    projlen=137: 29404 braids
    projlen=138: 24161 braids
    projlen=139: 252242 braids
    projlen=140: 171266 braids
    projlen=141: 342465 braids
    projlen=142: 174573 braids
    projlen=143: 358091 braids
    projlen=144: 160238 braids
    projlen=145: 353319 braids
    projlen=146: 158679 braids
    projlen=147: 349080 braids
    projlen=148: 161199 braids
    projlen=149: 346888 braids
    projlen=150: 162853 braids
    projlen=151: 341123 braids
    projlen=152: 178127 braids
    projlen=153: 334047 braids
    projlen=154: 192676 braids
    projlen=155: 322458 braids
    projlen=156: 211038 braids
    projlen=157: 287611 braids
    projlen=158: 88133 braids
  Braids kept: 1057574 (in 29 buckets, 4.07 GB CPU)
  ⚡ Timing: matmul=0.20s, sampling=11.64s, total=18.98s
============================================================
Level 297 - SAMPLING
============================================================
  Starting braids: 957574
  Candidates to generate: 5017438
  Processing in 51 chunks...
  Projlen distribution:
    projlen=130: 1 braids
    projlen=131: 4 braids
    projlen=132: 9 braids
    projlen=133: 76 braids
    projlen=134: 129 braids
    projlen=135: 1072 braids
    projlen=136: 1152 braids
    projlen=137: 12117 braids
    projlen=138: 10665 braids
    projlen=139: 148037 braids
    projlen=140: 104778 braids
    projlen=141: 301999 braids
    projlen=142: 183567 braids
    projlen=143: 358647 braids
    projlen=144: 166097 braids
    projlen=145: 353961 braids
    projlen=146: 157904 braids
    projlen=147: 349933 braids
    projlen=148: 158736 braids
    projlen=149: 346576 braids
    projlen=150: 163590 braids
    projlen=151: 343866 braids
    projlen=152: 166404 braids
    projlen=153: 339059 braids
    projlen=154: 184724 braids
    projlen=155: 330405 braids
    projlen=156: 201510 braids
    projlen=157: 313730 braids
    projlen=158: 209460 braids
    projlen=159: 109230 braids
  Braids kept: 1075225 (in 30 buckets, 4.16 GB CPU)
  ⚡ Timing: matmul=0.15s, sampling=11.89s, total=19.23s
============================================================
Level 298 - SAMPLING
============================================================
  Starting braids: 975225
  Candidates to generate: 5111967
  Processing in 52 chunks...
  Projlen distribution:
    projlen=131: 4 braids
    projlen=132: 7 braids
    projlen=133: 62 braids
    projlen=134: 64 braids
    projlen=135: 657 braids
    projlen=136: 836 braids
    projlen=137: 7412 braids
    projlen=138: 6416 braids
    projlen=139: 65953 braids
    projlen=140: 46791 braids
    projlen=141: 270680 braids
    projlen=142: 186024 braids
    projlen=143: 358378 braids
    projlen=144: 177707 braids
    projlen=145: 352739 braids
    projlen=146: 163379 braids
    projlen=147: 348891 braids
    projlen=148: 157068 braids
    projlen=149: 347767 braids
    projlen=150: 159546 braids
    projlen=151: 344554 braids
    projlen=152: 167258 braids
    projlen=153: 341588 braids
    projlen=154: 172224 braids
    projlen=155: 334307 braids
    projlen=156: 191013 braids
    projlen=157: 323104 braids
    projlen=158: 209227 braids
    projlen=159: 290211 braids
    projlen=160: 88100 braids
  Braids kept: 1112249 (in 30 buckets, 4.32 GB CPU)
  ⚡ Timing: matmul=0.14s, sampling=12.16s, total=19.64s
============================================================
Level 299 - SAMPLING
============================================================
  Starting braids: 962249
  Candidates to generate: 5048089
  Processing in 51 chunks...
  Projlen distribution:
    projlen=131: 3 braids
    projlen=132: 5 braids
    projlen=133: 53 braids
    projlen=134: 59 braids
    projlen=135: 445 braids
    projlen=136: 429 braids
    projlen=137: 4484 braids
    projlen=138: 4730 braids
    projlen=139: 41913 braids
    projlen=140: 31385 braids
    projlen=141: 262269 braids
    projlen=142: 178586 braids
    projlen=143: 354945 braids
    projlen=144: 182585 braids
    projlen=145: 352683 braids
    projlen=146: 173065 braids
    projlen=147: 346325 braids
    projlen=148: 164606 braids
    projlen=149: 346317 braids
    projlen=150: 158538 braids
    projlen=151: 346250 braids
    projlen=152: 162435 braids
    projlen=153: 341484 braids
    projlen=154: 171542 braids
    projlen=155: 338021 braids
    projlen=156: 179017 braids
    projlen=157: 329848 braids
    projlen=158: 196743 braids
    projlen=159: 293283 braids
    projlen=160: 86041 braids
  Braids kept: 1083506 (in 30 buckets, 4.22 GB CPU)
  ⚡ Timing: matmul=0.13s, sampling=11.88s, total=19.26s
============================================================
Level 300 - SAMPLING
============================================================
  Starting braids: 983506
  Candidates to generate: 5152674
  Processing in 52 chunks...
  Projlen distribution:
    projlen=133: 44 braids
    projlen=134: 45 braids
    projlen=135: 376 braids
    projlen=136: 382 braids
    projlen=137: 2940 braids
    projlen=138: 2555 braids
    projlen=139: 26417 braids
    projlen=140: 24012 braids
    projlen=141: 209688 braids
    projlen=142: 139388 braids
    projlen=143: 320942 braids
    projlen=144: 180992 braids
    projlen=145: 355851 braids
    projlen=146: 173701 braids
    projlen=147: 347383 braids
    projlen=148: 175529 braids
    projlen=149: 342020 braids
    projlen=150: 169011 braids
    projlen=151: 343477 braids
    projlen=152: 161408 braids
    projlen=153: 343897 braids
    projlen=154: 166017 braids
    projlen=155: 339674 braids
    projlen=156: 177706 braids
    projlen=157: 333479 braids
    projlen=158: 186000 braids
    projlen=159: 321341 braids
    projlen=160: 197225 braids
    projlen=161: 111174 braids
  Braids kept: 1106771 (in 29 buckets, 4.33 GB CPU)
  ⚡ Timing: matmul=0.18s, sampling=12.16s, total=19.75s

============================================================
SEARCH COMPLETE
============================================================
Final level: 300
Total time: 3851.52s
Avg time per level: 13.15s
Total GPU scalar-identity candidates: 0
Exact peyl verification required for every candidate.
