============================================================
SEARCHING FOR KERNEL ELEMENTS
============================================================
Braid group: B_4
Representation: (3, 1)
Dimension: 3
Number of simples: 24
Prime: 7
Device: cuda
Bucket size: 50000
Target length: 300
BFS frontier length: 8
Frontier shard: 36/64
Degree window: [0, 900] (901 coeffs)
Boundary margin: 16
Use best: 1000000
Save best: 50000
Expansion chunk size: 100000
Matmul chunk size: 8000
Seed: 70035

Loaded tables from /nfs/roberts/project/pi_com36/as4843/burau-experiments/precomputed_tables/tables_B4_r1_p7.pt
  Braid group: B_4
  Representation: (3, 1), dimension 3
  Number of simples: 24
  Degree window: [0, 900] (901 coefficients)
  Table checksum: 812f436d5d2d17cd22ee17ad7df33b681151037863def03032587a5c5ef7a9e4
✓ Identity matrix loaded at degree 0

Precomputing FFTs of simple matrices...
  simple_D=4, safety_cap_D=901
  FFT size: dynamic (grows with actual projective width)
  FFT cache: initialized lazily by transform size
Storage: reservoir matrices=CPU int16, active chunks=CUDA int16/FFT
⚡ GPU-accelerated paper reservoir with per-product projectivization

============================================================
Level 8 - BFS FRONTIER
============================================================
  Exhaustively enumerating all legal GNF words of length 8...
  Full frontier: 4,963,856 braids
  Assigned to this shard: 77,560 braids
  Projlen distribution:
    projlen=14: 2 braids
    projlen=15: 7 braids
    projlen=16: 79 braids
    projlen=17: 8892 braids
    projlen=18: 11759 braids
    projlen=19: 21775 braids
    projlen=20: 16537 braids
    projlen=21: 12088 braids
    projlen=22: 4818 braids
    projlen=23: 1389 braids
    projlen=24: 198 braids
    projlen=25: 16 braids
  Braids kept: 77560 (in 12 buckets, 0.03 GB CPU)
  ⚡ Timing: matmul=6.99s, sampling=0.00s, total=6.99s
============================================================
Level 9 - SAMPLING
============================================================
  Starting braids: 77560
  Candidates to generate: 423388
  Processing in 5 chunks...
  Projlen distribution:
    projlen=15: 2 braids
    projlen=16: 18 braids
    projlen=17: 142 braids
    projlen=18: 566 braids
    projlen=19: 41001 braids
    projlen=20: 53909 braids
    projlen=21: 110679 braids
    projlen=22: 90395 braids
    projlen=23: 75616 braids
    projlen=24: 34555 braids
    projlen=25: 13351 braids
    projlen=26: 2744 braids
    projlen=27: 388 braids
    projlen=28: 22 braids
  Braids kept: 292789 (in 14 buckets, 0.13 GB CPU)
  ⚡ Timing: matmul=0.09s, sampling=0.16s, total=0.40s
============================================================
Level 10 - SAMPLING
============================================================
  Starting braids: 292789
  Candidates to generate: 1592139
  Processing in 16 chunks...
  Projlen distribution:
    projlen=17: 60 braids
    projlen=18: 173 braids
    projlen=19: 1425 braids
    projlen=20: 3409 braids
    projlen=21: 185484 braids
    projlen=22: 226150 braids
    projlen=23: 313072 braids
    projlen=24: 246583 braids
    projlen=25: 283852 braids
    projlen=26: 186380 braids
    projlen=27: 109309 braids
    projlen=28: 29546 braids
    projlen=29: 5989 braids
    projlen=30: 667 braids
    projlen=31: 40 braids
  Braids kept: 391309 (in 15 buckets, 0.19 GB CPU)
  ⚡ Timing: matmul=0.04s, sampling=0.56s, total=0.85s
============================================================
Level 11 - SAMPLING
============================================================
  Starting braids: 391309
  Candidates to generate: 2112845
  Processing in 22 chunks...
  Projlen distribution:
    projlen=18: 26 braids
    projlen=19: 533 braids
    projlen=20: 1190 braids
    projlen=21: 9661 braids
    projlen=22: 15134 braids
    projlen=23: 229485 braids
    projlen=24: 244333 braids
    projlen=25: 306311 braids
    projlen=26: 247935 braids
    projlen=27: 296444 braids
    projlen=28: 247104 braids
    projlen=29: 265827 braids
    projlen=30: 164018 braids
    projlen=31: 72172 braids
    projlen=32: 11359 braids
    projlen=33: 1261 braids
    projlen=34: 52 braids
  Braids kept: 489216 (in 17 buckets, 0.26 GB CPU)
  ⚡ Timing: matmul=0.12s, sampling=0.87s, total=1.50s
============================================================
Level 12 - SAMPLING
============================================================
  Starting braids: 489216
  Candidates to generate: 2641772
  Processing in 27 chunks...
  Projlen distribution:
    projlen=18: 3 braids
    projlen=19: 18 braids
    projlen=20: 226 braids
    projlen=21: 3685 braids
    projlen=22: 6528 braids
    projlen=23: 51633 braids
    projlen=24: 66986 braids
    projlen=25: 257780 braids
    projlen=26: 239830 braids
    projlen=27: 305087 braids
    projlen=28: 251585 braids
    projlen=29: 290901 braids
    projlen=30: 254806 braids
    projlen=31: 285448 braids
    projlen=32: 243661 braids
    projlen=33: 246289 braids
    projlen=34: 111670 braids
    projlen=35: 23505 braids
    projlen=36: 2035 braids
    projlen=37: 96 braids
  Braids kept: 636096 (in 20 buckets, 0.36 GB CPU)
  ⚡ Timing: matmul=0.13s, sampling=1.20s, total=2.02s
============================================================
Level 13 - SAMPLING
============================================================
  Starting braids: 636096
  Candidates to generate: 3455494
  Processing in 35 chunks...
  Projlen distribution:
    projlen=20: 30 braids
    projlen=21: 290 braids
    projlen=22: 1558 braids
    projlen=23: 20654 braids
    projlen=24: 32129 braids
    projlen=25: 237263 braids
    projlen=26: 247031 braids
    projlen=27: 331383 braids
    projlen=28: 236461 braids
    projlen=29: 304125 braids
    projlen=30: 252228 braids
    projlen=31: 287988 braids
    projlen=32: 256821 braids
    projlen=33: 283870 braids
    projlen=34: 257951 braids
    projlen=35: 276213 braids
    projlen=36: 225555 braids
    projlen=37: 157656 braids
    projlen=38: 42373 braids
    projlen=39: 3795 braids
    projlen=40: 120 braids
  Braids kept: 750949 (in 21 buckets, 0.46 GB CPU)
  ⚡ Timing: matmul=0.14s, sampling=1.41s, total=2.44s
============================================================
Level 14 - SAMPLING
============================================================
  Starting braids: 750949
  Candidates to generate: 4057333
  Processing in 41 chunks...
  Projlen distribution:
    projlen=21: 19 braids
    projlen=22: 240 braids
    projlen=23: 2560 braids
    projlen=24: 8927 braids
    projlen=25: 101351 braids
    projlen=26: 137186 braids
    projlen=27: 293223 braids
    projlen=28: 242370 braids
    projlen=29: 316437 braids
    projlen=30: 234708 braids
    projlen=31: 301940 braids
    projlen=32: 252778 braids
    projlen=33: 286017 braids
    projlen=34: 260059 braids
    projlen=35: 282606 braids
    projlen=36: 261083 braids
    projlen=37: 282121 braids
    projlen=38: 253044 braids
    projlen=39: 259983 braids
    projlen=40: 190049 braids
    projlen=41: 84585 braids
    projlen=42: 5823 braids
    projlen=43: 224 braids
  Braids kept: 867793 (in 23 buckets, 0.57 GB CPU)
  ⚡ Timing: matmul=0.13s, sampling=1.83s, total=3.07s
============================================================
Level 15 - SAMPLING
============================================================
  Starting braids: 867793
  Candidates to generate: 4700433
  Processing in 48 chunks...
  Projlen distribution:
    projlen=21: 3 braids
    projlen=22: 25 braids
    projlen=23: 328 braids
    projlen=24: 1738 braids
    projlen=25: 15524 braids
    projlen=26: 40823 braids
    projlen=27: 239179 braids
    projlen=28: 249808 braids
    projlen=29: 321086 braids
    projlen=30: 235363 braids
    projlen=31: 309999 braids
    projlen=32: 238978 braids
    projlen=33: 297373 braids
    projlen=34: 253405 braids
    projlen=35: 285244 braids
    projlen=36: 263629 braids
    projlen=37: 282211 braids
    projlen=38: 264793 braids
    projlen=39: 281455 braids
    projlen=40: 261571 braids
    projlen=41: 277120 braids
    projlen=42: 242577 braids
    projlen=43: 235863 braids
    projlen=44: 91259 braids
    projlen=45: 10807 braids
    projlen=46: 272 braids
  Braids kept: 969520 (in 26 buckets, 0.67 GB CPU)
  ⚡ Timing: matmul=0.14s, sampling=2.43s, total=3.92s
============================================================
Level 16 - SAMPLING
============================================================
  Starting braids: 969520
  Candidates to generate: 5261036
  Processing in 53 chunks...
  Projlen distribution:
    projlen=23: 48 braids
    projlen=24: 291 braids
    projlen=25: 2807 braids
    projlen=26: 9868 braids
    projlen=27: 79955 braids
    projlen=28: 174404 braids
    projlen=29: 307149 braids
    projlen=30: 244582 braids
    projlen=31: 311276 braids
    projlen=32: 236913 braids
    projlen=33: 304465 braids
    projlen=34: 242969 braids
    projlen=35: 293553 braids
    projlen=36: 255531 braids
    projlen=37: 283888 braids
    projlen=38: 264474 braids
    projlen=39: 280174 braids
    projlen=40: 267709 braids
    projlen=41: 281483 braids
    projlen=42: 264928 braids
    projlen=43: 280364 braids
    projlen=44: 259414 braids
    projlen=45: 267835 braids
    projlen=46: 212443 braids
    projlen=47: 118082 braids
    projlen=48: 15919 braids
    projlen=49: 512 braids
  Braids kept: 1079445 (in 27 buckets, 0.79 GB CPU)
  ⚡ Timing: matmul=0.14s, sampling=2.86s, total=4.55s
============================================================
Level 17 - SAMPLING
============================================================
  Starting braids: 963014
  Candidates to generate: 5299448
  Processing in 53 chunks...
  Projlen distribution:
    projlen=23: 1 braids
    projlen=24: 21 braids
    projlen=25: 496 braids
    projlen=26: 2189 braids
    projlen=27: 16263 braids
    projlen=28: 46194 braids
    projlen=29: 230953 braids
    projlen=30: 279080 braids
    projlen=31: 308133 braids
    projlen=32: 243406 braids
    projlen=33: 306388 braids
    projlen=34: 242056 braids
    projlen=35: 298890 braids
    projlen=36: 247761 braids
    projlen=37: 290094 braids
    projlen=38: 258070 braids
    projlen=39: 282001 braids
    projlen=40: 264782 braids
    projlen=41: 278362 braids
    projlen=42: 267542 braids
    projlen=43: 278597 braids
    projlen=44: 268018 braids
    projlen=45: 277813 braids
    projlen=46: 258782 braids
    projlen=47: 258745 braids
    projlen=48: 94811 braids
  Braids kept: 1065164 (in 26 buckets, 0.80 GB CPU)
  ⚡ Timing: matmul=0.14s, sampling=2.89s, total=4.58s
============================================================
Level 18 - SAMPLING
============================================================
  Starting braids: 965164
  Candidates to generate: 5311214
  Processing in 54 chunks...
  Projlen distribution:
    projlen=23: 1 braids
    projlen=24: 4 braids
    projlen=25: 48 braids
    projlen=26: 313 braids
    projlen=27: 3736 braids
    projlen=28: 12525 braids
    projlen=29: 82638 braids
    projlen=30: 197324 braids
    projlen=31: 309992 braids
    projlen=32: 264505 braids
    projlen=33: 297470 braids
    projlen=34: 249956 braids
    projlen=35: 297866 braids
    projlen=36: 246238 braids
    projlen=37: 292359 braids
    projlen=38: 251466 braids
    projlen=39: 287868 braids
    projlen=40: 260222 braids
    projlen=41: 280360 braids
    projlen=42: 266635 braids
    projlen=43: 276554 braids
    projlen=44: 266658 braids
    projlen=45: 276149 braids
    projlen=46: 266480 braids
    projlen=47: 272512 braids
    projlen=48: 251300 braids
    projlen=49: 100035 braids
  Braids kept: 1066627 (in 27 buckets, 0.83 GB CPU)
  ⚡ Timing: matmul=0.17s, sampling=3.28s, total=5.10s
============================================================
Level 19 - SAMPLING
============================================================
  Starting braids: 966627
  Candidates to generate: 5328153
  Processing in 54 chunks...
  Projlen distribution:
    projlen=24: 1 braids
    projlen=25: 17 braids
    projlen=26: 106 braids
    projlen=27: 735 braids
    projlen=28: 2564 braids
    projlen=29: 21926 braids
    projlen=30: 58894 braids
    projlen=31: 232331 braids
    projlen=32: 284282 braids
    projlen=33: 297394 braids
    projlen=34: 256644 braids
    projlen=35: 293954 braids
    projlen=36: 254170 braids
    projlen=37: 292267 braids
    projlen=38: 251339 braids
    projlen=39: 289112 braids
    projlen=40: 256228 braids
    projlen=41: 284607 braids
    projlen=42: 261338 braids
    projlen=43: 279784 braids
    projlen=44: 268561 braids
    projlen=45: 276568 braids
    projlen=46: 268702 braids
    projlen=47: 275094 braids
    projlen=48: 265069 braids
    projlen=49: 258304 braids
    projlen=50: 98162 braids
  Braids kept: 1075349 (in 27 buckets, 0.86 GB CPU)
  ⚡ Timing: matmul=0.13s, sampling=3.33s, total=5.12s
============================================================
Level 20 - SAMPLING
============================================================
  Starting braids: 975349
  Candidates to generate: 5382625
  Processing in 54 chunks...
  Projlen distribution:
    projlen=25: 4 braids
    projlen=26: 39 braids
    projlen=27: 262 braids
    projlen=28: 1078 braids
    projlen=29: 6059 braids
    projlen=30: 15192 braids
    projlen=31: 108878 braids
    projlen=32: 222473 braids
    projlen=33: 313936 braids
    projlen=34: 268006 braids
    projlen=35: 288498 braids
    projlen=36: 261399 braids
    projlen=37: 288874 braids
    projlen=38: 258081 braids
    projlen=39: 286988 braids
    projlen=40: 255590 braids
    projlen=41: 286564 braids
    projlen=42: 259054 braids
    projlen=43: 283236 braids
    projlen=44: 264268 braids
    projlen=45: 277654 braids
    projlen=46: 268306 braids
    projlen=47: 274755 braids
    projlen=48: 268246 braids
    projlen=49: 273417 braids
    projlen=50: 252566 braids
    projlen=51: 99202 braids
  Braids kept: 1072634 (in 27 buckets, 0.88 GB CPU)
  ⚡ Timing: matmul=0.16s, sampling=3.50s, total=5.35s
============================================================
Level 21 - SAMPLING
============================================================
  Starting braids: 972634
  Candidates to generate: 5372170
  Processing in 54 chunks...
  Projlen distribution:
    projlen=26: 10 braids
    projlen=27: 99 braids
    projlen=28: 415 braids
    projlen=29: 2536 braids
    projlen=30: 7278 braids
    projlen=31: 34579 braids
    projlen=32: 70491 braids
    projlen=33: 241460 braids
    projlen=34: 279845 braids
    projlen=35: 295564 braids
    projlen=36: 261253 braids
    projlen=37: 287468 braids
    projlen=38: 263885 braids
    projlen=39: 282813 braids
    projlen=40: 260624 braids
    projlen=41: 284131 braids
    projlen=42: 260325 braids
    projlen=43: 284596 braids
    projlen=44: 261531 braids
    projlen=45: 281481 braids
    projlen=46: 266206 braids
    projlen=47: 278127 braids
    projlen=48: 269527 braids
    projlen=49: 273552 braids
    projlen=50: 267942 braids
    projlen=51: 258168 braids
    projlen=52: 98264 braids
  Braids kept: 1094917 (in 27 buckets, 0.91 GB CPU)
  ⚡ Timing: matmul=0.14s, sampling=3.58s, total=5.46s
============================================================
Level 22 - SAMPLING
============================================================
  Starting braids: 994917
  Candidates to generate: 5502543
  Processing in 56 chunks...
  Projlen distribution:
    projlen=25: 1 braids
    projlen=26: 9 braids
    projlen=27: 33 braids
    projlen=28: 120 braids
    projlen=29: 1085 braids
    projlen=30: 2928 braids
    projlen=31: 16618 braids
    projlen=32: 38375 braids
    projlen=33: 167083 braids
    projlen=34: 242236 braids
    projlen=35: 314945 braids
    projlen=36: 265276 braids
    projlen=37: 289348 braids
    projlen=38: 263612 braids
    projlen=39: 283281 braids
    projlen=40: 264693 braids
    projlen=41: 281136 braids
    projlen=42: 264027 braids
    projlen=43: 281200 braids
    projlen=44: 263283 braids
    projlen=45: 282093 braids
    projlen=46: 263611 braids
    projlen=47: 280049 braids
    projlen=48: 266660 braids
    projlen=49: 277965 braids
    projlen=50: 269285 braids
    projlen=51: 270512 braids
    projlen=52: 254165 braids
    projlen=53: 98914 braids
  Braids kept: 1109169 (in 29 buckets, 0.95 GB CPU)
  ⚡ Timing: matmul=0.13s, sampling=3.77s, total=5.68s
============================================================
Level 23 - SAMPLING
============================================================
  Starting braids: 959169
  Candidates to generate: 5301563
  Processing in 54 chunks...
  Projlen distribution:
    projlen=25: 3 braids
    projlen=26: 3 braids
    projlen=27: 17 braids
    projlen=28: 84 braids
    projlen=29: 419 braids
    projlen=30: 1007 braids
    projlen=31: 7724 braids
    projlen=32: 16356 braids
    projlen=33: 87396 braids
    projlen=34: 168829 braids
    projlen=35: 290145 braids
    projlen=36: 269257 braids
    projlen=37: 298179 braids
    projlen=38: 258161 braids
    projlen=39: 288286 braids
    projlen=40: 264097 braids
    projlen=41: 280256 braids
    projlen=42: 265236 braids
    projlen=43: 279577 braids
    projlen=44: 266222 braids
    projlen=45: 279109 braids
    projlen=46: 265709 braids
    projlen=47: 278855 braids
    projlen=48: 265273 braids
    projlen=49: 278651 braids
    projlen=50: 266067 braids
    projlen=51: 274359 braids
    projlen=52: 253088 braids
    projlen=53: 99198 braids
  Braids kept: 1075613 (in 29 buckets, 0.93 GB CPU)
  ⚡ Timing: matmul=0.14s, sampling=3.65s, total=5.50s
============================================================
Level 24 - SAMPLING
============================================================
  Starting braids: 975613
  Candidates to generate: 5393159
  Processing in 54 chunks...
  Projlen distribution:
    projlen=27: 19 braids
    projlen=28: 38 braids
    projlen=29: 164 braids
    projlen=30: 624 braids
    projlen=31: 3237 braids
    projlen=32: 6356 braids
    projlen=33: 42475 braids
    projlen=34: 74709 braids
    projlen=35: 244407 braids
    projlen=36: 275242 braids
    projlen=37: 302394 braids
    projlen=38: 260164 braids
    projlen=39: 292406 braids
    projlen=40: 259828 braids
    projlen=41: 285110 braids
    projlen=42: 263168 braids
    projlen=43: 278786 braids
    projlen=44: 266443 braids
    projlen=45: 277720 braids
    projlen=46: 268501 braids
    projlen=47: 278458 braids
    projlen=48: 268122 braids
    projlen=49: 277655 braids
    projlen=50: 267580 braids
    projlen=51: 277553 braids
    projlen=52: 265692 braids
    projlen=53: 258295 braids
    projlen=54: 98013 braids
  Braids kept: 1102913 (in 28 buckets, 0.97 GB CPU)
  ⚡ Timing: matmul=0.14s, sampling=3.76s, total=5.68s
============================================================
Level 25 - SAMPLING
============================================================
  Starting braids: 952913
  Candidates to generate: 5265857
  Processing in 53 chunks...
  Projlen distribution:
    projlen=28: 7 braids
    projlen=29: 150 braids
    projlen=30: 286 braids
    projlen=31: 1250 braids
    projlen=32: 3934 braids
    projlen=33: 19258 braids
    projlen=34: 32939 braids
    projlen=35: 199434 braids
    projlen=36: 247865 braids
    projlen=37: 316447 braids
    projlen=38: 262201 braids
    projlen=39: 293137 braids
    projlen=40: 259804 braids
    projlen=41: 288223 braids
    projlen=42: 260779 braids
    projlen=43: 281460 braids
    projlen=44: 265458 braids
    projlen=45: 277515 braids
    projlen=46: 268012 braids
    projlen=47: 276758 braids
    projlen=48: 268510 braids
    projlen=49: 276696 braids
    projlen=50: 269041 braids
    projlen=51: 275449 braids
    projlen=52: 265966 braids
    projlen=53: 257629 braids
    projlen=54: 97649 braids
  Braids kept: 1057824 (in 27 buckets, 0.95 GB CPU)
  ⚡ Timing: matmul=0.13s, sampling=3.64s, total=5.53s
============================================================
Level 26 - SAMPLING
============================================================
  Starting braids: 957824
  Candidates to generate: 5281326
  Processing in 53 chunks...
  Projlen distribution:
    projlen=28: 5 braids
    projlen=29: 29 braids
    projlen=30: 92 braids
    projlen=31: 1070 braids
    projlen=32: 1719 braids
    projlen=33: 7872 braids
    projlen=34: 20685 braids
    projlen=35: 95750 braids
    projlen=36: 144705 braids
    projlen=37: 286177 braids
    projlen=38: 256810 braids
    projlen=39: 304580 braids
    projlen=40: 255370 braids
    projlen=41: 291359 braids
    projlen=42: 260695 braids
    projlen=43: 283798 braids
    projlen=44: 263640 braids
    projlen=45: 279867 braids
    projlen=46: 266331 braids
    projlen=47: 277363 braids
    projlen=48: 268995 braids
    projlen=49: 276038 braids
    projlen=50: 269762 braids
    projlen=51: 275333 braids
    projlen=52: 269378 braids
    projlen=53: 271745 braids
    projlen=54: 253016 braids
    projlen=55: 99142 braids
  Braids kept: 1081472 (in 28 buckets, 0.99 GB CPU)
  ⚡ Timing: matmul=0.16s, sampling=3.75s, total=5.67s
============================================================
Level 27 - SAMPLING
============================================================
  Starting braids: 981472
  Candidates to generate: 5403662
  Processing in 55 chunks...
  Projlen distribution:
    projlen=28: 1 braids
    projlen=29: 21 braids
    projlen=30: 52 braids
    projlen=31: 313 braids
    projlen=32: 691 braids
    projlen=33: 6277 braids
    projlen=34: 9231 braids
    projlen=35: 39669 braids
    projlen=36: 91992 braids
    projlen=37: 250103 braids
    projlen=38: 262211 braids
    projlen=39: 310412 braids
    projlen=40: 248375 braids
    projlen=41: 299091 braids
    projlen=42: 254367 braids
    projlen=43: 288342 braids
    projlen=44: 261124 braids
    projlen=45: 281397 braids
    projlen=46: 264210 braids
    projlen=47: 278339 braids
    projlen=48: 267844 braids
    projlen=49: 276594 braids
    projlen=50: 269785 braids
    projlen=51: 275508 braids
    projlen=52: 270345 braids
    projlen=53: 274101 braids
    projlen=54: 267493 braids
    projlen=55: 257436 braids
    projlen=56: 98338 braids
  Braids kept: 1106255 (in 29 buckets, 1.03 GB CPU)
  ⚡ Timing: matmul=0.15s, sampling=3.90s, total=5.89s
============================================================
Level 28 - SAMPLING
============================================================
  Starting braids: 956255
  Candidates to generate: 5261251
  Processing in 53 chunks...
  Projlen distribution:
    projlen=29: 14 braids
    projlen=30: 28 braids
    projlen=31: 198 braids
    projlen=32: 370 braids
    projlen=33: 2231 braids
    projlen=34: 4304 braids
    projlen=35: 31782 braids
    projlen=36: 43768 braids
    projlen=37: 179399 braids
    projlen=38: 254250 braids
    projlen=39: 308371 braids
    projlen=40: 256890 braids
    projlen=41: 301063 braids
    projlen=42: 249649 braids
    projlen=43: 295600 braids
    projlen=44: 255652 braids
    projlen=45: 285001 braids
    projlen=46: 261657 braids
    projlen=47: 279227 braids
    projlen=48: 265077 braids
    projlen=49: 277201 braids
    projlen=50: 268113 braids
    projlen=51: 275656 braids
    projlen=52: 270633 braids
    projlen=53: 274275 braids
    projlen=54: 266788 braids
    projlen=55: 256177 braids
    projlen=56: 97877 braids
  Braids kept: 1082695 (in 28 buckets, 1.02 GB CPU)
  ⚡ Timing: matmul=0.15s, sampling=3.72s, total=5.64s
============================================================
Level 29 - SAMPLING
============================================================
  Starting braids: 982695
  Candidates to generate: 5396507
  Processing in 54 chunks...
  Projlen distribution:
    projlen=29: 3 braids
    projlen=30: 10 braids
    projlen=31: 130 braids
    projlen=32: 203 braids
    projlen=33: 1383 braids
    projlen=34: 2446 braids
    projlen=35: 12826 braids
    projlen=36: 22386 braids
    projlen=37: 147267 braids
    projlen=38: 189816 braids
    projlen=39: 298570 braids
    projlen=40: 269233 braids
    projlen=41: 293163 braids
    projlen=42: 255684 braids
    projlen=43: 295872 braids
    projlen=44: 252126 braids
    projlen=45: 290935 braids
    projlen=46: 258317 braids
    projlen=47: 283327 braids
    projlen=48: 263896 braids
    projlen=49: 279047 braids
    projlen=50: 266049 braids
    projlen=51: 277843 braids
    projlen=52: 268860 braids
    projlen=53: 274157 braids
    projlen=54: 269788 braids
    projlen=55: 270618 braids
    projlen=56: 253543 braids
    projlen=57: 99009 braids
  Braids kept: 1089387 (in 29 buckets, 1.04 GB CPU)
  ⚡ Timing: matmul=0.14s, sampling=3.89s, total=5.87s
============================================================
Level 30 - SAMPLING
============================================================
  Starting braids: 989387
  Candidates to generate: 5429301
  Processing in 55 chunks...
  Projlen distribution:
    projlen=30: 3 braids
    projlen=31: 34 braids
    projlen=32: 87 braids
    projlen=33: 869 braids
    projlen=34: 1338 braids
    projlen=35: 8232 braids
    projlen=36: 13393 braids
    projlen=37: 62775 braids
    projlen=38: 96050 braids
    projlen=39: 257536 braids
    projlen=40: 249383 braids
    projlen=41: 304935 braids
    projlen=42: 258488 braids
    projlen=43: 290089 braids
    projlen=44: 260324 braids
    projlen=45: 289789 braids
    projlen=46: 255619 braids
    projlen=47: 286203 braids
    projlen=48: 260909 braids
    projlen=49: 281502 braids
    projlen=50: 265445 braids
    projlen=51: 277072 braids
    projlen=52: 267453 braids
    projlen=53: 276683 braids
    projlen=54: 268368 braids
    projlen=55: 273531 braids
    projlen=56: 268323 braids
    projlen=57: 256444 braids
    projlen=58: 98424 braids
  Braids kept: 1123956 (in 29 buckets, 1.10 GB CPU)
  ⚡ Timing: matmul=0.13s, sampling=4.13s, total=6.14s
============================================================
Level 31 - SAMPLING
============================================================
  Starting braids: 973956
  Candidates to generate: 5349960
  Processing in 54 chunks...
  Projlen distribution:
    projlen=31: 1 braids
    projlen=32: 33 braids
    projlen=33: 260 braids
    projlen=34: 681 braids
    projlen=35: 5130 braids
    projlen=36: 7605 braids
    projlen=37: 42236 braids
    projlen=38: 62886 braids
    projlen=39: 233547 braids
    projlen=40: 256805 braids
    projlen=41: 313281 braids
    projlen=42: 245624 braids
    projlen=43: 300560 braids
    projlen=44: 255331 braids
    projlen=45: 286330 braids
    projlen=46: 261745 braids
    projlen=47: 284619 braids
    projlen=48: 260138 braids
    projlen=49: 283401 braids
    projlen=50: 262551 braids
    projlen=51: 278707 braids
    projlen=52: 266316 braids
    projlen=53: 277076 braids
    projlen=54: 268818 braids
    projlen=55: 275251 braids
    projlen=56: 265942 braids
    projlen=57: 257068 braids
    projlen=58: 98018 braids
  Braids kept: 1105946 (in 28 buckets, 1.09 GB CPU)
  ⚡ Timing: matmul=0.15s, sampling=4.07s, total=6.05s
============================================================
Level 32 - SAMPLING
============================================================
  Starting braids: 955946
  Candidates to generate: 5256100
  Processing in 53 chunks...
  Projlen distribution:
    projlen=31: 1 braids
    projlen=32: 5 braids
    projlen=33: 49 braids
    projlen=34: 268 braids
    projlen=35: 1788 braids
    projlen=36: 4115 braids
    projlen=37: 27380 braids
    projlen=38: 38263 braids
    projlen=39: 195973 braids
    projlen=40: 235767 braids
    projlen=41: 316035 braids
    projlen=42: 253468 braids
    projlen=43: 302304 braids
    projlen=44: 245817 braids
    projlen=45: 296818 braids
    projlen=46: 256501 braids
    projlen=47: 284071 braids
    projlen=48: 263238 braids
    projlen=49: 281216 braids
    projlen=50: 262386 braids
    projlen=51: 281673 braids
    projlen=52: 264202 braids
    projlen=53: 277867 braids
    projlen=54: 268115 braids
    projlen=55: 275540 braids
    projlen=56: 266665 braids
    projlen=57: 258262 braids
    projlen=58: 98313 braids
  Braids kept: 1071869 (in 28 buckets, 1.06 GB CPU)
  ⚡ Timing: matmul=0.14s, sampling=3.98s, total=5.93s
============================================================
Level 33 - SAMPLING
============================================================
  Starting braids: 971869
  Candidates to generate: 5334019
  Processing in 54 chunks...
  Projlen distribution:
    projlen=29: 1 braids
    projlen=30: 1 braids
    projlen=31: 5 braids
    projlen=32: 7 braids
    projlen=33: 22 braids
    projlen=34: 80 braids
    projlen=35: 461 braids
    projlen=36: 1831 braids
    projlen=37: 10859 braids
    projlen=38: 21869 braids
    projlen=39: 130947 braids
    projlen=40: 165644 braids
    projlen=41: 294065 braids
    projlen=42: 252322 braids
    projlen=43: 304066 braids
    projlen=44: 248501 braids
    projlen=45: 297619 braids
    projlen=46: 249123 braids
    projlen=47: 291474 braids
    projlen=48: 257003 braids
    projlen=49: 282202 braids
    projlen=50: 264774 braids
    projlen=51: 279129 braids
    projlen=52: 264828 braids
    projlen=53: 279168 braids
    projlen=54: 265987 braids
    projlen=55: 278007 braids
    projlen=56: 268022 braids
    projlen=57: 272489 braids
    projlen=58: 254229 braids
    projlen=59: 99284 braids
  Braids kept: 1085136 (in 31 buckets, 1.10 GB CPU)
  ⚡ Timing: matmul=0.13s, sampling=4.08s, total=6.08s
============================================================
Level 34 - SAMPLING
============================================================
  Starting braids: 985136
  Candidates to generate: 5409748
  Processing in 55 chunks...
  Projlen distribution:
    projlen=29: 4 braids
    projlen=30: 3 braids
    projlen=31: 9 braids
    projlen=32: 7 braids
    projlen=33: 45 braids
    projlen=34: 36 braids
    projlen=35: 230 braids
    projlen=36: 626 braids
    projlen=37: 3546 braids
    projlen=38: 10426 braids
    projlen=39: 55858 braids
    projlen=40: 94890 braids
    projlen=41: 258687 braids
    projlen=42: 247529 braids
    projlen=43: 311717 braids
    projlen=44: 245682 braids
    projlen=45: 300506 braids
    projlen=46: 250936 braids
    projlen=47: 292650 braids
    projlen=48: 253166 braids
    projlen=49: 287129 braids
    projlen=50: 259891 braids
    projlen=51: 281136 braids
    projlen=52: 266339 braids
    projlen=53: 277868 braids
    projlen=54: 266602 braids
    projlen=55: 277965 braids
    projlen=56: 267747 braids
    projlen=57: 275315 braids
    projlen=58: 266648 braids
    projlen=59: 257730 braids
    projlen=60: 98825 braids
  Braids kept: 1114932 (in 32 buckets, 1.15 GB CPU)
  ⚡ Timing: matmul=0.13s, sampling=4.23s, total=6.29s
============================================================
Level 35 - SAMPLING
============================================================
  Starting braids: 964932
  Candidates to generate: 5310998
  Processing in 54 chunks...
  Projlen distribution:
    projlen=28: 1 braids
    projlen=29: 2 braids
    projlen=30: 3 braids
    projlen=31: 24 braids
    projlen=32: 17 braids
    projlen=33: 65 braids
    projlen=34: 43 braids
    projlen=35: 276 braids
    projlen=36: 308 braids
    projlen=37: 1862 braids
    projlen=38: 4047 braids
    projlen=39: 20906 braids
    projlen=40: 49318 braids
    projlen=41: 228451 braids
    projlen=42: 262703 braids
    projlen=43: 314751 braids
    projlen=44: 244389 braids
    projlen=45: 303830 braids
    projlen=46: 245480 braids
    projlen=47: 295480 braids
    projlen=48: 253869 braids
    projlen=49: 288762 braids
    projlen=50: 257358 braids
    projlen=51: 285475 braids
    projlen=52: 262560 braids
    projlen=53: 279103 braids
    projlen=54: 267899 braids
    projlen=55: 277998 braids
    projlen=56: 267999 braids
    projlen=57: 276906 braids
    projlen=58: 266009 braids
    projlen=59: 257813 braids
    projlen=60: 97291 braids
  Braids kept: 1076872 (in 33 buckets, 1.12 GB CPU)
  ⚡ Timing: matmul=0.19s, sampling=4.18s, total=6.25s
============================================================
Level 36 - SAMPLING
============================================================
  Starting braids: 976872
  Candidates to generate: 5372638
  Processing in 54 chunks...
  Projlen distribution:
    projlen=29: 4 braids
    projlen=30: 3 braids
    projlen=31: 16 braids
    projlen=32: 11 braids
    projlen=33: 132 braids
    projlen=34: 87 braids
    projlen=35: 390 braids
    projlen=36: 273 braids
    projlen=37: 1714 braids
    projlen=38: 2215 braids
    projlen=39: 11790 braids
    projlen=40: 21703 braids
    projlen=41: 103523 braids
    projlen=42: 209844 braids
    projlen=43: 313622 braids
    projlen=44: 257187 braids
    projlen=45: 303126 braids
    projlen=46: 244194 braids
    projlen=47: 299397 braids
    projlen=48: 248872 braids
    projlen=49: 290812 braids
    projlen=50: 256407 braids
    projlen=51: 284678 braids
    projlen=52: 259843 braids
    projlen=53: 283551 braids
    projlen=54: 264133 braids
    projlen=55: 278542 braids
    projlen=56: 268505 braids
    projlen=57: 275460 braids
    projlen=58: 267616 braids
    projlen=59: 273051 braids
    projlen=60: 252491 braids
    projlen=61: 99446 braids
  Braids kept: 1088338 (in 33 buckets, 1.15 GB CPU)
  ⚡ Timing: matmul=0.14s, sampling=4.28s, total=6.34s
============================================================
Level 37 - SAMPLING
============================================================
  Starting braids: 988338
  Candidates to generate: 5439946
  Processing in 55 chunks...
  Projlen distribution:
    projlen=29: 5 braids
    projlen=30: 3 braids
    projlen=31: 24 braids
    projlen=32: 15 braids
    projlen=33: 89 braids
    projlen=34: 57 braids
    projlen=35: 674 braids
    projlen=36: 439 braids
    projlen=37: 2242 braids
    projlen=38: 1721 braids
    projlen=39: 10079 braids
    projlen=40: 12956 braids
    projlen=41: 60485 braids
    projlen=42: 96297 braids
    projlen=43: 248891 braids
    projlen=44: 278110 braids
    projlen=45: 298587 braids
    projlen=46: 252861 braids
    projlen=47: 299532 braids
    projlen=48: 249334 braids
    projlen=49: 293513 braids
    projlen=50: 253064 braids
    projlen=51: 287381 braids
    projlen=52: 259149 braids
    projlen=53: 282503 braids
    projlen=54: 262832 braids
    projlen=55: 280451 braids
    projlen=56: 264203 braids
    projlen=57: 277193 braids
    projlen=58: 269110 braids
    projlen=59: 274312 braids
    projlen=60: 267498 braids
    projlen=61: 257729 braids
    projlen=62: 98607 braids
  Braids kept: 1128304 (in 34 buckets, 1.21 GB CPU)
  ⚡ Timing: matmul=0.16s, sampling=4.42s, total=6.56s
============================================================
Level 38 - SAMPLING
============================================================
  Starting braids: 978304
  Candidates to generate: 5390956
  Processing in 54 chunks...
  Projlen distribution:
    projlen=29: 3 braids
    projlen=30: 6 braids
    projlen=31: 28 braids
    projlen=32: 16 braids
    projlen=33: 128 braids
    projlen=34: 80 braids
    projlen=35: 465 braids
    projlen=36: 310 braids
    projlen=37: 3368 braids
    projlen=38: 2279 braids
    projlen=39: 12365 braids
    projlen=40: 9952 braids
    projlen=41: 53440 braids
    projlen=42: 62422 braids
    projlen=43: 236763 braids
    projlen=44: 259775 braids
    projlen=45: 309602 braids
    projlen=46: 264843 braids
    projlen=47: 290572 braids
    projlen=48: 257290 braids
    projlen=49: 291885 braids
    projlen=50: 252734 braids
    projlen=51: 289144 braids
    projlen=52: 256349 braids
    projlen=53: 285402 braids
    projlen=54: 261828 braids
    projlen=55: 281352 braids
    projlen=56: 264617 braids
    projlen=57: 279567 braids
    projlen=58: 265933 braids
    projlen=59: 276609 braids
    projlen=60: 266682 braids
    projlen=61: 257183 braids
    projlen=62: 97964 braids
  Braids kept: 1129000 (in 34 buckets, 1.22 GB CPU)
  ⚡ Timing: matmul=0.15s, sampling=4.47s, total=6.56s
============================================================
Level 39 - SAMPLING
============================================================
  Starting braids: 979000
  Candidates to generate: 5391534
  Processing in 54 chunks...
  Projlen distribution:
    projlen=31: 16 braids
    projlen=32: 40 braids
    projlen=33: 146 braids
    projlen=34: 96 braids
    projlen=35: 635 braids
    projlen=36: 398 braids
    projlen=37: 2461 braids
    projlen=38: 1644 braids
    projlen=39: 16868 braids
    projlen=40: 11709 braids
    projlen=41: 64866 braids
    projlen=42: 51019 braids
    projlen=43: 243507 braids
    projlen=44: 236360 braids
    projlen=45: 323448 braids
    projlen=46: 253626 braids
    projlen=47: 298343 braids
    projlen=48: 257727 braids
    projlen=49: 288364 braids
    projlen=50: 259315 braids
    projlen=51: 286707 braids
    projlen=52: 256578 braids
    projlen=53: 286171 braids
    projlen=54: 258908 braids
    projlen=55: 282714 braids
    projlen=56: 264090 braids
    projlen=57: 279458 braids
    projlen=58: 266644 braids
    projlen=59: 278172 braids
    projlen=60: 264344 braids
    projlen=61: 259654 braids
    projlen=62: 97506 braids
  Braids kept: 1134013 (in 32 buckets, 1.23 GB CPU)
  ⚡ Timing: matmul=0.20s, sampling=4.40s, total=6.54s
============================================================
Level 40 - SAMPLING
============================================================
  Starting braids: 984013
  Candidates to generate: 5395657
  Processing in 54 chunks...
  Projlen distribution:
    projlen=32: 3 braids
    projlen=33: 92 braids
    projlen=34: 198 braids
    projlen=35: 755 braids
    projlen=36: 515 braids
    projlen=37: 3207 braids
    projlen=38: 1997 braids
    projlen=39: 12918 braids
    projlen=40: 8614 braids
    projlen=41: 83613 braids
    projlen=42: 56729 braids
    projlen=43: 260956 braids
    projlen=44: 202730 braids
    projlen=45: 337793 braids
    projlen=46: 235077 braids
    projlen=47: 312268 braids
    projlen=48: 245167 braids
    projlen=49: 295887 braids
    projlen=50: 257687 braids
    projlen=51: 285117 braids
    projlen=52: 261528 braids
    projlen=53: 282864 braids
    projlen=54: 260105 braids
    projlen=55: 282394 braids
    projlen=56: 261465 braids
    projlen=57: 280780 braids
    projlen=58: 265775 braids
    projlen=59: 278075 braids
    projlen=60: 264867 braids
    projlen=61: 259105 braids
    projlen=62: 97376 braids
  Braids kept: 1128299 (in 31 buckets, 1.22 GB CPU)
  ⚡ Timing: matmul=0.14s, sampling=4.48s, total=6.57s
============================================================
Level 41 - SAMPLING
============================================================
  Starting braids: 978299
  Candidates to generate: 5339965
  Processing in 54 chunks...
  Projlen distribution:
    projlen=34: 39 braids
    projlen=35: 506 braids
    projlen=36: 943 braids
    projlen=37: 3837 braids
    projlen=38: 2699 braids
    projlen=39: 16194 braids
    projlen=40: 10096 braids
    projlen=41: 65130 braids
    projlen=42: 41460 braids
    projlen=43: 260890 braids
    projlen=44: 181549 braids
    projlen=45: 350586 braids
    projlen=46: 205958 braids
    projlen=47: 329521 braids
    projlen=48: 226723 braids
    projlen=49: 308759 braids
    projlen=50: 246695 braids
    projlen=51: 292865 braids
    projlen=52: 258508 braids
    projlen=53: 283022 braids
    projlen=54: 263784 braids
    projlen=55: 281628 braids
    projlen=56: 264058 braids
    projlen=57: 281473 braids
    projlen=58: 265037 braids
    projlen=59: 278688 braids
    projlen=60: 264068 braids
    projlen=61: 258075 braids
    projlen=62: 97174 braids
  Braids kept: 1125774 (in 29 buckets, 1.23 GB CPU)
  ⚡ Timing: matmul=0.14s, sampling=4.40s, total=6.48s
============================================================
Level 42 - SAMPLING
============================================================
  Starting braids: 975774
  Candidates to generate: 5297212
  Processing in 53 chunks...
  Projlen distribution:
    projlen=34: 9 braids
    projlen=35: 16 braids
    projlen=36: 259 braids
    projlen=37: 2627 braids
    projlen=38: 4469 braids
    projlen=39: 19257 braids
    projlen=40: 13920 braids
    projlen=41: 80197 braids
    projlen=42: 49374 braids
    projlen=43: 257103 braids
    projlen=44: 161644 braids
    projlen=45: 335607 braids
    projlen=46: 182686 braids
    projlen=47: 344745 braids
    projlen=48: 200329 braids
    projlen=49: 323782 braids
    projlen=50: 227612 braids
    projlen=51: 304795 braids
    projlen=52: 248186 braids
    projlen=53: 290375 braids
    projlen=54: 260030 braids
    projlen=55: 280638 braids
    projlen=56: 266059 braids
    projlen=57: 279584 braids
    projlen=58: 266183 braids
    projlen=59: 278104 braids
    projlen=60: 263737 braids
    projlen=61: 258555 braids
    projlen=62: 97330 braids
  Braids kept: 1139931 (in 29 buckets, 1.24 GB CPU)
  ⚡ Timing: matmul=0.16s, sampling=4.35s, total=6.43s
============================================================
Level 43 - SAMPLING
============================================================
  Starting braids: 989931
  Candidates to generate: 5338137
  Processing in 54 chunks...
  Projlen distribution:
    projlen=34: 2 braids
    projlen=35: 6 braids
    projlen=36: 74 braids
    projlen=37: 176 braids
    projlen=38: 1469 braids
    projlen=39: 13095 braids
    projlen=40: 21201 braids
    projlen=41: 93180 braids
    projlen=42: 67819 braids
    projlen=43: 269805 braids
    projlen=44: 172504 braids
    projlen=45: 356515 braids
    projlen=46: 176579 braids
    projlen=47: 353027 braids
    projlen=48: 176579 braids
    projlen=49: 339730 braids
    projlen=50: 202334 braids
    projlen=51: 318371 braids
    projlen=52: 231598 braids
    projlen=53: 299851 braids
    projlen=54: 250357 braids
    projlen=55: 288581 braids
    projlen=56: 261288 braids
    projlen=57: 279759 braids
    projlen=58: 266223 braids
    projlen=59: 277110 braids
    projlen=60: 264784 braids
    projlen=61: 259175 braids
    projlen=62: 96945 braids
  Braids kept: 1136023 (in 29 buckets, 1.25 GB CPU)
  ⚡ Timing: matmul=0.13s, sampling=4.45s, total=6.53s
============================================================
Level 44 - SAMPLING
============================================================
  Starting braids: 986023
  Candidates to generate: 5289895
  Processing in 53 chunks...
  Projlen distribution:
    projlen=35: 7 braids
    projlen=36: 18 braids
    projlen=37: 86 braids
    projlen=38: 461 braids
    projlen=39: 1333 braids
    projlen=40: 7799 braids
    projlen=41: 62234 braids
    projlen=42: 94522 braids
    projlen=43: 267622 braids
    projlen=44: 199294 braids
    projlen=45: 348328 braids
    projlen=46: 175120 braids
    projlen=47: 354494 braids
    projlen=48: 169071 braids
    projlen=49: 347622 braids
    projlen=50: 175519 braids
    projlen=51: 332968 braids
    projlen=52: 206374 braids
    projlen=53: 313477 braids
    projlen=54: 236397 braids
    projlen=55: 296225 braids
    projlen=56: 253003 braids
    projlen=57: 284802 braids
    projlen=58: 263302 braids
    projlen=59: 279445 braids
    projlen=60: 264728 braids
    projlen=61: 258060 braids
    projlen=62: 97584 braids
  Braids kept: 1109704 (in 28 buckets, 1.23 GB CPU)
  ⚡ Timing: matmul=0.14s, sampling=4.37s, total=6.42s
============================================================
Level 45 - SAMPLING
============================================================
  Starting braids: 959704
  Candidates to generate: 5155948
  Processing in 52 chunks...
  Projlen distribution:
    projlen=34: 1 braids
    projlen=35: 4 braids
    projlen=36: 12 braids
    projlen=37: 46 braids
    projlen=38: 181 braids
    projlen=39: 602 braids
    projlen=40: 2918 braids
    projlen=41: 8279 braids
    projlen=42: 37775 braids
    projlen=43: 224749 braids
    projlen=44: 253485 braids
    projlen=45: 323666 braids
    projlen=46: 208402 braids
    projlen=47: 341324 braids
    projlen=48: 171501 braids
    projlen=49: 349066 braids
    projlen=50: 168531 braids
    projlen=51: 341827 braids
    projlen=52: 179338 braids
    projlen=53: 328838 braids
    projlen=54: 211986 braids
    projlen=55: 309213 braids
    projlen=56: 240326 braids
    projlen=57: 293515 braids
    projlen=58: 256418 braids
    projlen=59: 283374 braids
    projlen=60: 261821 braids
    projlen=61: 261480 braids
    projlen=62: 97270 braids
  Braids kept: 1049818 (in 29 buckets, 1.18 GB CPU)
  ⚡ Timing: matmul=0.13s, sampling=4.26s, total=6.27s
============================================================
Level 46 - SAMPLING
============================================================
  Starting braids: 999818
  Candidates to generate: 5388610
  Processing in 54 chunks...
  Projlen distribution:
    projlen=35: 4 braids
    projlen=36: 11 braids
    projlen=37: 36 braids
    projlen=38: 121 braids
    projlen=39: 344 braids
    projlen=40: 1417 braids
    projlen=41: 4016 braids
    projlen=42: 16092 braids
    projlen=43: 44792 braids
    projlen=44: 162104 braids
    projlen=45: 288784 braids
    projlen=46: 250191 braids
    projlen=47: 312249 braids
    projlen=48: 216005 braids
    projlen=49: 331894 braids
    projlen=50: 175684 braids
    projlen=51: 342160 braids
    projlen=52: 171351 braids
    projlen=53: 337296 braids
    projlen=54: 185824 braids
    projlen=55: 325516 braids
    projlen=56: 217622 braids
    projlen=57: 306126 braids
    projlen=58: 244851 braids
    projlen=59: 291546 braids
    projlen=60: 258610 braids
    projlen=61: 281908 braids
    projlen=62: 264303 braids
    projlen=63: 259600 braids
    projlen=64: 98153 braids
  Braids kept: 1116833 (in 30 buckets, 1.28 GB CPU)
  ⚡ Timing: matmul=0.15s, sampling=4.53s, total=6.70s
============================================================
Level 47 - SAMPLING
============================================================
  Starting braids: 966833
  Candidates to generate: 5240603
  Processing in 53 chunks...
  Projlen distribution:
    projlen=35: 4 braids
    projlen=36: 2 braids
    projlen=37: 39 braids
    projlen=38: 103 braids
    projlen=39: 254 braids
    projlen=40: 912 braids
    projlen=41: 2424 braids
    projlen=42: 8784 braids
    projlen=43: 23400 braids
    projlen=44: 80343 braids
    projlen=45: 203133 braids
    projlen=46: 289609 braids
    projlen=47: 296547 braids
    projlen=48: 250981 braids
    projlen=49: 307875 braids
    projlen=50: 227866 braids
    projlen=51: 322200 braids
    projlen=52: 186318 braids
    projlen=53: 336591 braids
    projlen=54: 177313 braids
    projlen=55: 332862 braids
    projlen=56: 193408 braids
    projlen=57: 320827 braids
    projlen=58: 224241 braids
    projlen=59: 302871 braids
    projlen=60: 247918 braids
    projlen=61: 287535 braids
    projlen=62: 257519 braids
    projlen=63: 262660 braids
    projlen=64: 96064 braids
  Braids kept: 1085922 (in 30 buckets, 1.26 GB CPU)
  ⚡ Timing: matmul=0.13s, sampling=4.48s, total=6.58s
============================================================
Level 48 - SAMPLING
============================================================
  Starting braids: 985922
  Candidates to generate: 5369670
  Processing in 54 chunks...
  Projlen distribution:
    projlen=35: 3 braids
    projlen=36: 3 braids
    projlen=37: 25 braids
    projlen=38: 28 braids
    projlen=39: 247 braids
    projlen=40: 749 braids
    projlen=41: 1695 braids
    projlen=42: 5918 braids
    projlen=43: 14624 braids
    projlen=44: 46216 braids
    projlen=45: 112569 braids
    projlen=46: 243174 braids
    projlen=47: 293127 braids
    projlen=48: 284331 braids
    projlen=49: 283420 braids
    projlen=50: 258607 braids
    projlen=51: 299592 braids
    projlen=52: 237689 braids
    projlen=53: 313572 braids
    projlen=54: 200406 braids
    projlen=55: 329243 braids
    projlen=56: 186169 braids
    projlen=57: 328084 braids
    projlen=58: 201297 braids
    projlen=59: 316360 braids
    projlen=60: 230808 braids
    projlen=61: 300529 braids
    projlen=62: 251013 braids
    projlen=63: 282387 braids
    projlen=64: 246379 braids
    projlen=65: 101406 braids
  Braids kept: 1119508 (in 31 buckets, 1.31 GB CPU)
  ⚡ Timing: matmul=0.21s, sampling=4.62s, total=7.66s
============================================================
Level 49 - SAMPLING
============================================================
  Starting braids: 969508
  Candidates to generate: 5302652
  Processing in 54 chunks...
  Projlen distribution:
    projlen=37: 21 braids
    projlen=38: 21 braids
    projlen=39: 154 braids
    projlen=40: 235 braids
    projlen=41: 1523 braids
    projlen=42: 4621 braids
    projlen=43: 10380 braids
    projlen=44: 32729 braids
    projlen=45: 75465 braids
    projlen=46: 209865 braids
    projlen=47: 280882 braids
    projlen=48: 295947 braids
    projlen=49: 279015 braids
    projlen=50: 276460 braids
    projlen=51: 279739 braids
    projlen=52: 263206 braids
    projlen=53: 291027 braids
    projlen=54: 246526 braids
    projlen=55: 304838 braids
    projlen=56: 215796 braids
    projlen=57: 322409 braids
    projlen=58: 197387 braids
    projlen=59: 323271 braids
    projlen=60: 209917 braids
    projlen=61: 311080 braids
    projlen=62: 234926 braids
    projlen=63: 292294 braids
    projlen=64: 239627 braids
    projlen=65: 103291 braids
  Braids kept: 1099684 (in 29 buckets, 1.30 GB CPU)
  ⚡ Timing: matmul=0.15s, sampling=4.63s, total=7.64s
============================================================
Level 50 - SAMPLING
============================================================
  Starting braids: 999684
  Candidates to generate: 5479646
  Processing in 55 chunks...
  Projlen distribution:
    projlen=39: 122 braids
    projlen=40: 140 braids
    projlen=41: 944 braids
    projlen=42: 1709 braids
    projlen=43: 8753 braids
    projlen=44: 25425 braids
    projlen=45: 54793 braids
    projlen=46: 154628 braids
    projlen=47: 248431 braids
    projlen=48: 299744 braids
    projlen=49: 276615 braids
    projlen=50: 282373 braids
    projlen=51: 272218 braids
    projlen=52: 276985 braids
    projlen=53: 277470 braids
    projlen=54: 265702 braids
    projlen=55: 284585 braids
    projlen=56: 253841 braids
    projlen=57: 296952 braids
    projlen=58: 229914 braids
    projlen=59: 312571 braids
    projlen=60: 210751 braids
    projlen=61: 316388 braids
    projlen=62: 218579 braids
    projlen=63: 306187 braids
    projlen=64: 237377 braids
    projlen=65: 273386 braids
    projlen=66: 93063 braids
  Braids kept: 1137093 (in 28 buckets, 1.36 GB CPU)
  ⚡ Timing: matmul=0.18s, sampling=4.82s, total=7.97s
============================================================
Level 51 - SAMPLING
============================================================
  Starting braids: 987093
  Candidates to generate: 5427101
  Processing in 55 chunks...
  Projlen distribution:
    projlen=40: 27 braids
    projlen=41: 754 braids
    projlen=42: 1038 braids
    projlen=43: 5622 braids
    projlen=44: 10947 braids
    projlen=45: 45853 braids
    projlen=46: 122746 braids
    projlen=47: 230683 braids
    projlen=48: 298803 braids
    projlen=49: 280351 braids
    projlen=50: 286016 braids
    projlen=51: 269883 braids
    projlen=52: 281225 braids
    projlen=53: 271027 braids
    projlen=54: 274110 braids
    projlen=55: 273277 braids
    projlen=56: 267466 braids
    projlen=57: 280918 braids
    projlen=58: 258983 braids
    projlen=59: 290643 braids
    projlen=60: 241995 braids
    projlen=61: 304341 braids
    projlen=62: 223372 braids
    projlen=63: 309378 braids
    projlen=64: 225159 braids
    projlen=65: 282120 braids
    projlen=66: 90364 braids
  Braids kept: 1114241 (in 27 buckets, 1.34 GB CPU)
  ⚡ Timing: matmul=0.18s, sampling=4.78s, total=7.90s
============================================================
Level 52 - SAMPLING
============================================================
  Starting braids: 964241
  Candidates to generate: 5316699
  Processing in 54 chunks...
  Projlen distribution:
    projlen=39: 1 braids
    projlen=40: 13 braids
    projlen=41: 73 braids
    projlen=42: 334 braids
    projlen=43: 4358 braids
    projlen=44: 6665 braids
    projlen=45: 30991 braids
    projlen=46: 58128 braids
    projlen=47: 203387 braids
    projlen=48: 280665 braids
    projlen=49: 284823 braids
    projlen=50: 284052 braids
    projlen=51: 271463 braids
    projlen=52: 281379 braids
    projlen=53: 269394 braids
    projlen=54: 278613 braids
    projlen=55: 269717 braids
    projlen=56: 273485 braids
    projlen=57: 273474 braids
    projlen=58: 269139 braids
    projlen=59: 278225 braids
    projlen=60: 262811 braids
    projlen=61: 286213 braids
    projlen=62: 250548 braids
    projlen=63: 296625 braids
    projlen=64: 232063 braids
    projlen=65: 280078 braids
    projlen=66: 89982 braids
  Braids kept: 1092435 (in 28 buckets, 1.32 GB CPU)
  ⚡ Timing: matmul=0.17s, sampling=4.72s, total=7.79s
============================================================
Level 53 - SAMPLING
============================================================
  Starting braids: 992435
  Candidates to generate: 5465957
  Processing in 55 chunks...
  Projlen distribution:
    projlen=39: 5 braids
    projlen=40: 8 braids
    projlen=41: 37 braids
    projlen=42: 166 braids
    projlen=43: 752 braids
    projlen=44: 2650 braids
    projlen=45: 23474 braids
    projlen=46: 36451 braids
    projlen=47: 148774 braids
    projlen=48: 232014 braids
    projlen=49: 306503 braids
    projlen=50: 276779 braids
    projlen=51: 276854 braids
    projlen=52: 278346 braids
    projlen=53: 271783 braids
    projlen=54: 277078 braids
    projlen=55: 269561 braids
    projlen=56: 276610 braids
    projlen=57: 269737 braids
    projlen=58: 273400 braids
    projlen=59: 272242 braids
    projlen=60: 269816 braids
    projlen=61: 275706 braids
    projlen=62: 265464 braids
    projlen=63: 282623 braids
    projlen=64: 256433 braids
    projlen=65: 287182 braids
    projlen=66: 231339 braids
    projlen=67: 104170 braids
  Braids kept: 1113543 (in 29 buckets, 1.37 GB CPU)
  ⚡ Timing: matmul=0.18s, sampling=4.94s, total=8.13s
============================================================
Level 54 - SAMPLING
============================================================
  Starting braids: 963543
  Candidates to generate: 5314697
  Processing in 54 chunks...
  Projlen distribution:
    projlen=39: 2 braids
    projlen=40: 3 braids
    projlen=41: 64 braids
    projlen=42: 107 braids
    projlen=43: 395 braids
    projlen=44: 1397 braids
    projlen=45: 5602 braids
    projlen=46: 16254 braids
    projlen=47: 112774 braids
    projlen=48: 162306 braids
    projlen=49: 284230 braids
    projlen=50: 270939 braids
    projlen=51: 292945 braids
    projlen=52: 267461 braids
    projlen=53: 278390 braids
    projlen=54: 275331 braids
    projlen=55: 271364 braids
    projlen=56: 274545 braids
    projlen=57: 270249 braids
    projlen=58: 275591 braids
    projlen=59: 270503 braids
    projlen=60: 273184 braids
    projlen=61: 272336 braids
    projlen=62: 270844 braids
    projlen=63: 275456 braids
    projlen=64: 267636 braids
    projlen=65: 276919 braids
    projlen=66: 247167 braids
    projlen=67: 100703 braids
  Braids kept: 1073824 (in 29 buckets, 1.33 GB CPU)
  ⚡ Timing: matmul=0.14s, sampling=4.86s, total=7.92s
============================================================
Level 55 - SAMPLING
============================================================
  Starting braids: 973824
  Candidates to generate: 5363904
  Processing in 54 chunks...
  Projlen distribution:
    projlen=41: 28 braids
    projlen=42: 44 braids
    projlen=43: 443 braids
    projlen=44: 919 braids
    projlen=45: 3162 braids
    projlen=46: 9016 braids
    projlen=47: 31081 braids
    projlen=48: 73982 braids
    projlen=49: 244465 braids
    projlen=50: 258724 braids
    projlen=51: 305063 braids
    projlen=52: 260155 braids
    projlen=53: 288552 braids
    projlen=54: 266040 braids
    projlen=55: 277152 braids
    projlen=56: 271409 braids
    projlen=57: 270138 braids
    projlen=58: 273688 braids
    projlen=59: 270723 braids
    projlen=60: 274661 braids
    projlen=61: 270615 braids
    projlen=62: 274188 braids
    projlen=63: 272563 braids
    projlen=64: 272191 braids
    projlen=65: 272762 braids
    projlen=66: 265662 braids
    projlen=67: 258747 braids
    projlen=68: 97731 braids
  Braids kept: 1094693 (in 28 buckets, 1.38 GB CPU)
  ⚡ Timing: matmul=0.15s, sampling=4.95s, total=8.06s
============================================================
Level 56 - SAMPLING
============================================================
  Starting braids: 994693
  Candidates to generate: 5483357
  Processing in 55 chunks...
  Projlen distribution:
    projlen=41: 6 braids
    projlen=42: 19 braids
    projlen=43: 196 braids
    projlen=44: 386 braids
    projlen=45: 2742 braids
    projlen=46: 6093 braids
    projlen=47: 19358 braids
    projlen=48: 47332 braids
    projlen=49: 146661 braids
    projlen=50: 241026 braids
    projlen=51: 311540 braids
    projlen=52: 253936 braids
    projlen=53: 297716 braids
    projlen=54: 258316 braids
    projlen=55: 285979 braids
    projlen=56: 265208 braids
    projlen=57: 276340 braids
    projlen=58: 270797 braids
    projlen=59: 270135 braids
    projlen=60: 273307 braids
    projlen=61: 270252 braids
    projlen=62: 273956 braids
    projlen=63: 270941 braids
    projlen=64: 273868 braids
    projlen=65: 271842 braids
    projlen=66: 271810 braids
    projlen=67: 270247 braids
    projlen=68: 254153 braids
    projlen=69: 99195 braids
  Braids kept: 1126132 (in 29 buckets, 1.44 GB CPU)
  ⚡ Timing: matmul=0.16s, sampling=5.05s, total=8.25s
============================================================
Level 57 - SAMPLING
============================================================
  Starting braids: 976132
  Candidates to generate: 5388316
  Processing in 54 chunks...
  Projlen distribution:
    projlen=41: 1 braids
    projlen=42: 7 braids
    projlen=43: 68 braids
    projlen=44: 191 braids
    projlen=45: 1302 braids
    projlen=46: 2656 braids
    projlen=47: 15463 braids
    projlen=48: 33338 braids
    projlen=49: 97981 braids
    projlen=50: 211195 braids
    projlen=51: 294137 braids
    projlen=52: 279253 braids
    projlen=53: 294250 braids
    projlen=54: 253764 braids
    projlen=55: 294355 braids
    projlen=56: 258861 braids
    projlen=57: 283240 braids
    projlen=58: 264954 braids
    projlen=59: 275919 braids
    projlen=60: 269377 braids
    projlen=61: 271987 braids
    projlen=62: 273775 braids
    projlen=63: 271097 braids
    projlen=64: 273554 braids
    projlen=65: 271213 braids
    projlen=66: 273562 braids
    projlen=67: 269356 braids
    projlen=68: 254651 braids
    projlen=69: 98809 braids
  Braids kept: 1103026 (in 29 buckets, 1.42 GB CPU)
  ⚡ Timing: matmul=0.22s, sampling=5.01s, total=8.22s
============================================================
Level 58 - SAMPLING
============================================================
  Starting braids: 953026
  Candidates to generate: 5254900
  Processing in 53 chunks...
  Projlen distribution:
    projlen=43: 36 braids
    projlen=44: 101 braids
    projlen=45: 607 braids
    projlen=46: 1473 braids
    projlen=47: 7729 braids
    projlen=48: 15750 braids
    projlen=49: 76146 braids
    projlen=50: 150965 braids
    projlen=51: 261884 braids
    projlen=52: 285686 braids
    projlen=53: 286374 braids
    projlen=54: 270044 braids
    projlen=55: 286413 braids
    projlen=56: 259029 braids
    projlen=57: 287668 braids
    projlen=58: 259660 braids
    projlen=59: 282161 braids
    projlen=60: 266086 braids
    projlen=61: 276612 braids
    projlen=62: 269721 braids
    projlen=63: 272577 braids
    projlen=64: 272163 braids
    projlen=65: 269923 braids
    projlen=66: 273743 braids
    projlen=67: 268308 braids
    projlen=68: 256021 braids
    projlen=69: 98020 braids
  Braids kept: 1075696 (in 27 buckets, 1.39 GB CPU)
  ⚡ Timing: matmul=0.18s, sampling=4.95s, total=8.05s
============================================================
Level 59 - SAMPLING
============================================================
  Starting braids: 975696
  Candidates to generate: 5380894
  Processing in 54 chunks...
  Projlen distribution:
    projlen=43: 14 braids
    projlen=44: 20 braids
    projlen=45: 330 braids
    projlen=46: 855 braids
    projlen=47: 4141 braids
    projlen=48: 9165 braids
    projlen=49: 39605 braids
    projlen=50: 74323 braids
    projlen=51: 234131 braids
    projlen=52: 277581 braids
    projlen=53: 293070 braids
    projlen=54: 274973 braids
    projlen=55: 279995 braids
    projlen=56: 271076 braids
    projlen=57: 282484 braids
    projlen=58: 262426 braids
    projlen=59: 283246 braids
    projlen=60: 262366 braids
    projlen=61: 280695 braids
    projlen=62: 266242 braids
    projlen=63: 275702 braids
    projlen=64: 270421 braids
    projlen=65: 273268 braids
    projlen=66: 272066 braids
    projlen=67: 270165 braids
    projlen=68: 269837 braids
    projlen=69: 253506 braids
    projlen=70: 99191 braids
  Braids kept: 1104130 (in 28 buckets, 1.45 GB CPU)
  ⚡ Timing: matmul=0.17s, sampling=5.10s, total=8.27s
============================================================
Level 60 - SAMPLING
============================================================
  Starting braids: 954130
  Candidates to generate: 5261372
  Processing in 53 chunks...
  Projlen distribution:
    projlen=43: 3 braids
    projlen=44: 7 braids
    projlen=45: 122 braids
    projlen=46: 191 braids
    projlen=47: 2380 braids
    projlen=48: 5565 braids
    projlen=49: 23635 braids
    projlen=50: 47486 braids
    projlen=51: 181203 braids
    projlen=52: 247762 braids
    projlen=53: 308371 braids
    projlen=54: 266801 braids
    projlen=55: 285057 braids
    projlen=56: 270515 braids
    projlen=57: 277566 braids
    projlen=58: 269890 braids
    projlen=59: 278004 braids
    projlen=60: 264273 braids
    projlen=61: 280751 braids
    projlen=62: 264855 braids
    projlen=63: 278636 braids
    projlen=64: 267696 braids
    projlen=65: 275610 braids
    projlen=66: 270653 braids
    projlen=67: 272746 braids
    projlen=68: 269058 braids
    projlen=69: 254310 braids
    projlen=70: 98226 braids
  Braids kept: 1079389 (in 28 buckets, 1.42 GB CPU)
  ⚡ Timing: matmul=0.15s, sampling=4.93s, total=8.07s
============================================================
Level 61 - SAMPLING
============================================================
  Starting braids: 979389
  Candidates to generate: 5396863
  Processing in 54 chunks...
  Projlen distribution:
    projlen=43: 1 braids
    projlen=44: 5 braids
    projlen=45: 37 braids
    projlen=46: 83 braids
    projlen=47: 935 braids
    projlen=48: 1516 braids
    projlen=49: 14244 braids
    projlen=50: 30064 braids
    projlen=51: 117207 braids
    projlen=52: 208361 braids
    projlen=53: 303030 braids
    projlen=54: 266129 braids
    projlen=55: 293615 braids
    projlen=56: 260854 braids
    projlen=57: 284968 braids
    projlen=58: 269024 braids
    projlen=59: 276751 braids
    projlen=60: 269599 braids
    projlen=61: 275336 braids
    projlen=62: 266506 braids
    projlen=63: 277932 braids
    projlen=64: 266062 braids
    projlen=65: 276372 braids
    projlen=66: 267869 braids
    projlen=67: 274514 braids
    projlen=68: 270150 braids
    projlen=69: 270657 braids
    projlen=70: 255587 braids
    projlen=71: 99455 braids
  Braids kept: 1096885 (in 29 buckets, 1.47 GB CPU)
  ⚡ Timing: matmul=0.17s, sampling=5.18s, total=8.41s
============================================================
Level 62 - SAMPLING
============================================================
  Starting braids: 996885
  Candidates to generate: 5490031
  Processing in 55 chunks...
  Projlen distribution:
    projlen=43: 4 braids
    projlen=44: 4 braids
    projlen=45: 28 braids
    projlen=46: 57 braids
    projlen=47: 364 braids
    projlen=48: 727 braids
    projlen=49: 6157 braids
    projlen=50: 9462 braids
    projlen=51: 72155 braids
    projlen=52: 131560 braids
    projlen=53: 265474 braids
    projlen=54: 275149 braids
    projlen=55: 294614 braids
    projlen=56: 259762 braids
    projlen=57: 289760 braids
    projlen=58: 261055 braids
    projlen=59: 281745 braids
    projlen=60: 267640 braids
    projlen=61: 275360 braids
    projlen=62: 270407 braids
    projlen=63: 274695 braids
    projlen=64: 268022 braids
    projlen=65: 276303 braids
    projlen=66: 267615 braids
    projlen=67: 276083 braids
    projlen=68: 269010 braids
    projlen=69: 273825 braids
    projlen=70: 267982 braids
    projlen=71: 256186 braids
    projlen=72: 98826 braids
  Braids kept: 1116803 (in 30 buckets, 1.51 GB CPU)
  ⚡ Timing: matmul=0.17s, sampling=5.35s, total=8.68s
============================================================
Level 63 - SAMPLING
============================================================
  Starting braids: 966803
  Candidates to generate: 5326759
  Processing in 54 chunks...
  Projlen distribution:
    projlen=43: 4 braids
    projlen=44: 4 braids
    projlen=45: 29 braids
    projlen=46: 41 braids
    projlen=47: 308 braids
    projlen=48: 485 braids
    projlen=49: 2840 braids
    projlen=50: 4784 braids
    projlen=51: 33152 braids
    projlen=52: 44062 braids
    projlen=53: 231820 braids
    projlen=54: 267437 braids
    projlen=55: 303640 braids
    projlen=56: 264937 braids
    projlen=57: 287728 braids
    projlen=58: 262447 braids
    projlen=59: 285243 braids
    projlen=60: 261598 braids
    projlen=61: 280112 braids
    projlen=62: 266661 braids
    projlen=63: 274251 braids
    projlen=64: 271270 braids
    projlen=65: 273063 braids
    projlen=66: 269396 braids
    projlen=67: 276351 braids
    projlen=68: 268763 braids
    projlen=69: 274995 braids
    projlen=70: 266599 braids
    projlen=71: 256950 braids
    projlen=72: 97789 braids
  Braids kept: 1085709 (in 30 buckets, 1.48 GB CPU)
  ⚡ Timing: matmul=0.14s, sampling=5.23s, total=8.43s
============================================================
Level 64 - SAMPLING
============================================================
  Starting braids: 985709
  Candidates to generate: 5428399
  Processing in 55 chunks...
  Projlen distribution:
    projlen=42: 1 braids
    projlen=43: 2 braids
    projlen=44: 4 braids
    projlen=45: 28 braids
    projlen=46: 31 braids
    projlen=47: 220 braids
    projlen=48: 338 braids
    projlen=49: 2155 braids
    projlen=50: 3134 braids
    projlen=51: 17356 braids
    projlen=52: 24827 braids
    projlen=53: 161055 braids
    projlen=54: 192295 braids
    projlen=55: 311542 braids
    projlen=56: 256652 braids
    projlen=57: 296198 braids
    projlen=58: 261944 braids
    projlen=59: 285255 braids
    projlen=60: 264674 braids
    projlen=61: 280552 braids
    projlen=62: 263704 braids
    projlen=63: 279107 braids
    projlen=64: 267269 braids
    projlen=65: 274806 braids
    projlen=66: 271372 braids
    projlen=67: 273727 braids
    projlen=68: 271179 braids
    projlen=69: 275285 braids
    projlen=70: 268752 braids
    projlen=71: 272311 braids
    projlen=72: 252948 braids
    projlen=73: 99676 braids
  Braids kept: 1098096 (in 32 buckets, 1.52 GB CPU)
  ⚡ Timing: matmul=0.15s, sampling=5.41s, total=8.71s
============================================================
Level 65 - SAMPLING
============================================================
  Starting braids: 998096
  Candidates to generate: 5484874
  Processing in 55 chunks...
  Projlen distribution:
    projlen=44: 5 braids
    projlen=45: 24 braids
    projlen=46: 22 braids
    projlen=47: 201 braids
    projlen=48: 212 braids
    projlen=49: 1477 braids
    projlen=50: 2221 braids
    projlen=51: 12611 braids
    projlen=52: 16982 braids
    projlen=53: 87596 braids
    projlen=54: 107520 braids
    projlen=55: 271028 braids
    projlen=56: 245444 braids
    projlen=57: 313851 braids
    projlen=58: 247373 braids
    projlen=59: 295267 braids
    projlen=60: 260751 braids
    projlen=61: 282006 braids
    projlen=62: 264861 braids
    projlen=63: 278554 braids
    projlen=64: 266043 braids
    projlen=65: 277439 braids
    projlen=66: 268113 braids
    projlen=67: 273689 braids
    projlen=68: 271299 braids
    projlen=69: 272805 braids
    projlen=70: 271592 braids
    projlen=71: 273115 braids
    projlen=72: 267456 braids
    projlen=73: 257197 braids
    projlen=74: 98120 braids
  Braids kept: 1133755 (in 31 buckets, 1.59 GB CPU)
  ⚡ Timing: matmul=0.17s, sampling=5.70s, total=9.10s
============================================================
Level 66 - SAMPLING
============================================================
  Starting braids: 983755
  Candidates to generate: 5404929
  Processing in 55 chunks...
  Projlen distribution:
    projlen=46: 31 braids
    projlen=47: 160 braids
    projlen=48: 148 braids
    projlen=49: 1180 braids
    projlen=50: 1427 braids
    projlen=51: 8712 braids
    projlen=52: 12324 braids
    projlen=53: 62940 braids
    projlen=54: 76527 braids
    projlen=55: 251545 braids
    projlen=56: 244591 braids
    projlen=57: 320769 braids
    projlen=58: 240335 braids
    projlen=59: 306018 braids
    projlen=60: 247486 braids
    projlen=61: 292223 braids
    projlen=62: 260197 braids
    projlen=63: 280466 braids
    projlen=64: 265790 braids
    projlen=65: 278378 braids
    projlen=66: 268020 braids
    projlen=67: 276700 braids
    projlen=68: 269607 braids
    projlen=69: 273944 braids
    projlen=70: 270642 braids
    projlen=71: 272142 braids
    projlen=72: 268993 braids
    projlen=73: 255777 braids
    projlen=74: 97857 braids
  Braids kept: 1123982 (in 29 buckets, 1.58 GB CPU)
  ⚡ Timing: matmul=0.14s, sampling=5.60s, total=8.95s
============================================================
Level 67 - SAMPLING
============================================================
  Starting braids: 973982
  Candidates to generate: 5344358
  Processing in 54 chunks...
  Projlen distribution:
    projlen=46: 2 braids
    projlen=47: 21 braids
    projlen=48: 188 braids
    projlen=49: 914 braids
    projlen=50: 963 braids
    projlen=51: 6773 braids
    projlen=52: 7997 braids
    projlen=53: 45507 braids
    projlen=54: 58485 braids
    projlen=55: 238102 braids
    projlen=56: 239467 braids
    projlen=57: 321222 braids
    projlen=58: 241684 braids
    projlen=59: 309812 braids
    projlen=60: 239688 braids
    projlen=61: 301827 braids
    projlen=62: 250150 braids
    projlen=63: 288411 braids
    projlen=64: 260438 braids
    projlen=65: 279585 braids
    projlen=66: 266211 braids
    projlen=67: 276274 braids
    projlen=68: 268899 braids
    projlen=69: 276599 braids
    projlen=70: 269520 braids
    projlen=71: 274165 braids
    projlen=72: 267943 braids
    projlen=73: 255263 braids
    projlen=74: 98248 braids
  Braids kept: 1112365 (in 29 buckets, 1.57 GB CPU)
  ⚡ Timing: matmul=0.15s, sampling=5.51s, total=8.79s
============================================================
Level 68 - SAMPLING
============================================================
  Starting braids: 962365
  Candidates to generate: 5281635
  Processing in 53 chunks...
  Projlen distribution:
    projlen=46: 2 braids
    projlen=47: 7 braids
    projlen=48: 24 braids
    projlen=49: 223 braids
    projlen=50: 1047 braids
    projlen=51: 5227 braids
    projlen=52: 5594 braids
    projlen=53: 36159 braids
    projlen=54: 40417 braids
    projlen=55: 215200 braids
    projlen=56: 231441 braids
    projlen=57: 321483 braids
    projlen=58: 240661 braids
    projlen=59: 309638 braids
    projlen=60: 238628 braids
    projlen=61: 305117 braids
    projlen=62: 244013 braids
    projlen=63: 295941 braids
    projlen=64: 252944 braids
    projlen=65: 287038 braids
    projlen=66: 262235 braids
    projlen=67: 278747 braids
    projlen=68: 267521 braids
    projlen=69: 275662 braids
    projlen=70: 269563 braids
    projlen=71: 274846 braids
    projlen=72: 267760 braids
    projlen=73: 256601 braids
    projlen=74: 97896 braids
  Braids kept: 1088700 (in 29 buckets, 1.55 GB CPU)
  ⚡ Timing: matmul=0.16s, sampling=5.39s, total=8.65s
============================================================
Level 69 - SAMPLING
============================================================
  Starting braids: 988700
  Candidates to generate: 5414464
  Processing in 55 chunks...
  Projlen distribution:
    projlen=47: 9 braids
    projlen=48: 16 braids
    projlen=49: 98 braids
    projlen=50: 188 braids
    projlen=51: 1726 braids
    projlen=52: 5548 braids
    projlen=53: 28073 braids
    projlen=54: 29428 braids
    projlen=55: 173914 braids
    projlen=56: 175380 braids
    projlen=57: 304709 braids
    projlen=58: 241801 braids
    projlen=59: 310409 braids
    projlen=60: 238679 braids
    projlen=61: 305722 braids
    projlen=62: 242238 braids
    projlen=63: 299230 braids
    projlen=64: 248025 braids
    projlen=65: 291347 braids
    projlen=66: 256511 braids
    projlen=67: 284399 braids
    projlen=68: 263978 braids
    projlen=69: 278228 braids
    projlen=70: 267535 braids
    projlen=71: 274740 braids
    projlen=72: 268099 braids
    projlen=73: 270886 braids
    projlen=74: 254148 braids
    projlen=75: 99400 braids
  Braids kept: 1115086 (in 29 buckets, 1.60 GB CPU)
  ⚡ Timing: matmul=0.16s, sampling=5.61s, total=9.00s
============================================================
Level 70 - SAMPLING
============================================================
  Starting braids: 965086
  Candidates to generate: 5279262
  Processing in 53 chunks...
  Projlen distribution:
    projlen=48: 3 braids
    projlen=49: 99 braids
    projlen=50: 119 braids
    projlen=51: 828 braids
    projlen=52: 1351 braids
    projlen=53: 10795 braids
    projlen=54: 27974 braids
    projlen=55: 134801 braids
    projlen=56: 131517 braids
    projlen=57: 284773 braids
    projlen=58: 231409 braids
    projlen=59: 318879 braids
    projlen=60: 236132 braids
    projlen=61: 305916 braids
    projlen=62: 242942 braids
    projlen=63: 298323 braids
    projlen=64: 245727 braids
    projlen=65: 293597 braids
    projlen=66: 251935 braids
    projlen=67: 288438 braids
    projlen=68: 258415 braids
    projlen=69: 281974 braids
    projlen=70: 265279 braids
    projlen=71: 277105 braids
    projlen=72: 267497 braids
    projlen=73: 271649 braids
    projlen=74: 252996 braids
    projlen=75: 98789 braids
  Braids kept: 1091169 (in 28 buckets, 1.58 GB CPU)
  ⚡ Timing: matmul=0.16s, sampling=5.35s, total=8.57s
============================================================
Level 71 - SAMPLING
============================================================
  Starting braids: 991169
  Candidates to generate: 5427213
  Processing in 55 chunks...
  Projlen distribution:
    projlen=48: 2 braids
    projlen=49: 20 braids
    projlen=50: 41 braids
    projlen=51: 697 braids
    projlen=52: 840 braids
    projlen=53: 5528 braids
    projlen=54: 8086 braids
    projlen=55: 55865 braids
    projlen=56: 119924 braids
    projlen=57: 273741 braids
    projlen=58: 229572 braids
    projlen=59: 324240 braids
    projlen=60: 229358 braids
    projlen=61: 313374 braids
    projlen=62: 238194 braids
    projlen=63: 300674 braids
    projlen=64: 246585 braids
    projlen=65: 292636 braids
    projlen=66: 250381 braids
    projlen=67: 290745 braids
    projlen=68: 255545 braids
    projlen=69: 285149 braids
    projlen=70: 260369 braids
    projlen=71: 280719 braids
    projlen=72: 266455 braids
    projlen=73: 276351 braids
    projlen=74: 266211 braids
    projlen=75: 257575 braids
    projlen=76: 98336 braids
  Braids kept: 1115214 (in 29 buckets, 1.63 GB CPU)
  ⚡ Timing: matmul=0.15s, sampling=5.65s, total=9.02s
============================================================
Level 72 - SAMPLING
============================================================
  Starting braids: 965214
  Candidates to generate: 5301684
  Processing in 54 chunks...
  Projlen distribution:
    projlen=48: 2 braids
    projlen=49: 11 braids
    projlen=50: 19 braids
    projlen=51: 201 braids
    projlen=52: 335 braids
    projlen=53: 4362 braids
    projlen=54: 5041 braids
    projlen=55: 30997 braids
    projlen=56: 40301 braids
    projlen=57: 227019 braids
    projlen=58: 272602 braids
    projlen=59: 312380 braids
    projlen=60: 233975 braids
    projlen=61: 316123 braids
    projlen=62: 229159 braids
    projlen=63: 306521 braids
    projlen=64: 242128 braids
    projlen=65: 295502 braids
    projlen=66: 251635 braids
    projlen=67: 289594 braids
    projlen=68: 255407 braids
    projlen=69: 286905 braids
    projlen=70: 258172 braids
    projlen=71: 282164 braids
    projlen=72: 262615 braids
    projlen=73: 279113 braids
    projlen=74: 264281 braids
    projlen=75: 257899 braids
    projlen=76: 97221 braids
  Braids kept: 1081269 (in 29 buckets, 1.59 GB CPU)
  ⚡ Timing: matmul=0.14s, sampling=5.49s, total=8.78s
============================================================
Level 73 - SAMPLING
============================================================
  Starting braids: 981269
  Candidates to generate: 5391713
  Processing in 54 chunks...
  Projlen distribution:
    projlen=48: 3 braids
    projlen=49: 11 braids
    projlen=50: 18 braids
    projlen=51: 101 braids
    projlen=52: 146 braids
    projlen=53: 1549 braids
    projlen=54: 2355 braids
    projlen=55: 24333 braids
    projlen=56: 26382 braids
    projlen=57: 154283 braids
    projlen=58: 177780 braids
    projlen=59: 303321 braids
    projlen=60: 259909 braids
    projlen=61: 300738 braids
    projlen=62: 240735 braids
    projlen=63: 307700 braids
    projlen=64: 234002 braids
    projlen=65: 301049 braids
    projlen=66: 246663 braids
    projlen=67: 291879 braids
    projlen=68: 255442 braids
    projlen=69: 287124 braids
    projlen=70: 258968 braids
    projlen=71: 284140 braids
    projlen=72: 261741 braids
    projlen=73: 280565 braids
    projlen=74: 263933 braids
    projlen=75: 275089 braids
    projlen=76: 251673 braids
    projlen=77: 100081 braids
  Braids kept: 1104898 (in 30 buckets, 1.65 GB CPU)
  ⚡ Timing: matmul=0.16s, sampling=5.76s, total=9.21s
============================================================
Level 74 - SAMPLING
============================================================
  Starting braids: 954898
  Candidates to generate: 5244822
  Processing in 53 chunks...
  Projlen distribution:
    projlen=48: 4 braids
    projlen=49: 7 braids
    projlen=50: 27 braids
    projlen=51: 97 braids
    projlen=52: 114 braids
    projlen=53: 855 braids
    projlen=54: 1112 braids
    projlen=55: 10278 braids
    projlen=56: 13143 braids
    projlen=57: 120425 braids
    projlen=58: 116457 braids
    projlen=59: 280126 braids
    projlen=60: 242702 braids
    projlen=61: 313922 braids
    projlen=62: 248694 braids
    projlen=63: 297982 braids
    projlen=64: 247497 braids
    projlen=65: 299634 braids
    projlen=66: 240470 braids
    projlen=67: 296475 braids
    projlen=68: 249841 braids
    projlen=69: 289580 braids
    projlen=70: 258997 braids
    projlen=71: 284091 braids
    projlen=72: 262147 braids
    projlen=73: 282175 braids
    projlen=74: 263153 braids
    projlen=75: 275464 braids
    projlen=76: 249520 braids
    projlen=77: 99833 braids
  Braids kept: 1075637 (in 30 buckets, 1.61 GB CPU)
  ⚡ Timing: matmul=0.14s, sampling=5.70s, total=9.05s
============================================================
Level 75 - SAMPLING
============================================================
  Starting braids: 975637
  Candidates to generate: 5355409
  Processing in 54 chunks...
  Projlen distribution:
    projlen=49: 12 braids
    projlen=50: 25 braids
    projlen=51: 116 braids
    projlen=52: 142 braids
    projlen=53: 733 braids
    projlen=54: 782 braids
    projlen=55: 6049 braids
    projlen=56: 6796 braids
    projlen=57: 54536 braids
    projlen=58: 58948 braids
    projlen=59: 257598 braids
    projlen=60: 222775 braids
    projlen=61: 329056 braids
    projlen=62: 235626 braids
    projlen=63: 308156 braids
    projlen=64: 248060 braids
    projlen=65: 294418 braids
    projlen=66: 251681 braids
    projlen=67: 293103 braids
    projlen=68: 246543 braids
    projlen=69: 292426 braids
    projlen=70: 254219 braids
    projlen=71: 285628 braids
    projlen=72: 260972 braids
    projlen=73: 281400 braids
    projlen=74: 265309 braids
    projlen=75: 278707 braids
    projlen=76: 263984 braids
    projlen=77: 260074 braids
    projlen=78: 97535 braids
  Braids kept: 1114655 (in 30 buckets, 1.69 GB CPU)
  ⚡ Timing: matmul=0.15s, sampling=5.96s, total=9.42s
============================================================
Level 76 - SAMPLING
============================================================
  Starting braids: 964655
  Candidates to generate: 5298143
  Processing in 53 chunks...
  Projlen distribution:
    projlen=50: 4 braids
    projlen=51: 148 braids
    projlen=52: 165 braids
    projlen=53: 883 braids
    projlen=54: 834 braids
    projlen=55: 4785 braids
    projlen=56: 4879 braids
    projlen=57: 34148 braids
    projlen=58: 34577 braids
    projlen=59: 243684 braids
    projlen=60: 228583 braids
    projlen=61: 337644 braids
    projlen=62: 222904 braids
    projlen=63: 321189 braids
    projlen=64: 231449 braids
    projlen=65: 303403 braids
    projlen=66: 249078 braids
    projlen=67: 290081 braids
    projlen=68: 256295 braids
    projlen=69: 288287 braids
    projlen=70: 251842 braids
    projlen=71: 288197 braids
    projlen=72: 257656 braids
    projlen=73: 283939 braids
    projlen=74: 263235 braids
    projlen=75: 279800 braids
    projlen=76: 264177 braids
    projlen=77: 259321 braids
    projlen=78: 96956 braids
  Braids kept: 1080423 (in 29 buckets, 1.65 GB CPU)
  ⚡ Timing: matmul=0.16s, sampling=5.66s, total=9.05s
============================================================
Level 77 - SAMPLING
============================================================
  Starting braids: 980423
  Candidates to generate: 5371871
  Processing in 54 chunks...
  Projlen distribution:
    projlen=50: 2 braids
    projlen=51: 18 braids
    projlen=52: 44 braids
    projlen=53: 1031 braids
    projlen=54: 952 braids
    projlen=55: 5566 braids
    projlen=56: 4696 braids
    projlen=57: 27214 braids
    projlen=58: 25489 braids
    projlen=59: 169709 braids
    projlen=60: 151441 braids
    projlen=61: 304765 braids
    projlen=62: 226800 braids
    projlen=63: 325604 braids
    projlen=64: 220537 braids
    projlen=65: 316208 braids
    projlen=66: 235204 braids
    projlen=67: 298649 braids
    projlen=68: 251617 braids
    projlen=69: 287275 braids
    projlen=70: 259372 braids
    projlen=71: 285277 braids
    projlen=72: 258082 braids
    projlen=73: 284634 braids
    projlen=74: 259739 braids
    projlen=75: 282335 braids
    projlen=76: 264093 braids
    projlen=77: 274721 braids
    projlen=78: 250584 braids
    projlen=79: 100213 braids
  Braids kept: 1115012 (in 30 buckets, 1.72 GB CPU)
  ⚡ Timing: matmul=0.16s, sampling=5.97s, total=9.45s
============================================================
Level 78 - SAMPLING
============================================================
  Starting braids: 965012
  Candidates to generate: 5274450
  Processing in 53 chunks...
  Projlen distribution:
    projlen=51: 13 braids
    projlen=52: 17 braids
    projlen=53: 239 braids
    projlen=54: 379 braids
    projlen=55: 5828 braids
    projlen=56: 5137 braids
    projlen=57: 31256 braids
    projlen=58: 24368 braids
    projlen=59: 134557 braids
    projlen=60: 112180 braids
    projlen=61: 285813 braids
    projlen=62: 218145 braids
    projlen=63: 331541 braids
    projlen=64: 221863 braids
    projlen=65: 318650 braids
    projlen=66: 225637 braids
    projlen=67: 308451 braids
    projlen=68: 239193 braids
    projlen=69: 295317 braids
    projlen=70: 254786 braids
    projlen=71: 284959 braids
    projlen=72: 261483 braids
    projlen=73: 282934 braids
    projlen=74: 261908 braids
    projlen=75: 282092 braids
    projlen=76: 262024 braids
    projlen=77: 276601 braids
    projlen=78: 249306 braids
    projlen=79: 99773 braids
  Braids kept: 1117237 (in 29 buckets, 1.73 GB CPU)
  ⚡ Timing: matmul=0.15s, sampling=5.78s, total=9.21s
============================================================
Level 79 - SAMPLING
============================================================
  Starting braids: 967237
  Candidates to generate: 5276307
  Processing in 53 chunks...
  Projlen distribution:
    projlen=51: 4 braids
    projlen=52: 7 braids
    projlen=53: 134 braids
    projlen=54: 167 braids
    projlen=55: 1843 braids
    projlen=56: 2459 braids
    projlen=57: 30906 braids
    projlen=58: 25703 braids
    projlen=59: 153435 braids
    projlen=60: 109699 braids
    projlen=61: 284463 braids
    projlen=62: 211428 braids
    projlen=63: 337288 braids
    projlen=64: 215410 braids
    projlen=65: 323606 braids
    projlen=66: 223027 braids
    projlen=67: 312382 braids
    projlen=68: 233132 braids
    projlen=69: 302472 braids
    projlen=70: 243131 braids
    projlen=71: 292337 braids
    projlen=72: 257188 braids
    projlen=73: 283481 braids
    projlen=74: 263357 braids
    projlen=75: 280490 braids
    projlen=76: 263513 braids
    projlen=77: 277012 braids
    projlen=78: 248092 braids
    projlen=79: 100141 braids
  Braids kept: 1111223 (in 29 buckets, 1.72 GB CPU)
  ⚡ Timing: matmul=0.16s, sampling=5.73s, total=9.14s
============================================================
Level 80 - SAMPLING
============================================================
  Starting braids: 961223
  Candidates to generate: 5220803
  Processing in 53 chunks...
  Projlen distribution:
    projlen=51: 3 braids
    projlen=52: 7 braids
    projlen=53: 47 braids
    projlen=54: 83 braids
    projlen=55: 974 braids
    projlen=56: 1146 braids
    projlen=57: 12047 braids
    projlen=58: 13380 braids
    projlen=59: 146243 braids
    projlen=60: 111562 braids
    projlen=61: 290253 braids
    projlen=62: 195221 braids
    projlen=63: 340331 braids
    projlen=64: 210517 braids
    projlen=65: 328631 braids
    projlen=66: 215170 braids
    projlen=67: 317256 braids
    projlen=68: 227415 braids
    projlen=69: 305037 braids
    projlen=70: 238733 braids
    projlen=71: 297245 braids
    projlen=72: 247920 braids
    projlen=73: 288833 braids
    projlen=74: 259388 braids
    projlen=75: 282529 braids
    projlen=76: 265331 braids
    projlen=77: 275971 braids
    projlen=78: 249685 braids
    projlen=79: 99845 braids
  Braids kept: 1077687 (in 29 buckets, 1.68 GB CPU)
  ⚡ Timing: matmul=0.14s, sampling=5.72s, total=9.08s
============================================================
Level 81 - SAMPLING
============================================================
  Starting braids: 977687
  Candidates to generate: 5300755
  Processing in 54 chunks...
  Projlen distribution:
    projlen=52: 2 braids
    projlen=53: 35 braids
    projlen=54: 59 braids
    projlen=55: 434 braids
    projlen=56: 587 braids
    projlen=57: 6606 braids
    projlen=58: 6492 braids
    projlen=59: 62500 braids
    projlen=60: 57251 braids
    projlen=61: 262823 braids
    projlen=62: 195931 braids
    projlen=63: 344321 braids
    projlen=64: 195650 braids
    projlen=65: 334213 braids
    projlen=66: 208744 braids
    projlen=67: 321453 braids
    projlen=68: 221138 braids
    projlen=69: 310645 braids
    projlen=70: 233412 braids
    projlen=71: 300115 braids
    projlen=72: 245351 braids
    projlen=73: 293211 braids
    projlen=74: 253061 braids
    projlen=75: 286181 braids
    projlen=76: 260525 braids
    projlen=77: 278553 braids
    projlen=78: 263500 braids
    projlen=79: 260037 braids
    projlen=80: 97925 braids
  Braids kept: 1114215 (in 29 buckets, 1.76 GB CPU)
  ⚡ Timing: matmul=0.17s, sampling=6.04s, total=9.52s
============================================================
Level 82 - SAMPLING
============================================================
  Starting braids: 964215
  Candidates to generate: 5228143
  Processing in 53 chunks...
  Projlen distribution:
    projlen=52: 1 braids
    projlen=53: 6 braids
    projlen=54: 19 braids
    projlen=55: 308 braids
    projlen=56: 394 braids
    projlen=57: 3335 braids
    projlen=58: 3555 braids
    projlen=59: 36690 braids
    projlen=60: 31702 braids
    projlen=61: 248625 braids
    projlen=62: 210881 braids
    projlen=63: 343905 braids
    projlen=64: 197840 braids
    projlen=65: 337542 braids
    projlen=66: 195585 braids
    projlen=67: 328705 braids
    projlen=68: 212919 braids
    projlen=69: 314105 braids
    projlen=70: 227642 braids
    projlen=71: 304337 braids
    projlen=72: 239442 braids
    projlen=73: 295626 braids
    projlen=74: 249760 braids
    projlen=75: 288829 braids
    projlen=76: 258004 braids
    projlen=77: 283758 braids
    projlen=78: 258920 braids
    projlen=79: 259659 braids
    projlen=80: 96049 braids
  Braids kept: 1076010 (in 29 buckets, 1.71 GB CPU)
  ⚡ Timing: matmul=0.14s, sampling=5.80s, total=9.22s
============================================================
Level 83 - SAMPLING
============================================================
  Starting braids: 976010
  Candidates to generate: 5289174
  Processing in 53 chunks...
  Projlen distribution:
    projlen=52: 2 braids
    projlen=53: 4 braids
    projlen=54: 13 braids
    projlen=55: 104 braids
    projlen=56: 166 braids
    projlen=57: 2265 braids
    projlen=58: 2383 braids
    projlen=59: 20283 braids
    projlen=60: 18645 braids
    projlen=61: 179794 braids
    projlen=62: 137357 braids
    projlen=63: 304154 braids
    projlen=64: 211645 braids
    projlen=65: 335422 braids
    projlen=66: 196446 braids
    projlen=67: 330885 braids
    projlen=68: 201161 braids
    projlen=69: 321200 braids
    projlen=70: 219215 braids
    projlen=71: 309192 braids
    projlen=72: 234627 braids
    projlen=73: 299070 braids
    projlen=74: 245264 braids
    projlen=75: 292383 braids
    projlen=76: 254506 braids
    projlen=77: 286160 braids
    projlen=78: 259559 braids
    projlen=79: 278927 braids
    projlen=80: 247965 braids
    projlen=81: 100377 braids
  Braids kept: 1093865 (in 30 buckets, 1.76 GB CPU)
  ⚡ Timing: matmul=0.16s, sampling=5.95s, total=9.44s
============================================================
Level 84 - SAMPLING
============================================================
  Starting braids: 993865
  Candidates to generate: 5386255
  Processing in 54 chunks...
  Projlen distribution:
    projlen=53: 8 braids
    projlen=54: 13 braids
    projlen=55: 64 braids
    projlen=56: 104 braids
    projlen=57: 970 braids
    projlen=58: 1127 braids
    projlen=59: 13761 braids
    projlen=60: 12694 braids
    projlen=61: 102631 braids
    projlen=62: 80341 braids
    projlen=63: 278215 braids
    projlen=64: 198807 braids
    projlen=65: 342908 braids
    projlen=66: 207785 braids
    projlen=67: 329344 braids
    projlen=68: 203299 braids
    projlen=69: 324014 braids
    projlen=70: 209408 braids
    projlen=71: 314809 braids
    projlen=72: 226350 braids
    projlen=73: 303470 braids
    projlen=74: 241561 braids
    projlen=75: 295540 braids
    projlen=76: 250963 braids
    projlen=77: 289560 braids
    projlen=78: 257875 braids
    projlen=79: 282259 braids
    projlen=80: 259155 braids
    projlen=81: 262370 braids
    projlen=82: 96850 braids
  Braids kept: 1128741 (in 30 buckets, 1.83 GB CPU)
  ⚡ Timing: matmul=0.16s, sampling=6.22s, total=9.80s
============================================================
Level 85 - SAMPLING
============================================================
  Starting braids: 978741
  Candidates to generate: 5303135
  Processing in 54 chunks...
  Projlen distribution:
    projlen=53: 6 braids
    projlen=54: 11 braids
    projlen=55: 83 braids
    projlen=56: 101 braids
    projlen=57: 517 braids
    projlen=58: 717 braids
    projlen=59: 6652 braids
    projlen=60: 6596 braids
    projlen=61: 70267 braids
    projlen=62: 57001 braids
    projlen=63: 264958 braids
    projlen=64: 199165 braids
    projlen=65: 347884 braids
    projlen=66: 197052 braids
    projlen=67: 336078 braids
    projlen=68: 206280 braids
    projlen=69: 323284 braids
    projlen=70: 212446 braids
    projlen=71: 317071 braids
    projlen=72: 218401 braids
    projlen=73: 310330 braids
    projlen=74: 233661 braids
    projlen=75: 299298 braids
    projlen=76: 246746 braids
    projlen=77: 291714 braids
    projlen=78: 254820 braids
    projlen=79: 285911 braids
    projlen=80: 257695 braids
    projlen=81: 262186 braids
    projlen=82: 96204 braids
  Braids kept: 1114683 (in 30 buckets, 1.81 GB CPU)
  ⚡ Timing: matmul=0.14s, sampling=6.20s, total=9.74s
============================================================
Level 86 - SAMPLING
============================================================
  Starting braids: 964683
  Candidates to generate: 5223891
  Processing in 53 chunks...
  Projlen distribution:
    projlen=54: 1 braids
    projlen=55: 61 braids
    projlen=56: 76 braids
    projlen=57: 632 braids
    projlen=58: 630 braids
    projlen=59: 3477 braids
    projlen=60: 4107 braids
    projlen=61: 36766 braids
    projlen=62: 31819 braids
    projlen=63: 252620 braids
    projlen=64: 197933 braids
    projlen=65: 348791 braids
    projlen=66: 199299 braids
    projlen=67: 339840 braids
    projlen=68: 195394 braids
    projlen=69: 329685 braids
    projlen=70: 211051 braids
    projlen=71: 316616 braids
    projlen=72: 221655 braids
    projlen=73: 311291 braids
    projlen=74: 227894 braids
    projlen=75: 304716 braids
    projlen=76: 239342 braids
    projlen=77: 294420 braids
    projlen=78: 251363 braids
    projlen=79: 287813 braids
    projlen=80: 254973 braids
    projlen=81: 265674 braids
    projlen=82: 95952 braids
  Braids kept: 1077569 (in 29 buckets, 1.77 GB CPU)
  ⚡ Timing: matmul=0.14s, sampling=5.94s, total=9.39s
============================================================
Level 87 - SAMPLING
============================================================
  Starting braids: 977569
  Candidates to generate: 5287307
  Processing in 53 chunks...
  Projlen distribution:
    projlen=54: 4 braids
    projlen=55: 15 braids
    projlen=56: 42 braids
    projlen=57: 428 braids
    projlen=58: 469 braids
    projlen=59: 3884 braids
    projlen=60: 3505 braids
    projlen=61: 20635 braids
    projlen=62: 21451 braids
    projlen=63: 181654 braids
    projlen=64: 139189 braids
    projlen=65: 307705 braids
    projlen=66: 198959 braids
    projlen=67: 340875 braids
    projlen=68: 194833 braids
    projlen=69: 332963 braids
    projlen=70: 200201 braids
    projlen=71: 322900 braids
    projlen=72: 218230 braids
    projlen=73: 311797 braids
    projlen=74: 230615 braids
    projlen=75: 304467 braids
    projlen=76: 235159 braids
    projlen=77: 299478 braids
    projlen=78: 244931 braids
    projlen=79: 291543 braids
    projlen=80: 254242 braids
    projlen=81: 281184 braids
    projlen=82: 244532 braids
    projlen=83: 101417 braids
  Braids kept: 1100433 (in 30 buckets, 1.82 GB CPU)
  ⚡ Timing: matmul=0.16s, sampling=6.14s, total=9.67s
============================================================
Level 88 - SAMPLING
============================================================
  Starting braids: 950433
  Candidates to generate: 5136013
  Processing in 52 chunks...
  Projlen distribution:
    projlen=54: 2 braids
    projlen=55: 16 braids
    projlen=56: 32 braids
    projlen=57: 198 braids
    projlen=58: 256 braids
    projlen=59: 2784 braids
    projlen=60: 2611 braids
    projlen=61: 21799 braids
    projlen=62: 17995 braids
    projlen=63: 105520 braids
    projlen=64: 93180 braids
    projlen=65: 282533 braids
    projlen=66: 200421 braids
    projlen=67: 344580 braids
    projlen=68: 195753 braids
    projlen=69: 335190 braids
    projlen=70: 199262 braids
    projlen=71: 326146 braids
    projlen=72: 208534 braids
    projlen=73: 316678 braids
    projlen=74: 225193 braids
    projlen=75: 305165 braids
    projlen=76: 238168 braids
    projlen=77: 299652 braids
    projlen=78: 242554 braids
    projlen=79: 294305 braids
    projlen=80: 248998 braids
    projlen=81: 285100 braids
    projlen=82: 241834 braids
    projlen=83: 101554 braids
  Braids kept: 1095693 (in 30 buckets, 1.82 GB CPU)
  ⚡ Timing: matmul=0.14s, sampling=5.89s, total=9.29s
============================================================
Level 89 - SAMPLING
============================================================
  Starting braids: 995693
  Candidates to generate: 5395291
  Processing in 54 chunks...
  Projlen distribution:
    projlen=54: 2 braids
    projlen=55: 14 braids
    projlen=56: 24 braids
    projlen=57: 204 braids
    projlen=58: 221 braids
    projlen=59: 1513 braids
    projlen=60: 1508 braids
    projlen=61: 16139 braids
    projlen=62: 13316 braids
    projlen=63: 108269 braids
    projlen=64: 81311 braids
    projlen=65: 271287 braids
    projlen=66: 214680 braids
    projlen=67: 342653 braids
    projlen=68: 200021 braids
    projlen=69: 337263 braids
    projlen=70: 196354 braids
    projlen=71: 329545 braids
    projlen=72: 206973 braids
    projlen=73: 319255 braids
    projlen=74: 216841 braids
    projlen=75: 309901 braids
    projlen=76: 233189 braids
    projlen=77: 300110 braids
    projlen=78: 244396 braids
    projlen=79: 295401 braids
    projlen=80: 248895 braids
    projlen=81: 290465 braids
    projlen=82: 252363 braids
    projlen=83: 267780 braids
    projlen=84: 95398 braids
  Braids kept: 1132941 (in 31 buckets, 1.90 GB CPU)
  ⚡ Timing: matmul=0.16s, sampling=6.28s, total=9.87s
============================================================
Level 90 - SAMPLING
============================================================
  Starting braids: 982941
  Candidates to generate: 5315175
  Processing in 54 chunks...
  Projlen distribution:
    projlen=55: 13 braids
    projlen=56: 16 braids
    projlen=57: 149 braids
    projlen=58: 169 braids
    projlen=59: 1462 braids
    projlen=60: 1320 braids
    projlen=61: 9740 braids
    projlen=62: 7961 braids
    projlen=63: 80536 braids
    projlen=64: 58812 braids
    projlen=65: 265433 braids
    projlen=66: 195863 braids
    projlen=67: 343007 braids
    projlen=68: 213763 braids
    projlen=69: 332230 braids
    projlen=70: 200711 braids
    projlen=71: 330585 braids
    projlen=72: 202356 braids
    projlen=73: 322022 braids
    projlen=74: 214810 braids
    projlen=75: 313413 braids
    projlen=76: 226205 braids
    projlen=77: 305395 braids
    projlen=78: 239583 braids
    projlen=79: 296194 braids
    projlen=80: 249254 braids
    projlen=81: 291115 braids
    projlen=82: 250758 braids
    projlen=83: 267880 braids
    projlen=84: 94420 braids
  Braids kept: 1120830 (in 30 buckets, 1.89 GB CPU)
  ⚡ Timing: matmul=0.14s, sampling=6.27s, total=9.85s
============================================================
Level 91 - SAMPLING
============================================================
  Starting braids: 970830
  Candidates to generate: 5238624
  Processing in 53 chunks...
  Projlen distribution:
    projlen=55: 14 braids
    projlen=56: 10 braids
    projlen=57: 110 braids
    projlen=58: 117 braids
    projlen=59: 1089 braids
    projlen=60: 1006 braids
    projlen=61: 8932 braids
    projlen=62: 7020 braids
    projlen=63: 51775 braids
    projlen=64: 36824 braids
    projlen=65: 257138 braids
    projlen=66: 187406 braids
    projlen=67: 349111 braids
    projlen=68: 195872 braids
    projlen=69: 335287 braids
    projlen=70: 210365 braids
    projlen=71: 324725 braids
    projlen=72: 209265 braids
    projlen=73: 322999 braids
    projlen=74: 211604 braids
    projlen=75: 315494 braids
    projlen=76: 221853 braids
    projlen=77: 308004 braids
    projlen=78: 234457 braids
    projlen=79: 299239 braids
    projlen=80: 244464 braids
    projlen=81: 291360 braids
    projlen=82: 251040 braids
    projlen=83: 267476 braids
    projlen=84: 94568 braids
  Braids kept: 1105122 (in 30 buckets, 1.87 GB CPU)
  ⚡ Timing: matmul=0.16s, sampling=6.17s, total=9.69s
============================================================
Level 92 - SAMPLING
============================================================
  Starting braids: 955122
  Candidates to generate: 5151066
  Processing in 52 chunks...
  Projlen distribution:
    projlen=55: 2 braids
    projlen=56: 3 braids
    projlen=57: 98 braids
    projlen=58: 80 braids
    projlen=59: 798 braids
    projlen=60: 716 braids
    projlen=61: 6676 braids
    projlen=62: 5371 braids
    projlen=63: 48134 braids
    projlen=64: 34461 braids
    projlen=65: 246261 braids
    projlen=66: 159433 braids
    projlen=67: 321646 braids
    projlen=68: 188546 braids
    projlen=69: 344776 braids
    projlen=70: 191613 braids
    projlen=71: 330557 braids
    projlen=72: 213284 braids
    projlen=73: 316443 braids
    projlen=74: 218647 braids
    projlen=75: 314224 braids
    projlen=76: 220711 braids
    projlen=77: 309356 braids
    projlen=78: 230342 braids
    projlen=79: 302519 braids
    projlen=80: 241204 braids
    projlen=81: 294572 braids
    projlen=82: 247605 braids
    projlen=83: 268952 braids
    projlen=84: 94036 braids
  Braids kept: 1096339 (in 30 buckets, 1.86 GB CPU)
  ⚡ Timing: matmul=0.14s, sampling=5.99s, total=9.45s
============================================================
Level 93 - SAMPLING
============================================================
  Starting braids: 996339
  Candidates to generate: 5359681
  Processing in 54 chunks...
  Projlen distribution:
    projlen=56: 2 braids
    projlen=57: 17 braids
    projlen=58: 33 braids
    projlen=59: 594 braids
    projlen=60: 512 braids
    projlen=61: 4997 braids
    projlen=62: 4042 braids
    projlen=63: 36520 braids
    projlen=64: 26522 braids
    projlen=65: 232313 braids
    projlen=66: 150053 braids
    projlen=67: 318610 braids
    projlen=68: 181935 braids
    projlen=69: 350559 braids
    projlen=70: 182593 braids
    projlen=71: 338768 braids
    projlen=72: 194494 braids
    projlen=73: 323890 braids
    projlen=74: 218727 braids
    projlen=75: 309860 braids
    projlen=76: 228656 braids
    projlen=77: 307480 braids
    projlen=78: 229918 braids
    projlen=79: 304470 braids
    projlen=80: 238719 braids
    projlen=81: 298316 braids
    projlen=82: 246228 braids
    projlen=83: 288159 braids
    projlen=84: 239385 braids
    projlen=85: 103309 braids
  Braids kept: 1123239 (in 30 buckets, 1.92 GB CPU)
  ⚡ Timing: matmul=0.15s, sampling=6.33s, total=9.95s
============================================================
Level 94 - SAMPLING
============================================================
  Starting braids: 973239
  Candidates to generate: 5220297
  Processing in 53 chunks...
  Projlen distribution:
    projlen=56: 2 braids
    projlen=57: 10 braids
    projlen=58: 15 braids
    projlen=59: 146 braids
    projlen=60: 192 braids
    projlen=61: 3534 braids
    projlen=62: 2902 braids
    projlen=63: 28164 braids
    projlen=64: 20103 braids
    projlen=65: 176264 braids
    projlen=66: 113808 braids
    projlen=67: 300699 braids
    projlen=68: 179793 braids
    projlen=69: 354297 braids
    projlen=70: 176059 braids
    projlen=71: 345894 braids
    projlen=72: 181957 braids
    projlen=73: 332829 braids
    projlen=74: 201990 braids
    projlen=75: 318522 braids
    projlen=76: 224806 braids
    projlen=77: 306452 braids
    projlen=78: 237646 braids
    projlen=79: 300625 braids
    projlen=80: 238944 braids
    projlen=81: 298899 braids
    projlen=82: 244637 braids
    projlen=83: 290108 braids
    projlen=84: 237630 braids
    projlen=85: 103370 braids
  Braids kept: 1105068 (in 30 buckets, 1.90 GB CPU)
  ⚡ Timing: matmul=0.25s, sampling=6.19s, total=9.84s
============================================================
Level 95 - SAMPLING
============================================================
  Starting braids: 955068
  Candidates to generate: 5104562
  Processing in 52 chunks...
  Projlen distribution:
    projlen=57: 10 braids
    projlen=58: 12 braids
    projlen=59: 90 braids
    projlen=60: 99 braids
    projlen=61: 1083 braids
    projlen=62: 1205 braids
    projlen=63: 19417 braids
    projlen=64: 14699 braids
    projlen=65: 136415 braids
    projlen=66: 87374 braids
    projlen=67: 286345 braids
    projlen=68: 177695 braids
    projlen=69: 356882 braids
    projlen=70: 174974 braids
    projlen=71: 350452 braids
    projlen=72: 173822 braids
    projlen=73: 341531 braids
    projlen=74: 187043 braids
    projlen=75: 327155 braids
    projlen=76: 208879 braids
    projlen=77: 312500 braids
    projlen=78: 230465 braids
    projlen=79: 301119 braids
    projlen=80: 244174 braids
    projlen=81: 296269 braids
    projlen=82: 245685 braids
    projlen=83: 290827 braids
    projlen=84: 235166 braids
    projlen=85: 103175 braids
  Braids kept: 1086615 (in 29 buckets, 1.88 GB CPU)
  ⚡ Timing: matmul=0.13s, sampling=6.11s, total=9.56s
============================================================
Level 96 - SAMPLING
============================================================
  Starting braids: 986615
  Candidates to generate: 5264907
  Processing in 53 chunks...
  Projlen distribution:
    projlen=56: 1 braids
    projlen=57: 2 braids
    projlen=58: 7 braids
    projlen=59: 77 braids
    projlen=60: 90 braids
    projlen=61: 628 braids
    projlen=62: 643 braids
    projlen=63: 6989 braids
    projlen=64: 6354 braids
    projlen=65: 92966 braids
    projlen=66: 63746 braids
    projlen=67: 275488 braids
    projlen=68: 175431 braids
    projlen=69: 356897 braids
    projlen=70: 174234 braids
    projlen=71: 352267 braids
    projlen=72: 170101 braids
    projlen=73: 345529 braids
    projlen=74: 176607 braids
    projlen=75: 336478 braids
    projlen=76: 193790 braids
    projlen=77: 322553 braids
    projlen=78: 216897 braids
    projlen=79: 308413 braids
    projlen=80: 236984 braids
    projlen=81: 297677 braids
    projlen=82: 249556 braids
    projlen=83: 290380 braids
    projlen=84: 249083 braids
    projlen=85: 270204 braids
    projlen=86: 94835 braids
  Braids kept: 1114791 (in 31 buckets, 1.94 GB CPU)
  ⚡ Timing: matmul=0.25s, sampling=6.39s, total=10.05s
============================================================
Level 97 - SAMPLING
============================================================
  Starting braids: 964791
  Candidates to generate: 5127373
  Processing in 52 chunks...
  Projlen distribution:
    projlen=57: 4 braids
    projlen=58: 4 braids
    projlen=59: 29 braids
    projlen=60: 34 braids
    projlen=61: 539 braids
    projlen=62: 495 braids
    projlen=63: 4169 braids
    projlen=64: 3607 braids
    projlen=65: 36660 braids
    projlen=66: 28581 braids
    projlen=67: 255656 braids
    projlen=68: 178472 braids
    projlen=69: 358211 braids
    projlen=70: 172661 braids
    projlen=71: 353799 braids
    projlen=72: 167240 braids
    projlen=73: 348002 braids
    projlen=74: 171270 braids
    projlen=75: 340500 braids
    projlen=76: 181592 braids
    projlen=77: 330072 braids
    projlen=78: 201615 braids
    projlen=79: 318664 braids
    projlen=80: 224657 braids
    projlen=81: 304338 braids
    projlen=82: 241507 braids
    projlen=83: 292255 braids
    projlen=84: 250139 braids
    projlen=85: 267912 braids
    projlen=86: 94689 braids
  Braids kept: 1074122 (in 30 buckets, 1.89 GB CPU)
  ⚡ Timing: matmul=0.14s, sampling=6.12s, total=9.62s
============================================================
Level 98 - SAMPLING
============================================================
  Starting braids: 974122
  Candidates to generate: 5176534
  Processing in 52 chunks...
  Projlen distribution:
    projlen=57: 4 braids
    projlen=58: 5 braids
    projlen=59: 32 braids
    projlen=60: 28 braids
    projlen=61: 229 braids
    projlen=62: 223 braids
    projlen=63: 3320 braids
    projlen=64: 2745 braids
    projlen=65: 23541 braids
    projlen=66: 18277 braids
    projlen=67: 179212 braids
    projlen=68: 124944 braids
    projlen=69: 307153 braids
    projlen=70: 179093 braids
    projlen=71: 354660 braids
    projlen=72: 164030 braids
    projlen=73: 350320 braids
    projlen=74: 167290 braids
    projlen=75: 344026 braids
    projlen=76: 176031 braids
    projlen=77: 334715 braids
    projlen=78: 188726 braids
    projlen=79: 326385 braids
    projlen=80: 209506 braids
    projlen=81: 313603 braids
    projlen=82: 231831 braids
    projlen=83: 300498 braids
    projlen=84: 245825 braids
    projlen=85: 286041 braids
    projlen=86: 241949 braids
    projlen=87: 102292 braids
  Braids kept: 1098404 (in 31 buckets, 1.95 GB CPU)
  ⚡ Timing: matmul=0.15s, sampling=6.29s, total=9.87s
============================================================
Level 99 - SAMPLING
============================================================
  Starting braids: 998404
  Candidates to generate: 5306880
  Processing in 54 chunks...
  Projlen distribution:
    projlen=57: 3 braids
    projlen=58: 5 braids
    projlen=59: 30 braids
    projlen=60: 28 braids
    projlen=61: 225 braids
    projlen=62: 174 braids
    projlen=63: 1549 braids
    projlen=64: 1382 braids
    projlen=65: 18529 braids
    projlen=66: 13830 braids
    projlen=67: 118225 braids
    projlen=68: 79899 braids
    projlen=69: 282821 braids
    projlen=70: 188427 braids
    projlen=71: 355077 braids
    projlen=72: 173722 braids
    projlen=73: 350631 braids
    projlen=74: 162013 braids
    projlen=75: 346567 braids
    projlen=76: 169676 braids
    projlen=77: 340398 braids
    projlen=78: 182436 braids
    projlen=79: 331413 braids
    projlen=80: 197778 braids
    projlen=81: 321233 braids
    projlen=82: 218335 braids
    projlen=83: 308285 braids
    projlen=84: 237625 braids
    projlen=85: 295638 braids
    projlen=86: 248190 braids
    projlen=87: 268059 braids
    projlen=88: 94677 braids
  Braids kept: 1135755 (in 32 buckets, 2.03 GB CPU)
  ⚡ Timing: matmul=0.13s, sampling=6.60s, total=10.25s
============================================================
Level 100 - SAMPLING
============================================================
  Starting braids: 985755
  Candidates to generate: 5227845
  Processing in 53 chunks...
  Projlen distribution:
    projlen=58: 4 braids
    projlen=59: 24 braids
    projlen=60: 27 braids
    projlen=61: 200 braids
    projlen=62: 164 braids
    projlen=63: 1346 braids
    projlen=64: 1071 braids
    projlen=65: 9521 braids
    projlen=66: 7350 braids
    projlen=67: 92232 braids
    projlen=68: 61793 braids
    projlen=69: 275379 braids
    projlen=70: 182036 braids
    projlen=71: 355510 braids
    projlen=72: 185125 braids
    projlen=73: 349694 braids
    projlen=74: 170645 braids
    projlen=75: 347291 braids
    projlen=76: 164608 braids
    projlen=77: 341952 braids
    projlen=78: 173875 braids
    projlen=79: 335518 braids
    projlen=80: 188855 braids
    projlen=81: 326128 braids
    projlen=82: 206150 braids
    projlen=83: 315766 braids
    projlen=84: 226108 braids
    projlen=85: 303554 braids
    projlen=86: 240232 braids
    projlen=87: 272299 braids
    projlen=88: 93388 braids
  Braids kept: 1119707 (in 31 buckets, 2.01 GB CPU)
  ⚡ Timing: matmul=0.14s, sampling=6.46s, total=10.07s
============================================================
Level 101 - SAMPLING
============================================================
  Starting braids: 969707
  Candidates to generate: 5132759
  Processing in 52 chunks...
  Projlen distribution:
    projlen=59: 18 braids
    projlen=60: 20 braids
    projlen=61: 152 braids
    projlen=62: 131 braids
    projlen=63: 1184 braids
    projlen=64: 924 braids
    projlen=65: 7915 braids
    projlen=66: 5865 braids
    projlen=67: 50134 braids
    projlen=68: 33905 braids
    projlen=69: 262796 braids
    projlen=70: 176616 braids
    projlen=71: 360433 braids
    projlen=72: 180249 braids
    projlen=73: 350362 braids
    projlen=74: 179936 braids
    projlen=75: 344089 braids
    projlen=76: 173767 braids
    projlen=77: 341940 braids
    projlen=78: 168625 braids
    projlen=79: 337615 braids
    projlen=80: 179329 braids
    projlen=81: 331608 braids
    projlen=82: 198304 braids
    projlen=83: 320840 braids
    projlen=84: 215698 braids
    projlen=85: 310290 braids
    projlen=86: 231062 braids
    projlen=87: 277612 braids
    projlen=88: 91340 braids
  Braids kept: 1100114 (in 30 buckets, 1.98 GB CPU)
  ⚡ Timing: matmul=0.14s, sampling=6.22s, total=9.77s
============================================================
Level 102 - SAMPLING
============================================================
  Starting braids: 950114
  Candidates to generate: 5036132
  Processing in 51 chunks...
  Projlen distribution:
    projlen=59: 9 braids
    projlen=60: 13 braids
    projlen=61: 135 braids
    projlen=62: 118 braids
    projlen=63: 883 braids
    projlen=64: 721 braids
    projlen=65: 6658 braids
    projlen=66: 4946 braids
    projlen=67: 42601 braids
    projlen=68: 29272 braids
    projlen=69: 246204 braids
    projlen=70: 151966 braids
    projlen=71: 324804 braids
    projlen=72: 174955 braids
    projlen=73: 356264 braids
    projlen=74: 171670 braids
    projlen=75: 345354 braids
    projlen=76: 181878 braids
    projlen=77: 338241 braids
    projlen=78: 180264 braids
    projlen=79: 337308 braids
    projlen=80: 175574 braids
    projlen=81: 335230 braids
    projlen=82: 187809 braids
    projlen=83: 327064 braids
    projlen=84: 206540 braids
    projlen=85: 315043 braids
    projlen=86: 221904 braids
    projlen=87: 282914 braids
    projlen=88: 89790 braids
  Braids kept: 1085356 (in 30 buckets, 1.96 GB CPU)
  ⚡ Timing: matmul=0.14s, sampling=6.20s, total=9.70s
============================================================
Level 103 - SAMPLING
============================================================
  Starting braids: 985356
  Candidates to generate: 5208476
  Processing in 53 chunks...
  Projlen distribution:
    projlen=60: 4 braids
    projlen=61: 75 braids
    projlen=62: 77 braids
    projlen=63: 838 braids
    projlen=64: 649 braids
    projlen=65: 5082 braids
    projlen=66: 3840 braids
    projlen=67: 35803 braids
    projlen=68: 24635 braids
    projlen=69: 208833 braids
    projlen=70: 129409 braids
    projlen=71: 314073 braids
    projlen=72: 175008 braids
    projlen=73: 360354 braids
    projlen=74: 166359 braids
    projlen=75: 351758 braids
    projlen=76: 171473 braids
    projlen=77: 339958 braids
    projlen=78: 186788 braids
    projlen=79: 332366 braids
    projlen=80: 189146 braids
    projlen=81: 332934 braids
    projlen=82: 184035 braids
    projlen=83: 330165 braids
    projlen=84: 195850 braids
    projlen=85: 321531 braids
    projlen=86: 213948 braids
    projlen=87: 305913 braids
    projlen=88: 220360 braids
    projlen=89: 107212 braids
  Braids kept: 1121003 (in 30 buckets, 2.05 GB CPU)
  ⚡ Timing: matmul=0.15s, sampling=6.56s, total=10.25s
============================================================
Level 104 - SAMPLING
============================================================
  Starting braids: 971003
  Candidates to generate: 5118573
  Processing in 52 chunks...
  Projlen distribution:
    projlen=61: 20 braids
    projlen=62: 37 braids
    projlen=63: 472 braids
    projlen=64: 423 braids
    projlen=65: 4768 braids
    projlen=66: 3527 braids
    projlen=67: 28119 braids
    projlen=68: 19423 braids
    projlen=69: 175061 braids
    projlen=70: 109119 braids
    projlen=71: 303454 braids
    projlen=72: 174833 braids
    projlen=73: 360313 braids
    projlen=74: 166542 braids
    projlen=75: 356113 braids
    projlen=76: 160936 braids
    projlen=77: 346720 braids
    projlen=78: 174013 braids
    projlen=79: 335653 braids
    projlen=80: 193724 braids
    projlen=81: 326068 braids
    projlen=82: 198744 braids
    projlen=83: 326241 braids
    projlen=84: 193500 braids
    projlen=85: 324191 braids
    projlen=86: 203959 braids
    projlen=87: 312791 braids
    projlen=88: 211706 braids
    projlen=89: 108103 braids
  Braids kept: 1106789 (in 29 buckets, 2.03 GB CPU)
  ⚡ Timing: matmul=0.16s, sampling=6.42s, total=10.05s
============================================================
Level 105 - SAMPLING
============================================================
  Starting braids: 956789
  Candidates to generate: 5038445
  Processing in 51 chunks...
  Projlen distribution:
    projlen=61: 6 braids
    projlen=62: 12 braids
    projlen=63: 208 braids
    projlen=64: 248 braids
    projlen=65: 2769 braids
    projlen=66: 2301 braids
    projlen=67: 25756 braids
    projlen=68: 17803 braids
    projlen=69: 140576 braids
    projlen=70: 87043 braids
    projlen=71: 290835 braids
    projlen=72: 173763 braids
    projlen=73: 362556 braids
    projlen=74: 168367 braids
    projlen=75: 356604 braids
    projlen=76: 159377 braids
    projlen=77: 351734 braids
    projlen=78: 159783 braids
    projlen=79: 343634 braids
    projlen=80: 179002 braids
    projlen=81: 330631 braids
    projlen=82: 202015 braids
    projlen=83: 320255 braids
    projlen=84: 209522 braids
    projlen=85: 319993 braids
    projlen=86: 205447 braids
    projlen=87: 314568 braids
    projlen=88: 204480 braids
    projlen=89: 109157 braids
  Braids kept: 1099103 (in 29 buckets, 2.02 GB CPU)
  ⚡ Timing: matmul=0.14s, sampling=6.35s, total=9.90s
============================================================
Level 106 - SAMPLING
============================================================
  Starting braids: 999103
  Candidates to generate: 5266335
  Processing in 53 chunks...
  Projlen distribution:
    projlen=62: 4 braids
    projlen=63: 74 braids
    projlen=64: 108 braids
    projlen=65: 1550 braids
    projlen=66: 1452 braids
    projlen=67: 15617 braids
    projlen=68: 11398 braids
    projlen=69: 126627 braids
    projlen=70: 80429 braids
    projlen=71: 288457 braids
    projlen=72: 173815 braids
    projlen=73: 363165 braids
    projlen=74: 168184 braids
    projlen=75: 356746 braids
    projlen=76: 159362 braids
    projlen=77: 352977 braids
    projlen=78: 157534 braids
    projlen=79: 348445 braids
    projlen=80: 160818 braids
    projlen=81: 339970 braids
    projlen=82: 183798 braids
    projlen=83: 326571 braids
    projlen=84: 210521 braids
    projlen=85: 315365 braids
    projlen=86: 220511 braids
    projlen=87: 311066 braids
    projlen=88: 215047 braids
    projlen=89: 288306 braids
    projlen=90: 88418 braids
  Braids kept: 1130203 (in 29 buckets, 2.09 GB CPU)
  ⚡ Timing: matmul=0.18s, sampling=6.69s, total=10.47s
============================================================
Level 107 - SAMPLING
============================================================
  Starting braids: 980203
  Candidates to generate: 5145065
  Processing in 52 chunks...
  Projlen distribution:
    projlen=62: 2 braids
    projlen=63: 21 braids
    projlen=64: 41 braids
    projlen=65: 660 braids
    projlen=66: 729 braids
    projlen=67: 9651 braids
    projlen=68: 7578 braids
    projlen=69: 77870 braids
    projlen=70: 50573 braids
    projlen=71: 272208 braids
    projlen=72: 173794 braids
    projlen=73: 363836 braids
    projlen=74: 168989 braids
    projlen=75: 358330 braids
    projlen=76: 158642 braids
    projlen=77: 353752 braids
    projlen=78: 157003 braids
    projlen=79: 350754 braids
    projlen=80: 157482 braids
    projlen=81: 345982 braids
    projlen=82: 162775 braids
    projlen=83: 337096 braids
    projlen=84: 189995 braids
    projlen=85: 321676 braids
    projlen=86: 218134 braids
    projlen=87: 308833 braids
    projlen=88: 227427 braids
    projlen=89: 281226 braids
    projlen=90: 90006 braids
  Braids kept: 1118682 (in 29 buckets, 2.08 GB CPU)
  ⚡ Timing: matmul=0.14s, sampling=6.61s, total=10.32s
============================================================
Level 108 - SAMPLING
============================================================
  Starting braids: 968682
  Candidates to generate: 5065370
  Processing in 51 chunks...
  Projlen distribution:
    projlen=62: 1 braids
    projlen=63: 11 braids
    projlen=64: 25 braids
    projlen=65: 284 braids
    projlen=66: 359 braids
    projlen=67: 4582 braids
    projlen=68: 4060 braids
    projlen=69: 50553 braids
    projlen=70: 35257 braids
    projlen=71: 262791 braids
    projlen=72: 173000 braids
    projlen=73: 363106 braids
    projlen=74: 170908 braids
    projlen=75: 359462 braids
    projlen=76: 159577 braids
    projlen=77: 355145 braids
    projlen=78: 156121 braids
    projlen=79: 351446 braids
    projlen=80: 156564 braids
    projlen=81: 347937 braids
    projlen=82: 158117 braids
    projlen=83: 344660 braids
    projlen=84: 166688 braids
    projlen=85: 335015 braids
    projlen=86: 197551 braids
    projlen=87: 317550 braids
    projlen=88: 222966 braids
    projlen=89: 281305 braids
    projlen=90: 90329 braids
  Braids kept: 1094579 (in 29 buckets, 2.04 GB CPU)
  ⚡ Timing: matmul=0.15s, sampling=6.44s, total=10.07s
============================================================
Level 109 - SAMPLING
============================================================
  Starting braids: 994579
  Candidates to generate: 5179407
  Processing in 52 chunks...
  Projlen distribution:
    projlen=63: 6 braids
    projlen=64: 13 braids
    projlen=65: 149 braids
    projlen=66: 197 braids
    projlen=67: 2283 braids
    projlen=68: 2240 braids
    projlen=69: 26611 braids
    projlen=70: 20391 braids
    projlen=71: 242879 braids
    projlen=72: 154030 braids
    projlen=73: 327185 braids
    projlen=74: 172001 braids
    projlen=75: 358745 braids
    projlen=76: 159883 braids
    projlen=77: 355382 braids
    projlen=78: 155629 braids
    projlen=79: 351662 braids
    projlen=80: 154730 braids
    projlen=81: 348874 braids
    projlen=82: 156711 braids
    projlen=83: 345788 braids
    projlen=84: 159717 braids
    projlen=85: 341408 braids
    projlen=86: 171002 braids
    projlen=87: 331862 braids
    projlen=88: 203149 braids
    projlen=89: 310500 braids
    projlen=90: 218845 braids
    projlen=91: 107535 braids
  Braids kept: 1101890 (in 29 buckets, 2.08 GB CPU)
  ⚡ Timing: matmul=0.19s, sampling=6.54s, total=10.30s
============================================================
Level 110 - SAMPLING
============================================================
  Starting braids: 951890
  Candidates to generate: 4926984
  Processing in 50 chunks...
  Projlen distribution:
    projlen=64: 7 braids
    projlen=65: 81 braids
    projlen=66: 118 braids
    projlen=67: 1271 braids
    projlen=68: 1280 braids
    projlen=69: 14680 braids
    projlen=70: 11910 braids
    projlen=71: 132985 braids
    projlen=72: 87349 braids
    projlen=73: 292625 braids
    projlen=74: 175142 braids
    projlen=75: 361230 braids
    projlen=76: 163450 braids
    projlen=77: 355507 braids
    projlen=78: 155934 braids
    projlen=79: 351757 braids
    projlen=80: 154050 braids
    projlen=81: 349022 braids
    projlen=82: 154570 braids
    projlen=83: 348661 braids
    projlen=84: 158219 braids
    projlen=85: 344637 braids
    projlen=86: 162669 braids
    projlen=87: 339239 braids
    projlen=88: 176625 braids
    projlen=89: 323520 braids
    projlen=90: 199477 braids
    projlen=91: 110969 braids
  Braids kept: 1079347 (in 28 buckets, 2.05 GB CPU)
  ⚡ Timing: matmul=0.13s, sampling=6.34s, total=9.87s
============================================================
Level 111 - SAMPLING
============================================================
  Starting braids: 979347
  Candidates to generate: 5080965
  Processing in 51 chunks...
  Projlen distribution:
    projlen=64: 7 braids
    projlen=65: 27 braids
    projlen=66: 67 braids
    projlen=67: 718 braids
    projlen=68: 809 braids
    projlen=69: 8541 braids
    projlen=70: 7024 braids
    projlen=71: 76032 braids
    projlen=72: 52135 braids
    projlen=73: 274561 braids
    projlen=74: 177455 braids
    projlen=75: 362740 braids
    projlen=76: 168553 braids
    projlen=77: 357473 braids
    projlen=78: 157486 braids
    projlen=79: 352824 braids
    projlen=80: 154733 braids
    projlen=81: 350826 braids
    projlen=82: 154078 braids
    projlen=83: 348020 braids
    projlen=84: 154180 braids
    projlen=85: 347130 braids
    projlen=86: 160384 braids
    projlen=87: 344696 braids
    projlen=88: 167453 braids
    projlen=89: 336553 braids
    projlen=90: 182317 braids
    projlen=91: 299757 braids
    projlen=92: 84386 braids
  Braids kept: 1117193 (in 29 buckets, 2.14 GB CPU)
  ⚡ Timing: matmul=0.18s, sampling=6.60s, total=10.31s
============================================================
Level 112 - SAMPLING
============================================================
  Starting braids: 967193
  Candidates to generate: 5017125
  Processing in 51 chunks...
  Projlen distribution:
    projlen=64: 1 braids
    projlen=65: 26 braids
    projlen=66: 51 braids
    projlen=67: 364 braids
    projlen=68: 448 braids
    projlen=69: 5078 braids
    projlen=70: 4488 braids
    projlen=71: 46399 braids
    projlen=72: 32948 braids
    projlen=73: 264490 braids
    projlen=74: 178579 braids
    projlen=75: 363225 braids
    projlen=76: 173350 braids
    projlen=77: 358636 braids
    projlen=78: 159999 braids
    projlen=79: 354691 braids
    projlen=80: 156143 braids
    projlen=81: 351799 braids
    projlen=82: 154310 braids
    projlen=83: 349614 braids
    projlen=84: 154016 braids
    projlen=85: 348071 braids
    projlen=86: 154760 braids
    projlen=87: 345446 braids
    projlen=88: 162519 braids
    projlen=89: 340903 braids
    projlen=90: 170773 braids
    projlen=91: 303761 braids
    projlen=92: 82237 braids
  Braids kept: 1089803 (in 29 buckets, 2.09 GB CPU)
  ⚡ Timing: matmul=0.14s, sampling=6.48s, total=10.14s
============================================================
Level 113 - SAMPLING
============================================================
  Starting braids: 989803
  Candidates to generate: 5113045
  Processing in 52 chunks...
  Projlen distribution:
    projlen=64: 1 braids
    projlen=65: 10 braids
    projlen=66: 23 braids
    projlen=67: 270 braids
    projlen=68: 331 braids
    projlen=69: 2824 braids
    projlen=70: 2642 braids
    projlen=71: 29546 braids
    projlen=72: 22486 braids
    projlen=73: 228857 braids
    projlen=74: 144789 braids
    projlen=75: 323203 braids
    projlen=76: 176287 braids
    projlen=77: 359030 braids
    projlen=78: 163184 braids
    projlen=79: 355259 braids
    projlen=80: 157405 braids
    projlen=81: 351146 braids
    projlen=82: 155136 braids
    projlen=83: 349897 braids
    projlen=84: 153834 braids
    projlen=85: 349352 braids
    projlen=86: 154121 braids
    projlen=87: 348367 braids
    projlen=88: 156003 braids
    projlen=89: 345030 braids
    projlen=90: 165445 braids
    projlen=91: 332795 braids
    projlen=92: 171292 braids
    projlen=93: 114480 braids
  Braids kept: 1108133 (in 30 buckets, 2.15 GB CPU)
  ⚡ Timing: matmul=0.19s, sampling=6.64s, total=10.43s
============================================================
Level 114 - SAMPLING
============================================================
  Starting braids: 958133
  Candidates to generate: 4932933
  Processing in 50 chunks...
  Projlen distribution:
    projlen=64: 1 braids
    projlen=65: 7 braids
    projlen=66: 18 braids
    projlen=67: 119 braids
    projlen=68: 138 braids
    projlen=69: 1978 braids
    projlen=70: 1993 braids
    projlen=71: 17606 braids
    projlen=72: 14025 braids
    projlen=73: 146681 braids
    projlen=74: 96209 braids
    projlen=75: 298406 braids
    projlen=76: 175842 braids
    projlen=77: 360460 braids
    projlen=78: 166896 braids
    projlen=79: 354146 braids
    projlen=80: 159823 braids
    projlen=81: 350246 braids
    projlen=82: 156423 braids
    projlen=83: 349717 braids
    projlen=84: 155311 braids
    projlen=85: 348084 braids
    projlen=86: 153781 braids
    projlen=87: 349259 braids
    projlen=88: 154491 braids
    projlen=89: 347842 braids
    projlen=90: 156792 braids
    projlen=91: 338355 braids
    projlen=92: 163316 braids
    projlen=93: 114968 braids
  Braids kept: 1085885 (in 30 buckets, 2.11 GB CPU)
  ⚡ Timing: matmul=0.13s, sampling=6.30s, total=9.84s
============================================================
Level 115 - SAMPLING
============================================================
  Starting braids: 985885
  Candidates to generate: 5097115
  Processing in 51 chunks...
  Projlen distribution:
    projlen=65: 4 braids
    projlen=66: 8 braids
    projlen=67: 97 braids
    projlen=68: 127 braids
    projlen=69: 937 braids
    projlen=70: 925 braids
    projlen=71: 12187 braids
    projlen=72: 10493 braids
    projlen=73: 91092 braids
    projlen=74: 61373 braids
    projlen=75: 278671 braids
    projlen=76: 176693 braids
    projlen=77: 362061 braids
    projlen=78: 168479 braids
    projlen=79: 356287 braids
    projlen=80: 161191 braids
    projlen=81: 350161 braids
    projlen=82: 159860 braids
    projlen=83: 347640 braids
    projlen=84: 157321 braids
    projlen=85: 346719 braids
    projlen=86: 155534 braids
    projlen=87: 347744 braids
    projlen=88: 154543 braids
    projlen=89: 349230 braids
    projlen=90: 155201 braids
    projlen=91: 345807 braids
    projlen=92: 156926 braids
    projlen=93: 308723 braids
    projlen=94: 81081 braids
  Braids kept: 1124778 (in 30 buckets, 2.21 GB CPU)
  ⚡ Timing: matmul=0.17s, sampling=6.61s, total=10.32s
============================================================
Level 116 - SAMPLING
============================================================
  Starting braids: 974778
  Candidates to generate: 5048826
  Processing in 51 chunks...
  Projlen distribution:
    projlen=65: 3 braids
    projlen=66: 6 braids
    projlen=67: 43 braids
    projlen=68: 49 braids
    projlen=69: 755 braids
    projlen=70: 799 braids
    projlen=71: 6220 braids
    projlen=72: 5392 braids
    projlen=73: 63733 braids
    projlen=74: 47598 braids
    projlen=75: 270993 braids
    projlen=76: 178889 braids
    projlen=77: 363003 braids
    projlen=78: 172601 braids
    projlen=79: 357799 braids
    projlen=80: 159923 braids
    projlen=81: 352364 braids
    projlen=82: 159633 braids
    projlen=83: 347578 braids
    projlen=84: 161239 braids
    projlen=85: 344979 braids
    projlen=86: 159754 braids
    projlen=87: 346293 braids
    projlen=88: 157158 braids
    projlen=89: 347152 braids
    projlen=90: 155155 braids
    projlen=91: 346438 braids
    projlen=92: 154023 braids
    projlen=93: 308608 braids
    projlen=94: 80646 braids
  Braids kept: 1110865 (in 30 buckets, 2.19 GB CPU)
  ⚡ Timing: matmul=0.15s, sampling=6.51s, total=10.17s
============================================================
Level 117 - SAMPLING
============================================================
  Starting braids: 960865
  Candidates to generate: 4995443
  Processing in 50 chunks...
  Projlen distribution:
    projlen=66: 3 braids
    projlen=67: 33 braids
    projlen=68: 38 braids
    projlen=69: 362 braids
    projlen=70: 363 braids
    projlen=71: 4796 braids
    projlen=72: 4542 braids
    projlen=73: 35297 braids
    projlen=74: 26651 braids
    projlen=75: 256142 braids
    projlen=76: 182328 braids
    projlen=77: 355828 braids
    projlen=78: 176599 braids
    projlen=79: 358243 braids
    projlen=80: 162714 braids
    projlen=81: 354921 braids
    projlen=82: 158273 braids
    projlen=83: 349580 braids
    projlen=84: 160524 braids
    projlen=85: 345830 braids
    projlen=86: 164586 braids
    projlen=87: 343436 braids
    projlen=88: 162911 braids
    projlen=89: 344321 braids
    projlen=90: 159466 braids
    projlen=91: 344591 braids
    projlen=92: 154343 braids
    projlen=93: 308085 braids
    projlen=94: 80637 braids
  Braids kept: 1072085 (in 29 buckets, 2.12 GB CPU)
  ⚡ Timing: matmul=0.16s, sampling=6.40s, total=10.02s
============================================================
Level 118 - SAMPLING
============================================================
  Starting braids: 972085
  Candidates to generate: 5030735
  Processing in 51 chunks...
  Projlen distribution:
    projlen=66: 1 braids
    projlen=67: 9 braids
    projlen=68: 22 braids
    projlen=69: 247 braids
    projlen=70: 241 braids
    projlen=71: 2348 braids
    projlen=72: 2209 braids
    projlen=73: 27546 braids
    projlen=74: 23363 braids
    projlen=75: 177906 braids
    projlen=76: 116874 braids
    projlen=77: 304348 braids
    projlen=78: 185398 braids
    projlen=79: 356140 braids
    projlen=80: 167637 braids
    projlen=81: 353764 braids
    projlen=82: 160272 braids
    projlen=83: 351121 braids
    projlen=84: 157767 braids
    projlen=85: 347627 braids
    projlen=86: 162435 braids
    projlen=87: 342583 braids
    projlen=88: 168471 braids
    projlen=89: 342314 braids
    projlen=90: 168131 braids
    projlen=91: 342595 braids
    projlen=92: 162841 braids
    projlen=93: 337497 braids
    projlen=94: 152737 braids
    projlen=95: 116291 braids
  Braids kept: 1105986 (in 30 buckets, 2.21 GB CPU)
  ⚡ Timing: matmul=0.14s, sampling=6.54s, total=10.21s
============================================================
Level 119 - SAMPLING
============================================================
  Starting braids: 955986
  Candidates to generate: 4970334
  Processing in 50 chunks...
  Projlen distribution:
    projlen=67: 9 braids
    projlen=68: 14 braids
    projlen=69: 112 braids
    projlen=70: 149 braids
    projlen=71: 1554 braids
    projlen=72: 1363 braids
    projlen=73: 14463 braids
    projlen=74: 11877 braids
    projlen=75: 137605 braids
    projlen=76: 102038 braids
    projlen=77: 298392 braids
    projlen=78: 183247 braids
    projlen=79: 356244 braids
    projlen=80: 179435 braids
    projlen=81: 350687 braids
    projlen=82: 165942 braids
    projlen=83: 349039 braids
    projlen=84: 160633 braids
    projlen=85: 347591 braids
    projlen=86: 158354 braids
    projlen=87: 345367 braids
    projlen=88: 165525 braids
    projlen=89: 341407 braids
    projlen=90: 174920 braids
    projlen=91: 339014 braids
    projlen=92: 174244 braids
    projlen=93: 334678 braids
    projlen=94: 162048 braids
    projlen=95: 114383 braids
  Braids kept: 1079541 (in 29 buckets, 2.16 GB CPU)
  ⚡ Timing: matmul=0.16s, sampling=6.50s, total=10.15s
============================================================
Level 120 - SAMPLING
============================================================
  Starting braids: 979541
  Candidates to generate: 5131477
  Processing in 52 chunks...
  Projlen distribution:
    projlen=66: 1 braids
    projlen=67: 4 braids
    projlen=68: 11 braids
    projlen=69: 95 braids
    projlen=70: 100 braids
    projlen=71: 894 braids
    projlen=72: 889 braids
    projlen=73: 9251 braids
    projlen=74: 7253 braids
    projlen=75: 75418 braids
    projlen=76: 52992 braids
    projlen=77: 268936 braids
    projlen=78: 192077 braids
    projlen=79: 355953 braids
    projlen=80: 179005 braids
    projlen=81: 351545 braids
    projlen=82: 175687 braids
    projlen=83: 345384 braids
    projlen=84: 168817 braids
    projlen=85: 345495 braids
    projlen=86: 163367 braids
    projlen=87: 345744 braids
    projlen=88: 160985 braids
    projlen=89: 343819 braids
    projlen=90: 169855 braids
    projlen=91: 338542 braids
    projlen=92: 181520 braids
    projlen=93: 332168 braids
    projlen=94: 180319 braids
    projlen=95: 301857 braids
    projlen=96: 83494 braids
  Braids kept: 1118498 (in 31 buckets, 2.26 GB CPU)
  ⚡ Timing: matmul=0.14s, sampling=6.86s, total=10.67s
============================================================
Level 121 - SAMPLING
============================================================
  Starting braids: 968498
  Candidates to generate: 5082300
  Processing in 51 chunks...
  Projlen distribution:
    projlen=67: 3 braids
    projlen=68: 3 braids
    projlen=69: 71 braids
    projlen=70: 78 braids
    projlen=71: 723 braids
    projlen=72: 679 braids
    projlen=73: 5792 braids
    projlen=74: 4719 braids
    projlen=75: 48892 braids
    projlen=76: 34038 braids
    projlen=77: 263316 braids
    projlen=78: 184820 braids
    projlen=79: 356847 braids
    projlen=80: 189913 braids
    projlen=81: 347796 braids
    projlen=82: 175406 braids
    projlen=83: 344274 braids
    projlen=84: 177754 braids
    projlen=85: 340050 braids
    projlen=86: 174668 braids
    projlen=87: 340140 braids
    projlen=88: 167201 braids
    projlen=89: 342758 braids
    projlen=90: 164016 braids
    projlen=91: 341046 braids
    projlen=92: 174977 braids
    projlen=93: 334117 braids
    projlen=94: 186508 braids
    projlen=95: 297419 braids
    projlen=96: 84276 braids
  Braids kept: 1094998 (in 30 buckets, 2.22 GB CPU)
  ⚡ Timing: matmul=0.15s, sampling=6.64s, total=10.40s
============================================================
Level 122 - SAMPLING
============================================================
  Starting braids: 994998
  Candidates to generate: 5219680
  Processing in 53 chunks...
  Projlen distribution:
    projlen=68: 2 braids
    projlen=69: 28 braids
    projlen=70: 36 braids
    projlen=71: 517 braids
    projlen=72: 472 braids
    projlen=73: 4721 braids
    projlen=74: 3827 braids
    projlen=75: 32964 braids
    projlen=76: 23716 braids
    projlen=77: 238146 braids
    projlen=78: 150711 braids
    projlen=79: 324165 braids
    projlen=80: 183753 braids
    projlen=81: 350720 braids
    projlen=82: 183020 braids
    projlen=83: 342562 braids
    projlen=84: 178897 braids
    projlen=85: 337824 braids
    projlen=86: 183410 braids
    projlen=87: 336279 braids
    projlen=88: 182665 braids
    projlen=89: 336499 braids
    projlen=90: 173252 braids
    projlen=91: 339543 braids
    projlen=92: 169572 braids
    projlen=93: 337419 braids
    projlen=94: 179848 braids
    projlen=95: 324932 braids
    projlen=96: 188216 braids
    projlen=97: 111964 braids
  Braids kept: 1116283 (in 30 buckets, 2.28 GB CPU)
  ⚡ Timing: matmul=0.18s, sampling=7.08s, total=11.04s
============================================================
Level 123 - SAMPLING
============================================================
  Starting braids: 966283
  Candidates to generate: 5080201
  Processing in 51 chunks...
  Projlen distribution:
    projlen=69: 4 braids
    projlen=70: 17 braids
    projlen=71: 183 braids
    projlen=72: 242 braids
    projlen=73: 3283 braids
    projlen=74: 2795 braids
    projlen=75: 27062 braids
    projlen=76: 19612 braids
    projlen=77: 164000 braids
    projlen=78: 103938 braids
    projlen=79: 301649 braids
    projlen=80: 176598 braids
    projlen=81: 358483 braids
    projlen=82: 176022 braids
    projlen=83: 345217 braids
    projlen=84: 185089 braids
    projlen=85: 335709 braids
    projlen=86: 185763 braids
    projlen=87: 332594 braids
    projlen=88: 191833 braids
    projlen=89: 330228 braids
    projlen=90: 192054 braids
    projlen=91: 332478 braids
    projlen=92: 181986 braids
    projlen=93: 335003 braids
    projlen=94: 176435 braids
    projlen=95: 329220 braids
    projlen=96: 180192 braids
    projlen=97: 112512 braids
  Braids kept: 1103198 (in 29 buckets, 2.26 GB CPU)
  ⚡ Timing: matmul=0.15s, sampling=6.91s, total=10.73s
============================================================
Level 124 - SAMPLING
============================================================
  Starting braids: 953198
  Candidates to generate: 5023182
  Processing in 51 chunks...
  Projlen distribution:
    projlen=70: 7 braids
    projlen=71: 64 braids
    projlen=72: 110 braids
    projlen=73: 1354 braids
    projlen=74: 1456 braids
    projlen=75: 18859 braids
    projlen=76: 14310 braids
    projlen=77: 134324 braids
    projlen=78: 86199 braids
    projlen=79: 291179 braids
    projlen=80: 176159 braids
    projlen=81: 361849 braids
    projlen=82: 169253 braids
    projlen=83: 352911 braids
    projlen=84: 172639 braids
    projlen=85: 340647 braids
    projlen=86: 191358 braids
    projlen=87: 329633 braids
    projlen=88: 195050 braids
    projlen=89: 326144 braids
    projlen=90: 200885 braids
    projlen=91: 323916 braids
    projlen=92: 202606 braids
    projlen=93: 325881 braids
    projlen=94: 191592 braids
    projlen=95: 324835 braids
    projlen=96: 177957 braids
    projlen=97: 112005 braids
  Braids kept: 1086160 (in 28 buckets, 2.24 GB CPU)
  ⚡ Timing: matmul=0.17s, sampling=6.82s, total=10.60s
============================================================
Level 125 - SAMPLING
============================================================
  Starting braids: 986160
  Candidates to generate: 5227826
  Processing in 53 chunks...
  Projlen distribution:
    projlen=69: 1 braids
    projlen=70: 6 braids
    projlen=71: 25 braids
    projlen=72: 73 braids
    projlen=73: 609 braids
    projlen=74: 734 braids
    projlen=75: 8926 braids
    projlen=76: 7642 braids
    projlen=77: 93369 braids
    projlen=78: 62434 braids
    projlen=79: 278536 braids
    projlen=80: 175116 braids
    projlen=81: 361644 braids
    projlen=82: 170727 braids
    projlen=83: 357319 braids
    projlen=84: 161490 braids
    projlen=85: 348837 braids
    projlen=86: 174185 braids
    projlen=87: 334723 braids
    projlen=88: 198103 braids
    projlen=89: 324590 braids
    projlen=90: 206057 braids
    projlen=91: 320038 braids
    projlen=92: 210769 braids
    projlen=93: 316809 braids
    projlen=94: 213719 braids
    projlen=95: 318749 braids
    projlen=96: 202369 braids
    projlen=97: 294317 braids
    projlen=98: 85910 braids
  Braids kept: 1118016 (in 30 buckets, 2.32 GB CPU)
  ⚡ Timing: matmul=0.15s, sampling=7.31s, total=11.28s
============================================================
Level 126 - SAMPLING
============================================================
  Starting braids: 968016
  Candidates to generate: 5126374
  Processing in 52 chunks...
  Projlen distribution:
    projlen=70: 8 braids
    projlen=71: 20 braids
    projlen=72: 54 braids
    projlen=73: 271 braids
    projlen=74: 497 braids
    projlen=75: 4425 braids
    projlen=76: 4312 braids
    projlen=77: 47539 braids
    projlen=78: 34689 braids
    projlen=79: 262715 braids
    projlen=80: 175583 braids
    projlen=81: 360475 braids
    projlen=82: 170668 braids
    projlen=83: 357323 braids
    projlen=84: 162239 braids
    projlen=85: 352672 braids
    projlen=86: 159325 braids
    projlen=87: 344365 braids
    projlen=88: 178609 braids
    projlen=89: 330031 braids
    projlen=90: 204720 braids
    projlen=91: 318554 braids
    projlen=92: 216163 braids
    projlen=93: 314253 braids
    projlen=94: 220545 braids
    projlen=95: 310628 braids
    projlen=96: 222062 braids
    projlen=97: 284650 braids
    projlen=98: 88979 braids
  Braids kept: 1091815 (in 29 buckets, 2.28 GB CPU)
  ⚡ Timing: matmul=0.14s, sampling=6.94s, total=10.85s
============================================================
Level 127 - SAMPLING
============================================================
  Starting braids: 991815
  Candidates to generate: 5247279
  Processing in 53 chunks...
  Projlen distribution:
    projlen=70: 3 braids
    projlen=71: 16 braids
    projlen=72: 54 braids
    projlen=73: 197 braids
    projlen=74: 362 braids
    projlen=75: 2121 braids
    projlen=76: 3053 braids
    projlen=77: 25855 braids
    projlen=78: 22577 braids
    projlen=79: 233554 braids
    projlen=80: 153202 braids
    projlen=81: 325193 braids
    projlen=82: 174246 braids
    projlen=83: 356665 braids
    projlen=84: 161004 braids
    projlen=85: 353270 braids
    projlen=86: 159827 braids
    projlen=87: 349529 braids
    projlen=88: 160601 braids
    projlen=89: 341163 braids
    projlen=90: 183559 braids
    projlen=91: 325718 braids
    projlen=92: 212126 braids
    projlen=93: 312594 braids
    projlen=94: 225328 braids
    projlen=95: 308310 braids
    projlen=96: 229309 braids
    projlen=97: 300109 braids
    projlen=98: 221449 braids
    projlen=99: 106285 braids
  Braids kept: 1104238 (in 30 buckets, 2.32 GB CPU)
  ⚡ Timing: matmul=0.15s, sampling=7.27s, total=11.30s
============================================================
Level 128 - SAMPLING
============================================================
  Starting braids: 954238
  Candidates to generate: 5037054
  Processing in 51 chunks...
  Projlen distribution:
    projlen=70: 1 braids
    projlen=71: 5 braids
    projlen=72: 25 braids
    projlen=73: 166 braids
    projlen=74: 323 braids
    projlen=75: 1460 braids
    projlen=76: 2176 braids
    projlen=77: 13832 braids
    projlen=78: 15988 braids
    projlen=79: 131342 braids
    projlen=80: 98297 braids
    projlen=81: 296536 braids
    projlen=82: 181297 braids
    projlen=83: 358458 braids
    projlen=84: 165788 braids
    projlen=85: 354585 braids
    projlen=86: 158561 braids
    projlen=87: 349431 braids
    projlen=88: 160262 braids
    projlen=89: 347039 braids
    projlen=90: 162730 braids
    projlen=91: 338493 braids
    projlen=92: 189689 braids
    projlen=93: 321688 braids
    projlen=94: 220291 braids
    projlen=95: 307490 braids
    projlen=96: 233591 braids
    projlen=97: 297110 braids
    projlen=98: 225142 braids
    projlen=99: 105258 braids
  Braids kept: 1083976 (in 30 buckets, 2.29 GB CPU)
  ⚡ Timing: matmul=0.14s, sampling=6.77s, total=10.59s
============================================================
Level 129 - SAMPLING
============================================================
  Starting braids: 983976
  Candidates to generate: 5207836
  Processing in 53 chunks...
  Projlen distribution:
    projlen=70: 1 braids
    projlen=71: 2 braids
    projlen=72: 5 braids
    projlen=73: 46 braids
    projlen=74: 140 braids
    projlen=75: 1217 braids
    projlen=76: 1826 braids
    projlen=77: 9506 braids
    projlen=78: 11672 braids
    projlen=79: 74184 braids
    projlen=80: 71185 braids
    projlen=81: 275933 braids
    projlen=82: 195474 braids
    projlen=83: 356170 braids
    projlen=84: 176217 braids
    projlen=85: 354613 braids
    projlen=86: 161519 braids
    projlen=87: 351380 braids
    projlen=88: 158783 braids
    projlen=89: 347336 braids
    projlen=90: 162275 braids
    projlen=91: 344009 braids
    projlen=92: 165884 braids
    projlen=93: 335761 braids
    projlen=94: 196494 braids
    projlen=95: 318991 braids
    projlen=96: 227314 braids
    projlen=97: 302556 braids
    projlen=98: 238684 braids
    projlen=99: 275809 braids
    projlen=100: 92850 braids
  Braids kept: 1124415 (in 31 buckets, 2.39 GB CPU)
  ⚡ Timing: matmul=0.16s, sampling=7.40s, total=11.39s
============================================================
Level 130 - SAMPLING
============================================================
  Starting braids: 974415
  Candidates to generate: 5152145
  Processing in 52 chunks...
  Projlen distribution:
    projlen=71: 3 braids
    projlen=72: 4 braids
    projlen=73: 29 braids
    projlen=74: 39 braids
    projlen=75: 353 braids
    projlen=76: 841 braids
    projlen=77: 7374 braids
    projlen=78: 9693 braids
    projlen=79: 51774 braids
    projlen=80: 55519 braids
    projlen=81: 257108 braids
    projlen=82: 220868 braids
    projlen=83: 345649 braids
    projlen=84: 194871 braids
    projlen=85: 348619 braids
    projlen=86: 172217 braids
    projlen=87: 349851 braids
    projlen=88: 161310 braids
    projlen=89: 348012 braids
    projlen=90: 160135 braids
    projlen=91: 345116 braids
    projlen=92: 165359 braids
    projlen=93: 341224 braids
    projlen=94: 170501 braids
    projlen=95: 331588 braids
    projlen=96: 202509 braids
    projlen=97: 313736 braids
    projlen=98: 229084 braids
    projlen=99: 276977 braids
    projlen=100: 91782 braids
  Braids kept: 1118336 (in 30 buckets, 2.38 GB CPU)
  ⚡ Timing: matmul=0.32s, sampling=7.18s, total=11.27s
============================================================
Level 131 - SAMPLING
============================================================
  Starting braids: 968336
  Candidates to generate: 5130374
  Processing in 52 chunks...
  Projlen distribution:
    projlen=71: 1 braids
    projlen=72: 1 braids
    projlen=73: 30 braids
    projlen=74: 44 braids
    projlen=75: 215 braids
    projlen=76: 335 braids
    projlen=77: 2415 braids
    projlen=78: 4634 braids
    projlen=79: 39819 braids
    projlen=80: 47679 braids
    projlen=81: 245920 braids
    projlen=82: 229658 braids
    projlen=83: 338469 braids
    projlen=84: 220435 braids
    projlen=85: 334986 braids
    projlen=86: 194269 braids
    projlen=87: 342111 braids
    projlen=88: 175424 braids
    projlen=89: 344272 braids
    projlen=90: 164065 braids
    projlen=91: 344611 braids
    projlen=92: 162277 braids
    projlen=93: 342570 braids
    projlen=94: 169897 braids
    projlen=95: 338216 braids
    projlen=96: 176814 braids
    projlen=97: 328134 braids
    projlen=98: 207460 braids
    projlen=99: 287863 braids
    projlen=100: 87750 braids
  Braids kept: 1095173 (in 30 buckets, 2.34 GB CPU)
  ⚡ Timing: matmul=0.14s, sampling=7.12s, total=11.01s
============================================================
Level 132 - SAMPLING
============================================================
  Starting braids: 995173
  Candidates to generate: 5270821
  Processing in 53 chunks...
  Projlen distribution:
    projlen=71: 3 braids
    projlen=72: 3 braids
    projlen=73: 15 braids
    projlen=74: 17 braids
    projlen=75: 208 braids
    projlen=76: 302 braids
    projlen=77: 1585 braids
    projlen=78: 2122 braids
    projlen=79: 15042 braids
    projlen=80: 23364 braids
    projlen=81: 192486 braids
    projlen=82: 206724 braids
    projlen=83: 328215 braids
    projlen=84: 229285 braids
    projlen=85: 324299 braids
    projlen=86: 216674 braids
    projlen=87: 327823 braids
    projlen=88: 202685 braids
    projlen=89: 332139 braids
    projlen=90: 183006 braids
    projlen=91: 338633 braids
    projlen=92: 169380 braids
    projlen=93: 341794 braids
    projlen=94: 166255 braids
    projlen=95: 339908 braids
    projlen=96: 175082 braids
    projlen=97: 334257 braids
    projlen=98: 184189 braids
    projlen=99: 319881 braids
    projlen=100: 204544 braids
    projlen=101: 110901 braids
  Braids kept: 1092661 (in 31 buckets, 2.36 GB CPU)
  ⚡ Timing: matmul=0.15s, sampling=7.43s, total=11.49s
============================================================
Level 133 - SAMPLING
============================================================
  Starting braids: 992661
  Candidates to generate: 5287651
  Processing in 53 chunks...
  Projlen distribution:
    projlen=72: 1 braids
    projlen=73: 18 braids
    projlen=74: 21 braids
    projlen=75: 117 braids
    projlen=76: 124 braids
    projlen=77: 1437 braids
    projlen=78: 1785 braids
    projlen=79: 10105 braids
    projlen=80: 11912 braids
    projlen=81: 75547 braids
    projlen=82: 99769 braids
    projlen=83: 271611 braids
    projlen=84: 235923 braids
    projlen=85: 321178 braids
    projlen=86: 225136 braids
    projlen=87: 317490 braids
    projlen=88: 222045 braids
    projlen=89: 317896 braids
    projlen=90: 212985 braids
    projlen=91: 324303 braids
    projlen=92: 194179 braids
    projlen=93: 333439 braids
    projlen=94: 176789 braids
    projlen=95: 338654 braids
    projlen=96: 172135 braids
    projlen=97: 336845 braids
    projlen=98: 182004 braids
    projlen=99: 329034 braids
    projlen=100: 192315 braids
    projlen=101: 297106 braids
    projlen=102: 85748 braids
  Braids kept: 1125520 (in 31 buckets, 2.45 GB CPU)
  ⚡ Timing: matmul=0.20s, sampling=7.70s, total=11.88s
============================================================
Level 134 - SAMPLING
============================================================
  Starting braids: 975520
  Candidates to generate: 5241578
  Processing in 53 chunks...
  Projlen distribution:
    projlen=73: 4 braids
    projlen=74: 8 braids
    projlen=75: 108 braids
    projlen=76: 107 braids
    projlen=77: 831 braids
    projlen=78: 853 braids
    projlen=79: 8510 braids
    projlen=80: 9649 braids
    projlen=81: 52818 braids
    projlen=82: 56475 braids
    projlen=83: 242919 braids
    projlen=84: 246653 braids
    projlen=85: 322701 braids
    projlen=86: 233031 braids
    projlen=87: 314800 braids
    projlen=88: 229818 braids
    projlen=89: 309106 braids
    projlen=90: 229598 braids
    projlen=91: 308834 braids
    projlen=92: 223139 braids
    projlen=93: 316093 braids
    projlen=94: 207055 braids
    projlen=95: 326630 braids
    projlen=96: 187276 braids
    projlen=97: 333206 braids
    projlen=98: 180081 braids
    projlen=99: 331259 braids
    projlen=100: 187546 braids
    projlen=101: 297636 braids
    projlen=102: 84834 braids
  Braids kept: 1120070 (in 30 buckets, 2.45 GB CPU)
  ⚡ Timing: matmul=0.17s, sampling=7.69s, total=11.79s
============================================================
Level 135 - SAMPLING
============================================================
  Starting braids: 970070
  Candidates to generate: 5251572
  Processing in 53 chunks...
  Projlen distribution:
    projlen=73: 4 braids
    projlen=74: 2 braids
    projlen=75: 52 braids
    projlen=76: 59 braids
    projlen=77: 654 braids
    projlen=78: 632 braids
    projlen=79: 5145 braids
    projlen=80: 4959 braids
    projlen=81: 45120 braids
    projlen=82: 47302 braids
    projlen=83: 241813 braids
    projlen=84: 230006 braids
    projlen=85: 327378 braids
    projlen=86: 241922 braids
    projlen=87: 311658 braids
    projlen=88: 234411 braids
    projlen=89: 308198 braids
    projlen=90: 235544 braids
    projlen=91: 301899 braids
    projlen=92: 237071 braids
    projlen=93: 302264 braids
    projlen=94: 233370 braids
    projlen=95: 307537 braids
    projlen=96: 219944 braids
    projlen=97: 318655 braids
    projlen=98: 198974 braids
    projlen=99: 326233 braids
    projlen=100: 188310 braids
    projlen=101: 298447 braids
    projlen=102: 84009 braids
  Braids kept: 1103929 (in 30 buckets, 2.42 GB CPU)
  ⚡ Timing: matmul=0.15s, sampling=7.58s, total=11.70s
============================================================
Level 136 - SAMPLING
============================================================
  Starting braids: 953929
  Candidates to generate: 5192667
  Processing in 52 chunks...
  Projlen distribution:
    projlen=72: 1 braids
    projlen=73: 2 braids
    projlen=74: 4 braids
    projlen=75: 25 braids
    projlen=76: 23 braids
    projlen=77: 384 braids
    projlen=78: 388 braids
    projlen=79: 3909 braids
    projlen=80: 3607 braids
    projlen=81: 29141 braids
    projlen=82: 25817 braids
    projlen=83: 217770 braids
    projlen=84: 205017 braids
    projlen=85: 326475 braids
    projlen=86: 231379 braids
    projlen=87: 317177 braids
    projlen=88: 236114 braids
    projlen=89: 306345 braids
    projlen=90: 240196 braids
    projlen=91: 299896 braids
    projlen=92: 241781 braids
    projlen=93: 296830 braids
    projlen=94: 244377 braids
    projlen=95: 296717 braids
    projlen=96: 241556 braids
    projlen=97: 299894 braids
    projlen=98: 231193 braids
    projlen=99: 309816 braids
    projlen=100: 211167 braids
    projlen=101: 289447 braids
    projlen=102: 86219 braids
  Braids kept: 1063301 (in 31 buckets, 2.34 GB CPU)
  ⚡ Timing: matmul=0.16s, sampling=7.41s, total=11.44s
============================================================
Level 137 - SAMPLING
============================================================
  Starting braids: 963301
  Candidates to generate: 5239791
  Processing in 53 chunks...
  Projlen distribution:
    projlen=72: 1 braids
    projlen=73: 2 braids
    projlen=74: 4 braids
    projlen=75: 20 braids
    projlen=76: 24 braids
    projlen=77: 160 braids
    projlen=78: 165 braids
    projlen=79: 2487 braids
    projlen=80: 2325 braids
    projlen=81: 22265 braids
    projlen=82: 18899 braids
    projlen=83: 143867 braids
    projlen=84: 112806 braids
    projlen=85: 285989 braids
    projlen=86: 222378 braids
    projlen=87: 323521 braids
    projlen=88: 226311 braids
    projlen=89: 311706 braids
    projlen=90: 237862 braids
    projlen=91: 299708 braids
    projlen=92: 244822 braids
    projlen=93: 294766 braids
    projlen=94: 247862 braids
    projlen=95: 291974 braids
    projlen=96: 250949 braids
    projlen=97: 291672 braids
    projlen=98: 249134 braids
    projlen=99: 294880 braids
    projlen=100: 240762 braids
    projlen=101: 298457 braids
    projlen=102: 217085 braids
    projlen=103: 106928 braids
  Braids kept: 1096352 (in 32 buckets, 2.43 GB CPU)
  ⚡ Timing: matmul=0.15s, sampling=7.75s, total=11.90s
============================================================
Level 138 - SAMPLING
============================================================
  Starting braids: 996352
  Candidates to generate: 5431322
  Processing in 55 chunks...
  Projlen distribution:
    projlen=72: 1 braids
    projlen=73: 2 braids
    projlen=74: 5 braids
    projlen=75: 25 braids
    projlen=76: 20 braids
    projlen=77: 151 braids
    projlen=78: 138 braids
    projlen=79: 1082 braids
    projlen=80: 1126 braids
    projlen=81: 14694 braids
    projlen=82: 12447 braids
    projlen=83: 110453 braids
    projlen=84: 83557 braids
    projlen=85: 276720 braids
    projlen=86: 202815 braids
    projlen=87: 338021 braids
    projlen=88: 218670 braids
    projlen=89: 318959 braids
    projlen=90: 229352 braids
    projlen=91: 304884 braids
    projlen=92: 241262 braids
    projlen=93: 295049 braids
    projlen=94: 249756 braids
    projlen=95: 289589 braids
    projlen=96: 253529 braids
    projlen=97: 288381 braids
    projlen=98: 255902 braids
    projlen=99: 288043 braids
    projlen=100: 255288 braids
    projlen=101: 288028 braids
    projlen=102: 246892 braids
    projlen=103: 273063 braids
    projlen=104: 93418 braids
  Braids kept: 1129691 (in 33 buckets, 2.52 GB CPU)
  ⚡ Timing: matmul=0.14s, sampling=8.06s, total=12.35s
============================================================
Level 139 - SAMPLING
============================================================
  Starting braids: 979691
  Candidates to generate: 5330117
  Processing in 54 chunks...
  Projlen distribution:
    projlen=73: 4 braids
    projlen=74: 3 braids
    projlen=75: 28 braids
    projlen=76: 25 braids
    projlen=77: 164 braids
    projlen=78: 124 braids
    projlen=79: 964 braids
    projlen=80: 886 braids
    projlen=81: 6978 braids
    projlen=82: 6375 braids
    projlen=83: 74434 braids
    projlen=84: 55618 braids
    projlen=85: 265621 braids
    projlen=86: 195777 braids
    projlen=87: 345867 braids
    projlen=88: 202061 braids
    projlen=89: 330754 braids
    projlen=90: 215718 braids
    projlen=91: 312483 braids
    projlen=92: 234701 braids
    projlen=93: 299374 braids
    projlen=94: 245908 braids
    projlen=95: 292129 braids
    projlen=96: 254088 braids
    projlen=97: 287641 braids
    projlen=98: 258100 braids
    projlen=99: 284358 braids
    projlen=100: 258201 braids
    projlen=101: 284026 braids
    projlen=102: 257279 braids
    projlen=103: 265119 braids
    projlen=104: 95309 braids
  Braids kept: 1115551 (in 32 buckets, 2.50 GB CPU)
  ⚡ Timing: matmul=0.14s, sampling=7.98s, total=12.21s
============================================================
Level 140 - SAMPLING
============================================================
  Starting braids: 965551
  Candidates to generate: 5243451
  Processing in 53 chunks...
  Projlen distribution:
    projlen=73: 5 braids
    projlen=74: 3 braids
    projlen=75: 24 braids
    projlen=76: 19 braids
    projlen=77: 180 braids
    projlen=78: 145 braids
    projlen=79: 926 braids
    projlen=80: 747 braids
    projlen=81: 5923 braids
    projlen=82: 4923 braids
    projlen=83: 37901 braids
    projlen=84: 30116 braids
    projlen=85: 254561 braids
    projlen=86: 190202 braids
    projlen=87: 350979 braids
    projlen=88: 195750 braids
    projlen=89: 339096 braids
    projlen=90: 200344 braids
    projlen=91: 325313 braids
    projlen=92: 219443 braids
    projlen=93: 307903 braids
    projlen=94: 239824 braids
    projlen=95: 294690 braids
    projlen=96: 251682 braids
    projlen=97: 289485 braids
    projlen=98: 258360 braids
    projlen=99: 285457 braids
    projlen=100: 261437 braids
    projlen=101: 282021 braids
    projlen=102: 258759 braids
    projlen=103: 261431 braids
    projlen=104: 95802 braids
  Braids kept: 1080912 (in 32 buckets, 2.43 GB CPU)
  ⚡ Timing: matmul=0.15s, sampling=7.67s, total=11.81s
============================================================
Level 141 - SAMPLING
============================================================
  Starting braids: 980912
  Candidates to generate: 5317816
  Processing in 54 chunks...
  Projlen distribution:
    projlen=73: 6 braids
    projlen=74: 3 braids
    projlen=75: 28 braids
    projlen=76: 15 braids
    projlen=77: 149 braids
    projlen=78: 110 braids
    projlen=79: 1015 braids
    projlen=80: 769 braids
    projlen=81: 5317 braids
    projlen=82: 4096 braids
    projlen=83: 32760 braids
    projlen=84: 24950 braids
    projlen=85: 186153 braids
    projlen=86: 131812 braids
    projlen=87: 307456 braids
    projlen=88: 192644 braids
    projlen=89: 343622 braids
    projlen=90: 190199 braids
    projlen=91: 332881 braids
    projlen=92: 205596 braids
    projlen=93: 319281 braids
    projlen=94: 226604 braids
    projlen=95: 303884 braids
    projlen=96: 244247 braids
    projlen=97: 291378 braids
    projlen=98: 254912 braids
    projlen=99: 286532 braids
    projlen=100: 260253 braids
    projlen=101: 282339 braids
    projlen=102: 262647 braids
    projlen=103: 277198 braids
    projlen=104: 248110 braids
    projlen=105: 100850 braids
  Braids kept: 1119218 (in 33 buckets, 2.53 GB CPU)
  ⚡ Timing: matmul=0.15s, sampling=8.01s, total=12.28s
============================================================
Level 142 - SAMPLING
============================================================
  Starting braids: 969218
  Candidates to generate: 5243010
  Processing in 53 chunks...
  Projlen distribution:
    projlen=74: 1 braids
    projlen=75: 33 braids
    projlen=76: 22 braids
    projlen=77: 153 braids
    projlen=78: 99 braids
    projlen=79: 832 braids
    projlen=80: 642 braids
    projlen=81: 5556 braids
    projlen=82: 4026 braids
    projlen=83: 29209 braids
    projlen=84: 21055 braids
    projlen=85: 161428 braids
    projlen=86: 110487 braids
    projlen=87: 295402 braids
    projlen=88: 192045 braids
    projlen=89: 349726 braids
    projlen=90: 188321 braids
    projlen=91: 338372 braids
    projlen=92: 194182 braids
    projlen=93: 325427 braids
    projlen=94: 212143 braids
    projlen=95: 313519 braids
    projlen=96: 232271 braids
    projlen=97: 299892 braids
    projlen=98: 248721 braids
    projlen=99: 288553 braids
    projlen=100: 258791 braids
    projlen=101: 284041 braids
    projlen=102: 261521 braids
    projlen=103: 277556 braids
    projlen=104: 248960 braids
    projlen=105: 100024 braids
  Braids kept: 1111628 (in 32 buckets, 2.52 GB CPU)
  ⚡ Timing: matmul=0.15s, sampling=7.86s, total=12.03s
============================================================
Level 143 - SAMPLING
============================================================
  Starting braids: 961628
  Candidates to generate: 5187216
  Processing in 52 chunks...
  Projlen distribution:
    projlen=76: 2 braids
    projlen=77: 164 braids
    projlen=78: 115 braids
    projlen=79: 816 braids
    projlen=80: 564 braids
    projlen=81: 4632 braids
    projlen=82: 3463 braids
    projlen=83: 29367 braids
    projlen=84: 20323 braids
    projlen=85: 145513 braids
    projlen=86: 95027 braids
    projlen=87: 288453 braids
    projlen=88: 186356 braids
    projlen=89: 350284 braids
    projlen=90: 188542 braids
    projlen=91: 342359 braids
    projlen=92: 187453 braids
    projlen=93: 333025 braids
    projlen=94: 200814 braids
    projlen=95: 321091 braids
    projlen=96: 220614 braids
    projlen=97: 308080 braids
    projlen=98: 237512 braids
    projlen=99: 295365 braids
    projlen=100: 253139 braids
    projlen=101: 287463 braids
    projlen=102: 260572 braids
    projlen=103: 278148 braids
    projlen=104: 248110 braids
    projlen=105: 99850 braids
  Braids kept: 1109446 (in 30 buckets, 2.52 GB CPU)
  ⚡ Timing: matmul=0.16s, sampling=7.66s, total=11.78s
============================================================
Level 144 - SAMPLING
============================================================
  Starting braids: 959446
  Candidates to generate: 5157656
  Processing in 52 chunks...
  Projlen distribution:
    projlen=78: 7 braids
    projlen=79: 794 braids
    projlen=80: 593 braids
    projlen=81: 4397 braids
    projlen=82: 3062 braids
    projlen=83: 24798 braids
    projlen=84: 17411 braids
    projlen=85: 143389 braids
    projlen=86: 91753 braids
    projlen=87: 288810 braids
    projlen=88: 182865 braids
    projlen=89: 355354 braids
    projlen=90: 183830 braids
    projlen=91: 344662 braids
    projlen=92: 186728 braids
    projlen=93: 336502 braids
    projlen=94: 194202 braids
    projlen=95: 326641 braids
    projlen=96: 208067 braids
    projlen=97: 314742 braids
    projlen=98: 227513 braids
    projlen=99: 302735 braids
    projlen=100: 243350 braids
    projlen=101: 291704 braids
    projlen=102: 255466 braids
    projlen=103: 281014 braids
    projlen=104: 246804 braids
    projlen=105: 100463 braids
  Braids kept: 1101062 (in 28 buckets, 2.51 GB CPU)
  ⚡ Timing: matmul=0.18s, sampling=7.67s, total=11.81s
============================================================
Level 145 - SAMPLING
============================================================
  Starting braids: 951062
  Candidates to generate: 5088508
  Processing in 51 chunks...
  Projlen distribution:
    projlen=79: 22 braids
    projlen=80: 59 braids
    projlen=81: 3963 braids
    projlen=82: 3041 braids
    projlen=83: 23235 braids
    projlen=84: 15477 braids
    projlen=85: 121724 braids
    projlen=86: 78530 braids
    projlen=87: 281466 braids
    projlen=88: 177630 braids
    projlen=89: 357653 braids
    projlen=90: 180034 braids
    projlen=91: 349184 braids
    projlen=92: 179839 braids
    projlen=93: 338144 braids
    projlen=94: 190779 braids
    projlen=95: 328199 braids
    projlen=96: 201758 braids
    projlen=97: 320077 braids
    projlen=98: 216973 braids
    projlen=99: 310310 braids
    projlen=100: 234876 braids
    projlen=101: 298662 braids
    projlen=102: 247640 braids
    projlen=103: 285480 braids
    projlen=104: 242163 braids
    projlen=105: 101590 braids
  Braids kept: 1095797 (in 27 buckets, 2.50 GB CPU)
  ⚡ Timing: matmul=0.16s, sampling=7.50s, total=11.52s
============================================================
Level 146 - SAMPLING
============================================================
  Starting braids: 995797
  Candidates to generate: 5319973
  Processing in 54 chunks...
  Projlen distribution:
    projlen=79: 3 braids
    projlen=80: 13 braids
    projlen=81: 280 braids
    projlen=82: 491 braids
    projlen=83: 20016 braids
    projlen=84: 14776 braids
    projlen=85: 112793 braids
    projlen=86: 70388 braids
    projlen=87: 277558 braids
    projlen=88: 178789 braids
    projlen=89: 357727 braids
    projlen=90: 175507 braids
    projlen=91: 352190 braids
    projlen=92: 174583 braids
    projlen=93: 343379 braids
    projlen=94: 182611 braids
    projlen=95: 333037 braids
    projlen=96: 198901 braids
    projlen=97: 322912 braids
    projlen=98: 211975 braids
    projlen=99: 314103 braids
    projlen=100: 225621 braids
    projlen=101: 304781 braids
    projlen=102: 239722 braids
    projlen=103: 293726 braids
    projlen=104: 249047 braids
    projlen=105: 269244 braids
    projlen=106: 95800 braids
  Braids kept: 1135579 (in 28 buckets, 2.61 GB CPU)
  ⚡ Timing: matmul=0.14s, sampling=8.16s, total=12.46s
============================================================
Level 147 - SAMPLING
============================================================
  Starting braids: 985579
  Candidates to generate: 5245143
  Processing in 53 chunks...
  Projlen distribution:
    projlen=80: 3 braids
    projlen=81: 82 braids
    projlen=82: 158 braids
    projlen=83: 2631 braids
    projlen=84: 2906 braids
    projlen=85: 94954 braids
    projlen=86: 65287 braids
    projlen=87: 274754 braids
    projlen=88: 173139 braids
    projlen=89: 358637 braids
    projlen=90: 177012 braids
    projlen=91: 353689 braids
    projlen=92: 169351 braids
    projlen=93: 347025 braids
    projlen=94: 175819 braids
    projlen=95: 338595 braids
    projlen=96: 189093 braids
    projlen=97: 328291 braids
    projlen=98: 206832 braids
    projlen=99: 316839 braids
    projlen=100: 221175 braids
    projlen=101: 308699 braids
    projlen=102: 233923 braids
    projlen=103: 299332 braids
    projlen=104: 242733 braids
    projlen=105: 270467 braids
    projlen=106: 93717 braids
  Braids kept: 1105780 (in 27 buckets, 2.55 GB CPU)
  ⚡ Timing: matmul=0.15s, sampling=8.04s, total=12.27s
============================================================
Level 148 - SAMPLING
============================================================
  Starting braids: 955780
  Candidates to generate: 5072780
  Processing in 51 chunks...
  Projlen distribution:
    projlen=80: 3 braids
    projlen=81: 26 braids
    projlen=82: 75 braids
    projlen=83: 1050 braids
    projlen=84: 1263 braids
    projlen=85: 16358 braids
    projlen=86: 13603 braids
    projlen=87: 250146 braids
    projlen=88: 177044 braids
    projlen=89: 358508 braids
    projlen=90: 172672 braids
    projlen=91: 353129 braids
    projlen=92: 169446 braids
    projlen=93: 348265 braids
    projlen=94: 170003 braids
    projlen=95: 341168 braids
    projlen=96: 180383 braids
    projlen=97: 333557 braids
    projlen=98: 196756 braids
    projlen=99: 323961 braids
    projlen=100: 215825 braids
    projlen=101: 311986 braids
    projlen=102: 229708 braids
    projlen=103: 302080 braids
    projlen=104: 238800 braids
    projlen=105: 274559 braids
    projlen=106: 92406 braids
  Braids kept: 1032378 (in 27 buckets, 2.40 GB CPU)
  ⚡ Timing: matmul=0.15s, sampling=7.51s, total=11.63s
============================================================
Level 149 - SAMPLING
============================================================
  Starting braids: 982378
  Candidates to generate: 5221920
  Processing in 53 chunks...
  Projlen distribution:
    projlen=81: 13 braids
    projlen=82: 33 braids
    projlen=83: 468 braids
    projlen=84: 670 braids
    projlen=85: 7744 braids
    projlen=86: 6937 braids
    projlen=87: 85710 braids
    projlen=88: 58925 braids
    projlen=89: 275792 braids
    projlen=90: 177502 braids
    projlen=91: 356090 braids
    projlen=92: 165235 braids
    projlen=93: 349119 braids
    projlen=94: 169131 braids
    projlen=95: 343713 braids
    projlen=96: 174640 braids
    projlen=97: 336901 braids
    projlen=98: 187528 braids
    projlen=99: 328005 braids
    projlen=100: 204917 braids
    projlen=101: 318319 braids
    projlen=102: 223687 braids
    projlen=103: 307271 braids
    projlen=104: 237542 braids
    projlen=105: 296763 braids
    projlen=106: 244891 braids
    projlen=107: 269919 braids
    projlen=108: 94455 braids
  Braids kept: 1115865 (in 28 buckets, 2.62 GB CPU)
  ⚡ Timing: matmul=0.14s, sampling=8.19s, total=12.47s
============================================================
Level 150 - SAMPLING
============================================================
  Starting braids: 965865
  Candidates to generate: 5135041
  Processing in 52 chunks...
  Projlen distribution:
    projlen=81: 8 braids
    projlen=82: 14 braids
    projlen=83: 242 braids
    projlen=84: 351 braids
    projlen=85: 3920 braids
    projlen=86: 3956 braids
    projlen=87: 43595 braids
    projlen=88: 31929 braids
    projlen=89: 264904 braids
    projlen=90: 182299 braids
    projlen=91: 363245 braids
    projlen=92: 173884 braids
    projlen=93: 352278 braids
    projlen=94: 164048 braids
    projlen=95: 344846 braids
    projlen=96: 172027 braids
    projlen=97: 338555 braids
    projlen=98: 180753 braids
    projlen=99: 332197 braids
    projlen=100: 195279 braids
    projlen=101: 323368 braids
    projlen=102: 213969 braids
    projlen=103: 311679 braids
    projlen=104: 230269 braids
    projlen=105: 301231 braids
    projlen=106: 240852 braids
    projlen=107: 272551 braids
    projlen=108: 92792 braids
  Braids kept: 1084015 (in 28 buckets, 2.56 GB CPU)
  ⚡ Timing: matmul=0.14s, sampling=7.59s, total=11.71s
============================================================
Level 151 - SAMPLING
============================================================
  Starting braids: 984015
  Candidates to generate: 5234577
  Processing in 53 chunks...
  Projlen distribution:
    projlen=81: 3 braids
    projlen=82: 5 braids
    projlen=83: 116 braids
    projlen=84: 179 braids
    projlen=85: 2143 braids
    projlen=86: 2309 braids
    projlen=87: 24886 braids
    projlen=88: 20199 braids
    projlen=89: 217410 braids
    projlen=90: 140738 braids
    projlen=91: 321779 braids
    projlen=92: 178808 braids
    projlen=93: 357488 braids
    projlen=94: 165958 braids
    projlen=95: 348874 braids
    projlen=96: 165574 braids
    projlen=97: 340549 braids
    projlen=98: 177375 braids
    projlen=99: 333813 braids
    projlen=100: 188335 braids
    projlen=101: 326957 braids
    projlen=102: 204207 braids
    projlen=103: 317589 braids
    projlen=104: 222289 braids
    projlen=105: 307283 braids
    projlen=106: 236659 braids
    projlen=107: 293945 braids
    projlen=108: 234543 braids
    projlen=109: 104564 braids
  Braids kept: 1099840 (in 29 buckets, 2.62 GB CPU)
  ⚡ Timing: matmul=0.14s, sampling=8.08s, total=12.37s
============================================================
Level 152 - SAMPLING
============================================================
  Starting braids: 999840
  Candidates to generate: 5316732
  Processing in 54 chunks...
  Projlen distribution:
    projlen=82: 4 braids
    projlen=83: 33 braids
    projlen=84: 94 braids
    projlen=85: 1062 braids
    projlen=86: 1268 braids
    projlen=87: 14650 braids
    projlen=88: 12292 braids
    projlen=89: 128874 braids
    projlen=90: 86921 braids
    projlen=91: 295276 braids
    projlen=92: 178462 braids
    projlen=93: 360948 braids
    projlen=94: 170532 braids
    projlen=95: 352668 braids
    projlen=96: 165402 braids
    projlen=97: 345788 braids
    projlen=98: 169375 braids
    projlen=99: 338047 braids
    projlen=100: 184351 braids
    projlen=101: 329452 braids
    projlen=102: 197679 braids
    projlen=103: 321432 braids
    projlen=104: 212784 braids
    projlen=105: 311965 braids
    projlen=106: 230086 braids
    projlen=107: 300101 braids
    projlen=108: 240034 braids
    projlen=109: 273629 braids
    projlen=110: 93523 braids
  Braids kept: 1129403 (in 29 buckets, 2.71 GB CPU)
  ⚡ Timing: matmul=0.17s, sampling=8.16s, total=12.57s
============================================================
Level 153 - SAMPLING
============================================================
  Starting braids: 979403
  Candidates to generate: 5199701
  Processing in 52 chunks...
  Projlen distribution:
    projlen=82: 2 braids
    projlen=83: 6 braids
    projlen=84: 46 braids
    projlen=85: 425 braids
    projlen=86: 702 braids
    projlen=87: 7873 braids
    projlen=88: 7052 braids
    projlen=89: 78458 braids
    projlen=90: 54294 braids
    projlen=91: 278219 braids
    projlen=92: 179664 braids
    projlen=93: 363707 braids
    projlen=94: 171368 braids
    projlen=95: 356222 braids
    projlen=96: 165907 braids
    projlen=97: 347070 braids
    projlen=98: 166657 braids
    projlen=99: 341109 braids
    projlen=100: 174177 braids
    projlen=101: 333938 braids
    projlen=102: 192101 braids
    projlen=103: 324987 braids
    projlen=104: 207493 braids
    projlen=105: 316828 braids
    projlen=106: 221867 braids
    projlen=107: 306467 braids
    projlen=108: 234719 braids
    projlen=109: 276393 braids
    projlen=110: 91950 braids
  Braids kept: 1116106 (in 29 buckets, 2.68 GB CPU)
  ⚡ Timing: matmul=0.19s, sampling=7.94s, total=12.18s
============================================================
Level 154 - SAMPLING
============================================================
  Starting braids: 966106
  Candidates to generate: 5124640
  Processing in 52 chunks...
  Projlen distribution:
    projlen=82: 1 braids
    projlen=83: 5 braids
    projlen=84: 26 braids
    projlen=85: 167 braids
    projlen=86: 348 braids
    projlen=87: 3735 braids
    projlen=88: 4024 braids
    projlen=89: 44282 braids
    projlen=90: 32891 braids
    projlen=91: 268358 braids
    projlen=92: 180505 braids
    projlen=93: 365201 braids
    projlen=94: 174106 braids
    projlen=95: 358996 braids
    projlen=96: 163328 braids
    projlen=97: 350733 braids
    projlen=98: 165380 braids
    projlen=99: 343965 braids
    projlen=100: 171870 braids
    projlen=101: 337950 braids
    projlen=102: 181066 braids
    projlen=103: 330809 braids
    projlen=104: 200434 braids
    projlen=105: 320196 braids
    projlen=106: 217627 braids
    projlen=107: 310227 braids
    projlen=108: 226992 braids
    projlen=109: 280651 braids
    projlen=110: 90767 braids
  Braids kept: 1085479 (in 29 buckets, 2.62 GB CPU)
  ⚡ Timing: matmul=0.14s, sampling=7.72s, total=11.88s
============================================================
Level 155 - SAMPLING
============================================================
  Starting braids: 985479
  Candidates to generate: 5212055
  Processing in 53 chunks...
  Projlen distribution:
    projlen=83: 4 braids
    projlen=84: 13 braids
    projlen=85: 125 braids
    projlen=86: 201 braids
    projlen=87: 1711 braids
    projlen=88: 2283 braids
    projlen=89: 23388 braids
    projlen=90: 20784 braids
    projlen=91: 219888 braids
    projlen=92: 143807 braids
    projlen=93: 323079 braids
    projlen=94: 175290 braids
    projlen=95: 359217 braids
    projlen=96: 163419 braids
    projlen=97: 354050 braids
    projlen=98: 160735 braids
    projlen=99: 347680 braids
    projlen=100: 168981 braids
    projlen=101: 340358 braids
    projlen=102: 177320 braids
    projlen=103: 333921 braids
    projlen=104: 189009 braids
    projlen=105: 325585 braids
    projlen=106: 208374 braids
    projlen=107: 315118 braids
    projlen=108: 225764 braids
    projlen=109: 301624 braids
    projlen=110: 223947 braids
    projlen=111: 106380 braids
  Braids kept: 1098509 (in 29 buckets, 2.67 GB CPU)
  ⚡ Timing: matmul=0.20s, sampling=8.19s, total=12.58s
============================================================
Level 156 - SAMPLING
============================================================
  Starting braids: 998509
  Candidates to generate: 5275143
  Processing in 53 chunks...
  Projlen distribution:
    projlen=83: 6 braids
    projlen=84: 4 braids
    projlen=85: 97 braids
    projlen=86: 136 braids
    projlen=87: 1065 braids
    projlen=88: 1360 braids
    projlen=89: 11911 braids
    projlen=90: 12227 braids
    projlen=91: 120215 braids
    projlen=92: 88582 braids
    projlen=93: 293873 braids
    projlen=94: 179683 braids
    projlen=95: 360991 braids
    projlen=96: 166349 braids
    projlen=97: 355367 braids
    projlen=98: 160239 braids
    projlen=99: 348821 braids
    projlen=100: 161049 braids
    projlen=101: 343772 braids
    projlen=102: 173565 braids
    projlen=103: 336649 braids
    projlen=104: 184803 braids
    projlen=105: 328740 braids
    projlen=106: 197970 braids
    projlen=107: 320313 braids
    projlen=108: 216493 braids
    projlen=109: 308619 braids
    projlen=110: 230959 braids
    projlen=111: 279253 braids
    projlen=112: 92032 braids
  Braids kept: 1126806 (in 30 buckets, 2.76 GB CPU)
  ⚡ Timing: matmul=0.16s, sampling=8.19s, total=12.53s
============================================================
Level 157 - SAMPLING
============================================================
  Starting braids: 976806
  Candidates to generate: 5157126
  Processing in 52 chunks...
  Projlen distribution:
    projlen=83: 5 braids
    projlen=84: 8 braids
    projlen=85: 53 braids
    projlen=86: 60 braids
    projlen=87: 814 braids
    projlen=88: 848 braids
    projlen=89: 7530 braids
    projlen=90: 7441 braids
    projlen=91: 64565 braids
    projlen=92: 53612 braids
    projlen=93: 271658 braids
    projlen=94: 191440 braids
    projlen=95: 359342 braids
    projlen=96: 174140 braids
    projlen=97: 356169 braids
    projlen=98: 160349 braids
    projlen=99: 351139 braids
    projlen=100: 160732 braids
    projlen=101: 346393 braids
    projlen=102: 163554 braids
    projlen=103: 340935 braids
    projlen=104: 179185 braids
    projlen=105: 333113 braids
    projlen=106: 193311 braids
    projlen=107: 324668 braids
    projlen=108: 207306 braids
    projlen=109: 314074 braids
    projlen=110: 222960 braids
    projlen=111: 282017 braids
    projlen=112: 89705 braids
  Braids kept: 1116759 (in 30 buckets, 2.74 GB CPU)
  ⚡ Timing: matmul=0.29s, sampling=8.16s, total=12.55s
============================================================
Level 158 - SAMPLING
============================================================
  Starting braids: 966759
  Candidates to generate: 5108433
  Processing in 52 chunks...
  Projlen distribution:
    projlen=84: 3 braids
    projlen=85: 45 braids
    projlen=86: 59 braids
    projlen=87: 467 braids
    projlen=88: 474 braids
    projlen=89: 5478 braids
    projlen=90: 4823 braids
    projlen=91: 42899 braids
    projlen=92: 35998 braids
    projlen=93: 258055 braids
    projlen=94: 201019 braids
    projlen=95: 354616 braids
    projlen=96: 188825 braids
    projlen=97: 353251 braids
    projlen=98: 167460 braids
    projlen=99: 351214 braids
    projlen=100: 159031 braids
    projlen=101: 348486 braids
    projlen=102: 162111 braids
    projlen=103: 343597 braids
    projlen=104: 167510 braids
    projlen=105: 338145 braids
    projlen=106: 185650 braids
    projlen=107: 327588 braids
    projlen=108: 202302 braids
    projlen=109: 318927 braids
    projlen=110: 215158 braids
    projlen=111: 286578 braids
    projlen=112: 88664 braids
  Braids kept: 1090246 (in 29 buckets, 2.69 GB CPU)
  ⚡ Timing: matmul=0.14s, sampling=7.89s, total=12.08s
============================================================
Level 159 - SAMPLING
============================================================
  Starting braids: 990246
  Candidates to generate: 5229738
  Processing in 53 chunks...
  Projlen distribution:
    projlen=83: 1 braids
    projlen=85: 15 braids
    projlen=86: 22 braids
    projlen=87: 390 braids
    projlen=88: 383 braids
    projlen=89: 3295 braids
    projlen=90: 2878 braids
    projlen=91: 31925 braids
    projlen=92: 24826 braids
    projlen=93: 215074 braids
    projlen=94: 157161 braids
    projlen=95: 321729 braids
    projlen=96: 201273 braids
    projlen=97: 346524 braids
    projlen=98: 183838 braids
    projlen=99: 346911 braids
    projlen=100: 168339 braids
    projlen=101: 346302 braids
    projlen=102: 160548 braids
    projlen=103: 346273 braids
    projlen=104: 164917 braids
    projlen=105: 341281 braids
    projlen=106: 172868 braids
    projlen=107: 333588 braids
    projlen=108: 192888 braids
    projlen=109: 323405 braids
    projlen=110: 211043 braids
    projlen=111: 309470 braids
    projlen=112: 214475 braids
    projlen=113: 108096 braids
  Braids kept: 1113735 (in 30 buckets, 2.76 GB CPU)
  ⚡ Timing: matmul=0.14s, sampling=8.27s, total=12.62s
============================================================
Level 160 - SAMPLING
============================================================
  Starting braids: 963735
  Candidates to generate: 5086959
  Processing in 51 chunks...
  Projlen distribution:
    projlen=83: 3 braids
    projlen=84: 4 braids
    projlen=85: 12 braids
    projlen=86: 20 braids
    projlen=87: 169 braids
    projlen=88: 199 braids
    projlen=89: 2518 braids
    projlen=90: 2246 braids
    projlen=91: 20076 braids
    projlen=92: 15550 braids
    projlen=93: 160037 braids
    projlen=94: 108090 braids
    projlen=95: 299647 braids
    projlen=96: 195342 braids
    projlen=97: 347585 braids
    projlen=98: 195029 braids
    projlen=99: 339193 braids
    projlen=100: 188219 braids
    projlen=101: 338996 braids
    projlen=102: 172816 braids
    projlen=103: 342734 braids
    projlen=104: 164034 braids
    projlen=105: 343457 braids
    projlen=106: 169129 braids
    projlen=107: 338931 braids
    projlen=108: 179492 braids
    projlen=109: 329777 braids
    projlen=110: 200773 braids
    projlen=111: 314309 braids
    projlen=112: 209926 braids
    projlen=113: 108646 braids
  Braids kept: 1090797 (in 31 buckets, 2.72 GB CPU)
  ⚡ Timing: matmul=0.16s, sampling=7.93s, total=12.16s
============================================================
Level 161 - SAMPLING
============================================================
  Starting braids: 990797
  Candidates to generate: 5242733
  Processing in 53 chunks...
  Projlen distribution:
    projlen=85: 29 braids
    projlen=86: 28 braids
    projlen=87: 126 braids
    projlen=88: 141 braids
    projlen=89: 1292 braids
    projlen=90: 1292 braids
    projlen=91: 14862 braids
    projlen=92: 11601 braids
    projlen=93: 102998 braids
    projlen=94: 68902 braids
    projlen=95: 282240 braids
    projlen=96: 182040 braids
    projlen=97: 355303 braids
    projlen=98: 190086 braids
    projlen=99: 341127 braids
    projlen=100: 196165 braids
    projlen=101: 332081 braids
    projlen=102: 196139 braids
    projlen=103: 332800 braids
    projlen=104: 181804 braids
    projlen=105: 338186 braids
    projlen=106: 169070 braids
    projlen=107: 339811 braids
    projlen=108: 174397 braids
    projlen=109: 335149 braids
    projlen=110: 187291 braids
    projlen=111: 323501 braids
    projlen=112: 206897 braids
    projlen=113: 289151 braids
    projlen=114: 88224 braids
  Braids kept: 1129371 (in 30 buckets, 2.83 GB CPU)
  ⚡ Timing: matmul=0.14s, sampling=8.36s, total=12.70s
============================================================
Level 162 - SAMPLING
============================================================
  Starting braids: 979371
  Candidates to generate: 5187825
  Processing in 52 chunks...
  Projlen distribution:
    projlen=85: 5 braids
    projlen=86: 9 braids
    projlen=87: 175 braids
    projlen=88: 162 braids
    projlen=89: 975 braids
    projlen=90: 883 braids
    projlen=91: 8453 braids
    projlen=92: 7009 braids
    projlen=93: 75355 braids
    projlen=94: 51914 braids
    projlen=95: 273027 braids
    projlen=96: 180243 braids
    projlen=97: 360407 braids
    projlen=98: 177231 braids
    projlen=99: 350048 braids
    projlen=100: 186534 braids
    projlen=101: 334551 braids
    projlen=102: 201062 braids
    projlen=103: 325444 braids
    projlen=104: 206183 braids
    projlen=105: 325329 braids
    projlen=106: 192371 braids
    projlen=107: 332823 braids
    projlen=108: 176861 braids
    projlen=109: 335272 braids
    projlen=110: 180080 braids
    projlen=111: 330336 braids
    projlen=112: 194396 braids
    projlen=113: 295125 braids
    projlen=114: 85562 braids
  Braids kept: 1117671 (in 30 buckets, 2.81 GB CPU)
  ⚡ Timing: matmul=0.16s, sampling=8.28s, total=12.58s
============================================================
Level 163 - SAMPLING
============================================================
  Starting braids: 967671
  Candidates to generate: 5134691
  Processing in 52 chunks...
  Projlen distribution:
    projlen=85: 2 braids
    projlen=86: 6 braids
    projlen=87: 50 braids
    projlen=88: 51 braids
    projlen=89: 1038 braids
    projlen=90: 863 braids
    projlen=91: 6302 braids
    projlen=92: 4901 braids
    projlen=93: 45950 braids
    projlen=94: 33009 braids
    projlen=95: 261303 braids
    projlen=96: 177869 braids
    projlen=97: 360446 braids
    projlen=98: 177500 braids
    projlen=99: 354296 braids
    projlen=100: 169836 braids
    projlen=101: 344016 braids
    projlen=102: 188347 braids
    projlen=103: 329459 braids
    projlen=104: 209078 braids
    projlen=105: 318620 braids
    projlen=106: 216015 braids
    projlen=107: 317847 braids
    projlen=108: 204812 braids
    projlen=109: 327248 braids
    projlen=110: 186890 braids
    projlen=111: 329369 braids
    projlen=112: 187272 braids
    projlen=113: 297827 braids
    projlen=114: 84469 braids
  Braids kept: 1092172 (in 30 buckets, 2.75 GB CPU)
  ⚡ Timing: matmul=0.14s, sampling=8.07s, total=12.37s
============================================================
Level 164 - SAMPLING
============================================================
  Starting braids: 992172
  Candidates to generate: 5265300
  Processing in 53 chunks...
  Projlen distribution:
    projlen=86: 2 braids
    projlen=87: 28 braids
    projlen=88: 41 braids
    projlen=89: 363 braids
    projlen=90: 362 braids
    projlen=91: 5832 braids
    projlen=92: 4641 braids
    projlen=93: 35492 braids
    projlen=94: 25092 braids
    projlen=95: 227023 braids
    projlen=96: 144850 braids
    projlen=97: 320465 braids
    projlen=98: 177700 braids
    projlen=99: 355958 braids
    projlen=100: 168476 braids
    projlen=101: 348979 braids
    projlen=102: 170088 braids
    projlen=103: 338339 braids
    projlen=104: 192958 braids
    projlen=105: 323280 braids
    projlen=106: 216259 braids
    projlen=107: 312333 braids
    projlen=108: 225966 braids
    projlen=109: 312383 braids
    projlen=110: 217961 braids
    projlen=111: 320014 braids
    projlen=112: 198125 braids
    projlen=113: 319561 braids
    projlen=114: 190775 braids
    projlen=115: 111954 braids
  Braids kept: 1121853 (in 30 buckets, 2.85 GB CPU)
  ⚡ Timing: matmul=0.15s, sampling=8.10s, total=12.49s
============================================================
Level 165 - SAMPLING
============================================================
  Starting braids: 971853
  Candidates to generate: 5161257
  Processing in 52 chunks...
  Projlen distribution:
    projlen=86: 2 braids
    projlen=87: 12 braids
    projlen=88: 17 braids
    projlen=89: 231 braids
    projlen=90: 228 braids
    projlen=91: 2436 braids
    projlen=92: 2151 braids
    projlen=93: 31726 braids
    projlen=94: 23029 braids
    projlen=95: 177040 braids
    projlen=96: 109731 braids
    projlen=97: 302359 braids
    projlen=98: 177740 braids
    projlen=99: 358546 braids
    projlen=100: 170053 braids
    projlen=101: 352072 braids
    projlen=102: 167479 braids
    projlen=103: 344660 braids
    projlen=104: 173737 braids
    projlen=105: 333148 braids
    projlen=106: 199343 braids
    projlen=107: 318179 braids
    projlen=108: 223765 braids
    projlen=109: 306795 braids
    projlen=110: 234089 braids
    projlen=111: 305121 braids
    projlen=112: 228937 braids
    projlen=113: 307739 braids
    projlen=114: 202479 braids
    projlen=115: 108413 braids
  Braids kept: 1109832 (in 30 buckets, 2.82 GB CPU)
  ⚡ Timing: matmul=0.18s, sampling=8.10s, total=12.45s
============================================================
Level 166 - SAMPLING
============================================================
  Starting braids: 959832
  Candidates to generate: 5095868
  Processing in 51 chunks...
  Projlen distribution:
    projlen=87: 12 braids
    projlen=88: 17 braids
    projlen=89: 114 braids
    projlen=90: 113 braids
    projlen=91: 1583 braids
    projlen=92: 1389 braids
    projlen=93: 15058 braids
    projlen=94: 11576 braids
    projlen=95: 155238 braids
    projlen=96: 100689 braids
    projlen=97: 298456 braids
    projlen=98: 174139 braids
    projlen=99: 360733 braids
    projlen=100: 171137 braids
    projlen=101: 354540 braids
    projlen=102: 165528 braids
    projlen=103: 346912 braids
    projlen=104: 169179 braids
    projlen=105: 340682 braids
    projlen=106: 179780 braids
    projlen=107: 328989 braids
    projlen=108: 206770 braids
    projlen=109: 313260 braids
    projlen=110: 231445 braids
    projlen=111: 301692 braids
    projlen=112: 240711 braids
    projlen=113: 295029 braids
    projlen=114: 226767 braids
    projlen=115: 104330 braids
  Braids kept: 1079862 (in 29 buckets, 2.76 GB CPU)
  ⚡ Timing: matmul=0.22s, sampling=7.93s, total=12.23s
============================================================
Level 167 - SAMPLING
============================================================
  Starting braids: 979862
  Candidates to generate: 5198296
  Processing in 52 chunks...
  Projlen distribution:
    projlen=87: 3 braids
    projlen=88: 9 braids
    projlen=89: 103 braids
    projlen=90: 116 braids
    projlen=91: 808 braids
    projlen=92: 746 braids
    projlen=93: 9618 braids
    projlen=94: 7563 braids
    projlen=95: 77819 braids
    projlen=96: 51257 braids
    projlen=97: 273692 braids
    projlen=98: 175951 braids
    projlen=99: 361636 braids
    projlen=100: 167421 braids
    projlen=101: 356499 braids
    projlen=102: 164217 braids
    projlen=103: 350341 braids
    projlen=104: 166289 braids
    projlen=105: 343803 braids
    projlen=106: 173443 braids
    projlen=107: 336315 braids
    projlen=108: 187126 braids
    projlen=109: 324578 braids
    projlen=110: 214169 braids
    projlen=111: 308499 braids
    projlen=112: 236907 braids
    projlen=113: 297362 braids
    projlen=114: 245320 braids
    projlen=115: 272923 braids
    projlen=116: 93763 braids
  Braids kept: 1118966 (in 30 buckets, 2.87 GB CPU)
  ⚡ Timing: matmul=0.19s, sampling=8.25s, total=12.67s
============================================================
Level 168 - SAMPLING
============================================================
  Starting braids: 968966
  Candidates to generate: 5124102
  Processing in 52 chunks...
  Projlen distribution:
    projlen=88: 4 braids
    projlen=89: 44 braids
    projlen=90: 68 braids
    projlen=91: 698 braids
    projlen=92: 671 braids
    projlen=93: 5245 braids
    projlen=94: 4269 braids
    projlen=95: 50610 braids
    projlen=96: 35305 braids
    projlen=97: 266637 braids
    projlen=98: 176362 braids
    projlen=99: 365141 braids
    projlen=100: 171894 braids
    projlen=101: 359007 braids
    projlen=102: 159879 braids
    projlen=103: 352153 braids
    projlen=104: 162616 braids
    projlen=105: 346458 braids
    projlen=106: 169400 braids
    projlen=107: 339653 braids
    projlen=108: 178601 braids
    projlen=109: 331564 braids
    projlen=110: 195339 braids
    projlen=111: 320623 braids
    projlen=112: 221522 braids
    projlen=113: 303512 braids
    projlen=114: 239808 braids
    projlen=115: 273513 braids
    projlen=116: 93506 braids
  Braids kept: 1096304 (in 29 buckets, 2.82 GB CPU)
  ⚡ Timing: matmul=0.14s, sampling=8.05s, total=12.39s
============================================================
Level 169 - SAMPLING
============================================================
  Starting braids: 996304
  Candidates to generate: 5250720
  Processing in 53 chunks...
  Projlen distribution:
    projlen=88: 2 braids
    projlen=89: 24 braids
    projlen=90: 43 braids
    projlen=91: 402 braids
    projlen=92: 413 braids
    projlen=93: 4372 braids
    projlen=94: 3626 braids
    projlen=95: 30140 braids
    projlen=96: 21748 braids
    projlen=97: 243445 braids
    projlen=98: 153988 braids
    projlen=99: 327854 braids
    projlen=100: 172940 braids
    projlen=101: 359613 braids
    projlen=102: 160711 braids
    projlen=103: 353636 braids
    projlen=104: 156602 braids
    projlen=105: 349113 braids
    projlen=106: 163509 braids
    projlen=107: 343207 braids
    projlen=108: 173253 braids
    projlen=109: 335772 braids
    projlen=110: 186208 braids
    projlen=111: 327525 braids
    projlen=112: 203750 braids
    projlen=113: 315480 braids
    projlen=114: 227506 braids
    projlen=115: 297562 braids
    projlen=116: 233336 braids
    projlen=117: 104940 braids
  Braids kept: 1110770 (in 30 buckets, 2.88 GB CPU)
  ⚡ Timing: matmul=0.15s, sampling=8.49s, total=12.95s
============================================================
Level 170 - SAMPLING
============================================================
  Starting braids: 960770
  Candidates to generate: 5041730
  Processing in 51 chunks...
  Projlen distribution:
    projlen=88: 1 braids
    projlen=89: 16 braids
    projlen=90: 31 braids
    projlen=91: 263 braids
    projlen=92: 293 braids
    projlen=93: 2777 braids
    projlen=94: 2388 braids
    projlen=95: 25005 braids
    projlen=96: 18129 braids
    projlen=97: 150767 braids
    projlen=98: 94639 braids
    projlen=99: 297315 braids
    projlen=100: 175434 braids
    projlen=101: 361134 braids
    projlen=102: 164109 braids
    projlen=103: 356802 braids
    projlen=104: 157340 braids
    projlen=105: 350855 braids
    projlen=106: 155852 braids
    projlen=107: 345957 braids
    projlen=108: 166270 braids
    projlen=109: 340207 braids
    projlen=110: 179685 braids
    projlen=111: 330929 braids
    projlen=112: 195230 braids
    projlen=113: 322911 braids
    projlen=114: 212505 braids
    projlen=115: 306547 braids
    projlen=116: 221326 braids
    projlen=117: 107013 braids
  Braids kept: 1098903 (in 30 buckets, 2.86 GB CPU)
  ⚡ Timing: matmul=0.15s, sampling=8.08s, total=12.37s
============================================================
Level 171 - SAMPLING
============================================================
  Starting braids: 998903
  Candidates to generate: 5242479
  Processing in 53 chunks...
  Projlen distribution:
    projlen=89: 9 braids
    projlen=90: 22 braids
    projlen=91: 188 braids
    projlen=92: 207 braids
    projlen=93: 1916 braids
    projlen=94: 1731 braids
    projlen=95: 16679 braids
    projlen=96: 12287 braids
    projlen=97: 123318 braids
    projlen=98: 79417 braids
    projlen=99: 289041 braids
    projlen=100: 174699 braids
    projlen=101: 363110 braids
    projlen=102: 168286 braids
    projlen=103: 357513 braids
    projlen=104: 158210 braids
    projlen=105: 353461 braids
    projlen=106: 156123 braids
    projlen=107: 349311 braids
    projlen=108: 156528 braids
    projlen=109: 345100 braids
    projlen=110: 170433 braids
    projlen=111: 337326 braids
    projlen=112: 186990 braids
    projlen=113: 327120 braids
    projlen=114: 203774 braids
    projlen=115: 316569 braids
    projlen=116: 219046 braids
    projlen=117: 284438 braids
    projlen=118: 89627 braids
  Braids kept: 1133039 (in 30 buckets, 2.96 GB CPU)
  ⚡ Timing: matmul=0.47s, sampling=8.69s, total=13.48s
============================================================
Level 172 - SAMPLING
============================================================
  Starting braids: 983039
  Candidates to generate: 5135281
  Processing in 52 chunks...
  Projlen distribution:
    projlen=90: 8 braids
    projlen=91: 123 braids
    projlen=92: 151 braids
    projlen=93: 1396 braids
    projlen=94: 1279 braids
    projlen=95: 11857 braids
    projlen=96: 9031 braids
    projlen=97: 83823 braids
    projlen=98: 54366 braids
    projlen=99: 273274 braids
    projlen=100: 174015 braids
    projlen=101: 362513 braids
    projlen=102: 169130 braids
    projlen=103: 358984 braids
    projlen=104: 159553 braids
    projlen=105: 353408 braids
    projlen=106: 155679 braids
    projlen=107: 351793 braids
    projlen=108: 156085 braids
    projlen=109: 347602 braids
    projlen=110: 157148 braids
    projlen=111: 343637 braids
    projlen=112: 174865 braids
    projlen=113: 332953 braids
    projlen=114: 195376 braids
    projlen=115: 321411 braids
    projlen=116: 209847 braids
    projlen=117: 288118 braids
    projlen=118: 87856 braids
  Braids kept: 1123845 (in 29 buckets, 2.95 GB CPU)
  ⚡ Timing: matmul=0.14s, sampling=8.36s, total=12.75s
============================================================
Level 173 - SAMPLING
============================================================
  Starting braids: 973845
  Candidates to generate: 5068167
  Processing in 51 chunks...
  Projlen distribution:
    projlen=90: 5 braids
    projlen=91: 52 braids
    projlen=92: 76 braids
    projlen=93: 924 braids
    projlen=94: 911 braids
    projlen=95: 8783 braids
    projlen=96: 6827 braids
    projlen=97: 61441 braids
    projlen=98: 41186 braids
    projlen=99: 266550 braids
    projlen=100: 173354 braids
    projlen=101: 362180 braids
    projlen=102: 170452 braids
    projlen=103: 358657 braids
    projlen=104: 160041 braids
    projlen=105: 354499 braids
    projlen=106: 156640 braids
    projlen=107: 351109 braids
    projlen=108: 155034 braids
    projlen=109: 350489 braids
    projlen=110: 156583 braids
    projlen=111: 346592 braids
    projlen=112: 159101 braids
    projlen=113: 340002 braids
    projlen=114: 180130 braids
    projlen=115: 327759 braids
    projlen=116: 201587 braids
    projlen=117: 290883 braids
    projlen=118: 86320 braids
  Braids kept: 1108764 (in 29 buckets, 2.91 GB CPU)
  ⚡ Timing: matmul=0.15s, sampling=8.25s, total=12.60s
============================================================
Level 174 - SAMPLING
============================================================
  Starting braids: 958764
  Candidates to generate: 4974570
  Processing in 50 chunks...
  Projlen distribution:
    projlen=90: 3 braids
    projlen=91: 42 braids
    projlen=92: 58 braids
    projlen=93: 489 braids
    projlen=94: 503 braids
    projlen=95: 5873 braids
    projlen=96: 4882 braids
    projlen=97: 47333 braids
    projlen=98: 32828 braids
    projlen=99: 252411 braids
    projlen=100: 159942 braids
    projlen=101: 340262 braids
    projlen=102: 171747 braids
    projlen=103: 359001 braids
    projlen=104: 160066 braids
    projlen=105: 354514 braids
    projlen=106: 156241 braids
    projlen=107: 350964 braids
    projlen=108: 155291 braids
    projlen=109: 349029 braids
    projlen=110: 154986 braids
    projlen=111: 348441 braids
    projlen=112: 156838 braids
    projlen=113: 346061 braids
    projlen=114: 162377 braids
    projlen=115: 337331 braids
    projlen=116: 184244 braids
    projlen=117: 298290 braids
    projlen=118: 84523 braids
  Braids kept: 1092011 (in 29 buckets, 2.88 GB CPU)
  ⚡ Timing: matmul=0.15s, sampling=8.00s, total=12.28s
============================================================
Level 175 - SAMPLING
============================================================
  Starting braids: 992011
  Candidates to generate: 5122173
  Processing in 52 chunks...
  Projlen distribution:
    projlen=90: 2 braids
    projlen=91: 22 braids
    projlen=92: 30 braids
    projlen=93: 370 braids
    projlen=94: 360 braids
    projlen=95: 3507 braids
    projlen=96: 2956 braids
    projlen=97: 32965 braids
    projlen=98: 24315 braids
    projlen=99: 230219 braids
    projlen=100: 143383 braids
    projlen=101: 320268 braids
    projlen=102: 172941 braids
    projlen=103: 359581 braids
    projlen=104: 162050 braids
    projlen=105: 356014 braids
    projlen=106: 156159 braids
    projlen=107: 351877 braids
    projlen=108: 155262 braids
    projlen=109: 349414 braids
    projlen=110: 155289 braids
    projlen=111: 348037 braids
    projlen=112: 155646 braids
    projlen=113: 346475 braids
    projlen=114: 157774 braids
    projlen=115: 344190 braids
    projlen=116: 164957 braids
    projlen=117: 330345 braids
    projlen=118: 184243 braids
    projlen=119: 113522 braids
  Braids kept: 1114527 (in 30 buckets, 2.96 GB CPU)
  ⚡ Timing: matmul=0.14s, sampling=8.43s, total=12.84s
============================================================
Level 176 - SAMPLING
============================================================
  Starting braids: 964527
  Candidates to generate: 4958193
  Processing in 50 chunks...
  Projlen distribution:
    projlen=91: 11 braids
    projlen=92: 20 braids
    projlen=93: 183 braids
    projlen=94: 204 braids
    projlen=95: 2420 braids
    projlen=96: 2162 braids
    projlen=97: 20949 braids
    projlen=98: 15507 braids
    projlen=99: 161306 braids
    projlen=100: 103433 braids
    projlen=101: 300585 braids
    projlen=102: 174120 braids
    projlen=103: 359461 braids
    projlen=104: 163640 braids
    projlen=105: 355304 braids
    projlen=106: 156545 braids
    projlen=107: 352083 braids
    projlen=108: 154404 braids
    projlen=109: 351257 braids
    projlen=110: 155199 braids
    projlen=111: 348784 braids
    projlen=112: 156099 braids
    projlen=113: 348174 braids
    projlen=114: 157245 braids
    projlen=115: 346232 braids
    projlen=116: 159281 braids
    projlen=117: 336119 braids
    projlen=118: 162703 braids
    projlen=119: 114763 braids
  Braids kept: 1091456 (in 29 buckets, 2.91 GB CPU)
  ⚡ Timing: matmul=0.15s, sampling=8.06s, total=12.31s
============================================================
Level 177 - SAMPLING
============================================================
  Starting braids: 991456
  Candidates to generate: 5116062
  Processing in 52 chunks...
  Projlen distribution:
    projlen=91: 6 braids
    projlen=92: 9 braids
    projlen=93: 111 braids
    projlen=94: 147 braids
    projlen=95: 1243 braids
    projlen=96: 1234 braids
    projlen=97: 14314 braids
    projlen=98: 11011 braids
    projlen=99: 104340 braids
    projlen=100: 67097 braids
    projlen=101: 280013 braids
    projlen=102: 174302 braids
    projlen=103: 361395 braids
    projlen=104: 167112 braids
    projlen=105: 356635 braids
    projlen=106: 157059 braids
    projlen=107: 353639 braids
    projlen=108: 154957 braids
    projlen=109: 350827 braids
    projlen=110: 153935 braids
    projlen=111: 349110 braids
    projlen=112: 155180 braids
    projlen=113: 347803 braids
    projlen=114: 157199 braids
    projlen=115: 346680 braids
    projlen=116: 158726 braids
    projlen=117: 343496 braids
    projlen=118: 160984 braids
    projlen=119: 306325 braids
    projlen=120: 81173 braids
  Braids kept: 1128075 (in 30 buckets, 3.02 GB CPU)
  ⚡ Timing: matmul=0.21s, sampling=8.59s, total=13.12s
============================================================
Level 178 - SAMPLING
============================================================
  Starting braids: 978075
  Candidates to generate: 5048327
  Processing in 51 chunks...
  Projlen distribution:
    projlen=92: 1 braids
    projlen=93: 50 braids
    projlen=94: 69 braids
    projlen=95: 857 braids
    projlen=96: 880 braids
    projlen=97: 7992 braids
    projlen=98: 6434 braids
    projlen=99: 72366 braids
    projlen=100: 48758 braids
    projlen=101: 270232 braids
    projlen=102: 174030 braids
    projlen=103: 360965 braids
    projlen=104: 169431 braids
    projlen=105: 358416 braids
    projlen=106: 158897 braids
    projlen=107: 354133 braids
    projlen=108: 154841 braids
    projlen=109: 350785 braids
    projlen=110: 153756 braids
    projlen=111: 349118 braids
    projlen=112: 153429 braids
    projlen=113: 348807 braids
    projlen=114: 155766 braids
    projlen=115: 347501 braids
    projlen=116: 158806 braids
    projlen=117: 343889 braids
    projlen=118: 159285 braids
    projlen=119: 307400 braids
    projlen=120: 81433 braids
  Braids kept: 1115041 (in 29 buckets, 2.99 GB CPU)
  ⚡ Timing: matmul=0.15s, sampling=8.46s, total=12.88s
============================================================
Level 179 - SAMPLING
============================================================
  Starting braids: 965041
  Candidates to generate: 4984111
  Processing in 50 chunks...
  Projlen distribution:
    projlen=93: 6 braids
    projlen=94: 19 braids
    projlen=95: 405 braids
    projlen=96: 453 braids
    projlen=97: 5723 braids
    projlen=98: 4770 braids
    projlen=99: 43062 braids
    projlen=100: 30018 braids
    projlen=101: 259386 braids
    projlen=102: 172268 braids
    projlen=103: 358595 braids
    projlen=104: 171256 braids
    projlen=105: 359104 braids
    projlen=106: 159880 braids
    projlen=107: 354774 braids
    projlen=108: 155275 braids
    projlen=109: 351279 braids
    projlen=110: 153869 braids
    projlen=111: 350279 braids
    projlen=112: 153487 braids
    projlen=113: 349258 braids
    projlen=114: 153465 braids
    projlen=115: 348367 braids
    projlen=116: 156760 braids
    projlen=117: 345442 braids
    projlen=118: 159090 braids
    projlen=119: 306967 braids
    projlen=120: 80854 braids
  Braids kept: 1084456 (in 28 buckets, 2.92 GB CPU)
  ⚡ Timing: matmul=0.16s, sampling=8.11s, total=12.44s
============================================================
Level 180 - SAMPLING
============================================================
  Starting braids: 984456
  Candidates to generate: 5052222
  Processing in 51 chunks...
  Projlen distribution:
    projlen=94: 11 braids
    projlen=95: 114 braids
    projlen=96: 169 braids
    projlen=97: 2914 braids
    projlen=98: 2693 braids
    projlen=99: 32513 braids
    projlen=100: 23860 braids
    projlen=101: 212063 braids
    projlen=102: 131510 braids
    projlen=103: 313365 braids
    projlen=104: 172530 braids
    projlen=105: 358123 braids
    projlen=106: 159714 braids
    projlen=107: 354850 braids
    projlen=108: 155667 braids
    projlen=109: 351505 braids
    projlen=110: 153732 braids
    projlen=111: 349796 braids
    projlen=112: 153334 braids
    projlen=113: 349610 braids
    projlen=114: 153703 braids
    projlen=115: 349605 braids
    projlen=116: 153572 braids
    projlen=117: 347489 braids
    projlen=118: 157190 braids
    projlen=119: 338303 braids
    projlen=120: 158108 braids
    projlen=121: 116179 braids
  Braids kept: 1112274 (in 28 buckets, 3.01 GB CPU)
  ⚡ Timing: matmul=0.16s, sampling=8.38s, total=12.81s
============================================================
Level 181 - SAMPLING
============================================================
  Starting braids: 962274
  Candidates to generate: 4938134
  Processing in 50 chunks...
  Projlen distribution:
    projlen=94: 5 braids
    projlen=95: 43 braids
    projlen=96: 86 braids
    projlen=97: 1057 braids
    projlen=98: 1202 braids
    projlen=99: 17828 braids
    projlen=100: 14203 braids
    projlen=101: 160664 braids
    projlen=102: 103540 braids
    projlen=103: 301171 braids
    projlen=104: 174033 braids
    projlen=105: 361057 braids
    projlen=106: 164954 braids
    projlen=107: 355266 braids
    projlen=108: 155978 braids
    projlen=109: 352042 braids
    projlen=110: 154123 braids
    projlen=111: 350414 braids
    projlen=112: 153659 braids
    projlen=113: 349328 braids
    projlen=114: 153128 braids
    projlen=115: 349679 braids
    projlen=116: 153381 braids
    projlen=117: 348752 braids
    projlen=118: 152932 braids
    projlen=119: 340394 braids
    projlen=120: 153413 braids
    projlen=121: 115802 braids
  Braids kept: 1084424 (in 28 buckets, 2.95 GB CPU)
  ⚡ Timing: matmul=0.20s, sampling=8.31s, total=12.69s
============================================================
Level 182 - SAMPLING
============================================================
  Starting braids: 984424
  Candidates to generate: 5078376
  Processing in 51 chunks...
  Projlen distribution:
    projlen=94: 4 braids
    projlen=95: 23 braids
    projlen=96: 46 braids
    projlen=97: 530 braids
    projlen=98: 644 braids
    projlen=99: 7497 braids
    projlen=100: 6759 braids
    projlen=101: 91510 braids
    projlen=102: 61672 braids
    projlen=103: 280090 braids
    projlen=104: 175416 braids
    projlen=105: 362150 braids
    projlen=106: 166787 braids
    projlen=107: 357939 braids
    projlen=108: 157824 braids
    projlen=109: 353456 braids
    projlen=110: 154673 braids
    projlen=111: 350578 braids
    projlen=112: 153529 braids
    projlen=113: 349027 braids
    projlen=114: 152899 braids
    projlen=115: 349429 braids
    projlen=116: 153226 braids
    projlen=117: 350253 braids
    projlen=118: 153757 braids
    projlen=119: 347028 braids
    projlen=120: 151311 braids
    projlen=121: 309763 braids
    projlen=122: 80556 braids
  Braids kept: 1115503 (in 29 buckets, 3.05 GB CPU)
  ⚡ Timing: matmul=0.15s, sampling=8.54s, total=12.99s
============================================================
Level 183 - SAMPLING
============================================================
  Starting braids: 965503
  Candidates to generate: 4981857
  Processing in 50 chunks...
  Projlen distribution:
    projlen=94: 4 braids
    projlen=95: 27 braids
    projlen=96: 37 braids
    projlen=97: 307 braids
    projlen=98: 376 braids
    projlen=99: 4129 braids
    projlen=100: 3862 braids
    projlen=101: 41947 braids
    projlen=102: 30699 braids
    projlen=103: 265427 braids
    projlen=104: 177511 braids
    projlen=105: 363286 braids
    projlen=106: 170247 braids
    projlen=107: 358469 braids
    projlen=108: 158615 braids
    projlen=109: 354352 braids
    projlen=110: 155042 braids
    projlen=111: 351385 braids
    projlen=112: 153827 braids
    projlen=113: 349507 braids
    projlen=114: 153404 braids
    projlen=115: 347860 braids
    projlen=116: 152391 braids
    projlen=117: 348376 braids
    projlen=118: 153015 braids
    projlen=119: 348046 braids
    projlen=120: 151500 braids
    projlen=121: 308515 braids
    projlen=122: 79694 braids
  Braids kept: 1081388 (in 29 buckets, 2.97 GB CPU)
  ⚡ Timing: matmul=0.15s, sampling=8.28s, total=12.65s
============================================================
Level 184 - SAMPLING
============================================================
  Starting braids: 981388
  Candidates to generate: 5043764
  Processing in 51 chunks...
  Projlen distribution:
    projlen=94: 1 braids
    projlen=95: 25 braids
    projlen=96: 36 braids
    projlen=97: 277 braids
    projlen=98: 285 braids
    projlen=99: 2474 braids
    projlen=100: 2453 braids
    projlen=101: 25393 braids
    projlen=102: 19696 braids
    projlen=103: 210291 braids
    projlen=104: 134734 braids
    projlen=105: 319350 braids
    projlen=106: 174120 braids
    projlen=107: 360420 braids
    projlen=108: 160053 braids
    projlen=109: 355378 braids
    projlen=110: 155476 braids
    projlen=111: 351080 braids
    projlen=112: 153717 braids
    projlen=113: 350255 braids
    projlen=114: 153722 braids
    projlen=115: 350313 braids
    projlen=116: 153806 braids
    projlen=117: 349318 braids
    projlen=118: 153185 braids
    projlen=119: 348078 braids
    projlen=120: 152008 braids
    projlen=121: 342396 braids
    projlen=122: 148047 braids
    projlen=123: 117377 braids
  Braids kept: 1100640 (in 30 buckets, 3.04 GB CPU)
  ⚡ Timing: matmul=0.14s, sampling=8.44s, total=12.84s
============================================================
Level 185 - SAMPLING
============================================================
  Starting braids: 950640
  Candidates to generate: 4883468
  Processing in 49 chunks...
  Projlen distribution:
    projlen=95: 9 braids
    projlen=96: 17 braids
    projlen=97: 214 braids
    projlen=98: 218 braids
    projlen=99: 2010 braids
    projlen=100: 1824 braids
    projlen=101: 16139 braids
    projlen=102: 12978 braids
    projlen=103: 130930 braids
    projlen=104: 85438 braids
    projlen=105: 295266 braids
    projlen=106: 177188 braids
    projlen=107: 363030 braids
    projlen=108: 165127 braids
    projlen=109: 356716 braids
    projlen=110: 156244 braids
    projlen=111: 351360 braids
    projlen=112: 153729 braids
    projlen=113: 349339 braids
    projlen=114: 153104 braids
    projlen=115: 349280 braids
    projlen=116: 153210 braids
    projlen=117: 349764 braids
    projlen=118: 153741 braids
    projlen=119: 349007 braids
    projlen=120: 152385 braids
    projlen=121: 342247 braids
    projlen=122: 146789 braids
    projlen=123: 116165 braids
  Braids kept: 1083409 (in 29 buckets, 3.00 GB CPU)
  ⚡ Timing: matmul=0.15s, sampling=8.30s, total=12.58s
============================================================
Level 186 - SAMPLING
============================================================
  Starting braids: 983409
  Candidates to generate: 5081407
  Processing in 51 chunks...
  Projlen distribution:
    projlen=94: 1 braids
    projlen=95: 6 braids
    projlen=96: 10 braids
    projlen=97: 103 braids
    projlen=98: 125 braids
    projlen=99: 1386 braids
    projlen=100: 1311 braids
    projlen=101: 12686 braids
    projlen=102: 9789 braids
    projlen=103: 85854 braids
    projlen=104: 57401 braids
    projlen=105: 279154 braids
    projlen=106: 176596 braids
    projlen=107: 363588 braids
    projlen=108: 168894 braids
    projlen=109: 358043 braids
    projlen=110: 158506 braids
    projlen=111: 353585 braids
    projlen=112: 154673 braids
    projlen=113: 350319 braids
    projlen=114: 153769 braids
    projlen=115: 349591 braids
    projlen=116: 153254 braids
    projlen=117: 348884 braids
    projlen=118: 153390 braids
    projlen=119: 348960 braids
    projlen=120: 153070 braids
    projlen=121: 346847 braids
    projlen=122: 150790 braids
    projlen=123: 310111 braids
    projlen=124: 80711 braids
  Braids kept: 1125417 (in 31 buckets, 3.14 GB CPU)
  ⚡ Timing: matmul=0.16s, sampling=8.74s, total=13.26s
============================================================
Level 187 - SAMPLING
============================================================
  Starting braids: 975417
  Candidates to generate: 5050065
  Processing in 51 chunks...
  Projlen distribution:
    projlen=94: 1 braids
    projlen=95: 9 braids
    projlen=96: 8 braids
    projlen=97: 77 braids
    projlen=98: 80 braids
    projlen=99: 780 braids
    projlen=100: 780 braids
    projlen=101: 8536 braids
    projlen=102: 6979 braids
    projlen=103: 67829 braids
    projlen=104: 45753 braids
    projlen=105: 273948 braids
    projlen=106: 177601 braids
    projlen=107: 365458 braids
    projlen=108: 171029 braids
    projlen=109: 357999 braids
    projlen=110: 159307 braids
    projlen=111: 354402 braids
    projlen=112: 156566 braids
    projlen=113: 351814 braids
    projlen=114: 154446 braids
    projlen=115: 351156 braids
    projlen=116: 153738 braids
    projlen=117: 349047 braids
    projlen=118: 152749 braids
    projlen=119: 349317 braids
    projlen=120: 153088 braids
    projlen=121: 347316 braids
    projlen=122: 150651 braids
    projlen=123: 309190 braids
    projlen=124: 80411 braids
  Braids kept: 1113003 (in 31 buckets, 3.11 GB CPU)
  ⚡ Timing: matmul=0.14s, sampling=8.49s, total=12.99s
============================================================
Level 188 - SAMPLING
============================================================
  Starting braids: 963003
  Candidates to generate: 4986099
  Processing in 50 chunks...
  Projlen distribution:
    projlen=94: 1 braids
    projlen=95: 7 braids
    projlen=96: 11 braids
    projlen=97: 74 braids
    projlen=98: 88 braids
    projlen=99: 559 braids
    projlen=100: 535 braids
    projlen=101: 5259 braids
    projlen=102: 4434 braids
    projlen=103: 46464 braids
    projlen=104: 33065 braids
    projlen=105: 262138 braids
    projlen=106: 170316 braids
    projlen=107: 355981 braids
    projlen=108: 173374 braids
    projlen=109: 360217 braids
    projlen=110: 159879 braids
    projlen=111: 355438 braids
    projlen=112: 157101 braids
    projlen=113: 351394 braids
    projlen=114: 155315 braids
    projlen=115: 349423 braids
    projlen=116: 153646 braids
    projlen=117: 349979 braids
    projlen=118: 153798 braids
    projlen=119: 349226 braids
    projlen=120: 152866 braids
    projlen=121: 346796 braids
    projlen=122: 150466 braids
    projlen=123: 308322 braids
    projlen=124: 79927 braids
  Braids kept: 1090497 (in 31 buckets, 3.05 GB CPU)
  ⚡ Timing: matmul=0.19s, sampling=8.58s, total=13.03s
============================================================
Level 189 - SAMPLING
============================================================
  Starting braids: 990497
  Candidates to generate: 5093953
  Processing in 51 chunks...
  Projlen distribution:
    projlen=95: 7 braids
    projlen=96: 7 braids
    projlen=97: 67 braids
    projlen=98: 60 braids
    projlen=99: 548 braids
    projlen=100: 508 braids
    projlen=101: 3756 braids
    projlen=102: 3075 braids
    projlen=103: 30941 braids
    projlen=104: 22760 braids
    projlen=105: 229644 braids
    projlen=106: 144684 braids
    projlen=107: 323930 braids
    projlen=108: 173405 braids
    projlen=109: 360625 braids
    projlen=110: 161734 braids
    projlen=111: 355381 braids
    projlen=112: 155994 braids
    projlen=113: 352453 braids
    projlen=114: 155982 braids
    projlen=115: 350148 braids
    projlen=116: 155687 braids
    projlen=117: 349155 braids
    projlen=118: 153667 braids
    projlen=119: 349110 braids
    projlen=120: 153236 braids
    projlen=121: 349115 braids
    projlen=122: 152472 braids
    projlen=123: 340948 braids
    projlen=124: 147547 braids
    projlen=125: 117307 braids
  Braids kept: 1111729 (in 31 buckets, 3.13 GB CPU)
  ⚡ Timing: matmul=0.16s, sampling=8.70s, total=13.26s
============================================================
Level 190 - SAMPLING
============================================================
  Starting braids: 961729
  Candidates to generate: 4942799
  Processing in 50 chunks...
  Projlen distribution:
    projlen=95: 2 braids
    projlen=96: 3 braids
    projlen=97: 61 braids
    projlen=98: 44 braids
    projlen=99: 464 braids
    projlen=100: 385 braids
    projlen=101: 3453 braids
    projlen=102: 2832 braids
    projlen=103: 22371 braids
    projlen=104: 16183 braids
    projlen=105: 155699 braids
    projlen=106: 99377 braids
    projlen=107: 299939 braids
    projlen=108: 174997 braids
    projlen=109: 362028 braids
    projlen=110: 164148 braids
    projlen=111: 356388 braids
    projlen=112: 156910 braids
    projlen=113: 352711 braids
    projlen=114: 154594 braids
    projlen=115: 349454 braids
    projlen=116: 155189 braids
    projlen=117: 348775 braids
    projlen=118: 155805 braids
    projlen=119: 348763 braids
    projlen=120: 154406 braids
    projlen=121: 347930 braids
    projlen=122: 152631 braids
    projlen=123: 343060 braids
    projlen=124: 147536 braids
    projlen=125: 116661 braids
  Braids kept: 1095798 (in 31 buckets, 3.10 GB CPU)
  ⚡ Timing: matmul=0.17s, sampling=8.58s, total=13.01s
============================================================
Level 191 - SAMPLING
============================================================
  Starting braids: 995798
  Candidates to generate: 5143110
  Processing in 52 chunks...
  Projlen distribution:
    projlen=96: 1 braids
    projlen=97: 26 braids
    projlen=98: 31 braids
    projlen=99: 356 braids
    projlen=100: 281 braids
    projlen=101: 2771 braids
    projlen=102: 2236 braids
    projlen=103: 20002 braids
    projlen=104: 14529 braids
    projlen=105: 113913 braids
    projlen=106: 72020 braids
    projlen=107: 285380 braids
    projlen=108: 175263 braids
    projlen=109: 362376 braids
    projlen=110: 167288 braids
    projlen=111: 357261 braids
    projlen=112: 157373 braids
    projlen=113: 352966 braids
    projlen=114: 154875 braids
    projlen=115: 350978 braids
    projlen=116: 153833 braids
    projlen=117: 349272 braids
    projlen=118: 155868 braids
    projlen=119: 346573 braids
    projlen=120: 156734 braids
    projlen=121: 347570 braids
    projlen=122: 154905 braids
    projlen=123: 346587 braids
    projlen=124: 151244 braids
    projlen=125: 310014 braids
    projlen=126: 80584 braids
  Braids kept: 1140233 (in 31 buckets, 3.24 GB CPU)
  ⚡ Timing: matmul=0.17s, sampling=9.02s, total=13.66s
============================================================
Level 192 - SAMPLING
============================================================
  Starting braids: 990233
  Candidates to generate: 5117189
  Processing in 52 chunks...
  Projlen distribution:
    projlen=96: 1 braids
    projlen=97: 8 braids
    projlen=98: 14 braids
    projlen=99: 188 braids
    projlen=100: 198 braids
    projlen=101: 2007 braids
    projlen=102: 1602 braids
    projlen=103: 15868 braids
    projlen=104: 11521 braids
    projlen=105: 101386 braids
    projlen=106: 65360 braids
    projlen=107: 280247 braids
    projlen=108: 173648 braids
    projlen=109: 363246 braids
    projlen=110: 169553 braids
    projlen=111: 358269 braids
    projlen=112: 158668 braids
    projlen=113: 354524 braids
    projlen=114: 155128 braids
    projlen=115: 350616 braids
    projlen=116: 153785 braids
    projlen=117: 350387 braids
    projlen=118: 153763 braids
    projlen=119: 348395 braids
    projlen=120: 156483 braids
    projlen=121: 346510 braids
    projlen=122: 158906 braids
    projlen=123: 344910 braids
    projlen=124: 154085 braids
    projlen=125: 307757 braids
    projlen=126: 80156 braids
  Braids kept: 1131407 (in 31 buckets, 3.22 GB CPU)
  ⚡ Timing: matmul=0.14s, sampling=9.01s, total=13.61s
============================================================
Level 193 - SAMPLING
============================================================
  Starting braids: 981407
  Candidates to generate: 5076145
  Processing in 51 chunks...
  Projlen distribution:
    projlen=96: 1 braids
    projlen=97: 6 braids
    projlen=98: 8 braids
    projlen=99: 75 braids
    projlen=100: 93 braids
    projlen=101: 1209 braids
    projlen=102: 1125 braids
    projlen=103: 11320 braids
    projlen=104: 8405 braids
    projlen=105: 80851 braids
    projlen=106: 52832 braids
    projlen=107: 273830 braids
    projlen=108: 174123 braids
    projlen=109: 363842 braids
    projlen=110: 169870 braids
    projlen=111: 358796 braids
    projlen=112: 159270 braids
    projlen=113: 354906 braids
    projlen=114: 155237 braids
    projlen=115: 352366 braids
    projlen=116: 154710 braids
    projlen=117: 349840 braids
    projlen=118: 153343 braids
    projlen=119: 349300 braids
    projlen=120: 153251 braids
    projlen=121: 348260 braids
    projlen=122: 157864 braids
    projlen=123: 344527 braids
    projlen=124: 159452 braids
    projlen=125: 306414 braids
    projlen=126: 81019 braids
  Braids kept: 1122242 (in 31 buckets, 3.20 GB CPU)
  ⚡ Timing: matmul=0.12s, sampling=8.79s, total=13.34s
============================================================
Level 194 - SAMPLING
============================================================
  Starting braids: 972242
  Candidates to generate: 5027180
  Processing in 51 chunks...
  Projlen distribution:
    projlen=96: 1 braids
    projlen=97: 5 braids
    projlen=98: 9 braids
    projlen=99: 51 braids
    projlen=100: 49 braids
    projlen=101: 577 braids
    projlen=102: 582 braids
    projlen=103: 7282 braids
    projlen=104: 5813 braids
    projlen=105: 58489 braids
    projlen=106: 39103 braids
    projlen=107: 267405 braids
    projlen=108: 174849 braids
    projlen=109: 364336 braids
    projlen=110: 170728 braids
    projlen=111: 359117 braids
    projlen=112: 159460 braids
    projlen=113: 355604 braids
    projlen=114: 155778 braids
    projlen=115: 352967 braids
    projlen=116: 154363 braids
    projlen=117: 350536 braids
    projlen=118: 153489 braids
    projlen=119: 349097 braids
    projlen=120: 152802 braids
    projlen=121: 349153 braids
    projlen=122: 153487 braids
    projlen=123: 346654 braids
    projlen=124: 157270 braids
    projlen=125: 307210 braids
    projlen=126: 80914 braids
  Braids kept: 1103472 (in 31 buckets, 3.15 GB CPU)
  ⚡ Timing: matmul=0.15s, sampling=8.88s, total=13.46s
============================================================
Level 195 - SAMPLING
============================================================
  Starting braids: 953472
  Candidates to generate: 4929586
  Processing in 50 chunks...
  Projlen distribution:
    projlen=96: 1 braids
    projlen=97: 2 braids
    projlen=98: 4 braids
    projlen=99: 56 braids
    projlen=100: 55 braids
    projlen=101: 359 braids
    projlen=102: 323 braids
    projlen=103: 3838 braids
    projlen=104: 3329 braids
    projlen=105: 39367 braids
    projlen=106: 28005 braids
    projlen=107: 250204 braids
    projlen=108: 157789 braids
    projlen=109: 337674 braids
    projlen=110: 172435 braids
    projlen=111: 360571 braids
    projlen=112: 160169 braids
    projlen=113: 355625 braids
    projlen=114: 155652 braids
    projlen=115: 352746 braids
    projlen=116: 154833 braids
    projlen=117: 350579 braids
    projlen=118: 153427 braids
    projlen=119: 349597 braids
    projlen=120: 153019 braids
    projlen=121: 348587 braids
    projlen=122: 152860 braids
    projlen=123: 347121 braids
    projlen=124: 151801 braids
    projlen=125: 309270 braids
    projlen=126: 80288 braids
  Braids kept: 1075339 (in 31 buckets, 3.08 GB CPU)
  ⚡ Timing: matmul=0.14s, sampling=8.62s, total=13.07s
============================================================
Level 196 - SAMPLING
============================================================
  Starting braids: 975339
  Candidates to generate: 5003975
  Processing in 51 chunks...
  Projlen distribution:
    projlen=97: 5 braids
    projlen=98: 3 braids
    projlen=99: 32 braids
    projlen=100: 36 braids
    projlen=101: 360 braids
    projlen=102: 324 braids
    projlen=103: 2326 braids
    projlen=104: 1975 braids
    projlen=105: 22525 braids
    projlen=106: 17069 braids
    projlen=107: 193132 braids
    projlen=108: 122353 braids
    projlen=109: 311351 braids
    projlen=110: 173605 braids
    projlen=111: 360946 braids
    projlen=112: 162918 braids
    projlen=113: 356752 braids
    projlen=114: 156192 braids
    projlen=115: 353400 braids
    projlen=116: 154647 braids
    projlen=117: 350416 braids
    projlen=118: 153698 braids
    projlen=119: 349714 braids
    projlen=120: 152995 braids
    projlen=121: 348160 braids
    projlen=122: 152730 braids
    projlen=123: 347853 braids
    projlen=124: 152108 braids
    projlen=125: 340916 braids
    projlen=126: 148238 braids
    projlen=127: 117196 braids
  Braids kept: 1094655 (in 31 buckets, 3.16 GB CPU)
  ⚡ Timing: matmul=0.16s, sampling=8.91s, total=13.47s
============================================================
Level 197 - SAMPLING
============================================================
  Starting braids: 994655
  Candidates to generate: 5127357
  Processing in 52 chunks...
  Projlen distribution:
    projlen=97: 2 braids
    projlen=98: 3 braids
    projlen=99: 37 braids
    projlen=100: 28 braids
    projlen=101: 231 braids
    projlen=102: 221 braids
    projlen=103: 2174 braids
    projlen=104: 1779 braids
    projlen=105: 14098 braids
    projlen=106: 10411 braids
    projlen=107: 113903 braids
    projlen=108: 74176 braids
    projlen=109: 285877 braids
    projlen=110: 174746 braids
    projlen=111: 362522 braids
    projlen=112: 165944 braids
    projlen=113: 357029 braids
    projlen=114: 156905 braids
    projlen=115: 353384 braids
    projlen=116: 154280 braids
    projlen=117: 350391 braids
    projlen=118: 153331 braids
    projlen=119: 350089 braids
    projlen=120: 153464 braids
    projlen=121: 348964 braids
    projlen=122: 153064 braids
    projlen=123: 348433 braids
    projlen=124: 152978 braids
    projlen=125: 346743 braids
    projlen=126: 151412 braids
    projlen=127: 310167 braids
    projlen=128: 80571 braids
  Braids kept: 1128984 (in 32 buckets, 3.28 GB CPU)
  ⚡ Timing: matmul=0.12s, sampling=9.15s, total=13.78s
============================================================
Level 198 - SAMPLING
============================================================
  Starting braids: 978984
  Candidates to generate: 5054804
  Processing in 51 chunks...
  Projlen distribution:
    projlen=98: 1 braids
    projlen=99: 14 braids
    projlen=100: 26 braids
    projlen=101: 250 braids
    projlen=102: 196 braids
    projlen=103: 1514 braids
    projlen=104: 1268 braids
    projlen=105: 12431 braids
    projlen=106: 9012 braids
    projlen=107: 73295 braids
    projlen=108: 47293 braids
    projlen=109: 272025 braids
    projlen=110: 175714 braids
    projlen=111: 363596 braids
    projlen=112: 168910 braids
    projlen=113: 359273 braids
    projlen=114: 158710 braids
    projlen=115: 354506 braids
    projlen=116: 154793 braids
    projlen=117: 351037 braids
    projlen=118: 153808 braids
    projlen=119: 350203 braids
    projlen=120: 153632 braids
    projlen=121: 350097 braids
    projlen=122: 153606 braids
    projlen=123: 348932 braids
    projlen=124: 153048 braids
    projlen=125: 347060 braids
    projlen=126: 150973 braids
    projlen=127: 309157 braids
    projlen=128: 80424 braids
  Braids kept: 1122005 (in 31 buckets, 3.26 GB CPU)
  ⚡ Timing: matmul=0.17s, sampling=9.00s, total=13.61s
============================================================
Level 199 - SAMPLING
============================================================
  Starting braids: 972005
  Candidates to generate: 5020921
  Processing in 51 chunks...
  Projlen distribution:
    projlen=99: 3 braids
    projlen=100: 14 braids
    projlen=101: 129 braids
    projlen=102: 167 braids
    projlen=103: 1455 braids
    projlen=104: 1110 braids
    projlen=105: 9078 braids
    projlen=106: 6657 braids
    projlen=107: 63757 braids
    projlen=108: 42294 braids
    projlen=109: 266933 braids
    projlen=110: 171142 braids
    projlen=111: 357376 braids
    projlen=112: 171614 braids
    projlen=113: 358868 braids
    projlen=114: 159087 braids
    projlen=115: 355142 braids
    projlen=116: 155618 braids
    projlen=117: 351806 braids
    projlen=118: 153773 braids
    projlen=119: 349387 braids
    projlen=120: 153077 braids
    projlen=121: 348890 braids
    projlen=122: 153140 braids
    projlen=123: 349204 braids
    projlen=124: 153104 braids
    projlen=125: 348322 braids
    projlen=126: 151434 braids
    projlen=127: 308524 braids
    projlen=128: 79816 braids
  Braids kept: 1110907 (in 30 buckets, 3.24 GB CPU)
  ⚡ Timing: matmul=0.13s, sampling=9.06s, total=13.65s
============================================================
Level 200 - SAMPLING
============================================================
  Starting braids: 960907
  Candidates to generate: 4964327
  Processing in 50 chunks...
  Projlen distribution:
    projlen=100: 3 braids
    projlen=101: 77 braids
    projlen=102: 105 braids
    projlen=103: 915 braids
    projlen=104: 874 braids
    projlen=105: 7997 braids
    projlen=106: 5707 braids
    projlen=107: 48310 braids
    projlen=108: 32212 braids
    projlen=109: 253646 braids
    projlen=110: 162058 braids
    projlen=111: 344587 braids
    projlen=112: 172209 braids
    projlen=113: 360276 braids
    projlen=114: 160703 braids
    projlen=115: 355260 braids
    projlen=116: 155637 braids
    projlen=117: 352863 braids
    projlen=118: 154777 braids
    projlen=119: 350515 braids
    projlen=120: 153827 braids
    projlen=121: 349415 braids
    projlen=122: 153190 braids
    projlen=123: 348263 braids
    projlen=124: 153075 braids
    projlen=125: 347281 braids
    projlen=126: 150947 braids
    projlen=127: 309190 braids
    projlen=128: 80408 braids
  Braids kept: 1096200 (in 29 buckets, 3.20 GB CPU)
  ⚡ Timing: matmul=0.12s, sampling=8.76s, total=13.27s
============================================================
Level 201 - SAMPLING
============================================================
  Starting braids: 996200
  Candidates to generate: 5110052
  Processing in 52 chunks...
  Projlen distribution:
    projlen=100: 2 braids
    projlen=101: 22 braids
    projlen=102: 36 braids
    projlen=103: 636 braids
    projlen=104: 628 braids
    projlen=105: 5685 braids
    projlen=106: 4524 braids
    projlen=107: 41655 braids
    projlen=108: 27714 braids
    projlen=109: 235573 braids
    projlen=110: 143600 braids
    projlen=111: 319914 braids
    projlen=112: 172852 braids
    projlen=113: 359562 braids
    projlen=114: 161755 braids
    projlen=115: 356777 braids
    projlen=116: 156258 braids
    projlen=117: 353063 braids
    projlen=118: 154323 braids
    projlen=119: 349746 braids
    projlen=120: 153060 braids
    projlen=121: 350326 braids
    projlen=122: 153701 braids
    projlen=123: 349916 braids
    projlen=124: 153375 braids
    projlen=125: 348146 braids
    projlen=126: 151861 braids
    projlen=127: 340769 braids
    projlen=128: 147185 braids
    projlen=129: 117388 braids
  Braids kept: 1130902 (in 30 buckets, 3.32 GB CPU)
  ⚡ Timing: matmul=0.66s, sampling=9.44s, total=16.53s
============================================================
Level 202 - SAMPLING
============================================================
  Starting braids: 980902
  Candidates to generate: 5025244
  Processing in 51 chunks...
  Projlen distribution:
    projlen=100: 1 braids
    projlen=101: 12 braids
    projlen=102: 18 braids
    projlen=103: 229 braids
    projlen=104: 237 braids
    projlen=105: 4108 braids
    projlen=106: 3494 braids
    projlen=107: 31772 braids
    projlen=108: 22169 braids
    projlen=109: 198675 braids
    projlen=110: 121611 braids
    projlen=111: 307610 braids
    projlen=112: 173014 braids
    projlen=113: 360916 braids
    projlen=114: 164383 braids
    projlen=115: 355658 braids
    projlen=116: 156671 braids
    projlen=117: 352461 braids
    projlen=118: 154549 braids
    projlen=119: 351061 braids
    projlen=120: 153560 braids
    projlen=121: 349066 braids
    projlen=122: 153186 braids
    projlen=123: 348672 braids
    projlen=124: 152874 braids
    projlen=125: 349271 braids
    projlen=126: 152728 braids
    projlen=127: 343159 braids
    projlen=128: 147695 braids
    projlen=129: 116384 braids
  Braids kept: 1112040 (in 30 buckets, 3.27 GB CPU)
  ⚡ Timing: matmul=0.16s, sampling=9.42s, total=15.98s
============================================================
Level 203 - SAMPLING
============================================================
  Starting braids: 962040
  Candidates to generate: 4932748
  Processing in 50 chunks...
  Projlen distribution:
    projlen=100: 1 braids
    projlen=101: 4 braids
    projlen=102: 15 braids
    projlen=103: 119 braids
    projlen=104: 140 braids
    projlen=105: 1619 braids
    projlen=106: 1556 braids
    projlen=107: 23433 braids
    projlen=108: 17345 braids
    projlen=109: 155069 braids
    projlen=110: 96762 braids
    projlen=111: 294699 braids
    projlen=112: 172351 braids
    projlen=113: 360851 braids
    projlen=114: 166004 braids
    projlen=115: 357706 braids
    projlen=116: 157930 braids
    projlen=117: 353294 braids
    projlen=118: 154660 braids
    projlen=119: 350430 braids
    projlen=120: 153776 braids
    projlen=121: 350234 braids
    projlen=122: 153686 braids
    projlen=123: 349391 braids
    projlen=124: 153116 braids
    projlen=125: 348725 braids
    projlen=126: 152519 braids
    projlen=127: 343700 braids
    projlen=128: 147103 braids
    projlen=129: 116510 braids
  Braids kept: 1094232 (in 30 buckets, 3.23 GB CPU)
  ⚡ Timing: matmul=0.16s, sampling=8.99s, total=15.40s
============================================================
Level 204 - SAMPLING
============================================================
  Starting braids: 994232
  Candidates to generate: 5121580
  Processing in 52 chunks...
  Projlen distribution:
    projlen=101: 4 braids
    projlen=102: 6 braids
    projlen=103: 71 braids
    projlen=104: 102 braids
    projlen=105: 886 braids
    projlen=106: 898 braids
    projlen=107: 10237 braids
    projlen=108: 8367 braids
    projlen=109: 115065 braids
    projlen=110: 75579 braids
    projlen=111: 283891 braids
    projlen=112: 172617 braids
    projlen=113: 361136 braids
    projlen=114: 166875 braids
    projlen=115: 357993 braids
    projlen=116: 158551 braids
    projlen=117: 354150 braids
    projlen=118: 154797 braids
    projlen=119: 350526 braids
    projlen=120: 153445 braids
    projlen=121: 350485 braids
    projlen=122: 153588 braids
    projlen=123: 348497 braids
    projlen=124: 153012 braids
    projlen=125: 348388 braids
    projlen=126: 152928 braids
    projlen=127: 346671 braids
    projlen=128: 151069 braids
    projlen=129: 310998 braids
    projlen=130: 80748 braids
  Braids kept: 1120571 (in 30 buckets, 3.32 GB CPU)
  ⚡ Timing: matmul=0.19s, sampling=9.48s, total=16.17s
============================================================
Level 205 - SAMPLING
============================================================
  Starting braids: 970571
  Candidates to generate: 4998945
  Processing in 50 chunks...
  Projlen distribution:
    projlen=101: 3 braids
    projlen=102: 9 braids
    projlen=103: 35 braids
    projlen=104: 47 braids
    projlen=105: 622 braids
    projlen=106: 635 braids
    projlen=107: 5944 braids
    projlen=108: 4890 braids
    projlen=109: 53937 braids
    projlen=110: 37198 braids
    projlen=111: 265268 braids
    projlen=112: 175096 braids
    projlen=113: 361577 braids
    projlen=114: 167920 braids
    projlen=115: 357919 braids
    projlen=116: 158567 braids
    projlen=117: 354512 braids
    projlen=118: 155421 braids
    projlen=119: 351382 braids
    projlen=120: 153966 braids
    projlen=121: 349890 braids
    projlen=122: 153165 braids
    projlen=123: 349230 braids
    projlen=124: 153200 braids
    projlen=125: 349463 braids
    projlen=126: 152954 braids
    projlen=127: 346641 braids
    projlen=128: 150658 braids
    projlen=129: 308674 braids
    projlen=130: 80122 braids
  Braids kept: 1099383 (in 30 buckets, 3.27 GB CPU)
  ⚡ Timing: matmul=0.22s, sampling=9.31s, total=15.86s
============================================================
Level 206 - SAMPLING
============================================================
  Starting braids: 999383
  Candidates to generate: 5121713
  Processing in 52 chunks...
  Projlen distribution:
    projlen=102: 1 braids
    projlen=103: 46 braids
    projlen=104: 50 braids
    projlen=105: 314 braids
    projlen=106: 319 braids
    projlen=107: 4251 braids
    projlen=108: 3655 braids
    projlen=109: 33799 braids
    projlen=110: 24370 braids
    projlen=111: 248420 braids
    projlen=112: 157955 braids
    projlen=113: 333552 braids
    projlen=114: 172607 braids
    projlen=115: 358074 braids
    projlen=116: 158687 braids
    projlen=117: 353704 braids
    projlen=118: 155183 braids
    projlen=119: 351459 braids
    projlen=120: 153994 braids
    projlen=121: 349353 braids
    projlen=122: 153247 braids
    projlen=123: 349747 braids
    projlen=124: 153565 braids
    projlen=125: 348447 braids
    projlen=126: 152913 braids
    projlen=127: 348312 braids
    projlen=128: 152157 braids
    projlen=129: 339913 braids
    projlen=130: 146675 braids
    projlen=131: 116944 braids
  Braids kept: 1116805 (in 30 buckets, 3.34 GB CPU)
  ⚡ Timing: matmul=0.19s, sampling=9.72s, total=16.48s
============================================================
Level 207 - SAMPLING
============================================================
  Starting braids: 966805
  Candidates to generate: 4955905
  Processing in 50 chunks...
  Projlen distribution:
    projlen=103: 12 braids
    projlen=104: 22 braids
    projlen=105: 335 braids
    projlen=106: 314 braids
    projlen=107: 2194 braids
    projlen=108: 1981 braids
    projlen=109: 24875 braids
    projlen=110: 18584 braids
    projlen=111: 168976 braids
    projlen=112: 106629 braids
    projlen=113: 303283 braids
    projlen=114: 174621 braids
    projlen=115: 361098 braids
    projlen=116: 162668 braids
    projlen=117: 355568 braids
    projlen=118: 155944 braids
    projlen=119: 350733 braids
    projlen=120: 153593 braids
    projlen=121: 349919 braids
    projlen=122: 153437 braids
    projlen=123: 349038 braids
    projlen=124: 153248 braids
    projlen=125: 349109 braids
    projlen=126: 152932 braids
    projlen=127: 348487 braids
    projlen=128: 152542 braids
    projlen=129: 342310 braids
    projlen=130: 147097 braids
    projlen=131: 116356 braids
  Braids kept: 1098317 (in 29 buckets, 3.30 GB CPU)
  ⚡ Timing: matmul=0.20s, sampling=9.12s, total=15.64s
============================================================
Level 208 - SAMPLING
============================================================
  Starting braids: 998317
  Candidates to generate: 5151489
  Processing in 52 chunks...
  Projlen distribution:
    projlen=103: 5 braids
    projlen=104: 5 braids
    projlen=105: 130 braids
    projlen=106: 177 braids
    projlen=107: 2055 braids
    projlen=108: 1788 braids
    projlen=109: 13876 braids
    projlen=110: 10549 braids
    projlen=111: 123732 braids
    projlen=112: 80708 braids
    projlen=113: 290579 braids
    projlen=114: 175683 braids
    projlen=115: 364038 braids
    projlen=116: 167384 braids
    projlen=117: 357624 braids
    projlen=118: 156998 braids
    projlen=119: 352970 braids
    projlen=120: 154590 braids
    projlen=121: 349826 braids
    projlen=122: 153047 braids
    projlen=123: 348892 braids
    projlen=124: 153104 braids
    projlen=125: 349243 braids
    projlen=126: 152818 braids
    projlen=127: 349001 braids
    projlen=128: 153098 braids
    projlen=129: 347238 braids
    projlen=130: 150846 braids
    projlen=131: 310708 braids
    projlen=132: 80777 braids
  Braids kept: 1128585 (in 30 buckets, 3.41 GB CPU)
  ⚡ Timing: matmul=0.40s, sampling=9.69s, total=16.69s
============================================================
Level 209 - SAMPLING
============================================================
  Starting braids: 978585
  Candidates to generate: 5046839
  Processing in 51 chunks...
  Projlen distribution:
    projlen=103: 4 braids
    projlen=104: 4 braids
    projlen=105: 45 braids
    projlen=106: 68 braids
    projlen=107: 1016 braids
    projlen=108: 1073 braids
    projlen=109: 12043 braids
    projlen=110: 9152 braids
    projlen=111: 72367 braids
    projlen=112: 47285 braids
    projlen=113: 271059 braids
    projlen=114: 175253 braids
    projlen=115: 362770 braids
    projlen=116: 169004 braids
    projlen=117: 358186 braids
    projlen=118: 158446 braids
    projlen=119: 354100 braids
    projlen=120: 154667 braids
    projlen=121: 351215 braids
    projlen=122: 154003 braids
    projlen=123: 349696 braids
    projlen=124: 153095 braids
    projlen=125: 349413 braids
    projlen=126: 153216 braids
    projlen=127: 349172 braids
    projlen=128: 153379 braids
    projlen=129: 347495 braids
    projlen=130: 150881 braids
    projlen=131: 308579 braids
    projlen=132: 80153 braids
  Braids kept: 1120690 (in 30 buckets, 3.39 GB CPU)
  ⚡ Timing: matmul=0.17s, sampling=9.39s, total=16.06s
============================================================
Level 210 - SAMPLING
============================================================
  Starting braids: 970690
  Candidates to generate: 5014828
  Processing in 51 chunks...
  Projlen distribution:
    projlen=103: 2 braids
    projlen=104: 3 braids
    projlen=105: 35 braids
    projlen=106: 45 braids
    projlen=107: 425 braids
    projlen=108: 493 braids
    projlen=109: 6797 braids
    projlen=110: 5708 braids
    projlen=111: 62146 braids
    projlen=112: 42484 braids
    projlen=113: 266363 braids
    projlen=114: 170520 braids
    projlen=115: 357300 braids
    projlen=116: 171771 braids
    projlen=117: 358831 braids
    projlen=118: 159262 braids
    projlen=119: 355519 braids
    projlen=120: 155961 braids
    projlen=121: 352078 braids
    projlen=122: 153880 braids
    projlen=123: 350330 braids
    projlen=124: 153453 braids
    projlen=125: 348297 braids
    projlen=126: 152535 braids
    projlen=127: 349110 braids
    projlen=128: 153021 braids
    projlen=129: 347938 braids
    projlen=130: 151359 braids
    projlen=131: 309014 braids
    projlen=132: 80148 braids
  Braids kept: 1105992 (in 30 buckets, 3.35 GB CPU)
  ⚡ Timing: matmul=0.17s, sampling=9.58s, total=16.25s
============================================================
Level 211 - SAMPLING
============================================================
  Starting braids: 955992
  Candidates to generate: 4937704
  Processing in 50 chunks...
  Projlen distribution:
    projlen=104: 1 braids
    projlen=105: 15 braids
    projlen=106: 31 braids
    projlen=107: 301 braids
    projlen=108: 326 braids
    projlen=109: 3231 braids
    projlen=110: 2947 braids
    projlen=111: 37688 braids
    projlen=112: 27393 braids
    projlen=113: 251964 braids
    projlen=114: 163337 braids
    projlen=115: 343911 braids
    projlen=116: 171614 braids
    projlen=117: 360182 braids
    projlen=118: 160979 braids
    projlen=119: 355539 braids
    projlen=120: 155817 braids
    projlen=121: 352369 braids
    projlen=122: 154433 braids
    projlen=123: 350194 braids
    projlen=124: 153699 braids
    projlen=125: 349947 braids
    projlen=126: 153125 braids
    projlen=127: 349280 braids
    projlen=128: 153000 braids
    projlen=129: 346861 braids
    projlen=130: 150678 braids
    projlen=131: 308499 braids
    projlen=132: 80343 braids
  Braids kept: 1071933 (in 29 buckets, 3.26 GB CPU)
  ⚡ Timing: matmul=0.22s, sampling=9.23s, total=15.82s
============================================================
Level 212 - SAMPLING
============================================================
  Starting braids: 971933
  Candidates to generate: 4983757
  Processing in 50 chunks...
  Projlen distribution:
    projlen=105: 3 braids
    projlen=106: 10 braids
    projlen=107: 162 braids
    projlen=108: 208 braids
    projlen=109: 2186 braids
    projlen=110: 2002 braids
    projlen=111: 19963 braids
    projlen=112: 15549 braids
    projlen=113: 185127 braids
    projlen=114: 118068 braids
    projlen=115: 307093 braids
    projlen=116: 172902 braids
    projlen=117: 358519 braids
    projlen=118: 161529 braids
    projlen=119: 356700 braids
    projlen=120: 156648 braids
    projlen=121: 353609 braids
    projlen=122: 155019 braids
    projlen=123: 350643 braids
    projlen=124: 153419 braids
    projlen=125: 350528 braids
    projlen=126: 153638 braids
    projlen=127: 349523 braids
    projlen=128: 153217 braids
    projlen=129: 349110 braids
    projlen=130: 152059 braids
    projlen=131: 341738 braids
    projlen=132: 147283 braids
    projlen=133: 117302 braids
  Braids kept: 1090083 (in 29 buckets, 3.33 GB CPU)
  ⚡ Timing: matmul=0.23s, sampling=9.37s, total=16.02s
============================================================
Level 213 - SAMPLING
============================================================
  Starting braids: 990083
  Candidates to generate: 5097139
  Processing in 51 chunks...
  Projlen distribution:
    projlen=106: 2 braids
    projlen=107: 70 braids
    projlen=108: 100 braids
    projlen=109: 1252 braids
    projlen=110: 1260 braids
    projlen=111: 13587 braids
    projlen=112: 10630 braids
    projlen=113: 102108 braids
    projlen=114: 66729 braids
    projlen=115: 280765 braids
    projlen=116: 174559 braids
    projlen=117: 361100 braids
    projlen=118: 165417 braids
    projlen=119: 355362 braids
    projlen=120: 156097 braids
    projlen=121: 352457 braids
    projlen=122: 154895 braids
    projlen=123: 352038 braids
    projlen=124: 154462 braids
    projlen=125: 349713 braids
    projlen=126: 153144 braids
    projlen=127: 349052 braids
    projlen=128: 153245 braids
    projlen=129: 349121 braids
    projlen=130: 153004 braids
    projlen=131: 345649 braids
    projlen=132: 150642 braids
    projlen=133: 310290 braids
    projlen=134: 80389 braids
  Braids kept: 1126901 (in 29 buckets, 3.46 GB CPU)
  ⚡ Timing: matmul=0.31s, sampling=9.83s, total=16.75s
============================================================
Level 214 - SAMPLING
============================================================
  Starting braids: 976901
  Candidates to generate: 5036377
  Processing in 51 chunks...
  Projlen distribution:
    projlen=106: 3 braids
    projlen=107: 19 braids
    projlen=108: 38 braids
    projlen=109: 624 braids
    projlen=110: 693 braids
    projlen=111: 8214 braids
    projlen=112: 6694 braids
    projlen=113: 70523 braids
    projlen=114: 47813 braids
    projlen=115: 272089 braids
    projlen=116: 175607 braids
    projlen=117: 362611 braids
    projlen=118: 169462 braids
    projlen=119: 357763 braids
    projlen=120: 157893 braids
    projlen=121: 352412 braids
    projlen=122: 154313 braids
    projlen=123: 349989 braids
    projlen=124: 153735 braids
    projlen=125: 350549 braids
    projlen=126: 153969 braids
    projlen=127: 350422 braids
    projlen=128: 153187 braids
    projlen=129: 348702 braids
    projlen=130: 152914 braids
    projlen=131: 347640 braids
    projlen=132: 151047 braids
    projlen=133: 307861 braids
    projlen=134: 79591 braids
  Braids kept: 1114098 (in 29 buckets, 3.43 GB CPU)
  ⚡ Timing: matmul=0.17s, sampling=9.55s, total=16.32s
============================================================
Level 215 - SAMPLING
============================================================
  Starting braids: 964098
  Candidates to generate: 4976712
  Processing in 50 chunks...
  Projlen distribution:
    projlen=107: 25 braids
    projlen=108: 26 braids
    projlen=109: 244 braids
    projlen=110: 300 braids
    projlen=111: 4440 braids
    projlen=112: 3966 braids
    projlen=113: 44527 braids
    projlen=114: 31690 braids
    projlen=115: 262000 braids
    projlen=116: 173033 braids
    projlen=117: 358666 braids
    projlen=118: 172035 braids
    projlen=119: 358697 braids
    projlen=120: 159251 braids
    projlen=121: 354975 braids
    projlen=122: 155347 braids
    projlen=123: 350232 braids
    projlen=124: 153355 braids
    projlen=125: 348969 braids
    projlen=126: 153193 braids
    projlen=127: 349041 braids
    projlen=128: 153120 braids
    projlen=129: 349175 braids
    projlen=130: 153162 braids
    projlen=131: 347168 braids
    projlen=132: 150973 braids
    projlen=133: 308847 braids
    projlen=134: 80255 braids
  Braids kept: 1085218 (in 28 buckets, 3.35 GB CPU)
  ⚡ Timing: matmul=0.20s, sampling=9.30s, total=15.97s
============================================================
Level 216 - SAMPLING
============================================================
  Starting braids: 985218
  Candidates to generate: 5055690
  Processing in 51 chunks...
  Projlen distribution:
    projlen=106: 1 braids
    projlen=107: 7 braids
    projlen=108: 15 braids
    projlen=109: 213 braids
    projlen=110: 200 braids
    projlen=111: 1991 braids
    projlen=112: 1931 braids
    projlen=113: 25963 braids
    projlen=114: 20048 braids
    projlen=115: 218890 braids
    projlen=116: 138844 braids
    projlen=117: 320213 braids
    projlen=118: 173339 braids
    projlen=119: 358741 braids
    projlen=120: 160361 braids
    projlen=121: 355453 braids
    projlen=122: 155600 braids
    projlen=123: 351624 braids
    projlen=124: 154287 braids
    projlen=125: 349739 braids
    projlen=126: 153195 braids
    projlen=127: 349278 braids
    projlen=128: 153119 braids
    projlen=129: 348941 braids
    projlen=130: 153307 braids
    projlen=131: 349513 braids
    projlen=132: 152473 braids
    projlen=133: 343056 braids
    projlen=134: 148006 braids
    projlen=135: 117342 braids
  Braids kept: 1100369 (in 30 buckets, 3.42 GB CPU)
  ⚡ Timing: matmul=0.18s, sampling=9.63s, total=16.43s
============================================================
Level 217 - SAMPLING
============================================================
  Starting braids: 950369
  Candidates to generate: 4875347
  Processing in 49 chunks...
  Projlen distribution:
    projlen=106: 1 braids
    projlen=107: 2 braids
    projlen=108: 5 braids
    projlen=109: 85 braids
    projlen=110: 114 braids
    projlen=111: 1423 braids
    projlen=112: 1311 braids
    projlen=113: 12970 braids
    projlen=114: 10532 braids
    projlen=115: 129494 braids
    projlen=116: 85417 braids
    projlen=117: 293231 braids
    projlen=118: 175812 braids
    projlen=119: 362156 braids
    projlen=120: 164813 braids
    projlen=121: 356626 braids
    projlen=122: 156365 braids
    projlen=123: 351918 braids
    projlen=124: 154058 braids
    projlen=125: 350394 braids
    projlen=126: 153621 braids
    projlen=127: 349224 braids
    projlen=128: 153135 braids
    projlen=129: 349152 braids
    projlen=130: 153210 braids
    projlen=131: 350540 braids
    projlen=132: 153046 braids
    projlen=133: 342828 braids
    projlen=134: 147256 braids
    projlen=135: 116608 braids
  Braids kept: 1076443 (in 30 buckets, 3.36 GB CPU)
  ⚡ Timing: matmul=0.19s, sampling=9.41s, total=15.96s
============================================================
Level 218 - SAMPLING
============================================================
  Starting braids: 976443
  Candidates to generate: 5038043
  Processing in 51 chunks...
  Projlen distribution:
    projlen=107: 3 braids
    projlen=108: 7 braids
    projlen=109: 29 braids
    projlen=110: 50 braids
    projlen=111: 686 braids
    projlen=112: 738 braids
    projlen=113: 8869 braids
    projlen=114: 7201 braids
    projlen=115: 68305 braids
    projlen=116: 46377 braids
    projlen=117: 271821 braids
    projlen=118: 176220 braids
    projlen=119: 363028 braids
    projlen=120: 168794 braids
    projlen=121: 357750 braids
    projlen=122: 157471 braids
    projlen=123: 353403 braids
    projlen=124: 154821 braids
    projlen=125: 349371 braids
    projlen=126: 153187 braids
    projlen=127: 350412 braids
    projlen=128: 153804 braids
    projlen=129: 349335 braids
    projlen=130: 152698 braids
    projlen=131: 349421 braids
    projlen=132: 153400 braids
    projlen=133: 348119 braids
    projlen=134: 151239 braids
    projlen=135: 310490 braids
    projlen=136: 80994 braids
  Braids kept: 1113960 (in 30 buckets, 3.49 GB CPU)
  ⚡ Timing: matmul=0.23s, sampling=9.68s, total=16.56s
============================================================
Level 219 - SAMPLING
============================================================
  Starting braids: 963960
  Candidates to generate: 4987882
  Processing in 50 chunks...
  Projlen distribution:
    projlen=109: 41 braids
    projlen=110: 48 braids
    projlen=111: 295 braids
    projlen=112: 380 braids
    projlen=113: 4603 braids
    projlen=114: 4175 braids
    projlen=115: 48019 braids
    projlen=116: 34357 braids
    projlen=117: 262931 braids
    projlen=118: 171783 braids
    projlen=119: 355818 braids
    projlen=120: 171974 braids
    projlen=121: 360065 braids
    projlen=122: 160040 braids
    projlen=123: 354451 braids
    projlen=124: 155286 braids
    projlen=125: 351449 braids
    projlen=126: 153795 braids
    projlen=127: 348925 braids
    projlen=128: 152978 braids
    projlen=129: 349537 braids
    projlen=130: 153681 braids
    projlen=131: 350119 braids
    projlen=132: 153316 braids
    projlen=133: 348705 braids
    projlen=134: 151422 braids
    projlen=135: 309217 braids
    projlen=136: 80472 braids
  Braids kept: 1091918 (in 28 buckets, 3.43 GB CPU)
  ⚡ Timing: matmul=0.20s, sampling=9.58s, total=16.30s
============================================================
Level 220 - SAMPLING
============================================================
  Starting braids: 991918
  Candidates to generate: 5102744
  Processing in 52 chunks...
  Projlen distribution:
    projlen=108: 1 braids
    projlen=109: 13 braids
    projlen=110: 17 braids
    projlen=111: 321 braids
    projlen=112: 305 braids
    projlen=113: 2400 braids
    projlen=114: 2280 braids
    projlen=115: 27030 braids
    projlen=116: 20994 braids
    projlen=117: 237191 braids
    projlen=118: 150828 braids
    projlen=119: 327562 braids
    projlen=120: 173762 braids
    projlen=121: 360152 braids
    projlen=122: 160726 braids
    projlen=123: 355660 braids
    projlen=124: 156143 braids
    projlen=125: 352043 braids
    projlen=126: 154091 braids
    projlen=127: 351423 braids
    projlen=128: 153960 braids
    projlen=129: 350130 braids
    projlen=130: 153647 braids
    projlen=131: 349338 braids
    projlen=132: 153396 braids
    projlen=133: 349680 braids
    projlen=134: 152363 braids
    projlen=135: 342013 braids
    projlen=136: 147775 braids
    projlen=137: 117500 braids
  Braids kept: 1103361 (in 30 buckets, 3.49 GB CPU)
  ⚡ Timing: matmul=0.15s, sampling=9.88s, total=16.81s
============================================================
Level 221 - SAMPLING
============================================================
  Starting braids: 953361
  Candidates to generate: 4893037
  Processing in 49 chunks...
  Projlen distribution:
    projlen=109: 9 braids
    projlen=110: 13 braids
    projlen=111: 135 braids
    projlen=112: 142 braids
    projlen=113: 2170 braids
    projlen=114: 1888 braids
    projlen=115: 15611 braids
    projlen=116: 12164 braids
    projlen=117: 135977 braids
    projlen=118: 89174 braids
    projlen=119: 296473 braids
    projlen=120: 176487 braids
    projlen=121: 362283 braids
    projlen=122: 164097 braids
    projlen=123: 356829 braids
    projlen=124: 156770 braids
    projlen=125: 352890 braids
    projlen=126: 154399 braids
    projlen=127: 349423 braids
    projlen=128: 153218 braids
    projlen=129: 349842 braids
    projlen=130: 153298 braids
    projlen=131: 349569 braids
    projlen=132: 153199 braids
    projlen=133: 348785 braids
    projlen=134: 152641 braids
    projlen=135: 342322 braids
    projlen=136: 146935 braids
    projlen=137: 116294 braids
  Braids kept: 1082132 (in 29 buckets, 3.43 GB CPU)
  ⚡ Timing: matmul=0.23s, sampling=9.48s, total=16.13s
============================================================
Level 222 - SAMPLING
============================================================
  Starting braids: 982132
  Candidates to generate: 5071342
  Processing in 51 chunks...
  Projlen distribution:
    projlen=110: 3 braids
    projlen=111: 85 braids
    projlen=112: 94 braids
    projlen=113: 1019 braids
    projlen=114: 964 braids
    projlen=115: 13022 braids
    projlen=116: 10035 braids
    projlen=117: 82232 braids
    projlen=118: 53768 braids
    projlen=119: 275966 braids
    projlen=120: 176560 braids
    projlen=121: 363634 braids
    projlen=122: 168499 braids
    projlen=123: 358126 braids
    projlen=124: 157784 braids
    projlen=125: 354196 braids
    projlen=126: 155049 braids
    projlen=127: 349918 braids
    projlen=128: 153285 braids
    projlen=129: 349291 braids
    projlen=130: 153469 braids
    projlen=131: 348566 braids
    projlen=132: 153035 braids
    projlen=133: 349883 braids
    projlen=134: 153638 braids
    projlen=135: 347414 braids
    projlen=136: 150823 braids
    projlen=137: 310343 braids
    projlen=138: 80641 braids
  Braids kept: 1125222 (in 29 buckets, 3.58 GB CPU)
  ⚡ Timing: matmul=0.20s, sampling=10.06s, total=16.96s
============================================================
Level 223 - SAMPLING
============================================================
  Starting braids: 975222
  Candidates to generate: 5041196
  Processing in 51 chunks...
  Projlen distribution:
    projlen=110: 1 braids
    projlen=111: 15 braids
    projlen=112: 31 braids
    projlen=113: 610 braids
    projlen=114: 659 braids
    projlen=115: 6465 braids
    projlen=116: 5445 braids
    projlen=117: 67589 braids
    projlen=118: 46471 braids
    projlen=119: 272381 braids
    projlen=120: 176165 braids
    projlen=121: 363736 braids
    projlen=122: 171350 braids
    projlen=123: 359420 braids
    projlen=124: 159253 braids
    projlen=125: 354058 braids
    projlen=126: 155021 braids
    projlen=127: 352031 braids
    projlen=128: 153908 braids
    projlen=129: 350306 braids
    projlen=130: 153232 braids
    projlen=131: 349958 braids
    projlen=132: 153684 braids
    projlen=133: 348313 braids
    projlen=134: 152690 braids
    projlen=135: 347340 braids
    projlen=136: 151508 braids
    projlen=137: 309476 braids
    projlen=138: 80080 braids
  Braids kept: 1109697 (in 29 buckets, 3.54 GB CPU)
  ⚡ Timing: matmul=0.17s, sampling=9.87s, total=16.71s
============================================================
Level 224 - SAMPLING
============================================================
  Starting braids: 959697
  Candidates to generate: 4959321
  Processing in 50 chunks...
  Projlen distribution:
    projlen=111: 9 braids
    projlen=112: 14 braids
    projlen=113: 179 braids
    projlen=114: 270 braids
    projlen=115: 4012 braids
    projlen=116: 3642 braids
    projlen=117: 35889 braids
    projlen=118: 25950 braids
    projlen=119: 257497 braids
    projlen=120: 171104 braids
    projlen=121: 354913 braids
    projlen=122: 172319 braids
    projlen=123: 359107 braids
    projlen=124: 160072 braids
    projlen=125: 354805 braids
    projlen=126: 155453 braids
    projlen=127: 351580 braids
    projlen=128: 154124 braids
    projlen=129: 350422 braids
    projlen=130: 153459 braids
    projlen=131: 349680 braids
    projlen=132: 153516 braids
    projlen=133: 349507 braids
    projlen=134: 153589 braids
    projlen=135: 347886 braids
    projlen=136: 150921 braids
    projlen=137: 309098 braids
    projlen=138: 80304 braids
  Braids kept: 1069965 (in 28 buckets, 3.42 GB CPU)
  ⚡ Timing: matmul=0.19s, sampling=9.61s, total=16.37s
============================================================
Level 225 - SAMPLING
============================================================
  Starting braids: 969965
  Candidates to generate: 4977751
  Processing in 50 chunks...
  Projlen distribution:
    projlen=111: 6 braids
    projlen=112: 17 braids
    projlen=113: 98 braids
    projlen=114: 139 braids
    projlen=115: 1570 braids
    projlen=116: 1721 braids
    projlen=117: 23600 braids
    projlen=118: 18139 braids
    projlen=119: 178568 braids
    projlen=120: 112747 braids
    projlen=121: 307095 braids
    projlen=122: 174354 braids
    projlen=123: 360897 braids
    projlen=124: 161853 braids
    projlen=125: 355706 braids
    projlen=126: 156116 braids
    projlen=127: 352508 braids
    projlen=128: 154305 braids
    projlen=129: 351183 braids
    projlen=130: 153821 braids
    projlen=131: 349574 braids
    projlen=132: 153414 braids
    projlen=133: 349526 braids
    projlen=134: 153281 braids
    projlen=135: 349576 braids
    projlen=136: 152496 braids
    projlen=137: 341141 braids
    projlen=138: 147216 braids
    projlen=139: 117084 braids
  Braids kept: 1095290 (in 29 buckets, 3.52 GB CPU)
  ⚡ Timing: matmul=0.20s, sampling=9.83s, total=16.60s
============================================================
Level 226 - SAMPLING
============================================================
  Starting braids: 995290
  Candidates to generate: 5133940
  Processing in 52 chunks...
  Projlen distribution:
    projlen=110: 1 braids
    projlen=111: 2 braids
    projlen=112: 8 braids
    projlen=113: 82 braids
    projlen=114: 120 braids
    projlen=115: 904 braids
    projlen=116: 953 braids
    projlen=117: 10995 braids
    projlen=118: 9213 braids
    projlen=119: 117909 braids
    projlen=120: 78164 braids
    projlen=121: 288918 braids
    projlen=122: 175070 braids
    projlen=123: 363572 braids
    projlen=124: 166655 braids
    projlen=125: 356922 braids
    projlen=126: 157577 braids
    projlen=127: 352283 braids
    projlen=128: 154494 braids
    projlen=129: 349419 braids
    projlen=130: 153149 braids
    projlen=131: 350031 braids
    projlen=132: 153591 braids
    projlen=133: 349184 braids
    projlen=134: 152952 braids
    projlen=135: 349113 braids
    projlen=136: 152962 braids
    projlen=137: 347126 braids
    projlen=138: 151396 braids
    projlen=139: 310506 braids
    projlen=140: 80669 braids
  Braids kept: 1122278 (in 31 buckets, 3.63 GB CPU)
  ⚡ Timing: matmul=0.18s, sampling=10.36s, total=17.39s
============================================================
Level 227 - SAMPLING
============================================================
  Starting braids: 972278
  Candidates to generate: 5015946
  Processing in 51 chunks...
  Projlen distribution:
    projlen=111: 3 braids
    projlen=112: 5 braids
    projlen=113: 56 braids
    projlen=114: 77 braids
    projlen=115: 707 braids
    projlen=116: 745 braids
    projlen=117: 6413 braids
    projlen=118: 5359 braids
    projlen=119: 59200 braids
    projlen=120: 40973 braids
    projlen=121: 268753 braids
    projlen=122: 176155 braids
    projlen=123: 363306 braids
    projlen=124: 168702 braids
    projlen=125: 358439 braids
    projlen=126: 158545 braids
    projlen=127: 353772 braids
    projlen=128: 155342 braids
    projlen=129: 350446 braids
    projlen=130: 154159 braids
    projlen=131: 348510 braids
    projlen=132: 152717 braids
    projlen=133: 349313 braids
    projlen=134: 153540 braids
    projlen=135: 348855 braids
    projlen=136: 153174 braids
    projlen=137: 348416 braids
    projlen=138: 151088 braids
    projlen=139: 309024 braids
    projlen=140: 80152 braids
  Braids kept: 1104338 (in 30 buckets, 3.58 GB CPU)
  ⚡ Timing: matmul=0.37s, sampling=10.21s, total=17.29s
============================================================
Level 228 - SAMPLING
============================================================
  Starting braids: 954338
  Candidates to generate: 4937754
  Processing in 50 chunks...
  Projlen distribution:
    projlen=112: 1 braids
    projlen=113: 39 braids
    projlen=114: 55 braids
    projlen=115: 493 braids
    projlen=116: 503 braids
    projlen=117: 4881 braids
    projlen=118: 4131 braids
    projlen=119: 36610 braids
    projlen=120: 26491 braids
    projlen=121: 255456 braids
    projlen=122: 165243 braids
    projlen=123: 343379 braids
    projlen=124: 172482 braids
    projlen=125: 358795 braids
    projlen=126: 159005 braids
    projlen=127: 354699 braids
    projlen=128: 155828 braids
    projlen=129: 351236 braids
    projlen=130: 154672 braids
    projlen=131: 348380 braids
    projlen=132: 154093 braids
    projlen=133: 349144 braids
    projlen=134: 152959 braids
    projlen=135: 348145 braids
    projlen=136: 153382 braids
    projlen=137: 347866 braids
    projlen=138: 150926 braids
    projlen=139: 308807 braids
    projlen=140: 80053 braids
  Braids kept: 1073204 (in 29 buckets, 3.49 GB CPU)
  ⚡ Timing: matmul=0.16s, sampling=9.75s, total=16.50s
============================================================
Level 229 - SAMPLING
============================================================
  Starting braids: 973204
  Candidates to generate: 4997246
  Processing in 50 chunks...
  Projlen distribution:
    projlen=112: 1 braids
    projlen=113: 7 braids
    projlen=114: 25 braids
    projlen=115: 341 braids
    projlen=116: 381 braids
    projlen=117: 3387 braids
    projlen=118: 2921 braids
    projlen=119: 28483 braids
    projlen=120: 20962 braids
    projlen=121: 184159 braids
    projlen=122: 115880 braids
    projlen=123: 309330 braids
    projlen=124: 175336 braids
    projlen=125: 361766 braids
    projlen=126: 162308 braids
    projlen=127: 355354 braids
    projlen=128: 155275 braids
    projlen=129: 350295 braids
    projlen=130: 154125 braids
    projlen=131: 349859 braids
    projlen=132: 154703 braids
    projlen=133: 348704 braids
    projlen=134: 154647 braids
    projlen=135: 348945 braids
    projlen=136: 153984 braids
    projlen=137: 348403 braids
    projlen=138: 152153 braids
    projlen=139: 341052 braids
    projlen=140: 147067 braids
    projlen=141: 117393 braids
  Braids kept: 1106508 (in 30 buckets, 3.62 GB CPU)
  ⚡ Timing: matmul=0.24s, sampling=10.05s, total=16.96s
============================================================
Level 230 - SAMPLING
============================================================
  Starting braids: 956508
  Candidates to generate: 4919966
  Processing in 50 chunks...
  Projlen distribution:
    projlen=112: 1 braids
    projlen=113: 11 braids
    projlen=114: 17 braids
    projlen=115: 125 braids
    projlen=116: 177 braids
    projlen=117: 2412 braids
    projlen=118: 2230 braids
    projlen=119: 20272 braids
    projlen=120: 15144 braids
    projlen=121: 143658 braids
    projlen=122: 92240 braids
    projlen=123: 296669 braids
    projlen=124: 175106 braids
    projlen=125: 362851 braids
    projlen=126: 166628 braids
    projlen=127: 357736 braids
    projlen=128: 157057 braids
    projlen=129: 353164 braids
    projlen=130: 154465 braids
    projlen=131: 349940 braids
    projlen=132: 153622 braids
    projlen=133: 349053 braids
    projlen=134: 154872 braids
    projlen=135: 348431 braids
    projlen=136: 155558 braids
    projlen=137: 348313 braids
    projlen=138: 153827 braids
    projlen=139: 342635 braids
    projlen=140: 147227 braids
    projlen=141: 116525 braids
  Braids kept: 1090389 (in 30 buckets, 3.57 GB CPU)
  ⚡ Timing: matmul=0.15s, sampling=10.06s, total=16.83s
============================================================
Level 231 - SAMPLING
============================================================
  Starting braids: 990389
  Candidates to generate: 5116657
  Processing in 52 chunks...
  Projlen distribution:
    projlen=112: 1 braids
    projlen=113: 7 braids
    projlen=114: 13 braids
    projlen=115: 114 braids
    projlen=116: 115 braids
    projlen=117: 1136 braids
    projlen=118: 1152 braids
    projlen=119: 14697 braids
    projlen=120: 11425 braids
    projlen=121: 104018 braids
    projlen=122: 67332 braids
    projlen=123: 283035 braids
    projlen=124: 175337 braids
    projlen=125: 362864 braids
    projlen=126: 167831 braids
    projlen=127: 357964 braids
    projlen=128: 158251 braids
    projlen=129: 353865 braids
    projlen=130: 154805 braids
    projlen=131: 350157 braids
    projlen=132: 153218 braids
    projlen=133: 349298 braids
    projlen=134: 153599 braids
    projlen=135: 348106 braids
    projlen=136: 155419 braids
    projlen=137: 348085 braids
    projlen=138: 156682 braids
    projlen=139: 345677 braids
    projlen=140: 152366 braids
    projlen=141: 309530 braids
    projlen=142: 80558 braids
  Braids kept: 1128660 (in 31 buckets, 3.71 GB CPU)
  ⚡ Timing: matmul=0.15s, sampling=10.63s, total=17.66s
============================================================
Level 232 - SAMPLING
============================================================
  Starting braids: 978660
  Candidates to generate: 5056344
  Processing in 51 chunks...
  Projlen distribution:
    projlen=112: 1 braids
    projlen=113: 2 braids
    projlen=114: 5 braids
    projlen=115: 78 braids
    projlen=116: 81 braids
    projlen=117: 839 braids
    projlen=118: 777 braids
    projlen=119: 7767 braids
    projlen=120: 6348 braids
    projlen=121: 75729 braids
    projlen=122: 51272 braids
    projlen=123: 274424 braids
    projlen=124: 174977 braids
    projlen=125: 363950 braids
    projlen=126: 170200 braids
    projlen=127: 357982 braids
    projlen=128: 158671 braids
    projlen=129: 354221 braids
    projlen=130: 155357 braids
    projlen=131: 351020 braids
    projlen=132: 153873 braids
    projlen=133: 348805 braids
    projlen=134: 152833 braids
    projlen=135: 348991 braids
    projlen=136: 153706 braids
    projlen=137: 347868 braids
    projlen=138: 156124 braids
    projlen=139: 346182 braids
    projlen=140: 156080 braids
    projlen=141: 307708 braids
    projlen=142: 80473 braids
  Braids kept: 1115898 (in 31 buckets, 3.68 GB CPU)
  ⚡ Timing: matmul=0.21s, sampling=10.29s, total=17.26s
============================================================
Level 233 - SAMPLING
============================================================
  Starting braids: 965898
  Candidates to generate: 4989506
  Processing in 50 chunks...
  Projlen distribution:
    projlen=113: 3 braids
    projlen=114: 8 braids
    projlen=115: 29 braids
    projlen=116: 39 braids
    projlen=117: 525 braids
    projlen=118: 520 braids
    projlen=119: 5447 braids
    projlen=120: 4444 braids
    projlen=121: 42424 braids
    projlen=122: 30153 braids
    projlen=123: 263415 braids
    projlen=124: 176221 braids
    projlen=125: 363618 braids
    projlen=126: 170739 braids
    projlen=127: 359313 braids
    projlen=128: 159867 braids
    projlen=129: 355200 braids
    projlen=130: 155382 braids
    projlen=131: 351064 braids
    projlen=132: 153773 braids
    projlen=133: 349618 braids
    projlen=134: 153006 braids
    projlen=135: 348874 braids
    projlen=136: 153121 braids
    projlen=137: 348709 braids
    projlen=138: 153622 braids
    projlen=139: 346805 braids
    projlen=140: 155080 braids
    projlen=141: 307660 braids
    projlen=142: 80827 braids
  Braids kept: 1083592 (in 30 buckets, 3.58 GB CPU)
  ⚡ Timing: matmul=0.21s, sampling=10.05s, total=16.91s
============================================================
Level 234 - SAMPLING
============================================================
  Starting braids: 983592
  Candidates to generate: 5045908
  Processing in 51 chunks...
  Projlen distribution:
    projlen=114: 1 braids
    projlen=115: 41 braids
    projlen=116: 48 braids
    projlen=117: 253 braids
    projlen=118: 273 braids
    projlen=119: 3375 braids
    projlen=120: 2956 braids
    projlen=121: 30922 braids
    projlen=122: 22636 braids
    projlen=123: 210515 braids
    projlen=124: 131799 braids
    projlen=125: 316705 braids
    projlen=126: 173941 braids
    projlen=127: 359655 braids
    projlen=128: 159795 braids
    projlen=129: 355362 braids
    projlen=130: 155480 braids
    projlen=131: 351509 braids
    projlen=132: 153803 braids
    projlen=133: 348538 braids
    projlen=134: 152718 braids
    projlen=135: 348171 braids
    projlen=136: 152764 braids
    projlen=137: 349111 braids
    projlen=138: 153391 braids
    projlen=139: 348915 braids
    projlen=140: 152976 braids
    projlen=141: 340528 braids
    projlen=142: 152938 braids
    projlen=143: 116789 braids
  Braids kept: 1110505 (in 30 buckets, 3.69 GB CPU)
  ⚡ Timing: matmul=0.17s, sampling=10.30s, total=17.25s
============================================================
Level 235 - SAMPLING
============================================================
  Starting braids: 960505
  Candidates to generate: 4926863
  Processing in 50 chunks...
  Projlen distribution:
    projlen=115: 10 braids
    projlen=116: 19 braids
    projlen=117: 293 braids
    projlen=118: 296 braids
    projlen=119: 1817 braids
    projlen=120: 1680 braids
    projlen=121: 19926 braids
    projlen=122: 15194 braids
    projlen=123: 154154 braids
    projlen=124: 98664 braids
    projlen=125: 299707 braids
    projlen=126: 175021 braids
    projlen=127: 362716 braids
    projlen=128: 165616 braids
    projlen=129: 357535 braids
    projlen=130: 156642 braids
    projlen=131: 352508 braids
    projlen=132: 154500 braids
    projlen=133: 349833 braids
    projlen=134: 153234 braids
    projlen=135: 348286 braids
    projlen=136: 152562 braids
    projlen=137: 347781 braids
    projlen=138: 152487 braids
    projlen=139: 347478 braids
    projlen=140: 151992 braids
    projlen=141: 342429 braids
    projlen=142: 148203 braids
    projlen=143: 116280 braids
  Braids kept: 1089235 (in 29 buckets, 3.63 GB CPU)
  ⚡ Timing: matmul=0.16s, sampling=10.37s, total=17.20s
============================================================
Level 236 - SAMPLING
============================================================
  Starting braids: 989235
  Candidates to generate: 5100855
  Processing in 52 chunks...
  Projlen distribution:
    projlen=115: 2 braids
    projlen=116: 3 braids
    projlen=117: 116 braids
    projlen=118: 136 braids
    projlen=119: 1890 braids
    projlen=120: 1649 braids
    projlen=121: 11619 braids
    projlen=122: 8828 braids
    projlen=123: 100898 braids
    projlen=124: 66496 braids
    projlen=125: 282095 braids
    projlen=126: 174939 braids
    projlen=127: 362132 braids
    projlen=128: 167623 braids
    projlen=129: 358803 braids
    projlen=130: 158732 braids
    projlen=131: 354658 braids
    projlen=132: 155435 braids
    projlen=133: 350943 braids
    projlen=134: 153766 braids
    projlen=135: 348969 braids
    projlen=136: 152812 braids
    projlen=137: 348687 braids
    projlen=138: 152717 braids
    projlen=139: 347911 braids
    projlen=140: 152737 braids
    projlen=141: 345619 braids
    projlen=142: 150536 braids
    projlen=143: 309604 braids
    projlen=144: 80500 braids
  Braids kept: 1124243 (in 30 buckets, 3.76 GB CPU)
  ⚡ Timing: matmul=0.15s, sampling=10.76s, total=17.83s
============================================================
Level 237 - SAMPLING
============================================================
  Starting braids: 974243
  Candidates to generate: 5022639
  Processing in 51 chunks...
  Projlen distribution:
    projlen=116: 2 braids
    projlen=117: 34 braids
    projlen=118: 60 braids
    projlen=119: 876 braids
    projlen=120: 884 braids
    projlen=121: 11085 braids
    projlen=122: 8413 braids
    projlen=123: 61112 braids
    projlen=124: 40023 braids
    projlen=125: 267577 braids
    projlen=126: 175629 braids
    projlen=127: 363612 braids
    projlen=128: 170095 braids
    projlen=129: 357552 braids
    projlen=130: 158455 braids
    projlen=131: 354097 braids
    projlen=132: 155276 braids
    projlen=133: 351330 braids
    projlen=134: 153594 braids
    projlen=135: 349411 braids
    projlen=136: 153337 braids
    projlen=137: 348860 braids
    projlen=138: 153017 braids
    projlen=139: 347915 braids
    projlen=140: 152641 braids
    projlen=141: 347768 braids
    projlen=142: 150963 braids
    projlen=143: 308858 braids
    projlen=144: 80163 braids
  Braids kept: 1111377 (in 29 buckets, 3.73 GB CPU)
  ⚡ Timing: matmul=0.15s, sampling=10.43s, total=17.37s
============================================================
Level 238 - SAMPLING
============================================================
  Starting braids: 961377
  Candidates to generate: 4971215
  Processing in 50 chunks...
  Projlen distribution:
    projlen=116: 2 braids
    projlen=117: 12 braids
    projlen=118: 29 braids
    projlen=119: 333 braids
    projlen=120: 432 braids
    projlen=121: 5720 braids
    projlen=122: 4934 braids
    projlen=123: 57904 braids
    projlen=124: 39912 braids
    projlen=125: 256909 braids
    projlen=126: 159002 braids
    projlen=127: 339449 braids
    projlen=128: 172813 braids
    projlen=129: 359829 braids
    projlen=130: 159969 braids
    projlen=131: 355195 braids
    projlen=132: 155940 braids
    projlen=133: 353455 braids
    projlen=134: 154677 braids
    projlen=135: 350129 braids
    projlen=136: 152949 braids
    projlen=137: 349185 braids
    projlen=138: 153287 braids
    projlen=139: 349706 braids
    projlen=140: 153568 braids
    projlen=141: 346466 braids
    projlen=142: 150458 braids
    projlen=143: 308887 braids
    projlen=144: 80064 braids
  Braids kept: 1101374 (in 29 buckets, 3.70 GB CPU)
  ⚡ Timing: matmul=0.21s, sampling=10.20s, total=17.08s
============================================================
Level 239 - SAMPLING
============================================================
  Starting braids: 951374
  Candidates to generate: 4923166
  Processing in 50 chunks...
  Projlen distribution:
    projlen=117: 14 braids
    projlen=118: 23 braids
    projlen=119: 167 braids
    projlen=120: 239 braids
    projlen=121: 2568 braids
    projlen=122: 2507 braids
    projlen=123: 32477 braids
    projlen=124: 24061 braids
    projlen=125: 248309 braids
    projlen=126: 160148 braids
    projlen=127: 340036 braids
    projlen=128: 173419 braids
    projlen=129: 360656 braids
    projlen=130: 162190 braids
    projlen=131: 355713 braids
    projlen=132: 156038 braids
    projlen=133: 351570 braids
    projlen=134: 154029 braids
    projlen=135: 350922 braids
    projlen=136: 153795 braids
    projlen=137: 349716 braids
    projlen=138: 153046 braids
    projlen=139: 349626 braids
    projlen=140: 153323 braids
    projlen=141: 347867 braids
    projlen=142: 151223 braids
    projlen=143: 309474 braids
    projlen=144: 80010 braids
  Braids kept: 1062056 (in 28 buckets, 3.58 GB CPU)
  ⚡ Timing: matmul=0.15s, sampling=10.14s, total=16.94s
============================================================
Level 240 - SAMPLING
============================================================
  Starting braids: 962056
  Candidates to generate: 4936950
  Processing in 50 chunks...
  Projlen distribution:
    projlen=116: 1 braids
    projlen=117: 5 braids
    projlen=118: 10 braids
    projlen=119: 142 braids
    projlen=120: 171 braids
    projlen=121: 1512 braids
    projlen=122: 1533 braids
    projlen=123: 16377 braids
    projlen=124: 13144 braids
    projlen=125: 160206 braids
    projlen=126: 103510 braids
    projlen=127: 301441 braids
    projlen=128: 174060 braids
    projlen=129: 361328 braids
    projlen=130: 163260 braids
    projlen=131: 357822 braids
    projlen=132: 156719 braids
    projlen=133: 353245 braids
    projlen=134: 154707 braids
    projlen=135: 349790 braids
    projlen=136: 153328 braids
    projlen=137: 349705 braids
    projlen=138: 153364 braids
    projlen=139: 349006 braids
    projlen=140: 153189 braids
    projlen=141: 349217 braids
    projlen=142: 152494 braids
    projlen=143: 342407 braids
    projlen=144: 147851 braids
    projlen=145: 117406 braids
  Braids kept: 1082895 (in 30 buckets, 3.67 GB CPU)
  ⚡ Timing: matmul=0.22s, sampling=10.33s, total=17.28s
============================================================
Level 241 - SAMPLING
============================================================
  Starting braids: 982895
  Candidates to generate: 5065049
  Processing in 51 chunks...
  Projlen distribution:
    projlen=117: 4 braids
    projlen=118: 5 braids
    projlen=119: 67 braids
    projlen=120: 81 braids
    projlen=121: 1155 braids
    projlen=122: 1125 braids
    projlen=123: 10278 braids
    projlen=124: 8266 braids
    projlen=125: 84457 braids
    projlen=126: 56524 braids
    projlen=127: 277141 braids
    projlen=128: 175958 braids
    projlen=129: 362597 braids
    projlen=130: 166693 braids
    projlen=131: 356510 braids
    projlen=132: 156774 braids
    projlen=133: 352857 braids
    projlen=134: 154581 braids
    projlen=135: 351280 braids
    projlen=136: 154288 braids
    projlen=137: 349548 braids
    projlen=138: 152886 braids
    projlen=139: 348339 braids
    projlen=140: 152759 braids
    projlen=141: 348492 braids
    projlen=142: 152840 braids
    projlen=143: 346538 braids
    projlen=144: 150854 braids
    projlen=145: 311008 braids
    projlen=146: 81144 braids
  Braids kept: 1120981 (in 30 buckets, 3.81 GB CPU)
  ⚡ Timing: matmul=0.20s, sampling=10.58s, total=17.65s
============================================================
Level 242 - SAMPLING
============================================================
  Starting braids: 970981
  Candidates to generate: 5013571
  Processing in 51 chunks...
  Projlen distribution:
    projlen=117: 3 braids
    projlen=118: 4 braids
    projlen=119: 48 braids
    projlen=120: 60 braids
    projlen=121: 555 braids
    projlen=122: 604 braids
    projlen=123: 7578 braids
    projlen=124: 6208 braids
    projlen=125: 55436 braids
    projlen=126: 38067 braids
    projlen=127: 266891 braids
    projlen=128: 176965 braids
    projlen=129: 363698 braids
    projlen=130: 171086 braids
    projlen=131: 359786 braids
    projlen=132: 158947 braids
    projlen=133: 354060 braids
    projlen=134: 154718 braids
    projlen=135: 350191 braids
    projlen=136: 153670 braids
    projlen=137: 349823 braids
    projlen=138: 153577 braids
    projlen=139: 349972 braids
    projlen=140: 153276 braids
    projlen=141: 348876 braids
    projlen=142: 153093 braids
    projlen=143: 347405 braids
    projlen=144: 151109 braids
    projlen=145: 308095 braids
    projlen=146: 79770 braids
  Braids kept: 1103127 (in 30 buckets, 3.76 GB CPU)
  ⚡ Timing: matmul=0.15s, sampling=10.67s, total=17.67s
============================================================
Level 243 - SAMPLING
============================================================
  Starting braids: 953127
  Candidates to generate: 4932159
  Processing in 50 chunks...
  Projlen distribution:
    projlen=118: 1 braids
    projlen=119: 27 braids
    projlen=120: 32 braids
    projlen=121: 405 braids
    projlen=122: 401 braids
    projlen=123: 3909 braids
    projlen=124: 3471 braids
    projlen=125: 41886 braids
    projlen=126: 30341 braids
    projlen=127: 252012 braids
    projlen=128: 158415 braids
    projlen=129: 335199 braids
    projlen=130: 174247 braids
    projlen=131: 359721 braids
    projlen=132: 160171 braids
    projlen=133: 355636 braids
    projlen=134: 155820 braids
    projlen=135: 352285 braids
    projlen=136: 153970 braids
    projlen=137: 349038 braids
    projlen=138: 153111 braids
    projlen=139: 348898 braids
    projlen=140: 153088 braids
    projlen=141: 349270 braids
    projlen=142: 153387 braids
    projlen=143: 347681 braids
    projlen=144: 150640 braids
    projlen=145: 308750 braids
    projlen=146: 80347 braids
  Braids kept: 1080473 (in 29 buckets, 3.69 GB CPU)
  ⚡ Timing: matmul=0.16s, sampling=10.34s, total=17.26s
============================================================
Level 244 - SAMPLING
============================================================
  Starting braids: 980473
  Candidates to generate: 5032451
  Processing in 51 chunks...
  Projlen distribution:
    projlen=119: 4 braids
    projlen=120: 9 braids
    projlen=121: 227 braids
    projlen=122: 229 braids
    projlen=123: 2703 braids
    projlen=124: 2406 braids
    projlen=125: 23455 braids
    projlen=126: 17813 braids
    projlen=127: 204680 braids
    projlen=128: 131090 braids
    projlen=129: 317133 braids
    projlen=130: 174497 braids
    projlen=131: 361226 braids
    projlen=132: 164323 braids
    projlen=133: 355887 braids
    projlen=134: 157189 braids
    projlen=135: 351495 braids
    projlen=136: 154368 braids
    projlen=137: 350032 braids
    projlen=138: 153332 braids
    projlen=139: 348522 braids
    projlen=140: 153037 braids
    projlen=141: 348214 braids
    projlen=142: 153028 braids
    projlen=143: 348717 braids
    projlen=144: 152189 braids
    projlen=145: 341882 braids
    projlen=146: 147472 braids
    projlen=147: 117292 braids
  Braids kept: 1096846 (in 29 buckets, 3.77 GB CPU)
  ⚡ Timing: matmul=0.17s, sampling=10.67s, total=17.73s
============================================================
Level 245 - SAMPLING
============================================================
  Starting braids: 996846
  Candidates to generate: 5134468
  Processing in 52 chunks...
  Projlen distribution:
    projlen=118: 1 braids
    projlen=119: 2 braids
    projlen=120: 5 braids
    projlen=121: 75 braids
    projlen=122: 107 braids
    projlen=123: 1473 braids
    projlen=124: 1385 braids
    projlen=125: 16221 braids
    projlen=126: 12419 braids
    projlen=127: 117967 braids
    projlen=128: 76417 braids
    projlen=129: 286877 braids
    projlen=130: 175146 braids
    projlen=131: 361087 braids
    projlen=132: 165015 braids
    projlen=133: 357366 braids
    projlen=134: 158776 braids
    projlen=135: 351991 braids
    projlen=136: 155572 braids
    projlen=137: 349456 braids
    projlen=138: 153726 braids
    projlen=139: 349005 braids
    projlen=140: 153075 braids
    projlen=141: 349277 braids
    projlen=142: 153148 braids
    projlen=143: 348901 braids
    projlen=144: 152791 braids
    projlen=145: 345372 braids
    projlen=146: 150138 braids
    projlen=147: 310809 braids
    projlen=148: 80868 braids
  Braids kept: 1131688 (in 31 buckets, 3.91 GB CPU)
  ⚡ Timing: matmul=0.17s, sampling=10.85s, total=18.11s
============================================================
Level 246 - SAMPLING
============================================================
  Starting braids: 981688
  Candidates to generate: 5059776
  Processing in 51 chunks...
  Projlen distribution:
    projlen=118: 1 braids
    projlen=119: 2 braids
    projlen=120: 5 braids
    projlen=121: 32 braids
    projlen=122: 43 braids
    projlen=123: 680 braids
    projlen=124: 708 braids
    projlen=125: 9166 braids
    projlen=126: 7406 braids
    projlen=127: 82247 braids
    projlen=128: 55303 braids
    projlen=129: 276390 braids
    projlen=130: 175756 braids
    projlen=131: 362681 braids
    projlen=132: 169062 braids
    projlen=133: 356974 braids
    projlen=134: 157412 braids
    projlen=135: 352582 braids
    projlen=136: 157014 braids
    projlen=137: 349958 braids
    projlen=138: 155307 braids
    projlen=139: 348893 braids
    projlen=140: 153526 braids
    projlen=141: 348652 braids
    projlen=142: 153191 braids
    projlen=143: 348579 braids
    projlen=144: 152848 braids
    projlen=145: 347071 braids
    projlen=146: 150238 braids
    projlen=147: 308233 braids
    projlen=148: 79816 braids
  Braids kept: 1118043 (in 31 buckets, 3.87 GB CPU)
  ⚡ Timing: matmul=0.19s, sampling=10.83s, total=17.98s
============================================================
Level 247 - SAMPLING
============================================================
  Starting braids: 968043
  Candidates to generate: 4996291
  Processing in 50 chunks...
  Projlen distribution:
    projlen=118: 1 braids
    projlen=119: 2 braids
    projlen=120: 4 braids
    projlen=121: 26 braids
    projlen=122: 25 braids
    projlen=123: 298 braids
    projlen=124: 326 braids
    projlen=125: 4693 braids
    projlen=126: 4038 braids
    projlen=127: 48433 braids
    projlen=128: 34333 braids
    projlen=129: 264365 braids
    projlen=130: 175732 braids
    projlen=131: 363849 braids
    projlen=132: 171288 braids
    projlen=133: 358550 braids
    projlen=134: 159050 braids
    projlen=135: 354902 braids
    projlen=136: 155547 braids
    projlen=137: 349886 braids
    projlen=138: 156933 braids
    projlen=139: 349211 braids
    projlen=140: 155945 braids
    projlen=141: 348128 braids
    projlen=142: 153761 braids
    projlen=143: 348476 braids
    projlen=144: 153044 braids
    projlen=145: 346616 braids
    projlen=146: 150323 braids
    projlen=147: 308604 braids
    projlen=148: 79902 braids
  Braids kept: 1092179 (in 31 buckets, 3.79 GB CPU)
  ⚡ Timing: matmul=0.21s, sampling=10.62s, total=17.67s
============================================================
Level 248 - SAMPLING
============================================================
  Starting braids: 992179
  Candidates to generate: 5098329
  Processing in 51 chunks...
  Projlen distribution:
    projlen=118: 1 braids
    projlen=119: 2 braids
    projlen=120: 4 braids
    projlen=121: 25 braids
    projlen=122: 25 braids
    projlen=123: 208 braids
    projlen=124: 216 braids
    projlen=125: 2129 braids
    projlen=126: 2095 braids
    projlen=127: 26984 braids
    projlen=128: 20795 braids
    projlen=129: 237840 braids
    projlen=130: 151093 braids
    projlen=131: 326734 braids
    projlen=132: 173046 braids
    projlen=133: 359471 braids
    projlen=134: 160172 braids
    projlen=135: 355538 braids
    projlen=136: 155823 braids
    projlen=137: 351964 braids
    projlen=138: 154469 braids
    projlen=139: 348365 braids
    projlen=140: 157203 braids
    projlen=141: 347979 braids
    projlen=142: 157162 braids
    projlen=143: 347185 braids
    projlen=144: 154575 braids
    projlen=145: 348276 braids
    projlen=146: 152799 braids
    projlen=147: 341359 braids
    projlen=148: 147565 braids
    projlen=149: 117227 braids
  Braids kept: 1102484 (in 32 buckets, 3.85 GB CPU)
  ⚡ Timing: matmul=0.22s, sampling=10.72s, total=17.96s
============================================================
Level 249 - SAMPLING
============================================================
  Starting braids: 952484
  Candidates to generate: 4894186
  Processing in 49 chunks...
  Projlen distribution:
    projlen=118: 1 braids
    projlen=119: 2 braids
    projlen=120: 4 braids
    projlen=121: 22 braids
    projlen=122: 17 braids
    projlen=123: 181 braids
    projlen=124: 161 braids
    projlen=125: 1453 braids
    projlen=126: 1386 braids
    projlen=127: 13532 braids
    projlen=128: 11055 braids
    projlen=129: 135624 braids
    projlen=130: 88890 braids
    projlen=131: 294761 braids
    projlen=132: 175845 braids
    projlen=133: 361887 braids
    projlen=134: 163767 braids
    projlen=135: 355720 braids
    projlen=136: 156005 braids
    projlen=137: 352922 braids
    projlen=138: 154723 braids
    projlen=139: 350516 braids
    projlen=140: 153832 braids
    projlen=141: 347556 braids
    projlen=142: 158213 braids
    projlen=143: 346586 braids
    projlen=144: 159379 braids
    projlen=145: 346602 braids
    projlen=146: 155401 braids
    projlen=147: 342844 braids
    projlen=148: 148943 braids
    projlen=149: 116356 braids
  Braids kept: 1077814 (in 32 buckets, 3.77 GB CPU)
  ⚡ Timing: matmul=0.20s, sampling=10.50s, total=17.44s
============================================================
Level 250 - SAMPLING
============================================================
  Starting braids: 977814
  Candidates to generate: 5051804
  Processing in 51 chunks...
  Projlen distribution:
    projlen=119: 4 braids
    projlen=120: 3 braids
    projlen=121: 22 braids
    projlen=122: 17 braids
    projlen=123: 135 braids
    projlen=124: 122 braids
    projlen=125: 1125 braids
    projlen=126: 1008 braids
    projlen=127: 9391 braids
    projlen=128: 7545 braids
    projlen=129: 71210 braids
    projlen=130: 48510 braids
    projlen=131: 273143 braids
    projlen=132: 176246 braids
    projlen=133: 361899 braids
    projlen=134: 167992 braids
    projlen=135: 357376 braids
    projlen=136: 157429 braids
    projlen=137: 352547 braids
    projlen=138: 154163 braids
    projlen=139: 350246 braids
    projlen=140: 153742 braids
    projlen=141: 349878 braids
    projlen=142: 153714 braids
    projlen=143: 347228 braids
    projlen=144: 159893 braids
    projlen=145: 345013 braids
    projlen=146: 162173 braids
    projlen=147: 344002 braids
    projlen=148: 156078 braids
    projlen=149: 308770 braids
    projlen=150: 81180 braids
  Braids kept: 1117882 (in 32 buckets, 3.93 GB CPU)
  ⚡ Timing: matmul=0.18s, sampling=10.92s, total=18.09s
============================================================
Level 251 - SAMPLING
============================================================
  Starting braids: 967882
  Candidates to generate: 5016504
  Processing in 51 chunks...
  Projlen distribution:
    projlen=119: 3 braids
    projlen=120: 3 braids
    projlen=121: 26 braids
    projlen=122: 19 braids
    projlen=123: 125 braids
    projlen=124: 102 braids
    projlen=125: 832 braids
    projlen=126: 720 braids
    projlen=127: 6843 braids
    projlen=128: 5436 braids
    projlen=129: 51409 braids
    projlen=130: 35895 braids
    projlen=131: 266285 braids
    projlen=132: 175411 braids
    projlen=133: 359708 braids
    projlen=134: 171277 braids
    projlen=135: 358518 braids
    projlen=136: 158920 braids
    projlen=137: 355442 braids
    projlen=138: 155685 braids
    projlen=139: 352127 braids
    projlen=140: 154160 braids
    projlen=141: 349185 braids
    projlen=142: 152955 braids
    projlen=143: 348873 braids
    projlen=144: 153828 braids
    projlen=145: 347052 braids
    projlen=146: 162057 braids
    projlen=147: 341833 braids
    projlen=148: 164200 braids
    projlen=149: 305939 braids
    projlen=150: 81636 braids
  Braids kept: 1100004 (in 32 buckets, 3.87 GB CPU)
  ⚡ Timing: matmul=0.17s, sampling=10.98s, total=18.14s
============================================================
Level 252 - SAMPLING
============================================================
  Starting braids: 950004
  Candidates to generate: 4929968
  Processing in 50 chunks...
  Projlen distribution:
    projlen=120: 1 braids
    projlen=121: 18 braids
    projlen=122: 17 braids
    projlen=123: 148 braids
    projlen=124: 103 braids
    projlen=125: 749 braids
    projlen=126: 595 braids
    projlen=127: 5095 braids
    projlen=128: 4058 braids
    projlen=129: 37896 braids
    projlen=130: 27313 braids
    projlen=131: 249882 braids
    projlen=132: 156810 braids
    projlen=133: 331311 braids
    projlen=134: 173610 braids
    projlen=135: 360597 braids
    projlen=136: 160681 braids
    projlen=137: 355798 braids
    projlen=138: 156212 braids
    projlen=139: 352299 braids
    projlen=140: 154412 braids
    projlen=141: 350447 braids
    projlen=142: 153881 braids
    projlen=143: 349313 braids
    projlen=144: 153352 braids
    projlen=145: 349193 braids
    projlen=146: 154078 braids
    projlen=147: 344069 braids
    projlen=148: 162303 braids
    projlen=149: 304494 braids
    projlen=150: 81233 braids
  Braids kept: 1075993 (in 31 buckets, 3.79 GB CPU)
  ⚡ Timing: matmul=0.17s, sampling=10.61s, total=17.63s
============================================================
Level 253 - SAMPLING
============================================================
  Starting braids: 975993
  Candidates to generate: 5024547
  Processing in 51 chunks...
  Projlen distribution:
    projlen=121: 4 braids
    projlen=122: 6 braids
    projlen=123: 95 braids
    projlen=124: 83 braids
    projlen=125: 818 braids
    projlen=126: 590 braids
    projlen=127: 4345 braids
    projlen=128: 3319 braids
    projlen=129: 29013 braids
    projlen=130: 20915 braids
    projlen=131: 188842 braids
    projlen=132: 119558 braids
    projlen=133: 311384 braids
    projlen=134: 175538 braids
    projlen=135: 362493 braids
    projlen=136: 163855 braids
    projlen=137: 356094 braids
    projlen=138: 156219 braids
    projlen=139: 352279 braids
    projlen=140: 154313 braids
    projlen=141: 349311 braids
    projlen=142: 153063 braids
    projlen=143: 349221 braids
    projlen=144: 153371 braids
    projlen=145: 349137 braids
    projlen=146: 153445 braids
    projlen=147: 347837 braids
    projlen=148: 152831 braids
    projlen=149: 338477 braids
    projlen=150: 162223 braids
    projlen=151: 115868 braids
  Braids kept: 1109188 (in 31 buckets, 3.93 GB CPU)
  ⚡ Timing: matmul=0.16s, sampling=11.04s, total=18.21s
============================================================
Level 254 - SAMPLING
============================================================
  Starting braids: 959188
  Candidates to generate: 4936530
  Processing in 50 chunks...
  Projlen distribution:
    projlen=121: 4 braids
    projlen=122: 2 braids
    projlen=123: 35 braids
    projlen=124: 35 braids
    projlen=125: 526 braids
    projlen=126: 434 braids
    projlen=127: 4397 braids
    projlen=128: 3181 braids
    projlen=129: 24379 braids
    projlen=130: 16984 braids
    projlen=131: 146964 braids
    projlen=132: 92825 braids
    projlen=133: 297247 braids
    projlen=134: 175871 braids
    projlen=135: 363413 braids
    projlen=136: 167190 braids
    projlen=137: 357826 braids
    projlen=138: 157507 braids
    projlen=139: 354030 braids
    projlen=140: 154721 braids
    projlen=141: 351778 braids
    projlen=142: 153978 braids
    projlen=143: 350359 braids
    projlen=144: 153336 braids
    projlen=145: 348655 braids
    projlen=146: 152847 braids
    projlen=147: 349306 braids
    projlen=148: 153095 braids
    projlen=149: 341279 braids
    projlen=150: 148200 braids
    projlen=151: 116126 braids
  Braids kept: 1099977 (in 31 buckets, 3.90 GB CPU)
  ⚡ Timing: matmul=0.17s, sampling=10.86s, total=17.91s
============================================================
Level 255 - SAMPLING
============================================================
  Starting braids: 999977
  Candidates to generate: 5169263
  Processing in 52 chunks...
  Projlen distribution:
    projlen=121: 3 braids
    projlen=122: 4 braids
    projlen=123: 19 braids
    projlen=124: 14 braids
    projlen=125: 249 braids
    projlen=126: 222 braids
    projlen=127: 2948 braids
    projlen=128: 2330 braids
    projlen=129: 23341 braids
    projlen=130: 16034 braids
    projlen=131: 122725 braids
    projlen=132: 76769 braids
    projlen=133: 287907 braids
    projlen=134: 175087 braids
    projlen=135: 364510 braids
    projlen=136: 169065 braids
    projlen=137: 359348 braids
    projlen=138: 159366 braids
    projlen=139: 353789 braids
    projlen=140: 154661 braids
    projlen=141: 350026 braids
    projlen=142: 153505 braids
    projlen=143: 350064 braids
    projlen=144: 153846 braids
    projlen=145: 350068 braids
    projlen=146: 153306 braids
    projlen=147: 349311 braids
    projlen=148: 153021 braids
    projlen=149: 346316 braids
    projlen=150: 151270 braids
    projlen=151: 309641 braids
    projlen=152: 80498 braids
  Braids kept: 1145164 (in 32 buckets, 4.08 GB CPU)
  ⚡ Timing: matmul=0.19s, sampling=11.38s, total=18.80s
============================================================
Level 256 - SAMPLING
============================================================
  Starting braids: 995164
  Candidates to generate: 5143820
  Processing in 52 chunks...
  Projlen distribution:
    projlen=122: 2 braids
    projlen=123: 20 braids
    projlen=124: 22 braids
    projlen=125: 113 braids
    projlen=126: 91 braids
    projlen=127: 1530 braids
    projlen=128: 1326 braids
    projlen=129: 16167 braids
    projlen=130: 11743 braids
    projlen=131: 115288 braids
    projlen=132: 73164 braids
    projlen=133: 284535 braids
    projlen=134: 173768 braids
    projlen=135: 364712 braids
    projlen=136: 169883 braids
    projlen=137: 358950 braids
    projlen=138: 159898 braids
    projlen=139: 353969 braids
    projlen=140: 156254 braids
    projlen=141: 350826 braids
    projlen=142: 154356 braids
    projlen=143: 349443 braids
    projlen=144: 153660 braids
    projlen=145: 349727 braids
    projlen=146: 153587 braids
    projlen=147: 349306 braids
    projlen=148: 153120 braids
    projlen=149: 347341 braids
    projlen=150: 150906 braids
    projlen=151: 309805 braids
    projlen=152: 80308 braids
  Braids kept: 1131014 (in 31 buckets, 4.04 GB CPU)
  ⚡ Timing: matmul=0.18s, sampling=11.26s, total=18.63s
============================================================
Level 257 - SAMPLING
============================================================
  Starting braids: 981014
  Candidates to generate: 5063600
  Processing in 51 chunks...
  Projlen distribution:
    projlen=123: 7 braids
    projlen=124: 12 braids
    projlen=125: 129 braids
    projlen=126: 105 braids
    projlen=127: 718 braids
    projlen=128: 621 braids
    projlen=129: 8855 braids
    projlen=130: 6869 braids
    projlen=131: 80912 braids
    projlen=132: 52799 braids
    projlen=133: 273740 braids
    projlen=134: 174196 braids
    projlen=135: 363057 braids
    projlen=136: 169046 braids
    projlen=137: 359018 braids
    projlen=138: 159708 braids
    projlen=139: 354979 braids
    projlen=140: 157261 braids
    projlen=141: 350429 braids
    projlen=142: 155406 braids
    projlen=143: 349926 braids
    projlen=144: 154487 braids
    projlen=145: 348506 braids
    projlen=146: 153346 braids
    projlen=147: 349241 braids
    projlen=148: 153615 braids
    projlen=149: 347297 braids
    projlen=150: 150747 braids
    projlen=151: 308461 braids
    projlen=152: 80107 braids
  Braids kept: 1117316 (in 30 buckets, 4.00 GB CPU)
  ⚡ Timing: matmul=0.19s, sampling=11.13s, total=18.38s
============================================================
Level 258 - SAMPLING
============================================================
  Starting braids: 967316
  Candidates to generate: 4991478
  Processing in 50 chunks...
  Projlen distribution:
    projlen=121: 1 braids
    projlen=122: 1 braids
    projlen=123: 4 braids
    projlen=124: 3 braids
    projlen=125: 77 braids
    projlen=126: 78 braids
    projlen=127: 724 braids
    projlen=128: 579 braids
    projlen=129: 4451 braids
    projlen=130: 3487 braids
    projlen=131: 45887 braids
    projlen=132: 31751 braids
    projlen=133: 262247 braids
    projlen=134: 174065 braids
    projlen=135: 363222 braids
    projlen=136: 170883 braids
    projlen=137: 359016 braids
    projlen=138: 159365 braids
    projlen=139: 356023 braids
    projlen=140: 156531 braids
    projlen=141: 350980 braids
    projlen=142: 156485 braids
    projlen=143: 348333 braids
    projlen=144: 155425 braids
    projlen=145: 348164 braids
    projlen=146: 154439 braids
    projlen=147: 348169 braids
    projlen=148: 153287 braids
    projlen=149: 347498 braids
    projlen=150: 151287 braids
    projlen=151: 308901 braids
    projlen=152: 80115 braids
  Braids kept: 1087043 (in 32 buckets, 3.90 GB CPU)
  ⚡ Timing: matmul=0.25s, sampling=10.87s, total=18.08s
============================================================
Level 259 - SAMPLING
============================================================
  Starting braids: 987043
  Candidates to generate: 5066297
  Processing in 51 chunks...
  Projlen distribution:
    projlen=121: 5 braids
    projlen=122: 3 braids
    projlen=123: 10 braids
    projlen=124: 6 braids
    projlen=125: 32 braids
    projlen=126: 21 braids
    projlen=127: 518 braids
    projlen=128: 453 braids
    projlen=129: 4077 braids
    projlen=130: 3084 braids
    projlen=131: 25346 braids
    projlen=132: 18067 braids
    projlen=133: 221593 braids
    projlen=134: 140319 braids
    projlen=135: 319639 braids
    projlen=136: 172128 braids
    projlen=137: 360085 braids
    projlen=138: 160724 braids
    projlen=139: 355380 braids
    projlen=140: 155659 braids
    projlen=141: 352938 braids
    projlen=142: 155283 braids
    projlen=143: 350359 braids
    projlen=144: 156938 braids
    projlen=145: 347801 braids
    projlen=146: 156410 braids
    projlen=147: 347128 braids
    projlen=148: 155423 braids
    projlen=149: 347507 braids
    projlen=150: 152970 braids
    projlen=151: 341466 braids
    projlen=152: 147751 braids
    projlen=153: 117174 braids
  Braids kept: 1101622 (in 33 buckets, 3.97 GB CPU)
  ⚡ Timing: matmul=0.19s, sampling=11.16s, total=18.43s
============================================================
Level 260 - SAMPLING
============================================================
  Starting braids: 951622
  Candidates to generate: 4882308
  Processing in 49 chunks...
  Projlen distribution:
    projlen=120: 1 braids
    projlen=121: 1 braids
    projlen=122: 4 braids
    projlen=123: 30 braids
    projlen=124: 17 braids
    projlen=125: 59 braids
    projlen=126: 38 braids
    projlen=127: 213 braids
    projlen=128: 178 braids
    projlen=129: 3086 braids
    projlen=130: 2499 braids
    projlen=131: 22188 braids
    projlen=132: 15543 braids
    projlen=133: 127038 braids
    projlen=134: 79598 braids
    projlen=135: 287903 braids
    projlen=136: 175135 braids
    projlen=137: 361506 braids
    projlen=138: 163901 braids
    projlen=139: 356310 braids
    projlen=140: 156996 braids
    projlen=141: 353248 braids
    projlen=142: 154525 braids
    projlen=143: 350806 braids
    projlen=144: 154653 braids
    projlen=145: 348214 braids
    projlen=146: 157604 braids
    projlen=147: 346755 braids
    projlen=148: 157905 braids
    projlen=149: 345541 braids
    projlen=150: 155290 braids
    projlen=151: 340870 braids
    projlen=152: 148451 braids
    projlen=153: 116202 braids
  Braids kept: 1093857 (in 34 buckets, 3.95 GB CPU)
  ⚡ Timing: matmul=0.20s, sampling=10.76s, total=17.80s
============================================================
Level 261 - SAMPLING
============================================================
  Starting braids: 993857
  Candidates to generate: 5138635
  Processing in 52 chunks...
  Projlen distribution:
    projlen=119: 1 braids
    projlen=121: 5 braids
    projlen=122: 2 braids
    projlen=123: 16 braids
    projlen=124: 18 braids
    projlen=125: 154 braids
    projlen=126: 92 braids
    projlen=127: 340 braids
    projlen=128: 226 braids
    projlen=129: 1439 braids
    projlen=130: 1190 braids
    projlen=131: 17084 braids
    projlen=132: 12510 braids
    projlen=133: 109428 braids
    projlen=134: 69616 braids
    projlen=135: 282196 braids
    projlen=136: 173697 braids
    projlen=137: 363762 braids
    projlen=138: 169314 braids
    projlen=139: 358024 braids
    projlen=140: 157501 braids
    projlen=141: 354225 braids
    projlen=142: 155589 braids
    projlen=143: 350673 braids
    projlen=144: 153979 braids
    projlen=145: 349972 braids
    projlen=146: 154631 braids
    projlen=147: 347903 braids
    projlen=148: 159433 braids
    projlen=149: 346716 braids
    projlen=150: 161055 braids
    projlen=151: 342854 braids
    projlen=152: 155438 braids
    projlen=153: 308603 braids
    projlen=154: 80949 braids
  Braids kept: 1133077 (in 35 buckets, 4.11 GB CPU)
  ⚡ Timing: matmul=0.17s, sampling=11.55s, total=18.97s
============================================================
Level 262 - SAMPLING
============================================================
  Starting braids: 983077
  Candidates to generate: 5081569
  Processing in 51 chunks...
  Projlen distribution:
    projlen=119: 3 braids
    projlen=120: 4 braids
    projlen=121: 5 braids
    projlen=122: 5 braids
    projlen=123: 23 braids
    projlen=124: 19 braids
    projlen=125: 100 braids
    projlen=126: 84 braids
    projlen=127: 759 braids
    projlen=128: 487 braids
    projlen=129: 1964 braids
    projlen=130: 1317 braids
    projlen=131: 8852 braids
    projlen=132: 6593 braids
    projlen=133: 84455 braids
    projlen=134: 55898 braids
    projlen=135: 274251 braids
    projlen=136: 174677 braids
    projlen=137: 361613 braids
    projlen=138: 169116 braids
    projlen=139: 359351 braids
    projlen=140: 159548 braids
    projlen=141: 354044 braids
    projlen=142: 154736 braids
    projlen=143: 351180 braids
    projlen=144: 155015 braids
    projlen=145: 349922 braids
    projlen=146: 154217 braids
    projlen=147: 348744 braids
    projlen=148: 154456 braids
    projlen=149: 347149 braids
    projlen=150: 161716 braids
    projlen=151: 342865 braids
    projlen=152: 161685 braids
    projlen=153: 305615 braids
    projlen=154: 81101 braids
  Braids kept: 1120215 (in 36 buckets, 4.07 GB CPU)
  ⚡ Timing: matmul=0.21s, sampling=11.45s, total=18.80s
============================================================
Level 263 - SAMPLING
============================================================
  Starting braids: 970215
  Candidates to generate: 5011305
  Processing in 51 chunks...
  Projlen distribution:
    projlen=121: 25 braids
    projlen=122: 18 braids
    projlen=123: 40 braids
    projlen=124: 26 braids
    projlen=125: 135 braids
    projlen=126: 101 braids
    projlen=127: 581 braids
    projlen=128: 398 braids
    projlen=129: 3824 braids
    projlen=130: 2498 braids
    projlen=131: 11148 braids
    projlen=132: 7010 braids
    projlen=133: 47717 braids
    projlen=134: 31533 braids
    projlen=135: 260585 braids
    projlen=136: 173546 braids
    projlen=137: 361568 braids
    projlen=138: 171536 braids
    projlen=139: 357648 braids
    projlen=140: 159632 braids
    projlen=141: 355529 braids
    projlen=142: 156222 braids
    projlen=143: 352336 braids
    projlen=144: 153892 braids
    projlen=145: 349709 braids
    projlen=146: 154790 braids
    projlen=147: 348100 braids
    projlen=148: 153781 braids
    projlen=149: 348661 braids
    projlen=150: 154931 braids
    projlen=151: 344432 braids
    projlen=152: 162145 braids
    projlen=153: 305662 braids
    projlen=154: 81546 braids
  Braids kept: 1105054 (in 34 buckets, 4.02 GB CPU)
  ⚡ Timing: matmul=0.25s, sampling=11.27s, total=18.60s
============================================================
Level 264 - SAMPLING
============================================================
  Starting braids: 955054
  Candidates to generate: 4943494
  Processing in 50 chunks...
  Projlen distribution:
    projlen=122: 1 braids
    projlen=123: 131 braids
    projlen=124: 92 braids
    projlen=125: 276 braids
    projlen=126: 160 braids
    projlen=127: 767 braids
    projlen=128: 506 braids
    projlen=129: 3138 braids
    projlen=130: 2026 braids
    projlen=131: 19407 braids
    projlen=132: 12504 braids
    projlen=133: 59860 braids
    projlen=134: 35891 braids
    projlen=135: 238506 braids
    projlen=136: 142604 braids
    projlen=137: 318205 braids
    projlen=138: 172135 braids
    projlen=139: 358317 braids
    projlen=140: 161484 braids
    projlen=141: 354330 braids
    projlen=142: 156409 braids
    projlen=143: 351692 braids
    projlen=144: 154608 braids
    projlen=145: 350616 braids
    projlen=146: 153533 braids
    projlen=147: 349165 braids
    projlen=148: 155216 braids
    projlen=149: 348401 braids
    projlen=150: 154752 braids
    projlen=151: 346252 braids
    projlen=152: 153856 braids
    projlen=153: 308200 braids
    projlen=154: 80454 braids
  Braids kept: 1124899 (in 33 buckets, 4.09 GB CPU)
  ⚡ Timing: matmul=0.18s, sampling=11.09s, total=18.23s
============================================================
Level 265 - SAMPLING
============================================================
  Starting braids: 974899
  Candidates to generate: 5055769
  Processing in 51 chunks...
  Projlen distribution:
    projlen=122: 1 braids
    projlen=123: 2 braids
    projlen=124: 7 braids
    projlen=125: 642 braids
    projlen=126: 451 braids
    projlen=127: 1637 braids
    projlen=128: 918 braids
    projlen=129: 4196 braids
    projlen=130: 2573 braids
    projlen=131: 16466 braids
    projlen=132: 10421 braids
    projlen=133: 96417 braids
    projlen=134: 60406 braids
    projlen=135: 260756 braids
    projlen=136: 149018 braids
    projlen=137: 330080 braids
    projlen=138: 173184 braids
    projlen=139: 361728 braids
    projlen=140: 164354 braids
    projlen=141: 356014 braids
    projlen=142: 158404 braids
    projlen=143: 351602 braids
    projlen=144: 155155 braids
    projlen=145: 350046 braids
    projlen=146: 154038 braids
    projlen=147: 349962 braids
    projlen=148: 153225 braids
    projlen=149: 349525 braids
    projlen=150: 156168 braids
    projlen=151: 346550 braids
    projlen=152: 153534 braids
    projlen=153: 308030 braids
    projlen=154: 80259 braids
  Braids kept: 1137314 (in 33 buckets, 4.14 GB CPU)
  ⚡ Timing: matmul=0.18s, sampling=11.31s, total=18.60s
============================================================
Level 266 - SAMPLING
============================================================
  Starting braids: 987314
  Candidates to generate: 5109872
  Processing in 52 chunks...
  Projlen distribution:
    projlen=123: 3 braids
    projlen=124: 6 braids
    projlen=125: 31 braids
    projlen=126: 55 braids
    projlen=127: 3079 braids
    projlen=128: 2149 braids
    projlen=129: 8897 braids
    projlen=130: 4985 braids
    projlen=131: 22354 braids
    projlen=132: 13139 braids
    projlen=133: 82316 braids
    projlen=134: 49318 braids
    projlen=135: 268633 braids
    projlen=136: 171983 braids
    projlen=137: 362718 braids
    projlen=138: 169401 braids
    projlen=139: 360071 braids
    projlen=140: 163317 braids
    projlen=141: 358018 braids
    projlen=142: 157904 braids
    projlen=143: 352829 braids
    projlen=144: 157266 braids
    projlen=145: 348613 braids
    projlen=146: 155183 braids
    projlen=147: 349977 braids
    projlen=148: 154113 braids
    projlen=149: 348679 braids
    projlen=150: 153181 braids
    projlen=151: 347290 braids
    projlen=152: 154724 braids
    projlen=153: 308882 braids
    projlen=154: 80758 braids
  Braids kept: 1154016 (in 32 buckets, 4.20 GB CPU)
  ⚡ Timing: matmul=0.15s, sampling=11.69s, total=19.10s
============================================================
Level 267 - SAMPLING
============================================================
  Starting braids: 954016
  Candidates to generate: 4903396
  Processing in 50 chunks...
  Projlen distribution:
    projlen=125: 31 braids
    projlen=126: 35 braids
    projlen=127: 291 braids
    projlen=128: 353 braids
    projlen=129: 14747 braids
    projlen=130: 10108 braids
    projlen=131: 46286 braids
    projlen=132: 25801 braids
    projlen=133: 113047 braids
    projlen=134: 63445 braids
    projlen=135: 272078 braids
    projlen=136: 168074 braids
    projlen=137: 359746 braids
    projlen=138: 170262 braids
    projlen=139: 358412 braids
    projlen=140: 159601 braids
    projlen=141: 356550 braids
    projlen=142: 157083 braids
    projlen=143: 353582 braids
    projlen=144: 154777 braids
    projlen=145: 349792 braids
    projlen=146: 157695 braids
    projlen=147: 347146 braids
    projlen=148: 156404 braids
    projlen=149: 348462 braids
    projlen=150: 153488 braids
    projlen=151: 343267 braids
    projlen=152: 147091 braids
    projlen=153: 115742 braids
  Braids kept: 1147652 (in 29 buckets, 4.16 GB CPU)
  ⚡ Timing: matmul=0.14s, sampling=11.08s, total=18.17s
============================================================
Level 268 - SAMPLING
============================================================
  Starting braids: 997652
  Candidates to generate: 5127554
  Processing in 52 chunks...
  Projlen distribution:
    projlen=126: 4 braids
    projlen=127: 237 braids
    projlen=128: 245 braids
    projlen=129: 2152 braids
    projlen=130: 2113 braids
    projlen=131: 70512 braids
    projlen=132: 47294 braids
    projlen=133: 228547 braids
    projlen=134: 124960 braids
    projlen=135: 300425 braids
    projlen=136: 165751 braids
    projlen=137: 358048 braids
    projlen=138: 168362 braids
    projlen=139: 358933 braids
    projlen=140: 160014 braids
    projlen=141: 354591 braids
    projlen=142: 155470 braids
    projlen=143: 352326 braids
    projlen=144: 154747 braids
    projlen=145: 351724 braids
    projlen=146: 154238 braids
    projlen=147: 348090 braids
    projlen=148: 158555 braids
    projlen=149: 346632 braids
    projlen=150: 157522 braids
    projlen=151: 341563 braids
    projlen=152: 148587 braids
    projlen=153: 115912 braids
  Braids kept: 1152045 (in 28 buckets, 4.18 GB CPU)
  ⚡ Timing: matmul=0.17s, sampling=11.55s, total=18.95s
============================================================
Level 269 - SAMPLING
============================================================
  Starting braids: 952045
  Candidates to generate: 4914833
  Processing in 50 chunks...
  Projlen distribution:
    projlen=126: 4 braids
    projlen=127: 29 braids
    projlen=128: 58 braids
    projlen=129: 1563 braids
    projlen=130: 1417 braids
    projlen=131: 13512 braids
    projlen=132: 10452 braids
    projlen=133: 244755 braids
    projlen=134: 168377 braids
    projlen=135: 353208 braids
    projlen=136: 167767 braids
    projlen=137: 357387 braids
    projlen=138: 163446 braids
    projlen=139: 357013 braids
    projlen=140: 159549 braids
    projlen=141: 354673 braids
    projlen=142: 155655 braids
    projlen=143: 351602 braids
    projlen=144: 154117 braids
    projlen=145: 351292 braids
    projlen=146: 153926 braids
    projlen=147: 350376 braids
    projlen=148: 153857 braids
    projlen=149: 345872 braids
    projlen=150: 157436 braids
    projlen=151: 306752 braids
    projlen=152: 80738 braids
  Braids kept: 1027035 (in 27 buckets, 3.74 GB CPU)
  ⚡ Timing: matmul=0.14s, sampling=11.00s, total=18.05s
============================================================
Level 270 - SAMPLING
============================================================
  Starting braids: 977035
  Candidates to generate: 5024655
  Processing in 51 chunks...
  Projlen distribution:
    projlen=126: 1 braids
    projlen=127: 23 braids
    projlen=128: 46 braids
    projlen=129: 367 braids
    projlen=130: 453 braids
    projlen=131: 9447 braids
    projlen=132: 7518 braids
    projlen=133: 70855 braids
    projlen=134: 45037 braids
    projlen=135: 266409 braids
    projlen=136: 172832 braids
    projlen=137: 357403 braids
    projlen=138: 159109 braids
    projlen=139: 355926 braids
    projlen=140: 157625 braids
    projlen=141: 353926 braids
    projlen=142: 155792 braids
    projlen=143: 352958 braids
    projlen=144: 154861 braids
    projlen=145: 351651 braids
    projlen=146: 153933 braids
    projlen=147: 349548 braids
    projlen=148: 153386 braids
    projlen=149: 349228 braids
    projlen=150: 153114 braids
    projlen=151: 343881 braids
    projlen=152: 160596 braids
    projlen=153: 306982 braids
    projlen=154: 81748 braids
  Braids kept: 1112892 (in 29 buckets, 4.08 GB CPU)
  ⚡ Timing: matmul=0.16s, sampling=11.34s, total=18.60s
============================================================
Level 271 - SAMPLING
============================================================
  Starting braids: 962892
  Candidates to generate: 4970102
  Processing in 50 chunks...
  Projlen distribution:
    projlen=126: 2 braids
    projlen=127: 6 braids
    projlen=128: 23 braids
    projlen=129: 272 braids
    projlen=130: 338 braids
    projlen=131: 2977 braids
    projlen=132: 2773 braids
    projlen=133: 50056 braids
    projlen=134: 35502 braids
    projlen=135: 261542 braids
    projlen=136: 167911 braids
    projlen=137: 351300 braids
    projlen=138: 170182 braids
    projlen=139: 355652 braids
    projlen=140: 155851 braids
    projlen=141: 352830 braids
    projlen=142: 155121 braids
    projlen=143: 351975 braids
    projlen=144: 154600 braids
    projlen=145: 350756 braids
    projlen=146: 153680 braids
    projlen=147: 350320 braids
    projlen=148: 153470 braids
    projlen=149: 350068 braids
    projlen=150: 153707 braids
    projlen=151: 347894 braids
    projlen=152: 151531 braids
    projlen=153: 309459 braids
    projlen=154: 80304 braids
  Braids kept: 1091893 (in 29 buckets, 4.01 GB CPU)
  ⚡ Timing: matmul=0.19s, sampling=10.88s, total=18.09s
============================================================
Level 272 - SAMPLING
============================================================
  Starting braids: 991893
  Candidates to generate: 5091871
  Processing in 51 chunks...
  Projlen distribution:
    projlen=127: 8 braids
    projlen=128: 16 braids
    projlen=129: 150 braids
    projlen=130: 185 braids
    projlen=131: 2070 braids
    projlen=132: 2067 braids
    projlen=133: 18958 braids
    projlen=134: 14915 braids
    projlen=135: 241939 braids
    projlen=136: 156167 braids
    projlen=137: 330017 braids
    projlen=138: 173003 braids
    projlen=139: 360697 braids
    projlen=140: 160416 braids
    projlen=141: 354521 braids
    projlen=142: 154592 braids
    projlen=143: 350054 braids
    projlen=144: 153646 braids
    projlen=145: 349890 braids
    projlen=146: 153768 braids
    projlen=147: 349124 braids
    projlen=148: 153001 braids
    projlen=149: 350095 braids
    projlen=150: 153624 braids
    projlen=151: 349068 braids
    projlen=152: 152549 braids
    projlen=153: 341931 braids
    projlen=154: 147994 braids
    projlen=155: 117406 braids
  Braids kept: 1088369 (in 29 buckets, 4.02 GB CPU)
  ⚡ Timing: matmul=0.21s, sampling=11.26s, total=18.64s
============================================================
Level 273 - SAMPLING
============================================================
  Starting braids: 988369
  Candidates to generate: 5094021
  Processing in 51 chunks...
  Projlen distribution:
    projlen=128: 7 braids
    projlen=129: 118 braids
    projlen=130: 141 braids
    projlen=131: 1243 braids
    projlen=132: 1291 braids
    projlen=133: 13191 braids
    projlen=134: 10650 braids
    projlen=135: 99037 braids
    projlen=136: 64370 braids
    projlen=137: 282522 braids
    projlen=138: 176709 braids
    projlen=139: 361452 braids
    projlen=140: 162988 braids
    projlen=141: 357098 braids
    projlen=142: 156253 braids
    projlen=143: 352057 braids
    projlen=144: 153955 braids
    projlen=145: 350248 braids
    projlen=146: 153202 braids
    projlen=147: 348719 braids
    projlen=148: 153138 braids
    projlen=149: 348445 braids
    projlen=150: 152982 braids
    projlen=151: 350077 braids
    projlen=152: 153698 braids
    projlen=153: 347607 braids
    projlen=154: 151363 braids
    projlen=155: 310719 braids
    projlen=156: 80741 braids
  Braids kept: 1126641 (in 29 buckets, 4.18 GB CPU)
  ⚡ Timing: matmul=0.21s, sampling=11.67s, total=19.09s
============================================================
Level 274 - SAMPLING
============================================================
  Starting braids: 976641
  Candidates to generate: 5042395
  Processing in 51 chunks...
  Projlen distribution:
    projlen=128: 7 braids
    projlen=129: 29 braids
    projlen=130: 53 braids
    projlen=131: 903 braids
    projlen=132: 915 braids
    projlen=133: 8769 braids
    projlen=134: 7191 braids
    projlen=135: 69938 braids
    projlen=136: 47734 braids
    projlen=137: 274876 braids
    projlen=138: 176689 braids
    projlen=139: 365066 braids
    projlen=140: 170126 braids
    projlen=141: 357288 braids
    projlen=142: 157007 braids
    projlen=143: 353050 braids
    projlen=144: 154390 braids
    projlen=145: 351609 braids
    projlen=146: 154004 braids
    projlen=147: 348383 braids
    projlen=148: 153002 braids
    projlen=149: 348129 braids
    projlen=150: 152525 braids
    projlen=151: 348745 braids
    projlen=152: 153238 braids
    projlen=153: 348212 braids
    projlen=154: 151266 braids
    projlen=155: 309112 braids
    projlen=156: 80139 braids
  Braids kept: 1115601 (in 29 buckets, 4.15 GB CPU)
  ⚡ Timing: matmul=0.17s, sampling=11.42s, total=18.77s
============================================================
Level 275 - SAMPLING
============================================================
  Starting braids: 965601
  Candidates to generate: 4994501
  Processing in 50 chunks...
  Projlen distribution:
    projlen=128: 3 braids
    projlen=129: 29 braids
    projlen=130: 54 braids
    projlen=131: 333 braids
    projlen=132: 429 braids
    projlen=133: 5884 braids
    projlen=134: 5085 braids
    projlen=135: 49222 braids
    projlen=136: 34367 braids
    projlen=137: 264738 braids
    projlen=138: 173611 braids
    projlen=139: 360348 braids
    projlen=140: 172312 braids
    projlen=141: 360445 braids
    projlen=142: 159947 braids
    projlen=143: 354474 braids
    projlen=144: 154787 braids
    projlen=145: 350302 braids
    projlen=146: 153022 braids
    projlen=147: 350530 braids
    projlen=148: 153807 braids
    projlen=149: 349295 braids
    projlen=150: 153183 braids
    projlen=151: 348110 braids
    projlen=152: 152449 braids
    projlen=153: 347544 braids
    projlen=154: 150992 braids
    projlen=155: 308884 braids
    projlen=156: 80315 braids
  Braids kept: 1095406 (in 29 buckets, 4.08 GB CPU)
  ⚡ Timing: matmul=0.21s, sampling=11.35s, total=18.63s
============================================================
Level 276 - SAMPLING
============================================================
  Starting braids: 995406
  Candidates to generate: 5118996
  Processing in 52 chunks...
  Projlen distribution:
    projlen=128: 2 braids
    projlen=129: 13 braids
    projlen=130: 31 braids
    projlen=131: 318 braids
    projlen=132: 366 braids
    projlen=133: 2723 braids
    projlen=134: 2708 braids
    projlen=135: 33558 braids
    projlen=136: 25335 braids
    projlen=137: 244265 braids
    projlen=138: 152498 braids
    projlen=139: 328328 braids
    projlen=140: 173779 braids
    projlen=141: 360500 braids
    projlen=142: 160970 braids
    projlen=143: 356311 braids
    projlen=144: 155897 braids
    projlen=145: 351378 braids
    projlen=146: 153971 braids
    projlen=147: 350356 braids
    projlen=148: 153250 braids
    projlen=149: 348569 braids
    projlen=150: 152926 braids
    projlen=151: 349499 braids
    projlen=152: 153316 braids
    projlen=153: 348617 braids
    projlen=154: 151926 braids
    projlen=155: 341991 braids
    projlen=156: 148087 braids
    projlen=157: 117508 braids
  Braids kept: 1115054 (in 30 buckets, 4.17 GB CPU)
  ⚡ Timing: matmul=0.15s, sampling=11.75s, total=19.24s
============================================================
Level 277 - SAMPLING
============================================================
  Starting braids: 965054
  Candidates to generate: 4952336
  Processing in 50 chunks...
  Projlen distribution:
    projlen=128: 1 braids
    projlen=129: 6 braids
    projlen=130: 15 braids
    projlen=131: 171 braids
    projlen=132: 217 braids
    projlen=133: 2337 braids
    projlen=134: 2188 braids
    projlen=135: 18163 braids
    projlen=136: 14241 braids
    projlen=137: 165112 braids
    projlen=138: 107517 braids
    projlen=139: 306208 braids
    projlen=140: 175430 braids
    projlen=141: 362666 braids
    projlen=142: 164128 braids
    projlen=143: 356849 braids
    projlen=144: 156573 braids
    projlen=145: 352976 braids
    projlen=146: 154099 braids
    projlen=147: 350254 braids
    projlen=148: 153370 braids
    projlen=149: 349378 braids
    projlen=150: 153186 braids
    projlen=151: 348215 braids
    projlen=152: 152762 braids
    projlen=153: 348234 braids
    projlen=154: 152163 braids
    projlen=155: 342336 braids
    projlen=156: 147105 braids
    projlen=157: 116436 braids
  Braids kept: 1087339 (in 30 buckets, 4.08 GB CPU)
  ⚡ Timing: matmul=0.18s, sampling=11.31s, total=18.59s
============================================================
Level 278 - SAMPLING
============================================================
  Starting braids: 987339
  Candidates to generate: 5089013
  Processing in 51 chunks...
  Projlen distribution:
    projlen=128: 1 braids
    projlen=129: 5 braids
    projlen=130: 8 braids
    projlen=131: 87 braids
    projlen=132: 99 braids
    projlen=133: 1347 braids
    projlen=134: 1340 braids
    projlen=135: 14750 braids
    projlen=136: 11417 braids
    projlen=137: 94523 braids
    projlen=138: 61633 braids
    projlen=139: 279406 braids
    projlen=140: 175548 braids
    projlen=141: 361997 braids
    projlen=142: 167075 braids
    projlen=143: 358198 braids
    projlen=144: 157452 braids
    projlen=145: 352543 braids
    projlen=146: 154421 braids
    projlen=147: 351168 braids
    projlen=148: 153625 braids
    projlen=149: 349189 braids
    projlen=150: 153224 braids
    projlen=151: 348811 braids
    projlen=152: 152963 braids
    projlen=153: 349025 braids
    projlen=154: 152848 braids
    projlen=155: 346317 braids
    projlen=156: 150306 braids
    projlen=157: 309336 braids
    projlen=158: 80351 braids
  Braids kept: 1129054 (in 31 buckets, 4.25 GB CPU)
  ⚡ Timing: matmul=0.21s, sampling=11.75s, total=19.24s
============================================================
Level 279 - SAMPLING
============================================================
  Starting braids: 979054
  Candidates to generate: 5053702
  Processing in 51 chunks...
  Projlen distribution:
    projlen=128: 1 braids
    projlen=129: 2 braids
    projlen=130: 4 braids
    projlen=131: 53 braids
    projlen=132: 62 braids
    projlen=133: 706 braids
    projlen=134: 748 braids
    projlen=135: 8717 braids
    projlen=136: 7290 braids
    projlen=137: 76201 braids
    projlen=138: 51330 braids
    projlen=139: 274410 braids
    projlen=140: 175941 braids
    projlen=141: 363132 braids
    projlen=142: 170074 braids
    projlen=143: 358711 braids
    projlen=144: 158489 braids
    projlen=145: 354886 braids
    projlen=146: 155452 braids
    projlen=147: 351508 braids
    projlen=148: 153589 braids
    projlen=149: 349684 braids
    projlen=150: 153141 braids
    projlen=151: 348323 braids
    projlen=152: 152591 braids
    projlen=153: 348338 braids
    projlen=154: 152942 braids
    projlen=155: 347239 braids
    projlen=156: 150880 braids
    projlen=157: 308895 braids
    projlen=158: 80363 braids
  Braids kept: 1117583 (in 31 buckets, 4.22 GB CPU)
  ⚡ Timing: matmul=0.18s, sampling=11.62s, total=19.06s
============================================================
Level 280 - SAMPLING
============================================================
  Starting braids: 967583
  Candidates to generate: 4992621
  Processing in 50 chunks...
  Projlen distribution:
    projlen=130: 5 braids
    projlen=131: 24 braids
    projlen=132: 32 braids
    projlen=133: 381 braids
    projlen=134: 430 braids
    projlen=135: 4876 braids
    projlen=136: 4225 braids
    projlen=137: 47388 braids
    projlen=138: 33958 braids
    projlen=139: 263865 braids
    projlen=140: 174792 braids
    projlen=141: 362039 braids
    projlen=142: 171705 braids
    projlen=143: 359100 braids
    projlen=144: 159589 braids
    projlen=145: 355924 braids
    projlen=146: 155811 braids
    projlen=147: 352300 braids
    projlen=148: 154651 braids
    projlen=149: 349627 braids
    projlen=150: 152928 braids
    projlen=151: 349335 braids
    projlen=152: 153299 braids
    projlen=153: 347838 braids
    projlen=154: 152525 braids
    projlen=155: 346356 braids
    projlen=156: 150601 braids
    projlen=157: 308889 braids
    projlen=158: 80128 braids
  Braids kept: 1091319 (in 29 buckets, 4.13 GB CPU)
  ⚡ Timing: matmul=0.21s, sampling=11.42s, total=18.74s
============================================================
Level 281 - SAMPLING
============================================================
  Starting braids: 991319
  Candidates to generate: 5087787
  Processing in 51 chunks...
  Projlen distribution:
    projlen=131: 2 braids
    projlen=132: 39 braids
    projlen=133: 203 braids
    projlen=134: 256 braids
    projlen=135: 2711 braids
    projlen=136: 2608 braids
    projlen=137: 28640 braids
    projlen=138: 21810 braids
    projlen=139: 232839 braids
    projlen=140: 147230 braids
    projlen=141: 324615 braids
    projlen=142: 173190 braids
    projlen=143: 359227 braids
    projlen=144: 160307 braids
    projlen=145: 356202 braids
    projlen=146: 156335 braids
    projlen=147: 353025 braids
    projlen=148: 154347 braids
    projlen=149: 349472 braids
    projlen=150: 153425 braids
    projlen=151: 349029 braids
    projlen=152: 153003 braids
    projlen=153: 349070 braids
    projlen=154: 153118 braids
    projlen=155: 348561 braids
    projlen=156: 152040 braids
    projlen=157: 341592 braids
    projlen=158: 147609 braids
    projlen=159: 117282 braids
  Braids kept: 1106269 (in 29 buckets, 4.20 GB CPU)
  ⚡ Timing: matmul=0.21s, sampling=11.66s, total=19.13s
============================================================
Level 282 - SAMPLING
============================================================
  Starting braids: 956269
  Candidates to generate: 4906155
  Processing in 50 chunks...
  Projlen distribution:
    projlen=131: 7 braids
    projlen=132: 10 braids
    projlen=133: 55 braids
    projlen=134: 241 braids
    projlen=135: 1626 braids
    projlen=136: 1661 braids
    projlen=137: 16912 braids
    projlen=138: 13567 braids
    projlen=139: 143668 braids
    projlen=140: 93227 braids
    projlen=141: 296612 braids
    projlen=142: 175475 braids
    projlen=143: 362124 braids
    projlen=144: 164113 braids
    projlen=145: 355910 braids
    projlen=146: 156279 braids
    projlen=147: 352644 braids
    projlen=148: 154430 braids
    projlen=149: 350019 braids
    projlen=150: 153508 braids
    projlen=151: 349708 braids
    projlen=152: 153297 braids
    projlen=153: 349327 braids
    projlen=154: 153258 braids
    projlen=155: 349015 braids
    projlen=156: 152544 braids
    projlen=157: 343146 braids
    projlen=158: 147374 braids
    projlen=159: 116398 braids
  Braids kept: 1084079 (in 29 buckets, 4.13 GB CPU)
  ⚡ Timing: matmul=0.14s, sampling=11.44s, total=18.66s
============================================================
Level 283 - SAMPLING
============================================================
  Starting braids: 984079
  Candidates to generate: 5072571
  Processing in 51 chunks...
  Projlen distribution:
    projlen=131: 5 braids
    projlen=132: 4 braids
    projlen=133: 67 braids
    projlen=134: 68 braids
    projlen=135: 598 braids
    projlen=136: 1506 braids
    projlen=137: 10560 braids
    projlen=138: 9140 braids
    projlen=139: 87209 braids
    projlen=140: 58692 braids
    projlen=141: 278268 braids
    projlen=142: 176011 braids
    projlen=143: 361907 braids
    projlen=144: 167524 braids
    projlen=145: 356698 braids
    projlen=146: 157193 braids
    projlen=147: 353034 braids
    projlen=148: 154659 braids
    projlen=149: 350284 braids
    projlen=150: 153330 braids
    projlen=151: 350525 braids
    projlen=152: 153442 braids
    projlen=153: 349004 braids
    projlen=154: 152925 braids
    projlen=155: 348531 braids
    projlen=156: 153124 braids
    projlen=157: 347095 braids
    projlen=158: 150720 braids
    projlen=159: 309798 braids
    projlen=160: 80650 braids
  Braids kept: 1121948 (in 30 buckets, 4.29 GB CPU)
  ⚡ Timing: matmul=0.20s, sampling=11.95s, total=19.45s
============================================================
Level 284 - SAMPLING
============================================================
  Starting braids: 971948
  Candidates to generate: 5017848
  Processing in 51 chunks...
  Projlen distribution:
    projlen=131: 2 braids
    projlen=132: 2 braids
    projlen=133: 38 braids
    projlen=134: 35 braids
    projlen=135: 479 braids
    projlen=136: 497 braids
    projlen=137: 4397 braids
    projlen=138: 8032 braids
    projlen=139: 56387 braids
    projlen=140: 42712 braids
    projlen=141: 267855 braids
    projlen=142: 176889 braids
    projlen=143: 363276 braids
    projlen=144: 171026 braids
    projlen=145: 358891 braids
    projlen=146: 158637 braids
    projlen=147: 354298 braids
    projlen=148: 154851 braids
    projlen=149: 351237 braids
    projlen=150: 153796 braids
    projlen=151: 349415 braids
    projlen=152: 153520 braids
    projlen=153: 349427 braids
    projlen=154: 153376 braids
    projlen=155: 349114 braids
    projlen=156: 152959 braids
    projlen=157: 346978 braids
    projlen=158: 151002 braids
    projlen=159: 308735 braids
    projlen=160: 79985 braids
  Braids kept: 1106194 (in 30 buckets, 4.24 GB CPU)
  ⚡ Timing: matmul=0.15s, sampling=11.76s, total=19.19s
============================================================
Level 285 - SAMPLING
============================================================
  Starting braids: 956194
  Candidates to generate: 4949192
  Processing in 50 chunks...
  Projlen distribution:
    projlen=133: 13 braids
    projlen=134: 20 braids
    projlen=135: 252 braids
    projlen=136: 276 braids
    projlen=137: 3220 braids
    projlen=138: 2919 braids
    projlen=139: 26183 braids
    projlen=140: 38759 braids
    projlen=141: 250306 braids
    projlen=142: 178975 braids
    projlen=143: 340888 braids
    projlen=144: 173874 braids
    projlen=145: 358884 braids
    projlen=146: 160433 braids
    projlen=147: 355481 braids
    projlen=148: 155493 braids
    projlen=149: 351858 braids
    projlen=150: 153942 braids
    projlen=151: 349395 braids
    projlen=152: 153272 braids
    projlen=153: 349893 braids
    projlen=154: 153904 braids
    projlen=155: 349178 braids
    projlen=156: 153348 braids
    projlen=157: 348066 braids
    projlen=158: 151144 braids
    projlen=159: 308874 braids
    projlen=160: 80342 braids
  Braids kept: 1071642 (in 28 buckets, 4.11 GB CPU)
  ⚡ Timing: matmul=0.20s, sampling=11.56s, total=18.91s
============================================================
Level 286 - SAMPLING
============================================================
  Starting braids: 971642
  Candidates to generate: 5004686
  Processing in 51 chunks...
  Projlen distribution:
    projlen=134: 6 braids
    projlen=135: 109 braids
    projlen=136: 135 braids
    projlen=137: 1767 braids
    projlen=138: 1769 braids
    projlen=139: 19195 braids
    projlen=140: 15247 braids
    projlen=141: 133105 braids
    projlen=142: 161495 braids
    projlen=143: 318705 braids
    projlen=144: 194309 braids
    projlen=145: 352660 braids
    projlen=146: 164975 braids
    projlen=147: 355314 braids
    projlen=148: 156408 braids
    projlen=149: 353026 braids
    projlen=150: 154776 braids
    projlen=151: 351124 braids
    projlen=152: 153701 braids
    projlen=153: 349801 braids
    projlen=154: 153324 braids
    projlen=155: 350299 braids
    projlen=156: 154047 braids
    projlen=157: 349924 braids
    projlen=158: 152477 braids
    projlen=159: 341734 braids
    projlen=160: 147986 braids
    projlen=161: 117268 braids
  Braids kept: 1088228 (in 28 buckets, 4.20 GB CPU)
  ⚡ Timing: matmul=0.15s, sampling=11.91s, total=19.39s
============================================================
Level 287 - SAMPLING
============================================================
  Starting braids: 988228
  Candidates to generate: 5136646
  Processing in 52 chunks...
  Projlen distribution:
    projlen=134: 5 braids
    projlen=135: 33 braids
    projlen=136: 73 braids
    projlen=137: 852 braids
    projlen=138: 904 braids
    projlen=139: 10948 braids
    projlen=140: 9593 braids
    projlen=141: 98491 braids
    projlen=142: 67832 braids
    projlen=143: 261050 braids
    projlen=144: 240126 braids
    projlen=145: 331808 braids
    projlen=146: 195192 braids
    projlen=147: 347155 braids
    projlen=148: 163000 braids
    projlen=149: 350484 braids
    projlen=150: 155283 braids
    projlen=151: 350333 braids
    projlen=152: 154083 braids
    projlen=153: 350643 braids
    projlen=154: 153579 braids
    projlen=155: 350285 braids
    projlen=156: 153456 braids
    projlen=157: 348617 braids
    projlen=158: 152955 braids
    projlen=159: 347815 braids
    projlen=160: 151167 braids
    projlen=161: 310241 braids
    projlen=162: 80643 braids
  Braids kept: 1122408 (in 29 buckets, 4.35 GB CPU)
  ⚡ Timing: matmul=0.17s, sampling=12.44s, total=20.11s
============================================================
Level 288 - SAMPLING
============================================================
  Starting braids: 972408
  Candidates to generate: 5069098
  Processing in 51 chunks...
  Projlen distribution:
    projlen=134: 2 braids
    projlen=135: 25 braids
    projlen=136: 56 braids
    projlen=137: 405 braids
    projlen=138: 493 braids
    projlen=139: 5787 braids
    projlen=140: 5235 braids
    projlen=141: 57734 braids
    projlen=142: 43936 braids
    projlen=143: 268126 braids
    projlen=144: 183420 braids
    projlen=145: 344508 braids
    projlen=146: 231663 braids
    projlen=147: 322599 braids
    projlen=148: 203777 braids
    projlen=149: 337919 braids
    projlen=150: 166612 braids
    projlen=151: 347311 braids
    projlen=152: 155674 braids
    projlen=153: 349079 braids
    projlen=154: 153727 braids
    projlen=155: 348875 braids
    projlen=156: 152905 braids
    projlen=157: 349621 braids
    projlen=158: 153219 braids
    projlen=159: 346969 braids
    projlen=160: 150760 braids
    projlen=161: 308681 braids
    projlen=162: 79980 braids
  Braids kept: 1105939 (in 29 buckets, 4.29 GB CPU)
  ⚡ Timing: matmul=0.19s, sampling=12.08s, total=19.65s
============================================================
Level 289 - SAMPLING
============================================================
  Starting braids: 955939
  Candidates to generate: 5009181
  Processing in 51 chunks...
  Projlen distribution:
    projlen=135: 20 braids
    projlen=136: 31 braids
    projlen=137: 333 braids
    projlen=138: 364 braids
    projlen=139: 3136 braids
    projlen=140: 2971 braids
    projlen=141: 32922 braids
    projlen=142: 25986 braids
    projlen=143: 252158 braids
    projlen=144: 179408 braids
    projlen=145: 345595 braids
    projlen=146: 181174 braids
    projlen=147: 339642 braids
    projlen=148: 219931 braids
    projlen=149: 317107 braids
    projlen=150: 215976 braids
    projlen=151: 327992 braids
    projlen=152: 174415 braids
    projlen=153: 343511 braids
    projlen=154: 156979 braids
    projlen=155: 347843 braids
    projlen=156: 153777 braids
    projlen=157: 347666 braids
    projlen=158: 152487 braids
    projlen=159: 347652 braids
    projlen=160: 151191 braids
    projlen=161: 308889 braids
    projlen=162: 80025 braids
  Braids kept: 1065763 (in 28 buckets, 4.15 GB CPU)
  ⚡ Timing: matmul=0.15s, sampling=11.96s, total=19.44s
============================================================
Level 290 - SAMPLING
============================================================
  Starting braids: 965763
  Candidates to generate: 5047247
  Processing in 51 chunks...
  Projlen distribution:
    projlen=135: 16 braids
    projlen=136: 25 braids
    projlen=137: 220 braids
    projlen=138: 250 braids
    projlen=139: 2463 braids
    projlen=140: 2273 braids
    projlen=141: 19605 braids
    projlen=142: 15742 braids
    projlen=143: 165700 braids
    projlen=144: 113159 braids
    projlen=145: 303935 braids
    projlen=146: 188420 braids
    projlen=147: 353146 braids
    projlen=148: 174386 braids
    projlen=149: 335959 braids
    projlen=150: 218614 braids
    projlen=151: 312081 braids
    projlen=152: 226938 braids
    projlen=153: 320232 braids
    projlen=154: 187887 braids
    projlen=155: 337790 braids
    projlen=156: 159544 braids
    projlen=157: 347340 braids
    projlen=158: 154509 braids
    projlen=159: 347700 braids
    projlen=160: 152269 braids
    projlen=161: 341898 braids
    projlen=162: 147784 braids
    projlen=163: 117362 braids
  Braids kept: 1090594 (in 29 buckets, 4.26 GB CPU)
  ⚡ Timing: matmul=0.18s, sampling=12.23s, total=19.78s
============================================================
Level 291 - SAMPLING
============================================================
  Starting braids: 990594
  Candidates to generate: 5226816
  Processing in 53 chunks...
  Projlen distribution:
    projlen=134: 1 braids
    projlen=135: 6 braids
    projlen=136: 10 braids
    projlen=137: 162 braids
    projlen=138: 186 braids
    projlen=139: 1644 braids
    projlen=140: 1554 braids
    projlen=141: 15328 braids
    projlen=142: 12034 braids
    projlen=143: 102699 braids
    projlen=144: 69641 braids
    projlen=145: 283068 braids
    projlen=146: 184378 braids
    projlen=147: 356423 braids
    projlen=148: 182954 braids
    projlen=149: 346867 braids
    projlen=150: 173849 braids
    projlen=151: 331718 braids
    projlen=152: 219872 braids
    projlen=153: 307846 braids
    projlen=154: 235444 braids
    projlen=155: 312281 braids
    projlen=156: 202589 braids
    projlen=157: 331484 braids
    projlen=158: 165144 braids
    projlen=159: 345079 braids
    projlen=160: 155598 braids
    projlen=161: 346245 braids
    projlen=162: 151167 braids
    projlen=163: 310623 braids
    projlen=164: 80922 braids
  Braids kept: 1130925 (in 31 buckets, 4.44 GB CPU)
  ⚡ Timing: matmul=0.17s, sampling=12.71s, total=20.59s
============================================================
Level 292 - SAMPLING
============================================================
  Starting braids: 980925
  Candidates to generate: 5209477
  Processing in 53 chunks...
  Projlen distribution:
    projlen=134: 1 braids
    projlen=135: 3 braids
    projlen=136: 9 braids
    projlen=137: 82 braids
    projlen=138: 102 braids
    projlen=139: 1191 braids
    projlen=140: 1173 braids
    projlen=141: 10513 braids
    projlen=142: 8410 braids
    projlen=143: 80012 braids
    projlen=144: 54740 braids
    projlen=145: 275772 braids
    projlen=146: 181962 braids
    projlen=147: 361527 braids
    projlen=148: 180424 braids
    projlen=149: 350363 braids
    projlen=150: 179186 braids
    projlen=151: 341029 braids
    projlen=152: 179538 braids
    projlen=153: 327588 braids
    projlen=154: 221697 braids
    projlen=155: 304420 braids
    projlen=156: 243255 braids
    projlen=157: 304983 braids
    projlen=158: 217959 braids
    projlen=159: 325212 braids
    projlen=160: 175209 braids
    projlen=161: 339554 braids
    projlen=162: 155649 braids
    projlen=163: 307389 braids
    projlen=164: 80525 braids
  Braids kept: 1121484 (in 31 buckets, 4.41 GB CPU)
  ⚡ Timing: matmul=0.15s, sampling=12.84s, total=20.71s
============================================================
Level 293 - SAMPLING
============================================================
  Starting braids: 971484
  Candidates to generate: 5186298
  Processing in 52 chunks...
  Projlen distribution:
    projlen=133: 1 braids
    projlen=134: 2 braids
    projlen=135: 8 braids
    projlen=136: 11 braids
    projlen=137: 48 braids
    projlen=138: 53 braids
    projlen=139: 641 braids
    projlen=140: 667 braids
    projlen=141: 7732 braids
    projlen=142: 6470 braids
    projlen=143: 56852 braids
    projlen=144: 39328 braids
    projlen=145: 267268 braids
    projlen=146: 179382 braids
    projlen=147: 361901 braids
    projlen=148: 178073 braids
    projlen=149: 354319 braids
    projlen=150: 172172 braids
    projlen=151: 345240 braids
    projlen=152: 181876 braids
    projlen=153: 335872 braids
    projlen=154: 187753 braids
    projlen=155: 322358 braids
    projlen=156: 224326 braids
    projlen=157: 300885 braids
    projlen=158: 248617 braids
    projlen=159: 298439 braids
    projlen=160: 231987 braids
    projlen=161: 316594 braids
    projlen=162: 186319 braids
    projlen=163: 298630 braids
    projlen=164: 82474 braids
  Braids kept: 1104961 (in 32 buckets, 4.35 GB CPU)
  ⚡ Timing: matmul=0.26s, sampling=12.57s, total=20.44s
============================================================
Level 294 - SAMPLING
============================================================
  Starting braids: 954961
  Candidates to generate: 5113591
  Processing in 52 chunks...
  Projlen distribution:
    projlen=132: 2 braids
    projlen=133: 1 braids
    projlen=134: 4 braids
    projlen=135: 14 braids
    projlen=136: 9 braids
    projlen=137: 70 braids
    projlen=138: 61 braids
    projlen=139: 379 braids
    projlen=140: 365 braids
    projlen=141: 4340 braids
    projlen=142: 3930 braids
    projlen=143: 43403 braids
    projlen=144: 31501 braids
    projlen=145: 254070 braids
    projlen=146: 161230 braids
    projlen=147: 337441 braids
    projlen=148: 176982 braids
    projlen=149: 356425 braids
    projlen=150: 169084 braids
    projlen=151: 347972 braids
    projlen=152: 172781 braids
    projlen=153: 340310 braids
    projlen=154: 187690 braids
    projlen=155: 330245 braids
    projlen=156: 197419 braids
    projlen=157: 318316 braids
    projlen=158: 228427 braids
    projlen=159: 298974 braids
    projlen=160: 252205 braids
    projlen=161: 291241 braids
    projlen=162: 240397 braids
    projlen=163: 277836 braids
    projlen=164: 90467 braids
  Braids kept: 1084079 (in 33 buckets, 4.28 GB CPU)
  ⚡ Timing: matmul=0.15s, sampling=12.62s, total=20.38s
============================================================
Level 295 - SAMPLING
============================================================
  Starting braids: 984079
  Candidates to generate: 5252915
  Processing in 53 chunks...
  Projlen distribution:
    projlen=132: 1 braids
    projlen=133: 6 braids
    projlen=134: 6 braids
    projlen=135: 26 braids
    projlen=136: 17 braids
    projlen=137: 90 braids
    projlen=138: 60 braids
    projlen=139: 448 braids
    projlen=140: 353 braids
    projlen=141: 2622 braids
    projlen=142: 2266 braids
    projlen=143: 26113 braids
    projlen=144: 20097 braids
    projlen=145: 214016 braids
    projlen=146: 136714 braids
    projlen=147: 319121 braids
    projlen=148: 175312 braids
    projlen=149: 360251 braids
    projlen=150: 168332 braids
    projlen=151: 352360 braids
    projlen=152: 168452 braids
    projlen=153: 343714 braids
    projlen=154: 177606 braids
    projlen=155: 334864 braids
    projlen=156: 194496 braids
    projlen=157: 324493 braids
    projlen=158: 207391 braids
    projlen=159: 313876 braids
    projlen=160: 233093 braids
    projlen=161: 295820 braids
    projlen=162: 254726 braids
    projlen=163: 284111 braids
    projlen=164: 239846 braids
    projlen=165: 102216 braids
  Braids kept: 1102105 (in 34 buckets, 4.37 GB CPU)
  ⚡ Timing: matmul=0.19s, sampling=12.73s, total=20.68s
============================================================
Level 296 - SAMPLING
============================================================
  Starting braids: 952105
  Candidates to generate: 5057333
  Processing in 51 chunks...
  Projlen distribution:
    projlen=133: 6 braids
    projlen=134: 7 braids
    projlen=135: 46 braids
    projlen=136: 33 braids
    projlen=137: 148 braids
    projlen=138: 85 braids
    projlen=139: 520 braids
    projlen=140: 349 braids
    projlen=141: 2644 braids
    projlen=142: 2107 braids
    projlen=143: 16315 braids
    projlen=144: 12260 braids
    projlen=145: 131938 braids
    projlen=146: 86750 braids
    projlen=147: 293811 braids
    projlen=148: 176095 braids
    projlen=149: 361068 braids
    projlen=150: 166965 braids
    projlen=151: 355403 braids
    projlen=152: 164555 braids
    projlen=153: 347580 braids
    projlen=154: 169982 braids
    projlen=155: 338698 braids
    projlen=156: 183094 braids
    projlen=157: 329279 braids
    projlen=158: 202783 braids
    projlen=159: 318506 braids
    projlen=160: 216171 braids
    projlen=161: 309209 braids
    projlen=162: 238161 braids
    projlen=163: 289931 braids
    projlen=164: 241179 braids
    projlen=165: 101655 braids
  Braids kept: 1084520 (in 33 buckets, 4.31 GB CPU)
  ⚡ Timing: matmul=0.18s, sampling=12.41s, total=20.07s
============================================================
Level 297 - SAMPLING
============================================================
  Starting braids: 984520
  Candidates to generate: 5221068
  Processing in 53 chunks...
  Projlen distribution:
    projlen=134: 2 braids
    projlen=135: 42 braids
    projlen=136: 35 braids
    projlen=137: 261 braids
    projlen=138: 181 braids
    projlen=139: 797 braids
    projlen=140: 477 braids
    projlen=141: 2830 braids
    projlen=142: 1956 braids
    projlen=143: 15246 braids
    projlen=144: 10946 braids
    projlen=145: 84976 braids
    projlen=146: 54954 braids
    projlen=147: 276735 braids
    projlen=148: 177295 braids
    projlen=149: 364120 braids
    projlen=150: 169685 braids
    projlen=151: 357822 braids
    projlen=152: 160347 braids
    projlen=153: 350979 braids
    projlen=154: 164318 braids
    projlen=155: 343467 braids
    projlen=156: 174412 braids
    projlen=157: 334038 braids
    projlen=158: 190600 braids
    projlen=159: 324667 braids
    projlen=160: 210970 braids
    projlen=161: 313893 braids
    projlen=162: 225880 braids
    projlen=163: 303303 braids
    projlen=164: 239205 braids
    projlen=165: 272754 braids
    projlen=166: 93875 braids
  Braids kept: 1132773 (in 33 buckets, 4.51 GB CPU)
  ⚡ Timing: matmul=0.16s, sampling=13.07s, total=21.02s
============================================================
Level 298 - SAMPLING
============================================================
  Starting braids: 982773
  Candidates to generate: 5197817
  Processing in 52 chunks...
  Projlen distribution:
    projlen=134: 2 braids
    projlen=135: 4 braids
    projlen=136: 15 braids
    projlen=137: 223 braids
    projlen=138: 180 braids
    projlen=139: 1381 braids
    projlen=140: 907 braids
    projlen=141: 4265 braids
    projlen=142: 2550 braids
    projlen=143: 15587 braids
    projlen=144: 10172 braids
    projlen=145: 78419 braids
    projlen=146: 50993 braids
    projlen=147: 273568 braids
    projlen=148: 175789 braids
    projlen=149: 364864 braids
    projlen=150: 172540 braids
    projlen=151: 359444 braids
    projlen=152: 160377 braids
    projlen=153: 353805 braids
    projlen=154: 158831 braids
    projlen=155: 346295 braids
    projlen=156: 166095 braids
    projlen=157: 339485 braids
    projlen=158: 180528 braids
    projlen=159: 330720 braids
    projlen=160: 199669 braids
    projlen=161: 320579 braids
    projlen=162: 219076 braids
    projlen=163: 308815 braids
    projlen=164: 231911 braids
    projlen=165: 279306 braids
    projlen=166: 91422 braids
  Braids kept: 1135286 (in 33 buckets, 4.53 GB CPU)
  ⚡ Timing: matmul=0.22s, sampling=12.87s, total=20.77s
============================================================
Level 299 - SAMPLING
============================================================
  Starting braids: 985286
  Candidates to generate: 5179548
  Processing in 52 chunks...
  Projlen distribution:
    projlen=135: 6 braids
    projlen=136: 9 braids
    projlen=137: 71 braids
    projlen=138: 82 braids
    projlen=139: 1144 braids
    projlen=140: 865 braids
    projlen=141: 7105 braids
    projlen=142: 4566 braids
    projlen=143: 22467 braids
    projlen=144: 13280 braids
    projlen=145: 79735 braids
    projlen=146: 49119 braids
    projlen=147: 270289 braids
    projlen=148: 174149 braids
    projlen=149: 361475 braids
    projlen=150: 171687 braids
    projlen=151: 359000 braids
    projlen=152: 161776 braids
    projlen=153: 354838 braids
    projlen=154: 157423 braids
    projlen=155: 350695 braids
    projlen=156: 159138 braids
    projlen=157: 344477 braids
    projlen=158: 169409 braids
    projlen=159: 336241 braids
    projlen=160: 188104 braids
    projlen=161: 325058 braids
    projlen=162: 208243 braids
    projlen=163: 313805 braids
    projlen=164: 224523 braids
    projlen=165: 280565 braids
    projlen=166: 90204 braids
  Braids kept: 1148714 (in 32 buckets, 4.58 GB CPU)
  ⚡ Timing: matmul=0.20s, sampling=12.90s, total=20.82s
============================================================
Level 300 - SAMPLING
============================================================
  Starting braids: 998714
  Candidates to generate: 5232690
  Processing in 53 chunks...
  Projlen distribution:
    projlen=136: 2 braids
    projlen=137: 63 braids
    projlen=138: 58 braids
    projlen=139: 539 braids
    projlen=140: 464 braids
    projlen=141: 5866 braids
    projlen=142: 4186 braids
    projlen=143: 35627 braids
    projlen=144: 22361 braids
    projlen=145: 112932 braids
    projlen=146: 64800 braids
    projlen=147: 275715 braids
    projlen=148: 169901 braids
    projlen=149: 360032 braids
    projlen=150: 172071 braids
    projlen=151: 358525 braids
    projlen=152: 161026 braids
    projlen=153: 355833 braids
    projlen=154: 158232 braids
    projlen=155: 352036 braids
    projlen=156: 156808 braids
    projlen=157: 348866 braids
    projlen=158: 161489 braids
    projlen=159: 342102 braids
    projlen=160: 174801 braids
    projlen=161: 332539 braids
    projlen=162: 197048 braids
    projlen=163: 319388 braids
    projlen=164: 214330 braids
    projlen=165: 286198 braids
    projlen=166: 88852 braids
  Braids kept: 1169166 (in 31 buckets, 4.66 GB CPU)
  ⚡ Timing: matmul=0.17s, sampling=13.03s, total=20.99s

============================================================
SEARCH COMPLETE
============================================================
Final level: 300
Total time: 3847.37s
Avg time per level: 13.13s
Total GPU scalar-identity candidates: 0
Exact peyl verification required for every candidate.
