============================================================
SEARCHING FOR KERNEL ELEMENTS
============================================================
Braid group: B_4
Representation: (3, 1)
Dimension: 3
Number of simples: 24
Prime: 7
Device: cuda
Bucket size: 50000
Target length: 300
BFS frontier length: 8
Frontier shard: 59/64
Degree window: [0, 900] (901 coeffs)
Boundary margin: 16
Use best: 1000000
Save best: 50000
Expansion chunk size: 100000
Matmul chunk size: 8000
Seed: 70058

Loaded tables from /nfs/roberts/project/pi_com36/as4843/burau-experiments/precomputed_tables/tables_B4_r1_p7.pt
  Braid group: B_4
  Representation: (3, 1), dimension 3
  Number of simples: 24
  Degree window: [0, 900] (901 coefficients)
  Table checksum: 812f436d5d2d17cd22ee17ad7df33b681151037863def03032587a5c5ef7a9e4
✓ Identity matrix loaded at degree 0

Precomputing FFTs of simple matrices...
  simple_D=4, safety_cap_D=901
  FFT size: dynamic (grows with actual projective width)
  FFT cache: initialized lazily by transform size
Storage: reservoir matrices=CPU int16, active chunks=CUDA int16/FFT
⚡ GPU-accelerated paper reservoir with per-product projectivization

============================================================
Level 8 - BFS FRONTIER
============================================================
  Exhaustively enumerating all legal GNF words of length 8...
  Full frontier: 4,963,856 braids
  Assigned to this shard: 77,560 braids
  Projlen distribution:
    projlen=15: 7 braids
    projlen=16: 91 braids
    projlen=17: 8996 braids
    projlen=18: 11672 braids
    projlen=19: 21812 braids
    projlen=20: 16656 braids
    projlen=21: 12090 braids
    projlen=22: 4644 braids
    projlen=23: 1377 braids
    projlen=24: 197 braids
    projlen=25: 18 braids
  Braids kept: 77560 (in 11 buckets, 0.03 GB CPU)
  ⚡ Timing: matmul=5.74s, sampling=0.00s, total=5.74s
============================================================
Level 9 - SAMPLING
============================================================
  Starting braids: 77560
  Candidates to generate: 423276
  Processing in 5 chunks...
  Projlen distribution:
    projlen=16: 2 braids
    projlen=17: 147 braids
    projlen=18: 638 braids
    projlen=19: 41604 braids
    projlen=20: 53944 braids
    projlen=21: 110498 braids
    projlen=22: 90206 braids
    projlen=23: 75514 braids
    projlen=24: 34358 braids
    projlen=25: 13139 braids
    projlen=26: 2815 braids
    projlen=27: 384 braids
    projlen=28: 27 braids
  Braids kept: 293114 (in 13 buckets, 0.13 GB CPU)
  ⚡ Timing: matmul=0.03s, sampling=0.16s, total=0.26s
============================================================
Level 10 - SAMPLING
============================================================
  Starting braids: 293114
  Candidates to generate: 1591534
  Processing in 16 chunks...
  Projlen distribution:
    projlen=17: 10 braids
    projlen=18: 114 braids
    projlen=19: 1390 braids
    projlen=20: 4005 braids
    projlen=21: 188153 braids
    projlen=22: 226099 braids
    projlen=23: 312553 braids
    projlen=24: 245027 braids
    projlen=25: 283387 braids
    projlen=26: 185383 braids
    projlen=27: 108691 braids
    projlen=28: 29864 braids
    projlen=29: 6117 braids
    projlen=30: 689 braids
    projlen=31: 52 braids
  Braids kept: 392241 (in 15 buckets, 0.19 GB CPU)
  ⚡ Timing: matmul=0.05s, sampling=0.59s, total=0.89s
============================================================
Level 11 - SAMPLING
============================================================
  Starting braids: 392241
  Candidates to generate: 2119151
  Processing in 22 chunks...
  Projlen distribution:
    projlen=18: 15 braids
    projlen=19: 309 braids
    projlen=20: 1050 braids
    projlen=21: 9483 braids
    projlen=22: 17512 braids
    projlen=23: 231762 braids
    projlen=24: 243261 braids
    projlen=25: 306634 braids
    projlen=26: 246514 braids
    projlen=27: 296919 braids
    projlen=28: 246249 braids
    projlen=29: 266661 braids
    projlen=30: 166340 braids
    projlen=31: 73181 braids
    projlen=32: 11883 braids
    projlen=33: 1304 braids
    projlen=34: 74 braids
  Braids kept: 491630 (in 17 buckets, 0.26 GB CPU)
  ⚡ Timing: matmul=0.11s, sampling=0.89s, total=1.53s
============================================================
Level 12 - SAMPLING
============================================================
  Starting braids: 491630
  Candidates to generate: 2658614
  Processing in 27 chunks...
  Projlen distribution:
    projlen=19: 37 braids
    projlen=20: 214 braids
    projlen=21: 2813 braids
    projlen=22: 6130 braids
    projlen=23: 50830 braids
    projlen=24: 76601 braids
    projlen=25: 262239 braids
    projlen=26: 239883 braids
    projlen=27: 304042 braids
    projlen=28: 249433 braids
    projlen=29: 292115 braids
    projlen=30: 254005 braids
    projlen=31: 286959 braids
    projlen=32: 246397 braids
    projlen=33: 245440 braids
    projlen=34: 114892 braids
    projlen=35: 24196 braids
    projlen=36: 2252 braids
    projlen=37: 136 braids
  Braids kept: 635778 (in 19 buckets, 0.36 GB CPU)
  ⚡ Timing: matmul=0.07s, sampling=1.24s, total=1.99s
============================================================
Level 13 - SAMPLING
============================================================
  Starting braids: 635778
  Candidates to generate: 3460798
  Processing in 35 chunks...
  Projlen distribution:
    projlen=20: 14 braids
    projlen=21: 368 braids
    projlen=22: 1610 braids
    projlen=23: 17107 braids
    projlen=24: 30933 braids
    projlen=25: 232414 braids
    projlen=26: 256260 braids
    projlen=27: 327424 braids
    projlen=28: 237965 braids
    projlen=29: 304372 braids
    projlen=30: 251543 braids
    projlen=31: 288171 braids
    projlen=32: 256545 braids
    projlen=33: 284406 braids
    projlen=34: 258877 braids
    projlen=35: 275109 braids
    projlen=36: 230385 braids
    projlen=37: 157641 braids
    projlen=38: 45290 braids
    projlen=39: 4176 braids
    projlen=40: 188 braids
  Braids kept: 749686 (in 21 buckets, 0.46 GB CPU)
  ⚡ Timing: matmul=0.09s, sampling=1.56s, total=2.56s
============================================================
Level 14 - SAMPLING
============================================================
  Starting braids: 749686
  Candidates to generate: 4063446
  Processing in 41 chunks...
  Projlen distribution:
    projlen=20: 1 braids
    projlen=21: 18 braids
    projlen=22: 138 braids
    projlen=23: 2950 braids
    projlen=24: 9446 braids
    projlen=25: 85927 braids
    projlen=26: 132863 braids
    projlen=27: 287653 braids
    projlen=28: 249350 braids
    projlen=29: 312488 braids
    projlen=30: 237387 braids
    projlen=31: 302195 braids
    projlen=32: 252656 braids
    projlen=33: 285814 braids
    projlen=34: 260166 braids
    projlen=35: 284636 braids
    projlen=36: 262133 braids
    projlen=37: 281808 braids
    projlen=38: 258116 braids
    projlen=39: 257551 braids
    projlen=40: 204156 braids
    projlen=41: 88750 braids
    projlen=42: 6908 braids
    projlen=43: 336 braids
  Braids kept: 869797 (in 24 buckets, 0.57 GB CPU)
  ⚡ Timing: matmul=0.10s, sampling=2.06s, total=3.28s
============================================================
Level 15 - SAMPLING
============================================================
  Starting braids: 869797
  Candidates to generate: 4719221
  Processing in 48 chunks...
  Projlen distribution:
    projlen=22: 16 braids
    projlen=23: 358 braids
    projlen=24: 1128 braids
    projlen=25: 17737 braids
    projlen=26: 44111 braids
    projlen=27: 237324 braids
    projlen=28: 258560 braids
    projlen=29: 316734 braids
    projlen=30: 241938 braids
    projlen=31: 307116 braids
    projlen=32: 241090 braids
    projlen=33: 296613 braids
    projlen=34: 253672 braids
    projlen=35: 285363 braids
    projlen=36: 261905 braids
    projlen=37: 282763 braids
    projlen=38: 264446 braids
    projlen=39: 280497 braids
    projlen=40: 263874 braids
    projlen=41: 273569 braids
    projlen=42: 249518 braids
    projlen=43: 230460 braids
    projlen=44: 97365 braids
    projlen=45: 12608 braids
    projlen=46: 456 braids
  Braids kept: 976414 (in 25 buckets, 0.68 GB CPU)
  ⚡ Timing: matmul=0.12s, sampling=2.51s, total=4.00s
============================================================
Level 16 - SAMPLING
============================================================
  Starting braids: 976414
  Candidates to generate: 5301430
  Processing in 54 chunks...
  Projlen distribution:
    projlen=22: 1 braids
    projlen=23: 47 braids
    projlen=24: 220 braids
    projlen=25: 3074 braids
    projlen=26: 6700 braids
    projlen=27: 90640 braids
    projlen=28: 187564 braids
    projlen=29: 311855 braids
    projlen=30: 251015 braids
    projlen=31: 306553 braids
    projlen=32: 243857 braids
    projlen=33: 301234 braids
    projlen=34: 245826 braids
    projlen=35: 292635 braids
    projlen=36: 256199 braids
    projlen=37: 284094 braids
    projlen=38: 263805 braids
    projlen=39: 280553 braids
    projlen=40: 266226 braids
    projlen=41: 279331 braids
    projlen=42: 265494 braids
    projlen=43: 276516 braids
    projlen=44: 263759 braids
    projlen=45: 262236 braids
    projlen=46: 221366 braids
    projlen=47: 119734 braids
    projlen=48: 20096 braids
    projlen=49: 800 braids
  Braids kept: 1080938 (in 28 buckets, 0.80 GB CPU)
  ⚡ Timing: matmul=0.14s, sampling=3.22s, total=4.99s
============================================================
Level 17 - SAMPLING
============================================================
  Starting braids: 960042
  Candidates to generate: 5279112
  Processing in 53 chunks...
  Projlen distribution:
    projlen=24: 20 braids
    projlen=25: 527 braids
    projlen=26: 1628 braids
    projlen=27: 17672 braids
    projlen=28: 31255 braids
    projlen=29: 229412 braids
    projlen=30: 276103 braids
    projlen=31: 306571 braids
    projlen=32: 247626 braids
    projlen=33: 302333 braids
    projlen=34: 247560 braids
    projlen=35: 294788 braids
    projlen=36: 249412 braids
    projlen=37: 290157 braids
    projlen=38: 258287 braids
    projlen=39: 283047 braids
    projlen=40: 265339 braids
    projlen=41: 279231 braids
    projlen=42: 266890 braids
    projlen=43: 276822 braids
    projlen=44: 267763 braids
    projlen=45: 274930 braids
    projlen=46: 261558 braids
    projlen=47: 254391 braids
    projlen=48: 95790 braids
  Braids kept: 1051102 (in 25 buckets, 0.79 GB CPU)
  ⚡ Timing: matmul=0.14s, sampling=3.01s, total=4.73s
============================================================
Level 18 - SAMPLING
============================================================
  Starting braids: 951102
  Candidates to generate: 5229590
  Processing in 53 chunks...
  Projlen distribution:
    projlen=25: 17 braids
    projlen=26: 253 braids
    projlen=27: 3665 braids
    projlen=28: 9314 braids
    projlen=29: 88409 braids
    projlen=30: 135331 braids
    projlen=31: 286359 braids
    projlen=32: 260387 braids
    projlen=33: 297323 braids
    projlen=34: 252976 braids
    projlen=35: 295316 braids
    projlen=36: 251116 braids
    projlen=37: 289569 braids
    projlen=38: 253118 braids
    projlen=39: 287046 braids
    projlen=40: 259729 braids
    projlen=41: 281203 braids
    projlen=42: 265846 braids
    projlen=43: 278153 braids
    projlen=44: 267922 braids
    projlen=45: 275660 braids
    projlen=46: 267962 braids
    projlen=47: 270904 braids
    projlen=48: 252501 braids
    projlen=49: 99511 braids
  Braids kept: 1063249 (in 25 buckets, 0.82 GB CPU)
  ⚡ Timing: matmul=0.15s, sampling=3.12s, total=4.86s
============================================================
Level 19 - SAMPLING
============================================================
  Starting braids: 963249
  Candidates to generate: 5300825
  Processing in 54 chunks...
  Projlen distribution:
    projlen=25: 4 braids
    projlen=26: 38 braids
    projlen=27: 405 braids
    projlen=28: 1816 braids
    projlen=29: 20867 braids
    projlen=30: 42687 braids
    projlen=31: 236956 braids
    projlen=32: 258508 braids
    projlen=33: 315639 braids
    projlen=34: 249738 braids
    projlen=35: 295661 braids
    projlen=36: 256191 braids
    projlen=37: 288597 braids
    projlen=38: 254811 braids
    projlen=39: 286319 braids
    projlen=40: 258080 braids
    projlen=41: 284425 braids
    projlen=42: 262050 braids
    projlen=43: 280235 braids
    projlen=44: 266808 braids
    projlen=45: 275961 braids
    projlen=46: 267926 braids
    projlen=47: 273095 braids
    projlen=48: 267368 braids
    projlen=49: 257857 braids
    projlen=50: 98783 braids
  Braids kept: 1065817 (in 26 buckets, 0.85 GB CPU)
  ⚡ Timing: matmul=0.13s, sampling=3.12s, total=4.86s
============================================================
Level 20 - SAMPLING
============================================================
  Starting braids: 965817
  Candidates to generate: 5315927
  Processing in 54 chunks...
  Projlen distribution:
    projlen=25: 1 braids
    projlen=26: 15 braids
    projlen=27: 154 braids
    projlen=28: 548 braids
    projlen=29: 3994 braids
    projlen=30: 10339 braids
    projlen=31: 104858 braids
    projlen=32: 181809 braids
    projlen=33: 309724 braids
    projlen=34: 250698 braids
    projlen=35: 304855 braids
    projlen=36: 248900 braids
    projlen=37: 292627 braids
    projlen=38: 257876 braids
    projlen=39: 284227 braids
    projlen=40: 259932 braids
    projlen=41: 284543 braids
    projlen=42: 261198 braids
    projlen=43: 282287 braids
    projlen=44: 263667 braids
    projlen=45: 278553 braids
    projlen=46: 268105 braids
    projlen=47: 275967 braids
    projlen=48: 268523 braids
    projlen=49: 270777 braids
    projlen=50: 252967 braids
    projlen=51: 98783 braids
  Braids kept: 1065051 (in 27 buckets, 0.87 GB CPU)
  ⚡ Timing: matmul=0.13s, sampling=3.46s, total=5.27s
============================================================
Level 21 - SAMPLING
============================================================
  Starting braids: 965051
  Candidates to generate: 5314513
  Processing in 54 chunks...
  Projlen distribution:
    projlen=26: 10 braids
    projlen=27: 41 braids
    projlen=28: 222 braids
    projlen=29: 1652 braids
    projlen=30: 3999 braids
    projlen=31: 24297 braids
    projlen=32: 47075 braids
    projlen=33: 237682 braids
    projlen=34: 266453 braids
    projlen=35: 309477 braids
    projlen=36: 244914 braids
    projlen=37: 300973 braids
    projlen=38: 251522 braids
    projlen=39: 288632 braids
    projlen=40: 259697 braids
    projlen=41: 281382 braids
    projlen=42: 262438 braids
    projlen=43: 282075 braids
    projlen=44: 263902 braids
    projlen=45: 280713 braids
    projlen=46: 266001 braids
    projlen=47: 277608 braids
    projlen=48: 267446 braids
    projlen=49: 274025 braids
    projlen=50: 266712 braids
    projlen=51: 257325 braids
    projlen=52: 98240 braids
  Braids kept: 1077296 (in 27 buckets, 0.90 GB CPU)
  ⚡ Timing: matmul=0.13s, sampling=2.85s, total=4.61s
============================================================
Level 22 - SAMPLING
============================================================
  Starting braids: 977296
  Candidates to generate: 5391818
  Processing in 54 chunks...
  Projlen distribution:
    projlen=26: 5 braids
    projlen=27: 21 braids
    projlen=28: 88 braids
    projlen=29: 557 braids
    projlen=30: 1712 braids
    projlen=31: 11506 braids
    projlen=32: 22069 braids
    projlen=33: 125430 braids
    projlen=34: 203838 braids
    projlen=35: 317437 braids
    projlen=36: 255241 braids
    projlen=37: 299724 braids
    projlen=38: 249545 braids
    projlen=39: 296334 braids
    projlen=40: 253511 braids
    projlen=41: 286834 braids
    projlen=42: 261994 braids
    projlen=43: 280030 braids
    projlen=44: 265251 braids
    projlen=45: 280043 braids
    projlen=46: 265765 braids
    projlen=47: 278631 braids
    projlen=48: 266565 braids
    projlen=49: 277006 braids
    projlen=50: 267894 braids
    projlen=51: 272297 braids
    projlen=52: 252951 braids
    projlen=53: 99539 braids
  Braids kept: 1085958 (in 28 buckets, 0.93 GB CPU)
  ⚡ Timing: matmul=0.14s, sampling=3.09s, total=4.88s
============================================================
Level 23 - SAMPLING
============================================================
  Starting braids: 985958
  Candidates to generate: 5434628
  Processing in 55 chunks...
  Projlen distribution:
    projlen=26: 2 braids
    projlen=27: 14 braids
    projlen=28: 60 braids
    projlen=29: 242 braids
    projlen=30: 727 braids
    projlen=31: 4212 braids
    projlen=32: 10250 braids
    projlen=33: 61781 braids
    projlen=34: 99514 braids
    projlen=35: 261613 braids
    projlen=36: 267332 braids
    projlen=37: 306438 braids
    projlen=38: 248051 braids
    projlen=39: 296976 braids
    projlen=40: 252494 braids
    projlen=41: 289919 braids
    projlen=42: 255870 braids
    projlen=43: 283376 braids
    projlen=44: 262713 braids
    projlen=45: 279265 braids
    projlen=46: 267256 braids
    projlen=47: 278346 braids
    projlen=48: 266871 braids
    projlen=49: 276393 braids
    projlen=50: 267052 braids
    projlen=51: 275095 braids
    projlen=52: 265815 braids
    projlen=53: 258308 braids
    projlen=54: 98643 braids
  Braids kept: 1115507 (in 29 buckets, 0.98 GB CPU)
  ⚡ Timing: matmul=0.14s, sampling=3.95s, total=5.90s
============================================================
Level 24 - SAMPLING
============================================================
  Starting braids: 965507
  Candidates to generate: 5325095
  Processing in 54 chunks...
  Projlen distribution:
    projlen=25: 1 braids
    projlen=26: 5 braids
    projlen=27: 11 braids
    projlen=28: 27 braids
    projlen=29: 171 braids
    projlen=30: 450 braids
    projlen=31: 2018 braids
    projlen=32: 4546 braids
    projlen=33: 24437 braids
    projlen=34: 50036 braids
    projlen=35: 236102 braids
    projlen=36: 262336 braids
    projlen=37: 315646 braids
    projlen=38: 255986 braids
    projlen=39: 298787 braids
    projlen=40: 251413 braids
    projlen=41: 290876 braids
    projlen=42: 254337 braids
    projlen=43: 285323 braids
    projlen=44: 259118 braids
    projlen=45: 282379 braids
    projlen=46: 264703 braids
    projlen=47: 277365 braids
    projlen=48: 267493 braids
    projlen=49: 276181 braids
    projlen=50: 268840 braids
    projlen=51: 275794 braids
    projlen=52: 266200 braids
    projlen=53: 256967 braids
    projlen=54: 97547 braids
  Braids kept: 1081666 (in 30 buckets, 0.96 GB CPU)
  ⚡ Timing: matmul=0.13s, sampling=3.09s, total=4.87s
============================================================
Level 25 - SAMPLING
============================================================
  Starting braids: 981666
  Candidates to generate: 5411022
  Processing in 55 chunks...
  Projlen distribution:
    projlen=26: 8 braids
    projlen=27: 9 braids
    projlen=28: 39 braids
    projlen=29: 112 braids
    projlen=30: 198 braids
    projlen=31: 1282 braids
    projlen=32: 2723 braids
    projlen=33: 12834 braids
    projlen=34: 24426 braids
    projlen=35: 122039 braids
    projlen=36: 216030 braids
    projlen=37: 321140 braids
    projlen=38: 254321 braids
    projlen=39: 303277 braids
    projlen=40: 251549 braids
    projlen=41: 294280 braids
    projlen=42: 254696 braids
    projlen=43: 288001 braids
    projlen=44: 257062 braids
    projlen=45: 283662 braids
    projlen=46: 261533 braids
    projlen=47: 280734 braids
    projlen=48: 266614 braids
    projlen=49: 277415 braids
    projlen=50: 268677 braids
    projlen=51: 275277 braids
    projlen=52: 269040 braids
    projlen=53: 271630 braids
    projlen=54: 253061 braids
    projlen=55: 99353 braids
  Braids kept: 1091631 (in 30 buckets, 0.99 GB CPU)
  ⚡ Timing: matmul=0.13s, sampling=3.25s, total=5.10s
============================================================
Level 26 - SAMPLING
============================================================
  Starting braids: 991631
  Candidates to generate: 5463035
  Processing in 55 chunks...
  Projlen distribution:
    projlen=26: 6 braids
    projlen=27: 14 braids
    projlen=28: 48 braids
    projlen=29: 96 braids
    projlen=30: 227 braids
    projlen=31: 741 braids
    projlen=32: 1263 braids
    projlen=33: 7856 braids
    projlen=34: 14769 braids
    projlen=35: 66441 braids
    projlen=36: 109699 braids
    projlen=37: 259586 braids
    projlen=38: 272017 braids
    projlen=39: 302132 braids
    projlen=40: 249072 braids
    projlen=41: 299226 braids
    projlen=42: 252146 braids
    projlen=43: 289811 braids
    projlen=44: 257721 braids
    projlen=45: 284575 braids
    projlen=46: 260157 braids
    projlen=47: 281421 braids
    projlen=48: 263583 braids
    projlen=49: 279126 braids
    projlen=50: 267972 braids
    projlen=51: 276592 braids
    projlen=52: 268899 braids
    projlen=53: 274238 braids
    projlen=54: 267902 braids
    projlen=55: 257209 braids
    projlen=56: 98490 braids
  Braids kept: 1125020 (in 31 buckets, 1.04 GB CPU)
  ⚡ Timing: matmul=0.14s, sampling=4.02s, total=6.01s
============================================================
Level 27 - SAMPLING
============================================================
  Starting braids: 975020
  Candidates to generate: 5379500
  Processing in 54 chunks...
  Projlen distribution:
    projlen=26: 4 braids
    projlen=27: 12 braids
    projlen=28: 41 braids
    projlen=29: 114 braids
    projlen=30: 256 braids
    projlen=31: 615 braids
    projlen=32: 1296 braids
    projlen=33: 4441 braids
    projlen=34: 7279 braids
    projlen=35: 41324 braids
    projlen=36: 69130 braids
    projlen=37: 238919 braids
    projlen=38: 264687 braids
    projlen=39: 309365 braids
    projlen=40: 260779 braids
    projlen=41: 294021 braids
    projlen=42: 255136 braids
    projlen=43: 294800 braids
    projlen=44: 254302 braids
    projlen=45: 286634 braids
    projlen=46: 260722 braids
    projlen=47: 282348 braids
    projlen=48: 263184 braids
    projlen=49: 280151 braids
    projlen=50: 264987 braids
    projlen=51: 277924 braids
    projlen=52: 268369 braids
    projlen=53: 276175 braids
    projlen=54: 267287 braids
    projlen=55: 256985 braids
    projlen=56: 98213 braids
  Braids kept: 1105382 (in 31 buckets, 1.03 GB CPU)
  ⚡ Timing: matmul=0.14s, sampling=3.99s, total=5.96s
============================================================
Level 28 - SAMPLING
============================================================
  Starting braids: 955382
  Candidates to generate: 5261308
  Processing in 53 chunks...
  Projlen distribution:
    projlen=26: 1 braids
    projlen=27: 6 braids
    projlen=28: 33 braids
    projlen=29: 101 braids
    projlen=30: 240 braids
    projlen=31: 714 braids
    projlen=32: 1312 braids
    projlen=33: 3599 braids
    projlen=34: 7003 braids
    projlen=35: 24142 braids
    projlen=36: 37281 braids
    projlen=37: 192102 braids
    projlen=38: 242128 braids
    projlen=39: 316418 braids
    projlen=40: 256519 braids
    projlen=41: 298113 braids
    projlen=42: 256111 braids
    projlen=43: 291373 braids
    projlen=44: 257694 braids
    projlen=45: 287907 braids
    projlen=46: 255694 braids
    projlen=47: 284133 braids
    projlen=48: 261606 braids
    projlen=49: 279652 braids
    projlen=50: 265213 braids
    projlen=51: 278723 braids
    projlen=52: 266861 braids
    projlen=53: 275630 braids
    projlen=54: 265698 braids
    projlen=55: 257326 braids
    projlen=56: 97975 braids
  Braids kept: 1074432 (in 31 buckets, 1.01 GB CPU)
  ⚡ Timing: matmul=0.15s, sampling=3.82s, total=5.77s
============================================================
Level 29 - SAMPLING
============================================================
  Starting braids: 974432
  Candidates to generate: 5354906
  Processing in 54 chunks...
  Projlen distribution:
    projlen=26: 1 braids
    projlen=27: 5 braids
    projlen=28: 11 braids
    projlen=29: 75 braids
    projlen=30: 173 braids
    projlen=31: 702 braids
    projlen=32: 1302 braids
    projlen=33: 4021 braids
    projlen=34: 6715 braids
    projlen=35: 19588 braids
    projlen=36: 35640 braids
    projlen=37: 117136 braids
    projlen=38: 165197 braids
    projlen=39: 290488 braids
    projlen=40: 257229 braids
    projlen=41: 302721 braids
    projlen=42: 250752 braids
    projlen=43: 295319 braids
    projlen=44: 257138 braids
    projlen=45: 286143 braids
    projlen=46: 259695 braids
    projlen=47: 283232 braids
    projlen=48: 259425 braids
    projlen=49: 282640 braids
    projlen=50: 263363 braids
    projlen=51: 279223 braids
    projlen=52: 267610 braids
    projlen=53: 277339 braids
    projlen=54: 267327 braids
    projlen=55: 272344 braids
    projlen=56: 252592 braids
    projlen=57: 99760 braids
  Braids kept: 1118233 (in 32 buckets, 1.07 GB CPU)
  ⚡ Timing: matmul=0.13s, sampling=4.05s, total=6.05s
============================================================
Level 30 - SAMPLING
============================================================
  Starting braids: 968233
  Candidates to generate: 5317815
  Processing in 54 chunks...
  Projlen distribution:
    projlen=27: 3 braids
    projlen=28: 4 braids
    projlen=29: 75 braids
    projlen=30: 75 braids
    projlen=31: 562 braids
    projlen=32: 904 braids
    projlen=33: 4053 braids
    projlen=34: 6827 braids
    projlen=35: 21418 braids
    projlen=36: 33651 braids
    projlen=37: 96343 braids
    projlen=38: 159256 braids
    projlen=39: 274598 braids
    projlen=40: 261183 braids
    projlen=41: 306274 braids
    projlen=42: 249856 braids
    projlen=43: 297984 braids
    projlen=44: 252635 braids
    projlen=45: 290756 braids
    projlen=46: 257530 braids
    projlen=47: 283373 braids
    projlen=48: 261815 braids
    projlen=49: 281414 braids
    projlen=50: 262861 braids
    projlen=51: 280367 braids
    projlen=52: 265557 braids
    projlen=53: 277741 braids
    projlen=54: 267725 braids
    projlen=55: 271885 braids
    projlen=56: 251797 braids
    projlen=57: 99293 braids
  Braids kept: 1117572 (in 31 buckets, 1.07 GB CPU)
  ⚡ Timing: matmul=0.15s, sampling=4.12s, total=6.14s
============================================================
Level 31 - SAMPLING
============================================================
  Starting braids: 967572
  Candidates to generate: 5311906
  Processing in 54 chunks...
  Projlen distribution:
    projlen=29: 37 braids
    projlen=30: 38 braids
    projlen=31: 517 braids
    projlen=32: 451 braids
    projlen=33: 3318 braids
    projlen=34: 4702 braids
    projlen=35: 21726 braids
    projlen=36: 34541 braids
    projlen=37: 104043 braids
    projlen=38: 151921 braids
    projlen=39: 263729 braids
    projlen=40: 268616 braids
    projlen=41: 298089 braids
    projlen=42: 257360 braids
    projlen=43: 297223 braids
    projlen=44: 250932 braids
    projlen=45: 294535 braids
    projlen=46: 254382 braids
    projlen=47: 286258 braids
    projlen=48: 258898 braids
    projlen=49: 281814 braids
    projlen=50: 264208 braids
    projlen=51: 279314 braids
    projlen=52: 265234 braids
    projlen=53: 278168 braids
    projlen=54: 266469 braids
    projlen=55: 274314 braids
    projlen=56: 251819 braids
    projlen=57: 99250 braids
  Braids kept: 1115330 (in 29 buckets, 1.07 GB CPU)
  ⚡ Timing: matmul=0.14s, sampling=4.09s, total=6.09s
============================================================
Level 32 - SAMPLING
============================================================
  Starting braids: 965330
  Candidates to generate: 5299410
  Processing in 53 chunks...
  Projlen distribution:
    projlen=30: 5 braids
    projlen=31: 252 braids
    projlen=32: 269 braids
    projlen=33: 2957 braids
    projlen=34: 2500 braids
    projlen=35: 18012 braids
    projlen=36: 23811 braids
    projlen=37: 105691 braids
    projlen=38: 153563 braids
    projlen=39: 268547 braids
    projlen=40: 261915 braids
    projlen=41: 296160 braids
    projlen=42: 262938 braids
    projlen=43: 289984 braids
    projlen=44: 259031 braids
    projlen=45: 292079 braids
    projlen=46: 254126 braids
    projlen=47: 289295 braids
    projlen=48: 257652 braids
    projlen=49: 284151 braids
    projlen=50: 262065 braids
    projlen=51: 280918 braids
    projlen=52: 265695 braids
    projlen=53: 278597 braids
    projlen=54: 265553 braids
    projlen=55: 273438 braids
    projlen=56: 250832 braids
    projlen=57: 99374 braids
  Braids kept: 1097806 (in 28 buckets, 1.06 GB CPU)
  ⚡ Timing: matmul=0.14s, sampling=3.99s, total=5.98s
============================================================
Level 33 - SAMPLING
============================================================
  Starting braids: 997806
  Candidates to generate: 5475144
  Processing in 55 chunks...
  Projlen distribution:
    projlen=30: 4 braids
    projlen=31: 38 braids
    projlen=32: 85 braids
    projlen=33: 1474 braids
    projlen=34: 1622 braids
    projlen=35: 15727 braids
    projlen=36: 13093 braids
    projlen=37: 88288 braids
    projlen=38: 105340 braids
    projlen=39: 256445 braids
    projlen=40: 257437 braids
    projlen=41: 300088 braids
    projlen=42: 259104 braids
    projlen=43: 290612 braids
    projlen=44: 260839 braids
    projlen=45: 286812 braids
    projlen=46: 260189 braids
    projlen=47: 286257 braids
    projlen=48: 257402 braids
    projlen=49: 285445 braids
    projlen=50: 259541 braids
    projlen=51: 281974 braids
    projlen=52: 264497 braids
    projlen=53: 279541 braids
    projlen=54: 266348 braids
    projlen=55: 276133 braids
    projlen=56: 264850 braids
    projlen=57: 258465 braids
    projlen=58: 97494 braids
  Braids kept: 1132043 (in 29 buckets, 1.11 GB CPU)
  ⚡ Timing: matmul=0.14s, sampling=4.25s, total=6.34s
============================================================
Level 34 - SAMPLING
============================================================
  Starting braids: 982043
  Candidates to generate: 5391719
  Processing in 54 chunks...
  Projlen distribution:
    projlen=30: 2 braids
    projlen=31: 18 braids
    projlen=32: 47 braids
    projlen=33: 446 braids
    projlen=34: 631 braids
    projlen=35: 8434 braids
    projlen=36: 8661 braids
    projlen=37: 77263 braids
    projlen=38: 60365 braids
    projlen=39: 248146 braids
    projlen=40: 239948 braids
    projlen=41: 315215 braids
    projlen=42: 252160 braids
    projlen=43: 294670 braids
    projlen=44: 257754 braids
    projlen=45: 287801 braids
    projlen=46: 260891 braids
    projlen=47: 282317 braids
    projlen=48: 262740 braids
    projlen=49: 282663 braids
    projlen=50: 261471 braids
    projlen=51: 282941 braids
    projlen=52: 262209 braids
    projlen=53: 281076 braids
    projlen=54: 266262 braids
    projlen=55: 277633 braids
    projlen=56: 264475 braids
    projlen=57: 258341 braids
    projlen=58: 97139 braids
  Braids kept: 1118239 (in 29 buckets, 1.11 GB CPU)
  ⚡ Timing: matmul=0.14s, sampling=4.23s, total=6.28s
============================================================
Level 35 - SAMPLING
============================================================
  Starting braids: 968239
  Candidates to generate: 5300487
  Processing in 54 chunks...
  Projlen distribution:
    projlen=31: 13 braids
    projlen=32: 32 braids
    projlen=33: 255 braids
    projlen=34: 355 braids
    projlen=35: 3465 braids
    projlen=36: 3832 braids
    projlen=37: 43662 braids
    projlen=38: 40403 braids
    projlen=39: 252022 braids
    projlen=40: 198908 braids
    projlen=41: 335589 braids
    projlen=42: 236390 braids
    projlen=43: 306607 braids
    projlen=44: 246990 braids
    projlen=45: 292175 braids
    projlen=46: 258453 braids
    projlen=47: 283885 braids
    projlen=48: 262523 braids
    projlen=49: 280772 braids
    projlen=50: 265422 braids
    projlen=51: 280335 braids
    projlen=52: 264049 braids
    projlen=53: 281113 braids
    projlen=54: 265042 braids
    projlen=55: 278596 braids
    projlen=56: 264347 braids
    projlen=57: 258396 braids
    projlen=58: 96856 braids
  Braids kept: 1092017 (in 28 buckets, 1.09 GB CPU)
  ⚡ Timing: matmul=0.25s, sampling=4.11s, total=6.26s
============================================================
Level 36 - SAMPLING
============================================================
  Starting braids: 992017
  Candidates to generate: 5426361
  Processing in 55 chunks...
  Projlen distribution:
    projlen=31: 3 braids
    projlen=32: 13 braids
    projlen=33: 163 braids
    projlen=34: 234 braids
    projlen=35: 2037 braids
    projlen=36: 2265 braids
    projlen=37: 20606 braids
    projlen=38: 20244 braids
    projlen=39: 210942 braids
    projlen=40: 176632 braids
    projlen=41: 323767 braids
    projlen=42: 202724 braids
    projlen=43: 329833 braids
    projlen=44: 227600 braids
    projlen=45: 304371 braids
    projlen=46: 249166 braids
    projlen=47: 289941 braids
    projlen=48: 259328 braids
    projlen=49: 282101 braids
    projlen=50: 264095 braids
    projlen=51: 279061 braids
    projlen=52: 266438 braids
    projlen=53: 278220 braids
    projlen=54: 266329 braids
    projlen=55: 279549 braids
    projlen=56: 265626 braids
    projlen=57: 273706 braids
    projlen=58: 251273 braids
    projlen=59: 100094 braids
  Braids kept: 1095565 (in 29 buckets, 1.12 GB CPU)
  ⚡ Timing: matmul=0.13s, sampling=4.26s, total=6.35s
============================================================
Level 37 - SAMPLING
============================================================
  Starting braids: 995565
  Candidates to generate: 5437043
  Processing in 55 chunks...
  Projlen distribution:
    projlen=32: 4 braids
    projlen=33: 61 braids
    projlen=34: 117 braids
    projlen=35: 1329 braids
    projlen=36: 1491 braids
    projlen=37: 12666 braids
    projlen=38: 12255 braids
    projlen=39: 104287 braids
    projlen=40: 88002 braids
    projlen=41: 279573 braids
    projlen=42: 210510 braids
    projlen=43: 338286 braids
    projlen=44: 200922 braids
    projlen=45: 325224 braids
    projlen=46: 227059 braids
    projlen=47: 301417 braids
    projlen=48: 250491 braids
    projlen=49: 287079 braids
    projlen=50: 260571 braids
    projlen=51: 281284 braids
    projlen=52: 266210 braids
    projlen=53: 277657 braids
    projlen=54: 267705 braids
    projlen=55: 277042 braids
    projlen=56: 267992 braids
    projlen=57: 276567 braids
    projlen=58: 264626 braids
    projlen=59: 258873 braids
    projlen=60: 97743 braids
  Braids kept: 1127923 (in 29 buckets, 1.17 GB CPU)
  ⚡ Timing: matmul=0.15s, sampling=4.41s, total=6.53s
============================================================
Level 38 - SAMPLING
============================================================
  Starting braids: 977923
  Candidates to generate: 5336411
  Processing in 54 chunks...
  Projlen distribution:
    projlen=33: 26 braids
    projlen=34: 49 braids
    projlen=35: 584 braids
    projlen=36: 790 braids
    projlen=37: 8610 braids
    projlen=38: 8223 braids
    projlen=39: 66526 braids
    projlen=40: 55249 braids
    projlen=41: 262190 braids
    projlen=42: 208589 braids
    projlen=43: 343219 braids
    projlen=44: 207978 braids
    projlen=45: 331732 braids
    projlen=46: 205678 braids
    projlen=47: 318355 braids
    projlen=48: 229389 braids
    projlen=49: 297775 braids
    projlen=50: 252467 braids
    projlen=51: 285005 braids
    projlen=52: 261671 braids
    projlen=53: 280910 braids
    projlen=54: 267386 braids
    projlen=55: 277743 braids
    projlen=56: 269303 braids
    projlen=57: 275090 braids
    projlen=58: 266233 braids
    projlen=59: 258027 braids
    projlen=60: 97614 braids
  Braids kept: 1118282 (in 28 buckets, 1.17 GB CPU)
  ⚡ Timing: matmul=0.14s, sampling=4.39s, total=6.47s
============================================================
Level 39 - SAMPLING
============================================================
  Starting braids: 968282
  Candidates to generate: 5278102
  Processing in 53 chunks...
  Projlen distribution:
    projlen=33: 4 braids
    projlen=34: 18 braids
    projlen=35: 275 braids
    projlen=36: 400 braids
    projlen=37: 4233 braids
    projlen=38: 4574 braids
    projlen=39: 46846 braids
    projlen=40: 39609 braids
    projlen=41: 255962 braids
    projlen=42: 203502 braids
    projlen=43: 346434 braids
    projlen=44: 209193 braids
    projlen=45: 334424 braids
    projlen=46: 206203 braids
    projlen=47: 324202 braids
    projlen=48: 213598 braids
    projlen=49: 312574 braids
    projlen=50: 234003 braids
    projlen=51: 296311 braids
    projlen=52: 254935 braids
    projlen=53: 283656 braids
    projlen=54: 262911 braids
    projlen=55: 278458 braids
    projlen=56: 268118 braids
    projlen=57: 276043 braids
    projlen=58: 266901 braids
    projlen=59: 257182 braids
    projlen=60: 97533 braids
  Braids kept: 1095959 (in 28 buckets, 1.15 GB CPU)
  ⚡ Timing: matmul=0.13s, sampling=4.27s, total=6.32s
============================================================
Level 40 - SAMPLING
============================================================
  Starting braids: 995959
  Candidates to generate: 5418977
  Processing in 55 chunks...
  Projlen distribution:
    projlen=34: 6 braids
    projlen=35: 75 braids
    projlen=36: 180 braids
    projlen=37: 2056 braids
    projlen=38: 2610 braids
    projlen=39: 25264 braids
    projlen=40: 23755 braids
    projlen=41: 229004 braids
    projlen=42: 173417 braids
    projlen=43: 325540 braids
    projlen=44: 204742 braids
    projlen=45: 337033 braids
    projlen=46: 205304 braids
    projlen=47: 327377 braids
    projlen=48: 212383 braids
    projlen=49: 316645 braids
    projlen=50: 221872 braids
    projlen=51: 306513 braids
    projlen=52: 238024 braids
    projlen=53: 293170 braids
    projlen=54: 257080 braids
    projlen=55: 282173 braids
    projlen=56: 264120 braids
    projlen=57: 278006 braids
    projlen=58: 268756 braids
    projlen=59: 271545 braids
    projlen=60: 252884 braids
    projlen=61: 99443 braids
  Braids kept: 1103946 (in 28 buckets, 1.18 GB CPU)
  ⚡ Timing: matmul=0.14s, sampling=4.46s, total=6.59s
============================================================
Level 41 - SAMPLING
============================================================
  Starting braids: 953946
  Candidates to generate: 5177634
  Processing in 52 chunks...
  Projlen distribution:
    projlen=34: 3 braids
    projlen=35: 26 braids
    projlen=36: 66 braids
    projlen=37: 682 braids
    projlen=38: 1263 braids
    projlen=39: 13011 braids
    projlen=40: 14216 braids
    projlen=41: 127732 braids
    projlen=42: 102114 braids
    projlen=43: 291116 braids
    projlen=44: 199522 braids
    projlen=45: 343138 braids
    projlen=46: 199525 braids
    projlen=47: 330692 braids
    projlen=48: 209783 braids
    projlen=49: 320060 braids
    projlen=50: 219968 braids
    projlen=51: 310054 braids
    projlen=52: 229968 braids
    projlen=53: 301878 braids
    projlen=54: 243195 braids
    projlen=55: 290747 braids
    projlen=56: 258560 braids
    projlen=57: 281382 braids
    projlen=58: 264711 braids
    projlen=59: 273203 braids
    projlen=60: 251794 braids
    projlen=61: 99225 braids
  Braids kept: 1079267 (in 28 buckets, 1.17 GB CPU)
  ⚡ Timing: matmul=0.13s, sampling=4.32s, total=6.36s
============================================================
Level 42 - SAMPLING
============================================================
  Starting braids: 979267
  Candidates to generate: 5312339
  Processing in 54 chunks...
  Projlen distribution:
    projlen=35: 6 braids
    projlen=36: 29 braids
    projlen=37: 284 braids
    projlen=38: 539 braids
    projlen=39: 4844 braids
    projlen=40: 7210 braids
    projlen=41: 67913 braids
    projlen=42: 63499 braids
    projlen=43: 269065 braids
    projlen=44: 203096 braids
    projlen=45: 347072 braids
    projlen=46: 196728 braids
    projlen=47: 335803 braids
    projlen=48: 200373 braids
    projlen=49: 322380 braids
    projlen=50: 216002 braids
    projlen=51: 312731 braids
    projlen=52: 227435 braids
    projlen=53: 304574 braids
    projlen=54: 237747 braids
    projlen=55: 298168 braids
    projlen=56: 248099 braids
    projlen=57: 288365 braids
    projlen=58: 260582 braids
    projlen=59: 278765 braids
    projlen=60: 264032 braids
    projlen=61: 258935 braids
    projlen=62: 98063 braids
  Braids kept: 1112912 (in 28 buckets, 1.22 GB CPU)
  ⚡ Timing: matmul=0.13s, sampling=4.58s, total=6.71s
============================================================
Level 43 - SAMPLING
============================================================
  Starting braids: 962912
  Candidates to generate: 5229958
  Processing in 53 chunks...
  Projlen distribution:
    projlen=36: 4 braids
    projlen=37: 83 braids
    projlen=38: 229 braids
    projlen=39: 2194 braids
    projlen=40: 3309 braids
    projlen=41: 27485 braids
    projlen=42: 34482 braids
    projlen=43: 249168 braids
    projlen=44: 215633 braids
    projlen=45: 346871 braids
    projlen=46: 203114 braids
    projlen=47: 338979 braids
    projlen=48: 196808 braids
    projlen=49: 329368 braids
    projlen=50: 207296 braids
    projlen=51: 317093 braids
    projlen=52: 223625 braids
    projlen=53: 306908 braids
    projlen=54: 235286 braids
    projlen=55: 299645 braids
    projlen=56: 243644 braids
    projlen=57: 294031 braids
    projlen=58: 252584 braids
    projlen=59: 285926 braids
    projlen=60: 258863 braids
    projlen=61: 260520 braids
    projlen=62: 96810 braids
  Braids kept: 1067786 (in 27 buckets, 1.18 GB CPU)
  ⚡ Timing: matmul=0.13s, sampling=4.45s, total=6.54s
============================================================
Level 44 - SAMPLING
============================================================
  Starting braids: 967786
  Candidates to generate: 5260460
  Processing in 53 chunks...
  Projlen distribution:
    projlen=36: 3 braids
    projlen=37: 7 braids
    projlen=38: 81 braids
    projlen=39: 761 braids
    projlen=40: 1474 braids
    projlen=41: 13798 braids
    projlen=42: 17128 braids
    projlen=43: 136225 braids
    projlen=44: 147628 braids
    projlen=45: 307571 braids
    projlen=46: 217085 braids
    projlen=47: 335832 braids
    projlen=48: 200955 braids
    projlen=49: 332454 braids
    projlen=50: 202579 braids
    projlen=51: 322909 braids
    projlen=52: 215439 braids
    projlen=53: 311731 braids
    projlen=54: 230786 braids
    projlen=55: 301363 braids
    projlen=56: 241990 braids
    projlen=57: 296205 braids
    projlen=58: 249773 braids
    projlen=59: 290665 braids
    projlen=60: 255531 braids
    projlen=61: 281834 braids
    projlen=62: 247659 braids
    projlen=63: 100994 braids
  Braids kept: 1083252 (in 28 buckets, 1.22 GB CPU)
  ⚡ Timing: matmul=0.16s, sampling=4.53s, total=6.68s
============================================================
Level 45 - SAMPLING
============================================================
  Starting braids: 983252
  Candidates to generate: 5347854
  Processing in 54 chunks...
  Projlen distribution:
    projlen=36: 6 braids
    projlen=37: 7 braids
    projlen=38: 27 braids
    projlen=39: 200 braids
    projlen=40: 679 braids
    projlen=41: 5305 braids
    projlen=42: 8320 braids
    projlen=43: 71175 braids
    projlen=44: 74904 braids
    projlen=45: 261664 braids
    projlen=46: 233158 braids
    projlen=47: 330572 braids
    projlen=48: 215737 braids
    projlen=49: 327255 braids
    projlen=50: 206974 braids
    projlen=51: 322765 braids
    projlen=52: 210919 braids
    projlen=53: 316838 braids
    projlen=54: 223070 braids
    projlen=55: 306619 braids
    projlen=56: 237524 braids
    projlen=57: 296737 braids
    projlen=58: 248335 braids
    projlen=59: 291489 braids
    projlen=60: 254000 braids
    projlen=61: 286067 braids
    projlen=62: 256953 braids
    projlen=63: 264158 braids
    projlen=64: 96397 braids
  Braids kept: 1114544 (in 29 buckets, 1.28 GB CPU)
  ⚡ Timing: matmul=0.13s, sampling=4.72s, total=6.87s
============================================================
Level 46 - SAMPLING
============================================================
  Starting braids: 964544
  Candidates to generate: 5255556
  Processing in 53 chunks...
  Projlen distribution:
    projlen=36: 4 braids
    projlen=37: 19 braids
    projlen=38: 33 braids
    projlen=39: 135 braids
    projlen=40: 216 braids
    projlen=41: 1925 braids
    projlen=42: 4098 braids
    projlen=43: 30225 braids
    projlen=44: 38770 braids
    projlen=45: 244543 braids
    projlen=46: 226748 braids
    projlen=47: 332804 braids
    projlen=48: 230146 braids
    projlen=49: 320483 braids
    projlen=50: 219905 braids
    projlen=51: 318439 braids
    projlen=52: 216774 braids
    projlen=53: 314381 braids
    projlen=54: 219556 braids
    projlen=55: 311013 braids
    projlen=56: 231172 braids
    projlen=57: 300866 braids
    projlen=58: 243220 braids
    projlen=59: 293259 braids
    projlen=60: 252747 braids
    projlen=61: 287921 braids
    projlen=62: 255047 braids
    projlen=63: 265606 braids
    projlen=64: 95501 braids
  Braids kept: 1075425 (in 29 buckets, 1.24 GB CPU)
  ⚡ Timing: matmul=0.13s, sampling=4.61s, total=6.72s
============================================================
Level 47 - SAMPLING
============================================================
  Starting braids: 975425
  Candidates to generate: 5321843
  Processing in 54 chunks...
  Projlen distribution:
    projlen=36: 1 braids
    projlen=37: 18 braids
    projlen=38: 29 braids
    projlen=39: 200 braids
    projlen=40: 188 braids
    projlen=41: 1216 braids
    projlen=42: 1591 braids
    projlen=43: 13084 braids
    projlen=44: 21047 braids
    projlen=45: 151675 braids
    projlen=46: 167569 braids
    projlen=47: 311883 braids
    projlen=48: 226088 braids
    projlen=49: 322245 braids
    projlen=50: 226167 braids
    projlen=51: 315133 braids
    projlen=52: 227778 braids
    projlen=53: 309614 braids
    projlen=54: 226681 braids
    projlen=55: 307416 braids
    projlen=56: 229256 braids
    projlen=57: 304630 braids
    projlen=58: 238421 braids
    projlen=59: 296945 braids
    projlen=60: 248325 braids
    projlen=61: 289815 braids
    projlen=62: 256742 braids
    projlen=63: 281140 braids
    projlen=64: 245408 braids
    projlen=65: 101538 braids
  Braids kept: 1087374 (in 30 buckets, 1.28 GB CPU)
  ⚡ Timing: matmul=0.23s, sampling=4.77s, total=7.90s
============================================================
Level 48 - SAMPLING
============================================================
  Starting braids: 987374
  Candidates to generate: 5400188
  Processing in 55 chunks...
  Projlen distribution:
    projlen=37: 7 braids
    projlen=38: 12 braids
    projlen=39: 182 braids
    projlen=40: 168 braids
    projlen=41: 1344 braids
    projlen=42: 1263 braids
    projlen=43: 8401 braids
    projlen=44: 9345 braids
    projlen=45: 69958 braids
    projlen=46: 90120 braids
    projlen=47: 269992 braids
    projlen=48: 237339 braids
    projlen=49: 326359 braids
    projlen=50: 222816 braids
    projlen=51: 317383 braids
    projlen=52: 229334 braids
    projlen=53: 307483 braids
    projlen=54: 234911 braids
    projlen=55: 303079 braids
    projlen=56: 235417 braids
    projlen=57: 301930 braids
    projlen=58: 238081 braids
    projlen=59: 299037 braids
    projlen=60: 243940 braids
    projlen=61: 293420 braids
    projlen=62: 253848 braids
    projlen=63: 286334 braids
    projlen=64: 258116 braids
    projlen=65: 263727 braids
    projlen=66: 96842 braids
  Braids kept: 1120722 (in 30 buckets, 1.33 GB CPU)
  ⚡ Timing: matmul=0.22s, sampling=4.92s, total=8.16s
============================================================
Level 49 - SAMPLING
============================================================
  Starting braids: 970722
  Candidates to generate: 5320912
  Processing in 54 chunks...
  Projlen distribution:
    projlen=37: 3 braids
    projlen=38: 4 braids
    projlen=39: 84 braids
    projlen=40: 92 braids
    projlen=41: 1149 braids
    projlen=42: 1013 braids
    projlen=43: 8021 braids
    projlen=44: 7192 braids
    projlen=45: 47102 braids
    projlen=46: 44436 braids
    projlen=47: 246864 braids
    projlen=48: 243197 braids
    projlen=49: 327251 braids
    projlen=50: 232699 braids
    projlen=51: 316818 braids
    projlen=52: 225583 braids
    projlen=53: 310794 braids
    projlen=54: 233887 braids
    projlen=55: 301080 braids
    projlen=56: 241513 braids
    projlen=57: 297809 braids
    projlen=58: 243466 braids
    projlen=59: 296016 braids
    projlen=60: 244996 braids
    projlen=61: 294340 braids
    projlen=62: 250286 braids
    projlen=63: 289610 braids
    projlen=64: 254810 braids
    projlen=65: 265460 braids
    projlen=66: 95337 braids
  Braids kept: 1109096 (in 30 buckets, 1.33 GB CPU)
  ⚡ Timing: matmul=0.14s, sampling=4.84s, total=7.92s
============================================================
Level 50 - SAMPLING
============================================================
  Starting braids: 959096
  Candidates to generate: 5258058
  Processing in 53 chunks...
  Projlen distribution:
    projlen=38: 2 braids
    projlen=39: 39 braids
    projlen=40: 42 braids
    projlen=41: 583 braids
    projlen=42: 617 braids
    projlen=43: 6614 braids
    projlen=44: 5574 braids
    projlen=45: 43837 braids
    projlen=46: 36600 braids
    projlen=47: 235043 braids
    projlen=48: 197076 braids
    projlen=49: 326188 braids
    projlen=50: 236954 braids
    projlen=51: 316241 braids
    projlen=52: 232291 braids
    projlen=53: 309676 braids
    projlen=54: 233010 braids
    projlen=55: 303588 braids
    projlen=56: 239764 braids
    projlen=57: 296986 braids
    projlen=58: 247735 braids
    projlen=59: 293388 braids
    projlen=60: 248951 braids
    projlen=61: 291261 braids
    projlen=62: 251591 braids
    projlen=63: 289616 braids
    projlen=64: 252429 braids
    projlen=65: 267320 braids
    projlen=66: 95042 braids
  Braids kept: 1093908 (in 29 buckets, 1.32 GB CPU)
  ⚡ Timing: matmul=0.15s, sampling=4.84s, total=7.88s
============================================================
Level 51 - SAMPLING
============================================================
  Starting braids: 993908
  Candidates to generate: 5434830
  Processing in 55 chunks...
  Projlen distribution:
    projlen=39: 12 braids
    projlen=40: 19 braids
    projlen=41: 284 braids
    projlen=42: 313 braids
    projlen=43: 3684 braids
    projlen=44: 3620 braids
    projlen=45: 36000 braids
    projlen=46: 28130 braids
    projlen=47: 214271 braids
    projlen=48: 160721 braids
    projlen=49: 316821 braids
    projlen=50: 215035 braids
    projlen=51: 330301 braids
    projlen=52: 227581 braids
    projlen=53: 312196 braids
    projlen=54: 236702 braids
    projlen=55: 301866 braids
    projlen=56: 239367 braids
    projlen=57: 298066 braids
    projlen=58: 246291 braids
    projlen=59: 293136 braids
    projlen=60: 252597 braids
    projlen=61: 290260 braids
    projlen=62: 254453 braids
    projlen=63: 288222 braids
    projlen=64: 256637 braids
    projlen=65: 283009 braids
    projlen=66: 243348 braids
    projlen=67: 101888 braids
  Braids kept: 1122062 (in 29 buckets, 1.37 GB CPU)
  ⚡ Timing: matmul=0.14s, sampling=5.04s, total=8.21s
============================================================
Level 52 - SAMPLING
============================================================
  Starting braids: 972062
  Candidates to generate: 5296936
  Processing in 53 chunks...
  Projlen distribution:
    projlen=39: 2 braids
    projlen=40: 4 braids
    projlen=41: 113 braids
    projlen=42: 171 braids
    projlen=43: 1873 braids
    projlen=44: 1996 braids
    projlen=45: 21221 braids
    projlen=46: 19017 braids
    projlen=47: 173535 braids
    projlen=48: 121931 braids
    projlen=49: 299967 braids
    projlen=50: 199388 braids
    projlen=51: 340622 braids
    projlen=52: 209526 braids
    projlen=53: 323865 braids
    projlen=54: 227504 braids
    projlen=55: 306685 braids
    projlen=56: 242115 braids
    projlen=57: 297141 braids
    projlen=58: 245748 braids
    projlen=59: 294310 braids
    projlen=60: 252262 braids
    projlen=61: 289635 braids
    projlen=62: 257201 braids
    projlen=63: 286064 braids
    projlen=64: 257902 braids
    projlen=65: 281366 braids
    projlen=66: 244386 braids
    projlen=67: 101386 braids
  Braids kept: 1094397 (in 29 buckets, 1.35 GB CPU)
  ⚡ Timing: matmul=0.16s, sampling=4.93s, total=8.05s
============================================================
Level 53 - SAMPLING
============================================================
  Starting braids: 994397
  Candidates to generate: 5408477
  Processing in 55 chunks...
  Projlen distribution:
    projlen=40: 1 braids
    projlen=41: 22 braids
    projlen=42: 58 braids
    projlen=43: 860 braids
    projlen=44: 1170 braids
    projlen=45: 11607 braids
    projlen=46: 10654 braids
    projlen=47: 104866 braids
    projlen=48: 82093 braids
    projlen=49: 280774 braids
    projlen=50: 189019 braids
    projlen=51: 348116 braids
    projlen=52: 196504 braids
    projlen=53: 334175 braids
    projlen=54: 209810 braids
    projlen=55: 317949 braids
    projlen=56: 232111 braids
    projlen=57: 301791 braids
    projlen=58: 246334 braids
    projlen=59: 293535 braids
    projlen=60: 251135 braids
    projlen=61: 290480 braids
    projlen=62: 255583 braids
    projlen=63: 286260 braids
    projlen=64: 261319 braids
    projlen=65: 282966 braids
    projlen=66: 259249 braids
    projlen=67: 263709 braids
    projlen=68: 96327 braids
  Braids kept: 1124372 (in 29 buckets, 1.40 GB CPU)
  ⚡ Timing: matmul=0.14s, sampling=5.19s, total=8.41s
============================================================
Level 54 - SAMPLING
============================================================
  Starting braids: 974372
  Candidates to generate: 5281460
  Processing in 53 chunks...
  Projlen distribution:
    projlen=41: 4 braids
    projlen=42: 12 braids
    projlen=43: 233 braids
    projlen=44: 488 braids
    projlen=45: 5864 braids
    projlen=46: 6460 braids
    projlen=47: 59665 braids
    projlen=48: 47049 braids
    projlen=49: 260038 braids
    projlen=50: 198123 braids
    projlen=51: 349449 braids
    projlen=52: 188845 braids
    projlen=53: 341122 braids
    projlen=54: 193989 braids
    projlen=55: 326728 braids
    projlen=56: 215341 braids
    projlen=57: 312786 braids
    projlen=58: 236662 braids
    projlen=59: 298105 braids
    projlen=60: 250026 braids
    projlen=61: 289617 braids
    projlen=62: 254789 braids
    projlen=63: 286548 braids
    projlen=64: 258906 braids
    projlen=65: 283075 braids
    projlen=66: 259866 braids
    projlen=67: 261483 braids
    projlen=68: 96187 braids
  Braids kept: 1110110 (in 28 buckets, 1.39 GB CPU)
  ⚡ Timing: matmul=0.17s, sampling=5.00s, total=8.14s
============================================================
Level 55 - SAMPLING
============================================================
  Starting braids: 960110
  Candidates to generate: 5199112
  Processing in 52 chunks...
  Projlen distribution:
    projlen=42: 3 braids
    projlen=43: 79 braids
    projlen=44: 176 braids
    projlen=45: 2052 braids
    projlen=46: 2974 braids
    projlen=47: 32843 braids
    projlen=48: 31262 braids
    projlen=49: 249522 braids
    projlen=50: 188319 braids
    projlen=51: 341948 braids
    projlen=52: 199182 braids
    projlen=53: 341242 braids
    projlen=54: 186478 braids
    projlen=55: 334709 braids
    projlen=56: 198976 braids
    projlen=57: 321058 braids
    projlen=58: 221779 braids
    projlen=59: 307400 braids
    projlen=60: 241361 braids
    projlen=61: 294875 braids
    projlen=62: 253598 braids
    projlen=63: 287679 braids
    projlen=64: 258402 braids
    projlen=65: 283864 braids
    projlen=66: 259205 braids
    projlen=67: 263702 braids
    projlen=68: 96424 braids
  Braids kept: 1069389 (in 27 buckets, 1.35 GB CPU)
  ⚡ Timing: matmul=0.16s, sampling=4.90s, total=7.98s
============================================================
Level 56 - SAMPLING
============================================================
  Starting braids: 969389
  Candidates to generate: 5240723
  Processing in 53 chunks...
  Projlen distribution:
    projlen=42: 2 braids
    projlen=43: 15 braids
    projlen=44: 97 braids
    projlen=45: 796 braids
    projlen=46: 1290 braids
    projlen=47: 13508 braids
    projlen=48: 15566 braids
    projlen=49: 161695 braids
    projlen=50: 133957 braids
    projlen=51: 306281 braids
    projlen=52: 196930 braids
    projlen=53: 341811 braids
    projlen=54: 194145 braids
    projlen=55: 336155 braids
    projlen=56: 192365 braids
    projlen=57: 327992 braids
    projlen=58: 206141 braids
    projlen=59: 315648 braids
    projlen=60: 228023 braids
    projlen=61: 302458 braids
    projlen=62: 245161 braids
    projlen=63: 291229 braids
    projlen=64: 256567 braids
    projlen=65: 285009 braids
    projlen=66: 260000 braids
    projlen=67: 278831 braids
    projlen=68: 247861 braids
    projlen=69: 101190 braids
  Braids kept: 1081274 (in 28 buckets, 1.39 GB CPU)
  ⚡ Timing: matmul=0.14s, sampling=5.09s, total=8.20s
============================================================
Level 57 - SAMPLING
============================================================
  Starting braids: 981274
  Candidates to generate: 5306540
  Processing in 54 chunks...
  Projlen distribution:
    projlen=42: 4 braids
    projlen=43: 12 braids
    projlen=44: 42 braids
    projlen=45: 287 braids
    projlen=46: 726 braids
    projlen=47: 5949 braids
    projlen=48: 7227 braids
    projlen=49: 69920 braids
    projlen=50: 66211 braids
    projlen=51: 267553 braids
    projlen=52: 206834 braids
    projlen=53: 343658 braids
    projlen=54: 194244 braids
    projlen=55: 336820 braids
    projlen=56: 198532 braids
    projlen=57: 328667 braids
    projlen=58: 201814 braids
    projlen=59: 322071 braids
    projlen=60: 215214 braids
    projlen=61: 311909 braids
    projlen=62: 233902 braids
    projlen=63: 297711 braids
    projlen=64: 248572 braids
    projlen=65: 288335 braids
    projlen=66: 258807 braids
    projlen=67: 281179 braids
    projlen=68: 260477 braids
    projlen=69: 262659 braids
    projlen=70: 97204 braids
  Braids kept: 1114247 (in 29 buckets, 1.45 GB CPU)
  ⚡ Timing: matmul=0.14s, sampling=5.29s, total=8.48s
============================================================
Level 58 - SAMPLING
============================================================
  Starting braids: 964247
  Candidates to generate: 5226849
  Processing in 53 chunks...
  Projlen distribution:
    projlen=42: 3 braids
    projlen=43: 12 braids
    projlen=44: 32 braids
    projlen=45: 227 braids
    projlen=46: 334 braids
    projlen=47: 2789 braids
    projlen=48: 4306 braids
    projlen=49: 33333 braids
    projlen=50: 33630 braids
    projlen=51: 247427 braids
    projlen=52: 215443 braids
    projlen=53: 343284 braids
    projlen=54: 207583 braids
    projlen=55: 335940 braids
    projlen=56: 195171 braids
    projlen=57: 330300 braids
    projlen=58: 205210 braids
    projlen=59: 321406 braids
    projlen=60: 211930 braids
    projlen=61: 316307 braids
    projlen=62: 223561 braids
    projlen=63: 307663 braids
    projlen=64: 241564 braids
    projlen=65: 294036 braids
    projlen=66: 253374 braids
    projlen=67: 284826 braids
    projlen=68: 258655 braids
    projlen=69: 262006 braids
    projlen=70: 96497 braids
  Braids kept: 1074666 (in 29 buckets, 1.41 GB CPU)
  ⚡ Timing: matmul=0.14s, sampling=5.11s, total=8.27s
============================================================
Level 59 - SAMPLING
============================================================
  Starting braids: 974666
  Candidates to generate: 5284628
  Processing in 53 chunks...
  Projlen distribution:
    projlen=43: 13 braids
    projlen=44: 26 braids
    projlen=45: 184 braids
    projlen=46: 220 braids
    projlen=47: 1935 braids
    projlen=48: 2154 braids
    projlen=49: 18031 braids
    projlen=50: 22170 braids
    projlen=51: 163998 braids
    projlen=52: 145003 braids
    projlen=53: 305042 braids
    projlen=54: 216522 braids
    projlen=55: 333143 braids
    projlen=56: 205526 braids
    projlen=57: 329313 braids
    projlen=58: 202947 braids
    projlen=59: 322585 braids
    projlen=60: 213396 braids
    projlen=61: 315060 braids
    projlen=62: 222210 braids
    projlen=63: 308576 braids
    projlen=64: 231318 braids
    projlen=65: 302399 braids
    projlen=66: 246357 braids
    projlen=67: 291039 braids
    projlen=68: 256265 braids
    projlen=69: 280570 braids
    projlen=70: 247701 braids
    projlen=71: 100925 braids
  Braids kept: 1094733 (in 29 buckets, 1.46 GB CPU)
  ⚡ Timing: matmul=0.16s, sampling=5.21s, total=8.42s
============================================================
Level 60 - SAMPLING
============================================================
  Starting braids: 994733
  Candidates to generate: 5399305
  Processing in 54 chunks...
  Projlen distribution:
    projlen=43: 3 braids
    projlen=44: 6 braids
    projlen=45: 160 braids
    projlen=46: 180 braids
    projlen=47: 1467 braids
    projlen=48: 1440 braids
    projlen=49: 12161 braids
    projlen=50: 11861 braids
    projlen=51: 93524 braids
    projlen=52: 95576 braids
    projlen=53: 277338 braids
    projlen=54: 214963 braids
    projlen=55: 334666 braids
    projlen=56: 212975 braids
    projlen=57: 325466 braids
    projlen=58: 211663 braids
    projlen=59: 321032 braids
    projlen=60: 212931 braids
    projlen=61: 315426 braids
    projlen=62: 221892 braids
    projlen=63: 308377 braids
    projlen=64: 231613 braids
    projlen=65: 301740 braids
    projlen=66: 237909 braids
    projlen=67: 298039 braids
    projlen=68: 249918 braids
    projlen=69: 287784 braids
    projlen=70: 257876 braids
    projlen=71: 264610 braids
    projlen=72: 96709 braids
  Braids kept: 1127278 (in 30 buckets, 1.52 GB CPU)
  ⚡ Timing: matmul=0.16s, sampling=5.49s, total=8.79s
============================================================
Level 61 - SAMPLING
============================================================
  Starting braids: 977278
  Candidates to generate: 5311568
  Processing in 54 chunks...
  Projlen distribution:
    projlen=44: 1 braids
    projlen=45: 54 braids
    projlen=46: 92 braids
    projlen=47: 1169 braids
    projlen=48: 1187 braids
    projlen=49: 9021 braids
    projlen=50: 8087 braids
    projlen=51: 63533 braids
    projlen=52: 53919 braids
    projlen=53: 255430 braids
    projlen=54: 225296 braids
    projlen=55: 335762 braids
    projlen=56: 214373 braids
    projlen=57: 326700 braids
    projlen=58: 214391 braids
    projlen=59: 318140 braids
    projlen=60: 219796 braids
    projlen=61: 313391 braids
    projlen=62: 223264 braids
    projlen=63: 308835 braids
    projlen=64: 230790 braids
    projlen=65: 302571 braids
    projlen=66: 239391 braids
    projlen=67: 296243 braids
    projlen=68: 245092 braids
    projlen=69: 292310 braids
    projlen=70: 250539 braids
    projlen=71: 267252 braids
    projlen=72: 94939 braids
  Braids kept: 1119611 (in 29 buckets, 1.51 GB CPU)
  ⚡ Timing: matmul=0.19s, sampling=5.43s, total=8.72s
============================================================
Level 62 - SAMPLING
============================================================
  Starting braids: 969611
  Candidates to generate: 5275337
  Processing in 53 chunks...
  Projlen distribution:
    projlen=44: 1 braids
    projlen=45: 11 braids
    projlen=46: 30 braids
    projlen=47: 501 braids
    projlen=48: 668 braids
    projlen=49: 7182 braids
    projlen=50: 6585 braids
    projlen=51: 48798 braids
    projlen=52: 38942 braids
    projlen=53: 253022 braids
    projlen=54: 204287 braids
    projlen=55: 340685 braids
    projlen=56: 222569 braids
    projlen=57: 325197 braids
    projlen=58: 216060 braids
    projlen=59: 321011 braids
    projlen=60: 220412 braids
    projlen=61: 311771 braids
    projlen=62: 228416 braids
    projlen=63: 307165 braids
    projlen=64: 231926 braids
    projlen=65: 303444 braids
    projlen=66: 238692 braids
    projlen=67: 298014 braids
    projlen=68: 245856 braids
    projlen=69: 291779 braids
    projlen=70: 248060 braids
    projlen=71: 269880 braids
    projlen=72: 94373 braids
  Braids kept: 1102718 (in 29 buckets, 1.50 GB CPU)
  ⚡ Timing: matmul=0.16s, sampling=5.25s, total=8.50s
============================================================
Level 63 - SAMPLING
============================================================
  Starting braids: 952718
  Candidates to generate: 5181870
  Processing in 52 chunks...
  Projlen distribution:
    projlen=45: 3 braids
    projlen=46: 15 braids
    projlen=47: 191 braids
    projlen=48: 275 braids
    projlen=49: 3433 braids
    projlen=50: 4027 braids
    projlen=51: 39715 braids
    projlen=52: 33017 braids
    projlen=53: 238615 braids
    projlen=54: 171489 braids
    projlen=55: 322130 braids
    projlen=56: 206834 braids
    projlen=57: 332561 braids
    projlen=58: 216518 braids
    projlen=59: 319146 braids
    projlen=60: 222352 braids
    projlen=61: 313840 braids
    projlen=62: 227636 braids
    projlen=63: 306282 braids
    projlen=64: 236047 braids
    projlen=65: 301035 braids
    projlen=66: 238989 braids
    projlen=67: 298489 braids
    projlen=68: 244523 braids
    projlen=69: 292194 braids
    projlen=70: 249951 braids
    projlen=71: 268382 braids
    projlen=72: 94181 braids
  Braids kept: 1080676 (in 28 buckets, 1.48 GB CPU)
  ⚡ Timing: matmul=0.20s, sampling=5.21s, total=8.45s
============================================================
Level 64 - SAMPLING
============================================================
  Starting braids: 980676
  Candidates to generate: 5320634
  Processing in 54 chunks...
  Projlen distribution:
    projlen=46: 9 braids
    projlen=47: 88 braids
    projlen=48: 134 braids
    projlen=49: 1612 braids
    projlen=50: 1737 braids
    projlen=51: 20872 braids
    projlen=52: 20783 braids
    projlen=53: 193834 braids
    projlen=54: 143449 braids
    projlen=55: 312047 braids
    projlen=56: 195619 braids
    projlen=57: 341518 braids
    projlen=58: 201699 braids
    projlen=59: 326407 braids
    projlen=60: 218854 braids
    projlen=61: 311796 braids
    projlen=62: 229243 braids
    projlen=63: 305935 braids
    projlen=64: 235066 braids
    projlen=65: 300512 braids
    projlen=66: 242257 braids
    projlen=67: 296426 braids
    projlen=68: 246906 braids
    projlen=69: 293709 braids
    projlen=70: 249906 braids
    projlen=71: 287368 braids
    projlen=72: 240765 braids
    projlen=73: 102083 braids
  Braids kept: 1095235 (in 28 buckets, 1.52 GB CPU)
  ⚡ Timing: matmul=0.14s, sampling=5.48s, total=8.77s
============================================================
Level 65 - SAMPLING
============================================================
  Starting braids: 995235
  Candidates to generate: 5400391
  Processing in 55 chunks...
  Projlen distribution:
    projlen=46: 3 braids
    projlen=47: 42 braids
    projlen=48: 62 braids
    projlen=49: 853 braids
    projlen=50: 947 braids
    projlen=51: 10650 braids
    projlen=52: 9537 braids
    projlen=53: 104920 braids
    projlen=54: 88491 braids
    projlen=55: 284383 braids
    projlen=56: 196021 braids
    projlen=57: 346246 braids
    projlen=58: 192194 braids
    projlen=59: 336812 braids
    projlen=60: 203107 braids
    projlen=61: 321752 braids
    projlen=62: 224946 braids
    projlen=63: 307178 braids
    projlen=64: 236770 braids
    projlen=65: 300410 braids
    projlen=66: 241906 braids
    projlen=67: 296580 braids
    projlen=68: 248033 braids
    projlen=69: 290895 braids
    projlen=70: 251901 braids
    projlen=71: 288641 braids
    projlen=72: 252526 braids
    projlen=73: 268809 braids
    projlen=74: 95776 braids
  Braids kept: 1122094 (in 29 buckets, 1.57 GB CPU)
  ⚡ Timing: matmul=0.15s, sampling=5.66s, total=9.03s
============================================================
Level 66 - SAMPLING
============================================================
  Starting braids: 972094
  Candidates to generate: 5264270
  Processing in 53 chunks...
  Projlen distribution:
    projlen=46: 2 braids
    projlen=47: 30 braids
    projlen=48: 40 braids
    projlen=49: 389 braids
    projlen=50: 479 braids
    projlen=51: 5891 braids
    projlen=52: 5459 braids
    projlen=53: 56363 braids
    projlen=54: 42680 braids
    projlen=55: 257867 braids
    projlen=56: 205741 braids
    projlen=57: 346891 braids
    projlen=58: 194551 braids
    projlen=59: 339590 braids
    projlen=60: 192634 braids
    projlen=61: 329271 braids
    projlen=62: 208797 braids
    projlen=63: 314509 braids
    projlen=64: 229470 braids
    projlen=65: 301879 braids
    projlen=66: 242956 braids
    projlen=67: 295326 braids
    projlen=68: 247903 braids
    projlen=69: 291273 braids
    projlen=70: 252190 braids
    projlen=71: 287333 braids
    projlen=72: 252996 braids
    projlen=73: 266309 braids
    projlen=74: 95451 braids
  Braids kept: 1104970 (in 29 buckets, 1.56 GB CPU)
  ⚡ Timing: matmul=0.15s, sampling=5.44s, total=8.70s
============================================================
Level 67 - SAMPLING
============================================================
  Starting braids: 954970
  Candidates to generate: 5171940
  Processing in 52 chunks...
  Projlen distribution:
    projlen=46: 3 braids
    projlen=47: 11 braids
    projlen=48: 19 braids
    projlen=49: 272 braids
    projlen=50: 274 braids
    projlen=51: 2758 braids
    projlen=52: 3074 braids
    projlen=53: 33651 braids
    projlen=54: 27401 braids
    projlen=55: 249640 braids
    projlen=56: 176983 braids
    projlen=57: 333734 braids
    projlen=58: 205361 braids
    projlen=59: 338995 braids
    projlen=60: 194185 braids
    projlen=61: 332495 braids
    projlen=62: 198941 braids
    projlen=63: 321884 braids
    projlen=64: 215835 braids
    projlen=65: 308816 braids
    projlen=66: 235450 braids
    projlen=67: 297733 braids
    projlen=68: 247894 braids
    projlen=69: 290786 braids
    projlen=70: 252247 braids
    projlen=71: 288043 braids
    projlen=72: 255354 braids
    projlen=73: 264991 braids
    projlen=74: 95110 braids
  Braids kept: 1067463 (in 29 buckets, 1.52 GB CPU)
  ⚡ Timing: matmul=0.15s, sampling=5.40s, total=8.64s
============================================================
Level 68 - SAMPLING
============================================================
  Starting braids: 967463
  Candidates to generate: 5232049
  Processing in 53 chunks...
  Projlen distribution:
    projlen=46: 2 braids
    projlen=47: 9 braids
    projlen=48: 19 braids
    projlen=49: 116 braids
    projlen=50: 148 braids
    projlen=51: 1774 braids
    projlen=52: 1729 braids
    projlen=53: 17362 braids
    projlen=54: 16465 braids
    projlen=55: 167257 braids
    projlen=56: 118967 braids
    projlen=57: 304716 braids
    projlen=58: 188752 braids
    projlen=59: 345734 braids
    projlen=60: 199006 braids
    projlen=61: 332742 braids
    projlen=62: 201182 braids
    projlen=63: 325274 braids
    projlen=64: 207440 braids
    projlen=65: 316183 braids
    projlen=66: 223673 braids
    projlen=67: 304380 braids
    projlen=68: 241477 braids
    projlen=69: 294006 braids
    projlen=70: 252303 braids
    projlen=71: 287243 braids
    projlen=72: 255524 braids
    projlen=73: 281881 braids
    projlen=74: 244684 braids
    projlen=75: 102001 braids
  Braids kept: 1087624 (in 30 buckets, 1.56 GB CPU)
  ⚡ Timing: matmul=0.14s, sampling=5.48s, total=8.77s
============================================================
Level 69 - SAMPLING
============================================================
  Starting braids: 987624
  Candidates to generate: 5337186
  Processing in 54 chunks...
  Projlen distribution:
    projlen=47: 6 braids
    projlen=48: 16 braids
    projlen=49: 93 braids
    projlen=50: 110 braids
    projlen=51: 903 braids
    projlen=52: 935 braids
    projlen=53: 10906 braids
    projlen=54: 9478 braids
    projlen=55: 90440 braids
    projlen=56: 71643 braids
    projlen=57: 279689 braids
    projlen=58: 189281 braids
    projlen=59: 354259 braids
    projlen=60: 183972 braids
    projlen=61: 340291 braids
    projlen=62: 199106 braids
    projlen=63: 325104 braids
    projlen=64: 209469 braids
    projlen=65: 318118 braids
    projlen=66: 216181 braids
    projlen=67: 310338 braids
    projlen=68: 231353 braids
    projlen=69: 300909 braids
    projlen=70: 246340 braids
    projlen=71: 289734 braids
    projlen=72: 256158 braids
    projlen=73: 283796 braids
    projlen=74: 257369 braids
    projlen=75: 264500 braids
    projlen=76: 96689 braids
  Braids kept: 1122447 (in 30 buckets, 1.63 GB CPU)
  ⚡ Timing: matmul=0.17s, sampling=5.74s, total=9.17s
============================================================
Level 70 - SAMPLING
============================================================
  Starting braids: 972447
  Candidates to generate: 5244629
  Processing in 53 chunks...
  Projlen distribution:
    projlen=48: 5 braids
    projlen=49: 76 braids
    projlen=50: 95 braids
    projlen=51: 724 braids
    projlen=52: 700 braids
    projlen=53: 5935 braids
    projlen=54: 5312 braids
    projlen=55: 57277 braids
    projlen=56: 43189 braids
    projlen=57: 262240 braids
    projlen=58: 199051 braids
    projlen=59: 353199 braids
    projlen=60: 186469 braids
    projlen=61: 346839 braids
    projlen=62: 180972 braids
    projlen=63: 334713 braids
    projlen=64: 204080 braids
    projlen=65: 318041 braids
    projlen=66: 218005 braids
    projlen=67: 310676 braids
    projlen=68: 225762 braids
    projlen=69: 305867 braids
    projlen=70: 238523 braids
    projlen=71: 296161 braids
    projlen=72: 250629 braids
    projlen=73: 285599 braids
    projlen=74: 256414 braids
    projlen=75: 262287 braids
    projlen=76: 95789 braids
  Braids kept: 1106036 (in 29 buckets, 1.62 GB CPU)
  ⚡ Timing: matmul=0.14s, sampling=5.59s, total=8.95s
============================================================
Level 71 - SAMPLING
============================================================
  Starting braids: 956036
  Candidates to generate: 5152106
  Processing in 52 chunks...
  Projlen distribution:
    projlen=48: 1 braids
    projlen=49: 28 braids
    projlen=50: 46 braids
    projlen=51: 618 braids
    projlen=52: 595 braids
    projlen=53: 4588 braids
    projlen=54: 3898 braids
    projlen=55: 33937 braids
    projlen=56: 26303 braids
    projlen=57: 249523 braids
    projlen=58: 176619 braids
    projlen=59: 337814 braids
    projlen=60: 197373 braids
    projlen=61: 344267 braids
    projlen=62: 182826 braids
    projlen=63: 339643 braids
    projlen=64: 184915 braids
    projlen=65: 328869 braids
    projlen=66: 210637 braids
    projlen=67: 313484 braids
    projlen=68: 226892 braids
    projlen=69: 305573 braids
    projlen=70: 234563 braids
    projlen=71: 300158 braids
    projlen=72: 244180 braids
    projlen=73: 291244 braids
    projlen=74: 252638 braids
    projlen=75: 265548 braids
    projlen=76: 95326 braids
  Braids kept: 1070014 (in 29 buckets, 1.57 GB CPU)
  ⚡ Timing: matmul=0.40s, sampling=5.47s, total=9.00s
============================================================
Level 72 - SAMPLING
============================================================
  Starting braids: 970014
  Candidates to generate: 5224506
  Processing in 53 chunks...
  Projlen distribution:
    projlen=49: 10 braids
    projlen=50: 12 braids
    projlen=51: 302 braids
    projlen=52: 363 braids
    projlen=53: 3936 braids
    projlen=54: 3314 braids
    projlen=55: 26467 braids
    projlen=56: 19869 braids
    projlen=57: 169935 braids
    projlen=58: 115055 braids
    projlen=59: 301890 braids
    projlen=60: 188323 braids
    projlen=61: 348439 braids
    projlen=62: 191794 braids
    projlen=63: 338389 braids
    projlen=64: 188744 braids
    projlen=65: 333374 braids
    projlen=66: 192331 braids
    projlen=67: 323699 braids
    projlen=68: 217984 braids
    projlen=69: 308741 braids
    projlen=70: 235038 braids
    projlen=71: 300284 braids
    projlen=72: 242308 braids
    projlen=73: 294794 braids
    projlen=74: 249146 braids
    projlen=75: 285440 braids
    projlen=76: 242132 braids
    projlen=77: 102393 braids
  Braids kept: 1104273 (in 29 buckets, 1.64 GB CPU)
  ⚡ Timing: matmul=0.15s, sampling=5.58s, total=8.90s
============================================================
Level 73 - SAMPLING
============================================================
  Starting braids: 954273
  Candidates to generate: 5130811
  Processing in 52 chunks...
  Projlen distribution:
    projlen=49: 5 braids
    projlen=50: 7 braids
    projlen=51: 78 braids
    projlen=52: 129 braids
    projlen=53: 2231 braids
    projlen=54: 2296 braids
    projlen=55: 22522 braids
    projlen=56: 16864 braids
    projlen=57: 132648 braids
    projlen=58: 87731 braids
    projlen=59: 290189 braids
    projlen=60: 185994 braids
    projlen=61: 354347 braids
    projlen=62: 182815 braids
    projlen=63: 342723 braids
    projlen=64: 192585 braids
    projlen=65: 331331 braids
    projlen=66: 197207 braids
    projlen=67: 326505 braids
    projlen=68: 200943 braids
    projlen=69: 318829 braids
    projlen=70: 224653 braids
    projlen=71: 304306 braids
    projlen=72: 241550 braids
    projlen=73: 296222 braids
    projlen=74: 247197 braids
    projlen=75: 287839 braids
    projlen=76: 238527 braids
    projlen=77: 102538 braids
  Braids kept: 1094132 (in 29 buckets, 1.63 GB CPU)
  ⚡ Timing: matmul=0.14s, sampling=5.53s, total=8.83s
============================================================
Level 74 - SAMPLING
============================================================
  Starting braids: 994132
  Candidates to generate: 5342268
  Processing in 54 chunks...
  Projlen distribution:
    projlen=49: 2 braids
    projlen=50: 2 braids
    projlen=51: 53 braids
    projlen=52: 77 braids
    projlen=53: 698 braids
    projlen=54: 939 braids
    projlen=55: 13859 braids
    projlen=56: 12022 braids
    projlen=57: 112605 braids
    projlen=58: 74918 braids
    projlen=59: 282208 braids
    projlen=60: 180626 braids
    projlen=61: 357785 braids
    projlen=62: 181169 braids
    projlen=63: 349093 braids
    projlen=64: 180009 braids
    projlen=65: 337032 braids
    projlen=66: 198595 braids
    projlen=67: 325729 braids
    projlen=68: 207046 braids
    projlen=69: 320368 braids
    projlen=70: 211017 braids
    projlen=71: 313178 braids
    projlen=72: 230364 braids
    projlen=73: 300643 braids
    projlen=74: 247733 braids
    projlen=75: 291054 braids
    projlen=76: 249964 braids
    projlen=77: 268954 braids
    projlen=78: 94526 braids
  Braids kept: 1127652 (in 30 buckets, 1.70 GB CPU)
  ⚡ Timing: matmul=0.15s, sampling=5.80s, total=9.26s
============================================================
Level 75 - SAMPLING
============================================================
  Starting braids: 977652
  Candidates to generate: 5234188
  Processing in 53 chunks...
  Projlen distribution:
    projlen=50: 2 braids
    projlen=51: 17 braids
    projlen=52: 38 braids
    projlen=53: 495 braids
    projlen=54: 638 braids
    projlen=55: 5357 braids
    projlen=56: 5362 braids
    projlen=57: 71094 braids
    projlen=58: 52637 braids
    projlen=59: 270627 braids
    projlen=60: 178524 braids
    projlen=61: 358838 braids
    projlen=62: 177879 braids
    projlen=63: 351314 braids
    projlen=64: 175539 braids
    projlen=65: 343339 braids
    projlen=66: 183666 braids
    projlen=67: 330959 braids
    projlen=68: 205541 braids
    projlen=69: 319650 braids
    projlen=70: 216374 braids
    projlen=71: 313464 braids
    projlen=72: 221049 braids
    projlen=73: 307851 braids
    projlen=74: 236499 braids
    projlen=75: 295900 braids
    projlen=76: 248678 braids
    projlen=77: 268284 braids
    projlen=78: 94573 braids
  Braids kept: 1111909 (in 29 buckets, 1.69 GB CPU)
  ⚡ Timing: matmul=0.14s, sampling=5.77s, total=9.15s
============================================================
Level 76 - SAMPLING
============================================================
  Starting braids: 961909
  Candidates to generate: 5139809
  Processing in 52 chunks...
  Projlen distribution:
    projlen=50: 1 braids
    projlen=51: 10 braids
    projlen=52: 30 braids
    projlen=53: 180 braids
    projlen=54: 347 braids
    projlen=55: 3689 braids
    projlen=56: 3874 braids
    projlen=57: 31515 braids
    projlen=58: 25630 braids
    projlen=59: 255573 braids
    projlen=60: 185226 braids
    projlen=61: 356547 braids
    projlen=62: 176637 braids
    projlen=63: 353118 braids
    projlen=64: 171303 braids
    projlen=65: 346326 braids
    projlen=66: 177670 braids
    projlen=67: 337244 braids
    projlen=68: 190105 braids
    projlen=69: 325959 braids
    projlen=70: 212029 braids
    projlen=71: 314532 braids
    projlen=72: 226102 braids
    projlen=73: 307626 braids
    projlen=74: 230596 braids
    projlen=75: 301468 braids
    projlen=76: 239877 braids
    projlen=77: 273371 braids
    projlen=78: 93224 braids
  Braids kept: 1065276 (in 29 buckets, 1.63 GB CPU)
  ⚡ Timing: matmul=0.14s, sampling=5.56s, total=8.89s
============================================================
Level 77 - SAMPLING
============================================================
  Starting braids: 965276
  Candidates to generate: 5150570
  Processing in 52 chunks...
  Projlen distribution:
    projlen=50: 5 braids
    projlen=51: 7 braids
    projlen=52: 28 braids
    projlen=53: 110 braids
    projlen=54: 267 braids
    projlen=55: 1476 braids
    projlen=56: 2187 braids
    projlen=57: 22238 braids
    projlen=58: 20006 braids
    projlen=59: 160364 braids
    projlen=60: 110878 braids
    projlen=61: 299770 braids
    projlen=62: 185899 braids
    projlen=63: 352215 braids
    projlen=64: 169273 braids
    projlen=65: 347135 braids
    projlen=66: 171123 braids
    projlen=67: 341214 braids
    projlen=68: 183497 braids
    projlen=69: 331725 braids
    projlen=70: 197614 braids
    projlen=71: 320870 braids
    projlen=72: 219846 braids
    projlen=73: 309096 braids
    projlen=74: 233821 braids
    projlen=75: 301011 braids
    projlen=76: 237965 braids
    projlen=77: 293789 braids
    projlen=78: 232314 braids
    projlen=79: 104827 braids
  Braids kept: 1096324 (in 30 buckets, 1.69 GB CPU)
  ⚡ Timing: matmul=0.14s, sampling=5.68s, total=9.05s
============================================================
Level 78 - SAMPLING
============================================================
  Starting braids: 996324
  Candidates to generate: 5320556
  Processing in 54 chunks...
  Projlen distribution:
    projlen=50: 6 braids
    projlen=51: 6 braids
    projlen=52: 37 braids
    projlen=53: 71 braids
    projlen=54: 200 braids
    projlen=55: 935 braids
    projlen=56: 1635 braids
    projlen=57: 10047 braids
    projlen=58: 11708 braids
    projlen=59: 112245 braids
    projlen=60: 87199 braids
    projlen=61: 287559 braids
    projlen=62: 187701 braids
    projlen=63: 355031 braids
    projlen=64: 181340 braids
    projlen=65: 348451 braids
    projlen=66: 170384 braids
    projlen=67: 342677 braids
    projlen=68: 174712 braids
    projlen=69: 335238 braids
    projlen=70: 189506 braids
    projlen=71: 326210 braids
    projlen=72: 206283 braids
    projlen=73: 315546 braids
    projlen=74: 226313 braids
    projlen=75: 303905 braids
    projlen=76: 240943 braids
    projlen=77: 295323 braids
    projlen=78: 243655 braids
    projlen=79: 272766 braids
    projlen=80: 92924 braids
  Braids kept: 1124645 (in 31 buckets, 1.76 GB CPU)
  ⚡ Timing: matmul=0.14s, sampling=6.04s, total=9.53s
============================================================
Level 79 - SAMPLING
============================================================
  Starting braids: 974645
  Candidates to generate: 5202487
  Processing in 53 chunks...
  Projlen distribution:
    projlen=52: 42 braids
    projlen=53: 39 braids
    projlen=54: 260 braids
    projlen=55: 596 braids
    projlen=56: 1226 braids
    projlen=57: 6578 braids
    projlen=58: 8561 braids
    projlen=59: 53959 braids
    projlen=60: 51632 braids
    projlen=61: 263688 braids
    projlen=62: 197116 braids
    projlen=63: 352661 braids
    projlen=64: 184972 braids
    projlen=65: 349392 braids
    projlen=66: 178248 braids
    projlen=67: 342352 braids
    projlen=68: 175139 braids
    projlen=69: 338372 braids
    projlen=70: 181870 braids
    projlen=71: 331755 braids
    projlen=72: 198157 braids
    projlen=73: 321668 braids
    projlen=74: 215134 braids
    projlen=75: 310580 braids
    projlen=76: 233249 braids
    projlen=77: 297068 braids
    projlen=78: 243885 braids
    projlen=79: 271011 braids
    projlen=80: 93277 braids
  Braids kept: 1117302 (in 29 buckets, 1.75 GB CPU)
  ⚡ Timing: matmul=0.13s, sampling=5.90s, total=9.33s
============================================================
Level 80 - SAMPLING
============================================================
  Starting braids: 967302
  Candidates to generate: 5176176
  Processing in 52 chunks...
  Projlen distribution:
    projlen=53: 5 braids
    projlen=54: 249 braids
    projlen=55: 340 braids
    projlen=56: 1501 braids
    projlen=57: 4338 braids
    projlen=58: 6754 braids
    projlen=59: 37562 braids
    projlen=60: 41530 braids
    projlen=61: 249186 braids
    projlen=62: 215656 braids
    projlen=63: 346458 braids
    projlen=64: 197733 braids
    projlen=65: 344986 braids
    projlen=66: 182513 braids
    projlen=67: 341602 braids
    projlen=68: 181921 braids
    projlen=69: 336983 braids
    projlen=70: 181729 braids
    projlen=71: 333319 braids
    projlen=72: 190022 braids
    projlen=73: 326055 braids
    projlen=74: 206754 braids
    projlen=75: 316559 braids
    projlen=76: 223401 braids
    projlen=77: 305341 braids
    projlen=78: 236483 braids
    projlen=79: 274558 braids
    projlen=80: 92638 braids
  Braids kept: 1092279 (in 28 buckets, 1.72 GB CPU)
  ⚡ Timing: matmul=0.15s, sampling=5.73s, total=9.13s
============================================================
Level 81 - SAMPLING
============================================================
  Starting braids: 992279
  Candidates to generate: 5314783
  Processing in 54 chunks...
  Projlen distribution:
    projlen=53: 3 braids
    projlen=54: 24 braids
    projlen=55: 120 braids
    projlen=56: 1401 braids
    projlen=57: 2520 braids
    projlen=58: 8212 braids
    projlen=59: 25790 braids
    projlen=60: 34813 braids
    projlen=61: 187022 braids
    projlen=62: 180277 braids
    projlen=63: 319924 braids
    projlen=64: 217953 braids
    projlen=65: 335049 braids
    projlen=66: 195153 braids
    projlen=67: 337546 braids
    projlen=68: 187414 braids
    projlen=69: 334354 braids
    projlen=70: 188687 braids
    projlen=71: 330767 braids
    projlen=72: 190290 braids
    projlen=73: 328738 braids
    projlen=74: 198802 braids
    projlen=75: 320648 braids
    projlen=76: 215380 braids
    projlen=77: 310129 braids
    projlen=78: 230637 braids
    projlen=79: 297843 braids
    projlen=80: 230238 braids
    projlen=81: 105049 braids
  Braids kept: 1122883 (in 29 buckets, 1.79 GB CPU)
  ⚡ Timing: matmul=0.14s, sampling=6.04s, total=9.54s
============================================================
Level 82 - SAMPLING
============================================================
  Starting braids: 972883
  Candidates to generate: 5220267
  Processing in 53 chunks...
  Projlen distribution:
    projlen=53: 1 braids
    projlen=54: 7 braids
    projlen=55: 67 braids
    projlen=56: 246 braids
    projlen=57: 1132 braids
    projlen=58: 7531 braids
    projlen=59: 15620 braids
    projlen=60: 42092 braids
    projlen=61: 129631 braids
    projlen=62: 154531 braids
    projlen=63: 297213 braids
    projlen=64: 228094 braids
    projlen=65: 327928 braids
    projlen=66: 215055 braids
    projlen=67: 328123 braids
    projlen=68: 202191 braids
    projlen=69: 328355 braids
    projlen=70: 195409 braids
    projlen=71: 326847 braids
    projlen=72: 196981 braids
    projlen=73: 325333 braids
    projlen=74: 200606 braids
    projlen=75: 321912 braids
    projlen=76: 206937 braids
    projlen=77: 315056 braids
    projlen=78: 222940 braids
    projlen=79: 300573 braids
    projlen=80: 224387 braids
    projlen=81: 105469 braids
  Braids kept: 1116696 (in 29 buckets, 1.78 GB CPU)
  ⚡ Timing: matmul=0.14s, sampling=5.93s, total=9.40s
============================================================
Level 83 - SAMPLING
============================================================
  Starting braids: 966696
  Candidates to generate: 5219962
  Processing in 53 chunks...
  Projlen distribution:
    projlen=53: 5 braids
    projlen=54: 6 braids
    projlen=55: 47 braids
    projlen=56: 82 braids
    projlen=57: 566 braids
    projlen=58: 1891 braids
    projlen=59: 7906 braids
    projlen=60: 38004 braids
    projlen=61: 80245 braids
    projlen=62: 187895 braids
    projlen=63: 288836 braids
    projlen=64: 249945 braids
    projlen=65: 318581 braids
    projlen=66: 226074 braids
    projlen=67: 319300 braids
    projlen=68: 219056 braids
    projlen=69: 319719 braids
    projlen=70: 213167 braids
    projlen=71: 319850 braids
    projlen=72: 205689 braids
    projlen=73: 321254 braids
    projlen=74: 207743 braids
    projlen=75: 318755 braids
    projlen=76: 211287 braids
    projlen=77: 315571 braids
    projlen=78: 216050 braids
    projlen=79: 306429 braids
    projlen=80: 219101 braids
    projlen=81: 106908 braids
  Braids kept: 1098507 (in 29 buckets, 1.76 GB CPU)
  ⚡ Timing: matmul=0.13s, sampling=5.97s, total=9.42s
============================================================
Level 84 - SAMPLING
============================================================
  Starting braids: 998507
  Candidates to generate: 5435059
  Processing in 55 chunks...
  Projlen distribution:
    projlen=52: 2 braids
    projlen=53: 4 braids
    projlen=54: 10 braids
    projlen=55: 43 braids
    projlen=56: 57 braids
    projlen=57: 440 braids
    projlen=58: 665 braids
    projlen=59: 4155 braids
    projlen=60: 11894 braids
    projlen=61: 42659 braids
    projlen=62: 169405 braids
    projlen=63: 254581 braids
    projlen=64: 291598 braids
    projlen=65: 291809 braids
    projlen=66: 250341 braids
    projlen=67: 308774 braids
    projlen=68: 231042 braids
    projlen=69: 312608 braids
    projlen=70: 227299 braids
    projlen=71: 311331 braids
    projlen=72: 223621 braids
    projlen=73: 312414 braids
    projlen=74: 216936 braids
    projlen=75: 314703 braids
    projlen=76: 218060 braids
    projlen=77: 312341 braids
    projlen=78: 222146 braids
    projlen=79: 308450 braids
    projlen=80: 224947 braids
    projlen=81: 282608 braids
    projlen=82: 90116 braids
  Braids kept: 1109929 (in 31 buckets, 1.80 GB CPU)
  ⚡ Timing: matmul=0.14s, sampling=5.98s, total=9.50s
============================================================
Level 85 - SAMPLING
============================================================
  Starting braids: 959929
  Candidates to generate: 5253629
  Processing in 53 chunks...
  Projlen distribution:
    projlen=53: 7 braids
    projlen=54: 9 braids
    projlen=55: 50 braids
    projlen=56: 53 braids
    projlen=57: 326 braids
    projlen=58: 458 braids
    projlen=59: 3082 braids
    projlen=60: 4528 braids
    projlen=61: 24310 braids
    projlen=62: 60015 braids
    projlen=63: 187702 braids
    projlen=64: 287016 braids
    projlen=65: 275901 braids
    projlen=66: 281896 braids
    projlen=67: 281664 braids
    projlen=68: 256874 braids
    projlen=69: 299417 braids
    projlen=70: 238412 braids
    projlen=71: 303907 braids
    projlen=72: 235267 braids
    projlen=73: 303816 braids
    projlen=74: 233421 braids
    projlen=75: 305439 braids
    projlen=76: 228966 braids
    projlen=77: 307544 braids
    projlen=78: 228074 braids
    projlen=79: 306093 braids
    projlen=80: 229562 braids
    projlen=81: 279779 braids
    projlen=82: 90041 braids
  Braids kept: 1082823 (in 30 buckets, 1.77 GB CPU)
  ⚡ Timing: matmul=0.15s, sampling=5.87s, total=9.28s
============================================================
Level 86 - SAMPLING
============================================================
  Starting braids: 982823
  Candidates to generate: 5395455
  Processing in 54 chunks...
  Projlen distribution:
    projlen=53: 3 braids
    projlen=54: 3 braids
    projlen=55: 63 braids
    projlen=56: 52 braids
    projlen=57: 337 braids
    projlen=58: 363 braids
    projlen=59: 2182 braids
    projlen=60: 3128 braids
    projlen=61: 18037 braids
    projlen=62: 25309 braids
    projlen=63: 117082 braids
    projlen=64: 227589 braids
    projlen=65: 301061 braids
    projlen=66: 286590 braids
    projlen=67: 270577 braids
    projlen=68: 280831 braids
    projlen=69: 277546 braids
    projlen=70: 262026 braids
    projlen=71: 291833 braids
    projlen=72: 245441 braids
    projlen=73: 297238 braids
    projlen=74: 242638 braids
    projlen=75: 298578 braids
    projlen=76: 242129 braids
    projlen=77: 299934 braids
    projlen=78: 238496 braids
    projlen=79: 300707 braids
    projlen=80: 236463 braids
    projlen=81: 297002 braids
    projlen=82: 227044 braids
    projlen=83: 105173 braids
  Braids kept: 1099477 (in 31 buckets, 1.82 GB CPU)
  ⚡ Timing: matmul=0.16s, sampling=6.03s, total=9.55s
============================================================
Level 87 - SAMPLING
============================================================
  Starting braids: 999477
  Candidates to generate: 5496325
  Processing in 55 chunks...
  Projlen distribution:
    projlen=55: 24 braids
    projlen=56: 29 braids
    projlen=57: 366 braids
    projlen=58: 336 braids
    projlen=59: 2022 braids
    projlen=60: 2244 braids
    projlen=61: 13052 braids
    projlen=62: 17954 braids
    projlen=63: 90543 braids
    projlen=64: 114862 braids
    projlen=65: 258798 braids
    projlen=66: 280574 braids
    projlen=67: 287083 braids
    projlen=68: 274253 braids
    projlen=69: 271818 braids
    projlen=70: 278720 braids
    projlen=71: 274281 braids
    projlen=72: 265376 braids
    projlen=73: 285761 braids
    projlen=74: 252350 braids
    projlen=75: 291549 braids
    projlen=76: 249812 braids
    projlen=77: 293104 braids
    projlen=78: 246961 braids
    projlen=79: 294884 braids
    projlen=80: 245817 braids
    projlen=81: 293291 braids
    projlen=82: 242528 braids
    projlen=83: 274623 braids
    projlen=84: 93310 braids
  Braids kept: 1136027 (in 30 buckets, 1.89 GB CPU)
  ⚡ Timing: matmul=0.17s, sampling=6.25s, total=9.87s
============================================================
Level 88 - SAMPLING
============================================================
  Starting braids: 986027
  Candidates to generate: 5425129
  Processing in 55 chunks...
  Projlen distribution:
    projlen=55: 3 braids
    projlen=56: 4 braids
    projlen=57: 165 braids
    projlen=58: 155 braids
    projlen=59: 2069 braids
    projlen=60: 1899 braids
    projlen=61: 11346 braids
    projlen=62: 12796 braids
    projlen=63: 67478 braids
    projlen=64: 83465 braids
    projlen=65: 253047 braids
    projlen=66: 248178 braids
    projlen=67: 311531 braids
    projlen=68: 265170 braids
    projlen=69: 282477 braids
    projlen=70: 272780 braids
    projlen=71: 272002 braids
    projlen=72: 274559 braids
    projlen=73: 272289 braids
    projlen=74: 268914 braids
    projlen=75: 280853 braids
    projlen=76: 258371 braids
    projlen=77: 286903 braids
    projlen=78: 254923 braids
    projlen=79: 287919 braids
    projlen=80: 253397 braids
    projlen=81: 289502 braids
    projlen=82: 249634 braids
    projlen=83: 269477 braids
    projlen=84: 93823 braids
  Braids kept: 1128437 (in 30 buckets, 1.89 GB CPU)
  ⚡ Timing: matmul=0.14s, sampling=6.21s, total=9.79s
============================================================
Level 89 - SAMPLING
============================================================
  Starting braids: 978437
  Candidates to generate: 5381637
  Processing in 54 chunks...
  Projlen distribution:
    projlen=55: 5 braids
    projlen=56: 10 braids
    projlen=57: 28 braids
    projlen=58: 61 braids
    projlen=59: 1028 braids
    projlen=60: 950 braids
    projlen=61: 11048 braids
    projlen=62: 10358 braids
    projlen=63: 58123 braids
    projlen=64: 61661 braids
    projlen=65: 244422 braids
    projlen=66: 244381 braids
    projlen=67: 321399 braids
    projlen=68: 244868 braids
    projlen=69: 301966 braids
    projlen=70: 256932 braids
    projlen=71: 282831 braids
    projlen=72: 270934 braids
    projlen=73: 271206 braids
    projlen=74: 272611 braids
    projlen=75: 271964 braids
    projlen=76: 269838 braids
    projlen=77: 278090 braids
    projlen=78: 262888 braids
    projlen=79: 282973 braids
    projlen=80: 260060 braids
    projlen=81: 285147 braids
    projlen=82: 254911 braids
    projlen=83: 265911 braids
    projlen=84: 95033 braids
  Braids kept: 1123488 (in 30 buckets, 1.89 GB CPU)
  ⚡ Timing: matmul=0.16s, sampling=6.20s, total=9.75s
============================================================
Level 90 - SAMPLING
============================================================
  Starting braids: 973488
  Candidates to generate: 5341076
  Processing in 54 chunks...
  Projlen distribution:
    projlen=55: 6 braids
    projlen=56: 6 braids
    projlen=57: 57 braids
    projlen=58: 56 braids
    projlen=59: 278 braids
    projlen=60: 411 braids
    projlen=61: 5879 braids
    projlen=62: 5581 braids
    projlen=63: 56101 braids
    projlen=64: 50778 braids
    projlen=65: 242727 braids
    projlen=66: 229376 braids
    projlen=67: 327292 braids
    projlen=68: 242080 braids
    projlen=69: 310411 braids
    projlen=70: 241625 braids
    projlen=71: 298457 braids
    projlen=72: 254842 braids
    projlen=73: 281114 braids
    projlen=74: 268983 braids
    projlen=75: 272117 braids
    projlen=76: 272689 braids
    projlen=77: 270771 braids
    projlen=78: 270945 braids
    projlen=79: 275288 braids
    projlen=80: 265115 braids
    projlen=81: 279334 braids
    projlen=82: 259786 braids
    projlen=83: 262564 braids
    projlen=84: 96407 braids
  Braids kept: 1112274 (in 30 buckets, 1.87 GB CPU)
  ⚡ Timing: matmul=0.14s, sampling=6.14s, total=9.67s
============================================================
Level 91 - SAMPLING
============================================================
  Starting braids: 962274
  Candidates to generate: 5274670
  Processing in 53 chunks...
  Projlen distribution:
    projlen=56: 3 braids
    projlen=57: 51 braids
    projlen=58: 43 braids
    projlen=59: 386 braids
    projlen=60: 334 braids
    projlen=61: 2064 braids
    projlen=62: 2696 braids
    projlen=63: 31254 braids
    projlen=64: 28710 braids
    projlen=65: 242364 braids
    projlen=66: 210005 braids
    projlen=67: 334535 braids
    projlen=68: 232403 braids
    projlen=69: 316257 braids
    projlen=70: 236561 braids
    projlen=71: 306537 braids
    projlen=72: 245097 braids
    projlen=73: 294726 braids
    projlen=74: 256839 braids
    projlen=75: 280824 braids
    projlen=76: 268600 braids
    projlen=77: 272895 braids
    projlen=78: 273332 braids
    projlen=79: 271578 braids
    projlen=80: 271746 braids
    projlen=81: 274183 braids
    projlen=82: 265219 braids
    projlen=83: 258452 braids
    projlen=84: 96976 braids
  Braids kept: 1065541 (in 29 buckets, 1.81 GB CPU)
  ⚡ Timing: matmul=0.15s, sampling=6.12s, total=9.63s
============================================================
Level 92 - SAMPLING
============================================================
  Starting braids: 965541
  Candidates to generate: 5278095
  Processing in 53 chunks...
  Projlen distribution:
    projlen=57: 16 braids
    projlen=58: 27 braids
    projlen=59: 312 braids
    projlen=60: 245 braids
    projlen=61: 2220 braids
    projlen=62: 2051 braids
    projlen=63: 12929 braids
    projlen=64: 15202 braids
    projlen=65: 150645 braids
    projlen=66: 124538 braids
    projlen=67: 294549 braids
    projlen=68: 214665 braids
    projlen=69: 325592 braids
    projlen=70: 226345 braids
    projlen=71: 310363 braids
    projlen=72: 239179 braids
    projlen=73: 299898 braids
    projlen=74: 247705 braids
    projlen=75: 291033 braids
    projlen=76: 259219 braids
    projlen=77: 280778 braids
    projlen=78: 268673 braids
    projlen=79: 272909 braids
    projlen=80: 273304 braids
    projlen=81: 270760 braids
    projlen=82: 272206 braids
    projlen=83: 270732 braids
    projlen=84: 252815 braids
    projlen=85: 99185 braids
  Braids kept: 1083002 (in 29 buckets, 1.86 GB CPU)
  ⚡ Timing: matmul=0.15s, sampling=6.26s, total=9.79s
============================================================
Level 93 - SAMPLING
============================================================
  Starting braids: 983002
  Candidates to generate: 5369262
  Processing in 54 chunks...
  Projlen distribution:
    projlen=56: 1 braids
    projlen=57: 5 braids
    projlen=58: 14 braids
    projlen=59: 140 braids
    projlen=60: 189 braids
    projlen=61: 1685 braids
    projlen=62: 1382 braids
    projlen=63: 12285 braids
    projlen=64: 11218 braids
    projlen=65: 67608 braids
    projlen=66: 67438 braids
    projlen=67: 265790 braids
    projlen=68: 207201 braids
    projlen=69: 338217 braids
    projlen=70: 212028 braids
    projlen=71: 320765 braids
    projlen=72: 228164 braids
    projlen=73: 304910 braids
    projlen=74: 243787 braids
    projlen=75: 294791 braids
    projlen=76: 251749 braids
    projlen=77: 287225 braids
    projlen=78: 260602 braids
    projlen=79: 280450 braids
    projlen=80: 268752 braids
    projlen=81: 273468 braids
    projlen=82: 273216 braids
    projlen=83: 271226 braids
    projlen=84: 270182 braids
    projlen=85: 255749 braids
    projlen=86: 99025 braids
  Braids kept: 1126919 (in 31 buckets, 1.95 GB CPU)
  ⚡ Timing: matmul=0.15s, sampling=6.49s, total=10.13s
============================================================
Level 94 - SAMPLING
============================================================
  Starting braids: 976919
  Candidates to generate: 5337639
  Processing in 54 chunks...
  Projlen distribution:
    projlen=57: 4 braids
    projlen=58: 4 braids
    projlen=59: 66 braids
    projlen=60: 87 braids
    projlen=61: 1033 braids
    projlen=62: 1030 braids
    projlen=63: 9253 braids
    projlen=64: 7205 braids
    projlen=65: 62726 braids
    projlen=66: 53528 braids
    projlen=67: 253559 braids
    projlen=68: 224927 braids
    projlen=69: 340466 braids
    projlen=70: 208579 braids
    projlen=71: 329401 braids
    projlen=72: 211506 braids
    projlen=73: 315567 braids
    projlen=74: 232948 braids
    projlen=75: 300165 braids
    projlen=76: 248019 braids
    projlen=77: 289612 braids
    projlen=78: 255850 braids
    projlen=79: 284522 braids
    projlen=80: 261727 braids
    projlen=81: 279010 braids
    projlen=82: 268740 braids
    projlen=83: 273869 braids
    projlen=84: 269703 braids
    projlen=85: 255990 braids
    projlen=86: 98543 braids
  Braids kept: 1118682 (in 30 buckets, 1.94 GB CPU)
  ⚡ Timing: matmul=0.14s, sampling=6.54s, total=10.19s
============================================================
Level 95 - SAMPLING
============================================================
  Starting braids: 968682
  Candidates to generate: 5280194
  Processing in 53 chunks...
  Projlen distribution:
    projlen=57: 3 braids
    projlen=58: 3 braids
    projlen=59: 40 braids
    projlen=60: 42 braids
    projlen=61: 528 braids
    projlen=62: 575 braids
    projlen=63: 6460 braids
    projlen=64: 5506 braids
    projlen=65: 47421 braids
    projlen=66: 34518 braids
    projlen=67: 249111 braids
    projlen=68: 206035 braids
    projlen=69: 341350 braids
    projlen=70: 224501 braids
    projlen=71: 328188 braids
    projlen=72: 209422 braids
    projlen=73: 323941 braids
    projlen=74: 217078 braids
    projlen=75: 310032 braids
    projlen=76: 237299 braids
    projlen=77: 296090 braids
    projlen=78: 252475 braids
    projlen=79: 286697 braids
    projlen=80: 259614 braids
    projlen=81: 281363 braids
    projlen=82: 264018 braids
    projlen=83: 277562 braids
    projlen=84: 265567 braids
    projlen=85: 256615 braids
    projlen=86: 98140 braids
  Braids kept: 1095096 (in 30 buckets, 1.91 GB CPU)
  ⚡ Timing: matmul=0.16s, sampling=6.28s, total=9.86s
============================================================
Level 96 - SAMPLING
============================================================
  Starting braids: 995096
  Candidates to generate: 5407492
  Processing in 55 chunks...
  Projlen distribution:
    projlen=59: 25 braids
    projlen=60: 31 braids
    projlen=61: 295 braids
    projlen=62: 329 braids
    projlen=63: 3567 braids
    projlen=64: 3280 braids
    projlen=65: 35559 braids
    projlen=66: 27221 braids
    projlen=67: 226944 braids
    projlen=68: 151611 braids
    projlen=69: 311388 braids
    projlen=70: 207970 braids
    projlen=71: 331593 braids
    projlen=72: 217246 braids
    projlen=73: 320358 braids
    projlen=74: 217193 braids
    projlen=75: 315838 braids
    projlen=76: 224636 braids
    projlen=77: 304241 braids
    projlen=78: 242153 braids
    projlen=79: 292618 braids
    projlen=80: 255772 braids
    projlen=81: 284589 braids
    projlen=82: 262458 braids
    projlen=83: 279052 braids
    projlen=84: 265745 braids
    projlen=85: 274333 braids
    projlen=86: 251499 braids
    projlen=87: 99948 braids
  Braids kept: 1120307 (in 29 buckets, 1.97 GB CPU)
  ⚡ Timing: matmul=0.14s, sampling=6.55s, total=10.27s
============================================================
Level 97 - SAMPLING
============================================================
  Starting braids: 970307
  Candidates to generate: 5260079
  Processing in 53 chunks...
  Projlen distribution:
    projlen=60: 12 braids
    projlen=61: 177 braids
    projlen=62: 224 braids
    projlen=63: 2092 braids
    projlen=64: 2098 braids
    projlen=65: 20841 braids
    projlen=66: 16786 braids
    projlen=67: 172355 braids
    projlen=68: 117477 braids
    projlen=69: 300329 braids
    projlen=70: 184962 braids
    projlen=71: 345340 braids
    projlen=72: 202904 braids
    projlen=73: 325394 braids
    projlen=74: 220431 braids
    projlen=75: 313260 braids
    projlen=76: 225928 braids
    projlen=77: 308556 braids
    projlen=78: 232292 braids
    projlen=79: 300672 braids
    projlen=80: 248114 braids
    projlen=81: 289843 braids
    projlen=82: 258323 braids
    projlen=83: 282682 braids
    projlen=84: 264602 braids
    projlen=85: 274130 braids
    projlen=86: 251135 braids
    projlen=87: 99120 braids
  Braids kept: 1092230 (in 28 buckets, 1.93 GB CPU)
  ⚡ Timing: matmul=0.15s, sampling=6.45s, total=10.05s
============================================================
Level 98 - SAMPLING
============================================================
  Starting braids: 992230
  Candidates to generate: 5370788
  Processing in 54 chunks...
  Projlen distribution:
    projlen=60: 8 braids
    projlen=61: 33 braids
    projlen=62: 106 braids
    projlen=63: 1278 braids
    projlen=64: 1317 braids
    projlen=65: 13095 braids
    projlen=66: 11142 braids
    projlen=67: 102669 braids
    projlen=68: 71982 braids
    projlen=69: 279138 braids
    projlen=70: 184668 braids
    projlen=71: 353514 braids
    projlen=72: 181284 braids
    projlen=73: 340260 braids
    projlen=74: 202183 braids
    projlen=75: 321283 braids
    projlen=76: 226833 braids
    projlen=77: 306446 braids
    projlen=78: 234875 braids
    projlen=79: 302279 braids
    projlen=80: 239893 braids
    projlen=81: 295789 braids
    projlen=82: 251829 braids
    projlen=83: 287050 braids
    projlen=84: 260628 braids
    projlen=85: 280002 braids
    projlen=86: 263453 braids
    projlen=87: 259492 braids
    projlen=88: 98259 braids
  Braids kept: 1126979 (in 29 buckets, 2.01 GB CPU)
  ⚡ Timing: matmul=0.15s, sampling=6.67s, total=10.40s
============================================================
Level 99 - SAMPLING
============================================================
  Starting braids: 976979
  Candidates to generate: 5270921
  Processing in 53 chunks...
  Projlen distribution:
    projlen=61: 28 braids
    projlen=62: 49 braids
    projlen=63: 497 braids
    projlen=64: 682 braids
    projlen=65: 8077 braids
    projlen=66: 6924 braids
    projlen=67: 67270 braids
    projlen=68: 49666 braids
    projlen=69: 264707 braids
    projlen=70: 185118 braids
    projlen=71: 355347 braids
    projlen=72: 182371 braids
    projlen=73: 348383 braids
    projlen=74: 179060 braids
    projlen=75: 334343 braids
    projlen=76: 206692 braids
    projlen=77: 315449 braids
    projlen=78: 231442 braids
    projlen=79: 301131 braids
    projlen=80: 242244 braids
    projlen=81: 297090 braids
    projlen=82: 246386 braids
    projlen=83: 291630 braids
    projlen=84: 255513 braids
    projlen=85: 284195 braids
    projlen=86: 259912 braids
    projlen=87: 260129 braids
    projlen=88: 96586 braids
  Braids kept: 1115923 (in 28 buckets, 2.00 GB CPU)
  ⚡ Timing: matmul=0.15s, sampling=6.53s, total=10.20s
============================================================
Level 100 - SAMPLING
============================================================
  Starting braids: 965923
  Candidates to generate: 5201571
  Processing in 53 chunks...
  Projlen distribution:
    projlen=61: 14 braids
    projlen=62: 17 braids
    projlen=63: 317 braids
    projlen=64: 380 braids
    projlen=65: 3994 braids
    projlen=66: 3922 braids
    projlen=67: 43082 braids
    projlen=68: 32511 braids
    projlen=69: 256032 braids
    projlen=70: 186466 braids
    projlen=71: 353809 braids
    projlen=72: 186222 braids
    projlen=73: 348826 braids
    projlen=74: 176664 braids
    projlen=75: 342578 braids
    projlen=76: 183123 braids
    projlen=77: 328643 braids
    projlen=78: 211950 braids
    projlen=79: 311559 braids
    projlen=80: 236522 braids
    projlen=81: 297606 braids
    projlen=82: 248189 braids
    projlen=83: 292536 braids
    projlen=84: 252706 braids
    projlen=85: 287765 braids
    projlen=86: 256148 braids
    projlen=87: 263696 braids
    projlen=88: 96294 braids
  Braids kept: 1084237 (in 28 buckets, 1.95 GB CPU)
  ⚡ Timing: matmul=0.13s, sampling=6.40s, total=10.02s
============================================================
Level 101 - SAMPLING
============================================================
  Starting braids: 984237
  Candidates to generate: 5285431
  Processing in 53 chunks...
  Projlen distribution:
    projlen=61: 3 braids
    projlen=62: 6 braids
    projlen=63: 141 braids
    projlen=64: 157 braids
    projlen=65: 2465 braids
    projlen=66: 2404 braids
    projlen=67: 24530 braids
    projlen=68: 20134 braids
    projlen=69: 208806 braids
    projlen=70: 140334 braids
    projlen=71: 312829 braids
    projlen=72: 188633 braids
    projlen=73: 347414 braids
    projlen=74: 179553 braids
    projlen=75: 343616 braids
    projlen=76: 179675 braids
    projlen=77: 335486 braids
    projlen=78: 189380 braids
    projlen=79: 323601 braids
    projlen=80: 217922 braids
    projlen=81: 306420 braids
    projlen=82: 241093 braids
    projlen=83: 293284 braids
    projlen=84: 252275 braids
    projlen=85: 288896 braids
    projlen=86: 257098 braids
    projlen=87: 282596 braids
    projlen=88: 245325 braids
    projlen=89: 101355 braids
  Braids kept: 1099840 (in 29 buckets, 2.00 GB CPU)
  ⚡ Timing: matmul=0.16s, sampling=6.53s, total=10.23s
============================================================
Level 102 - SAMPLING
============================================================
  Starting braids: 999840
  Candidates to generate: 5363804
  Processing in 54 chunks...
  Projlen distribution:
    projlen=61: 4 braids
    projlen=62: 5 braids
    projlen=63: 50 braids
    projlen=64: 78 braids
    projlen=65: 1080 braids
    projlen=66: 1158 braids
    projlen=67: 15364 braids
    projlen=68: 12909 braids
    projlen=69: 122808 braids
    projlen=70: 85467 braids
    projlen=71: 286890 braids
    projlen=72: 182777 braids
    projlen=73: 352299 braids
    projlen=74: 183787 braids
    projlen=75: 342914 braids
    projlen=76: 182077 braids
    projlen=77: 336121 braids
    projlen=78: 185860 braids
    projlen=79: 329628 braids
    projlen=80: 197883 braids
    projlen=81: 319511 braids
    projlen=82: 224101 braids
    projlen=83: 303350 braids
    projlen=84: 246114 braids
    projlen=85: 290546 braids
    projlen=86: 256449 braids
    projlen=87: 285127 braids
    projlen=88: 258264 braids
    projlen=89: 264805 braids
    projlen=90: 96378 braids
  Braids kept: 1130648 (in 30 buckets, 2.08 GB CPU)
  ⚡ Timing: matmul=0.15s, sampling=6.76s, total=10.53s
============================================================
Level 103 - SAMPLING
============================================================
  Starting braids: 980648
  Candidates to generate: 5247604
  Processing in 53 chunks...
  Projlen distribution:
    projlen=61: 3 braids
    projlen=62: 5 braids
    projlen=63: 40 braids
    projlen=64: 59 braids
    projlen=65: 521 braids
    projlen=66: 648 braids
    projlen=67: 7105 braids
    projlen=68: 6325 braids
    projlen=69: 78030 braids
    projlen=70: 56073 braids
    projlen=71: 271376 braids
    projlen=72: 184861 braids
    projlen=73: 356649 braids
    projlen=74: 179463 braids
    projlen=75: 347891 braids
    projlen=76: 181965 braids
    projlen=77: 337949 braids
    projlen=78: 188807 braids
    projlen=79: 329805 braids
    projlen=80: 193787 braids
    projlen=81: 323688 braids
    projlen=82: 207088 braids
    projlen=83: 312977 braids
    projlen=84: 229258 braids
    projlen=85: 300084 braids
    projlen=86: 250412 braids
    projlen=87: 286845 braids
    projlen=88: 256892 braids
    projlen=89: 263240 braids
    projlen=90: 95758 braids
  Braids kept: 1114706 (in 30 buckets, 2.06 GB CPU)
  ⚡ Timing: matmul=0.14s, sampling=6.71s, total=10.41s
============================================================
Level 104 - SAMPLING
============================================================
  Starting braids: 964706
  Candidates to generate: 5155106
  Processing in 52 chunks...
  Projlen distribution:
    projlen=62: 3 braids
    projlen=63: 29 braids
    projlen=64: 41 braids
    projlen=65: 378 braids
    projlen=66: 423 braids
    projlen=67: 4002 braids
    projlen=68: 3677 braids
    projlen=69: 38368 braids
    projlen=70: 29538 braids
    projlen=71: 257633 braids
    projlen=72: 183329 braids
    projlen=73: 356191 braids
    projlen=74: 183263 braids
    projlen=75: 350925 braids
    projlen=76: 173192 braids
    projlen=77: 342966 braids
    projlen=78: 185476 braids
    projlen=79: 331127 braids
    projlen=80: 196248 braids
    projlen=81: 324710 braids
    projlen=82: 204034 braids
    projlen=83: 317811 braids
    projlen=84: 216875 braids
    projlen=85: 309338 braids
    projlen=86: 236161 braids
    projlen=87: 295565 braids
    projlen=88: 251390 braids
    projlen=89: 267168 braids
    projlen=90: 95245 braids
  Braids kept: 1076459 (in 29 buckets, 2.00 GB CPU)
  ⚡ Timing: matmul=0.15s, sampling=6.48s, total=10.14s
============================================================
Level 105 - SAMPLING
============================================================
  Starting braids: 976459
  Candidates to generate: 5218373
  Processing in 53 chunks...
  Projlen distribution:
    projlen=62: 4 braids
    projlen=63: 10 braids
    projlen=64: 28 braids
    projlen=65: 245 braids
    projlen=66: 316 braids
    projlen=67: 2772 braids
    projlen=68: 2568 braids
    projlen=69: 23778 braids
    projlen=70: 18818 braids
    projlen=71: 188453 braids
    projlen=72: 128093 braids
    projlen=73: 309624 braids
    projlen=74: 182983 braids
    projlen=75: 351830 braids
    projlen=76: 176055 braids
    projlen=77: 346245 braids
    projlen=78: 175706 braids
    projlen=79: 337462 braids
    projlen=80: 191013 braids
    projlen=81: 326351 braids
    projlen=82: 204877 braids
    projlen=83: 318419 braids
    projlen=84: 214507 braids
    projlen=85: 312730 braids
    projlen=86: 226533 braids
    projlen=87: 303915 braids
    projlen=88: 240943 braids
    projlen=89: 290626 braids
    projlen=90: 240681 braids
    projlen=91: 102788 braids
  Braids kept: 1098539 (in 30 buckets, 2.06 GB CPU)
  ⚡ Timing: matmul=0.14s, sampling=6.68s, total=10.42s
============================================================
Level 106 - SAMPLING
============================================================
  Starting braids: 998539
  Candidates to generate: 5336949
  Processing in 54 chunks...
  Projlen distribution:
    projlen=62: 3 braids
    projlen=63: 18 braids
    projlen=64: 31 braids
    projlen=65: 141 braids
    projlen=66: 184 braids
    projlen=67: 1877 braids
    projlen=68: 1891 braids
    projlen=69: 16840 braids
    projlen=70: 13356 braids
    projlen=71: 119852 braids
    projlen=72: 81135 braids
    projlen=73: 284880 braids
    projlen=74: 184603 braids
    projlen=75: 355448 braids
    projlen=76: 177633 braids
    projlen=77: 346542 braids
    projlen=78: 177149 braids
    projlen=79: 339705 braids
    projlen=80: 181644 braids
    projlen=81: 332112 braids
    projlen=82: 198436 braids
    projlen=83: 320793 braids
    projlen=84: 214235 braids
    projlen=85: 312577 braids
    projlen=86: 223846 braids
    projlen=87: 307852 braids
    projlen=88: 234542 braids
    projlen=89: 298698 braids
    projlen=90: 245155 braids
    projlen=91: 271043 braids
    projlen=92: 94728 braids
  Braids kept: 1134341 (in 31 buckets, 2.14 GB CPU)
  ⚡ Timing: matmul=0.15s, sampling=6.93s, total=10.78s
============================================================
Level 107 - SAMPLING
============================================================
  Starting braids: 984341
  Candidates to generate: 5253765
  Processing in 53 chunks...
  Projlen distribution:
    projlen=63: 14 braids
    projlen=64: 22 braids
    projlen=65: 182 braids
    projlen=66: 188 braids
    projlen=67: 1222 braids
    projlen=68: 1225 braids
    projlen=69: 11846 braids
    projlen=70: 9897 braids
    projlen=71: 86625 braids
    projlen=72: 58979 braids
    projlen=73: 275383 braids
    projlen=74: 181513 braids
    projlen=75: 356639 braids
    projlen=76: 180491 braids
    projlen=77: 349135 braids
    projlen=78: 173672 braids
    projlen=79: 341580 braids
    projlen=80: 182124 braids
    projlen=81: 334686 braids
    projlen=82: 189487 braids
    projlen=83: 326998 braids
    projlen=84: 206363 braids
    projlen=85: 315529 braids
    projlen=86: 223621 braids
    projlen=87: 306807 braids
    projlen=88: 232419 braids
    projlen=89: 301278 braids
    projlen=90: 238981 braids
    projlen=91: 274470 braids
    projlen=92: 92389 braids
  Braids kept: 1124596 (in 30 buckets, 2.13 GB CPU)
  ⚡ Timing: matmul=0.15s, sampling=6.88s, total=10.72s
============================================================
Level 108 - SAMPLING
============================================================
  Starting braids: 974596
  Candidates to generate: 5196080
  Processing in 52 chunks...
  Projlen distribution:
    projlen=64: 4 braids
    projlen=65: 123 braids
    projlen=66: 143 braids
    projlen=67: 1236 braids
    projlen=68: 1152 braids
    projlen=69: 7988 braids
    projlen=70: 6634 braids
    projlen=71: 62608 braids
    projlen=72: 45530 braids
    projlen=73: 268195 braids
    projlen=74: 179929 braids
    projlen=75: 359455 braids
    projlen=76: 178549 braids
    projlen=77: 350854 braids
    projlen=78: 174127 braids
    projlen=79: 344238 braids
    projlen=80: 176753 braids
    projlen=81: 335838 braids
    projlen=82: 189088 braids
    projlen=83: 328345 braids
    projlen=84: 197988 braids
    projlen=85: 322117 braids
    projlen=86: 215603 braids
    projlen=87: 311306 braids
    projlen=88: 231998 braids
    projlen=89: 301620 braids
    projlen=90: 237816 braids
    projlen=91: 274921 braids
    projlen=92: 91922 braids
  Braids kept: 1112810 (in 29 buckets, 2.11 GB CPU)
  ⚡ Timing: matmul=0.16s, sampling=6.66s, total=10.40s
============================================================
Level 109 - SAMPLING
============================================================
  Starting braids: 962810
  Candidates to generate: 5126774
  Processing in 52 chunks...
  Projlen distribution:
    projlen=64: 1 braids
    projlen=65: 14 braids
    projlen=66: 34 braids
    projlen=67: 865 braids
    projlen=68: 833 braids
    projlen=69: 7418 braids
    projlen=70: 6154 braids
    projlen=71: 43785 braids
    projlen=72: 32455 braids
    projlen=73: 255982 braids
    projlen=74: 177152 braids
    projlen=75: 348120 braids
    projlen=76: 178086 braids
    projlen=77: 354170 braids
    projlen=78: 170359 braids
    projlen=79: 346577 braids
    projlen=80: 176130 braids
    projlen=81: 338313 braids
    projlen=82: 182952 braids
    projlen=83: 331223 braids
    projlen=84: 197229 braids
    projlen=85: 322036 braids
    projlen=86: 206916 braids
    projlen=87: 316001 braids
    projlen=88: 223134 braids
    projlen=89: 305716 braids
    projlen=90: 236735 braids
    projlen=91: 276192 braids
    projlen=92: 92192 braids
  Braids kept: 1091559 (in 29 buckets, 2.08 GB CPU)
  ⚡ Timing: matmul=0.13s, sampling=6.47s, total=10.14s
============================================================
Level 110 - SAMPLING
============================================================
  Starting braids: 991559
  Candidates to generate: 5277583
  Processing in 53 chunks...
  Projlen distribution:
    projlen=65: 7 braids
    projlen=66: 17 braids
    projlen=67: 199 braids
    projlen=68: 291 braids
    projlen=69: 5355 braids
    projlen=70: 4545 braids
    projlen=71: 40405 braids
    projlen=72: 30635 braids
    projlen=73: 216916 braids
    projlen=74: 143346 braids
    projlen=75: 317053 braids
    projlen=76: 184554 braids
    projlen=77: 354643 braids
    projlen=78: 170273 braids
    projlen=79: 350689 braids
    projlen=80: 170470 braids
    projlen=81: 341163 braids
    projlen=82: 180795 braids
    projlen=83: 333203 braids
    projlen=84: 190579 braids
    projlen=85: 325313 braids
    projlen=86: 205961 braids
    projlen=87: 317264 braids
    projlen=88: 217131 braids
    projlen=89: 310422 braids
    projlen=90: 231008 braids
    projlen=91: 298044 braids
    projlen=92: 231919 braids
    projlen=93: 105383 braids
  Braids kept: 1131454 (in 29 buckets, 2.18 GB CPU)
  ⚡ Timing: matmul=0.15s, sampling=6.77s, total=10.60s
============================================================
Level 111 - SAMPLING
============================================================
  Starting braids: 981454
  Candidates to generate: 5211510
  Processing in 53 chunks...
  Projlen distribution:
    projlen=65: 3 braids
    projlen=66: 8 braids
    projlen=67: 99 braids
    projlen=68: 141 braids
    projlen=69: 1745 braids
    projlen=70: 1864 braids
    projlen=71: 30162 braids
    projlen=72: 22672 braids
    projlen=73: 198325 braids
    projlen=74: 134246 braids
    projlen=75: 311636 braids
    projlen=76: 184516 braids
    projlen=77: 354462 braids
    projlen=78: 178579 braids
    projlen=79: 349367 braids
    projlen=80: 169673 braids
    projlen=81: 344571 braids
    projlen=82: 174037 braids
    projlen=83: 337039 braids
    projlen=84: 187462 braids
    projlen=85: 327932 braids
    projlen=86: 199449 braids
    projlen=87: 319779 braids
    projlen=88: 214502 braids
    projlen=89: 311497 braids
    projlen=90: 225903 braids
    projlen=91: 300750 braids
    projlen=92: 224949 braids
    projlen=93: 106142 braids
  Braids kept: 1106694 (in 29 buckets, 2.14 GB CPU)
  ⚡ Timing: matmul=0.13s, sampling=6.75s, total=10.51s
============================================================
Level 112 - SAMPLING
============================================================
  Starting braids: 956694
  Candidates to generate: 5070588
  Processing in 51 chunks...
  Projlen distribution:
    projlen=66: 3 braids
    projlen=67: 47 braids
    projlen=68: 86 braids
    projlen=69: 912 braids
    projlen=70: 1025 braids
    projlen=71: 11659 braids
    projlen=72: 9919 braids
    projlen=73: 148759 braids
    projlen=74: 98233 braids
    projlen=75: 294296 braids
    projlen=76: 185503 braids
    projlen=77: 352526 braids
    projlen=78: 179244 braids
    projlen=79: 347485 braids
    projlen=80: 175991 braids
    projlen=81: 344080 braids
    projlen=82: 173834 braids
    projlen=83: 339950 braids
    projlen=84: 180035 braids
    projlen=85: 332546 braids
    projlen=86: 195487 braids
    projlen=87: 323960 braids
    projlen=88: 209078 braids
    projlen=89: 315041 braids
    projlen=90: 222083 braids
    projlen=91: 302041 braids
    projlen=92: 221419 braids
    projlen=93: 105346 braids
  Braids kept: 1073651 (in 28 buckets, 2.08 GB CPU)
  ⚡ Timing: matmul=0.15s, sampling=6.39s, total=10.04s
============================================================
Level 113 - SAMPLING
============================================================
  Starting braids: 973651
  Candidates to generate: 5170303
  Processing in 52 chunks...
  Projlen distribution:
    projlen=66: 2 braids
    projlen=67: 12 braids
    projlen=68: 32 braids
    projlen=69: 509 braids
    projlen=70: 611 braids
    projlen=71: 6441 braids
    projlen=72: 5749 braids
    projlen=73: 61774 braids
    projlen=74: 43234 braids
    projlen=75: 269228 braids
    projlen=76: 177176 braids
    projlen=77: 358422 braids
    projlen=78: 181188 braids
    projlen=79: 347858 braids
    projlen=80: 178559 braids
    projlen=81: 341552 braids
    projlen=82: 179859 braids
    projlen=83: 337656 braids
    projlen=84: 179964 braids
    projlen=85: 334840 braids
    projlen=86: 187619 braids
    projlen=87: 328216 braids
    projlen=88: 204750 braids
    projlen=89: 317978 braids
    projlen=90: 217479 braids
    projlen=91: 309329 braids
    projlen=92: 229201 braids
    projlen=93: 279904 braids
    projlen=94: 91161 braids
  Braids kept: 1106590 (in 29 buckets, 2.17 GB CPU)
  ⚡ Timing: matmul=0.15s, sampling=6.61s, total=10.34s
============================================================
Level 114 - SAMPLING
============================================================
  Starting braids: 956590
  Candidates to generate: 5086996
  Processing in 51 chunks...
  Projlen distribution:
    projlen=66: 1 braids
    projlen=67: 13 braids
    projlen=68: 34 braids
    projlen=69: 189 braids
    projlen=70: 303 braids
    projlen=71: 3734 braids
    projlen=72: 3552 braids
    projlen=73: 36843 braids
    projlen=74: 27868 braids
    projlen=75: 256648 braids
    projlen=76: 170383 braids
    projlen=77: 347479 braids
    projlen=78: 173457 braids
    projlen=79: 353364 braids
    projlen=80: 175723 braids
    projlen=81: 341079 braids
    projlen=82: 182039 braids
    projlen=83: 336244 braids
    projlen=84: 187502 braids
    projlen=85: 332628 braids
    projlen=86: 187812 braids
    projlen=87: 329330 braids
    projlen=88: 196771 braids
    projlen=89: 322969 braids
    projlen=90: 213296 braids
    projlen=91: 311712 braids
    projlen=92: 224511 braids
    projlen=93: 281502 braids
    projlen=94: 90010 braids
  Braids kept: 1072537 (in 29 buckets, 2.11 GB CPU)
  ⚡ Timing: matmul=0.16s, sampling=6.47s, total=10.16s
============================================================
Level 115 - SAMPLING
============================================================
  Starting braids: 972537
  Candidates to generate: 5164003
  Processing in 52 chunks...
  Projlen distribution:
    projlen=67: 9 braids
    projlen=68: 17 braids
    projlen=69: 193 braids
    projlen=70: 245 braids
    projlen=71: 1773 braids
    projlen=72: 1927 braids
    projlen=73: 22623 braids
    projlen=74: 18118 braids
    projlen=75: 185648 braids
    projlen=76: 121773 braids
    projlen=77: 311509 braids
    projlen=78: 177833 braids
    projlen=79: 359203 braids
    projlen=80: 164426 braids
    projlen=81: 348475 braids
    projlen=82: 176426 braids
    projlen=83: 336589 braids
    projlen=84: 188872 braids
    projlen=85: 329647 braids
    projlen=86: 196051 braids
    projlen=87: 327145 braids
    projlen=88: 198091 braids
    projlen=89: 322414 braids
    projlen=90: 205552 braids
    projlen=91: 317200 braids
    projlen=92: 220863 braids
    projlen=93: 302906 braids
    projlen=94: 222328 braids
    projlen=95: 106147 braids
  Braids kept: 1094905 (in 29 buckets, 2.17 GB CPU)
  ⚡ Timing: matmul=0.15s, sampling=6.86s, total=10.69s
============================================================
Level 116 - SAMPLING
============================================================
  Starting braids: 994905
  Candidates to generate: 5295439
  Processing in 53 chunks...
  Projlen distribution:
    projlen=68: 14 braids
    projlen=69: 109 braids
    projlen=70: 147 braids
    projlen=71: 1613 braids
    projlen=72: 1531 braids
    projlen=73: 12283 braids
    projlen=74: 10269 braids
    projlen=75: 115893 braids
    projlen=76: 77880 braids
    projlen=77: 290237 braids
    projlen=78: 180202 braids
    projlen=79: 361135 braids
    projlen=80: 169999 braids
    projlen=81: 355402 braids
    projlen=82: 161273 braids
    projlen=83: 344425 braids
    projlen=84: 180296 braids
    projlen=85: 332134 braids
    projlen=86: 197759 braids
    projlen=87: 325000 braids
    projlen=88: 205940 braids
    projlen=89: 321126 braids
    projlen=90: 208791 braids
    projlen=91: 317014 braids
    projlen=92: 215488 braids
    projlen=93: 309871 braids
    projlen=94: 227101 braids
    projlen=95: 281412 braids
    projlen=96: 91095 braids
  Braids kept: 1125966 (in 29 buckets, 2.25 GB CPU)
  ⚡ Timing: matmul=0.16s, sampling=7.11s, total=11.08s
============================================================
Level 117 - SAMPLING
============================================================
  Starting braids: 975966
  Candidates to generate: 5188096
  Processing in 52 chunks...
  Projlen distribution:
    projlen=68: 4 braids
    projlen=69: 60 braids
    projlen=70: 126 braids
    projlen=71: 884 braids
    projlen=72: 944 braids
    projlen=73: 10439 braids
    projlen=74: 8321 braids
    projlen=75: 66970 braids
    projlen=76: 46314 braids
    projlen=77: 272235 braids
    projlen=78: 178944 braids
    projlen=79: 362494 braids
    projlen=80: 173858 braids
    projlen=81: 356185 braids
    projlen=82: 163981 braids
    projlen=83: 351533 braids
    projlen=84: 161218 braids
    projlen=85: 340532 braids
    projlen=86: 185808 braids
    projlen=87: 327523 braids
    projlen=88: 206356 braids
    projlen=89: 318787 braids
    projlen=90: 215307 braids
    projlen=91: 315053 braids
    projlen=92: 219813 braids
    projlen=93: 309703 braids
    projlen=94: 222406 braids
    projlen=95: 282900 braids
    projlen=96: 89398 braids
  Braids kept: 1117092 (in 29 buckets, 2.24 GB CPU)
  ⚡ Timing: matmul=0.16s, sampling=6.92s, total=10.80s
============================================================
Level 118 - SAMPLING
============================================================
  Starting braids: 967092
  Candidates to generate: 5139104
  Processing in 52 chunks...
  Projlen distribution:
    projlen=68: 2 braids
    projlen=69: 22 braids
    projlen=70: 43 braids
    projlen=71: 695 braids
    projlen=72: 812 braids
    projlen=73: 5949 braids
    projlen=74: 5188 braids
    projlen=75: 56502 braids
    projlen=76: 39838 braids
    projlen=77: 266643 braids
    projlen=78: 175585 braids
    projlen=79: 355026 braids
    projlen=80: 174578 braids
    projlen=81: 357173 braids
    projlen=82: 164969 braids
    projlen=83: 351039 braids
    projlen=84: 163313 braids
    projlen=85: 347137 braids
    projlen=86: 162947 braids
    projlen=87: 337366 braids
    projlen=88: 191865 braids
    projlen=89: 323398 braids
    projlen=90: 215105 braids
    projlen=91: 312941 braids
    projlen=92: 224620 braids
    projlen=93: 307100 braids
    projlen=94: 227590 braids
    projlen=95: 281499 braids
    projlen=96: 90159 braids
  Braids kept: 1102549 (in 29 buckets, 2.22 GB CPU)
  ⚡ Timing: matmul=0.17s, sampling=6.87s, total=10.66s
============================================================
Level 119 - SAMPLING
============================================================
  Starting braids: 952549
  Candidates to generate: 5048953
  Processing in 51 chunks...
  Projlen distribution:
    projlen=69: 9 braids
    projlen=70: 22 braids
    projlen=71: 272 braids
    projlen=72: 330 braids
    projlen=73: 5085 braids
    projlen=74: 4662 braids
    projlen=75: 34256 braids
    projlen=76: 25183 braids
    projlen=77: 251273 braids
    projlen=78: 163344 braids
    projlen=79: 339909 braids
    projlen=80: 177957 braids
    projlen=81: 358833 braids
    projlen=82: 165257 braids
    projlen=83: 352677 braids
    projlen=84: 163555 braids
    projlen=85: 346441 braids
    projlen=86: 165540 braids
    projlen=87: 343502 braids
    projlen=88: 166302 braids
    projlen=89: 335377 braids
    projlen=90: 198594 braids
    projlen=91: 319760 braids
    projlen=92: 223400 braids
    projlen=93: 305993 braids
    projlen=94: 231292 braids
    projlen=95: 279204 braids
    projlen=96: 90924 braids
  Braids kept: 1069819 (in 28 buckets, 2.16 GB CPU)
  ⚡ Timing: matmul=0.14s, sampling=6.72s, total=10.44s
============================================================
Level 120 - SAMPLING
============================================================
  Starting braids: 969819
  Candidates to generate: 5118855
  Processing in 52 chunks...
  Projlen distribution:
    projlen=70: 2 braids
    projlen=71: 127 braids
    projlen=72: 178 braids
    projlen=73: 2140 braids
    projlen=74: 2100 braids
    projlen=75: 30780 braids
    projlen=76: 23639 braids
    projlen=77: 173205 braids
    projlen=78: 108362 braids
    projlen=79: 305071 braids
    projlen=80: 176656 braids
    projlen=81: 358962 braids
    projlen=82: 168825 braids
    projlen=83: 354075 braids
    projlen=84: 162845 braids
    projlen=85: 348183 braids
    projlen=86: 165490 braids
    projlen=87: 343348 braids
    projlen=88: 170037 braids
    projlen=89: 339946 braids
    projlen=90: 171626 braids
    projlen=91: 331645 braids
    projlen=92: 204156 braids
    projlen=93: 314764 braids
    projlen=94: 230514 braids
    projlen=95: 298203 braids
    projlen=96: 228525 braids
    projlen=97: 105451 braids
  Braids kept: 1108966 (in 28 buckets, 2.26 GB CPU)
  ⚡ Timing: matmul=0.13s, sampling=6.91s, total=10.73s
============================================================
Level 121 - SAMPLING
============================================================
  Starting braids: 958966
  Candidates to generate: 5046722
  Processing in 51 chunks...
  Projlen distribution:
    projlen=71: 19 braids
    projlen=72: 66 braids
    projlen=73: 1103 braids
    projlen=74: 1236 braids
    projlen=75: 13959 braids
    projlen=76: 11402 braids
    projlen=77: 156938 braids
    projlen=78: 104215 braids
    projlen=79: 303138 braids
    projlen=80: 174607 braids
    projlen=81: 361672 braids
    projlen=82: 168810 braids
    projlen=83: 354378 braids
    projlen=84: 165197 braids
    projlen=85: 349700 braids
    projlen=86: 163776 braids
    projlen=87: 344796 braids
    projlen=88: 168415 braids
    projlen=89: 339568 braids
    projlen=90: 175692 braids
    projlen=91: 335758 braids
    projlen=92: 179114 braids
    projlen=93: 327537 braids
    projlen=94: 209962 braids
    projlen=95: 306685 braids
    projlen=96: 223296 braids
    projlen=97: 105683 braids
  Braids kept: 1077785 (in 27 buckets, 2.21 GB CPU)
  ⚡ Timing: matmul=0.14s, sampling=6.75s, total=10.47s
============================================================
Level 122 - SAMPLING
============================================================
  Starting braids: 977785
  Candidates to generate: 5136185
  Processing in 52 chunks...
  Projlen distribution:
    projlen=72: 24 braids
    projlen=73: 352 braids
    projlen=74: 564 braids
    projlen=75: 7835 braids
    projlen=76: 6924 braids
    projlen=77: 73085 braids
    projlen=78: 49676 braids
    projlen=79: 277498 braids
    projlen=80: 178585 braids
    projlen=81: 363432 braids
    projlen=82: 167570 braids
    projlen=83: 356287 braids
    projlen=84: 161598 braids
    projlen=85: 350001 braids
    projlen=86: 165921 braids
    projlen=87: 345620 braids
    projlen=88: 166941 braids
    projlen=89: 341402 braids
    projlen=90: 172937 braids
    projlen=91: 336675 braids
    projlen=92: 183147 braids
    projlen=93: 330497 braids
    projlen=94: 187788 braids
    projlen=95: 322011 braids
    projlen=96: 214596 braids
    projlen=97: 285205 braids
    projlen=98: 90014 braids
  Braids kept: 1115375 (in 27 buckets, 2.30 GB CPU)
  ⚡ Timing: matmul=0.14s, sampling=6.98s, total=10.83s
============================================================
Level 123 - SAMPLING
============================================================
  Starting braids: 965375
  Candidates to generate: 5072559
  Processing in 51 chunks...
  Projlen distribution:
    projlen=71: 1 braids
    projlen=72: 14 braids
    projlen=73: 168 braids
    projlen=74: 313 braids
    projlen=75: 3251 braids
    projlen=76: 3372 braids
    projlen=77: 43992 braids
    projlen=78: 32635 braids
    projlen=79: 266427 braids
    projlen=80: 177407 braids
    projlen=81: 366037 braids
    projlen=82: 172846 braids
    projlen=83: 359585 braids
    projlen=84: 160081 braids
    projlen=85: 353242 braids
    projlen=86: 160730 braids
    projlen=87: 346591 braids
    projlen=88: 168640 braids
    projlen=89: 341382 braids
    projlen=90: 171387 braids
    projlen=91: 337786 braids
    projlen=92: 179612 braids
    projlen=93: 333238 braids
    projlen=94: 192080 braids
    projlen=95: 325670 braids
    projlen=96: 196943 braids
    projlen=97: 293723 braids
    projlen=98: 85406 braids
  Braids kept: 1083746 (in 28 buckets, 2.25 GB CPU)
  ⚡ Timing: matmul=0.15s, sampling=6.73s, total=10.49s
============================================================
Level 124 - SAMPLING
============================================================
  Starting braids: 983746
  Candidates to generate: 5158044
  Processing in 52 chunks...
  Projlen distribution:
    projlen=71: 7 braids
    projlen=72: 10 braids
    projlen=73: 117 braids
    projlen=74: 184 braids
    projlen=75: 1806 braids
    projlen=76: 2006 braids
    projlen=77: 21476 braids
    projlen=78: 17404 braids
    projlen=79: 219557 braids
    projlen=80: 142115 braids
    projlen=81: 324547 braids
    projlen=82: 174005 braids
    projlen=83: 361298 braids
    projlen=84: 160843 braids
    projlen=85: 355272 braids
    projlen=86: 157633 braids
    projlen=87: 349618 braids
    projlen=88: 161572 braids
    projlen=89: 343828 braids
    projlen=90: 172404 braids
    projlen=91: 337521 braids
    projlen=92: 178210 braids
    projlen=93: 333255 braids
    projlen=94: 187393 braids
    projlen=95: 328673 braids
    projlen=96: 200196 braids
    projlen=97: 317231 braids
    projlen=98: 199975 braids
    projlen=99: 109888 braids
  Braids kept: 1093010 (in 29 buckets, 2.29 GB CPU)
  ⚡ Timing: matmul=0.15s, sampling=6.96s, total=10.80s
============================================================
Level 125 - SAMPLING
============================================================
  Starting braids: 993010
  Candidates to generate: 5214104
  Processing in 53 chunks...
  Projlen distribution:
    projlen=69: 1 braids
    projlen=70: 1 braids
    projlen=71: 17 braids
    projlen=72: 22 braids
    projlen=73: 102 braids
    projlen=74: 132 braids
    projlen=75: 1126 braids
    projlen=76: 1298 braids
    projlen=77: 12849 braids
    projlen=78: 10706 braids
    projlen=79: 112189 braids
    projlen=80: 74533 braids
    projlen=81: 289569 braids
    projlen=82: 177130 braids
    projlen=83: 363402 braids
    projlen=84: 165297 braids
    projlen=85: 356243 braids
    projlen=86: 156048 braids
    projlen=87: 351734 braids
    projlen=88: 157069 braids
    projlen=89: 347118 braids
    projlen=90: 163607 braids
    projlen=91: 341558 braids
    projlen=92: 178128 braids
    projlen=93: 334268 braids
    projlen=94: 186329 braids
    projlen=95: 329528 braids
    projlen=96: 196572 braids
    projlen=97: 321846 braids
    projlen=98: 207983 braids
    projlen=99: 290026 braids
    projlen=100: 87673 braids
  Braids kept: 1126254 (in 32 buckets, 2.38 GB CPU)
  ⚡ Timing: matmul=0.14s, sampling=7.24s, total=11.16s
============================================================
Level 126 - SAMPLING
============================================================
  Starting braids: 976254
  Candidates to generate: 5118768
  Processing in 52 chunks...
  Projlen distribution:
    projlen=69: 7 braids
    projlen=70: 4 braids
    projlen=71: 12 braids
    projlen=72: 15 braids
    projlen=73: 143 braids
    projlen=74: 150 braids
    projlen=75: 845 braids
    projlen=76: 872 braids
    projlen=77: 8309 braids
    projlen=78: 7100 braids
    projlen=79: 69004 braids
    projlen=80: 47452 braids
    projlen=81: 276153 braids
    projlen=82: 178070 braids
    projlen=83: 365760 braids
    projlen=84: 170359 braids
    projlen=85: 358023 braids
    projlen=86: 157567 braids
    projlen=87: 353496 braids
    projlen=88: 154598 braids
    projlen=89: 349233 braids
    projlen=90: 157375 braids
    projlen=91: 344805 braids
    projlen=92: 166737 braids
    projlen=93: 337133 braids
    projlen=94: 184424 braids
    projlen=95: 330097 braids
    projlen=96: 195582 braids
    projlen=97: 322741 braids
    projlen=98: 204103 braids
    projlen=99: 291772 braids
    projlen=100: 86827 braids
  Braids kept: 1114909 (in 32 buckets, 2.36 GB CPU)
  ⚡ Timing: matmul=0.17s, sampling=7.13s, total=11.00s
============================================================
Level 127 - SAMPLING
============================================================
  Starting braids: 964909
  Candidates to generate: 5057029
  Processing in 51 chunks...
  Projlen distribution:
    projlen=70: 1 braids
    projlen=71: 39 braids
    projlen=72: 26 braids
    projlen=73: 110 braids
    projlen=74: 93 braids
    projlen=75: 964 braids
    projlen=76: 839 braids
    projlen=77: 6022 braids
    projlen=78: 5030 braids
    projlen=79: 47146 braids
    projlen=80: 33880 braids
    projlen=81: 264292 braids
    projlen=82: 174047 braids
    projlen=83: 360519 braids
    projlen=84: 173202 braids
    projlen=85: 360649 braids
    projlen=86: 160089 braids
    projlen=87: 355380 braids
    projlen=88: 155603 braids
    projlen=89: 350596 braids
    projlen=90: 153864 braids
    projlen=91: 348166 braids
    projlen=92: 158447 braids
    projlen=93: 343933 braids
    projlen=94: 171331 braids
    projlen=95: 334745 braids
    projlen=96: 192629 braids
    projlen=97: 324115 braids
    projlen=98: 202991 braids
    projlen=99: 291813 braids
    projlen=100: 86468 braids
  Braids kept: 1094150 (in 31 buckets, 2.32 GB CPU)
  ⚡ Timing: matmul=0.15s, sampling=6.85s, total=10.66s
============================================================
Level 128 - SAMPLING
============================================================
  Starting braids: 994150
  Candidates to generate: 5192092
  Processing in 52 chunks...
  Projlen distribution:
    projlen=72: 4 braids
    projlen=73: 204 braids
    projlen=74: 155 braids
    projlen=75: 777 braids
    projlen=76: 624 braids
    projlen=77: 5804 braids
    projlen=78: 4671 braids
    projlen=79: 35622 braids
    projlen=80: 25869 braids
    projlen=81: 236554 braids
    projlen=82: 148670 braids
    projlen=83: 327090 braids
    projlen=84: 174121 braids
    projlen=85: 361311 braids
    projlen=86: 161285 braids
    projlen=87: 356377 braids
    projlen=88: 156425 braids
    projlen=89: 351810 braids
    projlen=90: 154339 braids
    projlen=91: 349532 braids
    projlen=92: 153542 braids
    projlen=93: 347185 braids
    projlen=94: 160587 braids
    projlen=95: 341222 braids
    projlen=96: 176536 braids
    projlen=97: 331963 braids
    projlen=98: 200912 braids
    projlen=99: 314922 braids
    projlen=100: 204905 braids
    projlen=101: 109074 braids
  Braids kept: 1123730 (in 30 buckets, 2.40 GB CPU)
  ⚡ Timing: matmul=0.16s, sampling=7.13s, total=11.04s
============================================================
Level 129 - SAMPLING
============================================================
  Starting braids: 973730
  Candidates to generate: 5063906
  Processing in 51 chunks...
  Projlen distribution:
    projlen=73: 8 braids
    projlen=74: 29 braids
    projlen=75: 1068 braids
    projlen=76: 853 braids
    projlen=77: 4777 braids
    projlen=78: 3598 braids
    projlen=79: 32903 braids
    projlen=80: 23391 braids
    projlen=81: 180443 braids
    projlen=82: 112778 braids
    projlen=83: 308736 braids
    projlen=84: 176180 braids
    projlen=85: 362941 braids
    projlen=86: 164789 braids
    projlen=87: 357267 braids
    projlen=88: 157000 braids
    projlen=89: 352686 braids
    projlen=90: 154781 braids
    projlen=91: 350680 braids
    projlen=92: 154225 braids
    projlen=93: 349293 braids
    projlen=94: 153939 braids
    projlen=95: 345553 braids
    projlen=96: 162238 braids
    projlen=97: 338876 braids
    projlen=98: 182553 braids
    projlen=99: 322740 braids
    projlen=100: 199051 braids
    projlen=101: 110530 braids
  Braids kept: 1116627 (in 29 buckets, 2.40 GB CPU)
  ⚡ Timing: matmul=0.14s, sampling=7.12s, total=10.95s
============================================================
Level 130 - SAMPLING
============================================================
  Starting braids: 966627
  Candidates to generate: 5006679
  Processing in 51 chunks...
  Projlen distribution:
    projlen=73: 7 braids
    projlen=74: 23 braids
    projlen=75: 123 braids
    projlen=76: 230 braids
    projlen=77: 5622 braids
    projlen=78: 4389 braids
    projlen=79: 27437 braids
    projlen=80: 18619 braids
    projlen=81: 163231 braids
    projlen=82: 103172 braids
    projlen=83: 302767 braids
    projlen=84: 175276 braids
    projlen=85: 363345 braids
    projlen=86: 167290 braids
    projlen=87: 358601 braids
    projlen=88: 158433 braids
    projlen=89: 353475 braids
    projlen=90: 155377 braids
    projlen=91: 350770 braids
    projlen=92: 154509 braids
    projlen=93: 349563 braids
    projlen=94: 153862 braids
    projlen=95: 348968 braids
    projlen=96: 154565 braids
    projlen=97: 345607 braids
    projlen=98: 165379 braids
    projlen=99: 331662 braids
    projlen=100: 181463 braids
    projlen=101: 112914 braids
  Braids kept: 1106450 (in 29 buckets, 2.38 GB CPU)
  ⚡ Timing: matmul=0.16s, sampling=7.00s, total=10.82s
============================================================
Level 131 - SAMPLING
============================================================
  Starting braids: 956450
  Candidates to generate: 4930582
  Processing in 50 chunks...
  Projlen distribution:
    projlen=73: 3 braids
    projlen=74: 10 braids
    projlen=75: 118 braids
    projlen=76: 153 braids
    projlen=77: 1263 braids
    projlen=78: 1378 braids
    projlen=79: 29424 braids
    projlen=80: 21143 braids
    projlen=81: 137405 braids
    projlen=82: 83944 braids
    projlen=83: 288965 braids
    projlen=84: 174332 braids
    projlen=85: 363480 braids
    projlen=86: 168066 braids
    projlen=87: 358473 braids
    projlen=88: 158879 braids
    projlen=89: 355832 braids
    projlen=90: 156165 braids
    projlen=91: 350984 braids
    projlen=92: 154306 braids
    projlen=93: 349233 braids
    projlen=94: 154367 braids
    projlen=95: 348721 braids
    projlen=96: 154238 braids
    projlen=97: 348030 braids
    projlen=98: 154723 braids
    projlen=99: 339039 braids
    projlen=100: 162786 braids
    projlen=101: 115122 braids
  Braids kept: 1103492 (in 29 buckets, 2.38 GB CPU)
  ⚡ Timing: matmul=0.13s, sampling=6.99s, total=10.73s
============================================================
Level 132 - SAMPLING
============================================================
  Starting braids: 953492
  Candidates to generate: 4904724
  Processing in 50 chunks...
  Projlen distribution:
    projlen=74: 1 braids
    projlen=75: 73 braids
    projlen=76: 99 braids
    projlen=77: 1051 braids
    projlen=78: 1001 braids
    projlen=79: 8998 braids
    projlen=80: 7547 braids
    projlen=81: 140398 braids
    projlen=82: 93039 braids
    projlen=83: 294170 braids
    projlen=84: 173685 braids
    projlen=85: 362409 braids
    projlen=86: 168943 braids
    projlen=87: 358408 braids
    projlen=88: 159315 braids
    projlen=89: 354804 braids
    projlen=90: 155496 braids
    projlen=91: 351646 braids
    projlen=92: 154617 braids
    projlen=93: 349589 braids
    projlen=94: 154112 braids
    projlen=95: 348497 braids
    projlen=96: 154832 braids
    projlen=97: 348570 braids
    projlen=98: 154402 braids
    projlen=99: 342505 braids
    projlen=100: 150208 braids
    projlen=101: 116309 braids
  Braids kept: 1068770 (in 28 buckets, 2.32 GB CPU)
  ⚡ Timing: matmul=0.12s, sampling=6.87s, total=10.58s
============================================================
Level 133 - SAMPLING
============================================================
  Starting braids: 968770
  Candidates to generate: 4993204
  Processing in 50 chunks...
  Projlen distribution:
    projlen=74: 1 braids
    projlen=75: 8 braids
    projlen=76: 22 braids
    projlen=77: 620 braids
    projlen=78: 649 braids
    projlen=79: 6942 braids
    projlen=80: 5563 braids
    projlen=81: 48471 braids
    projlen=82: 32815 braids
    projlen=83: 261975 braids
    projlen=84: 175536 braids
    projlen=85: 360369 braids
    projlen=86: 168500 braids
    projlen=87: 357378 braids
    projlen=88: 159998 braids
    projlen=89: 353815 braids
    projlen=90: 155622 braids
    projlen=91: 351552 braids
    projlen=92: 154561 braids
    projlen=93: 350461 braids
    projlen=94: 154055 braids
    projlen=95: 349088 braids
    projlen=96: 154114 braids
    projlen=97: 347265 braids
    projlen=98: 154715 braids
    projlen=99: 345333 braids
    projlen=100: 153174 braids
    projlen=101: 309819 braids
    projlen=102: 80783 braids
  Braids kept: 1095091 (in 29 buckets, 2.39 GB CPU)
  ⚡ Timing: matmul=0.15s, sampling=6.98s, total=10.81s
============================================================
Level 134 - SAMPLING
============================================================
  Starting braids: 995091
  Candidates to generate: 5114885
  Processing in 52 chunks...
  Projlen distribution:
    projlen=75: 4 braids
    projlen=76: 10 braids
    projlen=77: 146 braids
    projlen=78: 222 braids
    projlen=79: 4094 braids
    projlen=80: 3688 braids
    projlen=81: 38462 braids
    projlen=82: 27471 braids
    projlen=83: 239955 braids
    projlen=84: 148302 braids
    projlen=85: 322330 braids
    projlen=86: 173060 braids
    projlen=87: 356860 braids
    projlen=88: 161019 braids
    projlen=89: 353682 braids
    projlen=90: 157353 braids
    projlen=91: 350898 braids
    projlen=92: 154260 braids
    projlen=93: 349997 braids
    projlen=94: 154285 braids
    projlen=95: 349347 braids
    projlen=96: 153669 braids
    projlen=97: 349216 braids
    projlen=98: 155174 braids
    projlen=99: 347240 braids
    projlen=100: 155538 braids
    projlen=101: 340376 braids
    projlen=102: 151199 braids
    projlen=103: 117028 braids
  Braids kept: 1124097 (in 29 buckets, 2.47 GB CPU)
  ⚡ Timing: matmul=0.14s, sampling=7.29s, total=11.23s
============================================================
Level 135 - SAMPLING
============================================================
  Starting braids: 974097
  Candidates to generate: 5005665
  Processing in 51 chunks...
  Projlen distribution:
    projlen=75: 3 braids
    projlen=76: 6 braids
    projlen=77: 64 braids
    projlen=78: 118 braids
    projlen=79: 1325 braids
    projlen=80: 1598 braids
    projlen=81: 23802 braids
    projlen=82: 18658 braids
    projlen=83: 187169 braids
    projlen=84: 118551 braids
    projlen=85: 308700 braids
    projlen=86: 175646 braids
    projlen=87: 361633 braids
    projlen=88: 164821 braids
    projlen=89: 354300 braids
    projlen=90: 159013 braids
    projlen=91: 351448 braids
    projlen=92: 156891 braids
    projlen=93: 348699 braids
    projlen=94: 153803 braids
    projlen=95: 349335 braids
    projlen=96: 154669 braids
    projlen=97: 349274 braids
    projlen=98: 153865 braids
    projlen=99: 348272 braids
    projlen=100: 154808 braids
    projlen=101: 341557 braids
    projlen=102: 151713 braids
    projlen=103: 115924 braids
  Braids kept: 1095574 (in 29 buckets, 2.42 GB CPU)
  ⚡ Timing: matmul=0.13s, sampling=7.15s, total=11.02s
============================================================
Level 136 - SAMPLING
============================================================
  Starting braids: 995574
  Candidates to generate: 5140682
  Processing in 52 chunks...
  Projlen distribution:
    projlen=76: 1 braids
    projlen=77: 40 braids
    projlen=78: 55 braids
    projlen=79: 734 braids
    projlen=80: 876 braids
    projlen=81: 9600 braids
    projlen=82: 8685 braids
    projlen=83: 119092 braids
    projlen=84: 79880 braids
    projlen=85: 288625 braids
    projlen=86: 174251 braids
    projlen=87: 360045 braids
    projlen=88: 167483 braids
    projlen=89: 357428 braids
    projlen=90: 159041 braids
    projlen=91: 351929 braids
    projlen=92: 159110 braids
    projlen=93: 349222 braids
    projlen=94: 157172 braids
    projlen=95: 347685 braids
    projlen=96: 154211 braids
    projlen=97: 348471 braids
    projlen=98: 154598 braids
    projlen=99: 348092 braids
    projlen=100: 154049 braids
    projlen=101: 345893 braids
    projlen=102: 154134 braids
    projlen=103: 309435 braids
    projlen=104: 80845 braids
  Braids kept: 1119991 (in 29 buckets, 2.49 GB CPU)
  ⚡ Timing: matmul=0.14s, sampling=7.43s, total=11.39s
============================================================
Level 137 - SAMPLING
============================================================
  Starting braids: 969991
  Candidates to generate: 5014195
  Processing in 51 chunks...
  Projlen distribution:
    projlen=76: 4 braids
    projlen=77: 12 braids
    projlen=78: 31 braids
    projlen=79: 401 braids
    projlen=80: 513 braids
    projlen=81: 5505 braids
    projlen=82: 5105 braids
    projlen=83: 53094 braids
    projlen=84: 38552 braids
    projlen=85: 268314 braids
    projlen=86: 177383 braids
    projlen=87: 362199 braids
    projlen=88: 168759 braids
    projlen=89: 357436 braids
    projlen=90: 160378 braids
    projlen=91: 353253 braids
    projlen=92: 157401 braids
    projlen=93: 348434 braids
    projlen=94: 159861 braids
    projlen=95: 346677 braids
    projlen=96: 158821 braids
    projlen=97: 346819 braids
    projlen=98: 154993 braids
    projlen=99: 347796 braids
    projlen=100: 155045 braids
    projlen=101: 346393 braids
    projlen=102: 152608 braids
    projlen=103: 308377 braids
    projlen=104: 80031 braids
  Braids kept: 1100123 (in 29 buckets, 2.46 GB CPU)
  ⚡ Timing: matmul=0.13s, sampling=7.27s, total=11.14s
============================================================
Level 138 - SAMPLING
============================================================
  Starting braids: 950123
  Candidates to generate: 4937223
  Processing in 50 chunks...
  Projlen distribution:
    projlen=76: 3 braids
    projlen=77: 13 braids
    projlen=78: 28 braids
    projlen=79: 185 braids
    projlen=80: 240 braids
    projlen=81: 3129 braids
    projlen=82: 3228 braids
    projlen=83: 32678 braids
    projlen=84: 25550 braids
    projlen=85: 253249 braids
    projlen=86: 165440 braids
    projlen=87: 337790 braids
    projlen=88: 173615 braids
    projlen=89: 358226 braids
    projlen=90: 159526 braids
    projlen=91: 354316 braids
    projlen=92: 158401 braids
    projlen=93: 349768 braids
    projlen=94: 157503 braids
    projlen=95: 347596 braids
    projlen=96: 162200 braids
    projlen=97: 344903 braids
    projlen=98: 161743 braids
    projlen=99: 344975 braids
    projlen=100: 156582 braids
    projlen=101: 345802 braids
    projlen=102: 153809 braids
    projlen=103: 306862 braids
    projlen=104: 79863 braids
  Braids kept: 1065054 (in 29 buckets, 2.39 GB CPU)
  ⚡ Timing: matmul=0.13s, sampling=7.12s, total=10.96s
============================================================
Level 139 - SAMPLING
============================================================
  Starting braids: 965054
  Candidates to generate: 4981624
  Processing in 50 chunks...
  Projlen distribution:
    projlen=77: 13 braids
    projlen=78: 23 braids
    projlen=79: 157 braids
    projlen=80: 172 braids
    projlen=81: 1540 braids
    projlen=82: 1641 braids
    projlen=83: 20141 braids
    projlen=84: 16761 braids
    projlen=85: 166861 braids
    projlen=86: 110969 braids
    projlen=87: 308194 braids
    projlen=88: 179455 braids
    projlen=89: 360886 braids
    projlen=90: 164221 braids
    projlen=91: 353866 braids
    projlen=92: 156058 braids
    projlen=93: 349742 braids
    projlen=94: 157717 braids
    projlen=95: 346687 braids
    projlen=96: 158114 braids
    projlen=97: 345112 braids
    projlen=98: 165064 braids
    projlen=99: 342900 braids
    projlen=100: 165957 braids
    projlen=101: 343228 braids
    projlen=102: 158625 braids
    projlen=103: 338655 braids
    projlen=104: 151981 braids
    projlen=105: 116884 braids
  Braids kept: 1090448 (in 29 buckets, 2.47 GB CPU)
  ⚡ Timing: matmul=0.15s, sampling=7.26s, total=11.17s
============================================================
Level 140 - SAMPLING
============================================================
  Starting braids: 990448
  Candidates to generate: 5156840
  Processing in 52 chunks...
  Projlen distribution:
    projlen=77: 6 braids
    projlen=78: 7 braids
    projlen=79: 137 braids
    projlen=80: 143 braids
    projlen=81: 1147 braids
    projlen=82: 1121 braids
    projlen=83: 10730 braids
    projlen=84: 9223 braids
    projlen=85: 106464 braids
    projlen=86: 73060 braids
    projlen=87: 287778 braids
    projlen=88: 179813 braids
    projlen=89: 363769 braids
    projlen=90: 172532 braids
    projlen=91: 355398 braids
    projlen=92: 159159 braids
    projlen=93: 351403 braids
    projlen=94: 155387 braids
    projlen=95: 348325 braids
    projlen=96: 158685 braids
    projlen=97: 345524 braids
    projlen=98: 160795 braids
    projlen=99: 343124 braids
    projlen=100: 169275 braids
    projlen=101: 340639 braids
    projlen=102: 171719 braids
    projlen=103: 339993 braids
    projlen=104: 161761 braids
    projlen=105: 307972 braids
    projlen=106: 81751 braids
  Braids kept: 1122514 (in 30 buckets, 2.56 GB CPU)
  ⚡ Timing: matmul=0.15s, sampling=7.60s, total=11.66s
============================================================
Level 141 - SAMPLING
============================================================
  Starting braids: 972514
  Candidates to generate: 5076028
  Processing in 51 chunks...
  Projlen distribution:
    projlen=77: 5 braids
    projlen=78: 8 braids
    projlen=79: 65 braids
    projlen=80: 74 braids
    projlen=81: 931 braids
    projlen=82: 869 braids
    projlen=83: 7580 braids
    projlen=84: 6247 braids
    projlen=85: 59379 braids
    projlen=86: 41883 braids
    projlen=87: 272018 braids
    projlen=88: 180482 braids
    projlen=89: 364180 braids
    projlen=90: 174038 braids
    projlen=91: 356984 braids
    projlen=92: 165101 braids
    projlen=93: 352185 braids
    projlen=94: 159021 braids
    projlen=95: 350082 braids
    projlen=96: 156564 braids
    projlen=97: 347142 braids
    projlen=98: 160496 braids
    projlen=99: 343448 braids
    projlen=100: 163577 braids
    projlen=101: 340906 braids
    projlen=102: 174569 braids
    projlen=103: 335810 braids
    projlen=104: 177030 braids
    projlen=105: 302175 braids
    projlen=106: 83179 braids
  Braids kept: 1107662 (in 30 buckets, 2.53 GB CPU)
  ⚡ Timing: matmul=0.15s, sampling=7.38s, total=11.38s
============================================================
Level 142 - SAMPLING
============================================================
  Starting braids: 957662
  Candidates to generate: 5006348
  Processing in 51 chunks...
  Projlen distribution:
    projlen=78: 4 braids
    projlen=79: 45 braids
    projlen=80: 49 braids
    projlen=81: 523 braids
    projlen=82: 525 braids
    projlen=83: 5836 braids
    projlen=84: 4864 braids
    projlen=85: 42579 braids
    projlen=86: 30943 braids
    projlen=87: 258042 braids
    projlen=88: 169106 braids
    projlen=89: 346543 braids
    projlen=90: 176128 braids
    projlen=91: 357690 braids
    projlen=92: 165171 braids
    projlen=93: 351258 braids
    projlen=94: 163854 braids
    projlen=95: 348132 braids
    projlen=96: 160554 braids
    projlen=97: 347915 braids
    projlen=98: 157262 braids
    projlen=99: 346330 braids
    projlen=100: 162955 braids
    projlen=101: 341537 braids
    projlen=102: 168235 braids
    projlen=103: 337121 braids
    projlen=104: 178890 braids
    projlen=105: 300730 braids
    projlen=106: 83527 braids
  Braids kept: 1085368 (in 29 buckets, 2.49 GB CPU)
  ⚡ Timing: matmul=0.13s, sampling=7.29s, total=11.21s
============================================================
Level 143 - SAMPLING
============================================================
  Starting braids: 985368
  Candidates to generate: 5131562
  Processing in 52 chunks...
  Projlen distribution:
    projlen=78: 1 braids
    projlen=79: 23 braids
    projlen=80: 40 braids
    projlen=81: 306 braids
    projlen=82: 308 braids
    projlen=83: 3526 braids
    projlen=84: 3179 braids
    projlen=85: 33049 braids
    projlen=86: 24447 braids
    projlen=87: 213108 braids
    projlen=88: 136163 braids
    projlen=89: 318989 braids
    projlen=90: 178488 braids
    projlen=91: 360295 braids
    projlen=92: 165972 braids
    projlen=93: 353639 braids
    projlen=94: 164059 braids
    projlen=95: 347561 braids
    projlen=96: 166523 braids
    projlen=97: 344303 braids
    projlen=98: 163421 braids
    projlen=99: 346474 braids
    projlen=100: 159378 braids
    projlen=101: 344409 braids
    projlen=102: 166520 braids
    projlen=103: 340140 braids
    projlen=104: 173803 braids
    projlen=105: 329244 braids
    projlen=106: 180811 braids
    projlen=107: 113383 braids
  Braids kept: 1114879 (in 30 buckets, 2.57 GB CPU)
  ⚡ Timing: matmul=0.14s, sampling=7.67s, total=11.76s
============================================================
Level 144 - SAMPLING
============================================================
  Starting braids: 964879
  Candidates to generate: 5019741
  Processing in 51 chunks...
  Projlen distribution:
    projlen=78: 3 braids
    projlen=79: 9 braids
    projlen=80: 20 braids
    projlen=81: 229 braids
    projlen=82: 240 braids
    projlen=83: 2046 braids
    projlen=84: 1844 braids
    projlen=85: 21218 braids
    projlen=86: 16412 braids
    projlen=87: 165216 braids
    projlen=88: 106588 braids
    projlen=89: 303908 braids
    projlen=90: 178467 braids
    projlen=91: 359661 braids
    projlen=92: 169759 braids
    projlen=93: 355206 braids
    projlen=94: 162108 braids
    projlen=95: 347787 braids
    projlen=96: 165217 braids
    projlen=97: 343965 braids
    projlen=98: 170342 braids
    projlen=99: 342385 braids
    projlen=100: 168694 braids
    projlen=101: 343762 braids
    projlen=102: 162743 braids
    projlen=103: 342540 braids
    projlen=104: 170242 braids
    projlen=105: 331959 braids
    projlen=106: 173977 braids
    projlen=107: 113194 braids
  Braids kept: 1092021 (in 30 buckets, 2.53 GB CPU)
  ⚡ Timing: matmul=0.14s, sampling=7.34s, total=11.29s
============================================================
Level 145 - SAMPLING
============================================================
  Starting braids: 992021
  Candidates to generate: 5182895
  Processing in 52 chunks...
  Projlen distribution:
    projlen=79: 11 braids
    projlen=80: 14 braids
    projlen=81: 130 braids
    projlen=82: 132 braids
    projlen=83: 1640 braids
    projlen=84: 1445 braids
    projlen=85: 12597 braids
    projlen=86: 9642 braids
    projlen=87: 108241 braids
    projlen=88: 72340 braids
    projlen=89: 285969 braids
    projlen=90: 177106 braids
    projlen=91: 361538 braids
    projlen=92: 171149 braids
    projlen=93: 354907 braids
    projlen=94: 164323 braids
    projlen=95: 349964 braids
    projlen=96: 162226 braids
    projlen=97: 345654 braids
    projlen=98: 168234 braids
    projlen=99: 340255 braids
    projlen=100: 175531 braids
    projlen=101: 338928 braids
    projlen=102: 174523 braids
    projlen=103: 340415 braids
    projlen=104: 167471 braids
    projlen=105: 337690 braids
    projlen=106: 174773 braids
    projlen=107: 302590 braids
    projlen=108: 83457 braids
  Braids kept: 1125611 (in 30 buckets, 2.63 GB CPU)
  ⚡ Timing: matmul=0.16s, sampling=7.72s, total=11.84s
============================================================
Level 146 - SAMPLING
============================================================
  Starting braids: 975611
  Candidates to generate: 5102935
  Processing in 52 chunks...
  Projlen distribution:
    projlen=78: 1 braids
    projlen=79: 9 braids
    projlen=80: 10 braids
    projlen=81: 108 braids
    projlen=82: 98 braids
    projlen=83: 955 braids
    projlen=84: 867 braids
    projlen=85: 9960 braids
    projlen=86: 7717 braids
    projlen=87: 65908 braids
    projlen=88: 43657 braids
    projlen=89: 269577 braids
    projlen=90: 178916 braids
    projlen=91: 364876 braids
    projlen=92: 172626 braids
    projlen=93: 357794 braids
    projlen=94: 164128 braids
    projlen=95: 350446 braids
    projlen=96: 164192 braids
    projlen=97: 345487 braids
    projlen=98: 164585 braids
    projlen=99: 341511 braids
    projlen=100: 172941 braids
    projlen=101: 336641 braids
    projlen=102: 183381 braids
    projlen=103: 333921 braids
    projlen=104: 181848 braids
    projlen=105: 334585 braids
    projlen=106: 171603 braids
    projlen=107: 302686 braids
    projlen=108: 81901 braids
  Braids kept: 1113382 (in 31 buckets, 2.61 GB CPU)
  ⚡ Timing: matmul=0.13s, sampling=7.67s, total=11.74s
============================================================
Level 147 - SAMPLING
============================================================
  Starting braids: 963382
  Candidates to generate: 5060440
  Processing in 51 chunks...
  Projlen distribution:
    projlen=79: 3 braids
    projlen=80: 6 braids
    projlen=81: 66 braids
    projlen=82: 57 braids
    projlen=83: 729 braids
    projlen=84: 634 braids
    projlen=85: 6014 braids
    projlen=86: 4842 braids
    projlen=87: 52735 braids
    projlen=88: 36937 braids
    projlen=89: 260630 braids
    projlen=90: 166454 braids
    projlen=91: 347677 braids
    projlen=92: 175181 braids
    projlen=93: 358756 braids
    projlen=94: 162990 braids
    projlen=95: 353160 braids
    projlen=96: 162679 braids
    projlen=97: 346861 braids
    projlen=98: 167003 braids
    projlen=99: 343074 braids
    projlen=100: 169283 braids
    projlen=101: 339679 braids
    projlen=102: 179875 braids
    projlen=103: 332900 braids
    projlen=104: 191844 braids
    projlen=105: 328338 braids
    projlen=106: 190558 braids
    projlen=107: 297367 braids
    projlen=108: 84108 braids
  Braids kept: 1099288 (in 30 buckets, 2.58 GB CPU)
  ⚡ Timing: matmul=0.14s, sampling=7.63s, total=11.66s
============================================================
Level 148 - SAMPLING
============================================================
  Starting braids: 999288
  Candidates to generate: 5234796
  Processing in 53 chunks...
  Projlen distribution:
    projlen=80: 1 braids
    projlen=81: 26 braids
    projlen=82: 33 braids
    projlen=83: 403 braids
    projlen=84: 362 braids
    projlen=85: 4346 braids
    projlen=86: 3529 braids
    projlen=87: 33778 braids
    projlen=88: 24514 braids
    projlen=89: 246544 braids
    projlen=90: 157562 braids
    projlen=91: 332643 braids
    projlen=92: 173906 braids
    projlen=93: 359096 braids
    projlen=94: 165378 braids
    projlen=95: 354113 braids
    projlen=96: 160963 braids
    projlen=97: 349813 braids
    projlen=98: 164314 braids
    projlen=99: 344316 braids
    projlen=100: 170540 braids
    projlen=101: 338753 braids
    projlen=102: 175081 braids
    projlen=103: 335713 braids
    projlen=104: 186878 braids
    projlen=105: 329086 braids
    projlen=106: 200646 braids
    projlen=107: 317563 braids
    projlen=108: 194162 braids
    projlen=109: 110734 braids
  Braids kept: 1116992 (in 30 buckets, 2.64 GB CPU)
  ⚡ Timing: matmul=0.14s, sampling=7.88s, total=12.13s
============================================================
Level 149 - SAMPLING
============================================================
  Starting braids: 966992
  Candidates to generate: 5055698
  Processing in 51 chunks...
  Projlen distribution:
    projlen=81: 13 braids
    projlen=82: 17 braids
    projlen=83: 179 braids
    projlen=84: 209 braids
    projlen=85: 2451 braids
    projlen=86: 2062 braids
    projlen=87: 24422 braids
    projlen=88: 17950 braids
    projlen=89: 167562 braids
    projlen=90: 106917 braids
    projlen=91: 302405 braids
    projlen=92: 176261 braids
    projlen=93: 360776 braids
    projlen=94: 164557 braids
    projlen=95: 354518 braids
    projlen=96: 161641 braids
    projlen=97: 349889 braids
    projlen=98: 161563 braids
    projlen=99: 345600 braids
    projlen=100: 166705 braids
    projlen=101: 340935 braids
    projlen=102: 175951 braids
    projlen=103: 334735 braids
    projlen=104: 182679 braids
    projlen=105: 331419 braids
    projlen=106: 195957 braids
    projlen=107: 318718 braids
    projlen=108: 200034 braids
    projlen=109: 109573 braids
  Braids kept: 1097303 (in 29 buckets, 2.60 GB CPU)
  ⚡ Timing: matmul=0.14s, sampling=7.68s, total=11.76s
============================================================
Level 150 - SAMPLING
============================================================
  Starting braids: 997303
  Candidates to generate: 5225669
  Processing in 53 chunks...
  Projlen distribution:
    projlen=81: 4 braids
    projlen=82: 7 braids
    projlen=83: 114 braids
    projlen=84: 116 braids
    projlen=85: 1304 braids
    projlen=86: 1235 braids
    projlen=87: 14292 braids
    projlen=88: 10884 braids
    projlen=89: 120857 braids
    projlen=90: 78566 braids
    projlen=91: 287296 braids
    projlen=92: 176731 braids
    projlen=93: 361259 braids
    projlen=94: 168832 braids
    projlen=95: 357410 braids
    projlen=96: 159276 braids
    projlen=97: 349815 braids
    projlen=98: 161378 braids
    projlen=99: 346375 braids
    projlen=100: 163444 braids
    projlen=101: 341457 braids
    projlen=102: 171529 braids
    projlen=103: 337470 braids
    projlen=104: 183851 braids
    projlen=105: 331634 braids
    projlen=106: 192396 braids
    projlen=107: 324264 braids
    projlen=108: 203870 braids
    projlen=109: 292789 braids
    projlen=110: 87214 braids
  Braids kept: 1127956 (in 30 buckets, 2.70 GB CPU)
  ⚡ Timing: matmul=0.14s, sampling=7.94s, total=12.15s
============================================================
Level 151 - SAMPLING
============================================================
  Starting braids: 977956
  Candidates to generate: 5118736
  Processing in 52 chunks...
  Projlen distribution:
    projlen=82: 2 braids
    projlen=83: 40 braids
    projlen=84: 70 braids
    projlen=85: 810 braids
    projlen=86: 784 braids
    projlen=87: 8262 braids
    projlen=88: 6618 braids
    projlen=89: 72551 braids
    projlen=90: 48193 braids
    projlen=91: 271385 braids
    projlen=92: 175575 braids
    projlen=93: 361675 braids
    projlen=94: 170978 braids
    projlen=95: 357142 braids
    projlen=96: 161621 braids
    projlen=97: 353967 braids
    projlen=98: 158293 braids
    projlen=99: 347490 braids
    projlen=100: 162731 braids
    projlen=101: 343604 braids
    projlen=102: 167603 braids
    projlen=103: 340292 braids
    projlen=104: 177729 braids
    projlen=105: 333272 braids
    projlen=106: 191632 braids
    projlen=107: 326069 braids
    projlen=108: 200665 braids
    projlen=109: 293409 braids
    projlen=110: 86274 braids
  Braids kept: 1114779 (in 29 buckets, 2.67 GB CPU)
  ⚡ Timing: matmul=0.13s, sampling=7.81s, total=11.95s
============================================================
Level 152 - SAMPLING
============================================================
  Starting braids: 964779
  Candidates to generate: 5042355
  Processing in 51 chunks...
  Projlen distribution:
    projlen=83: 15 braids
    projlen=84: 32 braids
    projlen=85: 362 braids
    projlen=86: 460 braids
    projlen=87: 5134 braids
    projlen=88: 4383 braids
    projlen=89: 44432 braids
    projlen=90: 31369 braids
    projlen=91: 260694 braids
    projlen=92: 172404 braids
    projlen=93: 359144 braids
    projlen=94: 172119 braids
    projlen=95: 357420 braids
    projlen=96: 162274 braids
    projlen=97: 353112 braids
    projlen=98: 160155 braids
    projlen=99: 349921 braids
    projlen=100: 158260 braids
    projlen=101: 345458 braids
    projlen=102: 165638 braids
    projlen=103: 341025 braids
    projlen=104: 172677 braids
    projlen=105: 336368 braids
    projlen=106: 184285 braids
    projlen=107: 327995 braids
    projlen=108: 198220 braids
    projlen=109: 293329 braids
    projlen=110: 85670 braids
  Braids kept: 1086187 (in 28 buckets, 2.61 GB CPU)
  ⚡ Timing: matmul=0.14s, sampling=7.48s, total=11.53s
============================================================
Level 153 - SAMPLING
============================================================
  Starting braids: 986187
  Candidates to generate: 5139709
  Processing in 52 chunks...
  Projlen distribution:
    projlen=83: 3 braids
    projlen=84: 9 braids
    projlen=85: 172 braids
    projlen=86: 237 braids
    projlen=87: 2726 braids
    projlen=88: 2650 braids
    projlen=89: 29209 braids
    projlen=90: 22104 braids
    projlen=91: 217904 braids
    projlen=92: 137557 braids
    projlen=93: 317342 braids
    projlen=94: 172949 braids
    projlen=95: 359047 braids
    projlen=96: 161334 braids
    projlen=97: 355222 braids
    projlen=98: 160382 braids
    projlen=99: 349536 braids
    projlen=100: 160682 braids
    projlen=101: 347516 braids
    projlen=102: 160047 braids
    projlen=103: 343577 braids
    projlen=104: 169661 braids
    projlen=105: 338111 braids
    projlen=106: 179017 braids
    projlen=107: 332799 braids
    projlen=108: 191664 braids
    projlen=109: 318972 braids
    projlen=110: 198705 braids
    projlen=111: 110575 braids
  Braids kept: 1107110 (in 29 buckets, 2.68 GB CPU)
  ⚡ Timing: matmul=0.14s, sampling=7.80s, total=11.94s
============================================================
Level 154 - SAMPLING
============================================================
  Starting braids: 957110
  Candidates to generate: 4978028
  Processing in 50 chunks...
  Projlen distribution:
    projlen=84: 2 braids
    projlen=85: 61 braids
    projlen=86: 108 braids
    projlen=87: 1411 braids
    projlen=88: 1522 braids
    projlen=89: 17092 braids
    projlen=90: 13852 braids
    projlen=91: 145417 braids
    projlen=92: 95501 braids
    projlen=93: 296691 braids
    projlen=94: 175921 braids
    projlen=95: 360766 braids
    projlen=96: 165053 braids
    projlen=97: 354640 braids
    projlen=98: 156598 braids
    projlen=99: 350666 braids
    projlen=100: 160385 braids
    projlen=101: 347391 braids
    projlen=102: 162878 braids
    projlen=103: 345694 braids
    projlen=104: 162551 braids
    projlen=105: 341701 braids
    projlen=106: 174741 braids
    projlen=107: 335120 braids
    projlen=108: 187378 braids
    projlen=109: 322326 braids
    projlen=110: 191563 braids
    projlen=111: 110999 braids
  Braids kept: 1084048 (in 28 buckets, 2.64 GB CPU)
  ⚡ Timing: matmul=0.16s, sampling=7.53s, total=11.54s
============================================================
Level 155 - SAMPLING
============================================================
  Starting braids: 984048
  Candidates to generate: 5131634
  Processing in 52 chunks...
  Projlen distribution:
    projlen=84: 1 braids
    projlen=85: 22 braids
    projlen=86: 44 braids
    projlen=87: 651 braids
    projlen=88: 789 braids
    projlen=89: 9521 braids
    projlen=90: 8044 braids
    projlen=91: 88471 braids
    projlen=92: 60397 braids
    projlen=93: 276743 braids
    projlen=94: 177744 braids
    projlen=95: 360517 braids
    projlen=96: 169394 braids
    projlen=97: 356218 braids
    projlen=98: 158599 braids
    projlen=99: 352351 braids
    projlen=100: 155824 braids
    projlen=101: 348489 braids
    projlen=102: 161422 braids
    projlen=103: 344105 braids
    projlen=104: 165641 braids
    projlen=105: 342701 braids
    projlen=106: 166133 braids
    projlen=107: 339081 braids
    projlen=108: 181364 braids
    projlen=109: 329619 braids
    projlen=110: 195268 braids
    projlen=111: 296629 braids
    projlen=112: 85852 braids
  Braids kept: 1119072 (in 29 buckets, 2.74 GB CPU)
  ⚡ Timing: matmul=0.14s, sampling=8.01s, total=12.17s
============================================================
Level 156 - SAMPLING
============================================================
  Starting braids: 969072
  Candidates to generate: 5049658
  Processing in 51 chunks...
  Projlen distribution:
    projlen=85: 7 braids
    projlen=86: 20 braids
    projlen=87: 272 braids
    projlen=88: 394 braids
    projlen=89: 4994 braids
    projlen=90: 4589 braids
    projlen=91: 51377 braids
    projlen=92: 36793 braids
    projlen=93: 266304 braids
    projlen=94: 179665 braids
    projlen=95: 360985 braids
    projlen=96: 174104 braids
    projlen=97: 356242 braids
    projlen=98: 162088 braids
    projlen=99: 352603 braids
    projlen=100: 157115 braids
    projlen=101: 349718 braids
    projlen=102: 155344 braids
    projlen=103: 346410 braids
    projlen=104: 163676 braids
    projlen=105: 341998 braids
    projlen=106: 170425 braids
    projlen=107: 339449 braids
    projlen=108: 171940 braids
    projlen=109: 334679 braids
    projlen=110: 186423 braids
    projlen=111: 297628 braids
    projlen=112: 84416 braids
  Braids kept: 1097069 (in 28 buckets, 2.69 GB CPU)
  ⚡ Timing: matmul=0.14s, sampling=7.74s, total=11.83s
============================================================
Level 157 - SAMPLING
============================================================
  Starting braids: 997069
  Candidates to generate: 5189607
  Processing in 52 chunks...
  Projlen distribution:
    projlen=85: 3 braids
    projlen=86: 8 braids
    projlen=87: 139 braids
    projlen=88: 184 braids
    projlen=89: 2356 braids
    projlen=90: 2408 braids
    projlen=91: 29736 braids
    projlen=92: 23181 braids
    projlen=93: 248032 braids
    projlen=94: 159993 braids
    projlen=95: 331603 braids
    projlen=96: 176546 braids
    projlen=97: 356667 braids
    projlen=98: 165366 braids
    projlen=99: 352466 braids
    projlen=100: 160566 braids
    projlen=101: 349828 braids
    projlen=102: 157388 braids
    projlen=103: 348234 braids
    projlen=104: 156343 braids
    projlen=105: 344585 braids
    projlen=106: 166782 braids
    projlen=107: 339716 braids
    projlen=108: 176476 braids
    projlen=109: 336241 braids
    projlen=110: 178689 braids
    projlen=111: 325824 braids
    projlen=112: 187398 braids
    projlen=113: 112849 braids
  Braids kept: 1108015 (in 29 buckets, 2.74 GB CPU)
  ⚡ Timing: matmul=0.17s, sampling=8.06s, total=12.35s
============================================================
Level 158 - SAMPLING
============================================================
  Starting braids: 958015
  Candidates to generate: 4979411
  Processing in 50 chunks...
  Projlen distribution:
    projlen=86: 1 braids
    projlen=87: 88 braids
    projlen=88: 130 braids
    projlen=89: 1271 braids
    projlen=90: 1366 braids
    projlen=91: 15473 braids
    projlen=92: 12915 braids
    projlen=93: 149835 braids
    projlen=94: 99430 braids
    projlen=95: 300959 braids
    projlen=96: 178074 braids
    projlen=97: 360394 braids
    projlen=98: 168039 braids
    projlen=99: 352766 braids
    projlen=100: 164110 braids
    projlen=101: 348237 braids
    projlen=102: 162150 braids
    projlen=103: 347406 braids
    projlen=104: 158462 braids
    projlen=105: 347574 braids
    projlen=106: 158132 braids
    projlen=107: 343272 braids
    projlen=108: 171215 braids
    projlen=109: 335862 braids
    projlen=110: 183722 braids
    projlen=111: 326064 braids
    projlen=112: 180313 braids
    projlen=113: 112151 braids
  Braids kept: 1081244 (in 28 buckets, 2.69 GB CPU)
  ⚡ Timing: matmul=0.15s, sampling=7.81s, total=11.91s
============================================================
Level 159 - SAMPLING
============================================================
  Starting braids: 981244
  Candidates to generate: 5119202
  Processing in 52 chunks...
  Projlen distribution:
    projlen=87: 31 braids
    projlen=88: 54 braids
    projlen=89: 782 braids
    projlen=90: 920 braids
    projlen=91: 9041 braids
    projlen=92: 7616 braids
    projlen=93: 81662 braids
    projlen=94: 56297 braids
    projlen=95: 277022 braids
    projlen=96: 177684 braids
    projlen=97: 362137 braids
    projlen=98: 170376 braids
    projlen=99: 354963 braids
    projlen=100: 163247 braids
    projlen=101: 348652 braids
    projlen=102: 165509 braids
    projlen=103: 344659 braids
    projlen=104: 165002 braids
    projlen=105: 345266 braids
    projlen=106: 160577 braids
    projlen=107: 346238 braids
    projlen=108: 160373 braids
    projlen=109: 340917 braids
    projlen=110: 175773 braids
    projlen=111: 331209 braids
    projlen=112: 190719 braids
    projlen=113: 297287 braids
    projlen=114: 85189 braids
  Braids kept: 1118444 (in 28 buckets, 2.80 GB CPU)
  ⚡ Timing: matmul=0.13s, sampling=8.10s, total=12.29s
============================================================
Level 160 - SAMPLING
============================================================
  Starting braids: 968444
  Candidates to generate: 5059176
  Processing in 51 chunks...
  Projlen distribution:
    projlen=86: 1 braids
    projlen=87: 11 braids
    projlen=88: 32 braids
    projlen=89: 307 braids
    projlen=90: 454 braids
    projlen=91: 5696 braids
    projlen=92: 5223 braids
    projlen=93: 50130 braids
    projlen=94: 35623 braids
    projlen=95: 268066 braids
    projlen=96: 180104 braids
    projlen=97: 363932 braids
    projlen=98: 173075 braids
    projlen=99: 358145 braids
    projlen=100: 162776 braids
    projlen=101: 351137 braids
    projlen=102: 163576 braids
    projlen=103: 345655 braids
    projlen=104: 169420 braids
    projlen=105: 341640 braids
    projlen=106: 169793 braids
    projlen=107: 342146 braids
    projlen=108: 164686 braids
    projlen=109: 343939 braids
    projlen=110: 163478 braids
    projlen=111: 337343 braids
    projlen=112: 179609 braids
    projlen=113: 299239 braids
    projlen=114: 83940 braids
  Braids kept: 1097347 (in 29 buckets, 2.75 GB CPU)
  ⚡ Timing: matmul=0.15s, sampling=7.89s, total=12.09s
============================================================
Level 161 - SAMPLING
============================================================
  Starting braids: 997347
  Candidates to generate: 5200607
  Processing in 53 chunks...
  Projlen distribution:
    projlen=86: 1 braids
    projlen=87: 2 braids
    projlen=88: 16 braids
    projlen=89: 155 braids
    projlen=90: 242 braids
    projlen=91: 2628 braids
    projlen=92: 2813 braids
    projlen=93: 33327 braids
    projlen=94: 26455 braids
    projlen=95: 248974 braids
    projlen=96: 157743 braids
    projlen=97: 330154 braids
    projlen=98: 175978 braids
    projlen=99: 359382 braids
    projlen=100: 162895 braids
    projlen=101: 353649 braids
    projlen=102: 160950 braids
    projlen=103: 346907 braids
    projlen=104: 166192 braids
    projlen=105: 342297 braids
    projlen=106: 174212 braids
    projlen=107: 337968 braids
    projlen=108: 176490 braids
    projlen=109: 338681 braids
    projlen=110: 170532 braids
    projlen=111: 340550 braids
    projlen=112: 166980 braids
    projlen=113: 330363 braids
    projlen=114: 180464 braids
    projlen=115: 113607 braids
  Braids kept: 1115639 (in 30 buckets, 2.82 GB CPU)
  ⚡ Timing: matmul=0.14s, sampling=8.35s, total=12.68s
============================================================
Level 162 - SAMPLING
============================================================
  Starting braids: 965639
  Candidates to generate: 5032359
  Processing in 51 chunks...
  Projlen distribution:
    projlen=87: 4 braids
    projlen=88: 11 braids
    projlen=89: 86 braids
    projlen=90: 137 braids
    projlen=91: 1424 braids
    projlen=92: 1520 braids
    projlen=93: 17259 braids
    projlen=94: 14684 braids
    projlen=95: 166654 braids
    projlen=96: 113254 braids
    projlen=97: 309044 braids
    projlen=98: 177464 braids
    projlen=99: 361006 braids
    projlen=100: 166745 braids
    projlen=101: 354308 braids
    projlen=102: 159784 braids
    projlen=103: 349511 braids
    projlen=104: 161789 braids
    projlen=105: 344029 braids
    projlen=106: 170172 braids
    projlen=107: 339096 braids
    projlen=108: 180797 braids
    projlen=109: 333951 braids
    projlen=110: 185159 braids
    projlen=111: 334607 braids
    projlen=112: 177485 braids
    projlen=113: 331280 braids
    projlen=114: 167416 braids
    projlen=115: 113683 braids
  Braids kept: 1085125 (in 29 buckets, 2.75 GB CPU)
  ⚡ Timing: matmul=0.14s, sampling=8.00s, total=12.18s
============================================================
Level 163 - SAMPLING
============================================================
  Starting braids: 985125
  Candidates to generate: 5165933
  Processing in 52 chunks...
  Projlen distribution:
    projlen=87: 3 braids
    projlen=88: 8 braids
    projlen=89: 69 braids
    projlen=90: 90 braids
    projlen=91: 893 braids
    projlen=92: 990 braids
    projlen=93: 9733 braids
    projlen=94: 8293 braids
    projlen=95: 89729 braids
    projlen=96: 63381 braids
    projlen=97: 279543 braids
    projlen=98: 181739 braids
    projlen=99: 361075 braids
    projlen=100: 169073 braids
    projlen=101: 355732 braids
    projlen=102: 161415 braids
    projlen=103: 350235 braids
    projlen=104: 159655 braids
    projlen=105: 346566 braids
    projlen=106: 164269 braids
    projlen=107: 341287 braids
    projlen=108: 175965 braids
    projlen=109: 335060 braids
    projlen=110: 188850 braids
    projlen=111: 329982 braids
    projlen=112: 194904 braids
    projlen=113: 327099 braids
    projlen=114: 185701 braids
    projlen=115: 300355 braids
    projlen=116: 84239 braids
  Braids kept: 1120079 (in 30 buckets, 2.86 GB CPU)
  ⚡ Timing: matmul=0.15s, sampling=8.27s, total=12.57s
============================================================
Level 164 - SAMPLING
============================================================
  Starting braids: 970079
  Candidates to generate: 5096147
  Processing in 51 chunks...
  Projlen distribution:
    projlen=88: 2 braids
    projlen=89: 56 braids
    projlen=90: 73 braids
    projlen=91: 635 braids
    projlen=92: 649 braids
    projlen=93: 6389 braids
    projlen=94: 5482 braids
    projlen=95: 52619 braids
    projlen=96: 37615 braids
    projlen=97: 266229 braids
    projlen=98: 184106 braids
    projlen=99: 360371 braids
    projlen=100: 177334 braids
    projlen=101: 355848 braids
    projlen=102: 162822 braids
    projlen=103: 351369 braids
    projlen=104: 160601 braids
    projlen=105: 347844 braids
    projlen=106: 161290 braids
    projlen=107: 343505 braids
    projlen=108: 168160 braids
    projlen=109: 338216 braids
    projlen=110: 181707 braids
    projlen=111: 330882 braids
    projlen=112: 197550 braids
    projlen=113: 323323 braids
    projlen=114: 203077 braids
    projlen=115: 292126 braids
    projlen=116: 86267 braids
  Braids kept: 1100901 (in 29 buckets, 2.82 GB CPU)
  ⚡ Timing: matmul=0.16s, sampling=8.12s, total=12.41s
============================================================
Level 165 - SAMPLING
============================================================
  Starting braids: 950901
  Candidates to generate: 5001167
  Processing in 51 chunks...
  Projlen distribution:
    projlen=89: 17 braids
    projlen=90: 32 braids
    projlen=91: 492 braids
    projlen=92: 526 braids
    projlen=93: 4416 braids
    projlen=94: 3840 braids
    projlen=95: 36890 braids
    projlen=96: 27442 braids
    projlen=97: 249143 braids
    projlen=98: 160885 braids
    projlen=99: 331856 braids
    projlen=100: 181201 braids
    projlen=101: 354474 braids
    projlen=102: 169586 braids
    projlen=103: 351217 braids
    projlen=104: 162509 braids
    projlen=105: 348682 braids
    projlen=106: 162264 braids
    projlen=107: 345914 braids
    projlen=108: 164599 braids
    projlen=109: 341403 braids
    projlen=110: 172965 braids
    projlen=111: 335478 braids
    projlen=112: 189400 braids
    projlen=113: 324586 braids
    projlen=114: 204312 braids
    projlen=115: 290283 braids
    projlen=116: 86755 braids
  Braids kept: 1073655 (in 28 buckets, 2.76 GB CPU)
  ⚡ Timing: matmul=0.13s, sampling=8.12s, total=12.34s
============================================================
Level 166 - SAMPLING
============================================================
  Starting braids: 973655
  Candidates to generate: 5101287
  Processing in 52 chunks...
  Projlen distribution:
    projlen=89: 8 braids
    projlen=90: 13 braids
    projlen=91: 202 braids
    projlen=92: 273 braids
    projlen=93: 3320 braids
    projlen=94: 3110 braids
    projlen=95: 26345 braids
    projlen=96: 19854 braids
    projlen=97: 184742 braids
    projlen=98: 118666 braids
    projlen=99: 309834 braids
    projlen=100: 178259 braids
    projlen=101: 357154 braids
    projlen=102: 172865 braids
    projlen=103: 349625 braids
    projlen=104: 169596 braids
    projlen=105: 345648 braids
    projlen=106: 164480 braids
    projlen=107: 344625 braids
    projlen=108: 165046 braids
    projlen=109: 343402 braids
    projlen=110: 168712 braids
    projlen=111: 339035 braids
    projlen=112: 179145 braids
    projlen=113: 330222 braids
    projlen=114: 196701 braids
    projlen=115: 315592 braids
    projlen=116: 205050 braids
    projlen=117: 109763 braids
  Braids kept: 1103125 (in 29 buckets, 2.85 GB CPU)
  ⚡ Timing: matmul=0.13s, sampling=8.36s, total=12.69s
============================================================
Level 167 - SAMPLING
============================================================
  Starting braids: 953125
  Candidates to generate: 4986769
  Processing in 50 chunks...
  Projlen distribution:
    projlen=88: 2 braids
    projlen=89: 4 braids
    projlen=90: 12 braids
    projlen=91: 99 braids
    projlen=92: 143 braids
    projlen=93: 1639 braids
    projlen=94: 1706 braids
    projlen=95: 19926 braids
    projlen=96: 15759 braids
    projlen=97: 134611 braids
    projlen=98: 86738 braids
    projlen=99: 292876 braids
    projlen=100: 176001 braids
    projlen=101: 361369 braids
    projlen=102: 170048 braids
    projlen=103: 352414 braids
    projlen=104: 169756 braids
    projlen=105: 344884 braids
    projlen=106: 173501 braids
    projlen=107: 341906 braids
    projlen=108: 169315 braids
    projlen=109: 341141 braids
    projlen=110: 169631 braids
    projlen=111: 339809 braids
    projlen=112: 174568 braids
    projlen=113: 335676 braids
    projlen=114: 185589 braids
    projlen=115: 321404 braids
    projlen=116: 195954 braids
    projlen=117: 110288 braids
  Braids kept: 1089290 (in 30 buckets, 2.82 GB CPU)
  ⚡ Timing: matmul=0.15s, sampling=8.10s, total=12.34s
============================================================
Level 168 - SAMPLING
============================================================
  Starting braids: 989290
  Candidates to generate: 5194458
  Processing in 52 chunks...
  Projlen distribution:
    projlen=89: 6 braids
    projlen=90: 12 braids
    projlen=91: 67 braids
    projlen=92: 86 braids
    projlen=93: 914 braids
    projlen=94: 996 braids
    projlen=95: 10991 braids
    projlen=96: 9085 braids
    projlen=97: 101735 braids
    projlen=98: 69007 braids
    projlen=99: 284707 braids
    projlen=100: 176528 braids
    projlen=101: 361351 braids
    projlen=102: 169316 braids
    projlen=103: 356825 braids
    projlen=104: 163363 braids
    projlen=105: 348504 braids
    projlen=106: 171694 braids
    projlen=107: 340130 braids
    projlen=108: 178838 braids
    projlen=109: 337886 braids
    projlen=110: 175695 braids
    projlen=111: 337613 braids
    projlen=112: 175872 braids
    projlen=113: 336166 braids
    projlen=114: 181968 braids
    projlen=115: 330168 braids
    projlen=116: 193366 braids
    projlen=117: 295889 braids
    projlen=118: 85680 braids
  Braids kept: 1122157 (in 30 buckets, 2.93 GB CPU)
  ⚡ Timing: matmul=0.19s, sampling=8.59s, total=13.05s
============================================================
Level 169 - SAMPLING
============================================================
  Starting braids: 972157
  Candidates to generate: 5106217
  Processing in 52 chunks...
  Projlen distribution:
    projlen=90: 2 braids
    projlen=91: 85 braids
    projlen=92: 79 braids
    projlen=93: 582 braids
    projlen=94: 588 braids
    projlen=95: 6467 braids
    projlen=96: 5535 braids
    projlen=97: 59099 braids
    projlen=98: 41124 braids
    projlen=99: 268676 braids
    projlen=100: 178397 braids
    projlen=101: 362577 braids
    projlen=102: 171480 braids
    projlen=103: 357354 braids
    projlen=104: 161220 braids
    projlen=105: 352315 braids
    projlen=106: 162502 braids
    projlen=107: 344126 braids
    projlen=108: 175495 braids
    projlen=109: 336630 braids
    projlen=110: 186300 braids
    projlen=111: 332978 braids
    projlen=112: 184579 braids
    projlen=113: 333919 braids
    projlen=114: 184011 braids
    projlen=115: 330138 braids
    projlen=116: 188748 braids
    projlen=117: 296968 braids
    projlen=118: 84243 braids
  Braids kept: 1104462 (in 29 buckets, 2.89 GB CPU)
  ⚡ Timing: matmul=0.13s, sampling=8.47s, total=12.86s
============================================================
Level 170 - SAMPLING
============================================================
  Starting braids: 954462
  Candidates to generate: 5027958
  Processing in 51 chunks...
  Projlen distribution:
    projlen=90: 1 braids
    projlen=91: 22 braids
    projlen=92: 37 braids
    projlen=93: 580 braids
    projlen=94: 554 braids
    projlen=95: 4044 braids
    projlen=96: 3465 braids
    projlen=97: 37043 braids
    projlen=98: 27144 braids
    projlen=99: 254958 braids
    projlen=100: 165190 braids
    projlen=101: 343691 braids
    projlen=102: 175424 braids
    projlen=103: 357667 braids
    projlen=104: 162544 braids
    projlen=105: 353126 braids
    projlen=106: 158999 braids
    projlen=107: 348902 braids
    projlen=108: 163382 braids
    projlen=109: 340548 braids
    projlen=110: 180912 braids
    projlen=111: 332772 braids
    projlen=112: 195321 braids
    projlen=113: 327955 braids
    projlen=114: 195003 braids
    projlen=115: 327402 braids
    projlen=116: 191522 braids
    projlen=117: 295548 braids
    projlen=118: 84202 braids
  Braids kept: 1072890 (in 29 buckets, 2.81 GB CPU)
  ⚡ Timing: matmul=0.13s, sampling=8.40s, total=12.73s
============================================================
Level 171 - SAMPLING
============================================================
  Starting braids: 972890
  Candidates to generate: 5108872
  Processing in 52 chunks...
  Projlen distribution:
    projlen=91: 6 braids
    projlen=92: 14 braids
    projlen=93: 212 braids
    projlen=94: 258 braids
    projlen=95: 3660 braids
    projlen=96: 3127 braids
    projlen=97: 24535 braids
    projlen=98: 18064 braids
    projlen=99: 184646 braids
    projlen=100: 118116 braids
    projlen=101: 310802 braids
    projlen=102: 175929 braids
    projlen=103: 358880 braids
    projlen=104: 164520 braids
    projlen=105: 353580 braids
    projlen=106: 160296 braids
    projlen=107: 350133 braids
    projlen=108: 159432 braids
    projlen=109: 346062 braids
    projlen=110: 166393 braids
    projlen=111: 338570 braids
    projlen=112: 187445 braids
    projlen=113: 327694 braids
    projlen=114: 204109 braids
    projlen=115: 322347 braids
    projlen=116: 206246 braids
    projlen=117: 317399 braids
    projlen=118: 195440 braids
    projlen=119: 110957 braids
  Braids kept: 1099876 (in 29 buckets, 2.90 GB CPU)
  ⚡ Timing: matmul=0.14s, sampling=8.61s, total=13.04s
============================================================
Level 172 - SAMPLING
============================================================
  Starting braids: 999876
  Candidates to generate: 5265116
  Processing in 53 chunks...
  Projlen distribution:
    projlen=92: 3 braids
    projlen=93: 80 braids
    projlen=94: 131 braids
    projlen=95: 1599 braids
    projlen=96: 1618 braids
    projlen=97: 20986 braids
    projlen=98: 15585 braids
    projlen=99: 126044 braids
    projlen=100: 79670 braids
    projlen=101: 289632 braids
    projlen=102: 175904 braids
    projlen=103: 362755 braids
    projlen=104: 167508 braids
    projlen=105: 355341 braids
    projlen=106: 160853 braids
    projlen=107: 350121 braids
    projlen=108: 161049 braids
    projlen=109: 348309 braids
    projlen=110: 161210 braids
    projlen=111: 344945 braids
    projlen=112: 170543 braids
    projlen=113: 335738 braids
    projlen=114: 194919 braids
    projlen=115: 322372 braids
    projlen=116: 212123 braids
    projlen=117: 314769 braids
    projlen=118: 215091 braids
    projlen=119: 288265 braids
    projlen=120: 87953 braids
  Braids kept: 1140002 (in 29 buckets, 3.03 GB CPU)
  ⚡ Timing: matmul=0.16s, sampling=8.89s, total=13.45s
============================================================
Level 173 - SAMPLING
============================================================
  Starting braids: 990002
  Candidates to generate: 5200948
  Processing in 53 chunks...
  Projlen distribution:
    projlen=92: 2 braids
    projlen=93: 22 braids
    projlen=94: 49 braids
    projlen=95: 752 braids
    projlen=96: 856 braids
    projlen=97: 10392 braids
    projlen=98: 8480 braids
    projlen=99: 104721 braids
    projlen=100: 69042 braids
    projlen=101: 284236 braids
    projlen=102: 175334 braids
    projlen=103: 364289 braids
    projlen=104: 169793 braids
    projlen=105: 358381 braids
    projlen=106: 160297 braids
    projlen=107: 352948 braids
    projlen=108: 160803 braids
    projlen=109: 347710 braids
    projlen=110: 163142 braids
    projlen=111: 345263 braids
    projlen=112: 163700 braids
    projlen=113: 341964 braids
    projlen=114: 175310 braids
    projlen=115: 330918 braids
    projlen=116: 201840 braids
    projlen=117: 317394 braids
    projlen=118: 219256 braids
    projlen=119: 284980 braids
    projlen=120: 89074 braids
  Braids kept: 1120553 (in 29 buckets, 2.98 GB CPU)
  ⚡ Timing: matmul=0.13s, sampling=8.88s, total=13.41s
============================================================
Level 174 - SAMPLING
============================================================
  Starting braids: 970553
  Candidates to generate: 5074021
  Processing in 51 chunks...
  Projlen distribution:
    projlen=93: 20 braids
    projlen=94: 42 braids
    projlen=95: 304 braids
    projlen=96: 412 braids
    projlen=97: 5358 braids
    projlen=98: 4707 braids
    projlen=99: 54673 braids
    projlen=100: 37956 braids
    projlen=101: 265802 braids
    projlen=102: 174972 braids
    projlen=103: 363420 braids
    projlen=104: 170124 braids
    projlen=105: 358502 braids
    projlen=106: 159949 braids
    projlen=107: 355022 braids
    projlen=108: 157972 braids
    projlen=109: 349288 braids
    projlen=110: 161832 braids
    projlen=111: 345898 braids
    projlen=112: 166932 braids
    projlen=113: 342606 braids
    projlen=114: 167627 braids
    projlen=115: 338249 braids
    projlen=116: 181719 braids
    projlen=117: 326432 braids
    projlen=118: 207223 braids
    projlen=119: 288827 braids
    projlen=120: 88153 braids
  Braids kept: 1098799 (in 28 buckets, 2.93 GB CPU)
  ⚡ Timing: matmul=0.15s, sampling=8.52s, total=12.96s
============================================================
Level 175 - SAMPLING
============================================================
  Starting braids: 998799
  Candidates to generate: 5212153
  Processing in 53 chunks...
  Projlen distribution:
    projlen=92: 1 braids
    projlen=93: 5 braids
    projlen=94: 10 braids
    projlen=95: 262 braids
    projlen=96: 299 braids
    projlen=97: 2615 braids
    projlen=98: 2509 braids
    projlen=99: 30721 braids
    projlen=100: 23127 braids
    projlen=101: 248045 braids
    projlen=102: 158912 braids
    projlen=103: 334417 braids
    projlen=104: 172020 braids
    projlen=105: 359774 braids
    projlen=106: 160548 braids
    projlen=107: 356111 braids
    projlen=108: 157161 braids
    projlen=109: 351038 braids
    projlen=110: 157277 braids
    projlen=111: 347147 braids
    projlen=112: 164316 braids
    projlen=113: 343440 braids
    projlen=114: 171681 braids
    projlen=115: 339328 braids
    projlen=116: 173670 braids
    projlen=117: 334468 braids
    projlen=118: 188318 braids
    projlen=119: 318652 braids
    projlen=120: 206069 braids
    projlen=121: 110212 braids
  Braids kept: 1109549 (in 30 buckets, 2.99 GB CPU)
  ⚡ Timing: matmul=0.14s, sampling=8.83s, total=13.39s
============================================================
Level 176 - SAMPLING
============================================================
  Starting braids: 959549
  Candidates to generate: 4982071
  Processing in 50 chunks...
  Projlen distribution:
    projlen=93: 4 braids
    projlen=94: 7 braids
    projlen=95: 90 braids
    projlen=96: 137 braids
    projlen=97: 1999 braids
    projlen=98: 1874 braids
    projlen=99: 16792 braids
    projlen=100: 13256 braids
    projlen=101: 153283 braids
    projlen=102: 99704 braids
    projlen=103: 299762 braids
    projlen=104: 175090 braids
    projlen=105: 360768 braids
    projlen=106: 162310 braids
    projlen=107: 355309 braids
    projlen=108: 156112 braids
    projlen=109: 352220 braids
    projlen=110: 155704 braids
    projlen=111: 349373 braids
    projlen=112: 157657 braids
    projlen=113: 344374 braids
    projlen=114: 167204 braids
    projlen=115: 339916 braids
    projlen=116: 177230 braids
    projlen=117: 335302 braids
    projlen=118: 181451 braids
    projlen=119: 325069 braids
    projlen=120: 188227 braids
    projlen=121: 111847 braids
  Braids kept: 1084159 (in 29 buckets, 2.93 GB CPU)
  ⚡ Timing: matmul=0.15s, sampling=8.45s, total=12.81s
============================================================
Level 177 - SAMPLING
============================================================
  Starting braids: 984159
  Candidates to generate: 5126169
  Processing in 52 chunks...
  Projlen distribution:
    projlen=93: 5 braids
    projlen=94: 6 braids
    projlen=95: 42 braids
    projlen=96: 67 braids
    projlen=97: 846 braids
    projlen=98: 980 braids
    projlen=99: 12408 braids
    projlen=100: 9892 braids
    projlen=101: 87975 braids
    projlen=102: 58335 braids
    projlen=103: 278860 braids
    projlen=104: 176966 braids
    projlen=105: 362856 braids
    projlen=106: 167462 braids
    projlen=107: 358860 braids
    projlen=108: 157740 braids
    projlen=109: 351797 braids
    projlen=110: 154306 braids
    projlen=111: 349431 braids
    projlen=112: 155129 braids
    projlen=113: 346736 braids
    projlen=114: 159041 braids
    projlen=115: 343246 braids
    projlen=116: 172682 braids
    projlen=117: 336675 braids
    projlen=118: 184033 braids
    projlen=119: 329080 braids
    projlen=120: 188804 braids
    projlen=121: 297290 braids
    projlen=122: 84619 braids
  Braids kept: 1124246 (in 30 buckets, 3.05 GB CPU)
  ⚡ Timing: matmul=0.14s, sampling=8.95s, total=13.46s
============================================================
Level 178 - SAMPLING
============================================================
  Starting braids: 974246
  Candidates to generate: 5075462
  Processing in 51 chunks...
  Projlen distribution:
    projlen=93: 2 braids
    projlen=94: 3 braids
    projlen=95: 45 braids
    projlen=96: 48 braids
    projlen=97: 424 braids
    projlen=98: 516 braids
    projlen=99: 6064 braids
    projlen=100: 5439 braids
    projlen=101: 65339 braids
    projlen=102: 45410 braids
    projlen=103: 273063 braids
    projlen=104: 177200 braids
    projlen=105: 363935 braids
    projlen=106: 171265 braids
    projlen=107: 358745 braids
    projlen=108: 159247 braids
    projlen=109: 354582 braids
    projlen=110: 155311 braids
    projlen=111: 350496 braids
    projlen=112: 153800 braids
    projlen=113: 348215 braids
    projlen=114: 155417 braids
    projlen=115: 345980 braids
    projlen=116: 161829 braids
    projlen=117: 341048 braids
    projlen=118: 178073 braids
    projlen=119: 331910 braids
    projlen=120: 190340 braids
    projlen=121: 296712 braids
    projlen=122: 85004 braids
  Braids kept: 1107951 (in 30 buckets, 3.01 GB CPU)
  ⚡ Timing: matmul=0.15s, sampling=8.66s, total=13.12s
============================================================
Level 179 - SAMPLING
============================================================
  Starting braids: 957951
  Candidates to generate: 4978587
  Processing in 50 chunks...
  Projlen distribution:
    projlen=94: 1 braids
    projlen=95: 20 braids
    projlen=96: 27 braids
    projlen=97: 354 braids
    projlen=98: 344 braids
    projlen=99: 3287 braids
    projlen=100: 3069 braids
    projlen=101: 34865 braids
    projlen=102: 26059 braids
    projlen=103: 258172 braids
    projlen=104: 170770 braids
    projlen=105: 353928 braids
    projlen=106: 172622 braids
    projlen=107: 358752 braids
    projlen=108: 160595 braids
    projlen=109: 354681 braids
    projlen=110: 155694 braids
    projlen=111: 352020 braids
    projlen=112: 154244 braids
    projlen=113: 349806 braids
    projlen=114: 154133 braids
    projlen=115: 347829 braids
    projlen=116: 156248 braids
    projlen=117: 344203 braids
    projlen=118: 164676 braids
    projlen=119: 337089 braids
    projlen=120: 182319 braids
    projlen=121: 298912 braids
    projlen=122: 83868 braids
  Braids kept: 1068026 (in 29 buckets, 2.92 GB CPU)
  ⚡ Timing: matmul=0.15s, sampling=8.44s, total=12.85s
============================================================
Level 180 - SAMPLING
============================================================
  Starting braids: 968026
  Candidates to generate: 4999670
  Processing in 50 chunks...
  Projlen distribution:
    projlen=94: 1 braids
    projlen=95: 17 braids
    projlen=96: 17 braids
    projlen=97: 168 braids
    projlen=98: 197 braids
    projlen=99: 2396 braids
    projlen=100: 2138 braids
    projlen=101: 20565 braids
    projlen=102: 16020 braids
    projlen=103: 175214 braids
    projlen=104: 113169 braids
    projlen=105: 307941 braids
    projlen=106: 174916 braids
    projlen=107: 359981 braids
    projlen=108: 161348 braids
    projlen=109: 354749 braids
    projlen=110: 156833 braids
    projlen=111: 351408 braids
    projlen=112: 154886 braids
    projlen=113: 350769 braids
    projlen=114: 154084 braids
    projlen=115: 349230 braids
    projlen=116: 154333 braids
    projlen=117: 346857 braids
    projlen=118: 157397 braids
    projlen=119: 342514 braids
    projlen=120: 167506 braids
    projlen=121: 328988 braids
    projlen=122: 182809 braids
    projlen=123: 113219 braids
  Braids kept: 1091519 (in 30 buckets, 3.00 GB CPU)
  ⚡ Timing: matmul=0.16s, sampling=8.57s, total=12.98s
============================================================
Level 181 - SAMPLING
============================================================
  Starting braids: 991519
  Candidates to generate: 5131449
  Processing in 52 chunks...
  Projlen distribution:
    projlen=95: 19 braids
    projlen=96: 19 braids
    projlen=97: 142 braids
    projlen=98: 123 braids
    projlen=99: 1266 braids
    projlen=100: 1237 braids
    projlen=101: 14501 braids
    projlen=102: 11299 braids
    projlen=103: 106597 braids
    projlen=104: 69890 braids
    projlen=105: 285043 braids
    projlen=106: 176622 braids
    projlen=107: 363305 braids
    projlen=108: 166903 braids
    projlen=109: 356544 braids
    projlen=110: 157163 braids
    projlen=111: 351558 braids
    projlen=112: 156215 braids
    projlen=113: 350512 braids
    projlen=114: 154844 braids
    projlen=115: 349660 braids
    projlen=116: 153832 braids
    projlen=117: 348927 braids
    projlen=118: 154662 braids
    projlen=119: 345975 braids
    projlen=120: 158822 braids
    projlen=121: 338795 braids
    projlen=122: 171220 braids
    projlen=123: 302979 braids
    projlen=124: 82775 braids
  Braids kept: 1128606 (in 30 buckets, 3.12 GB CPU)
  ⚡ Timing: matmul=0.14s, sampling=9.03s, total=13.60s
============================================================
Level 182 - SAMPLING
============================================================
  Starting braids: 978606
  Candidates to generate: 5065922
  Processing in 51 chunks...
  Projlen distribution:
    projlen=94: 1 braids
    projlen=95: 1 braids
    projlen=96: 6 braids
    projlen=97: 140 braids
    projlen=98: 132 braids
    projlen=99: 926 braids
    projlen=100: 839 braids
    projlen=101: 8183 braids
    projlen=102: 6843 braids
    projlen=103: 75073 braids
    projlen=104: 51014 braids
    projlen=105: 275156 braids
    projlen=106: 176902 braids
    projlen=107: 364896 braids
    projlen=108: 170645 braids
    projlen=109: 359475 braids
    projlen=110: 159090 braids
    projlen=111: 353857 braids
    projlen=112: 155578 braids
    projlen=113: 349629 braids
    projlen=114: 156307 braids
    projlen=115: 348705 braids
    projlen=116: 155348 braids
    projlen=117: 349347 braids
    projlen=118: 153675 braids
    projlen=119: 347911 braids
    projlen=120: 154844 braids
    projlen=121: 344644 braids
    projlen=122: 159490 braids
    projlen=123: 306331 braids
    projlen=124: 80934 braids
  Braids kept: 1117071 (in 31 buckets, 3.10 GB CPU)
  ⚡ Timing: matmul=0.17s, sampling=8.83s, total=13.37s
============================================================
Level 183 - SAMPLING
============================================================
  Starting braids: 967071
  Candidates to generate: 5006845
  Processing in 51 chunks...
  Projlen distribution:
    projlen=93: 1 braids
    projlen=95: 5 braids
    projlen=96: 3 braids
    projlen=97: 27 braids
    projlen=98: 51 braids
    projlen=99: 858 braids
    projlen=100: 797 braids
    projlen=101: 5829 braids
    projlen=102: 4657 braids
    projlen=103: 45045 braids
    projlen=104: 32387 braids
    projlen=105: 265109 braids
    projlen=106: 177582 braids
    projlen=107: 365597 braids
    projlen=108: 172501 braids
    projlen=109: 359500 braids
    projlen=110: 160133 braids
    projlen=111: 354507 braids
    projlen=112: 156101 braids
    projlen=113: 351362 braids
    projlen=114: 155788 braids
    projlen=115: 349177 braids
    projlen=116: 156894 braids
    projlen=117: 347791 braids
    projlen=118: 155903 braids
    projlen=119: 348154 braids
    projlen=120: 153468 braids
    projlen=121: 345965 braids
    projlen=122: 153439 braids
    projlen=123: 307849 braids
    projlen=124: 80365 braids
  Braids kept: 1089660 (in 31 buckets, 3.03 GB CPU)
  ⚡ Timing: matmul=0.13s, sampling=8.73s, total=13.22s
============================================================
Level 184 - SAMPLING
============================================================
  Starting braids: 989660
  Candidates to generate: 5094206
  Processing in 51 chunks...
  Projlen distribution:
    projlen=93: 4 braids
    projlen=94: 3 braids
    projlen=95: 7 braids
    projlen=96: 5 braids
    projlen=97: 25 braids
    projlen=98: 33 braids
    projlen=99: 274 braids
    projlen=100: 320 braids
    projlen=101: 5118 braids
    projlen=102: 4238 braids
    projlen=103: 33269 braids
    projlen=104: 23550 braids
    projlen=105: 223928 braids
    projlen=106: 142415 braids
    projlen=107: 323366 braids
    projlen=108: 175029 braids
    projlen=109: 360291 braids
    projlen=110: 161269 braids
    projlen=111: 355589 braids
    projlen=112: 156470 braids
    projlen=113: 351584 braids
    projlen=114: 155214 braids
    projlen=115: 348861 braids
    projlen=116: 155209 braids
    projlen=117: 347834 braids
    projlen=118: 157815 braids
    projlen=119: 346741 braids
    projlen=120: 156842 braids
    projlen=121: 347619 braids
    projlen=122: 153507 braids
    projlen=123: 339943 braids
    projlen=124: 151185 braids
    projlen=125: 116649 braids
  Braids kept: 1116846 (in 33 buckets, 3.12 GB CPU)
  ⚡ Timing: matmul=0.16s, sampling=8.81s, total=13.38s
============================================================
Level 185 - SAMPLING
============================================================
  Starting braids: 966846
  Candidates to generate: 4978808
  Processing in 50 chunks...
  Projlen distribution:
    projlen=92: 1 braids
    projlen=93: 2 braids
    projlen=94: 4 braids
    projlen=95: 23 braids
    projlen=96: 17 braids
    projlen=97: 53 braids
    projlen=98: 41 braids
    projlen=99: 218 braids
    projlen=100: 232 braids
    projlen=101: 2029 braids
    projlen=102: 1902 braids
    projlen=103: 28462 braids
    projlen=104: 21017 braids
    projlen=105: 166822 braids
    projlen=106: 103965 braids
    projlen=107: 301150 braids
    projlen=108: 177415 braids
    projlen=109: 362402 braids
    projlen=110: 166220 braids
    projlen=111: 356557 braids
    projlen=112: 157337 braids
    projlen=113: 352873 braids
    projlen=114: 155927 braids
    projlen=115: 349406 braids
    projlen=116: 155036 braids
    projlen=117: 348592 braids
    projlen=118: 156315 braids
    projlen=119: 346228 braids
    projlen=120: 160035 braids
    projlen=121: 345238 braids
    projlen=122: 158092 braids
    projlen=123: 339956 braids
    projlen=124: 149034 braids
    projlen=125: 116207 braids
  Braids kept: 1104001 (in 34 buckets, 3.10 GB CPU)
  ⚡ Timing: matmul=0.15s, sampling=8.74s, total=13.20s
============================================================
Level 186 - SAMPLING
============================================================
  Starting braids: 954001
  Candidates to generate: 4921725
  Processing in 50 chunks...
  Projlen distribution:
    projlen=93: 3 braids
    projlen=94: 4 braids
    projlen=95: 20 braids
    projlen=96: 17 braids
    projlen=97: 127 braids
    projlen=98: 91 braids
    projlen=99: 399 braids
    projlen=100: 282 braids
    projlen=101: 1566 braids
    projlen=102: 1346 braids
    projlen=103: 12850 braids
    projlen=104: 9963 braids
    projlen=105: 138834 braids
    projlen=106: 91790 braids
    projlen=107: 295396 braids
    projlen=108: 174632 braids
    projlen=109: 362778 braids
    projlen=110: 170490 braids
    projlen=111: 357782 braids
    projlen=112: 160262 braids
    projlen=113: 352574 braids
    projlen=114: 155768 braids
    projlen=115: 351038 braids
    projlen=116: 155961 braids
    projlen=117: 349681 braids
    projlen=118: 155434 braids
    projlen=119: 347207 braids
    projlen=120: 157656 braids
    projlen=121: 345136 braids
    projlen=122: 162313 braids
    projlen=123: 338997 braids
    projlen=124: 156202 braids
    projlen=125: 115126 braids
  Braids kept: 1076668 (in 33 buckets, 3.03 GB CPU)
  ⚡ Timing: matmul=0.14s, sampling=8.77s, total=13.21s
============================================================
Level 187 - SAMPLING
============================================================
  Starting braids: 976668
  Candidates to generate: 5055126
  Processing in 51 chunks...
  Projlen distribution:
    projlen=94: 1 braids
    projlen=95: 27 braids
    projlen=96: 26 braids
    projlen=97: 122 braids
    projlen=98: 90 braids
    projlen=99: 684 braids
    projlen=100: 473 braids
    projlen=101: 2460 braids
    projlen=102: 1657 braids
    projlen=103: 9616 braids
    projlen=104: 7200 braids
    projlen=105: 65469 braids
    projlen=106: 43995 braids
    projlen=107: 268269 braids
    projlen=108: 176379 braids
    projlen=109: 362715 braids
    projlen=110: 169215 braids
    projlen=111: 357993 braids
    projlen=112: 162593 braids
    projlen=113: 352430 braids
    projlen=114: 158138 braids
    projlen=115: 350079 braids
    projlen=116: 155860 braids
    projlen=117: 349027 braids
    projlen=118: 156157 braids
    projlen=119: 347956 braids
    projlen=120: 156017 braids
    projlen=121: 345347 braids
    projlen=122: 159034 braids
    projlen=123: 342454 braids
    projlen=124: 164932 braids
    projlen=125: 306583 braids
    projlen=126: 82128 braids
  Braids kept: 1116351 (in 33 buckets, 3.16 GB CPU)
  ⚡ Timing: matmul=0.14s, sampling=8.96s, total=13.50s
============================================================
Level 188 - SAMPLING
============================================================
  Starting braids: 966351
  Candidates to generate: 5006375
  Processing in 51 chunks...
  Projlen distribution:
    projlen=95: 4 braids
    projlen=96: 9 braids
    projlen=97: 163 braids
    projlen=98: 139 braids
    projlen=99: 705 braids
    projlen=100: 475 braids
    projlen=101: 3587 braids
    projlen=102: 2417 braids
    projlen=103: 13695 braids
    projlen=104: 8826 braids
    projlen=105: 50671 braids
    projlen=106: 34676 braids
    projlen=107: 255977 braids
    projlen=108: 168754 braids
    projlen=109: 347517 braids
    projlen=110: 173236 braids
    projlen=111: 357291 braids
    projlen=112: 160297 braids
    projlen=113: 353107 braids
    projlen=114: 160504 braids
    projlen=115: 350109 braids
    projlen=116: 158843 braids
    projlen=117: 348299 braids
    projlen=118: 156506 braids
    projlen=119: 348333 braids
    projlen=120: 157436 braids
    projlen=121: 346843 braids
    projlen=122: 157353 braids
    projlen=123: 343360 braids
    projlen=124: 160089 braids
    projlen=125: 306020 braids
    projlen=126: 81134 braids
  Braids kept: 1114696 (in 32 buckets, 3.16 GB CPU)
  ⚡ Timing: matmul=0.13s, sampling=8.98s, total=13.50s
============================================================
Level 189 - SAMPLING
============================================================
  Starting braids: 964696
  Candidates to generate: 5009496
  Processing in 51 chunks...
  Projlen distribution:
    projlen=95: 3 braids
    projlen=96: 3 braids
    projlen=97: 52 braids
    projlen=98: 54 braids
    projlen=99: 903 braids
    projlen=100: 670 braids
    projlen=101: 3830 braids
    projlen=102: 2499 braids
    projlen=103: 18529 braids
    projlen=104: 12180 braids
    projlen=105: 71353 braids
    projlen=106: 44417 braids
    projlen=107: 247575 braids
    projlen=108: 154070 braids
    projlen=109: 322750 braids
    projlen=110: 177486 braids
    projlen=111: 358786 braids
    projlen=112: 164151 braids
    projlen=113: 354631 braids
    projlen=114: 158044 braids
    projlen=115: 349232 braids
    projlen=116: 160881 braids
    projlen=117: 346260 braids
    projlen=118: 160798 braids
    projlen=119: 346583 braids
    projlen=120: 157709 braids
    projlen=121: 346540 braids
    projlen=122: 159021 braids
    projlen=123: 344950 braids
    projlen=124: 157559 braids
    projlen=125: 307222 braids
    projlen=126: 80755 braids
  Braids kept: 1133140 (in 32 buckets, 3.21 GB CPU)
  ⚡ Timing: matmul=0.13s, sampling=9.04s, total=13.57s
============================================================
Level 190 - SAMPLING
============================================================
  Starting braids: 983140
  Candidates to generate: 5107688
  Processing in 52 chunks...
  Projlen distribution:
    projlen=97: 30 braids
    projlen=98: 25 braids
    projlen=99: 381 braids
    projlen=100: 309 braids
    projlen=101: 4698 braids
    projlen=102: 3313 braids
    projlen=103: 20156 braids
    projlen=104: 12828 braids
    projlen=105: 92710 braids
    projlen=106: 58231 braids
    projlen=107: 265496 braids
    projlen=108: 162789 braids
    projlen=109: 343297 braids
    projlen=110: 179628 braids
    projlen=111: 356718 braids
    projlen=112: 170537 braids
    projlen=113: 354584 braids
    projlen=114: 160765 braids
    projlen=115: 350757 braids
    projlen=116: 157476 braids
    projlen=117: 347619 braids
    projlen=118: 163023 braids
    projlen=119: 343841 braids
    projlen=120: 163263 braids
    projlen=121: 344912 braids
    projlen=122: 160300 braids
    projlen=123: 343748 braids
    projlen=124: 159468 braids
    projlen=125: 306141 braids
    projlen=126: 80645 braids
  Braids kept: 1141740 (in 30 buckets, 3.24 GB CPU)
  ⚡ Timing: matmul=0.14s, sampling=9.30s, total=13.94s
============================================================
Level 191 - SAMPLING
============================================================
  Starting braids: 991740
  Candidates to generate: 5155158
  Processing in 52 chunks...
  Projlen distribution:
    projlen=97: 2 braids
    projlen=98: 2 braids
    projlen=99: 174 braids
    projlen=100: 147 braids
    projlen=101: 2249 braids
    projlen=102: 1733 braids
    projlen=103: 23861 braids
    projlen=104: 16174 braids
    projlen=105: 100465 braids
    projlen=106: 60424 braids
    projlen=107: 272400 braids
    projlen=108: 172767 braids
    projlen=109: 359931 braids
    projlen=110: 171606 braids
    projlen=111: 354827 braids
    projlen=112: 171474 braids
    projlen=113: 351399 braids
    projlen=114: 166891 braids
    projlen=115: 350555 braids
    projlen=116: 161020 braids
    projlen=117: 347442 braids
    projlen=118: 158336 braids
    projlen=119: 345117 braids
    projlen=120: 165583 braids
    projlen=121: 341825 braids
    projlen=122: 168338 braids
    projlen=123: 341466 braids
    projlen=124: 161874 braids
    projlen=125: 305913 braids
    projlen=126: 81163 braids
  Braids kept: 1144342 (in 30 buckets, 3.25 GB CPU)
  ⚡ Timing: matmul=0.15s, sampling=9.33s, total=13.98s
============================================================
Level 192 - SAMPLING
============================================================
  Starting braids: 994342
  Candidates to generate: 5173514
  Processing in 52 chunks...
  Projlen distribution:
    projlen=98: 1 braids
    projlen=99: 9 braids
    projlen=100: 22 braids
    projlen=101: 965 braids
    projlen=102: 854 braids
    projlen=103: 12310 braids
    projlen=104: 8984 braids
    projlen=105: 115005 braids
    projlen=106: 73669 braids
    projlen=107: 278520 braids
    projlen=108: 170328 braids
    projlen=109: 358800 braids
    projlen=110: 171949 braids
    projlen=111: 357659 braids
    projlen=112: 162924 braids
    projlen=113: 352132 braids
    projlen=114: 169699 braids
    projlen=115: 345449 braids
    projlen=116: 169107 braids
    projlen=117: 345425 braids
    projlen=118: 163511 braids
    projlen=119: 345055 braids
    projlen=120: 160201 braids
    projlen=121: 343346 braids
    projlen=122: 170722 braids
    projlen=123: 338936 braids
    projlen=124: 172618 braids
    projlen=125: 302862 braids
    projlen=126: 82452 braids
  Braids kept: 1123145 (in 29 buckets, 3.20 GB CPU)
  ⚡ Timing: matmul=0.16s, sampling=9.21s, total=13.88s
============================================================
Level 193 - SAMPLING
============================================================
  Starting braids: 973145
  Candidates to generate: 5061243
  Processing in 51 chunks...
  Projlen distribution:
    projlen=98: 2 braids
    projlen=99: 2 braids
    projlen=100: 13 braids
    projlen=101: 111 braids
    projlen=102: 195 braids
    projlen=103: 5411 braids
    projlen=104: 4458 braids
    projlen=105: 60779 braids
    projlen=106: 40298 braids
    projlen=107: 263537 braids
    projlen=108: 172391 braids
    projlen=109: 358254 braids
    projlen=110: 169520 braids
    projlen=111: 354997 braids
    projlen=112: 162775 braids
    projlen=113: 353714 braids
    projlen=114: 161096 braids
    projlen=115: 348558 braids
    projlen=116: 171612 braids
    projlen=117: 342322 braids
    projlen=118: 174042 braids
    projlen=119: 342322 braids
    projlen=120: 168383 braids
    projlen=121: 343350 braids
    projlen=122: 164837 braids
    projlen=123: 339676 braids
    projlen=124: 173454 braids
    projlen=125: 302244 braids
    projlen=126: 82890 braids
  Braids kept: 1100490 (in 29 buckets, 3.14 GB CPU)
  ⚡ Timing: matmul=0.14s, sampling=9.06s, total=13.63s
============================================================
Level 194 - SAMPLING
============================================================
  Starting braids: 950490
  Candidates to generate: 4950204
  Processing in 50 chunks...
  Projlen distribution:
    projlen=98: 2 braids
    projlen=99: 8 braids
    projlen=100: 13 braids
    projlen=101: 78 braids
    projlen=102: 108 braids
    projlen=103: 1116 braids
    projlen=104: 1290 braids
    projlen=105: 28246 braids
    projlen=106: 21125 braids
    projlen=107: 245111 braids
    projlen=108: 159185 braids
    projlen=109: 336897 braids
    projlen=110: 171604 braids
    projlen=111: 356490 braids
    projlen=112: 162067 braids
    projlen=113: 352545 braids
    projlen=114: 160781 braids
    projlen=115: 349042 braids
    projlen=116: 161358 braids
    projlen=117: 344875 braids
    projlen=118: 175749 braids
    projlen=119: 336815 braids
    projlen=120: 180467 braids
    projlen=121: 337900 braids
    projlen=122: 174153 braids
    projlen=123: 339397 braids
    projlen=124: 167579 braids
    projlen=125: 304191 braids
    projlen=126: 82012 braids
  Braids kept: 1051986 (in 29 buckets, 3.02 GB CPU)
  ⚡ Timing: matmul=0.14s, sampling=8.90s, total=13.39s
============================================================
Level 195 - SAMPLING
============================================================
  Starting braids: 951986
  Candidates to generate: 4940646
  Processing in 50 chunks...
  Projlen distribution:
    projlen=99: 9 braids
    projlen=100: 13 braids
    projlen=101: 105 braids
    projlen=102: 106 braids
    projlen=103: 756 braids
    projlen=104: 844 braids
    projlen=105: 7947 braids
    projlen=106: 7126 braids
    projlen=107: 135800 braids
    projlen=108: 90360 braids
    projlen=109: 292058 braids
    projlen=110: 174094 braids
    projlen=111: 358207 braids
    projlen=112: 162572 braids
    projlen=113: 353425 braids
    projlen=114: 160312 braids
    projlen=115: 349234 braids
    projlen=116: 161589 braids
    projlen=117: 345610 braids
    projlen=118: 164027 braids
    projlen=119: 341887 braids
    projlen=120: 180693 braids
    projlen=121: 333656 braids
    projlen=122: 189806 braids
    projlen=123: 333296 braids
    projlen=124: 181554 braids
    projlen=125: 330570 braids
    projlen=126: 170562 braids
    projlen=127: 114428 braids
  Braids kept: 1066906 (in 29 buckets, 3.08 GB CPU)
  ⚡ Timing: matmul=0.14s, sampling=9.10s, total=13.65s
============================================================
Level 196 - SAMPLING
============================================================
  Starting braids: 966906
  Candidates to generate: 5049488
  Processing in 51 chunks...
  Projlen distribution:
    projlen=100: 2 braids
    projlen=101: 82 braids
    projlen=102: 81 braids
    projlen=103: 734 braids
    projlen=104: 717 braids
    projlen=105: 5399 braids
    projlen=106: 4821 braids
    projlen=107: 43673 braids
    projlen=108: 31225 braids
    projlen=109: 261326 braids
    projlen=110: 177068 braids
    projlen=111: 360841 braids
    projlen=112: 168040 braids
    projlen=113: 354422 braids
    projlen=114: 157590 braids
    projlen=115: 349500 braids
    projlen=116: 160609 braids
    projlen=117: 347054 braids
    projlen=118: 164713 braids
    projlen=119: 343295 braids
    projlen=120: 167310 braids
    projlen=121: 338101 braids
    projlen=122: 186995 braids
    projlen=123: 328469 braids
    projlen=124: 198943 braids
    projlen=125: 325502 braids
    projlen=126: 190825 braids
    projlen=127: 298174 braids
    projlen=128: 83977 braids
  Braids kept: 1086734 (in 29 buckets, 3.16 GB CPU)
  ⚡ Timing: matmul=0.14s, sampling=9.18s, total=13.79s
============================================================
Level 197 - SAMPLING
============================================================
  Starting braids: 986734
  Candidates to generate: 5158348
  Processing in 52 chunks...
  Projlen distribution:
    projlen=100: 1 braids
    projlen=101: 6 braids
    projlen=102: 20 braids
    projlen=103: 523 braids
    projlen=104: 496 braids
    projlen=105: 4633 braids
    projlen=106: 4169 braids
    projlen=107: 31453 braids
    projlen=108: 24455 braids
    projlen=109: 217976 braids
    projlen=110: 140105 braids
    projlen=111: 317324 braids
    projlen=112: 174445 braids
    projlen=113: 357749 braids
    projlen=114: 160492 braids
    projlen=115: 351473 braids
    projlen=116: 156490 braids
    projlen=117: 346408 braids
    projlen=118: 162177 braids
    projlen=119: 344095 braids
    projlen=120: 168568 braids
    projlen=121: 340490 braids
    projlen=122: 172643 braids
    projlen=123: 334635 braids
    projlen=124: 193953 braids
    projlen=125: 323549 braids
    projlen=126: 208054 braids
    projlen=127: 315714 braids
    projlen=128: 196245 braids
    projlen=129: 110007 braids
  Braids kept: 1115756 (in 30 buckets, 3.26 GB CPU)
  ⚡ Timing: matmul=0.62s, sampling=9.57s, total=16.64s
============================================================
Level 198 - SAMPLING
============================================================
  Starting braids: 965756
  Candidates to generate: 5055018
  Processing in 51 chunks...
  Projlen distribution:
    projlen=101: 8 braids
    projlen=102: 19 braids
    projlen=103: 102 braids
    projlen=104: 176 braids
    projlen=105: 3120 braids
    projlen=106: 2803 braids
    projlen=107: 26647 braids
    projlen=108: 21309 braids
    projlen=109: 159145 braids
    projlen=110: 108058 braids
    projlen=111: 303059 braids
    projlen=112: 179917 braids
    projlen=113: 359796 braids
    projlen=114: 166630 braids
    projlen=115: 354177 braids
    projlen=116: 158599 braids
    projlen=117: 349637 braids
    projlen=118: 156846 braids
    projlen=119: 345324 braids
    projlen=120: 165751 braids
    projlen=121: 341060 braids
    projlen=122: 173312 braids
    projlen=123: 336600 braids
    projlen=124: 180274 braids
    projlen=125: 329646 braids
    projlen=126: 201254 braids
    projlen=127: 315326 braids
    projlen=128: 207918 braids
    projlen=129: 108505 braids
  Braids kept: 1104184 (in 29 buckets, 3.23 GB CPU)
  ⚡ Timing: matmul=0.18s, sampling=9.42s, total=16.04s
============================================================
Level 199 - SAMPLING
============================================================
  Starting braids: 954184
  Candidates to generate: 4991436
  Processing in 50 chunks...
  Projlen distribution:
    projlen=100: 1 braids
    projlen=101: 1 braids
    projlen=102: 6 braids
    projlen=103: 114 braids
    projlen=104: 130 braids
    projlen=105: 1066 braids
    projlen=106: 1238 braids
    projlen=107: 17865 braids
    projlen=108: 14211 braids
    projlen=109: 134746 braids
    projlen=110: 94935 braids
    projlen=111: 292878 braids
    projlen=112: 185610 braids
    projlen=113: 358560 braids
    projlen=114: 173334 braids
    projlen=115: 355377 braids
    projlen=116: 161695 braids
    projlen=117: 350947 braids
    projlen=118: 158293 braids
    projlen=119: 347416 braids
    projlen=120: 158453 braids
    projlen=121: 343760 braids
    projlen=122: 170129 braids
    projlen=123: 337670 braids
    projlen=124: 180266 braids
    projlen=125: 333239 braids
    projlen=126: 188544 braids
    projlen=127: 321079 braids
    projlen=128: 199715 braids
    projlen=129: 110158 braids
  Braids kept: 1084632 (in 30 buckets, 3.18 GB CPU)
  ⚡ Timing: matmul=0.21s, sampling=9.28s, total=15.79s
============================================================
Level 200 - SAMPLING
============================================================
  Starting braids: 984632
  Candidates to generate: 5155578
  Processing in 52 chunks...
  Projlen distribution:
    projlen=101: 5 braids
    projlen=102: 7 braids
    projlen=103: 36 braids
    projlen=104: 62 braids
    projlen=105: 907 braids
    projlen=106: 900 braids
    projlen=107: 7837 braids
    projlen=108: 6877 braids
    projlen=109: 90226 braids
    projlen=110: 62489 braids
    projlen=111: 276298 braids
    projlen=112: 187851 braids
    projlen=113: 355502 braids
    projlen=114: 181050 braids
    projlen=115: 351594 braids
    projlen=116: 167554 braids
    projlen=117: 350371 braids
    projlen=118: 161806 braids
    projlen=119: 348029 braids
    projlen=120: 159169 braids
    projlen=121: 345472 braids
    projlen=122: 160575 braids
    projlen=123: 340753 braids
    projlen=124: 174737 braids
    projlen=125: 333348 braids
    projlen=126: 187423 braids
    projlen=127: 326872 braids
    projlen=128: 196672 braids
    projlen=129: 295195 braids
    projlen=130: 85961 braids
  Braids kept: 1116631 (in 30 buckets, 3.30 GB CPU)
  ⚡ Timing: matmul=0.18s, sampling=9.69s, total=16.45s
============================================================
Level 201 - SAMPLING
============================================================
  Starting braids: 966631
  Candidates to generate: 5065897
  Processing in 51 chunks...
  Projlen distribution:
    projlen=101: 2 braids
    projlen=102: 4 braids
    projlen=103: 45 braids
    projlen=104: 46 braids
    projlen=105: 351 braids
    projlen=106: 397 braids
    projlen=107: 5988 braids
    projlen=108: 5015 braids
    projlen=109: 44230 braids
    projlen=110: 31761 braids
    projlen=111: 261681 braids
    projlen=112: 179980 braids
    projlen=113: 358494 braids
    projlen=114: 185578 braids
    projlen=115: 348546 braids
    projlen=116: 176925 braids
    projlen=117: 346779 braids
    projlen=118: 169360 braids
    projlen=119: 346381 braids
    projlen=120: 163883 braids
    projlen=121: 346051 braids
    projlen=122: 161570 braids
    projlen=123: 344264 braids
    projlen=124: 164394 braids
    projlen=125: 338410 braids
    projlen=126: 181438 braids
    projlen=127: 330066 braids
    projlen=128: 194267 braids
    projlen=129: 294574 braids
    projlen=130: 85417 braids
  Braids kept: 1087839 (in 30 buckets, 3.22 GB CPU)
  ⚡ Timing: matmul=0.19s, sampling=9.37s, total=16.01s
============================================================
Level 202 - SAMPLING
============================================================
  Starting braids: 987839
  Candidates to generate: 5173079
  Processing in 52 chunks...
  Projlen distribution:
    projlen=103: 19 braids
    projlen=104: 27 braids
    projlen=105: 345 braids
    projlen=106: 320 braids
    projlen=107: 2679 braids
    projlen=108: 2523 braids
    projlen=109: 33621 braids
    projlen=110: 25355 braids
    projlen=111: 221819 braids
    projlen=112: 141922 braids
    projlen=113: 318384 braids
    projlen=114: 178247 braids
    projlen=115: 352567 braids
    projlen=116: 178907 braids
    projlen=117: 343156 braids
    projlen=118: 180374 braids
    projlen=119: 340300 braids
    projlen=120: 173739 braids
    projlen=121: 341750 braids
    projlen=122: 167698 braids
    projlen=123: 342518 braids
    projlen=124: 165129 braids
    projlen=125: 341791 braids
    projlen=126: 168702 braids
    projlen=127: 336238 braids
    projlen=128: 187775 braids
    projlen=129: 320093 braids
    projlen=130: 196009 braids
    projlen=131: 111072 braids
  Braids kept: 1114889 (in 29 buckets, 3.32 GB CPU)
  ⚡ Timing: matmul=0.20s, sampling=9.75s, total=16.56s
============================================================
Level 203 - SAMPLING
============================================================
  Starting braids: 964889
  Candidates to generate: 5057543
  Processing in 51 chunks...
  Projlen distribution:
    projlen=104: 1 braids
    projlen=105: 171 braids
    projlen=106: 202 braids
    projlen=107: 2212 braids
    projlen=108: 2017 braids
    projlen=109: 16937 braids
    projlen=110: 13374 braids
    projlen=111: 166841 braids
    projlen=112: 110745 braids
    projlen=113: 305886 braids
    projlen=114: 178910 braids
    projlen=115: 360208 braids
    projlen=116: 172029 braids
    projlen=117: 347583 braids
    projlen=118: 179761 braids
    projlen=119: 337735 braids
    projlen=120: 187560 braids
    projlen=121: 333936 braids
    projlen=122: 181496 braids
    projlen=123: 336442 braids
    projlen=124: 173242 braids
    projlen=125: 339096 braids
    projlen=126: 171052 braids
    projlen=127: 338686 braids
    projlen=128: 174254 braids
    projlen=129: 327892 braids
    projlen=130: 186994 braids
    projlen=131: 112281 braids
  Braids kept: 1084914 (in 28 buckets, 3.24 GB CPU)
  ⚡ Timing: matmul=0.18s, sampling=9.56s, total=16.21s
============================================================
Level 204 - SAMPLING
============================================================
  Starting braids: 984914
  Candidates to generate: 5189964
  Processing in 52 chunks...
  Projlen distribution:
    projlen=104: 1 braids
    projlen=105: 17 braids
    projlen=106: 46 braids
    projlen=107: 1182 braids
    projlen=108: 1242 braids
    projlen=109: 13622 braids
    projlen=110: 10570 braids
    projlen=111: 89295 braids
    projlen=112: 58674 braids
    projlen=113: 278031 braids
    projlen=114: 179334 braids
    projlen=115: 361805 braids
    projlen=116: 172184 braids
    projlen=117: 354911 braids
    projlen=118: 167348 braids
    projlen=119: 342794 braids
    projlen=120: 184205 braids
    projlen=121: 332071 braids
    projlen=122: 196405 braids
    projlen=123: 327814 braids
    projlen=124: 191483 braids
    projlen=125: 331134 braids
    projlen=126: 182177 braids
    projlen=127: 335290 braids
    projlen=128: 178626 braids
    projlen=129: 333059 braids
    projlen=130: 180644 braids
    projlen=131: 301933 braids
    projlen=132: 84067 braids
  Braids kept: 1126680 (in 29 buckets, 3.38 GB CPU)
  ⚡ Timing: matmul=0.21s, sampling=9.95s, total=16.85s
============================================================
Level 205 - SAMPLING
============================================================
  Starting braids: 976680
  Candidates to generate: 5167930
  Processing in 52 chunks...
  Projlen distribution:
    projlen=104: 4 braids
    projlen=105: 9 braids
    projlen=106: 26 braids
    projlen=107: 275 braids
    projlen=108: 380 braids
    projlen=109: 7795 braids
    projlen=110: 6756 braids
    projlen=111: 72106 braids
    projlen=112: 48869 braids
    projlen=113: 275066 braids
    projlen=114: 176532 braids
    projlen=115: 363990 braids
    projlen=116: 174825 braids
    projlen=117: 356022 braids
    projlen=118: 165442 braids
    projlen=119: 349251 braids
    projlen=120: 168381 braids
    projlen=121: 338265 braids
    projlen=122: 191107 braids
    projlen=123: 325940 braids
    projlen=124: 205002 braids
    projlen=125: 322122 braids
    projlen=126: 203434 braids
    projlen=127: 326021 braids
    projlen=128: 193691 braids
    projlen=129: 329105 braids
    projlen=130: 185854 braids
    projlen=131: 298178 braids
    projlen=132: 83482 braids
  Braids kept: 1114114 (in 29 buckets, 3.35 GB CPU)
  ⚡ Timing: matmul=0.19s, sampling=9.96s, total=16.83s
============================================================
Level 206 - SAMPLING
============================================================
  Starting braids: 964114
  Candidates to generate: 5109288
  Processing in 52 chunks...
  Projlen distribution:
    projlen=104: 1 braids
    projlen=105: 17 braids
    projlen=106: 34 braids
    projlen=107: 157 braids
    projlen=108: 224 braids
    projlen=109: 2511 braids
    projlen=110: 2517 braids
    projlen=111: 43050 braids
    projlen=112: 32206 braids
    projlen=113: 265422 braids
    projlen=114: 175719 braids
    projlen=115: 362896 braids
    projlen=116: 171855 braids
    projlen=117: 359060 braids
    projlen=118: 164697 braids
    projlen=119: 350358 braids
    projlen=120: 164374 braids
    projlen=121: 344166 braids
    projlen=122: 171890 braids
    projlen=123: 333795 braids
    projlen=124: 197863 braids
    projlen=125: 321436 braids
    projlen=126: 214952 braids
    projlen=127: 315742 braids
    projlen=128: 215361 braids
    projlen=129: 317757 braids
    projlen=130: 202842 braids
    projlen=131: 292514 braids
    projlen=132: 85872 braids
  Braids kept: 1080717 (in 29 buckets, 3.26 GB CPU)
  ⚡ Timing: matmul=0.15s, sampling=9.94s, total=16.74s
============================================================
Level 207 - SAMPLING
============================================================
  Starting braids: 980717
  Candidates to generate: 5186419
  Processing in 52 chunks...
  Projlen distribution:
    projlen=105: 5 braids
    projlen=106: 18 braids
    projlen=107: 211 braids
    projlen=108: 233 braids
    projlen=109: 1426 braids
    projlen=110: 1480 braids
    projlen=111: 16410 braids
    projlen=112: 13465 braids
    projlen=113: 213943 braids
    projlen=114: 139755 braids
    projlen=115: 323423 braids
    projlen=116: 173971 braids
    projlen=117: 360299 braids
    projlen=118: 160176 braids
    projlen=119: 354779 braids
    projlen=120: 162590 braids
    projlen=121: 346820 braids
    projlen=122: 167083 braids
    projlen=123: 340233 braids
    projlen=124: 177317 braids
    projlen=125: 330045 braids
    projlen=126: 206113 braids
    projlen=127: 317202 braids
    projlen=128: 224146 braids
    projlen=129: 309192 braids
    projlen=130: 224922 braids
    projlen=131: 305430 braids
    projlen=132: 207569 braids
    projlen=133: 108163 braids
  Braids kept: 1083248 (in 29 buckets, 3.29 GB CPU)
  ⚡ Timing: matmul=0.20s, sampling=10.05s, total=16.95s
============================================================
Level 208 - SAMPLING
============================================================
  Starting braids: 983248
  Candidates to generate: 5197818
  Processing in 52 chunks...
  Projlen distribution:
    projlen=104: 1 braids
    projlen=105: 5 braids
    projlen=106: 17 braids
    projlen=107: 100 braids
    projlen=108: 144 braids
    projlen=109: 1517 braids
    projlen=110: 1415 braids
    projlen=111: 9953 braids
    projlen=112: 8127 braids
    projlen=113: 85874 braids
    projlen=114: 57439 braids
    projlen=115: 279759 braids
    projlen=116: 177449 braids
    projlen=117: 363329 braids
    projlen=118: 164670 braids
    projlen=119: 356085 braids
    projlen=120: 155999 braids
    projlen=121: 350404 braids
    projlen=122: 162751 braids
    projlen=123: 342539 braids
    projlen=124: 170980 braids
    projlen=125: 337004 braids
    projlen=126: 184598 braids
    projlen=127: 326134 braids
    projlen=128: 212625 braids
    projlen=129: 311888 braids
    projlen=130: 232562 braids
    projlen=131: 302022 braids
    projlen=132: 232453 braids
    projlen=133: 279236 braids
    projlen=134: 90739 braids
  Braids kept: 1121279 (in 31 buckets, 3.43 GB CPU)
  ⚡ Timing: matmul=0.22s, sampling=10.43s, total=17.37s
============================================================
Level 209 - SAMPLING
============================================================
  Starting braids: 971279
  Candidates to generate: 5130273
  Processing in 52 chunks...
  Projlen distribution:
    projlen=104: 1 braids
    projlen=105: 2 braids
    projlen=106: 8 braids
    projlen=107: 97 braids
    projlen=108: 129 braids
    projlen=109: 888 braids
    projlen=110: 881 braids
    projlen=111: 9522 braids
    projlen=112: 7486 braids
    projlen=113: 55018 braids
    projlen=114: 37351 braids
    projlen=115: 269062 braids
    projlen=116: 177663 braids
    projlen=117: 365803 braids
    projlen=118: 171168 braids
    projlen=119: 358364 braids
    projlen=120: 157319 braids
    projlen=121: 353372 braids
    projlen=122: 155225 braids
    projlen=123: 347547 braids
    projlen=124: 164531 braids
    projlen=125: 341268 braids
    projlen=126: 176731 braids
    projlen=127: 332395 braids
    projlen=128: 192738 braids
    projlen=129: 322661 braids
    projlen=130: 219780 braids
    projlen=131: 307848 braids
    projlen=132: 237289 braids
    projlen=133: 276298 braids
    projlen=134: 91828 braids
  Braids kept: 1106365 (in 31 buckets, 3.39 GB CPU)
  ⚡ Timing: matmul=0.16s, sampling=10.05s, total=16.90s
============================================================
Level 210 - SAMPLING
============================================================
  Starting braids: 956365
  Candidates to generate: 5031089
  Processing in 51 chunks...
  Projlen distribution:
    projlen=105: 4 braids
    projlen=106: 5 braids
    projlen=107: 42 braids
    projlen=108: 62 braids
    projlen=109: 783 braids
    projlen=110: 730 braids
    projlen=111: 6075 braids
    projlen=112: 5057 braids
    projlen=113: 51813 braids
    projlen=114: 36378 braids
    projlen=115: 254548 braids
    projlen=116: 157340 braids
    projlen=117: 335145 braids
    projlen=118: 173572 braids
    projlen=119: 360008 braids
    projlen=120: 159647 braids
    projlen=121: 354215 braids
    projlen=122: 155094 braids
    projlen=123: 350617 braids
    projlen=124: 154094 braids
    projlen=125: 345717 braids
    projlen=126: 167477 braids
    projlen=127: 337941 braids
    projlen=128: 184850 braids
    projlen=129: 327929 braids
    projlen=130: 201337 braids
    projlen=131: 316058 braids
    projlen=132: 224043 braids
    projlen=133: 280065 braids
    projlen=134: 90443 braids
  Braids kept: 1099136 (in 30 buckets, 3.37 GB CPU)
  ⚡ Timing: matmul=0.16s, sampling=9.96s, total=16.69s
============================================================
Level 211 - SAMPLING
============================================================
  Starting braids: 999136
  Candidates to generate: 5235374
  Processing in 53 chunks...
  Projlen distribution:
    projlen=105: 3 braids
    projlen=106: 4 braids
    projlen=107: 31 braids
    projlen=108: 36 braids
    projlen=109: 388 braids
    projlen=110: 409 braids
    projlen=111: 4902 braids
    projlen=112: 4133 braids
    projlen=113: 35230 braids
    projlen=114: 25571 braids
    projlen=115: 245620 braids
    projlen=116: 154974 braids
    projlen=117: 331612 braids
    projlen=118: 173815 braids
    projlen=119: 362512 braids
    projlen=120: 163712 braids
    projlen=121: 356357 braids
    projlen=122: 156063 braids
    projlen=123: 351748 braids
    projlen=124: 153908 braids
    projlen=125: 349845 braids
    projlen=126: 154339 braids
    projlen=127: 343752 braids
    projlen=128: 171370 braids
    projlen=129: 334340 braids
    projlen=130: 191904 braids
    projlen=131: 323376 braids
    projlen=132: 210137 braids
    projlen=133: 307884 braids
    projlen=134: 219732 braids
    projlen=135: 107667 braids
  Braids kept: 1120707 (in 31 buckets, 3.46 GB CPU)
  ⚡ Timing: matmul=0.17s, sampling=10.55s, total=17.58s
============================================================
Level 212 - SAMPLING
============================================================
  Starting braids: 970707
  Candidates to generate: 5052017
  Processing in 51 chunks...
  Projlen distribution:
    projlen=107: 23 braids
    projlen=108: 23 braids
    projlen=109: 257 braids
    projlen=110: 233 braids
    projlen=111: 2661 braids
    projlen=112: 2405 braids
    projlen=113: 28067 braids
    projlen=114: 20627 braids
    projlen=115: 175482 braids
    projlen=116: 110066 braids
    projlen=117: 304462 braids
    projlen=118: 174251 braids
    projlen=119: 360406 braids
    projlen=120: 163468 braids
    projlen=121: 356342 braids
    projlen=122: 156865 braids
    projlen=123: 352927 braids
    projlen=124: 154545 braids
    projlen=125: 350718 braids
    projlen=126: 153905 braids
    projlen=127: 348650 braids
    projlen=128: 154083 braids
    projlen=129: 342722 braids
    projlen=130: 177171 braids
    projlen=131: 330876 braids
    projlen=132: 200102 braids
    projlen=133: 314224 braids
    projlen=134: 207599 braids
    projlen=135: 108857 braids
  Braids kept: 1104296 (in 29 buckets, 3.41 GB CPU)
  ⚡ Timing: matmul=0.18s, sampling=9.99s, total=16.79s
============================================================
Level 213 - SAMPLING
============================================================
  Starting braids: 954296
  Candidates to generate: 4943770
  Processing in 50 chunks...
  Projlen distribution:
    projlen=107: 3 braids
    projlen=108: 7 braids
    projlen=109: 162 braids
    projlen=110: 181 braids
    projlen=111: 1656 braids
    projlen=112: 1506 braids
    projlen=113: 16274 braids
    projlen=114: 12571 braids
    projlen=115: 138447 braids
    projlen=116: 89191 braids
    projlen=117: 293145 braids
    projlen=118: 174267 braids
    projlen=119: 362042 braids
    projlen=120: 166562 braids
    projlen=121: 357133 braids
    projlen=122: 157123 braids
    projlen=123: 352913 braids
    projlen=124: 154554 braids
    projlen=125: 350365 braids
    projlen=126: 153634 braids
    projlen=127: 349911 braids
    projlen=128: 154000 braids
    projlen=129: 348801 braids
    projlen=130: 154914 braids
    projlen=131: 340837 braids
    projlen=132: 181812 braids
    projlen=133: 321954 braids
    projlen=134: 199116 braids
    projlen=135: 110689 braids
  Braids kept: 1082360 (in 29 buckets, 3.35 GB CPU)
  ⚡ Timing: matmul=0.17s, sampling=9.84s, total=16.49s
============================================================
Level 214 - SAMPLING
============================================================
  Starting braids: 982360
  Candidates to generate: 5087628
  Processing in 51 chunks...
  Projlen distribution:
    projlen=108: 10 braids
    projlen=109: 25 braids
    projlen=110: 63 braids
    projlen=111: 1074 braids
    projlen=112: 1049 braids
    projlen=113: 10218 braids
    projlen=114: 8051 braids
    projlen=115: 83445 braids
    projlen=116: 55479 braids
    projlen=117: 275059 braids
    projlen=118: 174805 braids
    projlen=119: 361533 braids
    projlen=120: 167896 braids
    projlen=121: 357461 braids
    projlen=122: 158173 braids
    projlen=123: 353621 braids
    projlen=124: 154965 braids
    projlen=125: 351343 braids
    projlen=126: 153726 braids
    projlen=127: 350336 braids
    projlen=128: 154055 braids
    projlen=129: 349067 braids
    projlen=130: 153388 braids
    projlen=131: 348360 braids
    projlen=132: 155789 braids
    projlen=133: 338420 braids
    projlen=134: 185860 braids
    projlen=135: 298627 braids
    projlen=136: 85730 braids
  Braids kept: 1120490 (in 29 buckets, 3.49 GB CPU)
  ⚡ Timing: matmul=0.20s, sampling=10.29s, total=17.19s
============================================================
Level 215 - SAMPLING
============================================================
  Starting braids: 970490
  Candidates to generate: 5012670
  Processing in 51 chunks...
  Projlen distribution:
    projlen=108: 10 braids
    projlen=109: 24 braids
    projlen=110: 62 braids
    projlen=111: 318 braids
    projlen=112: 424 braids
    projlen=113: 6726 braids
    projlen=114: 5518 braids
    projlen=115: 54084 braids
    projlen=116: 37040 braids
    projlen=117: 266097 braids
    projlen=118: 175693 braids
    projlen=119: 363188 braids
    projlen=120: 170994 braids
    projlen=121: 358067 braids
    projlen=122: 158954 braids
    projlen=123: 354637 braids
    projlen=124: 155596 braids
    projlen=125: 350850 braids
    projlen=126: 153739 braids
    projlen=127: 349982 braids
    projlen=128: 153575 braids
    projlen=129: 351018 braids
    projlen=130: 153954 braids
    projlen=131: 348944 braids
    projlen=132: 154044 braids
    projlen=133: 346093 braids
    projlen=134: 154519 braids
    projlen=135: 307811 braids
    projlen=136: 80709 braids
  Braids kept: 1100122 (in 29 buckets, 3.44 GB CPU)
  ⚡ Timing: matmul=0.14s, sampling=10.29s, total=17.07s
============================================================
Level 216 - SAMPLING
============================================================
  Starting braids: 950122
  Candidates to generate: 4916122
  Processing in 50 chunks...
  Projlen distribution:
    projlen=108: 1 braids
    projlen=109: 41 braids
    projlen=110: 74 braids
    projlen=111: 347 braids
    projlen=112: 367 braids
    projlen=113: 2592 braids
    projlen=114: 2424 braids
    projlen=115: 36915 braids
    projlen=116: 27184 braids
    projlen=117: 248329 braids
    projlen=118: 156219 braids
    projlen=119: 332705 braids
    projlen=120: 173164 braids
    projlen=121: 359077 braids
    projlen=122: 159899 braids
    projlen=123: 356031 braids
    projlen=124: 156007 braids
    projlen=125: 351591 braids
    projlen=126: 154226 braids
    projlen=127: 350611 braids
    projlen=128: 153818 braids
    projlen=129: 349994 braids
    projlen=130: 153476 braids
    projlen=131: 349372 braids
    projlen=132: 153362 braids
    projlen=133: 347184 braids
    projlen=134: 152246 braids
    projlen=135: 308610 braids
    projlen=136: 80256 braids
  Braids kept: 1069945 (in 29 buckets, 3.35 GB CPU)
  ⚡ Timing: matmul=0.15s, sampling=9.98s, total=16.64s
============================================================
Level 217 - SAMPLING
============================================================
  Starting braids: 969945
  Candidates to generate: 4976931
  Processing in 50 chunks...
  Projlen distribution:
    projlen=109: 3 braids
    projlen=110: 12 braids
    projlen=111: 428 braids
    projlen=112: 420 braids
    projlen=113: 2619 braids
    projlen=114: 2176 braids
    projlen=115: 16434 braids
    projlen=116: 12845 braids
    projlen=117: 179998 braids
    projlen=118: 116826 braids
    projlen=119: 307847 braids
    projlen=120: 174223 braids
    projlen=121: 361803 braids
    projlen=122: 163783 braids
    projlen=123: 355774 braids
    projlen=124: 156018 braids
    projlen=125: 352634 braids
    projlen=126: 154385 braids
    projlen=127: 350941 braids
    projlen=128: 153781 braids
    projlen=129: 350705 braids
    projlen=130: 153897 braids
    projlen=131: 348249 braids
    projlen=132: 152600 braids
    projlen=133: 348432 braids
    projlen=134: 152197 braids
    projlen=135: 341114 braids
    projlen=136: 149439 braids
    projlen=137: 117348 braids
  Braids kept: 1084937 (in 29 buckets, 3.42 GB CPU)
  ⚡ Timing: matmul=0.19s, sampling=10.11s, total=16.86s
============================================================
Level 218 - SAMPLING
============================================================
  Starting braids: 984937
  Candidates to generate: 5075861
  Processing in 51 chunks...
  Projlen distribution:
    projlen=110: 5 braids
    projlen=111: 99 braids
    projlen=112: 138 braids
    projlen=113: 2766 braids
    projlen=114: 2334 braids
    projlen=115: 15817 braids
    projlen=116: 11292 braids
    projlen=117: 84953 braids
    projlen=118: 54826 braids
    projlen=119: 275511 braids
    projlen=120: 176054 braids
    projlen=121: 360986 braids
    projlen=122: 165761 braids
    projlen=123: 357199 braids
    projlen=124: 157582 braids
    projlen=125: 353030 braids
    projlen=126: 154431 braids
    projlen=127: 350806 braids
    projlen=128: 153938 braids
    projlen=129: 349808 braids
    projlen=130: 153310 braids
    projlen=131: 350728 braids
    projlen=132: 153672 braids
    projlen=133: 349077 braids
    projlen=134: 153021 braids
    projlen=135: 346146 braids
    projlen=136: 150922 braids
    projlen=137: 310577 braids
    projlen=138: 81072 braids
  Braids kept: 1132451 (in 29 buckets, 3.58 GB CPU)
  ⚡ Timing: matmul=0.20s, sampling=10.47s, total=17.40s
============================================================
Level 219 - SAMPLING
============================================================
  Starting braids: 982451
  Candidates to generate: 5070383
  Processing in 51 chunks...
  Projlen distribution:
    projlen=110: 4 braids
    projlen=111: 35 braids
    projlen=112: 72 braids
    projlen=113: 875 braids
    projlen=114: 975 braids
    projlen=115: 15550 braids
    projlen=116: 11859 braids
    projlen=117: 81715 braids
    projlen=118: 52120 braids
    projlen=119: 271914 braids
    projlen=120: 174271 braids
    projlen=121: 363216 braids
    projlen=122: 171446 braids
    projlen=123: 357948 braids
    projlen=124: 158243 braids
    projlen=125: 353739 braids
    projlen=126: 155194 braids
    projlen=127: 350183 braids
    projlen=128: 153881 braids
    projlen=129: 349228 braids
    projlen=130: 153193 braids
    projlen=131: 349537 braids
    projlen=132: 153257 braids
    projlen=133: 350017 braids
    projlen=134: 153639 braids
    projlen=135: 347363 braids
    projlen=136: 150835 braids
    projlen=137: 309580 braids
    projlen=138: 80494 braids
  Braids kept: 1129370 (in 29 buckets, 3.58 GB CPU)
  ⚡ Timing: matmul=0.21s, sampling=10.44s, total=17.38s
============================================================
Level 220 - SAMPLING
============================================================
  Starting braids: 979370
  Candidates to generate: 5055376
  Processing in 51 chunks...
  Projlen distribution:
    projlen=110: 3 braids
    projlen=111: 23 braids
    projlen=112: 39 braids
    projlen=113: 437 braids
    projlen=114: 543 braids
    projlen=115: 6076 braids
    projlen=116: 5489 braids
    projlen=117: 78222 braids
    projlen=118: 53528 braids
    projlen=119: 271094 braids
    projlen=120: 171555 braids
    projlen=121: 360911 braids
    projlen=122: 171438 braids
    projlen=123: 359890 braids
    projlen=124: 160917 braids
    projlen=125: 354514 braids
    projlen=126: 155549 braids
    projlen=127: 351479 braids
    projlen=128: 154519 braids
    projlen=129: 350070 braids
    projlen=130: 153926 braids
    projlen=131: 348115 braids
    projlen=132: 152874 braids
    projlen=133: 349783 braids
    projlen=134: 153622 braids
    projlen=135: 349529 braids
    projlen=136: 151764 braids
    projlen=137: 309425 braids
    projlen=138: 80042 braids
  Braids kept: 1112610 (in 29 buckets, 3.53 GB CPU)
  ⚡ Timing: matmul=0.18s, sampling=10.38s, total=17.27s
============================================================
Level 221 - SAMPLING
============================================================
  Starting braids: 962610
  Candidates to generate: 4960708
  Processing in 50 chunks...
  Projlen distribution:
    projlen=110: 3 braids
    projlen=111: 20 braids
    projlen=112: 35 braids
    projlen=113: 243 braids
    projlen=114: 298 braids
    projlen=115: 3425 braids
    projlen=116: 3213 braids
    projlen=117: 34713 braids
    projlen=118: 25705 braids
    projlen=119: 257385 braids
    projlen=120: 173070 braids
    projlen=121: 358870 braids
    projlen=122: 170399 braids
    projlen=123: 357859 braids
    projlen=124: 160065 braids
    projlen=125: 355930 braids
    projlen=126: 156365 braids
    projlen=127: 351844 braids
    projlen=128: 154611 braids
    projlen=129: 350814 braids
    projlen=130: 154753 braids
    projlen=131: 349161 braids
    projlen=132: 153521 braids
    projlen=133: 348591 braids
    projlen=134: 153053 braids
    projlen=135: 347807 braids
    projlen=136: 150686 braids
    projlen=137: 308226 braids
    projlen=138: 80043 braids
  Braids kept: 1067655 (in 29 buckets, 3.40 GB CPU)
  ⚡ Timing: matmul=0.18s, sampling=10.09s, total=16.87s
============================================================
Level 222 - SAMPLING
============================================================
  Starting braids: 967655
  Candidates to generate: 4954959
  Processing in 50 chunks...
  Projlen distribution:
    projlen=110: 1 braids
    projlen=111: 20 braids
    projlen=112: 25 braids
    projlen=113: 210 braids
    projlen=114: 229 braids
    projlen=115: 1936 braids
    projlen=116: 1896 braids
    projlen=117: 21264 braids
    projlen=118: 16587 braids
    projlen=119: 173631 braids
    projlen=120: 110389 braids
    projlen=121: 302766 braids
    projlen=122: 173065 braids
    projlen=123: 357605 braids
    projlen=124: 160386 braids
    projlen=125: 354373 braids
    projlen=126: 155737 braids
    projlen=127: 352420 braids
    projlen=128: 155380 braids
    projlen=129: 350017 braids
    projlen=130: 154234 braids
    projlen=131: 349248 braids
    projlen=132: 154463 braids
    projlen=133: 349180 braids
    projlen=134: 154118 braids
    projlen=135: 347982 braids
    projlen=136: 152621 braids
    projlen=137: 340799 braids
    projlen=138: 147067 braids
    projlen=139: 117310 braids
  Braids kept: 1092168 (in 30 buckets, 3.50 GB CPU)
  ⚡ Timing: matmul=0.18s, sampling=10.25s, total=17.02s
============================================================
Level 223 - SAMPLING
============================================================
  Starting braids: 992168
  Candidates to generate: 5115128
  Processing in 52 chunks...
  Projlen distribution:
    projlen=110: 1 braids
    projlen=111: 10 braids
    projlen=112: 15 braids
    projlen=113: 174 braids
    projlen=114: 168 braids
    projlen=115: 1508 braids
    projlen=116: 1420 braids
    projlen=117: 12607 braids
    projlen=118: 10037 braids
    projlen=119: 108438 braids
    projlen=120: 71519 braids
    projlen=121: 284592 braids
    projlen=122: 175260 braids
    projlen=123: 360861 braids
    projlen=124: 165712 braids
    projlen=125: 355438 braids
    projlen=126: 156496 braids
    projlen=127: 352165 braids
    projlen=128: 154660 braids
    projlen=129: 350460 braids
    projlen=130: 155140 braids
    projlen=131: 348987 braids
    projlen=132: 154482 braids
    projlen=133: 348215 braids
    projlen=134: 154486 braids
    projlen=135: 348512 braids
    projlen=136: 154479 braids
    projlen=137: 346502 braids
    projlen=138: 151834 braids
    projlen=139: 310367 braids
    projlen=140: 80583 braids
  Braids kept: 1125940 (in 31 buckets, 3.63 GB CPU)
  ⚡ Timing: matmul=0.15s, sampling=10.81s, total=17.83s
============================================================
Level 224 - SAMPLING
============================================================
  Starting braids: 975940
  Candidates to generate: 5039590
  Processing in 51 chunks...
  Projlen distribution:
    projlen=111: 3 braids
    projlen=112: 4 braids
    projlen=113: 81 braids
    projlen=114: 86 braids
    projlen=115: 1155 braids
    projlen=116: 1031 braids
    projlen=117: 9605 braids
    projlen=118: 7595 braids
    projlen=119: 66481 braids
    projlen=120: 44995 braids
    projlen=121: 271141 braids
    projlen=122: 176495 braids
    projlen=123: 363270 braids
    projlen=124: 169611 braids
    projlen=125: 358205 braids
    projlen=126: 158534 braids
    projlen=127: 353039 braids
    projlen=128: 154827 braids
    projlen=129: 349461 braids
    projlen=130: 153903 braids
    projlen=131: 349421 braids
    projlen=132: 155241 braids
    projlen=133: 349006 braids
    projlen=134: 155166 braids
    projlen=135: 348486 braids
    projlen=136: 155366 braids
    projlen=137: 345741 braids
    projlen=138: 153071 braids
    projlen=139: 308213 braids
    projlen=140: 80357 braids
  Braids kept: 1114555 (in 30 buckets, 3.60 GB CPU)
  ⚡ Timing: matmul=0.16s, sampling=10.55s, total=17.48s
============================================================
Level 225 - SAMPLING
============================================================
  Starting braids: 964555
  Candidates to generate: 4991889
  Processing in 50 chunks...
  Projlen distribution:
    projlen=113: 25 braids
    projlen=114: 38 braids
    projlen=115: 531 braids
    projlen=116: 539 braids
    projlen=117: 7123 braids
    projlen=118: 5692 braids
    projlen=119: 52108 braids
    projlen=120: 36360 braids
    projlen=121: 261930 braids
    projlen=122: 169483 braids
    projlen=123: 352579 braids
    projlen=124: 172856 braids
    projlen=125: 358717 braids
    projlen=126: 158951 braids
    projlen=127: 354509 braids
    projlen=128: 155815 braids
    projlen=129: 350743 braids
    projlen=130: 153680 braids
    projlen=131: 349158 braids
    projlen=132: 153819 braids
    projlen=133: 349368 braids
    projlen=134: 155572 braids
    projlen=135: 347428 braids
    projlen=136: 155961 braids
    projlen=137: 346436 braids
    projlen=138: 154114 braids
    projlen=139: 307923 braids
    projlen=140: 80431 braids
  Braids kept: 1100308 (in 28 buckets, 3.56 GB CPU)
  ⚡ Timing: matmul=0.20s, sampling=10.37s, total=17.23s
============================================================
Level 226 - SAMPLING
============================================================
  Starting braids: 950308
  Candidates to generate: 4923354
  Processing in 50 chunks...
  Projlen distribution:
    projlen=114: 9 braids
    projlen=115: 217 braids
    projlen=116: 264 braids
    projlen=117: 3409 braids
    projlen=118: 3089 braids
    projlen=119: 39386 braids
    projlen=120: 28591 braids
    projlen=121: 248739 braids
    projlen=122: 156463 braids
    projlen=123: 331977 braids
    projlen=124: 174676 braids
    projlen=125: 359583 braids
    projlen=126: 161364 braids
    projlen=127: 354600 braids
    projlen=128: 155239 braids
    projlen=129: 350942 braids
    projlen=130: 154924 braids
    projlen=131: 349750 braids
    projlen=132: 153982 braids
    projlen=133: 349173 braids
    projlen=134: 154088 braids
    projlen=135: 347706 braids
    projlen=136: 155661 braids
    projlen=137: 345871 braids
    projlen=138: 155461 braids
    projlen=139: 307578 braids
    projlen=140: 80612 braids
  Braids kept: 1074965 (in 27 buckets, 3.49 GB CPU)
  ⚡ Timing: matmul=0.17s, sampling=10.27s, total=17.07s
============================================================
Level 227 - SAMPLING
============================================================
  Starting braids: 974965
  Candidates to generate: 5016411
  Processing in 51 chunks...
  Projlen distribution:
    projlen=114: 8 braids
    projlen=115: 52 braids
    projlen=116: 114 braids
    projlen=117: 1621 braids
    projlen=118: 1624 braids
    projlen=119: 20172 braids
    projlen=120: 15810 braids
    projlen=121: 193626 braids
    projlen=122: 124802 braids
    projlen=123: 312945 braids
    projlen=124: 175860 braids
    projlen=125: 361577 braids
    projlen=126: 164895 braids
    projlen=127: 356828 braids
    projlen=128: 156812 braids
    projlen=129: 351981 braids
    projlen=130: 154264 braids
    projlen=131: 349569 braids
    projlen=132: 154461 braids
    projlen=133: 349285 braids
    projlen=134: 154063 braids
    projlen=135: 349033 braids
    projlen=136: 154427 braids
    projlen=137: 347105 braids
    projlen=138: 155873 braids
    projlen=139: 338924 braids
    projlen=140: 154206 braids
    projlen=141: 116474 braids
  Braids kept: 1089401 (in 28 buckets, 3.55 GB CPU)
  ⚡ Timing: matmul=0.16s, sampling=10.73s, total=17.69s
============================================================
Level 228 - SAMPLING
============================================================
  Starting braids: 989401
  Candidates to generate: 5107657
  Processing in 52 chunks...
  Projlen distribution:
    projlen=114: 3 braids
    projlen=115: 48 braids
    projlen=116: 87 braids
    projlen=117: 640 braids
    projlen=118: 792 braids
    projlen=119: 10517 braids
    projlen=120: 8589 braids
    projlen=121: 101900 braids
    projlen=122: 68253 braids
    projlen=123: 283449 braids
    projlen=124: 176348 braids
    projlen=125: 362067 braids
    projlen=126: 167693 braids
    projlen=127: 356816 braids
    projlen=128: 158991 braids
    projlen=129: 352729 braids
    projlen=130: 155116 braids
    projlen=131: 350204 braids
    projlen=132: 153669 braids
    projlen=133: 349830 braids
    projlen=134: 154933 braids
    projlen=135: 347990 braids
    projlen=136: 153914 braids
    projlen=137: 347925 braids
    projlen=138: 154881 braids
    projlen=139: 344423 braids
    projlen=140: 155950 braids
    projlen=141: 308560 braids
    projlen=142: 81340 braids
  Braids kept: 1120676 (in 29 buckets, 3.67 GB CPU)
  ⚡ Timing: matmul=0.15s, sampling=11.12s, total=18.21s
============================================================
Level 229 - SAMPLING
============================================================
  Starting braids: 970676
  Candidates to generate: 5014634
  Processing in 51 chunks...
  Projlen distribution:
    projlen=113: 1 braids
    projlen=114: 2 braids
    projlen=115: 29 braids
    projlen=116: 47 braids
    projlen=117: 519 braids
    projlen=118: 568 braids
    projlen=119: 5037 braids
    projlen=120: 4381 braids
    projlen=121: 55070 braids
    projlen=122: 38472 braids
    projlen=123: 267462 braids
    projlen=124: 178117 braids
    projlen=125: 363555 braids
    projlen=126: 170890 braids
    projlen=127: 358061 braids
    projlen=128: 160642 braids
    projlen=129: 352914 braids
    projlen=130: 157124 braids
    projlen=131: 349211 braids
    projlen=132: 154274 braids
    projlen=133: 348793 braids
    projlen=134: 153497 braids
    projlen=135: 349400 braids
    projlen=136: 155570 braids
    projlen=137: 347811 braids
    projlen=138: 154325 braids
    projlen=139: 346402 braids
    projlen=140: 153725 braids
    projlen=141: 308455 braids
    projlen=142: 80280 braids
  Braids kept: 1099056 (in 30 buckets, 3.61 GB CPU)
  ⚡ Timing: matmul=0.15s, sampling=10.74s, total=17.68s
============================================================
Level 230 - SAMPLING
============================================================
  Starting braids: 999056
  Candidates to generate: 5139968
  Processing in 52 chunks...
  Projlen distribution:
    projlen=113: 3 braids
    projlen=114: 4 braids
    projlen=115: 15 braids
    projlen=116: 28 braids
    projlen=117: 310 braids
    projlen=118: 346 braids
    projlen=119: 3796 braids
    projlen=120: 3361 braids
    projlen=121: 29447 braids
    projlen=122: 21924 braids
    projlen=123: 248404 braids
    projlen=124: 160497 braids
    projlen=125: 336898 braids
    projlen=126: 174912 braids
    projlen=127: 359482 braids
    projlen=128: 161419 braids
    projlen=129: 353575 braids
    projlen=130: 158365 braids
    projlen=131: 350132 braids
    projlen=132: 157290 braids
    projlen=133: 348183 braids
    projlen=134: 154350 braids
    projlen=135: 348130 braids
    projlen=136: 153276 braids
    projlen=137: 349115 braids
    projlen=138: 156278 braids
    projlen=139: 346540 braids
    projlen=140: 154830 braids
    projlen=141: 340325 braids
    projlen=142: 151703 braids
    projlen=143: 117030 braids
  Braids kept: 1109234 (in 31 buckets, 3.67 GB CPU)
  ⚡ Timing: matmul=0.17s, sampling=10.91s, total=18.06s
============================================================
Level 231 - SAMPLING
============================================================
  Starting braids: 959234
  Candidates to generate: 4932648
  Processing in 50 chunks...
  Projlen distribution:
    projlen=114: 1 braids
    projlen=115: 29 braids
    projlen=116: 32 braids
    projlen=117: 178 braids
    projlen=118: 219 braids
    projlen=119: 2198 braids
    projlen=120: 2073 braids
    projlen=121: 22915 braids
    projlen=122: 17448 braids
    projlen=123: 148857 braids
    projlen=124: 94583 braids
    projlen=125: 297567 braids
    projlen=126: 175642 braids
    projlen=127: 360990 braids
    projlen=128: 165240 braids
    projlen=129: 355065 braids
    projlen=130: 158480 braids
    projlen=131: 349898 braids
    projlen=132: 158078 braids
    projlen=133: 348600 braids
    projlen=134: 158832 braids
    projlen=135: 347311 braids
    projlen=136: 155416 braids
    projlen=137: 347892 braids
    projlen=138: 153732 braids
    projlen=139: 347655 braids
    projlen=140: 156407 braids
    projlen=141: 340500 braids
    projlen=142: 151081 braids
    projlen=143: 115729 braids
  Braids kept: 1095093 (in 30 buckets, 3.63 GB CPU)
  ⚡ Timing: matmul=0.16s, sampling=10.67s, total=17.52s
============================================================
Level 232 - SAMPLING
============================================================
  Starting braids: 995093
  Candidates to generate: 5152607
  Processing in 52 chunks...
  Projlen distribution:
    projlen=115: 3 braids
    projlen=116: 14 braids
    projlen=117: 198 braids
    projlen=118: 202 braids
    projlen=119: 1452 braids
    projlen=120: 1375 braids
    projlen=121: 13696 braids
    projlen=122: 10920 braids
    projlen=123: 116614 braids
    projlen=124: 76576 braids
    projlen=125: 287937 braids
    projlen=126: 175085 braids
    projlen=127: 362843 braids
    projlen=128: 168059 braids
    projlen=129: 356353 braids
    projlen=130: 160176 braids
    projlen=131: 350799 braids
    projlen=132: 157861 braids
    projlen=133: 347419 braids
    projlen=134: 159068 braids
    projlen=135: 347012 braids
    projlen=136: 160653 braids
    projlen=137: 346905 braids
    projlen=138: 157430 braids
    projlen=139: 347577 braids
    projlen=140: 154388 braids
    projlen=141: 346093 braids
    projlen=142: 156262 braids
    projlen=143: 308684 braids
    projlen=144: 80953 braids
  Braids kept: 1127860 (in 30 buckets, 3.76 GB CPU)
  ⚡ Timing: matmul=0.18s, sampling=11.06s, total=18.21s
============================================================
Level 233 - SAMPLING
============================================================
  Starting braids: 977860
  Candidates to generate: 5070306
  Processing in 51 chunks...
  Projlen distribution:
    projlen=116: 4 braids
    projlen=117: 71 braids
    projlen=118: 104 braids
    projlen=119: 1297 braids
    projlen=120: 1176 braids
    projlen=121: 9599 braids
    projlen=122: 7614 braids
    projlen=123: 71286 braids
    projlen=124: 48180 braids
    projlen=125: 273785 braids
    projlen=126: 176190 braids
    projlen=127: 363830 braids
    projlen=128: 169488 braids
    projlen=129: 359690 braids
    projlen=130: 159499 braids
    projlen=131: 353384 braids
    projlen=132: 159688 braids
    projlen=133: 348427 braids
    projlen=134: 159246 braids
    projlen=135: 345805 braids
    projlen=136: 161504 braids
    projlen=137: 344310 braids
    projlen=138: 163772 braids
    projlen=139: 345253 braids
    projlen=140: 159969 braids
    projlen=141: 344749 braids
    projlen=142: 153343 braids
    projlen=143: 308395 braids
    projlen=144: 80648 braids
  Braids kept: 1118045 (in 29 buckets, 3.73 GB CPU)
  ⚡ Timing: matmul=0.19s, sampling=10.89s, total=17.95s
============================================================
Level 234 - SAMPLING
============================================================
  Starting braids: 968045
  Candidates to generate: 5030875
  Processing in 51 chunks...
  Projlen distribution:
    projlen=116: 4 braids
    projlen=117: 16 braids
    projlen=118: 48 braids
    projlen=119: 636 braids
    projlen=120: 703 braids
    projlen=121: 7873 braids
    projlen=122: 6331 braids
    projlen=123: 53026 braids
    projlen=124: 36505 braids
    projlen=125: 264862 braids
    projlen=126: 173319 braids
    projlen=127: 360326 braids
    projlen=128: 172228 braids
    projlen=129: 358682 braids
    projlen=130: 159235 braids
    projlen=131: 354423 braids
    projlen=132: 155982 braids
    projlen=133: 349354 braids
    projlen=134: 159774 braids
    projlen=135: 345767 braids
    projlen=136: 161230 braids
    projlen=137: 343978 braids
    projlen=138: 164954 braids
    projlen=139: 342484 braids
    projlen=140: 168229 braids
    projlen=141: 341737 braids
    projlen=142: 161300 braids
    projlen=143: 306538 braids
    projlen=144: 81331 braids
  Braids kept: 1102116 (in 29 buckets, 3.68 GB CPU)
  ⚡ Timing: matmul=0.16s, sampling=10.91s, total=17.93s
============================================================
Level 235 - SAMPLING
============================================================
  Starting braids: 952116
  Candidates to generate: 4958022
  Processing in 50 chunks...
  Projlen distribution:
    projlen=116: 1 braids
    projlen=117: 19 braids
    projlen=118: 37 braids
    projlen=119: 256 braids
    projlen=120: 336 braids
    projlen=121: 4435 braids
    projlen=122: 3987 braids
    projlen=123: 43713 braids
    projlen=124: 31247 braids
    projlen=125: 252663 braids
    projlen=126: 156513 braids
    projlen=127: 331807 braids
    projlen=128: 173260 braids
    projlen=129: 360034 braids
    projlen=130: 160812 braids
    projlen=131: 355546 braids
    projlen=132: 156481 braids
    projlen=133: 351357 braids
    projlen=134: 154396 braids
    projlen=135: 347046 braids
    projlen=136: 161186 braids
    projlen=137: 343363 braids
    projlen=138: 164666 braids
    projlen=139: 341415 braids
    projlen=140: 169021 braids
    projlen=141: 338273 braids
    projlen=142: 171981 braids
    projlen=143: 302198 braids
    projlen=144: 81973 braids
  Braids kept: 1084031 (in 29 buckets, 3.63 GB CPU)
  ⚡ Timing: matmul=0.18s, sampling=10.55s, total=17.46s
============================================================
Level 236 - SAMPLING
============================================================
  Starting braids: 984031
  Candidates to generate: 5104015
  Processing in 52 chunks...
  Projlen distribution:
    projlen=117: 6 braids
    projlen=118: 14 braids
    projlen=119: 230 braids
    projlen=120: 249 braids
    projlen=121: 2195 braids
    projlen=122: 2133 braids
    projlen=123: 26420 braids
    projlen=124: 20413 braids
    projlen=125: 216442 braids
    projlen=126: 137029 braids
    projlen=127: 321436 braids
    projlen=128: 174646 braids
    projlen=129: 361621 braids
    projlen=130: 163570 braids
    projlen=131: 356252 braids
    projlen=132: 156484 braids
    projlen=133: 353051 braids
    projlen=134: 155259 braids
    projlen=135: 349955 braids
    projlen=136: 154510 braids
    projlen=137: 346026 braids
    projlen=138: 164105 braids
    projlen=139: 341791 braids
    projlen=140: 169774 braids
    projlen=141: 338956 braids
    projlen=142: 174748 braids
    projlen=143: 328994 braids
    projlen=144: 174156 braids
    projlen=145: 113550 braids
  Braids kept: 1101660 (in 29 buckets, 3.71 GB CPU)
  ⚡ Timing: matmul=0.15s, sampling=11.03s, total=18.18s
============================================================
Level 237 - SAMPLING
============================================================
  Starting braids: 951660
  Candidates to generate: 4928456
  Processing in 50 chunks...
  Projlen distribution:
    projlen=117: 3 braids
    projlen=118: 9 braids
    projlen=119: 77 braids
    projlen=120: 121 braids
    projlen=121: 1636 braids
    projlen=122: 1579 braids
    projlen=123: 14571 braids
    projlen=124: 11473 braids
    projlen=125: 134104 braids
    projlen=126: 87960 braids
    projlen=127: 294893 braids
    projlen=128: 175407 braids
    projlen=129: 362349 braids
    projlen=130: 164795 braids
    projlen=131: 357428 braids
    projlen=132: 157618 braids
    projlen=133: 354090 braids
    projlen=134: 154933 braids
    projlen=135: 350811 braids
    projlen=136: 155028 braids
    projlen=137: 348781 braids
    projlen=138: 155300 braids
    projlen=139: 345918 braids
    projlen=140: 167668 braids
    projlen=141: 339080 braids
    projlen=142: 175104 braids
    projlen=143: 329664 braids
    projlen=144: 174928 braids
    projlen=145: 113128 braids
  Braids kept: 1079469 (in 29 buckets, 3.64 GB CPU)
  ⚡ Timing: matmul=0.16s, sampling=10.72s, total=17.60s
============================================================
Level 238 - SAMPLING
============================================================
  Starting braids: 979469
  Candidates to generate: 5089217
  Processing in 51 chunks...
  Projlen distribution:
    projlen=118: 3 braids
    projlen=119: 41 braids
    projlen=120: 62 braids
    projlen=121: 686 braids
    projlen=122: 802 braids
    projlen=123: 10247 braids
    projlen=124: 8322 braids
    projlen=125: 77391 braids
    projlen=126: 51249 braids
    projlen=127: 275746 braids
    projlen=128: 176680 braids
    projlen=129: 363387 braids
    projlen=130: 167897 braids
    projlen=131: 357710 braids
    projlen=132: 157873 braids
    projlen=133: 355312 braids
    projlen=134: 155927 braids
    projlen=135: 351176 braids
    projlen=136: 154079 braids
    projlen=137: 349292 braids
    projlen=138: 154449 braids
    projlen=139: 347963 braids
    projlen=140: 155746 braids
    projlen=141: 343901 braids
    projlen=142: 171622 braids
    projlen=143: 335352 braids
    projlen=144: 180738 braids
    projlen=145: 301169 braids
    projlen=146: 84395 braids
  Braids kept: 1120163 (in 29 buckets, 3.80 GB CPU)
  ⚡ Timing: matmul=0.21s, sampling=11.03s, total=18.13s
============================================================
Level 239 - SAMPLING
============================================================
  Starting braids: 970163
  Candidates to generate: 5033223
  Processing in 51 chunks...
  Projlen distribution:
    projlen=118: 2 braids
    projlen=119: 21 braids
    projlen=120: 38 braids
    projlen=121: 381 braids
    projlen=122: 447 braids
    projlen=123: 5053 braids
    projlen=124: 4606 braids
    projlen=125: 54512 braids
    projlen=126: 38547 braids
    projlen=127: 269845 braids
    projlen=128: 176983 braids
    projlen=129: 365549 braids
    projlen=130: 171347 braids
    projlen=131: 358784 braids
    projlen=132: 158733 braids
    projlen=133: 354177 braids
    projlen=134: 155279 braids
    projlen=135: 352181 braids
    projlen=136: 155095 braids
    projlen=137: 350840 braids
    projlen=138: 153745 braids
    projlen=139: 349121 braids
    projlen=140: 154894 braids
    projlen=141: 347092 braids
    projlen=142: 156687 braids
    projlen=143: 340129 braids
    projlen=144: 174383 braids
    projlen=145: 301429 braids
    projlen=146: 83323 braids
  Braids kept: 1099095 (in 29 buckets, 3.74 GB CPU)
  ⚡ Timing: matmul=0.17s, sampling=11.01s, total=18.07s
============================================================
Level 240 - SAMPLING
============================================================
  Starting braids: 999095
  Candidates to generate: 5154425
  Processing in 52 chunks...
  Projlen distribution:
    projlen=118: 2 braids
    projlen=119: 13 braids
    projlen=120: 22 braids
    projlen=121: 247 braids
    projlen=122: 284 braids
    projlen=123: 2913 braids
    projlen=124: 2721 braids
    projlen=125: 30516 braids
    projlen=126: 23184 braids
    projlen=127: 249005 braids
    projlen=128: 160208 braids
    projlen=129: 338933 braids
    projlen=130: 173476 braids
    projlen=131: 359942 braids
    projlen=132: 159787 braids
    projlen=133: 354567 braids
    projlen=134: 154997 braids
    projlen=135: 351485 braids
    projlen=136: 154170 braids
    projlen=137: 349647 braids
    projlen=138: 154211 braids
    projlen=139: 349441 braids
    projlen=140: 153624 braids
    projlen=141: 348277 braids
    projlen=142: 155559 braids
    projlen=143: 346318 braids
    projlen=144: 157790 braids
    projlen=145: 334122 braids
    projlen=146: 174376 braids
    projlen=147: 114588 braids
  Braids kept: 1109902 (in 30 buckets, 3.79 GB CPU)
  ⚡ Timing: matmul=0.18s, sampling=11.29s, total=18.52s
============================================================
Level 241 - SAMPLING
============================================================
  Starting braids: 959902
  Candidates to generate: 4935058
  Processing in 50 chunks...
  Projlen distribution:
    projlen=118: 2 braids
    projlen=119: 18 braids
    projlen=120: 23 braids
    projlen=121: 164 braids
    projlen=122: 212 braids
    projlen=123: 1886 braids
    projlen=124: 1853 braids
    projlen=125: 18349 braids
    projlen=126: 14282 braids
    projlen=127: 155926 braids
    projlen=128: 101089 braids
    projlen=129: 302693 braids
    projlen=130: 175134 braids
    projlen=131: 361413 braids
    projlen=132: 162964 braids
    projlen=133: 355669 braids
    projlen=134: 155882 braids
    projlen=135: 352165 braids
    projlen=136: 154008 braids
    projlen=137: 349033 braids
    projlen=138: 153279 braids
    projlen=139: 348203 braids
    projlen=140: 153651 braids
    projlen=141: 348750 braids
    projlen=142: 154180 braids
    projlen=143: 347985 braids
    projlen=144: 155599 braids
    projlen=145: 339968 braids
    projlen=146: 155094 braids
    projlen=147: 115584 braids
  Braids kept: 1086789 (in 30 buckets, 3.72 GB CPU)
  ⚡ Timing: matmul=0.16s, sampling=10.96s, total=17.90s
============================================================
Level 242 - SAMPLING
============================================================
  Starting braids: 986789
  Candidates to generate: 5099293
  Processing in 51 chunks...
  Projlen distribution:
    projlen=119: 24 braids
    projlen=120: 27 braids
    projlen=121: 175 braids
    projlen=122: 174 braids
    projlen=123: 1372 braids
    projlen=124: 1416 braids
    projlen=125: 12148 braids
    projlen=126: 9541 braids
    projlen=127: 94529 braids
    projlen=128: 62270 braids
    projlen=129: 283111 braids
    projlen=130: 177046 braids
    projlen=131: 364695 braids
    projlen=132: 167135 braids
    projlen=133: 358061 braids
    projlen=134: 157492 braids
    projlen=135: 352968 braids
    projlen=136: 154571 braids
    projlen=137: 351019 braids
    projlen=138: 153877 braids
    projlen=139: 348972 braids
    projlen=140: 153146 braids
    projlen=141: 347951 braids
    projlen=142: 154089 braids
    projlen=143: 347374 braids
    projlen=144: 154114 braids
    projlen=145: 345975 braids
    projlen=146: 155401 braids
    projlen=147: 309512 braids
    projlen=148: 81108 braids
  Braids kept: 1124877 (in 30 buckets, 3.87 GB CPU)
  ⚡ Timing: matmul=0.22s, sampling=11.38s, total=18.60s
============================================================
Level 243 - SAMPLING
============================================================
  Starting braids: 974877
  Candidates to generate: 5037205
  Processing in 51 chunks...
  Projlen distribution:
    projlen=119: 11 braids
    projlen=120: 12 braids
    projlen=121: 211 braids
    projlen=122: 198 braids
    projlen=123: 1261 braids
    projlen=124: 1096 braids
    projlen=125: 9374 braids
    projlen=126: 7438 braids
    projlen=127: 63650 braids
    projlen=128: 42867 braids
    projlen=129: 269976 braids
    projlen=130: 176095 braids
    projlen=131: 365024 braids
    projlen=132: 170717 braids
    projlen=133: 359282 braids
    projlen=134: 158403 braids
    projlen=135: 354524 braids
    projlen=136: 155034 braids
    projlen=137: 351655 braids
    projlen=138: 153949 braids
    projlen=139: 348890 braids
    projlen=140: 153175 braids
    projlen=141: 349750 braids
    projlen=142: 154212 braids
    projlen=143: 348611 braids
    projlen=144: 154787 braids
    projlen=145: 346220 braids
    projlen=146: 152548 braids
    projlen=147: 308103 braids
    projlen=148: 80132 braids
  Braids kept: 1112468 (in 30 buckets, 3.84 GB CPU)
  ⚡ Timing: matmul=0.16s, sampling=11.29s, total=18.44s
============================================================
Level 244 - SAMPLING
============================================================
  Starting braids: 962468
  Candidates to generate: 4976540
  Processing in 50 chunks...
  Projlen distribution:
    projlen=119: 2 braids
    projlen=120: 6 braids
    projlen=121: 83 braids
    projlen=122: 101 braids
    projlen=123: 1391 braids
    projlen=124: 1205 braids
    projlen=125: 7950 braids
    projlen=126: 5852 braids
    projlen=127: 51291 braids
    projlen=128: 35436 braids
    projlen=129: 257226 braids
    projlen=130: 163917 braids
    projlen=131: 346149 braids
    projlen=132: 172370 braids
    projlen=133: 360482 braids
    projlen=134: 159992 braids
    projlen=135: 355277 braids
    projlen=136: 154869 braids
    projlen=137: 351812 braids
    projlen=138: 153930 braids
    projlen=139: 349808 braids
    projlen=140: 153147 braids
    projlen=141: 348599 braids
    projlen=142: 152993 braids
    projlen=143: 348989 braids
    projlen=144: 154107 braids
    projlen=145: 347014 braids
    projlen=146: 153562 braids
    projlen=147: 308378 braids
    projlen=148: 80602 braids
  Braids kept: 1102026 (in 30 buckets, 3.81 GB CPU)
  ⚡ Timing: matmul=0.20s, sampling=10.86s, total=17.92s
============================================================
Level 245 - SAMPLING
============================================================
  Starting braids: 952026
  Candidates to generate: 4928098
  Processing in 50 chunks...
  Projlen distribution:
    projlen=120: 3 braids
    projlen=121: 29 braids
    projlen=122: 66 braids
    projlen=123: 603 braids
    projlen=124: 656 braids
    projlen=125: 8026 braids
    projlen=126: 6375 braids
    projlen=127: 43550 braids
    projlen=128: 29590 braids
    projlen=129: 245535 braids
    projlen=130: 152950 braids
    projlen=131: 327650 braids
    projlen=132: 173437 braids
    projlen=133: 360333 braids
    projlen=134: 161940 braids
    projlen=135: 356425 braids
    projlen=136: 156197 braids
    projlen=137: 353698 braids
    projlen=138: 154353 braids
    projlen=139: 350547 braids
    projlen=140: 153682 braids
    projlen=141: 349344 braids
    projlen=142: 153188 braids
    projlen=143: 348607 braids
    projlen=144: 153305 braids
    projlen=145: 347125 braids
    projlen=146: 151807 braids
    projlen=147: 308762 braids
    projlen=148: 80315 braids
  Braids kept: 1088898 (in 29 buckets, 3.77 GB CPU)
  ⚡ Timing: matmul=0.15s, sampling=10.91s, total=17.86s
============================================================
Level 246 - SAMPLING
============================================================
  Starting braids: 988898
  Candidates to generate: 5074350
  Processing in 51 chunks...
  Projlen distribution:
    projlen=120: 3 braids
    projlen=121: 12 braids
    projlen=122: 35 braids
    projlen=123: 335 braids
    projlen=124: 447 braids
    projlen=125: 3973 braids
    projlen=126: 3550 braids
    projlen=127: 42422 braids
    projlen=128: 31007 braids
    projlen=129: 210648 braids
    projlen=130: 129632 braids
    projlen=131: 312690 braids
    projlen=132: 175086 braids
    projlen=133: 361716 braids
    projlen=134: 164736 braids
    projlen=135: 356470 braids
    projlen=136: 156578 braids
    projlen=137: 352308 braids
    projlen=138: 154218 braids
    projlen=139: 351363 braids
    projlen=140: 153991 braids
    projlen=141: 349123 braids
    projlen=142: 153114 braids
    projlen=143: 349434 braids
    projlen=144: 153309 braids
    projlen=145: 348637 braids
    projlen=146: 152234 braids
    projlen=147: 341317 braids
    projlen=148: 148838 braids
    projlen=149: 117124 braids
  Braids kept: 1131784 (in 30 buckets, 3.93 GB CPU)
  ⚡ Timing: matmul=0.20s, sampling=11.49s, total=18.76s
============================================================
Level 247 - SAMPLING
============================================================
  Starting braids: 981784
  Candidates to generate: 5037616
  Processing in 51 chunks...
  Projlen distribution:
    projlen=120: 2 braids
    projlen=121: 8 braids
    projlen=122: 18 braids
    projlen=123: 202 braids
    projlen=124: 273 braids
    projlen=125: 2626 braids
    projlen=126: 2493 braids
    projlen=127: 23338 braids
    projlen=128: 17316 braids
    projlen=129: 199362 braids
    projlen=130: 132540 braids
    projlen=131: 311890 braids
    projlen=132: 175571 braids
    projlen=133: 360117 braids
    projlen=134: 167582 braids
    projlen=135: 357920 braids
    projlen=136: 158566 braids
    projlen=137: 353939 braids
    projlen=138: 155538 braids
    projlen=139: 350747 braids
    projlen=140: 153629 braids
    projlen=141: 349509 braids
    projlen=142: 153248 braids
    projlen=143: 349835 braids
    projlen=144: 153101 braids
    projlen=145: 349121 braids
    projlen=146: 152743 braids
    projlen=147: 342957 braids
    projlen=148: 147116 braids
    projlen=149: 116309 braids
  Braids kept: 1096276 (in 30 buckets, 3.82 GB CPU)
  ⚡ Timing: matmul=0.16s, sampling=11.47s, total=18.68s
============================================================
Level 248 - SAMPLING
============================================================
  Starting braids: 996276
  Candidates to generate: 5135388
  Processing in 52 chunks...
  Projlen distribution:
    projlen=121: 10 braids
    projlen=122: 13 braids
    projlen=123: 113 braids
    projlen=124: 131 braids
    projlen=125: 1636 braids
    projlen=126: 1657 braids
    projlen=127: 16551 braids
    projlen=128: 12625 braids
    projlen=129: 114602 braids
    projlen=130: 73502 braids
    projlen=131: 279253 braids
    projlen=132: 179725 braids
    projlen=133: 355702 braids
    projlen=134: 170222 braids
    projlen=135: 355493 braids
    projlen=136: 160310 braids
    projlen=137: 353461 braids
    projlen=138: 156253 braids
    projlen=139: 351518 braids
    projlen=140: 154873 braids
    projlen=141: 349269 braids
    projlen=142: 153131 braids
    projlen=143: 348830 braids
    projlen=144: 153182 braids
    projlen=145: 349197 braids
    projlen=146: 153290 braids
    projlen=147: 348096 braids
    projlen=148: 151333 braids
    projlen=149: 310749 braids
    projlen=150: 80661 braids
  Braids kept: 1132736 (in 30 buckets, 3.97 GB CPU)
  ⚡ Timing: matmul=0.17s, sampling=11.85s, total=19.23s
============================================================
Level 249 - SAMPLING
============================================================
  Starting braids: 982736
  Candidates to generate: 5068822
  Processing in 51 chunks...
  Projlen distribution:
    projlen=121: 3 braids
    projlen=122: 3 braids
    projlen=123: 91 braids
    projlen=124: 91 braids
    projlen=125: 895 braids
    projlen=126: 878 braids
    projlen=127: 10673 braids
    projlen=128: 8845 braids
    projlen=129: 84653 braids
    projlen=130: 56105 braids
    projlen=131: 273207 braids
    projlen=132: 174388 braids
    projlen=133: 357150 braids
    projlen=134: 176056 braids
    projlen=135: 351421 braids
    projlen=136: 165773 braids
    projlen=137: 349655 braids
    projlen=138: 158782 braids
    projlen=139: 349862 braids
    projlen=140: 155966 braids
    projlen=141: 349168 braids
    projlen=142: 154319 braids
    projlen=143: 348219 braids
    projlen=144: 152994 braids
    projlen=145: 348258 braids
    projlen=146: 152902 braids
    projlen=147: 347974 braids
    projlen=148: 151009 braids
    projlen=149: 309431 braids
    projlen=150: 80051 braids
  Braids kept: 1121479 (in 30 buckets, 3.93 GB CPU)
  ⚡ Timing: matmul=0.23s, sampling=11.70s, total=19.02s
============================================================
Level 250 - SAMPLING
============================================================
  Starting braids: 971479
  Candidates to generate: 5025589
  Processing in 51 chunks...
  Projlen distribution:
    projlen=122: 1 braids
    projlen=123: 19 braids
    projlen=124: 30 braids
    projlen=125: 657 braids
    projlen=126: 651 braids
    projlen=127: 5900 braids
    projlen=128: 4952 braids
    projlen=129: 57478 braids
    projlen=130: 40700 braids
    projlen=131: 267496 braids
    projlen=132: 174849 braids
    projlen=133: 361087 braids
    projlen=134: 171548 braids
    projlen=135: 354307 braids
    projlen=136: 168576 braids
    projlen=137: 347715 braids
    projlen=138: 167629 braids
    projlen=139: 345759 braids
    projlen=140: 160145 braids
    projlen=141: 348109 braids
    projlen=142: 156838 braids
    projlen=143: 348589 braids
    projlen=144: 154731 braids
    projlen=145: 348149 braids
    projlen=146: 153230 braids
    projlen=147: 346644 braids
    projlen=148: 150732 braids
    projlen=149: 308890 braids
    projlen=150: 80178 braids
  Braids kept: 1102910 (in 29 buckets, 3.88 GB CPU)
  ⚡ Timing: matmul=0.17s, sampling=11.38s, total=18.56s
============================================================
Level 251 - SAMPLING
============================================================
  Starting braids: 952910
  Candidates to generate: 4956116
  Processing in 50 chunks...
  Projlen distribution:
    projlen=123: 7 braids
    projlen=124: 19 braids
    projlen=125: 184 braids
    projlen=126: 240 braids
    projlen=127: 4196 braids
    projlen=128: 3598 braids
    projlen=129: 33718 braids
    projlen=130: 24657 braids
    projlen=131: 253934 braids
    projlen=132: 164769 braids
    projlen=133: 341729 braids
    projlen=134: 172570 braids
    projlen=135: 358710 braids
    projlen=136: 161793 braids
    projlen=137: 351157 braids
    projlen=138: 168588 braids
    projlen=139: 344072 braids
    projlen=140: 171333 braids
    projlen=141: 342866 braids
    projlen=142: 163518 braids
    projlen=143: 345467 braids
    projlen=144: 158357 braids
    projlen=145: 347039 braids
    projlen=146: 155617 braids
    projlen=147: 346725 braids
    projlen=148: 152014 braids
    projlen=149: 308950 braids
    projlen=150: 80289 braids
  Braids kept: 1066619 (in 28 buckets, 3.76 GB CPU)
  ⚡ Timing: matmul=0.18s, sampling=11.10s, total=18.18s
============================================================
Level 252 - SAMPLING
============================================================
  Starting braids: 966619
  Candidates to generate: 4996315
  Processing in 50 chunks...
  Projlen distribution:
    projlen=123: 3 braids
    projlen=124: 10 braids
    projlen=125: 110 braids
    projlen=126: 148 braids
    projlen=127: 1482 braids
    projlen=128: 1530 braids
    projlen=129: 23940 braids
    projlen=130: 18253 braids
    projlen=131: 169085 braids
    projlen=132: 107109 braids
    projlen=133: 305330 braids
    projlen=134: 175985 braids
    projlen=135: 360776 braids
    projlen=136: 162390 braids
    projlen=137: 354250 braids
    projlen=138: 158382 braids
    projlen=139: 348046 braids
    projlen=140: 171012 braids
    projlen=141: 340416 braids
    projlen=142: 176916 braids
    projlen=143: 339820 braids
    projlen=144: 169429 braids
    projlen=145: 343663 braids
    projlen=146: 161326 braids
    projlen=147: 345563 braids
    projlen=148: 155907 braids
    projlen=149: 340015 braids
    projlen=150: 148261 braids
    projlen=151: 117158 braids
  Braids kept: 1095476 (in 29 buckets, 3.88 GB CPU)
  ⚡ Timing: matmul=0.21s, sampling=11.27s, total=18.41s
============================================================
Level 253 - SAMPLING
============================================================
  Starting braids: 995476
  Candidates to generate: 5185318
  Processing in 52 chunks...
  Projlen distribution:
    projlen=124: 2 braids
    projlen=125: 53 braids
    projlen=126: 74 braids
    projlen=127: 944 braids
    projlen=128: 973 braids
    projlen=129: 10013 braids
    projlen=130: 8401 braids
    projlen=131: 118753 braids
    projlen=132: 78734 braids
    projlen=133: 289244 braids
    projlen=134: 175438 braids
    projlen=135: 362946 braids
    projlen=136: 167390 braids
    projlen=137: 357087 braids
    projlen=138: 157343 braids
    projlen=139: 351756 braids
    projlen=140: 157840 braids
    projlen=141: 344651 braids
    projlen=142: 173780 braids
    projlen=143: 336576 braids
    projlen=144: 184327 braids
    projlen=145: 335532 braids
    projlen=146: 177114 braids
    projlen=147: 340527 braids
    projlen=148: 165271 braids
    projlen=149: 342788 braids
    projlen=150: 157912 braids
    projlen=151: 308620 braids
    projlen=152: 81229 braids
  Braids kept: 1120460 (in 29 buckets, 3.99 GB CPU)
  ⚡ Timing: matmul=0.21s, sampling=11.85s, total=19.29s
============================================================
Level 254 - SAMPLING
============================================================
  Starting braids: 970460
  Candidates to generate: 5065736
  Processing in 51 chunks...
  Projlen distribution:
    projlen=123: 1 braids
    projlen=124: 1 braids
    projlen=125: 22 braids
    projlen=126: 40 braids
    projlen=127: 450 braids
    projlen=128: 532 braids
    projlen=129: 6467 braids
    projlen=130: 5422 braids
    projlen=131: 54136 braids
    projlen=132: 37222 braids
    projlen=133: 265083 braids
    projlen=134: 175384 braids
    projlen=135: 363777 braids
    projlen=136: 169618 braids
    projlen=137: 359749 braids
    projlen=138: 159230 braids
    projlen=139: 352966 braids
    projlen=140: 155157 braids
    projlen=141: 349663 braids
    projlen=142: 158426 braids
    projlen=143: 342451 braids
    projlen=144: 178964 braids
    projlen=145: 333082 braids
    projlen=146: 192355 braids
    projlen=147: 331256 braids
    projlen=148: 185652 braids
    projlen=149: 334434 braids
    projlen=150: 169190 braids
    projlen=151: 303604 braids
    projlen=152: 81402 braids
  Braids kept: 1100157 (in 30 buckets, 3.92 GB CPU)
  ⚡ Timing: matmul=0.19s, sampling=11.49s, total=18.76s
============================================================
Level 255 - SAMPLING
============================================================
  Starting braids: 950157
  Candidates to generate: 4979801
  Processing in 50 chunks...
  Projlen distribution:
    projlen=123: 6 braids
    projlen=124: 3 braids
    projlen=125: 21 braids
    projlen=126: 30 braids
    projlen=127: 224 braids
    projlen=128: 291 braids
    projlen=129: 3320 braids
    projlen=130: 3100 braids
    projlen=131: 36660 braids
    projlen=132: 26965 braids
    projlen=133: 250525 braids
    projlen=134: 158147 braids
    projlen=135: 332747 braids
    projlen=136: 172420 braids
    projlen=137: 359814 braids
    projlen=138: 159935 braids
    projlen=139: 355811 braids
    projlen=140: 156376 braids
    projlen=141: 351577 braids
    projlen=142: 154900 braids
    projlen=143: 346991 braids
    projlen=144: 159154 braids
    projlen=145: 339655 braids
    projlen=146: 184167 braids
    projlen=147: 328473 braids
    projlen=148: 201328 braids
    projlen=149: 323366 braids
    projlen=150: 194191 braids
    projlen=151: 295083 braids
    projlen=152: 84521 braids
  Braids kept: 1070620 (in 30 buckets, 3.83 GB CPU)
  ⚡ Timing: matmul=0.19s, sampling=11.28s, total=18.45s
============================================================
Level 256 - SAMPLING
============================================================
  Starting braids: 970620
  Candidates to generate: 5066300
  Processing in 51 chunks...
  Projlen distribution:
    projlen=123: 12 braids
    projlen=124: 7 braids
    projlen=125: 46 braids
    projlen=126: 33 braids
    projlen=127: 189 braids
    projlen=128: 216 braids
    projlen=129: 1820 braids
    projlen=130: 1810 braids
    projlen=131: 20269 braids
    projlen=132: 15876 braids
    projlen=133: 181705 braids
    projlen=134: 117056 braids
    projlen=135: 309610 braids
    projlen=136: 174704 braids
    projlen=137: 360916 braids
    projlen=138: 162849 braids
    projlen=139: 356173 braids
    projlen=140: 156101 braids
    projlen=141: 352864 braids
    projlen=142: 155296 braids
    projlen=143: 350319 braids
    projlen=144: 155366 braids
    projlen=145: 346125 braids
    projlen=146: 161913 braids
    projlen=147: 336495 braids
    projlen=148: 190568 braids
    projlen=149: 323992 braids
    projlen=150: 210239 braids
    projlen=151: 313566 braids
    projlen=152: 200763 braids
    projlen=153: 109402 braids
  Braids kept: 1090278 (in 31 buckets, 3.92 GB CPU)
  ⚡ Timing: matmul=0.19s, sampling=11.47s, total=18.75s
============================================================
Level 257 - SAMPLING
============================================================
  Starting braids: 990278
  Candidates to generate: 5170434
  Processing in 52 chunks...
  Projlen distribution:
    projlen=123: 6 braids
    projlen=124: 6 braids
    projlen=125: 82 braids
    projlen=126: 49 braids
    projlen=127: 294 braids
    projlen=128: 219 braids
    projlen=129: 1466 braids
    projlen=130: 1301 braids
    projlen=131: 12020 braids
    projlen=132: 9542 braids
    projlen=133: 103266 braids
    projlen=134: 68516 braids
    projlen=135: 284040 braids
    projlen=136: 175906 braids
    projlen=137: 362377 braids
    projlen=138: 165940 braids
    projlen=139: 357080 braids
    projlen=140: 156952 braids
    projlen=141: 353185 braids
    projlen=142: 154710 braids
    projlen=143: 350212 braids
    projlen=144: 154587 braids
    projlen=145: 349820 braids
    projlen=146: 155733 braids
    projlen=147: 344465 braids
    projlen=148: 164464 braids
    projlen=149: 334794 braids
    projlen=150: 196888 braids
    projlen=151: 318847 braids
    projlen=152: 217312 braids
    projlen=153: 286754 braids
    projlen=154: 89601 braids
  Braids kept: 1124985 (in 32 buckets, 4.06 GB CPU)
  ⚡ Timing: matmul=0.19s, sampling=12.09s, total=19.57s
============================================================
Level 258 - SAMPLING
============================================================
  Starting braids: 974985
  Candidates to generate: 5069091
  Processing in 51 chunks...
  Projlen distribution:
    projlen=123: 3 braids
    projlen=124: 6 braids
    projlen=125: 38 braids
    projlen=126: 43 braids
    projlen=127: 438 braids
    projlen=128: 288 braids
    projlen=129: 1805 braids
    projlen=130: 1379 braids
    projlen=131: 9393 braids
    projlen=132: 6971 braids
    projlen=133: 63526 braids
    projlen=134: 43015 braids
    projlen=135: 270389 braids
    projlen=136: 176754 braids
    projlen=137: 364473 braids
    projlen=138: 170177 braids
    projlen=139: 358310 braids
    projlen=140: 158183 braids
    projlen=141: 353720 braids
    projlen=142: 154415 braids
    projlen=143: 350821 braids
    projlen=144: 153828 braids
    projlen=145: 349178 braids
    projlen=146: 154558 braids
    projlen=147: 348283 braids
    projlen=148: 156553 braids
    projlen=149: 343588 braids
    projlen=150: 168960 braids
    projlen=151: 331431 braids
    projlen=152: 200950 braids
    projlen=153: 290490 braids
    projlen=154: 87125 braids
  Braids kept: 1113379 (in 32 buckets, 4.03 GB CPU)
  ⚡ Timing: matmul=0.20s, sampling=11.83s, total=19.19s
============================================================
Level 259 - SAMPLING
============================================================
  Starting braids: 963379
  Candidates to generate: 4996661
  Processing in 50 chunks...
  Projlen distribution:
    projlen=124: 1 braids
    projlen=125: 34 braids
    projlen=126: 42 braids
    projlen=127: 227 braids
    projlen=128: 214 braids
    projlen=129: 2262 braids
    projlen=130: 1590 braids
    projlen=131: 10456 braids
    projlen=132: 7277 braids
    projlen=133: 51139 braids
    projlen=134: 34077 braids
    projlen=135: 259116 braids
    projlen=136: 166634 braids
    projlen=137: 347873 braids
    projlen=138: 172591 braids
    projlen=139: 359463 braids
    projlen=140: 159590 braids
    projlen=141: 354507 braids
    projlen=142: 155128 braids
    projlen=143: 351409 braids
    projlen=144: 153828 braids
    projlen=145: 349576 braids
    projlen=146: 153506 braids
    projlen=147: 348675 braids
    projlen=148: 154530 braids
    projlen=149: 347093 braids
    projlen=150: 158029 braids
    projlen=151: 341032 braids
    projlen=152: 172187 braids
    projlen=153: 301963 braids
    projlen=154: 82612 braids
  Braids kept: 1106180 (in 31 buckets, 4.01 GB CPU)
  ⚡ Timing: matmul=0.21s, sampling=11.52s, total=18.79s
============================================================
Level 260 - SAMPLING
============================================================
  Starting braids: 956180
  Candidates to generate: 4960468
  Processing in 50 chunks...
  Projlen distribution:
    projlen=125: 8 braids
    projlen=126: 13 braids
    projlen=127: 242 braids
    projlen=128: 229 braids
    projlen=129: 1356 braids
    projlen=130: 1052 braids
    projlen=131: 11806 braids
    projlen=132: 8179 braids
    projlen=133: 56187 braids
    projlen=134: 36325 braids
    projlen=135: 248721 braids
    projlen=136: 150330 braids
    projlen=137: 326924 braids
    projlen=138: 174671 braids
    projlen=139: 361791 braids
    projlen=140: 161753 braids
    projlen=141: 356388 braids
    projlen=142: 156472 braids
    projlen=143: 351803 braids
    projlen=144: 154017 braids
    projlen=145: 350191 braids
    projlen=146: 153491 braids
    projlen=147: 348904 braids
    projlen=148: 153197 braids
    projlen=149: 348252 braids
    projlen=150: 155149 braids
    projlen=151: 345677 braids
    projlen=152: 157956 braids
    projlen=153: 308007 braids
    projlen=154: 81377 braids
  Braids kept: 1109210 (in 30 buckets, 4.02 GB CPU)
  ⚡ Timing: matmul=0.19s, sampling=11.53s, total=18.78s
============================================================
Level 261 - SAMPLING
============================================================
  Starting braids: 959210
  Candidates to generate: 4967086
  Processing in 50 chunks...
  Projlen distribution:
    projlen=125: 7 braids
    projlen=126: 11 braids
    projlen=127: 71 braids
    projlen=128: 89 braids
    projlen=129: 1452 braids
    projlen=130: 1176 braids
    projlen=131: 7753 braids
    projlen=132: 5453 braids
    projlen=133: 59966 braids
    projlen=134: 39551 braids
    projlen=135: 251162 braids
    projlen=136: 151873 braids
    projlen=137: 329693 braids
    projlen=138: 172837 braids
    projlen=139: 362051 braids
    projlen=140: 164818 braids
    projlen=141: 357115 braids
    projlen=142: 156888 braids
    projlen=143: 353603 braids
    projlen=144: 154905 braids
    projlen=145: 350628 braids
    projlen=146: 153433 braids
    projlen=147: 348884 braids
    projlen=148: 152950 braids
    projlen=149: 348270 braids
    projlen=150: 153132 braids
    projlen=151: 346543 braids
    projlen=152: 154063 braids
    projlen=153: 308155 braids
    projlen=154: 80554 braids
  Braids kept: 1105563 (in 30 buckets, 4.01 GB CPU)
  ⚡ Timing: matmul=0.19s, sampling=11.59s, total=18.80s
============================================================
Level 262 - SAMPLING
============================================================
  Starting braids: 955563
  Candidates to generate: 4937401
  Processing in 50 chunks...
  Projlen distribution:
    projlen=125: 3 braids
    projlen=126: 4 braids
    projlen=127: 64 braids
    projlen=128: 70 braids
    projlen=129: 560 braids
    projlen=130: 532 braids
    projlen=131: 7915 braids
    projlen=132: 5944 braids
    projlen=133: 41388 braids
    projlen=134: 27008 braids
    projlen=135: 246955 braids
    projlen=136: 157075 braids
    projlen=137: 336864 braids
    projlen=138: 171948 braids
    projlen=139: 360013 braids
    projlen=140: 163182 braids
    projlen=141: 356862 braids
    projlen=142: 158168 braids
    projlen=143: 353449 braids
    projlen=144: 154829 braids
    projlen=145: 350392 braids
    projlen=146: 153839 braids
    projlen=147: 349793 braids
    projlen=148: 153011 braids
    projlen=149: 349047 braids
    projlen=150: 152816 braids
    projlen=151: 346337 braids
    projlen=152: 151050 braids
    projlen=153: 307945 braids
    projlen=154: 80338 braids
  Braids kept: 1083488 (in 30 buckets, 3.94 GB CPU)
  ⚡ Timing: matmul=0.19s, sampling=11.43s, total=18.64s
============================================================
Level 263 - SAMPLING
============================================================
  Starting braids: 983488
  Candidates to generate: 5043120
  Processing in 51 chunks...
  Projlen distribution:
    projlen=126: 1 braids
    projlen=127: 21 braids
    projlen=128: 29 braids
    projlen=129: 455 braids
    projlen=130: 419 braids
    projlen=131: 3597 braids
    projlen=132: 3066 braids
    projlen=133: 41159 braids
    projlen=134: 28520 braids
    projlen=135: 203326 braids
    projlen=136: 121389 braids
    projlen=137: 306953 braids
    projlen=138: 172718 braids
    projlen=139: 358628 braids
    projlen=140: 162103 braids
    projlen=141: 357050 braids
    projlen=142: 157730 braids
    projlen=143: 353606 braids
    projlen=144: 155360 braids
    projlen=145: 351691 braids
    projlen=146: 154337 braids
    projlen=147: 349725 braids
    projlen=148: 153532 braids
    projlen=149: 349014 braids
    projlen=150: 152905 braids
    projlen=151: 347509 braids
    projlen=152: 152061 braids
    projlen=153: 340746 braids
    projlen=154: 148400 braids
    projlen=155: 117070 braids
  Braids kept: 1127267 (in 30 buckets, 4.12 GB CPU)
  ⚡ Timing: matmul=0.17s, sampling=11.84s, total=19.18s
============================================================
Level 264 - SAMPLING
============================================================
  Starting braids: 977267
  Candidates to generate: 5013941
  Processing in 51 chunks...
  Projlen distribution:
    projlen=126: 1 braids
    projlen=127: 2 braids
    projlen=128: 15 braids
    projlen=129: 155 braids
    projlen=130: 197 braids
    projlen=131: 2722 braids
    projlen=132: 2329 braids
    projlen=133: 20950 braids
    projlen=134: 15746 braids
    projlen=135: 196865 braids
    projlen=136: 125505 braids
    projlen=137: 310335 braids
    projlen=138: 171766 braids
    projlen=139: 360976 braids
    projlen=140: 165466 braids
    projlen=141: 356832 braids
    projlen=142: 157217 braids
    projlen=143: 353385 braids
    projlen=144: 155356 braids
    projlen=145: 350736 braids
    projlen=146: 154417 braids
    projlen=147: 350694 braids
    projlen=148: 154185 braids
    projlen=149: 349666 braids
    projlen=150: 152909 braids
    projlen=151: 347884 braids
    projlen=152: 152193 braids
    projlen=153: 342084 braids
    projlen=154: 146944 braids
    projlen=155: 116409 braids
  Braids kept: 1092117 (in 30 buckets, 4.00 GB CPU)
  ⚡ Timing: matmul=0.15s, sampling=11.93s, total=19.26s
============================================================
Level 265 - SAMPLING
============================================================
  Starting braids: 992117
  Candidates to generate: 5112315
  Processing in 52 chunks...
  Projlen distribution:
    projlen=127: 3 braids
    projlen=128: 5 braids
    projlen=129: 67 braids
    projlen=130: 122 braids
    projlen=131: 1111 braids
    projlen=132: 1173 braids
    projlen=133: 15461 braids
    projlen=134: 11582 braids
    projlen=135: 104523 braids
    projlen=136: 68808 braids
    projlen=137: 281095 braids
    projlen=138: 175254 braids
    projlen=139: 361036 braids
    projlen=140: 165402 braids
    projlen=141: 357106 braids
    projlen=142: 158054 braids
    projlen=143: 353327 braids
    projlen=144: 154872 braids
    projlen=145: 350113 braids
    projlen=146: 154074 braids
    projlen=147: 348937 braids
    projlen=148: 153978 braids
    projlen=149: 350982 braids
    projlen=150: 154292 braids
    projlen=151: 349878 braids
    projlen=152: 153718 braids
    projlen=153: 346416 braids
    projlen=154: 150819 braids
    projlen=155: 309713 braids
    projlen=156: 80394 braids
  Braids kept: 1129524 (in 30 buckets, 4.15 GB CPU)
  ⚡ Timing: matmul=0.15s, sampling=12.42s, total=19.95s
============================================================
Level 266 - SAMPLING
============================================================
  Starting braids: 979524
  Candidates to generate: 5052840
  Processing in 51 chunks...
  Projlen distribution:
    projlen=128: 1 braids
    projlen=129: 29 braids
    projlen=130: 43 braids
    projlen=131: 672 braids
    projlen=132: 736 braids
    projlen=133: 7424 braids
    projlen=134: 6197 braids
    projlen=135: 76903 braids
    projlen=136: 51318 braids
    projlen=137: 270491 braids
    projlen=138: 179258 braids
    projlen=139: 361517 braids
    projlen=140: 170630 braids
    projlen=141: 357103 braids
    projlen=142: 158748 braids
    projlen=143: 353440 braids
    projlen=144: 155436 braids
    projlen=145: 351142 braids
    projlen=146: 154310 braids
    projlen=147: 349354 braids
    projlen=148: 153590 braids
    projlen=149: 348618 braids
    projlen=150: 154006 braids
    projlen=151: 349561 braids
    projlen=152: 153827 braids
    projlen=153: 348233 braids
    projlen=154: 151773 braids
    projlen=155: 308620 braids
    projlen=156: 79860 braids
  Braids kept: 1115102 (in 29 buckets, 4.11 GB CPU)
  ⚡ Timing: matmul=0.18s, sampling=12.11s, total=19.56s
============================================================
Level 267 - SAMPLING
============================================================
  Starting braids: 965102
  Candidates to generate: 4980456
  Processing in 50 chunks...
  Projlen distribution:
    projlen=129: 3 braids
    projlen=130: 11 braids
    projlen=131: 269 braids
    projlen=132: 311 braids
    projlen=133: 4807 braids
    projlen=134: 4102 braids
    projlen=135: 40928 braids
    projlen=136: 29010 braids
    projlen=137: 259479 braids
    projlen=138: 173783 braids
    projlen=139: 359120 braids
    projlen=140: 176848 braids
    projlen=141: 356298 braids
    projlen=142: 162258 braids
    projlen=143: 354500 braids
    projlen=144: 156556 braids
    projlen=145: 351587 braids
    projlen=146: 154816 braids
    projlen=147: 349922 braids
    projlen=148: 154088 braids
    projlen=149: 348304 braids
    projlen=150: 153406 braids
    projlen=151: 348209 braids
    projlen=152: 154027 braids
    projlen=153: 346840 braids
    projlen=154: 152008 braids
    projlen=155: 308830 braids
    projlen=156: 80136 braids
  Braids kept: 1079441 (in 28 buckets, 3.99 GB CPU)
  ⚡ Timing: matmul=0.20s, sampling=11.69s, total=19.02s
============================================================
Level 268 - SAMPLING
============================================================
  Starting braids: 979441
  Candidates to generate: 5031743
  Processing in 51 chunks...
  Projlen distribution:
    projlen=130: 3 braids
    projlen=131: 69 braids
    projlen=132: 120 braids
    projlen=133: 2060 braids
    projlen=134: 2026 braids
    projlen=135: 27790 braids
    projlen=136: 21093 braids
    projlen=137: 203187 braids
    projlen=138: 127244 braids
    projlen=139: 311800 braids
    projlen=140: 172773 braids
    projlen=141: 356351 braids
    projlen=142: 167366 braids
    projlen=143: 352099 braids
    projlen=144: 160315 braids
    projlen=145: 350879 braids
    projlen=146: 155601 braids
    projlen=147: 349946 braids
    projlen=148: 154906 braids
    projlen=149: 349724 braids
    projlen=150: 154464 braids
    projlen=151: 349070 braids
    projlen=152: 153971 braids
    projlen=153: 347865 braids
    projlen=154: 154079 braids
    projlen=155: 340844 braids
    projlen=156: 148922 braids
    projlen=157: 117176 braids
  Braids kept: 1103161 (in 28 buckets, 4.09 GB CPU)
  ⚡ Timing: matmul=0.16s, sampling=11.99s, total=19.40s
============================================================
Level 269 - SAMPLING
============================================================
  Starting braids: 953161
  Candidates to generate: 4899871
  Processing in 49 chunks...
  Projlen distribution:
    projlen=130: 1 braids
    projlen=131: 24 braids
    projlen=132: 57 braids
    projlen=133: 749 braids
    projlen=134: 915 braids
    projlen=135: 13090 braids
    projlen=136: 10954 braids
    projlen=137: 138735 braids
    projlen=138: 91117 braids
    projlen=139: 294626 braids
    projlen=140: 174791 braids
    projlen=141: 362234 braids
    projlen=142: 165338 braids
    projlen=143: 352922 braids
    projlen=144: 165945 braids
    projlen=145: 347672 braids
    projlen=146: 161297 braids
    projlen=147: 347274 braids
    projlen=148: 155712 braids
    projlen=149: 348496 braids
    projlen=150: 155056 braids
    projlen=151: 348931 braids
    projlen=152: 154295 braids
    projlen=153: 347558 braids
    projlen=154: 153305 braids
    projlen=155: 342475 braids
    projlen=156: 149931 braids
    projlen=157: 116371 braids
  Braids kept: 1075790 (in 28 buckets, 4.00 GB CPU)
  ⚡ Timing: matmul=0.21s, sampling=11.60s, total=18.82s
============================================================
Level 270 - SAMPLING
============================================================
  Starting braids: 975790
  Candidates to generate: 5046386
  Processing in 51 chunks...
  Projlen distribution:
    projlen=131: 9 braids
    projlen=132: 27 braids
    projlen=133: 353 braids
    projlen=134: 507 braids
    projlen=135: 5805 braids
    projlen=136: 5291 braids
    projlen=137: 68594 braids
    projlen=138: 47761 braids
    projlen=139: 271568 braids
    projlen=140: 176669 braids
    projlen=141: 362196 braids
    projlen=142: 168086 braids
    projlen=143: 357613 braids
    projlen=144: 157750 braids
    projlen=145: 350606 braids
    projlen=146: 168068 braids
    projlen=147: 344245 braids
    projlen=148: 164975 braids
    projlen=149: 345151 braids
    projlen=150: 157161 braids
    projlen=151: 347100 braids
    projlen=152: 155705 braids
    projlen=153: 348411 braids
    projlen=154: 155096 braids
    projlen=155: 345621 braids
    projlen=156: 152244 braids
    projlen=157: 309097 braids
    projlen=158: 80677 braids
  Braids kept: 1109753 (in 28 buckets, 4.15 GB CPU)
  ⚡ Timing: matmul=0.17s, sampling=12.05s, total=19.48s
============================================================
Level 271 - SAMPLING
============================================================
  Starting braids: 959753
  Candidates to generate: 4980303
  Processing in 50 chunks...
  Projlen distribution:
    projlen=132: 3 braids
    projlen=133: 178 braids
    projlen=134: 264 braids
    projlen=135: 3096 braids
    projlen=136: 3129 braids
    projlen=137: 33908 braids
    projlen=138: 25525 braids
    projlen=139: 260052 braids
    projlen=140: 175544 braids
    projlen=141: 357726 braids
    projlen=142: 172586 braids
    projlen=143: 358041 braids
    projlen=144: 159003 braids
    projlen=145: 354601 braids
    projlen=146: 155291 braids
    projlen=147: 346256 braids
    projlen=148: 170215 braids
    projlen=149: 340858 braids
    projlen=150: 170311 braids
    projlen=151: 342018 braids
    projlen=152: 159799 braids
    projlen=153: 346136 braids
    projlen=154: 157342 braids
    projlen=155: 346090 braids
    projlen=156: 154156 braids
    projlen=157: 308229 braids
    projlen=158: 79946 braids
  Braids kept: 1066103 (in 27 buckets, 4.00 GB CPU)
  ⚡ Timing: matmul=0.20s, sampling=11.74s, total=19.08s
============================================================
Level 272 - SAMPLING
============================================================
  Starting braids: 966103
  Candidates to generate: 4992687
  Processing in 50 chunks...
  Projlen distribution:
    projlen=132: 3 braids
    projlen=133: 53 braids
    projlen=134: 110 braids
    projlen=135: 1694 braids
    projlen=136: 1890 braids
    projlen=137: 19900 braids
    projlen=138: 16235 braids
    projlen=139: 171622 braids
    projlen=140: 110895 braids
    projlen=141: 306334 braids
    projlen=142: 175805 braids
    projlen=143: 358452 braids
    projlen=144: 162112 braids
    projlen=145: 354880 braids
    projlen=146: 156323 braids
    projlen=147: 351851 braids
    projlen=148: 154697 braids
    projlen=149: 344571 braids
    projlen=150: 173787 braids
    projlen=151: 337749 braids
    projlen=152: 178027 braids
    projlen=153: 339166 braids
    projlen=154: 164682 braids
    projlen=155: 345010 braids
    projlen=156: 158294 braids
    projlen=157: 339533 braids
    projlen=158: 152131 braids
    projlen=159: 116881 braids
  Braids kept: 1089885 (in 28 buckets, 4.10 GB CPU)
  ⚡ Timing: matmul=0.21s, sampling=11.91s, total=19.27s
============================================================
Level 273 - SAMPLING
============================================================
  Starting braids: 989885
  Candidates to generate: 5158129
  Processing in 52 chunks...
  Projlen distribution:
    projlen=133: 21 braids
    projlen=134: 40 braids
    projlen=135: 697 braids
    projlen=136: 929 braids
    projlen=137: 11998 braids
    projlen=138: 10164 braids
    projlen=139: 104262 braids
    projlen=140: 69859 braids
    projlen=141: 287119 braids
    projlen=142: 177398 braids
    projlen=143: 362959 braids
    projlen=144: 167981 braids
    projlen=145: 355286 braids
    projlen=146: 158846 braids
    projlen=147: 351807 braids
    projlen=148: 155792 braids
    projlen=149: 350237 braids
    projlen=150: 154525 braids
    projlen=151: 343701 braids
    projlen=152: 179344 braids
    projlen=153: 332939 braids
    projlen=154: 186032 braids
    projlen=155: 335149 braids
    projlen=156: 171581 braids
    projlen=157: 340285 braids
    projlen=158: 159907 braids
    projlen=159: 307892 braids
    projlen=160: 81379 braids
  Braids kept: 1123849 (in 28 buckets, 4.25 GB CPU)
  ⚡ Timing: matmul=0.19s, sampling=12.66s, total=20.29s
============================================================
Level 274 - SAMPLING
============================================================
  Starting braids: 973849
  Candidates to generate: 5088267
  Processing in 51 chunks...
  Projlen distribution:
    projlen=132: 1 braids
    projlen=133: 10 braids
    projlen=134: 26 braids
    projlen=135: 296 braids
    projlen=136: 418 braids
    projlen=137: 5573 braids
    projlen=138: 5361 braids
    projlen=139: 65226 braids
    projlen=140: 45997 braids
    projlen=141: 273435 braids
    projlen=142: 177711 braids
    projlen=143: 365552 braids
    projlen=144: 171084 braids
    projlen=145: 358362 braids
    projlen=146: 160517 braids
    projlen=147: 351633 braids
    projlen=148: 158143 braids
    projlen=149: 349324 braids
    projlen=150: 156175 braids
    projlen=151: 347625 braids
    projlen=152: 154243 braids
    projlen=153: 341239 braids
    projlen=154: 184163 braids
    projlen=155: 329141 braids
    projlen=156: 196194 braids
    projlen=157: 327823 braids
    projlen=158: 178969 braids
    projlen=159: 301423 braids
    projlen=160: 82603 braids
  Braids kept: 1107682 (in 29 buckets, 4.20 GB CPU)
  ⚡ Timing: matmul=0.21s, sampling=12.29s, total=19.87s
============================================================
Level 275 - SAMPLING
============================================================
  Starting braids: 957682
  Candidates to generate: 5012416
  Processing in 51 chunks...
  Projlen distribution:
    projlen=133: 4 braids
    projlen=134: 10 braids
    projlen=135: 155 braids
    projlen=136: 232 braids
    projlen=137: 2675 braids
    projlen=138: 2703 braids
    projlen=139: 33034 braids
    projlen=140: 25832 braids
    projlen=141: 261241 braids
    projlen=142: 173958 braids
    projlen=143: 356663 braids
    projlen=144: 172868 braids
    projlen=145: 360867 braids
    projlen=146: 161047 braids
    projlen=147: 354954 braids
    projlen=148: 158493 braids
    projlen=149: 349767 braids
    projlen=150: 158933 braids
    projlen=151: 347470 braids
    projlen=152: 157025 braids
    projlen=153: 346514 braids
    projlen=154: 154887 braids
    projlen=155: 339511 braids
    projlen=156: 189752 braids
    projlen=157: 323869 braids
    projlen=158: 203029 braids
    projlen=159: 290964 braids
    projlen=160: 85959 braids
  Braids kept: 1064645 (in 28 buckets, 4.05 GB CPU)
  ⚡ Timing: matmul=0.14s, sampling=12.11s, total=19.51s
============================================================
Level 276 - SAMPLING
============================================================
  Starting braids: 964645
  Candidates to generate: 5019599
  Processing in 51 chunks...
  Projlen distribution:
    projlen=133: 3 braids
    projlen=134: 6 braids
    projlen=135: 74 braids
    projlen=136: 123 braids
    projlen=137: 1380 braids
    projlen=138: 1560 braids
    projlen=139: 17696 braids
    projlen=140: 14569 braids
    projlen=141: 168431 braids
    projlen=142: 111168 braids
    projlen=143: 308785 braids
    projlen=144: 175166 braids
    projlen=145: 360940 braids
    projlen=146: 161505 braids
    projlen=147: 356214 braids
    projlen=148: 157247 braids
    projlen=149: 350727 braids
    projlen=150: 158400 braids
    projlen=151: 347833 braids
    projlen=152: 160868 braids
    projlen=153: 345230 braids
    projlen=154: 158705 braids
    projlen=155: 344670 braids
    projlen=156: 156126 braids
    projlen=157: 337175 braids
    projlen=158: 194227 braids
    projlen=159: 316234 braids
    projlen=160: 205485 braids
    projlen=161: 109052 braids
  Braids kept: 1085411 (in 29 buckets, 4.15 GB CPU)
  ⚡ Timing: matmul=0.16s, sampling=12.18s, total=19.66s
============================================================
Level 277 - SAMPLING
============================================================
  Starting braids: 985411
  Candidates to generate: 5128033
  Processing in 52 chunks...
  Projlen distribution:
    projlen=135: 41 braids
    projlen=136: 63 braids
    projlen=137: 786 braids
    projlen=138: 940 braids
    projlen=139: 9586 braids
    projlen=140: 8555 braids
    projlen=141: 93751 braids
    projlen=142: 63833 braids
    projlen=143: 283352 braids
    projlen=144: 177669 braids
    projlen=145: 364394 braids
    projlen=146: 167170 braids
    projlen=147: 357010 braids
    projlen=148: 156936 braids
    projlen=149: 351736 braids
    projlen=150: 155917 braids
    projlen=151: 348672 braids
    projlen=152: 159162 braids
    projlen=153: 346010 braids
    projlen=154: 163656 braids
    projlen=155: 344002 braids
    projlen=156: 162085 braids
    projlen=157: 343299 braids
    projlen=158: 157920 braids
    projlen=159: 334029 braids
    projlen=160: 197618 braids
    projlen=161: 292218 braids
    projlen=162: 87623 braids
  Braids kept: 1119971 (in 28 buckets, 4.30 GB CPU)
  ⚡ Timing: matmul=0.16s, sampling=12.72s, total=20.39s
============================================================
Level 278 - SAMPLING
============================================================
  Starting braids: 969971
  Candidates to generate: 5044529
  Processing in 51 chunks...
  Projlen distribution:
    projlen=135: 3 braids
    projlen=136: 13 braids
    projlen=137: 423 braids
    projlen=138: 516 braids
    projlen=139: 5858 braids
    projlen=140: 5299 braids
    projlen=141: 52870 braids
    projlen=142: 38718 braids
    projlen=143: 271308 braids
    projlen=144: 180468 braids
    projlen=145: 365060 braids
    projlen=146: 170926 braids
    projlen=147: 359174 braids
    projlen=148: 158940 braids
    projlen=149: 354605 braids
    projlen=150: 155649 braids
    projlen=151: 351225 braids
    projlen=152: 156017 braids
    projlen=153: 347102 braids
    projlen=154: 160777 braids
    projlen=155: 344997 braids
    projlen=156: 167786 braids
    projlen=157: 341184 braids
    projlen=158: 166919 braids
    projlen=159: 341108 braids
    projlen=160: 160142 braids
    projlen=161: 306226 braids
    projlen=162: 81216 braids
  Braids kept: 1100830 (in 28 buckets, 4.23 GB CPU)
  ⚡ Timing: matmul=0.18s, sampling=12.35s, total=19.91s
============================================================
Level 279 - SAMPLING
============================================================
  Starting braids: 950830
  Candidates to generate: 4960954
  Processing in 50 chunks...
  Projlen distribution:
    projlen=136: 9 braids
    projlen=137: 90 braids
    projlen=138: 184 braids
    projlen=139: 3228 braids
    projlen=140: 3198 braids
    projlen=141: 34864 braids
    projlen=142: 26852 braids
    projlen=143: 251957 braids
    projlen=144: 165022 braids
    projlen=145: 338146 braids
    projlen=146: 175322 braids
    projlen=147: 359520 braids
    projlen=148: 160217 braids
    projlen=149: 354778 braids
    projlen=150: 156018 braids
    projlen=151: 352185 braids
    projlen=152: 155150 braids
    projlen=153: 350036 braids
    projlen=154: 156657 braids
    projlen=155: 345995 braids
    projlen=156: 164138 braids
    projlen=157: 342541 braids
    projlen=158: 172540 braids
    projlen=159: 336493 braids
    projlen=160: 171215 braids
    projlen=161: 302631 braids
    projlen=162: 81968 braids
  Braids kept: 1068425 (in 27 buckets, 4.12 GB CPU)
  ⚡ Timing: matmul=0.18s, sampling=11.96s, total=19.39s
============================================================
Level 280 - SAMPLING
============================================================
  Starting braids: 968425
  Candidates to generate: 5023179
  Processing in 51 chunks...
  Projlen distribution:
    projlen=135: 1 braids
    projlen=136: 10 braids
    projlen=137: 45 braids
    projlen=138: 92 braids
    projlen=139: 1095 braids
    projlen=140: 1369 braids
    projlen=141: 20260 braids
    projlen=142: 16840 braids
    projlen=143: 177162 braids
    projlen=144: 116118 braids
    projlen=145: 309297 braids
    projlen=146: 179760 braids
    projlen=147: 360038 braids
    projlen=148: 165556 braids
    projlen=149: 355260 braids
    projlen=150: 156874 braids
    projlen=151: 352481 braids
    projlen=152: 154915 braids
    projlen=153: 350249 braids
    projlen=154: 154097 braids
    projlen=155: 348471 braids
    projlen=156: 157541 braids
    projlen=157: 343991 braids
    projlen=158: 167395 braids
    projlen=159: 339652 braids
    projlen=160: 178124 braids
    projlen=161: 328569 braids
    projlen=162: 174433 braids
    projlen=163: 113484 braids
  Braids kept: 1089712 (in 29 buckets, 4.22 GB CPU)
  ⚡ Timing: matmul=0.15s, sampling=12.37s, total=19.87s
============================================================
Level 281 - SAMPLING
============================================================
  Starting braids: 989712
  Candidates to generate: 5147566
  Processing in 52 chunks...
  Projlen distribution:
    projlen=135: 7 braids
    projlen=136: 8 braids
    projlen=137: 59 braids
    projlen=138: 92 braids
    projlen=139: 622 braids
    projlen=140: 741 braids
    projlen=141: 8307 braids
    projlen=142: 7728 braids
    projlen=143: 104656 braids
    projlen=144: 72880 braids
    projlen=145: 287052 braids
    projlen=146: 178434 braids
    projlen=147: 360960 braids
    projlen=148: 171531 braids
    projlen=149: 354850 braids
    projlen=150: 161403 braids
    projlen=151: 352299 braids
    projlen=152: 156164 braids
    projlen=153: 349931 braids
    projlen=154: 154357 braids
    projlen=155: 348369 braids
    projlen=156: 153887 braids
    projlen=157: 346502 braids
    projlen=158: 159131 braids
    projlen=159: 342870 braids
    projlen=160: 172948 braids
    projlen=161: 333737 braids
    projlen=162: 183402 braids
    projlen=163: 300097 braids
    projlen=164: 84542 braids
  Braids kept: 1117564 (in 30 buckets, 4.34 GB CPU)
  ⚡ Timing: matmul=0.18s, sampling=12.83s, total=20.58s
============================================================
Level 282 - SAMPLING
============================================================
  Starting braids: 967564
  Candidates to generate: 5026586
  Processing in 51 chunks...
  Projlen distribution:
    projlen=135: 11 braids
    projlen=136: 8 braids
    projlen=137: 83 braids
    projlen=138: 77 braids
    projlen=139: 575 braids
    projlen=140: 642 braids
    projlen=141: 4944 braids
    projlen=142: 4473 braids
    projlen=143: 46619 braids
    projlen=144: 34722 braids
    projlen=145: 266539 braids
    projlen=146: 181789 braids
    projlen=147: 363418 braids
    projlen=148: 172084 braids
    projlen=149: 356006 braids
    projlen=150: 164530 braids
    projlen=151: 350429 braids
    projlen=152: 161292 braids
    projlen=153: 348281 braids
    projlen=154: 156314 braids
    projlen=155: 348720 braids
    projlen=156: 154442 braids
    projlen=157: 348139 braids
    projlen=158: 154368 braids
    projlen=159: 345818 braids
    projlen=160: 161569 braids
    projlen=161: 339492 braids
    projlen=162: 176772 braids
    projlen=163: 301082 braids
    projlen=164: 83348 braids
  Braids kept: 1092154 (in 30 buckets, 4.25 GB CPU)
  ⚡ Timing: matmul=0.16s, sampling=12.39s, total=19.96s
============================================================
Level 283 - SAMPLING
============================================================
  Starting braids: 992154
  Candidates to generate: 5146186
  Processing in 52 chunks...
  Projlen distribution:
    projlen=135: 5 braids
    projlen=136: 10 braids
    projlen=137: 84 braids
    projlen=138: 77 braids
    projlen=139: 594 braids
    projlen=140: 544 braids
    projlen=141: 4141 braids
    projlen=142: 3734 braids
    projlen=143: 30305 braids
    projlen=144: 22818 braids
    projlen=145: 234113 braids
    projlen=146: 153652 braids
    projlen=147: 327527 braids
    projlen=148: 177819 braids
    projlen=149: 357738 braids
    projlen=150: 163321 braids
    projlen=151: 351221 braids
    projlen=152: 163611 braids
    projlen=153: 346406 braids
    projlen=154: 163543 braids
    projlen=155: 346365 braids
    projlen=156: 158021 braids
    projlen=157: 347747 braids
    projlen=158: 155234 braids
    projlen=159: 347664 braids
    projlen=160: 155692 braids
    projlen=161: 345570 braids
    projlen=162: 164185 braids
    projlen=163: 332778 braids
    projlen=164: 177413 braids
    projlen=165: 114254 braids
  Braids kept: 1112312 (in 31 buckets, 4.35 GB CPU)
  ⚡ Timing: matmul=0.18s, sampling=12.85s, total=20.71s
============================================================
Level 284 - SAMPLING
============================================================
  Starting braids: 962312
  Candidates to generate: 4985248
  Processing in 50 chunks...
  Projlen distribution:
    projlen=136: 1 braids
    projlen=137: 50 braids
    projlen=138: 72 braids
    projlen=139: 505 braids
    projlen=140: 471 braids
    projlen=141: 3926 braids
    projlen=142: 3185 braids
    projlen=143: 25490 braids
    projlen=144: 19104 braids
    projlen=145: 155605 braids
    projlen=146: 99437 braids
    projlen=147: 301746 braids
    projlen=148: 181810 braids
    projlen=149: 360305 braids
    projlen=150: 169802 braids
    projlen=151: 352944 braids
    projlen=152: 161249 braids
    projlen=153: 346840 braids
    projlen=154: 164952 braids
    projlen=155: 343993 braids
    projlen=156: 167571 braids
    projlen=157: 343560 braids
    projlen=158: 160795 braids
    projlen=159: 346812 braids
    projlen=160: 156620 braids
    projlen=161: 346980 braids
    projlen=162: 155873 braids
    projlen=163: 338361 braids
    projlen=164: 162091 braids
    projlen=165: 115098 braids
  Braids kept: 1102804 (in 30 buckets, 4.32 GB CPU)
  ⚡ Timing: matmul=0.20s, sampling=12.28s, total=19.80s
============================================================
Level 285 - SAMPLING
============================================================
  Starting braids: 952804
  Candidates to generate: 4947086
  Processing in 50 chunks...
  Projlen distribution:
    projlen=137: 8 braids
    projlen=138: 19 braids
    projlen=139: 376 braids
    projlen=140: 402 braids
    projlen=141: 3140 braids
    projlen=142: 2618 braids
    projlen=143: 23164 braids
    projlen=144: 16638 braids
    projlen=145: 131368 braids
    projlen=146: 84696 braids
    projlen=147: 293191 braids
    projlen=148: 176245 braids
    projlen=149: 363737 braids
    projlen=150: 174242 braids
    projlen=151: 355593 braids
    projlen=152: 165898 braids
    projlen=153: 348413 braids
    projlen=154: 162426 braids
    projlen=155: 344542 braids
    projlen=156: 168957 braids
    projlen=157: 340454 braids
    projlen=158: 173402 braids
    projlen=159: 340822 braids
    projlen=160: 165123 braids
    projlen=161: 344965 braids
    projlen=162: 157808 braids
    projlen=163: 340556 braids
    projlen=164: 152333 braids
    projlen=165: 115950 braids
  Braids kept: 1096365 (in 29 buckets, 4.30 GB CPU)
  ⚡ Timing: matmul=0.17s, sampling=12.34s, total=19.86s
============================================================
Level 286 - SAMPLING
============================================================
  Starting braids: 996365
  Candidates to generate: 5211917
  Processing in 53 chunks...
  Projlen distribution:
    projlen=137: 5 braids
    projlen=138: 9 braids
    projlen=139: 119 braids
    projlen=140: 153 braids
    projlen=141: 2473 braids
    projlen=142: 2169 braids
    projlen=143: 18192 braids
    projlen=144: 13452 braids
    projlen=145: 117541 braids
    projlen=146: 75439 braids
    projlen=147: 288548 braids
    projlen=148: 177110 braids
    projlen=149: 363717 braids
    projlen=150: 169650 braids
    projlen=151: 357162 braids
    projlen=152: 165518 braids
    projlen=153: 350257 braids
    projlen=154: 165808 braids
    projlen=155: 346234 braids
    projlen=156: 166576 braids
    projlen=157: 342030 braids
    projlen=158: 174309 braids
    projlen=159: 337492 braids
    projlen=160: 180448 braids
    projlen=161: 336538 braids
    projlen=162: 171815 braids
    projlen=163: 340564 braids
    projlen=164: 159587 braids
    projlen=165: 307806 braids
    projlen=166: 81196 braids
  Braids kept: 1136572 (in 30 buckets, 4.48 GB CPU)
  ⚡ Timing: matmul=0.15s, sampling=13.14s, total=21.07s
============================================================
Level 287 - SAMPLING
============================================================
  Starting braids: 986572
  Candidates to generate: 5167696
  Processing in 52 chunks...
  Projlen distribution:
    projlen=138: 6 braids
    projlen=139: 59 braids
    projlen=140: 89 braids
    projlen=141: 1004 braids
    projlen=142: 993 braids
    projlen=143: 14406 braids
    projlen=144: 10809 braids
    projlen=145: 91737 braids
    projlen=146: 60497 braids
    projlen=147: 278134 braids
    projlen=148: 176164 braids
    projlen=149: 364122 braids
    projlen=150: 171042 braids
    projlen=151: 359783 braids
    projlen=152: 161003 braids
    projlen=153: 352622 braids
    projlen=154: 163634 braids
    projlen=155: 345038 braids
    projlen=156: 169208 braids
    projlen=157: 342347 braids
    projlen=158: 170549 braids
    projlen=159: 338381 braids
    projlen=160: 180196 braids
    projlen=161: 332933 braids
    projlen=162: 188850 braids
    projlen=163: 331457 braids
    projlen=164: 178922 braids
    projlen=165: 301225 braids
    projlen=166: 82486 braids
  Braids kept: 1127366 (in 29 buckets, 4.45 GB CPU)
  ⚡ Timing: matmul=0.19s, sampling=13.10s, total=20.95s
============================================================
Level 288 - SAMPLING
============================================================
  Starting braids: 977366
  Candidates to generate: 5124446
  Processing in 52 chunks...
  Projlen distribution:
    projlen=138: 1 braids
    projlen=139: 21 braids
    projlen=140: 40 braids
    projlen=141: 518 braids
    projlen=142: 565 braids
    projlen=143: 6637 braids
    projlen=144: 5426 braids
    projlen=145: 72894 braids
    projlen=146: 49161 braids
    projlen=147: 268996 braids
    projlen=148: 177359 braids
    projlen=149: 361603 braids
    projlen=150: 172536 braids
    projlen=151: 358856 braids
    projlen=152: 161448 braids
    projlen=153: 355416 braids
    projlen=154: 157897 braids
    projlen=155: 349684 braids
    projlen=156: 165546 braids
    projlen=157: 341870 braids
    projlen=158: 174264 braids
    projlen=159: 338615 braids
    projlen=160: 177517 braids
    projlen=161: 334958 braids
    projlen=162: 187856 braids
    projlen=163: 328218 braids
    projlen=164: 196863 braids
    projlen=165: 294532 braids
    projlen=166: 85149 braids
  Braids kept: 1112369 (in 29 buckets, 4.40 GB CPU)
  ⚡ Timing: matmul=0.16s, sampling=12.82s, total=20.60s
============================================================
Level 289 - SAMPLING
============================================================
  Starting braids: 962369
  Candidates to generate: 5037503
  Processing in 51 chunks...
  Projlen distribution:
    projlen=139: 8 braids
    projlen=140: 11 braids
    projlen=141: 237 braids
    projlen=142: 293 braids
    projlen=143: 3530 braids
    projlen=144: 3164 braids
    projlen=145: 36435 braids
    projlen=146: 26116 braids
    projlen=147: 259139 braids
    projlen=148: 174268 braids
    projlen=149: 359174 braids
    projlen=150: 176040 braids
    projlen=151: 356321 braids
    projlen=152: 163511 braids
    projlen=153: 355168 braids
    projlen=154: 158824 braids
    projlen=155: 351212 braids
    projlen=156: 157221 braids
    projlen=157: 345964 braids
    projlen=158: 167817 braids
    projlen=159: 338841 braids
    projlen=160: 181214 braids
    projlen=161: 334182 braids
    projlen=162: 185497 braids
    projlen=163: 328934 braids
    projlen=164: 194617 braids
    projlen=165: 294616 braids
    projlen=166: 85149 braids
  Braids kept: 1069794 (in 28 buckets, 4.24 GB CPU)
  ⚡ Timing: matmul=0.17s, sampling=12.57s, total=20.21s
============================================================
Level 290 - SAMPLING
============================================================
  Starting braids: 969794
  Candidates to generate: 5057042
  Processing in 51 chunks...
  Projlen distribution:
    projlen=139: 2 braids
    projlen=140: 5 braids
    projlen=141: 89 braids
    projlen=142: 125 braids
    projlen=143: 1858 braids
    projlen=144: 1823 braids
    projlen=145: 20957 braids
    projlen=146: 16232 braids
    projlen=147: 180248 braids
    projlen=148: 114824 braids
    projlen=149: 306547 braids
    projlen=150: 173993 braids
    projlen=151: 357289 braids
    projlen=152: 166143 braids
    projlen=153: 351984 braids
    projlen=154: 161408 braids
    projlen=155: 349907 braids
    projlen=156: 157962 braids
    projlen=157: 348166 braids
    projlen=158: 157614 braids
    projlen=159: 342742 braids
    projlen=160: 172453 braids
    projlen=161: 335579 braids
    projlen=162: 187750 braids
    projlen=163: 328627 braids
    projlen=164: 194952 braids
    projlen=165: 319736 braids
    projlen=166: 196714 braids
    projlen=167: 111313 braids
  Braids kept: 1091091 (in 29 buckets, 4.34 GB CPU)
  ⚡ Timing: matmul=0.19s, sampling=12.78s, total=20.49s
============================================================
Level 291 - SAMPLING
============================================================
  Starting braids: 991091
  Candidates to generate: 5179535
  Processing in 52 chunks...
  Projlen distribution:
    projlen=140: 2 braids
    projlen=141: 33 braids
    projlen=142: 62 braids
    projlen=143: 817 braids
    projlen=144: 936 braids
    projlen=145: 11985 braids
    projlen=146: 9703 braids
    projlen=147: 106766 braids
    projlen=148: 70276 braids
    projlen=149: 284135 braids
    projlen=150: 175389 braids
    projlen=151: 362721 braids
    projlen=152: 166267 braids
    projlen=153: 352887 braids
    projlen=154: 163479 braids
    projlen=155: 348320 braids
    projlen=156: 163182 braids
    projlen=157: 346828 braids
    projlen=158: 159363 braids
    projlen=159: 346326 braids
    projlen=160: 159165 braids
    projlen=161: 341290 braids
    projlen=162: 177253 braids
    projlen=163: 331307 braids
    projlen=164: 196566 braids
    projlen=165: 321540 braids
    projlen=166: 203460 braids
    projlen=167: 292434 braids
    projlen=168: 87043 braids
  Braids kept: 1123538 (in 29 buckets, 4.49 GB CPU)
  ⚡ Timing: matmul=0.20s, sampling=13.29s, total=21.22s
============================================================
Level 292 - SAMPLING
============================================================
  Starting braids: 973538
  Candidates to generate: 5085958
  Processing in 51 chunks...
  Projlen distribution:
    projlen=140: 1 braids
    projlen=141: 18 braids
    projlen=142: 36 braids
    projlen=143: 412 braids
    projlen=144: 527 braids
    projlen=145: 5853 braids
    projlen=146: 5191 braids
    projlen=147: 63247 braids
    projlen=148: 43576 braids
    projlen=149: 269784 braids
    projlen=150: 176011 braids
    projlen=151: 364109 braids
    projlen=152: 170655 braids
    projlen=153: 358427 braids
    projlen=154: 158982 braids
    projlen=155: 350694 braids
    projlen=156: 164462 braids
    projlen=157: 344427 braids
    projlen=158: 166326 braids
    projlen=159: 343720 braids
    projlen=160: 162254 braids
    projlen=161: 344751 braids
    projlen=162: 162189 braids
    projlen=163: 339708 braids
    projlen=164: 182790 braids
    projlen=165: 326539 braids
    projlen=166: 203592 braids
    projlen=167: 290702 braids
    projlen=168: 86975 braids
  Braids kept: 1105614 (in 29 buckets, 4.43 GB CPU)
  ⚡ Timing: matmul=0.20s, sampling=12.79s, total=20.58s
============================================================
Level 293 - SAMPLING
============================================================
  Starting braids: 955614
  Candidates to generate: 4986882
  Processing in 50 chunks...
  Projlen distribution:
    projlen=141: 14 braids
    projlen=142: 20 braids
    projlen=143: 235 braids
    projlen=144: 305 braids
    projlen=145: 3305 braids
    projlen=146: 3120 braids
    projlen=147: 33671 braids
    projlen=148: 25194 braids
    projlen=149: 255237 braids
    projlen=150: 167436 braids
    projlen=151: 347638 braids
    projlen=152: 172518 braids
    projlen=153: 359463 braids
    projlen=154: 160621 braids
    projlen=155: 354895 braids
    projlen=156: 156482 braids
    projlen=157: 348070 braids
    projlen=158: 167210 braids
    projlen=159: 342347 braids
    projlen=160: 171744 braids
    projlen=161: 340313 braids
    projlen=162: 166290 braids
    projlen=163: 341798 braids
    projlen=164: 165689 braids
    projlen=165: 334996 braids
    projlen=166: 187173 braids
    projlen=167: 296507 braids
    projlen=168: 84591 braids
  Braids kept: 1065864 (in 28 buckets, 4.28 GB CPU)
  ⚡ Timing: matmul=0.20s, sampling=12.47s, total=20.08s
============================================================
Level 294 - SAMPLING
============================================================
  Starting braids: 965864
  Candidates to generate: 5023902
  Processing in 51 chunks...
  Projlen distribution:
    projlen=140: 1 braids
    projlen=141: 7 braids
    projlen=142: 10 braids
    projlen=143: 137 braids
    projlen=144: 169 braids
    projlen=145: 1943 braids
    projlen=146: 1941 braids
    projlen=147: 20673 braids
    projlen=148: 16225 braids
    projlen=149: 169200 braids
    projlen=150: 108909 braids
    projlen=151: 305764 braids
    projlen=152: 174876 braids
    projlen=153: 360065 braids
    projlen=154: 162498 braids
    projlen=155: 354778 braids
    projlen=156: 156860 braids
    projlen=157: 351906 braids
    projlen=158: 155483 braids
    projlen=159: 345214 braids
    projlen=160: 170419 braids
    projlen=161: 339758 braids
    projlen=162: 178913 braids
    projlen=163: 336927 braids
    projlen=164: 173040 braids
    projlen=165: 338505 braids
    projlen=166: 170873 braids
    projlen=167: 328022 braids
    projlen=168: 187541 braids
    projlen=169: 113245 braids
  Braids kept: 1091106 (in 30 buckets, 4.40 GB CPU)
  ⚡ Timing: matmul=0.15s, sampling=12.84s, total=20.56s
============================================================
Level 295 - SAMPLING
============================================================
  Starting braids: 991106
  Candidates to generate: 5169036
  Processing in 52 chunks...
  Projlen distribution:
    projlen=141: 5 braids
    projlen=142: 10 braids
    projlen=143: 81 braids
    projlen=144: 107 braids
    projlen=145: 1111 braids
    projlen=146: 1188 braids
    projlen=147: 12624 braids
    projlen=148: 10368 braids
    projlen=149: 106157 braids
    projlen=150: 70128 braids
    projlen=151: 284610 braids
    projlen=152: 175833 braids
    projlen=153: 363156 braids
    projlen=154: 166814 braids
    projlen=155: 356537 braids
    projlen=156: 157642 braids
    projlen=157: 351475 braids
    projlen=158: 155488 braids
    projlen=159: 349879 braids
    projlen=160: 155799 braids
    projlen=161: 343390 braids
    projlen=162: 175081 braids
    projlen=163: 335521 braids
    projlen=164: 186542 braids
    projlen=165: 333186 braids
    projlen=166: 181511 braids
    projlen=167: 332577 braids
    projlen=168: 176509 braids
    projlen=169: 302122 braids
    projlen=170: 83585 braids
  Braids kept: 1125494 (in 30 buckets, 4.56 GB CPU)
  ⚡ Timing: matmul=0.19s, sampling=13.31s, total=21.30s
============================================================
Level 296 - SAMPLING
============================================================
  Starting braids: 975494
  Candidates to generate: 5095104
  Processing in 51 chunks...
  Projlen distribution:
    projlen=142: 4 braids
    projlen=143: 52 braids
    projlen=144: 80 braids
    projlen=145: 686 braids
    projlen=146: 697 braids
    projlen=147: 7654 braids
    projlen=148: 6478 braids
    projlen=149: 67017 braids
    projlen=150: 46020 braids
    projlen=151: 271412 braids
    projlen=152: 176240 braids
    projlen=153: 363355 braids
    projlen=154: 169823 braids
    projlen=155: 359315 braids
    projlen=156: 159024 braids
    projlen=157: 354100 braids
    projlen=158: 156462 braids
    projlen=159: 349281 braids
    projlen=160: 155721 braids
    projlen=161: 347647 braids
    projlen=162: 156601 braids
    projlen=163: 341959 braids
    projlen=164: 180397 braids
    projlen=165: 332236 braids
    projlen=166: 195597 braids
    projlen=167: 326553 braids
    projlen=168: 189920 braids
    projlen=169: 296837 braids
    projlen=170: 83936 braids
  Braids kept: 1111671 (in 29 buckets, 4.51 GB CPU)
  ⚡ Timing: matmul=0.21s, sampling=12.96s, total=20.79s
============================================================
Level 297 - SAMPLING
============================================================
  Starting braids: 961671
  Candidates to generate: 5023675
  Processing in 51 chunks...
  Projlen distribution:
    projlen=142: 4 braids
    projlen=143: 9 braids
    projlen=144: 37 braids
    projlen=145: 442 braids
    projlen=146: 491 braids
    projlen=147: 4705 braids
    projlen=148: 4096 braids
    projlen=149: 42889 braids
    projlen=150: 31084 braids
    projlen=151: 260247 braids
    projlen=152: 171172 braids
    projlen=153: 353873 braids
    projlen=154: 172364 braids
    projlen=155: 360075 braids
    projlen=156: 159966 braids
    projlen=157: 355445 braids
    projlen=158: 155638 braids
    projlen=159: 351064 braids
    projlen=160: 156071 braids
    projlen=161: 348567 braids
    projlen=162: 156488 braids
    projlen=163: 348160 braids
    projlen=164: 158328 braids
    projlen=165: 339184 braids
    projlen=166: 185390 braids
    projlen=167: 327261 braids
    projlen=168: 202856 braids
    projlen=169: 291505 braids
    projlen=170: 86264 braids
  Braids kept: 1083757 (in 29 buckets, 4.41 GB CPU)
  ⚡ Timing: matmul=0.16s, sampling=12.80s, total=20.55s
============================================================
Level 298 - SAMPLING
============================================================
  Starting braids: 983757
  Candidates to generate: 5115273
  Processing in 52 chunks...
  Projlen distribution:
    projlen=143: 19 braids
    projlen=144: 31 braids
    projlen=145: 181 braids
    projlen=146: 263 braids
    projlen=147: 3028 braids
    projlen=148: 2782 braids
    projlen=149: 27743 braids
    projlen=150: 21088 braids
    projlen=151: 213754 braids
    projlen=152: 135863 braids
    projlen=153: 318918 braids
    projlen=154: 174301 braids
    projlen=155: 359608 braids
    projlen=156: 161471 braids
    projlen=157: 355797 braids
    projlen=158: 156082 braids
    projlen=159: 352186 braids
    projlen=160: 154007 braids
    projlen=161: 349456 braids
    projlen=162: 156526 braids
    projlen=163: 347384 braids
    projlen=164: 157971 braids
    projlen=165: 346980 braids
    projlen=166: 160331 braids
    projlen=167: 337072 braids
    projlen=168: 190286 braids
    projlen=169: 318552 braids
    projlen=170: 203899 braids
    projlen=171: 109694 braids
  Braids kept: 1105135 (in 29 buckets, 4.51 GB CPU)
  ⚡ Timing: matmul=0.15s, sampling=13.16s, total=21.07s
============================================================
Level 299 - SAMPLING
============================================================
  Starting braids: 955135
  Candidates to generate: 4944687
  Processing in 50 chunks...
  Projlen distribution:
    projlen=143: 9 braids
    projlen=144: 14 braids
    projlen=145: 198 braids
    projlen=146: 203 braids
    projlen=147: 1557 braids
    projlen=148: 1593 braids
    projlen=149: 18304 braids
    projlen=150: 14226 braids
    projlen=151: 140270 braids
    projlen=152: 91192 braids
    projlen=153: 296987 braids
    projlen=154: 175974 braids
    projlen=155: 361818 braids
    projlen=156: 165390 braids
    projlen=157: 356049 braids
    projlen=158: 156755 braids
    projlen=159: 352563 braids
    projlen=160: 154963 braids
    projlen=161: 350267 braids
    projlen=162: 153715 braids
    projlen=163: 348148 braids
    projlen=164: 157700 braids
    projlen=165: 346310 braids
    projlen=166: 160356 braids
    projlen=167: 346150 braids
    projlen=168: 163345 braids
    projlen=169: 330557 braids
    projlen=170: 187808 braids
    projlen=171: 112266 braids
  Braids kept: 1086104 (in 29 buckets, 4.44 GB CPU)
  ⚡ Timing: matmul=0.13s, sampling=12.74s, total=20.40s
============================================================
Level 300 - SAMPLING
============================================================
  Starting braids: 986104
  Candidates to generate: 5110662
  Processing in 52 chunks...
  Projlen distribution:
    projlen=143: 3 braids
    projlen=144: 4 braids
    projlen=145: 96 braids
    projlen=146: 110 braids
    projlen=147: 1428 braids
    projlen=148: 1241 braids
    projlen=149: 10420 braids
    projlen=150: 8574 braids
    projlen=151: 93076 braids
    projlen=152: 62369 braids
    projlen=153: 280583 braids
    projlen=154: 176218 braids
    projlen=155: 363201 braids
    projlen=156: 168249 braids
    projlen=157: 358239 braids
    projlen=158: 158931 braids
    projlen=159: 352923 braids
    projlen=160: 155029 braids
    projlen=161: 350682 braids
    projlen=162: 154500 braids
    projlen=163: 349608 braids
    projlen=164: 153474 braids
    projlen=165: 348001 braids
    projlen=166: 159159 braids
    projlen=167: 345568 braids
    projlen=168: 163673 braids
    projlen=169: 341030 braids
    projlen=170: 165487 braids
    projlen=171: 306558 braids
    projlen=172: 82228 braids
  Braids kept: 1121876 (in 30 buckets, 4.61 GB CPU)
  ⚡ Timing: matmul=0.15s, sampling=13.36s, total=21.31s

============================================================
SEARCH COMPLETE
============================================================
Final level: 300
Total time: 3900.69s
Avg time per level: 13.31s
Total GPU scalar-identity candidates: 0
Exact peyl verification required for every candidate.
