============================================================
SEARCHING FOR KERNEL ELEMENTS
============================================================
Braid group: B_4
Representation: (3, 1)
Dimension: 3
Number of simples: 24
Prime: 7
Device: cuda
Bucket size: 50000
Target length: 300
BFS frontier length: 8
Frontier shard: 26/64
Degree window: [0, 900] (901 coeffs)
Boundary margin: 16
Use best: 1000000
Save best: 50000
Expansion chunk size: 100000
Matmul chunk size: 8000
Seed: 70025

Loaded tables from /nfs/roberts/project/pi_com36/as4843/burau-experiments/precomputed_tables/tables_B4_r1_p7.pt
  Braid group: B_4
  Representation: (3, 1), dimension 3
  Number of simples: 24
  Degree window: [0, 900] (901 coefficients)
  Table checksum: 812f436d5d2d17cd22ee17ad7df33b681151037863def03032587a5c5ef7a9e4
✓ Identity matrix loaded at degree 0

Precomputing FFTs of simple matrices...
  simple_D=4, safety_cap_D=901
  FFT size: dynamic (grows with actual projective width)
  FFT cache: initialized lazily by transform size
Storage: reservoir matrices=CPU int16, active chunks=CUDA int16/FFT
⚡ GPU-accelerated paper reservoir with per-product projectivization

============================================================
Level 8 - BFS FRONTIER
============================================================
  Exhaustively enumerating all legal GNF words of length 8...
  Full frontier: 4,963,856 braids
  Assigned to this shard: 77,560 braids
  Projlen distribution:
    projlen=14: 2 braids
    projlen=15: 19 braids
    projlen=16: 82 braids
    projlen=17: 8891 braids
    projlen=18: 11754 braids
    projlen=19: 21848 braids
    projlen=20: 16470 braids
    projlen=21: 12186 braids
    projlen=22: 4763 braids
    projlen=23: 1333 braids
    projlen=24: 197 braids
    projlen=25: 15 braids
  Braids kept: 77560 (in 12 buckets, 0.03 GB CPU)
  ⚡ Timing: matmul=7.02s, sampling=0.00s, total=7.02s
============================================================
Level 9 - SAMPLING
============================================================
  Starting braids: 77560
  Candidates to generate: 421958
  Processing in 5 chunks...
  Projlen distribution:
    projlen=15: 7 braids
    projlen=16: 32 braids
    projlen=17: 200 braids
    projlen=18: 596 braids
    projlen=19: 41207 braids
    projlen=20: 53909 braids
    projlen=21: 110244 braids
    projlen=22: 89373 braids
    projlen=23: 75322 braids
    projlen=24: 34705 braids
    projlen=25: 13258 braids
    projlen=26: 2697 braids
    projlen=27: 384 braids
    projlen=28: 24 braids
  Braids kept: 293110 (in 14 buckets, 0.13 GB CPU)
  ⚡ Timing: matmul=0.11s, sampling=0.16s, total=0.34s
============================================================
Level 10 - SAMPLING
============================================================
  Starting braids: 293110
  Candidates to generate: 1592096
  Processing in 16 chunks...
  Projlen distribution:
    projlen=17: 79 braids
    projlen=18: 248 braids
    projlen=19: 1701 braids
    projlen=20: 3864 braids
    projlen=21: 186407 braids
    projlen=22: 226054 braids
    projlen=23: 312370 braids
    projlen=24: 245469 braids
    projlen=25: 284047 braids
    projlen=26: 186176 braids
    projlen=27: 109377 braids
    projlen=28: 29662 braids
    projlen=29: 5987 braids
    projlen=30: 621 braids
    projlen=31: 34 braids
  Braids kept: 392196 (in 15 buckets, 0.19 GB CPU)
  ⚡ Timing: matmul=0.12s, sampling=0.65s, total=0.99s
============================================================
Level 11 - SAMPLING
============================================================
  Starting braids: 392196
  Candidates to generate: 2120932
  Processing in 22 chunks...
  Projlen distribution:
    projlen=18: 6 braids
    projlen=19: 652 braids
    projlen=20: 1629 braids
    projlen=21: 10964 braids
    projlen=22: 17323 braids
    projlen=23: 231112 braids
    projlen=24: 243882 braids
    projlen=25: 305998 braids
    projlen=26: 247557 braids
    projlen=27: 297249 braids
    projlen=28: 247021 braids
    projlen=29: 267167 braids
    projlen=30: 165326 braids
    projlen=31: 72740 braids
    projlen=32: 11095 braids
    projlen=33: 1155 braids
    projlen=34: 56 braids
  Braids kept: 492880 (in 17 buckets, 0.26 GB CPU)
  ⚡ Timing: matmul=0.22s, sampling=0.78s, total=1.39s
============================================================
Level 12 - SAMPLING
============================================================
  Starting braids: 492880
  Candidates to generate: 2663018
  Processing in 27 chunks...
  Projlen distribution:
    projlen=18: 1 braids
    projlen=19: 22 braids
    projlen=20: 125 braids
    projlen=21: 4400 braids
    projlen=22: 8832 braids
    projlen=23: 57766 braids
    projlen=24: 76981 braids
    projlen=25: 261775 braids
    projlen=26: 239755 braids
    projlen=27: 303338 braids
    projlen=28: 249281 braids
    projlen=29: 292792 braids
    projlen=30: 254439 braids
    projlen=31: 286865 braids
    projlen=32: 244173 braids
    projlen=33: 246715 braids
    projlen=34: 110798 braids
    projlen=35: 23005 braids
    projlen=36: 1879 braids
    projlen=37: 76 braids
  Braids kept: 638340 (in 20 buckets, 0.36 GB CPU)
  ⚡ Timing: matmul=0.07s, sampling=1.08s, total=1.68s
============================================================
Level 13 - SAMPLING
============================================================
  Starting braids: 638340
  Candidates to generate: 3468928
  Processing in 35 chunks...
  Projlen distribution:
    projlen=20: 12 braids
    projlen=21: 359 braids
    projlen=22: 1043 braids
    projlen=23: 24262 braids
    projlen=24: 42469 braids
    projlen=25: 238434 braids
    projlen=26: 250110 braids
    projlen=27: 328080 braids
    projlen=28: 236017 braids
    projlen=29: 302656 braids
    projlen=30: 252715 braids
    projlen=31: 288870 braids
    projlen=32: 256854 braids
    projlen=33: 285532 braids
    projlen=34: 257726 braids
    projlen=35: 277348 braids
    projlen=36: 224877 braids
    projlen=37: 157460 braids
    projlen=38: 40685 braids
    projlen=39: 3291 braids
    projlen=40: 128 braids
  Braids kept: 762249 (in 21 buckets, 0.46 GB CPU)
  ⚡ Timing: matmul=0.11s, sampling=1.75s, total=2.61s
============================================================
Level 14 - SAMPLING
============================================================
  Starting braids: 762249
  Candidates to generate: 4125611
  Processing in 42 chunks...
  Projlen distribution:
    projlen=21: 18 braids
    projlen=22: 156 braids
    projlen=23: 2952 braids
    projlen=24: 6562 braids
    projlen=25: 118136 braids
    projlen=26: 180204 braids
    projlen=27: 311508 braids
    projlen=28: 243779 braids
    projlen=29: 313742 braids
    projlen=30: 235289 braids
    projlen=31: 301217 braids
    projlen=32: 254001 braids
    projlen=33: 286359 braids
    projlen=34: 261563 braids
    projlen=35: 283848 braids
    projlen=36: 261318 braids
    projlen=37: 282834 braids
    projlen=38: 251615 braids
    projlen=39: 260616 braids
    projlen=40: 184322 braids
    projlen=41: 80005 braids
    projlen=42: 5399 braids
    projlen=43: 168 braids
  Braids kept: 865255 (in 23 buckets, 0.57 GB CPU)
  ⚡ Timing: matmul=0.11s, sampling=1.79s, total=2.80s
============================================================
Level 15 - SAMPLING
============================================================
  Starting braids: 865255
  Candidates to generate: 4685153
  Processing in 47 chunks...
  Projlen distribution:
    projlen=22: 7 braids
    projlen=23: 351 braids
    projlen=24: 1358 braids
    projlen=25: 17831 braids
    projlen=26: 30440 braids
    projlen=27: 234016 braids
    projlen=28: 257163 braids
    projlen=29: 313332 braids
    projlen=30: 239473 braids
    projlen=31: 307676 braids
    projlen=32: 240116 braids
    projlen=33: 296778 braids
    projlen=34: 255055 braids
    projlen=35: 284188 braids
    projlen=36: 263079 braids
    projlen=37: 281875 braids
    projlen=38: 265431 braids
    projlen=39: 281159 braids
    projlen=40: 260544 braids
    projlen=41: 279006 braids
    projlen=42: 240620 braids
    projlen=43: 234995 braids
    projlen=44: 91381 braids
    projlen=45: 8991 braids
    projlen=46: 288 braids
  Braids kept: 959266 (in 25 buckets, 0.67 GB CPU)
  ⚡ Timing: matmul=0.15s, sampling=2.60s, total=3.85s
============================================================
Level 16 - SAMPLING
============================================================
  Starting braids: 959266
  Candidates to generate: 5199466
  Processing in 52 chunks...
  Projlen distribution:
    projlen=23: 20 braids
    projlen=24: 143 braids
    projlen=25: 3119 braids
    projlen=26: 7981 braids
    projlen=27: 91957 braids
    projlen=28: 132324 braids
    projlen=29: 289171 braids
    projlen=30: 248675 braids
    projlen=31: 305084 braids
    projlen=32: 243237 braids
    projlen=33: 300540 braids
    projlen=34: 243706 braids
    projlen=35: 293594 braids
    projlen=36: 256749 braids
    projlen=37: 283166 braids
    projlen=38: 264788 braids
    projlen=39: 279937 braids
    projlen=40: 267050 braids
    projlen=41: 280857 braids
    projlen=42: 264334 braids
    projlen=43: 280075 braids
    projlen=44: 257559 braids
    projlen=45: 266014 braids
    projlen=46: 215678 braids
    projlen=47: 108461 braids
    projlen=48: 14879 braids
    projlen=49: 368 braids
  Braids kept: 1076510 (in 27 buckets, 0.79 GB CPU)
  ⚡ Timing: matmul=0.14s, sampling=3.22s, total=4.68s
============================================================
Level 17 - SAMPLING
============================================================
  Starting braids: 961263
  Candidates to generate: 5285553
  Processing in 53 chunks...
  Projlen distribution:
    projlen=24: 18 braids
    projlen=25: 415 braids
    projlen=26: 1207 braids
    projlen=27: 18143 braids
    projlen=28: 36966 braids
    projlen=29: 239042 braids
    projlen=30: 255069 braids
    projlen=31: 321554 braids
    projlen=32: 242529 braids
    projlen=33: 302646 braids
    projlen=34: 248351 braids
    projlen=35: 294397 braids
    projlen=36: 249118 braids
    projlen=37: 289799 braids
    projlen=38: 258893 braids
    projlen=39: 282072 braids
    projlen=40: 266170 braids
    projlen=41: 278404 braids
    projlen=42: 268003 braids
    projlen=43: 277950 braids
    projlen=44: 266492 braids
    projlen=45: 277799 braids
    projlen=46: 257857 braids
    projlen=47: 258072 braids
    projlen=48: 94587 braids
  Braids kept: 1056749 (in 25 buckets, 0.80 GB CPU)
  ⚡ Timing: matmul=0.21s, sampling=3.30s, total=4.83s
============================================================
Level 18 - SAMPLING
============================================================
  Starting braids: 956749
  Candidates to generate: 5262635
  Processing in 53 chunks...
  Projlen distribution:
    projlen=24: 7 braids
    projlen=25: 76 braids
    projlen=26: 218 braids
    projlen=27: 3527 braids
    projlen=28: 7397 braids
    projlen=29: 91409 braids
    projlen=30: 157494 braids
    projlen=31: 302038 braids
    projlen=32: 247845 braids
    projlen=33: 310018 braids
    projlen=34: 242269 braids
    projlen=35: 298348 braids
    projlen=36: 251033 braids
    projlen=37: 290460 braids
    projlen=38: 253923 braids
    projlen=39: 287178 braids
    projlen=40: 260857 braids
    projlen=41: 280507 braids
    projlen=42: 266650 braids
    projlen=43: 278043 braids
    projlen=44: 267901 braids
    projlen=45: 276700 braids
    projlen=46: 266095 braids
    projlen=47: 272906 braids
    projlen=48: 249866 braids
    projlen=49: 99870 braids
  Braids kept: 1061225 (in 26 buckets, 0.82 GB CPU)
  ⚡ Timing: matmul=0.16s, sampling=3.24s, total=4.73s
============================================================
Level 19 - SAMPLING
============================================================
  Starting braids: 961225
  Candidates to generate: 5295259
  Processing in 53 chunks...
  Projlen distribution:
    projlen=24: 1 braids
    projlen=25: 18 braids
    projlen=26: 80 braids
    projlen=27: 896 braids
    projlen=28: 1732 braids
    projlen=29: 21439 braids
    projlen=30: 35131 braids
    projlen=31: 234044 braids
    projlen=32: 265238 braids
    projlen=33: 315351 braids
    projlen=34: 242744 braids
    projlen=35: 304852 braids
    projlen=36: 245044 braids
    projlen=37: 293276 braids
    projlen=38: 253784 braids
    projlen=39: 286655 braids
    projlen=40: 257812 braids
    projlen=41: 284506 braids
    projlen=42: 263293 braids
    projlen=43: 280220 braids
    projlen=44: 267597 braids
    projlen=45: 276304 braids
    projlen=46: 268497 braids
    projlen=47: 274865 braids
    projlen=48: 264896 braids
    projlen=49: 258848 braids
    projlen=50: 98136 braids
  Braids kept: 1059297 (in 27 buckets, 0.85 GB CPU)
  ⚡ Timing: matmul=0.14s, sampling=3.35s, total=4.86s
============================================================
Level 20 - SAMPLING
============================================================
  Starting braids: 959297
  Candidates to generate: 5280817
  Processing in 53 chunks...
  Projlen distribution:
    projlen=25: 9 braids
    projlen=26: 21 braids
    projlen=27: 222 braids
    projlen=28: 805 braids
    projlen=29: 6545 braids
    projlen=30: 10546 braids
    projlen=31: 110174 braids
    projlen=32: 153392 braids
    projlen=33: 296845 braids
    projlen=34: 252965 braids
    projlen=35: 303236 braids
    projlen=36: 246084 braids
    projlen=37: 298394 braids
    projlen=38: 248364 braids
    projlen=39: 289470 braids
    projlen=40: 256622 braids
    projlen=41: 283887 braids
    projlen=42: 260123 braids
    projlen=43: 281783 braids
    projlen=44: 263980 braids
    projlen=45: 277647 braids
    projlen=46: 268294 braids
    projlen=47: 276157 braids
    projlen=48: 268774 braids
    projlen=49: 273250 braids
    projlen=50: 253477 braids
    projlen=51: 99751 braids
  Braids kept: 1068148 (in 27 buckets, 0.87 GB CPU)
  ⚡ Timing: matmul=0.15s, sampling=3.42s, total=4.95s
============================================================
Level 21 - SAMPLING
============================================================
  Starting braids: 968148
  Candidates to generate: 5328530
  Processing in 54 chunks...
  Projlen distribution:
    projlen=26: 8 braids
    projlen=27: 106 braids
    projlen=28: 239 braids
    projlen=29: 2101 braids
    projlen=30: 5401 braids
    projlen=31: 37020 braids
    projlen=32: 48790 braids
    projlen=33: 245220 braids
    projlen=34: 252255 braids
    projlen=35: 317360 braids
    projlen=36: 245347 braids
    projlen=37: 300109 braids
    projlen=38: 250287 braids
    projlen=39: 291005 braids
    projlen=40: 252390 braids
    projlen=41: 287145 braids
    projlen=42: 260246 braids
    projlen=43: 282154 braids
    projlen=44: 262570 braids
    projlen=45: 279996 braids
    projlen=46: 264948 braids
    projlen=47: 277932 braids
    projlen=48: 269276 braids
    projlen=49: 273423 braids
    projlen=50: 266960 braids
    projlen=51: 257556 braids
    projlen=52: 98686 braids
  Braids kept: 1093665 (in 27 buckets, 0.91 GB CPU)
  ⚡ Timing: matmul=0.14s, sampling=3.70s, total=5.27s
============================================================
Level 22 - SAMPLING
============================================================
  Starting braids: 993665
  Candidates to generate: 5477323
  Processing in 55 chunks...
  Projlen distribution:
    projlen=26: 3 braids
    projlen=27: 27 braids
    projlen=28: 124 braids
    projlen=29: 987 braids
    projlen=30: 1827 braids
    projlen=31: 14454 braids
    projlen=32: 28939 braids
    projlen=33: 185567 braids
    projlen=34: 215380 braids
    projlen=35: 329649 braids
    projlen=36: 243284 braids
    projlen=37: 308070 braids
    projlen=38: 245363 braids
    projlen=39: 295522 braids
    projlen=40: 253122 braids
    projlen=41: 288001 braids
    projlen=42: 257041 braids
    projlen=43: 284735 braids
    projlen=44: 261851 braids
    projlen=45: 280670 braids
    projlen=46: 266464 braids
    projlen=47: 279391 braids
    projlen=48: 266043 braids
    projlen=49: 276544 braids
    projlen=50: 269828 braids
    projlen=51: 271081 braids
    projlen=52: 253978 braids
    projlen=53: 99378 braids
  Braids kept: 1096361 (in 28 buckets, 0.94 GB CPU)
  ⚡ Timing: matmul=0.15s, sampling=3.80s, total=5.44s
============================================================
Level 23 - SAMPLING
============================================================
  Starting braids: 996361
  Candidates to generate: 5488573
  Processing in 55 chunks...
  Projlen distribution:
    projlen=26: 2 braids
    projlen=27: 12 braids
    projlen=28: 44 braids
    projlen=29: 359 braids
    projlen=30: 948 braids
    projlen=31: 6883 braids
    projlen=32: 10686 braids
    projlen=33: 78085 braids
    projlen=34: 125827 braids
    projlen=35: 283768 braids
    projlen=36: 245134 braids
    projlen=37: 317354 braids
    projlen=38: 237751 braids
    projlen=39: 304955 braids
    projlen=40: 247639 braids
    projlen=41: 292394 braids
    projlen=42: 256876 braids
    projlen=43: 285273 braids
    projlen=44: 259942 braids
    projlen=45: 281902 braids
    projlen=46: 263550 braids
    projlen=47: 279290 braids
    projlen=48: 266790 braids
    projlen=49: 277244 braids
    projlen=50: 268150 braids
    projlen=51: 275721 braids
    projlen=52: 266665 braids
    projlen=53: 257100 braids
    projlen=54: 98229 braids
  Braids kept: 1118934 (in 29 buckets, 0.98 GB CPU)
  ⚡ Timing: matmul=0.15s, sampling=4.02s, total=5.68s
============================================================
Level 24 - SAMPLING
============================================================
  Starting braids: 968934
  Candidates to generate: 5340150
  Processing in 54 chunks...
  Projlen distribution:
    projlen=27: 12 braids
    projlen=28: 23 braids
    projlen=29: 146 braids
    projlen=30: 384 braids
    projlen=31: 2701 braids
    projlen=32: 5968 braids
    projlen=33: 38033 braids
    projlen=34: 50366 braids
    projlen=35: 242297 braids
    projlen=36: 261214 braids
    projlen=37: 317695 braids
    projlen=38: 241288 braids
    projlen=39: 309213 braids
    projlen=40: 241571 braids
    projlen=41: 298520 braids
    projlen=42: 250054 braids
    projlen=43: 288929 braids
    projlen=44: 258587 braids
    projlen=45: 283864 braids
    projlen=46: 263107 braids
    projlen=47: 280279 braids
    projlen=48: 265589 braids
    projlen=49: 277296 braids
    projlen=50: 267654 braids
    projlen=51: 275587 braids
    projlen=52: 265429 braids
    projlen=53: 256615 braids
    projlen=54: 97729 braids
  Braids kept: 1097267 (in 28 buckets, 0.97 GB CPU)
  ⚡ Timing: matmul=0.17s, sampling=3.83s, total=5.45s
============================================================
Level 25 - SAMPLING
============================================================
  Starting braids: 997267
  Candidates to generate: 5494351
  Processing in 55 chunks...
  Projlen distribution:
    projlen=26: 1 braids
    projlen=27: 4 braids
    projlen=28: 19 braids
    projlen=29: 102 braids
    projlen=30: 204 braids
    projlen=31: 1171 braids
    projlen=32: 2531 braids
    projlen=33: 16352 braids
    projlen=34: 31290 braids
    projlen=35: 186733 braids
    projlen=36: 220875 braids
    projlen=37: 328545 braids
    projlen=38: 251393 braids
    projlen=39: 306454 braids
    projlen=40: 242912 braids
    projlen=41: 302340 braids
    projlen=42: 245650 braids
    projlen=43: 294381 braids
    projlen=44: 254079 braids
    projlen=45: 287139 braids
    projlen=46: 260648 braids
    projlen=47: 281842 braids
    projlen=48: 264009 braids
    projlen=49: 279757 braids
    projlen=50: 268000 braids
    projlen=51: 276754 braids
    projlen=52: 267351 braids
    projlen=53: 271700 braids
    projlen=54: 252653 braids
    projlen=55: 99462 braids
  Braids kept: 1101674 (in 30 buckets, 1.00 GB CPU)
  ⚡ Timing: matmul=0.24s, sampling=3.92s, total=5.67s
============================================================
Level 26 - SAMPLING
============================================================
  Starting braids: 951674
  Candidates to generate: 5238702
  Processing in 53 chunks...
  Projlen distribution:
    projlen=27: 5 braids
    projlen=28: 18 braids
    projlen=29: 56 braids
    projlen=30: 166 braids
    projlen=31: 710 braids
    projlen=32: 1314 braids
    projlen=33: 7516 braids
    projlen=34: 14024 braids
    projlen=35: 81747 braids
    projlen=36: 135373 braids
    projlen=37: 284365 braids
    projlen=38: 247665 braids
    projlen=39: 313815 braids
    projlen=40: 243191 braids
    projlen=41: 302839 braids
    projlen=42: 246885 braids
    projlen=43: 295757 braids
    projlen=44: 249303 braids
    projlen=45: 290454 braids
    projlen=46: 257540 braids
    projlen=47: 284930 braids
    projlen=48: 262258 braids
    projlen=49: 280583 braids
    projlen=50: 265249 braids
    projlen=51: 278775 braids
    projlen=52: 268836 braids
    projlen=53: 273035 braids
    projlen=54: 253057 braids
    projlen=55: 99236 braids
  Braids kept: 1073809 (in 29 buckets, 0.98 GB CPU)
  ⚡ Timing: matmul=0.14s, sampling=3.88s, total=5.46s
============================================================
Level 27 - SAMPLING
============================================================
  Starting braids: 973809
  Candidates to generate: 5350999
  Processing in 54 chunks...
  Projlen distribution:
    projlen=26: 1 braids
    projlen=27: 2 braids
    projlen=28: 20 braids
    projlen=29: 59 braids
    projlen=30: 162 braids
    projlen=31: 441 braids
    projlen=32: 1066 braids
    projlen=33: 4304 braids
    projlen=34: 7446 braids
    projlen=35: 39067 braids
    projlen=36: 63546 braids
    projlen=37: 239201 braids
    projlen=38: 263655 braids
    projlen=39: 313517 braids
    projlen=40: 242499 braids
    projlen=41: 306146 braids
    projlen=42: 244226 braids
    projlen=43: 297239 braids
    projlen=44: 250024 braids
    projlen=45: 290533 braids
    projlen=46: 253061 braids
    projlen=47: 285950 braids
    projlen=48: 259498 braids
    projlen=49: 282017 braids
    projlen=50: 263640 braids
    projlen=51: 278751 braids
    projlen=52: 265554 braids
    projlen=53: 276606 braids
    projlen=54: 266617 braids
    projlen=55: 257824 braids
    projlen=56: 98327 braids
  Braids kept: 1102568 (in 31 buckets, 1.03 GB CPU)
  ⚡ Timing: matmul=0.14s, sampling=4.00s, total=5.64s
============================================================
Level 28 - SAMPLING
============================================================
  Starting braids: 952568
  Candidates to generate: 5233252
  Processing in 53 chunks...
  Projlen distribution:
    projlen=27: 4 braids
    projlen=28: 9 braids
    projlen=29: 53 braids
    projlen=30: 134 braids
    projlen=31: 480 braids
    projlen=32: 1014 braids
    projlen=33: 2856 braids
    projlen=34: 6074 braids
    projlen=35: 23203 braids
    projlen=36: 36638 braids
    projlen=37: 181684 braids
    projlen=38: 234958 braids
    projlen=39: 317585 braids
    projlen=40: 255178 braids
    projlen=41: 301671 braids
    projlen=42: 245633 braids
    projlen=43: 300740 braids
    projlen=44: 247539 braids
    projlen=45: 291793 braids
    projlen=46: 254250 braids
    projlen=47: 287545 braids
    projlen=48: 256432 braids
    projlen=49: 283545 braids
    projlen=50: 262206 braids
    projlen=51: 279867 braids
    projlen=52: 265996 braids
    projlen=53: 276397 braids
    projlen=54: 264229 braids
    projlen=55: 258475 braids
    projlen=56: 97064 braids
  Braids kept: 1070465 (in 30 buckets, 1.01 GB CPU)
  ⚡ Timing: matmul=0.14s, sampling=3.94s, total=5.55s
============================================================
Level 29 - SAMPLING
============================================================
  Starting braids: 970465
  Candidates to generate: 5326777
  Processing in 54 chunks...
  Projlen distribution:
    projlen=27: 2 braids
    projlen=28: 4 braids
    projlen=29: 51 braids
    projlen=30: 79 braids
    projlen=31: 393 braids
    projlen=32: 832 braids
    projlen=33: 2976 braids
    projlen=34: 5577 braids
    projlen=35: 16288 braids
    projlen=36: 30975 braids
    projlen=37: 111284 braids
    projlen=38: 159372 braids
    projlen=39: 285695 braids
    projlen=40: 257325 braids
    projlen=41: 304423 braids
    projlen=42: 250641 braids
    projlen=43: 299054 braids
    projlen=44: 249448 braids
    projlen=45: 293879 braids
    projlen=46: 251175 braids
    projlen=47: 288492 braids
    projlen=48: 257929 braids
    projlen=49: 284390 braids
    projlen=50: 260113 braids
    projlen=51: 281403 braids
    projlen=52: 263609 braids
    projlen=53: 278915 braids
    projlen=54: 266372 braids
    projlen=55: 274192 braids
    projlen=56: 252329 braids
    projlen=57: 99560 braids
  Braids kept: 1107177 (in 31 buckets, 1.06 GB CPU)
  ⚡ Timing: matmul=0.14s, sampling=4.09s, total=5.77s
============================================================
Level 30 - SAMPLING
============================================================
  Starting braids: 957177
  Candidates to generate: 5251445
  Processing in 53 chunks...
  Projlen distribution:
    projlen=27: 1 braids
    projlen=28: 6 braids
    projlen=29: 8 braids
    projlen=30: 58 braids
    projlen=31: 297 braids
    projlen=32: 514 braids
    projlen=33: 2382 braids
    projlen=34: 4709 braids
    projlen=35: 16409 braids
    projlen=36: 28503 braids
    projlen=37: 80012 braids
    projlen=38: 137481 braids
    projlen=39: 264156 braids
    projlen=40: 259629 braids
    projlen=41: 306203 braids
    projlen=42: 250179 braids
    projlen=43: 298158 braids
    projlen=44: 252040 braids
    projlen=45: 292455 braids
    projlen=46: 252993 braids
    projlen=47: 288637 braids
    projlen=48: 255485 braids
    projlen=49: 284829 braids
    projlen=50: 260734 braids
    projlen=51: 281406 braids
    projlen=52: 262895 braids
    projlen=53: 280371 braids
    projlen=54: 264456 braids
    projlen=55: 275332 braids
    projlen=56: 251234 braids
    projlen=57: 99873 braids
  Braids kept: 1102887 (in 31 buckets, 1.06 GB CPU)
  ⚡ Timing: matmul=0.14s, sampling=4.08s, total=5.73s
============================================================
Level 31 - SAMPLING
============================================================
  Starting braids: 952887
  Candidates to generate: 5235869
  Processing in 53 chunks...
  Projlen distribution:
    projlen=28: 3 braids
    projlen=29: 7 braids
    projlen=30: 59 braids
    projlen=31: 71 braids
    projlen=32: 378 braids
    projlen=33: 1660 braids
    projlen=34: 2934 braids
    projlen=35: 13240 braids
    projlen=36: 24220 braids
    projlen=37: 79931 braids
    projlen=38: 128639 braids
    projlen=39: 250643 braids
    projlen=40: 269463 braids
    projlen=41: 300941 braids
    projlen=42: 256745 braids
    projlen=43: 297906 braids
    projlen=44: 251605 braids
    projlen=45: 294210 braids
    projlen=46: 254810 braids
    projlen=47: 287641 braids
    projlen=48: 257756 braids
    projlen=49: 286111 braids
    projlen=50: 259136 braids
    projlen=51: 283256 braids
    projlen=52: 261880 braids
    projlen=53: 280969 braids
    projlen=54: 265130 braids
    projlen=55: 276732 braids
    projlen=56: 250208 braids
    projlen=57: 99585 braids
  Braids kept: 1092572 (in 30 buckets, 1.06 GB CPU)
  ⚡ Timing: matmul=0.14s, sampling=4.06s, total=5.68s
============================================================
Level 32 - SAMPLING
============================================================
  Starting braids: 992572
  Candidates to generate: 5448236
  Processing in 55 chunks...
  Projlen distribution:
    projlen=29: 2 braids
    projlen=30: 25 braids
    projlen=31: 51 braids
    projlen=32: 366 braids
    projlen=33: 570 braids
    projlen=34: 2213 braids
    projlen=35: 9031 braids
    projlen=36: 15245 braids
    projlen=37: 65382 braids
    projlen=38: 108035 braids
    projlen=39: 245232 braids
    projlen=40: 264458 braids
    projlen=41: 297191 braids
    projlen=42: 263698 braids
    projlen=43: 290901 braids
    projlen=44: 255767 braids
    projlen=45: 292392 braids
    projlen=46: 254251 braids
    projlen=47: 288905 braids
    projlen=48: 257392 braids
    projlen=49: 285088 braids
    projlen=50: 260858 braids
    projlen=51: 282109 braids
    projlen=52: 262428 braids
    projlen=53: 281382 braids
    projlen=54: 264648 braids
    projlen=55: 278788 braids
    projlen=56: 263572 braids
    projlen=57: 260078 braids
    projlen=58: 98178 braids
  Braids kept: 1127503 (in 30 buckets, 1.11 GB CPU)
  ⚡ Timing: matmul=0.14s, sampling=4.24s, total=5.97s
============================================================
Level 33 - SAMPLING
============================================================
  Starting braids: 977503
  Candidates to generate: 5368385
  Processing in 54 chunks...
  Projlen distribution:
    projlen=30: 8 braids
    projlen=31: 16 braids
    projlen=32: 152 braids
    projlen=33: 380 braids
    projlen=34: 2065 braids
    projlen=35: 3921 braids
    projlen=36: 11732 braids
    projlen=37: 45141 braids
    projlen=38: 70038 braids
    projlen=39: 233095 braids
    projlen=40: 261659 braids
    projlen=41: 301498 braids
    projlen=42: 260861 braids
    projlen=43: 290446 braids
    projlen=44: 261978 braids
    projlen=45: 287841 braids
    projlen=46: 258751 braids
    projlen=47: 287389 braids
    projlen=48: 257090 braids
    projlen=49: 284815 braids
    projlen=50: 259908 braids
    projlen=51: 282667 braids
    projlen=52: 262929 braids
    projlen=53: 280626 braids
    projlen=54: 264705 braids
    projlen=55: 278684 braids
    projlen=56: 263413 braids
    projlen=57: 259867 braids
    projlen=58: 96710 braids
  Braids kept: 1113415 (in 29 buckets, 1.10 GB CPU)
  ⚡ Timing: matmul=0.22s, sampling=4.18s, total=5.96s
============================================================
Level 34 - SAMPLING
============================================================
  Starting braids: 963415
  Candidates to generate: 5291917
  Processing in 53 chunks...
  Projlen distribution:
    projlen=30: 6 braids
    projlen=31: 9 braids
    projlen=32: 69 braids
    projlen=33: 162 braids
    projlen=34: 867 braids
    projlen=35: 2540 braids
    projlen=36: 10869 braids
    projlen=37: 22251 braids
    projlen=38: 57238 braids
    projlen=39: 204428 braids
    projlen=40: 246931 braids
    projlen=41: 310620 braids
    projlen=42: 256509 braids
    projlen=43: 294137 braids
    projlen=44: 258717 braids
    projlen=45: 287787 braids
    projlen=46: 262284 braids
    projlen=47: 283089 braids
    projlen=48: 259518 braids
    projlen=49: 283356 braids
    projlen=50: 260007 braids
    projlen=51: 282844 braids
    projlen=52: 262555 braids
    projlen=53: 280807 braids
    projlen=54: 264873 braids
    projlen=55: 278920 braids
    projlen=56: 263815 braids
    projlen=57: 259479 braids
    projlen=58: 97230 braids
  Braids kept: 1086773 (in 29 buckets, 1.08 GB CPU)
  ⚡ Timing: matmul=0.14s, sampling=4.14s, total=5.84s
============================================================
Level 35 - SAMPLING
============================================================
  Starting braids: 986773
  Candidates to generate: 5422015
  Processing in 55 chunks...
  Projlen distribution:
    projlen=31: 2 braids
    projlen=32: 47 braids
    projlen=33: 87 braids
    projlen=34: 484 braids
    projlen=35: 1258 braids
    projlen=36: 4860 braids
    projlen=37: 14556 braids
    projlen=38: 53303 braids
    projlen=39: 107956 braids
    projlen=40: 224730 braids
    projlen=41: 302825 braids
    projlen=42: 258189 braids
    projlen=43: 299264 braids
    projlen=44: 252168 braids
    projlen=45: 292685 braids
    projlen=46: 259207 braids
    projlen=47: 285303 braids
    projlen=48: 262835 braids
    projlen=49: 280812 braids
    projlen=50: 262931 braids
    projlen=51: 281008 braids
    projlen=52: 261312 braids
    projlen=53: 280509 braids
    projlen=54: 264511 braids
    projlen=55: 278894 braids
    projlen=56: 265708 braids
    projlen=57: 274144 braids
    projlen=58: 252308 braids
    projlen=59: 100119 braids
  Braids kept: 1121294 (in 29 buckets, 1.14 GB CPU)
  ⚡ Timing: matmul=0.17s, sampling=4.35s, total=6.13s
============================================================
Level 36 - SAMPLING
============================================================
  Starting braids: 971294
  Candidates to generate: 5344010
  Processing in 54 chunks...
  Projlen distribution:
    projlen=31: 1 braids
    projlen=32: 10 braids
    projlen=33: 44 braids
    projlen=34: 319 braids
    projlen=35: 669 braids
    projlen=36: 2878 braids
    projlen=37: 8083 braids
    projlen=38: 25390 braids
    projlen=39: 71774 braids
    projlen=40: 220842 braids
    projlen=41: 278471 braids
    projlen=42: 289185 braids
    projlen=43: 287167 braids
    projlen=44: 256299 braids
    projlen=45: 295977 braids
    projlen=46: 253678 braids
    projlen=47: 288807 braids
    projlen=48: 260185 braids
    projlen=49: 283280 braids
    projlen=50: 264962 braids
    projlen=51: 279237 braids
    projlen=52: 264753 braids
    projlen=53: 279855 braids
    projlen=54: 264130 braids
    projlen=55: 279315 braids
    projlen=56: 265118 braids
    projlen=57: 274169 braids
    projlen=58: 250158 braids
    projlen=59: 99254 braids
  Braids kept: 1087394 (in 29 buckets, 1.11 GB CPU)
  ⚡ Timing: matmul=0.14s, sampling=4.24s, total=5.97s
============================================================
Level 37 - SAMPLING
============================================================
  Starting braids: 987394
  Candidates to generate: 5436692
  Processing in 55 chunks...
  Projlen distribution:
    projlen=32: 6 braids
    projlen=33: 17 braids
    projlen=34: 124 braids
    projlen=35: 379 braids
    projlen=36: 1917 braids
    projlen=37: 4307 braids
    projlen=38: 15981 braids
    projlen=39: 42868 braids
    projlen=40: 115988 braids
    projlen=41: 235399 braids
    projlen=42: 297858 braids
    projlen=43: 271894 braids
    projlen=44: 281399 braids
    projlen=45: 278801 braids
    projlen=46: 262842 braids
    projlen=47: 289273 braids
    projlen=48: 256209 braids
    projlen=49: 285844 braids
    projlen=50: 260660 braids
    projlen=51: 280725 braids
    projlen=52: 266582 braids
    projlen=53: 279528 braids
    projlen=54: 266759 braids
    projlen=55: 277999 braids
    projlen=56: 265732 braids
    projlen=57: 277421 braids
    projlen=58: 264066 braids
    projlen=59: 258515 braids
    projlen=60: 97599 braids
  Braids kept: 1115599 (in 29 buckets, 1.16 GB CPU)
  ⚡ Timing: matmul=0.20s, sampling=4.36s, total=6.22s
============================================================
Level 38 - SAMPLING
============================================================
  Starting braids: 965599
  Candidates to generate: 5324997
  Processing in 54 chunks...
  Projlen distribution:
    projlen=32: 4 braids
    projlen=33: 7 braids
    projlen=34: 79 braids
    projlen=35: 169 braids
    projlen=36: 933 braids
    projlen=37: 2618 braids
    projlen=38: 10502 braids
    projlen=39: 23909 braids
    projlen=40: 77383 braids
    projlen=41: 192262 braids
    projlen=42: 274631 braids
    projlen=43: 289600 braids
    projlen=44: 283084 braids
    projlen=45: 268032 braids
    projlen=46: 281460 braids
    projlen=47: 274678 braids
    projlen=48: 265634 braids
    projlen=49: 283184 braids
    projlen=50: 259514 braids
    projlen=51: 283903 braids
    projlen=52: 262812 braids
    projlen=53: 279036 braids
    projlen=54: 266714 braids
    projlen=55: 277736 braids
    projlen=56: 268287 braids
    projlen=57: 276825 braids
    projlen=58: 265695 braids
    projlen=59: 258818 braids
    projlen=60: 97488 braids
  Braids kept: 1088221 (in 29 buckets, 1.14 GB CPU)
  ⚡ Timing: matmul=0.14s, sampling=4.29s, total=6.04s
============================================================
Level 39 - SAMPLING
============================================================
  Starting braids: 988221
  Candidates to generate: 5444791
  Processing in 55 chunks...
  Projlen distribution:
    projlen=32: 3 braids
    projlen=33: 4 braids
    projlen=34: 38 braids
    projlen=35: 95 braids
    projlen=36: 602 braids
    projlen=37: 1268 braids
    projlen=38: 5914 braids
    projlen=39: 15160 braids
    projlen=40: 50851 braids
    projlen=41: 110249 braids
    projlen=42: 238913 braids
    projlen=43: 289903 braids
    projlen=44: 282006 braids
    projlen=45: 279524 braids
    projlen=46: 276097 braids
    projlen=47: 271325 braids
    projlen=48: 278250 braids
    projlen=49: 270451 braids
    projlen=50: 268486 braids
    projlen=51: 279783 braids
    projlen=52: 262929 braids
    projlen=53: 281251 braids
    projlen=54: 264673 braids
    projlen=55: 278344 braids
    projlen=56: 268330 braids
    projlen=57: 276415 braids
    projlen=58: 267954 braids
    projlen=59: 273147 braids
    projlen=60: 252969 braids
    projlen=61: 99857 braids
  Braids kept: 1123084 (in 30 buckets, 1.20 GB CPU)
  ⚡ Timing: matmul=0.24s, sampling=4.45s, total=6.37s
============================================================
Level 40 - SAMPLING
============================================================
  Starting braids: 973084
  Candidates to generate: 5367228
  Processing in 54 chunks...
  Projlen distribution:
    projlen=33: 1 braids
    projlen=34: 30 braids
    projlen=35: 40 braids
    projlen=36: 320 braids
    projlen=37: 758 braids
    projlen=38: 3823 braids
    projlen=39: 7987 braids
    projlen=40: 31911 braids
    projlen=41: 74692 braids
    projlen=42: 219819 braids
    projlen=43: 279095 braids
    projlen=44: 295266 braids
    projlen=45: 277714 braids
    projlen=46: 275681 braids
    projlen=47: 278402 braids
    projlen=48: 273392 braids
    projlen=49: 271934 braids
    projlen=50: 275433 braids
    projlen=51: 270178 braids
    projlen=52: 270556 braids
    projlen=53: 277747 braids
    projlen=54: 265492 braids
    projlen=55: 280363 braids
    projlen=56: 266156 braids
    projlen=57: 276933 braids
    projlen=58: 268196 braids
    projlen=59: 273294 braids
    projlen=60: 253033 braids
    projlen=61: 98982 braids
  Braids kept: 1094870 (in 29 buckets, 1.18 GB CPU)
  ⚡ Timing: matmul=0.14s, sampling=4.35s, total=6.13s
============================================================
Level 41 - SAMPLING
============================================================
  Starting braids: 994870
  Candidates to generate: 5486164
  Processing in 55 chunks...
  Projlen distribution:
    projlen=34: 3 braids
    projlen=35: 21 braids
    projlen=36: 211 braids
    projlen=37: 327 braids
    projlen=38: 2177 braids
    projlen=39: 4995 braids
    projlen=40: 21241 braids
    projlen=41: 41007 braids
    projlen=42: 146513 braids
    projlen=43: 241256 braids
    projlen=44: 299488 braids
    projlen=45: 270800 braids
    projlen=46: 284095 braids
    projlen=47: 271819 braids
    projlen=48: 277167 braids
    projlen=49: 275638 braids
    projlen=50: 271370 braids
    projlen=51: 272705 braids
    projlen=52: 274296 braids
    projlen=53: 270799 braids
    projlen=54: 271948 braids
    projlen=55: 275673 braids
    projlen=56: 266491 braids
    projlen=57: 278697 braids
    projlen=58: 267702 braids
    projlen=59: 275199 braids
    projlen=60: 267556 braids
    projlen=61: 258263 braids
    projlen=62: 98707 braids
  Braids kept: 1119982 (in 29 buckets, 1.22 GB CPU)
  ⚡ Timing: matmul=0.15s, sampling=4.53s, total=6.39s
============================================================
Level 42 - SAMPLING
============================================================
  Starting braids: 969982
  Candidates to generate: 5346860
  Processing in 54 chunks...
  Projlen distribution:
    projlen=35: 2 braids
    projlen=36: 48 braids
    projlen=37: 173 braids
    projlen=38: 1328 braids
    projlen=39: 2229 braids
    projlen=40: 13100 braids
    projlen=41: 27192 braids
    projlen=42: 103341 braids
    projlen=43: 180953 braids
    projlen=44: 283962 braids
    projlen=45: 278358 braids
    projlen=46: 286275 braids
    projlen=47: 266317 braids
    projlen=48: 283417 braids
    projlen=49: 269072 braids
    projlen=50: 275898 braids
    projlen=51: 271872 braids
    projlen=52: 270953 braids
    projlen=53: 273005 braids
    projlen=54: 274220 braids
    projlen=55: 271719 braids
    projlen=56: 272272 braids
    projlen=57: 274670 braids
    projlen=58: 268270 braids
    projlen=59: 277051 braids
    projlen=60: 265249 braids
    projlen=61: 258046 braids
    projlen=62: 97868 braids
  Braids kept: 1094072 (in 28 buckets, 1.20 GB CPU)
  ⚡ Timing: matmul=0.22s, sampling=4.48s, total=6.35s
============================================================
Level 43 - SAMPLING
============================================================
  Starting braids: 994072
  Candidates to generate: 5471108
  Processing in 55 chunks...
  Projlen distribution:
    projlen=36: 4 braids
    projlen=37: 33 braids
    projlen=38: 393 braids
    projlen=39: 1249 braids
    projlen=40: 8081 braids
    projlen=41: 13215 braids
    projlen=42: 66715 braids
    projlen=43: 120685 braids
    projlen=44: 256533 braids
    projlen=45: 272240 braids
    projlen=46: 293721 braids
    projlen=47: 267226 braids
    projlen=48: 281790 braids
    projlen=49: 268010 braids
    projlen=50: 279362 braids
    projlen=51: 268530 braids
    projlen=52: 275135 braids
    projlen=53: 271668 braids
    projlen=54: 271032 braids
    projlen=55: 273107 braids
    projlen=56: 273432 braids
    projlen=57: 271814 braids
    projlen=58: 272084 braids
    projlen=59: 273693 braids
    projlen=60: 268157 braids
    projlen=61: 271524 braids
    projlen=62: 252163 braids
    projlen=63: 99512 braids
  Braids kept: 1122975 (in 28 buckets, 1.25 GB CPU)
  ⚡ Timing: matmul=0.16s, sampling=4.67s, total=6.54s
============================================================
Level 44 - SAMPLING
============================================================
  Starting braids: 972975
  Candidates to generate: 5365211
  Processing in 54 chunks...
  Projlen distribution:
    projlen=35: 3 braids
    projlen=37: 7 braids
    projlen=38: 74 braids
    projlen=39: 361 braids
    projlen=40: 2812 braids
    projlen=41: 7507 braids
    projlen=42: 42570 braids
    projlen=43: 63536 braids
    projlen=44: 234499 braids
    projlen=45: 268035 braids
    projlen=46: 302276 braids
    projlen=47: 264497 braids
    projlen=48: 286954 braids
    projlen=49: 266115 braids
    projlen=50: 280678 braids
    projlen=51: 267574 braids
    projlen=52: 276764 braids
    projlen=53: 268312 braids
    projlen=54: 275049 braids
    projlen=55: 272288 braids
    projlen=56: 272849 braids
    projlen=57: 273484 braids
    projlen=58: 273015 braids
    projlen=59: 271689 braids
    projlen=60: 271846 braids
    projlen=61: 269754 braids
    projlen=62: 253843 braids
    projlen=63: 98820 braids
  Braids kept: 1103334 (in 28 buckets, 1.24 GB CPU)
  ⚡ Timing: matmul=0.14s, sampling=4.54s, total=6.38s
============================================================
Level 45 - SAMPLING
============================================================
  Starting braids: 953334
  Candidates to generate: 5256906
  Processing in 53 chunks...
  Projlen distribution:
    projlen=35: 4 braids
    projlen=36: 6 braids
    projlen=37: 12 braids
    projlen=38: 43 braids
    projlen=39: 96 braids
    projlen=40: 739 braids
    projlen=41: 2801 braids
    projlen=42: 16800 braids
    projlen=43: 38852 braids
    projlen=44: 197605 braids
    projlen=45: 240179 braids
    projlen=46: 315916 braids
    projlen=47: 258563 braids
    projlen=48: 293133 braids
    projlen=49: 261093 braids
    projlen=50: 284917 braids
    projlen=51: 266485 braids
    projlen=52: 279049 braids
    projlen=53: 268786 braids
    projlen=54: 275497 braids
    projlen=55: 269599 braids
    projlen=56: 274264 braids
    projlen=57: 272249 braids
    projlen=58: 272076 braids
    projlen=59: 272716 braids
    projlen=60: 272442 braids
    projlen=61: 269653 braids
    projlen=62: 255224 braids
    projlen=63: 98107 braids
  Braids kept: 1059353 (in 29 buckets, 1.20 GB CPU)
  ⚡ Timing: matmul=0.14s, sampling=4.46s, total=6.24s
============================================================
Level 46 - SAMPLING
============================================================
  Starting braids: 959353
  Candidates to generate: 5286243
  Processing in 53 chunks...
  Projlen distribution:
    projlen=35: 1 braids
    projlen=36: 15 braids
    projlen=37: 22 braids
    projlen=38: 75 braids
    projlen=39: 90 braids
    projlen=40: 429 braids
    projlen=41: 920 braids
    projlen=42: 5441 braids
    projlen=43: 16670 braids
    projlen=44: 84602 braids
    projlen=45: 168276 braids
    projlen=46: 292949 braids
    projlen=47: 254921 braids
    projlen=48: 303196 braids
    projlen=49: 252547 braids
    projlen=50: 292503 braids
    projlen=51: 261635 braids
    projlen=52: 282442 braids
    projlen=53: 265767 braids
    projlen=54: 276922 braids
    projlen=55: 268771 braids
    projlen=56: 274520 braids
    projlen=57: 270490 braids
    projlen=58: 273292 braids
    projlen=59: 272251 braids
    projlen=60: 272914 braids
    projlen=61: 272629 braids
    projlen=62: 268907 braids
    projlen=63: 254425 braids
    projlen=64: 98621 braids
  Braids kept: 1073663 (in 30 buckets, 1.24 GB CPU)
  ⚡ Timing: matmul=0.14s, sampling=4.60s, total=6.42s
============================================================
Level 47 - SAMPLING
============================================================
  Starting braids: 973663
  Candidates to generate: 5366161
  Processing in 54 chunks...
  Projlen distribution:
    projlen=36: 7 braids
    projlen=37: 11 braids
    projlen=38: 128 braids
    projlen=39: 126 braids
    projlen=40: 527 braids
    projlen=41: 679 braids
    projlen=42: 3220 braids
    projlen=43: 6174 braids
    projlen=44: 30954 braids
    projlen=45: 77686 braids
    projlen=46: 239957 braids
    projlen=47: 276382 braids
    projlen=48: 301822 braids
    projlen=49: 250844 braids
    projlen=50: 298259 braids
    projlen=51: 253869 braids
    projlen=52: 287849 braids
    projlen=53: 261614 braids
    projlen=54: 280829 braids
    projlen=55: 265947 braids
    projlen=56: 275176 braids
    projlen=57: 269823 braids
    projlen=58: 274274 braids
    projlen=59: 270601 braids
    projlen=60: 272609 braids
    projlen=61: 271761 braids
    projlen=62: 271609 braids
    projlen=63: 269995 braids
    projlen=64: 254999 braids
    projlen=65: 98430 braids
  Braids kept: 1091826 (in 30 buckets, 1.28 GB CPU)
  ⚡ Timing: matmul=0.27s, sampling=4.69s, total=7.35s
============================================================
Level 48 - SAMPLING
============================================================
  Starting braids: 991826
  Candidates to generate: 5468920
  Processing in 55 chunks...
  Projlen distribution:
    projlen=36: 3 braids
    projlen=37: 3 braids
    projlen=38: 66 braids
    projlen=39: 69 braids
    projlen=40: 761 braids
    projlen=41: 734 braids
    projlen=42: 3277 braids
    projlen=43: 4560 braids
    projlen=44: 19384 braids
    projlen=45: 33129 braids
    projlen=46: 147747 braids
    projlen=47: 241536 braids
    projlen=48: 309165 braids
    projlen=49: 265756 braids
    projlen=50: 291990 braids
    projlen=51: 254444 braids
    projlen=52: 291613 braids
    projlen=53: 255563 braids
    projlen=54: 284298 braids
    projlen=55: 262606 braids
    projlen=56: 279301 braids
    projlen=57: 267001 braids
    projlen=58: 275316 braids
    projlen=59: 270347 braids
    projlen=60: 273329 braids
    projlen=61: 270723 braids
    projlen=62: 272731 braids
    projlen=63: 270296 braids
    projlen=64: 268622 braids
    projlen=65: 255491 braids
    projlen=66: 99059 braids
  Braids kept: 1111986 (in 31 buckets, 1.33 GB CPU)
  ⚡ Timing: matmul=0.17s, sampling=4.87s, total=7.51s
============================================================
Level 49 - SAMPLING
============================================================
  Starting braids: 961986
  Candidates to generate: 5311832
  Processing in 54 chunks...
  Projlen distribution:
    projlen=38: 26 braids
    projlen=39: 29 braids
    projlen=40: 432 braids
    projlen=41: 419 braids
    projlen=42: 4130 braids
    projlen=43: 4255 braids
    projlen=44: 18465 braids
    projlen=45: 25913 braids
    projlen=46: 99697 braids
    projlen=47: 149975 braids
    projlen=48: 277663 braids
    projlen=49: 275346 braids
    projlen=50: 294059 braids
    projlen=51: 261656 braids
    projlen=52: 289544 braids
    projlen=53: 259176 braids
    projlen=54: 286713 braids
    projlen=55: 258260 braids
    projlen=56: 283000 braids
    projlen=57: 263923 braids
    projlen=58: 278136 braids
    projlen=59: 267545 braids
    projlen=60: 275345 braids
    projlen=61: 270037 braids
    projlen=62: 273671 braids
    projlen=63: 270662 braids
    projlen=64: 270366 braids
    projlen=65: 254983 braids
    projlen=66: 98406 braids
  Braids kept: 1103669 (in 29 buckets, 1.32 GB CPU)
  ⚡ Timing: matmul=0.18s, sampling=4.80s, total=7.39s
============================================================
Level 50 - SAMPLING
============================================================
  Starting braids: 953669
  Candidates to generate: 5263405
  Processing in 53 chunks...
  Projlen distribution:
    projlen=39: 7 braids
    projlen=40: 176 braids
    projlen=41: 211 braids
    projlen=42: 2514 braids
    projlen=43: 2502 braids
    projlen=44: 21607 braids
    projlen=45: 22792 braids
    projlen=46: 93348 braids
    projlen=47: 120484 braids
    projlen=48: 264594 braids
    projlen=49: 264758 braids
    projlen=50: 304628 braids
    projlen=51: 261865 braids
    projlen=52: 288414 braids
    projlen=53: 262933 braids
    projlen=54: 284109 braids
    projlen=55: 261336 braids
    projlen=56: 283345 braids
    projlen=57: 261293 braids
    projlen=58: 281843 braids
    projlen=59: 266036 braids
    projlen=60: 277641 braids
    projlen=61: 268629 braids
    projlen=62: 275609 braids
    projlen=63: 269633 braids
    projlen=64: 270622 braids
    projlen=65: 254080 braids
    projlen=66: 98396 braids
  Braids kept: 1099809 (in 28 buckets, 1.32 GB CPU)
  ⚡ Timing: matmul=0.15s, sampling=4.78s, total=7.30s
============================================================
Level 51 - SAMPLING
============================================================
  Starting braids: 999809
  Candidates to generate: 5506107
  Processing in 56 chunks...
  Projlen distribution:
    projlen=39: 1 braids
    projlen=40: 25 braids
    projlen=41: 88 braids
    projlen=42: 1154 braids
    projlen=43: 1313 braids
    projlen=44: 13823 braids
    projlen=45: 13757 braids
    projlen=46: 104960 braids
    projlen=47: 104226 braids
    projlen=48: 262473 braids
    projlen=49: 252808 braids
    projlen=50: 312522 braids
    projlen=51: 256403 braids
    projlen=52: 295633 braids
    projlen=53: 259113 braids
    projlen=54: 286787 braids
    projlen=55: 264690 braids
    projlen=56: 281500 braids
    projlen=57: 262898 braids
    projlen=58: 281343 braids
    projlen=59: 263844 braids
    projlen=60: 279837 braids
    projlen=61: 266381 braids
    projlen=62: 276580 braids
    projlen=63: 268728 braids
    projlen=64: 273440 braids
    projlen=65: 266636 braids
    projlen=66: 256443 braids
    projlen=67: 98701 braids
  Braids kept: 1130161 (in 29 buckets, 1.38 GB CPU)
  ⚡ Timing: matmul=0.16s, sampling=5.08s, total=7.76s
============================================================
Level 52 - SAMPLING
============================================================
  Starting braids: 980161
  Candidates to generate: 5378211
  Processing in 54 chunks...
  Projlen distribution:
    projlen=40: 8 braids
    projlen=41: 29 braids
    projlen=42: 360 braids
    projlen=43: 649 braids
    projlen=44: 6980 braids
    projlen=45: 7400 braids
    projlen=46: 68259 braids
    projlen=47: 62071 braids
    projlen=48: 252042 braids
    projlen=49: 225496 braids
    projlen=50: 322130 braids
    projlen=51: 247401 braids
    projlen=52: 302365 braids
    projlen=53: 253315 braids
    projlen=54: 291061 braids
    projlen=55: 259687 braids
    projlen=56: 282830 braids
    projlen=57: 265222 braids
    projlen=58: 280079 braids
    projlen=59: 265097 braids
    projlen=60: 280015 braids
    projlen=61: 266048 braids
    projlen=62: 278025 braids
    projlen=63: 266950 braids
    projlen=64: 275575 braids
    projlen=65: 266005 braids
    projlen=66: 255964 braids
    projlen=67: 97148 braids
  Braids kept: 1115426 (in 28 buckets, 1.37 GB CPU)
  ⚡ Timing: matmul=0.16s, sampling=4.94s, total=7.57s
============================================================
Level 53 - SAMPLING
============================================================
  Starting braids: 965426
  Candidates to generate: 5288772
  Processing in 53 chunks...
  Projlen distribution:
    projlen=40: 1 braids
    projlen=41: 5 braids
    projlen=42: 145 braids
    projlen=43: 286 braids
    projlen=44: 2904 braids
    projlen=45: 3842 braids
    projlen=46: 36853 braids
    projlen=47: 34998 braids
    projlen=48: 243490 braids
    projlen=49: 212741 braids
    projlen=50: 333788 braids
    projlen=51: 226465 braids
    projlen=52: 315409 braids
    projlen=53: 242596 braids
    projlen=54: 298551 braids
    projlen=55: 253903 braids
    projlen=56: 287025 braids
    projlen=57: 260713 braids
    projlen=58: 281032 braids
    projlen=59: 266037 braids
    projlen=60: 278162 braids
    projlen=61: 267022 braids
    projlen=62: 278060 braids
    projlen=63: 267038 braids
    projlen=64: 276811 braids
    projlen=65: 265743 braids
    projlen=66: 257289 braids
    projlen=67: 97863 braids
  Braids kept: 1079034 (in 28 buckets, 1.33 GB CPU)
  ⚡ Timing: matmul=0.16s, sampling=4.81s, total=7.38s
============================================================
Level 54 - SAMPLING
============================================================
  Starting braids: 979034
  Candidates to generate: 5353876
  Processing in 54 chunks...
  Projlen distribution:
    projlen=41: 8 braids
    projlen=42: 41 braids
    projlen=43: 100 braids
    projlen=44: 1354 braids
    projlen=45: 1953 braids
    projlen=46: 18176 braids
    projlen=47: 19983 braids
    projlen=48: 176344 braids
    projlen=49: 151440 braids
    projlen=50: 304893 braids
    projlen=51: 216906 braids
    projlen=52: 325390 braids
    projlen=53: 222395 braids
    projlen=54: 310100 braids
    projlen=55: 244358 braids
    projlen=56: 294190 braids
    projlen=57: 256929 braids
    projlen=58: 284709 braids
    projlen=59: 262417 braids
    projlen=60: 279579 braids
    projlen=61: 267654 braids
    projlen=62: 277083 braids
    projlen=63: 268024 braids
    projlen=64: 276852 braids
    projlen=65: 267192 braids
    projlen=66: 273371 braids
    projlen=67: 252759 braids
    projlen=68: 99676 braids
  Braids kept: 1091615 (in 28 buckets, 1.37 GB CPU)
  ⚡ Timing: matmul=0.15s, sampling=5.00s, total=7.62s
============================================================
Level 55 - SAMPLING
============================================================
  Starting braids: 991615
  Candidates to generate: 5420385
  Processing in 55 chunks...
  Projlen distribution:
    projlen=41: 3 braids
    projlen=42: 13 braids
    projlen=43: 99 braids
    projlen=44: 367 braids
    projlen=45: 840 braids
    projlen=46: 9225 braids
    projlen=47: 11010 braids
    projlen=48: 92414 braids
    projlen=49: 86293 braids
    projlen=50: 274208 braids
    projlen=51: 213260 braids
    projlen=52: 333136 braids
    projlen=53: 214819 braids
    projlen=54: 320268 braids
    projlen=55: 227296 braids
    projlen=56: 304666 braids
    projlen=57: 246543 braids
    projlen=58: 291200 braids
    projlen=59: 259063 braids
    projlen=60: 283352 braids
    projlen=61: 265188 braids
    projlen=62: 278592 braids
    projlen=63: 268423 braids
    projlen=64: 275530 braids
    projlen=65: 268546 braids
    projlen=66: 274485 braids
    projlen=67: 265689 braids
    projlen=68: 257876 braids
    projlen=69: 97981 braids
  Braids kept: 1121557 (in 29 buckets, 1.43 GB CPU)
  ⚡ Timing: matmul=0.15s, sampling=5.15s, total=7.83s
============================================================
Level 56 - SAMPLING
============================================================
  Starting braids: 971557
  Candidates to generate: 5310993
  Processing in 54 chunks...
  Projlen distribution:
    projlen=42: 6 braids
    projlen=43: 35 braids
    projlen=44: 172 braids
    projlen=45: 611 braids
    projlen=46: 3005 braids
    projlen=47: 5142 braids
    projlen=48: 49157 braids
    projlen=49: 49989 braids
    projlen=50: 254864 braids
    projlen=51: 217221 braids
    projlen=52: 338534 braids
    projlen=53: 213391 braids
    projlen=54: 327273 braids
    projlen=55: 217183 braids
    projlen=56: 314398 braids
    projlen=57: 232794 braids
    projlen=58: 299967 braids
    projlen=59: 249534 braids
    projlen=60: 288365 braids
    projlen=61: 260779 braids
    projlen=62: 280649 braids
    projlen=63: 266398 braids
    projlen=64: 276865 braids
    projlen=65: 268985 braids
    projlen=66: 274187 braids
    projlen=67: 266778 braids
    projlen=68: 256643 braids
    projlen=69: 98068 braids
  Braids kept: 1108117 (in 28 buckets, 1.42 GB CPU)
  ⚡ Timing: matmul=0.15s, sampling=4.97s, total=7.61s
============================================================
Level 57 - SAMPLING
============================================================
  Starting braids: 958117
  Candidates to generate: 5238247
  Processing in 53 chunks...
  Projlen distribution:
    projlen=43: 12 braids
    projlen=44: 106 braids
    projlen=45: 256 braids
    projlen=46: 1579 braids
    projlen=47: 3588 braids
    projlen=48: 18449 braids
    projlen=49: 27194 braids
    projlen=50: 236685 braids
    projlen=51: 218925 braids
    projlen=52: 340156 braids
    projlen=53: 218166 braids
    projlen=54: 329667 braids
    projlen=55: 212992 braids
    projlen=56: 320073 braids
    projlen=57: 223379 braids
    projlen=58: 308058 braids
    projlen=59: 238451 braids
    projlen=60: 295219 braids
    projlen=61: 252479 braids
    projlen=62: 286319 braids
    projlen=63: 262998 braids
    projlen=64: 279916 braids
    projlen=65: 267477 braids
    projlen=66: 274928 braids
    projlen=67: 266815 braids
    projlen=68: 256616 braids
    projlen=69: 97744 braids
  Braids kept: 1051184 (in 27 buckets, 1.36 GB CPU)
  ⚡ Timing: matmul=0.15s, sampling=4.92s, total=7.52s
============================================================
Level 58 - SAMPLING
============================================================
  Starting braids: 951184
  Candidates to generate: 5191738
  Processing in 52 chunks...
  Projlen distribution:
    projlen=43: 8 braids
    projlen=44: 45 braids
    projlen=45: 116 braids
    projlen=46: 1024 braids
    projlen=47: 1587 braids
    projlen=48: 10631 braids
    projlen=49: 18842 braids
    projlen=50: 92463 braids
    projlen=51: 116286 braids
    projlen=52: 285843 braids
    projlen=53: 222494 braids
    projlen=54: 328877 braids
    projlen=55: 214100 braids
    projlen=56: 322593 braids
    projlen=57: 218368 braids
    projlen=58: 312148 braids
    projlen=59: 230380 braids
    projlen=60: 301926 braids
    projlen=61: 244049 braids
    projlen=62: 291704 braids
    projlen=63: 255594 braids
    projlen=64: 284736 braids
    projlen=65: 264457 braids
    projlen=66: 279575 braids
    projlen=67: 267174 braids
    projlen=68: 272677 braids
    projlen=69: 254080 braids
    projlen=70: 99961 braids
  Braids kept: 1082253 (in 28 buckets, 1.42 GB CPU)
  ⚡ Timing: matmul=0.16s, sampling=4.93s, total=7.47s
============================================================
Level 59 - SAMPLING
============================================================
  Starting braids: 982253
  Candidates to generate: 5366861
  Processing in 54 chunks...
  Projlen distribution:
    projlen=43: 2 braids
    projlen=44: 33 braids
    projlen=45: 72 braids
    projlen=46: 551 braids
    projlen=47: 865 braids
    projlen=48: 6940 braids
    projlen=49: 9037 braids
    projlen=50: 56046 braids
    projlen=51: 84080 braids
    projlen=52: 253307 braids
    projlen=53: 245792 braids
    projlen=54: 325380 braids
    projlen=55: 222024 braids
    projlen=56: 321639 braids
    projlen=57: 218959 braids
    projlen=58: 313438 braids
    projlen=59: 225836 braids
    projlen=60: 305610 braids
    projlen=61: 236652 braids
    projlen=62: 297253 braids
    projlen=63: 248823 braids
    projlen=64: 288304 braids
    projlen=65: 258533 braids
    projlen=66: 282816 braids
    projlen=67: 265390 braids
    projlen=68: 278025 braids
    projlen=69: 265291 braids
    projlen=70: 257915 braids
    projlen=71: 98248 braids
  Braids kept: 1117500 (in 29 buckets, 1.48 GB CPU)
  ⚡ Timing: matmul=0.16s, sampling=5.25s, total=7.91s
============================================================
Level 60 - SAMPLING
============================================================
  Starting braids: 967500
  Candidates to generate: 5301234
  Processing in 54 chunks...
  Projlen distribution:
    projlen=44: 18 braids
    projlen=45: 27 braids
    projlen=46: 361 braids
    projlen=47: 539 braids
    projlen=48: 3831 braids
    projlen=49: 5542 braids
    projlen=50: 38141 braids
    projlen=51: 44018 braids
    projlen=52: 234411 braids
    projlen=53: 253384 braids
    projlen=54: 318907 braids
    projlen=55: 243388 braids
    projlen=56: 313289 braids
    projlen=57: 224983 braids
    projlen=58: 313678 braids
    projlen=59: 225816 braids
    projlen=60: 306846 braids
    projlen=61: 233236 braids
    projlen=62: 301355 braids
    projlen=63: 242812 braids
    projlen=64: 293896 braids
    projlen=65: 252981 braids
    projlen=66: 286747 braids
    projlen=67: 261397 braids
    projlen=68: 281587 braids
    projlen=69: 263463 braids
    projlen=70: 259095 braids
    projlen=71: 97486 braids
  Braids kept: 1092477 (in 28 buckets, 1.46 GB CPU)
  ⚡ Timing: matmul=0.15s, sampling=5.09s, total=7.72s
============================================================
Level 61 - SAMPLING
============================================================
  Starting braids: 992477
  Candidates to generate: 5438091
  Processing in 55 chunks...
  Projlen distribution:
    projlen=43: 1 braids
    projlen=44: 8 braids
    projlen=45: 15 braids
    projlen=46: 187 braids
    projlen=47: 275 braids
    projlen=48: 2446 braids
    projlen=49: 3475 braids
    projlen=50: 22781 braids
    projlen=51: 29219 braids
    projlen=52: 185794 braids
    projlen=53: 191187 braids
    projlen=54: 314930 braids
    projlen=55: 247792 braids
    projlen=56: 308611 braids
    projlen=57: 243225 braids
    projlen=58: 307966 braids
    projlen=59: 233964 braids
    projlen=60: 306779 braids
    projlen=61: 234093 braids
    projlen=62: 300675 braids
    projlen=63: 239976 braids
    projlen=64: 296382 braids
    projlen=65: 248316 braids
    projlen=66: 290048 braids
    projlen=67: 255499 braids
    projlen=68: 284760 braids
    projlen=69: 261909 braids
    projlen=70: 277226 braids
    projlen=71: 250093 braids
    projlen=72: 100459 braids
  Braids kept: 1108407 (in 30 buckets, 1.50 GB CPU)
  ⚡ Timing: matmul=0.15s, sampling=5.30s, total=8.01s
============================================================
Level 62 - SAMPLING
============================================================
  Starting braids: 958407
  Candidates to generate: 5249843
  Processing in 53 chunks...
  Projlen distribution:
    projlen=44: 3 braids
    projlen=45: 10 braids
    projlen=46: 96 braids
    projlen=47: 144 braids
    projlen=48: 1384 braids
    projlen=49: 1857 braids
    projlen=50: 14763 braids
    projlen=51: 18794 braids
    projlen=52: 114224 braids
    projlen=53: 126324 braids
    projlen=54: 285845 braids
    projlen=55: 233372 braids
    projlen=56: 318948 braids
    projlen=57: 238613 braids
    projlen=58: 303474 braids
    projlen=59: 246710 braids
    projlen=60: 299317 braids
    projlen=61: 241422 braids
    projlen=62: 299302 braids
    projlen=63: 241038 braids
    projlen=64: 296313 braids
    projlen=65: 247110 braids
    projlen=66: 292881 braids
    projlen=67: 253347 braids
    projlen=68: 287616 braids
    projlen=69: 259165 braids
    projlen=70: 279416 braids
    projlen=71: 247918 braids
    projlen=72: 100437 braids
  Braids kept: 1087051 (in 29 buckets, 1.48 GB CPU)
  ⚡ Timing: matmul=0.15s, sampling=5.21s, total=7.83s
============================================================
Level 63 - SAMPLING
============================================================
  Starting braids: 987051
  Candidates to generate: 5409101
  Processing in 55 chunks...
  Projlen distribution:
    projlen=45: 4 braids
    projlen=46: 50 braids
    projlen=47: 74 braids
    projlen=48: 763 braids
    projlen=49: 1003 braids
    projlen=50: 8715 braids
    projlen=51: 10598 braids
    projlen=52: 74916 braids
    projlen=53: 83213 braids
    projlen=54: 261721 braids
    projlen=55: 236224 braids
    projlen=56: 324466 braids
    projlen=57: 230744 braids
    projlen=58: 312954 braids
    projlen=59: 238011 braids
    projlen=60: 298145 braids
    projlen=61: 250164 braids
    projlen=62: 292492 braids
    projlen=63: 247812 braids
    projlen=64: 294003 braids
    projlen=65: 247939 braids
    projlen=66: 292605 braids
    projlen=67: 251970 braids
    projlen=68: 288376 braids
    projlen=69: 257597 braids
    projlen=70: 283823 braids
    projlen=71: 259916 braids
    projlen=72: 263593 braids
    projlen=73: 97210 braids
  Braids kept: 1121207 (in 29 buckets, 1.54 GB CPU)
  ⚡ Timing: matmul=0.15s, sampling=5.46s, total=8.21s
============================================================
Level 64 - SAMPLING
============================================================
  Starting braids: 971207
  Candidates to generate: 5326737
  Processing in 54 chunks...
  Projlen distribution:
    projlen=46: 23 braids
    projlen=47: 31 braids
    projlen=48: 433 braids
    projlen=49: 539 braids
    projlen=50: 4976 braids
    projlen=51: 5887 braids
    projlen=52: 46300 braids
    projlen=53: 49173 braids
    projlen=54: 246733 braids
    projlen=55: 232610 braids
    projlen=56: 328837 braids
    projlen=57: 233853 braids
    projlen=58: 315341 braids
    projlen=59: 231546 braids
    projlen=60: 307756 braids
    projlen=61: 241848 braids
    projlen=62: 294028 braids
    projlen=63: 253098 braids
    projlen=64: 288435 braids
    projlen=65: 253644 braids
    projlen=66: 289592 braids
    projlen=67: 254144 braids
    projlen=68: 289951 braids
    projlen=69: 255972 braids
    projlen=70: 285073 braids
    projlen=71: 257246 braids
    projlen=72: 263430 braids
    projlen=73: 96238 braids
  Braids kept: 1107362 (in 28 buckets, 1.53 GB CPU)
  ⚡ Timing: matmul=0.16s, sampling=5.22s, total=7.94s
============================================================
Level 65 - SAMPLING
============================================================
  Starting braids: 957362
  Candidates to generate: 5247632
  Processing in 53 chunks...
  Projlen distribution:
    projlen=46: 12 braids
    projlen=47: 9 braids
    projlen=48: 220 braids
    projlen=49: 254 braids
    projlen=50: 2949 braids
    projlen=51: 3310 braids
    projlen=52: 28889 braids
    projlen=53: 30048 braids
    projlen=54: 225159 braids
    projlen=55: 214198 braids
    projlen=56: 332853 braids
    projlen=57: 230404 braids
    projlen=58: 317460 braids
    projlen=59: 231978 braids
    projlen=60: 309602 braids
    projlen=61: 236354 braids
    projlen=62: 301412 braids
    projlen=63: 246796 braids
    projlen=64: 292109 braids
    projlen=65: 256572 braids
    projlen=66: 285958 braids
    projlen=67: 257026 braids
    projlen=68: 284809 braids
    projlen=69: 257862 braids
    projlen=70: 284584 braids
    projlen=71: 256798 braids
    projlen=72: 264237 braids
    projlen=73: 95770 braids
  Braids kept: 1065691 (in 28 buckets, 1.49 GB CPU)
  ⚡ Timing: matmul=0.15s, sampling=5.18s, total=7.85s
============================================================
Level 66 - SAMPLING
============================================================
  Starting braids: 965691
  Candidates to generate: 5281881
  Processing in 53 chunks...
  Projlen distribution:
    projlen=46: 6 braids
    projlen=47: 5 braids
    projlen=48: 91 braids
    projlen=49: 109 braids
    projlen=50: 1650 braids
    projlen=51: 1822 braids
    projlen=52: 17879 braids
    projlen=53: 17944 braids
    projlen=54: 143829 braids
    projlen=55: 129105 braids
    projlen=56: 292961 braids
    projlen=57: 224424 braids
    projlen=58: 323877 braids
    projlen=59: 225719 braids
    projlen=60: 312483 braids
    projlen=61: 236141 braids
    projlen=62: 303229 braids
    projlen=63: 242829 braids
    projlen=64: 295906 braids
    projlen=65: 251322 braids
    projlen=66: 288716 braids
    projlen=67: 259197 braids
    projlen=68: 283763 braids
    projlen=69: 259633 braids
    projlen=70: 282310 braids
    projlen=71: 259874 braids
    projlen=72: 278449 braids
    projlen=73: 247232 braids
    projlen=74: 101376 braids
  Braids kept: 1089506 (in 29 buckets, 1.54 GB CPU)
  ⚡ Timing: matmul=0.16s, sampling=5.40s, total=8.11s
============================================================
Level 67 - SAMPLING
============================================================
  Starting braids: 989506
  Candidates to generate: 5406708
  Processing in 55 chunks...
  Projlen distribution:
    projlen=46: 2 braids
    projlen=47: 8 braids
    projlen=48: 38 braids
    projlen=49: 61 braids
    projlen=50: 696 braids
    projlen=51: 887 braids
    projlen=52: 10759 braids
    projlen=53: 10331 braids
    projlen=54: 91827 braids
    projlen=55: 78751 braids
    projlen=56: 271201 braids
    projlen=57: 216876 braids
    projlen=58: 332843 braids
    projlen=59: 220612 braids
    projlen=60: 317196 braids
    projlen=61: 228445 braids
    projlen=62: 305464 braids
    projlen=63: 240334 braids
    projlen=64: 297452 braids
    projlen=65: 248422 braids
    projlen=66: 290823 braids
    projlen=67: 253603 braids
    projlen=68: 285297 braids
    projlen=69: 261089 braids
    projlen=70: 280777 braids
    projlen=71: 262308 braids
    projlen=72: 280227 braids
    projlen=73: 261288 braids
    projlen=74: 262312 braids
    projlen=75: 96779 braids
  Braids kept: 1122782 (in 30 buckets, 1.60 GB CPU)
  ⚡ Timing: matmul=0.15s, sampling=5.65s, total=8.44s
============================================================
Level 68 - SAMPLING
============================================================
  Starting braids: 972782
  Candidates to generate: 5315474
  Processing in 54 chunks...
  Projlen distribution:
    projlen=47: 5 braids
    projlen=48: 28 braids
    projlen=49: 50 braids
    projlen=50: 318 braids
    projlen=51: 456 braids
    projlen=52: 4913 braids
    projlen=53: 5317 braids
    projlen=54: 57493 braids
    projlen=55: 47186 braids
    projlen=56: 258321 braids
    projlen=57: 208372 braids
    projlen=58: 341185 braids
    projlen=59: 215720 braids
    projlen=60: 325582 braids
    projlen=61: 220994 braids
    projlen=62: 312620 braids
    projlen=63: 233628 braids
    projlen=64: 300257 braids
    projlen=65: 245991 braids
    projlen=66: 294072 braids
    projlen=67: 252506 braids
    projlen=68: 287849 braids
    projlen=69: 257846 braids
    projlen=70: 282889 braids
    projlen=71: 263907 braids
    projlen=72: 278047 braids
    projlen=73: 262912 braids
    projlen=74: 260418 braids
    projlen=75: 96592 braids
  Braids kept: 1108273 (in 29 buckets, 1.59 GB CPU)
  ⚡ Timing: matmul=0.15s, sampling=5.58s, total=8.32s
============================================================
Level 69 - SAMPLING
============================================================
  Starting braids: 958273
  Candidates to generate: 5232669
  Processing in 53 chunks...
  Projlen distribution:
    projlen=47: 4 braids
    projlen=48: 16 braids
    projlen=49: 32 braids
    projlen=50: 281 braids
    projlen=51: 335 braids
    projlen=52: 2419 braids
    projlen=53: 2949 braids
    projlen=54: 28630 braids
    projlen=55: 26787 braids
    projlen=56: 250604 braids
    projlen=57: 193139 braids
    projlen=58: 342147 braids
    projlen=59: 209335 braids
    projlen=60: 333101 braids
    projlen=61: 212596 braids
    projlen=62: 319616 braids
    projlen=63: 225865 braids
    projlen=64: 306207 braids
    projlen=65: 239948 braids
    projlen=66: 296464 braids
    projlen=67: 250093 braids
    projlen=68: 290117 braids
    projlen=69: 257087 braids
    projlen=70: 284961 braids
    projlen=71: 260576 braids
    projlen=72: 280615 braids
    projlen=73: 262618 braids
    projlen=74: 259000 braids
    projlen=75: 97127 braids
  Braids kept: 1061453 (in 29 buckets, 1.54 GB CPU)
  ⚡ Timing: matmul=0.16s, sampling=5.35s, total=8.09s
============================================================
Level 70 - SAMPLING
============================================================
  Starting braids: 961453
  Candidates to generate: 5234647
  Processing in 53 chunks...
  Projlen distribution:
    projlen=47: 1 braids
    projlen=48: 18 braids
    projlen=49: 28 braids
    projlen=50: 193 braids
    projlen=51: 222 braids
    projlen=52: 1990 braids
    projlen=53: 2080 braids
    projlen=54: 15741 braids
    projlen=55: 15769 braids
    projlen=56: 143704 braids
    projlen=57: 115201 braids
    projlen=58: 299122 braids
    projlen=59: 198960 braids
    projlen=60: 340786 braids
    projlen=61: 203296 braids
    projlen=62: 326966 braids
    projlen=63: 217638 braids
    projlen=64: 312651 braids
    projlen=65: 232631 braids
    projlen=66: 300599 braids
    projlen=67: 244376 braids
    projlen=68: 291958 braids
    projlen=69: 253757 braids
    projlen=70: 286244 braids
    projlen=71: 259210 braids
    projlen=72: 282604 braids
    projlen=73: 262112 braids
    projlen=74: 276332 braids
    projlen=75: 249864 braids
    projlen=76: 100594 braids
  Braids kept: 1086042 (in 30 buckets, 1.59 GB CPU)
  ⚡ Timing: matmul=0.15s, sampling=5.51s, total=8.23s
============================================================
Level 71 - SAMPLING
============================================================
  Starting braids: 986042
  Candidates to generate: 5365660
  Processing in 54 chunks...
  Projlen distribution:
    projlen=48: 7 braids
    projlen=49: 9 braids
    projlen=50: 173 braids
    projlen=51: 188 braids
    projlen=52: 1424 braids
    projlen=53: 1413 braids
    projlen=54: 12419 braids
    projlen=55: 11275 braids
    projlen=56: 82731 braids
    projlen=57: 69459 braids
    projlen=58: 271578 braids
    projlen=59: 203891 braids
    projlen=60: 347937 braids
    projlen=61: 196275 braids
    projlen=62: 335436 braids
    projlen=63: 205958 braids
    projlen=64: 319285 braids
    projlen=65: 222875 braids
    projlen=66: 305927 braids
    projlen=67: 238540 braids
    projlen=68: 296397 braids
    projlen=69: 250460 braids
    projlen=70: 288971 braids
    projlen=71: 256879 braids
    projlen=72: 283684 braids
    projlen=73: 262469 braids
    projlen=74: 279732 braids
    projlen=75: 262325 braids
    projlen=76: 260531 braids
    projlen=77: 97412 braids
  Braids kept: 1126908 (in 30 buckets, 1.67 GB CPU)
  ⚡ Timing: matmul=0.16s, sampling=5.69s, total=8.50s
============================================================
Level 72 - SAMPLING
============================================================
  Starting braids: 976908
  Candidates to generate: 5310870
  Processing in 54 chunks...
  Projlen distribution:
    projlen=48: 5 braids
    projlen=49: 7 braids
    projlen=50: 49 braids
    projlen=51: 72 braids
    projlen=52: 1202 braids
    projlen=53: 1159 braids
    projlen=54: 9024 braids
    projlen=55: 7837 braids
    projlen=56: 65551 braids
    projlen=57: 52450 braids
    projlen=58: 262515 braids
    projlen=59: 206752 braids
    projlen=60: 346134 braids
    projlen=61: 202597 braids
    projlen=62: 338653 braids
    projlen=63: 195542 braids
    projlen=64: 329041 braids
    projlen=65: 211914 braids
    projlen=66: 313376 braids
    projlen=67: 229665 braids
    projlen=68: 301815 braids
    projlen=69: 244496 braids
    projlen=70: 292809 braids
    projlen=71: 253722 braids
    projlen=72: 286481 braids
    projlen=73: 259878 braids
    projlen=74: 280429 braids
    projlen=75: 260736 braids
    projlen=76: 260247 braids
    projlen=77: 96712 braids
  Braids kept: 1119355 (in 30 buckets, 1.66 GB CPU)
  ⚡ Timing: matmul=0.15s, sampling=5.73s, total=8.51s
============================================================
Level 73 - SAMPLING
============================================================
  Starting braids: 969355
  Candidates to generate: 5264595
  Processing in 53 chunks...
  Projlen distribution:
    projlen=48: 2 braids
    projlen=49: 2 braids
    projlen=50: 48 braids
    projlen=51: 54 braids
    projlen=52: 414 braids
    projlen=53: 519 braids
    projlen=54: 7202 braids
    projlen=55: 6346 braids
    projlen=56: 49096 braids
    projlen=57: 38625 braids
    projlen=58: 257833 braids
    projlen=59: 198172 braids
    projlen=60: 349006 braids
    projlen=61: 207388 braids
    projlen=62: 336235 braids
    projlen=63: 199940 braids
    projlen=64: 331716 braids
    projlen=65: 201911 braids
    projlen=66: 322410 braids
    projlen=67: 218873 braids
    projlen=68: 308663 braids
    projlen=69: 235966 braids
    projlen=70: 297091 braids
    projlen=71: 248749 braids
    projlen=72: 289427 braids
    projlen=73: 258501 braids
    projlen=74: 283049 braids
    projlen=75: 259479 braids
    projlen=76: 261554 braids
    projlen=77: 96324 braids
  Braids kept: 1102308 (in 30 buckets, 1.64 GB CPU)
  ⚡ Timing: matmul=0.16s, sampling=5.52s, total=8.30s
============================================================
Level 74 - SAMPLING
============================================================
  Starting braids: 952308
  Candidates to generate: 5165282
  Processing in 52 chunks...
  Projlen distribution:
    projlen=49: 2 braids
    projlen=50: 14 braids
    projlen=51: 25 braids
    projlen=52: 381 braids
    projlen=53: 381 braids
    projlen=54: 3137 braids
    projlen=55: 3260 braids
    projlen=56: 39151 braids
    projlen=57: 31729 braids
    projlen=58: 243048 braids
    projlen=59: 172401 braids
    projlen=60: 327175 braids
    projlen=61: 198553 braids
    projlen=62: 340455 braids
    projlen=63: 201657 braids
    projlen=64: 328864 braids
    projlen=65: 206037 braids
    projlen=66: 323348 braids
    projlen=67: 210227 braids
    projlen=68: 315955 braids
    projlen=69: 226113 braids
    projlen=70: 303810 braids
    projlen=71: 241933 braids
    projlen=72: 293683 braids
    projlen=73: 252837 braids
    projlen=74: 285605 braids
    projlen=75: 257578 braids
    projlen=76: 262272 braids
    projlen=77: 95651 braids
  Braids kept: 1078080 (in 29 buckets, 1.62 GB CPU)
  ⚡ Timing: matmul=0.15s, sampling=5.48s, total=8.21s
============================================================
Level 75 - SAMPLING
============================================================
  Starting braids: 978080
  Candidates to generate: 5287454
  Processing in 53 chunks...
  Projlen distribution:
    projlen=50: 7 braids
    projlen=51: 12 braids
    projlen=52: 133 braids
    projlen=53: 163 braids
    projlen=54: 2566 braids
    projlen=55: 2399 braids
    projlen=56: 20133 braids
    projlen=57: 17178 braids
    projlen=58: 190128 braids
    projlen=59: 136620 braids
    projlen=60: 312713 braids
    projlen=61: 194441 braids
    projlen=62: 346015 braids
    projlen=63: 193341 braids
    projlen=64: 333104 braids
    projlen=65: 205108 braids
    projlen=66: 321522 braids
    projlen=67: 213949 braids
    projlen=68: 316549 braids
    projlen=69: 219897 braids
    projlen=70: 310044 braids
    projlen=71: 232527 braids
    projlen=72: 298844 braids
    projlen=73: 247005 braids
    projlen=74: 289304 braids
    projlen=75: 254854 braids
    projlen=76: 280524 braids
    projlen=77: 247451 braids
    projlen=78: 100923 braids
  Braids kept: 1092591 (in 29 buckets, 1.66 GB CPU)
  ⚡ Timing: matmul=0.16s, sampling=5.70s, total=8.49s
============================================================
Level 76 - SAMPLING
============================================================
  Starting braids: 992591
  Candidates to generate: 5360319
  Processing in 54 chunks...
  Projlen distribution:
    projlen=50: 3 braids
    projlen=51: 7 braids
    projlen=52: 79 braids
    projlen=53: 118 braids
    projlen=54: 963 braids
    projlen=55: 1090 braids
    projlen=56: 15262 braids
    projlen=57: 12989 braids
    projlen=58: 104918 braids
    projlen=59: 74849 braids
    projlen=60: 278718 braids
    projlen=61: 189610 braids
    projlen=62: 349180 braids
    projlen=63: 189628 braids
    projlen=64: 339239 braids
    projlen=65: 194643 braids
    projlen=66: 326625 braids
    projlen=67: 210561 braids
    projlen=68: 315033 braids
    projlen=69: 223092 braids
    projlen=70: 309980 braids
    projlen=71: 229065 braids
    projlen=72: 304706 braids
    projlen=73: 239670 braids
    projlen=74: 294927 braids
    projlen=75: 251552 braids
    projlen=76: 286263 braids
    projlen=77: 257332 braids
    projlen=78: 263937 braids
    projlen=79: 96280 braids
  Braids kept: 1130511 (in 30 buckets, 1.74 GB CPU)
  ⚡ Timing: matmul=0.16s, sampling=5.83s, total=8.68s
============================================================
Level 77 - SAMPLING
============================================================
  Starting braids: 980511
  Candidates to generate: 5290777
  Processing in 53 chunks...
  Projlen distribution:
    projlen=51: 1 braids
    projlen=52: 33 braids
    projlen=53: 61 braids
    projlen=54: 656 braids
    projlen=55: 780 braids
    projlen=56: 6501 braids
    projlen=57: 6214 braids
    projlen=58: 77701 braids
    projlen=59: 58640 braids
    projlen=60: 273282 braids
    projlen=61: 189865 braids
    projlen=62: 355155 braids
    projlen=63: 187796 braids
    projlen=64: 342911 braids
    projlen=65: 188855 braids
    projlen=66: 331597 braids
    projlen=67: 201052 braids
    projlen=68: 320532 braids
    projlen=69: 218032 braids
    projlen=70: 309858 braids
    projlen=71: 231350 braids
    projlen=72: 303390 braids
    projlen=73: 237806 braids
    projlen=74: 298134 braids
    projlen=75: 245158 braids
    projlen=76: 291743 braids
    projlen=77: 252717 braids
    projlen=78: 265563 braids
    projlen=79: 95394 braids
  Braids kept: 1114246 (in 29 buckets, 1.72 GB CPU)
  ⚡ Timing: matmul=0.18s, sampling=5.91s, total=8.77s
============================================================
Level 78 - SAMPLING
============================================================
  Starting braids: 964246
  Candidates to generate: 5196158
  Processing in 52 chunks...
  Projlen distribution:
    projlen=51: 1 braids
    projlen=52: 2 braids
    projlen=53: 25 braids
    projlen=54: 341 braids
    projlen=55: 435 braids
    projlen=56: 4590 braids
    projlen=57: 4315 braids
    projlen=58: 36432 braids
    projlen=59: 29015 braids
    projlen=60: 256291 braids
    projlen=61: 190055 braids
    projlen=62: 356043 braids
    projlen=63: 188126 braids
    projlen=64: 347650 braids
    projlen=65: 183609 braids
    projlen=66: 337500 braids
    projlen=67: 194292 braids
    projlen=68: 325350 braids
    projlen=69: 209734 braids
    projlen=70: 314505 braids
    projlen=71: 226614 braids
    projlen=72: 304673 braids
    projlen=73: 238501 braids
    projlen=74: 297629 braids
    projlen=75: 244767 braids
    projlen=76: 293410 braids
    projlen=77: 248178 braids
    projlen=78: 269518 braids
    projlen=79: 94557 braids
  Braids kept: 1075156 (in 29 buckets, 1.67 GB CPU)
  ⚡ Timing: matmul=0.16s, sampling=5.58s, total=8.36s
============================================================
Level 79 - SAMPLING
============================================================
  Starting braids: 975156
  Candidates to generate: 5248960
  Processing in 53 chunks...
  Projlen distribution:
    projlen=52: 5 braids
    projlen=53: 11 braids
    projlen=54: 117 braids
    projlen=55: 201 braids
    projlen=56: 2644 braids
    projlen=57: 2591 braids
    projlen=58: 27092 braids
    projlen=59: 21974 braids
    projlen=60: 182210 braids
    projlen=61: 126726 braids
    projlen=62: 306663 braids
    projlen=63: 190557 braids
    projlen=64: 348610 braids
    projlen=65: 182181 braids
    projlen=66: 341590 braids
    projlen=67: 186415 braids
    projlen=68: 331887 braids
    projlen=69: 202348 braids
    projlen=70: 319636 braids
    projlen=71: 217539 braids
    projlen=72: 307253 braids
    projlen=73: 233719 braids
    projlen=74: 299599 braids
    projlen=75: 244218 braids
    projlen=76: 293905 braids
    projlen=77: 249595 braids
    projlen=78: 286042 braids
    projlen=79: 240477 braids
    projlen=80: 103155 braids
  Braids kept: 1104635 (in 29 buckets, 1.73 GB CPU)
  ⚡ Timing: matmul=0.16s, sampling=5.74s, total=8.58s
============================================================
Level 80 - SAMPLING
============================================================
  Starting braids: 954635
  Candidates to generate: 5132799
  Processing in 52 chunks...
  Projlen distribution:
    projlen=51: 1 braids
    projlen=52: 5 braids
    projlen=53: 14 braids
    projlen=54: 90 braids
    projlen=55: 120 braids
    projlen=56: 1175 braids
    projlen=57: 1398 braids
    projlen=58: 16527 braids
    projlen=59: 13498 braids
    projlen=60: 137272 braids
    projlen=61: 96384 braids
    projlen=62: 292390 braids
    projlen=63: 189119 braids
    projlen=64: 351279 braids
    projlen=65: 185396 braids
    projlen=66: 342234 braids
    projlen=67: 184844 braids
    projlen=68: 333989 braids
    projlen=69: 192740 braids
    projlen=70: 324701 braids
    projlen=71: 210862 braids
    projlen=72: 315125 braids
    projlen=73: 225828 braids
    projlen=74: 303865 braids
    projlen=75: 240039 braids
    projlen=76: 295568 braids
    projlen=77: 249909 braids
    projlen=78: 286446 braids
    projlen=79: 239627 braids
    projlen=80: 102354 braids
  Braids kept: 1082828 (in 30 buckets, 1.71 GB CPU)
  ⚡ Timing: matmul=0.15s, sampling=5.54s, total=8.31s
============================================================
Level 81 - SAMPLING
============================================================
  Starting braids: 982828
  Candidates to generate: 5286152
  Processing in 53 chunks...
  Projlen distribution:
    projlen=52: 5 braids
    projlen=53: 6 braids
    projlen=54: 77 braids
    projlen=55: 82 braids
    projlen=56: 782 braids
    projlen=57: 883 braids
    projlen=58: 8536 braids
    projlen=59: 7765 braids
    projlen=60: 85006 braids
    projlen=61: 58925 braids
    projlen=62: 274974 braids
    projlen=63: 186839 braids
    projlen=64: 355214 braids
    projlen=65: 186113 braids
    projlen=66: 346343 braids
    projlen=67: 184771 braids
    projlen=68: 337451 braids
    projlen=69: 192345 braids
    projlen=70: 327883 braids
    projlen=71: 201538 braids
    projlen=72: 319137 braids
    projlen=73: 218850 braids
    projlen=74: 309273 braids
    projlen=75: 233717 braids
    projlen=76: 299150 braids
    projlen=77: 245185 braids
    projlen=78: 291031 braids
    projlen=79: 252426 braids
    projlen=80: 266653 braids
    projlen=81: 95192 braids
  Braids kept: 1118136 (in 30 buckets, 1.78 GB CPU)
  ⚡ Timing: matmul=0.28s, sampling=6.01s, total=8.98s
============================================================
Level 82 - SAMPLING
============================================================
  Starting braids: 968136
  Candidates to generate: 5193866
  Processing in 52 chunks...
  Projlen distribution:
    projlen=52: 9 braids
    projlen=53: 5 braids
    projlen=54: 53 braids
    projlen=55: 61 braids
    projlen=56: 553 braids
    projlen=57: 547 braids
    projlen=58: 5532 braids
    projlen=59: 5087 braids
    projlen=60: 47539 braids
    projlen=61: 35709 braids
    projlen=62: 263385 braids
    projlen=63: 180695 braids
    projlen=64: 358756 braids
    projlen=65: 184004 braids
    projlen=66: 348469 braids
    projlen=67: 181696 braids
    projlen=68: 338476 braids
    projlen=69: 188748 braids
    projlen=70: 330545 braids
    projlen=71: 200406 braids
    projlen=72: 322191 braids
    projlen=73: 211349 braids
    projlen=74: 314379 braids
    projlen=75: 225787 braids
    projlen=76: 304007 braids
    projlen=77: 240831 braids
    projlen=78: 294972 braids
    projlen=79: 247562 braids
    projlen=80: 268581 braids
    projlen=81: 93932 braids
  Braids kept: 1095095 (in 30 buckets, 1.75 GB CPU)
  ⚡ Timing: matmul=0.16s, sampling=5.71s, total=8.54s
============================================================
Level 83 - SAMPLING
============================================================
  Starting braids: 995095
  Candidates to generate: 5343419
  Processing in 54 chunks...
  Projlen distribution:
    projlen=51: 2 braids
    projlen=52: 8 braids
    projlen=53: 10 braids
    projlen=54: 54 braids
    projlen=55: 42 braids
    projlen=56: 406 braids
    projlen=57: 411 braids
    projlen=58: 3690 braids
    projlen=59: 3275 braids
    projlen=60: 32698 braids
    projlen=61: 25921 braids
    projlen=62: 235797 braids
    projlen=63: 157364 braids
    projlen=64: 327270 braids
    projlen=65: 179221 braids
    projlen=66: 354069 braids
    projlen=67: 177353 braids
    projlen=68: 343031 braids
    projlen=69: 185454 braids
    projlen=70: 332874 braids
    projlen=71: 197069 braids
    projlen=72: 324398 braids
    projlen=73: 208482 braids
    projlen=74: 316145 braids
    projlen=75: 220395 braids
    projlen=76: 308262 braids
    projlen=77: 233450 braids
    projlen=78: 299372 braids
    projlen=79: 246770 braids
    projlen=80: 287940 braids
    projlen=81: 239380 braids
    projlen=82: 102806 braids
  Braids kept: 1116517 (in 32 buckets, 1.81 GB CPU)
  ⚡ Timing: matmul=0.15s, sampling=5.95s, total=8.87s
============================================================
Level 84 - SAMPLING
============================================================
  Starting braids: 966517
  Candidates to generate: 5171893
  Processing in 52 chunks...
  Projlen distribution:
    projlen=52: 10 braids
    projlen=53: 11 braids
    projlen=54: 63 braids
    projlen=55: 52 braids
    projlen=56: 332 braids
    projlen=57: 291 braids
    projlen=58: 2718 braids
    projlen=59: 2438 braids
    projlen=60: 22121 braids
    projlen=61: 16958 braids
    projlen=62: 164159 braids
    projlen=63: 112148 braids
    projlen=64: 302872 braids
    projlen=65: 183442 braids
    projlen=66: 356951 braids
    projlen=67: 172182 braids
    projlen=68: 348613 braids
    projlen=69: 177733 braids
    projlen=70: 337554 braids
    projlen=71: 191395 braids
    projlen=72: 326042 braids
    projlen=73: 205799 braids
    projlen=74: 317831 braids
    projlen=75: 217899 braids
    projlen=76: 309618 braids
    projlen=77: 227853 braids
    projlen=78: 302868 braids
    projlen=79: 240099 braids
    projlen=80: 292088 braids
    projlen=81: 236393 braids
    projlen=82: 103360 braids
  Braids kept: 1094994 (in 31 buckets, 1.78 GB CPU)
  ⚡ Timing: matmul=0.16s, sampling=5.78s, total=8.59s
============================================================
Level 85 - SAMPLING
============================================================
  Starting braids: 994994
  Candidates to generate: 5321162
  Processing in 54 chunks...
  Projlen distribution:
    projlen=52: 3 braids
    projlen=53: 6 braids
    projlen=54: 77 braids
    projlen=55: 64 braids
    projlen=56: 373 braids
    projlen=57: 295 braids
    projlen=58: 2028 braids
    projlen=59: 1736 braids
    projlen=60: 16272 braids
    projlen=61: 12770 braids
    projlen=62: 111250 braids
    projlen=63: 74031 braids
    projlen=64: 283314 braids
    projlen=65: 184315 braids
    projlen=66: 356911 braids
    projlen=67: 177637 braids
    projlen=68: 351283 braids
    projlen=69: 170116 braids
    projlen=70: 342712 braids
    projlen=71: 181823 braids
    projlen=72: 331961 braids
    projlen=73: 199469 braids
    projlen=74: 321758 braids
    projlen=75: 215520 braids
    projlen=76: 311777 braids
    projlen=77: 226148 braids
    projlen=78: 304837 braids
    projlen=79: 236223 braids
    projlen=80: 296992 braids
    projlen=81: 244053 braids
    projlen=82: 271563 braids
    projlen=83: 93845 braids
  Braids kept: 1133624 (in 32 buckets, 1.86 GB CPU)
  ⚡ Timing: matmul=0.16s, sampling=6.12s, total=9.05s
============================================================
Level 86 - SAMPLING
============================================================
  Starting braids: 983624
  Candidates to generate: 5246146
  Processing in 53 chunks...
  Projlen distribution:
    projlen=53: 2 braids
    projlen=54: 31 braids
    projlen=55: 44 braids
    projlen=56: 446 braids
    projlen=57: 369 braids
    projlen=58: 2183 braids
    projlen=59: 1609 braids
    projlen=60: 11828 braids
    projlen=61: 9214 braids
    projlen=62: 82952 braids
    projlen=63: 56839 braids
    projlen=64: 274069 braids
    projlen=65: 179035 braids
    projlen=66: 359883 braids
    projlen=67: 179797 braids
    projlen=68: 350889 braids
    projlen=69: 173123 braids
    projlen=70: 345212 braids
    projlen=71: 172211 braids
    projlen=72: 337849 braids
    projlen=73: 187289 braids
    projlen=74: 326703 braids
    projlen=75: 207044 braids
    projlen=76: 316076 braids
    projlen=77: 223582 braids
    projlen=78: 307372 braids
    projlen=79: 235177 braids
    projlen=80: 299136 braids
    projlen=81: 240705 braids
    projlen=82: 272605 braids
    projlen=83: 92872 braids
  Braids kept: 1125726 (in 31 buckets, 1.86 GB CPU)
  ⚡ Timing: matmul=0.20s, sampling=6.05s, total=9.00s
============================================================
Level 87 - SAMPLING
============================================================
  Starting braids: 975726
  Candidates to generate: 5194826
  Processing in 52 chunks...
  Projlen distribution:
    projlen=54: 12 braids
    projlen=55: 21 braids
    projlen=56: 246 braids
    projlen=57: 227 braids
    projlen=58: 2509 braids
    projlen=59: 1875 braids
    projlen=60: 12231 braids
    projlen=61: 8279 braids
    projlen=62: 61734 braids
    projlen=63: 42994 braids
    projlen=64: 265089 braids
    projlen=65: 179523 braids
    projlen=66: 359727 braids
    projlen=67: 176089 braids
    projlen=68: 354410 braids
    projlen=69: 172555 braids
    projlen=70: 346586 braids
    projlen=71: 175631 braids
    projlen=72: 340084 braids
    projlen=73: 178025 braids
    projlen=74: 333705 braids
    projlen=75: 194220 braids
    projlen=76: 322624 braids
    projlen=77: 216309 braids
    projlen=78: 310934 braids
    projlen=79: 231236 braids
    projlen=80: 301203 braids
    projlen=81: 239380 braids
    projlen=82: 274644 braids
    projlen=83: 92724 braids
  Braids kept: 1118394 (in 30 buckets, 1.85 GB CPU)
  ⚡ Timing: matmul=0.22s, sampling=5.94s, total=8.85s
============================================================
Level 88 - SAMPLING
============================================================
  Starting braids: 968394
  Candidates to generate: 5146508
  Processing in 52 chunks...
  Projlen distribution:
    projlen=54: 5 braids
    projlen=55: 9 braids
    projlen=56: 128 braids
    projlen=57: 159 braids
    projlen=58: 1566 braids
    projlen=59: 1230 braids
    projlen=60: 13402 braids
    projlen=61: 9297 braids
    projlen=62: 63191 braids
    projlen=63: 40093 braids
    projlen=64: 256089 braids
    projlen=65: 170498 braids
    projlen=66: 340942 braids
    projlen=67: 178717 braids
    projlen=68: 354572 braids
    projlen=69: 167233 braids
    projlen=70: 349882 braids
    projlen=71: 173195 braids
    projlen=72: 342122 braids
    projlen=73: 181255 braids
    projlen=74: 334600 braids
    projlen=75: 185519 braids
    projlen=76: 328560 braids
    projlen=77: 202657 braids
    projlen=78: 317775 braids
    projlen=79: 224242 braids
    projlen=80: 305304 braids
    projlen=81: 236201 braids
    projlen=82: 276161 braids
    projlen=83: 91904 braids
  Braids kept: 1115889 (in 30 buckets, 1.85 GB CPU)
  ⚡ Timing: matmul=0.15s, sampling=5.88s, total=8.70s
============================================================
Level 89 - SAMPLING
============================================================
  Starting braids: 965889
  Candidates to generate: 5113393
  Processing in 52 chunks...
  Projlen distribution:
    projlen=54: 6 braids
    projlen=55: 6 braids
    projlen=56: 57 braids
    projlen=57: 62 braids
    projlen=58: 917 braids
    projlen=59: 903 braids
    projlen=60: 8884 braids
    projlen=61: 6491 braids
    projlen=62: 67681 braids
    projlen=63: 44272 braids
    projlen=64: 254670 braids
    projlen=65: 156274 braids
    projlen=66: 334010 braids
    projlen=67: 182223 braids
    projlen=68: 353426 braids
    projlen=69: 171270 braids
    projlen=70: 349754 braids
    projlen=71: 166158 braids
    projlen=72: 344312 braids
    projlen=73: 176541 braids
    projlen=74: 336195 braids
    projlen=75: 188790 braids
    projlen=76: 329841 braids
    projlen=77: 195030 braids
    projlen=78: 323509 braids
    projlen=79: 210476 braids
    projlen=80: 312102 braids
    projlen=81: 229343 braids
    projlen=82: 279102 braids
    projlen=83: 91088 braids
  Braids kept: 1111598 (in 30 buckets, 1.85 GB CPU)
  ⚡ Timing: matmul=0.19s, sampling=5.88s, total=8.73s
============================================================
Level 90 - SAMPLING
============================================================
  Starting braids: 961598
  Candidates to generate: 5075268
  Processing in 51 chunks...
  Projlen distribution:
    projlen=55: 3 braids
    projlen=56: 51 braids
    projlen=57: 43 braids
    projlen=58: 438 braids
    projlen=59: 411 braids
    projlen=60: 5535 braids
    projlen=61: 4838 braids
    projlen=62: 46078 braids
    projlen=63: 31175 braids
    projlen=64: 253567 braids
    projlen=65: 163432 braids
    projlen=66: 345278 braids
    projlen=67: 172363 braids
    projlen=68: 355474 braids
    projlen=69: 175040 braids
    projlen=70: 348367 braids
    projlen=71: 170461 braids
    projlen=72: 344959 braids
    projlen=73: 169574 braids
    projlen=74: 339885 braids
    projlen=75: 181975 braids
    projlen=76: 331321 braids
    projlen=77: 196663 braids
    projlen=78: 324681 braids
    projlen=79: 205884 braids
    projlen=80: 317609 braids
    projlen=81: 216806 braids
    projlen=82: 284413 braids
    projlen=83: 88944 braids
  Braids kept: 1088572 (in 29 buckets, 1.82 GB CPU)
  ⚡ Timing: matmul=0.17s, sampling=5.73s, total=8.53s
============================================================
Level 91 - SAMPLING
============================================================
  Starting braids: 988572
  Candidates to generate: 5207670
  Processing in 53 chunks...
  Projlen distribution:
    projlen=56: 16 braids
    projlen=57: 27 braids
    projlen=58: 320 braids
    projlen=59: 274 braids
    projlen=60: 2803 braids
    projlen=61: 2514 braids
    projlen=62: 30396 braids
    projlen=63: 23971 braids
    projlen=64: 220442 braids
    projlen=65: 137361 braids
    projlen=66: 315171 braids
    projlen=67: 173149 braids
    projlen=68: 358008 braids
    projlen=69: 163322 braids
    projlen=70: 351012 braids
    projlen=71: 171998 braids
    projlen=72: 343896 braids
    projlen=73: 174434 braids
    projlen=74: 339656 braids
    projlen=75: 174638 braids
    projlen=76: 336632 braids
    projlen=77: 189039 braids
    projlen=78: 327483 braids
    projlen=79: 205758 braids
    projlen=80: 318551 braids
    projlen=81: 214656 braids
    projlen=82: 308214 braids
    projlen=83: 215632 braids
    projlen=84: 108297 braids
  Braids kept: 1110321 (in 29 buckets, 1.87 GB CPU)
  ⚡ Timing: matmul=0.15s, sampling=6.08s, total=9.01s
============================================================
Level 92 - SAMPLING
============================================================
  Starting braids: 960321
  Candidates to generate: 5050611
  Processing in 51 chunks...
  Projlen distribution:
    projlen=55: 1 braids
    projlen=56: 5 braids
    projlen=57: 14 braids
    projlen=58: 143 braids
    projlen=59: 202 braids
    projlen=60: 1876 braids
    projlen=61: 1658 braids
    projlen=62: 16510 braids
    projlen=63: 13218 braids
    projlen=64: 147517 braids
    projlen=65: 102583 braids
    projlen=66: 297131 braids
    projlen=67: 176002 braids
    projlen=68: 360435 braids
    projlen=69: 166401 braids
    projlen=70: 355368 braids
    projlen=71: 159552 braids
    projlen=72: 346498 braids
    projlen=73: 173614 braids
    projlen=74: 339108 braids
    projlen=75: 181099 braids
    projlen=76: 335114 braids
    projlen=77: 182610 braids
    projlen=78: 331999 braids
    projlen=79: 197079 braids
    projlen=80: 321600 braids
    projlen=81: 213653 braids
    projlen=82: 308750 braids
    projlen=83: 213356 braids
    projlen=84: 107515 braids
  Braids kept: 1083627 (in 30 buckets, 1.84 GB CPU)
  ⚡ Timing: matmul=0.16s, sampling=5.86s, total=8.69s
============================================================
Level 93 - SAMPLING
============================================================
  Starting braids: 983627
  Candidates to generate: 5186395
  Processing in 52 chunks...
  Projlen distribution:
    projlen=56: 4 braids
    projlen=57: 4 braids
    projlen=58: 72 braids
    projlen=59: 103 braids
    projlen=60: 1118 braids
    projlen=61: 1145 braids
    projlen=62: 11116 braids
    projlen=63: 8540 braids
    projlen=64: 83979 braids
    projlen=65: 58647 braids
    projlen=66: 270536 braids
    projlen=67: 184720 braids
    projlen=68: 356178 braids
    projlen=69: 171369 braids
    projlen=70: 355079 braids
    projlen=71: 159663 braids
    projlen=72: 352381 braids
    projlen=73: 159548 braids
    projlen=74: 343810 braids
    projlen=75: 178295 braids
    projlen=76: 335044 braids
    projlen=77: 189081 braids
    projlen=78: 330127 braids
    projlen=79: 191987 braids
    projlen=80: 326823 braids
    projlen=81: 205575 braids
    projlen=82: 315740 braids
    projlen=83: 221162 braids
    projlen=84: 284368 braids
    projlen=85: 90181 braids
  Braids kept: 1122102 (in 30 buckets, 1.92 GB CPU)
  ⚡ Timing: matmul=0.16s, sampling=6.21s, total=9.15s
============================================================
Level 94 - SAMPLING
============================================================
  Starting braids: 972102
  Candidates to generate: 5120060
  Processing in 52 chunks...
  Projlen distribution:
    projlen=56: 3 braids
    projlen=57: 3 braids
    projlen=58: 40 braids
    projlen=59: 52 braids
    projlen=60: 609 braids
    projlen=61: 692 braids
    projlen=62: 7401 braids
    projlen=63: 6089 braids
    projlen=64: 56979 braids
    projlen=65: 38955 braids
    projlen=66: 263195 braids
    projlen=67: 184265 braids
    projlen=68: 356505 braids
    projlen=69: 183565 braids
    projlen=70: 351251 braids
    projlen=71: 166601 braids
    projlen=72: 350923 braids
    projlen=73: 158750 braids
    projlen=74: 348724 braids
    projlen=75: 160262 braids
    projlen=76: 340133 braids
    projlen=77: 183179 braids
    projlen=78: 330030 braids
    projlen=79: 198542 braids
    projlen=80: 324640 braids
    projlen=81: 202746 braids
    projlen=82: 319271 braids
    projlen=83: 211896 braids
    projlen=84: 286723 braids
    projlen=85: 88036 braids
  Braids kept: 1103844 (in 30 buckets, 1.90 GB CPU)
  ⚡ Timing: matmul=0.14s, sampling=6.12s, total=9.01s
============================================================
Level 95 - SAMPLING
============================================================
  Starting braids: 953844
  Candidates to generate: 5022324
  Processing in 51 chunks...
  Projlen distribution:
    projlen=58: 26 braids
    projlen=59: 38 braids
    projlen=60: 327 braids
    projlen=61: 388 braids
    projlen=62: 4196 braids
    projlen=63: 3857 braids
    projlen=64: 40809 braids
    projlen=65: 29374 braids
    projlen=66: 247294 braids
    projlen=67: 158257 braids
    projlen=68: 332379 braids
    projlen=69: 183725 braids
    projlen=70: 350276 braids
    projlen=71: 177377 braids
    projlen=72: 346361 braids
    projlen=73: 168151 braids
    projlen=74: 346364 braids
    projlen=75: 160134 braids
    projlen=76: 345744 braids
    projlen=77: 162229 braids
    projlen=78: 338167 braids
    projlen=79: 190059 braids
    projlen=80: 325338 braids
    projlen=81: 208263 braids
    projlen=82: 317017 braids
    projlen=83: 210944 braids
    projlen=84: 288390 braids
    projlen=85: 86840 braids
  Braids kept: 1079015 (in 28 buckets, 1.86 GB CPU)
  ⚡ Timing: matmul=0.14s, sampling=5.92s, total=8.73s
============================================================
Level 96 - SAMPLING
============================================================
  Starting braids: 979015
  Candidates to generate: 5145541
  Processing in 52 chunks...
  Projlen distribution:
    projlen=56: 1 braids
    projlen=57: 1 braids
    projlen=58: 5 braids
    projlen=59: 17 braids
    projlen=60: 215 braids
    projlen=61: 265 braids
    projlen=62: 2422 braids
    projlen=63: 2361 braids
    projlen=64: 24404 braids
    projlen=65: 19383 braids
    projlen=66: 199277 braids
    projlen=67: 127425 braids
    projlen=68: 310760 braids
    projlen=69: 175609 braids
    projlen=70: 356895 braids
    projlen=71: 176928 braids
    projlen=72: 344946 braids
    projlen=73: 179033 braids
    projlen=74: 340203 braids
    projlen=75: 173171 braids
    projlen=76: 341860 braids
    projlen=77: 163489 braids
    projlen=78: 343567 braids
    projlen=79: 166155 braids
    projlen=80: 335117 braids
    projlen=81: 196546 braids
    projlen=82: 320479 braids
    projlen=83: 216777 braids
    projlen=84: 307306 braids
    projlen=85: 212823 braids
    projlen=86: 108101 braids
  Braids kept: 1099074 (in 31 buckets, 1.92 GB CPU)
  ⚡ Timing: matmul=0.17s, sampling=6.11s, total=9.07s
============================================================
Level 97 - SAMPLING
============================================================
  Starting braids: 999074
  Candidates to generate: 5256396
  Processing in 53 chunks...
  Projlen distribution:
    projlen=55: 1 braids
    projlen=56: 2 braids
    projlen=57: 4 braids
    projlen=58: 7 braids
    projlen=59: 19 braids
    projlen=60: 85 braids
    projlen=61: 154 braids
    projlen=62: 1584 braids
    projlen=63: 1538 braids
    projlen=64: 15268 braids
    projlen=65: 12474 braids
    projlen=66: 120399 braids
    projlen=67: 82296 braids
    projlen=68: 287357 braids
    projlen=69: 176254 braids
    projlen=70: 359150 braids
    projlen=71: 168368 braids
    projlen=72: 351476 braids
    projlen=73: 174848 braids
    projlen=74: 340828 braids
    projlen=75: 184847 braids
    projlen=76: 334953 braids
    projlen=77: 180737 braids
    projlen=78: 338053 braids
    projlen=79: 168862 braids
    projlen=80: 340295 braids
    projlen=81: 170776 braids
    projlen=82: 332799 braids
    projlen=83: 203135 braids
    projlen=84: 314120 braids
    projlen=85: 223237 braids
    projlen=86: 282480 braids
    projlen=87: 89990 braids
  Braids kept: 1131136 (in 33 buckets, 1.99 GB CPU)
  ⚡ Timing: matmul=0.16s, sampling=6.41s, total=9.42s
============================================================
Level 98 - SAMPLING
============================================================
  Starting braids: 981136
  Candidates to generate: 5157728
  Processing in 52 chunks...
  Projlen distribution:
    projlen=55: 1 braids
    projlen=56: 2 braids
    projlen=57: 4 braids
    projlen=58: 22 braids
    projlen=59: 14 braids
    projlen=60: 95 braids
    projlen=61: 101 braids
    projlen=62: 836 braids
    projlen=63: 957 braids
    projlen=64: 10013 braids
    projlen=65: 8019 braids
    projlen=66: 79110 braids
    projlen=67: 54978 braids
    projlen=68: 269432 braids
    projlen=69: 181213 braids
    projlen=70: 357912 braids
    projlen=71: 171676 braids
    projlen=72: 354213 braids
    projlen=73: 161642 braids
    projlen=74: 346407 braids
    projlen=75: 176108 braids
    projlen=76: 335180 braids
    projlen=77: 192382 braids
    projlen=78: 330219 braids
    projlen=79: 191264 braids
    projlen=80: 332294 braids
    projlen=81: 175976 braids
    projlen=82: 336831 braids
    projlen=83: 178235 braids
    projlen=84: 327930 braids
    projlen=85: 208323 braids
    projlen=86: 288187 braids
    projlen=87: 88152 braids
  Braids kept: 1120064 (in 33 buckets, 1.98 GB CPU)
  ⚡ Timing: matmul=0.15s, sampling=6.21s, total=9.14s
============================================================
Level 99 - SAMPLING
============================================================
  Starting braids: 970064
  Candidates to generate: 5109826
  Processing in 52 chunks...
  Projlen distribution:
    projlen=55: 1 braids
    projlen=56: 2 braids
    projlen=57: 4 braids
    projlen=58: 22 braids
    projlen=59: 15 braids
    projlen=60: 143 braids
    projlen=61: 92 braids
    projlen=62: 729 braids
    projlen=63: 661 braids
    projlen=64: 5846 braids
    projlen=65: 5337 braids
    projlen=66: 52797 braids
    projlen=67: 37310 braids
    projlen=68: 263922 braids
    projlen=69: 181535 braids
    projlen=70: 358539 braids
    projlen=71: 180491 braids
    projlen=72: 353503 braids
    projlen=73: 164244 braids
    projlen=74: 351246 braids
    projlen=75: 161581 braids
    projlen=76: 341905 braids
    projlen=77: 180477 braids
    projlen=78: 330291 braids
    projlen=79: 199731 braids
    projlen=80: 323797 braids
    projlen=81: 202757 braids
    projlen=82: 326683 braids
    projlen=83: 186613 braids
    projlen=84: 331534 braids
    projlen=85: 185106 braids
    projlen=86: 298697 braids
    projlen=87: 84215 braids
  Braids kept: 1100162 (in 33 buckets, 1.95 GB CPU)
  ⚡ Timing: matmul=0.14s, sampling=6.24s, total=9.15s
============================================================
Level 100 - SAMPLING
============================================================
  Starting braids: 950162
  Candidates to generate: 5021994
  Processing in 51 chunks...
  Projlen distribution:
    projlen=56: 3 braids
    projlen=57: 4 braids
    projlen=58: 22 braids
    projlen=59: 15 braids
    projlen=60: 131 braids
    projlen=61: 95 braids
    projlen=62: 783 braids
    projlen=63: 564 braids
    projlen=64: 4743 braids
    projlen=65: 3848 braids
    projlen=66: 33579 braids
    projlen=67: 26713 braids
    projlen=68: 245176 braids
    projlen=69: 158858 braids
    projlen=70: 329059 braids
    projlen=71: 180179 braids
    projlen=72: 353286 braids
    projlen=73: 172129 braids
    projlen=74: 348711 braids
    projlen=75: 164213 braids
    projlen=76: 346819 braids
    projlen=77: 163436 braids
    projlen=78: 339946 braids
    projlen=79: 186703 braids
    projlen=80: 326454 braids
    projlen=81: 208393 braids
    projlen=82: 317737 braids
    projlen=83: 213270 braids
    projlen=84: 319643 braids
    projlen=85: 197778 braids
    projlen=86: 295287 braids
    projlen=87: 84417 braids
  Braids kept: 1070500 (in 32 buckets, 1.91 GB CPU)
  ⚡ Timing: matmul=0.14s, sampling=6.00s, total=8.87s
============================================================
Level 101 - SAMPLING
============================================================
  Starting braids: 970500
  Candidates to generate: 5115026
  Processing in 52 chunks...
  Projlen distribution:
    projlen=57: 1 braids
    projlen=58: 24 braids
    projlen=59: 21 braids
    projlen=60: 119 braids
    projlen=61: 83 braids
    projlen=62: 718 braids
    projlen=63: 540 braids
    projlen=64: 4339 braids
    projlen=65: 3183 braids
    projlen=66: 27156 braids
    projlen=67: 20180 braids
    projlen=68: 166232 braids
    projlen=69: 114349 braids
    projlen=70: 304323 braids
    projlen=71: 179143 braids
    projlen=72: 355988 braids
    projlen=73: 172077 braids
    projlen=74: 349234 braids
    projlen=75: 173170 braids
    projlen=76: 343768 braids
    projlen=77: 168012 braids
    projlen=78: 343054 braids
    projlen=79: 166569 braids
    projlen=80: 336466 braids
    projlen=81: 193277 braids
    projlen=82: 322000 braids
    projlen=83: 216805 braids
    projlen=84: 311744 braids
    projlen=85: 222424 braids
    projlen=86: 308183 braids
    projlen=87: 203346 braids
    projlen=88: 108498 braids
  Braids kept: 1106364 (in 32 buckets, 1.99 GB CPU)
  ⚡ Timing: matmul=0.15s, sampling=6.21s, total=9.16s
============================================================
Level 102 - SAMPLING
============================================================
  Starting braids: 956364
  Candidates to generate: 5041736
  Processing in 51 chunks...
  Projlen distribution:
    projlen=58: 3 braids
    projlen=59: 8 braids
    projlen=60: 136 braids
    projlen=61: 108 braids
    projlen=62: 653 braids
    projlen=63: 449 braids
    projlen=64: 3985 braids
    projlen=65: 2958 braids
    projlen=66: 23477 braids
    projlen=67: 16213 braids
    projlen=68: 134796 braids
    projlen=69: 88117 braids
    projlen=70: 286216 braids
    projlen=71: 185753 braids
    projlen=72: 356109 braids
    projlen=73: 173335 braids
    projlen=74: 351724 braids
    projlen=75: 169342 braids
    projlen=76: 343390 braids
    projlen=77: 176540 braids
    projlen=78: 340544 braids
    projlen=79: 174329 braids
    projlen=80: 339767 braids
    projlen=81: 171769 braids
    projlen=82: 332810 braids
    projlen=83: 200002 braids
    projlen=84: 317606 braids
    projlen=85: 224022 braids
    projlen=86: 301425 braids
    projlen=87: 220687 braids
    projlen=88: 105463 braids
  Braids kept: 1097990 (in 31 buckets, 1.98 GB CPU)
  ⚡ Timing: matmul=0.14s, sampling=6.21s, total=9.16s
============================================================
Level 103 - SAMPLING
============================================================
  Starting braids: 997990
  Candidates to generate: 5270432
  Processing in 53 chunks...
  Projlen distribution:
    projlen=59: 3 braids
    projlen=60: 42 braids
    projlen=61: 47 braids
    projlen=62: 730 braids
    projlen=63: 535 braids
    projlen=64: 3590 braids
    projlen=65: 2438 braids
    projlen=66: 21601 braids
    projlen=67: 14911 braids
    projlen=68: 115973 braids
    projlen=69: 72718 braids
    projlen=70: 279952 braids
    projlen=71: 178580 braids
    projlen=72: 354893 braids
    projlen=73: 182636 braids
    projlen=74: 350655 braids
    projlen=75: 168863 braids
    projlen=76: 346662 braids
    projlen=77: 171472 braids
    projlen=78: 338363 braids
    projlen=79: 182468 braids
    projlen=80: 335710 braids
    projlen=81: 182276 braids
    projlen=82: 335075 braids
    projlen=83: 178903 braids
    projlen=84: 329855 braids
    projlen=85: 207772 braids
    projlen=86: 313027 braids
    projlen=87: 229572 braids
    projlen=88: 279210 braids
    projlen=89: 91900 braids
  Braids kept: 1143897 (in 31 buckets, 2.08 GB CPU)
  ⚡ Timing: matmul=0.16s, sampling=6.51s, total=9.57s
============================================================
Level 104 - SAMPLING
============================================================
  Starting braids: 993897
  Candidates to generate: 5241681
  Processing in 53 chunks...
  Projlen distribution:
    projlen=61: 28 braids
    projlen=62: 304 braids
    projlen=63: 254 braids
    projlen=64: 3815 braids
    projlen=65: 2746 braids
    projlen=66: 19354 braids
    projlen=67: 12720 braids
    projlen=68: 107575 braids
    projlen=69: 67960 braids
    projlen=70: 278750 braids
    projlen=71: 173723 braids
    projlen=72: 358770 braids
    projlen=73: 176326 braids
    projlen=74: 350839 braids
    projlen=75: 176996 braids
    projlen=76: 344720 braids
    projlen=77: 171186 braids
    projlen=78: 341784 braids
    projlen=79: 176622 braids
    projlen=80: 333526 braids
    projlen=81: 190736 braids
    projlen=82: 330428 braids
    projlen=83: 191712 braids
    projlen=84: 329691 braids
    projlen=85: 188540 braids
    projlen=86: 324371 braids
    projlen=87: 212482 braids
    projlen=88: 286870 braids
    projlen=89: 88853 braids
  Braids kept: 1139221 (in 29 buckets, 2.08 GB CPU)
  ⚡ Timing: matmul=0.15s, sampling=6.52s, total=9.57s
============================================================
Level 105 - SAMPLING
============================================================
  Starting braids: 989221
  Candidates to generate: 5214309
  Processing in 53 chunks...
  Projlen distribution:
    projlen=61: 3 braids
    projlen=62: 12 braids
    projlen=63: 199 braids
    projlen=64: 1721 braids
    projlen=65: 1463 braids
    projlen=66: 19750 braids
    projlen=67: 13696 braids
    projlen=68: 97765 braids
    projlen=69: 59953 braids
    projlen=70: 275326 braids
    projlen=71: 173436 braids
    projlen=72: 361299 braids
    projlen=73: 171369 braids
    projlen=74: 355166 braids
    projlen=75: 168338 braids
    projlen=76: 345534 braids
    projlen=77: 178348 braids
    projlen=78: 338939 braids
    projlen=79: 176902 braids
    projlen=80: 336291 braids
    projlen=81: 182782 braids
    projlen=82: 329908 braids
    projlen=83: 199629 braids
    projlen=84: 323957 braids
    projlen=85: 202575 braids
    projlen=86: 323035 braids
    projlen=87: 197383 braids
    projlen=88: 294442 braids
    projlen=89: 85088 braids
  Braids kept: 1136844 (in 29 buckets, 2.08 GB CPU)
  ⚡ Timing: matmul=0.16s, sampling=6.49s, total=9.56s
============================================================
Level 106 - SAMPLING
============================================================
  Starting braids: 986844
  Candidates to generate: 5204340
  Processing in 53 chunks...
  Projlen distribution:
    projlen=62: 14 braids
    projlen=63: 22 braids
    projlen=64: 152 braids
    projlen=65: 1164 braids
    projlen=66: 9373 braids
    projlen=67: 7958 braids
    projlen=68: 97286 braids
    projlen=69: 63445 braids
    projlen=70: 278634 braids
    projlen=71: 172569 braids
    projlen=72: 362052 braids
    projlen=73: 170400 braids
    projlen=74: 356757 braids
    projlen=75: 162446 braids
    projlen=76: 350916 braids
    projlen=77: 167283 braids
    projlen=78: 341143 braids
    projlen=79: 183812 braids
    projlen=80: 334470 braids
    projlen=81: 185234 braids
    projlen=82: 330816 braids
    projlen=83: 190928 braids
    projlen=84: 324539 braids
    projlen=85: 208729 braids
    projlen=86: 317045 braids
    projlen=87: 211466 braids
    projlen=88: 288618 braids
    projlen=89: 87069 braids
  Braids kept: 1118683 (in 28 buckets, 2.06 GB CPU)
  ⚡ Timing: matmul=0.21s, sampling=6.55s, total=9.72s
============================================================
Level 107 - SAMPLING
============================================================
  Starting braids: 968683
  Candidates to generate: 5100953
  Processing in 52 chunks...
  Projlen distribution:
    projlen=63: 4 braids
    projlen=64: 137 braids
    projlen=65: 180 braids
    projlen=66: 1345 braids
    projlen=67: 6185 braids
    projlen=68: 47408 braids
    projlen=69: 38000 braids
    projlen=70: 264311 braids
    projlen=71: 175477 braids
    projlen=72: 363372 braids
    projlen=73: 169919 braids
    projlen=74: 357891 braids
    projlen=75: 160384 braids
    projlen=76: 353850 braids
    projlen=77: 160338 braids
    projlen=78: 346769 braids
    projlen=79: 169369 braids
    projlen=80: 337520 braids
    projlen=81: 190010 braids
    projlen=82: 328966 braids
    projlen=83: 194936 braids
    projlen=84: 325472 braids
    projlen=85: 200424 braids
    projlen=86: 319086 braids
    projlen=87: 215189 braids
    projlen=88: 286018 braids
    projlen=89: 88393 braids
  Braids kept: 1093259 (in 27 buckets, 2.02 GB CPU)
  ⚡ Timing: matmul=0.14s, sampling=6.31s, total=9.35s
============================================================
Level 108 - SAMPLING
============================================================
  Starting braids: 993259
  Candidates to generate: 5224243
  Processing in 53 chunks...
  Projlen distribution:
    projlen=63: 1 braids
    projlen=64: 14 braids
    projlen=65: 50 braids
    projlen=66: 1037 braids
    projlen=67: 1161 braids
    projlen=68: 8693 braids
    projlen=69: 30825 braids
    projlen=70: 226460 braids
    projlen=71: 174321 braids
    projlen=72: 329786 braids
    projlen=73: 173770 braids
    projlen=74: 358347 braids
    projlen=75: 160424 braids
    projlen=76: 355072 braids
    projlen=77: 157466 braids
    projlen=78: 350680 braids
    projlen=79: 159978 braids
    projlen=80: 343827 braids
    projlen=81: 173196 braids
    projlen=82: 333967 braids
    projlen=83: 196987 braids
    projlen=84: 322996 braids
    projlen=85: 205407 braids
    projlen=86: 319086 braids
    projlen=87: 209556 braids
    projlen=88: 309106 braids
    projlen=89: 213556 braids
    projlen=90: 108474 braids
  Braids kept: 1091781 (in 28 buckets, 2.04 GB CPU)
  ⚡ Timing: matmul=0.15s, sampling=6.50s, total=9.62s
============================================================
Level 109 - SAMPLING
============================================================
  Starting braids: 991781
  Candidates to generate: 5228051
  Processing in 53 chunks...
  Projlen distribution:
    projlen=64: 7 braids
    projlen=65: 22 braids
    projlen=66: 241 braids
    projlen=67: 433 braids
    projlen=68: 6284 braids
    projlen=69: 6453 braids
    projlen=70: 43944 braids
    projlen=71: 128212 braids
    projlen=72: 293613 braids
    projlen=73: 207294 braids
    projlen=74: 349322 braids
    projlen=75: 167972 braids
    projlen=76: 354383 braids
    projlen=77: 156845 braids
    projlen=78: 351449 braids
    projlen=79: 156923 braids
    projlen=80: 347894 braids
    projlen=81: 161033 braids
    projlen=82: 341074 braids
    projlen=83: 178651 braids
    projlen=84: 329684 braids
    projlen=85: 205104 braids
    projlen=86: 318410 braids
    projlen=87: 216891 braids
    projlen=88: 312463 braids
    projlen=89: 218973 braids
    projlen=90: 285157 braids
    projlen=91: 89320 braids
  Braids kept: 1107384 (in 28 buckets, 2.09 GB CPU)
  ⚡ Timing: matmul=0.14s, sampling=6.65s, total=9.81s
============================================================
Level 110 - SAMPLING
============================================================
  Starting braids: 957384
  Candidates to generate: 5067228
  Processing in 51 chunks...
  Projlen distribution:
    projlen=64: 3 braids
    projlen=65: 13 braids
    projlen=66: 122 braids
    projlen=67: 210 braids
    projlen=68: 2028 braids
    projlen=69: 2843 braids
    projlen=70: 32775 braids
    projlen=71: 30335 braids
    projlen=72: 196021 braids
    projlen=73: 268003 braids
    projlen=74: 317709 braids
    projlen=75: 214752 braids
    projlen=76: 342714 braids
    projlen=77: 168710 braids
    projlen=78: 349995 braids
    projlen=79: 156286 braids
    projlen=80: 349258 braids
    projlen=81: 157310 braids
    projlen=82: 345973 braids
    projlen=83: 162855 braids
    projlen=84: 337459 braids
    projlen=85: 184826 braids
    projlen=86: 325291 braids
    projlen=87: 212534 braids
    projlen=88: 311384 braids
    projlen=89: 225157 braids
    projlen=90: 282757 braids
    projlen=91: 89905 braids
  Braids kept: 1068329 (in 28 buckets, 2.03 GB CPU)
  ⚡ Timing: matmul=0.16s, sampling=6.29s, total=9.33s
============================================================
Level 111 - SAMPLING
============================================================
  Starting braids: 968329
  Candidates to generate: 5124227
  Processing in 52 chunks...
  Projlen distribution:
    projlen=65: 2 braids
    projlen=66: 52 braids
    projlen=67: 129 braids
    projlen=68: 1085 braids
    projlen=69: 1445 braids
    projlen=70: 13125 braids
    projlen=71: 14276 braids
    projlen=72: 155243 braids
    projlen=73: 132040 braids
    projlen=74: 281795 braids
    projlen=75: 266324 braids
    projlen=76: 302349 braids
    projlen=77: 227595 braids
    projlen=78: 331917 braids
    projlen=79: 175156 braids
    projlen=80: 344951 braids
    projlen=81: 157498 braids
    projlen=82: 348198 braids
    projlen=83: 158688 braids
    projlen=84: 344593 braids
    projlen=85: 166575 braids
    projlen=86: 335378 braids
    projlen=87: 192518 braids
    projlen=88: 320374 braids
    projlen=89: 219730 braids
    projlen=90: 303477 braids
    projlen=91: 223444 braids
    projlen=92: 106270 braids
  Braids kept: 1080114 (in 28 buckets, 2.07 GB CPU)
  ⚡ Timing: matmul=0.14s, sampling=6.56s, total=9.64s
============================================================
Level 112 - SAMPLING
============================================================
  Starting braids: 980114
  Candidates to generate: 5201754
  Processing in 53 chunks...
  Projlen distribution:
    projlen=66: 10 braids
    projlen=67: 38 braids
    projlen=68: 550 braids
    projlen=69: 846 braids
    projlen=70: 7354 braids
    projlen=71: 7994 braids
    projlen=72: 67626 braids
    projlen=73: 61208 braids
    projlen=74: 263494 braids
    projlen=75: 209616 braids
    projlen=76: 327636 braids
    projlen=77: 250644 braids
    projlen=78: 296891 braids
    projlen=79: 239689 braids
    projlen=80: 317393 braids
    projlen=81: 186252 braids
    projlen=82: 339672 braids
    projlen=83: 160409 braids
    projlen=84: 345288 braids
    projlen=85: 160498 braids
    projlen=86: 343034 braids
    projlen=87: 170979 braids
    projlen=88: 332366 braids
    projlen=89: 199421 braids
    projlen=90: 316246 braids
    projlen=91: 224705 braids
    projlen=92: 280978 braids
    projlen=93: 90917 braids
  Braids kept: 1116792 (in 28 buckets, 2.16 GB CPU)
  ⚡ Timing: matmul=0.14s, sampling=6.76s, total=9.92s
============================================================
Level 113 - SAMPLING
============================================================
  Starting braids: 966792
  Candidates to generate: 5158500
  Processing in 52 chunks...
  Projlen distribution:
    projlen=65: 1 braids
    projlen=66: 3 braids
    projlen=67: 21 braids
    projlen=68: 189 braids
    projlen=69: 355 braids
    projlen=70: 4034 braids
    projlen=71: 4720 braids
    projlen=72: 40045 braids
    projlen=73: 37728 braids
    projlen=74: 251653 braids
    projlen=75: 211372 braids
    projlen=76: 344285 braids
    projlen=77: 209353 braids
    projlen=78: 323020 braids
    projlen=79: 240878 braids
    projlen=80: 295626 braids
    projlen=81: 249351 braids
    projlen=82: 308045 braids
    projlen=83: 201894 braids
    projlen=84: 333470 braids
    projlen=85: 166372 braids
    projlen=86: 343129 braids
    projlen=87: 164188 braids
    projlen=88: 339738 braids
    projlen=89: 176150 braids
    projlen=90: 328939 braids
    projlen=91: 205338 braids
    projlen=92: 290525 braids
    projlen=93: 88078 braids
  Braids kept: 1087096 (in 29 buckets, 2.11 GB CPU)
  ⚡ Timing: matmul=0.15s, sampling=6.41s, total=9.47s
============================================================
Level 114 - SAMPLING
============================================================
  Starting braids: 987096
  Candidates to generate: 5274362
  Processing in 53 chunks...
  Projlen distribution:
    projlen=66: 3 braids
    projlen=67: 10 braids
    projlen=68: 89 braids
    projlen=69: 205 braids
    projlen=70: 1632 braids
    projlen=71: 2412 braids
    projlen=72: 23747 braids
    projlen=73: 23920 braids
    projlen=74: 197792 braids
    projlen=75: 163965 braids
    projlen=76: 318417 braids
    projlen=77: 211708 braids
    projlen=78: 333857 braids
    projlen=79: 206635 braids
    projlen=80: 318719 braids
    projlen=81: 239996 braids
    projlen=82: 293689 braids
    projlen=83: 254084 braids
    projlen=84: 299254 braids
    projlen=85: 218030 braids
    projlen=86: 325698 braids
    projlen=87: 175834 braids
    projlen=88: 339605 braids
    projlen=89: 168884 braids
    projlen=90: 337582 braids
    projlen=91: 183307 braids
    projlen=92: 320975 braids
    projlen=93: 203540 braids
    projlen=94: 110773 braids
  Braids kept: 1102018 (in 29 buckets, 2.16 GB CPU)
  ⚡ Timing: matmul=0.16s, sampling=6.84s, total=10.07s
============================================================
Level 115 - SAMPLING
============================================================
  Starting braids: 952018
  Candidates to generate: 5101720
  Processing in 52 chunks...
  Projlen distribution:
    projlen=67: 3 braids
    projlen=68: 61 braids
    projlen=69: 119 braids
    projlen=70: 874 braids
    projlen=71: 1410 braids
    projlen=72: 11000 braids
    projlen=73: 12916 braids
    projlen=74: 120551 braids
    projlen=75: 102633 braids
    projlen=76: 288056 braids
    projlen=77: 209236 braids
    projlen=78: 337101 braids
    projlen=79: 206490 braids
    projlen=80: 328286 braids
    projlen=81: 211784 braids
    projlen=82: 313337 braids
    projlen=83: 240154 braids
    projlen=84: 291907 braids
    projlen=85: 257773 braids
    projlen=86: 293352 braids
    projlen=87: 233743 braids
    projlen=88: 318337 braids
    projlen=89: 189549 braids
    projlen=90: 334108 braids
    projlen=91: 174653 braids
    projlen=92: 328396 braids
    projlen=93: 183132 braids
    projlen=94: 112759 braids
  Braids kept: 1076383 (in 28 buckets, 2.12 GB CPU)
  ⚡ Timing: matmul=0.14s, sampling=6.58s, total=9.63s
============================================================
Level 116 - SAMPLING
============================================================
  Starting braids: 976383
  Candidates to generate: 5273989
  Processing in 53 chunks...
  Projlen distribution:
    projlen=67: 2 braids
    projlen=68: 19 braids
    projlen=69: 49 braids
    projlen=70: 525 braids
    projlen=71: 886 braids
    projlen=72: 6385 braids
    projlen=73: 7976 braids
    projlen=74: 59026 braids
    projlen=75: 56677 braids
    projlen=76: 264389 braids
    projlen=77: 208985 braids
    projlen=78: 344006 braids
    projlen=79: 206604 braids
    projlen=80: 330472 braids
    projlen=81: 208441 braids
    projlen=82: 320147 braids
    projlen=83: 218570 braids
    projlen=84: 308261 braids
    projlen=85: 241822 braids
    projlen=86: 290324 braids
    projlen=87: 259195 braids
    projlen=88: 288369 braids
    projlen=89: 244838 braids
    projlen=90: 309384 braids
    projlen=91: 204819 braids
    projlen=92: 326655 braids
    projlen=93: 182792 braids
    projlen=94: 300699 braids
    projlen=95: 83672 braids
  Braids kept: 1115842 (in 29 buckets, 2.22 GB CPU)
  ⚡ Timing: matmul=0.16s, sampling=6.88s, total=10.06s
============================================================
Level 117 - SAMPLING
============================================================
  Starting braids: 965842
  Candidates to generate: 5260348
  Processing in 53 chunks...
  Projlen distribution:
    projlen=68: 12 braids
    projlen=69: 25 braids
    projlen=70: 234 braids
    projlen=71: 421 braids
    projlen=72: 3726 braids
    projlen=73: 5067 braids
    projlen=74: 36901 braids
    projlen=75: 38763 braids
    projlen=76: 250243 braids
    projlen=77: 216702 braids
    projlen=78: 345294 braids
    projlen=79: 207975 braids
    projlen=80: 335823 braids
    projlen=81: 206390 braids
    projlen=82: 325299 braids
    projlen=83: 215477 braids
    projlen=84: 313056 braids
    projlen=85: 227041 braids
    projlen=86: 303187 braids
    projlen=87: 245159 braids
    projlen=88: 289725 braids
    projlen=89: 260428 braids
    projlen=90: 285290 braids
    projlen=91: 253125 braids
    projlen=92: 299981 braids
    projlen=93: 218838 braids
    projlen=94: 289390 braids
    projlen=95: 86776 braids
  Braids kept: 1085149 (in 28 buckets, 2.17 GB CPU)
  ⚡ Timing: matmul=0.15s, sampling=6.66s, total=9.83s
============================================================
Level 118 - SAMPLING
============================================================
  Starting braids: 985149
  Candidates to generate: 5357631
  Processing in 54 chunks...
  Projlen distribution:
    projlen=68: 1 braids
    projlen=69: 5 braids
    projlen=70: 138 braids
    projlen=71: 213 braids
    projlen=72: 1941 braids
    projlen=73: 2719 braids
    projlen=74: 22411 braids
    projlen=75: 25709 braids
    projlen=76: 184782 braids
    projlen=77: 168651 braids
    projlen=78: 317277 braids
    projlen=79: 216526 braids
    projlen=80: 334386 braids
    projlen=81: 204027 braids
    projlen=82: 327429 braids
    projlen=83: 211473 braids
    projlen=84: 316850 braids
    projlen=85: 223827 braids
    projlen=86: 306975 braids
    projlen=87: 234240 braids
    projlen=88: 298939 braids
    projlen=89: 249280 braids
    projlen=90: 288822 braids
    projlen=91: 262518 braids
    projlen=92: 282934 braids
    projlen=93: 257459 braids
    projlen=94: 288520 braids
    projlen=95: 225071 braids
    projlen=96: 104508 braids
  Braids kept: 1103137 (in 29 buckets, 2.22 GB CPU)
  ⚡ Timing: matmul=0.16s, sampling=6.93s, total=10.18s
============================================================
Level 119 - SAMPLING
============================================================
  Starting braids: 953137
  Candidates to generate: 5187597
  Processing in 52 chunks...
  Projlen distribution:
    projlen=69: 4 braids
    projlen=70: 29 braids
    projlen=71: 80 braids
    projlen=72: 1124 braids
    projlen=73: 1441 braids
    projlen=74: 13099 braids
    projlen=75: 14698 braids
    projlen=76: 113139 braids
    projlen=77: 110021 braids
    projlen=78: 286592 braids
    projlen=79: 220737 braids
    projlen=80: 333438 braids
    projlen=81: 213575 braids
    projlen=82: 326901 braids
    projlen=83: 210731 braids
    projlen=84: 319474 braids
    projlen=85: 218768 braids
    projlen=86: 309876 braids
    projlen=87: 229950 braids
    projlen=88: 301264 braids
    projlen=89: 241389 braids
    projlen=90: 294791 braids
    projlen=91: 252714 braids
    projlen=92: 286519 braids
    projlen=93: 263160 braids
    projlen=94: 276575 braids
    projlen=95: 247365 braids
    projlen=96: 100143 braids
  Braids kept: 1080475 (in 28 buckets, 2.18 GB CPU)
  ⚡ Timing: matmul=0.16s, sampling=6.77s, total=9.93s
============================================================
Level 120 - SAMPLING
============================================================
  Starting braids: 980475
  Candidates to generate: 5341565
  Processing in 54 chunks...
  Projlen distribution:
    projlen=69: 4 braids
    projlen=70: 12 braids
    projlen=71: 62 braids
    projlen=72: 377 braids
    projlen=73: 670 braids
    projlen=74: 7732 braids
    projlen=75: 8253 braids
    projlen=76: 69176 braids
    projlen=77: 64643 braids
    projlen=78: 260349 braids
    projlen=79: 221708 braids
    projlen=80: 334156 braids
    projlen=81: 217791 braids
    projlen=82: 325768 braids
    projlen=83: 216371 braids
    projlen=84: 319415 braids
    projlen=85: 218988 braids
    projlen=86: 312234 braids
    projlen=87: 227373 braids
    projlen=88: 304897 braids
    projlen=89: 238511 braids
    projlen=90: 297165 braids
    projlen=91: 247336 braids
    projlen=92: 290836 braids
    projlen=93: 256272 braids
    projlen=94: 282621 braids
    projlen=95: 261493 braids
    projlen=96: 260128 braids
    projlen=97: 97224 braids
  Braids kept: 1117110 (in 29 buckets, 2.28 GB CPU)
  ⚡ Timing: matmul=0.15s, sampling=7.06s, total=10.35s
============================================================
Level 121 - SAMPLING
============================================================
  Starting braids: 967110
  Candidates to generate: 5273340
  Processing in 53 chunks...
  Projlen distribution:
    projlen=69: 5 braids
    projlen=70: 4 braids
    projlen=71: 49 braids
    projlen=72: 175 braids
    projlen=73: 469 braids
    projlen=74: 3279 braids
    projlen=75: 4214 braids
    projlen=76: 42455 braids
    projlen=77: 38987 braids
    projlen=78: 251273 braids
    projlen=79: 214573 braids
    projlen=80: 339859 braids
    projlen=81: 220675 braids
    projlen=82: 325845 braids
    projlen=83: 218079 braids
    projlen=84: 317706 braids
    projlen=85: 222712 braids
    projlen=86: 311485 braids
    projlen=87: 227248 braids
    projlen=88: 306354 braids
    projlen=89: 234898 braids
    projlen=90: 299458 braids
    projlen=91: 244327 braids
    projlen=92: 293437 braids
    projlen=93: 252056 braids
    projlen=94: 287935 braids
    projlen=95: 256139 braids
    projlen=96: 263736 braids
    projlen=97: 95908 braids
  Braids kept: 1089637 (in 29 buckets, 2.23 GB CPU)
  ⚡ Timing: matmul=0.16s, sampling=6.78s, total=9.98s
============================================================
Level 122 - SAMPLING
============================================================
  Starting braids: 989637
  Candidates to generate: 5390235
  Processing in 54 chunks...
  Projlen distribution:
    projlen=69: 6 braids
    projlen=70: 8 braids
    projlen=71: 45 braids
    projlen=72: 103 braids
    projlen=73: 384 braids
    projlen=74: 1532 braids
    projlen=75: 3030 braids
    projlen=76: 21045 braids
    projlen=77: 22441 braids
    projlen=78: 207919 braids
    projlen=79: 169395 braids
    projlen=80: 319928 braids
    projlen=81: 214828 braids
    projlen=82: 328884 braids
    projlen=83: 216185 braids
    projlen=84: 319359 braids
    projlen=85: 223685 braids
    projlen=86: 310047 braids
    projlen=87: 230082 braids
    projlen=88: 304901 braids
    projlen=89: 235501 braids
    projlen=90: 301714 braids
    projlen=91: 241767 braids
    projlen=92: 294853 braids
    projlen=93: 248921 braids
    projlen=94: 289881 braids
    projlen=95: 254869 braids
    projlen=96: 281595 braids
    projlen=97: 245681 braids
    projlen=98: 101646 braids
  Braids kept: 1098594 (in 30 buckets, 2.27 GB CPU)
  ⚡ Timing: matmul=0.16s, sampling=7.09s, total=10.39s
============================================================
Level 123 - SAMPLING
============================================================
  Starting braids: 998594
  Candidates to generate: 5438838
  Processing in 55 chunks...
  Projlen distribution:
    projlen=70: 1 braids
    projlen=71: 56 braids
    projlen=72: 84 braids
    projlen=73: 330 braids
    projlen=74: 940 braids
    projlen=75: 2391 braids
    projlen=76: 10895 braids
    projlen=77: 16678 braids
    projlen=78: 108639 braids
    projlen=79: 96643 braids
    projlen=80: 285189 braids
    projlen=81: 206872 braids
    projlen=82: 337660 braids
    projlen=83: 210080 braids
    projlen=84: 323592 braids
    projlen=85: 220675 braids
    projlen=86: 311841 braids
    projlen=87: 231320 braids
    projlen=88: 303595 braids
    projlen=89: 237317 braids
    projlen=90: 299111 braids
    projlen=91: 242684 braids
    projlen=92: 296947 braids
    projlen=93: 247584 braids
    projlen=94: 290978 braids
    projlen=95: 253228 braids
    projlen=96: 285754 braids
    projlen=97: 256053 braids
    projlen=98: 265095 braids
    projlen=99: 96606 braids
  Braids kept: 1131375 (in 30 buckets, 2.36 GB CPU)
  ⚡ Timing: matmul=0.15s, sampling=7.37s, total=10.70s
============================================================
Level 124 - SAMPLING
============================================================
  Starting braids: 981375
  Candidates to generate: 5353475
  Processing in 54 chunks...
  Projlen distribution:
    projlen=70: 2 braids
    projlen=71: 5 braids
    projlen=72: 30 braids
    projlen=73: 380 braids
    projlen=74: 662 braids
    projlen=75: 2062 braids
    projlen=76: 6825 braids
    projlen=77: 13078 braids
    projlen=78: 59226 braids
    projlen=79: 75132 braids
    projlen=80: 266443 braids
    projlen=81: 215212 braids
    projlen=82: 341998 braids
    projlen=83: 204814 braids
    projlen=84: 331287 braids
    projlen=85: 212273 braids
    projlen=86: 317275 braids
    projlen=87: 227092 braids
    projlen=88: 306210 braids
    projlen=89: 238934 braids
    projlen=90: 298872 braids
    projlen=91: 244605 braids
    projlen=92: 294204 braids
    projlen=93: 249673 braids
    projlen=94: 291915 braids
    projlen=95: 252668 braids
    projlen=96: 287450 braids
    projlen=97: 254618 braids
    projlen=98: 264943 braids
    projlen=99: 95587 braids
  Braids kept: 1123044 (in 30 buckets, 2.35 GB CPU)
  ⚡ Timing: matmul=0.16s, sampling=7.27s, total=10.55s
============================================================
Level 125 - SAMPLING
============================================================
  Starting braids: 973044
  Candidates to generate: 5320702
  Processing in 54 chunks...
  Projlen distribution:
    projlen=70: 3 braids
    projlen=71: 5 braids
    projlen=72: 17 braids
    projlen=73: 85 braids
    projlen=74: 330 braids
    projlen=75: 2166 braids
    projlen=76: 4527 braids
    projlen=77: 11703 braids
    projlen=78: 38757 braids
    projlen=79: 63323 braids
    projlen=80: 243410 braids
    projlen=81: 245297 braids
    projlen=82: 331991 braids
    projlen=83: 215574 braids
    projlen=84: 332672 braids
    projlen=85: 204299 braids
    projlen=86: 324137 braids
    projlen=87: 217877 braids
    projlen=88: 310799 braids
    projlen=89: 233487 braids
    projlen=90: 300693 braids
    projlen=91: 244479 braids
    projlen=92: 294159 braids
    projlen=93: 250596 braids
    projlen=94: 290518 braids
    projlen=95: 255357 braids
    projlen=96: 287733 braids
    projlen=97: 255244 braids
    projlen=98: 266165 braids
    projlen=99: 95299 braids
  Braids kept: 1107593 (in 30 buckets, 2.32 GB CPU)
  ⚡ Timing: matmul=0.15s, sampling=7.24s, total=10.53s
============================================================
Level 126 - SAMPLING
============================================================
  Starting braids: 957593
  Candidates to generate: 5242369
  Processing in 53 chunks...
  Projlen distribution:
    projlen=70: 2 braids
    projlen=71: 11 braids
    projlen=72: 20 braids
    projlen=73: 68 braids
    projlen=74: 215 braids
    projlen=75: 693 braids
    projlen=76: 2469 braids
    projlen=77: 11773 braids
    projlen=78: 26300 braids
    projlen=79: 60148 braids
    projlen=80: 186434 braids
    projlen=81: 237579 braids
    projlen=82: 319048 braids
    projlen=83: 242356 braids
    projlen=84: 318626 braids
    projlen=85: 217891 braids
    projlen=86: 324219 braids
    projlen=87: 211843 braids
    projlen=88: 317214 braids
    projlen=89: 224693 braids
    projlen=90: 305845 braids
    projlen=91: 240451 braids
    projlen=92: 296282 braids
    projlen=93: 249296 braids
    projlen=94: 290969 braids
    projlen=95: 255939 braids
    projlen=96: 286568 braids
    projlen=97: 255331 braids
    projlen=98: 264744 braids
    projlen=99: 95342 braids
  Braids kept: 1091551 (in 30 buckets, 2.29 GB CPU)
  ⚡ Timing: matmul=0.15s, sampling=7.00s, total=10.21s
============================================================
Level 127 - SAMPLING
============================================================
  Starting braids: 991551
  Candidates to generate: 5429597
  Processing in 55 chunks...
  Projlen distribution:
    projlen=71: 14 braids
    projlen=72: 22 braids
    projlen=73: 93 braids
    projlen=74: 180 braids
    projlen=75: 629 braids
    projlen=76: 1568 braids
    projlen=77: 4744 braids
    projlen=78: 15477 braids
    projlen=79: 59101 braids
    projlen=80: 127180 braids
    projlen=81: 233286 braids
    projlen=82: 304219 braids
    projlen=83: 261509 braids
    projlen=84: 303851 braids
    projlen=85: 238913 braids
    projlen=86: 310798 braids
    projlen=87: 225296 braids
    projlen=88: 314687 braids
    projlen=89: 220675 braids
    projlen=90: 310780 braids
    projlen=91: 232202 braids
    projlen=92: 300743 braids
    projlen=93: 245182 braids
    projlen=94: 291522 braids
    projlen=95: 253290 braids
    projlen=96: 287697 braids
    projlen=97: 257846 braids
    projlen=98: 280212 braids
    projlen=99: 246318 braids
    projlen=100: 101563 braids
  Braids kept: 1122727 (in 30 buckets, 2.38 GB CPU)
  ⚡ Timing: matmul=0.15s, sampling=7.37s, total=10.79s
============================================================
Level 128 - SAMPLING
============================================================
  Starting braids: 972727
  Candidates to generate: 5338383
  Processing in 54 chunks...
  Projlen distribution:
    projlen=71: 2 braids
    projlen=72: 7 braids
    projlen=73: 125 braids
    projlen=74: 175 braids
    projlen=75: 744 braids
    projlen=76: 1237 braids
    projlen=77: 4292 braids
    projlen=78: 9762 braids
    projlen=79: 26851 braids
    projlen=80: 77013 braids
    projlen=81: 225167 braids
    projlen=82: 283980 braids
    projlen=83: 286556 braids
    projlen=84: 288167 braids
    projlen=85: 256892 braids
    projlen=86: 297890 braids
    projlen=87: 244461 braids
    projlen=88: 302227 braids
    projlen=89: 233659 braids
    projlen=90: 306060 braids
    projlen=91: 230564 braids
    projlen=92: 304466 braids
    projlen=93: 238533 braids
    projlen=94: 297004 braids
    projlen=95: 250200 braids
    projlen=96: 288745 braids
    projlen=97: 256630 braids
    projlen=98: 280835 braids
    projlen=99: 244910 braids
    projlen=100: 101229 braids
  Braids kept: 1093195 (in 30 buckets, 2.33 GB CPU)
  ⚡ Timing: matmul=0.15s, sampling=7.17s, total=10.53s
============================================================
Level 129 - SAMPLING
============================================================
  Starting braids: 993195
  Candidates to generate: 5465195
  Processing in 55 chunks...
  Projlen distribution:
    projlen=72: 2 braids
    projlen=73: 28 braids
    projlen=74: 76 braids
    projlen=75: 867 braids
    projlen=76: 1203 braids
    projlen=77: 4727 braids
    projlen=78: 7596 braids
    projlen=79: 24502 braids
    projlen=80: 50735 braids
    projlen=81: 126800 braids
    projlen=82: 241672 braids
    projlen=83: 299710 braids
    projlen=84: 274359 braids
    projlen=85: 279236 braids
    projlen=86: 280548 braids
    projlen=87: 261324 braids
    projlen=88: 290066 braids
    projlen=89: 249590 braids
    projlen=90: 295989 braids
    projlen=91: 241809 braids
    projlen=92: 299700 braids
    projlen=93: 238894 braids
    projlen=94: 298842 braids
    projlen=95: 245588 braids
    projlen=96: 292768 braids
    projlen=97: 254264 braids
    projlen=98: 286294 braids
    projlen=99: 257433 braids
    projlen=100: 263968 braids
    projlen=101: 96605 braids
  Braids kept: 1139001 (in 30 buckets, 2.44 GB CPU)
  ⚡ Timing: matmul=0.16s, sampling=7.63s, total=11.15s
============================================================
Level 130 - SAMPLING
============================================================
  Starting braids: 989001
  Candidates to generate: 5450135
  Processing in 55 chunks...
  Projlen distribution:
    projlen=73: 9 braids
    projlen=74: 30 braids
    projlen=75: 232 braids
    projlen=76: 572 braids
    projlen=77: 5102 braids
    projlen=78: 7073 braids
    projlen=79: 26590 braids
    projlen=80: 40896 braids
    projlen=81: 121159 braids
    projlen=82: 226291 braids
    projlen=83: 292647 braids
    projlen=84: 287719 braids
    projlen=85: 282840 braids
    projlen=86: 269163 braids
    projlen=87: 278746 braids
    projlen=88: 276363 braids
    projlen=89: 265747 braids
    projlen=90: 284937 braids
    projlen=91: 255776 braids
    projlen=92: 290969 braids
    projlen=93: 249718 braids
    projlen=94: 293655 braids
    projlen=95: 245157 braids
    projlen=96: 293727 braids
    projlen=97: 250208 braids
    projlen=98: 288767 braids
    projlen=99: 254846 braids
    projlen=100: 265287 braids
    projlen=101: 95909 braids
  Braids kept: 1130504 (in 29 buckets, 2.43 GB CPU)
  ⚡ Timing: matmul=0.16s, sampling=7.54s, total=11.00s
============================================================
Level 131 - SAMPLING
============================================================
  Starting braids: 980504
  Candidates to generate: 5403088
  Processing in 55 chunks...
  Projlen distribution:
    projlen=73: 3 braids
    projlen=74: 18 braids
    projlen=75: 133 braids
    projlen=76: 312 braids
    projlen=77: 1737 braids
    projlen=78: 3741 braids
    projlen=79: 27505 braids
    projlen=80: 37614 braids
    projlen=81: 132135 braids
    projlen=82: 184267 braids
    projlen=83: 282351 braids
    projlen=84: 281206 braids
    projlen=85: 282216 braids
    projlen=86: 276257 braids
    projlen=87: 276173 braids
    projlen=88: 272153 braids
    projlen=89: 277113 braids
    projlen=90: 273540 braids
    projlen=91: 269030 braids
    projlen=92: 281414 braids
    projlen=93: 260565 braids
    projlen=94: 286593 braids
    projlen=95: 255495 braids
    projlen=96: 288156 braids
    projlen=97: 251066 braids
    projlen=98: 289072 braids
    projlen=99: 252126 braids
    projlen=100: 266586 braids
    projlen=101: 94511 braids
  Braids kept: 1121063 (in 29 buckets, 2.41 GB CPU)
  ⚡ Timing: matmul=0.15s, sampling=7.57s, total=11.01s
============================================================
Level 132 - SAMPLING
============================================================
  Starting braids: 971063
  Candidates to generate: 5342483
  Processing in 54 chunks...
  Projlen distribution:
    projlen=73: 1 braids
    projlen=74: 5 braids
    projlen=75: 74 braids
    projlen=76: 205 braids
    projlen=77: 1188 braids
    projlen=78: 2378 braids
    projlen=79: 11392 braids
    projlen=80: 21278 braids
    projlen=81: 132469 braids
    projlen=82: 165571 braids
    projlen=83: 285843 braids
    projlen=84: 260117 braids
    projlen=85: 295638 braids
    projlen=86: 268778 braids
    projlen=87: 278335 braids
    projlen=88: 274741 braids
    projlen=89: 273393 braids
    projlen=90: 272053 braids
    projlen=91: 274403 braids
    projlen=92: 271519 braids
    projlen=93: 269894 braids
    projlen=94: 278352 braids
    projlen=95: 263397 braids
    projlen=96: 282252 braids
    projlen=97: 259921 braids
    projlen=98: 284126 braids
    projlen=99: 253390 braids
    projlen=100: 266269 braids
    projlen=101: 95501 braids
  Braids kept: 1086521 (in 29 buckets, 2.35 GB CPU)
  ⚡ Timing: matmul=0.15s, sampling=7.44s, total=10.86s
============================================================
Level 133 - SAMPLING
============================================================
  Starting braids: 986521
  Candidates to generate: 5424901
  Processing in 55 chunks...
  Projlen distribution:
    projlen=74: 7 braids
    projlen=75: 33 braids
    projlen=76: 94 braids
    projlen=77: 673 braids
    projlen=78: 1567 braids
    projlen=79: 8404 braids
    projlen=80: 14288 braids
    projlen=81: 60370 braids
    projlen=82: 92919 braids
    projlen=83: 258153 braids
    projlen=84: 247657 braids
    projlen=85: 307571 braids
    projlen=86: 254103 braids
    projlen=87: 291137 braids
    projlen=88: 265468 braids
    projlen=89: 277553 braids
    projlen=90: 272821 braids
    projlen=91: 272155 braids
    projlen=92: 271982 braids
    projlen=93: 273505 braids
    projlen=94: 272679 braids
    projlen=95: 270601 braids
    projlen=96: 276440 braids
    projlen=97: 266879 braids
    projlen=98: 280157 braids
    projlen=99: 262249 braids
    projlen=100: 278437 braids
    projlen=101: 245874 braids
    projlen=102: 101125 braids
  Braids kept: 1125066 (in 29 buckets, 2.45 GB CPU)
  ⚡ Timing: matmul=0.15s, sampling=7.73s, total=11.22s
============================================================
Level 134 - SAMPLING
============================================================
  Starting braids: 975066
  Candidates to generate: 5374238
  Processing in 54 chunks...
  Projlen distribution:
    projlen=74: 6 braids
    projlen=75: 21 braids
    projlen=76: 86 braids
    projlen=77: 343 braids
    projlen=78: 820 braids
    projlen=79: 4762 braids
    projlen=80: 9726 braids
    projlen=81: 47120 braids
    projlen=82: 68545 braids
    projlen=83: 239270 braids
    projlen=84: 257508 braids
    projlen=85: 316003 braids
    projlen=86: 244416 braids
    projlen=87: 303075 braids
    projlen=88: 253987 braids
    projlen=89: 288685 braids
    projlen=90: 264566 braids
    projlen=91: 276142 braids
    projlen=92: 270379 braids
    projlen=93: 271490 braids
    projlen=94: 272573 braids
    projlen=95: 272889 braids
    projlen=96: 272810 braids
    projlen=97: 271865 braids
    projlen=98: 275412 braids
    projlen=99: 267532 braids
    projlen=100: 275186 braids
    projlen=101: 249068 braids
    projlen=102: 99953 braids
  Braids kept: 1112884 (in 29 buckets, 2.43 GB CPU)
  ⚡ Timing: matmul=0.16s, sampling=7.64s, total=11.14s
============================================================
Level 135 - SAMPLING
============================================================
  Starting braids: 962884
  Candidates to generate: 5307266
  Processing in 54 chunks...
  Projlen distribution:
    projlen=75: 15 braids
    projlen=76: 58 braids
    projlen=77: 203 braids
    projlen=78: 642 braids
    projlen=79: 2571 braids
    projlen=80: 5449 braids
    projlen=81: 29005 braids
    projlen=82: 49913 braids
    projlen=83: 221568 braids
    projlen=84: 246719 braids
    projlen=85: 317463 braids
    projlen=86: 252134 braids
    projlen=87: 303290 braids
    projlen=88: 244465 braids
    projlen=89: 297899 braids
    projlen=90: 253751 braids
    projlen=91: 285485 braids
    projlen=92: 264427 braids
    projlen=93: 276150 braids
    projlen=94: 270489 braids
    projlen=95: 271847 braids
    projlen=96: 273015 braids
    projlen=97: 272664 braids
    projlen=98: 272933 braids
    projlen=99: 271600 braids
    projlen=100: 271408 braids
    projlen=101: 252847 braids
    projlen=102: 99256 braids
  Braids kept: 1087856 (in 28 buckets, 2.39 GB CPU)
  ⚡ Timing: matmul=0.14s, sampling=7.53s, total=11.02s
============================================================
Level 136 - SAMPLING
============================================================
  Starting braids: 987856
  Candidates to generate: 5446186
  Processing in 55 chunks...
  Projlen distribution:
    projlen=75: 8 braids
    projlen=76: 15 braids
    projlen=77: 155 braids
    projlen=78: 416 braids
    projlen=79: 1525 braids
    projlen=80: 4157 braids
    projlen=81: 16318 braids
    projlen=82: 29866 braids
    projlen=83: 144955 braids
    projlen=84: 215607 braids
    projlen=85: 320433 braids
    projlen=86: 251048 braids
    projlen=87: 306140 braids
    projlen=88: 247349 braids
    projlen=89: 299157 braids
    projlen=90: 249423 braids
    projlen=91: 293240 braids
    projlen=92: 255830 braids
    projlen=93: 283013 braids
    projlen=94: 266398 braids
    projlen=95: 276095 braids
    projlen=96: 270587 braids
    projlen=97: 272595 braids
    projlen=98: 272812 braids
    projlen=99: 272125 braids
    projlen=100: 271959 braids
    projlen=101: 269588 braids
    projlen=102: 256388 braids
    projlen=103: 98984 braids
  Braids kept: 1102460 (in 29 buckets, 2.44 GB CPU)
  ⚡ Timing: matmul=0.15s, sampling=7.72s, total=11.30s
============================================================
Level 137 - SAMPLING
============================================================
  Starting braids: 952460
  Candidates to generate: 5246896
  Processing in 53 chunks...
  Projlen distribution:
    projlen=75: 8 braids
    projlen=76: 12 braids
    projlen=77: 65 braids
    projlen=78: 162 braids
    projlen=79: 1142 braids
    projlen=80: 2660 braids
    projlen=81: 10054 braids
    projlen=82: 22922 braids
    projlen=83: 84029 braids
    projlen=84: 131808 braids
    projlen=85: 273272 braids
    projlen=86: 262870 braids
    projlen=87: 304907 braids
    projlen=88: 246225 braids
    projlen=89: 301544 braids
    projlen=90: 248880 braids
    projlen=91: 292903 braids
    projlen=92: 251686 braids
    projlen=93: 289296 braids
    projlen=94: 258625 braids
    projlen=95: 281331 braids
    projlen=96: 266543 braids
    projlen=97: 275293 braids
    projlen=98: 271532 braids
    projlen=99: 274047 braids
    projlen=100: 272155 braids
    projlen=101: 269070 braids
    projlen=102: 255225 braids
    projlen=103: 98630 braids
  Braids kept: 1087025 (in 29 buckets, 2.41 GB CPU)
  ⚡ Timing: matmul=0.15s, sampling=7.55s, total=11.02s
============================================================
Level 138 - SAMPLING
============================================================
  Starting braids: 987025
  Candidates to generate: 5436675
  Processing in 55 chunks...
  Projlen distribution:
    projlen=75: 2 braids
    projlen=76: 5 braids
    projlen=77: 78 braids
    projlen=78: 101 braids
    projlen=79: 529 braids
    projlen=80: 1307 braids
    projlen=81: 7395 braids
    projlen=82: 15139 braids
    projlen=83: 53783 braids
    projlen=84: 104540 braids
    projlen=85: 251473 braids
    projlen=86: 264297 braids
    projlen=87: 308227 braids
    projlen=88: 254387 braids
    projlen=89: 297880 braids
    projlen=90: 250211 braids
    projlen=91: 295078 braids
    projlen=92: 250911 braids
    projlen=93: 289062 braids
    projlen=94: 255583 braids
    projlen=95: 285904 braids
    projlen=96: 261110 braids
    projlen=97: 279937 braids
    projlen=98: 267430 braids
    projlen=99: 275115 braids
    projlen=100: 270497 braids
    projlen=101: 273287 braids
    projlen=102: 268935 braids
    projlen=103: 255245 braids
    projlen=104: 99227 braids
  Braids kept: 1124556 (in 30 buckets, 2.51 GB CPU)
  ⚡ Timing: matmul=0.16s, sampling=7.96s, total=11.56s
============================================================
Level 139 - SAMPLING
============================================================
  Starting braids: 974556
  Candidates to generate: 5374066
  Processing in 54 chunks...
  Projlen distribution:
    projlen=76: 2 braids
    projlen=77: 30 braids
    projlen=78: 72 braids
    projlen=79: 568 braids
    projlen=80: 832 braids
    projlen=81: 3640 braids
    projlen=82: 8617 braids
    projlen=83: 40511 braids
    projlen=84: 73867 braids
    projlen=85: 231418 braids
    projlen=86: 273646 braids
    projlen=87: 305744 braids
    projlen=88: 258592 braids
    projlen=89: 297716 braids
    projlen=90: 252274 braids
    projlen=91: 293299 braids
    projlen=92: 252999 braids
    projlen=93: 290289 braids
    projlen=94: 254452 braids
    projlen=95: 286677 braids
    projlen=96: 258498 braids
    projlen=97: 282741 braids
    projlen=98: 262637 braids
    projlen=99: 279032 braids
    projlen=100: 267992 braids
    projlen=101: 274509 braids
    projlen=102: 268848 braids
    projlen=103: 256288 braids
    projlen=104: 98276 braids
  Braids kept: 1104272 (in 29 buckets, 2.48 GB CPU)
  ⚡ Timing: matmul=0.16s, sampling=7.83s, total=11.40s
============================================================
Level 140 - SAMPLING
============================================================
  Starting braids: 954272
  Candidates to generate: 5266196
  Processing in 53 chunks...
  Projlen distribution:
    projlen=76: 1 braids
    projlen=77: 10 braids
    projlen=78: 28 braids
    projlen=79: 289 braids
    projlen=80: 546 braids
    projlen=81: 3546 braids
    projlen=82: 5485 braids
    projlen=83: 22000 braids
    projlen=84: 45766 braids
    projlen=85: 186876 braids
    projlen=86: 248268 braids
    projlen=87: 309131 braids
    projlen=88: 264287 braids
    projlen=89: 292564 braids
    projlen=90: 256377 braids
    projlen=91: 294635 braids
    projlen=92: 254804 braids
    projlen=93: 289015 braids
    projlen=94: 256643 braids
    projlen=95: 287385 braids
    projlen=96: 258088 braids
    projlen=97: 284648 braids
    projlen=98: 261351 braids
    projlen=99: 280989 braids
    projlen=100: 265447 braids
    projlen=101: 277716 braids
    projlen=102: 265853 braids
    projlen=103: 256568 braids
    projlen=104: 97880 braids
  Braids kept: 1077671 (in 29 buckets, 2.43 GB CPU)
  ⚡ Timing: matmul=0.16s, sampling=7.50s, total=10.95s
============================================================
Level 141 - SAMPLING
============================================================
  Starting braids: 977671
  Candidates to generate: 5391889
  Processing in 54 chunks...
  Projlen distribution:
    projlen=77: 7 braids
    projlen=78: 14 braids
    projlen=79: 127 braids
    projlen=80: 240 braids
    projlen=81: 2016 braids
    projlen=82: 3477 braids
    projlen=83: 20276 braids
    projlen=84: 30225 braids
    projlen=85: 111203 braids
    projlen=86: 201243 braids
    projlen=87: 302291 braids
    projlen=88: 264800 braids
    projlen=89: 297645 braids
    projlen=90: 257675 braids
    projlen=91: 290771 braids
    projlen=92: 257887 braids
    projlen=93: 288546 braids
    projlen=94: 256904 braids
    projlen=95: 284605 braids
    projlen=96: 259386 braids
    projlen=97: 284309 braids
    projlen=98: 261023 braids
    projlen=99: 282178 braids
    projlen=100: 264346 braids
    projlen=101: 279438 braids
    projlen=102: 265671 braids
    projlen=103: 273276 braids
    projlen=104: 252799 braids
    projlen=105: 99511 braids
  Braids kept: 1106382 (in 29 buckets, 2.51 GB CPU)
  ⚡ Timing: matmul=0.16s, sampling=7.87s, total=11.48s
============================================================
Level 142 - SAMPLING
============================================================
  Starting braids: 956382
  Candidates to generate: 5269264
  Processing in 53 chunks...
  Projlen distribution:
    projlen=77: 5 braids
    projlen=78: 15 braids
    projlen=79: 75 braids
    projlen=80: 139 braids
    projlen=81: 1000 braids
    projlen=82: 1694 braids
    projlen=83: 12329 braids
    projlen=84: 19182 braids
    projlen=85: 100654 braids
    projlen=86: 136468 braids
    projlen=87: 267793 braids
    projlen=88: 274668 braids
    projlen=89: 296133 braids
    projlen=90: 257945 braids
    projlen=91: 292820 braids
    projlen=92: 257942 braids
    projlen=93: 286246 braids
    projlen=94: 259185 braids
    projlen=95: 284076 braids
    projlen=96: 260915 braids
    projlen=97: 282490 braids
    projlen=98: 262541 braids
    projlen=99: 281505 braids
    projlen=100: 263416 braids
    projlen=101: 280068 braids
    projlen=102: 265214 braids
    projlen=103: 274691 braids
    projlen=104: 250525 braids
    projlen=105: 99530 braids
  Braids kept: 1084439 (in 29 buckets, 2.47 GB CPU)
  ⚡ Timing: matmul=0.16s, sampling=7.71s, total=11.25s
============================================================
Level 143 - SAMPLING
============================================================
  Starting braids: 984439
  Candidates to generate: 5420857
  Processing in 55 chunks...
  Projlen distribution:
    projlen=77: 1 braids
    projlen=78: 9 braids
    projlen=79: 35 braids
    projlen=80: 108 braids
    projlen=81: 609 braids
    projlen=82: 1009 braids
    projlen=83: 6663 braids
    projlen=84: 10179 braids
    projlen=85: 63029 braids
    projlen=86: 86452 braids
    projlen=87: 252500 braids
    projlen=88: 254232 braids
    projlen=89: 307134 braids
    projlen=90: 263090 braids
    projlen=91: 288733 braids
    projlen=92: 260791 braids
    projlen=93: 288325 braids
    projlen=94: 260309 braids
    projlen=95: 284400 braids
    projlen=96: 261176 braids
    projlen=97: 282125 braids
    projlen=98: 262820 braids
    projlen=99: 279716 braids
    projlen=100: 264943 braids
    projlen=101: 278576 braids
    projlen=102: 264810 braids
    projlen=103: 277135 braids
    projlen=104: 263443 braids
    projlen=105: 260366 braids
    projlen=106: 98139 braids
  Braids kept: 1118613 (in 30 buckets, 2.56 GB CPU)
  ⚡ Timing: matmul=0.15s, sampling=8.11s, total=11.78s
============================================================
Level 144 - SAMPLING
============================================================
  Starting braids: 968613
  Candidates to generate: 5334905
  Processing in 54 chunks...
  Projlen distribution:
    projlen=78: 6 braids
    projlen=79: 15 braids
    projlen=80: 70 braids
    projlen=81: 325 braids
    projlen=82: 738 braids
    projlen=83: 3999 braids
    projlen=84: 6201 braids
    projlen=85: 36515 braids
    projlen=86: 49655 braids
    projlen=87: 236232 braids
    projlen=88: 248585 braids
    projlen=89: 317579 braids
    projlen=90: 249886 braids
    projlen=91: 300214 braids
    projlen=92: 258836 braids
    projlen=93: 286437 braids
    projlen=94: 262377 braids
    projlen=95: 283675 braids
    projlen=96: 261207 braids
    projlen=97: 281965 braids
    projlen=98: 262814 braids
    projlen=99: 280202 braids
    projlen=100: 264157 braids
    projlen=101: 278472 braids
    projlen=102: 267433 braids
    projlen=103: 277963 braids
    projlen=104: 263494 braids
    projlen=105: 258935 braids
    projlen=106: 96918 braids
  Braids kept: 1097524 (in 29 buckets, 2.52 GB CPU)
  ⚡ Timing: matmul=0.15s, sampling=7.82s, total=11.42s
============================================================
Level 145 - SAMPLING
============================================================
  Starting braids: 997524
  Candidates to generate: 5489262
  Processing in 55 chunks...
  Projlen distribution:
    projlen=78: 1 braids
    projlen=79: 11 braids
    projlen=80: 47 braids
    projlen=81: 168 braids
    projlen=82: 478 braids
    projlen=83: 2271 braids
    projlen=84: 4476 braids
    projlen=85: 22840 braids
    projlen=86: 32761 braids
    projlen=87: 178535 braids
    projlen=88: 217671 braids
    projlen=89: 324902 braids
    projlen=90: 246497 braids
    projlen=91: 307286 braids
    projlen=92: 245734 braids
    projlen=93: 296404 braids
    projlen=94: 258155 braids
    projlen=95: 284045 braids
    projlen=96: 263572 braids
    projlen=97: 280032 braids
    projlen=98: 264033 braids
    projlen=99: 280145 braids
    projlen=100: 264992 braids
    projlen=101: 279169 braids
    projlen=102: 265027 braids
    projlen=103: 277613 braids
    projlen=104: 267708 braids
    projlen=105: 273543 braids
    projlen=106: 251473 braids
    projlen=107: 99673 braids
  Braids kept: 1113053 (in 30 buckets, 2.58 GB CPU)
  ⚡ Timing: matmul=0.17s, sampling=8.13s, total=11.86s
============================================================
Level 146 - SAMPLING
============================================================
  Starting braids: 963053
  Candidates to generate: 5293383
  Processing in 53 chunks...
  Projlen distribution:
    projlen=79: 3 braids
    projlen=80: 8 braids
    projlen=81: 98 braids
    projlen=82: 333 braids
    projlen=83: 1232 braids
    projlen=84: 2968 braids
    projlen=85: 13677 braids
    projlen=86: 23796 braids
    projlen=87: 113173 braids
    projlen=88: 143844 braids
    projlen=89: 285934 braids
    projlen=90: 249350 braids
    projlen=91: 311667 braids
    projlen=92: 240227 braids
    projlen=93: 303631 braids
    projlen=94: 248009 braids
    projlen=95: 292011 braids
    projlen=96: 258146 braids
    projlen=97: 281869 braids
    projlen=98: 264190 braids
    projlen=99: 278303 braids
    projlen=100: 265877 braids
    projlen=101: 278052 braids
    projlen=102: 266959 braids
    projlen=103: 277621 braids
    projlen=104: 266617 braids
    projlen=105: 274312 braids
    projlen=106: 252292 braids
    projlen=107: 99184 braids
  Braids kept: 1092115 (in 29 buckets, 2.54 GB CPU)
  ⚡ Timing: matmul=0.16s, sampling=7.86s, total=11.43s
============================================================
Level 147 - SAMPLING
============================================================
  Starting braids: 992115
  Candidates to generate: 5453685
  Processing in 55 chunks...
  Projlen distribution:
    projlen=80: 2 braids
    projlen=81: 45 braids
    projlen=82: 85 braids
    projlen=83: 732 braids
    projlen=84: 2027 braids
    projlen=85: 7809 braids
    projlen=86: 16118 braids
    projlen=87: 69521 braids
    projlen=88: 105746 braids
    projlen=89: 261390 braids
    projlen=90: 250478 braids
    projlen=91: 315423 braids
    projlen=92: 243967 braids
    projlen=93: 305265 braids
    projlen=94: 245013 braids
    projlen=95: 297732 braids
    projlen=96: 251335 braids
    projlen=97: 288574 braids
    projlen=98: 259285 braids
    projlen=99: 280451 braids
    projlen=100: 266092 braids
    projlen=101: 277181 braids
    projlen=102: 266951 braids
    projlen=103: 276729 braids
    projlen=104: 267897 braids
    projlen=105: 276264 braids
    projlen=106: 265770 braids
    projlen=107: 258122 braids
    projlen=108: 97681 braids
  Braids kept: 1126818 (in 29 buckets, 2.64 GB CPU)
  ⚡ Timing: matmul=0.16s, sampling=8.27s, total=12.00s
============================================================
Level 148 - SAMPLING
============================================================
  Starting braids: 976818
  Candidates to generate: 5371768
  Processing in 54 chunks...
  Projlen distribution:
    projlen=80: 1 braids
    projlen=81: 9 braids
    projlen=82: 34 braids
    projlen=83: 397 braids
    projlen=84: 694 braids
    projlen=85: 4779 braids
    projlen=86: 11153 braids
    projlen=87: 41889 braids
    projlen=88: 75536 braids
    projlen=89: 239034 braids
    projlen=90: 258993 braids
    projlen=91: 313338 braids
    projlen=92: 246505 braids
    projlen=93: 305578 braids
    projlen=94: 243523 braids
    projlen=95: 299559 braids
    projlen=96: 248347 braids
    projlen=97: 292235 braids
    projlen=98: 253883 braids
    projlen=99: 286390 braids
    projlen=100: 261888 braids
    projlen=101: 279723 braids
    projlen=102: 267313 braids
    projlen=103: 276147 braids
    projlen=104: 268309 braids
    projlen=105: 275159 braids
    projlen=106: 265506 braids
    projlen=107: 258019 braids
    projlen=108: 97827 braids
  Braids kept: 1108956 (in 29 buckets, 2.61 GB CPU)
  ⚡ Timing: matmul=0.16s, sampling=8.05s, total=11.73s
============================================================
Level 149 - SAMPLING
============================================================
  Starting braids: 958956
  Candidates to generate: 5279070
  Processing in 53 chunks...
  Projlen distribution:
    projlen=81: 9 braids
    projlen=82: 23 braids
    projlen=83: 116 braids
    projlen=84: 353 braids
    projlen=85: 2708 braids
    projlen=86: 4525 braids
    projlen=87: 27107 braids
    projlen=88: 55257 braids
    projlen=89: 194671 braids
    projlen=90: 250352 braids
    projlen=91: 311175 braids
    projlen=92: 255174 braids
    projlen=93: 301623 braids
    projlen=94: 246520 braids
    projlen=95: 300920 braids
    projlen=96: 248187 braids
    projlen=97: 293906 braids
    projlen=98: 251986 braids
    projlen=99: 287681 braids
    projlen=100: 257340 braids
    projlen=101: 283889 braids
    projlen=102: 262861 braids
    projlen=103: 278754 braids
    projlen=104: 267784 braids
    projlen=105: 274858 braids
    projlen=106: 266783 braids
    projlen=107: 256932 braids
    projlen=108: 97576 braids
  Braids kept: 1084841 (in 28 buckets, 2.56 GB CPU)
  ⚡ Timing: matmul=0.16s, sampling=7.93s, total=11.53s
============================================================
Level 150 - SAMPLING
============================================================
  Starting braids: 984841
  Candidates to generate: 5421285
  Processing in 55 chunks...
  Projlen distribution:
    projlen=80: 1 braids
    projlen=81: 10 braids
    projlen=82: 17 braids
    projlen=83: 120 braids
    projlen=84: 177 braids
    projlen=85: 1035 braids
    projlen=86: 2461 braids
    projlen=87: 16274 braids
    projlen=88: 24767 braids
    projlen=89: 131656 braids
    projlen=90: 221016 braids
    projlen=91: 309162 braids
    projlen=92: 264310 braids
    projlen=93: 297138 braids
    projlen=94: 251904 braids
    projlen=95: 297853 braids
    projlen=96: 249968 braids
    projlen=97: 292831 braids
    projlen=98: 251976 braids
    projlen=99: 288754 braids
    projlen=100: 256294 braids
    projlen=101: 285593 braids
    projlen=102: 260476 braids
    projlen=103: 282392 braids
    projlen=104: 264813 braids
    projlen=105: 277628 braids
    projlen=106: 268506 braids
    projlen=107: 271894 braids
    projlen=108: 253390 braids
    projlen=109: 98869 braids
  Braids kept: 1094862 (in 30 buckets, 2.60 GB CPU)
  ⚡ Timing: matmul=0.15s, sampling=8.25s, total=11.99s
============================================================
Level 151 - SAMPLING
============================================================
  Starting braids: 994862
  Candidates to generate: 5472184
  Processing in 55 chunks...
  Projlen distribution:
    projlen=81: 8 braids
    projlen=82: 8 braids
    projlen=83: 99 braids
    projlen=84: 123 braids
    projlen=85: 906 braids
    projlen=86: 1268 braids
    projlen=87: 7321 braids
    projlen=88: 14273 braids
    projlen=89: 81780 braids
    projlen=90: 109568 braids
    projlen=91: 262376 braids
    projlen=92: 270845 braids
    projlen=93: 295874 braids
    projlen=94: 258698 braids
    projlen=95: 292175 braids
    projlen=96: 254750 braids
    projlen=97: 291457 braids
    projlen=98: 253477 braids
    projlen=99: 288762 braids
    projlen=100: 255971 braids
    projlen=101: 285112 braids
    projlen=102: 259270 braids
    projlen=103: 282483 braids
    projlen=104: 261819 braids
    projlen=105: 280021 braids
    projlen=106: 265192 braids
    projlen=107: 276038 braids
    projlen=108: 266074 braids
    projlen=109: 257922 braids
    projlen=110: 98514 braids
  Braids kept: 1124006 (in 30 buckets, 2.69 GB CPU)
  ⚡ Timing: matmul=0.16s, sampling=8.44s, total=12.23s
============================================================
Level 152 - SAMPLING
============================================================
  Starting braids: 974006
  Candidates to generate: 5358872
  Processing in 54 chunks...
  Projlen distribution:
    projlen=81: 5 braids
    projlen=82: 11 braids
    projlen=83: 66 braids
    projlen=84: 68 braids
    projlen=85: 689 braids
    projlen=86: 846 braids
    projlen=87: 5979 braids
    projlen=88: 7815 braids
    projlen=89: 40570 braids
    projlen=90: 65628 braids
    projlen=91: 243955 braids
    projlen=92: 250450 braids
    projlen=93: 312998 braids
    projlen=94: 257712 braids
    projlen=95: 290446 braids
    projlen=96: 260989 braids
    projlen=97: 286772 braids
    projlen=98: 257411 braids
    projlen=99: 287119 braids
    projlen=100: 257786 braids
    projlen=101: 286106 braids
    projlen=102: 259572 braids
    projlen=103: 283074 braids
    projlen=104: 262133 braids
    projlen=105: 279911 braids
    projlen=106: 264386 braids
    projlen=107: 277107 braids
    projlen=108: 263452 braids
    projlen=109: 258273 braids
    projlen=110: 97543 braids
  Braids kept: 1106049 (in 30 buckets, 2.66 GB CPU)
  ⚡ Timing: matmul=0.16s, sampling=8.26s, total=11.99s
============================================================
Level 153 - SAMPLING
============================================================
  Starting braids: 956049
  Candidates to generate: 5268409
  Processing in 53 chunks...
  Projlen distribution:
    projlen=82: 1 braids
    projlen=83: 53 braids
    projlen=84: 67 braids
    projlen=85: 453 braids
    projlen=86: 506 braids
    projlen=87: 4397 braids
    projlen=88: 5166 braids
    projlen=89: 33812 braids
    projlen=90: 40255 braids
    projlen=91: 194949 braids
    projlen=92: 238433 braids
    projlen=93: 320237 braids
    projlen=94: 247000 braids
    projlen=95: 303583 braids
    projlen=96: 252654 braids
    projlen=97: 289256 braids
    projlen=98: 261306 braids
    projlen=99: 283109 braids
    projlen=100: 260202 braids
    projlen=101: 284221 braids
    projlen=102: 260755 braids
    projlen=103: 283217 braids
    projlen=104: 261570 braids
    projlen=105: 281027 braids
    projlen=106: 264897 braids
    projlen=107: 277990 braids
    projlen=108: 263379 braids
    projlen=109: 259330 braids
    projlen=110: 96584 braids
  Braids kept: 1084710 (in 29 buckets, 2.61 GB CPU)
  ⚡ Timing: matmul=0.16s, sampling=7.96s, total=11.61s
============================================================
Level 154 - SAMPLING
============================================================
  Starting braids: 984710
  Candidates to generate: 5420100
  Processing in 55 chunks...
  Projlen distribution:
    projlen=83: 10 braids
    projlen=84: 14 braids
    projlen=85: 378 braids
    projlen=86: 409 braids
    projlen=87: 2891 braids
    projlen=88: 3182 braids
    projlen=89: 25191 braids
    projlen=90: 27729 braids
    projlen=91: 167830 braids
    projlen=92: 177960 braids
    projlen=93: 304157 braids
    projlen=94: 253918 braids
    projlen=95: 305819 braids
    projlen=96: 244771 braids
    projlen=97: 299897 braids
    projlen=98: 253139 braids
    projlen=99: 286759 braids
    projlen=100: 262959 braids
    projlen=101: 280517 braids
    projlen=102: 263123 braids
    projlen=103: 280734 braids
    projlen=104: 262908 braids
    projlen=105: 280879 braids
    projlen=106: 264125 braids
    projlen=107: 279165 braids
    projlen=108: 265864 braids
    projlen=109: 274069 braids
    projlen=110: 251833 braids
    projlen=111: 99870 braids
  Braids kept: 1109804 (in 29 buckets, 2.69 GB CPU)
  ⚡ Timing: matmul=0.16s, sampling=8.37s, total=12.16s
============================================================
Level 155 - SAMPLING
============================================================
  Starting braids: 959804
  Candidates to generate: 5270914
  Processing in 53 chunks...
  Projlen distribution:
    projlen=83: 3 braids
    projlen=84: 11 braids
    projlen=85: 92 braids
    projlen=86: 150 braids
    projlen=87: 2334 braids
    projlen=88: 2472 braids
    projlen=89: 17088 braids
    projlen=90: 17793 braids
    projlen=91: 126191 braids
    projlen=92: 122461 braids
    projlen=93: 284570 braids
    projlen=94: 236206 braids
    projlen=95: 316600 braids
    projlen=96: 244366 braids
    projlen=97: 299420 braids
    projlen=98: 248291 braids
    projlen=99: 294090 braids
    projlen=100: 253848 braids
    projlen=101: 284622 braids
    projlen=102: 262926 braids
    projlen=103: 278571 braids
    projlen=104: 265863 braids
    projlen=105: 279280 braids
    projlen=106: 264797 braids
    projlen=107: 278228 braids
    projlen=108: 265209 braids
    projlen=109: 275220 braids
    projlen=110: 250856 braids
    projlen=111: 99356 braids
  Braids kept: 1089943 (in 29 buckets, 2.65 GB CPU)
  ⚡ Timing: matmul=0.16s, sampling=8.18s, total=11.85s
============================================================
Level 156 - SAMPLING
============================================================
  Starting braids: 989943
  Candidates to generate: 5434045
  Processing in 55 chunks...
  Projlen distribution:
    projlen=84: 5 braids
    projlen=85: 50 braids
    projlen=86: 93 braids
    projlen=87: 792 braids
    projlen=88: 1025 braids
    projlen=89: 13254 braids
    projlen=90: 13569 braids
    projlen=91: 87861 braids
    projlen=92: 80968 braids
    projlen=93: 267039 braids
    projlen=94: 225066 braids
    projlen=95: 329288 braids
    projlen=96: 231364 braids
    projlen=97: 310895 braids
    projlen=98: 243340 braids
    projlen=99: 295436 braids
    projlen=100: 252704 braids
    projlen=101: 289340 braids
    projlen=102: 256822 braids
    projlen=103: 283385 braids
    projlen=104: 264560 braids
    projlen=105: 278044 braids
    projlen=106: 267302 braids
    projlen=107: 277374 braids
    projlen=108: 266952 braids
    projlen=109: 276031 braids
    projlen=110: 264517 braids
    projlen=111: 259251 braids
    projlen=112: 97718 braids
  Braids kept: 1128788 (in 29 buckets, 2.76 GB CPU)
  ⚡ Timing: matmul=0.16s, sampling=8.48s, total=12.29s
============================================================
Level 157 - SAMPLING
============================================================
  Starting braids: 978788
  Candidates to generate: 5369916
  Processing in 54 chunks...
  Projlen distribution:
    projlen=84: 2 braids
    projlen=85: 29 braids
    projlen=86: 51 braids
    projlen=87: 461 braids
    projlen=88: 684 braids
    projlen=89: 5236 braids
    projlen=90: 6219 braids
    projlen=91: 67146 braids
    projlen=92: 62356 braids
    projlen=93: 260766 braids
    projlen=94: 219633 braids
    projlen=95: 336514 braids
    projlen=96: 223563 braids
    projlen=97: 320879 braids
    projlen=98: 230859 braids
    projlen=99: 306662 braids
    projlen=100: 245274 braids
    projlen=101: 291520 braids
    projlen=102: 255324 braids
    projlen=103: 286410 braids
    projlen=104: 259432 braids
    projlen=105: 281771 braids
    projlen=106: 265542 braids
    projlen=107: 277195 braids
    projlen=108: 269124 braids
    projlen=109: 275647 braids
    projlen=110: 266007 braids
    projlen=111: 257871 braids
    projlen=112: 97739 braids
  Braids kept: 1112682 (in 29 buckets, 2.73 GB CPU)
  ⚡ Timing: matmul=0.16s, sampling=8.48s, total=12.24s
============================================================
Level 158 - SAMPLING
============================================================
  Starting braids: 962682
  Candidates to generate: 5272654
  Processing in 53 chunks...
  Projlen distribution:
    projlen=84: 1 braids
    projlen=85: 15 braids
    projlen=86: 25 braids
    projlen=87: 266 braids
    projlen=88: 381 braids
    projlen=89: 3112 braids
    projlen=90: 4064 braids
    projlen=91: 29560 braids
    projlen=92: 30290 braids
    projlen=93: 245365 braids
    projlen=94: 213525 braids
    projlen=95: 341078 braids
    projlen=96: 219249 braids
    projlen=97: 325698 braids
    projlen=98: 221064 braids
    projlen=99: 314685 braids
    projlen=100: 234213 braids
    projlen=101: 301117 braids
    projlen=102: 248981 braids
    projlen=103: 289293 braids
    projlen=104: 259100 braids
    projlen=105: 283907 braids
    projlen=106: 262382 braids
    projlen=107: 280973 braids
    projlen=108: 267474 braids
    projlen=109: 276067 braids
    projlen=110: 266468 braids
    projlen=111: 256446 braids
    projlen=112: 97855 braids
  Braids kept: 1067714 (in 29 buckets, 2.64 GB CPU)
  ⚡ Timing: matmul=0.16s, sampling=8.22s, total=11.93s
============================================================
Level 159 - SAMPLING
============================================================
  Starting braids: 967714
  Candidates to generate: 5290088
  Processing in 53 chunks...
  Projlen distribution:
    projlen=85: 9 braids
    projlen=86: 21 braids
    projlen=87: 121 braids
    projlen=88: 207 braids
    projlen=89: 1849 braids
    projlen=90: 2470 braids
    projlen=91: 18382 braids
    projlen=92: 21382 braids
    projlen=93: 146972 braids
    projlen=94: 132620 braids
    projlen=95: 297604 braids
    projlen=96: 215544 braids
    projlen=97: 331006 braids
    projlen=98: 215371 braids
    projlen=99: 318774 braids
    projlen=100: 225862 braids
    projlen=101: 307045 braids
    projlen=102: 239207 braids
    projlen=103: 296826 braids
    projlen=104: 251974 braids
    projlen=105: 287185 braids
    projlen=106: 261945 braids
    projlen=107: 281468 braids
    projlen=108: 264791 braids
    projlen=109: 278661 braids
    projlen=110: 267784 braids
    projlen=111: 272266 braids
    projlen=112: 253198 braids
    projlen=113: 99544 braids
  Braids kept: 1094441 (in 29 buckets, 2.72 GB CPU)
  ⚡ Timing: matmul=0.16s, sampling=8.31s, total=12.03s
============================================================
Level 160 - SAMPLING
============================================================
  Starting braids: 994441
  Candidates to generate: 5431763
  Processing in 55 chunks...
  Projlen distribution:
    projlen=86: 4 braids
    projlen=87: 100 braids
    projlen=88: 171 braids
    projlen=89: 955 braids
    projlen=90: 1358 braids
    projlen=91: 11266 braids
    projlen=92: 13438 braids
    projlen=93: 92644 braids
    projlen=94: 94092 braids
    projlen=95: 275384 braids
    projlen=96: 219753 braids
    projlen=97: 334786 braids
    projlen=98: 213370 braids
    projlen=99: 323546 braids
    projlen=100: 219123 braids
    projlen=101: 311292 braids
    projlen=102: 232930 braids
    projlen=103: 301922 braids
    projlen=104: 244029 braids
    projlen=105: 291884 braids
    projlen=106: 254720 braids
    projlen=107: 285574 braids
    projlen=108: 263410 braids
    projlen=109: 280721 braids
    projlen=110: 266528 braids
    projlen=111: 276839 braids
    projlen=112: 266079 braids
    projlen=113: 257686 braids
    projlen=114: 98159 braids
  Braids kept: 1127292 (in 29 buckets, 2.82 GB CPU)
  ⚡ Timing: matmul=0.16s, sampling=8.64s, total=12.52s
============================================================
Level 161 - SAMPLING
============================================================
  Starting braids: 977292
  Candidates to generate: 5333216
  Processing in 54 chunks...
  Projlen distribution:
    projlen=87: 23 braids
    projlen=88: 57 braids
    projlen=89: 817 braids
    projlen=90: 1121 braids
    projlen=91: 6363 braids
    projlen=92: 7600 braids
    projlen=93: 57656 braids
    projlen=94: 61192 braids
    projlen=95: 254614 braids
    projlen=96: 226983 braids
    projlen=97: 333280 braids
    projlen=98: 218992 braids
    projlen=99: 325712 braids
    projlen=100: 214712 braids
    projlen=101: 316784 braids
    projlen=102: 226051 braids
    projlen=103: 305912 braids
    projlen=104: 238407 braids
    projlen=105: 296721 braids
    projlen=106: 248497 braids
    projlen=107: 289124 braids
    projlen=108: 257228 braids
    projlen=109: 282531 braids
    projlen=110: 264435 braids
    projlen=111: 278140 braids
    projlen=112: 264736 braids
    projlen=113: 258061 braids
    projlen=114: 97467 braids
  Braids kept: 1115981 (in 28 buckets, 2.80 GB CPU)
  ⚡ Timing: matmul=0.15s, sampling=8.58s, total=12.36s
============================================================
Level 162 - SAMPLING
============================================================
  Starting braids: 965981
  Candidates to generate: 5275579
  Processing in 53 chunks...
  Projlen distribution:
    projlen=87: 10 braids
    projlen=88: 11 braids
    projlen=89: 310 braids
    projlen=90: 497 braids
    projlen=91: 5392 braids
    projlen=92: 6230 braids
    projlen=93: 35397 braids
    projlen=94: 37482 braids
    projlen=95: 240637 braids
    projlen=96: 225846 braids
    projlen=97: 334046 braids
    projlen=98: 226622 braids
    projlen=99: 322166 braids
    projlen=100: 218831 braids
    projlen=101: 318790 braids
    projlen=102: 221744 braids
    projlen=103: 309796 braids
    projlen=104: 231865 braids
    projlen=105: 300693 braids
    projlen=106: 244297 braids
    projlen=107: 293950 braids
    projlen=108: 253414 braids
    projlen=109: 287281 braids
    projlen=110: 260710 braids
    projlen=111: 280798 braids
    projlen=112: 262523 braids
    projlen=113: 259039 braids
    projlen=114: 97202 braids
  Braids kept: 1085329 (in 28 buckets, 2.73 GB CPU)
  ⚡ Timing: matmul=0.16s, sampling=8.23s, total=11.98s
============================================================
Level 163 - SAMPLING
============================================================
  Starting braids: 985329
  Candidates to generate: 5378283
  Processing in 54 chunks...
  Projlen distribution:
    projlen=87: 7 braids
    projlen=88: 21 braids
    projlen=89: 95 braids
    projlen=90: 182 braids
    projlen=91: 2407 braids
    projlen=92: 3160 braids
    projlen=93: 30665 braids
    projlen=94: 31296 braids
    projlen=95: 175193 braids
    projlen=96: 163830 braids
    projlen=97: 307378 braids
    projlen=98: 226279 braids
    projlen=99: 323458 braids
    projlen=100: 224229 braids
    projlen=101: 316489 braids
    projlen=102: 225869 braids
    projlen=103: 310692 braids
    projlen=104: 229766 braids
    projlen=105: 303843 braids
    projlen=106: 238534 braids
    projlen=107: 296854 braids
    projlen=108: 248351 braids
    projlen=109: 289857 braids
    projlen=110: 256886 braids
    projlen=111: 284203 braids
    projlen=112: 262390 braids
    projlen=113: 276552 braids
    projlen=114: 249898 braids
    projlen=115: 99899 braids
  Braids kept: 1117833 (in 29 buckets, 2.83 GB CPU)
  ⚡ Timing: matmul=0.16s, sampling=8.59s, total=12.43s
============================================================
Level 164 - SAMPLING
============================================================
  Starting braids: 967833
  Candidates to generate: 5285919
  Processing in 53 chunks...
  Projlen distribution:
    projlen=88: 4 braids
    projlen=89: 73 braids
    projlen=90: 175 braids
    projlen=91: 864 braids
    projlen=92: 1332 braids
    projlen=93: 15251 braids
    projlen=94: 17123 braids
    projlen=95: 151375 braids
    projlen=96: 135535 braids
    projlen=97: 296218 braids
    projlen=98: 224569 braids
    projlen=99: 328066 braids
    projlen=100: 223181 braids
    projlen=101: 318004 braids
    projlen=102: 228228 braids
    projlen=103: 308484 braids
    projlen=104: 232781 braids
    projlen=105: 304093 braids
    projlen=106: 237067 braids
    projlen=107: 299339 braids
    projlen=108: 245371 braids
    projlen=109: 292422 braids
    projlen=110: 253202 braids
    projlen=111: 287558 braids
    projlen=112: 258771 braids
    projlen=113: 279053 braids
    projlen=114: 247683 braids
    projlen=115: 100097 braids
  Braids kept: 1084822 (in 28 buckets, 2.76 GB CPU)
  ⚡ Timing: matmul=0.16s, sampling=8.37s, total=12.12s
============================================================
Level 165 - SAMPLING
============================================================
  Starting braids: 984822
  Candidates to generate: 5375228
  Processing in 54 chunks...
  Projlen distribution:
    projlen=89: 21 braids
    projlen=90: 66 braids
    projlen=91: 640 braids
    projlen=92: 1123 braids
    projlen=93: 6298 braids
    projlen=94: 7832 braids
    projlen=95: 78462 braids
    projlen=96: 74251 braids
    projlen=97: 268895 braids
    projlen=98: 215195 braids
    projlen=99: 333858 braids
    projlen=100: 221676 braids
    projlen=101: 320735 braids
    projlen=102: 225402 braids
    projlen=103: 310750 braids
    projlen=104: 234359 braids
    projlen=105: 302805 braids
    projlen=106: 239468 braids
    projlen=107: 298804 braids
    projlen=108: 243868 braids
    projlen=109: 294703 braids
    projlen=110: 250443 braids
    projlen=111: 288798 braids
    projlen=112: 256488 braids
    projlen=113: 282777 braids
    projlen=114: 258231 braids
    projlen=115: 262598 braids
    projlen=116: 96682 braids
  Braids kept: 1115980 (in 28 buckets, 2.86 GB CPU)
  ⚡ Timing: matmul=0.14s, sampling=8.71s, total=12.57s
============================================================
Level 166 - SAMPLING
============================================================
  Starting braids: 965980
  Candidates to generate: 5276542
  Processing in 53 chunks...
  Projlen distribution:
    projlen=88: 2 braids
    projlen=89: 9 braids
    projlen=90: 39 braids
    projlen=91: 242 braids
    projlen=92: 546 braids
    projlen=93: 4477 braids
    projlen=94: 6273 braids
    projlen=95: 35379 braids
    projlen=96: 36827 braids
    projlen=97: 249586 braids
    projlen=98: 216880 braids
    projlen=99: 340277 braids
    projlen=100: 214088 braids
    projlen=101: 326083 braids
    projlen=102: 221351 braids
    projlen=103: 313104 braids
    projlen=104: 230808 braids
    projlen=105: 304916 braids
    projlen=106: 240006 braids
    projlen=107: 298032 braids
    projlen=108: 246760 braids
    projlen=109: 294469 braids
    projlen=110: 250475 braids
    projlen=111: 290351 braids
    projlen=112: 254192 braids
    projlen=113: 285607 braids
    projlen=114: 256562 braids
    projlen=115: 263489 braids
    projlen=116: 95712 braids
  Braids kept: 1083794 (in 29 buckets, 2.78 GB CPU)
  ⚡ Timing: matmul=0.16s, sampling=8.31s, total=12.10s
============================================================
Level 167 - SAMPLING
============================================================
  Starting braids: 983794
  Candidates to generate: 5373652
  Processing in 54 chunks...
  Projlen distribution:
    projlen=88: 2 braids
    projlen=89: 8 braids
    projlen=90: 17 braids
    projlen=91: 133 braids
    projlen=92: 326 braids
    projlen=93: 1907 braids
    projlen=94: 3332 braids
    projlen=95: 26031 braids
    projlen=96: 31906 braids
    projlen=97: 175540 braids
    projlen=98: 162202 braids
    projlen=99: 312121 braids
    projlen=100: 217445 braids
    projlen=101: 330425 braids
    projlen=102: 211751 braids
    projlen=103: 320429 braids
    projlen=104: 226576 braids
    projlen=105: 307039 braids
    projlen=106: 237222 braids
    projlen=107: 299046 braids
    projlen=108: 245950 braids
    projlen=109: 293286 braids
    projlen=110: 252418 braids
    projlen=111: 290358 braids
    projlen=112: 255269 braids
    projlen=113: 286577 braids
    projlen=114: 257533 braids
    projlen=115: 280989 braids
    projlen=116: 246312 braids
    projlen=117: 101502 braids
  Braids kept: 1113662 (in 30 buckets, 2.88 GB CPU)
  ⚡ Timing: matmul=0.16s, sampling=8.69s, total=12.58s
============================================================
Level 168 - SAMPLING
============================================================
  Starting braids: 963662
  Candidates to generate: 5257988
  Processing in 53 chunks...
  Projlen distribution:
    projlen=89: 7 braids
    projlen=90: 13 braids
    projlen=91: 88 braids
    projlen=92: 158 braids
    projlen=93: 1143 braids
    projlen=94: 2153 braids
    projlen=95: 12038 braids
    projlen=96: 18006 braids
    projlen=97: 128567 braids
    projlen=98: 138234 braids
    projlen=99: 294703 braids
    projlen=100: 223991 braids
    projlen=101: 331321 braids
    projlen=102: 214580 braids
    projlen=103: 323470 braids
    projlen=104: 217644 braids
    projlen=105: 312256 braids
    projlen=106: 231905 braids
    projlen=107: 301546 braids
    projlen=108: 243547 braids
    projlen=109: 293947 braids
    projlen=110: 251376 braids
    projlen=111: 288767 braids
    projlen=112: 255801 braids
    projlen=113: 286724 braids
    projlen=114: 259095 braids
    projlen=115: 280546 braids
    projlen=116: 245206 braids
    projlen=117: 101156 braids
  Braids kept: 1083606 (in 29 buckets, 2.81 GB CPU)
  ⚡ Timing: matmul=0.15s, sampling=8.36s, total=12.08s
============================================================
Level 169 - SAMPLING
============================================================
  Starting braids: 983606
  Candidates to generate: 5369022
  Processing in 54 chunks...
  Projlen distribution:
    projlen=89: 3 braids
    projlen=90: 10 braids
    projlen=91: 64 braids
    projlen=92: 132 braids
    projlen=93: 673 braids
    projlen=94: 1102 braids
    projlen=95: 7768 braids
    projlen=96: 11729 braids
    projlen=97: 61296 braids
    projlen=98: 78619 braids
    projlen=99: 260098 braids
    projlen=100: 233716 braids
    projlen=101: 325852 braids
    projlen=102: 222260 braids
    projlen=103: 322046 braids
    projlen=104: 217500 braids
    projlen=105: 316089 braids
    projlen=106: 225544 braids
    projlen=107: 307439 braids
    projlen=108: 238195 braids
    projlen=109: 297478 braids
    projlen=110: 248490 braids
    projlen=111: 290193 braids
    projlen=112: 255715 braids
    projlen=113: 285598 braids
    projlen=114: 259992 braids
    projlen=115: 283321 braids
    projlen=116: 258996 braids
    projlen=117: 262459 braids
    projlen=118: 96645 braids
  Braids kept: 1121481 (in 30 buckets, 2.93 GB CPU)
  ⚡ Timing: matmul=0.16s, sampling=8.74s, total=12.63s
============================================================
Level 170 - SAMPLING
============================================================
  Starting braids: 971481
  Candidates to generate: 5314851
  Processing in 54 chunks...
  Projlen distribution:
    projlen=90: 5 braids
    projlen=91: 33 braids
    projlen=92: 87 braids
    projlen=93: 502 braids
    projlen=94: 929 braids
    projlen=95: 4552 braids
    projlen=96: 6507 braids
    projlen=97: 42381 braids
    projlen=98: 55200 braids
    projlen=99: 239629 braids
    projlen=100: 243703 braids
    projlen=101: 325675 braids
    projlen=102: 232587 braids
    projlen=103: 317990 braids
    projlen=104: 224281 braids
    projlen=105: 314265 braids
    projlen=106: 224556 braids
    projlen=107: 310221 braids
    projlen=108: 233085 braids
    projlen=109: 301542 braids
    projlen=110: 243411 braids
    projlen=111: 293805 braids
    projlen=112: 253275 braids
    projlen=113: 287672 braids
    projlen=114: 259100 braids
    projlen=115: 282618 braids
    projlen=116: 258987 braids
    projlen=117: 262088 braids
    projlen=118: 96165 braids
  Braids kept: 1104996 (in 29 buckets, 2.89 GB CPU)
  ⚡ Timing: matmul=0.15s, sampling=8.61s, total=12.46s
============================================================
Level 171 - SAMPLING
============================================================
  Starting braids: 954996
  Candidates to generate: 5231394
  Processing in 53 chunks...
  Projlen distribution:
    projlen=90: 1 braids
    projlen=91: 9 braids
    projlen=92: 51 braids
    projlen=93: 288 braids
    projlen=94: 565 braids
    projlen=95: 3448 braids
    projlen=96: 5516 braids
    projlen=97: 26633 braids
    projlen=98: 33159 braids
    projlen=99: 203741 braids
    projlen=100: 224565 braids
    projlen=101: 325160 braids
    projlen=102: 242327 braids
    projlen=103: 313474 braids
    projlen=104: 231526 braids
    projlen=105: 312217 braids
    projlen=106: 231145 braids
    projlen=107: 306480 braids
    projlen=108: 231902 braids
    projlen=109: 303523 braids
    projlen=110: 240341 braids
    projlen=111: 297093 braids
    projlen=112: 248411 braids
    projlen=113: 290328 braids
    projlen=114: 256829 braids
    projlen=115: 284102 braids
    projlen=116: 259350 braids
    projlen=117: 262649 braids
    projlen=118: 96561 braids
  Braids kept: 1069670 (in 29 buckets, 2.81 GB CPU)
  ⚡ Timing: matmul=0.15s, sampling=8.47s, total=12.27s
============================================================
Level 172 - SAMPLING
============================================================
  Starting braids: 969670
  Candidates to generate: 5302982
  Processing in 54 chunks...
  Projlen distribution:
    projlen=90: 1 braids
    projlen=91: 5 braids
    projlen=92: 17 braids
    projlen=93: 130 braids
    projlen=94: 387 braids
    projlen=95: 2039 braids
    projlen=96: 3408 braids
    projlen=97: 20486 braids
    projlen=98: 28970 braids
    projlen=99: 133296 braids
    projlen=100: 143855 braids
    projlen=101: 290866 braids
    projlen=102: 240973 braids
    projlen=103: 313676 braids
    projlen=104: 236429 braids
    projlen=105: 307545 braids
    projlen=106: 236501 braids
    projlen=107: 305140 braids
    projlen=108: 237592 braids
    projlen=109: 300086 braids
    projlen=110: 239681 braids
    projlen=111: 296864 braids
    projlen=112: 245524 braids
    projlen=113: 293318 braids
    projlen=114: 252854 braids
    projlen=115: 286648 braids
    projlen=116: 259486 braids
    projlen=117: 279071 braids
    projlen=118: 247501 braids
    projlen=119: 100633 braids
  Braids kept: 1105443 (in 30 buckets, 2.92 GB CPU)
  ⚡ Timing: matmul=0.15s, sampling=8.56s, total=12.40s
============================================================
Level 173 - SAMPLING
============================================================
  Starting braids: 955443
  Candidates to generate: 5226917
  Processing in 53 chunks...
  Projlen distribution:
    projlen=91: 3 braids
    projlen=92: 8 braids
    projlen=93: 74 braids
    projlen=94: 140 braids
    projlen=95: 1040 braids
    projlen=96: 2559 braids
    projlen=97: 12394 braids
    projlen=98: 18544 braids
    projlen=99: 103529 braids
    projlen=100: 127353 braids
    projlen=101: 279398 braids
    projlen=102: 237017 braids
    projlen=103: 320537 braids
    projlen=104: 235959 braids
    projlen=105: 308579 braids
    projlen=106: 239631 braids
    projlen=107: 300086 braids
    projlen=108: 241998 braids
    projlen=109: 298307 braids
    projlen=110: 243561 braids
    projlen=111: 295209 braids
    projlen=112: 246470 braids
    projlen=113: 292264 braids
    projlen=114: 251923 braids
    projlen=115: 288261 braids
    projlen=116: 255628 braids
    projlen=117: 280633 braids
    projlen=118: 245236 braids
    projlen=119: 100576 braids
  Braids kept: 1084762 (in 29 buckets, 2.88 GB CPU)
  ⚡ Timing: matmul=0.15s, sampling=8.55s, total=12.33s
============================================================
Level 174 - SAMPLING
============================================================
  Starting braids: 984762
  Candidates to generate: 5393902
  Processing in 54 chunks...
  Projlen distribution:
    projlen=92: 3 braids
    projlen=93: 50 braids
    projlen=94: 78 braids
    projlen=95: 587 braids
    projlen=96: 1033 braids
    projlen=97: 6929 braids
    projlen=98: 14157 braids
    projlen=99: 63623 braids
    projlen=100: 83079 braids
    projlen=101: 255541 braids
    projlen=102: 244777 braids
    projlen=103: 318620 braids
    projlen=104: 235579 braids
    projlen=105: 312841 braids
    projlen=106: 236819 braids
    projlen=107: 302957 braids
    projlen=108: 243354 braids
    projlen=109: 293817 braids
    projlen=110: 248048 braids
    projlen=111: 293130 braids
    projlen=112: 249480 braids
    projlen=113: 292032 braids
    projlen=114: 252200 braids
    projlen=115: 288396 braids
    projlen=116: 255628 braids
    projlen=117: 284129 braids
    projlen=118: 256660 braids
    projlen=119: 264080 braids
    projlen=120: 96275 braids
  Braids kept: 1122837 (in 29 buckets, 2.99 GB CPU)
  ⚡ Timing: matmul=0.17s, sampling=8.94s, total=12.89s
============================================================
Level 175 - SAMPLING
============================================================
  Starting braids: 972837
  Candidates to generate: 5342977
  Processing in 54 chunks...
  Projlen distribution:
    projlen=92: 4 braids
    projlen=93: 15 braids
    projlen=94: 41 braids
    projlen=95: 385 braids
    projlen=96: 609 braids
    projlen=97: 3911 braids
    projlen=98: 6293 braids
    projlen=99: 38410 braids
    projlen=100: 66824 braids
    projlen=101: 240564 braids
    projlen=102: 247591 braids
    projlen=103: 320632 braids
    projlen=104: 241900 braids
    projlen=105: 310519 braids
    projlen=106: 237342 braids
    projlen=107: 305568 braids
    projlen=108: 241017 braids
    projlen=109: 298439 braids
    projlen=110: 249286 braids
    projlen=111: 290961 braids
    projlen=112: 253579 braids
    projlen=113: 289294 braids
    projlen=114: 254379 braids
    projlen=115: 288302 braids
    projlen=116: 256815 braids
    projlen=117: 284611 braids
    projlen=118: 255751 braids
    projlen=119: 263938 braids
    projlen=120: 95997 braids
  Braids kept: 1099668 (in 29 buckets, 2.94 GB CPU)
  ⚡ Timing: matmul=0.16s, sampling=8.88s, total=12.80s
============================================================
Level 176 - SAMPLING
============================================================
  Starting braids: 999668
  Candidates to generate: 5493402
  Processing in 55 chunks...
  Projlen distribution:
    projlen=92: 1 braids
    projlen=93: 15 braids
    projlen=94: 39 braids
    projlen=95: 199 braids
    projlen=96: 325 braids
    projlen=97: 2586 braids
    projlen=98: 3777 braids
    projlen=99: 22903 braids
    projlen=100: 32434 braids
    projlen=101: 181718 braids
    projlen=102: 236953 braids
    projlen=103: 318011 braids
    projlen=104: 246553 braids
    projlen=105: 309704 braids
    projlen=106: 239675 braids
    projlen=107: 304245 braids
    projlen=108: 241764 braids
    projlen=109: 299311 braids
    projlen=110: 245991 braids
    projlen=111: 293244 braids
    projlen=112: 252474 braids
    projlen=113: 287677 braids
    projlen=114: 257048 braids
    projlen=115: 285646 braids
    projlen=116: 257861 braids
    projlen=117: 284364 braids
    projlen=118: 259760 braids
    projlen=119: 280304 braids
    projlen=120: 247513 braids
    projlen=121: 101307 braids
  Braids kept: 1112279 (in 30 buckets, 3.00 GB CPU)
  ⚡ Timing: matmul=0.17s, sampling=8.97s, total=13.01s
============================================================
Level 177 - SAMPLING
============================================================
  Starting braids: 962279
  Candidates to generate: 5285215
  Processing in 53 chunks...
  Projlen distribution:
    projlen=93: 5 braids
    projlen=94: 18 braids
    projlen=95: 176 braids
    projlen=96: 282 braids
    projlen=97: 1535 braids
    projlen=98: 2257 braids
    projlen=99: 15214 braids
    projlen=100: 20570 braids
    projlen=101: 114109 braids
    projlen=102: 142309 braids
    projlen=103: 283850 braids
    projlen=104: 258240 braids
    projlen=105: 304779 braids
    projlen=106: 244166 braids
    projlen=107: 303389 braids
    projlen=108: 243452 braids
    projlen=109: 298632 braids
    projlen=110: 246629 braids
    projlen=111: 293292 braids
    projlen=112: 250482 braids
    projlen=113: 290530 braids
    projlen=114: 256465 braids
    projlen=115: 284757 braids
    projlen=116: 260251 braids
    projlen=117: 281814 braids
    projlen=118: 261008 braids
    projlen=119: 279346 braids
    projlen=120: 246896 braids
    projlen=121: 100762 braids
  Braids kept: 1090057 (in 29 buckets, 2.95 GB CPU)
  ⚡ Timing: matmul=0.16s, sampling=8.79s, total=12.67s
============================================================
Level 178 - SAMPLING
============================================================
  Starting braids: 990057
  Candidates to generate: 5444909
  Processing in 55 chunks...
  Projlen distribution:
    projlen=92: 1 braids
    projlen=93: 2 braids
    projlen=94: 11 braids
    projlen=95: 73 braids
    projlen=96: 183 braids
    projlen=97: 1174 braids
    projlen=98: 1872 braids
    projlen=99: 9700 braids
    projlen=100: 12825 braids
    projlen=101: 77293 braids
    projlen=102: 92282 braids
    projlen=103: 261087 braids
    projlen=104: 247028 braids
    projlen=105: 315268 braids
    projlen=106: 250237 braids
    projlen=107: 299831 braids
    projlen=108: 248604 braids
    projlen=109: 296841 braids
    projlen=110: 248021 braids
    projlen=111: 293851 braids
    projlen=112: 251598 braids
    projlen=113: 289517 braids
    projlen=114: 255034 braids
    projlen=115: 286985 braids
    projlen=116: 258790 braids
    projlen=117: 283564 braids
    projlen=118: 263131 braids
    projlen=119: 278372 braids
    projlen=120: 261793 braids
    projlen=121: 262858 braids
    projlen=122: 97083 braids
  Braids kept: 1125841 (in 31 buckets, 3.06 GB CPU)
  ⚡ Timing: matmul=0.16s, sampling=9.22s, total=13.26s
============================================================
Level 179 - SAMPLING
============================================================
  Starting braids: 975841
  Candidates to generate: 5361835
  Processing in 54 chunks...
  Projlen distribution:
    projlen=92: 1 braids
    projlen=93: 2 braids
    projlen=94: 7 braids
    projlen=95: 32 braids
    projlen=96: 79 braids
    projlen=97: 586 braids
    projlen=98: 1212 braids
    projlen=99: 7142 braids
    projlen=100: 10316 braids
    projlen=101: 51526 braids
    projlen=102: 60366 braids
    projlen=103: 246716 braids
    projlen=104: 240285 braids
    projlen=105: 323200 braids
    projlen=106: 241912 braids
    projlen=107: 306214 braids
    projlen=108: 247760 braids
    projlen=109: 294677 braids
    projlen=110: 252452 braids
    projlen=111: 291786 braids
    projlen=112: 251741 braids
    projlen=113: 290071 braids
    projlen=114: 254606 braids
    projlen=115: 285977 braids
    projlen=116: 258328 braids
    projlen=117: 283665 braids
    projlen=118: 261615 braids
    projlen=119: 280851 braids
    projlen=120: 262262 braids
    projlen=121: 259832 braids
    projlen=122: 96616 braids
  Braids kept: 1119377 (in 31 buckets, 3.05 GB CPU)
  ⚡ Timing: matmul=0.16s, sampling=9.09s, total=13.08s
============================================================
Level 180 - SAMPLING
============================================================
  Starting braids: 969377
  Candidates to generate: 5327951
  Processing in 54 chunks...
  Projlen distribution:
    projlen=93: 3 braids
    projlen=94: 4 braids
    projlen=95: 26 braids
    projlen=96: 61 braids
    projlen=97: 269 braids
    projlen=98: 565 braids
    projlen=99: 3953 braids
    projlen=100: 6983 braids
    projlen=101: 38714 braids
    projlen=102: 51207 braids
    projlen=103: 239984 braids
    projlen=104: 237866 braids
    projlen=105: 327388 braids
    projlen=106: 237409 braids
    projlen=107: 312810 braids
    projlen=108: 238837 braids
    projlen=109: 301724 braids
    projlen=110: 250773 braids
    projlen=111: 290146 braids
    projlen=112: 255547 braids
    projlen=113: 287512 braids
    projlen=114: 256185 braids
    projlen=115: 286512 braids
    projlen=116: 257992 braids
    projlen=117: 284333 braids
    projlen=118: 261687 braids
    projlen=119: 280900 braids
    projlen=120: 260663 braids
    projlen=121: 261231 braids
    projlen=122: 96667 braids
  Braids kept: 1100578 (in 30 buckets, 3.01 GB CPU)
  ⚡ Timing: matmul=0.15s, sampling=8.91s, total=12.86s
============================================================
Level 181 - SAMPLING
============================================================
  Starting braids: 950578
  Candidates to generate: 5223548
  Processing in 53 chunks...
  Projlen distribution:
    projlen=94: 1 braids
    projlen=95: 28 braids
    projlen=96: 40 braids
    projlen=97: 222 braids
    projlen=98: 420 braids
    projlen=99: 1936 braids
    projlen=100: 3569 braids
    projlen=101: 23233 braids
    projlen=102: 36007 braids
    projlen=103: 188535 braids
    projlen=104: 219808 braids
    projlen=105: 326665 braids
    projlen=106: 238048 braids
    projlen=107: 315289 braids
    projlen=108: 233900 braids
    projlen=109: 307829 braids
    projlen=110: 241304 braids
    projlen=111: 296474 braids
    projlen=112: 253205 braids
    projlen=113: 287154 braids
    projlen=114: 259563 braids
    projlen=115: 284286 braids
    projlen=116: 259320 braids
    projlen=117: 283403 braids
    projlen=118: 261624 braids
    projlen=119: 281504 braids
    projlen=120: 261553 braids
    projlen=121: 261895 braids
    projlen=122: 96733 braids
  Braids kept: 1065456 (in 29 buckets, 2.92 GB CPU)
  ⚡ Timing: matmul=0.15s, sampling=8.75s, total=12.62s
============================================================
Level 182 - SAMPLING
============================================================
  Starting braids: 965456
  Candidates to generate: 5300436
  Processing in 54 chunks...
  Projlen distribution:
    projlen=95: 4 braids
    projlen=96: 19 braids
    projlen=97: 204 braids
    projlen=98: 263 braids
    projlen=99: 1592 braids
    projlen=100: 2545 braids
    projlen=101: 12265 braids
    projlen=102: 19757 braids
    projlen=103: 116097 braids
    projlen=104: 155811 braids
    projlen=105: 293013 braids
    projlen=106: 245104 braids
    projlen=107: 312741 braids
    projlen=108: 234606 braids
    projlen=109: 309116 braids
    projlen=110: 237257 braids
    projlen=111: 301613 braids
    projlen=112: 245898 braids
    projlen=113: 292301 braids
    projlen=114: 256193 braids
    projlen=115: 285220 braids
    projlen=116: 262530 braids
    projlen=117: 283068 braids
    projlen=118: 262880 braids
    projlen=119: 281064 braids
    projlen=120: 262649 braids
    projlen=121: 276256 braids
    projlen=122: 249724 braids
    projlen=123: 100646 braids
  Braids kept: 1086649 (in 29 buckets, 3.00 GB CPU)
  ⚡ Timing: matmul=0.15s, sampling=9.04s, total=12.99s
============================================================
Level 183 - SAMPLING
============================================================
  Starting braids: 986649
  Candidates to generate: 5421939
  Processing in 55 chunks...
  Projlen distribution:
    projlen=95: 4 braids
    projlen=96: 5 braids
    projlen=97: 71 braids
    projlen=98: 167 braids
    projlen=99: 1279 braids
    projlen=100: 1673 braids
    projlen=101: 9794 braids
    projlen=102: 14261 braids
    projlen=103: 64258 braids
    projlen=104: 88548 braids
    projlen=105: 256988 braids
    projlen=106: 252100 braids
    projlen=107: 314286 braids
    projlen=108: 240435 braids
    projlen=109: 306503 braids
    projlen=110: 238837 braids
    projlen=111: 302015 braids
    projlen=112: 242124 braids
    projlen=113: 295751 braids
    projlen=114: 250095 braids
    projlen=115: 289396 braids
    projlen=116: 259455 braids
    projlen=117: 283253 braids
    projlen=118: 264543 braids
    projlen=119: 281268 braids
    projlen=120: 264584 braids
    projlen=121: 278844 braids
    projlen=122: 263220 braids
    projlen=123: 260665 braids
    projlen=124: 97517 braids
  Braids kept: 1127254 (in 30 buckets, 3.13 GB CPU)
  ⚡ Timing: matmul=0.15s, sampling=9.42s, total=13.50s
============================================================
Level 184 - SAMPLING
============================================================
  Starting braids: 977254
  Candidates to generate: 5375482
  Processing in 54 chunks...
  Projlen distribution:
    projlen=94: 1 braids
    projlen=95: 2 braids
    projlen=96: 3 braids
    projlen=97: 59 braids
    projlen=98: 70 braids
    projlen=99: 540 braids
    projlen=100: 1105 braids
    projlen=101: 7445 braids
    projlen=102: 9296 braids
    projlen=103: 52641 braids
    projlen=104: 67797 braids
    projlen=105: 243868 braids
    projlen=106: 251670 braids
    projlen=107: 317655 braids
    projlen=108: 246044 braids
    projlen=109: 306068 braids
    projlen=110: 242042 braids
    projlen=111: 300891 braids
    projlen=112: 243764 braids
    projlen=113: 296259 braids
    projlen=114: 247099 braids
    projlen=115: 292075 braids
    projlen=116: 254032 braids
    projlen=117: 287146 braids
    projlen=118: 261864 braids
    projlen=119: 280908 braids
    projlen=120: 266008 braids
    projlen=121: 278687 braids
    projlen=122: 263020 braids
    projlen=123: 260274 braids
    projlen=124: 97149 braids
  Braids kept: 1118521 (in 31 buckets, 3.11 GB CPU)
  ⚡ Timing: matmul=0.16s, sampling=9.26s, total=13.29s
============================================================
Level 185 - SAMPLING
============================================================
  Starting braids: 968521
  Candidates to generate: 5330733
  Processing in 54 chunks...
  Projlen distribution:
    projlen=94: 1 braids
    projlen=95: 2 braids
    projlen=96: 4 braids
    projlen=97: 25 braids
    projlen=98: 29 braids
    projlen=99: 419 braids
    projlen=100: 498 braids
    projlen=101: 3785 braids
    projlen=102: 6308 braids
    projlen=103: 39935 braids
    projlen=104: 46253 braids
    projlen=105: 238244 braids
    projlen=106: 244103 braids
    projlen=107: 324418 braids
    projlen=108: 248474 braids
    projlen=109: 306414 braids
    projlen=110: 243237 braids
    projlen=111: 300590 braids
    projlen=112: 246652 braids
    projlen=113: 294546 braids
    projlen=114: 249236 braids
    projlen=115: 292183 braids
    projlen=116: 251742 braids
    projlen=117: 288920 braids
    projlen=118: 257333 braids
    projlen=119: 284783 braids
    projlen=120: 263848 braids
    projlen=121: 278990 braids
    projlen=122: 263854 braids
    projlen=123: 258909 braids
    projlen=124: 96998 braids
  Braids kept: 1097259 (in 31 buckets, 3.06 GB CPU)
  ⚡ Timing: matmul=0.15s, sampling=9.03s, total=13.04s
============================================================
Level 186 - SAMPLING
============================================================
  Starting braids: 997259
  Candidates to generate: 5474925
  Processing in 55 chunks...
  Projlen distribution:
    projlen=95: 3 braids
    projlen=96: 5 braids
    projlen=97: 27 braids
    projlen=98: 29 braids
    projlen=99: 162 braids
    projlen=100: 245 braids
    projlen=101: 2666 braids
    projlen=102: 3161 braids
    projlen=103: 22573 braids
    projlen=104: 32593 braids
    projlen=105: 193887 braids
    projlen=106: 202785 braids
    projlen=107: 320526 braids
    projlen=108: 240763 braids
    projlen=109: 311474 braids
    projlen=110: 242348 braids
    projlen=111: 302724 braids
    projlen=112: 246548 braids
    projlen=113: 294391 braids
    projlen=114: 251146 braids
    projlen=115: 289901 braids
    projlen=116: 254365 braids
    projlen=117: 288144 braids
    projlen=118: 256626 braids
    projlen=119: 285638 braids
    projlen=120: 260045 braids
    projlen=121: 282216 braids
    projlen=122: 263881 braids
    projlen=123: 274271 braids
    projlen=124: 251801 braids
    projlen=125: 99981 braids
  Braids kept: 1111464 (in 31 buckets, 3.12 GB CPU)
  ⚡ Timing: matmul=0.16s, sampling=9.35s, total=13.50s
============================================================
Level 187 - SAMPLING
============================================================
  Starting braids: 961464
  Candidates to generate: 5276236
  Processing in 53 chunks...
  Projlen distribution:
    projlen=96: 1 braids
    projlen=97: 28 braids
    projlen=98: 28 braids
    projlen=99: 184 braids
    projlen=100: 190 braids
    projlen=101: 1141 braids
    projlen=102: 1674 braids
    projlen=103: 15651 braids
    projlen=104: 17317 braids
    projlen=105: 113539 braids
    projlen=106: 140255 braids
    projlen=107: 291141 braids
    projlen=108: 235411 braids
    projlen=109: 318271 braids
    projlen=110: 234619 braids
    projlen=111: 306591 braids
    projlen=112: 244251 braids
    projlen=113: 297649 braids
    projlen=114: 250477 braids
    projlen=115: 290881 braids
    projlen=116: 254826 braids
    projlen=117: 286386 braids
    projlen=118: 258889 braids
    projlen=119: 285229 braids
    projlen=120: 260021 braids
    projlen=121: 282350 braids
    projlen=122: 262359 braids
    projlen=123: 277233 braids
    projlen=124: 249860 braids
    projlen=125: 99784 braids
  Braids kept: 1086214 (in 30 buckets, 3.06 GB CPU)
  ⚡ Timing: matmul=0.16s, sampling=9.06s, total=13.05s
============================================================
Level 188 - SAMPLING
============================================================
  Starting braids: 986214
  Candidates to generate: 5416534
  Processing in 55 chunks...
  Projlen distribution:
    projlen=97: 7 braids
    projlen=98: 10 braids
    projlen=99: 179 braids
    projlen=100: 167 braids
    projlen=101: 1209 braids
    projlen=102: 1218 braids
    projlen=103: 7482 braids
    projlen=104: 9571 braids
    projlen=105: 78267 braids
    projlen=106: 77253 braids
    projlen=107: 257402 braids
    projlen=108: 244100 braids
    projlen=109: 320045 braids
    projlen=110: 232874 braids
    projlen=111: 312125 braids
    projlen=112: 236533 braids
    projlen=113: 301101 braids
    projlen=114: 248101 braids
    projlen=115: 292665 braids
    projlen=116: 254593 braids
    projlen=117: 288535 braids
    projlen=118: 258395 braids
    projlen=119: 285568 braids
    projlen=120: 261924 braids
    projlen=121: 282704 braids
    projlen=122: 264735 braids
    projlen=123: 279493 braids
    projlen=124: 262113 braids
    projlen=125: 260928 braids
    projlen=126: 97237 braids
  Braids kept: 1119843 (in 30 buckets, 3.17 GB CPU)
  ⚡ Timing: matmul=0.16s, sampling=9.49s, total=13.63s
============================================================
Level 189 - SAMPLING
============================================================
  Starting braids: 969843
  Candidates to generate: 5316383
  Processing in 54 chunks...
  Projlen distribution:
    projlen=97: 3 braids
    projlen=98: 5 braids
    projlen=99: 64 braids
    projlen=100: 88 braids
    projlen=101: 1075 braids
    projlen=102: 1037 braids
    projlen=103: 7314 braids
    projlen=104: 6992 braids
    projlen=105: 40366 braids
    projlen=106: 44416 braids
    projlen=107: 246016 braids
    projlen=108: 222356 braids
    projlen=109: 329307 braids
    projlen=110: 238818 braids
    projlen=111: 310516 braids
    projlen=112: 235364 braids
    projlen=113: 305884 braids
    projlen=114: 241300 braids
    projlen=115: 296845 braids
    projlen=116: 251572 braids
    projlen=117: 287384 braids
    projlen=118: 257208 braids
    projlen=119: 285301 braids
    projlen=120: 261535 braids
    projlen=121: 282010 braids
    projlen=122: 263606 braids
    projlen=123: 280381 braids
    projlen=124: 262756 braids
    projlen=125: 260031 braids
    projlen=126: 96833 braids
  Braids kept: 1101360 (in 30 buckets, 3.13 GB CPU)
  ⚡ Timing: matmul=0.15s, sampling=9.16s, total=13.21s
============================================================
Level 190 - SAMPLING
============================================================
  Starting braids: 951360
  Candidates to generate: 5216198
  Processing in 53 chunks...
  Projlen distribution:
    projlen=98: 4 braids
    projlen=99: 24 braids
    projlen=100: 46 braids
    projlen=101: 499 braids
    projlen=102: 626 braids
    projlen=103: 6214 braids
    projlen=104: 5755 braids
    projlen=105: 39980 braids
    projlen=106: 35667 braids
    projlen=107: 199327 braids
    projlen=108: 194520 braids
    projlen=109: 323288 braids
    projlen=110: 224580 braids
    projlen=111: 320582 braids
    projlen=112: 232991 braids
    projlen=113: 306623 braids
    projlen=114: 241361 braids
    projlen=115: 298732 braids
    projlen=116: 245849 braids
    projlen=117: 292381 braids
    projlen=118: 253633 braids
    projlen=119: 285757 braids
    projlen=120: 260944 braids
    projlen=121: 282337 braids
    projlen=122: 263539 braids
    projlen=123: 280162 braids
    projlen=124: 262427 braids
    projlen=125: 260978 braids
    projlen=126: 97372 braids
  Braids kept: 1088815 (in 29 buckets, 3.10 GB CPU)
  ⚡ Timing: matmul=0.15s, sampling=8.98s, total=12.94s
============================================================
Level 191 - SAMPLING
============================================================
  Starting braids: 988815
  Candidates to generate: 5410927
  Processing in 55 chunks...
  Projlen distribution:
    projlen=98: 2 braids
    projlen=99: 12 braids
    projlen=100: 17 braids
    projlen=101: 196 braids
    projlen=102: 289 braids
    projlen=103: 3386 braids
    projlen=104: 3659 braids
    projlen=105: 33661 braids
    projlen=106: 29590 braids
    projlen=107: 197099 braids
    projlen=108: 158396 braids
    projlen=109: 304805 braids
    projlen=110: 229488 braids
    projlen=111: 323905 braids
    projlen=112: 222138 braids
    projlen=113: 315583 braids
    projlen=114: 235191 braids
    projlen=115: 300693 braids
    projlen=116: 246226 braids
    projlen=117: 292665 braids
    projlen=118: 250269 braids
    projlen=119: 288762 braids
    projlen=120: 256580 braids
    projlen=121: 283410 braids
    projlen=122: 262462 braids
    projlen=123: 280383 braids
    projlen=124: 264224 braids
    projlen=125: 276272 braids
    projlen=126: 251220 braids
    projlen=127: 100344 braids
  Braids kept: 1120812 (in 30 buckets, 3.21 GB CPU)
  ⚡ Timing: matmul=0.15s, sampling=9.53s, total=13.66s
============================================================
Level 192 - SAMPLING
============================================================
  Starting braids: 970812
  Candidates to generate: 5302638
  Processing in 54 chunks...
  Projlen distribution:
    projlen=98: 1 braids
    projlen=99: 11 braids
    projlen=100: 18 braids
    projlen=101: 112 braids
    projlen=102: 154 braids
    projlen=103: 1431 braids
    projlen=104: 1870 braids
    projlen=105: 19784 braids
    projlen=106: 19316 braids
    projlen=107: 164144 braids
    projlen=108: 129782 braids
    projlen=109: 299357 braids
    projlen=110: 208705 braids
    projlen=111: 332670 braids
    projlen=112: 224637 braids
    projlen=113: 316832 braids
    projlen=114: 227117 braids
    projlen=115: 306948 braids
    projlen=116: 238753 braids
    projlen=117: 296059 braids
    projlen=118: 251774 braids
    projlen=119: 289947 braids
    projlen=120: 256082 braids
    projlen=121: 285709 braids
    projlen=122: 259847 braids
    projlen=123: 282075 braids
    projlen=124: 264011 braids
    projlen=125: 275583 braids
    projlen=126: 249907 braids
    projlen=127: 100002 braids
  Braids kept: 1092697 (in 30 buckets, 3.14 GB CPU)
  ⚡ Timing: matmul=0.15s, sampling=9.29s, total=13.34s
============================================================
Level 193 - SAMPLING
============================================================
  Starting braids: 992697
  Candidates to generate: 5413009
  Processing in 55 chunks...
  Projlen distribution:
    projlen=98: 1 braids
    projlen=99: 5 braids
    projlen=100: 8 braids
    projlen=101: 99 braids
    projlen=102: 117 braids
    projlen=103: 933 braids
    projlen=104: 1064 braids
    projlen=105: 9499 braids
    projlen=106: 10146 braids
    projlen=107: 99394 braids
    projlen=108: 83695 braids
    projlen=109: 275828 braids
    projlen=110: 203363 braids
    projlen=111: 340416 braids
    projlen=112: 205990 braids
    projlen=113: 325716 braids
    projlen=114: 223795 braids
    projlen=115: 309982 braids
    projlen=116: 234346 braids
    projlen=117: 301678 braids
    projlen=118: 243963 braids
    projlen=119: 293910 braids
    projlen=120: 255919 braids
    projlen=121: 286500 braids
    projlen=122: 258873 braids
    projlen=123: 283516 braids
    projlen=124: 262664 braids
    projlen=125: 280534 braids
    projlen=126: 262457 braids
    projlen=127: 260626 braids
    projlen=128: 97972 braids
  Braids kept: 1121872 (in 31 buckets, 3.24 GB CPU)
  ⚡ Timing: matmul=0.15s, sampling=9.80s, total=13.96s
============================================================
Level 194 - SAMPLING
============================================================
  Starting braids: 971872
  Candidates to generate: 5297482
  Processing in 53 chunks...
  Projlen distribution:
    projlen=99: 3 braids
    projlen=100: 5 braids
    projlen=101: 52 braids
    projlen=102: 62 braids
    projlen=103: 753 braids
    projlen=104: 753 braids
    projlen=105: 6362 braids
    projlen=106: 6266 braids
    projlen=107: 50979 braids
    projlen=108: 45945 braids
    projlen=109: 256870 braids
    projlen=110: 206921 braids
    projlen=111: 343350 braids
    projlen=112: 203733 braids
    projlen=113: 333624 braids
    projlen=114: 206195 braids
    projlen=115: 320340 braids
    projlen=116: 227666 braids
    projlen=117: 304932 braids
    projlen=118: 241087 braids
    projlen=119: 296892 braids
    projlen=120: 248933 braids
    projlen=121: 290358 braids
    projlen=122: 258519 braids
    projlen=123: 283703 braids
    projlen=124: 262002 braids
    projlen=125: 281525 braids
    projlen=126: 261915 braids
    projlen=127: 260958 braids
    projlen=128: 96779 braids
  Braids kept: 1110201 (in 30 buckets, 3.21 GB CPU)
  ⚡ Timing: matmul=0.17s, sampling=9.32s, total=13.40s
============================================================
Level 195 - SAMPLING
============================================================
  Starting braids: 960201
  Candidates to generate: 5232335
  Processing in 53 chunks...
  Projlen distribution:
    projlen=100: 2 braids
    projlen=101: 25 braids
    projlen=102: 42 braids
    projlen=103: 401 braids
    projlen=104: 454 braids
    projlen=105: 4788 braids
    projlen=106: 4530 braids
    projlen=107: 36245 braids
    projlen=108: 31938 braids
    projlen=109: 246631 braids
    projlen=110: 200769 braids
    projlen=111: 337050 braids
    projlen=112: 208186 braids
    projlen=113: 334302 braids
    projlen=114: 202349 braids
    projlen=115: 326080 braids
    projlen=116: 213217 braids
    projlen=117: 313311 braids
    projlen=118: 232774 braids
    projlen=119: 300445 braids
    projlen=120: 246032 braids
    projlen=121: 291764 braids
    projlen=122: 253508 braids
    projlen=123: 287125 braids
    projlen=124: 260566 braids
    projlen=125: 281061 braids
    projlen=126: 261361 braids
    projlen=127: 261195 braids
    projlen=128: 96184 braids
  Braids kept: 1078425 (in 29 buckets, 3.13 GB CPU)
  ⚡ Timing: matmul=0.15s, sampling=9.23s, total=13.27s
============================================================
Level 196 - SAMPLING
============================================================
  Starting braids: 978425
  Candidates to generate: 5322465
  Processing in 54 chunks...
  Projlen distribution:
    projlen=101: 12 braids
    projlen=102: 14 braids
    projlen=103: 198 braids
    projlen=104: 323 braids
    projlen=105: 2563 braids
    projlen=106: 2861 braids
    projlen=107: 27442 braids
    projlen=108: 23490 braids
    projlen=109: 181355 braids
    projlen=110: 140190 braids
    projlen=111: 307003 braids
    projlen=112: 209688 braids
    projlen=113: 336962 braids
    projlen=114: 204570 braids
    projlen=115: 327588 braids
    projlen=116: 209329 braids
    projlen=117: 318914 braids
    projlen=118: 220731 braids
    projlen=119: 307740 braids
    projlen=120: 237234 braids
    projlen=121: 295352 braids
    projlen=122: 251081 braids
    projlen=123: 288527 braids
    projlen=124: 256527 braids
    projlen=125: 284277 braids
    projlen=126: 261446 braids
    projlen=127: 276616 braids
    projlen=128: 249902 braids
    projlen=129: 100530 braids
  Braids kept: 1106903 (in 29 buckets, 3.23 GB CPU)
  ⚡ Timing: matmul=0.23s, sampling=9.56s, total=15.25s
============================================================
Level 197 - SAMPLING
============================================================
  Starting braids: 956903
  Candidates to generate: 5197331
  Processing in 52 chunks...
  Projlen distribution:
    projlen=101: 2 braids
    projlen=102: 6 braids
    projlen=103: 104 braids
    projlen=104: 134 braids
    projlen=105: 1302 braids
    projlen=106: 2032 braids
    projlen=107: 15168 braids
    projlen=108: 15464 braids
    projlen=109: 136217 braids
    projlen=110: 103226 braids
    projlen=111: 291410 braids
    projlen=112: 202421 braids
    projlen=113: 342686 braids
    projlen=114: 204631 braids
    projlen=115: 329493 braids
    projlen=116: 209122 braids
    projlen=117: 320946 braids
    projlen=118: 216968 braids
    projlen=119: 311882 braids
    projlen=120: 229217 braids
    projlen=121: 303005 braids
    projlen=122: 243863 braids
    projlen=123: 291655 braids
    projlen=124: 254927 braids
    projlen=125: 285566 braids
    projlen=126: 259382 braids
    projlen=127: 278661 braids
    projlen=128: 247278 braids
    projlen=129: 100563 braids
  Braids kept: 1084212 (in 29 buckets, 3.17 GB CPU)
  ⚡ Timing: matmul=0.21s, sampling=9.25s, total=14.82s
============================================================
Level 198 - SAMPLING
============================================================
  Starting braids: 984212
  Candidates to generate: 5337776
  Processing in 54 chunks...
  Projlen distribution:
    projlen=102: 4 braids
    projlen=103: 20 braids
    projlen=104: 47 braids
    projlen=105: 757 braids
    projlen=106: 843 braids
    projlen=107: 7968 braids
    projlen=108: 10924 braids
    projlen=109: 77150 braids
    projlen=110: 68710 braids
    projlen=111: 271536 braids
    projlen=112: 197396 braids
    projlen=113: 348117 braids
    projlen=114: 199142 braids
    projlen=115: 334348 braids
    projlen=116: 204246 braids
    projlen=117: 322551 braids
    projlen=118: 216368 braids
    projlen=119: 313668 braids
    projlen=120: 225866 braids
    projlen=121: 306609 braids
    projlen=122: 236927 braids
    projlen=123: 298633 braids
    projlen=124: 247883 braids
    projlen=125: 288692 braids
    projlen=126: 258461 braids
    projlen=127: 282729 braids
    projlen=128: 260429 braids
    projlen=129: 261327 braids
    projlen=130: 96425 braids
  Braids kept: 1120563 (in 29 buckets, 3.30 GB CPU)
  ⚡ Timing: matmul=0.18s, sampling=9.70s, total=15.44s
============================================================
Level 199 - SAMPLING
============================================================
  Starting braids: 970563
  Candidates to generate: 5261561
  Processing in 53 chunks...
  Projlen distribution:
    projlen=102: 1 braids
    projlen=103: 18 braids
    projlen=104: 29 braids
    projlen=105: 247 braids
    projlen=106: 378 braids
    projlen=107: 4771 braids
    projlen=108: 4732 braids
    projlen=109: 41462 braids
    projlen=110: 50575 braids
    projlen=111: 253887 braids
    projlen=112: 214046 braids
    projlen=113: 346353 braids
    projlen=114: 197536 braids
    projlen=115: 339728 braids
    projlen=116: 196816 braids
    projlen=117: 327470 braids
    projlen=118: 210410 braids
    projlen=119: 315852 braids
    projlen=120: 224271 braids
    projlen=121: 307087 braids
    projlen=122: 232899 braids
    projlen=123: 300551 braids
    projlen=124: 243949 braids
    projlen=125: 293165 braids
    projlen=126: 251776 braids
    projlen=127: 285710 braids
    projlen=128: 258600 braids
    projlen=129: 262635 braids
    projlen=130: 96607 braids
  Braids kept: 1101638 (in 29 buckets, 3.25 GB CPU)
  ⚡ Timing: matmul=0.19s, sampling=9.43s, total=15.10s
============================================================
Level 200 - SAMPLING
============================================================
  Starting braids: 951638
  Candidates to generate: 5157680
  Processing in 52 chunks...
  Projlen distribution:
    projlen=103: 7 braids
    projlen=104: 7 braids
    projlen=105: 198 braids
    projlen=106: 240 braids
    projlen=107: 1900 braids
    projlen=108: 2311 braids
    projlen=109: 26311 braids
    projlen=110: 23971 braids
    projlen=111: 199772 braids
    projlen=112: 215719 braids
    projlen=113: 336531 braids
    projlen=114: 216888 braids
    projlen=115: 334741 braids
    projlen=116: 196004 braids
    projlen=117: 332900 braids
    projlen=118: 201881 braids
    projlen=119: 320922 braids
    projlen=120: 218445 braids
    projlen=121: 309180 braids
    projlen=122: 231383 braids
    projlen=123: 301504 braids
    projlen=124: 240351 braids
    projlen=125: 295891 braids
    projlen=126: 248439 braids
    projlen=127: 288671 braids
    projlen=128: 252755 braids
    projlen=129: 265559 braids
    projlen=130: 95199 braids
  Braids kept: 1054945 (in 28 buckets, 3.13 GB CPU)
  ⚡ Timing: matmul=0.19s, sampling=9.23s, total=14.77s
============================================================
Level 201 - SAMPLING
============================================================
  Starting braids: 954945
  Candidates to generate: 5175365
  Processing in 52 chunks...
  Projlen distribution:
    projlen=103: 3 braids
    projlen=104: 5 braids
    projlen=105: 70 braids
    projlen=106: 102 braids
    projlen=107: 1412 braids
    projlen=108: 1575 braids
    projlen=109: 11916 braids
    projlen=110: 12353 braids
    projlen=111: 127223 braids
    projlen=112: 102510 braids
    projlen=113: 276623 braids
    projlen=114: 235117 braids
    projlen=115: 322494 braids
    projlen=116: 216617 braids
    projlen=117: 326942 braids
    projlen=118: 203999 braids
    projlen=119: 324584 braids
    projlen=120: 209156 braids
    projlen=121: 315840 braids
    projlen=122: 226856 braids
    projlen=123: 303977 braids
    projlen=124: 239051 braids
    projlen=125: 297004 braids
    projlen=126: 246781 braids
    projlen=127: 292369 braids
    projlen=128: 252574 braids
    projlen=129: 282938 braids
    projlen=130: 243471 braids
    projlen=131: 101803 braids
  Braids kept: 1077436 (in 29 buckets, 3.21 GB CPU)
  ⚡ Timing: matmul=0.19s, sampling=9.39s, total=14.95s
============================================================
Level 202 - SAMPLING
============================================================
  Starting braids: 977436
  Candidates to generate: 5302582
  Processing in 54 chunks...
  Projlen distribution:
    projlen=104: 4 braids
    projlen=105: 30 braids
    projlen=106: 66 braids
    projlen=107: 527 braids
    projlen=108: 812 braids
    projlen=109: 8576 braids
    projlen=110: 8657 braids
    projlen=111: 62120 braids
    projlen=112: 54293 braids
    projlen=113: 260944 braids
    projlen=114: 202454 braids
    projlen=115: 336234 braids
    projlen=116: 228796 braids
    projlen=117: 315280 braids
    projlen=118: 224051 braids
    projlen=119: 316143 braids
    projlen=120: 213361 braids
    projlen=121: 316492 braids
    projlen=122: 217599 braids
    projlen=123: 310208 braids
    projlen=124: 233764 braids
    projlen=125: 299385 braids
    projlen=126: 245157 braids
    projlen=127: 293289 braids
    projlen=128: 251797 braids
    projlen=129: 287647 braids
    projlen=130: 254563 braids
    projlen=131: 264870 braids
    projlen=132: 95463 braids
  Braids kept: 1118672 (in 29 buckets, 3.35 GB CPU)
  ⚡ Timing: matmul=0.17s, sampling=9.80s, total=15.55s
============================================================
Level 203 - SAMPLING
============================================================
  Starting braids: 968672
  Candidates to generate: 5265012
  Processing in 53 chunks...
  Projlen distribution:
    projlen=104: 2 braids
    projlen=105: 11 braids
    projlen=106: 28 braids
    projlen=107: 265 braids
    projlen=108: 472 braids
    projlen=109: 3677 braids
    projlen=110: 4784 braids
    projlen=111: 45688 braids
    projlen=112: 41196 braids
    projlen=113: 253642 braids
    projlen=114: 209071 braids
    projlen=115: 345437 braids
    projlen=116: 203810 braids
    projlen=117: 329606 braids
    projlen=118: 222496 braids
    projlen=119: 310406 braids
    projlen=120: 233323 braids
    projlen=121: 307697 braids
    projlen=122: 223898 braids
    projlen=123: 309775 braids
    projlen=124: 226332 braids
    projlen=125: 303996 braids
    projlen=126: 240687 braids
    projlen=127: 295487 braids
    projlen=128: 251071 braids
    projlen=129: 288044 braids
    projlen=130: 253004 braids
    projlen=131: 265822 braids
    projlen=132: 95285 braids
  Braids kept: 1096123 (in 29 buckets, 3.29 GB CPU)
  ⚡ Timing: matmul=0.19s, sampling=9.55s, total=15.26s
============================================================
Level 204 - SAMPLING
============================================================
  Starting braids: 996123
  Candidates to generate: 5415313
  Processing in 55 chunks...
  Projlen distribution:
    projlen=105: 10 braids
    projlen=106: 21 braids
    projlen=107: 151 braids
    projlen=108: 228 braids
    projlen=109: 2018 braids
    projlen=110: 2876 braids
    projlen=111: 22175 braids
    projlen=112: 24837 braids
    projlen=113: 221223 braids
    projlen=114: 178873 braids
    projlen=115: 325780 braids
    projlen=116: 209723 braids
    projlen=117: 335748 braids
    projlen=118: 201356 braids
    projlen=119: 325018 braids
    projlen=120: 225667 braids
    projlen=121: 305563 braids
    projlen=122: 240499 braids
    projlen=123: 300987 braids
    projlen=124: 233850 braids
    projlen=125: 303501 braids
    projlen=126: 235752 braids
    projlen=127: 300363 braids
    projlen=128: 246110 braids
    projlen=129: 291863 braids
    projlen=130: 254319 braids
    projlen=131: 282240 braids
    projlen=132: 243083 braids
    projlen=133: 101479 braids
  Braids kept: 1102316 (in 29 buckets, 3.33 GB CPU)
  ⚡ Timing: matmul=0.17s, sampling=10.12s, total=16.02s
============================================================
Level 205 - SAMPLING
============================================================
  Starting braids: 952316
  Candidates to generate: 5173974
  Processing in 52 chunks...
  Projlen distribution:
    projlen=105: 5 braids
    projlen=106: 7 braids
    projlen=107: 106 braids
    projlen=108: 183 braids
    projlen=109: 1205 braids
    projlen=110: 1610 braids
    projlen=111: 12976 braids
    projlen=112: 15352 braids
    projlen=113: 112811 braids
    projlen=114: 105865 braids
    projlen=115: 287518 braids
    projlen=116: 206868 braids
    projlen=117: 338151 braids
    projlen=118: 205687 braids
    projlen=119: 329233 braids
    projlen=120: 207142 braids
    projlen=121: 318479 braids
    projlen=122: 229550 braids
    projlen=123: 301503 braids
    projlen=124: 246477 braids
    projlen=125: 295382 braids
    projlen=126: 242795 braids
    projlen=127: 298882 braids
    projlen=128: 243534 braids
    projlen=129: 294236 braids
    projlen=130: 250428 braids
    projlen=131: 283964 braids
    projlen=132: 242167 braids
    projlen=133: 101858 braids
  Braids kept: 1081444 (in 29 buckets, 3.28 GB CPU)
  ⚡ Timing: matmul=0.20s, sampling=9.60s, total=15.23s
============================================================
Level 206 - SAMPLING
============================================================
  Starting braids: 981444
  Candidates to generate: 5339930
  Processing in 54 chunks...
  Projlen distribution:
    projlen=105: 2 braids
    projlen=106: 7 braids
    projlen=107: 49 braids
    projlen=108: 90 braids
    projlen=109: 826 braids
    projlen=110: 1258 braids
    projlen=111: 8148 braids
    projlen=112: 9417 braids
    projlen=113: 67692 braids
    projlen=114: 67256 braids
    projlen=115: 263157 braids
    projlen=116: 219496 braids
    projlen=117: 339071 braids
    projlen=118: 205364 braids
    projlen=119: 331188 braids
    projlen=120: 208151 braids
    projlen=121: 321760 braids
    projlen=122: 215746 braids
    projlen=123: 311494 braids
    projlen=124: 234422 braids
    projlen=125: 297996 braids
    projlen=126: 249848 braids
    projlen=127: 290777 braids
    projlen=128: 249510 braids
    projlen=129: 292179 braids
    projlen=130: 250353 braids
    projlen=131: 289823 braids
    projlen=132: 252881 braids
    projlen=133: 266525 braids
    projlen=134: 95444 braids
  Braids kept: 1119797 (in 30 buckets, 3.41 GB CPU)
  ⚡ Timing: matmul=0.18s, sampling=10.09s, total=15.94s
============================================================
Level 207 - SAMPLING
============================================================
  Starting braids: 969797
  Candidates to generate: 5282811
  Processing in 53 chunks...
  Projlen distribution:
    projlen=106: 2 braids
    projlen=107: 24 braids
    projlen=108: 50 braids
    projlen=109: 415 braids
    projlen=110: 669 braids
    projlen=111: 5592 braids
    projlen=112: 7433 braids
    projlen=113: 44669 braids
    projlen=114: 45209 braids
    projlen=115: 249903 braids
    projlen=116: 221030 braids
    projlen=117: 337001 braids
    projlen=118: 218381 braids
    projlen=119: 329962 braids
    projlen=120: 206510 braids
    projlen=121: 324667 braids
    projlen=122: 214605 braids
    projlen=123: 314271 braids
    projlen=124: 224140 braids
    projlen=125: 305860 braids
    projlen=126: 239688 braids
    projlen=127: 294537 braids
    projlen=128: 254220 braids
    projlen=129: 287295 braids
    projlen=130: 255596 braids
    projlen=131: 286318 braids
    projlen=132: 251718 braids
    projlen=133: 268180 braids
    projlen=134: 94866 braids
  Braids kept: 1104063 (in 29 buckets, 3.37 GB CPU)
  ⚡ Timing: matmul=0.20s, sampling=9.81s, total=15.61s
============================================================
Level 208 - SAMPLING
============================================================
  Starting braids: 954063
  Candidates to generate: 5196919
  Processing in 52 chunks...
  Projlen distribution:
    projlen=106: 1 braids
    projlen=107: 8 braids
    projlen=108: 19 braids
    projlen=109: 271 braids
    projlen=110: 340 braids
    projlen=111: 2952 braids
    projlen=112: 4297 braids
    projlen=113: 31926 braids
    projlen=114: 38299 braids
    projlen=115: 219948 braids
    projlen=116: 199660 braids
    projlen=117: 327166 braids
    projlen=118: 220578 braids
    projlen=119: 326900 braids
    projlen=120: 216023 braids
    projlen=121: 322296 braids
    projlen=122: 213682 braids
    projlen=123: 316179 braids
    projlen=124: 221531 braids
    projlen=125: 307919 braids
    projlen=126: 232100 braids
    projlen=127: 301609 braids
    projlen=128: 244754 braids
    projlen=129: 292086 braids
    projlen=130: 257539 braids
    projlen=131: 283398 braids
    projlen=132: 256416 braids
    projlen=133: 263485 braids
    projlen=134: 95537 braids
  Braids kept: 1078113 (in 29 buckets, 3.30 GB CPU)
  ⚡ Timing: matmul=0.21s, sampling=9.63s, total=15.30s
============================================================
Level 209 - SAMPLING
============================================================
  Starting braids: 978113
  Candidates to generate: 5330927
  Processing in 54 chunks...
  Projlen distribution:
    projlen=107: 3 braids
    projlen=108: 6 braids
    projlen=109: 131 braids
    projlen=110: 170 braids
    projlen=111: 2022 braids
    projlen=112: 2255 braids
    projlen=113: 18086 braids
    projlen=114: 23409 braids
    projlen=115: 158470 braids
    projlen=116: 166178 braids
    projlen=117: 309184 braids
    projlen=118: 222848 braids
    projlen=119: 328289 braids
    projlen=120: 217693 braids
    projlen=121: 321829 braids
    projlen=122: 221753 braids
    projlen=123: 313930 braids
    projlen=124: 222465 braids
    projlen=125: 309331 braids
    projlen=126: 230173 braids
    projlen=127: 302406 braids
    projlen=128: 239604 braids
    projlen=129: 296328 braids
    projlen=130: 249523 braids
    projlen=131: 288610 braids
    projlen=132: 259355 braids
    projlen=133: 278348 braids
    projlen=134: 247803 braids
    projlen=135: 100725 braids
  Braids kept: 1096082 (in 29 buckets, 3.38 GB CPU)
  ⚡ Timing: matmul=0.17s, sampling=10.17s, total=16.04s
============================================================
Level 210 - SAMPLING
============================================================
  Starting braids: 996082
  Candidates to generate: 5431848
  Processing in 55 chunks...
  Projlen distribution:
    projlen=108: 1 braids
    projlen=109: 65 braids
    projlen=110: 86 braids
    projlen=111: 1039 braids
    projlen=112: 1236 braids
    projlen=113: 12723 braids
    projlen=114: 12695 braids
    projlen=115: 92807 braids
    projlen=116: 102250 braids
    projlen=117: 275599 braids
    projlen=118: 233461 braids
    projlen=119: 324931 braids
    projlen=120: 220622 braids
    projlen=121: 321386 braids
    projlen=122: 221810 braids
    projlen=123: 313562 braids
    projlen=124: 228511 braids
    projlen=125: 305564 braids
    projlen=126: 231117 braids
    projlen=127: 303494 braids
    projlen=128: 237780 braids
    projlen=129: 297077 braids
    projlen=130: 246283 braids
    projlen=131: 292107 braids
    projlen=132: 253505 braids
    projlen=133: 285061 braids
    projlen=134: 258530 braids
    projlen=135: 261813 braids
    projlen=136: 96733 braids
  Braids kept: 1127845 (in 29 buckets, 3.49 GB CPU)
  ⚡ Timing: matmul=0.18s, sampling=10.57s, total=16.58s
============================================================
Level 211 - SAMPLING
============================================================
  Starting braids: 977845
  Candidates to generate: 5347841
  Processing in 54 chunks...
  Projlen distribution:
    projlen=108: 2 braids
    projlen=109: 19 braids
    projlen=110: 44 braids
    projlen=111: 532 braids
    projlen=112: 739 braids
    projlen=113: 7073 braids
    projlen=114: 7183 braids
    projlen=115: 66767 braids
    projlen=116: 57462 braids
    projlen=117: 254970 braids
    projlen=118: 233316 braids
    projlen=119: 328990 braids
    projlen=120: 230230 braids
    projlen=121: 317860 braids
    projlen=122: 225596 braids
    projlen=123: 313089 braids
    projlen=124: 228646 braids
    projlen=125: 306522 braids
    projlen=126: 236581 braids
    projlen=127: 302010 braids
    projlen=128: 240707 braids
    projlen=129: 297749 braids
    projlen=130: 244282 braids
    projlen=131: 293966 braids
    projlen=132: 251407 braids
    projlen=133: 287300 braids
    projlen=134: 254771 braids
    projlen=135: 264342 braids
    projlen=136: 95686 braids
  Braids kept: 1115592 (in 29 buckets, 3.46 GB CPU)
  ⚡ Timing: matmul=0.18s, sampling=10.44s, total=16.34s
============================================================
Level 212 - SAMPLING
============================================================
  Starting braids: 965592
  Candidates to generate: 5276750
  Processing in 53 chunks...
  Projlen distribution:
    projlen=108: 1 braids
    projlen=109: 16 braids
    projlen=110: 25 braids
    projlen=111: 201 braids
    projlen=112: 389 braids
    projlen=113: 3885 braids
    projlen=114: 4423 braids
    projlen=115: 39771 braids
    projlen=116: 34989 braids
    projlen=117: 252780 braids
    projlen=118: 206355 braids
    projlen=119: 340895 braids
    projlen=120: 229421 braids
    projlen=121: 318368 braids
    projlen=122: 230069 braids
    projlen=123: 311768 braids
    projlen=124: 232033 braids
    projlen=125: 305342 braids
    projlen=126: 235748 braids
    projlen=127: 299439 braids
    projlen=128: 241568 braids
    projlen=129: 295423 braids
    projlen=130: 246749 braids
    projlen=131: 292841 braids
    projlen=132: 250541 braids
    projlen=133: 288685 braids
    projlen=134: 253326 braids
    projlen=135: 266609 braids
    projlen=136: 95090 braids
  Braids kept: 1083700 (in 29 buckets, 3.37 GB CPU)
  ⚡ Timing: matmul=0.20s, sampling=9.92s, total=15.75s
============================================================
Level 213 - SAMPLING
============================================================
  Starting braids: 983700
  Candidates to generate: 5370864
  Processing in 54 chunks...
  Projlen distribution:
    projlen=108: 1 braids
    projlen=109: 6 braids
    projlen=110: 16 braids
    projlen=111: 128 braids
    projlen=112: 188 braids
    projlen=113: 1756 braids
    projlen=114: 2593 braids
    projlen=115: 23460 braids
    projlen=116: 23401 braids
    projlen=117: 197788 braids
    projlen=118: 154082 braids
    projlen=119: 314698 braids
    projlen=120: 206947 braids
    projlen=121: 331750 braids
    projlen=122: 221819 braids
    projlen=123: 313804 braids
    projlen=124: 234329 braids
    projlen=125: 303562 braids
    projlen=126: 238582 braids
    projlen=127: 299947 braids
    projlen=128: 242809 braids
    projlen=129: 295151 braids
    projlen=130: 247701 braids
    projlen=131: 291072 braids
    projlen=132: 252506 braids
    projlen=133: 289235 braids
    projlen=134: 254966 braids
    projlen=135: 282776 braids
    projlen=136: 243462 braids
    projlen=137: 102329 braids
  Braids kept: 1101549 (in 30 buckets, 3.45 GB CPU)
  ⚡ Timing: matmul=0.20s, sampling=10.41s, total=16.36s
============================================================
Level 214 - SAMPLING
============================================================
  Starting braids: 951549
  Candidates to generate: 5185423
  Processing in 52 chunks...
  Projlen distribution:
    projlen=109: 4 braids
    projlen=110: 13 braids
    projlen=111: 62 braids
    projlen=112: 117 braids
    projlen=113: 972 braids
    projlen=114: 1314 braids
    projlen=115: 12106 braids
    projlen=116: 14059 braids
    projlen=117: 119351 braids
    projlen=118: 101981 braids
    projlen=119: 290437 braids
    projlen=120: 203418 braids
    projlen=121: 342247 braids
    projlen=122: 202582 braids
    projlen=123: 326560 braids
    projlen=124: 224052 braids
    projlen=125: 307080 braids
    projlen=126: 239682 braids
    projlen=127: 297661 braids
    projlen=128: 244726 braids
    projlen=129: 295107 braids
    projlen=130: 249014 braids
    projlen=131: 291470 braids
    projlen=132: 252466 braids
    projlen=133: 286873 braids
    projlen=134: 255829 braids
    projlen=135: 282104 braids
    projlen=136: 243195 braids
    projlen=137: 100941 braids
  Braids kept: 1078647 (in 29 buckets, 3.39 GB CPU)
  ⚡ Timing: matmul=0.20s, sampling=10.05s, total=15.79s
============================================================
Level 215 - SAMPLING
============================================================
  Starting braids: 978647
  Candidates to generate: 5335065
  Processing in 54 chunks...
  Projlen distribution:
    projlen=109: 5 braids
    projlen=110: 8 braids
    projlen=111: 43 braids
    projlen=112: 92 braids
    projlen=113: 496 braids
    projlen=114: 819 braids
    projlen=115: 6677 braids
    projlen=116: 7636 braids
    projlen=117: 65333 braids
    projlen=118: 62663 braids
    projlen=119: 265977 braids
    projlen=120: 210345 braids
    projlen=121: 344512 braids
    projlen=122: 200903 braids
    projlen=123: 335505 braids
    projlen=124: 204552 braids
    projlen=125: 320487 braids
    projlen=126: 227882 braids
    projlen=127: 302578 braids
    projlen=128: 245400 braids
    projlen=129: 294134 braids
    projlen=130: 250209 braids
    projlen=131: 290770 braids
    projlen=132: 253551 braids
    projlen=133: 288278 braids
    projlen=134: 256222 braids
    projlen=135: 283787 braids
    projlen=136: 257197 braids
    projlen=137: 263310 braids
    projlen=138: 95694 braids
  Braids kept: 1115776 (in 30 buckets, 3.52 GB CPU)
  ⚡ Timing: matmul=0.18s, sampling=10.69s, total=16.64s
============================================================
Level 216 - SAMPLING
============================================================
  Starting braids: 965776
  Candidates to generate: 5274224
  Processing in 53 chunks...
  Projlen distribution:
    projlen=109: 2 braids
    projlen=110: 9 braids
    projlen=111: 43 braids
    projlen=112: 69 braids
    projlen=113: 312 braids
    projlen=114: 614 braids
    projlen=115: 3508 braids
    projlen=116: 5040 braids
    projlen=117: 37716 braids
    projlen=118: 37264 braids
    projlen=119: 251675 braids
    projlen=120: 217975 braids
    projlen=121: 344446 braids
    projlen=122: 209617 braids
    projlen=123: 335898 braids
    projlen=124: 201390 braids
    projlen=125: 328437 braids
    projlen=126: 211429 braids
    projlen=127: 314367 braids
    projlen=128: 232790 braids
    projlen=129: 299126 braids
    projlen=130: 249202 braids
    projlen=131: 290947 braids
    projlen=132: 256064 braids
    projlen=133: 287123 braids
    projlen=134: 257654 braids
    projlen=135: 284747 braids
    projlen=136: 257258 braids
    projlen=137: 263626 braids
    projlen=138: 95876 braids
  Braids kept: 1084577 (in 30 buckets, 3.43 GB CPU)
  ⚡ Timing: matmul=0.20s, sampling=10.03s, total=15.90s
============================================================
Level 217 - SAMPLING
============================================================
  Starting braids: 984577
  Candidates to generate: 5370671
  Processing in 54 chunks...
  Projlen distribution:
    projlen=110: 1 braids
    projlen=111: 25 braids
    projlen=112: 60 braids
    projlen=113: 302 braids
    projlen=114: 393 braids
    projlen=115: 2278 braids
    projlen=116: 3608 braids
    projlen=117: 21450 braids
    projlen=118: 26470 braids
    projlen=119: 188192 braids
    projlen=120: 163893 braids
    projlen=121: 315916 braids
    projlen=122: 217290 braids
    projlen=123: 332169 braids
    projlen=124: 207069 braids
    projlen=125: 328130 braids
    projlen=126: 207198 braids
    projlen=127: 320338 braids
    projlen=128: 219672 braids
    projlen=129: 309108 braids
    projlen=130: 238179 braids
    projlen=131: 296239 braids
    projlen=132: 253174 braids
    projlen=133: 287765 braids
    projlen=134: 258639 braids
    projlen=135: 283542 braids
    projlen=136: 260887 braids
    projlen=137: 279636 braids
    projlen=138: 247606 braids
    projlen=139: 101442 braids
  Braids kept: 1104587 (in 30 buckets, 3.52 GB CPU)
  ⚡ Timing: matmul=0.20s, sampling=10.78s, total=16.77s
============================================================
Level 218 - SAMPLING
============================================================
  Starting braids: 954587
  Candidates to generate: 5203107
  Processing in 53 chunks...
  Projlen distribution:
    projlen=111: 6 braids
    projlen=112: 6 braids
    projlen=113: 214 braids
    projlen=114: 337 braids
    projlen=115: 1932 braids
    projlen=116: 2379 braids
    projlen=117: 14490 braids
    projlen=118: 19093 braids
    projlen=119: 110790 braids
    projlen=120: 115648 braids
    projlen=121: 289416 braids
    projlen=122: 216492 braids
    projlen=123: 336692 braids
    projlen=124: 212757 braids
    projlen=125: 325840 braids
    projlen=126: 213156 braids
    projlen=127: 319306 braids
    projlen=128: 215992 braids
    projlen=129: 313500 braids
    projlen=130: 227813 braids
    projlen=131: 303105 braids
    projlen=132: 243328 braids
    projlen=133: 292550 braids
    projlen=134: 255860 braids
    projlen=135: 284871 braids
    projlen=136: 260655 braids
    projlen=137: 278855 braids
    projlen=138: 247877 braids
    projlen=139: 100147 braids
  Braids kept: 1088457 (in 29 buckets, 3.47 GB CPU)
  ⚡ Timing: matmul=0.16s, sampling=10.26s, total=16.07s
============================================================
Level 219 - SAMPLING
============================================================
  Starting braids: 988457
  Candidates to generate: 5393123
  Processing in 54 chunks...
  Projlen distribution:
    projlen=111: 5 braids
    projlen=112: 10 braids
    projlen=113: 59 braids
    projlen=114: 92 braids
    projlen=115: 1437 braids
    projlen=116: 1849 braids
    projlen=117: 11616 braids
    projlen=118: 12760 braids
    projlen=119: 76551 braids
    projlen=120: 85972 braids
    projlen=121: 265961 braids
    projlen=122: 231633 braids
    projlen=123: 332498 braids
    projlen=124: 214486 braids
    projlen=125: 328657 braids
    projlen=126: 213857 braids
    projlen=127: 318768 braids
    projlen=128: 220668 braids
    projlen=129: 311678 braids
    projlen=130: 225503 braids
    projlen=131: 307413 braids
    projlen=132: 234538 braids
    projlen=133: 298734 braids
    projlen=134: 248129 braids
    projlen=135: 289101 braids
    projlen=136: 259213 braids
    projlen=137: 282080 braids
    projlen=138: 261471 braids
    projlen=139: 261441 braids
    projlen=140: 96943 braids
  Braids kept: 1127828 (in 30 buckets, 3.62 GB CPU)
  ⚡ Timing: matmul=0.21s, sampling=11.05s, total=17.10s
============================================================
Level 220 - SAMPLING
============================================================
  Starting braids: 977828
  Candidates to generate: 5335700
  Processing in 54 chunks...
  Projlen distribution:
    projlen=112: 10 braids
    projlen=113: 50 braids
    projlen=114: 108 braids
    projlen=115: 484 braids
    projlen=116: 734 braids
    projlen=117: 8622 braids
    projlen=118: 9769 braids
    projlen=119: 61262 braids
    projlen=120: 60116 braids
    projlen=121: 251900 braids
    projlen=122: 234531 braids
    projlen=123: 329538 braids
    projlen=124: 229685 braids
    projlen=125: 322619 braids
    projlen=126: 217126 braids
    projlen=127: 319465 braids
    projlen=128: 219456 braids
    projlen=129: 311235 braids
    projlen=130: 228411 braids
    projlen=131: 304839 braids
    projlen=132: 233218 braids
    projlen=133: 302036 braids
    projlen=134: 241230 braids
    projlen=135: 294228 braids
    projlen=136: 251673 braids
    projlen=137: 285524 braids
    projlen=138: 259493 braids
    projlen=139: 262087 braids
    projlen=140: 96251 braids
  Braids kept: 1119777 (in 29 buckets, 3.60 GB CPU)
  ⚡ Timing: matmul=0.18s, sampling=10.92s, total=16.90s
============================================================
Level 221 - SAMPLING
============================================================
  Starting braids: 969777
  Candidates to generate: 5293769
  Processing in 53 chunks...
  Projlen distribution:
    projlen=112: 1 braids
    projlen=113: 31 braids
    projlen=114: 75 braids
    projlen=115: 409 braids
    projlen=116: 647 braids
    projlen=117: 3580 braids
    projlen=118: 4485 braids
    projlen=119: 45805 braids
    projlen=120: 46951 braids
    projlen=121: 248731 braids
    projlen=122: 222348 braids
    projlen=123: 332997 braids
    projlen=124: 231785 braids
    projlen=125: 318713 braids
    projlen=126: 228835 braids
    projlen=127: 315452 braids
    projlen=128: 224259 braids
    projlen=129: 311145 braids
    projlen=130: 227944 braids
    projlen=131: 305663 braids
    projlen=132: 236029 braids
    projlen=133: 299400 braids
    projlen=134: 240665 braids
    projlen=135: 297332 braids
    projlen=136: 247565 braids
    projlen=137: 290548 braids
    projlen=138: 252015 braids
    projlen=139: 264960 braids
    projlen=140: 95399 braids
  Braids kept: 1101984 (in 29 buckets, 3.55 GB CPU)
  ⚡ Timing: matmul=0.21s, sampling=10.40s, total=16.32s
============================================================
Level 222 - SAMPLING
============================================================
  Starting braids: 951984
  Candidates to generate: 5198110
  Processing in 52 chunks...
  Projlen distribution:
    projlen=112: 2 braids
    projlen=113: 12 braids
    projlen=114: 23 braids
    projlen=115: 239 braids
    projlen=116: 475 braids
    projlen=117: 2773 braids
    projlen=118: 3823 braids
    projlen=119: 21868 braids
    projlen=120: 24179 braids
    projlen=121: 220975 braids
    projlen=122: 203179 braids
    projlen=123: 331203 braids
    projlen=124: 223184 braids
    projlen=125: 323003 braids
    projlen=126: 226301 braids
    projlen=127: 313131 braids
    projlen=128: 233238 braids
    projlen=129: 306930 braids
    projlen=130: 232626 braids
    projlen=131: 304441 braids
    projlen=132: 235681 braids
    projlen=133: 300211 braids
    projlen=134: 243962 braids
    projlen=135: 295881 braids
    projlen=136: 247828 braids
    projlen=137: 290732 braids
    projlen=138: 249182 braids
    projlen=139: 268439 braids
    projlen=140: 94589 braids
  Braids kept: 1053394 (in 29 buckets, 3.40 GB CPU)
  ⚡ Timing: matmul=0.21s, sampling=10.32s, total=16.16s
============================================================
Level 223 - SAMPLING
============================================================
  Starting braids: 953394
  Candidates to generate: 5199008
  Processing in 52 chunks...
  Projlen distribution:
    projlen=112: 1 braids
    projlen=113: 5 braids
    projlen=114: 12 braids
    projlen=115: 127 braids
    projlen=116: 156 braids
    projlen=117: 1653 braids
    projlen=118: 2750 braids
    projlen=119: 16654 braids
    projlen=120: 20392 braids
    projlen=121: 111890 braids
    projlen=122: 105184 braids
    projlen=123: 281665 braids
    projlen=124: 220512 braids
    projlen=125: 328382 braids
    projlen=126: 219469 braids
    projlen=127: 317623 braids
    projlen=128: 230044 braids
    projlen=129: 305896 braids
    projlen=130: 238017 braids
    projlen=131: 300354 braids
    projlen=132: 239908 braids
    projlen=133: 299346 braids
    projlen=134: 243212 braids
    projlen=135: 295062 braids
    projlen=136: 248949 braids
    projlen=137: 290932 braids
    projlen=138: 252780 braids
    projlen=139: 284320 braids
    projlen=140: 241270 braids
    projlen=141: 102443 braids
  Braids kept: 1091750 (in 30 buckets, 3.54 GB CPU)
  ⚡ Timing: matmul=0.21s, sampling=10.56s, total=16.41s
============================================================
Level 224 - SAMPLING
============================================================
  Starting braids: 991750
  Candidates to generate: 5420612
  Processing in 55 chunks...
  Projlen distribution:
    projlen=112: 1 braids
    projlen=113: 2 braids
    projlen=114: 10 braids
    projlen=115: 75 braids
    projlen=116: 95 braids
    projlen=117: 961 braids
    projlen=118: 1039 braids
    projlen=119: 10306 braids
    projlen=120: 14369 braids
    projlen=121: 85356 braids
    projlen=122: 91577 braids
    projlen=123: 269938 braids
    projlen=124: 222958 braids
    projlen=125: 333643 braids
    projlen=126: 218301 braids
    projlen=127: 322528 braids
    projlen=128: 223295 braids
    projlen=129: 310919 braids
    projlen=130: 235925 braids
    projlen=131: 300495 braids
    projlen=132: 244651 braids
    projlen=133: 296342 braids
    projlen=134: 246878 braids
    projlen=135: 293675 braids
    projlen=136: 248907 braids
    projlen=137: 290935 braids
    projlen=138: 253881 braids
    projlen=139: 286310 braids
    projlen=140: 254675 braids
    projlen=141: 266536 braids
    projlen=142: 96029 braids
  Braids kept: 1126858 (in 31 buckets, 3.68 GB CPU)
  ⚡ Timing: matmul=0.17s, sampling=11.24s, total=17.36s
============================================================
Level 225 - SAMPLING
============================================================
  Starting braids: 976858
  Candidates to generate: 5336164
  Processing in 54 chunks...
  Projlen distribution:
    projlen=113: 4 braids
    projlen=114: 3 braids
    projlen=115: 51 braids
    projlen=116: 62 braids
    projlen=117: 609 braids
    projlen=118: 657 braids
    projlen=119: 6356 braids
    projlen=120: 5672 braids
    projlen=121: 54257 braids
    projlen=122: 64620 braids
    projlen=123: 252529 braids
    projlen=124: 231333 braids
    projlen=125: 330005 braids
    projlen=126: 222450 braids
    projlen=127: 324331 braids
    projlen=128: 218579 braids
    projlen=129: 315861 braids
    projlen=130: 228931 braids
    projlen=131: 303919 braids
    projlen=132: 241620 braids
    projlen=133: 295606 braids
    projlen=134: 249958 braids
    projlen=135: 291666 braids
    projlen=136: 252471 braids
    projlen=137: 289168 braids
    projlen=138: 253689 braids
    projlen=139: 286629 braids
    projlen=140: 254724 braids
    projlen=141: 264965 braids
    projlen=142: 95439 braids
  Braids kept: 1113414 (in 30 buckets, 3.64 GB CPU)
  ⚡ Timing: matmul=0.18s, sampling=11.20s, total=17.24s
============================================================
Level 226 - SAMPLING
============================================================
  Starting braids: 963414
  Candidates to generate: 5271856
  Processing in 53 chunks...
  Projlen distribution:
    projlen=112: 1 braids
    projlen=113: 2 braids
    projlen=114: 4 braids
    projlen=115: 36 braids
    projlen=116: 34 braids
    projlen=117: 402 braids
    projlen=118: 425 braids
    projlen=119: 4154 braids
    projlen=120: 3812 braids
    projlen=121: 35419 braids
    projlen=122: 27488 braids
    projlen=123: 238121 braids
    projlen=124: 232797 braids
    projlen=125: 329854 braids
    projlen=126: 230863 braids
    projlen=127: 320480 braids
    projlen=128: 222560 braids
    projlen=129: 317084 braids
    projlen=130: 224256 braids
    projlen=131: 309094 braids
    projlen=132: 235308 braids
    projlen=133: 298244 braids
    projlen=134: 246933 braids
    projlen=135: 292134 braids
    projlen=136: 254184 braids
    projlen=137: 288520 braids
    projlen=138: 257023 braids
    projlen=139: 286348 braids
    projlen=140: 255960 braids
    projlen=141: 265166 braids
    projlen=142: 95150 braids
  Braids kept: 1071777 (in 31 buckets, 3.51 GB CPU)
  ⚡ Timing: matmul=0.20s, sampling=10.58s, total=16.55s
============================================================
Level 227 - SAMPLING
============================================================
  Starting braids: 971777
  Candidates to generate: 5307921
  Processing in 54 chunks...
  Projlen distribution:
    projlen=113: 4 braids
    projlen=114: 4 braids
    projlen=115: 20 braids
    projlen=116: 22 braids
    projlen=117: 238 braids
    projlen=118: 228 braids
    projlen=119: 2721 braids
    projlen=120: 2648 braids
    projlen=121: 24379 braids
    projlen=122: 19348 braids
    projlen=123: 173852 braids
    projlen=124: 119789 braids
    projlen=125: 290692 braids
    projlen=126: 230676 braids
    projlen=127: 319961 braids
    projlen=128: 228831 braids
    projlen=129: 314535 braids
    projlen=130: 228705 braids
    projlen=131: 308529 braids
    projlen=132: 231748 braids
    projlen=133: 303043 braids
    projlen=134: 240740 braids
    projlen=135: 294988 braids
    projlen=136: 251582 braids
    projlen=137: 288919 braids
    projlen=138: 257809 braids
    projlen=139: 285452 braids
    projlen=140: 259943 braids
    projlen=141: 281112 braids
    projlen=142: 245472 braids
    projlen=143: 101931 braids
  Braids kept: 1099612 (in 31 buckets, 3.62 GB CPU)
  ⚡ Timing: matmul=0.17s, sampling=11.10s, total=17.13s
============================================================
Level 228 - SAMPLING
============================================================
  Starting braids: 999612
  Candidates to generate: 5446126
  Processing in 55 chunks...
  Projlen distribution:
    projlen=113: 3 braids
    projlen=114: 3 braids
    projlen=115: 31 braids
    projlen=116: 20 braids
    projlen=117: 137 braids
    projlen=118: 129 braids
    projlen=119: 1573 braids
    projlen=120: 1528 braids
    projlen=121: 16225 braids
    projlen=122: 13766 braids
    projlen=123: 122050 braids
    projlen=124: 84685 braids
    projlen=125: 284829 braids
    projlen=126: 185805 braids
    projlen=127: 342599 braids
    projlen=128: 222151 braids
    projlen=129: 315127 braids
    projlen=130: 232781 braids
    projlen=131: 306247 braids
    projlen=132: 235682 braids
    projlen=133: 303258 braids
    projlen=134: 239051 braids
    projlen=135: 297978 braids
    projlen=136: 246782 braids
    projlen=137: 291940 braids
    projlen=138: 254982 braids
    projlen=139: 286123 braids
    projlen=140: 260132 braids
    projlen=141: 281670 braids
    projlen=142: 259354 braids
    projlen=143: 262750 braids
    projlen=144: 96735 braids
  Braids kept: 1133415 (in 32 buckets, 3.75 GB CPU)
  ⚡ Timing: matmul=0.19s, sampling=11.44s, total=17.65s
============================================================
Level 229 - SAMPLING
============================================================
  Starting braids: 983415
  Candidates to generate: 5344195
  Processing in 54 chunks...
  Projlen distribution:
    projlen=115: 27 braids
    projlen=116: 25 braids
    projlen=117: 178 braids
    projlen=118: 128 braids
    projlen=119: 875 braids
    projlen=120: 831 braids
    projlen=121: 9661 braids
    projlen=122: 8325 braids
    projlen=123: 82382 braids
    projlen=124: 60309 braids
    projlen=125: 273558 braids
    projlen=126: 185717 braids
    projlen=127: 355698 braids
    projlen=128: 182785 braids
    projlen=129: 338382 braids
    projlen=130: 215774 braids
    projlen=131: 310962 braids
    projlen=132: 237831 braids
    projlen=133: 300224 braids
    projlen=134: 243610 braids
    projlen=135: 296775 braids
    projlen=136: 245619 braids
    projlen=137: 293590 braids
    projlen=138: 252274 braids
    projlen=139: 288471 braids
    projlen=140: 258034 braids
    projlen=141: 283370 braids
    projlen=142: 259974 braids
    projlen=143: 262338 braids
    projlen=144: 96468 braids
  Braids kept: 1120050 (in 30 buckets, 3.72 GB CPU)
  ⚡ Timing: matmul=0.18s, sampling=11.28s, total=17.37s
============================================================
Level 230 - SAMPLING
============================================================
  Starting braids: 970050
  Candidates to generate: 5251728
  Processing in 53 chunks...
  Projlen distribution:
    projlen=115: 6 braids
    projlen=116: 8 braids
    projlen=117: 160 braids
    projlen=118: 135 braids
    projlen=119: 1028 braids
    projlen=120: 749 braids
    projlen=121: 5531 braids
    projlen=122: 4736 braids
    projlen=123: 51410 braids
    projlen=124: 38764 braids
    projlen=125: 260995 braids
    projlen=126: 187161 braids
    projlen=127: 355079 braids
    projlen=128: 184154 braids
    projlen=129: 349056 braids
    projlen=130: 177565 braids
    projlen=131: 333485 braids
    projlen=132: 216788 braids
    projlen=133: 307266 braids
    projlen=134: 242066 braids
    projlen=135: 295545 braids
    projlen=136: 249050 braids
    projlen=137: 292036 braids
    projlen=138: 251804 braids
    projlen=139: 289672 braids
    projlen=140: 256235 braids
    projlen=141: 284644 braids
    projlen=142: 257638 braids
    projlen=143: 262891 braids
    projlen=144: 96071 braids
  Braids kept: 1101117 (in 30 buckets, 3.66 GB CPU)
  ⚡ Timing: matmul=0.19s, sampling=10.90s, total=16.90s
============================================================
Level 231 - SAMPLING
============================================================
  Starting braids: 951117
  Candidates to generate: 5139797
  Processing in 52 chunks...
  Projlen distribution:
    projlen=116: 2 braids
    projlen=117: 49 braids
    projlen=118: 57 braids
    projlen=119: 908 braids
    projlen=120: 737 braids
    projlen=121: 5726 braids
    projlen=122: 4188 braids
    projlen=123: 31521 braids
    projlen=124: 24382 braids
    projlen=125: 246097 braids
    projlen=126: 168361 braids
    projlen=127: 329678 braids
    projlen=128: 187111 braids
    projlen=129: 348889 braids
    projlen=130: 177998 braids
    projlen=131: 343008 braids
    projlen=132: 180391 braids
    projlen=133: 327918 braids
    projlen=134: 219458 braids
    projlen=135: 303859 braids
    projlen=136: 246468 braids
    projlen=137: 292051 braids
    projlen=138: 253678 braids
    projlen=139: 289128 braids
    projlen=140: 255863 braids
    projlen=141: 286061 braids
    projlen=142: 256141 braids
    projlen=143: 264513 braids
    projlen=144: 95556 braids
  Braids kept: 1067570 (in 29 buckets, 3.56 GB CPU)
  ⚡ Timing: matmul=0.17s, sampling=10.64s, total=16.50s
============================================================
Level 232 - SAMPLING
============================================================
  Starting braids: 967570
  Candidates to generate: 5207338
  Processing in 53 chunks...
  Projlen distribution:
    projlen=116: 1 braids
    projlen=117: 17 braids
    projlen=118: 26 braids
    projlen=119: 341 braids
    projlen=120: 333 braids
    projlen=121: 4995 braids
    projlen=122: 3922 braids
    projlen=123: 31002 braids
    projlen=124: 21549 braids
    projlen=125: 158711 braids
    projlen=126: 106911 braids
    projlen=127: 298732 braids
    projlen=128: 186340 braids
    projlen=129: 352285 braids
    projlen=130: 180773 braids
    projlen=131: 342833 braids
    projlen=132: 180321 braids
    projlen=133: 335990 braids
    projlen=134: 187673 braids
    projlen=135: 323748 braids
    projlen=136: 224356 braids
    projlen=137: 300799 braids
    projlen=138: 249252 braids
    projlen=139: 288374 braids
    projlen=140: 256575 braids
    projlen=141: 284820 braids
    projlen=142: 258323 braids
    projlen=143: 280418 braids
    projlen=144: 246269 braids
    projlen=145: 101649 braids
  Braids kept: 1112186 (in 30 buckets, 3.73 GB CPU)
  ⚡ Timing: matmul=0.16s, sampling=10.87s, total=16.84s
============================================================
Level 233 - SAMPLING
============================================================
  Starting braids: 962186
  Candidates to generate: 5166468
  Processing in 52 chunks...
  Projlen distribution:
    projlen=116: 2 braids
    projlen=117: 9 braids
    projlen=118: 16 braids
    projlen=119: 174 braids
    projlen=120: 169 braids
    projlen=121: 2154 braids
    projlen=122: 1884 braids
    projlen=123: 26739 braids
    projlen=124: 19580 braids
    projlen=125: 154593 braids
    projlen=126: 97332 braids
    projlen=127: 292993 braids
    projlen=128: 185363 braids
    projlen=129: 355993 braids
    projlen=130: 181496 braids
    projlen=131: 346300 braids
    projlen=132: 180740 braids
    projlen=133: 338070 braids
    projlen=134: 187033 braids
    projlen=135: 329953 braids
    projlen=136: 196122 braids
    projlen=137: 319595 braids
    projlen=138: 228840 braids
    projlen=139: 298476 braids
    projlen=140: 252121 braids
    projlen=141: 286025 braids
    projlen=142: 259789 braids
    projlen=143: 278556 braids
    projlen=144: 245891 braids
    projlen=145: 100460 braids
  Braids kept: 1100727 (in 30 buckets, 3.69 GB CPU)
  ⚡ Timing: matmul=0.19s, sampling=10.90s, total=16.85s
============================================================
Level 234 - SAMPLING
============================================================
  Starting braids: 950727
  Candidates to generate: 5083529
  Processing in 51 chunks...
  Projlen distribution:
    projlen=116: 1 braids
    projlen=117: 5 braids
    projlen=118: 10 braids
    projlen=119: 93 braids
    projlen=120: 111 braids
    projlen=121: 1212 braids
    projlen=122: 1089 braids
    projlen=123: 12605 braids
    projlen=124: 9835 braids
    projlen=125: 131507 braids
    projlen=126: 87186 braids
    projlen=127: 291445 braids
    projlen=128: 176717 braids
    projlen=129: 357564 braids
    projlen=130: 181396 braids
    projlen=131: 348760 braids
    projlen=132: 177249 braids
    projlen=133: 341272 braids
    projlen=134: 186086 braids
    projlen=135: 331282 braids
    projlen=136: 194894 braids
    projlen=137: 324152 braids
    projlen=138: 205628 braids
    projlen=139: 314709 braids
    projlen=140: 232376 braids
    projlen=141: 296630 braids
    projlen=142: 253839 braids
    projlen=143: 279837 braids
    projlen=144: 245818 braids
    projlen=145: 100221 braids
  Braids kept: 1074961 (in 30 buckets, 3.62 GB CPU)
  ⚡ Timing: matmul=0.20s, sampling=10.77s, total=16.60s
============================================================
Level 235 - SAMPLING
============================================================
  Starting braids: 974961
  Candidates to generate: 5205759
  Processing in 53 chunks...
  Projlen distribution:
    projlen=117: 3 braids
    projlen=118: 6 braids
    projlen=119: 60 braids
    projlen=120: 64 braids
    projlen=121: 669 braids
    projlen=122: 696 braids
    projlen=123: 7480 braids
    projlen=124: 6018 braids
    projlen=125: 65132 braids
    projlen=126: 44140 braids
    projlen=127: 268633 braids
    projlen=128: 178207 braids
    projlen=129: 361650 braids
    projlen=130: 172064 braids
    projlen=131: 353048 braids
    projlen=132: 175740 braids
    projlen=133: 343117 braids
    projlen=134: 179908 braids
    projlen=135: 335662 braids
    projlen=136: 193602 braids
    projlen=137: 326290 braids
    projlen=138: 204387 braids
    projlen=139: 319085 braids
    projlen=140: 215659 braids
    projlen=141: 309706 braids
    projlen=142: 237212 braids
    projlen=143: 293006 braids
    projlen=144: 254018 braids
    projlen=145: 264001 braids
    projlen=146: 96496 braids
  Braids kept: 1109136 (in 30 buckets, 3.75 GB CPU)
  ⚡ Timing: matmul=0.16s, sampling=11.06s, total=17.04s
============================================================
Level 236 - SAMPLING
============================================================
  Starting braids: 959136
  Candidates to generate: 5109452
  Processing in 52 chunks...
  Projlen distribution:
    projlen=119: 38 braids
    projlen=120: 41 braids
    projlen=121: 443 braids
    projlen=122: 422 braids
    projlen=123: 4315 braids
    projlen=124: 3883 braids
    projlen=125: 40641 braids
    projlen=126: 29213 braids
    projlen=127: 256882 braids
    projlen=128: 169707 braids
    projlen=129: 349531 braids
    projlen=130: 175526 braids
    projlen=131: 356161 braids
    projlen=132: 165235 braids
    projlen=133: 347738 braids
    projlen=134: 176908 braids
    projlen=135: 337454 braids
    projlen=136: 186515 braids
    projlen=137: 329918 braids
    projlen=138: 201213 braids
    projlen=139: 320327 braids
    projlen=140: 212949 braids
    projlen=141: 312238 braids
    projlen=142: 223973 braids
    projlen=143: 303535 braids
    projlen=144: 239459 braids
    projlen=145: 271848 braids
    projlen=146: 93339 braids
  Braids kept: 1078996 (in 28 buckets, 3.66 GB CPU)
  ⚡ Timing: matmul=0.16s, sampling=10.79s, total=16.67s
============================================================
Level 237 - SAMPLING
============================================================
  Starting braids: 978996
  Candidates to generate: 5206194
  Processing in 53 chunks...
  Projlen distribution:
    projlen=118: 1 braids
    projlen=119: 5 braids
    projlen=120: 10 braids
    projlen=121: 272 braids
    projlen=122: 275 braids
    projlen=123: 2868 braids
    projlen=124: 2521 braids
    projlen=125: 24783 braids
    projlen=126: 19716 braids
    projlen=127: 200496 braids
    projlen=128: 129823 braids
    projlen=129: 313960 braids
    projlen=130: 176544 braids
    projlen=131: 358158 braids
    projlen=132: 166426 braids
    projlen=133: 351319 braids
    projlen=134: 163798 braids
    projlen=135: 343092 braids
    projlen=136: 181004 braids
    projlen=137: 332930 braids
    projlen=138: 195448 braids
    projlen=139: 324383 braids
    projlen=140: 209256 braids
    projlen=141: 314822 braids
    projlen=142: 222507 braids
    projlen=143: 307207 braids
    projlen=144: 231816 braids
    projlen=145: 296228 braids
    projlen=146: 231683 braids
    projlen=147: 104843 braids
  Braids kept: 1100451 (in 30 buckets, 3.75 GB CPU)
  ⚡ Timing: matmul=0.16s, sampling=11.20s, total=17.21s
============================================================
Level 238 - SAMPLING
============================================================
  Starting braids: 950451
  Candidates to generate: 5036565
  Processing in 51 chunks...
  Projlen distribution:
    projlen=119: 3 braids
    projlen=120: 7 braids
    projlen=121: 69 braids
    projlen=122: 106 braids
    projlen=123: 1770 braids
    projlen=124: 1681 braids
    projlen=125: 16857 braids
    projlen=126: 13034 braids
    projlen=127: 124095 braids
    projlen=128: 85677 braids
    projlen=129: 290735 braids
    projlen=130: 179647 braids
    projlen=131: 359673 braids
    projlen=132: 169181 braids
    projlen=133: 354049 braids
    projlen=134: 164143 braids
    projlen=135: 346971 braids
    projlen=136: 165944 braids
    projlen=137: 338292 braids
    projlen=138: 187024 braids
    projlen=139: 327692 braids
    projlen=140: 204054 braids
    projlen=141: 318350 braids
    projlen=142: 218632 braids
    projlen=143: 309549 braids
    projlen=144: 229562 braids
    projlen=145: 297996 braids
    projlen=146: 226705 braids
    projlen=147: 105067 braids
  Braids kept: 1083527 (in 29 buckets, 3.70 GB CPU)
  ⚡ Timing: matmul=0.17s, sampling=10.94s, total=16.77s
============================================================
Level 239 - SAMPLING
============================================================
  Starting braids: 983527
  Candidates to generate: 5216329
  Processing in 53 chunks...
  Projlen distribution:
    projlen=120: 3 braids
    projlen=121: 45 braids
    projlen=122: 62 braids
    projlen=123: 646 braids
    projlen=124: 724 braids
    projlen=125: 10817 braids
    projlen=126: 8841 braids
    projlen=127: 85710 braids
    projlen=128: 58334 braids
    projlen=129: 273487 braids
    projlen=130: 184573 braids
    projlen=131: 359168 braids
    projlen=132: 174922 braids
    projlen=133: 355009 braids
    projlen=134: 163424 braids
    projlen=135: 349077 braids
    projlen=136: 164653 braids
    projlen=137: 344775 braids
    projlen=138: 170268 braids
    projlen=139: 334670 braids
    projlen=140: 194439 braids
    projlen=141: 323600 braids
    projlen=142: 213640 braids
    projlen=143: 312047 braids
    projlen=144: 226106 braids
    projlen=145: 302849 braids
    projlen=146: 236474 braids
    projlen=147: 276016 braids
    projlen=148: 91950 braids
  Braids kept: 1121138 (in 29 buckets, 3.85 GB CPU)
  ⚡ Timing: matmul=0.17s, sampling=11.44s, total=17.48s
============================================================
Level 240 - SAMPLING
============================================================
  Starting braids: 971138
  Candidates to generate: 5141862
  Processing in 52 chunks...
  Projlen distribution:
    projlen=120: 3 braids
    projlen=121: 17 braids
    projlen=122: 40 braids
    projlen=123: 401 braids
    projlen=124: 463 braids
    projlen=125: 4708 braids
    projlen=126: 4251 braids
    projlen=127: 57027 braids
    projlen=128: 40946 braids
    projlen=129: 265485 braids
    projlen=130: 180056 braids
    projlen=131: 359538 braids
    projlen=132: 182468 braids
    projlen=133: 353549 braids
    projlen=134: 168693 braids
    projlen=135: 349946 braids
    projlen=136: 163789 braids
    projlen=137: 345440 braids
    projlen=138: 168140 braids
    projlen=139: 340793 braids
    projlen=140: 175634 braids
    projlen=141: 332014 braids
    projlen=142: 202355 braids
    projlen=143: 318440 braids
    projlen=144: 221313 braids
    projlen=145: 305709 braids
    projlen=146: 231784 braids
    projlen=147: 277904 braids
    projlen=148: 90956 braids
  Braids kept: 1100829 (in 29 buckets, 3.79 GB CPU)
  ⚡ Timing: matmul=0.18s, sampling=11.08s, total=17.04s
============================================================
Level 241 - SAMPLING
============================================================
  Starting braids: 950829
  Candidates to generate: 5031371
  Processing in 51 chunks...
  Projlen distribution:
    projlen=120: 1 braids
    projlen=121: 17 braids
    projlen=122: 32 braids
    projlen=123: 230 braids
    projlen=124: 298 braids
    projlen=125: 2935 braids
    projlen=126: 2699 braids
    projlen=127: 27907 braids
    projlen=128: 21175 braids
    projlen=129: 250230 braids
    projlen=130: 167259 braids
    projlen=131: 340191 braids
    projlen=132: 178781 braids
    projlen=133: 352287 braids
    projlen=134: 174279 braids
    projlen=135: 347654 braids
    projlen=136: 169765 braids
    projlen=137: 344982 braids
    projlen=138: 166603 braids
    projlen=139: 341947 braids
    projlen=140: 173379 braids
    projlen=141: 338024 braids
    projlen=142: 183253 braids
    projlen=143: 327842 braids
    projlen=144: 209479 braids
    projlen=145: 313183 braids
    projlen=146: 227052 braids
    projlen=147: 279494 braids
    projlen=148: 90393 braids
  Braids kept: 1055294 (in 29 buckets, 3.64 GB CPU)
  ⚡ Timing: matmul=0.17s, sampling=10.82s, total=16.67s
============================================================
Level 242 - SAMPLING
============================================================
  Starting braids: 955294
  Candidates to generate: 5039620
  Processing in 51 chunks...
  Projlen distribution:
    projlen=120: 1 braids
    projlen=121: 7 braids
    projlen=122: 15 braids
    projlen=123: 204 braids
    projlen=124: 216 braids
    projlen=125: 1906 braids
    projlen=126: 1772 braids
    projlen=127: 18033 braids
    projlen=128: 13859 braids
    projlen=129: 141243 braids
    projlen=130: 92125 braids
    projlen=131: 296434 braids
    projlen=132: 180073 braids
    projlen=133: 357978 braids
    projlen=134: 171333 braids
    projlen=135: 347487 braids
    projlen=136: 175281 braids
    projlen=137: 341496 braids
    projlen=138: 174106 braids
    projlen=139: 339721 braids
    projlen=140: 171507 braids
    projlen=141: 337413 braids
    projlen=142: 179309 braids
    projlen=143: 333127 braids
    projlen=144: 190731 braids
    projlen=145: 323782 braids
    projlen=146: 216066 braids
    projlen=147: 304467 braids
    projlen=148: 223360 braids
    projlen=149: 106568 braids
  Braids kept: 1086013 (in 30 buckets, 3.77 GB CPU)
  ⚡ Timing: matmul=0.17s, sampling=11.02s, total=16.91s
============================================================
Level 243 - SAMPLING
============================================================
  Starting braids: 986013
  Candidates to generate: 5213741
  Processing in 53 chunks...
  Projlen distribution:
    projlen=121: 4 braids
    projlen=122: 12 braids
    projlen=123: 101 braids
    projlen=124: 122 braids
    projlen=125: 1561 braids
    projlen=126: 1401 braids
    projlen=127: 12139 braids
    projlen=128: 9391 braids
    projlen=129: 92391 braids
    projlen=130: 61233 braids
    projlen=131: 280511 braids
    projlen=132: 178006 braids
    projlen=133: 363109 braids
    projlen=134: 173767 braids
    projlen=135: 352638 braids
    projlen=136: 169109 braids
    projlen=137: 343004 braids
    projlen=138: 179573 braids
    projlen=139: 336195 braids
    projlen=140: 181114 braids
    projlen=141: 336352 braids
    projlen=142: 179398 braids
    projlen=143: 333983 braids
    projlen=144: 187940 braids
    projlen=145: 327921 braids
    projlen=146: 200316 braids
    projlen=147: 317451 braids
    projlen=148: 221002 braids
    projlen=149: 283394 braids
    projlen=150: 90603 braids
  Braids kept: 1124731 (in 30 buckets, 3.92 GB CPU)
  ⚡ Timing: matmul=0.16s, sampling=11.52s, total=17.63s
============================================================
Level 244 - SAMPLING
============================================================
  Starting braids: 974731
  Candidates to generate: 5148917
  Processing in 52 chunks...
  Projlen distribution:
    projlen=119: 1 braids
    projlen=120: 1 braids
    projlen=121: 6 braids
    projlen=122: 9 braids
    projlen=123: 83 braids
    projlen=124: 105 braids
    projlen=125: 775 braids
    projlen=126: 801 braids
    projlen=127: 9651 braids
    projlen=128: 7649 braids
    projlen=129: 63880 braids
    projlen=130: 43003 braids
    projlen=131: 269200 braids
    projlen=132: 176850 braids
    projlen=133: 363564 braids
    projlen=134: 172714 braids
    projlen=135: 356936 braids
    projlen=136: 165902 braids
    projlen=137: 348694 braids
    projlen=138: 171843 braids
    projlen=139: 337947 braids
    projlen=140: 185536 braids
    projlen=141: 331754 braids
    projlen=142: 189969 braids
    projlen=143: 331154 braids
    projlen=144: 188970 braids
    projlen=145: 328779 braids
    projlen=146: 196275 braids
    projlen=147: 321942 braids
    projlen=148: 207605 braids
    projlen=149: 289734 braids
    projlen=150: 87585 braids
  Braids kept: 1112084 (in 32 buckets, 3.88 GB CPU)
  ⚡ Timing: matmul=0.18s, sampling=11.18s, total=17.20s
============================================================
Level 245 - SAMPLING
============================================================
  Starting braids: 962084
  Candidates to generate: 5085076
  Processing in 51 chunks...
  Projlen distribution:
    projlen=118: 1 braids
    projlen=119: 2 braids
    projlen=120: 4 braids
    projlen=121: 10 braids
    projlen=122: 5 braids
    projlen=123: 59 braids
    projlen=124: 76 braids
    projlen=125: 665 braids
    projlen=126: 668 braids
    projlen=127: 5084 braids
    projlen=128: 4386 braids
    projlen=129: 51567 braids
    projlen=130: 36511 braids
    projlen=131: 258901 braids
    projlen=132: 164870 braids
    projlen=133: 346405 braids
    projlen=134: 173486 braids
    projlen=135: 358794 braids
    projlen=136: 162705 braids
    projlen=137: 353018 braids
    projlen=138: 165157 braids
    projlen=139: 344649 braids
    projlen=140: 176552 braids
    projlen=141: 333560 braids
    projlen=142: 192760 braids
    projlen=143: 326260 braids
    projlen=144: 200641 braids
    projlen=145: 324790 braids
    projlen=146: 198802 braids
    projlen=147: 321804 braids
    projlen=148: 204409 braids
    projlen=149: 291568 braids
    projlen=150: 86907 braids
  Braids kept: 1097471 (in 33 buckets, 3.84 GB CPU)
  ⚡ Timing: matmul=0.20s, sampling=11.00s, total=16.94s
============================================================
Level 246 - SAMPLING
============================================================
  Starting braids: 997471
  Candidates to generate: 5261195
  Processing in 53 chunks...
  Projlen distribution:
    projlen=118: 1 braids
    projlen=119: 2 braids
    projlen=120: 4 braids
    projlen=121: 22 braids
    projlen=122: 15 braids
    projlen=123: 67 braids
    projlen=124: 39 braids
    projlen=125: 482 braids
    projlen=126: 505 braids
    projlen=127: 4328 braids
    projlen=128: 3618 braids
    projlen=129: 29855 braids
    projlen=130: 22064 braids
    projlen=131: 244888 braids
    projlen=132: 156412 braids
    projlen=133: 331719 braids
    projlen=134: 173393 braids
    projlen=135: 360094 braids
    projlen=136: 163536 braids
    projlen=137: 354746 braids
    projlen=138: 159694 braids
    projlen=139: 349727 braids
    projlen=140: 167422 braids
    projlen=141: 340654 braids
    projlen=142: 181718 braids
    projlen=143: 329154 braids
    projlen=144: 201472 braids
    projlen=145: 320900 braids
    projlen=146: 210581 braids
    projlen=147: 317719 braids
    projlen=148: 209251 braids
    projlen=149: 311869 braids
    projlen=150: 205992 braids
    projlen=151: 109252 braids
  Braids kept: 1111002 (in 34 buckets, 3.90 GB CPU)
  ⚡ Timing: matmul=0.19s, sampling=11.54s, total=17.72s
============================================================
Level 247 - SAMPLING
============================================================
  Starting braids: 961002
  Candidates to generate: 5059192
  Processing in 51 chunks...
  Projlen distribution:
    projlen=119: 5 braids
    projlen=120: 3 braids
    projlen=121: 21 braids
    projlen=122: 17 braids
    projlen=123: 118 braids
    projlen=124: 82 braids
    projlen=125: 414 braids
    projlen=126: 299 braids
    projlen=127: 3312 braids
    projlen=128: 2909 braids
    projlen=129: 25265 braids
    projlen=130: 18415 braids
    projlen=131: 150185 braids
    projlen=132: 95205 braids
    projlen=133: 297020 braids
    projlen=134: 175574 braids
    projlen=135: 361811 braids
    projlen=136: 164297 braids
    projlen=137: 356397 braids
    projlen=138: 158830 braids
    projlen=139: 351252 braids
    projlen=140: 159446 braids
    projlen=141: 345490 braids
    projlen=142: 170270 braids
    projlen=143: 338067 braids
    projlen=144: 190121 braids
    projlen=145: 324483 braids
    projlen=146: 209777 braids
    projlen=147: 315569 braids
    projlen=148: 219773 braids
    projlen=149: 306871 braids
    projlen=150: 210417 braids
    projlen=151: 107477 braids
  Braids kept: 1100860 (in 33 buckets, 3.88 GB CPU)
  ⚡ Timing: matmul=0.18s, sampling=11.21s, total=17.15s
============================================================
Level 248 - SAMPLING
============================================================
  Starting braids: 950860
  Candidates to generate: 4998400
  Processing in 50 chunks...
  Projlen distribution:
    projlen=119: 2 braids
    projlen=120: 3 braids
    projlen=121: 29 braids
    projlen=122: 19 braids
    projlen=123: 118 braids
    projlen=124: 87 braids
    projlen=125: 615 braids
    projlen=126: 422 braids
    projlen=127: 2561 braids
    projlen=128: 1920 braids
    projlen=129: 19874 braids
    projlen=130: 14917 braids
    projlen=131: 126812 braids
    projlen=132: 80753 braids
    projlen=133: 289745 braids
    projlen=134: 175484 braids
    projlen=135: 362244 braids
    projlen=136: 168207 braids
    projlen=137: 357614 braids
    projlen=138: 157991 braids
    projlen=139: 353682 braids
    projlen=140: 158293 braids
    projlen=141: 348522 braids
    projlen=142: 160739 braids
    projlen=143: 343105 braids
    projlen=144: 174760 braids
    projlen=145: 333359 braids
    projlen=146: 197515 braids
    projlen=147: 320718 braids
    projlen=148: 217510 braids
    projlen=149: 305926 braids
    projlen=150: 218063 braids
    projlen=151: 106791 braids
  Braids kept: 1090567 (in 33 buckets, 3.85 GB CPU)
  ⚡ Timing: matmul=0.21s, sampling=10.95s, total=16.82s
============================================================
Level 249 - SAMPLING
============================================================
  Starting braids: 990567
  Candidates to generate: 5202411
  Processing in 53 chunks...
  Projlen distribution:
    projlen=120: 1 braids
    projlen=121: 13 braids
    projlen=122: 14 braids
    projlen=123: 162 braids
    projlen=124: 107 braids
    projlen=125: 636 braids
    projlen=126: 435 braids
    projlen=127: 3287 braids
    projlen=128: 2300 braids
    projlen=129: 14782 braids
    projlen=130: 10242 braids
    projlen=131: 101377 braids
    projlen=132: 66409 braids
    projlen=133: 280797 braids
    projlen=134: 174143 braids
    projlen=135: 362923 braids
    projlen=136: 169100 braids
    projlen=137: 357875 braids
    projlen=138: 159796 braids
    projlen=139: 354819 braids
    projlen=140: 156459 braids
    projlen=141: 351029 braids
    projlen=142: 158559 braids
    projlen=143: 347463 braids
    projlen=144: 163412 braids
    projlen=145: 339846 braids
    projlen=146: 180734 braids
    projlen=147: 329373 braids
    projlen=148: 205405 braids
    projlen=149: 314424 braids
    projlen=150: 224458 braids
    projlen=151: 281691 braids
    projlen=152: 90340 braids
  Braids kept: 1131979 (in 33 buckets, 4.01 GB CPU)
  ⚡ Timing: matmul=0.16s, sampling=11.72s, total=17.86s
============================================================
Level 250 - SAMPLING
============================================================
  Starting braids: 981979
  Candidates to generate: 5134179
  Processing in 52 chunks...
  Projlen distribution:
    projlen=120: 2 braids
    projlen=121: 4 braids
    projlen=122: 10 braids
    projlen=123: 72 braids
    projlen=124: 75 braids
    projlen=125: 851 braids
    projlen=126: 568 braids
    projlen=127: 3414 braids
    projlen=128: 2262 braids
    projlen=129: 17514 braids
    projlen=130: 11628 braids
    projlen=131: 75653 braids
    projlen=132: 47458 braids
    projlen=133: 271354 braids
    projlen=134: 176094 braids
    projlen=135: 362642 braids
    projlen=136: 170070 braids
    projlen=137: 358888 braids
    projlen=138: 160233 braids
    projlen=139: 355507 braids
    projlen=140: 157148 braids
    projlen=141: 351585 braids
    projlen=142: 155124 braids
    projlen=143: 348660 braids
    projlen=144: 158792 braids
    projlen=145: 345930 braids
    projlen=146: 167007 braids
    projlen=147: 336678 braids
    projlen=148: 187162 braids
    projlen=149: 324243 braids
    projlen=150: 211388 braids
    projlen=151: 287690 braids
    projlen=152: 88473 braids
  Braids kept: 1133858 (in 33 buckets, 4.02 GB CPU)
  ⚡ Timing: matmul=0.17s, sampling=11.32s, total=17.37s
============================================================
Level 251 - SAMPLING
============================================================
  Starting braids: 983858
  Candidates to generate: 5121900
  Processing in 52 chunks...
  Projlen distribution:
    projlen=120: 2 braids
    projlen=121: 5 braids
    projlen=122: 8 braids
    projlen=123: 50 braids
    projlen=124: 48 braids
    projlen=125: 436 braids
    projlen=126: 376 braids
    projlen=127: 4353 braids
    projlen=128: 2916 braids
    projlen=129: 18147 braids
    projlen=130: 11506 braids
    projlen=131: 87949 braids
    projlen=132: 55301 braids
    projlen=133: 270149 braids
    projlen=134: 168465 braids
    projlen=135: 356607 braids
    projlen=136: 172240 braids
    projlen=137: 358730 braids
    projlen=138: 160162 braids
    projlen=139: 355393 braids
    projlen=140: 156606 braids
    projlen=141: 351916 braids
    projlen=142: 156523 braids
    projlen=143: 349654 braids
    projlen=144: 155556 braids
    projlen=145: 346317 braids
    projlen=146: 160433 braids
    projlen=147: 343889 braids
    projlen=148: 171945 braids
    projlen=149: 333544 braids
    projlen=150: 192690 braids
    projlen=151: 294573 braids
    projlen=152: 85411 braids
  Braids kept: 1137847 (in 33 buckets, 4.04 GB CPU)
  ⚡ Timing: matmul=0.16s, sampling=11.47s, total=17.53s
============================================================
Level 252 - SAMPLING
============================================================
  Starting braids: 987847
  Candidates to generate: 5128713
  Processing in 52 chunks...
  Projlen distribution:
    projlen=121: 9 braids
    projlen=122: 13 braids
    projlen=123: 64 braids
    projlen=124: 44 braids
    projlen=125: 334 braids
    projlen=126: 268 braids
    projlen=127: 2483 braids
    projlen=128: 1902 braids
    projlen=129: 21968 braids
    projlen=130: 14346 braids
    projlen=131: 91097 braids
    projlen=132: 54932 braids
    projlen=133: 272248 braids
    projlen=134: 172242 braids
    projlen=135: 361771 braids
    projlen=136: 170127 braids
    projlen=137: 359434 braids
    projlen=138: 161865 braids
    projlen=139: 355232 braids
    projlen=140: 156465 braids
    projlen=141: 353132 braids
    projlen=142: 155733 braids
    projlen=143: 350201 braids
    projlen=144: 156461 braids
    projlen=145: 348587 braids
    projlen=146: 156344 braids
    projlen=147: 345263 braids
    projlen=148: 163326 braids
    projlen=149: 340795 braids
    projlen=150: 176582 braids
    projlen=151: 302476 braids
    projlen=152: 82969 braids
  Braids kept: 1141431 (in 32 buckets, 4.05 GB CPU)
  ⚡ Timing: matmul=0.17s, sampling=11.46s, total=17.52s
============================================================
Level 253 - SAMPLING
============================================================
  Starting braids: 991431
  Candidates to generate: 5126209
  Processing in 52 chunks...
  Projlen distribution:
    projlen=123: 89 braids
    projlen=124: 74 braids
    projlen=125: 396 braids
    projlen=126: 258 braids
    projlen=127: 1985 braids
    projlen=128: 1453 braids
    projlen=129: 13521 braids
    projlen=130: 9463 braids
    projlen=131: 105530 braids
    projlen=132: 66327 braids
    projlen=133: 277373 braids
    projlen=134: 170419 braids
    projlen=135: 361989 braids
    projlen=136: 170233 braids
    projlen=137: 358004 braids
    projlen=138: 159614 braids
    projlen=139: 355170 braids
    projlen=140: 157452 braids
    projlen=141: 352023 braids
    projlen=142: 155391 braids
    projlen=143: 350205 braids
    projlen=144: 155054 braids
    projlen=145: 349361 braids
    projlen=146: 157025 braids
    projlen=147: 347212 braids
    projlen=148: 157357 braids
    projlen=149: 341883 braids
    projlen=150: 164971 braids
    projlen=151: 304586 braids
    projlen=152: 81791 braids
  Braids kept: 1127239 (in 30 buckets, 4.01 GB CPU)
  ⚡ Timing: matmul=0.17s, sampling=11.55s, total=17.59s
============================================================
Level 254 - SAMPLING
============================================================
  Starting braids: 977239
  Candidates to generate: 5042341
  Processing in 51 chunks...
  Projlen distribution:
    projlen=123: 6 braids
    projlen=124: 13 braids
    projlen=125: 518 braids
    projlen=126: 418 braids
    projlen=127: 2224 braids
    projlen=128: 1464 braids
    projlen=129: 10970 braids
    projlen=130: 7367 braids
    projlen=131: 67338 braids
    projlen=132: 43111 braids
    projlen=133: 264428 braids
    projlen=134: 170920 braids
    projlen=135: 360814 braids
    projlen=136: 168728 braids
    projlen=137: 359119 braids
    projlen=138: 160157 braids
    projlen=139: 355881 braids
    projlen=140: 156120 braids
    projlen=141: 352034 braids
    projlen=142: 155885 braids
    projlen=143: 349637 braids
    projlen=144: 155034 braids
    projlen=145: 348493 braids
    projlen=146: 155292 braids
    projlen=147: 347813 braids
    projlen=148: 158406 braids
    projlen=149: 345009 braids
    projlen=150: 157222 braids
    projlen=151: 307187 braids
    projlen=152: 80733 braids
  Braids kept: 1116091 (in 30 buckets, 3.98 GB CPU)
  ⚡ Timing: matmul=0.18s, sampling=11.11s, total=17.08s
============================================================
Level 255 - SAMPLING
============================================================
  Starting braids: 966091
  Candidates to generate: 4988327
  Processing in 50 chunks...
  Projlen distribution:
    projlen=123: 2 braids
    projlen=124: 10 braids
    projlen=125: 66 braids
    projlen=126: 110 braids
    projlen=127: 2757 braids
    projlen=128: 2110 braids
    projlen=129: 12057 braids
    projlen=130: 7546 braids
    projlen=131: 55529 braids
    projlen=132: 35089 braids
    projlen=133: 255259 braids
    projlen=134: 162110 braids
    projlen=135: 345551 braids
    projlen=136: 170304 braids
    projlen=137: 357611 braids
    projlen=138: 159062 braids
    projlen=139: 356023 braids
    projlen=140: 156479 braids
    projlen=141: 352303 braids
    projlen=142: 154736 braids
    projlen=143: 350165 braids
    projlen=144: 155416 braids
    projlen=145: 348390 braids
    projlen=146: 155291 braids
    projlen=147: 346484 braids
    projlen=148: 155787 braids
    projlen=149: 345425 braids
    projlen=150: 158514 braids
    projlen=151: 307381 braids
    projlen=152: 80760 braids
  Braids kept: 1109747 (in 30 buckets, 3.96 GB CPU)
  ⚡ Timing: matmul=0.20s, sampling=11.01s, total=16.91s
============================================================
Level 256 - SAMPLING
============================================================
  Starting braids: 959747
  Candidates to generate: 4953455
  Processing in 50 chunks...
  Projlen distribution:
    projlen=124: 2 braids
    projlen=125: 50 braids
    projlen=126: 80 braids
    projlen=127: 628 braids
    projlen=128: 698 braids
    projlen=129: 14185 braids
    projlen=130: 10159 braids
    projlen=131: 61809 braids
    projlen=132: 37126 braids
    projlen=133: 245844 braids
    projlen=134: 148419 braids
    projlen=135: 326212 braids
    projlen=136: 171695 braids
    projlen=137: 359292 braids
    projlen=138: 160869 braids
    projlen=139: 354362 braids
    projlen=140: 155471 braids
    projlen=141: 351852 braids
    projlen=142: 154818 braids
    projlen=143: 349995 braids
    projlen=144: 153853 braids
    projlen=145: 349204 braids
    projlen=146: 155569 braids
    projlen=147: 347712 braids
    projlen=148: 156646 braids
    projlen=149: 344487 braids
    projlen=150: 154830 braids
    projlen=151: 306775 braids
    projlen=152: 80813 braids
  Braids kept: 1112928 (in 29 buckets, 3.98 GB CPU)
  ⚡ Timing: matmul=0.18s, sampling=10.83s, total=16.67s
============================================================
Level 257 - SAMPLING
============================================================
  Starting braids: 962928
  Candidates to generate: 4971258
  Processing in 50 chunks...
  Projlen distribution:
    projlen=125: 31 braids
    projlen=126: 46 braids
    projlen=127: 457 braids
    projlen=128: 529 braids
    projlen=129: 4368 braids
    projlen=130: 3880 braids
    projlen=131: 69666 braids
    projlen=132: 46704 braids
    projlen=133: 251009 braids
    projlen=134: 147895 braids
    projlen=135: 328812 braids
    projlen=136: 171512 braids
    projlen=137: 360428 braids
    projlen=138: 163025 braids
    projlen=139: 356300 braids
    projlen=140: 156519 braids
    projlen=141: 351911 braids
    projlen=142: 154009 braids
    projlen=143: 349987 braids
    projlen=144: 154258 braids
    projlen=145: 349589 braids
    projlen=146: 154339 braids
    projlen=147: 348863 braids
    projlen=148: 156849 braids
    projlen=149: 345648 braids
    projlen=150: 156002 braids
    projlen=151: 307926 braids
    projlen=152: 80696 braids
  Braids kept: 1106015 (in 28 buckets, 3.96 GB CPU)
  ⚡ Timing: matmul=0.19s, sampling=11.04s, total=16.92s
============================================================
Level 258 - SAMPLING
============================================================
  Starting braids: 956015
  Candidates to generate: 4926289
  Processing in 50 chunks...
  Projlen distribution:
    projlen=124: 1 braids
    projlen=125: 15 braids
    projlen=126: 26 braids
    projlen=127: 292 braids
    projlen=128: 322 braids
    projlen=129: 3214 braids
    projlen=130: 2848 braids
    projlen=131: 25217 braids
    projlen=132: 18488 braids
    projlen=133: 246226 braids
    projlen=134: 165374 braids
    projlen=135: 349771 braids
    projlen=136: 169135 braids
    projlen=137: 358666 braids
    projlen=138: 162862 braids
    projlen=139: 357493 braids
    projlen=140: 157238 braids
    projlen=141: 353638 braids
    projlen=142: 154699 braids
    projlen=143: 351320 braids
    projlen=144: 153693 braids
    projlen=145: 348970 braids
    projlen=146: 153793 braids
    projlen=147: 348563 braids
    projlen=148: 154693 braids
    projlen=149: 345925 braids
    projlen=150: 155196 braids
    projlen=151: 307757 braids
    projlen=152: 80854 braids
  Braids kept: 1050423 (in 29 buckets, 3.77 GB CPU)
  ⚡ Timing: matmul=0.16s, sampling=10.86s, total=16.69s
============================================================
Level 259 - SAMPLING
============================================================
  Starting braids: 950423
  Candidates to generate: 4867021
  Processing in 49 chunks...
  Projlen distribution:
    projlen=124: 1 braids
    projlen=125: 2 braids
    projlen=126: 8 braids
    projlen=127: 163 braids
    projlen=128: 207 braids
    projlen=129: 2110 braids
    projlen=130: 1915 braids
    projlen=131: 19046 braids
    projlen=132: 14383 braids
    projlen=133: 127191 braids
    projlen=134: 79429 braids
    projlen=135: 285137 braids
    projlen=136: 172136 braids
    projlen=137: 356930 braids
    projlen=138: 160292 braids
    projlen=139: 356052 braids
    projlen=140: 156794 braids
    projlen=141: 354294 braids
    projlen=142: 155163 braids
    projlen=143: 351892 braids
    projlen=144: 153735 braids
    projlen=145: 349251 braids
    projlen=146: 153207 braids
    projlen=147: 348848 braids
    projlen=148: 154338 braids
    projlen=149: 348911 braids
    projlen=150: 154722 braids
    projlen=151: 340342 braids
    projlen=152: 153652 braids
    projlen=153: 116870 braids
  Braids kept: 1087835 (in 30 buckets, 3.92 GB CPU)
  ⚡ Timing: matmul=0.18s, sampling=10.83s, total=16.61s
============================================================
Level 260 - SAMPLING
============================================================
  Starting braids: 987835
  Candidates to generate: 5085979
  Processing in 51 chunks...
  Projlen distribution:
    projlen=125: 3 braids
    projlen=126: 6 braids
    projlen=127: 43 braids
    projlen=128: 88 braids
    projlen=129: 1196 braids
    projlen=130: 1269 braids
    projlen=131: 12963 braids
    projlen=132: 10046 braids
    projlen=133: 97088 braids
    projlen=134: 63306 braids
    projlen=135: 278762 braids
    projlen=136: 173529 braids
    projlen=137: 361585 braids
    projlen=138: 167417 braids
    projlen=139: 355161 braids
    projlen=140: 156277 braids
    projlen=141: 352636 braids
    projlen=142: 154917 braids
    projlen=143: 350333 braids
    projlen=144: 153633 braids
    projlen=145: 349957 braids
    projlen=146: 153639 braids
    projlen=147: 348383 braids
    projlen=148: 152838 braids
    projlen=149: 347336 braids
    projlen=150: 153793 braids
    projlen=151: 345169 braids
    projlen=152: 154027 braids
    projlen=153: 309487 braids
    projlen=154: 81092 braids
  Braids kept: 1125614 (in 30 buckets, 4.08 GB CPU)
  ⚡ Timing: matmul=0.20s, sampling=11.30s, total=17.34s
============================================================
Level 261 - SAMPLING
============================================================
  Starting braids: 975614
  Candidates to generate: 5031262
  Processing in 51 chunks...
  Projlen distribution:
    projlen=126: 1 braids
    projlen=127: 43 braids
    projlen=128: 57 braids
    projlen=129: 489 braids
    projlen=130: 600 braids
    projlen=131: 7829 braids
    projlen=132: 6668 braids
    projlen=133: 67879 braids
    projlen=134: 45616 braids
    projlen=135: 269544 braids
    projlen=136: 174766 braids
    projlen=137: 362699 braids
    projlen=138: 169814 braids
    projlen=139: 357902 braids
    projlen=140: 158485 braids
    projlen=141: 353756 braids
    projlen=142: 154906 braids
    projlen=143: 351611 braids
    projlen=144: 153984 braids
    projlen=145: 350360 braids
    projlen=146: 153545 braids
    projlen=147: 349014 braids
    projlen=148: 152956 braids
    projlen=149: 348381 braids
    projlen=150: 152962 braids
    projlen=151: 346124 braids
    projlen=152: 152664 braids
    projlen=153: 308058 braids
    projlen=154: 80549 braids
  Braids kept: 1111303 (in 29 buckets, 4.03 GB CPU)
  ⚡ Timing: matmul=0.17s, sampling=11.16s, total=17.11s
============================================================
Level 262 - SAMPLING
============================================================
  Starting braids: 961303
  Candidates to generate: 4964015
  Processing in 50 chunks...
  Projlen distribution:
    projlen=127: 13 braids
    projlen=128: 26 braids
    projlen=129: 393 braids
    projlen=130: 432 braids
    projlen=131: 3844 braids
    projlen=132: 3525 braids
    projlen=133: 43058 braids
    projlen=134: 31136 braids
    projlen=135: 259718 braids
    projlen=136: 168895 braids
    projlen=137: 352164 braids
    projlen=138: 171400 braids
    projlen=139: 359544 braids
    projlen=140: 159995 braids
    projlen=141: 354896 braids
    projlen=142: 154973 braids
    projlen=143: 350896 braids
    projlen=144: 153721 braids
    projlen=145: 350271 braids
    projlen=146: 153209 braids
    projlen=147: 349878 braids
    projlen=148: 153340 braids
    projlen=149: 348775 braids
    projlen=150: 152845 braids
    projlen=151: 347392 braids
    projlen=152: 151007 braids
    projlen=153: 308434 braids
    projlen=154: 80235 braids
  Braids kept: 1082427 (in 28 buckets, 3.94 GB CPU)
  ⚡ Timing: matmul=0.19s, sampling=10.81s, total=16.68s
============================================================
Level 263 - SAMPLING
============================================================
  Starting braids: 982427
  Candidates to generate: 5043703
  Processing in 51 chunks...
  Projlen distribution:
    projlen=126: 1 braids
    projlen=127: 2 braids
    projlen=128: 11 braids
    projlen=129: 175 braids
    projlen=130: 219 braids
    projlen=131: 2803 braids
    projlen=132: 2682 braids
    projlen=133: 23986 braids
    projlen=134: 18323 braids
    projlen=135: 212228 braids
    projlen=136: 135274 braids
    projlen=137: 318547 braids
    projlen=138: 173251 braids
    projlen=139: 360202 braids
    projlen=140: 161300 braids
    projlen=141: 356428 braids
    projlen=142: 155591 braids
    projlen=143: 351897 braids
    projlen=144: 154252 braids
    projlen=145: 350309 braids
    projlen=146: 153350 braids
    projlen=147: 348995 braids
    projlen=148: 152933 braids
    projlen=149: 350222 braids
    projlen=150: 153424 braids
    projlen=151: 348439 braids
    projlen=152: 151754 braids
    projlen=153: 341685 braids
    projlen=154: 148008 braids
    projlen=155: 117412 braids
  Braids kept: 1098202 (in 30 buckets, 4.02 GB CPU)
  ⚡ Timing: matmul=0.17s, sampling=11.15s, total=17.13s
============================================================
Level 264 - SAMPLING
============================================================
  Starting braids: 998202
  Candidates to generate: 5148884
  Processing in 52 chunks...
  Projlen distribution:
    projlen=127: 5 braids
    projlen=128: 4 braids
    projlen=129: 87 braids
    projlen=130: 117 braids
    projlen=131: 1367 braids
    projlen=132: 1432 braids
    projlen=133: 17690 braids
    projlen=134: 13858 braids
    projlen=135: 123947 braids
    projlen=136: 80043 braids
    projlen=137: 289980 braids
    projlen=138: 175110 braids
    projlen=139: 361689 braids
    projlen=140: 164794 braids
    projlen=141: 356256 braids
    projlen=142: 156399 braids
    projlen=143: 352297 braids
    projlen=144: 154057 braids
    projlen=145: 350848 braids
    projlen=146: 154005 braids
    projlen=147: 350225 braids
    projlen=148: 153396 braids
    projlen=149: 348911 braids
    projlen=150: 152985 braids
    projlen=151: 348586 braids
    projlen=152: 152980 braids
    projlen=153: 346465 braids
    projlen=154: 150315 braids
    projlen=155: 310268 braids
    projlen=156: 80768 braids
  Braids kept: 1134560 (in 30 buckets, 4.17 GB CPU)
  ⚡ Timing: matmul=0.18s, sampling=11.51s, total=17.64s
============================================================
Level 265 - SAMPLING
============================================================
  Starting braids: 984560
  Candidates to generate: 5086782
  Processing in 51 chunks...
  Projlen distribution:
    projlen=127: 8 braids
    projlen=128: 8 braids
    projlen=129: 53 braids
    projlen=130: 75 braids
    projlen=131: 686 braids
    projlen=132: 793 braids
    projlen=133: 9384 braids
    projlen=134: 7935 braids
    projlen=135: 92080 braids
    projlen=136: 61860 braids
    projlen=137: 282184 braids
    projlen=138: 176244 braids
    projlen=139: 364187 braids
    projlen=140: 168520 braids
    projlen=141: 357672 braids
    projlen=142: 157709 braids
    projlen=143: 352754 braids
    projlen=144: 154470 braids
    projlen=145: 350729 braids
    projlen=146: 153407 braids
    projlen=147: 349435 braids
    projlen=148: 153362 braids
    projlen=149: 349645 braids
    projlen=150: 153332 braids
    projlen=151: 349565 braids
    projlen=152: 153067 braids
    projlen=153: 347328 braids
    projlen=154: 151105 braids
    projlen=155: 308987 braids
    projlen=156: 80198 braids
  Braids kept: 1118942 (in 30 buckets, 4.12 GB CPU)
  ⚡ Timing: matmul=0.20s, sampling=11.45s, total=17.50s
============================================================
Level 266 - SAMPLING
============================================================
  Starting braids: 968942
  Candidates to generate: 5009890
  Processing in 51 chunks...
  Projlen distribution:
    projlen=127: 3 braids
    projlen=128: 3 braids
    projlen=129: 59 braids
    projlen=130: 53 braids
    projlen=131: 453 braids
    projlen=132: 486 braids
    projlen=133: 5107 braids
    projlen=134: 4448 braids
    projlen=135: 51559 braids
    projlen=136: 36504 braids
    projlen=137: 268648 braids
    projlen=138: 177467 braids
    projlen=139: 365183 braids
    projlen=140: 170268 braids
    projlen=141: 358834 braids
    projlen=142: 158770 braids
    projlen=143: 355164 braids
    projlen=144: 155783 braids
    projlen=145: 351325 braids
    projlen=146: 153807 braids
    projlen=147: 349384 braids
    projlen=148: 153025 braids
    projlen=149: 348603 braids
    projlen=150: 152658 braids
    projlen=151: 350067 braids
    projlen=152: 153382 braids
    projlen=153: 348223 braids
    projlen=154: 151181 braids
    projlen=155: 309199 braids
    projlen=156: 80244 braids
  Braids kept: 1097116 (in 30 buckets, 4.05 GB CPU)
  ⚡ Timing: matmul=0.16s, sampling=11.23s, total=17.19s
============================================================
Level 267 - SAMPLING
============================================================
  Starting braids: 997116
  Candidates to generate: 5130480
  Processing in 52 chunks...
  Projlen distribution:
    projlen=126: 2 braids
    projlen=127: 1 braids
    projlen=128: 4 braids
    projlen=129: 20 braids
    projlen=130: 31 braids
    projlen=131: 385 braids
    projlen=132: 357 braids
    projlen=133: 3290 braids
    projlen=134: 2908 braids
    projlen=135: 30169 braids
    projlen=136: 22616 braids
    projlen=137: 249502 braids
    projlen=138: 159101 braids
    projlen=139: 333489 braids
    projlen=140: 172614 braids
    projlen=141: 359602 braids
    projlen=142: 159811 braids
    projlen=143: 355458 braids
    projlen=144: 155747 braids
    projlen=145: 351952 braids
    projlen=146: 154530 braids
    projlen=147: 350197 braids
    projlen=148: 153545 braids
    projlen=149: 349656 braids
    projlen=150: 153586 braids
    projlen=151: 349632 braids
    projlen=152: 153020 braids
    projlen=153: 349729 braids
    projlen=154: 152378 braids
    projlen=155: 342184 braids
    projlen=156: 147680 braids
    projlen=157: 117284 braids
  Braids kept: 1109783 (in 32 buckets, 4.11 GB CPU)
  ⚡ Timing: matmul=0.17s, sampling=11.51s, total=17.65s
============================================================
Level 268 - SAMPLING
============================================================
  Starting braids: 959783
  Candidates to generate: 4930291
  Processing in 50 chunks...
  Projlen distribution:
    projlen=127: 6 braids
    projlen=128: 9 braids
    projlen=129: 26 braids
    projlen=130: 24 braids
    projlen=131: 184 braids
    projlen=132: 220 braids
    projlen=133: 2387 braids
    projlen=134: 2115 braids
    projlen=135: 20013 braids
    projlen=136: 15182 braids
    projlen=137: 152966 braids
    projlen=138: 98589 braids
    projlen=139: 301473 braids
    projlen=140: 176200 braids
    projlen=141: 362075 braids
    projlen=142: 163068 braids
    projlen=143: 356109 braids
    projlen=144: 156074 braids
    projlen=145: 352633 braids
    projlen=146: 154270 braids
    projlen=147: 351066 braids
    projlen=148: 153787 braids
    projlen=149: 349632 braids
    projlen=150: 153187 braids
    projlen=151: 349166 braids
    projlen=152: 153151 braids
    projlen=153: 348963 braids
    projlen=154: 152268 braids
    projlen=155: 342323 braids
    projlen=156: 146793 braids
    projlen=157: 116332 braids
  Braids kept: 1090166 (in 31 buckets, 4.05 GB CPU)
  ⚡ Timing: matmul=0.16s, sampling=11.13s, total=17.02s
============================================================
Level 269 - SAMPLING
============================================================
  Starting braids: 990166
  Candidates to generate: 5110660
  Processing in 52 chunks...
  Projlen distribution:
    projlen=129: 61 braids
    projlen=130: 51 braids
    projlen=131: 198 braids
    projlen=132: 156 braids
    projlen=133: 1391 braids
    projlen=134: 1310 braids
    projlen=135: 14220 braids
    projlen=136: 10870 braids
    projlen=137: 102520 braids
    projlen=138: 66951 braids
    projlen=139: 284283 braids
    projlen=140: 176277 braids
    projlen=141: 363819 braids
    projlen=142: 168047 braids
    projlen=143: 358239 braids
    projlen=144: 157490 braids
    projlen=145: 353586 braids
    projlen=146: 154727 braids
    projlen=147: 350499 braids
    projlen=148: 153405 braids
    projlen=149: 349285 braids
    projlen=150: 153263 braids
    projlen=151: 348217 braids
    projlen=152: 152625 braids
    projlen=153: 347889 braids
    projlen=154: 152778 braids
    projlen=155: 347326 braids
    projlen=156: 150968 braids
    projlen=157: 310040 braids
    projlen=158: 80169 braids
  Braids kept: 1128257 (in 30 buckets, 4.21 GB CPU)
  ⚡ Timing: matmul=0.16s, sampling=11.74s, total=17.87s
============================================================
Level 270 - SAMPLING
============================================================
  Starting braids: 978257
  Candidates to generate: 5051123
  Processing in 51 chunks...
  Projlen distribution:
    projlen=128: 1 braids
    projlen=129: 1 braids
    projlen=130: 6 braids
    projlen=131: 358 braids
    projlen=132: 274 braids
    projlen=133: 1309 braids
    projlen=134: 1001 braids
    projlen=135: 8914 braids
    projlen=136: 7081 braids
    projlen=137: 73313 braids
    projlen=138: 49339 braids
    projlen=139: 273312 braids
    projlen=140: 175742 braids
    projlen=141: 364700 braids
    projlen=142: 170330 braids
    projlen=143: 359298 braids
    projlen=144: 159185 braids
    projlen=145: 354339 braids
    projlen=146: 155131 braids
    projlen=147: 351287 braids
    projlen=148: 153916 braids
    projlen=149: 349901 braids
    projlen=150: 153473 braids
    projlen=151: 348635 braids
    projlen=152: 152883 braids
    projlen=153: 347565 braids
    projlen=154: 152643 braids
    projlen=155: 347226 braids
    projlen=156: 150930 braids
    projlen=157: 308841 braids
    projlen=158: 80189 braids
  Braids kept: 1118284 (in 31 buckets, 4.18 GB CPU)
  ⚡ Timing: matmul=0.19s, sampling=11.37s, total=17.44s
============================================================
Level 271 - SAMPLING
============================================================
  Starting braids: 968284
  Candidates to generate: 4999574
  Processing in 50 chunks...
  Projlen distribution:
    projlen=128: 1 braids
    projlen=129: 2 braids
    projlen=130: 3 braids
    projlen=131: 28 braids
    projlen=132: 44 braids
    projlen=133: 1878 braids
    projlen=134: 1433 braids
    projlen=135: 7920 braids
    projlen=136: 5613 braids
    projlen=137: 48485 braids
    projlen=138: 33536 braids
    projlen=139: 264919 braids
    projlen=140: 174839 braids
    projlen=141: 362154 braids
    projlen=142: 171448 braids
    projlen=143: 359220 braids
    projlen=144: 160189 braids
    projlen=145: 355522 braids
    projlen=146: 155505 braids
    projlen=147: 350996 braids
    projlen=148: 153783 braids
    projlen=149: 349331 braids
    projlen=150: 153124 braids
    projlen=151: 348791 braids
    projlen=152: 153069 braids
    projlen=153: 349146 braids
    projlen=154: 152823 braids
    projlen=155: 346694 braids
    projlen=156: 150560 braids
    projlen=157: 308338 braids
    projlen=158: 80180 braids
  Braids kept: 1098943 (in 31 buckets, 4.11 GB CPU)
  ⚡ Timing: matmul=0.20s, sampling=11.16s, total=17.14s
============================================================
Level 272 - SAMPLING
============================================================
  Starting braids: 998943
  Candidates to generate: 5123823
  Processing in 52 chunks...
  Projlen distribution:
    projlen=129: 4 braids
    projlen=130: 5 braids
    projlen=131: 14 braids
    projlen=132: 15 braids
    projlen=133: 258 braids
    projlen=134: 318 braids
    projlen=135: 9713 braids
    projlen=136: 7211 braids
    projlen=137: 43990 braids
    projlen=138: 28695 braids
    projlen=139: 239545 braids
    projlen=140: 147568 braids
    projlen=141: 323562 braids
    projlen=142: 173068 braids
    projlen=143: 359764 braids
    projlen=144: 160216 braids
    projlen=145: 355943 braids
    projlen=146: 156195 braids
    projlen=147: 352004 braids
    projlen=148: 153965 braids
    projlen=149: 349334 braids
    projlen=150: 152740 braids
    projlen=151: 348428 braids
    projlen=152: 152976 braids
    projlen=153: 348519 braids
    projlen=154: 152967 braids
    projlen=155: 348281 braids
    projlen=156: 151976 braids
    projlen=157: 341448 braids
    projlen=158: 147823 braids
    projlen=159: 117278 braids
  Braids kept: 1140223 (in 31 buckets, 4.28 GB CPU)
  ⚡ Timing: matmul=0.17s, sampling=11.69s, total=17.84s
============================================================
Level 273 - SAMPLING
============================================================
  Starting braids: 990223
  Candidates to generate: 5081965
  Processing in 51 chunks...
  Projlen distribution:
    projlen=129: 3 braids
    projlen=130: 5 braids
    projlen=131: 30 braids
    projlen=132: 28 braids
    projlen=133: 110 braids
    projlen=134: 130 braids
    projlen=135: 1925 braids
    projlen=136: 2005 braids
    projlen=137: 49390 braids
    projlen=138: 34734 braids
    projlen=139: 217835 braids
    projlen=140: 128343 braids
    projlen=141: 311872 braids
    projlen=142: 174226 braids
    projlen=143: 362534 braids
    projlen=144: 164633 braids
    projlen=145: 356707 braids
    projlen=146: 156176 braids
    projlen=147: 352697 braids
    projlen=148: 154466 braids
    projlen=149: 350186 braids
    projlen=150: 153386 braids
    projlen=151: 349295 braids
    projlen=152: 152996 braids
    projlen=153: 348261 braids
    projlen=154: 152718 braids
    projlen=155: 348700 braids
    projlen=156: 152385 braids
    projlen=157: 342440 braids
    projlen=158: 147251 braids
    projlen=159: 116498 braids
  Braids kept: 1138360 (in 31 buckets, 4.28 GB CPU)
  ⚡ Timing: matmul=0.20s, sampling=11.49s, total=17.61s
============================================================
Level 274 - SAMPLING
============================================================
  Starting braids: 988360
  Candidates to generate: 5074664
  Processing in 51 chunks...
  Projlen distribution:
    projlen=131: 25 braids
    projlen=132: 30 braids
    projlen=133: 201 braids
    projlen=134: 172 braids
    projlen=135: 929 braids
    projlen=136: 938 braids
    projlen=137: 12669 braids
    projlen=138: 10716 braids
    projlen=139: 232101 braids
    projlen=140: 150642 braids
    projlen=141: 325991 braids
    projlen=142: 171966 braids
    projlen=143: 360590 braids
    projlen=144: 165444 braids
    projlen=145: 357826 braids
    projlen=146: 157787 braids
    projlen=147: 353563 braids
    projlen=148: 154465 braids
    projlen=149: 351776 braids
    projlen=150: 153872 braids
    projlen=151: 349473 braids
    projlen=152: 153199 braids
    projlen=153: 349681 braids
    projlen=154: 153212 braids
    projlen=155: 348842 braids
    projlen=156: 152563 braids
    projlen=157: 342740 braids
    projlen=158: 147017 braids
    projlen=159: 116234 braids
  Braids kept: 1075680 (in 29 buckets, 4.06 GB CPU)
  ⚡ Timing: matmul=0.19s, sampling=11.35s, total=17.45s
============================================================
Level 275 - SAMPLING
============================================================
  Starting braids: 975680
  Candidates to generate: 5015176
  Processing in 51 chunks...
  Projlen distribution:
    projlen=132: 3 braids
    projlen=133: 167 braids
    projlen=134: 173 braids
    projlen=135: 1287 braids
    projlen=136: 1060 braids
    projlen=137: 6671 braids
    projlen=138: 5401 braids
    projlen=139: 66080 braids
    projlen=140: 44594 braids
    projlen=141: 268912 braids
    projlen=142: 175035 braids
    projlen=143: 360314 braids
    projlen=144: 163435 braids
    projlen=145: 356273 braids
    projlen=146: 157236 braids
    projlen=147: 353807 braids
    projlen=148: 155186 braids
    projlen=149: 351165 braids
    projlen=150: 153759 braids
    projlen=151: 349572 braids
    projlen=152: 153108 braids
    projlen=153: 349339 braids
    projlen=154: 152799 braids
    projlen=155: 348520 braids
    projlen=156: 152997 braids
    projlen=157: 347635 braids
    projlen=158: 150682 braids
    projlen=159: 309605 braids
    projlen=160: 80361 braids
  Braids kept: 1109356 (in 29 buckets, 4.21 GB CPU)
  ⚡ Timing: matmul=0.16s, sampling=11.51s, total=17.56s
============================================================
Level 276 - SAMPLING
============================================================
  Starting braids: 959356
  Candidates to generate: 4946544
  Processing in 50 chunks...
  Projlen distribution:
    projlen=132: 3 braids
    projlen=133: 12 braids
    projlen=134: 40 braids
    projlen=135: 1080 braids
    projlen=136: 965 braids
    projlen=137: 7700 braids
    projlen=138: 5701 braids
    projlen=139: 38069 braids
    projlen=140: 26308 braids
    projlen=141: 256456 braids
    projlen=142: 168965 braids
    projlen=143: 349332 braids
    projlen=144: 170323 braids
    projlen=145: 356434 braids
    projlen=146: 157249 braids
    projlen=147: 352722 braids
    projlen=148: 154666 braids
    projlen=149: 351152 braids
    projlen=150: 153830 braids
    projlen=151: 351050 braids
    projlen=152: 154201 braids
    projlen=153: 349115 braids
    projlen=154: 153045 braids
    projlen=155: 349020 braids
    projlen=156: 152997 braids
    projlen=157: 346471 braids
    projlen=158: 150758 braids
    projlen=159: 308947 braids
    projlen=160: 79933 braids
  Braids kept: 1079878 (in 29 buckets, 4.11 GB CPU)
  ⚡ Timing: matmul=0.17s, sampling=11.08s, total=17.04s
============================================================
Level 277 - SAMPLING
============================================================
  Starting braids: 979878
  Candidates to generate: 5025550
  Processing in 51 chunks...
  Projlen distribution:
    projlen=132: 2 braids
    projlen=133: 9 braids
    projlen=134: 20 braids
    projlen=135: 231 braids
    projlen=136: 303 braids
    projlen=137: 6337 braids
    projlen=138: 5083 braids
    projlen=139: 42063 braids
    projlen=140: 28488 braids
    projlen=141: 192667 braids
    projlen=142: 117313 braids
    projlen=143: 308122 braids
    projlen=144: 174782 braids
    projlen=145: 359980 braids
    projlen=146: 160636 braids
    projlen=147: 353843 braids
    projlen=148: 154762 braids
    projlen=149: 351887 braids
    projlen=150: 154347 braids
    projlen=151: 350910 braids
    projlen=152: 153498 braids
    projlen=153: 349845 braids
    projlen=154: 153579 braids
    projlen=155: 348709 braids
    projlen=156: 152833 braids
    projlen=157: 348149 braids
    projlen=158: 151821 braids
    projlen=159: 340754 braids
    projlen=160: 147327 braids
    projlen=161: 117250 braids
  Braids kept: 1132536 (in 30 buckets, 4.32 GB CPU)
  ⚡ Timing: matmul=0.17s, sampling=15.79s, total=22.42s
============================================================
Level 278 - SAMPLING
============================================================
  Starting braids: 982536
  Candidates to generate: 5053642
  Processing in 51 chunks...
  Projlen distribution:
    projlen=132: 1 braids
    projlen=133: 12 braids
    projlen=134: 19 braids
    projlen=135: 157 braids
    projlen=136: 194 braids
    projlen=137: 1858 braids
    projlen=138: 1922 braids
    projlen=139: 34315 braids
    projlen=140: 25045 braids
    projlen=141: 207958 braids
    projlen=142: 127910 braids
    projlen=143: 314474 braids
    projlen=144: 174499 braids
    projlen=145: 362738 braids
    projlen=146: 166278 braids
    projlen=147: 356895 braids
    projlen=148: 156232 braids
    projlen=149: 351839 braids
    projlen=150: 153552 braids
    projlen=151: 350226 braids
    projlen=152: 153726 braids
    projlen=153: 349592 braids
    projlen=154: 153129 braids
    projlen=155: 349530 braids
    projlen=156: 153548 braids
    projlen=157: 349678 braids
    projlen=158: 152621 braids
    projlen=159: 342319 braids
    projlen=160: 147063 braids
    projlen=161: 116312 braids
  Braids kept: 1113523 (in 30 buckets, 4.26 GB CPU)
  ⚡ Timing: matmul=0.18s, sampling=15.61s, total=22.71s
============================================================
Level 279 - SAMPLING
============================================================
  Starting braids: 963523
  Candidates to generate: 4947631
  Processing in 50 chunks...
  Projlen distribution:
    projlen=132: 1 braids
    projlen=133: 7 braids
    projlen=134: 10 braids
    projlen=135: 121 braids
    projlen=136: 125 braids
    projlen=137: 1320 braids
    projlen=138: 1312 braids
    projlen=139: 12338 braids
    projlen=140: 10180 braids
    projlen=141: 166460 braids
    projlen=142: 109026 braids
    projlen=143: 305721 braids
    projlen=144: 174252 braids
    projlen=145: 362919 braids
    projlen=146: 166215 braids
    projlen=147: 357745 braids
    projlen=148: 158290 braids
    projlen=149: 354089 braids
    projlen=150: 154800 braids
    projlen=151: 349202 braids
    projlen=152: 153144 braids
    projlen=153: 348690 braids
    projlen=154: 152813 braids
    projlen=155: 347927 braids
    projlen=156: 152529 braids
    projlen=157: 348923 braids
    projlen=158: 152714 braids
    projlen=159: 343057 braids
    projlen=160: 147355 braids
    projlen=161: 116346 braids
  Braids kept: 1075414 (in 30 buckets, 4.12 GB CPU)
  ⚡ Timing: matmul=0.17s, sampling=11.78s, total=18.08s
============================================================
Level 280 - SAMPLING
============================================================
  Starting braids: 975414
  Candidates to generate: 5030756
  Processing in 51 chunks...
  Projlen distribution:
    projlen=133: 8 braids
    projlen=134: 9 braids
    projlen=135: 66 braids
    projlen=136: 81 braids
    projlen=137: 861 braids
    projlen=138: 851 braids
    projlen=139: 8828 braids
    projlen=140: 7178 braids
    projlen=141: 65940 braids
    projlen=142: 44000 braids
    projlen=143: 270483 braids
    projlen=144: 175780 braids
    projlen=145: 362820 braids
    projlen=146: 166527 braids
    projlen=147: 358099 braids
    projlen=148: 158255 braids
    projlen=149: 354362 braids
    projlen=150: 155498 braids
    projlen=151: 351752 braids
    projlen=152: 153964 braids
    projlen=153: 349541 braids
    projlen=154: 153396 braids
    projlen=155: 348827 braids
    projlen=156: 152810 braids
    projlen=157: 348496 braids
    projlen=158: 152907 braids
    projlen=159: 347223 braids
    projlen=160: 151177 braids
    projlen=161: 310384 braids
    projlen=162: 80633 braids
  Braids kept: 1111882 (in 30 buckets, 4.28 GB CPU)
  ⚡ Timing: matmul=0.17s, sampling=16.91s, total=23.83s
============================================================
Level 281 - SAMPLING
============================================================
  Starting braids: 961882
  Candidates to generate: 4980208
  Processing in 50 chunks...
  Projlen distribution:
    projlen=133: 5 braids
    projlen=134: 8 braids
    projlen=135: 53 braids
    projlen=136: 60 braids
    projlen=137: 535 braids
    projlen=138: 519 braids
    projlen=139: 5561 braids
    projlen=140: 4817 braids
    projlen=141: 48868 braids
    projlen=142: 34555 braids
    projlen=143: 261731 braids
    projlen=144: 168208 braids
    projlen=145: 351286 braids
    projlen=146: 172010 braids
    projlen=147: 359007 braids
    projlen=148: 158659 braids
    projlen=149: 354835 braids
    projlen=150: 155593 braids
    projlen=151: 352711 braids
    projlen=152: 154720 braids
    projlen=153: 350755 braids
    projlen=154: 153527 braids
    projlen=155: 349957 braids
    projlen=156: 153433 braids
    projlen=157: 349099 braids
    projlen=158: 153234 braids
    projlen=159: 346868 braids
    projlen=160: 150673 braids
    projlen=161: 308753 braids
    projlen=162: 80168 braids
  Braids kept: 1094981 (in 30 buckets, 4.22 GB CPU)
  ⚡ Timing: matmul=0.20s, sampling=14.34s, total=20.97s
============================================================
Level 282 - SAMPLING
============================================================
  Starting braids: 994981
  Candidates to generate: 5120707
  Processing in 52 chunks...
  Projlen distribution:
    projlen=134: 2 braids
    projlen=135: 39 braids
    projlen=136: 48 braids
    projlen=137: 412 braids
    projlen=138: 371 braids
    projlen=139: 3528 braids
    projlen=140: 3039 braids
    projlen=141: 32469 braids
    projlen=142: 24269 braids
    projlen=143: 242398 braids
    projlen=144: 152896 braids
    projlen=145: 329301 braids
    projlen=146: 174393 braids
    projlen=147: 361417 braids
    projlen=148: 161190 braids
    projlen=149: 356216 braids
    projlen=150: 155957 braids
    projlen=151: 352855 braids
    projlen=152: 154521 braids
    projlen=153: 350356 braids
    projlen=154: 153692 braids
    projlen=155: 350073 braids
    projlen=156: 153618 braids
    projlen=157: 348401 braids
    projlen=158: 152602 braids
    projlen=159: 348845 braids
    projlen=160: 152194 braids
    projlen=161: 340929 braids
    projlen=162: 147302 braids
    projlen=163: 117374 braids
  Braids kept: 1114177 (in 30 buckets, 4.32 GB CPU)
  ⚡ Timing: matmul=0.16s, sampling=12.49s, total=18.83s
============================================================
Level 283 - SAMPLING
============================================================
  Starting braids: 964177
  Candidates to generate: 4955677
  Processing in 50 chunks...
  Projlen distribution:
    projlen=135: 6 braids
    projlen=136: 17 braids
    projlen=137: 286 braids
    projlen=138: 288 braids
    projlen=139: 2604 braids
    projlen=140: 2192 braids
    projlen=141: 21163 braids
    projlen=142: 15832 braids
    projlen=143: 163772 braids
    projlen=144: 105428 braids
    projlen=145: 304841 braids
    projlen=146: 175801 braids
    projlen=147: 362115 braids
    projlen=148: 164069 braids
    projlen=149: 357188 braids
    projlen=150: 156411 braids
    projlen=151: 352306 braids
    projlen=152: 154361 braids
    projlen=153: 350762 braids
    projlen=154: 153807 braids
    projlen=155: 349132 braids
    projlen=156: 153279 braids
    projlen=157: 349116 braids
    projlen=158: 153206 braids
    projlen=159: 348854 braids
    projlen=160: 152460 braids
    projlen=161: 342603 braids
    projlen=162: 147336 braids
    projlen=163: 116442 braids
  Braids kept: 1092388 (in 29 buckets, 4.24 GB CPU)
  ⚡ Timing: matmul=0.18s, sampling=14.08s, total=20.84s
============================================================
Level 284 - SAMPLING
============================================================
  Starting braids: 992388
  Candidates to generate: 5124052
  Processing in 52 chunks...
  Projlen distribution:
    projlen=136: 2 braids
    projlen=137: 102 braids
    projlen=138: 146 braids
    projlen=139: 1739 braids
    projlen=140: 1561 braids
    projlen=141: 15503 braids
    projlen=142: 11469 braids
    projlen=143: 107834 braids
    projlen=144: 69647 braids
    projlen=145: 285706 braids
    projlen=146: 176290 braids
    projlen=147: 363166 braids
    projlen=148: 166940 braids
    projlen=149: 357760 braids
    projlen=150: 157968 braids
    projlen=151: 353806 braids
    projlen=152: 154598 braids
    projlen=153: 350482 braids
    projlen=154: 153402 braids
    projlen=155: 350030 braids
    projlen=156: 153517 braids
    projlen=157: 349544 braids
    projlen=158: 153261 braids
    projlen=159: 348558 braids
    projlen=160: 153220 braids
    projlen=161: 345734 braids
    projlen=162: 150366 braids
    projlen=163: 310703 braids
    projlen=164: 80998 braids
  Braids kept: 1130522 (in 29 buckets, 4.41 GB CPU)
  ⚡ Timing: matmul=0.17s, sampling=13.55s, total=20.11s
============================================================
Level 285 - SAMPLING
============================================================
  Starting braids: 980522
  Candidates to generate: 5067354
  Processing in 51 chunks...
  Projlen distribution:
    projlen=136: 2 braids
    projlen=137: 13 braids
    projlen=138: 45 braids
    projlen=139: 834 braids
    projlen=140: 918 braids
    projlen=141: 10322 braids
    projlen=142: 8024 braids
    projlen=143: 79328 braids
    projlen=144: 52028 braids
    projlen=145: 274836 braids
    projlen=146: 175441 braids
    projlen=147: 365348 braids
    projlen=148: 170587 braids
    projlen=149: 359674 braids
    projlen=150: 158968 braids
    projlen=151: 354478 braids
    projlen=152: 154848 braids
    projlen=153: 350944 braids
    projlen=154: 153644 braids
    projlen=155: 349624 braids
    projlen=156: 153442 braids
    projlen=157: 349922 braids
    projlen=158: 153657 braids
    projlen=159: 349275 braids
    projlen=160: 152864 braids
    projlen=161: 348559 braids
    projlen=162: 151546 braids
    projlen=163: 308216 braids
    projlen=164: 79967 braids
  Braids kept: 1120158 (in 29 buckets, 4.37 GB CPU)
  ⚡ Timing: matmul=0.19s, sampling=14.45s, total=20.99s
============================================================
Level 286 - SAMPLING
============================================================
  Starting braids: 970158
  Candidates to generate: 5007916
  Processing in 51 chunks...
  Projlen distribution:
    projlen=137: 13 braids
    projlen=138: 22 braids
    projlen=139: 230 braids
    projlen=140: 321 braids
    projlen=141: 5703 braids
    projlen=142: 4932 braids
    projlen=143: 53868 braids
    projlen=144: 37158 braids
    projlen=145: 265846 braids
    projlen=146: 174581 braids
    projlen=147: 364084 braids
    projlen=148: 171476 braids
    projlen=149: 359914 braids
    projlen=150: 159935 braids
    projlen=151: 355123 braids
    projlen=152: 155295 braids
    projlen=153: 351242 braids
    projlen=154: 153808 braids
    projlen=155: 349454 braids
    projlen=156: 153006 braids
    projlen=157: 349438 braids
    projlen=158: 153243 braids
    projlen=159: 349324 braids
    projlen=160: 153176 braids
    projlen=161: 347610 braids
    projlen=162: 150963 braids
    projlen=163: 308100 braids
    projlen=164: 80051 braids
  Braids kept: 1098379 (in 28 buckets, 4.30 GB CPU)
  ⚡ Timing: matmul=0.16s, sampling=14.43s, total=21.05s
============================================================
Level 287 - SAMPLING
============================================================
  Starting braids: 998379
  Candidates to generate: 5125231
  Processing in 52 chunks...
  Projlen distribution:
    projlen=137: 10 braids
    projlen=138: 13 braids
    projlen=139: 165 braids
    projlen=140: 193 braids
    projlen=141: 2034 braids
    projlen=142: 2068 braids
    projlen=143: 32481 braids
    projlen=144: 24419 braids
    projlen=145: 247144 braids
    projlen=146: 156413 braids
    projlen=147: 332361 braids
    projlen=148: 172346 braids
    projlen=149: 360069 braids
    projlen=150: 160528 braids
    projlen=151: 355728 braids
    projlen=152: 155874 braids
    projlen=153: 352409 braids
    projlen=154: 154306 braids
    projlen=155: 350243 braids
    projlen=156: 153116 braids
    projlen=157: 349480 braids
    projlen=158: 153157 braids
    projlen=159: 349612 braids
    projlen=160: 153205 braids
    projlen=161: 348701 braids
    projlen=162: 152206 braids
    projlen=163: 341959 braids
    projlen=164: 147599 braids
    projlen=165: 117392 braids
  Braids kept: 1111383 (in 29 buckets, 4.37 GB CPU)
  ⚡ Timing: matmul=0.17s, sampling=12.96s, total=19.48s
============================================================
Level 288 - SAMPLING
============================================================
  Starting braids: 961383
  Candidates to generate: 4939223
  Processing in 50 chunks...
  Projlen distribution:
    projlen=137: 2 braids
    projlen=138: 7 braids
    projlen=139: 103 braids
    projlen=140: 117 braids
    projlen=141: 1325 braids
    projlen=142: 1273 braids
    projlen=143: 13722 braids
    projlen=144: 11278 braids
    projlen=145: 161755 braids
    projlen=146: 105530 braids
    projlen=147: 303599 braids
    projlen=148: 174618 braids
    projlen=149: 362353 braids
    projlen=150: 163493 braids
    projlen=151: 356615 braids
    projlen=152: 156476 braids
    projlen=153: 353339 braids
    projlen=154: 154375 braids
    projlen=155: 349856 braids
    projlen=156: 153264 braids
    projlen=157: 350626 braids
    projlen=158: 153375 braids
    projlen=159: 349998 braids
    projlen=160: 153623 braids
    projlen=161: 348841 braids
    projlen=162: 152408 braids
    projlen=163: 343238 braids
    projlen=164: 147490 braids
    projlen=165: 116524 braids
  Braids kept: 1077827 (in 29 buckets, 4.25 GB CPU)
  ⚡ Timing: matmul=0.17s, sampling=14.60s, total=21.28s
============================================================
Level 289 - SAMPLING
============================================================
  Starting braids: 977827
  Candidates to generate: 5043757
  Processing in 51 chunks...
  Projlen distribution:
    projlen=138: 2 braids
    projlen=139: 31 braids
    projlen=140: 57 braids
    projlen=141: 781 braids
    projlen=142: 804 braids
    projlen=143: 8845 braids
    projlen=144: 7266 braids
    projlen=145: 72789 braids
    projlen=146: 49283 braids
    projlen=147: 273585 braids
    projlen=148: 176332 braids
    projlen=149: 362762 braids
    projlen=150: 166607 braids
    projlen=151: 357922 braids
    projlen=152: 157418 braids
    projlen=153: 354018 braids
    projlen=154: 154964 braids
    projlen=155: 350847 braids
    projlen=156: 153733 braids
    projlen=157: 349306 braids
    projlen=158: 153166 braids
    projlen=159: 348734 braids
    projlen=160: 152750 braids
    projlen=161: 349124 braids
    projlen=162: 153186 braids
    projlen=163: 347395 braids
    projlen=164: 150675 braids
    projlen=165: 310635 braids
    projlen=166: 80740 braids
  Braids kept: 1117069 (in 29 buckets, 4.42 GB CPU)
  ⚡ Timing: matmul=0.18s, sampling=13.23s, total=19.70s
============================================================
Level 290 - SAMPLING
============================================================
  Starting braids: 967069
  Candidates to generate: 4999821
  Processing in 50 chunks...
  Projlen distribution:
    projlen=138: 2 braids
    projlen=139: 13 braids
    projlen=140: 28 braids
    projlen=141: 334 braids
    projlen=142: 435 braids
    projlen=143: 5147 braids
    projlen=144: 4543 braids
    projlen=145: 48889 braids
    projlen=146: 34708 braids
    projlen=147: 267558 braids
    projlen=148: 177092 braids
    projlen=149: 363570 braids
    projlen=150: 171630 braids
    projlen=151: 358555 braids
    projlen=152: 158675 braids
    projlen=153: 354397 braids
    projlen=154: 154872 braids
    projlen=155: 350064 braids
    projlen=156: 153436 braids
    projlen=157: 350409 braids
    projlen=158: 153905 braids
    projlen=159: 348515 braids
    projlen=160: 152733 braids
    projlen=161: 348822 braids
    projlen=162: 153279 braids
    projlen=163: 347377 braids
    projlen=164: 150672 braids
    projlen=165: 309792 braids
    projlen=166: 80369 braids
  Braids kept: 1094099 (in 29 buckets, 4.34 GB CPU)
  ⚡ Timing: matmul=0.20s, sampling=14.09s, total=20.57s
============================================================
Level 291 - SAMPLING
============================================================
  Starting braids: 994099
  Candidates to generate: 5113659
  Processing in 52 chunks...
  Projlen distribution:
    projlen=138: 2 braids
    projlen=139: 14 braids
    projlen=140: 20 braids
    projlen=141: 198 braids
    projlen=142: 256 braids
    projlen=143: 2608 braids
    projlen=144: 2645 braids
    projlen=145: 29935 braids
    projlen=146: 22884 braids
    projlen=147: 243246 braids
    projlen=148: 153930 braids
    projlen=149: 329597 braids
    projlen=150: 174074 braids
    projlen=151: 361076 braids
    projlen=152: 160537 braids
    projlen=153: 356196 braids
    projlen=154: 156034 braids
    projlen=155: 351658 braids
    projlen=156: 154042 braids
    projlen=157: 349676 braids
    projlen=158: 153107 braids
    projlen=159: 349289 braids
    projlen=160: 153236 braids
    projlen=161: 348823 braids
    projlen=162: 153001 braids
    projlen=163: 348865 braids
    projlen=164: 152593 braids
    projlen=165: 341257 braids
    projlen=166: 147508 braids
    projlen=167: 117352 braids
  Braids kept: 1108562 (in 30 buckets, 4.42 GB CPU)
  ⚡ Timing: matmul=0.16s, sampling=15.16s, total=22.06s
============================================================
Level 292 - SAMPLING
============================================================
  Starting braids: 958562
  Candidates to generate: 4921328
  Processing in 50 chunks...
  Projlen distribution:
    projlen=138: 4 braids
    projlen=139: 11 braids
    projlen=140: 16 braids
    projlen=141: 148 braids
    projlen=142: 168 braids
    projlen=143: 1680 braids
    projlen=144: 1690 braids
    projlen=145: 16977 braids
    projlen=146: 13601 braids
    projlen=147: 150451 braids
    projlen=148: 98373 braids
    projlen=149: 302078 braids
    projlen=150: 176076 braids
    projlen=151: 361940 braids
    projlen=152: 163752 braids
    projlen=153: 356271 braids
    projlen=154: 156113 braids
    projlen=155: 352852 braids
    projlen=156: 154542 braids
    projlen=157: 349995 braids
    projlen=158: 153391 braids
    projlen=159: 349053 braids
    projlen=160: 153016 braids
    projlen=161: 349506 braids
    projlen=162: 153221 braids
    projlen=163: 349185 braids
    projlen=164: 152334 braids
    projlen=165: 341805 braids
    projlen=166: 146753 braids
    projlen=167: 116326 braids
  Braids kept: 1084295 (in 30 buckets, 4.33 GB CPU)
  ⚡ Timing: matmul=0.16s, sampling=12.93s, total=19.26s
============================================================
Level 293 - SAMPLING
============================================================
  Starting braids: 984295
  Candidates to generate: 5083211
  Processing in 51 chunks...
  Projlen distribution:
    projlen=138: 1 braids
    projlen=139: 17 braids
    projlen=140: 24 braids
    projlen=141: 116 braids
    projlen=142: 116 braids
    projlen=143: 1116 braids
    projlen=144: 1132 braids
    projlen=145: 11397 braids
    projlen=146: 9284 braids
    projlen=147: 88536 braids
    projlen=148: 59144 braids
    projlen=149: 280908 braids
    projlen=150: 176729 braids
    projlen=151: 364902 braids
    projlen=152: 168259 braids
    projlen=153: 358021 braids
    projlen=154: 157448 braids
    projlen=155: 353542 braids
    projlen=156: 154714 braids
    projlen=157: 350205 braids
    projlen=158: 153461 braids
    projlen=159: 349356 braids
    projlen=160: 153179 braids
    projlen=161: 348813 braids
    projlen=162: 152884 braids
    projlen=163: 348969 braids
    projlen=164: 152943 braids
    projlen=165: 346991 braids
    projlen=166: 150781 braids
    projlen=167: 309691 braids
    projlen=168: 80532 braids
  Braids kept: 1123203 (in 31 buckets, 4.50 GB CPU)
  ⚡ Timing: matmul=0.20s, sampling=16.54s, total=23.47s
============================================================
Level 294 - SAMPLING
============================================================
  Starting braids: 973203
  Candidates to generate: 5033635
  Processing in 51 chunks...
  Projlen distribution:
    projlen=138: 2 braids
    projlen=139: 1 braids
    projlen=140: 10 braids
    projlen=141: 132 braids
    projlen=142: 133 braids
    projlen=143: 883 braids
    projlen=144: 838 braids
    projlen=145: 7435 braids
    projlen=146: 6144 braids
    projlen=147: 61317 braids
    projlen=148: 42516 braids
    projlen=149: 271496 braids
    projlen=150: 177144 braids
    projlen=151: 365292 braids
    projlen=152: 170830 braids
    projlen=153: 360380 braids
    projlen=154: 159612 braids
    projlen=155: 354247 braids
    projlen=156: 155020 braids
    projlen=157: 351557 braids
    projlen=158: 154190 braids
    projlen=159: 349727 braids
    projlen=160: 153241 braids
    projlen=161: 348427 braids
    projlen=162: 152980 braids
    projlen=163: 348501 braids
    projlen=164: 152691 braids
    projlen=165: 348062 braids
    projlen=166: 151459 braids
    projlen=167: 309201 braids
    projlen=168: 80167 braids
  Braids kept: 1108094 (in 31 buckets, 4.45 GB CPU)
  ⚡ Timing: matmul=0.17s, sampling=12.69s, total=19.11s
============================================================
Level 295 - SAMPLING
============================================================
  Starting braids: 958094
  Candidates to generate: 4959910
  Processing in 50 chunks...
  Projlen distribution:
    projlen=139: 6 braids
    projlen=140: 17 braids
    projlen=141: 33 braids
    projlen=142: 61 braids
    projlen=143: 834 braids
    projlen=144: 761 braids
    projlen=145: 6001 braids
    projlen=146: 4860 braids
    projlen=147: 41610 braids
    projlen=148: 29715 braids
    projlen=149: 256648 braids
    projlen=150: 165733 braids
    projlen=151: 346598 braids
    projlen=152: 172721 braids
    projlen=153: 360075 braids
    projlen=154: 159864 braids
    projlen=155: 356777 braids
    projlen=156: 156346 braids
    projlen=157: 351617 braids
    projlen=158: 154157 braids
    projlen=159: 350570 braids
    projlen=160: 153614 braids
    projlen=161: 349376 braids
    projlen=162: 153065 braids
    projlen=163: 348509 braids
    projlen=164: 153162 braids
    projlen=165: 347740 braids
    projlen=166: 150914 braids
    projlen=167: 308356 braids
    projlen=168: 80170 braids
  Braids kept: 1083898 (in 30 buckets, 4.36 GB CPU)
  ⚡ Timing: matmul=0.18s, sampling=16.61s, total=23.44s
============================================================
Level 296 - SAMPLING
============================================================
  Starting braids: 983898
  Candidates to generate: 5061734
  Processing in 51 chunks...
  Projlen distribution:
    projlen=141: 85 braids
    projlen=142: 101 braids
    projlen=143: 349 braids
    projlen=144: 369 braids
    projlen=145: 4965 braids
    projlen=146: 4159 braids
    projlen=147: 34793 braids
    projlen=148: 24773 braids
    projlen=149: 207696 braids
    projlen=150: 129444 braids
    projlen=151: 316436 braids
    projlen=152: 174970 braids
    projlen=153: 361434 braids
    projlen=154: 162225 braids
    projlen=155: 356862 braids
    projlen=156: 156492 braids
    projlen=157: 353735 braids
    projlen=158: 155130 braids
    projlen=159: 351394 braids
    projlen=160: 153896 braids
    projlen=161: 350094 braids
    projlen=162: 152984 braids
    projlen=163: 348340 braids
    projlen=164: 152837 braids
    projlen=165: 348425 braids
    projlen=166: 151942 braids
    projlen=167: 342178 braids
    projlen=168: 148122 braids
    projlen=169: 117504 braids
  Braids kept: 1119594 (in 29 buckets, 4.52 GB CPU)
  ⚡ Timing: matmul=0.25s, sampling=13.48s, total=20.11s
============================================================
Level 297 - SAMPLING
============================================================
  Starting braids: 969594
  Candidates to generate: 4982596
  Processing in 50 chunks...
  Projlen distribution:
    projlen=140: 2 braids
    projlen=141: 4 braids
    projlen=142: 18 braids
    projlen=143: 619 braids
    projlen=144: 559 braids
    projlen=145: 2612 braids
    projlen=146: 2186 braids
    projlen=147: 28024 braids
    projlen=148: 20676 braids
    projlen=149: 173874 braids
    projlen=150: 108741 braids
    projlen=151: 304136 braids
    projlen=152: 174336 braids
    projlen=153: 361984 braids
    projlen=154: 165279 braids
    projlen=155: 356117 braids
    projlen=156: 156450 braids
    projlen=157: 353758 braids
    projlen=158: 154830 braids
    projlen=159: 351757 braids
    projlen=160: 154214 braids
    projlen=161: 349827 braids
    projlen=162: 153084 braids
    projlen=163: 349253 braids
    projlen=164: 153070 braids
    projlen=165: 349314 braids
    projlen=166: 152382 braids
    projlen=167: 342270 braids
    projlen=168: 146840 braids
    projlen=169: 116380 braids
  Braids kept: 1104700 (in 30 buckets, 4.47 GB CPU)
  ⚡ Timing: matmul=0.21s, sampling=12.81s, total=19.15s
============================================================
Level 298 - SAMPLING
============================================================
  Starting braids: 954700
  Candidates to generate: 4907802
  Processing in 50 chunks...
  Projlen distribution:
    projlen=141: 7 braids
    projlen=142: 11 braids
    projlen=143: 100 braids
    projlen=144: 167 braids
    projlen=145: 3692 braids
    projlen=146: 3028 braids
    projlen=147: 16487 braids
    projlen=148: 11804 braids
    projlen=149: 138564 braids
    projlen=150: 90163 braids
    projlen=151: 293992 braids
    projlen=152: 174022 braids
    projlen=153: 363014 braids
    projlen=154: 167375 braids
    projlen=155: 358217 braids
    projlen=156: 158192 braids
    projlen=157: 353573 braids
    projlen=158: 154876 braids
    projlen=159: 351157 braids
    projlen=160: 154006 braids
    projlen=161: 350772 braids
    projlen=162: 153724 braids
    projlen=163: 349677 braids
    projlen=164: 153055 braids
    projlen=165: 348764 braids
    projlen=166: 152453 braids
    projlen=167: 343245 braids
    projlen=168: 147247 braids
    projlen=169: 116418 braids
  Braids kept: 1085296 (in 29 buckets, 4.40 GB CPU)
  ⚡ Timing: matmul=0.26s, sampling=15.46s, total=22.20s
============================================================
Level 299 - SAMPLING
============================================================
  Starting braids: 985296
  Candidates to generate: 5088684
  Processing in 51 chunks...
  Projlen distribution:
    projlen=141: 3 braids
    projlen=142: 4 braids
    projlen=143: 73 braids
    projlen=144: 99 braids
    projlen=145: 990 braids
    projlen=146: 1140 braids
    projlen=147: 20355 braids
    projlen=148: 14939 braids
    projlen=149: 86559 braids
    projlen=150: 53071 braids
    projlen=151: 273899 braids
    projlen=152: 175290 braids
    projlen=153: 363105 braids
    projlen=154: 168117 braids
    projlen=155: 357880 braids
    projlen=156: 158431 braids
    projlen=157: 354015 braids
    projlen=158: 155029 braids
    projlen=159: 352055 braids
    projlen=160: 153977 braids
    projlen=161: 350809 braids
    projlen=162: 153639 braids
    projlen=163: 349203 braids
    projlen=164: 153191 braids
    projlen=165: 350429 braids
    projlen=166: 153309 braids
    projlen=167: 346973 braids
    projlen=168: 150870 braids
    projlen=169: 310499 braids
    projlen=170: 80731 braids
  Braids kept: 1137603 (in 30 buckets, 4.62 GB CPU)
  ⚡ Timing: matmul=0.20s, sampling=13.25s, total=19.79s
============================================================
Level 300 - SAMPLING
============================================================
  Starting braids: 987603
  Candidates to generate: 5105551
  Processing in 52 chunks...
  Projlen distribution:
    projlen=143: 28 braids
    projlen=144: 47 braids
    projlen=145: 614 braids
    projlen=146: 685 braids
    projlen=147: 7204 braids
    projlen=148: 6340 braids
    projlen=149: 100968 braids
    projlen=150: 67574 braids
    projlen=151: 281531 braids
    projlen=152: 172642 braids
    projlen=153: 363683 braids
    projlen=154: 170935 braids
    projlen=155: 358555 braids
    projlen=156: 159285 braids
    projlen=157: 354445 braids
    projlen=158: 155046 braids
    projlen=159: 350747 braids
    projlen=160: 153982 braids
    projlen=161: 350709 braids
    projlen=162: 153842 braids
    projlen=163: 350183 braids
    projlen=164: 153647 braids
    projlen=165: 350287 braids
    projlen=166: 153530 braids
    projlen=167: 348080 braids
    projlen=168: 151256 braids
    projlen=169: 309308 braids
    projlen=170: 80398 braids
  Braids kept: 1114918 (in 28 buckets, 4.54 GB CPU)
  ⚡ Timing: matmul=0.17s, sampling=16.52s, total=23.46s

============================================================
SEARCH COMPLETE
============================================================
Final level: 300
Total time: 3770.68s
Avg time per level: 12.87s
Total GPU scalar-identity candidates: 0
Exact peyl verification required for every candidate.
