============================================================
SEARCHING FOR KERNEL ELEMENTS
============================================================
Braid group: B_4
Representation: (3, 1)
Dimension: 3
Number of simples: 24
Prime: 7
Device: cuda
Bucket size: 50000
Target length: 300
BFS frontier length: 8
Frontier shard: 14/64
Degree window: [0, 900] (901 coeffs)
Boundary margin: 16
Use best: 1000000
Save best: 50000
Expansion chunk size: 100000
Matmul chunk size: 8000
Seed: 70013

Loaded tables from /nfs/roberts/project/pi_com36/as4843/burau-experiments/precomputed_tables/tables_B4_r1_p7.pt
  Braid group: B_4
  Representation: (3, 1), dimension 3
  Number of simples: 24
  Degree window: [0, 900] (901 coefficients)
  Table checksum: 812f436d5d2d17cd22ee17ad7df33b681151037863def03032587a5c5ef7a9e4
✓ Identity matrix loaded at degree 0

Precomputing FFTs of simple matrices...
  simple_D=4, safety_cap_D=901
  FFT size: dynamic (grows with actual projective width)
  FFT cache: initialized lazily by transform size
Storage: reservoir matrices=CPU int16, active chunks=CUDA int16/FFT
⚡ GPU-accelerated paper reservoir with per-product projectivization

============================================================
Level 8 - BFS FRONTIER
============================================================
  Exhaustively enumerating all legal GNF words of length 8...
  Full frontier: 4,963,856 braids
  Assigned to this shard: 77,561 braids
  Projlen distribution:
    projlen=14: 3 braids
    projlen=15: 9 braids
    projlen=16: 90 braids
    projlen=17: 8960 braids
    projlen=18: 11648 braids
    projlen=19: 21828 braids
    projlen=20: 16631 braids
    projlen=21: 12026 braids
    projlen=22: 4769 braids
    projlen=23: 1396 braids
    projlen=24: 186 braids
    projlen=25: 15 braids
  Braids kept: 77561 (in 12 buckets, 0.03 GB CPU)
  ⚡ Timing: matmul=6.68s, sampling=0.00s, total=6.68s
============================================================
Level 9 - SAMPLING
============================================================
  Starting braids: 77561
  Candidates to generate: 423093
  Processing in 5 chunks...
  Projlen distribution:
    projlen=15: 4 braids
    projlen=16: 34 braids
    projlen=17: 150 braids
    projlen=18: 646 braids
    projlen=19: 41398 braids
    projlen=20: 53955 braids
    projlen=21: 110285 braids
    projlen=22: 90381 braids
    projlen=23: 75315 braids
    projlen=24: 34362 braids
    projlen=25: 13414 braids
    projlen=26: 2754 braids
    projlen=27: 371 braids
    projlen=28: 24 braids
  Braids kept: 293157 (in 14 buckets, 0.13 GB CPU)
  ⚡ Timing: matmul=0.02s, sampling=0.17s, total=0.26s
============================================================
Level 10 - SAMPLING
============================================================
  Starting braids: 293157
  Candidates to generate: 1593301
  Processing in 16 chunks...
  Projlen distribution:
    projlen=16: 1 braids
    projlen=17: 67 braids
    projlen=18: 250 braids
    projlen=19: 1514 braids
    projlen=20: 3967 braids
    projlen=21: 187326 braids
    projlen=22: 226650 braids
    projlen=23: 312553 braids
    projlen=24: 246197 braids
    projlen=25: 283516 braids
    projlen=26: 185160 braids
    projlen=27: 109566 braids
    projlen=28: 29777 braids
    projlen=29: 6073 braids
    projlen=30: 646 braids
    projlen=31: 38 braids
  Braids kept: 392333 (in 16 buckets, 0.19 GB CPU)
  ⚡ Timing: matmul=0.04s, sampling=0.68s, total=0.95s
============================================================
Level 11 - SAMPLING
============================================================
  Starting braids: 392333
  Candidates to generate: 2119375
  Processing in 22 chunks...
  Projlen distribution:
    projlen=17: 1 braids
    projlen=18: 20 braids
    projlen=19: 654 braids
    projlen=20: 1738 braids
    projlen=21: 10069 braids
    projlen=22: 17699 braids
    projlen=23: 230631 braids
    projlen=24: 243509 braids
    projlen=25: 305843 braids
    projlen=26: 247886 braids
    projlen=27: 296458 braids
    projlen=28: 246866 braids
    projlen=29: 267612 braids
    projlen=30: 164307 braids
    projlen=31: 73422 braids
    projlen=32: 11367 braids
    projlen=33: 1233 braids
    projlen=34: 60 braids
  Braids kept: 492841 (in 18 buckets, 0.26 GB CPU)
  ⚡ Timing: matmul=0.08s, sampling=0.89s, total=1.38s
============================================================
Level 12 - SAMPLING
============================================================
  Starting braids: 492841
  Candidates to generate: 2665269
  Processing in 27 chunks...
  Projlen distribution:
    projlen=19: 41 braids
    projlen=20: 190 braids
    projlen=21: 4614 braids
    projlen=22: 9421 braids
    projlen=23: 53720 braids
    projlen=24: 78379 braids
    projlen=25: 263084 braids
    projlen=26: 240016 braids
    projlen=27: 304236 braids
    projlen=28: 250147 braids
    projlen=29: 291324 braids
    projlen=30: 254113 braids
    projlen=31: 287503 braids
    projlen=32: 242966 braids
    projlen=33: 248375 braids
    projlen=34: 111192 braids
    projlen=35: 23801 braids
    projlen=36: 2055 braids
    projlen=37: 92 braids
  Braids kept: 640214 (in 19 buckets, 0.36 GB CPU)
  ⚡ Timing: matmul=0.08s, sampling=1.37s, total=2.00s
============================================================
Level 13 - SAMPLING
============================================================
  Starting braids: 640214
  Candidates to generate: 3480328
  Processing in 35 chunks...
  Projlen distribution:
    projlen=20: 15 braids
    projlen=21: 441 braids
    projlen=22: 1422 braids
    projlen=23: 25613 braids
    projlen=24: 45637 braids
    projlen=25: 236546 braids
    projlen=26: 256287 braids
    projlen=27: 327171 braids
    projlen=28: 236868 braids
    projlen=29: 304591 braids
    projlen=30: 252969 braids
    projlen=31: 287382 braids
    projlen=32: 256599 braids
    projlen=33: 284969 braids
    projlen=34: 255326 braids
    projlen=35: 277410 braids
    projlen=36: 224137 braids
    projlen=37: 160400 braids
    projlen=38: 42658 braids
    projlen=39: 3743 braids
    projlen=40: 144 braids
  Braids kept: 769673 (in 21 buckets, 0.47 GB CPU)
  ⚡ Timing: matmul=0.10s, sampling=1.59s, total=2.42s
============================================================
Level 14 - SAMPLING
============================================================
  Starting braids: 769673
  Candidates to generate: 4167079
  Processing in 42 chunks...
  Projlen distribution:
    projlen=20: 1 braids
    projlen=21: 37 braids
    projlen=22: 177 braids
    projlen=23: 3600 braids
    projlen=24: 8236 braids
    projlen=25: 124704 braids
    projlen=26: 194170 braids
    projlen=27: 315291 braids
    projlen=28: 248447 braids
    projlen=29: 311659 braids
    projlen=30: 236095 braids
    projlen=31: 302523 braids
    projlen=32: 253820 braids
    projlen=33: 284351 braids
    projlen=34: 261104 braids
    projlen=35: 282985 braids
    projlen=36: 259994 braids
    projlen=37: 283524 braids
    projlen=38: 252053 braids
    projlen=39: 262851 braids
    projlen=40: 189713 braids
    projlen=41: 85437 braids
    projlen=42: 6091 braids
    projlen=43: 216 braids
  Braids kept: 868358 (in 24 buckets, 0.57 GB CPU)
  ⚡ Timing: matmul=0.11s, sampling=2.16s, total=3.21s
============================================================
Level 15 - SAMPLING
============================================================
  Starting braids: 868358
  Candidates to generate: 4700364
  Processing in 48 chunks...
  Projlen distribution:
    projlen=22: 17 braids
    projlen=23: 559 braids
    projlen=24: 1452 braids
    projlen=25: 21351 braids
    projlen=26: 36685 braids
    projlen=27: 235850 braids
    projlen=28: 259457 braids
    projlen=29: 308732 braids
    projlen=30: 243374 braids
    projlen=31: 304509 braids
    projlen=32: 240624 braids
    projlen=33: 295920 braids
    projlen=34: 254839 braids
    projlen=35: 284186 braids
    projlen=36: 263697 braids
    projlen=37: 281911 braids
    projlen=38: 263762 braids
    projlen=39: 282247 braids
    projlen=40: 259489 braids
    projlen=41: 279560 braids
    projlen=42: 241522 braids
    projlen=43: 236770 braids
    projlen=44: 92820 braids
    projlen=45: 10695 braids
    projlen=46: 336 braids
  Braids kept: 971095 (in 25 buckets, 0.67 GB CPU)
  ⚡ Timing: matmul=0.12s, sampling=2.61s, total=3.87s
============================================================
Level 16 - SAMPLING
============================================================
  Starting braids: 971095
  Candidates to generate: 5261595
  Processing in 53 chunks...
  Projlen distribution:
    projlen=23: 21 braids
    projlen=24: 226 braids
    projlen=25: 4336 braids
    projlen=26: 8187 braids
    projlen=27: 108973 braids
    projlen=28: 158137 braids
    projlen=29: 300644 braids
    projlen=30: 250065 braids
    projlen=31: 301231 braids
    projlen=32: 246860 braids
    projlen=33: 298921 braids
    projlen=34: 246719 braids
    projlen=35: 292208 braids
    projlen=36: 256890 braids
    projlen=37: 281860 braids
    projlen=38: 264651 braids
    projlen=39: 280094 braids
    projlen=40: 265717 braids
    projlen=41: 280134 braids
    projlen=42: 262822 braids
    projlen=43: 280678 braids
    projlen=44: 256456 braids
    projlen=45: 267644 braids
    projlen=46: 214765 braids
    projlen=47: 115709 braids
    projlen=48: 17151 braids
    projlen=49: 496 braids
  Braids kept: 1080417 (in 27 buckets, 0.79 GB CPU)
  ⚡ Timing: matmul=0.14s, sampling=3.09s, total=4.55s
============================================================
Level 17 - SAMPLING
============================================================
  Starting braids: 962770
  Candidates to generate: 5291118
  Processing in 53 chunks...
  Projlen distribution:
    projlen=24: 15 braids
    projlen=25: 389 braids
    projlen=26: 1588 braids
    projlen=27: 24120 braids
    projlen=28: 37292 braids
    projlen=29: 240457 braids
    projlen=30: 255680 braids
    projlen=31: 317224 braids
    projlen=32: 244217 braids
    projlen=33: 300566 braids
    projlen=34: 251132 braids
    projlen=35: 292986 braids
    projlen=36: 251360 braids
    projlen=37: 289339 braids
    projlen=38: 259452 braids
    projlen=39: 280884 braids
    projlen=40: 266382 braids
    projlen=41: 278471 braids
    projlen=42: 267556 braids
    projlen=43: 278351 braids
    projlen=44: 266089 braids
    projlen=45: 278062 braids
    projlen=46: 256891 braids
    projlen=47: 258307 braids
    projlen=48: 94308 braids
  Braids kept: 1063404 (in 25 buckets, 0.80 GB CPU)
  ⚡ Timing: matmul=0.14s, sampling=3.42s, total=4.90s
============================================================
Level 18 - SAMPLING
============================================================
  Starting braids: 963404
  Candidates to generate: 5296654
  Processing in 53 chunks...
  Projlen distribution:
    projlen=24: 4 braids
    projlen=25: 66 braids
    projlen=26: 270 braids
    projlen=27: 3251 braids
    projlen=28: 9011 braids
    projlen=29: 119924 braids
    projlen=30: 160628 braids
    projlen=31: 305095 braids
    projlen=32: 247164 braids
    projlen=33: 307381 braids
    projlen=34: 245864 braids
    projlen=35: 295562 braids
    projlen=36: 253602 braids
    projlen=37: 288268 braids
    projlen=38: 255463 braids
    projlen=39: 286909 braids
    projlen=40: 261007 braids
    projlen=41: 280064 braids
    projlen=42: 267403 braids
    projlen=43: 276589 braids
    projlen=44: 268589 braids
    projlen=45: 276344 braids
    projlen=46: 266518 braids
    projlen=47: 272574 braids
    projlen=48: 249506 braids
    projlen=49: 99598 braids
  Braids kept: 1062602 (in 26 buckets, 0.82 GB CPU)
  ⚡ Timing: matmul=0.15s, sampling=3.60s, total=5.13s
============================================================
Level 19 - SAMPLING
============================================================
  Starting braids: 962602
  Candidates to generate: 5292852
  Processing in 53 chunks...
  Projlen distribution:
    projlen=25: 23 braids
    projlen=26: 96 braids
    projlen=27: 850 braids
    projlen=28: 2031 braids
    projlen=29: 19643 braids
    projlen=30: 40354 braids
    projlen=31: 241140 braids
    projlen=32: 249529 braids
    projlen=33: 319268 braids
    projlen=34: 239393 braids
    projlen=35: 303533 braids
    projlen=36: 249088 braids
    projlen=37: 291126 braids
    projlen=38: 257027 braids
    projlen=39: 284776 braids
    projlen=40: 258831 braids
    projlen=41: 284612 braids
    projlen=42: 262751 braids
    projlen=43: 279181 braids
    projlen=44: 267517 braids
    projlen=45: 275842 braids
    projlen=46: 270032 braids
    projlen=47: 274406 braids
    projlen=48: 265707 braids
    projlen=49: 258066 braids
    projlen=50: 98030 braids
  Braids kept: 1062997 (in 26 buckets, 0.85 GB CPU)
  ⚡ Timing: matmul=0.15s, sampling=3.76s, total=5.28s
============================================================
Level 20 - SAMPLING
============================================================
  Starting braids: 962997
  Candidates to generate: 5303889
  Processing in 54 chunks...
  Projlen distribution:
    projlen=25: 10 braids
    projlen=26: 37 braids
    projlen=27: 303 braids
    projlen=28: 947 braids
    projlen=29: 6518 braids
    projlen=30: 11275 braids
    projlen=31: 101371 braids
    projlen=32: 172217 braids
    projlen=33: 308521 braids
    projlen=34: 242708 braids
    projlen=35: 309400 braids
    projlen=36: 241816 braids
    projlen=37: 299159 braids
    projlen=38: 251294 braids
    projlen=39: 288202 braids
    projlen=40: 259810 braids
    projlen=41: 283089 braids
    projlen=42: 262946 braids
    projlen=43: 282671 braids
    projlen=44: 264276 braids
    projlen=45: 278923 braids
    projlen=46: 268844 braids
    projlen=47: 274738 braids
    projlen=48: 269614 braids
    projlen=49: 272015 braids
    projlen=50: 253590 braids
    projlen=51: 99595 braids
  Braids kept: 1069090 (in 27 buckets, 0.87 GB CPU)
  ⚡ Timing: matmul=0.14s, sampling=4.41s, total=6.00s
============================================================
Level 21 - SAMPLING
============================================================
  Starting braids: 969090
  Candidates to generate: 5341780
  Processing in 54 chunks...
  Projlen distribution:
    projlen=25: 5 braids
    projlen=26: 15 braids
    projlen=27: 120 braids
    projlen=28: 386 braids
    projlen=29: 2866 braids
    projlen=30: 5878 braids
    projlen=31: 36609 braids
    projlen=32: 51362 braids
    projlen=33: 241305 braids
    projlen=34: 264466 braids
    projlen=35: 313093 braids
    projlen=36: 239890 braids
    projlen=37: 305962 braids
    projlen=38: 245365 braids
    projlen=39: 293704 braids
    projlen=40: 253916 braids
    projlen=41: 285876 braids
    projlen=42: 262471 braids
    projlen=43: 280640 braids
    projlen=44: 265380 braids
    projlen=45: 280987 braids
    projlen=46: 265904 braids
    projlen=47: 277725 braids
    projlen=48: 269416 braids
    projlen=49: 274404 braids
    projlen=50: 268318 braids
    projlen=51: 257563 braids
    projlen=52: 98154 braids
  Braids kept: 1095879 (in 28 buckets, 0.92 GB CPU)
  ⚡ Timing: matmul=0.15s, sampling=4.36s, total=5.98s
============================================================
Level 22 - SAMPLING
============================================================
  Starting braids: 995879
  Candidates to generate: 5487685
  Processing in 55 chunks...
  Projlen distribution:
    projlen=25: 2 braids
    projlen=26: 9 braids
    projlen=27: 57 braids
    projlen=28: 155 braids
    projlen=29: 1253 braids
    projlen=30: 2561 braids
    projlen=31: 18942 braids
    projlen=32: 30029 braids
    projlen=33: 182468 braids
    projlen=34: 220293 braids
    projlen=35: 327256 braids
    projlen=36: 251832 braids
    projlen=37: 302578 braids
    projlen=38: 245182 braids
    projlen=39: 299451 braids
    projlen=40: 249145 braids
    projlen=41: 290124 braids
    projlen=42: 257363 braids
    projlen=43: 283718 braids
    projlen=44: 263538 braids
    projlen=45: 279859 braids
    projlen=46: 267172 braids
    projlen=47: 277729 braids
    projlen=48: 267062 braids
    projlen=49: 276306 braids
    projlen=50: 268664 braids
    projlen=51: 271736 braids
    projlen=52: 254148 braids
    projlen=53: 99053 braids
  Braids kept: 1103008 (in 29 buckets, 0.94 GB CPU)
  ⚡ Timing: matmul=0.15s, sampling=4.86s, total=6.56s
============================================================
Level 23 - SAMPLING
============================================================
  Starting braids: 953008
  Candidates to generate: 5250726
  Processing in 53 chunks...
  Projlen distribution:
    projlen=26: 1 braids
    projlen=27: 19 braids
    projlen=28: 57 braids
    projlen=29: 561 braids
    projlen=30: 1149 braids
    projlen=31: 9050 braids
    projlen=32: 14061 braids
    projlen=33: 99770 braids
    projlen=34: 130569 braids
    projlen=35: 286052 braids
    projlen=36: 248034 braids
    projlen=37: 312549 braids
    projlen=38: 243793 braids
    projlen=39: 298977 braids
    projlen=40: 249700 braids
    projlen=41: 293300 braids
    projlen=42: 252276 braids
    projlen=43: 286666 braids
    projlen=44: 260691 braids
    projlen=45: 281978 braids
    projlen=46: 264480 braids
    projlen=47: 277979 braids
    projlen=48: 268910 braids
    projlen=49: 276483 braids
    projlen=50: 269323 braids
    projlen=51: 272583 braids
    projlen=52: 252857 braids
    projlen=53: 98858 braids
  Braids kept: 1074898 (in 28 buckets, 0.93 GB CPU)
  ⚡ Timing: matmul=0.14s, sampling=4.51s, total=6.12s
============================================================
Level 24 - SAMPLING
============================================================
  Starting braids: 974898
  Candidates to generate: 5366050
  Processing in 54 chunks...
  Projlen distribution:
    projlen=26: 3 braids
    projlen=27: 3 braids
    projlen=28: 21 braids
    projlen=29: 198 braids
    projlen=30: 486 braids
    projlen=31: 3967 braids
    projlen=32: 6828 braids
    projlen=33: 49550 braids
    projlen=34: 63899 braids
    projlen=35: 253198 braids
    projlen=36: 248725 braids
    projlen=37: 320612 braids
    projlen=38: 241066 braids
    projlen=39: 305153 braids
    projlen=40: 245733 braids
    projlen=41: 293808 braids
    projlen=42: 253264 braids
    projlen=43: 289122 braids
    projlen=44: 256505 braids
    projlen=45: 283860 braids
    projlen=46: 261867 braids
    projlen=47: 279224 braids
    projlen=48: 265402 braids
    projlen=49: 277102 braids
    projlen=50: 269044 braids
    projlen=51: 274124 braids
    projlen=52: 267280 braids
    projlen=53: 257813 braids
    projlen=54: 98193 braids
  Braids kept: 1111056 (in 29 buckets, 0.98 GB CPU)
  ⚡ Timing: matmul=0.15s, sampling=5.62s, total=7.42s
============================================================
Level 25 - SAMPLING
============================================================
  Starting braids: 961056
  Candidates to generate: 5297100
  Processing in 53 chunks...
  Projlen distribution:
    projlen=26: 2 braids
    projlen=27: 8 braids
    projlen=28: 15 braids
    projlen=29: 69 braids
    projlen=30: 199 braids
    projlen=31: 1646 braids
    projlen=32: 3102 braids
    projlen=33: 22832 braids
    projlen=34: 34807 braids
    projlen=35: 236171 braids
    projlen=36: 243138 braids
    projlen=37: 329862 braids
    projlen=38: 241339 braids
    projlen=39: 309983 braids
    projlen=40: 240732 braids
    projlen=41: 300330 braids
    projlen=42: 249621 braids
    projlen=43: 290732 braids
    projlen=44: 256814 braids
    projlen=45: 285409 braids
    projlen=46: 260352 braids
    projlen=47: 281861 braids
    projlen=48: 263854 braids
    projlen=49: 278914 braids
    projlen=50: 266793 braids
    projlen=51: 276686 braids
    projlen=52: 266382 braids
    projlen=53: 257095 braids
    projlen=54: 98352 braids
  Braids kept: 1062680 (in 29 buckets, 0.95 GB CPU)
  ⚡ Timing: matmul=0.15s, sampling=4.14s, total=5.78s
============================================================
Level 26 - SAMPLING
============================================================
  Starting braids: 962680
  Candidates to generate: 5289600
  Processing in 53 chunks...
  Projlen distribution:
    projlen=26: 2 braids
    projlen=27: 8 braids
    projlen=28: 13 braids
    projlen=29: 94 braids
    projlen=30: 114 braids
    projlen=31: 670 braids
    projlen=32: 1355 braids
    projlen=33: 10543 braids
    projlen=34: 16486 braids
    projlen=35: 113351 braids
    projlen=36: 150323 braids
    projlen=37: 299842 braids
    projlen=38: 240097 braids
    projlen=39: 315403 braids
    projlen=40: 236869 braids
    projlen=41: 304680 braids
    projlen=42: 244286 braids
    projlen=43: 295175 braids
    projlen=44: 252362 braids
    projlen=45: 287288 braids
    projlen=46: 259288 braids
    projlen=47: 282754 braids
    projlen=48: 262596 braids
    projlen=49: 280182 braids
    projlen=50: 265348 braids
    projlen=51: 277326 braids
    projlen=52: 267120 braids
    projlen=53: 273860 braids
    projlen=54: 252608 braids
    projlen=55: 99557 braids
  Braids kept: 1079285 (in 30 buckets, 0.98 GB CPU)
  ⚡ Timing: matmul=0.14s, sampling=4.17s, total=5.80s
============================================================
Level 27 - SAMPLING
============================================================
  Starting braids: 979285
  Candidates to generate: 5375099
  Processing in 54 chunks...
  Projlen distribution:
    projlen=26: 1 braids
    projlen=27: 9 braids
    projlen=28: 15 braids
    projlen=29: 78 braids
    projlen=30: 86 braids
    projlen=31: 663 braids
    projlen=32: 770 braids
    projlen=33: 4677 braids
    projlen=34: 7679 braids
    projlen=35: 54243 braids
    projlen=36: 73278 braids
    projlen=37: 253720 braids
    projlen=38: 249957 braids
    projlen=39: 319062 braids
    projlen=40: 235352 braids
    projlen=41: 310203 braids
    projlen=42: 239398 braids
    projlen=43: 298368 braids
    projlen=44: 247660 braids
    projlen=45: 290267 braids
    projlen=46: 254520 braids
    projlen=47: 285136 braids
    projlen=48: 262033 braids
    projlen=49: 281028 braids
    projlen=50: 264789 braids
    projlen=51: 278298 braids
    projlen=52: 266061 braids
    projlen=53: 275526 braids
    projlen=54: 264968 braids
    projlen=55: 258834 braids
    projlen=56: 98420 braids
  Braids kept: 1113978 (in 31 buckets, 1.03 GB CPU)
  ⚡ Timing: matmul=0.15s, sampling=4.78s, total=6.49s
============================================================
Level 28 - SAMPLING
============================================================
  Starting braids: 963978
  Candidates to generate: 5299368
  Processing in 53 chunks...
  Projlen distribution:
    projlen=27: 7 braids
    projlen=28: 10 braids
    projlen=29: 84 braids
    projlen=30: 94 braids
    projlen=31: 516 braids
    projlen=32: 560 braids
    projlen=33: 4035 braids
    projlen=34: 4498 braids
    projlen=35: 25408 braids
    projlen=36: 37802 braids
    projlen=37: 233949 braids
    projlen=38: 246860 braids
    projlen=39: 325181 braids
    projlen=40: 244298 braids
    projlen=41: 309330 braids
    projlen=42: 238678 braids
    projlen=43: 303419 braids
    projlen=44: 244441 braids
    projlen=45: 294259 braids
    projlen=46: 252351 braids
    projlen=47: 287698 braids
    projlen=48: 257695 braids
    projlen=49: 282897 braids
    projlen=50: 262714 braids
    projlen=51: 279150 braids
    projlen=52: 266159 braids
    projlen=53: 277053 braids
    projlen=54: 265325 braids
    projlen=55: 257534 braids
    projlen=56: 97363 braids
  Braids kept: 1073014 (in 30 buckets, 1.01 GB CPU)
  ⚡ Timing: matmul=0.15s, sampling=5.77s, total=7.65s
============================================================
Level 29 - SAMPLING
============================================================
  Starting braids: 973014
  Candidates to generate: 5335728
  Processing in 54 chunks...
  Projlen distribution:
    projlen=26: 1 braids
    projlen=27: 2 braids
    projlen=28: 8 braids
    projlen=29: 57 braids
    projlen=30: 60 braids
    projlen=31: 574 braids
    projlen=32: 528 braids
    projlen=33: 3122 braids
    projlen=34: 3297 braids
    projlen=35: 21679 braids
    projlen=36: 23187 braids
    projlen=37: 122792 braids
    projlen=38: 163932 braids
    projlen=39: 299238 braids
    projlen=40: 243596 braids
    projlen=41: 312433 braids
    projlen=42: 240058 braids
    projlen=43: 304146 braids
    projlen=44: 243260 braids
    projlen=45: 296810 braids
    projlen=46: 248566 braids
    projlen=47: 290008 braids
    projlen=48: 256528 braids
    projlen=49: 284586 braids
    projlen=50: 260639 braids
    projlen=51: 281357 braids
    projlen=52: 264226 braids
    projlen=53: 277899 braids
    projlen=54: 266486 braids
    projlen=55: 273311 braids
    projlen=56: 253580 braids
    projlen=57: 99762 braids
  Braids kept: 1102515 (in 32 buckets, 1.05 GB CPU)
  ⚡ Timing: matmul=0.14s, sampling=7.05s, total=9.13s
============================================================
Level 30 - SAMPLING
============================================================
  Starting braids: 952515
  Candidates to generate: 5214523
  Processing in 53 chunks...
  Projlen distribution:
    projlen=27: 3 braids
    projlen=28: 4 braids
    projlen=29: 41 braids
    projlen=30: 43 braids
    projlen=31: 404 braids
    projlen=32: 327 braids
    projlen=33: 3394 braids
    projlen=34: 2976 braids
    projlen=35: 17078 braids
    projlen=36: 17303 braids
    projlen=37: 104175 braids
    projlen=38: 103168 braids
    projlen=39: 263369 braids
    projlen=40: 251487 braids
    projlen=41: 312760 braids
    projlen=42: 239601 braids
    projlen=43: 306732 braids
    projlen=44: 242210 braids
    projlen=45: 297299 braids
    projlen=46: 248369 braids
    projlen=47: 291802 braids
    projlen=48: 252708 braids
    projlen=49: 287542 braids
    projlen=50: 258729 braids
    projlen=51: 282670 braids
    projlen=52: 262479 braids
    projlen=53: 279247 braids
    projlen=54: 265091 braids
    projlen=55: 273119 braids
    projlen=56: 251054 braids
    projlen=57: 99339 braids
  Braids kept: 1091573 (in 31 buckets, 1.05 GB CPU)
  ⚡ Timing: matmul=0.14s, sampling=6.03s, total=7.88s
============================================================
Level 31 - SAMPLING
============================================================
  Starting braids: 991573
  Candidates to generate: 5427965
  Processing in 55 chunks...
  Projlen distribution:
    projlen=29: 37 braids
    projlen=30: 32 braids
    projlen=31: 316 braids
    projlen=32: 245 braids
    projlen=33: 2348 braids
    projlen=34: 1783 braids
    projlen=35: 18567 braids
    projlen=36: 15294 braids
    projlen=37: 84316 braids
    projlen=38: 77946 braids
    projlen=39: 257818 braids
    projlen=40: 226636 braids
    projlen=41: 321825 braids
    projlen=42: 244371 braids
    projlen=43: 304876 braids
    projlen=44: 242228 braids
    projlen=45: 300905 braids
    projlen=46: 246770 braids
    projlen=47: 292994 braids
    projlen=48: 252441 braids
    projlen=49: 288327 braids
    projlen=50: 257070 braids
    projlen=51: 284543 braids
    projlen=52: 261643 braids
    projlen=53: 280855 braids
    projlen=54: 264538 braids
    projlen=55: 277778 braids
    projlen=56: 264949 braids
    projlen=57: 258977 braids
    projlen=58: 97537 braids
  Braids kept: 1138622 (in 30 buckets, 1.11 GB CPU)
  ⚡ Timing: matmul=0.14s, sampling=7.00s, total=9.08s
============================================================
Level 32 - SAMPLING
============================================================
  Starting braids: 988622
  Candidates to generate: 5405192
  Processing in 55 chunks...
  Projlen distribution:
    projlen=30: 3 braids
    projlen=31: 228 braids
    projlen=32: 195 braids
    projlen=33: 1874 braids
    projlen=34: 1380 braids
    projlen=35: 12886 braids
    projlen=36: 9462 braids
    projlen=37: 91869 braids
    projlen=38: 70557 braids
    projlen=39: 257596 braids
    projlen=40: 218550 braids
    projlen=41: 330583 braids
    projlen=42: 228630 braids
    projlen=43: 314406 braids
    projlen=44: 240735 braids
    projlen=45: 300493 braids
    projlen=46: 247235 braids
    projlen=47: 294482 braids
    projlen=48: 251067 braids
    projlen=49: 289399 braids
    projlen=50: 255648 braids
    projlen=51: 285263 braids
    projlen=52: 259599 braids
    projlen=53: 281614 braids
    projlen=54: 263944 braids
    projlen=55: 278240 braids
    projlen=56: 263481 braids
    projlen=57: 258988 braids
    projlen=58: 96785 braids
  Braids kept: 1126028 (in 29 buckets, 1.11 GB CPU)
  ⚡ Timing: matmul=0.14s, sampling=5.92s, total=7.82s
============================================================
Level 33 - SAMPLING
============================================================
  Starting braids: 976028
  Candidates to generate: 5325282
  Processing in 54 chunks...
  Projlen distribution:
    projlen=30: 1 braids
    projlen=31: 16 braids
    projlen=32: 44 braids
    projlen=33: 1249 braids
    projlen=34: 1061 braids
    projlen=35: 10273 braids
    projlen=36: 7317 braids
    projlen=37: 64655 braids
    projlen=38: 44362 braids
    projlen=39: 258286 braids
    projlen=40: 196832 braids
    projlen=41: 339470 braids
    projlen=42: 221297 braids
    projlen=43: 322198 braids
    projlen=44: 226600 braids
    projlen=45: 309600 braids
    projlen=46: 242084 braids
    projlen=47: 294194 braids
    projlen=48: 251948 braids
    projlen=49: 288742 braids
    projlen=50: 255550 braids
    projlen=51: 285844 braids
    projlen=52: 258920 braids
    projlen=53: 282640 braids
    projlen=54: 262005 braids
    projlen=55: 279696 braids
    projlen=56: 263160 braids
    projlen=57: 259758 braids
    projlen=58: 97480 braids
  Braids kept: 1114323 (in 29 buckets, 1.10 GB CPU)
  ⚡ Timing: matmul=0.14s, sampling=6.59s, total=8.54s
============================================================
Level 34 - SAMPLING
============================================================
  Starting braids: 964323
  Candidates to generate: 5244327
  Processing in 53 chunks...
  Projlen distribution:
    projlen=30: 2 braids
    projlen=31: 10 braids
    projlen=32: 26 braids
    projlen=33: 228 braids
    projlen=34: 348 braids
    projlen=35: 6756 braids
    projlen=36: 5393 braids
    projlen=37: 52355 braids
    projlen=38: 35353 braids
    projlen=39: 253581 braids
    projlen=40: 173047 braids
    projlen=41: 338762 braids
    projlen=42: 198484 braids
    projlen=43: 333258 braids
    projlen=44: 216224 braids
    projlen=45: 315885 braids
    projlen=46: 231258 braids
    projlen=47: 303837 braids
    projlen=48: 246038 braids
    projlen=49: 290644 braids
    projlen=50: 254996 braids
    projlen=51: 284729 braids
    projlen=52: 258620 braids
    projlen=53: 283004 braids
    projlen=54: 262416 braids
    projlen=55: 280019 braids
    projlen=56: 261375 braids
    projlen=57: 260813 braids
    projlen=58: 96866 braids
  Braids kept: 1098116 (in 29 buckets, 1.09 GB CPU)
  ⚡ Timing: matmul=0.14s, sampling=6.65s, total=8.60s
============================================================
Level 35 - SAMPLING
============================================================
  Starting braids: 998116
  Candidates to generate: 5419010
  Processing in 55 chunks...
  Projlen distribution:
    projlen=31: 7 braids
    projlen=32: 16 braids
    projlen=33: 150 braids
    projlen=34: 190 braids
    projlen=35: 2037 braids
    projlen=36: 2059 braids
    projlen=37: 35397 braids
    projlen=38: 25957 braids
    projlen=39: 243347 braids
    projlen=40: 154405 braids
    projlen=41: 325168 braids
    projlen=42: 183768 braids
    projlen=43: 347129 braids
    projlen=44: 192363 braids
    projlen=45: 327811 braids
    projlen=46: 218486 braids
    projlen=47: 309865 braids
    projlen=48: 236936 braids
    projlen=49: 298794 braids
    projlen=50: 250272 braids
    projlen=51: 289028 braids
    projlen=52: 258615 braids
    projlen=53: 283332 braids
    projlen=54: 262208 braids
    projlen=55: 281021 braids
    projlen=56: 263926 braids
    projlen=57: 275807 braids
    projlen=58: 250140 braids
    projlen=59: 100776 braids
  Braids kept: 1115813 (in 29 buckets, 1.13 GB CPU)
  ⚡ Timing: matmul=0.14s, sampling=7.19s, total=9.33s
============================================================
Level 36 - SAMPLING
============================================================
  Starting braids: 965813
  Candidates to generate: 5221853
  Processing in 53 chunks...
  Projlen distribution:
    projlen=31: 3 braids
    projlen=32: 8 braids
    projlen=33: 95 braids
    projlen=34: 129 braids
    projlen=35: 1282 braids
    projlen=36: 1238 braids
    projlen=37: 13493 braids
    projlen=38: 11060 braids
    projlen=39: 170878 braids
    projlen=40: 112849 braids
    projlen=41: 305291 braids
    projlen=42: 177115 braids
    projlen=43: 354901 braids
    projlen=44: 176807 braids
    projlen=45: 341483 braids
    projlen=46: 194496 braids
    projlen=47: 323010 braids
    projlen=48: 223834 braids
    projlen=49: 305226 braids
    projlen=50: 241773 braids
    projlen=51: 294691 braids
    projlen=52: 253329 braids
    projlen=53: 285819 braids
    projlen=54: 261396 braids
    projlen=55: 281659 braids
    projlen=56: 264196 braids
    projlen=57: 275802 braids
    projlen=58: 249889 braids
    projlen=59: 100101 braids
  Braids kept: 1077308 (in 29 buckets, 1.10 GB CPU)
  ⚡ Timing: matmul=0.14s, sampling=6.79s, total=8.80s
============================================================
Level 37 - SAMPLING
============================================================
  Starting braids: 977308
  Candidates to generate: 5264676
  Processing in 53 chunks...
  Projlen distribution:
    projlen=32: 3 braids
    projlen=33: 41 braids
    projlen=34: 76 braids
    projlen=35: 787 braids
    projlen=36: 862 braids
    projlen=37: 8322 braids
    projlen=38: 6809 braids
    projlen=39: 70909 braids
    projlen=40: 48106 braids
    projlen=41: 270657 braids
    projlen=42: 177465 braids
    projlen=43: 360397 braids
    projlen=44: 170566 braids
    projlen=45: 350077 braids
    projlen=46: 174884 braids
    projlen=47: 336539 braids
    projlen=48: 200148 braids
    projlen=49: 318903 braids
    projlen=50: 229456 braids
    projlen=51: 300466 braids
    projlen=52: 247317 braids
    projlen=53: 291028 braids
    projlen=54: 256147 braids
    projlen=55: 283588 braids
    projlen=56: 262941 braids
    projlen=57: 278498 braids
    projlen=58: 263068 braids
    projlen=59: 259194 braids
    projlen=60: 97422 braids
  Braids kept: 1115006 (in 29 buckets, 1.16 GB CPU)
  ⚡ Timing: matmul=0.14s, sampling=5.96s, total=7.84s
============================================================
Level 38 - SAMPLING
============================================================
  Starting braids: 965006
  Candidates to generate: 5183530
  Processing in 52 chunks...
  Projlen distribution:
    projlen=33: 16 braids
    projlen=34: 32 braids
    projlen=35: 422 braids
    projlen=36: 499 braids
    projlen=37: 5295 braids
    projlen=38: 4714 braids
    projlen=39: 45215 braids
    projlen=40: 32315 braids
    projlen=41: 263678 braids
    projlen=42: 176855 braids
    projlen=43: 357748 braids
    projlen=44: 174140 braids
    projlen=45: 355836 braids
    projlen=46: 164884 braids
    projlen=47: 345335 braids
    projlen=48: 177162 braids
    projlen=49: 330853 braids
    projlen=50: 206282 braids
    projlen=51: 313872 braids
    projlen=52: 234483 braids
    projlen=53: 297894 braids
    projlen=54: 250841 braids
    projlen=55: 287409 braids
    projlen=56: 258843 braids
    projlen=57: 280883 braids
    projlen=58: 261635 braids
    projlen=59: 259482 braids
    projlen=60: 96907 braids
  Braids kept: 1088508 (in 28 buckets, 1.14 GB CPU)
  ⚡ Timing: matmul=0.14s, sampling=5.83s, total=7.66s
============================================================
Level 39 - SAMPLING
============================================================
  Starting braids: 988508
  Candidates to generate: 5296578
  Processing in 53 chunks...
  Projlen distribution:
    projlen=33: 3 braids
    projlen=34: 12 braids
    projlen=35: 168 braids
    projlen=36: 256 braids
    projlen=37: 3067 braids
    projlen=38: 3015 braids
    projlen=39: 30919 braids
    projlen=40: 23905 braids
    projlen=41: 223151 braids
    projlen=42: 142527 braids
    projlen=43: 320945 braids
    projlen=44: 176759 braids
    projlen=45: 357752 braids
    projlen=46: 165142 braids
    projlen=47: 350991 braids
    projlen=48: 164342 braids
    projlen=49: 341764 braids
    projlen=50: 182589 braids
    projlen=51: 327403 braids
    projlen=52: 212464 braids
    projlen=53: 309388 braids
    projlen=54: 239224 braids
    projlen=55: 293970 braids
    projlen=56: 254681 braids
    projlen=57: 285283 braids
    projlen=58: 261261 braids
    projlen=59: 276356 braids
    projlen=60: 249066 braids
    projlen=61: 100175 braids
  Braids kept: 1111345 (in 29 buckets, 1.19 GB CPU)
  ⚡ Timing: matmul=0.15s, sampling=7.32s, total=9.48s
============================================================
Level 40 - SAMPLING
============================================================
  Starting braids: 961345
  Candidates to generate: 5129117
  Processing in 52 chunks...
  Projlen distribution:
    projlen=34: 1 braids
    projlen=35: 56 braids
    projlen=36: 105 braids
    projlen=37: 1301 braids
    projlen=38: 1671 braids
    projlen=39: 18964 braids
    projlen=40: 15914 braids
    projlen=41: 155678 braids
    projlen=42: 103825 braids
    projlen=43: 302016 braids
    projlen=44: 178141 braids
    projlen=45: 361088 braids
    projlen=46: 169005 braids
    projlen=47: 353652 braids
    projlen=48: 162739 braids
    projlen=49: 346262 braids
    projlen=50: 167103 braids
    projlen=51: 337420 braids
    projlen=52: 189018 braids
    projlen=53: 322796 braids
    projlen=54: 218915 braids
    projlen=55: 304939 braids
    projlen=56: 243579 braids
    projlen=57: 291175 braids
    projlen=58: 256604 braids
    projlen=59: 279596 braids
    projlen=60: 247060 braids
    projlen=61: 100494 braids
  Braids kept: 1088012 (in 28 buckets, 1.17 GB CPU)
  ⚡ Timing: matmul=0.13s, sampling=7.37s, total=9.44s
============================================================
Level 41 - SAMPLING
============================================================
  Starting braids: 988012
  Candidates to generate: 5256272
  Processing in 53 chunks...
  Projlen distribution:
    projlen=35: 11 braids
    projlen=36: 24 braids
    projlen=37: 478 braids
    projlen=38: 779 braids
    projlen=39: 8510 braids
    projlen=40: 9250 braids
    projlen=41: 97908 braids
    projlen=42: 70243 braids
    projlen=43: 282752 braids
    projlen=44: 181329 braids
    projlen=45: 360012 braids
    projlen=46: 171033 braids
    projlen=47: 355440 braids
    projlen=48: 163416 braids
    projlen=49: 349426 braids
    projlen=50: 164458 braids
    projlen=51: 342531 braids
    projlen=52: 171193 braids
    projlen=53: 332761 braids
    projlen=54: 196406 braids
    projlen=55: 318877 braids
    projlen=56: 225583 braids
    projlen=57: 301783 braids
    projlen=58: 248179 braids
    projlen=59: 287978 braids
    projlen=60: 256624 braids
    projlen=61: 262508 braids
    projlen=62: 96780 braids
  Braids kept: 1119052 (in 28 buckets, 1.22 GB CPU)
  ⚡ Timing: matmul=0.14s, sampling=8.52s, total=11.08s
============================================================
Level 42 - SAMPLING
============================================================
  Starting braids: 969052
  Candidates to generate: 5138952
  Processing in 52 chunks...
  Projlen distribution:
    projlen=35: 2 braids
    projlen=36: 7 braids
    projlen=37: 144 braids
    projlen=38: 264 braids
    projlen=39: 3332 braids
    projlen=40: 4641 braids
    projlen=41: 46041 braids
    projlen=42: 42237 braids
    projlen=43: 265330 braids
    projlen=44: 186610 braids
    projlen=45: 360201 braids
    projlen=46: 177602 braids
    projlen=47: 355297 braids
    projlen=48: 164955 braids
    projlen=49: 351307 braids
    projlen=50: 163706 braids
    projlen=51: 346097 braids
    projlen=52: 167640 braids
    projlen=53: 339037 braids
    projlen=54: 176861 braids
    projlen=55: 328905 braids
    projlen=56: 203913 braids
    projlen=57: 313432 braids
    projlen=58: 231715 braids
    projlen=59: 298696 braids
    projlen=60: 248921 braids
    projlen=61: 267227 braids
    projlen=62: 94832 braids
  Braids kept: 1096668 (in 28 buckets, 1.21 GB CPU)
  ⚡ Timing: matmul=0.14s, sampling=7.57s, total=9.74s
============================================================
Level 43 - SAMPLING
============================================================
  Starting braids: 996668
  Candidates to generate: 5289484
  Processing in 53 chunks...
  Projlen distribution:
    projlen=36: 5 braids
    projlen=37: 41 braids
    projlen=38: 88 braids
    projlen=39: 1254 braids
    projlen=40: 1813 braids
    projlen=41: 19531 braids
    projlen=42: 23771 braids
    projlen=43: 226364 braids
    projlen=44: 186080 braids
    projlen=45: 338313 braids
    projlen=46: 185815 braids
    projlen=47: 353611 braids
    projlen=48: 170644 braids
    projlen=49: 350281 braids
    projlen=50: 164376 braids
    projlen=51: 347399 braids
    projlen=52: 165906 braids
    projlen=53: 342789 braids
    projlen=54: 172740 braids
    projlen=55: 336370 braids
    projlen=56: 184577 braids
    projlen=57: 326073 braids
    projlen=58: 212081 braids
    projlen=59: 309548 braids
    projlen=60: 237353 braids
    projlen=61: 291823 braids
    projlen=62: 237786 braids
    projlen=63: 103052 braids
  Braids kept: 1096503 (in 28 buckets, 1.23 GB CPU)
  ⚡ Timing: matmul=0.14s, sampling=11.43s, total=14.27s
============================================================
Level 44 - SAMPLING
============================================================
  Starting braids: 996503
  Candidates to generate: 5280821
  Processing in 53 chunks...
  Projlen distribution:
    projlen=36: 1 braids
    projlen=37: 18 braids
    projlen=38: 52 braids
    projlen=39: 437 braids
    projlen=40: 703 braids
    projlen=41: 8669 braids
    projlen=42: 9928 braids
    projlen=43: 96372 braids
    projlen=44: 100445 braids
    projlen=45: 287611 braids
    projlen=46: 210127 braids
    projlen=47: 345733 braids
    projlen=48: 181276 braids
    projlen=49: 347172 braids
    projlen=50: 171388 braids
    projlen=51: 345216 braids
    projlen=52: 167543 braids
    projlen=53: 342465 braids
    projlen=54: 169392 braids
    projlen=55: 338599 braids
    projlen=56: 178555 braids
    projlen=57: 332818 braids
    projlen=58: 192964 braids
    projlen=59: 321776 braids
    projlen=60: 219325 braids
    projlen=61: 304904 braids
    projlen=62: 240964 braids
    projlen=63: 272343 braids
    projlen=64: 94025 braids
  Braids kept: 1119808 (in 29 buckets, 1.28 GB CPU)
  ⚡ Timing: matmul=0.14s, sampling=7.63s, total=9.80s
============================================================
Level 45 - SAMPLING
============================================================
  Starting braids: 969808
  Candidates to generate: 5150844
  Processing in 52 chunks...
  Projlen distribution:
    projlen=37: 7 braids
    projlen=38: 13 braids
    projlen=39: 230 braids
    projlen=40: 411 braids
    projlen=41: 3327 braids
    projlen=42: 4320 braids
    projlen=43: 46222 braids
    projlen=44: 44061 braids
    projlen=45: 247954 braids
    projlen=46: 226188 braids
    projlen=47: 337916 braids
    projlen=48: 209467 braids
    projlen=49: 337891 braids
    projlen=50: 185216 braids
    projlen=51: 341128 braids
    projlen=52: 176212 braids
    projlen=53: 340897 braids
    projlen=54: 172035 braids
    projlen=55: 340024 braids
    projlen=56: 175685 braids
    projlen=57: 334608 braids
    projlen=58: 186401 braids
    projlen=59: 326845 braids
    projlen=60: 201747 braids
    projlen=61: 315512 braids
    projlen=62: 224111 braids
    projlen=63: 281467 braids
    projlen=64: 90949 braids
  Braids kept: 1098591 (in 28 buckets, 1.26 GB CPU)
  ⚡ Timing: matmul=0.14s, sampling=6.73s, total=8.70s
============================================================
Level 46 - SAMPLING
============================================================
  Starting braids: 998591
  Candidates to generate: 5320393
  Processing in 54 chunks...
  Projlen distribution:
    projlen=37: 3 braids
    projlen=38: 5 braids
    projlen=39: 90 braids
    projlen=40: 154 braids
    projlen=41: 1744 braids
    projlen=42: 2578 braids
    projlen=43: 20377 braids
    projlen=44: 21853 braids
    projlen=45: 224243 braids
    projlen=46: 192636 braids
    projlen=47: 325998 braids
    projlen=48: 225490 braids
    projlen=49: 326836 braids
    projlen=50: 211649 braids
    projlen=51: 329664 braids
    projlen=52: 193378 braids
    projlen=53: 334098 braids
    projlen=54: 184008 braids
    projlen=55: 336810 braids
    projlen=56: 178760 braids
    projlen=57: 335107 braids
    projlen=58: 182918 braids
    projlen=59: 330395 braids
    projlen=60: 195195 braids
    projlen=61: 321829 braids
    projlen=62: 210080 braids
    projlen=63: 308028 braids
    projlen=64: 219082 braids
    projlen=65: 107385 braids
  Braids kept: 1096804 (in 29 buckets, 1.28 GB CPU)
  ⚡ Timing: matmul=0.18s, sampling=12.08s, total=15.65s
============================================================
Level 47 - SAMPLING
============================================================
  Starting braids: 996804
  Candidates to generate: 5335870
  Processing in 54 chunks...
  Projlen distribution:
    projlen=38: 1 braids
    projlen=39: 35 braids
    projlen=40: 58 braids
    projlen=41: 843 braids
    projlen=42: 1151 braids
    projlen=43: 11438 braids
    projlen=44: 13555 braids
    projlen=45: 104309 braids
    projlen=46: 93602 braids
    projlen=47: 281179 braids
    projlen=48: 212702 braids
    projlen=49: 331532 braids
    projlen=50: 218873 braids
    projlen=51: 321029 braids
    projlen=52: 219429 braids
    projlen=53: 320182 braids
    projlen=54: 203830 braids
    projlen=55: 326073 braids
    projlen=56: 192861 braids
    projlen=57: 330714 braids
    projlen=58: 188185 braids
    projlen=59: 329700 braids
    projlen=60: 191921 braids
    projlen=61: 326275 braids
    projlen=62: 205308 braids
    projlen=63: 316827 braids
    projlen=64: 219166 braids
    projlen=65: 285224 braids
    projlen=66: 89868 braids
  Braids kept: 1127081 (in 29 buckets, 1.34 GB CPU)
  ⚡ Timing: matmul=0.15s, sampling=10.14s, total=13.32s
============================================================
Level 48 - SAMPLING
============================================================
  Starting braids: 977081
  Candidates to generate: 5262509
  Processing in 53 chunks...
  Projlen distribution:
    projlen=38: 1 braids
    projlen=39: 7 braids
    projlen=40: 21 braids
    projlen=41: 373 braids
    projlen=42: 559 braids
    projlen=43: 6084 braids
    projlen=44: 6852 braids
    projlen=45: 61024 braids
    projlen=46: 60111 braids
    projlen=47: 263813 braids
    projlen=48: 214130 braids
    projlen=49: 341451 braids
    projlen=50: 210521 braids
    projlen=51: 326127 braids
    projlen=52: 220740 braids
    projlen=53: 312666 braids
    projlen=54: 228017 braids
    projlen=55: 312859 braids
    projlen=56: 216602 braids
    projlen=57: 318610 braids
    projlen=58: 205086 braids
    projlen=59: 323887 braids
    projlen=60: 198770 braids
    projlen=61: 324536 braids
    projlen=62: 201989 braids
    projlen=63: 319844 braids
    projlen=64: 212097 braids
    projlen=65: 287801 braids
    projlen=66: 87931 braids
  Braids kept: 1113897 (in 29 buckets, 1.33 GB CPU)
  ⚡ Timing: matmul=0.15s, sampling=11.12s, total=14.48s
============================================================
Level 49 - SAMPLING
============================================================
  Starting braids: 963897
  Candidates to generate: 5224819
  Processing in 53 chunks...
  Projlen distribution:
    projlen=39: 9 braids
    projlen=40: 8 braids
    projlen=41: 162 braids
    projlen=42: 248 braids
    projlen=43: 2934 braids
    projlen=44: 3580 braids
    projlen=45: 34620 braids
    projlen=46: 33871 braids
    projlen=47: 248832 braids
    projlen=48: 218730 braids
    projlen=49: 343289 braids
    projlen=50: 213573 braids
    projlen=51: 331996 braids
    projlen=52: 209853 braids
    projlen=53: 320683 braids
    projlen=54: 226889 braids
    projlen=55: 306614 braids
    projlen=56: 234543 braids
    projlen=57: 304752 braids
    projlen=58: 228402 braids
    projlen=59: 312080 braids
    projlen=60: 217390 braids
    projlen=61: 316923 braids
    projlen=62: 210795 braids
    projlen=63: 316840 braids
    projlen=64: 210505 braids
    projlen=65: 289306 braids
    projlen=66: 87392 braids
  Braids kept: 1075432 (in 28 buckets, 1.29 GB CPU)
  ⚡ Timing: matmul=0.15s, sampling=12.12s, total=15.64s
============================================================
Level 50 - SAMPLING
============================================================
  Starting braids: 975432
  Candidates to generate: 5285818
  Processing in 53 chunks...
  Projlen distribution:
    projlen=38: 1 braids
    projlen=39: 12 braids
    projlen=40: 13 braids
    projlen=41: 94 braids
    projlen=42: 126 braids
    projlen=43: 1428 braids
    projlen=44: 1847 braids
    projlen=45: 18395 braids
    projlen=46: 18978 braids
    projlen=47: 171584 braids
    projlen=48: 146785 braids
    projlen=49: 308416 braids
    projlen=50: 218741 braids
    projlen=51: 331700 braids
    projlen=52: 210383 braids
    projlen=53: 324820 braids
    projlen=54: 215514 braids
    projlen=55: 313729 braids
    projlen=56: 231710 braids
    projlen=57: 302468 braids
    projlen=58: 242588 braids
    projlen=59: 298005 braids
    projlen=60: 237768 braids
    projlen=61: 304218 braids
    projlen=62: 228000 braids
    projlen=63: 309517 braids
    projlen=64: 221507 braids
    projlen=65: 306236 braids
    projlen=66: 213105 braids
    projlen=67: 108130 braids
  Braids kept: 1090894 (in 30 buckets, 1.33 GB CPU)
  ⚡ Timing: matmul=0.16s, sampling=12.81s, total=16.49s
============================================================
Level 51 - SAMPLING
============================================================
  Starting braids: 990894
  Candidates to generate: 5387368
  Processing in 54 chunks...
  Projlen distribution:
    projlen=39: 8 braids
    projlen=40: 12 braids
    projlen=41: 94 braids
    projlen=42: 105 braids
    projlen=43: 780 braids
    projlen=44: 983 braids
    projlen=45: 9943 braids
    projlen=46: 10305 braids
    projlen=47: 94666 braids
    projlen=48: 81217 braids
    projlen=49: 276587 braids
    projlen=50: 211556 braids
    projlen=51: 337421 braids
    projlen=52: 213245 braids
    projlen=53: 324676 braids
    projlen=54: 216119 braids
    projlen=55: 315936 braids
    projlen=56: 223056 braids
    projlen=57: 307259 braids
    projlen=58: 237458 braids
    projlen=59: 297752 braids
    projlen=60: 247497 braids
    projlen=61: 292478 braids
    projlen=62: 245788 braids
    projlen=63: 298012 braids
    projlen=64: 238702 braids
    projlen=65: 301405 braids
    projlen=66: 231347 braids
    projlen=67: 281836 braids
    projlen=68: 91125 braids
  Braids kept: 1122230 (in 30 buckets, 1.39 GB CPU)
  ⚡ Timing: matmul=0.16s, sampling=13.35s, total=17.16s
============================================================
Level 52 - SAMPLING
============================================================
  Starting braids: 972230
  Candidates to generate: 5294138
  Processing in 53 chunks...
  Projlen distribution:
    projlen=39: 5 braids
    projlen=40: 4 braids
    projlen=41: 62 braids
    projlen=42: 87 braids
    projlen=43: 634 braids
    projlen=44: 789 braids
    projlen=45: 5517 braids
    projlen=46: 6029 braids
    projlen=47: 54203 braids
    projlen=48: 46803 braids
    projlen=49: 260116 braids
    projlen=50: 207822 braids
    projlen=51: 343919 braids
    projlen=52: 209833 braids
    projlen=53: 329542 braids
    projlen=54: 214955 braids
    projlen=55: 317926 braids
    projlen=56: 224089 braids
    projlen=57: 308794 braids
    projlen=58: 230478 braids
    projlen=59: 301436 braids
    projlen=60: 243599 braids
    projlen=61: 292847 braids
    projlen=62: 252346 braids
    projlen=63: 289450 braids
    projlen=64: 252430 braids
    projlen=65: 290588 braids
    projlen=66: 244155 braids
    projlen=67: 273330 braids
    projlen=68: 92350 braids
  Braids kept: 1109930 (in 30 buckets, 1.38 GB CPU)
  ⚡ Timing: matmul=0.16s, sampling=13.13s, total=16.89s
============================================================
Level 53 - SAMPLING
============================================================
  Starting braids: 959930
  Candidates to generate: 5233420
  Processing in 53 chunks...
  Projlen distribution:
    projlen=39: 2 braids
    projlen=40: 2 braids
    projlen=41: 42 braids
    projlen=42: 38 braids
    projlen=43: 384 braids
    projlen=44: 561 braids
    projlen=45: 4011 braids
    projlen=46: 4650 braids
    projlen=47: 32277 braids
    projlen=48: 31120 braids
    projlen=49: 250677 braids
    projlen=50: 198441 braids
    projlen=51: 341918 braids
    projlen=52: 207607 braids
    projlen=53: 334258 braids
    projlen=54: 206733 braids
    projlen=55: 322392 braids
    projlen=56: 220976 braids
    projlen=57: 310758 braids
    projlen=58: 231618 braids
    projlen=59: 303683 braids
    projlen=60: 238109 braids
    projlen=61: 297380 braids
    projlen=62: 249172 braids
    projlen=63: 289845 braids
    projlen=64: 257062 braids
    projlen=65: 284915 braids
    projlen=66: 253571 braids
    projlen=67: 266722 braids
    projlen=68: 94496 braids
  Braids kept: 1073087 (in 30 buckets, 1.35 GB CPU)
  ⚡ Timing: matmul=0.15s, sampling=12.89s, total=16.57s
============================================================
Level 54 - SAMPLING
============================================================
  Starting braids: 973087
  Candidates to generate: 5294839
  Processing in 53 chunks...
  Projlen distribution:
    projlen=41: 10 braids
    projlen=42: 15 braids
    projlen=43: 233 braids
    projlen=44: 291 braids
    projlen=45: 2357 braids
    projlen=46: 3223 braids
    projlen=47: 23129 braids
    projlen=48: 24109 braids
    projlen=49: 162726 braids
    projlen=50: 135451 braids
    projlen=51: 306851 braids
    projlen=52: 205285 braids
    projlen=53: 339434 braids
    projlen=54: 201759 braids
    projlen=55: 327452 braids
    projlen=56: 212922 braids
    projlen=57: 315694 braids
    projlen=58: 228074 braids
    projlen=59: 304516 braids
    projlen=60: 238420 braids
    projlen=61: 299437 braids
    projlen=62: 245781 braids
    projlen=63: 293387 braids
    projlen=64: 253424 braids
    projlen=65: 286436 braids
    projlen=66: 258616 braids
    projlen=67: 279399 braids
    projlen=68: 245466 braids
    projlen=69: 100942 braids
  Braids kept: 1103367 (in 29 buckets, 1.40 GB CPU)
  ⚡ Timing: matmul=0.16s, sampling=13.40s, total=17.18s
============================================================
Level 55 - SAMPLING
============================================================
  Starting braids: 953367
  Candidates to generate: 5185243
  Processing in 52 chunks...
  Projlen distribution:
    projlen=42: 1 braids
    projlen=43: 71 braids
    projlen=44: 98 braids
    projlen=45: 1371 braids
    projlen=46: 1754 braids
    projlen=47: 13928 braids
    projlen=48: 16659 braids
    projlen=49: 115460 braids
    projlen=50: 106078 braids
    projlen=51: 287112 braids
    projlen=52: 211597 braids
    projlen=53: 342448 braids
    projlen=54: 201923 braids
    projlen=55: 332703 braids
    projlen=56: 205929 braids
    projlen=57: 320955 braids
    projlen=58: 220212 braids
    projlen=59: 309102 braids
    projlen=60: 234527 braids
    projlen=61: 300187 braids
    projlen=62: 245088 braids
    projlen=63: 294542 braids
    projlen=64: 250535 braids
    projlen=65: 288901 braids
    projlen=66: 256203 braids
    projlen=67: 281180 braids
    projlen=68: 245818 braids
    projlen=69: 100861 braids
  Braids kept: 1083882 (in 28 buckets, 1.39 GB CPU)
  ⚡ Timing: matmul=0.16s, sampling=9.67s, total=13.05s
============================================================
Level 56 - SAMPLING
============================================================
  Starting braids: 983882
  Candidates to generate: 5353406
  Processing in 54 chunks...
  Projlen distribution:
    projlen=42: 2 braids
    projlen=43: 14 braids
    projlen=44: 37 braids
    projlen=45: 545 braids
    projlen=46: 671 braids
    projlen=47: 7850 braids
    projlen=48: 9447 braids
    projlen=49: 70973 braids
    projlen=50: 74046 braids
    projlen=51: 264297 braids
    projlen=52: 219130 braids
    projlen=53: 339061 braids
    projlen=54: 210223 braids
    projlen=55: 332331 braids
    projlen=56: 203009 braids
    projlen=57: 325413 braids
    projlen=58: 213487 braids
    projlen=59: 314556 braids
    projlen=60: 227524 braids
    projlen=61: 303931 braids
    projlen=62: 240754 braids
    projlen=63: 295374 braids
    projlen=64: 250063 braids
    projlen=65: 290165 braids
    projlen=66: 255710 braids
    projlen=67: 285659 braids
    projlen=68: 257800 braids
    projlen=69: 264547 braids
    projlen=70: 96787 braids
  Braids kept: 1118566 (in 29 buckets, 1.45 GB CPU)
  ⚡ Timing: matmul=0.16s, sampling=14.06s, total=17.91s
============================================================
Level 57 - SAMPLING
============================================================
  Starting braids: 968566
  Candidates to generate: 5272064
  Processing in 53 chunks...
  Projlen distribution:
    projlen=42: 4 braids
    projlen=43: 13 braids
    projlen=44: 36 braids
    projlen=45: 188 braids
    projlen=46: 345 braids
    projlen=47: 3663 braids
    projlen=48: 3788 braids
    projlen=49: 40219 braids
    projlen=50: 43909 braids
    projlen=51: 246052 braids
    projlen=52: 226368 braids
    projlen=53: 334784 braids
    projlen=54: 219785 braids
    projlen=55: 328416 braids
    projlen=56: 211039 braids
    projlen=57: 324499 braids
    projlen=58: 210631 braids
    projlen=59: 317441 braids
    projlen=60: 220941 braids
    projlen=61: 309255 braids
    projlen=62: 235119 braids
    projlen=63: 299417 braids
    projlen=64: 246883 braids
    projlen=65: 291932 braids
    projlen=66: 254945 braids
    projlen=67: 285912 braids
    projlen=68: 256276 braids
    projlen=69: 264671 braids
    projlen=70: 95533 braids
  Braids kept: 1092165 (in 29 buckets, 1.42 GB CPU)
  ⚡ Timing: matmul=0.16s, sampling=13.53s, total=17.31s
============================================================
Level 58 - SAMPLING
============================================================
  Starting braids: 992165
  Candidates to generate: 5399173
  Processing in 54 chunks...
  Projlen distribution:
    projlen=42: 3 braids
    projlen=43: 14 braids
    projlen=44: 22 braids
    projlen=45: 182 braids
    projlen=46: 239 braids
    projlen=47: 1715 braids
    projlen=48: 2158 braids
    projlen=49: 21117 braids
    projlen=50: 19379 braids
    projlen=51: 191735 braids
    projlen=52: 188994 braids
    projlen=53: 321904 braids
    projlen=54: 227224 braids
    projlen=55: 324721 braids
    projlen=56: 219477 braids
    projlen=57: 320725 braids
    projlen=58: 218811 braids
    projlen=59: 315747 braids
    projlen=60: 219797 braids
    projlen=61: 310250 braids
    projlen=62: 229309 braids
    projlen=63: 303291 braids
    projlen=64: 241265 braids
    projlen=65: 295763 braids
    projlen=66: 251649 braids
    projlen=67: 288894 braids
    projlen=68: 257684 braids
    projlen=69: 279654 braids
    projlen=70: 245946 braids
    projlen=71: 101504 braids
  Braids kept: 1094829 (in 30 buckets, 1.45 GB CPU)
  ⚡ Timing: matmul=0.17s, sampling=14.17s, total=18.07s
============================================================
Level 59 - SAMPLING
============================================================
  Starting braids: 994829
  Candidates to generate: 5420087
  Processing in 55 chunks...
  Projlen distribution:
    projlen=43: 15 braids
    projlen=44: 24 braids
    projlen=45: 141 braids
    projlen=46: 138 braids
    projlen=47: 1316 braids
    projlen=48: 1551 braids
    projlen=49: 11287 braids
    projlen=50: 11859 braids
    projlen=51: 104854 braids
    projlen=52: 83051 braids
    projlen=53: 270666 braids
    projlen=54: 225818 braids
    projlen=55: 325142 braids
    projlen=56: 223365 braids
    projlen=57: 318083 braids
    projlen=58: 226020 braids
    projlen=59: 311809 braids
    projlen=60: 226794 braids
    projlen=61: 308647 braids
    projlen=62: 230031 braids
    projlen=63: 305042 braids
    projlen=64: 236865 braids
    projlen=65: 298168 braids
    projlen=66: 247170 braids
    projlen=67: 292387 braids
    projlen=68: 255325 braids
    projlen=69: 285257 braids
    projlen=70: 258083 braids
    projlen=71: 264040 braids
    projlen=72: 97139 braids
  Braids kept: 1126331 (in 30 buckets, 1.51 GB CPU)
  ⚡ Timing: matmul=0.15s, sampling=14.69s, total=18.67s
============================================================
Level 60 - SAMPLING
============================================================
  Starting braids: 976331
  Candidates to generate: 5316599
  Processing in 54 chunks...
  Projlen distribution:
    projlen=43: 3 braids
    projlen=44: 5 braids
    projlen=45: 140 braids
    projlen=46: 154 braids
    projlen=47: 915 braids
    projlen=48: 906 braids
    projlen=49: 7977 braids
    projlen=50: 8635 braids
    projlen=51: 60329 braids
    projlen=52: 53590 braids
    projlen=53: 262036 braids
    projlen=54: 200281 braids
    projlen=55: 340025 braids
    projlen=56: 221643 braids
    projlen=57: 318589 braids
    projlen=58: 227053 braids
    projlen=59: 310244 braids
    projlen=60: 232582 braids
    projlen=61: 304452 braids
    projlen=62: 235806 braids
    projlen=63: 302621 braids
    projlen=64: 238795 braids
    projlen=65: 299828 braids
    projlen=66: 243302 braids
    projlen=67: 293788 braids
    projlen=68: 251786 braids
    projlen=69: 287702 braids
    projlen=70: 254552 braids
    projlen=71: 263603 braids
    projlen=72: 95257 braids
  Braids kept: 1118735 (in 30 buckets, 1.51 GB CPU)
  ⚡ Timing: matmul=0.15s, sampling=14.48s, total=18.39s
============================================================
Level 61 - SAMPLING
============================================================
  Starting braids: 968735
  Candidates to generate: 5288171
  Processing in 53 chunks...
  Projlen distribution:
    projlen=45: 37 braids
    projlen=46: 61 braids
    projlen=47: 950 braids
    projlen=48: 922 braids
    projlen=49: 5530 braids
    projlen=50: 5191 braids
    projlen=51: 43193 braids
    projlen=52: 42128 braids
    projlen=53: 253701 braids
    projlen=54: 211209 braids
    projlen=55: 347138 braids
    projlen=56: 202018 braids
    projlen=57: 333109 braids
    projlen=58: 216846 braids
    projlen=59: 314376 braids
    projlen=60: 233134 braids
    projlen=61: 304864 braids
    projlen=62: 239579 braids
    projlen=63: 299803 braids
    projlen=64: 243800 braids
    projlen=65: 297101 braids
    projlen=66: 245970 braids
    projlen=67: 294970 braids
    projlen=68: 249124 braids
    projlen=69: 289730 braids
    projlen=70: 253412 braids
    projlen=71: 265508 braids
    projlen=72: 94767 braids
  Braids kept: 1098012 (in 28 buckets, 1.49 GB CPU)
  ⚡ Timing: matmul=0.16s, sampling=13.99s, total=17.86s
============================================================
Level 62 - SAMPLING
============================================================
  Starting braids: 998012
  Candidates to generate: 5441242
  Processing in 55 chunks...
  Projlen distribution:
    projlen=45: 1 braids
    projlen=46: 17 braids
    projlen=47: 334 braids
    projlen=48: 429 braids
    projlen=49: 5669 braids
    projlen=50: 5057 braids
    projlen=51: 31435 braids
    projlen=52: 26961 braids
    projlen=53: 213556 braids
    projlen=54: 184410 braids
    projlen=55: 327712 braids
    projlen=56: 212369 braids
    projlen=57: 336872 braids
    projlen=58: 199395 braids
    projlen=59: 327957 braids
    projlen=60: 219344 braids
    projlen=61: 309243 braids
    projlen=62: 238716 braids
    projlen=63: 298787 braids
    projlen=64: 245151 braids
    projlen=65: 294032 braids
    projlen=66: 249189 braids
    projlen=67: 292261 braids
    projlen=68: 250494 braids
    projlen=69: 290513 braids
    projlen=70: 252684 braids
    projlen=71: 282817 braids
    projlen=72: 243603 braids
    projlen=73: 102234 braids
  Braids kept: 1119903 (in 29 buckets, 1.54 GB CPU)
  ⚡ Timing: matmul=0.16s, sampling=14.68s, total=18.73s
============================================================
Level 63 - SAMPLING
============================================================
  Starting braids: 969903
  Candidates to generate: 5274747
  Processing in 53 chunks...
  Projlen distribution:
    projlen=46: 11 braids
    projlen=47: 74 braids
    projlen=48: 166 braids
    projlen=49: 2370 braids
    projlen=50: 2613 braids
    projlen=51: 31191 braids
    projlen=52: 25743 braids
    projlen=53: 158593 braids
    projlen=54: 119918 braids
    projlen=55: 294830 braids
    projlen=56: 215021 braids
    projlen=57: 334888 braids
    projlen=58: 208180 braids
    projlen=59: 328314 braids
    projlen=60: 205197 braids
    projlen=61: 319564 braids
    projlen=62: 224068 braids
    projlen=63: 304770 braids
    projlen=64: 242997 braids
    projlen=65: 294515 braids
    projlen=66: 251145 braids
    projlen=67: 289418 braids
    projlen=68: 253033 braids
    projlen=69: 287815 braids
    projlen=70: 255223 braids
    projlen=71: 282472 braids
    projlen=72: 241510 braids
    projlen=73: 101108 braids
  Braids kept: 1112168 (in 28 buckets, 1.53 GB CPU)
  ⚡ Timing: matmul=0.16s, sampling=14.38s, total=18.30s
============================================================
Level 64 - SAMPLING
============================================================
  Starting braids: 962168
  Candidates to generate: 5234214
  Processing in 53 chunks...
  Projlen distribution:
    projlen=46: 8 braids
    projlen=47: 58 braids
    projlen=48: 107 braids
    projlen=49: 880 braids
    projlen=50: 1190 braids
    projlen=51: 14530 braids
    projlen=52: 13486 braids
    projlen=53: 153172 braids
    projlen=54: 114197 braids
    projlen=55: 295641 braids
    projlen=56: 201793 braids
    projlen=57: 342702 braids
    projlen=58: 211716 braids
    projlen=59: 327641 braids
    projlen=60: 211756 braids
    projlen=61: 320475 braids
    projlen=62: 214153 braids
    projlen=63: 312908 braids
    projlen=64: 229998 braids
    projlen=65: 300952 braids
    projlen=66: 248008 braids
    projlen=67: 291451 braids
    projlen=68: 256403 braids
    projlen=69: 286963 braids
    projlen=70: 257871 braids
    projlen=71: 281884 braids
    projlen=72: 243342 braids
    projlen=73: 100929 braids
  Braids kept: 1080259 (in 28 buckets, 1.50 GB CPU)
  ⚡ Timing: matmul=0.15s, sampling=14.25s, total=18.15s
============================================================
Level 65 - SAMPLING
============================================================
  Starting braids: 980259
  Candidates to generate: 5320745
  Processing in 54 chunks...
  Projlen distribution:
    projlen=46: 2 braids
    projlen=47: 31 braids
    projlen=48: 70 braids
    projlen=49: 550 braids
    projlen=50: 759 braids
    projlen=51: 6593 braids
    projlen=52: 6767 braids
    projlen=53: 73642 braids
    projlen=54: 58255 braids
    projlen=55: 269353 braids
    projlen=56: 195026 braids
    projlen=57: 346615 braids
    projlen=58: 200322 braids
    projlen=59: 334117 braids
    projlen=60: 209627 braids
    projlen=61: 320156 braids
    projlen=62: 219288 braids
    projlen=63: 313641 braids
    projlen=64: 223484 braids
    projlen=65: 306743 braids
    projlen=66: 236037 braids
    projlen=67: 296812 braids
    projlen=68: 251815 braids
    projlen=69: 288558 braids
    projlen=70: 259426 braids
    projlen=71: 283660 braids
    projlen=72: 259324 braids
    projlen=73: 263537 braids
    projlen=74: 96535 braids
  Braids kept: 1114772 (in 29 buckets, 1.57 GB CPU)
  ⚡ Timing: matmul=0.15s, sampling=14.80s, total=18.80s
============================================================
Level 66 - SAMPLING
============================================================
  Starting braids: 964772
  Candidates to generate: 5228634
  Processing in 53 chunks...
  Projlen distribution:
    projlen=46: 1 braids
    projlen=47: 13 braids
    projlen=48: 32 braids
    projlen=49: 278 braids
    projlen=50: 489 braids
    projlen=51: 3901 braids
    projlen=52: 4373 braids
    projlen=53: 37153 braids
    projlen=54: 32081 braids
    projlen=55: 253799 braids
    projlen=56: 196301 braids
    projlen=57: 351278 braids
    projlen=58: 194502 braids
    projlen=59: 339353 braids
    projlen=60: 198773 braids
    projlen=61: 327289 braids
    projlen=62: 214784 braids
    projlen=63: 313979 braids
    projlen=64: 227548 braids
    projlen=65: 307251 braids
    projlen=66: 232107 braids
    projlen=67: 302369 braids
    projlen=68: 241863 braids
    projlen=69: 292548 braids
    projlen=70: 253916 braids
    projlen=71: 284253 braids
    projlen=72: 258692 braids
    projlen=73: 263130 braids
    projlen=74: 96578 braids
  Braids kept: 1078321 (in 29 buckets, 1.53 GB CPU)
  ⚡ Timing: matmul=0.15s, sampling=14.31s, total=18.21s
============================================================
Level 67 - SAMPLING
============================================================
  Starting braids: 978321
  Candidates to generate: 5301591
  Processing in 54 chunks...
  Projlen distribution:
    projlen=46: 1 braids
    projlen=47: 10 braids
    projlen=48: 19 braids
    projlen=49: 138 braids
    projlen=50: 249 braids
    projlen=51: 2047 braids
    projlen=52: 2858 braids
    projlen=53: 22893 braids
    projlen=54: 22584 braids
    projlen=55: 184868 braids
    projlen=56: 141341 braids
    projlen=57: 309551 braids
    projlen=58: 197895 braids
    projlen=59: 343544 braids
    projlen=60: 190105 braids
    projlen=61: 333359 braids
    projlen=62: 204156 braids
    projlen=63: 320774 braids
    projlen=64: 221900 braids
    projlen=65: 308845 braids
    projlen=66: 234624 braids
    projlen=67: 301716 braids
    projlen=68: 239590 braids
    projlen=69: 297359 braids
    projlen=70: 246880 braids
    projlen=71: 289568 braids
    projlen=72: 255901 braids
    projlen=73: 280063 braids
    projlen=74: 247657 braids
    projlen=75: 101096 braids
  Braids kept: 1100799 (in 30 buckets, 1.58 GB CPU)
  ⚡ Timing: matmul=0.15s, sampling=14.96s, total=19.00s
============================================================
Level 68 - SAMPLING
============================================================
  Starting braids: 950799
  Candidates to generate: 5142473
  Processing in 52 chunks...
  Projlen distribution:
    projlen=46: 1 braids
    projlen=47: 4 braids
    projlen=48: 11 braids
    projlen=49: 98 braids
    projlen=50: 133 braids
    projlen=51: 1137 braids
    projlen=52: 1517 braids
    projlen=53: 12808 braids
    projlen=54: 14923 braids
    projlen=55: 115197 braids
    projlen=56: 98318 braids
    projlen=57: 287389 braids
    projlen=58: 200989 braids
    projlen=59: 344702 braids
    projlen=60: 194166 braids
    projlen=61: 336258 braids
    projlen=62: 195130 braids
    projlen=63: 325353 braids
    projlen=64: 210310 braids
    projlen=65: 314219 braids
    projlen=66: 228053 braids
    projlen=67: 303308 braids
    projlen=68: 240258 braids
    projlen=69: 296873 braids
    projlen=70: 246960 braids
    projlen=71: 293213 braids
    projlen=72: 251894 braids
    projlen=73: 284628 braids
    projlen=74: 242985 braids
    projlen=75: 101638 braids
  Braids kept: 1080632 (in 30 buckets, 1.56 GB CPU)
  ⚡ Timing: matmul=0.15s, sampling=14.35s, total=18.23s
============================================================
Level 69 - SAMPLING
============================================================
  Starting braids: 980632
  Candidates to generate: 5312732
  Processing in 54 chunks...
  Projlen distribution:
    projlen=46: 1 braids
    projlen=47: 2 braids
    projlen=48: 4 braids
    projlen=49: 48 braids
    projlen=50: 79 braids
    projlen=51: 780 braids
    projlen=52: 878 braids
    projlen=53: 7620 braids
    projlen=54: 8334 braids
    projlen=55: 66696 braids
    projlen=56: 65843 braids
    projlen=57: 264580 braids
    projlen=58: 210003 braids
    projlen=59: 344453 braids
    projlen=60: 199266 braids
    projlen=61: 337768 braids
    projlen=62: 195659 braids
    projlen=63: 329445 braids
    projlen=64: 203092 braids
    projlen=65: 319276 braids
    projlen=66: 219297 braids
    projlen=67: 309237 braids
    projlen=68: 235149 braids
    projlen=69: 298839 braids
    projlen=70: 245894 braids
    projlen=71: 291988 braids
    projlen=72: 252604 braids
    projlen=73: 288859 braids
    projlen=74: 254035 braids
    projlen=75: 267384 braids
    projlen=76: 95619 braids
  Braids kept: 1117746 (in 31 buckets, 1.63 GB CPU)
  ⚡ Timing: matmul=0.15s, sampling=11.29s, total=14.98s
============================================================
Level 70 - SAMPLING
============================================================
  Starting braids: 967746
  Candidates to generate: 5248806
  Processing in 53 chunks...
  Projlen distribution:
    projlen=47: 3 braids
    projlen=48: 6 braids
    projlen=49: 20 braids
    projlen=50: 33 braids
    projlen=51: 392 braids
    projlen=52: 540 braids
    projlen=53: 5063 braids
    projlen=54: 5118 braids
    projlen=55: 41746 braids
    projlen=56: 39467 braids
    projlen=57: 248296 braids
    projlen=58: 219551 braids
    projlen=59: 340984 braids
    projlen=60: 210868 braids
    projlen=61: 334678 braids
    projlen=62: 199255 braids
    projlen=63: 330462 braids
    projlen=64: 202014 braids
    projlen=65: 322006 braids
    projlen=66: 211717 braids
    projlen=67: 313234 braids
    projlen=68: 228267 braids
    projlen=69: 303618 braids
    projlen=70: 241504 braids
    projlen=71: 295100 braids
    projlen=72: 250526 braids
    projlen=73: 287942 braids
    projlen=74: 253679 braids
    projlen=75: 267167 braids
    projlen=76: 95550 braids
  Braids kept: 1092388 (in 30 buckets, 1.60 GB CPU)
  ⚡ Timing: matmul=0.15s, sampling=10.53s, total=14.07s
============================================================
Level 71 - SAMPLING
============================================================
  Starting braids: 992388
  Candidates to generate: 5387504
  Processing in 54 chunks...
  Projlen distribution:
    projlen=49: 35 braids
    projlen=50: 39 braids
    projlen=51: 207 braids
    projlen=52: 250 braids
    projlen=53: 2598 braids
    projlen=54: 3167 braids
    projlen=55: 28771 braids
    projlen=56: 25927 braids
    projlen=57: 205892 braids
    projlen=58: 172203 braids
    projlen=59: 318879 braids
    projlen=60: 220231 braids
    projlen=61: 330790 braids
    projlen=62: 210146 braids
    projlen=63: 327599 braids
    projlen=64: 205889 braids
    projlen=65: 322806 braids
    projlen=66: 211314 braids
    projlen=67: 316262 braids
    projlen=68: 221075 braids
    projlen=69: 309153 braids
    projlen=70: 236221 braids
    projlen=71: 298655 braids
    projlen=72: 246565 braids
    projlen=73: 290640 braids
    projlen=74: 253727 braids
    projlen=75: 282218 braids
    projlen=76: 244655 braids
    projlen=77: 101590 braids
  Braids kept: 1110994 (in 29 buckets, 1.65 GB CPU)
  ⚡ Timing: matmul=0.16s, sampling=9.82s, total=13.31s
============================================================
Level 72 - SAMPLING
============================================================
  Starting braids: 960994
  Candidates to generate: 5214826
  Processing in 53 chunks...
  Projlen distribution:
    projlen=49: 4 braids
    projlen=50: 6 braids
    projlen=51: 264 braids
    projlen=52: 259 braids
    projlen=53: 1629 braids
    projlen=54: 1584 braids
    projlen=55: 15861 braids
    projlen=56: 16583 braids
    projlen=57: 142502 braids
    projlen=58: 111830 braids
    projlen=59: 291675 braids
    projlen=60: 211466 braids
    projlen=61: 335502 braids
    projlen=62: 214608 braids
    projlen=63: 323409 braids
    projlen=64: 216042 braids
    projlen=65: 319475 braids
    projlen=66: 215911 braids
    projlen=67: 315671 braids
    projlen=68: 219902 braids
    projlen=69: 310738 braids
    projlen=70: 230163 braids
    projlen=71: 303639 braids
    projlen=72: 241015 braids
    projlen=73: 293883 braids
    projlen=74: 251608 braids
    projlen=75: 285086 braids
    projlen=76: 242559 braids
    projlen=77: 101952 braids
  Braids kept: 1086190 (in 29 buckets, 1.62 GB CPU)
  ⚡ Timing: matmul=0.14s, sampling=5.66s, total=8.43s
============================================================
Level 73 - SAMPLING
============================================================
  Starting braids: 986190
  Candidates to generate: 5352018
  Processing in 54 chunks...
  Projlen distribution:
    projlen=49: 4 braids
    projlen=50: 3 braids
    projlen=51: 50 braids
    projlen=52: 75 braids
    projlen=53: 1702 braids
    projlen=54: 1521 braids
    projlen=55: 10713 braids
    projlen=56: 8865 braids
    projlen=57: 82074 braids
    projlen=58: 72149 braids
    projlen=59: 272213 braids
    projlen=60: 200893 braids
    projlen=61: 343041 braids
    projlen=62: 208121 braids
    projlen=63: 329489 braids
    projlen=64: 216597 braids
    projlen=65: 316570 braids
    projlen=66: 223457 braids
    projlen=67: 311013 braids
    projlen=68: 224470 braids
    projlen=69: 308810 braids
    projlen=70: 228746 braids
    projlen=71: 303486 braids
    projlen=72: 237164 braids
    projlen=73: 297200 braids
    projlen=74: 246490 braids
    projlen=75: 290675 braids
    projlen=76: 253490 braids
    projlen=77: 266906 braids
    projlen=78: 96031 braids
  Braids kept: 1122933 (in 30 buckets, 1.69 GB CPU)
  ⚡ Timing: matmul=0.16s, sampling=5.87s, total=8.72s
============================================================
Level 74 - SAMPLING
============================================================
  Starting braids: 972933
  Candidates to generate: 5285031
  Processing in 53 chunks...
  Projlen distribution:
    projlen=49: 3 braids
    projlen=50: 4 braids
    projlen=51: 33 braids
    projlen=52: 39 braids
    projlen=53: 463 braids
    projlen=54: 602 braids
    projlen=55: 9853 braids
    projlen=56: 7924 braids
    projlen=57: 57645 braids
    projlen=58: 41162 braids
    projlen=59: 256656 braids
    projlen=60: 209106 braids
    projlen=61: 345854 braids
    projlen=62: 200564 braids
    projlen=63: 335475 braids
    projlen=64: 206127 braids
    projlen=65: 322791 braids
    projlen=66: 222097 braids
    projlen=67: 309960 braids
    projlen=68: 231295 braids
    projlen=69: 304490 braids
    projlen=70: 233948 braids
    projlen=71: 302779 braids
    projlen=72: 236518 braids
    projlen=73: 298903 braids
    projlen=74: 244600 braids
    projlen=75: 292290 braids
    projlen=76: 249444 braids
    projlen=77: 269528 braids
    projlen=78: 94878 braids
  Braids kept: 1110083 (in 30 buckets, 1.68 GB CPU)
  ⚡ Timing: matmul=0.16s, sampling=5.80s, total=8.60s
============================================================
Level 75 - SAMPLING
============================================================
  Starting braids: 960083
  Candidates to generate: 5212839
  Processing in 53 chunks...
  Projlen distribution:
    projlen=51: 27 braids
    projlen=52: 28 braids
    projlen=53: 267 braids
    projlen=54: 313 braids
    projlen=55: 3554 braids
    projlen=56: 3576 braids
    projlen=57: 51552 braids
    projlen=58: 37766 braids
    projlen=59: 253877 braids
    projlen=60: 170492 braids
    projlen=61: 329922 braids
    projlen=62: 207604 braids
    projlen=63: 336850 braids
    projlen=64: 199783 braids
    projlen=65: 329869 braids
    projlen=66: 210480 braids
    projlen=67: 315579 braids
    projlen=68: 228909 braids
    projlen=69: 304824 braids
    projlen=70: 239482 braids
    projlen=71: 299145 braids
    projlen=72: 242086 braids
    projlen=73: 297718 braids
    projlen=74: 244124 braids
    projlen=75: 294780 braids
    projlen=76: 248037 braids
    projlen=77: 268378 braids
    projlen=78: 93817 braids
  Braids kept: 1095531 (in 28 buckets, 1.66 GB CPU)
  ⚡ Timing: matmul=0.14s, sampling=5.67s, total=8.42s
============================================================
Level 76 - SAMPLING
============================================================
  Starting braids: 995531
  Candidates to generate: 5391753
  Processing in 54 chunks...
  Projlen distribution:
    projlen=51: 2 braids
    projlen=52: 6 braids
    projlen=53: 205 braids
    projlen=54: 237 braids
    projlen=55: 2068 braids
    projlen=56: 2114 braids
    projlen=57: 21985 braids
    projlen=58: 18566 braids
    projlen=59: 240219 braids
    projlen=60: 161052 braids
    projlen=61: 330148 braids
    projlen=62: 185483 braids
    projlen=63: 346576 braids
    projlen=64: 201715 braids
    projlen=65: 330394 braids
    projlen=66: 205857 braids
    projlen=67: 321925 braids
    projlen=68: 217406 braids
    projlen=69: 309880 braids
    projlen=70: 235229 braids
    projlen=71: 299729 braids
    projlen=72: 244514 braids
    projlen=73: 293887 braids
    projlen=74: 248807 braids
    projlen=75: 293207 braids
    projlen=76: 249985 braids
    projlen=77: 287863 braids
    projlen=78: 239996 braids
    projlen=79: 102698 braids
  Braids kept: 1095183 (in 29 buckets, 1.69 GB CPU)
  ⚡ Timing: matmul=0.17s, sampling=5.95s, total=8.83s
============================================================
Level 77 - SAMPLING
============================================================
  Starting braids: 995183
  Candidates to generate: 5376637
  Processing in 54 chunks...
  Projlen distribution:
    projlen=52: 2 braids
    projlen=53: 41 braids
    projlen=54: 99 braids
    projlen=55: 1459 braids
    projlen=56: 1575 braids
    projlen=57: 13610 braids
    projlen=58: 11345 braids
    projlen=59: 112838 braids
    projlen=60: 78578 braids
    projlen=61: 285836 braids
    projlen=62: 180974 braids
    projlen=63: 354659 braids
    projlen=64: 177786 braids
    projlen=65: 340392 braids
    projlen=66: 201131 braids
    projlen=67: 323675 braids
    projlen=68: 214360 braids
    projlen=69: 313784 braids
    projlen=70: 225833 braids
    projlen=71: 304595 braids
    projlen=72: 240796 braids
    projlen=73: 295043 braids
    projlen=74: 251265 braids
    projlen=75: 290047 braids
    projlen=76: 253444 braids
    projlen=77: 287673 braids
    projlen=78: 251850 braids
    projlen=79: 268361 braids
    projlen=80: 95586 braids
  Braids kept: 1128131 (in 29 buckets, 1.76 GB CPU)
  ⚡ Timing: matmul=0.16s, sampling=6.03s, total=8.92s
============================================================
Level 78 - SAMPLING
============================================================
  Starting braids: 978131
  Candidates to generate: 5278761
  Processing in 53 chunks...
  Projlen distribution:
    projlen=53: 21 braids
    projlen=54: 43 braids
    projlen=55: 508 braids
    projlen=56: 732 braids
    projlen=57: 9374 braids
    projlen=58: 8420 braids
    projlen=59: 71671 braids
    projlen=60: 50842 braids
    projlen=61: 271380 braids
    projlen=62: 184680 braids
    projlen=63: 358837 braids
    projlen=64: 176757 braids
    projlen=65: 350126 braids
    projlen=66: 175733 braids
    projlen=67: 335588 braids
    projlen=68: 205844 braids
    projlen=69: 317703 braids
    projlen=70: 222791 braids
    projlen=71: 309447 braids
    projlen=72: 233829 braids
    projlen=73: 300876 braids
    projlen=74: 246695 braids
    projlen=75: 291704 braids
    projlen=76: 255120 braids
    projlen=77: 285756 braids
    projlen=78: 254519 braids
    projlen=79: 264788 braids
    projlen=80: 94977 braids
  Braids kept: 1119098 (in 28 buckets, 1.75 GB CPU)
  ⚡ Timing: matmul=0.16s, sampling=5.95s, total=8.79s
============================================================
Level 79 - SAMPLING
============================================================
  Starting braids: 969098
  Candidates to generate: 5216772
  Processing in 53 chunks...
  Projlen distribution:
    projlen=52: 1 braids
    projlen=53: 14 braids
    projlen=54: 26 braids
    projlen=55: 256 braids
    projlen=56: 385 braids
    projlen=57: 4136 braids
    projlen=58: 4157 braids
    projlen=59: 50075 braids
    projlen=60: 39401 braids
    projlen=61: 264301 braids
    projlen=62: 184340 braids
    projlen=63: 359872 braids
    projlen=64: 182328 braids
    projlen=65: 353488 braids
    projlen=66: 170214 braids
    projlen=67: 345519 braids
    projlen=68: 179029 braids
    projlen=69: 330789 braids
    projlen=70: 211352 braids
    projlen=71: 313165 braids
    projlen=72: 230353 braids
    projlen=73: 302504 braids
    projlen=74: 240257 braids
    projlen=75: 296914 braids
    projlen=76: 251436 braids
    projlen=77: 287681 braids
    projlen=78: 255254 braids
    projlen=79: 264407 braids
    projlen=80: 95118 braids
  Braids kept: 1098376 (in 29 buckets, 1.73 GB CPU)
  ⚡ Timing: matmul=0.15s, sampling=5.92s, total=8.73s
============================================================
Level 80 - SAMPLING
============================================================
  Starting braids: 998376
  Candidates to generate: 5357390
  Processing in 54 chunks...
  Projlen distribution:
    projlen=52: 2 braids
    projlen=53: 8 braids
    projlen=54: 21 braids
    projlen=55: 155 braids
    projlen=56: 214 braids
    projlen=57: 2195 braids
    projlen=58: 2377 braids
    projlen=59: 25459 braids
    projlen=60: 21273 braids
    projlen=61: 243386 braids
    projlen=62: 170389 braids
    projlen=63: 332645 braids
    projlen=64: 183643 braids
    projlen=65: 352412 braids
    projlen=66: 173858 braids
    projlen=67: 347707 braids
    projlen=68: 171540 braids
    projlen=69: 340941 braids
    projlen=70: 184572 braids
    projlen=71: 326523 braids
    projlen=72: 215996 braids
    projlen=73: 308459 braids
    projlen=74: 237059 braids
    projlen=75: 297568 braids
    projlen=76: 246300 braids
    projlen=77: 292300 braids
    projlen=78: 253224 braids
    projlen=79: 281244 braids
    projlen=80: 244505 braids
    projlen=81: 101415 braids
  Braids kept: 1101704 (in 30 buckets, 1.75 GB CPU)
  ⚡ Timing: matmul=0.16s, sampling=6.02s, total=8.92s
============================================================
Level 81 - SAMPLING
============================================================
  Starting braids: 951704
  Candidates to generate: 5085410
  Processing in 51 chunks...
  Projlen distribution:
    projlen=53: 8 braids
    projlen=54: 21 braids
    projlen=55: 112 braids
    projlen=56: 170 braids
    projlen=57: 1286 braids
    projlen=58: 1349 braids
    projlen=59: 14571 braids
    projlen=60: 12626 braids
    projlen=61: 129581 braids
    projlen=62: 90317 braids
    projlen=63: 290364 braids
    projlen=64: 188483 braids
    projlen=65: 352673 braids
    projlen=66: 177160 braids
    projlen=67: 346446 braids
    projlen=68: 174854 braids
    projlen=69: 340982 braids
    projlen=70: 175157 braids
    projlen=71: 334068 braids
    projlen=72: 191333 braids
    projlen=73: 321390 braids
    projlen=74: 222294 braids
    projlen=75: 304815 braids
    projlen=76: 242670 braids
    projlen=77: 293384 braids
    projlen=78: 250666 braids
    projlen=79: 284787 braids
    projlen=80: 242089 braids
    projlen=81: 101754 braids
  Braids kept: 1080143 (in 29 buckets, 1.73 GB CPU)
  ⚡ Timing: matmul=0.16s, sampling=5.80s, total=8.54s
============================================================
Level 82 - SAMPLING
============================================================
  Starting braids: 980143
  Candidates to generate: 5240791
  Processing in 53 chunks...
  Projlen distribution:
    projlen=53: 3 braids
    projlen=54: 8 braids
    projlen=55: 104 braids
    projlen=56: 167 braids
    projlen=57: 952 braids
    projlen=58: 1014 braids
    projlen=59: 8483 braids
    projlen=60: 7456 braids
    projlen=61: 76462 braids
    projlen=62: 55722 braids
    projlen=63: 273549 braids
    projlen=64: 185213 braids
    projlen=65: 356170 braids
    projlen=66: 184693 braids
    projlen=67: 346917 braids
    projlen=68: 177113 braids
    projlen=69: 340902 braids
    projlen=70: 180402 braids
    projlen=71: 335969 braids
    projlen=72: 182252 braids
    projlen=73: 330023 braids
    projlen=74: 199482 braids
    projlen=75: 316848 braids
    projlen=76: 228217 braids
    projlen=77: 300759 braids
    projlen=78: 247155 braids
    projlen=79: 289340 braids
    projlen=80: 253276 braids
    projlen=81: 266754 braids
    projlen=82: 95386 braids
  Braids kept: 1118187 (in 30 buckets, 1.81 GB CPU)
  ⚡ Timing: matmul=0.15s, sampling=6.04s, total=8.91s
============================================================
Level 83 - SAMPLING
============================================================
  Starting braids: 968187
  Candidates to generate: 5169429
  Processing in 52 chunks...
  Projlen distribution:
    projlen=53: 1 braids
    projlen=54: 4 braids
    projlen=55: 34 braids
    projlen=56: 82 braids
    projlen=57: 777 braids
    projlen=58: 1015 braids
    projlen=59: 6327 braids
    projlen=60: 5453 braids
    projlen=61: 45884 braids
    projlen=62: 34943 braids
    projlen=63: 263238 braids
    projlen=64: 186637 braids
    projlen=65: 359352 braids
    projlen=66: 182387 braids
    projlen=67: 349794 braids
    projlen=68: 178844 braids
    projlen=69: 341684 braids
    projlen=70: 182223 braids
    projlen=71: 334761 braids
    projlen=72: 187119 braids
    projlen=73: 329993 braids
    projlen=74: 191041 braids
    projlen=75: 324407 braids
    projlen=76: 208581 braids
    projlen=77: 313329 braids
    projlen=78: 235192 braids
    projlen=79: 296203 braids
    projlen=80: 248730 braids
    projlen=81: 267089 braids
    projlen=82: 94305 braids
  Braids kept: 1094520 (in 30 buckets, 1.78 GB CPU)
  ⚡ Timing: matmul=0.15s, sampling=5.86s, total=8.70s
============================================================
Level 84 - SAMPLING
============================================================
  Starting braids: 994520
  Candidates to generate: 5309284
  Processing in 54 chunks...
  Projlen distribution:
    projlen=53: 1 braids
    projlen=54: 3 braids
    projlen=55: 12 braids
    projlen=56: 53 braids
    projlen=57: 310 braids
    projlen=58: 531 braids
    projlen=59: 4927 braids
    projlen=60: 5532 braids
    projlen=61: 35436 braids
    projlen=62: 27662 braids
    projlen=63: 226854 braids
    projlen=64: 153994 braids
    projlen=65: 323324 braids
    projlen=66: 184849 braids
    projlen=67: 351388 braids
    projlen=68: 174043 braids
    projlen=69: 344956 braids
    projlen=70: 181566 braids
    projlen=71: 335556 braids
    projlen=72: 189414 braids
    projlen=73: 328996 braids
    projlen=74: 196185 braids
    projlen=75: 324775 braids
    projlen=76: 201973 braids
    projlen=77: 319238 braids
    projlen=78: 217761 braids
    projlen=79: 308586 braids
    projlen=80: 238416 braids
    projlen=81: 289928 braids
    projlen=82: 240198 braids
    projlen=83: 102817 braids
  Braids kept: 1124467 (in 31 buckets, 1.84 GB CPU)
  ⚡ Timing: matmul=0.15s, sampling=6.14s, total=9.04s
============================================================
Level 85 - SAMPLING
============================================================
  Starting braids: 974467
  Candidates to generate: 5196891
  Processing in 52 chunks...
  Projlen distribution:
    projlen=54: 4 braids
    projlen=55: 6 braids
    projlen=56: 31 braids
    projlen=57: 158 braids
    projlen=58: 352 braids
    projlen=59: 2210 braids
    projlen=60: 2961 braids
    projlen=61: 27857 braids
    projlen=62: 27563 braids
    projlen=63: 175942 braids
    projlen=64: 121725 braids
    projlen=65: 305178 braids
    projlen=66: 187418 braids
    projlen=67: 354674 braids
    projlen=68: 178791 braids
    projlen=69: 346170 braids
    projlen=70: 175427 braids
    projlen=71: 339335 braids
    projlen=72: 187912 braids
    projlen=73: 329782 braids
    projlen=74: 198299 braids
    projlen=75: 323623 braids
    projlen=76: 205993 braids
    projlen=77: 318943 braids
    projlen=78: 212428 braids
    projlen=79: 313581 braids
    projlen=80: 225037 braids
    projlen=81: 300192 braids
    projlen=82: 230168 braids
    projlen=83: 105131 braids
  Braids kept: 1111142 (in 30 buckets, 1.83 GB CPU)
  ⚡ Timing: matmul=0.17s, sampling=6.00s, total=8.88s
============================================================
Level 86 - SAMPLING
============================================================
  Starting braids: 961142
  Candidates to generate: 5121042
  Processing in 52 chunks...
  Projlen distribution:
    projlen=55: 3 braids
    projlen=56: 29 braids
    projlen=57: 72 braids
    projlen=58: 214 braids
    projlen=59: 1274 braids
    projlen=60: 2108 braids
    projlen=61: 13703 braids
    projlen=62: 15138 braids
    projlen=63: 137980 braids
    projlen=64: 119649 braids
    projlen=65: 298774 braids
    projlen=66: 189757 braids
    projlen=67: 352780 braids
    projlen=68: 182102 braids
    projlen=69: 348628 braids
    projlen=70: 177289 braids
    projlen=71: 341282 braids
    projlen=72: 180882 braids
    projlen=73: 333576 braids
    projlen=74: 194701 braids
    projlen=75: 324037 braids
    projlen=76: 207680 braids
    projlen=77: 318806 braids
    projlen=78: 216133 braids
    projlen=79: 312094 braids
    projlen=80: 221452 braids
    projlen=81: 303856 braids
    projlen=82: 220461 braids
    projlen=83: 106582 braids
  Braids kept: 1082541 (in 29 buckets, 1.79 GB CPU)
  ⚡ Timing: matmul=0.14s, sampling=6.02s, total=8.85s
============================================================
Level 87 - SAMPLING
============================================================
  Starting braids: 982541
  Candidates to generate: 5247449
  Processing in 53 chunks...
  Projlen distribution:
    projlen=56: 1 braids
    projlen=57: 32 braids
    projlen=58: 178 braids
    projlen=59: 593 braids
    projlen=60: 1387 braids
    projlen=61: 8394 braids
    projlen=62: 11242 braids
    projlen=63: 70503 braids
    projlen=64: 65533 braids
    projlen=65: 264991 braids
    projlen=66: 210970 braids
    projlen=67: 344117 braids
    projlen=68: 189090 braids
    projlen=69: 345705 braids
    projlen=70: 178994 braids
    projlen=71: 341172 braids
    projlen=72: 180842 braids
    projlen=73: 334751 braids
    projlen=74: 187782 braids
    projlen=75: 327601 braids
    projlen=76: 203417 braids
    projlen=77: 319015 braids
    projlen=78: 216946 braids
    projlen=79: 312882 braids
    projlen=80: 224968 braids
    projlen=81: 305680 braids
    projlen=82: 229634 braids
    projlen=83: 280035 braids
    projlen=84: 90994 braids
  Braids kept: 1121827 (in 29 buckets, 1.87 GB CPU)
  ⚡ Timing: matmul=0.15s, sampling=6.25s, total=9.16s
============================================================
Level 88 - SAMPLING
============================================================
  Starting braids: 971827
  Candidates to generate: 5208575
  Processing in 53 chunks...
  Projlen distribution:
    projlen=57: 3 braids
    projlen=58: 21 braids
    projlen=59: 308 braids
    projlen=60: 1056 braids
    projlen=61: 4391 braids
    projlen=62: 7722 braids
    projlen=63: 45453 braids
    projlen=64: 51935 braids
    projlen=65: 251819 braids
    projlen=66: 215568 braids
    projlen=67: 340642 braids
    projlen=68: 210853 braids
    projlen=69: 336492 braids
    projlen=70: 191192 braids
    projlen=71: 337658 braids
    projlen=72: 182974 braids
    projlen=73: 335011 braids
    projlen=74: 187814 braids
    projlen=75: 330028 braids
    projlen=76: 196780 braids
    projlen=77: 322409 braids
    projlen=78: 211783 braids
    projlen=79: 313671 braids
    projlen=80: 226112 braids
    projlen=81: 306090 braids
    projlen=82: 231184 braids
    projlen=83: 278806 braids
    projlen=84: 90800 braids
  Braids kept: 1108954 (in 28 buckets, 1.86 GB CPU)
  ⚡ Timing: matmul=0.15s, sampling=6.26s, total=9.17s
============================================================
Level 89 - SAMPLING
============================================================
  Starting braids: 958954
  Candidates to generate: 5164396
  Processing in 52 chunks...
  Projlen distribution:
    projlen=58: 6 braids
    projlen=59: 89 braids
    projlen=60: 263 braids
    projlen=61: 2288 braids
    projlen=62: 5792 braids
    projlen=63: 26307 braids
    projlen=64: 38811 braids
    projlen=65: 221418 braids
    projlen=66: 220812 braids
    projlen=67: 335143 braids
    projlen=68: 218099 braids
    projlen=69: 330997 braids
    projlen=70: 208778 braids
    projlen=71: 329724 braids
    projlen=72: 199770 braids
    projlen=73: 330024 braids
    projlen=74: 191426 braids
    projlen=75: 329398 braids
    projlen=76: 196574 braids
    projlen=77: 324892 braids
    projlen=78: 206457 braids
    projlen=79: 317071 braids
    projlen=80: 220210 braids
    projlen=81: 307597 braids
    projlen=82: 232358 braids
    projlen=83: 278588 braids
    projlen=84: 91504 braids
  Braids kept: 1073556 (in 27 buckets, 1.81 GB CPU)
  ⚡ Timing: matmul=0.15s, sampling=6.07s, total=8.97s
============================================================
Level 90 - SAMPLING
============================================================
  Starting braids: 973556
  Candidates to generate: 5254024
  Processing in 53 chunks...
  Projlen distribution:
    projlen=59: 32 braids
    projlen=60: 80 braids
    projlen=61: 920 braids
    projlen=62: 1769 braids
    projlen=63: 14238 braids
    projlen=64: 29105 braids
    projlen=65: 133008 braids
    projlen=66: 167644 braids
    projlen=67: 303984 braids
    projlen=68: 232213 braids
    projlen=69: 323159 braids
    projlen=70: 216612 braids
    projlen=71: 324025 braids
    projlen=72: 215847 braids
    projlen=73: 320776 braids
    projlen=74: 209662 braids
    projlen=75: 320941 braids
    projlen=76: 201221 braids
    projlen=77: 322956 braids
    projlen=78: 206332 braids
    projlen=79: 318303 braids
    projlen=80: 216148 braids
    projlen=81: 312782 braids
    projlen=82: 229059 braids
    projlen=83: 299766 braids
    projlen=84: 228129 braids
    projlen=85: 105313 braids
  Braids kept: 1096144 (in 27 buckets, 1.87 GB CPU)
  ⚡ Timing: matmul=0.15s, sampling=6.23s, total=9.15s
============================================================
Level 91 - SAMPLING
============================================================
  Starting braids: 996144
  Candidates to generate: 5406390
  Processing in 55 chunks...
  Projlen distribution:
    projlen=58: 1 braids
    projlen=59: 8 braids
    projlen=60: 34 braids
    projlen=61: 382 braids
    projlen=62: 754 braids
    projlen=63: 6598 braids
    projlen=64: 9893 braids
    projlen=65: 72785 braids
    projlen=66: 124213 braids
    projlen=67: 273096 braids
    projlen=68: 250505 braids
    projlen=69: 316681 braids
    projlen=70: 230430 braids
    projlen=71: 317231 braids
    projlen=72: 223223 braids
    projlen=73: 314996 braids
    projlen=74: 222949 braids
    projlen=75: 312568 braids
    projlen=76: 219735 braids
    projlen=77: 315122 braids
    projlen=78: 213550 braids
    projlen=79: 316398 braids
    projlen=80: 217263 braids
    projlen=81: 312092 braids
    projlen=82: 224670 braids
    projlen=83: 306386 braids
    projlen=84: 234495 braids
    projlen=85: 278275 braids
    projlen=86: 92057 braids
  Braids kept: 1117670 (in 29 buckets, 1.93 GB CPU)
  ⚡ Timing: matmul=0.15s, sampling=6.79s, total=9.82s
============================================================
Level 92 - SAMPLING
============================================================
  Starting braids: 967670
  Candidates to generate: 5274060
  Processing in 53 chunks...
  Projlen distribution:
    projlen=59: 1 braids
    projlen=60: 19 braids
    projlen=61: 141 braids
    projlen=62: 385 braids
    projlen=63: 3216 braids
    projlen=64: 4777 braids
    projlen=65: 36822 braids
    projlen=66: 45318 braids
    projlen=67: 234433 braids
    projlen=68: 261930 braids
    projlen=69: 310671 braids
    projlen=70: 246653 braids
    projlen=71: 308157 braids
    projlen=72: 234603 braids
    projlen=73: 308930 braids
    projlen=74: 231070 braids
    projlen=75: 306419 braids
    projlen=76: 231140 braids
    projlen=77: 305645 braids
    projlen=78: 229418 braids
    projlen=79: 307768 braids
    projlen=80: 223969 braids
    projlen=81: 308820 braids
    projlen=82: 226881 braids
    projlen=83: 305380 braids
    projlen=84: 231173 braids
    projlen=85: 279168 braids
    projlen=86: 91153 braids
  Braids kept: 1090679 (in 28 buckets, 1.89 GB CPU)
  ⚡ Timing: matmul=0.16s, sampling=6.35s, total=9.31s
============================================================
Level 93 - SAMPLING
============================================================
  Starting braids: 990679
  Candidates to generate: 5408457
  Processing in 55 chunks...
  Projlen distribution:
    projlen=59: 3 braids
    projlen=60: 9 braids
    projlen=61: 51 braids
    projlen=62: 175 braids
    projlen=63: 1453 braids
    projlen=64: 2785 braids
    projlen=65: 20109 braids
    projlen=66: 25107 braids
    projlen=67: 181085 braids
    projlen=68: 197082 braids
    projlen=69: 316593 braids
    projlen=70: 252394 braids
    projlen=71: 301384 braids
    projlen=72: 247189 braids
    projlen=73: 301125 braids
    projlen=74: 240637 braids
    projlen=75: 300835 braids
    projlen=76: 239135 braids
    projlen=77: 300795 braids
    projlen=78: 239785 braids
    projlen=79: 299085 braids
    projlen=80: 237797 braids
    projlen=81: 301661 braids
    projlen=82: 235301 braids
    projlen=83: 303129 braids
    projlen=84: 235068 braids
    projlen=85: 296163 braids
    projlen=86: 227513 braids
    projlen=87: 105009 braids
  Braids kept: 1099692 (in 29 buckets, 1.93 GB CPU)
  ⚡ Timing: matmul=0.15s, sampling=6.77s, total=9.85s
============================================================
Level 94 - SAMPLING
============================================================
  Starting braids: 999692
  Candidates to generate: 5475004
  Processing in 55 chunks...
  Projlen distribution:
    projlen=60: 1 braids
    projlen=61: 40 braids
    projlen=62: 112 braids
    projlen=63: 599 braids
    projlen=64: 1404 braids
    projlen=65: 10044 braids
    projlen=66: 15722 braids
    projlen=67: 102930 braids
    projlen=68: 108988 braids
    projlen=69: 278883 braids
    projlen=70: 236327 braids
    projlen=71: 316793 braids
    projlen=72: 243085 braids
    projlen=73: 299172 braids
    projlen=74: 251540 braids
    projlen=75: 293914 braids
    projlen=76: 247635 braids
    projlen=77: 294500 braids
    projlen=78: 245768 braids
    projlen=79: 295456 braids
    projlen=80: 246397 braids
    projlen=81: 294259 braids
    projlen=82: 246306 braids
    projlen=83: 296540 braids
    projlen=84: 243459 braids
    projlen=85: 295348 braids
    projlen=86: 241252 braids
    projlen=87: 275395 braids
    projlen=88: 93135 braids
  Braids kept: 1127922 (in 29 buckets, 2.00 GB CPU)
  ⚡ Timing: matmul=0.17s, sampling=7.20s, total=10.33s
============================================================
Level 95 - SAMPLING
============================================================
  Starting braids: 977922
  Candidates to generate: 5366124
  Processing in 54 chunks...
  Projlen distribution:
    projlen=60: 1 braids
    projlen=61: 14 braids
    projlen=62: 47 braids
    projlen=63: 375 braids
    projlen=64: 878 braids
    projlen=65: 4745 braids
    projlen=66: 8380 braids
    projlen=67: 53587 braids
    projlen=68: 70651 braids
    projlen=69: 259031 braids
    projlen=70: 232229 braids
    projlen=71: 328102 braids
    projlen=72: 231709 braids
    projlen=73: 311070 braids
    projlen=74: 242370 braids
    projlen=75: 294611 braids
    projlen=76: 253973 braids
    projlen=77: 288980 braids
    projlen=78: 252324 braids
    projlen=79: 289937 braids
    projlen=80: 252452 braids
    projlen=81: 290957 braids
    projlen=82: 253222 braids
    projlen=83: 290606 braids
    projlen=84: 253109 braids
    projlen=85: 290811 braids
    projlen=86: 247716 braids
    projlen=87: 271184 braids
    projlen=88: 93053 braids
  Braids kept: 1114440 (in 29 buckets, 1.98 GB CPU)
  ⚡ Timing: matmul=0.16s, sampling=7.17s, total=10.25s
============================================================
Level 96 - SAMPLING
============================================================
  Starting braids: 964440
  Candidates to generate: 5303918
  Processing in 54 chunks...
  Projlen distribution:
    projlen=60: 5 braids
    projlen=61: 14 braids
    projlen=62: 34 braids
    projlen=63: 171 braids
    projlen=64: 391 braids
    projlen=65: 2777 braids
    projlen=66: 5357 braids
    projlen=67: 28471 braids
    projlen=68: 41980 braids
    projlen=69: 236690 braids
    projlen=70: 244252 braids
    projlen=71: 330140 braids
    projlen=72: 231464 braids
    projlen=73: 319356 braids
    projlen=74: 230265 braids
    projlen=75: 306272 braids
    projlen=76: 245382 braids
    projlen=77: 291583 braids
    projlen=78: 256592 braids
    projlen=79: 285138 braids
    projlen=80: 256865 braids
    projlen=81: 287219 braids
    projlen=82: 257327 braids
    projlen=83: 286042 braids
    projlen=84: 257255 braids
    projlen=85: 286189 braids
    projlen=86: 254891 braids
    projlen=87: 266600 braids
    projlen=88: 95196 braids
  Braids kept: 1079200 (in 29 buckets, 1.93 GB CPU)
  ⚡ Timing: matmul=0.15s, sampling=6.84s, total=9.87s
============================================================
Level 97 - SAMPLING
============================================================
  Starting braids: 979200
  Candidates to generate: 5379004
  Processing in 54 chunks...
  Projlen distribution:
    projlen=60: 3 braids
    projlen=61: 3 braids
    projlen=62: 45 braids
    projlen=63: 144 braids
    projlen=64: 262 braids
    projlen=65: 1406 braids
    projlen=66: 2675 braids
    projlen=67: 17035 braids
    projlen=68: 28513 braids
    projlen=69: 143932 braids
    projlen=70: 182601 braids
    projlen=71: 311129 braids
    projlen=72: 241360 braids
    projlen=73: 315874 braids
    projlen=74: 229301 braids
    projlen=75: 312398 braids
    projlen=76: 233636 braids
    projlen=77: 301448 braids
    projlen=78: 248569 braids
    projlen=79: 289272 braids
    projlen=80: 259122 braids
    projlen=81: 283334 braids
    projlen=82: 260979 braids
    projlen=83: 284349 braids
    projlen=84: 260607 braids
    projlen=85: 282687 braids
    projlen=86: 260846 braids
    projlen=87: 280087 braids
    projlen=88: 245883 braids
    projlen=89: 101504 braids
  Braids kept: 1100086 (in 30 buckets, 1.99 GB CPU)
  ⚡ Timing: matmul=0.16s, sampling=8.11s, total=11.37s
============================================================
Level 98 - SAMPLING
============================================================
  Starting braids: 950086
  Candidates to generate: 5220616
  Processing in 53 chunks...
  Projlen distribution:
    projlen=60: 1 braids
    projlen=61: 3 braids
    projlen=62: 16 braids
    projlen=63: 64 braids
    projlen=64: 275 braids
    projlen=65: 1069 braids
    projlen=66: 1851 braids
    projlen=67: 9296 braids
    projlen=68: 15227 braids
    projlen=69: 87846 braids
    projlen=70: 124923 braids
    projlen=71: 277756 braids
    projlen=72: 250333 braids
    projlen=73: 315276 braids
    projlen=74: 236838 braids
    projlen=75: 309909 braids
    projlen=76: 234609 braids
    projlen=77: 304758 braids
    projlen=78: 239397 braids
    projlen=79: 297265 braids
    projlen=80: 251271 braids
    projlen=81: 286483 braids
    projlen=82: 261005 braids
    projlen=83: 281367 braids
    projlen=84: 264325 braids
    projlen=85: 281324 braids
    projlen=86: 261710 braids
    projlen=87: 278364 braids
    projlen=88: 247674 braids
    projlen=89: 100381 braids
  Braids kept: 1077802 (in 30 buckets, 1.95 GB CPU)
  ⚡ Timing: matmul=0.15s, sampling=7.17s, total=10.22s
============================================================
Level 99 - SAMPLING
============================================================
  Starting braids: 977802
  Candidates to generate: 5375736
  Processing in 54 chunks...
  Projlen distribution:
    projlen=61: 4 braids
    projlen=62: 6 braids
    projlen=63: 46 braids
    projlen=64: 123 braids
    projlen=65: 489 braids
    projlen=66: 1628 braids
    projlen=67: 6789 braids
    projlen=68: 10818 braids
    projlen=69: 50556 braids
    projlen=70: 70300 braids
    projlen=71: 247657 braids
    projlen=72: 254048 braids
    projlen=73: 314852 braids
    projlen=74: 243843 braids
    projlen=75: 306662 braids
    projlen=76: 239933 braids
    projlen=77: 303281 braids
    projlen=78: 241354 braids
    projlen=79: 297937 braids
    projlen=80: 244802 braids
    projlen=81: 293143 braids
    projlen=82: 255578 braids
    projlen=83: 285158 braids
    projlen=84: 262646 braids
    projlen=85: 279041 braids
    projlen=86: 265661 braids
    projlen=87: 278524 braids
    projlen=88: 261802 braids
    projlen=89: 261787 braids
    projlen=90: 97268 braids
  Braids kept: 1119903 (in 30 buckets, 2.05 GB CPU)
  ⚡ Timing: matmul=0.16s, sampling=8.19s, total=11.31s
============================================================
Level 100 - SAMPLING
============================================================
  Starting braids: 969903
  Candidates to generate: 5337721
  Processing in 54 chunks...
  Projlen distribution:
    projlen=61: 3 braids
    projlen=62: 6 braids
    projlen=63: 23 braids
    projlen=64: 58 braids
    projlen=65: 380 braids
    projlen=66: 840 braids
    projlen=67: 3321 braids
    projlen=68: 9112 braids
    projlen=69: 37434 braids
    projlen=70: 54444 braids
    projlen=71: 236937 braids
    projlen=72: 250839 braids
    projlen=73: 320942 braids
    projlen=74: 247778 braids
    projlen=75: 305732 braids
    projlen=76: 244369 braids
    projlen=77: 301155 braids
    projlen=78: 245154 braids
    projlen=79: 296435 braids
    projlen=80: 247707 braids
    projlen=81: 293680 braids
    projlen=82: 250646 braids
    projlen=83: 288880 braids
    projlen=84: 257810 braids
    projlen=85: 282562 braids
    projlen=86: 263872 braids
    projlen=87: 277206 braids
    projlen=88: 264916 braids
    projlen=89: 258209 braids
    projlen=90: 97271 braids
  Braids kept: 1101177 (in 30 buckets, 2.02 GB CPU)
  ⚡ Timing: matmul=0.15s, sampling=8.10s, total=11.23s
============================================================
Level 101 - SAMPLING
============================================================
  Starting braids: 951177
  Candidates to generate: 5226647
  Processing in 53 chunks...
  Projlen distribution:
    projlen=63: 30 braids
    projlen=64: 50 braids
    projlen=65: 173 braids
    projlen=66: 453 braids
    projlen=67: 2477 braids
    projlen=68: 5136 braids
    projlen=69: 19935 braids
    projlen=70: 45858 braids
    projlen=71: 179320 braids
    projlen=72: 226841 braids
    projlen=73: 321270 braids
    projlen=74: 246961 braids
    projlen=75: 308960 braids
    projlen=76: 244096 braids
    projlen=77: 300812 braids
    projlen=78: 247318 braids
    projlen=79: 293967 braids
    projlen=80: 249943 braids
    projlen=81: 290822 braids
    projlen=82: 251583 braids
    projlen=83: 288600 braids
    projlen=84: 255358 braids
    projlen=85: 286235 braids
    projlen=86: 260787 braids
    projlen=87: 280446 braids
    projlen=88: 262836 braids
    projlen=89: 259291 braids
    projlen=90: 97089 braids
  Braids kept: 1074112 (in 28 buckets, 1.98 GB CPU)
  ⚡ Timing: matmul=0.15s, sampling=7.85s, total=10.97s
============================================================
Level 102 - SAMPLING
============================================================
  Starting braids: 974112
  Candidates to generate: 5352392
  Processing in 54 chunks...
  Projlen distribution:
    projlen=62: 3 braids
    projlen=63: 6 braids
    projlen=64: 11 braids
    projlen=65: 205 braids
    projlen=66: 315 braids
    projlen=67: 1285 braids
    projlen=68: 2857 braids
    projlen=69: 14836 braids
    projlen=70: 27492 braids
    projlen=71: 100545 braids
    projlen=72: 197417 braids
    projlen=73: 301326 braids
    projlen=74: 256378 braids
    projlen=75: 306128 braids
    projlen=76: 241935 braids
    projlen=77: 304295 braids
    projlen=78: 246204 braids
    projlen=79: 295364 braids
    projlen=80: 250873 braids
    projlen=81: 289822 braids
    projlen=82: 255164 braids
    projlen=83: 286708 braids
    projlen=84: 256289 braids
    projlen=85: 285535 braids
    projlen=86: 259620 braids
    projlen=87: 282679 braids
    projlen=88: 261787 braids
    projlen=89: 276287 braids
    projlen=90: 250776 braids
    projlen=91: 100250 braids
  Braids kept: 1097010 (in 30 buckets, 2.04 GB CPU)
  ⚡ Timing: matmul=0.16s, sampling=8.64s, total=11.94s
============================================================
Level 103 - SAMPLING
============================================================
  Starting braids: 997010
  Candidates to generate: 5490452
  Processing in 55 chunks...
  Projlen distribution:
    projlen=63: 11 braids
    projlen=64: 16 braids
    projlen=65: 74 braids
    projlen=66: 87 braids
    projlen=67: 1260 braids
    projlen=68: 1880 braids
    projlen=69: 8323 braids
    projlen=70: 16039 braids
    projlen=71: 75918 braids
    projlen=72: 122765 braids
    projlen=73: 258040 braids
    projlen=74: 277227 braids
    projlen=75: 296048 braids
    projlen=76: 253449 braids
    projlen=77: 299622 braids
    projlen=78: 246221 braids
    projlen=79: 297307 braids
    projlen=80: 249438 braids
    projlen=81: 290233 braids
    projlen=82: 255164 braids
    projlen=83: 287126 braids
    projlen=84: 258728 braids
    projlen=85: 284225 braids
    projlen=86: 260374 braids
    projlen=87: 283982 braids
    projlen=88: 263295 braids
    projlen=89: 281063 braids
    projlen=90: 262942 braids
    projlen=91: 261843 braids
    projlen=92: 97752 braids
  Braids kept: 1127690 (in 30 buckets, 2.12 GB CPU)
  ⚡ Timing: matmul=0.17s, sampling=9.80s, total=13.24s
============================================================
Level 104 - SAMPLING
============================================================
  Starting braids: 977690
  Candidates to generate: 5385770
  Processing in 54 chunks...
  Projlen distribution:
    projlen=65: 100 braids
    projlen=66: 93 braids
    projlen=67: 496 braids
    projlen=68: 652 braids
    projlen=69: 7376 braids
    projlen=70: 10453 braids
    projlen=71: 44440 braids
    projlen=72: 74178 braids
    projlen=73: 241627 braids
    projlen=74: 263656 braids
    projlen=75: 304254 braids
    projlen=76: 265443 braids
    projlen=77: 288719 braids
    projlen=78: 258049 braids
    projlen=79: 292946 braids
    projlen=80: 250607 braids
    projlen=81: 291596 braids
    projlen=82: 253741 braids
    projlen=83: 287928 braids
    projlen=84: 258600 braids
    projlen=85: 283967 braids
    projlen=86: 261526 braids
    projlen=87: 282021 braids
    projlen=88: 263214 braids
    projlen=89: 280047 braids
    projlen=90: 262819 braids
    projlen=91: 260472 braids
    projlen=92: 96750 braids
  Braids kept: 1113610 (in 28 buckets, 2.10 GB CPU)
  ⚡ Timing: matmul=0.17s, sampling=9.30s, total=12.59s
============================================================
Level 105 - SAMPLING
============================================================
  Starting braids: 963610
  Candidates to generate: 5308434
  Processing in 54 chunks...
  Projlen distribution:
    projlen=65: 8 braids
    projlen=66: 21 braids
    projlen=67: 597 braids
    projlen=68: 569 braids
    projlen=69: 3371 braids
    projlen=70: 4344 braids
    projlen=71: 39060 braids
    projlen=72: 51006 braids
    projlen=73: 208163 braids
    projlen=74: 249242 braids
    projlen=75: 314203 braids
    projlen=76: 256292 braids
    projlen=77: 296051 braids
    projlen=78: 260530 braids
    projlen=79: 286690 braids
    projlen=80: 261252 braids
    projlen=81: 286383 braids
    projlen=82: 254818 braids
    projlen=83: 286804 braids
    projlen=84: 257309 braids
    projlen=85: 285336 braids
    projlen=86: 261687 braids
    projlen=87: 282378 braids
    projlen=88: 263268 braids
    projlen=89: 279476 braids
    projlen=90: 262490 braids
    projlen=91: 260168 braids
    projlen=92: 96918 braids
  Braids kept: 1097970 (in 28 buckets, 2.08 GB CPU)
  ⚡ Timing: matmul=0.15s, sampling=8.91s, total=12.21s
============================================================
Level 106 - SAMPLING
============================================================
  Starting braids: 997970
  Candidates to generate: 5489028
  Processing in 55 chunks...
  Projlen distribution:
    projlen=65: 2 braids
    projlen=66: 11 braids
    projlen=67: 128 braids
    projlen=68: 186 braids
    projlen=69: 3479 braids
    projlen=70: 3380 braids
    projlen=71: 19885 braids
    projlen=72: 24140 braids
    projlen=73: 186851 braids
    projlen=74: 218455 braids
    projlen=75: 319469 braids
    projlen=76: 256252 braids
    projlen=77: 300885 braids
    projlen=78: 251907 braids
    projlen=79: 293994 braids
    projlen=80: 259205 braids
    projlen=81: 283277 braids
    projlen=82: 262287 braids
    projlen=83: 284285 braids
    projlen=84: 259923 braids
    projlen=85: 284631 braids
    projlen=86: 259996 braids
    projlen=87: 282059 braids
    projlen=88: 263382 braids
    projlen=89: 280181 braids
    projlen=90: 264620 braids
    projlen=91: 275404 braids
    projlen=92: 250332 braids
    projlen=93: 100422 braids
  Braids kept: 1101211 (in 29 buckets, 2.11 GB CPU)
  ⚡ Timing: matmul=0.17s, sampling=7.60s, total=10.96s
============================================================
Level 107 - SAMPLING
============================================================
  Starting braids: 951211
  Candidates to generate: 5226991
  Processing in 53 chunks...
  Projlen distribution:
    projlen=66: 5 braids
    projlen=67: 72 braids
    projlen=68: 122 braids
    projlen=69: 1107 braids
    projlen=70: 1466 braids
    projlen=71: 18980 braids
    projlen=72: 18177 braids
    projlen=73: 101294 braids
    projlen=74: 106588 braids
    projlen=75: 273198 braids
    projlen=76: 243147 braids
    projlen=77: 309513 braids
    projlen=78: 247667 braids
    projlen=79: 297008 braids
    projlen=80: 253665 braids
    projlen=81: 289305 braids
    projlen=82: 259272 braids
    projlen=83: 281480 braids
    projlen=84: 264576 braids
    projlen=85: 280434 braids
    projlen=86: 262687 braids
    projlen=87: 281980 braids
    projlen=88: 263204 braids
    projlen=89: 280263 braids
    projlen=90: 265498 braids
    projlen=91: 276055 braids
    projlen=92: 250323 braids
    projlen=93: 99905 braids
  Braids kept: 1089929 (in 28 buckets, 2.09 GB CPU)
  ⚡ Timing: matmul=0.15s, sampling=7.37s, total=10.62s
============================================================
Level 108 - SAMPLING
============================================================
  Starting braids: 989929
  Candidates to generate: 5439541
  Processing in 55 chunks...
  Projlen distribution:
    projlen=66: 4 braids
    projlen=67: 30 braids
    projlen=68: 59 braids
    projlen=69: 678 braids
    projlen=70: 932 braids
    projlen=71: 7527 braids
    projlen=72: 8879 braids
    projlen=73: 93534 braids
    projlen=74: 82419 braids
    projlen=75: 264510 braids
    projlen=76: 232776 braids
    projlen=77: 325764 braids
    projlen=78: 237988 braids
    projlen=79: 305366 braids
    projlen=80: 248407 braids
    projlen=81: 292377 braids
    projlen=82: 255877 braids
    projlen=83: 285663 braids
    projlen=84: 260526 braids
    projlen=85: 280560 braids
    projlen=86: 266511 braids
    projlen=87: 279096 braids
    projlen=88: 266057 braids
    projlen=89: 279573 braids
    projlen=90: 264540 braids
    projlen=91: 278162 braids
    projlen=92: 264591 braids
    projlen=93: 259318 braids
    projlen=94: 97817 braids
  Braids kept: 1118109 (in 29 buckets, 2.16 GB CPU)
  ⚡ Timing: matmul=0.16s, sampling=8.58s, total=11.93s
============================================================
Level 109 - SAMPLING
============================================================
  Starting braids: 968109
  Candidates to generate: 5305331
  Processing in 54 chunks...
  Projlen distribution:
    projlen=66: 2 braids
    projlen=67: 19 braids
    projlen=68: 38 braids
    projlen=69: 361 braids
    projlen=70: 474 braids
    projlen=71: 4830 braids
    projlen=72: 5516 braids
    projlen=73: 41354 braids
    projlen=74: 41376 braids
    projlen=75: 250945 braids
    projlen=76: 210518 braids
    projlen=77: 336092 braids
    projlen=78: 229253 braids
    projlen=79: 316328 braids
    projlen=80: 236404 braids
    projlen=81: 301179 braids
    projlen=82: 249644 braids
    projlen=83: 288226 braids
    projlen=84: 258374 braids
    projlen=85: 283452 braids
    projlen=86: 262150 braids
    projlen=87: 279550 braids
    projlen=88: 267390 braids
    projlen=89: 277433 braids
    projlen=90: 267496 braids
    projlen=91: 277074 braids
    projlen=92: 263490 braids
    projlen=93: 259237 braids
    projlen=94: 97126 braids
  Braids kept: 1093970 (in 29 buckets, 2.13 GB CPU)
  ⚡ Timing: matmul=0.15s, sampling=7.87s, total=11.21s
============================================================
Level 110 - SAMPLING
============================================================
  Starting braids: 993970
  Candidates to generate: 5447772
  Processing in 55 chunks...
  Projlen distribution:
    projlen=66: 3 braids
    projlen=67: 9 braids
    projlen=68: 21 braids
    projlen=69: 244 braids
    projlen=70: 314 braids
    projlen=71: 2806 braids
    projlen=72: 3094 braids
    projlen=73: 28100 braids
    projlen=74: 28364 braids
    projlen=75: 204518 braids
    projlen=76: 183037 braids
    projlen=77: 323536 braids
    projlen=78: 212726 braids
    projlen=79: 327067 braids
    projlen=80: 223500 braids
    projlen=81: 311227 braids
    projlen=82: 239266 braids
    projlen=83: 297370 braids
    projlen=84: 252445 braids
    projlen=85: 285556 braids
    projlen=86: 260231 braids
    projlen=87: 280903 braids
    projlen=88: 264310 braids
    projlen=89: 279006 braids
    projlen=90: 268400 braids
    projlen=91: 277148 braids
    projlen=92: 269377 braids
    projlen=93: 274196 braids
    projlen=94: 251601 braids
    projlen=95: 99397 braids
  Braids kept: 1112955 (in 30 buckets, 2.18 GB CPU)
  ⚡ Timing: matmul=0.16s, sampling=8.52s, total=11.95s
============================================================
Level 111 - SAMPLING
============================================================
  Starting braids: 962955
  Candidates to generate: 5265441
  Processing in 53 chunks...
  Projlen distribution:
    projlen=67: 10 braids
    projlen=68: 15 braids
    projlen=69: 137 braids
    projlen=70: 180 braids
    projlen=71: 1908 braids
    projlen=72: 2122 braids
    projlen=73: 17469 braids
    projlen=74: 16627 braids
    projlen=75: 141036 braids
    projlen=76: 123378 braids
    projlen=77: 293904 braids
    projlen=78: 219932 braids
    projlen=79: 332539 braids
    projlen=80: 211103 braids
    projlen=81: 321444 braids
    projlen=82: 226445 braids
    projlen=83: 304581 braids
    projlen=84: 242885 braids
    projlen=85: 293070 braids
    projlen=86: 254471 braids
    projlen=87: 283909 braids
    projlen=88: 262857 braids
    projlen=89: 280177 braids
    projlen=90: 266369 braids
    projlen=91: 276741 braids
    projlen=92: 267933 braids
    projlen=93: 272871 braids
    projlen=94: 252300 braids
    projlen=95: 99028 braids
  Braids kept: 1088468 (in 29 buckets, 2.14 GB CPU)
  ⚡ Timing: matmul=0.16s, sampling=8.01s, total=11.30s
============================================================
Level 112 - SAMPLING
============================================================
  Starting braids: 988468
  Candidates to generate: 5400504
  Processing in 55 chunks...
  Projlen distribution:
    projlen=67: 3 braids
    projlen=68: 7 braids
    projlen=69: 98 braids
    projlen=70: 100 braids
    projlen=71: 1101 braids
    projlen=72: 1229 braids
    projlen=73: 12284 braids
    projlen=74: 11697 braids
    projlen=75: 89911 braids
    projlen=76: 73676 braids
    projlen=77: 270853 braids
    projlen=78: 213106 braids
    projlen=79: 336667 braids
    projlen=80: 216513 braids
    projlen=81: 323865 braids
    projlen=82: 215534 braids
    projlen=83: 315135 braids
    projlen=84: 230877 braids
    projlen=85: 301115 braids
    projlen=86: 248133 braids
    projlen=87: 290415 braids
    projlen=88: 257004 braids
    projlen=89: 282309 braids
    projlen=90: 264646 braids
    projlen=91: 278722 braids
    projlen=92: 268107 braids
    projlen=93: 275736 braids
    projlen=94: 265596 braids
    projlen=95: 257621 braids
    projlen=96: 98444 braids
  Braids kept: 1126519 (in 30 buckets, 2.24 GB CPU)
  ⚡ Timing: matmul=0.15s, sampling=10.03s, total=13.56s
============================================================
Level 113 - SAMPLING
============================================================
  Starting braids: 976519
  Candidates to generate: 5327657
  Processing in 54 chunks...
  Projlen distribution:
    projlen=68: 2 braids
    projlen=69: 47 braids
    projlen=70: 62 braids
    projlen=71: 723 braids
    projlen=72: 736 braids
    projlen=73: 7241 braids
    projlen=74: 7155 braids
    projlen=75: 64267 braids
    projlen=76: 53249 braids
    projlen=77: 263065 braids
    projlen=78: 204978 braids
    projlen=79: 344638 braids
    projlen=80: 211463 braids
    projlen=81: 329410 braids
    projlen=82: 217847 braids
    projlen=83: 317750 braids
    projlen=84: 223574 braids
    projlen=85: 308302 braids
    projlen=86: 235401 braids
    projlen=87: 296239 braids
    projlen=88: 250808 braids
    projlen=89: 287229 braids
    projlen=90: 259839 braids
    projlen=91: 281266 braids
    projlen=92: 265687 braids
    projlen=93: 276196 braids
    projlen=94: 264999 braids
    projlen=95: 257984 braids
    projlen=96: 97500 braids
  Braids kept: 1115966 (in 29 buckets, 2.22 GB CPU)
  ⚡ Timing: matmul=0.15s, sampling=9.86s, total=13.34s
============================================================
Level 114 - SAMPLING
============================================================
  Starting braids: 965966
  Candidates to generate: 5260226
  Processing in 53 chunks...
  Projlen distribution:
    projlen=68: 2 braids
    projlen=69: 16 braids
    projlen=70: 27 braids
    projlen=71: 383 braids
    projlen=72: 467 braids
    projlen=73: 4587 braids
    projlen=74: 4506 braids
    projlen=75: 39921 braids
    projlen=76: 34977 braids
    projlen=77: 254041 braids
    projlen=78: 200859 braids
    projlen=79: 347703 braids
    projlen=80: 204932 braids
    projlen=81: 335621 braids
    projlen=82: 207441 braids
    projlen=83: 323366 braids
    projlen=84: 222182 braids
    projlen=85: 310025 braids
    projlen=86: 231169 braids
    projlen=87: 302452 braids
    projlen=88: 241636 braids
    projlen=89: 292183 braids
    projlen=90: 254425 braids
    projlen=91: 285420 braids
    projlen=92: 262383 braids
    projlen=93: 280082 braids
    projlen=94: 263616 braids
    projlen=95: 258738 braids
    projlen=96: 97066 braids
  Braids kept: 1084886 (in 29 buckets, 2.17 GB CPU)
  ⚡ Timing: matmul=0.16s, sampling=9.08s, total=12.47s
============================================================
Level 115 - SAMPLING
============================================================
  Starting braids: 984886
  Candidates to generate: 5355470
  Processing in 54 chunks...
  Projlen distribution:
    projlen=69: 14 braids
    projlen=70: 27 braids
    projlen=71: 158 braids
    projlen=72: 229 braids
    projlen=73: 2648 braids
    projlen=74: 2889 braids
    projlen=75: 26265 braids
    projlen=76: 23895 braids
    projlen=77: 197319 braids
    projlen=78: 152581 braids
    projlen=79: 314388 braids
    projlen=80: 202503 braids
    projlen=81: 338187 braids
    projlen=82: 199971 braids
    projlen=83: 328615 braids
    projlen=84: 211988 braids
    projlen=85: 316437 braids
    projlen=86: 227884 braids
    projlen=87: 304471 braids
    projlen=88: 238674 braids
    projlen=89: 297779 braids
    projlen=90: 247891 braids
    projlen=91: 289510 braids
    projlen=92: 258372 braids
    projlen=93: 282978 braids
    projlen=94: 263642 braids
    projlen=95: 275596 braids
    projlen=96: 250455 braids
    projlen=97: 100104 braids
  Braids kept: 1106125 (in 29 buckets, 2.23 GB CPU)
  ⚡ Timing: matmul=0.16s, sampling=9.87s, total=13.36s
============================================================
Level 116 - SAMPLING
============================================================
  Starting braids: 956125
  Candidates to generate: 5196765
  Processing in 52 chunks...
  Projlen distribution:
    projlen=70: 5 braids
    projlen=71: 155 braids
    projlen=72: 175 braids
    projlen=73: 1346 braids
    projlen=74: 1620 braids
    projlen=75: 16035 braids
    projlen=76: 15446 braids
    projlen=77: 131957 braids
    projlen=78: 104411 braids
    projlen=79: 291905 braids
    projlen=80: 202803 braids
    projlen=81: 343922 braids
    projlen=82: 198917 braids
    projlen=83: 332638 braids
    projlen=84: 204823 braids
    projlen=85: 321735 braids
    projlen=86: 219194 braids
    projlen=87: 310371 braids
    projlen=88: 234161 braids
    projlen=89: 299639 braids
    projlen=90: 244528 braids
    projlen=91: 293956 braids
    projlen=92: 251906 braids
    projlen=93: 287537 braids
    projlen=94: 259620 braids
    projlen=95: 278003 braids
    projlen=96: 249896 braids
    projlen=97: 100061 braids
  Braids kept: 1084782 (in 28 buckets, 2.20 GB CPU)
  ⚡ Timing: matmul=0.16s, sampling=9.17s, total=12.53s
============================================================
Level 117 - SAMPLING
============================================================
  Starting braids: 984782
  Candidates to generate: 5346162
  Processing in 54 chunks...
  Projlen distribution:
    projlen=70: 3 braids
    projlen=71: 40 braids
    projlen=72: 77 braids
    projlen=73: 1126 braids
    projlen=74: 1167 braids
    projlen=75: 8929 braids
    projlen=76: 9181 braids
    projlen=77: 82303 braids
    projlen=78: 68107 braids
    projlen=79: 271312 braids
    projlen=80: 201930 braids
    projlen=81: 346908 braids
    projlen=82: 200649 braids
    projlen=83: 336899 braids
    projlen=84: 200691 braids
    projlen=85: 325399 braids
    projlen=86: 211815 braids
    projlen=87: 313916 braids
    projlen=88: 226697 braids
    projlen=89: 305261 braids
    projlen=90: 240447 braids
    projlen=91: 295697 braids
    projlen=92: 250258 braids
    projlen=93: 290174 braids
    projlen=94: 255174 braids
    projlen=95: 284433 braids
    projlen=96: 259358 braids
    projlen=97: 261289 braids
    projlen=98: 96922 braids
  Braids kept: 1120523 (in 29 buckets, 2.29 GB CPU)
  ⚡ Timing: matmul=0.16s, sampling=10.61s, total=14.15s
============================================================
Level 118 - SAMPLING
============================================================
  Starting braids: 970523
  Candidates to generate: 5262395
  Processing in 53 chunks...
  Projlen distribution:
    projlen=70: 2 braids
    projlen=71: 28 braids
    projlen=72: 47 braids
    projlen=73: 455 braids
    projlen=74: 601 braids
    projlen=75: 6946 braids
    projlen=76: 6442 braids
    projlen=77: 48612 braids
    projlen=78: 43287 braids
    projlen=79: 257357 braids
    projlen=80: 203368 braids
    projlen=81: 346579 braids
    projlen=82: 200816 braids
    projlen=83: 337158 braids
    projlen=84: 198347 braids
    projlen=85: 329363 braids
    projlen=86: 206892 braids
    projlen=87: 318890 braids
    projlen=88: 220596 braids
    projlen=89: 309393 braids
    projlen=90: 234728 braids
    projlen=91: 300285 braids
    projlen=92: 246103 braids
    projlen=93: 292345 braids
    projlen=94: 254490 braids
    projlen=95: 284531 braids
    projlen=96: 255833 braids
    projlen=97: 263464 braids
    projlen=98: 95437 braids
  Braids kept: 1106420 (in 29 buckets, 2.27 GB CPU)
  ⚡ Timing: matmul=0.17s, sampling=10.43s, total=14.01s
============================================================
Level 119 - SAMPLING
============================================================
  Starting braids: 956420
  Candidates to generate: 5187396
  Processing in 52 chunks...
  Projlen distribution:
    projlen=71: 13 braids
    projlen=72: 28 braids
    projlen=73: 295 braids
    projlen=74: 378 braids
    projlen=75: 3596 braids
    projlen=76: 3635 braids
    projlen=77: 37966 braids
    projlen=78: 32015 braids
    projlen=79: 240760 braids
    projlen=80: 191614 braids
    projlen=81: 332319 braids
    projlen=82: 204191 braids
    projlen=83: 338478 braids
    projlen=84: 197591 braids
    projlen=85: 330341 braids
    projlen=86: 204022 braids
    projlen=87: 321177 braids
    projlen=88: 214271 braids
    projlen=89: 312966 braids
    projlen=90: 228577 braids
    projlen=91: 303354 braids
    projlen=92: 240822 braids
    projlen=93: 294118 braids
    projlen=94: 250592 braids
    projlen=95: 288724 braids
    projlen=96: 256021 braids
    projlen=97: 263793 braids
    projlen=98: 95739 braids
  Braids kept: 1077926 (in 28 buckets, 2.22 GB CPU)
  ⚡ Timing: matmul=0.16s, sampling=10.13s, total=13.59s
============================================================
Level 120 - SAMPLING
============================================================
  Starting braids: 977926
  Candidates to generate: 5294744
  Processing in 53 chunks...
  Projlen distribution:
    projlen=71: 3 braids
    projlen=72: 7 braids
    projlen=73: 160 braids
    projlen=74: 233 braids
    projlen=75: 2297 braids
    projlen=76: 2480 braids
    projlen=77: 22265 braids
    projlen=78: 19201 braids
    projlen=79: 183682 braids
    projlen=80: 137834 braids
    projlen=81: 307901 braids
    projlen=82: 207620 braids
    projlen=83: 338869 braids
    projlen=84: 200330 braids
    projlen=85: 331501 braids
    projlen=86: 202892 braids
    projlen=87: 323499 braids
    projlen=88: 212099 braids
    projlen=89: 315156 braids
    projlen=90: 223447 braids
    projlen=91: 307776 braids
    projlen=92: 236025 braids
    projlen=93: 298719 braids
    projlen=94: 246597 braids
    projlen=95: 290896 braids
    projlen=96: 254252 braids
    projlen=97: 282140 braids
    projlen=98: 245108 braids
    projlen=99: 101755 braids
  Braids kept: 1096646 (in 29 buckets, 2.28 GB CPU)
  ⚡ Timing: matmul=0.16s, sampling=11.05s, total=14.72s
============================================================
Level 121 - SAMPLING
============================================================
  Starting braids: 996646
  Candidates to generate: 5395668
  Processing in 54 chunks...
  Projlen distribution:
    projlen=72: 3 braids
    projlen=73: 39 braids
    projlen=74: 74 braids
    projlen=75: 1350 braids
    projlen=76: 1565 braids
    projlen=77: 14474 braids
    projlen=78: 13245 braids
    projlen=79: 112039 braids
    projlen=80: 82706 braids
    projlen=81: 279685 braids
    projlen=82: 195782 braids
    projlen=83: 344600 braids
    projlen=84: 203151 braids
    projlen=85: 331859 braids
    projlen=86: 203880 braids
    projlen=87: 324263 braids
    projlen=88: 211443 braids
    projlen=89: 316610 braids
    projlen=90: 220148 braids
    projlen=91: 310018 braids
    projlen=92: 232090 braids
    projlen=93: 302807 braids
    projlen=94: 242209 braids
    projlen=95: 294488 braids
    projlen=96: 251134 braids
    projlen=97: 288286 braids
    projlen=98: 256242 braids
    projlen=99: 265033 braids
    projlen=100: 96445 braids
  Braids kept: 1130750 (in 29 buckets, 2.37 GB CPU)
  ⚡ Timing: matmul=0.17s, sampling=11.80s, total=15.59s
============================================================
Level 122 - SAMPLING
============================================================
  Starting braids: 980750
  Candidates to generate: 5303924
  Processing in 54 chunks...
  Projlen distribution:
    projlen=72: 1 braids
    projlen=73: 13 braids
    projlen=74: 42 braids
    projlen=75: 430 braids
    projlen=76: 704 braids
    projlen=77: 8955 braids
    projlen=78: 8677 braids
    projlen=79: 74620 braids
    projlen=80: 58581 braids
    projlen=81: 268056 braids
    projlen=82: 192942 braids
    projlen=83: 350572 braids
    projlen=84: 195063 braids
    projlen=85: 337894 braids
    projlen=86: 202959 braids
    projlen=87: 326314 braids
    projlen=88: 211656 braids
    projlen=89: 317333 braids
    projlen=90: 220191 braids
    projlen=91: 311127 braids
    projlen=92: 229382 braids
    projlen=93: 303450 braids
    projlen=94: 238933 braids
    projlen=95: 296937 braids
    projlen=96: 247552 braids
    projlen=97: 289231 braids
    projlen=98: 251787 braids
    projlen=99: 265605 braids
    projlen=100: 94917 braids
  Braids kept: 1118822 (in 29 buckets, 2.35 GB CPU)
  ⚡ Timing: matmul=0.15s, sampling=11.63s, total=15.33s
============================================================
Level 123 - SAMPLING
============================================================
  Starting braids: 968822
  Candidates to generate: 5239824
  Processing in 53 chunks...
  Projlen distribution:
    projlen=73: 11 braids
    projlen=74: 20 braids
    projlen=75: 225 braids
    projlen=76: 388 braids
    projlen=77: 3618 braids
    projlen=78: 4357 braids
    projlen=79: 48870 braids
    projlen=80: 40533 braids
    projlen=81: 258722 braids
    projlen=82: 195792 braids
    projlen=83: 350672 braids
    projlen=84: 192755 braids
    projlen=85: 343275 braids
    projlen=86: 191867 braids
    projlen=87: 332089 braids
    projlen=88: 207360 braids
    projlen=89: 318751 braids
    projlen=90: 219898 braids
    projlen=91: 311833 braids
    projlen=92: 229112 braids
    projlen=93: 305472 braids
    projlen=94: 237158 braids
    projlen=95: 298742 braids
    projlen=96: 245414 braids
    projlen=97: 291441 braids
    projlen=98: 249512 braids
    projlen=99: 267595 braids
    projlen=100: 94342 braids
  Braids kept: 1098022 (in 28 buckets, 2.31 GB CPU)
  ⚡ Timing: matmul=0.15s, sampling=11.19s, total=14.85s
============================================================
Level 124 - SAMPLING
============================================================
  Starting braids: 998022
  Candidates to generate: 5398336
  Processing in 54 chunks...
  Projlen distribution:
    projlen=73: 9 braids
    projlen=74: 20 braids
    projlen=75: 119 braids
    projlen=76: 237 braids
    projlen=77: 2018 braids
    projlen=78: 2564 braids
    projlen=79: 23129 braids
    projlen=80: 22468 braids
    projlen=81: 240771 braids
    projlen=82: 176942 braids
    projlen=83: 331895 braids
    projlen=84: 197989 braids
    projlen=85: 343409 braids
    projlen=86: 187659 braids
    projlen=87: 336651 braids
    projlen=88: 195834 braids
    projlen=89: 325036 braids
    projlen=90: 214343 braids
    projlen=91: 312799 braids
    projlen=92: 227356 braids
    projlen=93: 304738 braids
    projlen=94: 235961 braids
    projlen=95: 299123 braids
    projlen=96: 244077 braids
    projlen=97: 294709 braids
    projlen=98: 250655 braids
    projlen=99: 284490 braids
    projlen=100: 240920 braids
    projlen=101: 102415 braids
  Braids kept: 1100564 (in 29 buckets, 2.34 GB CPU)
  ⚡ Timing: matmul=0.17s, sampling=11.97s, total=15.83s
============================================================
Level 125 - SAMPLING
============================================================
  Starting braids: 950564
  Candidates to generate: 5134716
  Processing in 52 chunks...
  Projlen distribution:
    projlen=72: 1 braids
    projlen=73: 2 braids
    projlen=74: 10 braids
    projlen=75: 82 braids
    projlen=76: 162 braids
    projlen=77: 1100 braids
    projlen=78: 1562 braids
    projlen=79: 13898 braids
    projlen=80: 13926 braids
    projlen=81: 120246 braids
    projlen=82: 96347 braids
    projlen=83: 291905 braids
    projlen=84: 194511 braids
    projlen=85: 347345 braids
    projlen=86: 191837 braids
    projlen=87: 336607 braids
    projlen=88: 191989 braids
    projlen=89: 329865 braids
    projlen=90: 203525 braids
    projlen=91: 319677 braids
    projlen=92: 221699 braids
    projlen=93: 306993 braids
    projlen=94: 235146 braids
    projlen=95: 299709 braids
    projlen=96: 242576 braids
    projlen=97: 293917 braids
    projlen=98: 248998 braids
    projlen=99: 287638 braids
    projlen=100: 241041 braids
    projlen=101: 102402 braids
  Braids kept: 1080743 (in 30 buckets, 2.31 GB CPU)
  ⚡ Timing: matmul=0.15s, sampling=11.45s, total=15.03s
============================================================
Level 126 - SAMPLING
============================================================
  Starting braids: 980743
  Candidates to generate: 5300441
  Processing in 54 chunks...
  Projlen distribution:
    projlen=73: 4 braids
    projlen=74: 7 braids
    projlen=75: 42 braids
    projlen=76: 78 braids
    projlen=77: 766 braids
    projlen=78: 1032 braids
    projlen=79: 7840 braids
    projlen=80: 8857 braids
    projlen=81: 73946 braids
    projlen=82: 61644 braids
    projlen=83: 271154 braids
    projlen=84: 202397 braids
    projlen=85: 350621 braids
    projlen=86: 191282 braids
    projlen=87: 340169 braids
    projlen=88: 192854 braids
    projlen=89: 330214 braids
    projlen=90: 200279 braids
    projlen=91: 323232 braids
    projlen=92: 211858 braids
    projlen=93: 313606 braids
    projlen=94: 227709 braids
    projlen=95: 302428 braids
    projlen=96: 241367 braids
    projlen=97: 294806 braids
    projlen=98: 248312 braids
    projlen=99: 289633 braids
    projlen=100: 251498 braids
    projlen=101: 267621 braids
    projlen=102: 95185 braids
  Braids kept: 1118626 (in 30 buckets, 2.41 GB CPU)
  ⚡ Timing: matmul=0.15s, sampling=12.80s, total=16.84s
============================================================
Level 127 - SAMPLING
============================================================
  Starting braids: 968626
  Candidates to generate: 5234298
  Processing in 53 chunks...
  Projlen distribution:
    projlen=72: 1 braids
    projlen=73: 2 braids
    projlen=74: 6 braids
    projlen=75: 46 braids
    projlen=76: 57 braids
    projlen=77: 447 braids
    projlen=78: 561 braids
    projlen=79: 5492 braids
    projlen=80: 5842 braids
    projlen=81: 44352 braids
    projlen=82: 41440 braids
    projlen=83: 258755 braids
    projlen=84: 203035 braids
    projlen=85: 349718 braids
    projlen=86: 200279 braids
    projlen=87: 342158 braids
    projlen=88: 189173 braids
    projlen=89: 333066 braids
    projlen=90: 197890 braids
    projlen=91: 323774 braids
    projlen=92: 209693 braids
    projlen=93: 316699 braids
    projlen=94: 220812 braids
    projlen=95: 307764 braids
    projlen=96: 234940 braids
    projlen=97: 297589 braids
    projlen=98: 247470 braids
    projlen=99: 290641 braids
    projlen=100: 250536 braids
    projlen=101: 267592 braids
    projlen=102: 94468 braids
  Braids kept: 1098246 (in 31 buckets, 2.37 GB CPU)
  ⚡ Timing: matmul=0.15s, sampling=12.06s, total=15.87s
============================================================
Level 128 - SAMPLING
============================================================
  Starting braids: 998246
  Candidates to generate: 5401672
  Processing in 55 chunks...
  Projlen distribution:
    projlen=74: 7 braids
    projlen=75: 40 braids
    projlen=76: 39 braids
    projlen=77: 383 braids
    projlen=78: 408 braids
    projlen=79: 3380 braids
    projlen=80: 3454 braids
    projlen=81: 32801 braids
    projlen=82: 29510 braids
    projlen=83: 222769 braids
    projlen=84: 180460 braids
    projlen=85: 329905 braids
    projlen=86: 203263 braids
    projlen=87: 340072 braids
    projlen=88: 195103 braids
    projlen=89: 335137 braids
    projlen=90: 195265 braids
    projlen=91: 326853 braids
    projlen=92: 206091 braids
    projlen=93: 318524 braids
    projlen=94: 219296 braids
    projlen=95: 311076 braids
    projlen=96: 229567 braids
    projlen=97: 302548 braids
    projlen=98: 241017 braids
    projlen=99: 293546 braids
    projlen=100: 251734 braids
    projlen=101: 284307 braids
    projlen=102: 242876 braids
    projlen=103: 102241 braids
  Braids kept: 1120022 (in 30 buckets, 2.44 GB CPU)
  ⚡ Timing: matmul=0.15s, sampling=13.88s, total=18.01s
============================================================
Level 129 - SAMPLING
============================================================
  Starting braids: 970022
  Candidates to generate: 5251882
  Processing in 53 chunks...
  Projlen distribution:
    projlen=75: 22 braids
    projlen=76: 47 braids
    projlen=77: 289 braids
    projlen=78: 269 braids
    projlen=79: 2584 braids
    projlen=80: 2557 braids
    projlen=81: 20956 braids
    projlen=82: 18587 braids
    projlen=83: 165719 braids
    projlen=84: 128152 braids
    projlen=85: 304018 braids
    projlen=86: 208202 braids
    projlen=87: 341544 braids
    projlen=88: 199800 braids
    projlen=89: 334075 braids
    projlen=90: 200556 braids
    projlen=91: 326498 braids
    projlen=92: 203092 braids
    projlen=93: 320559 braids
    projlen=94: 215384 braids
    projlen=95: 312548 braids
    projlen=96: 228118 braids
    projlen=97: 305693 braids
    projlen=98: 238412 braids
    projlen=99: 298445 braids
    projlen=100: 245807 braids
    projlen=101: 286520 braids
    projlen=102: 241010 braids
    projlen=103: 102419 braids
  Braids kept: 1095311 (in 29 buckets, 2.39 GB CPU)
  ⚡ Timing: matmul=0.15s, sampling=12.75s, total=16.64s
============================================================
Level 130 - SAMPLING
============================================================
  Starting braids: 995311
  Candidates to generate: 5391141
  Processing in 54 chunks...
  Projlen distribution:
    projlen=75: 9 braids
    projlen=76: 16 braids
    projlen=77: 168 braids
    projlen=78: 299 braids
    projlen=79: 1852 braids
    projlen=80: 1714 braids
    projlen=81: 15543 braids
    projlen=82: 13501 braids
    projlen=83: 107365 braids
    projlen=84: 81909 braids
    projlen=85: 281661 braids
    projlen=86: 200034 braids
    projlen=87: 345356 braids
    projlen=88: 203971 braids
    projlen=89: 334092 braids
    projlen=90: 203009 braids
    projlen=91: 326538 braids
    projlen=92: 208829 braids
    projlen=93: 319600 braids
    projlen=94: 213422 braids
    projlen=95: 314805 braids
    projlen=96: 224044 braids
    projlen=97: 307406 braids
    projlen=98: 236187 braids
    projlen=99: 300335 braids
    projlen=100: 244234 braids
    projlen=101: 292943 braids
    projlen=102: 248607 braids
    projlen=103: 269025 braids
    projlen=104: 94667 braids
  Braids kept: 1133102 (in 30 buckets, 2.49 GB CPU)
  ⚡ Timing: matmul=0.17s, sampling=13.57s, total=17.71s
============================================================
Level 131 - SAMPLING
============================================================
  Starting braids: 983102
  Candidates to generate: 5320932
  Processing in 54 chunks...
  Projlen distribution:
    projlen=75: 3 braids
    projlen=76: 5 braids
    projlen=77: 83 braids
    projlen=78: 113 braids
    projlen=79: 1172 braids
    projlen=80: 1735 braids
    projlen=81: 11106 braids
    projlen=82: 9257 braids
    projlen=83: 79636 braids
    projlen=84: 60906 braids
    projlen=85: 269830 braids
    projlen=86: 197029 braids
    projlen=87: 350543 braids
    projlen=88: 197827 braids
    projlen=89: 338544 braids
    projlen=90: 202962 braids
    projlen=91: 326964 braids
    projlen=92: 211286 braids
    projlen=93: 318254 braids
    projlen=94: 216718 braids
    projlen=95: 312808 braids
    projlen=96: 223787 braids
    projlen=97: 308662 braids
    projlen=98: 231705 braids
    projlen=99: 301917 braids
    projlen=100: 242343 braids
    projlen=101: 295173 braids
    projlen=102: 247173 braids
    projlen=103: 269763 braids
    projlen=104: 93628 braids
  Braids kept: 1123474 (in 30 buckets, 2.48 GB CPU)
  ⚡ Timing: matmul=0.15s, sampling=15.98s, total=20.49s
============================================================
Level 132 - SAMPLING
============================================================
  Starting braids: 973474
  Candidates to generate: 5261174
  Processing in 53 chunks...
  Projlen distribution:
    projlen=75: 1 braids
    projlen=76: 1 braids
    projlen=77: 39 braids
    projlen=78: 46 braids
    projlen=79: 654 braids
    projlen=80: 713 braids
    projlen=81: 7186 braids
    projlen=82: 9025 braids
    projlen=83: 57571 braids
    projlen=84: 44002 braids
    projlen=85: 259724 braids
    projlen=86: 195324 braids
    projlen=87: 351453 braids
    projlen=88: 196315 braids
    projlen=89: 341318 braids
    projlen=90: 193989 braids
    projlen=91: 331491 braids
    projlen=92: 208106 braids
    projlen=93: 319719 braids
    projlen=94: 219573 braids
    projlen=95: 311753 braids
    projlen=96: 226272 braids
    projlen=97: 307426 braids
    projlen=98: 233005 braids
    projlen=99: 302833 braids
    projlen=100: 239393 braids
    projlen=101: 296505 braids
    projlen=102: 244759 braids
    projlen=103: 269223 braids
    projlen=104: 93755 braids
  Braids kept: 1111667 (in 30 buckets, 2.46 GB CPU)
  ⚡ Timing: matmul=0.16s, sampling=13.05s, total=17.12s
============================================================
Level 133 - SAMPLING
============================================================
  Starting braids: 961667
  Candidates to generate: 5196537
  Processing in 52 chunks...
  Projlen distribution:
    projlen=75: 2 braids
    projlen=76: 2 braids
    projlen=77: 18 braids
    projlen=78: 20 braids
    projlen=79: 310 braids
    projlen=80: 369 braids
    projlen=81: 4269 braids
    projlen=82: 4198 braids
    projlen=83: 38616 braids
    projlen=84: 43089 braids
    projlen=85: 250039 braids
    projlen=86: 184286 braids
    projlen=87: 337690 braids
    projlen=88: 196650 braids
    projlen=89: 344028 braids
    projlen=90: 192147 braids
    projlen=91: 334575 braids
    projlen=92: 198607 braids
    projlen=93: 323256 braids
    projlen=94: 215260 braids
    projlen=95: 313650 braids
    projlen=96: 228257 braids
    projlen=97: 305131 braids
    projlen=98: 233967 braids
    projlen=99: 301683 braids
    projlen=100: 240055 braids
    projlen=101: 296918 braids
    projlen=102: 243544 braids
    projlen=103: 272779 braids
    projlen=104: 93122 braids
  Braids kept: 1090893 (in 30 buckets, 2.42 GB CPU)
  ⚡ Timing: matmul=0.16s, sampling=12.89s, total=16.87s
============================================================
Level 134 - SAMPLING
============================================================
  Starting braids: 990893
  Candidates to generate: 5351367
  Processing in 54 chunks...
  Projlen distribution:
    projlen=77: 19 braids
    projlen=78: 17 braids
    projlen=79: 157 braids
    projlen=80: 178 braids
    projlen=81: 2224 braids
    projlen=82: 2324 braids
    projlen=83: 24719 braids
    projlen=84: 21619 braids
    projlen=85: 188194 braids
    projlen=86: 184148 braids
    projlen=87: 327826 braids
    projlen=88: 198569 braids
    projlen=89: 343783 braids
    projlen=90: 191099 braids
    projlen=91: 337010 braids
    projlen=92: 195694 braids
    projlen=93: 328937 braids
    projlen=94: 207712 braids
    projlen=95: 317682 braids
    projlen=96: 222273 braids
    projlen=97: 307691 braids
    projlen=98: 235359 braids
    projlen=99: 300017 braids
    projlen=100: 242132 braids
    projlen=101: 296982 braids
    projlen=102: 245765 braids
    projlen=103: 288610 braids
    projlen=104: 237029 braids
    projlen=105: 103598 braids
  Braids kept: 1101257 (in 29 buckets, 2.47 GB CPU)
  ⚡ Timing: matmul=0.16s, sampling=14.09s, total=18.40s
============================================================
Level 135 - SAMPLING
============================================================
  Starting braids: 951257
  Candidates to generate: 5135939
  Processing in 52 chunks...
  Projlen distribution:
    projlen=77: 6 braids
    projlen=78: 13 braids
    projlen=79: 118 braids
    projlen=80: 124 braids
    projlen=81: 1206 braids
    projlen=82: 1320 braids
    projlen=83: 13702 braids
    projlen=84: 12353 braids
    projlen=85: 122851 braids
    projlen=86: 93473 braids
    projlen=87: 276721 braids
    projlen=88: 224066 braids
    projlen=89: 332402 braids
    projlen=90: 198746 braids
    projlen=91: 336615 braids
    projlen=92: 193764 braids
    projlen=93: 329684 braids
    projlen=94: 203256 braids
    projlen=95: 320952 braids
    projlen=96: 215472 braids
    projlen=97: 312412 braids
    projlen=98: 230694 braids
    projlen=99: 302405 braids
    projlen=100: 241125 braids
    projlen=101: 295222 braids
    projlen=102: 248634 braids
    projlen=103: 288782 braids
    projlen=104: 237059 braids
    projlen=105: 102762 braids
  Braids kept: 1078842 (in 29 buckets, 2.43 GB CPU)
  ⚡ Timing: matmul=0.15s, sampling=13.07s, total=17.07s
============================================================
Level 136 - SAMPLING
============================================================
  Starting braids: 978842
  Candidates to generate: 5292630
  Processing in 53 chunks...
  Projlen distribution:
    projlen=78: 4 braids
    projlen=79: 63 braids
    projlen=80: 82 braids
    projlen=81: 796 braids
    projlen=82: 780 braids
    projlen=83: 7990 braids
    projlen=84: 7371 braids
    projlen=85: 70502 braids
    projlen=86: 54209 braids
    projlen=87: 265672 braids
    projlen=88: 196280 braids
    projlen=89: 341258 braids
    projlen=90: 219981 braids
    projlen=91: 325615 braids
    projlen=92: 205910 braids
    projlen=93: 325927 braids
    projlen=94: 200646 braids
    projlen=95: 322350 braids
    projlen=96: 212292 braids
    projlen=97: 315080 braids
    projlen=98: 224561 braids
    projlen=99: 306550 braids
    projlen=100: 237694 braids
    projlen=101: 297646 braids
    projlen=102: 247417 braids
    projlen=103: 290815 braids
    projlen=104: 251376 braids
    projlen=105: 268667 braids
    projlen=106: 95096 braids
  Braids kept: 1117086 (in 29 buckets, 2.53 GB CPU)
  ⚡ Timing: matmul=0.16s, sampling=14.43s, total=18.71s
============================================================
Level 137 - SAMPLING
============================================================
  Starting braids: 967086
  Candidates to generate: 5227214
  Processing in 53 chunks...
  Projlen distribution:
    projlen=78: 2 braids
    projlen=79: 23 braids
    projlen=80: 33 braids
    projlen=81: 492 braids
    projlen=82: 489 braids
    projlen=83: 5135 braids
    projlen=84: 4398 braids
    projlen=85: 44149 braids
    projlen=86: 35040 braids
    projlen=87: 257734 braids
    projlen=88: 193322 braids
    projlen=89: 351666 braids
    projlen=90: 195719 braids
    projlen=91: 334848 braids
    projlen=92: 215381 braids
    projlen=93: 319378 braids
    projlen=94: 216366 braids
    projlen=95: 317934 braids
    projlen=96: 210770 braids
    projlen=97: 316077 braids
    projlen=98: 220656 braids
    projlen=99: 308809 braids
    projlen=100: 232155 braids
    projlen=101: 300980 braids
    projlen=102: 242096 braids
    projlen=103: 292510 braids
    projlen=104: 249534 braids
    projlen=105: 267410 braids
    projlen=106: 94108 braids
  Braids kept: 1089761 (in 29 buckets, 2.48 GB CPU)
  ⚡ Timing: matmul=0.15s, sampling=14.23s, total=18.40s
============================================================
Level 138 - SAMPLING
============================================================
  Starting braids: 989761
  Candidates to generate: 5355921
  Processing in 54 chunks...
  Projlen distribution:
    projlen=78: 3 braids
    projlen=79: 21 braids
    projlen=80: 32 braids
    projlen=81: 236 braids
    projlen=82: 251 braids
    projlen=83: 3205 braids
    projlen=84: 2850 braids
    projlen=85: 29313 braids
    projlen=86: 22752 braids
    projlen=87: 218188 braids
    projlen=88: 153421 braids
    projlen=89: 319227 braids
    projlen=90: 193991 braids
    projlen=91: 344433 braids
    projlen=92: 190622 braids
    projlen=93: 328957 braids
    projlen=94: 218060 braids
    projlen=95: 312602 braids
    projlen=96: 225998 braids
    projlen=97: 311000 braids
    projlen=98: 221403 braids
    projlen=99: 310361 braids
    projlen=100: 229433 braids
    projlen=101: 304505 braids
    projlen=102: 240214 braids
    projlen=103: 296418 braids
    projlen=104: 247718 braids
    projlen=105: 286972 braids
    projlen=106: 240949 braids
    projlen=107: 102786 braids
  Braids kept: 1108663 (in 30 buckets, 2.54 GB CPU)
  ⚡ Timing: matmul=0.16s, sampling=15.21s, total=19.61s
============================================================
Level 139 - SAMPLING
============================================================
  Starting braids: 958663
  Candidates to generate: 5173353
  Processing in 52 chunks...
  Projlen distribution:
    projlen=78: 1 braids
    projlen=79: 15 braids
    projlen=80: 23 braids
    projlen=81: 209 braids
    projlen=82: 203 braids
    projlen=83: 1741 braids
    projlen=84: 1651 braids
    projlen=85: 18703 braids
    projlen=86: 14882 braids
    projlen=87: 145512 braids
    projlen=88: 98773 braids
    projlen=89: 293983 braids
    projlen=90: 189957 braids
    projlen=91: 349317 braids
    projlen=92: 188715 braids
    projlen=93: 337726 braids
    projlen=94: 194602 braids
    projlen=95: 323633 braids
    projlen=96: 222213 braids
    projlen=97: 307672 braids
    projlen=98: 234857 braids
    projlen=99: 304132 braids
    projlen=100: 231795 braids
    projlen=101: 303838 braids
    projlen=102: 236307 braids
    projlen=103: 298242 braids
    projlen=104: 245421 braids
    projlen=105: 288540 braids
    projlen=106: 238129 braids
    projlen=107: 102561 braids
  Braids kept: 1087428 (in 30 buckets, 2.50 GB CPU)
  ⚡ Timing: matmul=0.16s, sampling=14.51s, total=18.79s
============================================================
Level 140 - SAMPLING
============================================================
  Starting braids: 987428
  Candidates to generate: 5324070
  Processing in 54 chunks...
  Projlen distribution:
    projlen=79: 4 braids
    projlen=80: 7 braids
    projlen=81: 131 braids
    projlen=82: 154 braids
    projlen=83: 1412 braids
    projlen=84: 1238 braids
    projlen=85: 11001 braids
    projlen=86: 8909 braids
    projlen=87: 93935 braids
    projlen=88: 64840 braids
    projlen=89: 277594 braids
    projlen=90: 183240 braids
    projlen=91: 355547 braids
    projlen=92: 185453 braids
    projlen=93: 343392 braids
    projlen=94: 189136 braids
    projlen=95: 331405 braids
    projlen=96: 202077 braids
    projlen=97: 316701 braids
    projlen=98: 226949 braids
    projlen=99: 302446 braids
    projlen=100: 241758 braids
    projlen=101: 299115 braids
    projlen=102: 240107 braids
    projlen=103: 298744 braids
    projlen=104: 242888 braids
    projlen=105: 293523 braids
    projlen=106: 248051 braids
    projlen=107: 269413 braids
    projlen=108: 94900 braids
  Braids kept: 1122856 (in 30 buckets, 2.60 GB CPU)
  ⚡ Timing: matmul=0.15s, sampling=15.39s, total=19.91s
============================================================
Level 141 - SAMPLING
============================================================
  Starting braids: 972856
  Candidates to generate: 5231232
  Processing in 53 chunks...
  Projlen distribution:
    projlen=79: 3 braids
    projlen=80: 5 braids
    projlen=81: 58 braids
    projlen=82: 76 braids
    projlen=83: 896 braids
    projlen=84: 894 braids
    projlen=85: 8477 braids
    projlen=86: 6545 braids
    projlen=87: 57506 braids
    projlen=88: 40774 braids
    projlen=89: 263833 braids
    projlen=90: 181547 braids
    projlen=91: 358399 braids
    projlen=92: 180688 braids
    projlen=93: 348712 braids
    projlen=94: 180247 braids
    projlen=95: 337917 braids
    projlen=96: 194493 braids
    projlen=97: 325313 braids
    projlen=98: 210512 braids
    projlen=99: 310629 braids
    projlen=100: 233013 braids
    projlen=101: 298690 braids
    projlen=102: 247808 braids
    projlen=103: 293249 braids
    projlen=104: 247658 braids
    projlen=105: 293205 braids
    projlen=106: 246869 braids
    projlen=107: 269809 braids
    projlen=108: 93407 braids
  Braids kept: 1107728 (in 30 buckets, 2.57 GB CPU)
  ⚡ Timing: matmul=0.15s, sampling=15.15s, total=19.44s
============================================================
Level 142 - SAMPLING
============================================================
  Starting braids: 957728
  Candidates to generate: 5148092
  Processing in 52 chunks...
  Projlen distribution:
    projlen=79: 1 braids
    projlen=80: 2 braids
    projlen=81: 51 braids
    projlen=82: 70 braids
    projlen=83: 498 braids
    projlen=84: 516 braids
    projlen=85: 5580 braids
    projlen=86: 4712 braids
    projlen=87: 44727 braids
    projlen=88: 31646 braids
    projlen=89: 250244 braids
    projlen=90: 167364 braids
    projlen=91: 337264 braids
    projlen=92: 181065 braids
    projlen=93: 353826 braids
    projlen=94: 173834 braids
    projlen=95: 344149 braids
    projlen=96: 183492 braids
    projlen=97: 331123 braids
    projlen=98: 201634 braids
    projlen=99: 320037 braids
    projlen=100: 219601 braids
    projlen=101: 306970 braids
    projlen=102: 238830 braids
    projlen=103: 294303 braids
    projlen=104: 252466 braids
    projlen=105: 289199 braids
    projlen=106: 251688 braids
    projlen=107: 269007 braids
    projlen=108: 94193 braids
  Braids kept: 1087803 (in 30 buckets, 2.53 GB CPU)
  ⚡ Timing: matmul=0.15s, sampling=14.78s, total=19.12s
============================================================
Level 143 - SAMPLING
============================================================
  Starting braids: 987803
  Candidates to generate: 5288223
  Processing in 53 chunks...
  Projlen distribution:
    projlen=79: 3 braids
    projlen=80: 4 braids
    projlen=81: 15 braids
    projlen=82: 20 braids
    projlen=83: 410 braids
    projlen=84: 420 braids
    projlen=85: 3527 braids
    projlen=86: 3033 braids
    projlen=87: 31374 braids
    projlen=88: 23312 braids
    projlen=89: 214462 braids
    projlen=90: 137190 braids
    projlen=91: 313844 braids
    projlen=92: 182549 braids
    projlen=93: 354367 braids
    projlen=94: 173097 braids
    projlen=95: 348623 braids
    projlen=96: 174520 braids
    projlen=97: 338093 braids
    projlen=98: 189777 braids
    projlen=99: 326434 braids
    projlen=100: 210574 braids
    projlen=101: 314828 braids
    projlen=102: 227030 braids
    projlen=103: 302399 braids
    projlen=104: 243716 braids
    projlen=105: 291098 braids
    projlen=106: 255514 braids
    projlen=107: 282230 braids
    projlen=108: 243420 braids
    projlen=109: 102340 braids
  Braids kept: 1112118 (in 31 buckets, 2.61 GB CPU)
  ⚡ Timing: matmul=0.16s, sampling=15.60s, total=20.32s
============================================================
Level 144 - SAMPLING
============================================================
  Starting braids: 962118
  Candidates to generate: 5134694
  Processing in 52 chunks...
  Projlen distribution:
    projlen=81: 25 braids
    projlen=82: 26 braids
    projlen=83: 151 braids
    projlen=84: 168 braids
    projlen=85: 2649 braids
    projlen=86: 2370 braids
    projlen=87: 21286 braids
    projlen=88: 15949 braids
    projlen=89: 154473 braids
    projlen=90: 100461 braids
    projlen=91: 295202 braids
    projlen=92: 177189 braids
    projlen=93: 355313 braids
    projlen=94: 175996 braids
    projlen=95: 349557 braids
    projlen=96: 172442 braids
    projlen=97: 342542 braids
    projlen=98: 178650 braids
    projlen=99: 332913 braids
    projlen=100: 197087 braids
    projlen=101: 321161 braids
    projlen=102: 218854 braids
    projlen=103: 309761 braids
    projlen=104: 234471 braids
    projlen=105: 298676 braids
    projlen=106: 247298 braids
    projlen=107: 284661 braids
    projlen=108: 243640 braids
    projlen=109: 101723 braids
  Braids kept: 1092624 (in 29 buckets, 2.57 GB CPU)
  ⚡ Timing: matmul=0.15s, sampling=15.19s, total=19.67s
============================================================
Level 145 - SAMPLING
============================================================
  Starting braids: 992624
  Candidates to generate: 5294620
  Processing in 53 chunks...
  Projlen distribution:
    projlen=81: 1 braids
    projlen=82: 4 braids
    projlen=83: 154 braids
    projlen=84: 154 braids
    projlen=85: 1172 braids
    projlen=86: 1106 braids
    projlen=87: 15580 braids
    projlen=88: 12068 braids
    projlen=89: 109282 braids
    projlen=90: 71023 braids
    projlen=91: 282080 braids
    projlen=92: 176806 braids
    projlen=93: 357988 braids
    projlen=94: 172150 braids
    projlen=95: 350580 braids
    projlen=96: 172719 braids
    projlen=97: 343448 braids
    projlen=98: 176285 braids
    projlen=99: 338055 braids
    projlen=100: 184951 braids
    projlen=101: 328799 braids
    projlen=102: 204503 braids
    projlen=103: 317253 braids
    projlen=104: 226139 braids
    projlen=105: 304400 braids
    projlen=106: 240336 braids
    projlen=107: 294101 braids
    projlen=108: 250040 braids
    projlen=109: 268219 braids
    projlen=110: 95224 braids
  Braids kept: 1130239 (in 30 buckets, 2.68 GB CPU)
  ⚡ Timing: matmul=0.16s, sampling=16.34s, total=21.24s
============================================================
Level 146 - SAMPLING
============================================================
  Starting braids: 980239
  Candidates to generate: 5211245
  Processing in 53 chunks...
  Projlen distribution:
    projlen=80: 1 braids
    projlen=81: 2 braids
    projlen=82: 6 braids
    projlen=83: 23 braids
    projlen=84: 43 braids
    projlen=85: 942 braids
    projlen=86: 906 braids
    projlen=87: 7689 braids
    projlen=88: 6181 braids
    projlen=89: 79049 braids
    projlen=90: 53967 braids
    projlen=91: 275677 braids
    projlen=92: 177068 braids
    projlen=93: 362168 braids
    projlen=94: 172674 braids
    projlen=95: 354586 braids
    projlen=96: 166254 braids
    projlen=97: 346711 braids
    projlen=98: 174765 braids
    projlen=99: 337885 braids
    projlen=100: 182641 braids
    projlen=101: 332749 braids
    projlen=102: 193036 braids
    projlen=103: 323510 braids
    projlen=104: 212519 braids
    projlen=105: 311246 braids
    projlen=106: 232393 braids
    projlen=107: 298668 braids
    projlen=108: 242627 braids
    projlen=109: 271434 braids
    projlen=110: 93825 braids
  Braids kept: 1115793 (in 31 buckets, 2.65 GB CPU)
  ⚡ Timing: matmul=0.15s, sampling=15.93s, total=20.61s
============================================================
Level 147 - SAMPLING
============================================================
  Starting braids: 965793
  Candidates to generate: 5114761
  Processing in 52 chunks...
  Projlen distribution:
    projlen=81: 3 braids
    projlen=82: 6 braids
    projlen=83: 33 braids
    projlen=84: 38 braids
    projlen=85: 260 braids
    projlen=86: 331 braids
    projlen=87: 5745 braids
    projlen=88: 4835 braids
    projlen=89: 42021 braids
    projlen=90: 29443 braids
    projlen=91: 261649 braids
    projlen=92: 177886 braids
    projlen=93: 362383 braids
    projlen=94: 173282 braids
    projlen=95: 357692 braids
    projlen=96: 163785 braids
    projlen=97: 350310 braids
    projlen=98: 165514 braids
    projlen=99: 341405 braids
    projlen=100: 179215 braids
    projlen=101: 333780 braids
    projlen=102: 191253 braids
    projlen=103: 326848 braids
    projlen=104: 201850 braids
    projlen=105: 318143 braids
    projlen=106: 219819 braids
    projlen=107: 304695 braids
    projlen=108: 235726 braids
    projlen=109: 274415 braids
    projlen=110: 92396 braids
  Braids kept: 1082715 (in 30 buckets, 2.58 GB CPU)
  ⚡ Timing: matmul=0.14s, sampling=14.94s, total=19.52s
============================================================
Level 148 - SAMPLING
============================================================
  Starting braids: 982715
  Candidates to generate: 5201435
  Processing in 53 chunks...
  Projlen distribution:
    projlen=83: 37 braids
    projlen=84: 35 braids
    projlen=85: 247 braids
    projlen=86: 229 braids
    projlen=87: 2186 braids
    projlen=88: 2158 braids
    projlen=89: 31863 braids
    projlen=90: 24130 braids
    projlen=91: 208677 braids
    projlen=92: 130571 braids
    projlen=93: 314303 braids
    projlen=94: 176096 braids
    projlen=95: 357311 braids
    projlen=96: 163056 braids
    projlen=97: 353104 braids
    projlen=98: 161631 braids
    projlen=99: 347339 braids
    projlen=100: 168853 braids
    projlen=101: 338252 braids
    projlen=102: 185587 braids
    projlen=103: 328573 braids
    projlen=104: 199989 braids
    projlen=105: 320980 braids
    projlen=106: 210646 braids
    projlen=107: 313883 braids
    projlen=108: 228805 braids
    projlen=109: 297303 braids
    projlen=110: 230554 braids
    projlen=111: 105037 braids
  Braids kept: 1110885 (in 29 buckets, 2.67 GB CPU)
  ⚡ Timing: matmul=0.15s, sampling=16.47s, total=21.50s
============================================================
Level 149 - SAMPLING
============================================================
  Starting braids: 960885
  Candidates to generate: 5072723
  Processing in 51 chunks...
  Projlen distribution:
    projlen=83: 5 braids
    projlen=84: 8 braids
    projlen=85: 244 braids
    projlen=86: 213 braids
    projlen=87: 1662 braids
    projlen=88: 1450 braids
    projlen=89: 14199 braids
    projlen=90: 11831 braids
    projlen=91: 157075 braids
    projlen=92: 104295 braids
    projlen=93: 301339 braids
    projlen=94: 175245 braids
    projlen=95: 360872 braids
    projlen=96: 168462 braids
    projlen=97: 353489 braids
    projlen=98: 160460 braids
    projlen=99: 349775 braids
    projlen=100: 163358 braids
    projlen=101: 344583 braids
    projlen=102: 173055 braids
    projlen=103: 334806 braids
    projlen=104: 193024 braids
    projlen=105: 324038 braids
    projlen=106: 209438 braids
    projlen=107: 315251 braids
    projlen=108: 220093 braids
    projlen=109: 304332 braids
    projlen=110: 223528 braids
    projlen=111: 106593 braids
  Braids kept: 1079612 (in 29 buckets, 2.60 GB CPU)
  ⚡ Timing: matmul=0.15s, sampling=15.35s, total=19.97s
============================================================
Level 150 - SAMPLING
============================================================
  Starting braids: 979612
  Candidates to generate: 5170584
  Processing in 52 chunks...
  Projlen distribution:
    projlen=84: 1 braids
    projlen=85: 51 braids
    projlen=86: 78 braids
    projlen=87: 1456 braids
    projlen=88: 1238 braids
    projlen=89: 10100 braids
    projlen=90: 7851 braids
    projlen=91: 75510 braids
    projlen=92: 52212 braids
    projlen=93: 273995 braids
    projlen=94: 177891 braids
    projlen=95: 361373 braids
    projlen=96: 169051 braids
    projlen=97: 356256 braids
    projlen=98: 162127 braids
    projlen=99: 351184 braids
    projlen=100: 161482 braids
    projlen=101: 346636 braids
    projlen=102: 166101 braids
    projlen=103: 340526 braids
    projlen=104: 178215 braids
    projlen=105: 331832 braids
    projlen=106: 201584 braids
    projlen=107: 318280 braids
    projlen=108: 218293 braids
    projlen=109: 308881 braids
    projlen=110: 226583 braids
    projlen=111: 280997 braids
    projlen=112: 90800 braids
  Braids kept: 1120775 (in 29 buckets, 2.72 GB CPU)
  ⚡ Timing: matmul=0.16s, sampling=19.59s, total=24.92s
============================================================
Level 151 - SAMPLING
============================================================
  Starting braids: 970775
  Candidates to generate: 5120805
  Processing in 52 chunks...
  Projlen distribution:
    projlen=84: 2 braids
    projlen=85: 18 braids
    projlen=86: 37 braids
    projlen=87: 444 braids
    projlen=88: 551 braids
    projlen=89: 8249 braids
    projlen=90: 6503 braids
    projlen=91: 54137 braids
    projlen=92: 37467 braids
    projlen=93: 267907 braids
    projlen=94: 182017 braids
    projlen=95: 362668 braids
    projlen=96: 173687 braids
    projlen=97: 356922 braids
    projlen=98: 161662 braids
    projlen=99: 352686 braids
    projlen=100: 161250 braids
    projlen=101: 346908 braids
    projlen=102: 163176 braids
    projlen=103: 343423 braids
    projlen=104: 170250 braids
    projlen=105: 337828 braids
    projlen=106: 185907 braids
    projlen=107: 326604 braids
    projlen=108: 209319 braids
    projlen=109: 313286 braids
    projlen=110: 225136 braids
    projlen=111: 282238 braids
    projlen=112: 90523 braids
  Braids kept: 1103271 (in 29 buckets, 2.69 GB CPU)
  ⚡ Timing: matmul=0.14s, sampling=15.80s, total=20.44s
============================================================
Level 152 - SAMPLING
============================================================
  Starting braids: 953271
  Candidates to generate: 5017201
  Processing in 51 chunks...
  Projlen distribution:
    projlen=85: 14 braids
    projlen=86: 22 braids
    projlen=87: 213 braids
    projlen=88: 300 braids
    projlen=89: 3340 braids
    projlen=90: 3261 braids
    projlen=91: 43539 braids
    projlen=92: 31705 braids
    projlen=93: 250532 braids
    projlen=94: 159586 braids
    projlen=95: 332950 braids
    projlen=96: 179092 braids
    projlen=97: 357090 braids
    projlen=98: 163886 braids
    projlen=99: 353044 braids
    projlen=100: 159747 braids
    projlen=101: 349121 braids
    projlen=102: 162697 braids
    projlen=103: 345511 braids
    projlen=104: 167152 braids
    projlen=105: 340555 braids
    projlen=106: 176039 braids
    projlen=107: 333748 braids
    projlen=108: 193605 braids
    projlen=109: 321345 braids
    projlen=110: 214610 braids
    projlen=111: 285660 braids
    projlen=112: 88837 braids
  Braids kept: 1082394 (in 28 buckets, 2.64 GB CPU)
  ⚡ Timing: matmul=0.14s, sampling=15.61s, total=20.35s
============================================================
Level 153 - SAMPLING
============================================================
  Starting braids: 982394
  Candidates to generate: 5150824
  Processing in 52 chunks...
  Projlen distribution:
    projlen=85: 2 braids
    projlen=86: 7 braids
    projlen=87: 152 braids
    projlen=88: 169 braids
    projlen=89: 1800 braids
    projlen=90: 1915 braids
    projlen=91: 20897 braids
    projlen=92: 16646 braids
    projlen=93: 210465 braids
    projlen=94: 137378 braids
    projlen=95: 318698 braids
    projlen=96: 177541 braids
    projlen=97: 359444 braids
    projlen=98: 170876 braids
    projlen=99: 352162 braids
    projlen=100: 162171 braids
    projlen=101: 349066 braids
    projlen=102: 160680 braids
    projlen=103: 345920 braids
    projlen=104: 165457 braids
    projlen=105: 341883 braids
    projlen=106: 172078 braids
    projlen=107: 336758 braids
    projlen=108: 183346 braids
    projlen=109: 328527 braids
    projlen=110: 202159 braids
    projlen=111: 313486 braids
    projlen=112: 212533 braids
    projlen=113: 108608 braids
  Braids kept: 1091588 (in 29 buckets, 2.69 GB CPU)
  ⚡ Timing: matmul=0.15s, sampling=18.98s, total=24.20s
============================================================
Level 154 - SAMPLING
============================================================
  Starting braids: 991588
  Candidates to generate: 5196484
  Processing in 52 chunks...
  Projlen distribution:
    projlen=86: 2 braids
    projlen=87: 37 braids
    projlen=88: 67 braids
    projlen=89: 1170 braids
    projlen=90: 1150 braids
    projlen=91: 12377 braids
    projlen=92: 10293 braids
    projlen=93: 106719 braids
    projlen=94: 70678 braids
    projlen=95: 282732 braids
    projlen=96: 178025 braids
    projlen=97: 358743 braids
    projlen=98: 169609 braids
    projlen=99: 353160 braids
    projlen=100: 166779 braids
    projlen=101: 347250 braids
    projlen=102: 163460 braids
    projlen=103: 346075 braids
    projlen=104: 163367 braids
    projlen=105: 343822 braids
    projlen=106: 169204 braids
    projlen=107: 338261 braids
    projlen=108: 177519 braids
    projlen=109: 332962 braids
    projlen=110: 192498 braids
    projlen=111: 322447 braids
    projlen=112: 208661 braids
    projlen=113: 290378 braids
    projlen=114: 89039 braids
  Braids kept: 1125096 (in 29 buckets, 2.79 GB CPU)
  ⚡ Timing: matmul=0.16s, sampling=21.30s, total=26.98s
============================================================
Level 155 - SAMPLING
============================================================
  Starting braids: 975096
  Candidates to generate: 5106350
  Processing in 52 chunks...
  Projlen distribution:
    projlen=87: 12 braids
    projlen=88: 30 braids
    projlen=89: 376 braids
    projlen=90: 480 braids
    projlen=91: 7660 braids
    projlen=92: 6438 braids
    projlen=93: 66549 braids
    projlen=94: 46023 braids
    projlen=95: 271297 braids
    projlen=96: 177654 braids
    projlen=97: 360794 braids
    projlen=98: 172825 braids
    projlen=99: 353767 braids
    projlen=100: 164787 braids
    projlen=101: 348096 braids
    projlen=102: 168140 braids
    projlen=103: 343348 braids
    projlen=104: 167406 braids
    projlen=105: 342421 braids
    projlen=106: 168003 braids
    projlen=107: 340369 braids
    projlen=108: 174193 braids
    projlen=109: 335570 braids
    projlen=110: 185775 braids
    projlen=111: 327170 braids
    projlen=112: 198624 braids
    projlen=113: 292683 braids
    projlen=114: 85860 braids
  Braids kept: 1111019 (in 28 buckets, 2.76 GB CPU)
  ⚡ Timing: matmul=0.14s, sampling=19.24s, total=24.46s
============================================================
Level 156 - SAMPLING
============================================================
  Starting braids: 961019
  Candidates to generate: 5044559
  Processing in 51 chunks...
  Projlen distribution:
    projlen=88: 11 braids
    projlen=89: 174 braids
    projlen=90: 256 braids
    projlen=91: 2974 braids
    projlen=92: 2881 braids
    projlen=93: 42274 braids
    projlen=94: 31118 braids
    projlen=95: 261407 braids
    projlen=96: 173147 braids
    projlen=97: 353775 braids
    projlen=98: 174122 braids
    projlen=99: 357184 braids
    projlen=100: 164526 braids
    projlen=101: 349623 braids
    projlen=102: 165188 braids
    projlen=103: 344447 braids
    projlen=104: 172079 braids
    projlen=105: 340805 braids
    projlen=106: 173544 braids
    projlen=107: 338221 braids
    projlen=108: 173350 braids
    projlen=109: 338002 braids
    projlen=110: 181505 braids
    projlen=111: 330395 braids
    projlen=112: 192599 braids
    projlen=113: 295857 braids
    projlen=114: 85095 braids
  Braids kept: 1079688 (in 27 buckets, 2.69 GB CPU)
  ⚡ Timing: matmul=0.15s, sampling=16.17s, total=21.17s
============================================================
Level 157 - SAMPLING
============================================================
  Starting braids: 979688
  Candidates to generate: 5131394
  Processing in 52 chunks...
  Projlen distribution:
    projlen=88: 3 braids
    projlen=89: 53 braids
    projlen=90: 114 braids
    projlen=91: 1614 braids
    projlen=92: 1711 braids
    projlen=93: 18814 braids
    projlen=94: 15251 braids
    projlen=95: 208089 braids
    projlen=96: 135693 braids
    projlen=97: 319095 braids
    projlen=98: 176000 braids
    projlen=99: 359509 braids
    projlen=100: 164459 braids
    projlen=101: 354041 braids
    projlen=102: 163220 braids
    projlen=103: 345962 braids
    projlen=104: 168505 braids
    projlen=105: 340439 braids
    projlen=106: 177756 braids
    projlen=107: 335752 braids
    projlen=108: 180746 braids
    projlen=109: 334593 braids
    projlen=110: 181526 braids
    projlen=111: 332885 braids
    projlen=112: 188359 braids
    projlen=113: 321638 braids
    projlen=114: 194403 braids
    projlen=115: 111164 braids
  Braids kept: 1087560 (in 28 buckets, 2.73 GB CPU)
  ⚡ Timing: matmul=0.15s, sampling=22.12s, total=27.93s
============================================================
Level 158 - SAMPLING
============================================================
  Starting braids: 987560
  Candidates to generate: 5189220
  Processing in 52 chunks...
  Projlen distribution:
    projlen=88: 2 braids
    projlen=89: 14 braids
    projlen=90: 53 braids
    projlen=91: 658 braids
    projlen=92: 870 braids
    projlen=93: 10988 braids
    projlen=94: 9213 braids
    projlen=95: 97396 braids
    projlen=96: 65224 braids
    projlen=97: 283212 braids
    projlen=98: 178196 braids
    projlen=99: 362516 braids
    projlen=100: 168018 braids
    projlen=101: 355124 braids
    projlen=102: 160672 braids
    projlen=103: 349676 braids
    projlen=104: 163880 braids
    projlen=105: 342878 braids
    projlen=106: 173379 braids
    projlen=107: 337293 braids
    projlen=108: 185173 braids
    projlen=109: 331263 braids
    projlen=110: 189649 braids
    projlen=111: 328903 braids
    projlen=112: 190807 braids
    projlen=113: 326009 braids
    projlen=114: 196067 braids
    projlen=115: 295791 braids
    projlen=116: 86296 braids
  Braids kept: 1121798 (in 29 buckets, 2.84 GB CPU)
  ⚡ Timing: matmul=0.16s, sampling=18.70s, total=24.17s
============================================================
Level 159 - SAMPLING
============================================================
  Starting braids: 971798
  Candidates to generate: 5111338
  Processing in 52 chunks...
  Projlen distribution:
    projlen=89: 9 braids
    projlen=90: 32 braids
    projlen=91: 284 braids
    projlen=92: 427 braids
    projlen=93: 5173 braids
    projlen=94: 5033 braids
    projlen=95: 58844 braids
    projlen=96: 41412 braids
    projlen=97: 270022 braids
    projlen=98: 177834 braids
    projlen=99: 364204 braids
    projlen=100: 172298 braids
    projlen=101: 356712 braids
    projlen=102: 161394 braids
    projlen=103: 350817 braids
    projlen=104: 160422 braids
    projlen=105: 345629 braids
    projlen=106: 166845 braids
    projlen=107: 339228 braids
    projlen=108: 179628 braids
    projlen=109: 333130 braids
    projlen=110: 193845 braids
    projlen=111: 327031 braids
    projlen=112: 199801 braids
    projlen=113: 323037 braids
    projlen=114: 198997 braids
    projlen=115: 293590 braids
    projlen=116: 85660 braids
  Braids kept: 1102370 (in 28 buckets, 2.80 GB CPU)
  ⚡ Timing: matmul=0.14s, sampling=17.48s, total=22.84s
============================================================
Level 160 - SAMPLING
============================================================
  Starting braids: 952370
  Candidates to generate: 5011758
  Processing in 51 chunks...
  Projlen distribution:
    projlen=89: 5 braids
    projlen=90: 11 braids
    projlen=91: 199 braids
    projlen=92: 279 braids
    projlen=93: 2616 braids
    projlen=94: 2713 braids
    projlen=95: 31219 braids
    projlen=96: 24465 braids
    projlen=97: 253717 braids
    projlen=98: 165947 braids
    projlen=99: 344763 braids
    projlen=100: 174383 braids
    projlen=101: 358116 braids
    projlen=102: 161206 braids
    projlen=103: 352389 braids
    projlen=104: 159811 braids
    projlen=105: 347629 braids
    projlen=106: 162417 braids
    projlen=107: 342645 braids
    projlen=108: 170948 braids
    projlen=109: 335848 braids
    projlen=110: 186892 braids
    projlen=111: 327739 braids
    projlen=112: 201705 braids
    projlen=113: 319586 braids
    projlen=114: 208365 braids
    projlen=115: 289330 braids
    projlen=116: 86815 braids
  Braids kept: 1061507 (in 28 buckets, 2.71 GB CPU)
  ⚡ Timing: matmul=0.14s, sampling=16.81s, total=21.95s
============================================================
Level 161 - SAMPLING
============================================================
  Starting braids: 961507
  Candidates to generate: 5042533
  Processing in 51 chunks...
  Projlen distribution:
    projlen=89: 5 braids
    projlen=90: 5 braids
    projlen=91: 112 braids
    projlen=92: 150 braids
    projlen=93: 1752 braids
    projlen=94: 1930 braids
    projlen=95: 17761 braids
    projlen=96: 14557 braids
    projlen=97: 159255 braids
    projlen=98: 104626 braids
    projlen=99: 303759 braids
    projlen=100: 175493 braids
    projlen=101: 360712 braids
    projlen=102: 164160 braids
    projlen=103: 354244 braids
    projlen=104: 158677 braids
    projlen=105: 348967 braids
    projlen=106: 160986 braids
    projlen=107: 345124 braids
    projlen=108: 165098 braids
    projlen=109: 339826 braids
    projlen=110: 177115 braids
    projlen=111: 331856 braids
    projlen=112: 194756 braids
    projlen=113: 323471 braids
    projlen=114: 210211 braids
    projlen=115: 309381 braids
    projlen=116: 210174 braids
    projlen=117: 108370 braids
  Braids kept: 1086272 (in 29 buckets, 2.79 GB CPU)
  ⚡ Timing: matmul=0.15s, sampling=16.72s, total=21.87s
============================================================
Level 162 - SAMPLING
============================================================
  Starting braids: 986272
  Candidates to generate: 5184576
  Processing in 52 chunks...
  Projlen distribution:
    projlen=89: 9 braids
    projlen=90: 8 braids
    projlen=91: 77 braids
    projlen=92: 97 braids
    projlen=93: 994 braids
    projlen=94: 1135 braids
    projlen=95: 11959 braids
    projlen=96: 10308 braids
    projlen=97: 94818 braids
    projlen=98: 63457 braids
    projlen=99: 282782 braids
    projlen=100: 177215 braids
    projlen=101: 362884 braids
    projlen=102: 167987 braids
    projlen=103: 356502 braids
    projlen=104: 159050 braids
    projlen=105: 351319 braids
    projlen=106: 159169 braids
    projlen=107: 346278 braids
    projlen=108: 163003 braids
    projlen=109: 341752 braids
    projlen=110: 169535 braids
    projlen=111: 336623 braids
    projlen=112: 184070 braids
    projlen=113: 327657 braids
    projlen=114: 203741 braids
    projlen=115: 317986 braids
    projlen=116: 218061 braids
    projlen=117: 286688 braids
    projlen=118: 89412 braids
  Braids kept: 1124587 (in 30 buckets, 2.90 GB CPU)
  ⚡ Timing: matmul=0.16s, sampling=23.28s, total=29.36s
============================================================
Level 163 - SAMPLING
============================================================
  Starting braids: 974587
  Candidates to generate: 5110437
  Processing in 52 chunks...
  Projlen distribution:
    projlen=89: 9 braids
    projlen=90: 10 braids
    projlen=91: 66 braids
    projlen=92: 78 braids
    projlen=93: 637 braids
    projlen=94: 734 braids
    projlen=95: 7345 braids
    projlen=96: 6401 braids
    projlen=97: 64305 braids
    projlen=98: 46637 braids
    projlen=99: 274155 braids
    projlen=100: 178961 braids
    projlen=101: 365817 braids
    projlen=102: 171555 braids
    projlen=103: 357939 braids
    projlen=104: 159359 braids
    projlen=105: 352569 braids
    projlen=106: 158007 braids
    projlen=107: 348524 braids
    projlen=108: 160176 braids
    projlen=109: 345144 braids
    projlen=110: 166992 braids
    projlen=111: 338892 braids
    projlen=112: 175075 braids
    projlen=113: 332745 braids
    projlen=114: 191377 braids
    projlen=115: 322521 braids
    projlen=116: 209360 braids
    projlen=117: 287415 braids
    projlen=118: 87632 braids
  Braids kept: 1111917 (in 30 buckets, 2.88 GB CPU)
  ⚡ Timing: matmul=0.14s, sampling=23.03s, total=29.08s
============================================================
Level 164 - SAMPLING
============================================================
  Starting braids: 961917
  Candidates to generate: 5040637
  Processing in 51 chunks...
  Projlen distribution:
    projlen=89: 3 braids
    projlen=90: 6 braids
    projlen=91: 58 braids
    projlen=92: 63 braids
    projlen=93: 498 braids
    projlen=94: 541 braids
    projlen=95: 4711 braids
    projlen=96: 4261 braids
    projlen=97: 42084 braids
    projlen=98: 30804 braids
    projlen=99: 259160 braids
    projlen=100: 177393 braids
    projlen=101: 356381 braids
    projlen=102: 174628 braids
    projlen=103: 359781 braids
    projlen=104: 161180 braids
    projlen=105: 354574 braids
    projlen=106: 157252 braids
    projlen=107: 350085 braids
    projlen=108: 158733 braids
    projlen=109: 346255 braids
    projlen=110: 162296 braids
    projlen=111: 342603 braids
    projlen=112: 171529 braids
    projlen=113: 336623 braids
    projlen=114: 183074 braids
    projlen=115: 327756 braids
    projlen=116: 198982 braids
    projlen=117: 293351 braids
    projlen=118: 85972 braids
  Braids kept: 1083029 (in 30 buckets, 2.81 GB CPU)
  ⚡ Timing: matmul=0.15s, sampling=22.52s, total=28.70s
============================================================
Level 165 - SAMPLING
============================================================
  Starting braids: 983029
  Candidates to generate: 5134189
  Processing in 52 chunks...
  Projlen distribution:
    projlen=90: 2 braids
    projlen=91: 26 braids
    projlen=92: 38 braids
    projlen=93: 407 braids
    projlen=94: 398 braids
    projlen=95: 3470 braids
    projlen=96: 3137 braids
    projlen=97: 28657 braids
    projlen=98: 22035 braids
    projlen=99: 210666 braids
    projlen=100: 133747 braids
    projlen=101: 317383 braids
    projlen=102: 181231 braids
    projlen=103: 358530 braids
    projlen=104: 164970 braids
    projlen=105: 356450 braids
    projlen=106: 158042 braids
    projlen=107: 351881 braids
    projlen=108: 156538 braids
    projlen=109: 348120 braids
    projlen=110: 159509 braids
    projlen=111: 344094 braids
    projlen=112: 166172 braids
    projlen=113: 339013 braids
    projlen=114: 176929 braids
    projlen=115: 331566 braids
    projlen=116: 190426 braids
    projlen=117: 319492 braids
    projlen=118: 200370 braids
    projlen=119: 110890 braids
  Braids kept: 1108170 (in 30 buckets, 2.90 GB CPU)
  ⚡ Timing: matmul=0.15s, sampling=23.74s, total=30.16s
============================================================
Level 166 - SAMPLING
============================================================
  Starting braids: 958170
  Candidates to generate: 4984996
  Processing in 50 chunks...
  Projlen distribution:
    projlen=91: 6 braids
    projlen=92: 15 braids
    projlen=93: 219 braids
    projlen=94: 244 braids
    projlen=95: 2630 braids
    projlen=96: 2284 braids
    projlen=97: 21030 braids
    projlen=98: 16205 braids
    projlen=99: 145024 braids
    projlen=100: 94916 braids
    projlen=101: 298480 braids
    projlen=102: 176048 braids
    projlen=103: 361081 braids
    projlen=104: 172824 braids
    projlen=105: 353262 braids
    projlen=106: 161460 braids
    projlen=107: 351222 braids
    projlen=108: 156465 braids
    projlen=109: 349466 braids
    projlen=110: 156904 braids
    projlen=111: 346295 braids
    projlen=112: 161794 braids
    projlen=113: 341641 braids
    projlen=114: 170028 braids
    projlen=115: 335799 braids
    projlen=116: 183678 braids
    projlen=117: 323379 braids
    projlen=118: 191637 braids
    projlen=119: 110960 braids
  Braids kept: 1092633 (in 29 buckets, 2.86 GB CPU)
  ⚡ Timing: matmul=0.15s, sampling=23.07s, total=29.28s
============================================================
Level 167 - SAMPLING
============================================================
  Starting braids: 992633
  Candidates to generate: 5175785
  Processing in 52 chunks...
  Projlen distribution:
    projlen=91: 1 braids
    projlen=92: 4 braids
    projlen=93: 79 braids
    projlen=94: 113 braids
    projlen=95: 1521 braids
    projlen=96: 1420 braids
    projlen=97: 15726 braids
    projlen=98: 11914 braids
    projlen=99: 106119 braids
    projlen=100: 71061 braids
    projlen=101: 283622 braids
    projlen=102: 178393 braids
    projlen=103: 362750 braids
    projlen=104: 168974 braids
    projlen=105: 356215 braids
    projlen=106: 167623 braids
    projlen=107: 348881 braids
    projlen=108: 162288 braids
    projlen=109: 347930 braids
    projlen=110: 157079 braids
    projlen=111: 347739 braids
    projlen=112: 158155 braids
    projlen=113: 345030 braids
    projlen=114: 165092 braids
    projlen=115: 339653 braids
    projlen=116: 176176 braids
    projlen=117: 330454 braids
    projlen=118: 190695 braids
    projlen=119: 295973 braids
    projlen=120: 85105 braids
  Braids kept: 1130778 (in 30 buckets, 2.98 GB CPU)
  ⚡ Timing: matmul=0.16s, sampling=24.48s, total=30.99s
============================================================
Level 168 - SAMPLING
============================================================
  Starting braids: 980778
  Candidates to generate: 5105662
  Processing in 52 chunks...
  Projlen distribution:
    projlen=90: 1 braids
    projlen=91: 2 braids
    projlen=92: 5 braids
    projlen=93: 28 braids
    projlen=94: 38 braids
    projlen=95: 680 braids
    projlen=96: 724 braids
    projlen=97: 9378 braids
    projlen=98: 7633 braids
    projlen=99: 80454 braids
    projlen=100: 53790 braids
    projlen=101: 272035 braids
    projlen=102: 178018 braids
    projlen=103: 359399 braids
    projlen=104: 173078 braids
    projlen=105: 357137 braids
    projlen=106: 160183 braids
    projlen=107: 351330 braids
    projlen=108: 167757 braids
    projlen=109: 345506 braids
    projlen=110: 166118 braids
    projlen=111: 345846 braids
    projlen=112: 159254 braids
    projlen=113: 345719 braids
    projlen=114: 159630 braids
    projlen=115: 342990 braids
    projlen=116: 169261 braids
    projlen=117: 335498 braids
    projlen=118: 181324 braids
    projlen=119: 299313 braids
    projlen=120: 83533 braids
  Braids kept: 1118489 (in 31 buckets, 2.96 GB CPU)
  ⚡ Timing: matmul=0.14s, sampling=24.24s, total=30.89s
============================================================
Level 169 - SAMPLING
============================================================
  Starting braids: 968489
  Candidates to generate: 5043413
  Processing in 51 chunks...
  Projlen distribution:
    projlen=91: 3 braids
    projlen=92: 5 braids
    projlen=93: 29 braids
    projlen=94: 32 braids
    projlen=95: 293 braids
    projlen=96: 316 braids
    projlen=97: 4541 braids
    projlen=98: 4124 braids
    projlen=99: 49628 braids
    projlen=100: 35394 braids
    projlen=101: 265600 braids
    projlen=102: 176481 braids
    projlen=103: 361668 braids
    projlen=104: 175600 braids
    projlen=105: 354287 braids
    projlen=106: 163738 braids
    projlen=107: 353243 braids
    projlen=108: 158346 braids
    projlen=109: 348179 braids
    projlen=110: 170327 braids
    projlen=111: 341770 braids
    projlen=112: 171469 braids
    projlen=113: 342137 braids
    projlen=114: 162119 braids
    projlen=115: 343854 braids
    projlen=116: 162352 braids
    projlen=117: 339859 braids
    projlen=118: 173357 braids
    projlen=119: 302155 braids
    projlen=120: 82507 braids
  Braids kept: 1094365 (in 30 buckets, 2.90 GB CPU)
  ⚡ Timing: matmul=0.15s, sampling=23.45s, total=30.05s
============================================================
Level 170 - SAMPLING
============================================================
  Starting braids: 994365
  Candidates to generate: 5167011
  Processing in 52 chunks...
  Projlen distribution:
    projlen=92: 1 braids
    projlen=93: 24 braids
    projlen=94: 33 braids
    projlen=95: 223 braids
    projlen=96: 236 braids
    projlen=97: 2175 braids
    projlen=98: 2132 braids
    projlen=99: 26160 braids
    projlen=100: 21026 braids
    projlen=101: 242215 braids
    projlen=102: 155624 braids
    projlen=103: 327508 braids
    projlen=104: 173509 braids
    projlen=105: 358083 braids
    projlen=106: 166105 braids
    projlen=107: 351535 braids
    projlen=108: 163365 braids
    projlen=109: 349035 braids
    projlen=110: 158712 braids
    projlen=111: 344568 braids
    projlen=112: 173253 braids
    projlen=113: 337895 braids
    projlen=114: 178936 braids
    projlen=115: 338205 braids
    projlen=116: 167089 braids
    projlen=117: 342035 braids
    projlen=118: 165760 braids
    projlen=119: 332602 braids
    projlen=120: 174349 braids
    projlen=121: 114618 braids
  Braids kept: 1102010 (in 30 buckets, 2.94 GB CPU)
  ⚡ Timing: matmul=0.16s, sampling=24.37s, total=30.92s
============================================================
Level 171 - SAMPLING
============================================================
  Starting braids: 952010
  Candidates to generate: 4943286
  Processing in 50 chunks...
  Projlen distribution:
    projlen=93: 4 braids
    projlen=94: 8 braids
    projlen=95: 189 braids
    projlen=96: 199 braids
    projlen=97: 1506 braids
    projlen=98: 1406 braids
    projlen=99: 14041 braids
    projlen=100: 11557 braids
    projlen=101: 130965 braids
    projlen=102: 89684 braids
    projlen=103: 294445 braids
    projlen=104: 177643 braids
    projlen=105: 360260 braids
    projlen=106: 164453 braids
    projlen=107: 353872 braids
    projlen=108: 164161 braids
    projlen=109: 347304 braids
    projlen=110: 165175 braids
    projlen=111: 344882 braids
    projlen=112: 160141 braids
    projlen=113: 341649 braids
    projlen=114: 178479 braids
    projlen=115: 333922 braids
    projlen=116: 187642 braids
    projlen=117: 333058 braids
    projlen=118: 173942 braids
    projlen=119: 333164 braids
    projlen=120: 165230 braids
    projlen=121: 114305 braids
  Braids kept: 1078910 (in 29 buckets, 2.89 GB CPU)
  ⚡ Timing: matmul=0.14s, sampling=23.25s, total=29.48s
============================================================
Level 172 - SAMPLING
============================================================
  Starting braids: 978910
  Candidates to generate: 5121266
  Processing in 52 chunks...
  Projlen distribution:
    projlen=93: 3 braids
    projlen=94: 4 braids
    projlen=95: 52 braids
    projlen=96: 78 braids
    projlen=97: 1252 braids
    projlen=98: 1158 braids
    projlen=99: 9574 braids
    projlen=100: 7518 braids
    projlen=101: 74021 braids
    projlen=102: 51005 braids
    projlen=103: 271685 braids
    projlen=104: 181680 braids
    projlen=105: 360415 braids
    projlen=106: 171044 braids
    projlen=107: 356077 braids
    projlen=108: 159018 braids
    projlen=109: 349807 braids
    projlen=110: 165269 braids
    projlen=111: 344174 braids
    projlen=112: 169157 braids
    projlen=113: 342199 braids
    projlen=114: 163921 braids
    projlen=115: 338173 braids
    projlen=116: 184112 braids
    projlen=117: 329118 braids
    projlen=118: 197281 braids
    projlen=119: 326928 braids
    projlen=120: 182488 braids
    projlen=121: 300578 braids
    projlen=122: 83477 braids
  Braids kept: 1119639 (in 30 buckets, 3.02 GB CPU)
  ⚡ Timing: matmul=0.14s, sampling=24.65s, total=31.30s
============================================================
Level 173 - SAMPLING
============================================================
  Starting braids: 969639
  Candidates to generate: 5090237
  Processing in 51 chunks...
  Projlen distribution:
    projlen=95: 27 braids
    projlen=96: 32 braids
    projlen=97: 483 braids
    projlen=98: 537 braids
    projlen=99: 7640 braids
    projlen=100: 6105 braids
    projlen=101: 51886 braids
    projlen=102: 35524 braids
    projlen=103: 266795 braids
    projlen=104: 180626 braids
    projlen=105: 360795 braids
    projlen=106: 178709 braids
    projlen=107: 353997 braids
    projlen=108: 163163 braids
    projlen=109: 351857 braids
    projlen=110: 157554 braids
    projlen=111: 347244 braids
    projlen=112: 167690 braids
    projlen=113: 341505 braids
    projlen=114: 174979 braids
    projlen=115: 339141 braids
    projlen=116: 169859 braids
    projlen=117: 335767 braids
    projlen=118: 191313 braids
    projlen=119: 324386 braids
    projlen=120: 205165 braids
    projlen=121: 291297 braids
    projlen=122: 86161 braids
  Braids kept: 1100348 (in 28 buckets, 2.97 GB CPU)
  ⚡ Timing: matmul=0.16s, sampling=24.21s, total=30.99s
============================================================
Level 174 - SAMPLING
============================================================
  Starting braids: 950348
  Candidates to generate: 4992342
  Processing in 50 chunks...
  Projlen distribution:
    projlen=95: 7 braids
    projlen=96: 11 braids
    projlen=97: 214 braids
    projlen=98: 256 braids
    projlen=99: 3465 braids
    projlen=100: 3141 braids
    projlen=101: 41903 braids
    projlen=102: 30225 braids
    projlen=103: 249442 braids
    projlen=104: 154845 braids
    projlen=105: 329063 braids
    projlen=106: 177709 braids
    projlen=107: 356175 braids
    projlen=108: 169957 braids
    projlen=109: 349895 braids
    projlen=110: 163101 braids
    projlen=111: 348434 braids
    projlen=112: 158441 braids
    projlen=113: 344479 braids
    projlen=114: 171409 braids
    projlen=115: 337860 braids
    projlen=116: 181505 braids
    projlen=117: 335612 braids
    projlen=118: 177291 braids
    projlen=119: 331138 braids
    projlen=120: 196889 braids
    projlen=121: 293587 braids
    projlen=122: 86288 braids
  Braids kept: 1079222 (in 28 buckets, 2.92 GB CPU)
  ⚡ Timing: matmul=0.16s, sampling=23.71s, total=30.36s
============================================================
Level 175 - SAMPLING
============================================================
  Starting braids: 979222
  Candidates to generate: 5126418
  Processing in 52 chunks...
  Projlen distribution:
    projlen=95: 6 braids
    projlen=96: 8 braids
    projlen=97: 69 braids
    projlen=98: 115 braids
    projlen=99: 1606 braids
    projlen=100: 1621 braids
    projlen=101: 20971 braids
    projlen=102: 16501 braids
    projlen=103: 205024 braids
    projlen=104: 131953 braids
    projlen=105: 318479 braids
    projlen=106: 175506 braids
    projlen=107: 359957 braids
    projlen=108: 169430 braids
    projlen=109: 352392 braids
    projlen=110: 169181 braids
    projlen=111: 344996 braids
    projlen=112: 165697 braids
    projlen=113: 344358 braids
    projlen=114: 160316 braids
    projlen=115: 342119 braids
    projlen=116: 175920 braids
    projlen=117: 332997 braids
    projlen=118: 190189 braids
    projlen=119: 330561 braids
    projlen=120: 186134 braids
    projlen=121: 321884 braids
    projlen=122: 196242 braids
    projlen=123: 112186 braids
  Braids kept: 1090897 (in 29 buckets, 2.98 GB CPU)
  ⚡ Timing: matmul=0.15s, sampling=24.94s, total=31.72s
============================================================
Level 176 - SAMPLING
============================================================
  Starting braids: 990897
  Candidates to generate: 5194979
  Processing in 52 chunks...
  Projlen distribution:
    projlen=95: 6 braids
    projlen=96: 8 braids
    projlen=97: 60 braids
    projlen=98: 78 braids
    projlen=99: 691 braids
    projlen=100: 805 braids
    projlen=101: 10468 braids
    projlen=102: 8607 braids
    projlen=103: 107152 braids
    projlen=104: 71305 braids
    projlen=105: 285127 braids
    projlen=106: 175787 braids
    projlen=107: 362466 braids
    projlen=108: 166227 braids
    projlen=109: 354553 braids
    projlen=110: 164201 braids
    projlen=111: 347753 braids
    projlen=112: 172415 braids
    projlen=113: 341214 braids
    projlen=114: 170582 braids
    projlen=115: 340994 braids
    projlen=116: 164310 braids
    projlen=117: 339933 braids
    projlen=118: 181637 braids
    projlen=119: 329091 braids
    projlen=120: 198455 braids
    projlen=121: 323626 braids
    projlen=122: 195258 braids
    projlen=123: 296574 braids
    projlen=124: 85596 braids
  Braids kept: 1120723 (in 30 buckets, 3.08 GB CPU)
  ⚡ Timing: matmul=0.16s, sampling=25.46s, total=32.10s
============================================================
Level 177 - SAMPLING
============================================================
  Starting braids: 970723
  Candidates to generate: 5091579
  Processing in 51 chunks...
  Projlen distribution:
    projlen=95: 3 braids
    projlen=96: 6 braids
    projlen=97: 55 braids
    projlen=98: 63 braids
    projlen=99: 560 braids
    projlen=100: 571 braids
    projlen=101: 5175 braids
    projlen=102: 4575 braids
    projlen=103: 55239 braids
    projlen=104: 38422 braids
    projlen=105: 268993 braids
    projlen=106: 177454 braids
    projlen=107: 363291 braids
    projlen=108: 169580 braids
    projlen=109: 358117 braids
    projlen=110: 159770 braids
    projlen=111: 351155 braids
    projlen=112: 164266 braids
    projlen=113: 343815 braids
    projlen=114: 176479 braids
    projlen=115: 337970 braids
    projlen=116: 177764 braids
    projlen=117: 337327 braids
    projlen=118: 169577 braids
    projlen=119: 336557 braids
    projlen=120: 187796 braids
    projlen=121: 324479 braids
    projlen=122: 205494 braids
    projlen=123: 290487 braids
    projlen=124: 86539 braids
  Braids kept: 1099430 (in 30 buckets, 3.03 GB CPU)
  ⚡ Timing: matmul=0.16s, sampling=24.79s, total=31.52s
============================================================
Level 178 - SAMPLING
============================================================
  Starting braids: 999430
  Candidates to generate: 5238786
  Processing in 53 chunks...
  Projlen distribution:
    projlen=97: 37 braids
    projlen=98: 48 braids
    projlen=99: 420 braids
    projlen=100: 428 braids
    projlen=101: 3873 braids
    projlen=102: 3344 braids
    projlen=103: 30520 braids
    projlen=104: 22685 braids
    projlen=105: 248189 braids
    projlen=106: 159821 braids
    projlen=107: 336822 braids
    projlen=108: 173061 braids
    projlen=109: 359587 braids
    projlen=110: 160223 braids
    projlen=111: 354290 braids
    projlen=112: 157447 braids
    projlen=113: 348114 braids
    projlen=114: 166654 braids
    projlen=115: 341014 braids
    projlen=116: 183011 braids
    projlen=117: 334096 braids
    projlen=118: 186691 braids
    projlen=119: 333103 braids
    projlen=120: 177771 braids
    projlen=121: 331725 braids
    projlen=122: 194168 braids
    projlen=123: 316365 braids
    projlen=124: 205860 braids
    projlen=125: 109419 braids
  Braids kept: 1111355 (in 29 buckets, 3.08 GB CPU)
  ⚡ Timing: matmul=0.15s, sampling=25.79s, total=32.71s
============================================================
Level 179 - SAMPLING
============================================================
  Starting braids: 961355
  Candidates to generate: 5029577
  Processing in 51 chunks...
  Projlen distribution:
    projlen=97: 3 braids
    projlen=98: 11 braids
    projlen=99: 272 braids
    projlen=100: 315 braids
    projlen=101: 2821 braids
    projlen=102: 2440 braids
    projlen=103: 23135 braids
    projlen=104: 17214 braids
    projlen=105: 153907 braids
    projlen=106: 98355 braids
    projlen=107: 299874 braids
    projlen=108: 175681 braids
    projlen=109: 360989 braids
    projlen=110: 163152 braids
    projlen=111: 355332 braids
    projlen=112: 156941 braids
    projlen=113: 350928 braids
    projlen=114: 156940 braids
    projlen=115: 345685 braids
    projlen=116: 170372 braids
    projlen=117: 336641 braids
    projlen=118: 189421 braids
    projlen=119: 329049 braids
    projlen=120: 196553 braids
    projlen=121: 328008 braids
    projlen=122: 188106 braids
    projlen=123: 322471 braids
    projlen=124: 193289 braids
    projlen=125: 111672 braids
  Braids kept: 1096211 (in 29 buckets, 3.05 GB CPU)
  ⚡ Timing: matmul=0.14s, sampling=25.13s, total=32.05s
============================================================
Level 180 - SAMPLING
============================================================
  Starting braids: 996211
  Candidates to generate: 5224983
  Processing in 53 chunks...
  Projlen distribution:
    projlen=99: 51 braids
    projlen=100: 110 braids
    projlen=101: 1955 braids
    projlen=102: 1861 braids
    projlen=103: 16914 braids
    projlen=104: 12644 braids
    projlen=105: 116612 braids
    projlen=106: 75615 braids
    projlen=107: 287414 braids
    projlen=108: 175687 braids
    projlen=109: 362621 braids
    projlen=110: 167465 braids
    projlen=111: 356738 braids
    projlen=112: 157698 braids
    projlen=113: 352291 braids
    projlen=114: 155991 braids
    projlen=115: 348385 braids
    projlen=116: 157490 braids
    projlen=117: 343073 braids
    projlen=118: 174707 braids
    projlen=119: 332507 braids
    projlen=120: 197689 braids
    projlen=121: 323411 braids
    projlen=122: 205592 braids
    projlen=123: 320801 braids
    projlen=124: 198311 braids
    projlen=125: 295756 braids
    projlen=126: 85594 braids
  Braids kept: 1133535 (in 28 buckets, 3.17 GB CPU)
  ⚡ Timing: matmul=0.15s, sampling=26.61s, total=33.88s
============================================================
Level 181 - SAMPLING
============================================================
  Starting braids: 983535
  Candidates to generate: 5152087
  Processing in 52 chunks...
  Projlen distribution:
    projlen=99: 6 braids
    projlen=100: 27 braids
    projlen=101: 648 braids
    projlen=102: 793 braids
    projlen=103: 12066 braids
    projlen=104: 9538 braids
    projlen=105: 86511 braids
    projlen=106: 56440 braids
    projlen=107: 276294 braids
    projlen=108: 175519 braids
    projlen=109: 362622 braids
    projlen=110: 169315 braids
    projlen=111: 359177 braids
    projlen=112: 159287 braids
    projlen=113: 354149 braids
    projlen=114: 156264 braids
    projlen=115: 349716 braids
    projlen=116: 156204 braids
    projlen=117: 347175 braids
    projlen=118: 159106 braids
    projlen=119: 340293 braids
    projlen=120: 180210 braids
    projlen=121: 328824 braids
    projlen=122: 206693 braids
    projlen=123: 317267 braids
    projlen=124: 213517 braids
    projlen=125: 287010 braids
    projlen=126: 87416 braids
  Braids kept: 1123078 (in 28 buckets, 3.15 GB CPU)
  ⚡ Timing: matmul=0.14s, sampling=26.30s, total=33.45s
============================================================
Level 182 - SAMPLING
============================================================
  Starting braids: 973078
  Candidates to generate: 5077212
  Processing in 51 chunks...
  Projlen distribution:
    projlen=100: 17 braids
    projlen=101: 205 braids
    projlen=102: 330 braids
    projlen=103: 5007 braids
    projlen=104: 4640 braids
    projlen=105: 62539 braids
    projlen=106: 43500 braids
    projlen=107: 269839 braids
    projlen=108: 174890 braids
    projlen=109: 363440 braids
    projlen=110: 171487 braids
    projlen=111: 358715 braids
    projlen=112: 159525 braids
    projlen=113: 355998 braids
    projlen=114: 156456 braids
    projlen=115: 351545 braids
    projlen=116: 155935 braids
    projlen=117: 347475 braids
    projlen=118: 156127 braids
    projlen=119: 344096 braids
    projlen=120: 160410 braids
    projlen=121: 337915 braids
    projlen=122: 186609 braids
    projlen=123: 323994 braids
    projlen=124: 211480 braids
    projlen=125: 286855 braids
    projlen=126: 88183 braids
  Braids kept: 1103699 (in 27 buckets, 3.10 GB CPU)
  ⚡ Timing: matmul=0.16s, sampling=25.59s, total=32.69s
============================================================
Level 183 - SAMPLING
============================================================
  Starting braids: 953699
  Candidates to generate: 4962489
  Processing in 50 chunks...
  Projlen distribution:
    projlen=99: 1 braids
    projlen=100: 12 braids
    projlen=101: 110 braids
    projlen=102: 205 braids
    projlen=103: 1880 braids
    projlen=104: 2231 braids
    projlen=105: 29720 braids
    projlen=106: 23097 braids
    projlen=107: 252920 braids
    projlen=108: 166753 braids
    projlen=109: 347007 braids
    projlen=110: 171950 braids
    projlen=111: 358784 braids
    projlen=112: 160375 braids
    projlen=113: 355091 braids
    projlen=114: 155917 braids
    projlen=115: 352686 braids
    projlen=116: 155230 braids
    projlen=117: 351299 braids
    projlen=118: 156596 braids
    projlen=119: 347303 braids
    projlen=120: 158154 braids
    projlen=121: 344148 braids
    projlen=122: 164235 braids
    projlen=123: 334851 braids
    projlen=124: 191848 braids
    projlen=125: 294839 braids
    projlen=126: 85247 braids
  Braids kept: 1057256 (in 28 buckets, 2.98 GB CPU)
  ⚡ Timing: matmul=0.15s, sampling=24.60s, total=31.47s
============================================================
Level 184 - SAMPLING
============================================================
  Starting braids: 957256
  Candidates to generate: 4954422
  Processing in 50 chunks...
  Projlen distribution:
    projlen=97: 1 braids
    projlen=98: 1 braids
    projlen=99: 4 braids
    projlen=100: 10 braids
    projlen=101: 52 braids
    projlen=102: 122 braids
    projlen=103: 1133 braids
    projlen=104: 1359 braids
    projlen=105: 12677 braids
    projlen=106: 12078 braids
    projlen=107: 151318 braids
    projlen=108: 100667 braids
    projlen=109: 300684 braids
    projlen=110: 174863 braids
    projlen=111: 359375 braids
    projlen=112: 161314 braids
    projlen=113: 355453 braids
    projlen=114: 156538 braids
    projlen=115: 352356 braids
    projlen=116: 154506 braids
    projlen=117: 351208 braids
    projlen=118: 154306 braids
    projlen=119: 349064 braids
    projlen=120: 156461 braids
    projlen=121: 345833 braids
    projlen=122: 160045 braids
    projlen=123: 343139 braids
    projlen=124: 167785 braids
    projlen=125: 328358 braids
    projlen=126: 190747 braids
    projlen=127: 112965 braids
  Braids kept: 1077437 (in 31 buckets, 3.06 GB CPU)
  ⚡ Timing: matmul=0.15s, sampling=25.58s, total=32.49s
============================================================
Level 185 - SAMPLING
============================================================
  Starting braids: 977437
  Candidates to generate: 5063489
  Processing in 51 chunks...
  Projlen distribution:
    projlen=97: 3 braids
    projlen=98: 3 braids
    projlen=99: 12 braids
    projlen=100: 11 braids
    projlen=101: 68 braids
    projlen=102: 92 braids
    projlen=103: 598 braids
    projlen=104: 821 braids
    projlen=105: 8194 braids
    projlen=106: 7355 braids
    projlen=107: 68317 braids
    projlen=108: 52378 braids
    projlen=109: 277081 braids
    projlen=110: 180341 braids
    projlen=111: 363624 braids
    projlen=112: 167546 braids
    projlen=113: 356290 braids
    projlen=114: 156306 braids
    projlen=115: 352476 braids
    projlen=116: 154827 braids
    projlen=117: 350351 braids
    projlen=118: 153927 braids
    projlen=119: 349620 braids
    projlen=120: 153843 braids
    projlen=121: 347279 braids
    projlen=122: 157072 braids
    projlen=123: 344658 braids
    projlen=124: 163028 braids
    projlen=125: 339248 braids
    projlen=126: 172026 braids
    projlen=127: 303182 braids
    projlen=128: 82912 braids
  Braids kept: 1117157 (in 32 buckets, 3.19 GB CPU)
  ⚡ Timing: matmul=0.15s, sampling=26.19s, total=33.35s
============================================================
Level 186 - SAMPLING
============================================================
  Starting braids: 967157
  Candidates to generate: 5019959
  Processing in 51 chunks...
  Projlen distribution:
    projlen=99: 19 braids
    projlen=100: 15 braids
    projlen=101: 98 braids
    projlen=102: 85 braids
    projlen=103: 600 braids
    projlen=104: 605 braids
    projlen=105: 4652 braids
    projlen=106: 4797 braids
    projlen=107: 45978 braids
    projlen=108: 35095 braids
    projlen=109: 261945 braids
    projlen=110: 192664 braids
    projlen=111: 362857 braids
    projlen=112: 175998 braids
    projlen=113: 358192 braids
    projlen=114: 159081 braids
    projlen=115: 353286 braids
    projlen=116: 154606 braids
    projlen=117: 350108 braids
    projlen=118: 154231 braids
    projlen=119: 349635 braids
    projlen=120: 153528 braids
    projlen=121: 349045 braids
    projlen=122: 153662 braids
    projlen=123: 347066 braids
    projlen=124: 158747 braids
    projlen=125: 342217 braids
    projlen=126: 165041 braids
    projlen=127: 304521 braids
    projlen=128: 81585 braids
  Braids kept: 1091944 (in 30 buckets, 3.13 GB CPU)
  ⚡ Timing: matmul=0.14s, sampling=26.26s, total=33.36s
============================================================
Level 187 - SAMPLING
============================================================
  Starting braids: 991944
  Candidates to generate: 5127496
  Processing in 52 chunks...
  Projlen distribution:
    projlen=100: 1 braids
    projlen=101: 102 braids
    projlen=102: 93 braids
    projlen=103: 666 braids
    projlen=104: 550 braids
    projlen=105: 4047 braids
    projlen=106: 3515 braids
    projlen=107: 28239 braids
    projlen=108: 25161 braids
    projlen=109: 228547 braids
    projlen=110: 154863 braids
    projlen=111: 323116 braids
    projlen=112: 191095 braids
    projlen=113: 353548 braids
    projlen=114: 167402 braids
    projlen=115: 354072 braids
    projlen=116: 157039 braids
    projlen=117: 350861 braids
    projlen=118: 154165 braids
    projlen=119: 349792 braids
    projlen=120: 154167 braids
    projlen=121: 349381 braids
    projlen=122: 153222 braids
    projlen=123: 348375 braids
    projlen=124: 153807 braids
    projlen=125: 345707 braids
    projlen=126: 160101 braids
    projlen=127: 335467 braids
    projlen=128: 165384 braids
    projlen=129: 115011 braids
  Braids kept: 1112374 (in 30 buckets, 3.21 GB CPU)
  ⚡ Timing: matmul=0.23s, sampling=27.29s, total=36.13s
============================================================
Level 188 - SAMPLING
============================================================
  Starting braids: 962374
  Candidates to generate: 4973494
  Processing in 50 chunks...
  Projlen distribution:
    projlen=101: 3 braids
    projlen=102: 22 braids
    projlen=103: 546 braids
    projlen=104: 476 braids
    projlen=105: 4060 braids
    projlen=106: 3131 braids
    projlen=107: 23788 braids
    projlen=108: 18277 braids
    projlen=109: 142884 braids
    projlen=110: 109055 braids
    projlen=111: 301228 braids
    projlen=112: 186398 braids
    projlen=113: 353857 braids
    projlen=114: 184665 braids
    projlen=115: 348211 braids
    projlen=116: 168126 braids
    projlen=117: 349058 braids
    projlen=118: 156618 braids
    projlen=119: 349249 braids
    projlen=120: 153737 braids
    projlen=121: 348836 braids
    projlen=122: 154140 braids
    projlen=123: 349156 braids
    projlen=124: 153565 braids
    projlen=125: 348223 braids
    projlen=126: 153837 braids
    projlen=127: 339451 braids
    projlen=128: 157785 braids
    projlen=129: 115112 braids
  Braids kept: 1100303 (in 29 buckets, 3.18 GB CPU)
  ⚡ Timing: matmul=0.19s, sampling=25.95s, total=34.54s
============================================================
Level 189 - SAMPLING
============================================================
  Starting braids: 950303
  Candidates to generate: 4917773
  Processing in 50 chunks...
  Projlen distribution:
    projlen=102: 5 braids
    projlen=103: 85 braids
    projlen=104: 140 braids
    projlen=105: 2995 braids
    projlen=106: 2508 braids
    projlen=107: 22649 braids
    projlen=108: 16154 braids
    projlen=109: 119807 braids
    projlen=110: 80600 braids
    projlen=111: 279800 braids
    projlen=112: 198464 braids
    projlen=113: 351428 braids
    projlen=114: 181192 braids
    projlen=115: 347091 braids
    projlen=116: 183055 braids
    projlen=117: 342365 braids
    projlen=118: 172634 braids
    projlen=119: 343942 braids
    projlen=120: 158116 braids
    projlen=121: 347723 braids
    projlen=122: 154358 braids
    projlen=123: 348642 braids
    projlen=124: 154846 braids
    projlen=125: 348425 braids
    projlen=126: 153226 braids
    projlen=127: 342238 braids
    projlen=128: 149025 braids
    projlen=129: 116260 braids
  Braids kept: 1094536 (in 28 buckets, 3.17 GB CPU)
  ⚡ Timing: matmul=0.16s, sampling=26.32s, total=34.76s
============================================================
Level 190 - SAMPLING
============================================================
  Starting braids: 994536
  Candidates to generate: 5188912
  Processing in 52 chunks...
  Projlen distribution:
    projlen=102: 1 braids
    projlen=103: 33 braids
    projlen=104: 58 braids
    projlen=105: 822 braids
    projlen=106: 942 braids
    projlen=107: 16194 braids
    projlen=108: 12480 braids
    projlen=109: 112609 braids
    projlen=110: 72710 braids
    projlen=111: 279126 braids
    projlen=112: 182169 braids
    projlen=113: 351956 braids
    projlen=114: 195828 braids
    projlen=115: 343661 braids
    projlen=116: 180496 braids
    projlen=117: 339500 braids
    projlen=118: 186997 braids
    projlen=119: 336255 braids
    projlen=120: 180608 braids
    projlen=121: 340858 braids
    projlen=122: 161822 braids
    projlen=123: 346765 braids
    projlen=124: 155534 braids
    projlen=125: 348362 braids
    projlen=126: 155314 braids
    projlen=127: 346169 braids
    projlen=128: 151963 braids
    projlen=129: 309219 braids
    projlen=130: 80461 braids
  Braids kept: 1130530 (in 29 buckets, 3.29 GB CPU)
  ⚡ Timing: matmul=0.20s, sampling=27.57s, total=36.54s
============================================================
Level 191 - SAMPLING
============================================================
  Starting braids: 980530
  Candidates to generate: 5137524
  Processing in 52 chunks...
  Projlen distribution:
    projlen=103: 6 braids
    projlen=104: 22 braids
    projlen=105: 371 braids
    projlen=106: 450 braids
    projlen=107: 5866 braids
    projlen=108: 5367 braids
    projlen=109: 81026 braids
    projlen=110: 55635 braids
    projlen=111: 272951 braids
    projlen=112: 175412 braids
    projlen=113: 357877 braids
    projlen=114: 179971 braids
    projlen=115: 345626 braids
    projlen=116: 190288 braids
    projlen=117: 336614 braids
    projlen=118: 186285 braids
    projlen=119: 332943 braids
    projlen=120: 194098 braids
    projlen=121: 330306 braids
    projlen=122: 191092 braids
    projlen=123: 336672 braids
    projlen=124: 167710 braids
    projlen=125: 344751 braids
    projlen=126: 157395 braids
    projlen=127: 345796 braids
    projlen=128: 153982 braids
    projlen=129: 308677 braids
    projlen=130: 80335 braids
  Braids kept: 1112082 (in 28 buckets, 3.24 GB CPU)
  ⚡ Timing: matmul=0.17s, sampling=27.41s, total=36.30s
============================================================
Level 192 - SAMPLING
============================================================
  Starting braids: 962082
  Candidates to generate: 5068220
  Processing in 51 chunks...
  Projlen distribution:
    projlen=104: 14 braids
    projlen=105: 115 braids
    projlen=106: 206 braids
    projlen=107: 2816 braids
    projlen=108: 2642 braids
    projlen=109: 33542 braids
    projlen=110: 25344 braids
    projlen=111: 259143 braids
    projlen=112: 178462 braids
    projlen=113: 360649 braids
    projlen=114: 173141 braids
    projlen=115: 352448 braids
    projlen=116: 171687 braids
    projlen=117: 341082 braids
    projlen=118: 192678 braids
    projlen=119: 329930 braids
    projlen=120: 196420 braids
    projlen=121: 326473 braids
    projlen=122: 203587 braids
    projlen=123: 323430 braids
    projlen=124: 202101 braids
    projlen=125: 330007 braids
    projlen=126: 176900 braids
    projlen=127: 340482 braids
    projlen=128: 158239 braids
    projlen=129: 306383 braids
    projlen=130: 80299 braids
  Braids kept: 1064679 (in 27 buckets, 3.12 GB CPU)
  ⚡ Timing: matmul=0.19s, sampling=26.68s, total=35.48s
============================================================
Level 193 - SAMPLING
============================================================
  Starting braids: 964679
  Candidates to generate: 5080585
  Processing in 51 chunks...
  Projlen distribution:
    projlen=104: 7 braids
    projlen=105: 79 braids
    projlen=106: 151 braids
    projlen=107: 1173 braids
    projlen=108: 1422 braids
    projlen=109: 17062 braids
    projlen=110: 13805 braids
    projlen=111: 167532 braids
    projlen=112: 111010 braids
    projlen=113: 303515 braids
    projlen=114: 177265 braids
    projlen=115: 356907 braids
    projlen=116: 164144 braids
    projlen=117: 348477 braids
    projlen=118: 172138 braids
    projlen=119: 336276 braids
    projlen=120: 197659 braids
    projlen=121: 324185 braids
    projlen=122: 206907 braids
    projlen=123: 320176 braids
    projlen=124: 212433 braids
    projlen=125: 317692 braids
    projlen=126: 214613 braids
    projlen=127: 323064 braids
    projlen=128: 187596 braids
    projlen=129: 330487 braids
    projlen=130: 159425 braids
    projlen=131: 115385 braids
  Braids kept: 1083699 (in 28 buckets, 3.19 GB CPU)
  ⚡ Timing: matmul=0.20s, sampling=26.93s, total=35.67s
============================================================
Level 194 - SAMPLING
============================================================
  Starting braids: 983699
  Candidates to generate: 5230721
  Processing in 53 chunks...
  Projlen distribution:
    projlen=104: 5 braids
    projlen=105: 55 braids
    projlen=106: 87 braids
    projlen=107: 906 braids
    projlen=108: 1032 braids
    projlen=109: 8599 braids
    projlen=110: 7590 braids
    projlen=111: 87232 braids
    projlen=112: 59055 braids
    projlen=113: 278078 braids
    projlen=114: 180883 braids
    projlen=115: 360172 braids
    projlen=116: 170918 braids
    projlen=117: 353855 braids
    projlen=118: 162785 braids
    projlen=119: 345022 braids
    projlen=120: 175307 braids
    projlen=121: 331863 braids
    projlen=122: 204175 braids
    projlen=123: 318216 braids
    projlen=124: 216495 braids
    projlen=125: 313635 braids
    projlen=126: 222656 braids
    projlen=127: 312141 braids
    projlen=128: 225150 braids
    projlen=129: 313886 braids
    projlen=130: 199940 braids
    projlen=131: 296116 braids
    projlen=132: 84867 braids
  Braids kept: 1118274 (in 29 buckets, 3.31 GB CPU)
  ⚡ Timing: matmul=0.17s, sampling=28.40s, total=37.48s
============================================================
Level 195 - SAMPLING
============================================================
  Starting braids: 968274
  Candidates to generate: 5156544
  Processing in 52 chunks...
  Projlen distribution:
    projlen=104: 3 braids
    projlen=105: 39 braids
    projlen=106: 60 braids
    projlen=107: 566 braids
    projlen=108: 641 braids
    projlen=109: 6796 braids
    projlen=110: 5850 braids
    projlen=111: 48592 braids
    projlen=112: 34630 braids
    projlen=113: 264277 braids
    projlen=114: 177791 braids
    projlen=115: 362497 braids
    projlen=116: 176374 braids
    projlen=117: 355906 braids
    projlen=118: 165510 braids
    projlen=119: 349111 braids
    projlen=120: 163534 braids
    projlen=121: 340583 braids
    projlen=122: 179940 braids
    projlen=123: 327328 braids
    projlen=124: 210809 braids
    projlen=125: 313197 braids
    projlen=126: 226575 braids
    projlen=127: 307453 braids
    projlen=128: 231661 braids
    projlen=129: 304796 braids
    projlen=130: 231778 braids
    projlen=131: 280040 braids
    projlen=132: 90207 braids
  Braids kept: 1097177 (in 29 buckets, 3.26 GB CPU)
  ⚡ Timing: matmul=0.19s, sampling=27.76s, total=36.73s
============================================================
Level 196 - SAMPLING
============================================================
  Starting braids: 997177
  Candidates to generate: 5308341
  Processing in 54 chunks...
  Projlen distribution:
    projlen=104: 2 braids
    projlen=105: 20 braids
    projlen=106: 39 braids
    projlen=107: 359 braids
    projlen=108: 451 braids
    projlen=109: 4157 braids
    projlen=110: 3932 braids
    projlen=111: 40139 braids
    projlen=112: 29747 braids
    projlen=113: 243921 braids
    projlen=114: 153308 braids
    projlen=115: 327348 braids
    projlen=116: 176193 braids
    projlen=117: 357424 braids
    projlen=118: 166949 braids
    projlen=119: 350391 braids
    projlen=120: 166199 braids
    projlen=121: 345103 braids
    projlen=122: 166262 braids
    projlen=123: 337804 braids
    projlen=124: 187443 braids
    projlen=125: 324367 braids
    projlen=126: 217675 braids
    projlen=127: 308477 braids
    projlen=128: 233577 braids
    projlen=129: 301068 braids
    projlen=130: 238154 braids
    projlen=131: 294017 braids
    projlen=132: 229214 braids
    projlen=133: 104601 braids
  Braids kept: 1128846 (in 30 buckets, 3.37 GB CPU)
  ⚡ Timing: matmul=0.17s, sampling=28.62s, total=37.87s
============================================================
Level 197 - SAMPLING
============================================================
  Starting braids: 978846
  Candidates to generate: 5195772
  Processing in 52 chunks...
  Projlen distribution:
    projlen=105: 18 braids
    projlen=106: 26 braids
    projlen=107: 220 braids
    projlen=108: 268 braids
    projlen=109: 2729 braids
    projlen=110: 2709 braids
    projlen=111: 25524 braids
    projlen=112: 20269 braids
    projlen=113: 201280 braids
    projlen=114: 129854 braids
    projlen=115: 317409 braids
    projlen=116: 177465 braids
    projlen=117: 361311 braids
    projlen=118: 167617 braids
    projlen=119: 353389 braids
    projlen=120: 165713 braids
    projlen=121: 345570 braids
    projlen=122: 168596 braids
    projlen=123: 341877 braids
    projlen=124: 171323 braids
    projlen=125: 332774 braids
    projlen=126: 194614 braids
    projlen=127: 319023 braids
    projlen=128: 223577 braids
    projlen=129: 303904 braids
    projlen=130: 240298 braids
    projlen=131: 292577 braids
    projlen=132: 231996 braids
    projlen=133: 103842 braids
  Braids kept: 1101763 (in 29 buckets, 3.30 GB CPU)
  ⚡ Timing: matmul=0.21s, sampling=27.91s, total=37.01s
============================================================
Level 198 - SAMPLING
============================================================
  Starting braids: 951763
  Candidates to generate: 5028903
  Processing in 51 chunks...
  Projlen distribution:
    projlen=105: 6 braids
    projlen=106: 14 braids
    projlen=107: 158 braids
    projlen=108: 190 braids
    projlen=109: 1712 braids
    projlen=110: 1718 braids
    projlen=111: 17353 braids
    projlen=112: 14225 braids
    projlen=113: 130573 braids
    projlen=114: 87040 braids
    projlen=115: 294500 braids
    projlen=116: 177326 braids
    projlen=117: 361336 braids
    projlen=118: 168360 braids
    projlen=119: 355511 braids
    projlen=120: 162616 braids
    projlen=121: 348538 braids
    projlen=122: 167072 braids
    projlen=123: 342467 braids
    projlen=124: 173286 braids
    projlen=125: 337991 braids
    projlen=126: 178422 braids
    projlen=127: 329985 braids
    projlen=128: 202454 braids
    projlen=129: 314470 braids
    projlen=130: 229396 braids
    projlen=131: 296346 braids
    projlen=132: 231899 braids
    projlen=133: 103939 braids
  Braids kept: 1085376 (in 29 buckets, 3.26 GB CPU)
  ⚡ Timing: matmul=0.17s, sampling=27.54s, total=36.39s
============================================================
Level 199 - SAMPLING
============================================================
  Starting braids: 985376
  Candidates to generate: 5203008
  Processing in 53 chunks...
  Projlen distribution:
    projlen=106: 2 braids
    projlen=107: 51 braids
    projlen=108: 97 braids
    projlen=109: 1167 braids
    projlen=110: 1252 braids
    projlen=111: 11021 braids
    projlen=112: 9344 braids
    projlen=113: 90537 braids
    projlen=114: 63001 braids
    projlen=115: 280104 braids
    projlen=116: 179346 braids
    projlen=117: 361608 braids
    projlen=118: 170332 braids
    projlen=119: 356504 braids
    projlen=120: 162156 braids
    projlen=121: 351351 braids
    projlen=122: 162858 braids
    projlen=123: 344950 braids
    projlen=124: 170783 braids
    projlen=125: 338723 braids
    projlen=126: 179712 braids
    projlen=127: 333513 braids
    projlen=128: 186470 braids
    projlen=129: 326254 braids
    projlen=130: 210399 braids
    projlen=131: 309628 braids
    projlen=132: 232671 braids
    projlen=133: 276539 braids
    projlen=134: 92635 braids
  Braids kept: 1122934 (in 29 buckets, 3.39 GB CPU)
  ⚡ Timing: matmul=0.16s, sampling=28.75s, total=37.84s
============================================================
Level 200 - SAMPLING
============================================================
  Starting braids: 972934
  Candidates to generate: 5125450
  Processing in 52 chunks...
  Projlen distribution:
    projlen=107: 12 braids
    projlen=108: 33 braids
    projlen=109: 454 braids
    projlen=110: 656 braids
    projlen=111: 7433 braids
    projlen=112: 6772 braids
    projlen=113: 58609 braids
    projlen=114: 43104 braids
    projlen=115: 268275 braids
    projlen=116: 182905 braids
    projlen=117: 362134 braids
    projlen=118: 174650 braids
    projlen=119: 357372 braids
    projlen=120: 162291 braids
    projlen=121: 352168 braids
    projlen=122: 160976 braids
    projlen=123: 347452 braids
    projlen=124: 164400 braids
    projlen=125: 342112 braids
    projlen=126: 176792 braids
    projlen=127: 334310 braids
    projlen=128: 187380 braids
    projlen=129: 328737 braids
    projlen=130: 195817 braids
    projlen=131: 321060 braids
    projlen=132: 215537 braids
    projlen=133: 284712 braids
    projlen=134: 89297 braids
  Braids kept: 1108464 (in 28 buckets, 3.35 GB CPU)
  ⚡ Timing: matmul=0.17s, sampling=27.97s, total=37.04s
============================================================
Level 201 - SAMPLING
============================================================
  Starting braids: 958464
  Candidates to generate: 5050012
  Processing in 51 chunks...
  Projlen distribution:
    projlen=106: 1 braids
    projlen=107: 2 braids
    projlen=108: 15 braids
    projlen=109: 201 braids
    projlen=110: 282 braids
    projlen=111: 3343 braids
    projlen=112: 3780 braids
    projlen=113: 40701 braids
    projlen=114: 32865 braids
    projlen=115: 254266 braids
    projlen=116: 174701 braids
    projlen=117: 344333 braids
    projlen=118: 180243 braids
    projlen=119: 356988 braids
    projlen=120: 166121 braids
    projlen=121: 352896 braids
    projlen=122: 160232 braids
    projlen=123: 349005 braids
    projlen=124: 162428 braids
    projlen=125: 344660 braids
    projlen=126: 168444 braids
    projlen=127: 339221 braids
    projlen=128: 183507 braids
    projlen=129: 330397 braids
    projlen=130: 196177 braids
    projlen=131: 323026 braids
    projlen=132: 204348 braids
    projlen=133: 291285 braids
    projlen=134: 86544 braids
  Braids kept: 1081190 (in 29 buckets, 3.28 GB CPU)
  ⚡ Timing: matmul=0.18s, sampling=27.35s, total=36.27s
============================================================
Level 202 - SAMPLING
============================================================
  Starting braids: 981190
  Candidates to generate: 5152456
  Processing in 52 chunks...
  Projlen distribution:
    projlen=105: 1 braids
    projlen=107: 10 braids
    projlen=108: 7 braids
    projlen=109: 76 braids
    projlen=110: 146 braids
    projlen=111: 1718 braids
    projlen=112: 1861 braids
    projlen=113: 20841 braids
    projlen=114: 19275 braids
    projlen=115: 200306 braids
    projlen=116: 141808 braids
    projlen=117: 317922 braids
    projlen=118: 185073 braids
    projlen=119: 355027 braids
    projlen=120: 172036 braids
    projlen=121: 351721 braids
    projlen=122: 164369 braids
    projlen=123: 348698 braids
    projlen=124: 161270 braids
    projlen=125: 345833 braids
    projlen=126: 164684 braids
    projlen=127: 341235 braids
    projlen=128: 172871 braids
    projlen=129: 334990 braids
    projlen=130: 190574 braids
    projlen=131: 325835 braids
    projlen=132: 205205 braids
    projlen=133: 313908 braids
    projlen=134: 205734 braids
    projlen=135: 109422 braids
  Braids kept: 1093935 (in 30 buckets, 3.34 GB CPU)
  ⚡ Timing: matmul=0.18s, sampling=28.65s, total=37.79s
============================================================
Level 203 - SAMPLING
============================================================
  Starting braids: 993935
  Candidates to generate: 5232363
  Processing in 53 chunks...
  Projlen distribution:
    projlen=103: 1 braids
    projlen=104: 1 braids
    projlen=105: 5 braids
    projlen=106: 5 braids
    projlen=107: 10 braids
    projlen=108: 17 braids
    projlen=109: 72 braids
    projlen=110: 82 braids
    projlen=111: 748 braids
    projlen=112: 1022 braids
    projlen=113: 11805 braids
    projlen=114: 10174 braids
    projlen=115: 107329 braids
    projlen=116: 81247 braids
    projlen=117: 285736 braids
    projlen=118: 189659 braids
    projlen=119: 353836 braids
    projlen=120: 179174 braids
    projlen=121: 350237 braids
    projlen=122: 170936 braids
    projlen=123: 346919 braids
    projlen=124: 167015 braids
    projlen=125: 344717 braids
    projlen=126: 163664 braids
    projlen=127: 342637 braids
    projlen=128: 168747 braids
    projlen=129: 338571 braids
    projlen=130: 180217 braids
    projlen=131: 330884 braids
    projlen=132: 198631 braids
    projlen=133: 319480 braids
    projlen=134: 212806 braids
    projlen=135: 287574 braids
    projlen=136: 88405 braids
  Braids kept: 1123942 (in 34 buckets, 3.45 GB CPU)
  ⚡ Timing: matmul=0.18s, sampling=29.83s, total=39.18s
============================================================
Level 204 - SAMPLING
============================================================
  Starting braids: 973942
  Candidates to generate: 5132198
  Processing in 52 chunks...
  Projlen distribution:
    projlen=103: 3 braids
    projlen=104: 4 braids
    projlen=105: 7 braids
    projlen=106: 7 braids
    projlen=107: 39 braids
    projlen=108: 19 braids
    projlen=109: 108 braids
    projlen=110: 93 braids
    projlen=111: 577 braids
    projlen=112: 600 braids
    projlen=113: 5777 braids
    projlen=114: 5911 braids
    projlen=115: 63686 braids
    projlen=116: 45334 braids
    projlen=117: 264875 braids
    projlen=118: 192694 braids
    projlen=119: 354031 braids
    projlen=120: 186314 braids
    projlen=121: 347320 braids
    projlen=122: 177024 braids
    projlen=123: 343741 braids
    projlen=124: 174718 braids
    projlen=125: 342156 braids
    projlen=126: 171661 braids
    projlen=127: 341637 braids
    projlen=128: 167973 braids
    projlen=129: 340521 braids
    projlen=130: 174211 braids
    projlen=131: 335044 braids
    projlen=132: 187940 braids
    projlen=133: 324887 braids
    projlen=134: 205272 braids
    projlen=135: 290779 braids
    projlen=136: 87235 braids
  Braids kept: 1108479 (in 34 buckets, 3.41 GB CPU)
  ⚡ Timing: matmul=0.17s, sampling=28.69s, total=37.91s
============================================================
Level 205 - SAMPLING
============================================================
  Starting braids: 958479
  Candidates to generate: 5060267
  Processing in 51 chunks...
  Projlen distribution:
    projlen=104: 1 braids
    projlen=105: 24 braids
    projlen=106: 20 braids
    projlen=107: 50 braids
    projlen=108: 35 braids
    projlen=109: 217 braids
    projlen=110: 136 braids
    projlen=111: 709 braids
    projlen=112: 576 braids
    projlen=113: 4217 braids
    projlen=114: 3628 braids
    projlen=115: 34313 braids
    projlen=116: 28454 braids
    projlen=117: 257741 braids
    projlen=118: 175112 braids
    projlen=119: 345711 braids
    projlen=120: 191340 braids
    projlen=121: 346717 braids
    projlen=122: 182494 braids
    projlen=123: 341252 braids
    projlen=124: 181251 braids
    projlen=125: 336980 braids
    projlen=126: 180891 braids
    projlen=127: 337126 braids
    projlen=128: 178476 braids
    projlen=129: 337854 braids
    projlen=130: 174012 braids
    projlen=131: 335946 braids
    projlen=132: 181032 braids
    projlen=133: 329396 braids
    projlen=134: 193997 braids
    projlen=135: 294943 braids
    projlen=136: 85616 braids
  Braids kept: 1072380 (in 33 buckets, 3.31 GB CPU)
  ⚡ Timing: matmul=0.20s, sampling=28.03s, total=37.16s
============================================================
Level 206 - SAMPLING
============================================================
  Starting braids: 972380
  Candidates to generate: 5130786
  Processing in 52 chunks...
  Projlen distribution:
    projlen=104: 2 braids
    projlen=105: 1 braids
    projlen=106: 8 braids
    projlen=107: 128 braids
    projlen=108: 99 braids
    projlen=109: 301 braids
    projlen=110: 181 braids
    projlen=111: 1177 braids
    projlen=112: 807 braids
    projlen=113: 4418 braids
    projlen=114: 3334 braids
    projlen=115: 25620 braids
    projlen=116: 19085 braids
    projlen=117: 173952 braids
    projlen=118: 122405 braids
    projlen=119: 309915 braids
    projlen=120: 179858 braids
    projlen=121: 352313 braids
    projlen=122: 183096 braids
    projlen=123: 340596 braids
    projlen=124: 186293 braids
    projlen=125: 334339 braids
    projlen=126: 188361 braids
    projlen=127: 331524 braids
    projlen=128: 189420 braids
    projlen=129: 331855 braids
    projlen=130: 187677 braids
    projlen=131: 332911 braids
    projlen=132: 182349 braids
    projlen=133: 331436 braids
    projlen=134: 188805 braids
    projlen=135: 321034 braids
    projlen=136: 196331 braids
    projlen=137: 111155 braids
  Braids kept: 1105161 (in 34 buckets, 3.43 GB CPU)
  ⚡ Timing: matmul=0.17s, sampling=29.25s, total=38.40s
============================================================
Level 207 - SAMPLING
============================================================
  Starting braids: 955161
  Candidates to generate: 5051923
  Processing in 51 chunks...
  Projlen distribution:
    projlen=105: 6 braids
    projlen=106: 9 braids
    projlen=107: 31 braids
    projlen=108: 35 braids
    projlen=109: 653 braids
    projlen=110: 465 braids
    projlen=111: 1696 braids
    projlen=112: 997 braids
    projlen=113: 6416 braids
    projlen=114: 4357 braids
    projlen=115: 25351 braids
    projlen=116: 17062 braids
    projlen=117: 131158 braids
    projlen=118: 83847 braids
    projlen=119: 287548 braids
    projlen=120: 188442 braids
    projlen=121: 357246 braids
    projlen=122: 174062 braids
    projlen=123: 347769 braids
    projlen=124: 183538 braids
    projlen=125: 334639 braids
    projlen=126: 192655 braids
    projlen=127: 328854 braids
    projlen=128: 197487 braids
    projlen=129: 325877 braids
    projlen=130: 199471 braids
    projlen=131: 325225 braids
    projlen=132: 197768 braids
    projlen=133: 326535 braids
    projlen=134: 191741 braids
    projlen=135: 321022 braids
    projlen=136: 189012 braids
    projlen=137: 110949 braids
  Braids kept: 1107078 (in 33 buckets, 3.44 GB CPU)
  ⚡ Timing: matmul=0.18s, sampling=28.81s, total=37.84s
============================================================
Level 208 - SAMPLING
============================================================
  Starting braids: 957078
  Candidates to generate: 5073154
  Processing in 51 chunks...
  Projlen distribution:
    projlen=106: 2 braids
    projlen=107: 54 braids
    projlen=108: 47 braids
    projlen=109: 239 braids
    projlen=110: 184 braids
    projlen=111: 3225 braids
    projlen=112: 2235 braids
    projlen=113: 9236 braids
    projlen=114: 5437 braids
    projlen=115: 34212 braids
    projlen=116: 21991 braids
    projlen=117: 128291 braids
    projlen=118: 77800 braids
    projlen=119: 286055 braids
    projlen=120: 176470 braids
    projlen=121: 358642 braids
    projlen=122: 184004 braids
    projlen=123: 350028 braids
    projlen=124: 169892 braids
    projlen=125: 342061 braids
    projlen=126: 187188 braids
    projlen=127: 328897 braids
    projlen=128: 201461 braids
    projlen=129: 322476 braids
    projlen=130: 207208 braids
    projlen=131: 320064 braids
    projlen=132: 210022 braids
    projlen=133: 319077 braids
    projlen=134: 207758 braids
    projlen=135: 314762 braids
    projlen=136: 194738 braids
    projlen=137: 109398 braids
  Braids kept: 1126862 (in 32 buckets, 3.50 GB CPU)
  ⚡ Timing: matmul=0.20s, sampling=29.10s, total=38.21s
============================================================
Level 209 - SAMPLING
============================================================
  Starting braids: 976862
  Candidates to generate: 5190322
  Processing in 52 chunks...
  Projlen distribution:
    projlen=107: 6 braids
    projlen=108: 19 braids
    projlen=109: 304 braids
    projlen=110: 242 braids
    projlen=111: 1443 braids
    projlen=112: 997 braids
    projlen=113: 15906 braids
    projlen=114: 10880 braids
    projlen=115: 48755 braids
    projlen=116: 28327 braids
    projlen=117: 170744 braids
    projlen=118: 102176 braids
    projlen=119: 296192 braids
    projlen=120: 172999 braids
    projlen=121: 361505 braids
    projlen=122: 171238 braids
    projlen=123: 353450 braids
    projlen=124: 177614 braids
    projlen=125: 344182 braids
    projlen=126: 172548 braids
    projlen=127: 337514 braids
    projlen=128: 193584 braids
    projlen=129: 325026 braids
    projlen=130: 211354 braids
    projlen=131: 317052 braids
    projlen=132: 217945 braids
    projlen=133: 313221 braids
    projlen=134: 220068 braids
    projlen=135: 308311 braids
    projlen=136: 208794 braids
    projlen=137: 107926 braids
  Braids kept: 1156879 (in 31 buckets, 3.59 GB CPU)
  ⚡ Timing: matmul=0.20s, sampling=30.06s, total=39.36s
============================================================
Level 210 - SAMPLING
============================================================
  Starting braids: 956879
  Candidates to generate: 5086849
  Processing in 51 chunks...
  Projlen distribution:
    projlen=108: 5 braids
    projlen=109: 87 braids
    projlen=110: 113 braids
    projlen=111: 1579 braids
    projlen=112: 1174 braids
    projlen=113: 7938 braids
    projlen=114: 5430 braids
    projlen=115: 77997 braids
    projlen=116: 52035 braids
    projlen=117: 244610 braids
    projlen=118: 136569 braids
    projlen=119: 311370 braids
    projlen=120: 172903 braids
    projlen=121: 361257 braids
    projlen=122: 168674 braids
    projlen=123: 357095 braids
    projlen=124: 162006 braids
    projlen=125: 348097 braids
    projlen=126: 178092 braids
    projlen=127: 339192 braids
    projlen=128: 179350 braids
    projlen=129: 332204 braids
    projlen=130: 199792 braids
    projlen=131: 320509 braids
    projlen=132: 221057 braids
    projlen=133: 310914 braids
    projlen=134: 225141 braids
    projlen=135: 282284 braids
    projlen=136: 89375 braids
  Braids kept: 1116326 (in 29 buckets, 3.46 GB CPU)
  ⚡ Timing: matmul=0.20s, sampling=29.96s, total=39.15s
============================================================
Level 211 - SAMPLING
============================================================
  Starting braids: 966326
  Candidates to generate: 5097616
  Processing in 51 chunks...
  Projlen distribution:
    projlen=109: 32 braids
    projlen=110: 48 braids
    projlen=111: 682 braids
    projlen=112: 649 braids
    projlen=113: 8035 braids
    projlen=114: 5674 braids
    projlen=115: 41092 braids
    projlen=116: 26371 braids
    projlen=117: 255008 braids
    projlen=118: 176116 braids
    projlen=119: 361395 braids
    projlen=120: 172152 braids
    projlen=121: 361037 braids
    projlen=122: 167300 braids
    projlen=123: 357218 braids
    projlen=124: 161686 braids
    projlen=125: 353138 braids
    projlen=126: 159948 braids
    projlen=127: 343485 braids
    projlen=128: 181063 braids
    projlen=129: 334182 braids
    projlen=130: 187874 braids
    projlen=131: 326117 braids
    projlen=132: 206354 braids
    projlen=133: 313578 braids
    projlen=134: 225743 braids
    projlen=135: 281403 braids
    projlen=136: 90236 braids
  Braids kept: 1082583 (in 28 buckets, 3.37 GB CPU)
  ⚡ Timing: matmul=0.21s, sampling=29.57s, total=38.76s
============================================================
Level 212 - SAMPLING
============================================================
  Starting braids: 982583
  Candidates to generate: 5153893
  Processing in 52 chunks...
  Projlen distribution:
    projlen=108: 1 braids
    projlen=109: 8 braids
    projlen=110: 14 braids
    projlen=111: 309 braids
    projlen=112: 335 braids
    projlen=113: 4248 braids
    projlen=114: 3504 braids
    projlen=115: 40621 braids
    projlen=116: 27173 braids
    projlen=117: 200674 braids
    projlen=118: 119080 braids
    projlen=119: 302605 braids
    projlen=120: 176187 braids
    projlen=121: 356138 braids
    projlen=122: 163821 braids
    projlen=123: 355026 braids
    projlen=124: 160464 braids
    projlen=125: 352933 braids
    projlen=126: 159766 braids
    projlen=127: 349553 braids
    projlen=128: 160231 braids
    projlen=129: 340673 braids
    projlen=130: 186938 braids
    projlen=131: 329193 braids
    projlen=132: 197652 braids
    projlen=133: 320767 braids
    projlen=134: 213601 braids
    projlen=135: 304747 braids
    projlen=136: 221445 braids
    projlen=137: 106186 braids
  Braids kept: 1126213 (in 30 buckets, 3.52 GB CPU)
  ⚡ Timing: matmul=0.20s, sampling=30.64s, total=39.95s
============================================================
Level 213 - SAMPLING
============================================================
  Starting braids: 976213
  Candidates to generate: 5102261
  Processing in 52 chunks...
  Projlen distribution:
    projlen=109: 3 braids
    projlen=110: 5 braids
    projlen=111: 101 braids
    projlen=112: 142 braids
    projlen=113: 2169 braids
    projlen=114: 2030 braids
    projlen=115: 24012 braids
    projlen=116: 17532 braids
    projlen=117: 192896 braids
    projlen=118: 119740 braids
    projlen=119: 305718 braids
    projlen=120: 171083 braids
    projlen=121: 359718 braids
    projlen=122: 170689 braids
    projlen=123: 352668 braids
    projlen=124: 162364 braids
    projlen=125: 350667 braids
    projlen=126: 159928 braids
    projlen=127: 348626 braids
    projlen=128: 159611 braids
    projlen=129: 346519 braids
    projlen=130: 162271 braids
    projlen=131: 337542 braids
    projlen=132: 192990 braids
    projlen=133: 324709 braids
    projlen=134: 207568 braids
    projlen=135: 312127 braids
    projlen=136: 210268 braids
    projlen=137: 108565 braids
  Braids kept: 1095994 (in 29 buckets, 3.43 GB CPU)
  ⚡ Timing: matmul=0.17s, sampling=29.45s, total=38.67s
============================================================
Level 214 - SAMPLING
============================================================
  Starting braids: 995994
  Candidates to generate: 5204772
  Processing in 53 chunks...
  Projlen distribution:
    projlen=111: 32 braids
    projlen=112: 55 braids
    projlen=113: 888 braids
    projlen=114: 1010 braids
    projlen=115: 13300 braids
    projlen=116: 10557 braids
    projlen=117: 117404 braids
    projlen=118: 75223 braids
    projlen=119: 283977 braids
    projlen=120: 172851 braids
    projlen=121: 360324 braids
    projlen=122: 165315 braids
    projlen=123: 355527 braids
    projlen=124: 164822 braids
    projlen=125: 349856 braids
    projlen=126: 164190 braids
    projlen=127: 347452 braids
    projlen=128: 161116 braids
    projlen=129: 345575 braids
    projlen=130: 161789 braids
    projlen=131: 344169 braids
    projlen=132: 165677 braids
    projlen=133: 334493 braids
    projlen=134: 199050 braids
    projlen=135: 318367 braids
    projlen=136: 215789 braids
    projlen=137: 287231 braids
    projlen=138: 88733 braids
  Braids kept: 1125842 (in 28 buckets, 3.55 GB CPU)
  ⚡ Timing: matmul=0.16s, sampling=30.98s, total=40.47s
============================================================
Level 215 - SAMPLING
============================================================
  Starting braids: 975842
  Candidates to generate: 5083502
  Processing in 51 chunks...
  Projlen distribution:
    projlen=111: 4 braids
    projlen=112: 19 braids
    projlen=113: 370 braids
    projlen=114: 478 braids
    projlen=115: 6274 braids
    projlen=116: 5436 braids
    projlen=117: 67849 braids
    projlen=118: 45701 braids
    projlen=119: 266826 braids
    projlen=120: 173384 braids
    projlen=121: 360606 braids
    projlen=122: 168070 braids
    projlen=123: 357626 braids
    projlen=124: 158775 braids
    projlen=125: 351978 braids
    projlen=126: 164200 braids
    projlen=127: 345655 braids
    projlen=128: 166516 braids
    projlen=129: 344093 braids
    projlen=130: 164296 braids
    projlen=131: 344215 braids
    projlen=132: 164905 braids
    projlen=133: 342521 braids
    projlen=134: 171312 braids
    projlen=135: 330719 braids
    projlen=136: 203498 braids
    projlen=137: 290440 braids
    projlen=138: 87736 braids
  Braids kept: 1108282 (in 28 buckets, 3.50 GB CPU)
  ⚡ Timing: matmul=0.20s, sampling=29.50s, total=38.77s
============================================================
Level 216 - SAMPLING
============================================================
  Starting braids: 958282
  Candidates to generate: 4986632
  Processing in 50 chunks...
  Projlen distribution:
    projlen=111: 3 braids
    projlen=112: 15 braids
    projlen=113: 143 braids
    projlen=114: 236 braids
    projlen=115: 2982 braids
    projlen=116: 2899 braids
    projlen=117: 34831 braids
    projlen=118: 25677 braids
    projlen=119: 254550 braids
    projlen=120: 168113 braids
    projlen=121: 349278 braids
    projlen=122: 171468 braids
    projlen=123: 357928 braids
    projlen=124: 159021 braids
    projlen=125: 354603 braids
    projlen=126: 156583 braids
    projlen=127: 348685 braids
    projlen=128: 165844 braids
    projlen=129: 343478 braids
    projlen=130: 171451 braids
    projlen=131: 341474 braids
    projlen=132: 169028 braids
    projlen=133: 341181 braids
    projlen=134: 169412 braids
    projlen=135: 338052 braids
    projlen=136: 175288 braids
    projlen=137: 301869 braids
    projlen=138: 82540 braids
  Braids kept: 1066786 (in 28 buckets, 3.38 GB CPU)
  ⚡ Timing: matmul=0.20s, sampling=28.82s, total=37.91s
============================================================
Level 217 - SAMPLING
============================================================
  Starting braids: 966786
  Candidates to generate: 5015306
  Processing in 51 chunks...
  Projlen distribution:
    projlen=111: 1 braids
    projlen=112: 8 braids
    projlen=113: 106 braids
    projlen=114: 166 braids
    projlen=115: 1478 braids
    projlen=116: 1621 braids
    projlen=117: 18613 braids
    projlen=118: 15071 braids
    projlen=119: 171131 braids
    projlen=120: 110048 braids
    projlen=121: 303714 braids
    projlen=122: 174199 braids
    projlen=123: 358682 braids
    projlen=124: 161591 braids
    projlen=125: 355112 braids
    projlen=126: 155614 braids
    projlen=127: 352042 braids
    projlen=128: 155589 braids
    projlen=129: 346593 braids
    projlen=130: 168875 braids
    projlen=131: 339572 braids
    projlen=132: 177172 braids
    projlen=133: 337948 braids
    projlen=134: 175756 braids
    projlen=135: 338153 braids
    projlen=136: 175678 braids
    projlen=137: 330065 braids
    projlen=138: 176755 braids
    projlen=139: 113953 braids
  Braids kept: 1087064 (in 29 buckets, 3.46 GB CPU)
  ⚡ Timing: matmul=0.16s, sampling=28.69s, total=37.90s
============================================================
Level 218 - SAMPLING
============================================================
  Starting braids: 987064
  Candidates to generate: 5145682
  Processing in 52 chunks...
  Projlen distribution:
    projlen=111: 5 braids
    projlen=112: 5 braids
    projlen=113: 56 braids
    projlen=114: 102 braids
    projlen=115: 1013 braids
    projlen=116: 1108 braids
    projlen=117: 10462 braids
    projlen=118: 8725 braids
    projlen=119: 96259 braids
    projlen=120: 64520 braids
    projlen=121: 280912 braids
    projlen=122: 175282 braids
    projlen=123: 361109 braids
    projlen=124: 166114 braids
    projlen=125: 355133 braids
    projlen=126: 157142 braids
    projlen=127: 351761 braids
    projlen=128: 155124 braids
    projlen=129: 349418 braids
    projlen=130: 154855 braids
    projlen=131: 344701 braids
    projlen=132: 172837 braids
    projlen=133: 336406 braids
    projlen=134: 185254 braids
    projlen=135: 332952 braids
    projlen=136: 184575 braids
    projlen=137: 332633 braids
    projlen=138: 182335 braids
    projlen=139: 301153 braids
    projlen=140: 83731 braids
  Braids kept: 1121476 (in 30 buckets, 3.59 GB CPU)
  ⚡ Timing: matmul=0.18s, sampling=31.09s, total=40.55s
============================================================
Level 219 - SAMPLING
============================================================
  Starting braids: 971476
  Candidates to generate: 5073082
  Processing in 51 chunks...
  Projlen distribution:
    projlen=111: 8 braids
    projlen=112: 7 braids
    projlen=113: 55 braids
    projlen=114: 64 braids
    projlen=115: 599 braids
    projlen=116: 704 braids
    projlen=117: 7093 braids
    projlen=118: 5982 braids
    projlen=119: 57061 braids
    projlen=120: 39497 braids
    projlen=121: 269413 braids
    projlen=122: 177076 braids
    projlen=123: 363111 braids
    projlen=124: 169836 braids
    projlen=125: 358031 braids
    projlen=126: 158732 braids
    projlen=127: 353352 braids
    projlen=128: 155966 braids
    projlen=129: 350555 braids
    projlen=130: 155177 braids
    projlen=131: 348561 braids
    projlen=132: 155563 braids
    projlen=133: 342678 braids
    projlen=134: 177518 braids
    projlen=135: 332520 braids
    projlen=136: 193951 braids
    projlen=137: 326455 braids
    projlen=138: 192403 braids
    projlen=139: 296551 braids
    projlen=140: 84563 braids
  Braids kept: 1104009 (in 30 buckets, 3.54 GB CPU)
  ⚡ Timing: matmul=0.20s, sampling=29.97s, total=39.37s
============================================================
Level 220 - SAMPLING
============================================================
  Starting braids: 954009
  Candidates to generate: 4985039
  Processing in 50 chunks...
  Projlen distribution:
    projlen=111: 6 braids
    projlen=112: 7 braids
    projlen=113: 63 braids
    projlen=114: 61 braids
    projlen=115: 434 braids
    projlen=116: 441 braids
    projlen=117: 4494 braids
    projlen=118: 3935 braids
    projlen=119: 39980 braids
    projlen=120: 29089 braids
    projlen=121: 254612 braids
    projlen=122: 162243 braids
    projlen=123: 339852 braids
    projlen=124: 173025 braids
    projlen=125: 358720 braids
    projlen=126: 159023 braids
    projlen=127: 354836 braids
    projlen=128: 155923 braids
    projlen=129: 351370 braids
    projlen=130: 156332 braids
    projlen=131: 348780 braids
    projlen=132: 155557 braids
    projlen=133: 347890 braids
    projlen=134: 156701 braids
    projlen=135: 341982 braids
    projlen=136: 183040 braids
    projlen=137: 327539 braids
    projlen=138: 200408 braids
    projlen=139: 292340 braids
    projlen=140: 86356 braids
  Braids kept: 1078510 (in 30 buckets, 3.47 GB CPU)
  ⚡ Timing: matmul=0.19s, sampling=29.23s, total=38.42s
============================================================
Level 221 - SAMPLING
============================================================
  Starting braids: 978510
  Candidates to generate: 5081342
  Processing in 51 chunks...
  Projlen distribution:
    projlen=112: 1 braids
    projlen=113: 44 braids
    projlen=114: 60 braids
    projlen=115: 410 braids
    projlen=116: 374 braids
    projlen=117: 3031 braids
    projlen=118: 2651 braids
    projlen=119: 26801 braids
    projlen=120: 20207 braids
    projlen=121: 197736 braids
    projlen=122: 125989 braids
    projlen=123: 314877 braids
    projlen=124: 174759 braids
    projlen=125: 360445 braids
    projlen=126: 162292 braids
    projlen=127: 355710 braids
    projlen=128: 155719 braids
    projlen=129: 350767 braids
    projlen=130: 153954 braids
    projlen=131: 350040 braids
    projlen=132: 156609 braids
    projlen=133: 347695 braids
    projlen=134: 156274 braids
    projlen=135: 347918 braids
    projlen=136: 158322 braids
    projlen=137: 339777 braids
    projlen=138: 188324 braids
    projlen=139: 319221 braids
    projlen=140: 201417 braids
    projlen=141: 109918 braids
  Braids kept: 1103579 (in 30 buckets, 3.57 GB CPU)
  ⚡ Timing: matmul=0.20s, sampling=31.33s, total=40.77s
============================================================
Level 222 - SAMPLING
============================================================
  Starting braids: 953579
  Candidates to generate: 4927699
  Processing in 50 chunks...
  Projlen distribution:
    projlen=112: 1 braids
    projlen=113: 2 braids
    projlen=114: 12 braids
    projlen=115: 317 braids
    projlen=116: 333 braids
    projlen=117: 2615 braids
    projlen=118: 2118 braids
    projlen=119: 18466 braids
    projlen=120: 13716 braids
    projlen=121: 135076 braids
    projlen=122: 87546 braids
    projlen=123: 293798 braids
    projlen=124: 175194 braids
    projlen=125: 361016 braids
    projlen=126: 165132 braids
    projlen=127: 357462 braids
    projlen=128: 157329 braids
    projlen=129: 352756 braids
    projlen=130: 154299 braids
    projlen=131: 350360 braids
    projlen=132: 153969 braids
    projlen=133: 348227 braids
    projlen=134: 157235 braids
    projlen=135: 347167 braids
    projlen=136: 158126 braids
    projlen=137: 345632 braids
    projlen=138: 159457 braids
    projlen=139: 332122 braids
    projlen=140: 185258 braids
    projlen=141: 112958 braids
  Braids kept: 1087580 (in 30 buckets, 3.53 GB CPU)
  ⚡ Timing: matmul=0.17s, sampling=29.31s, total=38.52s
============================================================
Level 223 - SAMPLING
============================================================
  Starting braids: 987580
  Candidates to generate: 5111412
  Processing in 52 chunks...
  Projlen distribution:
    projlen=113: 4 braids
    projlen=114: 13 braids
    projlen=115: 67 braids
    projlen=116: 97 braids
    projlen=117: 2063 braids
    projlen=118: 1823 braids
    projlen=119: 15224 braids
    projlen=120: 11143 braids
    projlen=121: 94467 braids
    projlen=122: 61142 braids
    projlen=123: 280052 braids
    projlen=124: 176307 braids
    projlen=125: 364084 braids
    projlen=126: 168678 braids
    projlen=127: 357130 braids
    projlen=128: 158313 braids
    projlen=129: 353363 braids
    projlen=130: 155060 braids
    projlen=131: 350313 braids
    projlen=132: 153655 braids
    projlen=133: 349906 braids
    projlen=134: 154034 braids
    projlen=135: 347469 braids
    projlen=136: 158346 braids
    projlen=137: 345983 braids
    projlen=138: 160645 braids
    projlen=139: 342480 braids
    projlen=140: 161029 braids
    projlen=141: 306956 braids
    projlen=142: 81566 braids
  Braids kept: 1130434 (in 30 buckets, 3.68 GB CPU)
  ⚡ Timing: matmul=0.16s, sampling=31.94s, total=41.53s
============================================================
Level 224 - SAMPLING
============================================================
  Starting braids: 980434
  Candidates to generate: 5074006
  Processing in 51 chunks...
  Projlen distribution:
    projlen=113: 5 braids
    projlen=114: 5 braids
    projlen=115: 79 braids
    projlen=116: 87 braids
    projlen=117: 668 braids
    projlen=118: 715 braids
    projlen=119: 11919 braids
    projlen=120: 9350 braids
    projlen=121: 78221 braids
    projlen=122: 50919 braids
    projlen=123: 272944 braids
    projlen=124: 174816 braids
    projlen=125: 363485 braids
    projlen=126: 170790 braids
    projlen=127: 359295 braids
    projlen=128: 159159 braids
    projlen=129: 354821 braids
    projlen=130: 155831 braids
    projlen=131: 351416 braids
    projlen=132: 154131 braids
    projlen=133: 350757 braids
    projlen=134: 153684 braids
    projlen=135: 348205 braids
    projlen=136: 153553 braids
    projlen=137: 346886 braids
    projlen=138: 160666 braids
    projlen=139: 342596 braids
    projlen=140: 162261 braids
    projlen=141: 305695 braids
    projlen=142: 81047 braids
  Braids kept: 1122828 (in 30 buckets, 3.66 GB CPU)
  ⚡ Timing: matmul=0.19s, sampling=31.31s, total=40.77s
============================================================
Level 225 - SAMPLING
============================================================
  Starting braids: 972828
  Candidates to generate: 5035470
  Processing in 51 chunks...
  Projlen distribution:
    projlen=113: 8 braids
    projlen=114: 10 braids
    projlen=115: 47 braids
    projlen=116: 52 braids
    projlen=117: 637 braids
    projlen=118: 621 braids
    projlen=119: 4723 braids
    projlen=120: 4131 braids
    projlen=121: 61585 braids
    projlen=122: 43159 braids
    projlen=123: 268850 braids
    projlen=124: 173713 braids
    projlen=125: 362879 braids
    projlen=126: 171536 braids
    projlen=127: 359197 braids
    projlen=128: 159888 braids
    projlen=129: 355825 braids
    projlen=130: 156211 braids
    projlen=131: 353166 braids
    projlen=132: 155261 braids
    projlen=133: 351024 braids
    projlen=134: 154048 braids
    projlen=135: 349464 braids
    projlen=136: 153601 braids
    projlen=137: 347833 braids
    projlen=138: 154105 braids
    projlen=139: 344916 braids
    projlen=140: 161376 braids
    projlen=141: 306081 braids
    projlen=142: 81523 braids
  Braids kept: 1103388 (in 30 buckets, 3.61 GB CPU)
  ⚡ Timing: matmul=0.17s, sampling=30.84s, total=40.24s
============================================================
Level 226 - SAMPLING
============================================================
  Starting braids: 953388
  Candidates to generate: 4930282
  Processing in 50 chunks...
  Projlen distribution:
    projlen=113: 2 braids
    projlen=114: 3 braids
    projlen=115: 61 braids
    projlen=116: 56 braids
    projlen=117: 349 braids
    projlen=118: 339 braids
    projlen=119: 4229 braids
    projlen=120: 3599 braids
    projlen=121: 27884 braids
    projlen=122: 20466 braids
    projlen=123: 251057 braids
    projlen=124: 165931 braids
    projlen=125: 346107 braids
    projlen=126: 171694 braids
    projlen=127: 359445 braids
    projlen=128: 160503 braids
    projlen=129: 354774 braids
    projlen=130: 155527 braids
    projlen=131: 352936 braids
    projlen=132: 155052 braids
    projlen=133: 350930 braids
    projlen=134: 154387 braids
    projlen=135: 349780 braids
    projlen=136: 153967 braids
    projlen=137: 348777 braids
    projlen=138: 153560 braids
    projlen=139: 347570 braids
    projlen=140: 152819 braids
    projlen=141: 308064 braids
    projlen=142: 80414 braids
  Braids kept: 1056988 (in 30 buckets, 3.47 GB CPU)
  ⚡ Timing: matmul=0.19s, sampling=29.71s, total=38.98s
============================================================
Level 227 - SAMPLING
============================================================
  Starting braids: 956988
  Candidates to generate: 4908228
  Processing in 50 chunks...
  Projlen distribution:
    projlen=115: 17 braids
    projlen=116: 27 braids
    projlen=117: 380 braids
    projlen=118: 335 braids
    projlen=119: 2305 braids
    projlen=120: 2048 braids
    projlen=121: 24707 braids
    projlen=122: 18238 braids
    projlen=123: 141680 braids
    projlen=124: 88475 braids
    projlen=125: 293242 braids
    projlen=126: 174522 braids
    projlen=127: 360292 braids
    projlen=128: 161484 braids
    projlen=129: 355092 braids
    projlen=130: 156109 braids
    projlen=131: 352721 braids
    projlen=132: 154420 braids
    projlen=133: 351152 braids
    projlen=134: 154343 braids
    projlen=135: 349404 braids
    projlen=136: 153961 braids
    projlen=137: 349331 braids
    projlen=138: 154242 braids
    projlen=139: 348508 braids
    projlen=140: 152446 braids
    projlen=141: 341515 braids
    projlen=142: 150039 braids
    projlen=143: 117193 braids
  Braids kept: 1098057 (in 29 buckets, 3.62 GB CPU)
  ⚡ Timing: matmul=0.16s, sampling=30.17s, total=39.40s
============================================================
Level 228 - SAMPLING
============================================================
  Starting braids: 998057
  Candidates to generate: 5149001
  Processing in 52 chunks...
  Projlen distribution:
    projlen=115: 4 braids
    projlen=116: 7 braids
    projlen=117: 129 braids
    projlen=118: 170 braids
    projlen=119: 2283 braids
    projlen=120: 1935 braids
    projlen=121: 14265 braids
    projlen=122: 10813 braids
    projlen=123: 122997 braids
    projlen=124: 80188 braids
    projlen=125: 288732 braids
    projlen=126: 174503 braids
    projlen=127: 362858 braids
    projlen=128: 167809 braids
    projlen=129: 356010 braids
    projlen=130: 156364 braids
    projlen=131: 352424 braids
    projlen=132: 154263 braids
    projlen=133: 350514 braids
    projlen=134: 153676 braids
    projlen=135: 349419 braids
    projlen=136: 153903 braids
    projlen=137: 349089 braids
    projlen=138: 154100 braids
    projlen=139: 349013 braids
    projlen=140: 154733 braids
    projlen=141: 346002 braids
    projlen=142: 151654 braids
    projlen=143: 310184 braids
    projlen=144: 80960 braids
  Braids kept: 1129606 (in 30 buckets, 3.74 GB CPU)
  ⚡ Timing: matmul=0.19s, sampling=32.61s, total=42.32s
============================================================
Level 229 - SAMPLING
============================================================
  Starting braids: 979606
  Candidates to generate: 5052680
  Processing in 51 chunks...
  Projlen distribution:
    projlen=115: 3 braids
    projlen=116: 7 braids
    projlen=117: 39 braids
    projlen=118: 67 braids
    projlen=119: 980 braids
    projlen=120: 999 braids
    projlen=121: 13136 braids
    projlen=122: 9925 braids
    projlen=123: 73878 braids
    projlen=124: 47942 braids
    projlen=125: 271364 braids
    projlen=126: 175538 braids
    projlen=127: 362929 braids
    projlen=128: 169189 braids
    projlen=129: 358679 braids
    projlen=130: 158591 braids
    projlen=131: 353494 braids
    projlen=132: 154698 braids
    projlen=133: 350451 braids
    projlen=134: 153773 braids
    projlen=135: 350220 braids
    projlen=136: 153740 braids
    projlen=137: 348889 braids
    projlen=138: 153766 braids
    projlen=139: 347753 braids
    projlen=140: 154100 braids
    projlen=141: 346865 braids
    projlen=142: 152867 braids
    projlen=143: 308542 braids
    projlen=144: 80256 braids
  Braids kept: 1123098 (in 30 buckets, 3.73 GB CPU)
  ⚡ Timing: matmul=0.18s, sampling=31.97s, total=41.59s
============================================================
Level 230 - SAMPLING
============================================================
  Starting braids: 973098
  Candidates to generate: 5020654
  Processing in 51 chunks...
  Projlen distribution:
    projlen=116: 4 braids
    projlen=117: 35 braids
    projlen=118: 56 braids
    projlen=119: 402 braids
    projlen=120: 463 braids
    projlen=121: 6387 braids
    projlen=122: 5354 braids
    projlen=123: 67483 braids
    projlen=124: 46063 braids
    projlen=125: 268071 braids
    projlen=126: 170922 braids
    projlen=127: 357148 braids
    projlen=128: 171402 braids
    projlen=129: 358734 braids
    projlen=130: 159596 braids
    projlen=131: 354839 braids
    projlen=132: 155610 braids
    projlen=133: 351005 braids
    projlen=134: 153549 braids
    projlen=135: 349984 braids
    projlen=136: 153748 braids
    projlen=137: 348687 braids
    projlen=138: 153501 braids
    projlen=139: 348263 braids
    projlen=140: 153949 braids
    projlen=141: 345560 braids
    projlen=142: 152222 braids
    projlen=143: 307500 braids
    projlen=144: 80117 braids
  Braids kept: 1108764 (in 29 buckets, 3.69 GB CPU)
  ⚡ Timing: matmul=0.16s, sampling=31.09s, total=40.59s
============================================================
Level 231 - SAMPLING
============================================================
  Starting braids: 958764
  Candidates to generate: 4957634
  Processing in 50 chunks...
  Projlen distribution:
    projlen=116: 1 braids
    projlen=117: 17 braids
    projlen=118: 38 braids
    projlen=119: 312 braids
    projlen=120: 331 braids
    projlen=121: 3015 braids
    projlen=122: 2631 braids
    projlen=123: 35353 braids
    projlen=124: 25844 braids
    projlen=125: 256144 braids
    projlen=126: 169296 braids
    projlen=127: 353071 braids
    projlen=128: 171680 braids
    projlen=129: 360560 braids
    projlen=130: 161274 braids
    projlen=131: 356187 braids
    projlen=132: 156051 braids
    projlen=133: 352698 braids
    projlen=134: 154987 braids
    projlen=135: 350411 braids
    projlen=136: 153799 braids
    projlen=137: 350459 braids
    projlen=138: 153673 braids
    projlen=139: 348689 braids
    projlen=140: 153314 braids
    projlen=141: 346113 braids
    projlen=142: 152186 braids
    projlen=143: 308886 braids
    projlen=144: 80614 braids
  Braids kept: 1067542 (in 29 buckets, 3.56 GB CPU)
  ⚡ Timing: matmul=0.18s, sampling=30.32s, total=39.66s
============================================================
Level 232 - SAMPLING
============================================================
  Starting braids: 967542
  Candidates to generate: 4960780
  Processing in 50 chunks...
  Projlen distribution:
    projlen=117: 4 braids
    projlen=118: 6 braids
    projlen=119: 213 braids
    projlen=120: 226 braids
    projlen=121: 2186 braids
    projlen=122: 1912 braids
    projlen=123: 18139 braids
    projlen=124: 13803 braids
    projlen=125: 175311 braids
    projlen=126: 112549 braids
    projlen=127: 306005 braids
    projlen=128: 173686 braids
    projlen=129: 359038 braids
    projlen=130: 160998 braids
    projlen=131: 356104 braids
    projlen=132: 155979 braids
    projlen=133: 352075 braids
    projlen=134: 154375 braids
    projlen=135: 351101 braids
    projlen=136: 154240 braids
    projlen=137: 349506 braids
    projlen=138: 153258 braids
    projlen=139: 349480 braids
    projlen=140: 153072 braids
    projlen=141: 347716 braids
    projlen=142: 152662 braids
    projlen=143: 340584 braids
    projlen=144: 149602 braids
    projlen=145: 116950 braids
  Braids kept: 1086489 (in 29 buckets, 3.65 GB CPU)
  ⚡ Timing: matmul=0.24s, sampling=30.75s, total=40.18s
============================================================
Level 233 - SAMPLING
============================================================
  Starting braids: 986489
  Candidates to generate: 5085727
  Processing in 51 chunks...
  Projlen distribution:
    projlen=116: 1 braids
    projlen=117: 2 braids
    projlen=118: 5 braids
    projlen=119: 68 braids
    projlen=120: 94 braids
    projlen=121: 1455 braids
    projlen=122: 1328 braids
    projlen=123: 13125 braids
    projlen=124: 9928 braids
    projlen=125: 93221 braids
    projlen=126: 60624 braids
    projlen=127: 279990 braids
    projlen=128: 175943 braids
    projlen=129: 362916 braids
    projlen=130: 166444 braids
    projlen=131: 355450 braids
    projlen=132: 156243 braids
    projlen=133: 353158 braids
    projlen=134: 154634 braids
    projlen=135: 350349 braids
    projlen=136: 153800 braids
    projlen=137: 349433 braids
    projlen=138: 153563 braids
    projlen=139: 348685 braids
    projlen=140: 152962 braids
    projlen=141: 348667 braids
    projlen=142: 152866 braids
    projlen=143: 346903 braids
    projlen=144: 152542 braids
    projlen=145: 310508 braids
    projlen=146: 80820 braids
  Braids kept: 1126006 (in 31 buckets, 3.79 GB CPU)
  ⚡ Timing: matmul=0.20s, sampling=32.34s, total=41.99s
============================================================
Level 234 - SAMPLING
============================================================
  Starting braids: 976006
  Candidates to generate: 5038326
  Processing in 51 chunks...
  Projlen distribution:
    projlen=117: 4 braids
    projlen=118: 5 braids
    projlen=119: 35 braids
    projlen=120: 64 braids
    projlen=121: 585 braids
    projlen=122: 680 braids
    projlen=123: 8729 braids
    projlen=124: 6967 braids
    projlen=125: 68454 braids
    projlen=126: 45812 braids
    projlen=127: 271823 braids
    projlen=128: 175952 braids
    projlen=129: 364768 braids
    projlen=130: 170282 braids
    projlen=131: 357878 braids
    projlen=132: 158049 braids
    projlen=133: 353416 braids
    projlen=134: 154609 braids
    projlen=135: 350400 braids
    projlen=136: 153542 braids
    projlen=137: 349702 braids
    projlen=138: 153473 braids
    projlen=139: 349020 braids
    projlen=140: 153206 braids
    projlen=141: 348827 braids
    projlen=142: 153321 braids
    projlen=143: 347920 braids
    projlen=144: 151183 braids
    projlen=145: 309476 braids
    projlen=146: 80144 braids
  Braids kept: 1112881 (in 30 buckets, 3.76 GB CPU)
  ⚡ Timing: matmul=0.17s, sampling=27.07s, total=35.76s
============================================================
Level 235 - SAMPLING
============================================================
  Starting braids: 962881
  Candidates to generate: 4984211
  Processing in 50 chunks...
  Projlen distribution:
    projlen=117: 4 braids
    projlen=118: 3 braids
    projlen=119: 36 braids
    projlen=120: 42 braids
    projlen=121: 366 braids
    projlen=122: 449 braids
    projlen=123: 4195 braids
    projlen=124: 3850 braids
    projlen=125: 46231 braids
    projlen=126: 32874 braids
    projlen=127: 261041 braids
    projlen=128: 170194 braids
    projlen=129: 355849 braids
    projlen=130: 172513 braids
    projlen=131: 361444 braids
    projlen=132: 160017 braids
    projlen=133: 355192 braids
    projlen=134: 155574 braids
    projlen=135: 351814 braids
    projlen=136: 154172 braids
    projlen=137: 350187 braids
    projlen=138: 153714 braids
    projlen=139: 349232 braids
    projlen=140: 153288 braids
    projlen=141: 348731 braids
    projlen=142: 153450 braids
    projlen=143: 348649 braids
    projlen=144: 151590 braids
    projlen=145: 309264 braids
    projlen=146: 80246 braids
  Braids kept: 1088050 (in 30 buckets, 3.68 GB CPU)
  ⚡ Timing: matmul=0.22s, sampling=31.72s, total=41.27s
============================================================
Level 236 - SAMPLING
============================================================
  Starting braids: 988050
  Candidates to generate: 5076190
  Processing in 51 chunks...
  Projlen distribution:
    projlen=117: 3 braids
    projlen=118: 3 braids
    projlen=119: 32 braids
    projlen=120: 29 braids
    projlen=121: 302 braids
    projlen=122: 315 braids
    projlen=123: 2690 braids
    projlen=124: 2687 braids
    projlen=125: 25127 braids
    projlen=126: 19706 braids
    projlen=127: 224961 braids
    projlen=128: 143545 braids
    projlen=129: 323481 braids
    projlen=130: 174003 braids
    projlen=131: 360937 braids
    projlen=132: 161362 braids
    projlen=133: 355995 braids
    projlen=134: 155588 braids
    projlen=135: 352438 braids
    projlen=136: 154625 braids
    projlen=137: 351028 braids
    projlen=138: 153855 braids
    projlen=139: 349430 braids
    projlen=140: 153512 braids
    projlen=141: 349051 braids
    projlen=142: 153492 braids
    projlen=143: 347934 braids
    projlen=144: 152322 braids
    projlen=145: 341975 braids
    projlen=146: 148108 braids
    projlen=147: 117654 braids
  Braids kept: 1100894 (in 31 buckets, 3.75 GB CPU)
  ⚡ Timing: matmul=0.19s, sampling=32.90s, total=42.70s
============================================================
Level 237 - SAMPLING
============================================================
  Starting braids: 950894
  Candidates to generate: 4876632
  Processing in 49 chunks...
  Projlen distribution:
    projlen=117: 1 braids
    projlen=118: 1 braids
    projlen=119: 30 braids
    projlen=120: 31 braids
    projlen=121: 239 braids
    projlen=122: 221 braids
    projlen=123: 1998 braids
    projlen=124: 1946 braids
    projlen=125: 16658 braids
    projlen=126: 13861 braids
    projlen=127: 127478 braids
    projlen=128: 84752 braids
    projlen=129: 290374 braids
    projlen=130: 175354 braids
    projlen=131: 361049 braids
    projlen=132: 164776 braids
    projlen=133: 356681 braids
    projlen=134: 156728 braids
    projlen=135: 352879 braids
    projlen=136: 154535 braids
    projlen=137: 351036 braids
    projlen=138: 153840 braids
    projlen=139: 349726 braids
    projlen=140: 152951 braids
    projlen=141: 348138 braids
    projlen=142: 152797 braids
    projlen=143: 348987 braids
    projlen=144: 152842 braids
    projlen=145: 342445 braids
    projlen=146: 147902 braids
    projlen=147: 116376 braids
  Braids kept: 1084986 (in 31 buckets, 3.70 GB CPU)
  ⚡ Timing: matmul=0.19s, sampling=31.15s, total=40.52s
============================================================
Level 238 - SAMPLING
============================================================
  Starting braids: 984986
  Candidates to generate: 5087030
  Processing in 51 chunks...
  Projlen distribution:
    projlen=117: 3 braids
    projlen=118: 6 braids
    projlen=119: 9 braids
    projlen=120: 14 braids
    projlen=121: 196 braids
    projlen=122: 185 braids
    projlen=123: 1532 braids
    projlen=124: 1341 braids
    projlen=125: 12189 braids
    projlen=126: 10262 braids
    projlen=127: 85152 braids
    projlen=128: 60564 braids
    projlen=129: 277910 braids
    projlen=130: 180576 braids
    projlen=131: 361753 braids
    projlen=132: 169671 braids
    projlen=133: 357104 braids
    projlen=134: 158502 braids
    projlen=135: 353225 braids
    projlen=136: 155294 braids
    projlen=137: 351481 braids
    projlen=138: 153739 braids
    projlen=139: 350163 braids
    projlen=140: 153495 braids
    projlen=141: 348635 braids
    projlen=142: 152660 braids
    projlen=143: 348611 braids
    projlen=144: 153328 braids
    projlen=145: 347081 braids
    projlen=146: 151563 braids
    projlen=147: 310350 braids
    projlen=148: 80436 braids
  Braids kept: 1125737 (in 32 buckets, 3.86 GB CPU)
  ⚡ Timing: matmul=0.20s, sampling=33.38s, total=43.22s
============================================================
Level 239 - SAMPLING
============================================================
  Starting braids: 975737
  Candidates to generate: 5051603
  Processing in 51 chunks...
  Projlen distribution:
    projlen=118: 2 braids
    projlen=119: 31 braids
    projlen=120: 30 braids
    projlen=121: 98 braids
    projlen=122: 87 braids
    projlen=123: 1211 braids
    projlen=124: 1070 braids
    projlen=125: 9088 braids
    projlen=126: 7174 braids
    projlen=127: 63284 braids
    projlen=128: 47436 braids
    projlen=129: 265625 braids
    projlen=130: 185446 braids
    projlen=131: 359734 braids
    projlen=132: 177487 braids
    projlen=133: 357519 braids
    projlen=134: 162264 braids
    projlen=135: 353749 braids
    projlen=136: 156893 braids
    projlen=137: 351487 braids
    projlen=138: 154656 braids
    projlen=139: 350567 braids
    projlen=140: 153880 braids
    projlen=141: 349054 braids
    projlen=142: 153110 braids
    projlen=143: 349504 braids
    projlen=144: 153269 braids
    projlen=145: 347858 braids
    projlen=146: 151064 braids
    projlen=147: 308885 braids
    projlen=148: 80041 braids
  Braids kept: 1116227 (in 31 buckets, 3.83 GB CPU)
  ⚡ Timing: matmul=0.18s, sampling=31.86s, total=41.63s
============================================================
Level 240 - SAMPLING
============================================================
  Starting braids: 966227
  Candidates to generate: 5013401
  Processing in 51 chunks...
  Projlen distribution:
    projlen=118: 4 braids
    projlen=119: 9 braids
    projlen=120: 21 braids
    projlen=121: 208 braids
    projlen=122: 158 braids
    projlen=123: 673 braids
    projlen=124: 545 braids
    projlen=125: 7060 braids
    projlen=126: 5629 braids
    projlen=127: 48110 braids
    projlen=128: 34427 braids
    projlen=129: 255573 braids
    projlen=130: 184848 braids
    projlen=131: 349073 braids
    projlen=132: 185550 braids
    projlen=133: 353195 braids
    projlen=134: 169234 braids
    projlen=135: 352291 braids
    projlen=136: 160395 braids
    projlen=137: 352052 braids
    projlen=138: 156503 braids
    projlen=139: 350267 braids
    projlen=140: 154521 braids
    projlen=141: 348681 braids
    projlen=142: 153691 braids
    projlen=143: 349128 braids
    projlen=144: 153238 braids
    projlen=145: 348232 braids
    projlen=146: 151142 braids
    projlen=147: 308770 braids
    projlen=148: 80173 braids
  Braids kept: 1096844 (in 31 buckets, 3.77 GB CPU)
  ⚡ Timing: matmul=0.16s, sampling=23.43s, total=31.56s
============================================================
Level 241 - SAMPLING
============================================================
  Starting braids: 996844
  Candidates to generate: 5142020
  Processing in 52 chunks...
  Projlen distribution:
    projlen=119: 18 braids
    projlen=120: 20 braids
    projlen=121: 121 braids
    projlen=122: 116 braids
    projlen=123: 1134 braids
    projlen=124: 813 braids
    projlen=125: 4232 braids
    projlen=126: 3254 braids
    projlen=127: 37978 braids
    projlen=128: 27786 braids
    projlen=129: 234215 braids
    projlen=130: 151344 braids
    projlen=131: 318422 braids
    projlen=132: 190662 braids
    projlen=133: 349201 braids
    projlen=134: 179404 braids
    projlen=135: 347312 braids
    projlen=136: 168920 braids
    projlen=137: 347156 braids
    projlen=138: 161522 braids
    projlen=139: 348488 braids
    projlen=140: 157576 braids
    projlen=141: 348641 braids
    projlen=142: 154956 braids
    projlen=143: 348268 braids
    projlen=144: 153471 braids
    projlen=145: 348359 braids
    projlen=146: 152448 braids
    projlen=147: 341483 braids
    projlen=148: 147332 braids
    projlen=149: 117368 braids
  Braids kept: 1125472 (in 31 buckets, 3.89 GB CPU)
  ⚡ Timing: matmul=0.24s, sampling=25.10s, total=32.39s
============================================================
Level 242 - SAMPLING
============================================================
  Starting braids: 975472
  Candidates to generate: 5046802
  Processing in 51 chunks...
  Projlen distribution:
    projlen=119: 9 braids
    projlen=120: 9 braids
    projlen=121: 128 braids
    projlen=122: 116 braids
    projlen=123: 777 braids
    projlen=124: 619 braids
    projlen=125: 6005 braids
    projlen=126: 4232 braids
    projlen=127: 24369 braids
    projlen=128: 17276 braids
    projlen=129: 183629 braids
    projlen=130: 120432 braids
    projlen=131: 306256 braids
    projlen=132: 180375 braids
    projlen=133: 352819 braids
    projlen=134: 184886 braids
    projlen=135: 345067 braids
    projlen=136: 182691 braids
    projlen=137: 341490 braids
    projlen=138: 173423 braids
    projlen=139: 343846 braids
    projlen=140: 165007 braids
    projlen=141: 346118 braids
    projlen=142: 159374 braids
    projlen=143: 346394 braids
    projlen=144: 155283 braids
    projlen=145: 347289 braids
    projlen=146: 152905 braids
    projlen=147: 341980 braids
    projlen=148: 147617 braids
    projlen=149: 116381 braids
  Braids kept: 1103540 (in 31 buckets, 3.82 GB CPU)
  ⚡ Timing: matmul=0.18s, sampling=23.49s, total=30.76s
============================================================
Level 243 - SAMPLING
============================================================
  Starting braids: 953540
  Candidates to generate: 4950992
  Processing in 50 chunks...
  Projlen distribution:
    projlen=121: 63 braids
    projlen=122: 59 braids
    projlen=123: 796 braids
    projlen=124: 643 braids
    projlen=125: 4478 braids
    projlen=126: 3300 braids
    projlen=127: 31303 braids
    projlen=128: 21126 braids
    projlen=129: 123629 braids
    projlen=130: 77542 braids
    projlen=131: 283240 braids
    projlen=132: 178676 braids
    projlen=133: 356489 braids
    projlen=134: 174142 braids
    projlen=135: 347608 braids
    projlen=136: 183594 braids
    projlen=137: 338215 braids
    projlen=138: 188538 braids
    projlen=139: 335160 braids
    projlen=140: 180025 braids
    projlen=141: 338921 braids
    projlen=142: 170419 braids
    projlen=143: 342940 braids
    projlen=144: 162611 braids
    projlen=145: 345434 braids
    projlen=146: 156385 braids
    projlen=147: 341305 braids
    projlen=148: 148432 braids
    projlen=149: 115919 braids
  Braids kept: 1111768 (in 29 buckets, 3.85 GB CPU)
  ⚡ Timing: matmul=0.23s, sampling=23.33s, total=30.17s
============================================================
Level 244 - SAMPLING
============================================================
  Starting braids: 961768
  Candidates to generate: 5028452
  Processing in 51 chunks...
  Projlen distribution:
    projlen=122: 9 braids
    projlen=123: 363 braids
    projlen=124: 344 braids
    projlen=125: 4512 braids
    projlen=126: 3387 braids
    projlen=127: 24584 braids
    projlen=128: 16667 braids
    projlen=129: 152349 braids
    projlen=130: 95716 braids
    projlen=131: 292634 braids
    projlen=132: 177630 braids
    projlen=133: 360007 braids
    projlen=134: 174715 braids
    projlen=135: 352362 braids
    projlen=136: 169466 braids
    projlen=137: 341534 braids
    projlen=138: 187238 braids
    projlen=139: 331835 braids
    projlen=140: 196965 braids
    projlen=141: 329809 braids
    projlen=142: 189975 braids
    projlen=143: 333746 braids
    projlen=144: 178080 braids
    projlen=145: 339724 braids
    projlen=146: 167088 braids
    projlen=147: 338378 braids
    projlen=148: 154033 braids
    projlen=149: 115302 braids
  Braids kept: 1099866 (in 28 buckets, 3.82 GB CPU)
  ⚡ Timing: matmul=0.18s, sampling=23.29s, total=30.55s
============================================================
Level 245 - SAMPLING
============================================================
  Starting braids: 999866
  Candidates to generate: 5270738
  Processing in 53 chunks...
  Projlen distribution:
    projlen=122: 3 braids
    projlen=123: 32 braids
    projlen=124: 91 braids
    projlen=125: 2127 braids
    projlen=126: 1861 braids
    projlen=127: 24309 braids
    projlen=128: 17032 braids
    projlen=129: 121690 braids
    projlen=130: 74528 braids
    projlen=131: 282172 braids
    projlen=132: 174269 braids
    projlen=133: 359642 braids
    projlen=134: 174362 braids
    projlen=135: 355114 braids
    projlen=136: 167413 braids
    projlen=137: 348001 braids
    projlen=138: 171401 braids
    projlen=139: 337293 braids
    projlen=140: 193558 braids
    projlen=141: 326318 braids
    projlen=142: 206329 braids
    projlen=143: 323337 braids
    projlen=144: 201537 braids
    projlen=145: 328023 braids
    projlen=146: 187422 braids
    projlen=147: 333090 braids
    projlen=148: 173012 braids
    projlen=149: 304279 braids
    projlen=150: 82493 braids
  Braids kept: 1145455 (in 29 buckets, 3.99 GB CPU)
  ⚡ Timing: matmul=0.20s, sampling=25.65s, total=32.68s
============================================================
Level 246 - SAMPLING
============================================================
  Starting braids: 995455
  Candidates to generate: 5256233
  Processing in 53 chunks...
  Projlen distribution:
    projlen=123: 11 braids
    projlen=124: 41 braids
    projlen=125: 473 braids
    projlen=126: 663 braids
    projlen=127: 11987 braids
    projlen=128: 9290 braids
    projlen=129: 119086 braids
    projlen=130: 76731 braids
    projlen=131: 282969 braids
    projlen=132: 171626 braids
    projlen=133: 359783 braids
    projlen=134: 170217 braids
    projlen=135: 355586 braids
    projlen=136: 168138 braids
    projlen=137: 349900 braids
    projlen=138: 166931 braids
    projlen=139: 341778 braids
    projlen=140: 174343 braids
    projlen=141: 332193 braids
    projlen=142: 200909 braids
    projlen=143: 321445 braids
    projlen=144: 215964 braids
    projlen=145: 316677 braids
    projlen=146: 212659 braids
    projlen=147: 319756 braids
    projlen=148: 197660 braids
    projlen=149: 294435 braids
    projlen=150: 84982 braids
  Braids kept: 1122465 (in 28 buckets, 3.92 GB CPU)
  ⚡ Timing: matmul=0.19s, sampling=24.85s, total=31.84s
============================================================
Level 247 - SAMPLING
============================================================
  Starting braids: 972465
  Candidates to generate: 5132119
  Processing in 52 chunks...
  Projlen distribution:
    projlen=123: 6 braids
    projlen=124: 25 braids
    projlen=125: 228 braids
    projlen=126: 344 braids
    projlen=127: 3855 braids
    projlen=128: 3623 braids
    projlen=129: 59392 braids
    projlen=130: 40566 braids
    projlen=131: 266732 braids
    projlen=132: 174070 braids
    projlen=133: 360307 braids
    projlen=134: 168727 braids
    projlen=135: 357096 braids
    projlen=136: 161638 braids
    projlen=137: 350948 braids
    projlen=138: 167480 braids
    projlen=139: 344820 braids
    projlen=140: 170706 braids
    projlen=141: 338850 braids
    projlen=142: 180959 braids
    projlen=143: 328085 braids
    projlen=144: 208350 braids
    projlen=145: 316046 braids
    projlen=146: 224469 braids
    projlen=147: 308983 braids
    projlen=148: 221801 braids
    projlen=149: 285199 braids
    projlen=150: 88814 braids
  Braids kept: 1098647 (in 28 buckets, 3.85 GB CPU)
  ⚡ Timing: matmul=0.18s, sampling=22.82s, total=29.61s
============================================================
Level 248 - SAMPLING
============================================================
  Starting braids: 998647
  Candidates to generate: 5262479
  Processing in 53 chunks...
  Projlen distribution:
    projlen=124: 13 braids
    projlen=125: 155 braids
    projlen=126: 232 braids
    projlen=127: 2159 braids
    projlen=128: 2069 braids
    projlen=129: 22816 braids
    projlen=130: 17717 braids
    projlen=131: 244120 braids
    projlen=132: 160409 braids
    projlen=133: 338926 braids
    projlen=134: 171389 braids
    projlen=135: 358280 braids
    projlen=136: 160790 braids
    projlen=137: 353602 braids
    projlen=138: 159720 braids
    projlen=139: 346685 braids
    projlen=140: 169295 braids
    projlen=141: 340488 braids
    projlen=142: 176608 braids
    projlen=143: 335923 braids
    projlen=144: 188773 braids
    projlen=145: 324888 braids
    projlen=146: 216052 braids
    projlen=147: 311396 braids
    projlen=148: 231035 braids
    projlen=149: 299790 braids
    projlen=150: 223018 braids
    projlen=151: 106131 braids
  Braids kept: 1095161 (in 28 buckets, 3.86 GB CPU)
  ⚡ Timing: matmul=0.22s, sampling=23.06s, total=29.88s
============================================================
Level 249 - SAMPLING
============================================================
  Starting braids: 995161
  Candidates to generate: 5245037
  Processing in 53 chunks...
  Projlen distribution:
    projlen=124: 3 braids
    projlen=125: 86 braids
    projlen=126: 140 braids
    projlen=127: 1461 braids
    projlen=128: 1472 braids
    projlen=129: 13923 braids
    projlen=130: 10965 braids
    projlen=131: 115646 braids
    projlen=132: 75704 braids
    projlen=133: 285732 braids
    projlen=134: 174454 braids
    projlen=135: 360105 braids
    projlen=136: 162228 braids
    projlen=137: 354356 braids
    projlen=138: 157118 braids
    projlen=139: 350677 braids
    projlen=140: 159827 braids
    projlen=141: 344605 braids
    projlen=142: 173623 braids
    projlen=143: 337307 braids
    projlen=144: 184261 braids
    projlen=145: 329663 braids
    projlen=146: 197271 braids
    projlen=147: 320388 braids
    projlen=148: 222220 braids
    projlen=149: 304645 braids
    projlen=150: 237014 braids
    projlen=151: 277365 braids
    projlen=152: 92778 braids
  Braids kept: 1128050 (in 29 buckets, 3.99 GB CPU)
  ⚡ Timing: matmul=0.18s, sampling=21.84s, total=28.55s
============================================================
Level 250 - SAMPLING
============================================================
  Starting braids: 978050
  Candidates to generate: 5143294
  Processing in 52 chunks...
  Projlen distribution:
    projlen=124: 1 braids
    projlen=125: 25 braids
    projlen=126: 55 braids
    projlen=127: 914 braids
    projlen=128: 961 braids
    projlen=129: 9626 braids
    projlen=130: 7885 braids
    projlen=131: 72937 braids
    projlen=132: 48774 braids
    projlen=133: 272814 braids
    projlen=134: 176658 braids
    projlen=135: 363172 braids
    projlen=136: 169064 braids
    projlen=137: 356781 braids
    projlen=138: 156959 braids
    projlen=139: 351280 braids
    projlen=140: 156635 braids
    projlen=141: 347774 braids
    projlen=142: 161001 braids
    projlen=143: 341632 braids
    projlen=144: 178169 braids
    projlen=145: 333063 braids
    projlen=146: 192219 braids
    projlen=147: 325413 braids
    projlen=148: 206676 braids
    projlen=149: 314753 braids
    projlen=150: 226623 braids
    projlen=151: 280555 braids
    projlen=152: 90875 braids
  Braids kept: 1118241 (in 29 buckets, 3.97 GB CPU)
  ⚡ Timing: matmul=0.18s, sampling=16.77s, total=22.99s
============================================================
Level 251 - SAMPLING
============================================================
  Starting braids: 968241
  Candidates to generate: 5077505
  Processing in 51 chunks...
  Projlen distribution:
    projlen=124: 2 braids
    projlen=125: 9 braids
    projlen=126: 21 braids
    projlen=127: 380 braids
    projlen=128: 509 braids
    projlen=129: 6178 braids
    projlen=130: 5344 braids
    projlen=131: 52153 braids
    projlen=132: 36747 braids
    projlen=133: 265388 braids
    projlen=134: 173923 braids
    projlen=135: 360799 braids
    projlen=136: 172783 braids
    projlen=137: 359758 braids
    projlen=138: 159913 braids
    projlen=139: 354071 braids
    projlen=140: 155241 braids
    projlen=141: 349200 braids
    projlen=142: 157164 braids
    projlen=143: 345926 braids
    projlen=144: 163220 braids
    projlen=145: 338907 braids
    projlen=146: 184434 braids
    projlen=147: 328180 braids
    projlen=148: 200681 braids
    projlen=149: 318568 braids
    projlen=150: 213027 braids
    projlen=151: 286933 braids
    projlen=152: 88046 braids
  Braids kept: 1099190 (in 29 buckets, 3.91 GB CPU)
  ⚡ Timing: matmul=0.20s, sampling=14.93s, total=21.03s
============================================================
Level 252 - SAMPLING
============================================================
  Starting braids: 999190
  Candidates to generate: 5225000
  Processing in 53 chunks...
  Projlen distribution:
    projlen=124: 4 braids
    projlen=125: 8 braids
    projlen=126: 24 braids
    projlen=127: 160 braids
    projlen=128: 255 braids
    projlen=129: 3080 braids
    projlen=130: 3219 braids
    projlen=131: 35150 braids
    projlen=132: 26400 braids
    projlen=133: 247106 braids
    projlen=134: 156442 braids
    projlen=135: 330522 braids
    projlen=136: 173040 braids
    projlen=137: 360856 braids
    projlen=138: 161549 braids
    projlen=139: 356227 braids
    projlen=140: 156597 braids
    projlen=141: 350981 braids
    projlen=142: 154658 braids
    projlen=143: 348315 braids
    projlen=144: 158430 braids
    projlen=145: 344157 braids
    projlen=146: 166761 braids
    projlen=147: 336349 braids
    projlen=148: 191977 braids
    projlen=149: 323735 braids
    projlen=150: 208944 braids
    projlen=151: 309287 braids
    projlen=152: 212792 braids
    projlen=153: 107975 braids
  Braids kept: 1118300 (in 30 buckets, 4.00 GB CPU)
  ⚡ Timing: matmul=0.19s, sampling=17.26s, total=23.74s
============================================================
Level 253 - SAMPLING
============================================================
  Starting braids: 968300
  Candidates to generate: 5042260
  Processing in 51 chunks...
  Projlen distribution:
    projlen=125: 17 braids
    projlen=126: 24 braids
    projlen=127: 142 braids
    projlen=128: 164 braids
    projlen=129: 1535 braids
    projlen=130: 1719 braids
    projlen=131: 19966 braids
    projlen=132: 16497 braids
    projlen=133: 173622 braids
    projlen=134: 111753 braids
    projlen=135: 306939 braids
    projlen=136: 175695 braids
    projlen=137: 360188 braids
    projlen=138: 163667 braids
    projlen=139: 356686 braids
    projlen=140: 157309 braids
    projlen=141: 352442 braids
    projlen=142: 155475 braids
    projlen=143: 349473 braids
    projlen=144: 154852 braids
    projlen=145: 347145 braids
    projlen=146: 159479 braids
    projlen=147: 341971 braids
    projlen=148: 171825 braids
    projlen=149: 332807 braids
    projlen=150: 198396 braids
    projlen=151: 315220 braids
    projlen=152: 208529 braids
    projlen=153: 108723 braids
  Braids kept: 1090064 (in 29 buckets, 3.90 GB CPU)
  ⚡ Timing: matmul=0.18s, sampling=16.06s, total=22.30s
============================================================
Level 254 - SAMPLING
============================================================
  Starting braids: 990064
  Candidates to generate: 5150984
  Processing in 52 chunks...
  Projlen distribution:
    projlen=125: 10 braids
    projlen=126: 8 braids
    projlen=127: 170 braids
    projlen=128: 166 braids
    projlen=129: 1221 braids
    projlen=130: 1194 braids
    projlen=131: 11016 braids
    projlen=132: 9276 braids
    projlen=133: 102643 braids
    projlen=134: 69453 braids
    projlen=135: 283973 braids
    projlen=136: 175515 braids
    projlen=137: 361456 braids
    projlen=138: 167050 braids
    projlen=139: 356877 braids
    projlen=140: 157688 braids
    projlen=141: 352727 braids
    projlen=142: 155510 braids
    projlen=143: 350140 braids
    projlen=144: 155578 braids
    projlen=145: 348553 braids
    projlen=146: 155606 braids
    projlen=147: 345585 braids
    projlen=148: 161928 braids
    projlen=149: 339561 braids
    projlen=150: 177047 braids
    projlen=151: 328039 braids
    projlen=152: 204280 braids
    projlen=153: 291138 braids
    projlen=154: 87576 braids
  Braids kept: 1123061 (in 30 buckets, 4.04 GB CPU)
  ⚡ Timing: matmul=0.18s, sampling=17.81s, total=24.12s
============================================================
Level 255 - SAMPLING
============================================================
  Starting braids: 973061
  Candidates to generate: 5052769
  Processing in 51 chunks...
  Projlen distribution:
    projlen=125: 10 braids
    projlen=126: 9 braids
    projlen=127: 78 braids
    projlen=128: 73 braids
    projlen=129: 1158 braids
    projlen=130: 1060 braids
    projlen=131: 8310 braids
    projlen=132: 6707 braids
    projlen=133: 60333 braids
    projlen=134: 41751 braids
    projlen=135: 269022 braids
    projlen=136: 177619 braids
    projlen=137: 362144 braids
    projlen=138: 170163 braids
    projlen=139: 358525 braids
    projlen=140: 159463 braids
    projlen=141: 353966 braids
    projlen=142: 155944 braids
    projlen=143: 350450 braids
    projlen=144: 154818 braids
    projlen=145: 349581 braids
    projlen=146: 156260 braids
    projlen=147: 347397 braids
    projlen=148: 156227 braids
    projlen=149: 343875 braids
    projlen=150: 165189 braids
    projlen=151: 336382 braids
    projlen=152: 182448 braids
    projlen=153: 299649 braids
    projlen=154: 84158 braids
  Braids kept: 1109156 (in 30 buckets, 4.00 GB CPU)
  ⚡ Timing: matmul=0.18s, sampling=16.40s, total=22.62s
============================================================
Level 256 - SAMPLING
============================================================
  Starting braids: 959156
  Candidates to generate: 4982232
  Processing in 50 chunks...
  Projlen distribution:
    projlen=125: 2 braids
    projlen=126: 4 braids
    projlen=127: 68 braids
    projlen=128: 63 braids
    projlen=129: 564 braids
    projlen=130: 522 braids
    projlen=131: 6904 braids
    projlen=132: 5674 braids
    projlen=133: 46930 braids
    projlen=134: 33218 braids
    projlen=135: 259019 braids
    projlen=136: 166163 braids
    projlen=137: 343835 braids
    projlen=138: 174011 braids
    projlen=139: 358698 braids
    projlen=140: 160476 braids
    projlen=141: 354097 braids
    projlen=142: 156442 braids
    projlen=143: 351075 braids
    projlen=144: 155481 braids
    projlen=145: 348709 braids
    projlen=146: 154760 braids
    projlen=147: 347906 braids
    projlen=148: 156783 braids
    projlen=149: 346231 braids
    projlen=150: 158242 braids
    projlen=151: 342368 braids
    projlen=152: 167728 braids
    projlen=153: 303840 braids
    projlen=154: 82419 braids
  Braids kept: 1093949 (in 30 buckets, 3.95 GB CPU)
  ⚡ Timing: matmul=0.22s, sampling=15.26s, total=21.36s
============================================================
Level 257 - SAMPLING
============================================================
  Starting braids: 993949
  Candidates to generate: 5137431
  Processing in 52 chunks...
  Projlen distribution:
    projlen=127: 22 braids
    projlen=128: 41 braids
    projlen=129: 427 braids
    projlen=130: 403 braids
    projlen=131: 3618 braids
    projlen=132: 3091 braids
    projlen=133: 37851 braids
    projlen=134: 28252 braids
    projlen=135: 235669 braids
    projlen=136: 148062 braids
    projlen=137: 326012 braids
    projlen=138: 175496 braids
    projlen=139: 359965 braids
    projlen=140: 163917 braids
    projlen=141: 354441 braids
    projlen=142: 157014 braids
    projlen=143: 351190 braids
    projlen=144: 155654 braids
    projlen=145: 349706 braids
    projlen=146: 155782 braids
    projlen=147: 347005 braids
    projlen=148: 155330 braids
    projlen=149: 346364 braids
    projlen=150: 158537 braids
    projlen=151: 344841 braids
    projlen=152: 159672 braids
    projlen=153: 336022 braids
    projlen=154: 167709 braids
    projlen=155: 115338 braids
  Braids kept: 1123705 (in 29 buckets, 4.08 GB CPU)
  ⚡ Timing: matmul=0.18s, sampling=17.28s, total=23.63s
============================================================
Level 258 - SAMPLING
============================================================
  Starting braids: 973705
  Candidates to generate: 5023051
  Processing in 51 chunks...
  Projlen distribution:
    projlen=127: 2 braids
    projlen=128: 1 braids
    projlen=129: 206 braids
    projlen=130: 245 braids
    projlen=131: 2635 braids
    projlen=132: 2279 braids
    projlen=133: 21433 braids
    projlen=134: 16144 braids
    projlen=135: 185962 braids
    projlen=136: 122612 braids
    projlen=137: 312795 braids
    projlen=138: 176327 braids
    projlen=139: 362570 braids
    projlen=140: 166210 braids
    projlen=141: 355402 braids
    projlen=142: 159420 braids
    projlen=143: 350803 braids
    projlen=144: 156258 braids
    projlen=145: 349138 braids
    projlen=146: 156063 braids
    projlen=147: 348568 braids
    projlen=148: 156819 braids
    projlen=149: 347452 braids
    projlen=150: 157162 braids
    projlen=151: 345607 braids
    projlen=152: 159928 braids
    projlen=153: 338425 braids
    projlen=154: 157424 braids
    projlen=155: 115161 braids
  Braids kept: 1092945 (in 29 buckets, 3.98 GB CPU)
  ⚡ Timing: matmul=0.17s, sampling=16.03s, total=22.18s
============================================================
Level 259 - SAMPLING
============================================================
  Starting braids: 992945
  Candidates to generate: 5144433
  Processing in 52 chunks...
  Projlen distribution:
    projlen=127: 9 braids
    projlen=128: 8 braids
    projlen=129: 35 braids
    projlen=130: 65 braids
    projlen=131: 1488 braids
    projlen=132: 1498 braids
    projlen=133: 15362 braids
    projlen=134: 11635 braids
    projlen=135: 109050 braids
    projlen=136: 71046 braids
    projlen=137: 283888 braids
    projlen=138: 178569 braids
    projlen=139: 361247 braids
    projlen=140: 168064 braids
    projlen=141: 357729 braids
    projlen=142: 159421 braids
    projlen=143: 351854 braids
    projlen=144: 158663 braids
    projlen=145: 348918 braids
    projlen=146: 157045 braids
    projlen=147: 347802 braids
    projlen=148: 156677 braids
    projlen=149: 347435 braids
    projlen=150: 157928 braids
    projlen=151: 346597 braids
    projlen=152: 159152 braids
    projlen=153: 343249 braids
    projlen=154: 161198 braids
    projlen=155: 307118 braids
    projlen=156: 81683 braids
  Braids kept: 1130100 (in 30 buckets, 4.13 GB CPU)
  ⚡ Timing: matmul=0.18s, sampling=17.27s, total=23.64s
============================================================
Level 260 - SAMPLING
============================================================
  Starting braids: 980100
  Candidates to generate: 5080002
  Processing in 51 chunks...
  Projlen distribution:
    projlen=126: 1 braids
    projlen=127: 6 braids
    projlen=128: 7 braids
    projlen=129: 73 braids
    projlen=130: 56 braids
    projlen=131: 421 braids
    projlen=132: 541 braids
    projlen=133: 9413 braids
    projlen=134: 7800 braids
    projlen=135: 78539 braids
    projlen=136: 52160 braids
    projlen=137: 274358 braids
    projlen=138: 177302 braids
    projlen=139: 362572 braids
    projlen=140: 173340 braids
    projlen=141: 356801 braids
    projlen=142: 161574 braids
    projlen=143: 352681 braids
    projlen=144: 157506 braids
    projlen=145: 349244 braids
    projlen=146: 158894 braids
    projlen=147: 346849 braids
    projlen=148: 158216 braids
    projlen=149: 345182 braids
    projlen=150: 157549 braids
    projlen=151: 346314 braids
    projlen=152: 160249 braids
    projlen=153: 344103 braids
    projlen=154: 159600 braids
    projlen=155: 307346 braids
    projlen=156: 81305 braids
  Braids kept: 1118318 (in 31 buckets, 4.09 GB CPU)
  ⚡ Timing: matmul=0.20s, sampling=15.94s, total=22.17s
============================================================
Level 261 - SAMPLING
============================================================
  Starting braids: 968318
  Candidates to generate: 5025474
  Processing in 51 chunks...
  Projlen distribution:
    projlen=126: 1 braids
    projlen=127: 11 braids
    projlen=128: 12 braids
    projlen=129: 41 braids
    projlen=130: 56 braids
    projlen=131: 451 braids
    projlen=132: 423 braids
    projlen=133: 3458 braids
    projlen=134: 3252 braids
    projlen=135: 50187 braids
    projlen=136: 36168 braids
    projlen=137: 265605 braids
    projlen=138: 175309 braids
    projlen=139: 362662 braids
    projlen=140: 173320 braids
    projlen=141: 358074 braids
    projlen=142: 164909 braids
    projlen=143: 352079 braids
    projlen=144: 160613 braids
    projlen=145: 349487 braids
    projlen=146: 157528 braids
    projlen=147: 347654 braids
    projlen=148: 161280 braids
    projlen=149: 345174 braids
    projlen=150: 160865 braids
    projlen=151: 344643 braids
    projlen=152: 160130 braids
    projlen=153: 343204 braids
    projlen=154: 161146 braids
    projlen=155: 306681 braids
    projlen=156: 81051 braids
  Braids kept: 1093873 (in 31 buckets, 4.01 GB CPU)
  ⚡ Timing: matmul=0.17s, sampling=13.90s, total=19.98s
============================================================
Level 262 - SAMPLING
============================================================
  Starting braids: 993873
  Candidates to generate: 5143829
  Processing in 52 chunks...
  Projlen distribution:
    projlen=126: 1 braids
    projlen=127: 7 braids
    projlen=128: 11 braids
    projlen=129: 86 braids
    projlen=130: 64 braids
    projlen=131: 326 braids
    projlen=132: 330 braids
    projlen=133: 2889 braids
    projlen=134: 2446 braids
    projlen=135: 21871 braids
    projlen=136: 17196 braids
    projlen=137: 244876 braids
    projlen=138: 158135 braids
    projlen=139: 330472 braids
    projlen=140: 172416 braids
    projlen=141: 358644 braids
    projlen=142: 163090 braids
    projlen=143: 352870 braids
    projlen=144: 162735 braids
    projlen=145: 348115 braids
    projlen=146: 161725 braids
    projlen=147: 346769 braids
    projlen=148: 158691 braids
    projlen=149: 346317 braids
    projlen=150: 163727 braids
    projlen=151: 344217 braids
    projlen=152: 165269 braids
    projlen=153: 343818 braids
    projlen=154: 163364 braids
    projlen=155: 336369 braids
    projlen=156: 161146 braids
    projlen=157: 115837 braids
  Braids kept: 1095227 (in 32 buckets, 4.04 GB CPU)
  ⚡ Timing: matmul=0.18s, sampling=14.56s, total=20.77s
============================================================
Level 263 - SAMPLING
============================================================
  Starting braids: 995227
  Candidates to generate: 5168547
  Processing in 52 chunks...
  Projlen distribution:
    projlen=127: 3 braids
    projlen=128: 4 braids
    projlen=129: 59 braids
    projlen=130: 54 braids
    projlen=131: 523 braids
    projlen=132: 377 braids
    projlen=133: 2282 braids
    projlen=134: 1936 braids
    projlen=135: 17094 braids
    projlen=136: 12789 braids
    projlen=137: 114337 braids
    projlen=138: 74071 braids
    projlen=139: 286848 braids
    projlen=140: 176284 braids
    projlen=141: 361615 braids
    projlen=142: 163623 braids
    projlen=143: 354245 braids
    projlen=144: 160109 braids
    projlen=145: 349120 braids
    projlen=146: 163815 braids
    projlen=147: 344737 braids
    projlen=148: 164483 braids
    projlen=149: 343901 braids
    projlen=150: 161176 braids
    projlen=151: 343622 braids
    projlen=152: 166530 braids
    projlen=153: 341476 braids
    projlen=154: 170113 braids
    projlen=155: 338872 braids
    projlen=156: 166643 braids
    projlen=157: 305743 braids
    projlen=158: 82063 braids
  Braids kept: 1135121 (in 32 buckets, 4.20 GB CPU)
  ⚡ Timing: matmul=0.19s, sampling=16.12s, total=22.47s
============================================================
Level 264 - SAMPLING
============================================================
  Starting braids: 985121
  Candidates to generate: 5137757
  Processing in 52 chunks...
  Projlen distribution:
    projlen=129: 31 braids
    projlen=130: 31 braids
    projlen=131: 344 braids
    projlen=132: 299 braids
    projlen=133: 2889 braids
    projlen=134: 2132 braids
    projlen=135: 14212 braids
    projlen=136: 10299 braids
    projlen=137: 88050 braids
    projlen=138: 57479 braids
    projlen=139: 279494 braids
    projlen=140: 177079 braids
    projlen=141: 364143 braids
    projlen=142: 169910 braids
    projlen=143: 358233 braids
    projlen=144: 158166 braids
    projlen=145: 352079 braids
    projlen=146: 159999 braids
    projlen=147: 346953 braids
    projlen=148: 167803 braids
    projlen=149: 343172 braids
    projlen=150: 169817 braids
    projlen=151: 342244 braids
    projlen=152: 165672 braids
    projlen=153: 340781 braids
    projlen=154: 171578 braids
    projlen=155: 336638 braids
    projlen=156: 173637 braids
    projlen=157: 301889 braids
    projlen=158: 82704 braids
  Braids kept: 1130237 (in 30 buckets, 4.19 GB CPU)
  ⚡ Timing: matmul=0.20s, sampling=15.57s, total=21.90s
============================================================
Level 265 - SAMPLING
============================================================
  Starting braids: 980237
  Candidates to generate: 5119573
  Processing in 52 chunks...
  Projlen distribution:
    projlen=130: 10 braids
    projlen=131: 196 braids
    projlen=132: 180 braids
    projlen=133: 1982 braids
    projlen=134: 1604 braids
    projlen=135: 15714 braids
    projlen=136: 11008 braids
    projlen=137: 75287 braids
    projlen=138: 48498 braids
    projlen=139: 271550 braids
    projlen=140: 174737 braids
    projlen=141: 364422 braids
    projlen=142: 172030 braids
    projlen=143: 360952 braids
    projlen=144: 160470 braids
    projlen=145: 354542 braids
    projlen=146: 156109 braids
    projlen=147: 349636 braids
    projlen=148: 161579 braids
    projlen=149: 345097 braids
    projlen=150: 171835 braids
    projlen=151: 339851 braids
    projlen=152: 175406 braids
    projlen=153: 338528 braids
    projlen=154: 172009 braids
    projlen=155: 337449 braids
    projlen=156: 175642 braids
    projlen=157: 300565 braids
    projlen=158: 82685 braids
  Braids kept: 1129192 (in 29 buckets, 4.19 GB CPU)
  ⚡ Timing: matmul=0.17s, sampling=15.35s, total=21.61s
============================================================
Level 266 - SAMPLING
============================================================
  Starting braids: 979192
  Candidates to generate: 5109670
  Processing in 52 chunks...
  Projlen distribution:
    projlen=130: 3 braids
    projlen=131: 37 braids
    projlen=132: 70 braids
    projlen=133: 1173 braids
    projlen=134: 953 braids
    projlen=135: 11136 braids
    projlen=136: 8253 braids
    projlen=137: 79577 braids
    projlen=138: 51997 braids
    projlen=139: 272248 braids
    projlen=140: 171624 braids
    projlen=141: 359596 braids
    projlen=142: 171299 braids
    projlen=143: 358731 braids
    projlen=144: 160114 braids
    projlen=145: 357051 braids
    projlen=146: 156981 braids
    projlen=147: 351814 braids
    projlen=148: 155324 braids
    projlen=149: 347156 braids
    projlen=150: 163693 braids
    projlen=151: 340833 braids
    projlen=152: 177132 braids
    projlen=153: 335539 braids
    projlen=154: 183374 braids
    projlen=155: 332359 braids
    projlen=156: 177413 braids
    projlen=157: 301460 braids
    projlen=158: 82730 braids
  Braids kept: 1121625 (in 29 buckets, 4.17 GB CPU)
  ⚡ Timing: matmul=0.18s, sampling=15.33s, total=21.63s
============================================================
Level 267 - SAMPLING
============================================================
  Starting braids: 971625
  Candidates to generate: 5058721
  Processing in 51 chunks...
  Projlen distribution:
    projlen=130: 2 braids
    projlen=131: 11 braids
    projlen=132: 29 braids
    projlen=133: 402 braids
    projlen=134: 433 braids
    projlen=135: 6565 braids
    projlen=136: 4989 braids
    projlen=137: 57174 braids
    projlen=138: 38668 braids
    projlen=139: 264946 braids
    projlen=140: 173011 braids
    projlen=141: 361816 braids
    projlen=142: 170849 braids
    projlen=143: 359033 braids
    projlen=144: 160417 braids
    projlen=145: 354457 braids
    projlen=146: 156197 braids
    projlen=147: 352375 braids
    projlen=148: 155458 braids
    projlen=149: 350328 braids
    projlen=150: 155296 braids
    projlen=151: 345572 braids
    projlen=152: 166708 braids
    projlen=153: 338416 braids
    projlen=154: 183760 braids
    projlen=155: 330875 braids
    projlen=156: 190097 braids
    projlen=157: 296692 braids
    projlen=158: 84145 braids
  Braids kept: 1101099 (in 29 buckets, 4.10 GB CPU)
  ⚡ Timing: matmul=0.19s, sampling=14.77s, total=20.92s
============================================================
Level 268 - SAMPLING
============================================================
  Starting braids: 951099
  Candidates to generate: 4942373
  Processing in 50 chunks...
  Projlen distribution:
    projlen=131: 11 braids
    projlen=132: 23 braids
    projlen=133: 159 braids
    projlen=134: 209 braids
    projlen=135: 2803 braids
    projlen=136: 2484 braids
    projlen=137: 34411 braids
    projlen=138: 24190 braids
    projlen=139: 247346 braids
    projlen=140: 157082 braids
    projlen=141: 333934 braids
    projlen=142: 171703 braids
    projlen=143: 359194 braids
    projlen=144: 160541 braids
    projlen=145: 355608 braids
    projlen=146: 156023 braids
    projlen=147: 351002 braids
    projlen=148: 154716 braids
    projlen=149: 349684 braids
    projlen=150: 155130 braids
    projlen=151: 349265 braids
    projlen=152: 156145 braids
    projlen=153: 344944 braids
    projlen=154: 171203 braids
    projlen=155: 333377 braids
    projlen=156: 189364 braids
    projlen=157: 296982 braids
    projlen=158: 84840 braids
  Braids kept: 1064290 (in 28 buckets, 3.98 GB CPU)
  ⚡ Timing: matmul=0.18s, sampling=14.06s, total=20.11s
============================================================
Level 269 - SAMPLING
============================================================
  Starting braids: 964290
  Candidates to generate: 4981232
  Processing in 50 chunks...
  Projlen distribution:
    projlen=131: 8 braids
    projlen=132: 12 braids
    projlen=133: 127 braids
    projlen=134: 169 braids
    projlen=135: 1341 braids
    projlen=136: 1336 braids
    projlen=137: 16647 braids
    projlen=138: 12860 braids
    projlen=139: 165819 braids
    projlen=140: 105452 braids
    projlen=141: 302236 braids
    projlen=142: 174615 braids
    projlen=143: 360204 braids
    projlen=144: 162118 braids
    projlen=145: 354284 braids
    projlen=146: 155727 braids
    projlen=147: 352537 braids
    projlen=148: 155007 braids
    projlen=149: 350365 braids
    projlen=150: 154965 braids
    projlen=151: 348208 braids
    projlen=152: 155038 braids
    projlen=153: 348682 braids
    projlen=154: 156942 braids
    projlen=155: 343163 braids
    projlen=156: 175786 braids
    projlen=157: 325644 braids
    projlen=158: 190115 braids
    projlen=159: 111825 braids
  Braids kept: 1082500 (in 29 buckets, 4.07 GB CPU)
  ⚡ Timing: matmul=0.20s, sampling=15.07s, total=21.15s
============================================================
Level 270 - SAMPLING
============================================================
  Starting braids: 982500
  Candidates to generate: 5080006
  Processing in 51 chunks...
  Projlen distribution:
    projlen=131: 6 braids
    projlen=132: 9 braids
    projlen=133: 62 braids
    projlen=134: 78 braids
    projlen=135: 1066 braids
    projlen=136: 1072 braids
    projlen=137: 8936 braids
    projlen=138: 7292 braids
    projlen=139: 84647 braids
    projlen=140: 55951 braids
    projlen=141: 276058 braids
    projlen=142: 174338 braids
    projlen=143: 361474 braids
    projlen=144: 167015 braids
    projlen=145: 357317 braids
    projlen=146: 157454 braids
    projlen=147: 351979 braids
    projlen=148: 154005 braids
    projlen=149: 351141 braids
    projlen=150: 154053 braids
    projlen=151: 349226 braids
    projlen=152: 155158 braids
    projlen=153: 347931 braids
    projlen=154: 155520 braids
    projlen=155: 346274 braids
    projlen=156: 157674 braids
    projlen=157: 339123 braids
    projlen=158: 180298 braids
    projlen=159: 300643 braids
    projlen=160: 84206 braids
  Braids kept: 1118521 (in 30 buckets, 4.22 GB CPU)
  ⚡ Timing: matmul=0.20s, sampling=16.10s, total=22.41s
============================================================
Level 271 - SAMPLING
============================================================
  Starting braids: 968521
  Candidates to generate: 5006193
  Processing in 51 chunks...
  Projlen distribution:
    projlen=132: 6 braids
    projlen=133: 51 braids
    projlen=134: 65 braids
    projlen=135: 504 braids
    projlen=136: 518 braids
    projlen=137: 6962 braids
    projlen=138: 5800 braids
    projlen=139: 49275 braids
    projlen=140: 33923 braids
    projlen=141: 265349 braids
    projlen=142: 175636 braids
    projlen=143: 364617 braids
    projlen=144: 170414 braids
    projlen=145: 357267 braids
    projlen=146: 158263 braids
    projlen=147: 353862 braids
    projlen=148: 155482 braids
    projlen=149: 352130 braids
    projlen=150: 153885 braids
    projlen=151: 349216 braids
    projlen=152: 153897 braids
    projlen=153: 348345 braids
    projlen=154: 155521 braids
    projlen=155: 347512 braids
    projlen=156: 157153 braids
    projlen=157: 344203 braids
    projlen=158: 158431 braids
    projlen=159: 307004 braids
    projlen=160: 80902 braids
  Braids kept: 1097104 (in 29 buckets, 4.15 GB CPU)
  ⚡ Timing: matmul=0.16s, sampling=15.12s, total=21.29s
============================================================
Level 272 - SAMPLING
============================================================
  Starting braids: 997104
  Candidates to generate: 5135924
  Processing in 52 chunks...
  Projlen distribution:
    projlen=133: 23 braids
    projlen=134: 33 braids
    projlen=135: 419 braids
    projlen=136: 416 braids
    projlen=137: 3508 braids
    projlen=138: 3131 braids
    projlen=139: 39458 braids
    projlen=140: 29063 braids
    projlen=141: 246211 braids
    projlen=142: 151427 braids
    projlen=143: 327426 braids
    projlen=144: 172970 braids
    projlen=145: 360133 braids
    projlen=146: 159648 braids
    projlen=147: 354566 braids
    projlen=148: 155283 braids
    projlen=149: 350966 braids
    projlen=150: 154100 braids
    projlen=151: 349058 braids
    projlen=152: 153109 braids
    projlen=153: 349138 braids
    projlen=154: 153858 braids
    projlen=155: 347891 braids
    projlen=156: 156307 braids
    projlen=157: 347074 braids
    projlen=158: 158624 braids
    projlen=159: 338536 braids
    projlen=160: 157308 braids
    projlen=161: 116240 braids
  Braids kept: 1126051 (in 29 buckets, 4.27 GB CPU)
  ⚡ Timing: matmul=0.17s, sampling=16.64s, total=23.01s
============================================================
Level 273 - SAMPLING
============================================================
  Starting braids: 976051
  Candidates to generate: 5027183
  Processing in 51 chunks...
  Projlen distribution:
    projlen=133: 6 braids
    projlen=134: 7 braids
    projlen=135: 220 braids
    projlen=136: 226 braids
    projlen=137: 2803 braids
    projlen=138: 2457 braids
    projlen=139: 21645 braids
    projlen=140: 16367 braids
    projlen=141: 196636 braids
    projlen=142: 126820 braids
    projlen=143: 316485 braids
    projlen=144: 174486 braids
    projlen=145: 362409 braids
    projlen=146: 163970 braids
    projlen=147: 356439 braids
    projlen=148: 156129 braids
    projlen=149: 351434 braids
    projlen=150: 154238 braids
    projlen=151: 349729 braids
    projlen=152: 153833 braids
    projlen=153: 349399 braids
    projlen=154: 153570 braids
    projlen=155: 348466 braids
    projlen=156: 153819 braids
    projlen=157: 348009 braids
    projlen=158: 157037 braids
    projlen=159: 339980 braids
    projlen=160: 155276 braids
    projlen=161: 115288 braids
  Braids kept: 1093731 (in 29 buckets, 4.16 GB CPU)
  ⚡ Timing: matmul=0.17s, sampling=15.86s, total=22.10s
============================================================
Level 274 - SAMPLING
============================================================
  Starting braids: 993731
  Candidates to generate: 5136333
  Processing in 52 chunks...
  Projlen distribution:
    projlen=134: 2 braids
    projlen=135: 58 braids
    projlen=136: 81 braids
    projlen=137: 1583 braids
    projlen=138: 1500 braids
    projlen=139: 16815 braids
    projlen=140: 12758 braids
    projlen=141: 112213 braids
    projlen=142: 71970 braids
    projlen=143: 286822 braids
    projlen=144: 176165 braids
    projlen=145: 363157 braids
    projlen=146: 165674 braids
    projlen=147: 357838 braids
    projlen=148: 156816 braids
    projlen=149: 352995 braids
    projlen=150: 154638 braids
    projlen=151: 350295 braids
    projlen=152: 154074 braids
    projlen=153: 348864 braids
    projlen=154: 153815 braids
    projlen=155: 349221 braids
    projlen=156: 153397 braids
    projlen=157: 348274 braids
    projlen=158: 153565 braids
    projlen=159: 345458 braids
    projlen=160: 157283 braids
    projlen=161: 309309 braids
    projlen=162: 81693 braids
  Braids kept: 1132797 (in 29 buckets, 4.33 GB CPU)
  ⚡ Timing: matmul=0.17s, sampling=17.07s, total=23.52s
============================================================
Level 275 - SAMPLING
============================================================
  Starting braids: 982797
  Candidates to generate: 5080009
  Processing in 51 chunks...
  Projlen distribution:
    projlen=134: 1 braids
    projlen=135: 13 braids
    projlen=136: 33 braids
    projlen=137: 501 braids
    projlen=138: 625 braids
    projlen=139: 9974 braids
    projlen=140: 8086 braids
    projlen=141: 86412 braids
    projlen=142: 57416 braids
    projlen=143: 278649 braids
    projlen=144: 175710 braids
    projlen=145: 365190 braids
    projlen=146: 169583 braids
    projlen=147: 358588 braids
    projlen=148: 158441 braids
    projlen=149: 354139 braids
    projlen=150: 154824 braids
    projlen=151: 351421 braids
    projlen=152: 154298 braids
    projlen=153: 350211 braids
    projlen=154: 154530 braids
    projlen=155: 349069 braids
    projlen=156: 153854 braids
    projlen=157: 347615 braids
    projlen=158: 153443 braids
    projlen=159: 345993 braids
    projlen=160: 152119 braids
    projlen=161: 308682 braids
    projlen=162: 80589 braids
  Braids kept: 1119233 (in 29 buckets, 4.28 GB CPU)
  ⚡ Timing: matmul=0.20s, sampling=16.25s, total=22.68s
============================================================
Level 276 - SAMPLING
============================================================
  Starting braids: 969233
  Candidates to generate: 5009963
  Processing in 51 chunks...
  Projlen distribution:
    projlen=133: 1 braids
    projlen=134: 1 braids
    projlen=135: 13 braids
    projlen=136: 20 braids
    projlen=137: 210 braids
    projlen=138: 326 braids
    projlen=139: 3778 braids
    projlen=140: 3610 braids
    projlen=141: 52936 braids
    projlen=142: 37404 braids
    projlen=143: 267557 braids
    projlen=144: 176342 braids
    projlen=145: 364892 braids
    projlen=146: 171220 braids
    projlen=147: 360045 braids
    projlen=148: 159236 braids
    projlen=149: 355292 braids
    projlen=150: 155179 braids
    projlen=151: 350699 braids
    projlen=152: 153565 braids
    projlen=153: 349764 braids
    projlen=154: 153408 braids
    projlen=155: 349293 braids
    projlen=156: 154764 braids
    projlen=157: 348305 braids
    projlen=158: 154323 braids
    projlen=159: 347119 braids
    projlen=160: 152093 braids
    projlen=161: 308299 braids
    projlen=162: 80269 braids
  Braids kept: 1095363 (in 30 buckets, 4.20 GB CPU)
  ⚡ Timing: matmul=0.16s, sampling=15.61s, total=21.86s
============================================================
Level 277 - SAMPLING
============================================================
  Starting braids: 995363
  Candidates to generate: 5118527
  Processing in 52 chunks...
  Projlen distribution:
    projlen=133: 5 braids
    projlen=134: 3 braids
    projlen=135: 15 braids
    projlen=136: 15 braids
    projlen=137: 145 braids
    projlen=138: 176 braids
    projlen=139: 1968 braids
    projlen=140: 2121 braids
    projlen=141: 23189 braids
    projlen=142: 18439 braids
    projlen=143: 246621 braids
    projlen=144: 159139 braids
    projlen=145: 335208 braids
    projlen=146: 173398 braids
    projlen=147: 359450 braids
    projlen=148: 159515 braids
    projlen=149: 356256 braids
    projlen=150: 155948 braids
    projlen=151: 352847 braids
    projlen=152: 154205 braids
    projlen=153: 349207 braids
    projlen=154: 153094 braids
    projlen=155: 349435 braids
    projlen=156: 153558 braids
    projlen=157: 349334 braids
    projlen=158: 154735 braids
    projlen=159: 348390 braids
    projlen=160: 154556 braids
    projlen=161: 340730 braids
    projlen=162: 149440 braids
    projlen=163: 117385 braids
  Braids kept: 1096076 (in 31 buckets, 4.23 GB CPU)
  ⚡ Timing: matmul=0.17s, sampling=17.93s, total=24.77s
============================================================
Level 278 - SAMPLING
============================================================
  Starting braids: 996076
  Candidates to generate: 5140702
  Processing in 52 chunks...
  Projlen distribution:
    projlen=133: 2 braids
    projlen=134: 2 braids
    projlen=135: 31 braids
    projlen=136: 22 braids
    projlen=137: 111 braids
    projlen=138: 128 braids
    projlen=139: 1224 braids
    projlen=140: 1257 braids
    projlen=141: 13563 braids
    projlen=142: 11248 braids
    projlen=143: 118227 braids
    projlen=144: 77838 braids
    projlen=145: 290108 braids
    projlen=146: 176226 braids
    projlen=147: 362444 braids
    projlen=148: 163423 braids
    projlen=149: 356320 braids
    projlen=150: 156005 braids
    projlen=151: 353440 braids
    projlen=152: 154896 braids
    projlen=153: 350137 braids
    projlen=154: 152964 braids
    projlen=155: 349614 braids
    projlen=156: 153637 braids
    projlen=157: 348701 braids
    projlen=158: 153553 braids
    projlen=159: 348050 braids
    projlen=160: 155238 braids
    projlen=161: 346377 braids
    projlen=162: 154596 braids
    projlen=163: 310203 braids
    projlen=164: 81117 braids
  Braids kept: 1127588 (in 32 buckets, 4.37 GB CPU)
  ⚡ Timing: matmul=0.18s, sampling=18.51s, total=25.10s
============================================================
Level 279 - SAMPLING
============================================================
  Starting braids: 977588
  Candidates to generate: 5052314
  Processing in 51 chunks...
  Projlen distribution:
    projlen=134: 2 braids
    projlen=135: 8 braids
    projlen=136: 10 braids
    projlen=137: 187 braids
    projlen=138: 152 braids
    projlen=139: 871 braids
    projlen=140: 873 braids
    projlen=141: 8315 braids
    projlen=142: 6941 braids
    projlen=143: 71727 braids
    projlen=144: 49355 braids
    projlen=145: 274825 braids
    projlen=146: 176994 braids
    projlen=147: 363967 braids
    projlen=148: 169084 braids
    projlen=149: 359065 braids
    projlen=150: 157535 braids
    projlen=151: 353182 braids
    projlen=152: 154746 braids
    projlen=153: 350468 braids
    projlen=154: 153385 braids
    projlen=155: 350129 braids
    projlen=156: 153455 braids
    projlen=157: 349630 braids
    projlen=158: 153358 braids
    projlen=159: 349825 braids
    projlen=160: 154092 braids
    projlen=161: 347332 braids
    projlen=162: 154276 braids
    projlen=163: 308161 braids
    projlen=164: 80364 braids
  Braids kept: 1116714 (in 31 buckets, 4.33 GB CPU)
  ⚡ Timing: matmul=0.19s, sampling=18.01s, total=24.52s
============================================================
Level 280 - SAMPLING
============================================================
  Starting braids: 966714
  Candidates to generate: 5000626
  Processing in 51 chunks...
  Projlen distribution:
    projlen=135: 7 braids
    projlen=136: 12 braids
    projlen=137: 48 braids
    projlen=138: 57 braids
    projlen=139: 1128 braids
    projlen=140: 921 braids
    projlen=141: 5917 braids
    projlen=142: 4711 braids
    projlen=143: 45905 braids
    projlen=144: 32836 braids
    projlen=145: 265357 braids
    projlen=146: 176872 braids
    projlen=147: 362657 braids
    projlen=148: 171736 braids
    projlen=149: 359394 braids
    projlen=150: 159189 braids
    projlen=151: 355490 braids
    projlen=152: 155154 braids
    projlen=153: 351238 braids
    projlen=154: 154001 braids
    projlen=155: 349517 braids
    projlen=156: 153004 braids
    projlen=157: 349665 braids
    projlen=158: 153588 braids
    projlen=159: 349608 braids
    projlen=160: 153334 braids
    projlen=161: 348170 braids
    projlen=162: 152013 braids
    projlen=163: 308801 braids
    projlen=164: 80296 braids
  Braids kept: 1091542 (in 30 buckets, 4.24 GB CPU)
  ⚡ Timing: matmul=0.16s, sampling=17.14s, total=23.44s
============================================================
Level 281 - SAMPLING
============================================================
  Starting braids: 991542
  Candidates to generate: 5094158
  Processing in 51 chunks...
  Projlen distribution:
    projlen=135: 5 braids
    projlen=136: 5 braids
    projlen=137: 63 braids
    projlen=138: 72 braids
    projlen=139: 349 braids
    projlen=140: 379 braids
    projlen=141: 6402 braids
    projlen=142: 4943 braids
    projlen=143: 34221 braids
    projlen=144: 24062 braids
    projlen=145: 228101 braids
    projlen=146: 143619 braids
    projlen=147: 323004 braids
    projlen=148: 174030 braids
    projlen=149: 360710 braids
    projlen=150: 160993 braids
    projlen=151: 354820 braids
    projlen=152: 155207 braids
    projlen=153: 351700 braids
    projlen=154: 153804 braids
    projlen=155: 350050 braids
    projlen=156: 153526 braids
    projlen=157: 349088 braids
    projlen=158: 152812 braids
    projlen=159: 349451 braids
    projlen=160: 153440 braids
    projlen=161: 348810 braids
    projlen=162: 152239 braids
    projlen=163: 342000 braids
    projlen=164: 148972 braids
    projlen=165: 117281 braids
  Braids kept: 1120501 (in 31 buckets, 4.37 GB CPU)
  ⚡ Timing: matmul=0.23s, sampling=18.02s, total=24.64s
============================================================
Level 282 - SAMPLING
============================================================
  Starting braids: 970501
  Candidates to generate: 4980643
  Processing in 50 chunks...
  Projlen distribution:
    projlen=135: 2 braids
    projlen=136: 3 braids
    projlen=137: 40 braids
    projlen=138: 39 braids
    projlen=139: 466 braids
    projlen=140: 421 braids
    projlen=141: 2448 braids
    projlen=142: 2144 braids
    projlen=143: 34338 braids
    projlen=144: 24388 braids
    projlen=145: 172067 braids
    projlen=146: 105401 braids
    projlen=147: 301704 braids
    projlen=148: 175293 braids
    projlen=149: 361519 braids
    projlen=150: 164340 braids
    projlen=151: 356139 braids
    projlen=152: 156520 braids
    projlen=153: 352609 braids
    projlen=154: 154243 braids
    projlen=155: 349524 braids
    projlen=156: 153068 braids
    projlen=157: 349493 braids
    projlen=158: 153514 braids
    projlen=159: 350038 braids
    projlen=160: 153197 braids
    projlen=161: 349305 braids
    projlen=162: 152785 braids
    projlen=163: 342502 braids
    projlen=164: 146896 braids
    projlen=165: 116197 braids
  Braids kept: 1114289 (in 31 buckets, 4.36 GB CPU)
  ⚡ Timing: matmul=0.21s, sampling=17.55s, total=23.94s
============================================================
Level 283 - SAMPLING
============================================================
  Starting braids: 964289
  Candidates to generate: 4943963
  Processing in 50 chunks...
  Projlen distribution:
    projlen=136: 1 braids
    projlen=137: 16 braids
    projlen=138: 22 braids
    projlen=139: 289 braids
    projlen=140: 256 braids
    projlen=141: 2921 braids
    projlen=142: 2338 braids
    projlen=143: 15222 braids
    projlen=144: 11294 braids
    projlen=145: 164037 braids
    projlen=146: 106436 braids
    projlen=147: 302551 braids
    projlen=148: 173737 braids
    projlen=149: 361602 braids
    projlen=150: 166985 braids
    projlen=151: 357379 braids
    projlen=152: 157500 braids
    projlen=153: 353058 braids
    projlen=154: 154515 braids
    projlen=155: 349965 braids
    projlen=156: 153242 braids
    projlen=157: 349407 braids
    projlen=158: 153538 braids
    projlen=159: 348744 braids
    projlen=160: 152984 braids
    projlen=161: 348122 braids
    projlen=162: 152005 braids
    projlen=163: 342548 braids
    projlen=164: 147009 braids
    projlen=165: 116240 braids
  Braids kept: 1082359 (in 30 buckets, 4.24 GB CPU)
  ⚡ Timing: matmul=0.17s, sampling=16.84s, total=23.15s
============================================================
Level 284 - SAMPLING
============================================================
  Starting braids: 982359
  Candidates to generate: 5055595
  Processing in 51 chunks...
  Projlen distribution:
    projlen=136: 1 braids
    projlen=137: 5 braids
    projlen=138: 12 braids
    projlen=139: 119 braids
    projlen=140: 129 braids
    projlen=141: 1786 braids
    projlen=142: 1481 braids
    projlen=143: 16634 braids
    projlen=144: 11901 braids
    projlen=145: 78473 braids
    projlen=146: 49330 braids
    projlen=147: 269952 braids
    projlen=148: 174409 braids
    projlen=149: 361585 braids
    projlen=150: 167033 braids
    projlen=151: 357728 braids
    projlen=152: 158557 braids
    projlen=153: 354555 braids
    projlen=154: 155408 braids
    projlen=155: 351485 braids
    projlen=156: 153982 braids
    projlen=157: 347685 braids
    projlen=158: 152342 braids
    projlen=159: 348334 braids
    projlen=160: 152850 braids
    projlen=161: 348401 braids
    projlen=162: 152750 braids
    projlen=163: 347049 braids
    projlen=164: 150872 braids
    projlen=165: 310145 braids
    projlen=166: 80602 braids
  Braids kept: 1131398 (in 31 buckets, 4.45 GB CPU)
  ⚡ Timing: matmul=0.18s, sampling=18.64s, total=25.16s
============================================================
Level 285 - SAMPLING
============================================================
  Starting braids: 981398
  Candidates to generate: 5062074
  Processing in 51 chunks...
  Projlen distribution:
    projlen=137: 4 braids
    projlen=138: 4 braids
    projlen=139: 64 braids
    projlen=140: 75 braids
    projlen=141: 817 braids
    projlen=142: 778 braids
    projlen=143: 10244 braids
    projlen=144: 7866 braids
    projlen=145: 84320 braids
    projlen=146: 55555 braids
    projlen=147: 273870 braids
    projlen=148: 172444 braids
    projlen=149: 361127 braids
    projlen=150: 171162 braids
    projlen=151: 357462 braids
    projlen=152: 158264 braids
    projlen=153: 354467 braids
    projlen=154: 155278 braids
    projlen=155: 351453 braids
    projlen=156: 154012 braids
    projlen=157: 350161 braids
    projlen=158: 153485 braids
    projlen=159: 348535 braids
    projlen=160: 152706 braids
    projlen=161: 347725 braids
    projlen=162: 152685 braids
    projlen=163: 346631 braids
    projlen=164: 150751 braids
    projlen=165: 309481 braids
    projlen=166: 80648 braids
  Braids kept: 1119852 (in 30 buckets, 4.41 GB CPU)
  ⚡ Timing: matmul=0.19s, sampling=18.04s, total=24.58s
============================================================
Level 286 - SAMPLING
============================================================
  Starting braids: 969852
  Candidates to generate: 4998208
  Processing in 50 chunks...
  Projlen distribution:
    projlen=137: 5 braids
    projlen=138: 4 braids
    projlen=139: 30 braids
    projlen=140: 30 braids
    projlen=141: 495 braids
    projlen=142: 494 braids
    projlen=143: 5175 braids
    projlen=144: 4240 braids
    projlen=145: 52699 braids
    projlen=146: 36444 braids
    projlen=147: 265200 braids
    projlen=148: 174678 braids
    projlen=149: 362667 braids
    projlen=150: 170598 braids
    projlen=151: 358633 braids
    projlen=152: 159744 braids
    projlen=153: 354127 braids
    projlen=154: 154946 braids
    projlen=155: 351357 braids
    projlen=156: 153964 braids
    projlen=157: 349711 braids
    projlen=158: 153317 braids
    projlen=159: 348042 braids
    projlen=160: 153122 braids
    projlen=161: 348529 braids
    projlen=162: 153085 braids
    projlen=163: 346700 braids
    projlen=164: 150917 braids
    projlen=165: 309070 braids
    projlen=166: 80185 braids
  Braids kept: 1096917 (in 30 buckets, 4.33 GB CPU)
  ⚡ Timing: matmul=0.22s, sampling=16.92s, total=23.37s
============================================================
Level 287 - SAMPLING
============================================================
  Starting braids: 996917
  Candidates to generate: 5108357
  Processing in 52 chunks...
  Projlen distribution:
    projlen=136: 1 braids
    projlen=137: 1 braids
    projlen=138: 5 braids
    projlen=139: 36 braids
    projlen=140: 27 braids
    projlen=141: 221 braids
    projlen=142: 233 braids
    projlen=143: 3215 braids
    projlen=144: 2875 braids
    projlen=145: 29023 braids
    projlen=146: 21215 braids
    projlen=147: 243789 braids
    projlen=148: 155101 braids
    projlen=149: 330826 braids
    projlen=150: 172252 braids
    projlen=151: 358228 braids
    projlen=152: 159659 braids
    projlen=153: 355056 braids
    projlen=154: 155856 braids
    projlen=155: 352076 braids
    projlen=156: 154050 braids
    projlen=157: 350142 braids
    projlen=158: 153675 braids
    projlen=159: 349144 braids
    projlen=160: 153024 braids
    projlen=161: 349461 braids
    projlen=162: 153407 braids
    projlen=163: 348121 braids
    projlen=164: 151955 braids
    projlen=165: 341029 braids
    projlen=166: 147384 braids
    projlen=167: 117270 braids
  Braids kept: 1106852 (in 32 buckets, 4.39 GB CPU)
  ⚡ Timing: matmul=0.16s, sampling=18.32s, total=24.91s
============================================================
Level 288 - SAMPLING
============================================================
  Starting braids: 956852
  Candidates to generate: 4900216
  Processing in 50 chunks...
  Projlen distribution:
    projlen=137: 3 braids
    projlen=138: 4 braids
    projlen=139: 21 braids
    projlen=140: 26 braids
    projlen=141: 234 braids
    projlen=142: 185 braids
    projlen=143: 1550 braids
    projlen=144: 1512 braids
    projlen=145: 18800 braids
    projlen=146: 14532 braids
    projlen=147: 144749 braids
    projlen=148: 92101 braids
    projlen=149: 293699 braids
    projlen=150: 174007 braids
    projlen=151: 361696 braids
    projlen=152: 163288 braids
    projlen=153: 355932 braids
    projlen=154: 155829 braids
    projlen=155: 351406 braids
    projlen=156: 154250 braids
    projlen=157: 350367 braids
    projlen=158: 153553 braids
    projlen=159: 349336 braids
    projlen=160: 153227 braids
    projlen=161: 349651 braids
    projlen=162: 153310 braids
    projlen=163: 348908 braids
    projlen=164: 152363 braids
    projlen=165: 342182 braids
    projlen=166: 147105 braids
    projlen=167: 116390 braids
  Braids kept: 1086867 (in 31 buckets, 4.32 GB CPU)
  ⚡ Timing: matmul=0.16s, sampling=16.52s, total=22.81s
============================================================
Level 289 - SAMPLING
============================================================
  Starting braids: 986867
  Candidates to generate: 5084347
  Processing in 51 chunks...
  Projlen distribution:
    projlen=138: 1 braids
    projlen=139: 21 braids
    projlen=140: 22 braids
    projlen=141: 156 braids
    projlen=142: 139 braids
    projlen=143: 1419 braids
    projlen=144: 1178 braids
    projlen=145: 10237 braids
    projlen=146: 8061 braids
    projlen=147: 94817 braids
    projlen=148: 63119 braids
    projlen=149: 279595 braids
    projlen=150: 174823 braids
    projlen=151: 362674 braids
    projlen=152: 167615 braids
    projlen=153: 356950 braids
    projlen=154: 156687 braids
    projlen=155: 352684 braids
    projlen=156: 154488 braids
    projlen=157: 349706 braids
    projlen=158: 153285 braids
    projlen=159: 349350 braids
    projlen=160: 153219 braids
    projlen=161: 349554 braids
    projlen=162: 153293 braids
    projlen=163: 349833 braids
    projlen=164: 153421 braids
    projlen=165: 346954 braids
    projlen=166: 150557 braids
    projlen=167: 309950 braids
    projlen=168: 80539 braids
  Braids kept: 1121234 (in 31 buckets, 4.47 GB CPU)
  ⚡ Timing: matmul=0.21s, sampling=18.56s, total=25.14s
============================================================
Level 290 - SAMPLING
============================================================
  Starting braids: 971234
  Candidates to generate: 5010728
  Processing in 51 chunks...
  Projlen distribution:
    projlen=139: 4 braids
    projlen=140: 9 braids
    projlen=141: 129 braids
    projlen=142: 118 braids
    projlen=143: 968 braids
    projlen=144: 805 braids
    projlen=145: 8573 braids
    projlen=146: 6448 braids
    projlen=147: 55249 braids
    projlen=148: 37149 braids
    projlen=149: 265597 braids
    projlen=150: 175589 braids
    projlen=151: 362675 braids
    projlen=152: 169989 braids
    projlen=153: 358500 braids
    projlen=154: 158762 braids
    projlen=155: 354047 braids
    projlen=156: 154852 braids
    projlen=157: 350760 braids
    projlen=158: 153959 braids
    projlen=159: 349749 braids
    projlen=160: 152892 braids
    projlen=161: 349316 braids
    projlen=162: 153101 braids
    projlen=163: 349011 braids
    projlen=164: 153173 braids
    projlen=165: 348369 braids
    projlen=166: 151151 braids
    projlen=167: 309593 braids
    projlen=168: 80191 braids
  Braids kept: 1104203 (in 30 buckets, 4.41 GB CPU)
  ⚡ Timing: matmul=0.16s, sampling=17.51s, total=23.97s
============================================================
Level 291 - SAMPLING
============================================================
  Starting braids: 954203
  Candidates to generate: 4936393
  Processing in 50 chunks...
  Projlen distribution:
    projlen=139: 3 braids
    projlen=140: 3 braids
    projlen=141: 51 braids
    projlen=142: 56 braids
    projlen=143: 763 braids
    projlen=144: 661 braids
    projlen=145: 5756 braids
    projlen=146: 4420 braids
    projlen=147: 45923 braids
    projlen=148: 31845 braids
    projlen=149: 252865 braids
    projlen=150: 157177 braids
    projlen=151: 332702 braids
    projlen=152: 172454 braids
    projlen=153: 358313 braids
    projlen=154: 159359 braids
    projlen=155: 355565 braids
    projlen=156: 156026 braids
    projlen=157: 352005 braids
    projlen=158: 154289 braids
    projlen=159: 350325 braids
    projlen=160: 153496 braids
    projlen=161: 348527 braids
    projlen=162: 152598 braids
    projlen=163: 348425 braids
    projlen=164: 152973 braids
    projlen=165: 348533 braids
    projlen=166: 151344 braids
    projlen=167: 309670 braids
    projlen=168: 80266 braids
  Braids kept: 1089481 (in 30 buckets, 4.36 GB CPU)
  ⚡ Timing: matmul=0.19s, sampling=16.80s, total=23.16s
============================================================
Level 292 - SAMPLING
============================================================
  Starting braids: 989481
  Candidates to generate: 5080097
  Processing in 51 chunks...
  Projlen distribution:
    projlen=140: 1 braids
    projlen=141: 28 braids
    projlen=142: 31 braids
    projlen=143: 377 braids
    projlen=144: 352 braids
    projlen=145: 4400 braids
    projlen=146: 3541 braids
    projlen=147: 31819 braids
    projlen=148: 22395 braids
    projlen=149: 222497 braids
    projlen=150: 139700 braids
    projlen=151: 320836 braids
    projlen=152: 174352 braids
    projlen=153: 362063 braids
    projlen=154: 162988 braids
    projlen=155: 355670 braids
    projlen=156: 155582 braids
    projlen=157: 352829 braids
    projlen=158: 154778 braids
    projlen=159: 351844 braids
    projlen=160: 153766 braids
    projlen=161: 348663 braids
    projlen=162: 153022 braids
    projlen=163: 348439 braids
    projlen=164: 152991 braids
    projlen=165: 348385 braids
    projlen=166: 151878 braids
    projlen=167: 341743 braids
    projlen=168: 147663 braids
    projlen=169: 117464 braids
  Braids kept: 1112944 (in 30 buckets, 4.48 GB CPU)
  ⚡ Timing: matmul=0.24s, sampling=17.82s, total=24.46s
============================================================
Level 293 - SAMPLING
============================================================
  Starting braids: 962944
  Candidates to generate: 4937870
  Processing in 50 chunks...
  Projlen distribution:
    projlen=140: 2 braids
    projlen=141: 5 braids
    projlen=142: 7 braids
    projlen=143: 195 braids
    projlen=144: 187 braids
    projlen=145: 2485 braids
    projlen=146: 2087 braids
    projlen=147: 24292 braids
    projlen=148: 17735 braids
    projlen=149: 156907 braids
    projlen=150: 97907 braids
    projlen=151: 296585 braids
    projlen=152: 174060 braids
    projlen=153: 360981 braids
    projlen=154: 165001 braids
    projlen=155: 357907 braids
    projlen=156: 157246 braids
    projlen=157: 353404 braids
    projlen=158: 154521 braids
    projlen=159: 350693 braids
    projlen=160: 153593 braids
    projlen=161: 350456 braids
    projlen=162: 153801 braids
    projlen=163: 348810 braids
    projlen=164: 152645 braids
    projlen=165: 347845 braids
    projlen=166: 152302 braids
    projlen=167: 342659 braids
    projlen=168: 147172 braids
    projlen=169: 116380 braids
  Braids kept: 1096995 (in 30 buckets, 4.42 GB CPU)
  ⚡ Timing: matmul=0.17s, sampling=17.38s, total=23.82s
============================================================
Level 294 - SAMPLING
============================================================
  Starting braids: 996995
  Candidates to generate: 5141279
  Processing in 52 chunks...
  Projlen distribution:
    projlen=139: 1 braids
    projlen=141: 11 braids
    projlen=142: 11 braids
    projlen=143: 51 braids
    projlen=144: 58 braids
    projlen=145: 1242 braids
    projlen=146: 1120 braids
    projlen=147: 14551 braids
    projlen=148: 10954 braids
    projlen=149: 120647 braids
    projlen=150: 77924 braids
    projlen=151: 286785 braids
    projlen=152: 173457 braids
    projlen=153: 362085 braids
    projlen=154: 167206 braids
    projlen=155: 356525 braids
    projlen=156: 157539 braids
    projlen=157: 354093 braids
    projlen=158: 154892 braids
    projlen=159: 351729 braids
    projlen=160: 153565 braids
    projlen=161: 350154 braids
    projlen=162: 153437 braids
    projlen=163: 349924 braids
    projlen=164: 153305 braids
    projlen=165: 348841 braids
    projlen=166: 152948 braids
    projlen=167: 347001 braids
    projlen=168: 150867 braids
    projlen=169: 310063 braids
    projlen=170: 80293 braids
  Braids kept: 1127999 (in 31 buckets, 4.56 GB CPU)
  ⚡ Timing: matmul=0.19s, sampling=19.37s, total=26.14s
============================================================
Level 295 - SAMPLING
============================================================
  Starting braids: 977999
  Candidates to generate: 5048003
  Processing in 51 chunks...
  Projlen distribution:
    projlen=138: 1 braids
    projlen=139: 2 braids
    projlen=140: 4 braids
    projlen=141: 9 braids
    projlen=142: 13 braids
    projlen=143: 67 braids
    projlen=144: 65 braids
    projlen=145: 387 braids
    projlen=146: 383 braids
    projlen=147: 7440 braids
    projlen=148: 5987 braids
    projlen=149: 74064 braids
    projlen=150: 49323 braids
    projlen=151: 271822 braids
    projlen=152: 174770 braids
    projlen=153: 363311 braids
    projlen=154: 168822 braids
    projlen=155: 359004 braids
    projlen=156: 158740 braids
    projlen=157: 353939 braids
    projlen=158: 154919 braids
    projlen=159: 352039 braids
    projlen=160: 154236 braids
    projlen=161: 350220 braids
    projlen=162: 153691 braids
    projlen=163: 349666 braids
    projlen=164: 153256 braids
    projlen=165: 349051 braids
    projlen=166: 153075 braids
    projlen=167: 348195 braids
    projlen=168: 151334 braids
    projlen=169: 309549 braids
    projlen=170: 80619 braids
  Braids kept: 1113681 (in 33 buckets, 4.51 GB CPU)
  ⚡ Timing: matmul=0.18s, sampling=18.43s, total=25.07s
============================================================
Level 296 - SAMPLING
============================================================
  Starting braids: 963681
  Candidates to generate: 4972331
  Processing in 50 chunks...
  Projlen distribution:
    projlen=139: 4 braids
    projlen=140: 3 braids
    projlen=141: 25 braids
    projlen=142: 19 braids
    projlen=143: 78 braids
    projlen=144: 66 braids
    projlen=145: 435 braids
    projlen=146: 371 braids
    projlen=147: 2681 braids
    projlen=148: 2359 braids
    projlen=149: 39026 braids
    projlen=150: 28240 braids
    projlen=151: 261953 braids
    projlen=152: 174876 braids
    projlen=153: 361855 braids
    projlen=154: 171189 braids
    projlen=155: 359255 braids
    projlen=156: 159382 braids
    projlen=157: 354523 braids
    projlen=158: 154969 braids
    projlen=159: 350593 braids
    projlen=160: 153726 braids
    projlen=161: 349440 braids
    projlen=162: 153372 braids
    projlen=163: 349494 braids
    projlen=164: 153294 braids
    projlen=165: 348985 braids
    projlen=166: 153021 braids
    projlen=167: 347808 braids
    projlen=168: 151123 braids
    projlen=169: 309579 braids
    projlen=170: 80587 braids
  Braids kept: 1073307 (in 32 buckets, 4.36 GB CPU)
  ⚡ Timing: matmul=0.19s, sampling=17.24s, total=23.65s
============================================================
Level 297 - SAMPLING
============================================================
  Starting braids: 973307
  Candidates to generate: 4986091
  Processing in 50 chunks...
  Projlen distribution:
    projlen=139: 3 braids
    projlen=140: 3 braids
    projlen=141: 26 braids
    projlen=142: 16 braids
    projlen=143: 147 braids
    projlen=144: 107 braids
    projlen=145: 526 braids
    projlen=146: 381 braids
    projlen=147: 2608 braids
    projlen=148: 2067 braids
    projlen=149: 16446 braids
    projlen=150: 12602 braids
    projlen=151: 190367 braids
    projlen=152: 123246 braids
    projlen=153: 312187 braids
    projlen=154: 173722 braids
    projlen=155: 359988 braids
    projlen=156: 160096 braids
    projlen=157: 355304 braids
    projlen=158: 155565 braids
    projlen=159: 351621 braids
    projlen=160: 154018 braids
    projlen=161: 349979 braids
    projlen=162: 153484 braids
    projlen=163: 348846 braids
    projlen=164: 153189 braids
    projlen=165: 348676 braids
    projlen=166: 152552 braids
    projlen=167: 348844 braids
    projlen=168: 152122 braids
    projlen=169: 342142 braids
    projlen=170: 147599 braids
    projlen=171: 117612 braids
  Braids kept: 1084932 (in 33 buckets, 4.43 GB CPU)
  ⚡ Timing: matmul=0.20s, sampling=17.76s, total=24.30s
============================================================
Level 298 - SAMPLING
============================================================
  Starting braids: 984932
  Candidates to generate: 5073892
  Processing in 51 chunks...
  Projlen distribution:
    projlen=140: 2 braids
    projlen=141: 17 braids
    projlen=142: 16 braids
    projlen=143: 141 braids
    projlen=144: 92 braids
    projlen=145: 788 braids
    projlen=146: 563 braids
    projlen=147: 3144 braids
    projlen=148: 2203 braids
    projlen=149: 14997 braids
    projlen=150: 10658 braids
    projlen=151: 86015 braids
    projlen=152: 55693 braids
    projlen=153: 277376 braids
    projlen=154: 175738 braids
    projlen=155: 362060 braids
    projlen=156: 165281 braids
    projlen=157: 356754 braids
    projlen=158: 156060 braids
    projlen=159: 352512 braids
    projlen=160: 154456 braids
    projlen=161: 350893 braids
    projlen=162: 153970 braids
    projlen=163: 348957 braids
    projlen=164: 152844 braids
    projlen=165: 348793 braids
    projlen=166: 153232 braids
    projlen=167: 348128 braids
    projlen=168: 152568 braids
    projlen=169: 347494 braids
    projlen=170: 151198 braids
    projlen=171: 310422 braids
    projlen=172: 80827 braids
  Braids kept: 1132621 (in 33 buckets, 4.64 GB CPU)
  ⚡ Timing: matmul=0.22s, sampling=20.74s, total=27.62s
============================================================
Level 299 - SAMPLING
============================================================
  Starting braids: 982621
  Candidates to generate: 5078099
  Processing in 51 chunks...
  Projlen distribution:
    projlen=141: 6 braids
    projlen=142: 15 braids
    projlen=143: 89 braids
    projlen=144: 74 braids
    projlen=145: 738 braids
    projlen=146: 496 braids
    projlen=147: 4148 braids
    projlen=148: 2903 braids
    projlen=149: 17499 braids
    projlen=150: 11469 braids
    projlen=151: 77724 braids
    projlen=152: 49685 braids
    projlen=153: 275009 braids
    projlen=154: 176496 braids
    projlen=155: 365424 braids
    projlen=156: 170401 braids
    projlen=157: 358842 braids
    projlen=158: 158187 braids
    projlen=159: 353839 braids
    projlen=160: 154785 braids
    projlen=161: 351119 braids
    projlen=162: 153998 braids
    projlen=163: 349692 braids
    projlen=164: 153201 braids
    projlen=165: 348821 braids
    projlen=166: 152768 braids
    projlen=167: 348696 braids
    projlen=168: 153258 braids
    projlen=169: 347949 braids
    projlen=170: 150679 braids
    projlen=171: 309468 braids
    projlen=172: 80621 braids
  Braids kept: 1137122 (in 32 buckets, 4.66 GB CPU)
  ⚡ Timing: matmul=0.20s, sampling=21.13s, total=27.96s
============================================================
Level 300 - SAMPLING
============================================================
  Starting braids: 987122
  Candidates to generate: 5102660
  Processing in 52 chunks...
  Projlen distribution:
    projlen=142: 2 braids
    projlen=143: 73 braids
    projlen=144: 81 braids
    projlen=145: 485 braids
    projlen=146: 355 braids
    projlen=147: 3793 braids
    projlen=148: 2588 braids
    projlen=149: 21638 braids
    projlen=150: 14318 braids
    projlen=151: 89441 braids
    projlen=152: 54879 braids
    projlen=153: 273310 braids
    projlen=154: 173416 braids
    projlen=155: 365367 braids
    projlen=156: 172488 braids
    projlen=157: 360013 braids
    projlen=158: 159599 braids
    projlen=159: 355136 braids
    projlen=160: 155446 braids
    projlen=161: 351255 braids
    projlen=162: 153822 braids
    projlen=163: 350545 braids
    projlen=164: 153854 braids
    projlen=165: 349378 braids
    projlen=166: 153207 braids
    projlen=167: 348108 braids
    projlen=168: 152640 braids
    projlen=169: 346818 braids
    projlen=170: 150890 braids
    projlen=171: 309594 braids
    projlen=172: 80121 braids
  Braids kept: 1143333 (in 31 buckets, 4.69 GB CPU)
  ⚡ Timing: matmul=0.17s, sampling=20.78s, total=27.61s

============================================================
SEARCH COMPLETE
============================================================
Final level: 300
Total time: 6510.32s
Avg time per level: 22.22s
Total GPU scalar-identity candidates: 0
Exact peyl verification required for every candidate.
