============================================================
SEARCHING FOR KERNEL ELEMENTS
============================================================
Braid group: B_4
Representation: (3, 1)
Dimension: 3
Number of simples: 24
Prime: 7
Device: cuda
Bucket size: 50000
Target length: 300
BFS frontier length: 8
Frontier shard: 42/64
Degree window: [0, 900] (901 coeffs)
Boundary margin: 16
Use best: 1000000
Save best: 50000
Expansion chunk size: 100000
Matmul chunk size: 8000
Seed: 70041

Loaded tables from /nfs/roberts/project/pi_com36/as4843/burau-experiments/precomputed_tables/tables_B4_r1_p7.pt
  Braid group: B_4
  Representation: (3, 1), dimension 3
  Number of simples: 24
  Degree window: [0, 900] (901 coefficients)
  Table checksum: 812f436d5d2d17cd22ee17ad7df33b681151037863def03032587a5c5ef7a9e4
✓ Identity matrix loaded at degree 0

Precomputing FFTs of simple matrices...
  simple_D=4, safety_cap_D=901
  FFT size: dynamic (grows with actual projective width)
  FFT cache: initialized lazily by transform size
Storage: reservoir matrices=CPU int16, active chunks=CUDA int16/FFT
⚡ GPU-accelerated paper reservoir with per-product projectivization

============================================================
Level 8 - BFS FRONTIER
============================================================
  Exhaustively enumerating all legal GNF words of length 8...
  Full frontier: 4,963,856 braids
  Assigned to this shard: 77,560 braids
  Projlen distribution:
    projlen=14: 4 braids
    projlen=15: 17 braids
    projlen=16: 88 braids
    projlen=17: 8959 braids
    projlen=18: 11736 braids
    projlen=19: 21636 braids
    projlen=20: 16819 braids
    projlen=21: 11974 braids
    projlen=22: 4693 braids
    projlen=23: 1423 braids
    projlen=24: 195 braids
    projlen=25: 16 braids
  Braids kept: 77560 (in 12 buckets, 0.03 GB CPU)
  ⚡ Timing: matmul=5.74s, sampling=0.00s, total=5.74s
============================================================
Level 9 - SAMPLING
============================================================
  Starting braids: 77560
  Candidates to generate: 422758
  Processing in 5 chunks...
  Projlen distribution:
    projlen=15: 8 braids
    projlen=16: 32 braids
    projlen=17: 186 braids
    projlen=18: 627 braids
    projlen=19: 41848 braids
    projlen=20: 54833 braids
    projlen=21: 109600 braids
    projlen=22: 89363 braids
    projlen=23: 75489 braids
    projlen=24: 34257 braids
    projlen=25: 13245 braids
    projlen=26: 2828 braids
    projlen=27: 413 braids
    projlen=28: 29 braids
  Braids kept: 293473 (in 14 buckets, 0.13 GB CPU)
  ⚡ Timing: matmul=0.03s, sampling=0.16s, total=0.26s
============================================================
Level 10 - SAMPLING
============================================================
  Starting braids: 293473
  Candidates to generate: 1594985
  Processing in 16 chunks...
  Projlen distribution:
    projlen=17: 87 braids
    projlen=18: 216 braids
    projlen=19: 1592 braids
    projlen=20: 3918 braids
    projlen=21: 189567 braids
    projlen=22: 228918 braids
    projlen=23: 311632 braids
    projlen=24: 245402 braids
    projlen=25: 282966 braids
    projlen=26: 185227 braids
    projlen=27: 108556 braids
    projlen=28: 29783 braids
    projlen=29: 6377 braids
    projlen=30: 696 braids
    projlen=31: 48 braids
  Braids kept: 392717 (in 15 buckets, 0.19 GB CPU)
  ⚡ Timing: matmul=0.04s, sampling=0.65s, total=0.97s
============================================================
Level 11 - SAMPLING
============================================================
  Starting braids: 392717
  Candidates to generate: 2117975
  Processing in 22 chunks...
  Projlen distribution:
    projlen=18: 14 braids
    projlen=19: 686 braids
    projlen=20: 1460 braids
    projlen=21: 10114 braids
    projlen=22: 17651 braids
    projlen=23: 231521 braids
    projlen=24: 245184 braids
    projlen=25: 304142 braids
    projlen=26: 247218 braids
    projlen=27: 295102 braids
    projlen=28: 246555 braids
    projlen=29: 265537 braids
    projlen=30: 164888 braids
    projlen=31: 74592 braids
    projlen=32: 11816 braids
    projlen=33: 1417 braids
    projlen=34: 78 braids
  Braids kept: 493236 (in 17 buckets, 0.26 GB CPU)
  ⚡ Timing: matmul=0.09s, sampling=0.91s, total=1.52s
============================================================
Level 12 - SAMPLING
============================================================
  Starting braids: 493236
  Candidates to generate: 2665016
  Processing in 27 chunks...
  Projlen distribution:
    projlen=18: 4 braids
    projlen=19: 18 braids
    projlen=20: 166 braids
    projlen=21: 4409 braids
    projlen=22: 7776 braids
    projlen=23: 54106 braids
    projlen=24: 77462 braids
    projlen=25: 262324 braids
    projlen=26: 240273 braids
    projlen=27: 303553 braids
    projlen=28: 250560 braids
    projlen=29: 291108 braids
    projlen=30: 254892 braids
    projlen=31: 285890 braids
    projlen=32: 243896 braids
    projlen=33: 249029 braids
    projlen=34: 111339 braids
    projlen=35: 25774 braids
    projlen=36: 2309 braids
    projlen=37: 128 braids
  Braids kept: 640584 (in 20 buckets, 0.36 GB CPU)
  ⚡ Timing: matmul=0.08s, sampling=1.33s, total=2.11s
============================================================
Level 13 - SAMPLING
============================================================
  Starting braids: 640584
  Candidates to generate: 3483520
  Processing in 35 chunks...
  Projlen distribution:
    projlen=20: 32 braids
    projlen=21: 356 braids
    projlen=22: 1155 braids
    projlen=23: 24100 braids
    projlen=24: 37604 braids
    projlen=25: 236090 braids
    projlen=26: 253406 braids
    projlen=27: 327667 braids
    projlen=28: 236875 braids
    projlen=29: 303556 braids
    projlen=30: 252786 braids
    projlen=31: 289421 braids
    projlen=32: 257896 braids
    projlen=33: 284866 braids
    projlen=34: 257110 braids
    projlen=35: 278750 braids
    projlen=36: 222333 braids
    projlen=37: 169489 braids
    projlen=38: 45339 braids
    projlen=39: 4493 braids
    projlen=40: 196 braids
  Braids kept: 763275 (in 21 buckets, 0.47 GB CPU)
  ⚡ Timing: matmul=0.09s, sampling=1.72s, total=2.78s
============================================================
Level 14 - SAMPLING
============================================================
  Starting braids: 763275
  Candidates to generate: 4129971
  Processing in 42 chunks...
  Projlen distribution:
    projlen=21: 27 braids
    projlen=22: 280 braids
    projlen=23: 3126 braids
    projlen=24: 6729 braids
    projlen=25: 116650 braids
    projlen=26: 160251 braids
    projlen=27: 301715 braids
    projlen=28: 246597 braids
    projlen=29: 311878 braids
    projlen=30: 235851 braids
    projlen=31: 301639 braids
    projlen=32: 253775 braids
    projlen=33: 286040 braids
    projlen=34: 262261 braids
    projlen=35: 283434 braids
    projlen=36: 261294 braids
    projlen=37: 284665 braids
    projlen=38: 250382 braids
    projlen=39: 269159 braids
    projlen=40: 191309 braids
    projlen=41: 95468 braids
    projlen=42: 7121 braids
    projlen=43: 320 braids
  Braids kept: 867603 (in 23 buckets, 0.57 GB CPU)
  ⚡ Timing: matmul=0.11s, sampling=2.01s, total=3.27s
============================================================
Level 15 - SAMPLING
============================================================
  Starting braids: 867603
  Candidates to generate: 4700747
  Processing in 48 chunks...
  Projlen distribution:
    projlen=22: 11 braids
    projlen=23: 391 braids
    projlen=24: 2065 braids
    projlen=25: 18874 braids
    projlen=26: 30666 braids
    projlen=27: 236263 braids
    projlen=28: 249407 braids
    projlen=29: 317455 braids
    projlen=30: 240672 braids
    projlen=31: 305913 braids
    projlen=32: 241546 braids
    projlen=33: 297185 braids
    projlen=34: 253472 braids
    projlen=35: 284853 braids
    projlen=36: 262743 braids
    projlen=37: 281862 braids
    projlen=38: 265385 braids
    projlen=39: 283193 braids
    projlen=40: 258828 braids
    projlen=41: 282390 braids
    projlen=42: 236741 braids
    projlen=43: 244653 braids
    projlen=44: 92318 braids
    projlen=45: 13389 braids
    projlen=46: 472 braids
  Braids kept: 965868 (in 25 buckets, 0.67 GB CPU)
  ⚡ Timing: matmul=0.12s, sampling=2.52s, total=4.02s
============================================================
Level 16 - SAMPLING
============================================================
  Starting braids: 965868
  Candidates to generate: 5231962
  Processing in 53 chunks...
  Projlen distribution:
    projlen=23: 29 braids
    projlen=24: 166 braids
    projlen=25: 3217 braids
    projlen=26: 11697 braids
    projlen=27: 96985 braids
    projlen=28: 134122 braids
    projlen=29: 290202 braids
    projlen=30: 243024 braids
    projlen=31: 309572 braids
    projlen=32: 242588 braids
    projlen=33: 299906 braids
    projlen=34: 245443 braids
    projlen=35: 292674 braids
    projlen=36: 256095 braids
    projlen=37: 283240 braids
    projlen=38: 263115 braids
    projlen=39: 280378 braids
    projlen=40: 266121 braids
    projlen=41: 280861 braids
    projlen=42: 262122 braids
    projlen=43: 283152 braids
    projlen=44: 254303 braids
    projlen=45: 274575 braids
    projlen=46: 208630 braids
    projlen=47: 128228 braids
    projlen=48: 20749 braids
    projlen=49: 768 braids
  Braids kept: 1086626 (in 27 buckets, 0.80 GB CPU)
  ⚡ Timing: matmul=0.13s, sampling=2.99s, total=4.73s
============================================================
Level 17 - SAMPLING
============================================================
  Starting braids: 965109
  Candidates to generate: 5303959
  Processing in 54 chunks...
  Projlen distribution:
    projlen=24: 6 braids
    projlen=25: 470 braids
    projlen=26: 1343 braids
    projlen=27: 18972 braids
    projlen=28: 53140 braids
    projlen=29: 243875 braids
    projlen=30: 253928 braids
    projlen=31: 320891 braids
    projlen=32: 238506 braids
    projlen=33: 306245 braids
    projlen=34: 245920 braids
    projlen=35: 295027 braids
    projlen=36: 250145 braids
    projlen=37: 289179 braids
    projlen=38: 257905 braids
    projlen=39: 282781 braids
    projlen=40: 265046 braids
    projlen=41: 278568 braids
    projlen=42: 266912 braids
    projlen=43: 278635 braids
    projlen=44: 265849 braids
    projlen=45: 279814 braids
    projlen=46: 254518 braids
    projlen=47: 262652 braids
    projlen=48: 93632 braids
  Braids kept: 1070791 (in 25 buckets, 0.81 GB CPU)
  ⚡ Timing: matmul=0.13s, sampling=3.10s, total=4.85s
============================================================
Level 18 - SAMPLING
============================================================
  Starting braids: 970791
  Candidates to generate: 5337773
  Processing in 54 chunks...
  Projlen distribution:
    projlen=24: 1 braids
    projlen=25: 45 braids
    projlen=26: 223 braids
    projlen=27: 3833 braids
    projlen=28: 8143 braids
    projlen=29: 94830 braids
    projlen=30: 213503 braids
    projlen=31: 323231 braids
    projlen=32: 247908 braids
    projlen=33: 309203 braids
    projlen=34: 240456 braids
    projlen=35: 301276 braids
    projlen=36: 249301 braids
    projlen=37: 290444 braids
    projlen=38: 253978 braids
    projlen=39: 286629 braids
    projlen=40: 260487 braids
    projlen=41: 280576 braids
    projlen=42: 266124 braids
    projlen=43: 277401 braids
    projlen=44: 267239 braids
    projlen=45: 276277 braids
    projlen=46: 265552 braids
    projlen=47: 273317 braids
    projlen=48: 247737 braids
    projlen=49: 100059 braids
  Braids kept: 1062245 (in 26 buckets, 0.82 GB CPU)
  ⚡ Timing: matmul=0.13s, sampling=3.17s, total=4.96s
============================================================
Level 19 - SAMPLING
============================================================
  Starting braids: 962245
  Candidates to generate: 5293515
  Processing in 53 chunks...
  Projlen distribution:
    projlen=25: 12 braids
    projlen=26: 62 braids
    projlen=27: 650 braids
    projlen=28: 1969 braids
    projlen=29: 22631 braids
    projlen=30: 38106 braids
    projlen=31: 229567 braids
    projlen=32: 280798 braids
    projlen=33: 301503 braids
    projlen=34: 246539 braids
    projlen=35: 304504 braids
    projlen=36: 244702 braids
    projlen=37: 294565 braids
    projlen=38: 252452 braids
    projlen=39: 287125 braids
    projlen=40: 256993 braids
    projlen=41: 283991 braids
    projlen=42: 261982 braids
    projlen=43: 279244 braids
    projlen=44: 266763 braids
    projlen=45: 276494 braids
    projlen=46: 268146 braids
    projlen=47: 274481 braids
    projlen=48: 264346 braids
    projlen=49: 258442 braids
    projlen=50: 97448 braids
  Braids kept: 1063430 (in 26 buckets, 0.85 GB CPU)
  ⚡ Timing: matmul=0.14s, sampling=2.83s, total=4.54s
============================================================
Level 20 - SAMPLING
============================================================
  Starting braids: 963430
  Candidates to generate: 5304958
  Processing in 54 chunks...
  Projlen distribution:
    projlen=25: 6 braids
    projlen=26: 26 braids
    projlen=27: 214 braids
    projlen=28: 693 braids
    projlen=29: 5522 braids
    projlen=30: 11829 braids
    projlen=31: 115135 braids
    projlen=32: 165503 braids
    projlen=33: 299338 braids
    projlen=34: 263284 braids
    projlen=35: 292477 braids
    projlen=36: 254335 braids
    projlen=37: 296309 braids
    projlen=38: 248617 braids
    projlen=39: 291101 braids
    projlen=40: 255863 braids
    projlen=41: 284646 braids
    projlen=42: 260287 braids
    projlen=43: 282201 braids
    projlen=44: 263535 braids
    projlen=45: 279044 braids
    projlen=46: 267598 braids
    projlen=47: 275707 braids
    projlen=48: 268594 braids
    projlen=49: 271724 braids
    projlen=50: 252085 braids
    projlen=51: 99285 braids
  Braids kept: 1068290 (in 27 buckets, 0.87 GB CPU)
  ⚡ Timing: matmul=0.13s, sampling=2.92s, total=4.68s
============================================================
Level 21 - SAMPLING
============================================================
  Starting braids: 968290
  Candidates to generate: 5333732
  Processing in 54 chunks...
  Projlen distribution:
    projlen=26: 12 braids
    projlen=27: 87 braids
    projlen=28: 344 braids
    projlen=29: 2158 braids
    projlen=30: 4696 braids
    projlen=31: 32675 braids
    projlen=32: 53940 braids
    projlen=33: 246363 braids
    projlen=34: 255898 braids
    projlen=35: 313488 braids
    projlen=36: 252047 braids
    projlen=37: 292085 braids
    projlen=38: 258473 braids
    projlen=39: 288063 braids
    projlen=40: 253309 braids
    projlen=41: 288123 braids
    projlen=42: 259093 braids
    projlen=43: 282141 braids
    projlen=44: 263055 braids
    projlen=45: 279917 braids
    projlen=46: 265564 braids
    projlen=47: 278051 braids
    projlen=48: 268087 braids
    projlen=49: 274082 braids
    projlen=50: 267449 braids
    projlen=51: 256520 braids
    projlen=52: 98012 braids
  Braids kept: 1089972 (in 27 buckets, 0.91 GB CPU)
  ⚡ Timing: matmul=0.13s, sampling=3.27s, total=5.09s
============================================================
Level 22 - SAMPLING
============================================================
  Starting braids: 989972
  Candidates to generate: 5458114
  Processing in 55 chunks...
  Projlen distribution:
    projlen=26: 5 braids
    projlen=27: 17 braids
    projlen=28: 128 braids
    projlen=29: 961 braids
    projlen=30: 2499 braids
    projlen=31: 15052 braids
    projlen=32: 25276 braids
    projlen=33: 165135 braids
    projlen=34: 222715 braids
    projlen=35: 327711 braids
    projlen=36: 246447 braids
    projlen=37: 305068 braids
    projlen=38: 251800 braids
    projlen=39: 289592 braids
    projlen=40: 259450 braids
    projlen=41: 283310 braids
    projlen=42: 258047 braids
    projlen=43: 285756 braids
    projlen=44: 260753 braids
    projlen=45: 280753 braids
    projlen=46: 264942 braids
    projlen=47: 278096 braids
    projlen=48: 267114 braids
    projlen=49: 276151 braids
    projlen=50: 267107 braids
    projlen=51: 271508 braids
    projlen=52: 253850 braids
    projlen=53: 98871 braids
  Braids kept: 1093938 (in 28 buckets, 0.94 GB CPU)
  ⚡ Timing: matmul=0.14s, sampling=3.45s, total=5.34s
============================================================
Level 23 - SAMPLING
============================================================
  Starting braids: 993938
  Candidates to generate: 5479286
  Processing in 55 chunks...
  Projlen distribution:
    projlen=27: 12 braids
    projlen=28: 55 braids
    projlen=29: 278 braids
    projlen=30: 1072 braids
    projlen=31: 7095 braids
    projlen=32: 14036 braids
    projlen=33: 81079 braids
    projlen=34: 111841 braids
    projlen=35: 275038 braids
    projlen=36: 256448 braids
    projlen=37: 311424 braids
    projlen=38: 241316 braids
    projlen=39: 301401 braids
    projlen=40: 252812 braids
    projlen=41: 287081 braids
    projlen=42: 261524 braids
    projlen=43: 281903 braids
    projlen=44: 262188 braids
    projlen=45: 283291 braids
    projlen=46: 263200 braids
    projlen=47: 279283 braids
    projlen=48: 266435 braids
    projlen=49: 276924 braids
    projlen=50: 267881 braids
    projlen=51: 273806 braids
    projlen=52: 265604 braids
    projlen=53: 257786 braids
    projlen=54: 98473 braids
  Braids kept: 1122548 (in 28 buckets, 0.98 GB CPU)
  ⚡ Timing: matmul=0.14s, sampling=3.81s, total=5.74s
============================================================
Level 24 - SAMPLING
============================================================
  Starting braids: 972548
  Candidates to generate: 5361890
  Processing in 54 chunks...
  Projlen distribution:
    projlen=27: 6 braids
    projlen=28: 19 braids
    projlen=29: 125 braids
    projlen=30: 500 braids
    projlen=31: 2421 braids
    projlen=32: 6787 braids
    projlen=33: 39333 braids
    projlen=34: 65384 braids
    projlen=35: 248832 braids
    projlen=36: 254097 braids
    projlen=37: 321106 braids
    projlen=38: 247092 braids
    projlen=39: 304217 braids
    projlen=40: 245547 braids
    projlen=41: 295593 braids
    projlen=42: 253204 braids
    projlen=43: 284524 braids
    projlen=44: 263175 braids
    projlen=45: 280080 braids
    projlen=46: 264815 braids
    projlen=47: 280225 braids
    projlen=48: 264836 braids
    projlen=49: 278215 braids
    projlen=50: 268089 braids
    projlen=51: 274252 braids
    projlen=52: 265423 braids
    projlen=53: 256461 braids
    projlen=54: 97532 braids
  Braids kept: 1099191 (in 28 buckets, 0.97 GB CPU)
  ⚡ Timing: matmul=0.14s, sampling=3.72s, total=5.61s
============================================================
Level 25 - SAMPLING
============================================================
  Starting braids: 999191
  Candidates to generate: 5506271
  Processing in 56 chunks...
  Projlen distribution:
    projlen=27: 1 braids
    projlen=28: 8 braids
    projlen=29: 51 braids
    projlen=30: 217 braids
    projlen=31: 1003 braids
    projlen=32: 3304 braids
    projlen=33: 15322 braids
    projlen=34: 35035 braids
    projlen=35: 187095 braids
    projlen=36: 238219 braids
    projlen=37: 322664 braids
    projlen=38: 247180 braids
    projlen=39: 308800 braids
    projlen=40: 243611 braids
    projlen=41: 300185 braids
    projlen=42: 249890 braids
    projlen=43: 290425 braids
    projlen=44: 255863 braids
    projlen=45: 282943 braids
    projlen=46: 264237 braids
    projlen=47: 278935 braids
    projlen=48: 266786 braids
    projlen=49: 278494 braids
    projlen=50: 266388 braids
    projlen=51: 276302 braids
    projlen=52: 268736 braids
    projlen=53: 272566 braids
    projlen=54: 252870 braids
    projlen=55: 99141 braids
  Braids kept: 1104941 (in 29 buckets, 1.00 GB CPU)
  ⚡ Timing: matmul=0.13s, sampling=3.95s, total=5.97s
============================================================
Level 26 - SAMPLING
============================================================
  Starting braids: 954941
  Candidates to generate: 5253365
  Processing in 53 chunks...
  Projlen distribution:
    projlen=27: 2 braids
    projlen=28: 7 braids
    projlen=29: 13 braids
    projlen=30: 77 braids
    projlen=31: 428 braids
    projlen=32: 1454 braids
    projlen=33: 6914 braids
    projlen=34: 17858 braids
    projlen=35: 78353 braids
    projlen=36: 151519 braids
    projlen=37: 287348 braids
    projlen=38: 256989 braids
    projlen=39: 307147 braids
    projlen=40: 242331 braids
    projlen=41: 302566 braids
    projlen=42: 246211 braids
    projlen=43: 292961 braids
    projlen=44: 252804 braids
    projlen=45: 286574 braids
    projlen=46: 258296 braids
    projlen=47: 281570 braids
    projlen=48: 265836 braids
    projlen=49: 278193 braids
    projlen=50: 268880 braids
    projlen=51: 277081 braids
    projlen=52: 267413 braids
    projlen=53: 271809 braids
    projlen=54: 253357 braids
    projlen=55: 99374 braids
  Braids kept: 1076753 (in 29 buckets, 0.98 GB CPU)
  ⚡ Timing: matmul=0.13s, sampling=3.85s, total=5.73s
============================================================
Level 27 - SAMPLING
============================================================
  Starting braids: 976753
  Candidates to generate: 5380587
  Processing in 54 chunks...
  Projlen distribution:
    projlen=27: 2 braids
    projlen=28: 8 braids
    projlen=29: 20 braids
    projlen=30: 69 braids
    projlen=31: 135 braids
    projlen=32: 544 braids
    projlen=33: 3087 braids
    projlen=34: 8387 braids
    projlen=35: 36831 braids
    projlen=36: 81956 braids
    projlen=37: 240602 braids
    projlen=38: 274855 braids
    projlen=39: 305961 braids
    projlen=40: 250885 braids
    projlen=41: 301232 braids
    projlen=42: 246012 braids
    projlen=43: 295868 braids
    projlen=44: 249408 braids
    projlen=45: 288645 braids
    projlen=46: 256967 braids
    projlen=47: 284557 braids
    projlen=48: 261105 braids
    projlen=49: 279095 braids
    projlen=50: 267006 braids
    projlen=51: 278162 braids
    projlen=52: 270339 braids
    projlen=53: 276064 braids
    projlen=54: 266706 braids
    projlen=55: 258009 braids
    projlen=56: 98070 braids
  Braids kept: 1099083 (in 30 buckets, 1.02 GB CPU)
  ⚡ Timing: matmul=0.14s, sampling=3.98s, total=5.96s
============================================================
Level 28 - SAMPLING
============================================================
  Starting braids: 999083
  Candidates to generate: 5500931
  Processing in 56 chunks...
  Projlen distribution:
    projlen=27: 1 braids
    projlen=28: 9 braids
    projlen=29: 11 braids
    projlen=30: 79 braids
    projlen=31: 156 braids
    projlen=32: 450 braids
    projlen=33: 1148 braids
    projlen=34: 3392 braids
    projlen=35: 17517 braids
    projlen=36: 41705 braids
    projlen=37: 168483 braids
    projlen=38: 248631 braids
    projlen=39: 307579 braids
    projlen=40: 263300 braids
    projlen=41: 294540 braids
    projlen=42: 253595 braids
    projlen=43: 295317 braids
    projlen=44: 250544 braids
    projlen=45: 291345 braids
    projlen=46: 253622 braids
    projlen=47: 286759 braids
    projlen=48: 260042 braids
    projlen=49: 281784 braids
    projlen=50: 263730 braids
    projlen=51: 278245 braids
    projlen=52: 268193 braids
    projlen=53: 276623 braids
    projlen=54: 268449 braids
    projlen=55: 272221 braids
    projlen=56: 253926 braids
    projlen=57: 99535 braids
  Braids kept: 1114468 (in 31 buckets, 1.06 GB CPU)
  ⚡ Timing: matmul=0.14s, sampling=4.23s, total=6.31s
============================================================
Level 29 - SAMPLING
============================================================
  Starting braids: 964468
  Candidates to generate: 5310934
  Processing in 54 chunks...
  Projlen distribution:
    projlen=27: 1 braids
    projlen=28: 6 braids
    projlen=29: 6 braids
    projlen=30: 76 braids
    projlen=31: 96 braids
    projlen=32: 451 braids
    projlen=33: 1090 braids
    projlen=34: 2662 braids
    projlen=35: 7373 braids
    projlen=36: 18457 braids
    projlen=37: 84655 braids
    projlen=38: 179838 braids
    projlen=39: 289016 braids
    projlen=40: 272209 braids
    projlen=41: 293660 braids
    projlen=42: 258079 braids
    projlen=43: 292414 braids
    projlen=44: 256795 braids
    projlen=45: 290364 braids
    projlen=46: 255352 braids
    projlen=47: 287103 braids
    projlen=48: 256946 braids
    projlen=49: 283349 braids
    projlen=50: 262117 braids
    projlen=51: 280724 braids
    projlen=52: 265835 braids
    projlen=53: 277706 braids
    projlen=54: 268815 braids
    projlen=55: 272965 braids
    projlen=56: 253725 braids
    projlen=57: 99049 braids
  Braids kept: 1080218 (in 31 buckets, 1.04 GB CPU)
  ⚡ Timing: matmul=0.13s, sampling=4.10s, total=6.10s
============================================================
Level 30 - SAMPLING
============================================================
  Starting braids: 980218
  Candidates to generate: 5399186
  Processing in 54 chunks...
  Projlen distribution:
    projlen=28: 8 braids
    projlen=29: 5 braids
    projlen=30: 43 braids
    projlen=31: 42 braids
    projlen=32: 425 braids
    projlen=33: 723 braids
    projlen=34: 2487 braids
    projlen=35: 6419 braids
    projlen=36: 14438 braids
    projlen=37: 38782 braids
    projlen=38: 84546 braids
    projlen=39: 237036 braids
    projlen=40: 278889 braids
    projlen=41: 294815 braids
    projlen=42: 262791 braids
    projlen=43: 290170 braids
    projlen=44: 260596 braids
    projlen=45: 287028 braids
    projlen=46: 259090 braids
    projlen=47: 286097 braids
    projlen=48: 259217 braids
    projlen=49: 284614 braids
    projlen=50: 260364 braids
    projlen=51: 281113 braids
    projlen=52: 264834 braids
    projlen=53: 278350 braids
    projlen=54: 267162 braids
    projlen=55: 275505 braids
    projlen=56: 267582 braids
    projlen=57: 257675 braids
    projlen=58: 98340 braids
  Braids kept: 1113372 (in 31 buckets, 1.09 GB CPU)
  ⚡ Timing: matmul=0.15s, sampling=4.20s, total=6.25s
============================================================
Level 31 - SAMPLING
============================================================
  Starting braids: 963372
  Candidates to generate: 5308924
  Processing in 54 chunks...
  Projlen distribution:
    projlen=27: 1 braids
    projlen=28: 5 braids
    projlen=29: 6 braids
    projlen=30: 47 braids
    projlen=31: 34 braids
    projlen=32: 240 braids
    projlen=33: 303 braids
    projlen=34: 2275 braids
    projlen=35: 4404 braids
    projlen=36: 13203 braids
    projlen=37: 33914 braids
    projlen=38: 71132 braids
    projlen=39: 180586 braids
    projlen=40: 255816 braids
    projlen=41: 303030 braids
    projlen=42: 268280 braids
    projlen=43: 288001 braids
    projlen=44: 264362 braids
    projlen=45: 285694 braids
    projlen=46: 261262 braids
    projlen=47: 283104 braids
    projlen=48: 261478 braids
    projlen=49: 282870 braids
    projlen=50: 261565 braids
    projlen=51: 281760 braids
    projlen=52: 261305 braids
    projlen=53: 279726 braids
    projlen=54: 266204 braids
    projlen=55: 276516 braids
    projlen=56: 266908 braids
    projlen=57: 257193 braids
    projlen=58: 97700 braids
  Braids kept: 1104432 (in 32 buckets, 1.08 GB CPU)
  ⚡ Timing: matmul=0.14s, sampling=4.15s, total=6.16s
============================================================
Level 32 - SAMPLING
============================================================
  Starting braids: 954432
  Candidates to generate: 5264500
  Processing in 53 chunks...
  Projlen distribution:
    projlen=28: 4 braids
    projlen=29: 4 braids
    projlen=30: 34 braids
    projlen=31: 34 braids
    projlen=32: 253 braids
    projlen=33: 212 braids
    projlen=34: 1352 braids
    projlen=35: 1897 braids
    projlen=36: 11858 braids
    projlen=37: 23791 braids
    projlen=38: 65925 braids
    projlen=39: 157183 braids
    projlen=40: 245110 braids
    projlen=41: 295869 braids
    projlen=42: 275831 braids
    projlen=43: 288748 braids
    projlen=44: 263145 braids
    projlen=45: 286810 braids
    projlen=46: 264604 braids
    projlen=47: 281344 braids
    projlen=48: 264191 braids
    projlen=49: 281398 braids
    projlen=50: 264077 braids
    projlen=51: 281106 braids
    projlen=52: 264038 braids
    projlen=53: 280539 braids
    projlen=54: 265658 braids
    projlen=55: 279120 braids
    projlen=56: 263989 braids
    projlen=57: 258907 braids
    projlen=58: 97469 braids
  Braids kept: 1089439 (in 31 buckets, 1.08 GB CPU)
  ⚡ Timing: matmul=0.14s, sampling=4.12s, total=6.10s
============================================================
Level 33 - SAMPLING
============================================================
  Starting braids: 989439
  Candidates to generate: 5447661
  Processing in 55 chunks...
  Projlen distribution:
    projlen=28: 3 braids
    projlen=29: 3 braids
    projlen=30: 31 braids
    projlen=31: 25 braids
    projlen=32: 176 braids
    projlen=33: 167 braids
    projlen=34: 1348 braids
    projlen=35: 1304 braids
    projlen=36: 7521 braids
    projlen=37: 10896 braids
    projlen=38: 58712 braids
    projlen=39: 111444 braids
    projlen=40: 237686 braids
    projlen=41: 287875 braids
    projlen=42: 278883 braids
    projlen=43: 285164 braids
    projlen=44: 267811 braids
    projlen=45: 283817 braids
    projlen=46: 264202 braids
    projlen=47: 282342 braids
    projlen=48: 263990 braids
    projlen=49: 278213 braids
    projlen=50: 266225 braids
    projlen=51: 279290 braids
    projlen=52: 266255 braids
    projlen=53: 278279 braids
    projlen=54: 266577 braids
    projlen=55: 277709 braids
    projlen=56: 265467 braids
    projlen=57: 275121 braids
    projlen=58: 251065 braids
    projlen=59: 100060 braids
  Braids kept: 1121474 (in 32 buckets, 1.13 GB CPU)
  ⚡ Timing: matmul=0.14s, sampling=4.31s, total=6.41s
============================================================
Level 34 - SAMPLING
============================================================
  Starting braids: 971474
  Candidates to generate: 5352104
  Processing in 54 chunks...
  Projlen distribution:
    projlen=29: 1 braids
    projlen=30: 23 braids
    projlen=31: 24 braids
    projlen=32: 171 braids
    projlen=33: 144 braids
    projlen=34: 886 braids
    projlen=35: 911 braids
    projlen=36: 7118 braids
    projlen=37: 7584 braids
    projlen=38: 39231 braids
    projlen=39: 53227 braids
    projlen=40: 226980 braids
    projlen=41: 270272 braids
    projlen=42: 297263 braids
    projlen=43: 277109 braids
    projlen=44: 273053 braids
    projlen=45: 280307 braids
    projlen=46: 268719 braids
    projlen=47: 280785 braids
    projlen=48: 266554 braids
    projlen=49: 279795 braids
    projlen=50: 265174 braids
    projlen=51: 277211 braids
    projlen=52: 266906 braids
    projlen=53: 276572 braids
    projlen=54: 268265 braids
    projlen=55: 276667 braids
    projlen=56: 267235 braids
    projlen=57: 273554 braids
    projlen=58: 250728 braids
    projlen=59: 99635 braids
  Braids kept: 1106093 (in 31 buckets, 1.12 GB CPU)
  ⚡ Timing: matmul=0.13s, sampling=4.25s, total=6.32s
============================================================
Level 35 - SAMPLING
============================================================
  Starting braids: 956093
  Candidates to generate: 5264359
  Processing in 53 chunks...
  Projlen distribution:
    projlen=30: 7 braids
    projlen=31: 15 braids
    projlen=32: 128 braids
    projlen=33: 131 braids
    projlen=34: 907 braids
    projlen=35: 793 braids
    projlen=36: 4637 braids
    projlen=37: 5183 braids
    projlen=38: 36647 braids
    projlen=39: 39126 braids
    projlen=40: 189268 braids
    projlen=41: 226661 braids
    projlen=42: 317993 braids
    projlen=43: 261982 braids
    projlen=44: 289174 braids
    projlen=45: 269625 braids
    projlen=46: 274445 braids
    projlen=47: 276608 braids
    projlen=48: 267443 braids
    projlen=49: 277414 braids
    projlen=50: 266396 braids
    projlen=51: 277256 braids
    projlen=52: 267680 braids
    projlen=53: 276670 braids
    projlen=54: 269107 braids
    projlen=55: 276547 braids
    projlen=56: 268111 braids
    projlen=57: 272851 braids
    projlen=58: 252448 braids
    projlen=59: 99106 braids
  Braids kept: 1087574 (in 30 buckets, 1.11 GB CPU)
  ⚡ Timing: matmul=0.14s, sampling=4.16s, total=6.18s
============================================================
Level 36 - SAMPLING
============================================================
  Starting braids: 987574
  Candidates to generate: 5429808
  Processing in 55 chunks...
  Projlen distribution:
    projlen=30: 2 braids
    projlen=31: 6 braids
    projlen=32: 68 braids
    projlen=33: 93 braids
    projlen=34: 688 braids
    projlen=35: 667 braids
    projlen=36: 4813 braids
    projlen=37: 4329 braids
    projlen=38: 24511 braids
    projlen=39: 27327 braids
    projlen=40: 176241 braids
    projlen=41: 175360 braids
    projlen=42: 301183 braids
    projlen=43: 250316 braids
    projlen=44: 304684 braids
    projlen=45: 254135 braids
    projlen=46: 288096 braids
    projlen=47: 267513 braids
    projlen=48: 274471 braids
    projlen=49: 274228 braids
    projlen=50: 268897 braids
    projlen=51: 275865 braids
    projlen=52: 267692 braids
    projlen=53: 276082 braids
    projlen=54: 269350 braids
    projlen=55: 276187 braids
    projlen=56: 270592 braids
    projlen=57: 274267 braids
    projlen=58: 267056 braids
    projlen=59: 256933 braids
    projlen=60: 98156 braids
  Braids kept: 1112504 (in 31 buckets, 1.15 GB CPU)
  ⚡ Timing: matmul=0.13s, sampling=4.32s, total=6.44s
============================================================
Level 37 - SAMPLING
============================================================
  Starting braids: 962504
  Candidates to generate: 5284514
  Processing in 53 chunks...
  Projlen distribution:
    projlen=31: 1 braids
    projlen=32: 32 braids
    projlen=33: 51 braids
    projlen=34: 480 braids
    projlen=35: 513 braids
    projlen=36: 3647 braids
    projlen=37: 3445 braids
    projlen=38: 25130 braids
    projlen=39: 22401 braids
    projlen=40: 122524 braids
    projlen=41: 121769 braids
    projlen=42: 282819 braids
    projlen=43: 230767 braids
    projlen=44: 318313 braids
    projlen=45: 243177 braids
    projlen=46: 299980 braids
    projlen=47: 255012 braids
    projlen=48: 285991 braids
    projlen=49: 266565 braids
    projlen=50: 274660 braids
    projlen=51: 273282 braids
    projlen=52: 269714 braids
    projlen=53: 274649 braids
    projlen=54: 269347 braids
    projlen=55: 275204 braids
    projlen=56: 269673 braids
    projlen=57: 274311 braids
    projlen=58: 266414 braids
    projlen=59: 256741 braids
    projlen=60: 97902 braids
  Braids kept: 1105700 (in 30 buckets, 1.15 GB CPU)
  ⚡ Timing: matmul=0.14s, sampling=4.34s, total=6.39s
============================================================
Level 38 - SAMPLING
============================================================
  Starting braids: 955700
  Candidates to generate: 5244834
  Processing in 53 chunks...
  Projlen distribution:
    projlen=32: 11 braids
    projlen=33: 27 braids
    projlen=34: 263 braids
    projlen=35: 337 braids
    projlen=36: 2804 braids
    projlen=37: 2788 braids
    projlen=38: 18910 braids
    projlen=39: 17728 braids
    projlen=40: 124445 braids
    projlen=41: 102591 braids
    projlen=42: 274317 braids
    projlen=43: 228603 braids
    projlen=44: 326728 braids
    projlen=45: 229132 braids
    projlen=46: 312633 braids
    projlen=47: 242485 braids
    projlen=48: 295638 braids
    projlen=49: 255973 braids
    projlen=50: 284347 braids
    projlen=51: 265765 braids
    projlen=52: 275400 braids
    projlen=53: 273915 braids
    projlen=54: 271492 braids
    projlen=55: 273870 braids
    projlen=56: 269607 braids
    projlen=57: 273195 braids
    projlen=58: 267526 braids
    projlen=59: 256481 braids
    projlen=60: 97823 braids
  Braids kept: 1092868 (in 29 buckets, 1.14 GB CPU)
  ⚡ Timing: matmul=0.13s, sampling=4.22s, total=6.26s
============================================================
Level 39 - SAMPLING
============================================================
  Starting braids: 992868
  Candidates to generate: 5428120
  Processing in 55 chunks...
  Projlen distribution:
    projlen=31: 1 braids
    projlen=32: 5 braids
    projlen=33: 18 braids
    projlen=34: 118 braids
    projlen=35: 208 braids
    projlen=36: 1704 braids
    projlen=37: 1962 braids
    projlen=38: 15206 braids
    projlen=39: 14351 braids
    projlen=40: 93108 braids
    projlen=41: 80167 braids
    projlen=42: 269179 braids
    projlen=43: 209164 braids
    projlen=44: 334659 braids
    projlen=45: 226340 braids
    projlen=46: 317596 braids
    projlen=47: 229503 braids
    projlen=48: 306476 braids
    projlen=49: 244819 braids
    projlen=50: 291963 braids
    projlen=51: 258228 braids
    projlen=52: 281721 braids
    projlen=53: 265894 braids
    projlen=54: 276015 braids
    projlen=55: 271879 braids
    projlen=56: 271432 braids
    projlen=57: 273581 braids
    projlen=58: 269675 braids
    projlen=59: 270381 braids
    projlen=60: 253408 braids
    projlen=61: 99359 braids
  Braids kept: 1133573 (in 31 buckets, 1.20 GB CPU)
  ⚡ Timing: matmul=0.13s, sampling=4.44s, total=6.58s
============================================================
Level 40 - SAMPLING
============================================================
  Starting braids: 983573
  Candidates to generate: 5370401
  Processing in 54 chunks...
  Projlen distribution:
    projlen=33: 10 braids
    projlen=34: 79 braids
    projlen=35: 128 braids
    projlen=36: 955 braids
    projlen=37: 1347 braids
    projlen=38: 9725 braids
    projlen=39: 10440 braids
    projlen=40: 76084 braids
    projlen=41: 65427 braids
    projlen=42: 259561 braids
    projlen=43: 212518 braids
    projlen=44: 339015 braids
    projlen=45: 211408 braids
    projlen=46: 326734 braids
    projlen=47: 223116 braids
    projlen=48: 310909 braids
    projlen=49: 234516 braids
    projlen=50: 300991 braids
    projlen=51: 247858 braids
    projlen=52: 288946 braids
    projlen=53: 260335 braids
    projlen=54: 281574 braids
    projlen=55: 267142 braids
    projlen=56: 277003 braids
    projlen=57: 270757 braids
    projlen=58: 271210 braids
    projlen=59: 270230 braids
    projlen=60: 253777 braids
    projlen=61: 98606 braids
  Braids kept: 1122684 (in 29 buckets, 1.20 GB CPU)
  ⚡ Timing: matmul=0.14s, sampling=4.49s, total=6.61s
============================================================
Level 41 - SAMPLING
============================================================
  Starting braids: 972684
  Candidates to generate: 5305956
  Processing in 54 chunks...
  Projlen distribution:
    projlen=34: 14 braids
    projlen=35: 82 braids
    projlen=36: 571 braids
    projlen=37: 882 braids
    projlen=38: 6033 braids
    projlen=39: 7519 braids
    projlen=40: 50082 braids
    projlen=41: 48450 braids
    projlen=42: 252134 braids
    projlen=43: 209400 braids
    projlen=44: 340003 braids
    projlen=45: 215118 braids
    projlen=46: 330710 braids
    projlen=47: 210283 braids
    projlen=48: 320086 braids
    projlen=49: 227765 braids
    projlen=50: 305181 braids
    projlen=51: 240530 braids
    projlen=52: 296476 braids
    projlen=53: 251150 braids
    projlen=54: 287210 braids
    projlen=55: 261618 braids
    projlen=56: 280279 braids
    projlen=57: 267549 braids
    projlen=58: 275228 braids
    projlen=59: 268084 braids
    projlen=60: 255170 braids
    projlen=61: 98349 braids
  Braids kept: 1113551 (in 28 buckets, 1.20 GB CPU)
  ⚡ Timing: matmul=0.13s, sampling=4.39s, total=6.48s
============================================================
Level 42 - SAMPLING
============================================================
  Starting braids: 963551
  Candidates to generate: 5248581
  Processing in 53 chunks...
  Projlen distribution:
    projlen=34: 6 braids
    projlen=35: 12 braids
    projlen=36: 123 braids
    projlen=37: 596 braids
    projlen=38: 3536 braids
    projlen=39: 5228 braids
    projlen=40: 33522 braids
    projlen=41: 37593 braids
    projlen=42: 240006 braids
    projlen=43: 212206 braids
    projlen=44: 333540 braids
    projlen=45: 213192 braids
    projlen=46: 330391 braids
    projlen=47: 212052 braids
    projlen=48: 323632 braids
    projlen=49: 216638 braids
    projlen=50: 313736 braids
    projlen=51: 233414 braids
    projlen=52: 300501 braids
    projlen=53: 246336 braids
    projlen=54: 291985 braids
    projlen=55: 254338 braids
    projlen=56: 285516 braids
    projlen=57: 262432 braids
    projlen=58: 278464 braids
    projlen=59: 264004 braids
    projlen=60: 257480 braids
    projlen=61: 98102 braids
  Braids kept: 1080616 (in 28 buckets, 1.17 GB CPU)
  ⚡ Timing: matmul=0.13s, sampling=4.35s, total=6.40s
============================================================
Level 43 - SAMPLING
============================================================
  Starting braids: 980616
  Candidates to generate: 5336304
  Processing in 54 chunks...
  Projlen distribution:
    projlen=33: 3 braids
    projlen=35: 15 braids
    projlen=36: 60 braids
    projlen=37: 153 braids
    projlen=38: 997 braids
    projlen=39: 3577 braids
    projlen=40: 20215 braids
    projlen=41: 27278 braids
    projlen=42: 162744 braids
    projlen=43: 163172 braids
    projlen=44: 307302 braids
    projlen=45: 220279 braids
    projlen=46: 328579 braids
    projlen=47: 210721 braids
    projlen=48: 323002 braids
    projlen=49: 216391 braids
    projlen=50: 315742 braids
    projlen=51: 224457 braids
    projlen=52: 307974 braids
    projlen=53: 238160 braids
    projlen=54: 296267 braids
    projlen=55: 250688 braids
    projlen=56: 287824 braids
    projlen=57: 257315 braids
    projlen=58: 284142 braids
    projlen=59: 262977 braids
    projlen=60: 275299 braids
    projlen=61: 251223 braids
    projlen=62: 99748 braids
  Braids kept: 1102298 (in 29 buckets, 1.21 GB CPU)
  ⚡ Timing: matmul=0.14s, sampling=4.48s, total=6.62s
============================================================
Level 44 - SAMPLING
============================================================
  Starting braids: 952298
  Candidates to generate: 5181572
  Processing in 52 chunks...
  Projlen distribution:
    projlen=33: 4 braids
    projlen=34: 6 braids
    projlen=35: 11 braids
    projlen=36: 34 braids
    projlen=37: 124 braids
    projlen=38: 497 braids
    projlen=39: 1177 braids
    projlen=40: 6776 braids
    projlen=41: 18898 braids
    projlen=42: 99372 braids
    projlen=43: 118988 braids
    projlen=44: 279923 braids
    projlen=45: 230796 braids
    projlen=46: 325112 braids
    projlen=47: 219023 braids
    projlen=48: 321660 braids
    projlen=49: 216767 braids
    projlen=50: 315985 braids
    projlen=51: 223720 braids
    projlen=52: 307729 braids
    projlen=53: 232263 braids
    projlen=54: 301590 braids
    projlen=55: 242784 braids
    projlen=56: 292362 braids
    projlen=57: 254166 braids
    projlen=58: 284885 braids
    projlen=59: 259446 braids
    projlen=60: 278768 braids
    projlen=61: 248536 braids
    projlen=62: 100170 braids
  Braids kept: 1077527 (in 30 buckets, 1.20 GB CPU)
  ⚡ Timing: matmul=0.14s, sampling=4.34s, total=6.38s
============================================================
Level 45 - SAMPLING
============================================================
  Starting braids: 977527
  Candidates to generate: 5333293
  Processing in 54 chunks...
  Projlen distribution:
    projlen=34: 14 braids
    projlen=35: 21 braids
    projlen=36: 74 braids
    projlen=37: 64 braids
    projlen=38: 309 braids
    projlen=39: 901 braids
    projlen=40: 3457 braids
    projlen=41: 7000 braids
    projlen=42: 36346 braids
    projlen=43: 83306 braids
    projlen=44: 251882 braids
    projlen=45: 244350 braids
    projlen=46: 321901 braids
    projlen=47: 228820 braids
    projlen=48: 317013 braids
    projlen=49: 223633 braids
    projlen=50: 314522 braids
    projlen=51: 225287 braids
    projlen=52: 308426 braids
    projlen=53: 230721 braids
    projlen=54: 301991 braids
    projlen=55: 239379 braids
    projlen=56: 297059 braids
    projlen=57: 247978 braids
    projlen=58: 288889 braids
    projlen=59: 257913 braids
    projlen=60: 282588 braids
    projlen=61: 260250 braids
    projlen=62: 262010 braids
    projlen=63: 97189 braids
  Braids kept: 1098186 (in 30 buckets, 1.24 GB CPU)
  ⚡ Timing: matmul=0.15s, sampling=4.61s, total=6.76s
============================================================
Level 46 - SAMPLING
============================================================
  Starting braids: 998186
  Candidates to generate: 5460788
  Processing in 55 chunks...
  Projlen distribution:
    projlen=34: 3 braids
    projlen=35: 10 braids
    projlen=36: 114 braids
    projlen=37: 124 braids
    projlen=38: 429 braids
    projlen=39: 490 braids
    projlen=40: 2180 braids
    projlen=41: 5373 braids
    projlen=42: 19542 braids
    projlen=43: 35173 braids
    projlen=44: 166579 braids
    projlen=45: 245576 braids
    projlen=46: 312303 braids
    projlen=47: 244002 braids
    projlen=48: 312448 braids
    projlen=49: 231220 braids
    projlen=50: 310816 braids
    projlen=51: 231514 braids
    projlen=52: 306439 braids
    projlen=53: 233524 braids
    projlen=54: 303353 braids
    projlen=55: 238458 braids
    projlen=56: 298251 braids
    projlen=57: 245961 braids
    projlen=58: 292149 braids
    projlen=59: 251633 braids
    projlen=60: 286628 braids
    projlen=61: 259013 braids
    projlen=62: 277834 braids
    projlen=63: 249093 braids
    projlen=64: 100556 braids
  Braids kept: 1113438 (in 31 buckets, 1.28 GB CPU)
  ⚡ Timing: matmul=0.14s, sampling=4.73s, total=6.94s
============================================================
Level 47 - SAMPLING
============================================================
  Starting braids: 963438
  Candidates to generate: 5274312
  Processing in 53 chunks...
  Projlen distribution:
    projlen=35: 3 braids
    projlen=36: 37 braids
    projlen=37: 86 braids
    projlen=38: 642 braids
    projlen=39: 694 braids
    projlen=40: 2471 braids
    projlen=41: 3043 braids
    projlen=42: 13164 braids
    projlen=43: 27934 braids
    projlen=44: 94894 braids
    projlen=45: 154493 braids
    projlen=46: 279952 braids
    projlen=47: 269387 braids
    projlen=48: 297678 braids
    projlen=49: 246395 braids
    projlen=50: 304874 braids
    projlen=51: 237563 braids
    projlen=52: 302898 braids
    projlen=53: 237775 braids
    projlen=54: 300133 braids
    projlen=55: 240645 braids
    projlen=56: 298414 braids
    projlen=57: 244221 braids
    projlen=58: 293715 braids
    projlen=59: 250908 braids
    projlen=60: 289218 braids
    projlen=61: 254801 braids
    projlen=62: 281419 braids
    projlen=63: 245969 braids
    projlen=64: 100886 braids
  Braids kept: 1098074 (in 30 buckets, 1.27 GB CPU)
  ⚡ Timing: matmul=0.14s, sampling=4.64s, total=6.77s
============================================================
Level 48 - SAMPLING
============================================================
  Starting braids: 998074
  Candidates to generate: 5480920
  Processing in 55 chunks...
  Projlen distribution:
    projlen=36: 2 braids
    projlen=37: 40 braids
    projlen=38: 253 braids
    projlen=39: 565 braids
    projlen=40: 3329 braids
    projlen=41: 3660 braids
    projlen=42: 13703 braids
    projlen=43: 17048 braids
    projlen=44: 67733 braids
    projlen=45: 125273 braids
    projlen=46: 256203 braids
    projlen=47: 267914 braids
    projlen=48: 301778 braids
    projlen=49: 259793 braids
    projlen=50: 293262 braids
    projlen=51: 253203 braids
    projlen=52: 296449 braids
    projlen=53: 244019 braids
    projlen=54: 297271 braids
    projlen=55: 245822 braids
    projlen=56: 295304 braids
    projlen=57: 247018 braids
    projlen=58: 292965 braids
    projlen=59: 250032 braids
    projlen=60: 289574 braids
    projlen=61: 255604 braids
    projlen=62: 285222 braids
    projlen=63: 256646 braids
    projlen=64: 264843 braids
    projlen=65: 96392 braids
  Braids kept: 1138600 (in 30 buckets, 1.33 GB CPU)
  ⚡ Timing: matmul=0.21s, sampling=4.90s, total=8.07s
============================================================
Level 49 - SAMPLING
============================================================
  Starting braids: 988600
  Candidates to generate: 5443436
  Processing in 55 chunks...
  Projlen distribution:
    projlen=37: 10 braids
    projlen=38: 41 braids
    projlen=39: 292 braids
    projlen=40: 1524 braids
    projlen=41: 3113 braids
    projlen=42: 16987 braids
    projlen=43: 18785 braids
    projlen=44: 70688 braids
    projlen=45: 82636 braids
    projlen=46: 241642 braids
    projlen=47: 270856 braids
    projlen=48: 299695 braids
    projlen=49: 261065 braids
    projlen=50: 293125 braids
    projlen=51: 258712 braids
    projlen=52: 289899 braids
    projlen=53: 257762 braids
    projlen=54: 290584 braids
    projlen=55: 250273 braids
    projlen=56: 292616 braids
    projlen=57: 251519 braids
    projlen=58: 290917 braids
    projlen=59: 252842 braids
    projlen=60: 288867 braids
    projlen=61: 255197 braids
    projlen=62: 286602 braids
    projlen=63: 257220 braids
    projlen=64: 264227 braids
    projlen=65: 95740 braids
  Braids kept: 1140752 (in 29 buckets, 1.34 GB CPU)
  ⚡ Timing: matmul=0.15s, sampling=4.91s, total=8.03s
============================================================
Level 50 - SAMPLING
============================================================
  Starting braids: 990752
  Candidates to generate: 5446582
  Processing in 55 chunks...
  Projlen distribution:
    projlen=37: 3 braids
    projlen=38: 13 braids
    projlen=39: 127 braids
    projlen=40: 416 braids
    projlen=41: 1777 braids
    projlen=42: 8450 braids
    projlen=43: 15988 braids
    projlen=44: 83449 braids
    projlen=45: 88991 braids
    projlen=46: 253943 braids
    projlen=47: 243988 braids
    projlen=48: 315718 braids
    projlen=49: 261308 braids
    projlen=50: 292239 braids
    projlen=51: 259889 braids
    projlen=52: 288329 braids
    projlen=53: 259648 braids
    projlen=54: 284122 braids
    projlen=55: 259265 braids
    projlen=56: 285438 braids
    projlen=57: 254785 braids
    projlen=58: 288863 braids
    projlen=59: 255726 braids
    projlen=60: 287133 braids
    projlen=61: 257228 braids
    projlen=62: 284727 braids
    projlen=63: 255770 braids
    projlen=64: 263810 braids
    projlen=65: 95439 braids
  Braids kept: 1126774 (in 29 buckets, 1.33 GB CPU)
  ⚡ Timing: matmul=0.15s, sampling=4.96s, total=8.09s
============================================================
Level 51 - SAMPLING
============================================================
  Starting braids: 976774
  Candidates to generate: 5365460
  Processing in 54 chunks...
  Projlen distribution:
    projlen=38: 2 braids
    projlen=39: 42 braids
    projlen=40: 175 braids
    projlen=41: 971 braids
    projlen=42: 3061 braids
    projlen=43: 9660 braids
    projlen=44: 43065 braids
    projlen=45: 73303 braids
    projlen=46: 247541 braids
    projlen=47: 234510 braids
    projlen=48: 322995 braids
    projlen=49: 242345 braids
    projlen=50: 305614 braids
    projlen=51: 253040 braids
    projlen=52: 290143 braids
    projlen=53: 260689 braids
    projlen=54: 285047 braids
    projlen=55: 262759 braids
    projlen=56: 281537 braids
    projlen=57: 262496 braids
    projlen=58: 281904 braids
    projlen=59: 259825 braids
    projlen=60: 284527 braids
    projlen=61: 259324 braids
    projlen=62: 283507 braids
    projlen=63: 258145 braids
    projlen=64: 263083 braids
    projlen=65: 96150 braids
  Braids kept: 1106976 (in 28 buckets, 1.31 GB CPU)
  ⚡ Timing: matmul=0.16s, sampling=4.81s, total=7.92s
============================================================
Level 52 - SAMPLING
============================================================
  Starting braids: 956976
  Candidates to generate: 5257880
  Processing in 53 chunks...
  Projlen distribution:
    projlen=38: 1 braids
    projlen=39: 8 braids
    projlen=40: 55 braids
    projlen=41: 377 braids
    projlen=42: 1574 braids
    projlen=43: 5801 braids
    projlen=44: 18116 braids
    projlen=45: 47472 braids
    projlen=46: 196615 braids
    projlen=47: 248027 braids
    projlen=48: 318630 braids
    projlen=49: 237297 braids
    projlen=50: 312283 braids
    projlen=51: 238618 braids
    projlen=52: 300507 braids
    projlen=53: 252319 braids
    projlen=54: 286995 braids
    projlen=55: 261495 braids
    projlen=56: 281997 braids
    projlen=57: 264156 braids
    projlen=58: 278998 braids
    projlen=59: 265369 braids
    projlen=60: 279777 braids
    projlen=61: 263621 braids
    projlen=62: 280391 braids
    projlen=63: 259306 braids
    projlen=64: 261957 braids
    projlen=65: 96118 braids
  Braids kept: 1073404 (in 28 buckets, 1.29 GB CPU)
  ⚡ Timing: matmul=0.15s, sampling=4.70s, total=7.72s
============================================================
Level 53 - SAMPLING
============================================================
  Starting braids: 973404
  Candidates to generate: 5347632
  Processing in 54 chunks...
  Projlen distribution:
    projlen=39: 3 braids
    projlen=40: 33 braids
    projlen=41: 155 braids
    projlen=42: 610 braids
    projlen=43: 2702 braids
    projlen=44: 10073 braids
    projlen=45: 30849 braids
    projlen=46: 90273 braids
    projlen=47: 204693 braids
    projlen=48: 301588 braids
    projlen=49: 260487 braids
    projlen=50: 304342 braids
    projlen=51: 238985 braids
    projlen=52: 306395 braids
    projlen=53: 241118 braids
    projlen=54: 295397 braids
    projlen=55: 254635 braids
    projlen=56: 284584 braids
    projlen=57: 262947 braids
    projlen=58: 279569 braids
    projlen=59: 264887 braids
    projlen=60: 278195 braids
    projlen=61: 267630 braids
    projlen=62: 277612 braids
    projlen=63: 265285 braids
    projlen=64: 275116 braids
    projlen=65: 248664 braids
    projlen=66: 100805 braids
  Braids kept: 1094425 (in 28 buckets, 1.33 GB CPU)
  ⚡ Timing: matmul=0.15s, sampling=4.91s, total=8.01s
============================================================
Level 54 - SAMPLING
============================================================
  Starting braids: 994425
  Candidates to generate: 5474831
  Processing in 55 chunks...
  Projlen distribution:
    projlen=40: 9 braids
    projlen=41: 80 braids
    projlen=42: 296 braids
    projlen=43: 1217 braids
    projlen=44: 4650 braids
    projlen=45: 16269 braids
    projlen=46: 52367 braids
    projlen=47: 138319 braids
    projlen=48: 253099 braids
    projlen=49: 286074 braids
    projlen=50: 291936 braids
    projlen=51: 257727 braids
    projlen=52: 298241 braids
    projlen=53: 245528 braids
    projlen=54: 299340 braids
    projlen=55: 245979 braids
    projlen=56: 291480 braids
    projlen=57: 256642 braids
    projlen=58: 282955 braids
    projlen=59: 263903 braids
    projlen=60: 277838 braids
    projlen=61: 266870 braids
    projlen=62: 276191 braids
    projlen=63: 268206 braids
    projlen=64: 275649 braids
    projlen=65: 265887 braids
    projlen=66: 260282 braids
    projlen=67: 97797 braids
  Braids kept: 1122521 (in 28 buckets, 1.38 GB CPU)
  ⚡ Timing: matmul=0.16s, sampling=5.15s, total=8.36s
============================================================
Level 55 - SAMPLING
============================================================
  Starting braids: 972521
  Candidates to generate: 5363917
  Processing in 54 chunks...
  Projlen distribution:
    projlen=41: 17 braids
    projlen=42: 109 braids
    projlen=43: 643 braids
    projlen=44: 2275 braids
    projlen=45: 8006 braids
    projlen=46: 27460 braids
    projlen=47: 80101 braids
    projlen=48: 223373 braids
    projlen=49: 289046 braids
    projlen=50: 289523 braids
    projlen=51: 275651 braids
    projlen=52: 283252 braids
    projlen=53: 262184 braids
    projlen=54: 291389 braids
    projlen=55: 251207 braids
    projlen=56: 293326 braids
    projlen=57: 250508 braids
    projlen=58: 289947 braids
    projlen=59: 259515 braids
    projlen=60: 281765 braids
    projlen=61: 265439 braids
    projlen=62: 276310 braids
    projlen=63: 266900 braids
    projlen=64: 275002 braids
    projlen=65: 266407 braids
    projlen=66: 256942 braids
    projlen=67: 97620 braids
  Braids kept: 1088510 (in 27 buckets, 1.35 GB CPU)
  ⚡ Timing: matmul=0.15s, sampling=5.04s, total=8.19s
============================================================
Level 56 - SAMPLING
============================================================
  Starting braids: 988510
  Candidates to generate: 5455072
  Processing in 55 chunks...
  Projlen distribution:
    projlen=41: 5 braids
    projlen=42: 46 braids
    projlen=43: 181 braids
    projlen=44: 1059 braids
    projlen=45: 4390 braids
    projlen=46: 13946 braids
    projlen=47: 42468 braids
    projlen=48: 130070 braids
    projlen=49: 242701 braids
    projlen=50: 298803 braids
    projlen=51: 275841 braids
    projlen=52: 280566 braids
    projlen=53: 272823 braids
    projlen=54: 280150 braids
    projlen=55: 265929 braids
    projlen=56: 285525 braids
    projlen=57: 255473 braids
    projlen=58: 288660 braids
    projlen=59: 255233 braids
    projlen=60: 286839 braids
    projlen=61: 260534 braids
    projlen=62: 279594 braids
    projlen=63: 266798 braids
    projlen=64: 275090 braids
    projlen=65: 267278 braids
    projlen=66: 271961 braids
    projlen=67: 253641 braids
    projlen=68: 99468 braids
  Braids kept: 1112095 (in 28 buckets, 1.40 GB CPU)
  ⚡ Timing: matmul=0.15s, sampling=5.23s, total=8.47s
============================================================
Level 57 - SAMPLING
============================================================
  Starting braids: 962095
  Candidates to generate: 5313377
  Processing in 54 chunks...
  Projlen distribution:
    projlen=41: 2 braids
    projlen=42: 18 braids
    projlen=43: 103 braids
    projlen=44: 565 braids
    projlen=45: 1633 braids
    projlen=46: 7387 braids
    projlen=47: 24434 braids
    projlen=48: 71561 braids
    projlen=49: 189017 braids
    projlen=50: 282254 braids
    projlen=51: 286318 braids
    projlen=52: 284181 braids
    projlen=53: 269922 braids
    projlen=54: 279395 braids
    projlen=55: 271427 braids
    projlen=56: 277134 braids
    projlen=57: 266453 braids
    projlen=58: 281224 braids
    projlen=59: 259778 braids
    projlen=60: 284841 braids
    projlen=61: 258716 braids
    projlen=62: 284626 braids
    projlen=63: 262390 braids
    projlen=64: 279286 braids
    projlen=65: 266861 braids
    projlen=66: 272482 braids
    projlen=67: 252516 braids
    projlen=68: 98853 braids
  Braids kept: 1084142 (in 28 buckets, 1.38 GB CPU)
  ⚡ Timing: matmul=0.14s, sampling=5.13s, total=8.26s
============================================================
Level 58 - SAMPLING
============================================================
  Starting braids: 984142
  Candidates to generate: 5434506
  Processing in 55 chunks...
  Projlen distribution:
    projlen=42: 11 braids
    projlen=43: 65 braids
    projlen=44: 277 braids
    projlen=45: 961 braids
    projlen=46: 4270 braids
    projlen=47: 10715 braids
    projlen=48: 40850 braids
    projlen=49: 113370 braids
    projlen=50: 238774 braids
    projlen=51: 293102 braids
    projlen=52: 285973 braids
    projlen=53: 274876 braids
    projlen=54: 280008 braids
    projlen=55: 270552 braids
    projlen=56: 277975 braids
    projlen=57: 269527 braids
    projlen=58: 275098 braids
    projlen=59: 268202 braids
    projlen=60: 278489 braids
    projlen=61: 263285 braids
    projlen=62: 281577 braids
    projlen=63: 262925 braids
    projlen=64: 282121 braids
    projlen=65: 263861 braids
    projlen=66: 277060 braids
    projlen=67: 264756 braids
    projlen=68: 257623 braids
    projlen=69: 98203 braids
  Braids kept: 1107149 (in 28 buckets, 1.43 GB CPU)
  ⚡ Timing: matmul=0.15s, sampling=5.28s, total=8.54s
============================================================
Level 59 - SAMPLING
============================================================
  Starting braids: 957149
  Candidates to generate: 5290049
  Processing in 53 chunks...
  Projlen distribution:
    projlen=42: 2 braids
    projlen=43: 35 braids
    projlen=44: 164 braids
    projlen=45: 600 braids
    projlen=46: 2161 braids
    projlen=47: 6532 braids
    projlen=48: 24964 braids
    projlen=49: 55635 braids
    projlen=50: 184819 braids
    projlen=51: 270707 braids
    projlen=52: 291901 braids
    projlen=53: 278642 braids
    projlen=54: 276948 braids
    projlen=55: 274363 braids
    projlen=56: 278335 braids
    projlen=57: 269999 braids
    projlen=58: 276533 braids
    projlen=59: 269463 braids
    projlen=60: 274764 braids
    projlen=61: 268843 braids
    projlen=62: 276344 braids
    projlen=63: 266113 braids
    projlen=64: 279084 braids
    projlen=65: 264985 braids
    projlen=66: 278428 braids
    projlen=67: 263031 braids
    projlen=68: 259491 braids
    projlen=69: 97163 braids
  Braids kept: 1084458 (in 28 buckets, 1.40 GB CPU)
  ⚡ Timing: matmul=0.16s, sampling=5.16s, total=8.31s
============================================================
Level 60 - SAMPLING
============================================================
  Starting braids: 984458
  Candidates to generate: 5436894
  Processing in 55 chunks...
  Projlen distribution:
    projlen=43: 16 braids
    projlen=44: 69 braids
    projlen=45: 361 braids
    projlen=46: 1305 braids
    projlen=47: 4099 braids
    projlen=48: 13704 braids
    projlen=49: 35180 braids
    projlen=50: 121457 braids
    projlen=51: 226723 braids
    projlen=52: 304288 braids
    projlen=53: 278692 braids
    projlen=54: 281058 braids
    projlen=55: 274011 braids
    projlen=56: 276930 braids
    projlen=57: 273085 braids
    projlen=58: 273938 braids
    projlen=59: 270149 braids
    projlen=60: 275616 braids
    projlen=61: 269934 braids
    projlen=62: 274833 braids
    projlen=63: 269855 braids
    projlen=64: 275785 braids
    projlen=65: 268415 braids
    projlen=66: 276672 braids
    projlen=67: 265344 braids
    projlen=68: 274565 braids
    projlen=69: 250785 braids
    projlen=70: 100025 braids
  Braids kept: 1104734 (in 28 buckets, 1.45 GB CPU)
  ⚡ Timing: matmul=0.15s, sampling=5.35s, total=8.62s
============================================================
Level 61 - SAMPLING
============================================================
  Starting braids: 954734
  Candidates to generate: 5274516
  Processing in 53 chunks...
  Projlen distribution:
    projlen=44: 42 braids
    projlen=45: 188 braids
    projlen=46: 634 braids
    projlen=47: 2596 braids
    projlen=48: 8224 braids
    projlen=49: 23333 braids
    projlen=50: 70534 braids
    projlen=51: 156766 braids
    projlen=52: 270704 braids
    projlen=53: 280198 braids
    projlen=54: 289873 braids
    projlen=55: 268091 braids
    projlen=56: 281085 braids
    projlen=57: 271697 braids
    projlen=58: 274121 braids
    projlen=59: 271397 braids
    projlen=60: 273412 braids
    projlen=61: 271700 braids
    projlen=62: 275395 braids
    projlen=63: 270124 braids
    projlen=64: 274913 braids
    projlen=65: 270359 braids
    projlen=66: 275595 braids
    projlen=67: 269368 braids
    projlen=68: 272971 braids
    projlen=69: 251720 braids
    projlen=70: 99476 braids
  Braids kept: 1085017 (in 27 buckets, 1.43 GB CPU)
  ⚡ Timing: matmul=0.16s, sampling=5.24s, total=8.44s
============================================================
Level 62 - SAMPLING
============================================================
  Starting braids: 985017
  Candidates to generate: 5438711
  Processing in 55 chunks...
  Projlen distribution:
    projlen=44: 16 braids
    projlen=45: 79 braids
    projlen=46: 353 braids
    projlen=47: 1519 braids
    projlen=48: 4454 braids
    projlen=49: 15408 braids
    projlen=50: 43869 braids
    projlen=51: 108689 braids
    projlen=52: 239927 braids
    projlen=53: 284493 braids
    projlen=54: 292159 braids
    projlen=55: 268911 braids
    projlen=56: 283405 braids
    projlen=57: 268221 braids
    projlen=58: 279031 braids
    projlen=59: 270836 braids
    projlen=60: 273908 braids
    projlen=61: 271611 braids
    projlen=62: 274079 braids
    projlen=63: 272715 braids
    projlen=64: 274951 braids
    projlen=65: 269968 braids
    projlen=66: 273381 braids
    projlen=67: 270112 braids
    projlen=68: 273633 braids
    projlen=69: 267101 braids
    projlen=70: 257654 braids
    projlen=71: 98228 braids
  Braids kept: 1115698 (in 28 buckets, 1.49 GB CPU)
  ⚡ Timing: matmul=0.15s, sampling=5.43s, total=8.75s
============================================================
Level 63 - SAMPLING
============================================================
  Starting braids: 965698
  Candidates to generate: 5331622
  Processing in 54 chunks...
  Projlen distribution:
    projlen=44: 7 braids
    projlen=45: 41 braids
    projlen=46: 142 braids
    projlen=47: 784 braids
    projlen=48: 2490 braids
    projlen=49: 9725 braids
    projlen=50: 25689 braids
    projlen=51: 76588 braids
    projlen=52: 197545 braids
    projlen=53: 273905 braids
    projlen=54: 295876 braids
    projlen=55: 273681 braids
    projlen=56: 283155 braids
    projlen=57: 268782 braids
    projlen=58: 280863 braids
    projlen=59: 267132 braids
    projlen=60: 276894 braids
    projlen=61: 269675 braids
    projlen=62: 272667 braids
    projlen=63: 271677 braids
    projlen=64: 273796 braids
    projlen=65: 272316 braids
    projlen=66: 273850 braids
    projlen=67: 270023 braids
    projlen=68: 272555 braids
    projlen=69: 267439 braids
    projlen=70: 256174 braids
    projlen=71: 98151 braids
  Braids kept: 1088878 (in 28 buckets, 1.47 GB CPU)
  ⚡ Timing: matmul=0.14s, sampling=5.37s, total=8.64s
============================================================
Level 64 - SAMPLING
============================================================
  Starting braids: 988878
  Candidates to generate: 5457156
  Processing in 55 chunks...
  Projlen distribution:
    projlen=44: 4 braids
    projlen=45: 31 braids
    projlen=46: 65 braids
    projlen=47: 454 braids
    projlen=48: 1101 braids
    projlen=49: 5290 braids
    projlen=50: 15101 braids
    projlen=51: 50990 braids
    projlen=52: 120117 braids
    projlen=53: 240404 braids
    projlen=54: 292950 braids
    projlen=55: 278526 braids
    projlen=56: 284127 braids
    projlen=57: 269211 braids
    projlen=58: 281492 braids
    projlen=59: 268209 braids
    projlen=60: 278399 braids
    projlen=61: 267428 braids
    projlen=62: 275965 braids
    projlen=63: 269844 braids
    projlen=64: 273637 braids
    projlen=65: 271541 braids
    projlen=66: 273002 braids
    projlen=67: 272747 braids
    projlen=68: 273333 braids
    projlen=69: 270353 braids
    projlen=70: 269895 braids
    projlen=71: 253715 braids
    projlen=72: 99225 braids
  Braids kept: 1122046 (in 29 buckets, 1.53 GB CPU)
  ⚡ Timing: matmul=0.16s, sampling=5.48s, total=8.81s
============================================================
Level 65 - SAMPLING
============================================================
  Starting braids: 972046
  Candidates to generate: 5365592
  Processing in 54 chunks...
  Projlen distribution:
    projlen=44: 4 braids
    projlen=45: 11 braids
    projlen=46: 46 braids
    projlen=47: 292 braids
    projlen=48: 543 braids
    projlen=49: 3250 braids
    projlen=50: 7224 braids
    projlen=51: 29622 braids
    projlen=52: 75545 braids
    projlen=53: 223446 braids
    projlen=54: 285503 braids
    projlen=55: 290721 braids
    projlen=56: 279511 braids
    projlen=57: 272117 braids
    projlen=58: 281125 braids
    projlen=59: 268908 braids
    projlen=60: 279397 braids
    projlen=61: 268638 braids
    projlen=62: 276380 braids
    projlen=63: 268128 braids
    projlen=64: 274997 braids
    projlen=65: 269708 braids
    projlen=66: 272923 braids
    projlen=67: 271250 braids
    projlen=68: 272945 braids
    projlen=69: 271532 braids
    projlen=70: 269096 braids
    projlen=71: 254195 braids
    projlen=72: 98535 braids
  Braids kept: 1090992 (in 29 buckets, 1.50 GB CPU)
  ⚡ Timing: matmul=0.16s, sampling=5.44s, total=8.75s
============================================================
Level 66 - SAMPLING
============================================================
  Starting braids: 990992
  Candidates to generate: 5463466
  Processing in 55 chunks...
  Projlen distribution:
    projlen=44: 2 braids
    projlen=45: 7 braids
    projlen=46: 34 braids
    projlen=47: 123 braids
    projlen=48: 346 braids
    projlen=49: 2071 braids
    projlen=50: 3739 braids
    projlen=51: 18992 braids
    projlen=52: 38178 braids
    projlen=53: 136416 braids
    projlen=54: 240814 braids
    projlen=55: 301263 braids
    projlen=56: 274432 braids
    projlen=57: 281318 braids
    projlen=58: 274255 braids
    projlen=59: 273189 braids
    projlen=60: 276826 braids
    projlen=61: 268108 braids
    projlen=62: 276961 braids
    projlen=63: 268665 braids
    projlen=64: 275534 braids
    projlen=65: 268426 braids
    projlen=66: 273704 braids
    projlen=67: 269949 braids
    projlen=68: 273029 braids
    projlen=69: 271306 braids
    projlen=70: 272693 braids
    projlen=71: 268738 braids
    projlen=72: 255626 braids
    projlen=73: 98722 braids
  Braids kept: 1113492 (in 30 buckets, 1.55 GB CPU)
  ⚡ Timing: matmul=0.16s, sampling=5.60s, total=8.98s
============================================================
Level 67 - SAMPLING
============================================================
  Starting braids: 963492
  Candidates to generate: 5313076
  Processing in 54 chunks...
  Projlen distribution:
    projlen=45: 3 braids
    projlen=46: 30 braids
    projlen=47: 66 braids
    projlen=48: 268 braids
    projlen=49: 895 braids
    projlen=50: 2353 braids
    projlen=51: 12345 braids
    projlen=52: 21040 braids
    projlen=53: 94371 braids
    projlen=54: 168869 braids
    projlen=55: 278923 braids
    projlen=56: 281048 braids
    projlen=57: 286086 braids
    projlen=58: 268021 braids
    projlen=59: 281072 braids
    projlen=60: 272440 braids
    projlen=61: 272019 braids
    projlen=62: 274684 braids
    projlen=63: 269215 braids
    projlen=64: 276086 braids
    projlen=65: 268547 braids
    projlen=66: 275311 braids
    projlen=67: 269450 braids
    projlen=68: 273881 braids
    projlen=69: 270238 braids
    projlen=70: 272282 braids
    projlen=71: 269312 braids
    projlen=72: 255620 braids
    projlen=73: 98601 braids
  Braids kept: 1087000 (in 29 buckets, 1.52 GB CPU)
  ⚡ Timing: matmul=0.14s, sampling=5.51s, total=8.81s
============================================================
Level 68 - SAMPLING
============================================================
  Starting braids: 987000
  Candidates to generate: 5440812
  Processing in 55 chunks...
  Projlen distribution:
    projlen=45: 2 braids
    projlen=46: 9 braids
    projlen=47: 34 braids
    projlen=48: 254 braids
    projlen=49: 524 braids
    projlen=50: 1683 braids
    projlen=51: 5682 braids
    projlen=52: 13255 braids
    projlen=53: 62982 braids
    projlen=54: 95862 braids
    projlen=55: 250196 braids
    projlen=56: 272315 braids
    projlen=57: 296489 braids
    projlen=58: 269184 braids
    projlen=59: 281926 braids
    projlen=60: 269025 braids
    projlen=61: 278907 braids
    projlen=62: 269864 braids
    projlen=63: 271589 braids
    projlen=64: 273370 braids
    projlen=65: 270203 braids
    projlen=66: 275538 braids
    projlen=67: 269771 braids
    projlen=68: 275101 braids
    projlen=69: 269623 braids
    projlen=70: 273407 braids
    projlen=71: 269963 braids
    projlen=72: 269879 braids
    projlen=73: 255171 braids
    projlen=74: 99004 braids
  Braids kept: 1121443 (in 30 buckets, 1.59 GB CPU)
  ⚡ Timing: matmul=0.15s, sampling=5.68s, total=9.07s
============================================================
Level 69 - SAMPLING
============================================================
  Starting braids: 971443
  Candidates to generate: 5355687
  Processing in 54 chunks...
  Projlen distribution:
    projlen=46: 7 braids
    projlen=47: 25 braids
    projlen=48: 114 braids
    projlen=49: 318 braids
    projlen=50: 1568 braids
    projlen=51: 3480 braids
    projlen=52: 9265 braids
    projlen=53: 30784 braids
    projlen=54: 62025 braids
    projlen=55: 234973 braids
    projlen=56: 258984 braids
    projlen=57: 311732 braids
    projlen=58: 261416 braids
    projlen=59: 289419 braids
    projlen=60: 266775 braids
    projlen=61: 279332 braids
    projlen=62: 269031 braids
    projlen=63: 276931 braids
    projlen=64: 270455 braids
    projlen=65: 272923 braids
    projlen=66: 273106 braids
    projlen=67: 270983 braids
    projlen=68: 273743 braids
    projlen=69: 270276 braids
    projlen=70: 274828 braids
    projlen=71: 269074 braids
    projlen=72: 271970 braids
    projlen=73: 253700 braids
    projlen=74: 98450 braids
  Braids kept: 1095561 (in 29 buckets, 1.56 GB CPU)
  ⚡ Timing: matmul=0.15s, sampling=5.61s, total=8.96s
============================================================
Level 70 - SAMPLING
============================================================
  Starting braids: 995561
  Candidates to generate: 5480615
  Processing in 55 chunks...
  Projlen distribution:
    projlen=47: 9 braids
    projlen=48: 77 braids
    projlen=49: 215 braids
    projlen=50: 812 braids
    projlen=51: 2217 braids
    projlen=52: 8584 braids
    projlen=53: 19998 braids
    projlen=54: 45762 braids
    projlen=55: 145264 braids
    projlen=56: 230066 braids
    projlen=57: 313167 braids
    projlen=58: 253495 braids
    projlen=59: 300928 braids
    projlen=60: 255486 braids
    projlen=61: 287765 braids
    projlen=62: 265799 braids
    projlen=63: 277681 braids
    projlen=64: 268837 braids
    projlen=65: 274868 braids
    projlen=66: 269714 braids
    projlen=67: 273801 braids
    projlen=68: 273555 braids
    projlen=69: 271559 braids
    projlen=70: 273909 braids
    projlen=71: 270981 braids
    projlen=72: 273065 braids
    projlen=73: 267359 braids
    projlen=74: 256806 braids
    projlen=75: 98836 braids
  Braids kept: 1127674 (in 29 buckets, 1.62 GB CPU)
  ⚡ Timing: matmul=0.16s, sampling=5.75s, total=9.20s
============================================================
Level 71 - SAMPLING
============================================================
  Starting braids: 977674
  Candidates to generate: 5384536
  Processing in 54 chunks...
  Projlen distribution:
    projlen=47: 10 braids
    projlen=48: 8 braids
    projlen=49: 89 braids
    projlen=50: 598 braids
    projlen=51: 1429 braids
    projlen=52: 4920 braids
    projlen=53: 13142 braids
    projlen=54: 43430 braids
    projlen=55: 97773 braids
    projlen=56: 203088 braids
    projlen=57: 290544 braids
    projlen=58: 272748 braids
    projlen=59: 297001 braids
    projlen=60: 251303 braids
    projlen=61: 297350 braids
    projlen=62: 256091 braids
    projlen=63: 285265 braids
    projlen=64: 265282 braids
    projlen=65: 276799 braids
    projlen=66: 269943 braids
    projlen=67: 274250 braids
    projlen=68: 270227 braids
    projlen=69: 273423 braids
    projlen=70: 272671 braids
    projlen=71: 271384 braids
    projlen=72: 272441 braids
    projlen=73: 269325 braids
    projlen=74: 256044 braids
    projlen=75: 97958 braids
  Braids kept: 1113626 (in 29 buckets, 1.61 GB CPU)
  ⚡ Timing: matmul=0.16s, sampling=5.65s, total=9.04s
============================================================
Level 72 - SAMPLING
============================================================
  Starting braids: 963626
  Candidates to generate: 5306408
  Processing in 54 chunks...
  Projlen distribution:
    projlen=46: 1 braids
    projlen=47: 4 braids
    projlen=48: 21 braids
    projlen=49: 79 braids
    projlen=50: 132 braids
    projlen=51: 676 braids
    projlen=52: 3597 braids
    projlen=53: 8340 braids
    projlen=54: 26942 braids
    projlen=55: 65877 braids
    projlen=56: 192608 braids
    projlen=57: 268421 braids
    projlen=58: 286667 braids
    projlen=59: 287269 braids
    projlen=60: 264938 braids
    projlen=61: 290759 braids
    projlen=62: 255805 braids
    projlen=63: 291575 braids
    projlen=64: 257083 braids
    projlen=65: 283741 braids
    projlen=66: 265576 braids
    projlen=67: 275289 braids
    projlen=68: 270080 braids
    projlen=69: 273375 braids
    projlen=70: 270512 braids
    projlen=71: 273149 braids
    projlen=72: 271789 braids
    projlen=73: 268696 braids
    projlen=74: 255174 braids
    projlen=75: 98233 braids
  Braids kept: 1089792 (in 30 buckets, 1.59 GB CPU)
  ⚡ Timing: matmul=0.14s, sampling=5.73s, total=9.08s
============================================================
Level 73 - SAMPLING
============================================================
  Starting braids: 989792
  Candidates to generate: 5448290
  Processing in 55 chunks...
  Projlen distribution:
    projlen=47: 4 braids
    projlen=48: 12 braids
    projlen=49: 44 braids
    projlen=50: 189 braids
    projlen=51: 532 braids
    projlen=52: 1177 braids
    projlen=53: 4497 braids
    projlen=54: 19902 braids
    projlen=55: 42564 braids
    projlen=56: 127364 braids
    projlen=57: 233505 braids
    projlen=58: 296906 braids
    projlen=59: 275557 braids
    projlen=60: 278164 braids
    projlen=61: 278996 braids
    projlen=62: 266504 braids
    projlen=63: 284702 braids
    projlen=64: 257966 braids
    projlen=65: 286274 braids
    projlen=66: 259110 braids
    projlen=67: 281620 braids
    projlen=68: 265366 braids
    projlen=69: 276908 braids
    projlen=70: 270799 braids
    projlen=71: 273625 braids
    projlen=72: 270858 braids
    projlen=73: 272031 braids
    projlen=74: 269713 braids
    projlen=75: 254492 braids
    projlen=76: 98909 braids
  Braids kept: 1118921 (in 30 buckets, 1.65 GB CPU)
  ⚡ Timing: matmul=0.15s, sampling=5.86s, total=9.34s
============================================================
Level 74 - SAMPLING
============================================================
  Starting braids: 968921
  Candidates to generate: 5333853
  Processing in 54 chunks...
  Projlen distribution:
    projlen=48: 5 braids
    projlen=49: 40 braids
    projlen=50: 88 braids
    projlen=51: 326 braids
    projlen=52: 1259 braids
    projlen=53: 3298 braids
    projlen=54: 8256 braids
    projlen=55: 25197 braids
    projlen=56: 96912 braids
    projlen=57: 187751 braids
    projlen=58: 281636 braids
    projlen=59: 281667 braids
    projlen=60: 283819 braids
    projlen=61: 269761 braids
    projlen=62: 277612 braids
    projlen=63: 274806 braids
    projlen=64: 267295 braids
    projlen=65: 280026 braids
    projlen=66: 261539 braids
    projlen=67: 283503 braids
    projlen=68: 261302 braids
    projlen=69: 279823 braids
    projlen=70: 265743 braids
    projlen=71: 276442 braids
    projlen=72: 270983 braids
    projlen=73: 273172 braids
    projlen=74: 268673 braids
    projlen=75: 254731 braids
    projlen=76: 98188 braids
  Braids kept: 1088469 (in 29 buckets, 1.61 GB CPU)
  ⚡ Timing: matmul=0.14s, sampling=5.78s, total=9.19s
============================================================
Level 75 - SAMPLING
============================================================
  Starting braids: 988469
  Candidates to generate: 5448751
  Processing in 55 chunks...
  Projlen distribution:
    projlen=48: 2 braids
    projlen=49: 8 braids
    projlen=50: 46 braids
    projlen=51: 290 braids
    projlen=52: 582 braids
    projlen=53: 2030 braids
    projlen=54: 7544 braids
    projlen=55: 18471 braids
    projlen=56: 45110 braids
    projlen=57: 114461 braids
    projlen=58: 248529 braids
    projlen=59: 278362 braids
    projlen=60: 290429 braids
    projlen=61: 270867 braids
    projlen=62: 279392 braids
    projlen=63: 271219 braids
    projlen=64: 275995 braids
    projlen=65: 273761 braids
    projlen=66: 269282 braids
    projlen=67: 277120 braids
    projlen=68: 265228 braids
    projlen=69: 280954 braids
    projlen=70: 263796 braids
    projlen=71: 278152 braids
    projlen=72: 266580 braids
    projlen=73: 276122 braids
    projlen=74: 269874 braids
    projlen=75: 270655 braids
    projlen=76: 254757 braids
    projlen=77: 99133 braids
  Braids kept: 1124083 (in 30 buckets, 1.68 GB CPU)
  ⚡ Timing: matmul=0.15s, sampling=5.68s, total=9.13s
============================================================
Level 76 - SAMPLING
============================================================
  Starting braids: 974083
  Candidates to generate: 5374063
  Processing in 54 chunks...
  Projlen distribution:
    projlen=49: 7 braids
    projlen=50: 11 braids
    projlen=51: 108 braids
    projlen=52: 347 braids
    projlen=53: 1725 braids
    projlen=54: 3677 braids
    projlen=55: 11575 braids
    projlen=56: 40316 braids
    projlen=57: 90289 braids
    projlen=58: 208491 braids
    projlen=59: 277957 braids
    projlen=60: 296787 braids
    projlen=61: 269856 braids
    projlen=62: 284788 braids
    projlen=63: 269336 braids
    projlen=64: 277900 braids
    projlen=65: 270052 braids
    projlen=66: 274687 braids
    projlen=67: 271991 braids
    projlen=68: 270222 braids
    projlen=69: 276037 braids
    projlen=70: 267061 braids
    projlen=71: 278715 braids
    projlen=72: 265403 braids
    projlen=73: 277096 braids
    projlen=74: 266950 braids
    projlen=75: 271258 braids
    projlen=76: 252668 braids
    projlen=77: 98753 braids
  Braids kept: 1107766 (in 29 buckets, 1.67 GB CPU)
  ⚡ Timing: matmul=0.16s, sampling=5.61s, total=9.01s
============================================================
Level 77 - SAMPLING
============================================================
  Starting braids: 957766
  Candidates to generate: 5280914
  Processing in 53 chunks...
  Projlen distribution:
    projlen=49: 4 braids
    projlen=50: 3 braids
    projlen=51: 58 braids
    projlen=52: 143 braids
    projlen=53: 783 braids
    projlen=54: 2342 braids
    projlen=55: 9666 braids
    projlen=56: 21161 braids
    projlen=57: 57643 braids
    projlen=58: 182084 braids
    projlen=59: 261148 braids
    projlen=60: 294661 braids
    projlen=61: 277974 braids
    projlen=62: 284129 braids
    projlen=63: 267594 braids
    projlen=64: 282063 braids
    projlen=65: 267797 braids
    projlen=66: 275714 braids
    projlen=67: 269495 braids
    projlen=68: 274428 braids
    projlen=69: 271712 braids
    projlen=70: 271642 braids
    projlen=71: 274812 braids
    projlen=72: 268596 braids
    projlen=73: 275937 braids
    projlen=74: 266681 braids
    projlen=75: 273597 braids
    projlen=76: 250117 braids
    projlen=77: 98930 braids
  Braids kept: 1084160 (in 29 buckets, 1.64 GB CPU)
  ⚡ Timing: matmul=0.16s, sampling=5.57s, total=8.91s
============================================================
Level 78 - SAMPLING
============================================================
  Starting braids: 984160
  Candidates to generate: 5425800
  Processing in 55 chunks...
  Projlen distribution:
    projlen=49: 5 braids
    projlen=50: 4 braids
    projlen=51: 29 braids
    projlen=52: 44 braids
    projlen=53: 450 braids
    projlen=54: 1141 braids
    projlen=55: 4840 braids
    projlen=56: 14282 braids
    projlen=57: 49109 braids
    projlen=58: 103002 braids
    projlen=59: 226776 braids
    projlen=60: 299054 braids
    projlen=61: 274741 braids
    projlen=62: 284624 braids
    projlen=63: 270911 braids
    projlen=64: 280870 braids
    projlen=65: 267822 braids
    projlen=66: 279164 braids
    projlen=67: 267692 braids
    projlen=68: 274929 braids
    projlen=69: 269534 braids
    projlen=70: 273459 braids
    projlen=71: 271567 braids
    projlen=72: 272052 braids
    projlen=73: 273904 braids
    projlen=74: 269565 braids
    projlen=75: 274414 braids
    projlen=76: 265776 braids
    projlen=77: 258082 braids
    projlen=78: 97958 braids
  Braids kept: 1119904 (in 30 buckets, 1.71 GB CPU)
  ⚡ Timing: matmul=0.14s, sampling=5.74s, total=9.16s
============================================================
Level 79 - SAMPLING
============================================================
  Starting braids: 969904
  Candidates to generate: 5355562
  Processing in 54 chunks...
  Projlen distribution:
    projlen=49: 6 braids
    projlen=50: 3 braids
    projlen=51: 39 braids
    projlen=52: 36 braids
    projlen=53: 225 braids
    projlen=54: 462 braids
    projlen=55: 2928 braids
    projlen=56: 7515 braids
    projlen=57: 26231 braids
    projlen=58: 71943 braids
    projlen=59: 217387 braids
    projlen=60: 278635 braids
    projlen=61: 292764 braids
    projlen=62: 283729 braids
    projlen=63: 267837 braids
    projlen=64: 283808 braids
    projlen=65: 270162 braids
    projlen=66: 278672 braids
    projlen=67: 268149 braids
    projlen=68: 277028 braids
    projlen=69: 268740 braids
    projlen=70: 275539 braids
    projlen=71: 270766 braids
    projlen=72: 273476 braids
    projlen=73: 271790 braids
    projlen=74: 271874 braids
    projlen=75: 273344 braids
    projlen=76: 267245 braids
    projlen=77: 257033 braids
    projlen=78: 98196 braids
  Braids kept: 1087445 (in 30 buckets, 1.67 GB CPU)
  ⚡ Timing: matmul=0.15s, sampling=5.69s, total=9.07s
============================================================
Level 80 - SAMPLING
============================================================
  Starting braids: 987445
  Candidates to generate: 5445115
  Processing in 55 chunks...
  Projlen distribution:
    projlen=49: 4 braids
    projlen=50: 3 braids
    projlen=51: 30 braids
    projlen=52: 28 braids
    projlen=53: 244 braids
    projlen=54: 349 braids
    projlen=55: 1496 braids
    projlen=56: 3524 braids
    projlen=57: 16836 braids
    projlen=58: 39803 braids
    projlen=59: 120229 braids
    projlen=60: 235847 braids
    projlen=61: 298994 braids
    projlen=62: 272278 braids
    projlen=63: 282428 braids
    projlen=64: 276437 braids
    projlen=65: 270106 braids
    projlen=66: 280434 braids
    projlen=67: 267356 braids
    projlen=68: 276167 braids
    projlen=69: 268666 braids
    projlen=70: 276280 braids
    projlen=71: 270315 braids
    projlen=72: 274595 braids
    projlen=73: 271564 braids
    projlen=74: 273891 braids
    projlen=75: 271961 braids
    projlen=76: 271195 braids
    projlen=77: 270364 braids
    projlen=78: 254869 braids
    projlen=79: 98822 braids
  Braids kept: 1112317 (in 31 buckets, 1.73 GB CPU)
  ⚡ Timing: matmul=0.15s, sampling=5.82s, total=9.31s
============================================================
Level 81 - SAMPLING
============================================================
  Starting braids: 962317
  Candidates to generate: 5305869
  Processing in 54 chunks...
  Projlen distribution:
    projlen=50: 2 braids
    projlen=51: 21 braids
    projlen=52: 27 braids
    projlen=53: 168 braids
    projlen=54: 245 braids
    projlen=55: 1414 braids
    projlen=56: 2560 braids
    projlen=57: 9001 braids
    projlen=58: 21142 braids
    projlen=59: 83127 braids
    projlen=60: 177177 braids
    projlen=61: 273525 braids
    projlen=62: 285413 braids
    projlen=63: 284516 braids
    projlen=64: 267724 braids
    projlen=65: 281792 braids
    projlen=66: 273252 braids
    projlen=67: 270506 braids
    projlen=68: 277377 braids
    projlen=69: 267285 braids
    projlen=70: 275568 braids
    projlen=71: 269480 braids
    projlen=72: 275238 braids
    projlen=73: 269997 braids
    projlen=74: 274413 braids
    projlen=75: 272746 braids
    projlen=76: 271912 braids
    projlen=77: 268244 braids
    projlen=78: 253627 braids
    projlen=79: 98370 braids
  Braids kept: 1084580 (in 30 buckets, 1.70 GB CPU)
  ⚡ Timing: matmul=0.14s, sampling=5.75s, total=9.11s
============================================================
Level 82 - SAMPLING
============================================================
  Starting braids: 984580
  Candidates to generate: 5429942
  Processing in 55 chunks...
  Projlen distribution:
    projlen=49: 1 braids
    projlen=50: 2 braids
    projlen=51: 4 braids
    projlen=52: 6 braids
    projlen=53: 138 braids
    projlen=54: 196 braids
    projlen=55: 960 braids
    projlen=56: 1608 braids
    projlen=57: 7993 braids
    projlen=58: 15264 braids
    projlen=59: 46232 braids
    projlen=60: 98963 braids
    projlen=61: 240428 braids
    projlen=62: 282724 braids
    projlen=63: 287758 braids
    projlen=64: 274845 braids
    projlen=65: 278480 braids
    projlen=66: 269237 braids
    projlen=67: 279544 braids
    projlen=68: 270366 braids
    projlen=69: 272099 braids
    projlen=70: 276601 braids
    projlen=71: 267674 braids
    projlen=72: 276339 braids
    projlen=73: 270232 braids
    projlen=74: 275292 braids
    projlen=75: 270450 braids
    projlen=76: 273891 braids
    projlen=77: 270212 braids
    projlen=78: 269074 braids
    projlen=79: 254597 braids
    projlen=80: 98732 braids
  Braids kept: 1122404 (in 32 buckets, 1.77 GB CPU)
  ⚡ Timing: matmul=0.14s, sampling=5.92s, total=9.42s
============================================================
Level 83 - SAMPLING
============================================================
  Starting braids: 972404
  Candidates to generate: 5367712
  Processing in 54 chunks...
  Projlen distribution:
    projlen=50: 3 braids
    projlen=51: 4 braids
    projlen=52: 22 braids
    projlen=53: 26 braids
    projlen=54: 68 braids
    projlen=55: 789 braids
    projlen=56: 1210 braids
    projlen=57: 5379 braids
    projlen=58: 9646 braids
    projlen=59: 41279 braids
    projlen=60: 76097 braids
    projlen=61: 210080 braids
    projlen=62: 271981 braids
    projlen=63: 299988 braids
    projlen=64: 271943 braids
    projlen=65: 282039 braids
    projlen=66: 272657 braids
    projlen=67: 275386 braids
    projlen=68: 269953 braids
    projlen=69: 277035 braids
    projlen=70: 269582 braids
    projlen=71: 272574 braids
    projlen=72: 275183 braids
    projlen=73: 269705 braids
    projlen=74: 276611 braids
    projlen=75: 270979 braids
    projlen=76: 274205 braids
    projlen=77: 270698 braids
    projlen=78: 270288 braids
    projlen=79: 253773 braids
    projlen=80: 98529 braids
  Braids kept: 1108426 (in 31 buckets, 1.76 GB CPU)
  ⚡ Timing: matmul=0.16s, sampling=5.85s, total=9.32s
============================================================
Level 84 - SAMPLING
============================================================
  Starting braids: 958426
  Candidates to generate: 5287246
  Processing in 53 chunks...
  Projlen distribution:
    projlen=52: 25 braids
    projlen=53: 19 braids
    projlen=54: 119 braids
    projlen=55: 194 braids
    projlen=56: 502 braids
    projlen=57: 4327 braids
    projlen=58: 6959 braids
    projlen=59: 28796 braids
    projlen=60: 49997 braids
    projlen=61: 186942 braids
    projlen=62: 251384 braids
    projlen=63: 301764 braids
    projlen=64: 272308 braids
    projlen=65: 287787 braids
    projlen=66: 266843 braids
    projlen=67: 281410 braids
    projlen=68: 271003 braids
    projlen=69: 274838 braids
    projlen=70: 270037 braids
    projlen=71: 274440 braids
    projlen=72: 270069 braids
    projlen=73: 273382 braids
    projlen=74: 274054 braids
    projlen=75: 270893 braids
    projlen=76: 275081 braids
    projlen=77: 270097 braids
    projlen=78: 271252 braids
    projlen=79: 254052 braids
    projlen=80: 98672 braids
  Braids kept: 1090938 (in 29 buckets, 1.74 GB CPU)
  ⚡ Timing: matmul=0.16s, sampling=5.70s, total=9.11s
============================================================
Level 85 - SAMPLING
============================================================
  Starting braids: 990938
  Candidates to generate: 5457642
  Processing in 55 chunks...
  Projlen distribution:
    projlen=53: 4 braids
    projlen=54: 131 braids
    projlen=55: 107 braids
    projlen=56: 666 braids
    projlen=57: 1314 braids
    projlen=58: 3260 braids
    projlen=59: 22966 braids
    projlen=60: 36654 braids
    projlen=61: 139805 braids
    projlen=62: 220998 braids
    projlen=63: 308402 braids
    projlen=64: 266642 braids
    projlen=65: 291253 braids
    projlen=66: 265659 braids
    projlen=67: 284337 braids
    projlen=68: 266684 braids
    projlen=69: 278909 braids
    projlen=70: 269408 braids
    projlen=71: 274296 braids
    projlen=72: 270853 braids
    projlen=73: 273966 braids
    projlen=74: 270389 braids
    projlen=75: 273047 braids
    projlen=76: 271969 braids
    projlen=77: 270730 braids
    projlen=78: 272725 braids
    projlen=79: 266998 braids
    projlen=80: 256976 braids
    projlen=81: 98494 braids
  Braids kept: 1115102 (in 29 buckets, 1.80 GB CPU)
  ⚡ Timing: matmul=0.16s, sampling=6.00s, total=9.55s
============================================================
Level 86 - SAMPLING
============================================================
  Starting braids: 965102
  Candidates to generate: 5313014
  Processing in 54 chunks...
  Projlen distribution:
    projlen=54: 17 braids
    projlen=55: 29 braids
    projlen=56: 693 braids
    projlen=57: 677 braids
    projlen=58: 3610 braids
    projlen=59: 8252 braids
    projlen=60: 18197 braids
    projlen=61: 111757 braids
    projlen=62: 161358 braids
    projlen=63: 282639 braids
    projlen=64: 269118 braids
    projlen=65: 295273 braids
    projlen=66: 258865 braids
    projlen=67: 287507 braids
    projlen=68: 264029 braids
    projlen=69: 281022 braids
    projlen=70: 266179 braids
    projlen=71: 277266 braids
    projlen=72: 269383 braids
    projlen=73: 274497 braids
    projlen=74: 271043 braids
    projlen=75: 273576 braids
    projlen=76: 271046 braids
    projlen=77: 272644 braids
    projlen=78: 271119 braids
    projlen=79: 269238 braids
    projlen=80: 256304 braids
    projlen=81: 97676 braids
  Braids kept: 1081475 (in 28 buckets, 1.75 GB CPU)
  ⚡ Timing: matmul=0.14s, sampling=5.94s, total=9.41s
============================================================
Level 87 - SAMPLING
============================================================
  Starting braids: 981475
  Candidates to generate: 5401311
  Processing in 55 chunks...
  Projlen distribution:
    projlen=53: 1 braids
    projlen=54: 5 braids
    projlen=55: 21 braids
    projlen=56: 152 braids
    projlen=57: 315 braids
    projlen=58: 3552 braids
    projlen=59: 4351 braids
    projlen=60: 18945 braids
    projlen=61: 43732 braids
    projlen=62: 82174 braids
    projlen=63: 248696 braids
    projlen=64: 257378 braids
    projlen=65: 305569 braids
    projlen=66: 259374 braids
    projlen=67: 290373 braids
    projlen=68: 261426 braids
    projlen=69: 284690 braids
    projlen=70: 263942 braids
    projlen=71: 279949 braids
    projlen=72: 267202 braids
    projlen=73: 276687 braids
    projlen=74: 269732 braids
    projlen=75: 274171 braids
    projlen=76: 269966 braids
    projlen=77: 273069 braids
    projlen=78: 271181 braids
    projlen=79: 271589 braids
    projlen=80: 268640 braids
    projlen=81: 255323 braids
    projlen=82: 99106 braids
  Braids kept: 1121074 (in 30 buckets, 1.83 GB CPU)
  ⚡ Timing: matmul=0.14s, sampling=6.05s, total=9.55s
============================================================
Level 88 - SAMPLING
============================================================
  Starting braids: 971074
  Candidates to generate: 5353114
  Processing in 54 chunks...
  Projlen distribution:
    projlen=54: 5 braids
    projlen=55: 16 braids
    projlen=56: 35 braids
    projlen=57: 192 braids
    projlen=58: 1099 braids
    projlen=59: 2221 braids
    projlen=60: 18209 braids
    projlen=61: 24393 braids
    projlen=62: 92324 braids
    projlen=63: 202966 braids
    projlen=64: 262144 braids
    projlen=65: 311634 braids
    projlen=66: 252285 braids
    projlen=67: 299088 braids
    projlen=68: 257838 braids
    projlen=69: 287154 braids
    projlen=70: 262104 braids
    projlen=71: 280991 braids
    projlen=72: 264715 braids
    projlen=73: 276996 braids
    projlen=74: 267518 braids
    projlen=75: 275873 braids
    projlen=76: 270941 braids
    projlen=77: 274783 braids
    projlen=78: 271835 braids
    projlen=79: 272682 braids
    projlen=80: 268972 braids
    projlen=81: 255538 braids
    projlen=82: 98563 braids
  Braids kept: 1096170 (in 29 buckets, 1.80 GB CPU)
  ⚡ Timing: matmul=0.15s, sampling=5.94s, total=9.44s
============================================================
Level 89 - SAMPLING
============================================================
  Starting braids: 996170
  Candidates to generate: 5482518
  Processing in 55 chunks...
  Projlen distribution:
    projlen=54: 4 braids
    projlen=55: 13 braids
    projlen=56: 39 braids
    projlen=57: 136 braids
    projlen=58: 228 braids
    projlen=59: 1326 braids
    projlen=60: 6670 braids
    projlen=61: 13190 braids
    projlen=62: 87192 braids
    projlen=63: 113312 braids
    projlen=64: 250120 braids
    projlen=65: 286089 braids
    projlen=66: 273108 braids
    projlen=67: 294645 braids
    projlen=68: 251523 braids
    projlen=69: 295854 braids
    projlen=70: 258317 braids
    projlen=71: 284226 braids
    projlen=72: 263052 braids
    projlen=73: 280119 braids
    projlen=74: 265440 braids
    projlen=75: 276323 braids
    projlen=76: 267747 braids
    projlen=77: 274495 braids
    projlen=78: 270065 braids
    projlen=79: 273438 braids
    projlen=80: 270863 braids
    projlen=81: 271024 braids
    projlen=82: 254888 braids
    projlen=83: 99072 braids
  Braids kept: 1121606 (in 30 buckets, 1.86 GB CPU)
  ⚡ Timing: matmul=0.16s, sampling=6.21s, total=9.80s
============================================================
Level 90 - SAMPLING
============================================================
  Starting braids: 971606
  Candidates to generate: 5346152
  Processing in 54 chunks...
  Projlen distribution:
    projlen=55: 7 braids
    projlen=56: 27 braids
    projlen=57: 94 braids
    projlen=58: 241 braids
    projlen=59: 861 braids
    projlen=60: 1608 braids
    projlen=61: 8134 braids
    projlen=62: 34102 braids
    projlen=63: 62068 braids
    projlen=64: 238679 braids
    projlen=65: 249973 braids
    projlen=66: 307009 braids
    projlen=67: 270719 braids
    projlen=68: 271741 braids
    projlen=69: 288141 braids
    projlen=70: 255548 braids
    projlen=71: 290106 braids
    projlen=72: 258084 braids
    projlen=73: 281718 braids
    projlen=74: 264782 braids
    projlen=75: 279538 braids
    projlen=76: 267393 braids
    projlen=77: 275904 braids
    projlen=78: 269346 braids
    projlen=79: 274901 braids
    projlen=80: 270364 braids
    projlen=81: 271369 braids
    projlen=82: 254829 braids
    projlen=83: 98866 braids
  Braids kept: 1095074 (in 29 buckets, 1.83 GB CPU)
  ⚡ Timing: matmul=0.15s, sampling=6.05s, total=9.55s
============================================================
Level 91 - SAMPLING
============================================================
  Starting braids: 995074
  Candidates to generate: 5482446
  Processing in 55 chunks...
  Projlen distribution:
    projlen=55: 3 braids
    projlen=56: 11 braids
    projlen=57: 55 braids
    projlen=58: 159 braids
    projlen=59: 539 braids
    projlen=60: 1500 braids
    projlen=61: 5180 braids
    projlen=62: 9911 braids
    projlen=63: 42125 braids
    projlen=64: 157408 braids
    projlen=65: 234883 braids
    projlen=66: 316493 braids
    projlen=67: 248346 braids
    projlen=68: 300828 braids
    projlen=69: 262654 braids
    projlen=70: 275208 braids
    projlen=71: 282406 braids
    projlen=72: 259147 braids
    projlen=73: 284982 braids
    projlen=74: 260438 braids
    projlen=75: 280696 braids
    projlen=76: 266844 braids
    projlen=77: 278270 braids
    projlen=78: 268864 braids
    projlen=79: 276101 braids
    projlen=80: 270678 braids
    projlen=81: 274466 braids
    projlen=82: 267975 braids
    projlen=83: 257437 braids
    projlen=84: 98839 braids
  Braids kept: 1109483 (in 30 buckets, 1.87 GB CPU)
  ⚡ Timing: matmul=0.17s, sampling=6.26s, total=9.90s
============================================================
Level 92 - SAMPLING
============================================================
  Starting braids: 959483
  Candidates to generate: 5287499
  Processing in 53 chunks...
  Projlen distribution:
    projlen=57: 41 braids
    projlen=58: 83 braids
    projlen=59: 408 braids
    projlen=60: 934 braids
    projlen=61: 3185 braids
    projlen=62: 8764 braids
    projlen=63: 28009 braids
    projlen=64: 52149 braids
    projlen=65: 184455 braids
    projlen=66: 284037 braids
    projlen=67: 270639 braids
    projlen=68: 299186 braids
    projlen=69: 247450 braids
    projlen=70: 297075 braids
    projlen=71: 259570 braids
    projlen=72: 276516 braids
    projlen=73: 278282 braids
    projlen=74: 262718 braids
    projlen=75: 282206 braids
    projlen=76: 262288 braids
    projlen=77: 278307 braids
    projlen=78: 268058 braids
    projlen=79: 276207 braids
    projlen=80: 269873 braids
    projlen=81: 274707 braids
    projlen=82: 267890 braids
    projlen=83: 256171 braids
    projlen=84: 98291 braids
  Braids kept: 1091424 (in 28 buckets, 1.85 GB CPU)
  ⚡ Timing: matmul=0.16s, sampling=6.20s, total=9.75s
============================================================
Level 93 - SAMPLING
============================================================
  Starting braids: 991424
  Candidates to generate: 5464512
  Processing in 55 chunks...
  Projlen distribution:
    projlen=57: 14 braids
    projlen=58: 27 braids
    projlen=59: 295 braids
    projlen=60: 609 braids
    projlen=61: 2575 braids
    projlen=62: 5506 braids
    projlen=63: 17724 braids
    projlen=64: 45829 braids
    projlen=65: 136440 braids
    projlen=66: 230106 braids
    projlen=67: 304118 braids
    projlen=68: 284779 braids
    projlen=69: 266343 braids
    projlen=70: 291197 braids
    projlen=71: 252296 braids
    projlen=72: 291708 braids
    projlen=73: 258639 braids
    projlen=74: 276360 braids
    projlen=75: 274809 braids
    projlen=76: 265528 braids
    projlen=77: 280159 braids
    projlen=78: 264500 braids
    projlen=79: 278313 braids
    projlen=80: 267637 braids
    projlen=81: 274858 braids
    projlen=82: 268550 braids
    projlen=83: 271632 braids
    projlen=84: 254442 braids
    projlen=85: 99519 braids
  Braids kept: 1122579 (in 29 buckets, 1.92 GB CPU)
  ⚡ Timing: matmul=0.16s, sampling=6.46s, total=10.16s
============================================================
Level 94 - SAMPLING
============================================================
  Starting braids: 972579
  Candidates to generate: 5360167
  Processing in 54 chunks...
  Projlen distribution:
    projlen=57: 6 braids
    projlen=58: 5 braids
    projlen=59: 122 braids
    projlen=60: 249 braids
    projlen=61: 1924 braids
    projlen=62: 3748 braids
    projlen=63: 14655 braids
    projlen=64: 29819 braids
    projlen=65: 87413 braids
    projlen=66: 204390 braids
    projlen=67: 289035 braids
    projlen=68: 278063 braids
    projlen=69: 289082 braids
    projlen=70: 272159 braids
    projlen=71: 270748 braids
    projlen=72: 285416 braids
    projlen=73: 256398 braids
    projlen=74: 287564 braids
    projlen=75: 259487 braids
    projlen=76: 277335 braids
    projlen=77: 271820 braids
    projlen=78: 266441 braids
    projlen=79: 278553 braids
    projlen=80: 266732 braids
    projlen=81: 277593 braids
    projlen=82: 268691 braids
    projlen=83: 271652 braids
    projlen=84: 252636 braids
    projlen=85: 98431 braids
  Braids kept: 1100528 (in 29 buckets, 1.89 GB CPU)
  ⚡ Timing: matmul=0.15s, sampling=6.38s, total=10.02s
============================================================
Level 95 - SAMPLING
============================================================
  Starting braids: 950528
  Candidates to generate: 5238860
  Processing in 53 chunks...
  Projlen distribution:
    projlen=58: 2 braids
    projlen=59: 55 braids
    projlen=60: 108 braids
    projlen=61: 914 braids
    projlen=62: 1685 braids
    projlen=63: 11209 braids
    projlen=64: 21010 braids
    projlen=65: 74084 braids
    projlen=66: 138231 braids
    projlen=67: 251285 braids
    projlen=68: 288113 braids
    projlen=69: 284241 braids
    projlen=70: 270963 braids
    projlen=71: 282535 braids
    projlen=72: 269433 braids
    projlen=73: 272826 braids
    projlen=74: 280576 braids
    projlen=75: 261172 braids
    projlen=76: 283062 braids
    projlen=77: 261831 braids
    projlen=78: 278217 braids
    projlen=79: 271445 braids
    projlen=80: 269163 braids
    projlen=81: 275709 braids
    projlen=82: 266676 braids
    projlen=83: 272377 braids
    projlen=84: 252660 braids
    projlen=85: 99278 braids
  Braids kept: 1084983 (in 28 buckets, 1.87 GB CPU)
  ⚡ Timing: matmul=0.15s, sampling=6.36s, total=9.95s
============================================================
Level 96 - SAMPLING
============================================================
  Starting braids: 984983
  Candidates to generate: 5429157
  Processing in 55 chunks...
  Projlen distribution:
    projlen=59: 11 braids
    projlen=60: 49 braids
    projlen=61: 455 braids
    projlen=62: 867 braids
    projlen=63: 5880 braids
    projlen=64: 10208 braids
    projlen=65: 57317 braids
    projlen=66: 98982 braids
    projlen=67: 242430 braids
    projlen=68: 275860 braids
    projlen=69: 291844 braids
    projlen=70: 276223 braids
    projlen=71: 276520 braids
    projlen=72: 272170 braids
    projlen=73: 278609 braids
    projlen=74: 268584 braids
    projlen=75: 273132 braids
    projlen=76: 276403 braids
    projlen=77: 264607 braids
    projlen=78: 279626 braids
    projlen=79: 263601 braids
    projlen=80: 277432 braids
    projlen=81: 271000 braids
    projlen=82: 271483 braids
    projlen=83: 273840 braids
    projlen=84: 266153 braids
    projlen=85: 257619 braids
    projlen=86: 98252 braids
  Braids kept: 1117470 (in 28 buckets, 1.95 GB CPU)
  ⚡ Timing: matmul=0.22s, sampling=6.65s, total=10.45s
============================================================
Level 97 - SAMPLING
============================================================
  Starting braids: 967470
  Candidates to generate: 5336130
  Processing in 54 chunks...
  Projlen distribution:
    projlen=59: 2 braids
    projlen=60: 22 braids
    projlen=61: 158 braids
    projlen=62: 446 braids
    projlen=63: 3211 braids
    projlen=64: 5671 braids
    projlen=65: 32446 braids
    projlen=66: 50968 braids
    projlen=67: 228523 braids
    projlen=68: 265805 braids
    projlen=69: 305705 braids
    projlen=70: 266740 braids
    projlen=71: 284762 braids
    projlen=72: 271581 braids
    projlen=73: 276193 braids
    projlen=74: 271929 braids
    projlen=75: 275950 braids
    projlen=76: 268825 braids
    projlen=77: 272665 braids
    projlen=78: 274319 braids
    projlen=79: 268065 braids
    projlen=80: 278195 braids
    projlen=81: 265980 braids
    projlen=82: 276630 braids
    projlen=83: 269909 braids
    projlen=84: 268583 braids
    projlen=85: 255473 braids
    projlen=86: 97374 braids
  Braids kept: 1091956 (in 28 buckets, 1.91 GB CPU)
  ⚡ Timing: matmul=0.14s, sampling=6.42s, total=10.05s
============================================================
Level 98 - SAMPLING
============================================================
  Starting braids: 991956
  Candidates to generate: 5473900
  Processing in 55 chunks...
  Projlen distribution:
    projlen=58: 1 braids
    projlen=59: 1 braids
    projlen=60: 13 braids
    projlen=61: 41 braids
    projlen=62: 224 braids
    projlen=63: 1431 braids
    projlen=64: 3055 braids
    projlen=65: 19056 braids
    projlen=66: 30783 braids
    projlen=67: 158602 braids
    projlen=68: 220537 braids
    projlen=69: 319266 braids
    projlen=70: 258560 braids
    projlen=71: 295697 braids
    projlen=72: 262403 braids
    projlen=73: 284641 braids
    projlen=74: 269638 braids
    projlen=75: 274587 braids
    projlen=76: 271484 braids
    projlen=77: 273842 braids
    projlen=78: 269710 braids
    projlen=79: 273051 braids
    projlen=80: 273434 braids
    projlen=81: 270237 braids
    projlen=82: 277277 braids
    projlen=83: 268748 braids
    projlen=84: 274718 braids
    projlen=85: 267698 braids
    projlen=86: 255897 braids
    projlen=87: 99268 braids
  Braids kept: 1104605 (in 30 buckets, 1.96 GB CPU)
  ⚡ Timing: matmul=0.17s, sampling=6.66s, total=10.47s
============================================================
Level 99 - SAMPLING
============================================================
  Starting braids: 954605
  Candidates to generate: 5253415
  Processing in 53 chunks...
  Projlen distribution:
    projlen=58: 3 braids
    projlen=59: 4 braids
    projlen=60: 9 braids
    projlen=61: 16 braids
    projlen=62: 112 braids
    projlen=63: 526 braids
    projlen=64: 1607 braids
    projlen=65: 9563 braids
    projlen=66: 17413 braids
    projlen=67: 94740 braids
    projlen=68: 135055 braids
    projlen=69: 277076 braids
    projlen=70: 258292 braids
    projlen=71: 303148 braids
    projlen=72: 251132 braids
    projlen=73: 292676 braids
    projlen=74: 260465 braids
    projlen=75: 282078 braids
    projlen=76: 267787 braids
    projlen=77: 274654 braids
    projlen=78: 271549 braids
    projlen=79: 273069 braids
    projlen=80: 271095 braids
    projlen=81: 273125 braids
    projlen=82: 272444 braids
    projlen=83: 271202 braids
    projlen=84: 274335 braids
    projlen=85: 266329 braids
    projlen=86: 256487 braids
    projlen=87: 97424 braids
  Braids kept: 1079253 (in 30 buckets, 1.92 GB CPU)
  ⚡ Timing: matmul=0.16s, sampling=6.51s, total=10.15s
============================================================
Level 100 - SAMPLING
============================================================
  Starting braids: 979253
  Candidates to generate: 5393963
  Processing in 54 chunks...
  Projlen distribution:
    projlen=59: 1 braids
    projlen=60: 28 braids
    projlen=61: 20 braids
    projlen=62: 82 braids
    projlen=63: 189 braids
    projlen=64: 877 braids
    projlen=65: 4016 braids
    projlen=66: 9729 braids
    projlen=67: 50370 braids
    projlen=68: 78827 braids
    projlen=69: 248688 braids
    projlen=70: 255657 braids
    projlen=71: 311636 braids
    projlen=72: 251515 braids
    projlen=73: 297716 braids
    projlen=74: 254172 braids
    projlen=75: 289054 braids
    projlen=76: 260446 braids
    projlen=77: 280285 braids
    projlen=78: 268331 braids
    projlen=79: 275375 braids
    projlen=80: 271885 braids
    projlen=81: 273996 braids
    projlen=82: 271631 braids
    projlen=83: 273552 braids
    projlen=84: 272085 braids
    projlen=85: 270554 braids
    projlen=86: 269958 braids
    projlen=87: 253772 braids
    projlen=88: 99516 braids
  Braids kept: 1114942 (in 30 buckets, 2.00 GB CPU)
  ⚡ Timing: matmul=0.19s, sampling=6.55s, total=10.28s
============================================================
Level 101 - SAMPLING
============================================================
  Starting braids: 964942
  Candidates to generate: 5323060
  Processing in 54 chunks...
  Projlen distribution:
    projlen=60: 5 braids
    projlen=61: 19 braids
    projlen=62: 142 braids
    projlen=63: 171 braids
    projlen=64: 584 braids
    projlen=65: 1693 braids
    projlen=66: 5590 braids
    projlen=67: 23960 braids
    projlen=68: 49064 braids
    projlen=69: 230416 braids
    projlen=70: 257991 braids
    projlen=71: 317254 braids
    projlen=72: 250633 braids
    projlen=73: 302882 braids
    projlen=74: 251210 braids
    projlen=75: 294238 braids
    projlen=76: 256643 braids
    projlen=77: 284890 braids
    projlen=78: 262139 braids
    projlen=79: 279508 braids
    projlen=80: 268924 braids
    projlen=81: 275338 braids
    projlen=82: 271215 braids
    projlen=83: 272762 braids
    projlen=84: 271640 braids
    projlen=85: 271457 braids
    projlen=86: 269317 braids
    projlen=87: 254949 braids
    projlen=88: 98426 braids
  Braids kept: 1081228 (in 29 buckets, 1.95 GB CPU)
  ⚡ Timing: matmul=0.19s, sampling=6.44s, total=10.16s
============================================================
Level 102 - SAMPLING
============================================================
  Starting braids: 981228
  Candidates to generate: 5406910
  Processing in 55 chunks...
  Projlen distribution:
    projlen=60: 5 braids
    projlen=61: 12 braids
    projlen=62: 49 braids
    projlen=63: 145 braids
    projlen=64: 736 braids
    projlen=65: 1227 braids
    projlen=66: 3886 braids
    projlen=67: 11609 braids
    projlen=68: 30427 braids
    projlen=69: 120098 braids
    projlen=70: 212331 braids
    projlen=71: 316503 braids
    projlen=72: 253245 braids
    projlen=73: 304471 braids
    projlen=74: 246673 braids
    projlen=75: 299055 braids
    projlen=76: 253460 braids
    projlen=77: 289658 braids
    projlen=78: 259723 braids
    projlen=79: 282894 braids
    projlen=80: 263131 braids
    projlen=81: 277768 braids
    projlen=82: 269055 braids
    projlen=83: 274571 braids
    projlen=84: 270760 braids
    projlen=85: 272242 braids
    projlen=86: 270416 braids
    projlen=87: 268942 braids
    projlen=88: 255057 braids
    projlen=89: 98761 braids
  Braids kept: 1098096 (in 30 buckets, 2.00 GB CPU)
  ⚡ Timing: matmul=0.20s, sampling=6.75s, total=10.58s
============================================================
Level 103 - SAMPLING
============================================================
  Starting braids: 998096
  Candidates to generate: 5503106
  Processing in 56 chunks...
  Projlen distribution:
    projlen=60: 4 braids
    projlen=61: 2 braids
    projlen=62: 33 braids
    projlen=63: 111 braids
    projlen=64: 325 braids
    projlen=65: 979 braids
    projlen=66: 3975 braids
    projlen=67: 8007 braids
    projlen=68: 22001 braids
    projlen=69: 62484 braids
    projlen=70: 135351 braids
    projlen=71: 265957 braids
    projlen=72: 273623 braids
    projlen=73: 300983 braids
    projlen=74: 248329 braids
    projlen=75: 300490 braids
    projlen=76: 249302 braids
    projlen=77: 292901 braids
    projlen=78: 255465 braids
    projlen=79: 286247 braids
    projlen=80: 261580 braids
    projlen=81: 281649 braids
    projlen=82: 265643 braids
    projlen=83: 277775 braids
    projlen=84: 269755 braids
    projlen=85: 274377 braids
    projlen=86: 271330 braids
    projlen=87: 271649 braids
    projlen=88: 268819 braids
    projlen=89: 255319 braids
    projlen=90: 98641 braids
  Braids kept: 1135437 (in 31 buckets, 2.09 GB CPU)
  ⚡ Timing: matmul=0.15s, sampling=7.01s, total=10.89s
============================================================
Level 104 - SAMPLING
============================================================
  Starting braids: 985437
  Candidates to generate: 5436739
  Processing in 55 chunks...
  Projlen distribution:
    projlen=59: 1 braids
    projlen=60: 1 braids
    projlen=61: 4 braids
    projlen=62: 21 braids
    projlen=63: 19 braids
    projlen=64: 195 braids
    projlen=65: 746 braids
    projlen=66: 2020 braids
    projlen=67: 5931 braids
    projlen=68: 20998 braids
    projlen=69: 43693 braids
    projlen=70: 106513 braids
    projlen=71: 238381 braids
    projlen=72: 283254 braids
    projlen=73: 299441 braids
    projlen=74: 264120 braids
    projlen=75: 292702 braids
    projlen=76: 253322 braids
    projlen=77: 294319 braids
    projlen=78: 252121 braids
    projlen=79: 288010 braids
    projlen=80: 257647 braids
    projlen=81: 283239 braids
    projlen=82: 262918 braids
    projlen=83: 279164 braids
    projlen=84: 267025 braids
    projlen=85: 276355 braids
    projlen=86: 270354 braids
    projlen=87: 272761 braids
    projlen=88: 268194 braids
    projlen=89: 255055 braids
    projlen=90: 98215 braids
  Braids kept: 1123629 (in 32 buckets, 2.07 GB CPU)
  ⚡ Timing: matmul=0.36s, sampling=6.82s, total=10.84s
============================================================
Level 105 - SAMPLING
============================================================
  Starting braids: 973629
  Candidates to generate: 5373149
  Processing in 54 chunks...
  Projlen distribution:
    projlen=58: 1 braids
    projlen=60: 5 braids
    projlen=61: 2 braids
    projlen=62: 16 braids
    projlen=63: 18 braids
    projlen=64: 118 braids
    projlen=65: 164 braids
    projlen=66: 1153 braids
    projlen=67: 4383 braids
    projlen=68: 11434 braids
    projlen=69: 32641 braids
    projlen=70: 102050 braids
    projlen=71: 200497 braids
    projlen=72: 277491 braids
    projlen=73: 295781 braids
    projlen=74: 272622 braids
    projlen=75: 288549 braids
    projlen=76: 262639 braids
    projlen=77: 288530 braids
    projlen=78: 255664 braids
    projlen=79: 287882 braids
    projlen=80: 255625 braids
    projlen=81: 285642 braids
    projlen=82: 259620 braids
    projlen=83: 281659 braids
    projlen=84: 265265 braids
    projlen=85: 278543 braids
    projlen=86: 268261 braids
    projlen=87: 274856 braids
    projlen=88: 267267 braids
    projlen=89: 256565 braids
    projlen=90: 98206 braids
  Braids kept: 1099935 (in 32 buckets, 2.04 GB CPU)
  ⚡ Timing: matmul=0.16s, sampling=6.77s, total=10.56s
============================================================
Level 106 - SAMPLING
============================================================
  Starting braids: 999935
  Candidates to generate: 5509837
  Processing in 56 chunks...
  Projlen distribution:
    projlen=58: 4 braids
    projlen=59: 3 braids
    projlen=60: 6 braids
    projlen=61: 5 braids
    projlen=62: 24 braids
    projlen=63: 15 braids
    projlen=64: 109 braids
    projlen=65: 115 braids
    projlen=66: 690 braids
    projlen=67: 1227 braids
    projlen=68: 6638 braids
    projlen=69: 23655 braids
    projlen=70: 57470 braids
    projlen=71: 149108 braids
    projlen=72: 258352 braids
    projlen=73: 283859 braids
    projlen=74: 283484 braids
    projlen=75: 280982 braids
    projlen=76: 267370 braids
    projlen=77: 284833 braids
    projlen=78: 262949 braids
    projlen=79: 284040 braids
    projlen=80: 258551 braids
    projlen=81: 284644 braids
    projlen=82: 258392 braids
    projlen=83: 283068 braids
    projlen=84: 261607 braids
    projlen=85: 280061 braids
    projlen=86: 266834 braids
    projlen=87: 277828 braids
    projlen=88: 268689 braids
    projlen=89: 272295 braids
    projlen=90: 253675 braids
    projlen=91: 99255 braids
  Braids kept: 1132491 (in 34 buckets, 2.12 GB CPU)
  ⚡ Timing: matmul=0.15s, sampling=7.11s, total=11.02s
============================================================
Level 107 - SAMPLING
============================================================
  Starting braids: 982491
  Candidates to generate: 5413583
  Processing in 55 chunks...
  Projlen distribution:
    projlen=58: 5 braids
    projlen=59: 4 braids
    projlen=60: 23 braids
    projlen=61: 18 braids
    projlen=62: 42 braids
    projlen=63: 33 braids
    projlen=64: 124 braids
    projlen=65: 104 braids
    projlen=66: 649 braids
    projlen=67: 839 braids
    projlen=68: 4065 braids
    projlen=69: 7956 braids
    projlen=70: 34558 braids
    projlen=71: 111763 braids
    projlen=72: 228363 braids
    projlen=73: 292649 braids
    projlen=74: 287397 braids
    projlen=75: 274739 braids
    projlen=76: 278585 braids
    projlen=77: 277362 braids
    projlen=78: 268499 braids
    projlen=79: 281036 braids
    projlen=80: 263613 braids
    projlen=81: 280652 braids
    projlen=82: 262106 braids
    projlen=83: 282046 braids
    projlen=84: 261266 braids
    projlen=85: 280699 braids
    projlen=86: 264620 braids
    projlen=87: 279240 braids
    projlen=88: 266542 braids
    projlen=89: 272851 braids
    projlen=90: 251801 braids
    projlen=91: 99334 braids
  Braids kept: 1098420 (in 34 buckets, 2.07 GB CPU)
  ⚡ Timing: matmul=0.15s, sampling=6.92s, total=10.80s
============================================================
Level 108 - SAMPLING
============================================================
  Starting braids: 998420
  Candidates to generate: 5494884
  Processing in 55 chunks...
  Projlen distribution:
    projlen=58: 2 braids
    projlen=59: 2 braids
    projlen=60: 33 braids
    projlen=61: 21 braids
    projlen=62: 127 braids
    projlen=63: 78 braids
    projlen=64: 293 braids
    projlen=65: 198 braids
    projlen=66: 690 braids
    projlen=67: 718 braids
    projlen=68: 3669 braids
    projlen=69: 5450 braids
    projlen=70: 22150 braids
    projlen=71: 41608 braids
    projlen=72: 153115 braids
    projlen=73: 260478 braids
    projlen=74: 286391 braids
    projlen=75: 282040 braids
    projlen=76: 275655 braids
    projlen=77: 273268 braids
    projlen=78: 275684 braids
    projlen=79: 273807 braids
    projlen=80: 268666 braids
    projlen=81: 278440 braids
    projlen=82: 265589 braids
    projlen=83: 278729 braids
    projlen=84: 264452 braids
    projlen=85: 278636 braids
    projlen=86: 263491 braids
    projlen=87: 279055 braids
    projlen=88: 265753 braids
    projlen=89: 276125 braids
    projlen=90: 265375 braids
    projlen=91: 257270 braids
    projlen=92: 97826 braids
  Braids kept: 1125039 (in 35 buckets, 2.14 GB CPU)
  ⚡ Timing: matmul=0.17s, sampling=7.03s, total=10.94s
============================================================
Level 109 - SAMPLING
============================================================
  Starting braids: 975039
  Candidates to generate: 5376159
  Processing in 54 chunks...
  Projlen distribution:
    projlen=59: 1 braids
    projlen=60: 9 braids
    projlen=61: 10 braids
    projlen=62: 182 braids
    projlen=63: 119 braids
    projlen=64: 640 braids
    projlen=65: 385 braids
    projlen=66: 1684 braids
    projlen=67: 1184 braids
    projlen=68: 3817 braids
    projlen=69: 4446 braids
    projlen=70: 19778 braids
    projlen=71: 30001 braids
    projlen=72: 108102 braids
    projlen=73: 186878 braids
    projlen=74: 286007 braids
    projlen=75: 282770 braids
    projlen=76: 275481 braids
    projlen=77: 278172 braids
    projlen=78: 275537 braids
    projlen=79: 271971 braids
    projlen=80: 274124 braids
    projlen=81: 272849 braids
    projlen=82: 270006 braids
    projlen=83: 277054 braids
    projlen=84: 267347 braids
    projlen=85: 278013 braids
    projlen=86: 266915 braids
    projlen=87: 276804 braids
    projlen=88: 266385 braids
    projlen=89: 277545 braids
    projlen=90: 265589 braids
    projlen=91: 258862 braids
    projlen=92: 97492 braids
  Braids kept: 1112256 (in 34 buckets, 2.12 GB CPU)
  ⚡ Timing: matmul=0.19s, sampling=6.96s, total=10.91s
============================================================
Level 110 - SAMPLING
============================================================
  Starting braids: 962256
  Candidates to generate: 5302944
  Processing in 54 chunks...
  Projlen distribution:
    projlen=60: 3 braids
    projlen=61: 7 braids
    projlen=62: 42 braids
    projlen=63: 40 braids
    projlen=64: 918 braids
    projlen=65: 618 braids
    projlen=66: 3249 braids
    projlen=67: 1954 braids
    projlen=68: 9003 braids
    projlen=69: 6650 braids
    projlen=70: 20992 braids
    projlen=71: 24833 braids
    projlen=72: 97021 braids
    projlen=73: 136116 braids
    projlen=74: 264049 braids
    projlen=75: 273549 braids
    projlen=76: 293896 braids
    projlen=77: 271174 braids
    projlen=78: 276292 braids
    projlen=79: 276432 braids
    projlen=80: 272818 braids
    projlen=81: 272244 braids
    projlen=82: 273573 braids
    projlen=83: 271548 braids
    projlen=84: 270387 braids
    projlen=85: 275874 braids
    projlen=86: 268886 braids
    projlen=87: 276218 braids
    projlen=88: 268666 braids
    projlen=89: 276098 braids
    projlen=90: 264374 braids
    projlen=91: 257985 braids
    projlen=92: 97435 braids
  Braids kept: 1118309 (in 33 buckets, 2.13 GB CPU)
  ⚡ Timing: matmul=0.14s, sampling=6.93s, total=10.75s
============================================================
Level 111 - SAMPLING
============================================================
  Starting braids: 968309
  Candidates to generate: 5326741
  Processing in 54 chunks...
  Projlen distribution:
    projlen=62: 36 braids
    projlen=63: 36 braids
    projlen=64: 213 braids
    projlen=65: 174 braids
    projlen=66: 4499 braids
    projlen=67: 3052 braids
    projlen=68: 16445 braids
    projlen=69: 10097 braids
    projlen=70: 46613 braids
    projlen=71: 35044 braids
    projlen=72: 107148 braids
    projlen=73: 115962 braids
    projlen=74: 257529 braids
    projlen=75: 257650 braids
    projlen=76: 304087 braids
    projlen=77: 263553 braids
    projlen=78: 285859 braids
    projlen=79: 268664 braids
    projlen=80: 276283 braids
    projlen=81: 273588 braids
    projlen=82: 271399 braids
    projlen=83: 272450 braids
    projlen=84: 273253 braids
    projlen=85: 272148 braids
    projlen=86: 271334 braids
    projlen=87: 274688 braids
    projlen=88: 269244 braids
    projlen=89: 274683 braids
    projlen=90: 266436 braids
    projlen=91: 256930 braids
    projlen=92: 97644 braids
  Braids kept: 1166209 (in 31 buckets, 2.22 GB CPU)
  ⚡ Timing: matmul=0.14s, sampling=6.81s, total=10.60s
============================================================
Level 112 - SAMPLING
============================================================
  Starting braids: 966209
  Candidates to generate: 5302851
  Processing in 54 chunks...
  Projlen distribution:
    projlen=62: 6 braids
    projlen=63: 8 braids
    projlen=64: 235 braids
    projlen=65: 201 braids
    projlen=66: 1134 braids
    projlen=67: 878 braids
    projlen=68: 21690 braids
    projlen=69: 14899 braids
    projlen=70: 82791 braids
    projlen=71: 51374 braids
    projlen=72: 229678 braids
    projlen=73: 164705 braids
    projlen=74: 291091 braids
    projlen=75: 241418 braids
    projlen=76: 312071 braids
    projlen=77: 253115 braids
    projlen=78: 296798 braids
    projlen=79: 261281 braids
    projlen=80: 283982 braids
    projlen=81: 266832 braids
    projlen=82: 275194 braids
    projlen=83: 271367 braids
    projlen=84: 270956 braids
    projlen=85: 272129 braids
    projlen=86: 272517 braids
    projlen=87: 272636 braids
    projlen=88: 271510 braids
    projlen=89: 270971 braids
    projlen=90: 252469 braids
    projlen=91: 98915 braids
  Braids kept: 1139051 (in 30 buckets, 2.16 GB CPU)
  ⚡ Timing: matmul=0.17s, sampling=6.78s, total=10.58s
============================================================
Level 113 - SAMPLING
============================================================
  Starting braids: 989051
  Candidates to generate: 5387003
  Processing in 54 chunks...
  Projlen distribution:
    projlen=64: 53 braids
    projlen=65: 71 braids
    projlen=66: 1334 braids
    projlen=67: 1056 braids
    projlen=68: 6226 braids
    projlen=69: 4533 braids
    projlen=70: 102916 braids
    projlen=71: 69249 braids
    projlen=72: 272023 braids
    projlen=73: 177050 braids
    projlen=74: 346725 braids
    projlen=75: 202367 braids
    projlen=76: 326650 braids
    projlen=77: 237845 braids
    projlen=78: 303389 braids
    projlen=79: 249566 braids
    projlen=80: 292994 braids
    projlen=81: 258905 braids
    projlen=82: 281946 braids
    projlen=83: 266967 braids
    projlen=84: 275790 braids
    projlen=85: 271039 braids
    projlen=86: 271594 braids
    projlen=87: 272094 braids
    projlen=88: 271311 braids
    projlen=89: 269720 braids
    projlen=90: 255181 braids
    projlen=91: 98409 braids
  Braids kept: 1113273 (in 28 buckets, 2.12 GB CPU)
  ⚡ Timing: matmul=0.16s, sampling=6.77s, total=10.58s
============================================================
Level 114 - SAMPLING
============================================================
  Starting braids: 963273
  Candidates to generate: 5217447
  Processing in 53 chunks...
  Projlen distribution:
    projlen=65: 11 braids
    projlen=66: 365 braids
    projlen=67: 445 braids
    projlen=68: 7143 braids
    projlen=69: 5337 braids
    projlen=70: 32223 braids
    projlen=71: 21325 braids
    projlen=72: 252016 braids
    projlen=73: 176953 braids
    projlen=74: 354676 braids
    projlen=75: 180132 braids
    projlen=76: 342405 braids
    projlen=77: 197546 braids
    projlen=78: 322840 braids
    projlen=79: 235446 braids
    projlen=80: 299680 braids
    projlen=81: 252069 braids
    projlen=82: 289044 braids
    projlen=83: 260081 braids
    projlen=84: 281024 braids
    projlen=85: 266630 braids
    projlen=86: 275221 braids
    projlen=87: 270491 braids
    projlen=88: 272124 braids
    projlen=89: 268723 braids
    projlen=90: 255172 braids
    projlen=91: 98325 braids
  Braids kept: 1066849 (in 27 buckets, 2.04 GB CPU)
  ⚡ Timing: matmul=0.14s, sampling=6.46s, total=10.13s
============================================================
Level 115 - SAMPLING
============================================================
  Starting braids: 966849
  Candidates to generate: 5227429
  Processing in 53 chunks...
  Projlen distribution:
    projlen=65: 6 braids
    projlen=66: 39 braids
    projlen=67: 89 braids
    projlen=68: 2339 braids
    projlen=69: 2455 braids
    projlen=70: 35849 braids
    projlen=71: 25756 braids
    projlen=72: 159225 braids
    projlen=73: 97815 braids
    projlen=74: 291337 braids
    projlen=75: 178085 braids
    projlen=76: 351030 braids
    projlen=77: 175230 braids
    projlen=78: 337619 braids
    projlen=79: 200157 braids
    projlen=80: 317765 braids
    projlen=81: 236067 braids
    projlen=82: 296831 braids
    projlen=83: 254411 braids
    projlen=84: 286243 braids
    projlen=85: 262258 braids
    projlen=86: 280462 braids
    projlen=87: 267586 braids
    projlen=88: 275040 braids
    projlen=89: 269410 braids
    projlen=90: 270418 braids
    projlen=91: 255066 braids
    projlen=92: 98841 braids
  Braids kept: 1116533 (in 28 buckets, 2.15 GB CPU)
  ⚡ Timing: matmul=0.14s, sampling=6.71s, total=10.46s
============================================================
Level 116 - SAMPLING
============================================================
  Starting braids: 966533
  Candidates to generate: 5206041
  Processing in 53 chunks...
  Projlen distribution:
    projlen=65: 2 braids
    projlen=66: 33 braids
    projlen=67: 51 braids
    projlen=68: 542 braids
    projlen=69: 695 braids
    projlen=70: 13279 braids
    projlen=71: 12407 braids
    projlen=72: 167699 braids
    projlen=73: 115115 braids
    projlen=74: 301096 braids
    projlen=75: 179264 braids
    projlen=76: 358482 braids
    projlen=77: 174572 braids
    projlen=78: 347613 braids
    projlen=79: 177320 braids
    projlen=80: 332797 braids
    projlen=81: 205586 braids
    projlen=82: 314159 braids
    projlen=83: 238267 braids
    projlen=84: 293386 braids
    projlen=85: 257051 braids
    projlen=86: 283847 braids
    projlen=87: 263791 braids
    projlen=88: 278469 braids
    projlen=89: 266881 braids
    projlen=90: 272348 braids
    projlen=91: 252808 braids
    projlen=92: 98481 braids
  Braids kept: 1077009 (in 28 buckets, 2.09 GB CPU)
  ⚡ Timing: matmul=0.14s, sampling=6.73s, total=10.48s
============================================================
Level 117 - SAMPLING
============================================================
  Starting braids: 977009
  Candidates to generate: 5242611
  Processing in 53 chunks...
  Projlen distribution:
    projlen=66: 16 braids
    projlen=67: 44 braids
    projlen=68: 353 braids
    projlen=69: 455 braids
    projlen=70: 4168 braids
    projlen=71: 4159 braids
    projlen=72: 64252 braids
    projlen=73: 52632 braids
    projlen=74: 265294 braids
    projlen=75: 184496 braids
    projlen=76: 355607 braids
    projlen=77: 176614 braids
    projlen=78: 352423 braids
    projlen=79: 168961 braids
    projlen=80: 342905 braids
    projlen=81: 182410 braids
    projlen=82: 328597 braids
    projlen=83: 212486 braids
    projlen=84: 309615 braids
    projlen=85: 240856 braids
    projlen=86: 291995 braids
    projlen=87: 258849 braids
    projlen=88: 281737 braids
    projlen=89: 265238 braids
    projlen=90: 277282 braids
    projlen=91: 265718 braids
    projlen=92: 257466 braids
    projlen=93: 97983 braids
  Braids kept: 1109195 (in 28 buckets, 2.17 GB CPU)
  ⚡ Timing: matmul=0.15s, sampling=6.85s, total=10.62s
============================================================
Level 118 - SAMPLING
============================================================
  Starting braids: 959195
  Candidates to generate: 5140307
  Processing in 52 chunks...
  Projlen distribution:
    projlen=66: 2 braids
    projlen=67: 7 braids
    projlen=68: 147 braids
    projlen=69: 316 braids
    projlen=70: 2698 braids
    projlen=71: 2834 braids
    projlen=72: 24486 braids
    projlen=73: 20139 braids
    projlen=74: 243410 braids
    projlen=75: 197536 braids
    projlen=76: 351142 braids
    projlen=77: 185438 braids
    projlen=78: 349902 braids
    projlen=79: 173773 braids
    projlen=80: 346551 braids
    projlen=81: 170685 braids
    projlen=82: 338263 braids
    projlen=83: 188533 braids
    projlen=84: 324236 braids
    projlen=85: 218896 braids
    projlen=86: 306187 braids
    projlen=87: 244795 braids
    projlen=88: 289744 braids
    projlen=89: 260068 braids
    projlen=90: 279794 braids
    projlen=91: 263594 braids
    projlen=92: 259476 braids
    projlen=93: 97655 braids
  Braids kept: 1050629 (in 28 buckets, 2.07 GB CPU)
  ⚡ Timing: matmul=0.14s, sampling=6.58s, total=10.28s
============================================================
Level 119 - SAMPLING
============================================================
  Starting braids: 950629
  Candidates to generate: 5090649
  Processing in 51 chunks...
  Projlen distribution:
    projlen=67: 3 braids
    projlen=68: 30 braids
    projlen=69: 77 braids
    projlen=70: 1238 braids
    projlen=71: 1953 braids
    projlen=72: 16507 braids
    projlen=73: 14893 braids
    projlen=74: 123993 braids
    projlen=75: 86747 braids
    projlen=76: 280273 braids
    projlen=77: 200967 braids
    projlen=78: 343704 braids
    projlen=79: 182234 braids
    projlen=80: 343682 braids
    projlen=81: 176935 braids
    projlen=82: 341110 braids
    projlen=83: 175222 braids
    projlen=84: 333064 braids
    projlen=85: 195882 braids
    projlen=86: 319301 braids
    projlen=87: 224996 braids
    projlen=88: 301977 braids
    projlen=89: 247860 braids
    projlen=90: 288453 braids
    projlen=91: 261240 braids
    projlen=92: 277128 braids
    projlen=93: 251298 braids
    projlen=94: 99882 braids
  Braids kept: 1084701 (in 28 buckets, 2.15 GB CPU)
  ⚡ Timing: matmul=0.18s, sampling=6.67s, total=10.37s
============================================================
Level 120 - SAMPLING
============================================================
  Starting braids: 984701
  Candidates to generate: 5276969
  Processing in 53 chunks...
  Projlen distribution:
    projlen=67: 1 braids
    projlen=68: 18 braids
    projlen=69: 44 braids
    projlen=70: 401 braids
    projlen=71: 624 braids
    projlen=72: 8093 braids
    projlen=73: 10315 braids
    projlen=74: 85157 braids
    projlen=75: 66213 braids
    projlen=76: 275286 braids
    projlen=77: 187911 braids
    projlen=78: 350397 braids
    projlen=79: 198821 braids
    projlen=80: 336772 braids
    projlen=81: 187423 braids
    projlen=82: 335646 braids
    projlen=83: 183316 braids
    projlen=84: 335174 braids
    projlen=85: 182836 braids
    projlen=86: 328796 braids
    projlen=87: 204012 braids
    projlen=88: 314415 braids
    projlen=89: 230829 braids
    projlen=90: 298230 braids
    projlen=91: 251538 braids
    projlen=92: 285067 braids
    projlen=93: 260934 braids
    projlen=94: 261246 braids
    projlen=95: 97454 braids
  Braids kept: 1119496 (in 29 buckets, 2.24 GB CPU)
  ⚡ Timing: matmul=0.16s, sampling=6.99s, total=10.83s
============================================================
Level 121 - SAMPLING
============================================================
  Starting braids: 969496
  Candidates to generate: 5196258
  Processing in 52 chunks...
  Projlen distribution:
    projlen=68: 7 braids
    projlen=69: 18 braids
    projlen=70: 218 braids
    projlen=71: 346 braids
    projlen=72: 3200 braids
    projlen=73: 3843 braids
    projlen=74: 43287 braids
    projlen=75: 46895 braids
    projlen=76: 260045 braids
    projlen=77: 197545 braids
    projlen=78: 353865 braids
    projlen=79: 187360 braids
    projlen=80: 344650 braids
    projlen=81: 194864 braids
    projlen=82: 331737 braids
    projlen=83: 197077 braids
    projlen=84: 327830 braids
    projlen=85: 192873 braids
    projlen=86: 328736 braids
    projlen=87: 192376 braids
    projlen=88: 324012 braids
    projlen=89: 212023 braids
    projlen=90: 310231 braids
    projlen=91: 237029 braids
    projlen=92: 293755 braids
    projlen=93: 251915 braids
    projlen=94: 265261 braids
    projlen=95: 95260 braids
  Braids kept: 1097814 (in 28 buckets, 2.21 GB CPU)
  ⚡ Timing: matmul=0.17s, sampling=6.80s, total=10.62s
============================================================
Level 122 - SAMPLING
============================================================
  Starting braids: 997814
  Candidates to generate: 5357052
  Processing in 54 chunks...
  Projlen distribution:
    projlen=68: 3 braids
    projlen=69: 9 braids
    projlen=70: 91 braids
    projlen=71: 155 braids
    projlen=72: 1699 braids
    projlen=73: 2222 braids
    projlen=74: 19322 braids
    projlen=75: 19956 braids
    projlen=76: 210038 braids
    projlen=77: 200923 braids
    projlen=78: 338457 braids
    projlen=79: 199588 braids
    projlen=80: 345549 braids
    projlen=81: 182363 braids
    projlen=82: 338939 braids
    projlen=83: 198276 braids
    projlen=84: 325284 braids
    projlen=85: 206814 braids
    projlen=86: 322011 braids
    projlen=87: 203935 braids
    projlen=88: 322138 braids
    projlen=89: 202073 braids
    projlen=90: 318219 braids
    projlen=91: 219595 braids
    projlen=92: 305738 braids
    projlen=93: 241354 braids
    projlen=94: 288197 braids
    projlen=95: 241793 braids
    projlen=96: 102311 braids
  Braids kept: 1093457 (in 29 buckets, 2.22 GB CPU)
  ⚡ Timing: matmul=0.26s, sampling=7.10s, total=11.19s
============================================================
Level 123 - SAMPLING
============================================================
  Starting braids: 993457
  Candidates to generate: 5342793
  Processing in 54 chunks...
  Projlen distribution:
    projlen=69: 3 braids
    projlen=70: 43 braids
    projlen=71: 73 braids
    projlen=72: 828 braids
    projlen=73: 1070 braids
    projlen=74: 10729 braids
    projlen=75: 11690 braids
    projlen=76: 97352 braids
    projlen=77: 84570 braids
    projlen=78: 273777 braids
    projlen=79: 222844 braids
    projlen=80: 333745 braids
    projlen=81: 197787 braids
    projlen=82: 338258 braids
    projlen=83: 186691 braids
    projlen=84: 331898 braids
    projlen=85: 204967 braids
    projlen=86: 320155 braids
    projlen=87: 215955 braids
    projlen=88: 315064 braids
    projlen=89: 215452 braids
    projlen=90: 315165 braids
    projlen=91: 213085 braids
    projlen=92: 313000 braids
    projlen=93: 228408 braids
    projlen=94: 300810 braids
    projlen=95: 243789 braids
    projlen=96: 270752 braids
    projlen=97: 94833 braids
  Braids kept: 1124436 (in 29 buckets, 2.30 GB CPU)
  ⚡ Timing: matmul=0.15s, sampling=7.27s, total=11.26s
============================================================
Level 124 - SAMPLING
============================================================
  Starting braids: 974436
  Candidates to generate: 5253432
  Processing in 53 chunks...
  Projlen distribution:
    projlen=69: 5 braids
    projlen=70: 13 braids
    projlen=71: 35 braids
    projlen=72: 420 braids
    projlen=73: 532 braids
    projlen=74: 5670 braids
    projlen=75: 6068 braids
    projlen=76: 55969 braids
    projlen=77: 51639 braids
    projlen=78: 258231 braids
    projlen=79: 210095 braids
    projlen=80: 340706 braids
    projlen=81: 219016 braids
    projlen=82: 326694 braids
    projlen=83: 204405 braids
    projlen=84: 327942 braids
    projlen=85: 194316 braids
    projlen=86: 325263 braids
    projlen=87: 211783 braids
    projlen=88: 314353 braids
    projlen=89: 224600 braids
    projlen=90: 308831 braids
    projlen=91: 225622 braids
    projlen=92: 309115 braids
    projlen=93: 224243 braids
    projlen=94: 306010 braids
    projlen=95: 232672 braids
    projlen=96: 277261 braids
    projlen=97: 91923 braids
  Braids kept: 1112743 (in 29 buckets, 2.29 GB CPU)
  ⚡ Timing: matmul=0.27s, sampling=7.12s, total=11.13s
============================================================
Level 125 - SAMPLING
============================================================
  Starting braids: 962743
  Candidates to generate: 5212325
  Processing in 53 chunks...
  Projlen distribution:
    projlen=68: 1 braids
    projlen=70: 22 braids
    projlen=71: 31 braids
    projlen=72: 208 braids
    projlen=73: 270 braids
    projlen=74: 3156 braids
    projlen=75: 3130 braids
    projlen=76: 31758 braids
    projlen=77: 30169 braids
    projlen=78: 247677 braids
    projlen=79: 210476 braids
    projlen=80: 343821 braids
    projlen=81: 210323 braids
    projlen=82: 332445 braids
    projlen=83: 214462 braids
    projlen=84: 320019 braids
    projlen=85: 213478 braids
    projlen=86: 320359 braids
    projlen=87: 205424 braids
    projlen=88: 318919 braids
    projlen=89: 218848 braids
    projlen=90: 310309 braids
    projlen=91: 233583 braids
    projlen=92: 303446 braids
    projlen=93: 234961 braids
    projlen=94: 302743 braids
    projlen=95: 233058 braids
    projlen=96: 278834 braids
    projlen=97: 90395 braids
  Braids kept: 1068745 (in 29 buckets, 2.21 GB CPU)
  ⚡ Timing: matmul=0.18s, sampling=6.95s, total=10.86s
============================================================
Level 126 - SAMPLING
============================================================
  Starting braids: 968745
  Candidates to generate: 5243373
  Processing in 53 chunks...
  Projlen distribution:
    projlen=68: 5 braids
    projlen=69: 3 braids
    projlen=70: 13 braids
    projlen=71: 17 braids
    projlen=72: 219 braids
    projlen=73: 237 braids
    projlen=74: 1764 braids
    projlen=75: 1776 braids
    projlen=76: 18982 braids
    projlen=77: 16253 braids
    projlen=78: 157300 braids
    projlen=79: 129998 braids
    projlen=80: 301437 braids
    projlen=81: 211868 braids
    projlen=82: 334081 braids
    projlen=83: 205786 braids
    projlen=84: 326548 braids
    projlen=85: 218658 braids
    projlen=86: 314100 braids
    projlen=87: 223381 braids
    projlen=88: 313282 braids
    projlen=89: 216828 braids
    projlen=90: 312429 braids
    projlen=91: 226142 braids
    projlen=92: 304280 braids
    projlen=93: 239829 braids
    projlen=94: 298344 braids
    projlen=95: 241331 braids
    projlen=96: 292916 braids
    projlen=97: 230779 braids
    projlen=98: 104787 braids
  Braids kept: 1089269 (in 31 buckets, 2.27 GB CPU)
  ⚡ Timing: matmul=0.14s, sampling=7.11s, total=11.03s
============================================================
Level 127 - SAMPLING
============================================================
  Starting braids: 989269
  Candidates to generate: 5363793
  Processing in 54 chunks...
  Projlen distribution:
    projlen=67: 1 braids
    projlen=68: 5 braids
    projlen=69: 6 braids
    projlen=70: 28 braids
    projlen=71: 24 braids
    projlen=72: 124 braids
    projlen=73: 139 braids
    projlen=74: 1568 braids
    projlen=75: 1426 braids
    projlen=76: 11624 braids
    projlen=77: 9680 braids
    projlen=78: 96665 braids
    projlen=79: 70850 braids
    projlen=80: 272376 braids
    projlen=81: 206912 braids
    projlen=82: 340691 braids
    projlen=83: 208638 braids
    projlen=84: 327710 braids
    projlen=85: 210490 braids
    projlen=86: 316858 braids
    projlen=87: 223696 braids
    projlen=88: 307651 braids
    projlen=89: 232226 braids
    projlen=90: 305806 braids
    projlen=91: 228008 braids
    projlen=92: 306315 braids
    projlen=93: 233878 braids
    projlen=94: 299085 braids
    projlen=95: 246351 braids
    projlen=96: 292290 braids
    projlen=97: 246799 braids
    projlen=98: 271926 braids
    projlen=99: 93947 braids
  Braids kept: 1124625 (in 33 buckets, 2.36 GB CPU)
  ⚡ Timing: matmul=0.16s, sampling=7.41s, total=11.44s
============================================================
Level 128 - SAMPLING
============================================================
  Starting braids: 974625
  Candidates to generate: 5285411
  Processing in 53 chunks...
  Projlen distribution:
    projlen=67: 1 braids
    projlen=68: 2 braids
    projlen=69: 5 braids
    projlen=70: 34 braids
    projlen=71: 32 braids
    projlen=72: 204 braids
    projlen=73: 162 braids
    projlen=74: 913 braids
    projlen=75: 890 braids
    projlen=76: 9406 braids
    projlen=77: 7608 braids
    projlen=78: 61762 braids
    projlen=79: 44190 braids
    projlen=80: 264513 braids
    projlen=81: 190361 braids
    projlen=82: 349938 braids
    projlen=83: 204189 braids
    projlen=84: 332444 braids
    projlen=85: 208326 braids
    projlen=86: 320973 braids
    projlen=87: 218480 braids
    projlen=88: 310601 braids
    projlen=89: 230962 braids
    projlen=90: 302545 braids
    projlen=91: 240506 braids
    projlen=92: 299799 braids
    projlen=93: 237310 braids
    projlen=94: 300150 braids
    projlen=95: 240969 braids
    projlen=96: 295255 braids
    projlen=97: 248241 braids
    projlen=98: 269922 braids
    projlen=99: 94718 braids
  Braids kept: 1113447 (in 33 buckets, 2.34 GB CPU)
  ⚡ Timing: matmul=0.16s, sampling=7.22s, total=11.22s
============================================================
Level 129 - SAMPLING
============================================================
  Starting braids: 963447
  Candidates to generate: 5221897
  Processing in 53 chunks...
  Projlen distribution:
    projlen=68: 4 braids
    projlen=69: 3 braids
    projlen=70: 25 braids
    projlen=71: 24 braids
    projlen=72: 207 braids
    projlen=73: 172 braids
    projlen=74: 1241 braids
    projlen=75: 964 braids
    projlen=76: 5859 braids
    projlen=77: 5042 braids
    projlen=78: 49532 braids
    projlen=79: 36263 braids
    projlen=80: 256343 braids
    projlen=81: 174799 braids
    projlen=82: 343079 braids
    projlen=83: 189523 braids
    projlen=84: 342528 braids
    projlen=85: 199262 braids
    projlen=86: 326080 braids
    projlen=87: 214688 braids
    projlen=88: 315381 braids
    projlen=89: 227057 braids
    projlen=90: 305353 braids
    projlen=91: 237270 braids
    projlen=92: 297852 braids
    projlen=93: 246491 braids
    projlen=94: 294575 braids
    projlen=95: 247050 braids
    projlen=96: 294789 braids
    projlen=97: 244939 braids
    projlen=98: 271943 braids
    projlen=99: 93559 braids
  Braids kept: 1099336 (in 32 buckets, 2.32 GB CPU)
  ⚡ Timing: matmul=0.15s, sampling=7.16s, total=11.10s
============================================================
Level 130 - SAMPLING
============================================================
  Starting braids: 999336
  Candidates to generate: 5403136
  Processing in 55 chunks...
  Projlen distribution:
    projlen=68: 4 braids
    projlen=69: 2 braids
    projlen=70: 26 braids
    projlen=71: 20 braids
    projlen=72: 161 braids
    projlen=73: 135 braids
    projlen=74: 1155 braids
    projlen=75: 917 braids
    projlen=76: 6989 braids
    projlen=77: 5376 braids
    projlen=78: 33800 braids
    projlen=79: 25666 braids
    projlen=80: 239504 braids
    projlen=81: 158381 braids
    projlen=82: 325191 braids
    projlen=83: 183886 braids
    projlen=84: 350997 braids
    projlen=85: 183088 braids
    projlen=86: 337821 braids
    projlen=87: 203065 braids
    projlen=88: 320422 braids
    projlen=89: 221215 braids
    projlen=90: 309902 braids
    projlen=91: 235014 braids
    projlen=92: 300052 braids
    projlen=93: 243494 braids
    projlen=94: 294232 braids
    projlen=95: 251288 braids
    projlen=96: 289881 braids
    projlen=97: 253316 braids
    projlen=98: 286886 braids
    projlen=99: 238193 braids
    projlen=100: 103057 braids
  Braids kept: 1124251 (in 33 buckets, 2.39 GB CPU)
  ⚡ Timing: matmul=0.15s, sampling=7.61s, total=11.78s
============================================================
Level 131 - SAMPLING
============================================================
  Starting braids: 974251
  Candidates to generate: 5249275
  Processing in 53 chunks...
  Projlen distribution:
    projlen=68: 3 braids
    projlen=69: 3 braids
    projlen=70: 20 braids
    projlen=71: 13 braids
    projlen=72: 158 braids
    projlen=73: 128 braids
    projlen=74: 937 braids
    projlen=75: 721 braids
    projlen=76: 6332 braids
    projlen=77: 4851 braids
    projlen=78: 37570 braids
    projlen=79: 27222 braids
    projlen=80: 168881 braids
    projlen=81: 112222 braids
    projlen=82: 300880 braids
    projlen=83: 182277 braids
    projlen=84: 354307 braids
    projlen=85: 177518 braids
    projlen=86: 345718 braids
    projlen=87: 185189 braids
    projlen=88: 331232 braids
    projlen=89: 208037 braids
    projlen=90: 314846 braids
    projlen=91: 227948 braids
    projlen=92: 303083 braids
    projlen=93: 241288 braids
    projlen=94: 296016 braids
    projlen=95: 249376 braids
    projlen=96: 289529 braids
    projlen=97: 254668 braids
    projlen=98: 283286 braids
    projlen=99: 243162 braids
    projlen=100: 101854 braids
  Braids kept: 1127958 (in 33 buckets, 2.41 GB CPU)
  ⚡ Timing: matmul=0.15s, sampling=7.34s, total=11.31s
============================================================
Level 132 - SAMPLING
============================================================
  Starting braids: 977958
  Candidates to generate: 5250426
  Processing in 53 chunks...
  Projlen distribution:
    projlen=69: 1 braids
    projlen=70: 18 braids
    projlen=71: 16 braids
    projlen=72: 109 braids
    projlen=73: 74 braids
    projlen=74: 929 braids
    projlen=75: 696 braids
    projlen=76: 5299 braids
    projlen=77: 3814 braids
    projlen=78: 33869 braids
    projlen=79: 23956 braids
    projlen=80: 182171 braids
    projlen=81: 121708 braids
    projlen=82: 302613 braids
    projlen=83: 185363 braids
    projlen=84: 355095 braids
    projlen=85: 177224 braids
    projlen=86: 349458 braids
    projlen=87: 175829 braids
    projlen=88: 339233 braids
    projlen=89: 189528 braids
    projlen=90: 325917 braids
    projlen=91: 213906 braids
    projlen=92: 310669 braids
    projlen=93: 235829 braids
    projlen=94: 298475 braids
    projlen=95: 246441 braids
    projlen=96: 291501 braids
    projlen=97: 253729 braids
    projlen=98: 283278 braids
    projlen=99: 242754 braids
    projlen=100: 100924 braids
  Braids kept: 1118781 (in 32 buckets, 2.39 GB CPU)
  ⚡ Timing: matmul=0.15s, sampling=7.25s, total=11.23s
============================================================
Level 133 - SAMPLING
============================================================
  Starting braids: 968781
  Candidates to generate: 5182559
  Processing in 52 chunks...
  Projlen distribution:
    projlen=70: 3 braids
    projlen=71: 7 braids
    projlen=72: 92 braids
    projlen=73: 81 braids
    projlen=74: 604 braids
    projlen=75: 448 braids
    projlen=76: 5077 braids
    projlen=77: 3712 braids
    projlen=78: 28737 braids
    projlen=79: 19357 braids
    projlen=80: 163848 braids
    projlen=81: 106051 braids
    projlen=82: 294026 braids
    projlen=83: 184663 braids
    projlen=84: 351577 braids
    projlen=85: 181415 braids
    projlen=86: 349976 braids
    projlen=87: 173761 braids
    projlen=88: 344654 braids
    projlen=89: 179605 braids
    projlen=90: 333825 braids
    projlen=91: 195872 braids
    projlen=92: 321000 braids
    projlen=93: 222242 braids
    projlen=94: 307015 braids
    projlen=95: 240646 braids
    projlen=96: 294794 braids
    projlen=97: 251566 braids
    projlen=98: 283483 braids
    projlen=99: 242714 braids
    projlen=100: 101708 braids
  Braids kept: 1108118 (in 31 buckets, 2.38 GB CPU)
  ⚡ Timing: matmul=0.16s, sampling=7.07s, total=10.96s
============================================================
Level 134 - SAMPLING
============================================================
  Starting braids: 958118
  Candidates to generate: 5109162
  Processing in 52 chunks...
  Projlen distribution:
    projlen=71: 2 braids
    projlen=72: 33 braids
    projlen=73: 45 braids
    projlen=74: 478 braids
    projlen=75: 405 braids
    projlen=76: 3334 braids
    projlen=77: 2463 braids
    projlen=78: 26964 braids
    projlen=79: 18608 braids
    projlen=80: 141502 braids
    projlen=81: 87441 braids
    projlen=82: 286632 braids
    projlen=83: 179022 braids
    projlen=84: 354443 braids
    projlen=85: 181318 braids
    projlen=86: 346629 braids
    projlen=87: 179419 braids
    projlen=88: 342493 braids
    projlen=89: 175982 braids
    projlen=90: 339306 braids
    projlen=91: 185700 braids
    projlen=92: 329825 braids
    projlen=93: 204165 braids
    projlen=94: 316943 braids
    projlen=95: 228123 braids
    projlen=96: 302827 braids
    projlen=97: 245135 braids
    projlen=98: 287349 braids
    projlen=99: 240280 braids
    projlen=100: 102296 braids
  Braids kept: 1102332 (in 30 buckets, 2.37 GB CPU)
  ⚡ Timing: matmul=0.20s, sampling=7.03s, total=10.93s
============================================================
Level 135 - SAMPLING
============================================================
  Starting braids: 952332
  Candidates to generate: 5052794
  Processing in 51 chunks...
  Projlen distribution:
    projlen=72: 9 braids
    projlen=73: 19 braids
    projlen=74: 250 braids
    projlen=75: 254 braids
    projlen=76: 2683 braids
    projlen=77: 2074 braids
    projlen=78: 18185 braids
    projlen=79: 12699 braids
    projlen=80: 131484 braids
    projlen=81: 83635 braids
    projlen=82: 286824 braids
    projlen=83: 173883 braids
    projlen=84: 358335 braids
    projlen=85: 175713 braids
    projlen=86: 349785 braids
    projlen=87: 177296 braids
    projlen=88: 341056 braids
    projlen=89: 183220 braids
    projlen=90: 335927 braids
    projlen=91: 182126 braids
    projlen=92: 332678 braids
    projlen=93: 192448 braids
    projlen=94: 324060 braids
    projlen=95: 212179 braids
    projlen=96: 310856 braids
    projlen=97: 233083 braids
    projlen=98: 294226 braids
    projlen=99: 234535 braids
    projlen=100: 103272 braids
  Braids kept: 1086173 (in 29 buckets, 2.34 GB CPU)
  ⚡ Timing: matmul=0.14s, sampling=6.92s, total=10.71s
============================================================
Level 136 - SAMPLING
============================================================
  Starting braids: 986173
  Candidates to generate: 5232301
  Processing in 53 chunks...
  Projlen distribution:
    projlen=73: 8 braids
    projlen=74: 105 braids
    projlen=75: 141 braids
    projlen=76: 1656 braids
    projlen=77: 1405 braids
    projlen=78: 14675 braids
    projlen=79: 10460 braids
    projlen=80: 90705 braids
    projlen=81: 57480 braids
    projlen=82: 273627 braids
    projlen=83: 174022 braids
    projlen=84: 359784 braids
    projlen=85: 170195 braids
    projlen=86: 353908 braids
    projlen=87: 169277 braids
    projlen=88: 345565 braids
    projlen=89: 180267 braids
    projlen=90: 335144 braids
    projlen=91: 190335 braids
    projlen=92: 330700 braids
    projlen=93: 191131 braids
    projlen=94: 328045 braids
    projlen=95: 202146 braids
    projlen=96: 319251 braids
    projlen=97: 221078 braids
    projlen=98: 305762 braids
    projlen=99: 237442 braids
    projlen=100: 274916 braids
    projlen=101: 93071 braids
  Braids kept: 1128450 (in 29 buckets, 2.45 GB CPU)
  ⚡ Timing: matmul=0.14s, sampling=7.35s, total=11.33s
============================================================
Level 137 - SAMPLING
============================================================
  Starting braids: 978450
  Candidates to generate: 5179122
  Processing in 52 chunks...
  Projlen distribution:
    projlen=74: 46 braids
    projlen=75: 77 braids
    projlen=76: 854 braids
    projlen=77: 854 braids
    projlen=78: 9640 braids
    projlen=79: 7372 braids
    projlen=80: 73826 braids
    projlen=81: 48169 braids
    projlen=82: 268931 braids
    projlen=83: 173396 braids
    projlen=84: 360893 braids
    projlen=85: 171105 braids
    projlen=86: 356645 braids
    projlen=87: 161947 braids
    projlen=88: 349494 braids
    projlen=89: 169671 braids
    projlen=90: 341056 braids
    projlen=91: 185606 braids
    projlen=92: 330762 braids
    projlen=93: 198422 braids
    projlen=94: 325317 braids
    projlen=95: 201612 braids
    projlen=96: 321930 braids
    projlen=97: 210943 braids
    projlen=98: 313443 braids
    projlen=99: 226080 braids
    projlen=100: 280176 braids
    projlen=101: 90855 braids
  Braids kept: 1117012 (in 28 buckets, 2.43 GB CPU)
  ⚡ Timing: matmul=0.16s, sampling=7.20s, total=11.14s
============================================================
Level 138 - SAMPLING
============================================================
  Starting braids: 967012
  Candidates to generate: 5104018
  Processing in 52 chunks...
  Projlen distribution:
    projlen=73: 2 braids
    projlen=74: 13 braids
    projlen=75: 31 braids
    projlen=76: 518 braids
    projlen=77: 557 braids
    projlen=78: 5553 braids
    projlen=79: 4628 braids
    projlen=80: 50524 braids
    projlen=81: 34534 braids
    projlen=82: 260988 braids
    projlen=83: 170689 braids
    projlen=84: 356307 braids
    projlen=85: 171366 braids
    projlen=86: 357219 braids
    projlen=87: 161275 braids
    projlen=88: 353000 braids
    projlen=89: 160771 braids
    projlen=90: 345073 braids
    projlen=91: 172891 braids
    projlen=92: 335288 braids
    projlen=93: 191981 braids
    projlen=94: 324764 braids
    projlen=95: 207110 braids
    projlen=96: 318625 braids
    projlen=97: 212012 braids
    projlen=98: 315288 braids
    projlen=99: 218644 braids
    projlen=100: 285502 braids
    projlen=101: 88865 braids
  Braids kept: 1095836 (in 29 buckets, 2.39 GB CPU)
  ⚡ Timing: matmul=0.13s, sampling=7.22s, total=11.14s
============================================================
Level 139 - SAMPLING
============================================================
  Starting braids: 995836
  Candidates to generate: 5246952
  Processing in 53 chunks...
  Projlen distribution:
    projlen=73: 2 braids
    projlen=74: 6 braids
    projlen=75: 20 braids
    projlen=76: 196 braids
    projlen=77: 262 braids
    projlen=78: 3691 braids
    projlen=79: 3324 braids
    projlen=80: 31986 braids
    projlen=81: 23352 braids
    projlen=82: 242945 braids
    projlen=83: 151457 braids
    projlen=84: 325224 braids
    projlen=85: 172713 braids
    projlen=86: 357652 braids
    projlen=87: 161721 braids
    projlen=88: 353465 braids
    projlen=89: 158503 braids
    projlen=90: 349218 braids
    projlen=91: 161633 braids
    projlen=92: 341971 braids
    projlen=93: 177871 braids
    projlen=94: 331062 braids
    projlen=95: 199218 braids
    projlen=96: 318933 braids
    projlen=97: 216485 braids
    projlen=98: 311406 braids
    projlen=99: 221543 braids
    projlen=100: 305744 braids
    projlen=101: 217719 braids
    projlen=102: 107630 braids
  Braids kept: 1112839 (in 30 buckets, 2.45 GB CPU)
  ⚡ Timing: matmul=0.15s, sampling=7.37s, total=11.41s
============================================================
Level 140 - SAMPLING
============================================================
  Starting braids: 962839
  Candidates to generate: 5064063
  Processing in 51 chunks...
  Projlen distribution:
    projlen=73: 1 braids
    projlen=74: 6 braids
    projlen=75: 14 braids
    projlen=76: 110 braids
    projlen=77: 150 braids
    projlen=78: 1671 braids
    projlen=79: 1762 braids
    projlen=80: 22128 braids
    projlen=81: 17180 braids
    projlen=82: 160598 braids
    projlen=83: 101575 braids
    projlen=84: 299465 braids
    projlen=85: 175007 braids
    projlen=86: 360685 braids
    projlen=87: 164594 braids
    projlen=88: 354640 braids
    projlen=89: 158545 braids
    projlen=90: 351702 braids
    projlen=91: 159014 braids
    projlen=92: 345861 braids
    projlen=93: 163347 braids
    projlen=94: 339251 braids
    projlen=95: 184556 braids
    projlen=96: 326654 braids
    projlen=97: 208000 braids
    projlen=98: 314432 braids
    projlen=99: 224605 braids
    projlen=100: 302542 braids
    projlen=101: 219771 braids
    projlen=102: 106197 braids
  Braids kept: 1093022 (in 30 buckets, 2.42 GB CPU)
  ⚡ Timing: matmul=0.16s, sampling=7.19s, total=11.11s
============================================================
Level 141 - SAMPLING
============================================================
  Starting braids: 993022
  Candidates to generate: 5223116
  Processing in 53 chunks...
  Projlen distribution:
    projlen=73: 1 braids
    projlen=74: 6 braids
    projlen=75: 10 braids
    projlen=76: 88 braids
    projlen=77: 113 braids
    projlen=78: 948 braids
    projlen=79: 1082 braids
    projlen=80: 11271 braids
    projlen=81: 9593 braids
    projlen=82: 111957 braids
    projlen=83: 75156 braids
    projlen=84: 286290 braids
    projlen=85: 175344 braids
    projlen=86: 361392 braids
    projlen=87: 167694 braids
    projlen=88: 356741 braids
    projlen=89: 158530 braids
    projlen=90: 352690 braids
    projlen=91: 158067 braids
    projlen=92: 348030 braids
    projlen=93: 159856 braids
    projlen=94: 343575 braids
    projlen=95: 167182 braids
    projlen=96: 336024 braids
    projlen=97: 191396 braids
    projlen=98: 323154 braids
    projlen=99: 216525 braids
    projlen=100: 309329 braids
    projlen=101: 230388 braids
    projlen=102: 279429 braids
    projlen=103: 91255 braids
  Braids kept: 1123112 (in 31 buckets, 2.50 GB CPU)
  ⚡ Timing: matmul=0.17s, sampling=7.56s, total=11.64s
============================================================
Level 142 - SAMPLING
============================================================
  Starting braids: 973112
  Candidates to generate: 5104336
  Processing in 52 chunks...
  Projlen distribution:
    projlen=74: 6 braids
    projlen=75: 9 braids
    projlen=76: 62 braids
    projlen=77: 76 braids
    projlen=78: 711 braids
    projlen=79: 750 braids
    projlen=80: 6829 braids
    projlen=81: 5860 braids
    projlen=82: 59910 braids
    projlen=83: 42277 braids
    projlen=84: 269163 braids
    projlen=85: 178576 braids
    projlen=86: 363028 braids
    projlen=87: 170395 braids
    projlen=88: 358282 braids
    projlen=89: 160719 braids
    projlen=90: 353719 braids
    projlen=91: 156832 braids
    projlen=92: 349540 braids
    projlen=93: 158705 braids
    projlen=94: 346273 braids
    projlen=95: 162215 braids
    projlen=96: 341977 braids
    projlen=97: 173011 braids
    projlen=98: 332791 braids
    projlen=99: 199332 braids
    projlen=100: 318234 braids
    projlen=101: 221866 braids
    projlen=102: 283093 braids
    projlen=103: 90095 braids
  Braids kept: 1106580 (in 30 buckets, 2.47 GB CPU)
  ⚡ Timing: matmul=0.17s, sampling=7.40s, total=11.41s
============================================================
Level 143 - SAMPLING
============================================================
  Starting braids: 956580
  Candidates to generate: 5006082
  Processing in 51 chunks...
  Projlen distribution:
    projlen=75: 1 braids
    projlen=76: 51 braids
    projlen=77: 52 braids
    projlen=78: 499 braids
    projlen=79: 518 braids
    projlen=80: 4950 braids
    projlen=81: 4261 braids
    projlen=82: 38550 braids
    projlen=83: 28155 braids
    projlen=84: 254348 braids
    projlen=85: 168444 braids
    projlen=86: 345559 braids
    projlen=87: 175555 braids
    projlen=88: 357629 braids
    projlen=89: 161228 braids
    projlen=90: 353936 braids
    projlen=91: 158010 braids
    projlen=92: 350156 braids
    projlen=93: 156937 braids
    projlen=94: 347564 braids
    projlen=95: 160806 braids
    projlen=96: 344321 braids
    projlen=97: 165390 braids
    projlen=98: 339571 braids
    projlen=99: 178782 braids
    projlen=100: 327957 braids
    projlen=101: 205094 braids
    projlen=102: 290292 braids
    projlen=103: 87466 braids
  Braids kept: 1077037 (in 29 buckets, 2.42 GB CPU)
  ⚡ Timing: matmul=0.13s, sampling=7.18s, total=11.08s
============================================================
Level 144 - SAMPLING
============================================================
  Starting braids: 977037
  Candidates to generate: 5093127
  Processing in 51 chunks...
  Projlen distribution:
    projlen=75: 1 braids
    projlen=76: 9 braids
    projlen=77: 21 braids
    projlen=78: 370 braids
    projlen=79: 376 braids
    projlen=80: 3431 braids
    projlen=81: 3023 braids
    projlen=82: 29012 braids
    projlen=83: 21507 braids
    projlen=84: 191321 braids
    projlen=85: 122104 braids
    projlen=86: 310868 braids
    projlen=87: 178483 braids
    projlen=88: 359354 braids
    projlen=89: 166065 braids
    projlen=90: 354009 braids
    projlen=91: 159212 braids
    projlen=92: 350973 braids
    projlen=93: 157940 braids
    projlen=94: 348233 braids
    projlen=95: 157233 braids
    projlen=96: 346185 braids
    projlen=97: 163395 braids
    projlen=98: 342785 braids
    projlen=99: 170335 braids
    projlen=100: 336567 braids
    projlen=101: 184907 braids
    projlen=102: 320836 braids
    projlen=103: 203901 braids
    projlen=104: 110671 braids
  Braids kept: 1107750 (in 30 buckets, 2.50 GB CPU)
  ⚡ Timing: matmul=0.21s, sampling=7.31s, total=11.33s
============================================================
Level 145 - SAMPLING
============================================================
  Starting braids: 957750
  Candidates to generate: 4976888
  Processing in 50 chunks...
  Projlen distribution:
    projlen=75: 4 braids
    projlen=76: 3 braids
    projlen=77: 10 braids
    projlen=78: 134 braids
    projlen=79: 174 braids
    projlen=80: 2401 braids
    projlen=81: 2201 braids
    projlen=82: 20691 braids
    projlen=83: 15516 braids
    projlen=84: 144764 braids
    projlen=85: 93567 braids
    projlen=86: 296141 braids
    projlen=87: 176977 braids
    projlen=88: 360916 braids
    projlen=89: 170692 braids
    projlen=90: 354412 braids
    projlen=91: 162686 braids
    projlen=92: 349892 braids
    projlen=93: 159284 braids
    projlen=94: 348574 braids
    projlen=95: 159103 braids
    projlen=96: 346548 braids
    projlen=97: 158962 braids
    projlen=98: 344432 braids
    projlen=99: 166589 braids
    projlen=100: 339877 braids
    projlen=101: 176144 braids
    projlen=102: 328313 braids
    projlen=103: 185242 braids
    projlen=104: 112639 braids
  Braids kept: 1091134 (in 30 buckets, 2.47 GB CPU)
  ⚡ Timing: matmul=0.18s, sampling=7.27s, total=11.20s
============================================================
Level 146 - SAMPLING
============================================================
  Starting braids: 991134
  Candidates to generate: 5159994
  Processing in 52 chunks...
  Projlen distribution:
    projlen=75: 1 braids
    projlen=76: 17 braids
    projlen=77: 21 braids
    projlen=78: 63 braids
    projlen=79: 77 braids
    projlen=80: 1096 braids
    projlen=81: 1136 braids
    projlen=82: 14311 braids
    projlen=83: 11256 braids
    projlen=84: 104331 braids
    projlen=85: 68306 braids
    projlen=86: 281922 braids
    projlen=87: 176530 braids
    projlen=88: 362832 braids
    projlen=89: 170650 braids
    projlen=90: 355274 braids
    projlen=91: 163900 braids
    projlen=92: 350056 braids
    projlen=93: 163309 braids
    projlen=94: 346480 braids
    projlen=95: 161414 braids
    projlen=96: 345337 braids
    projlen=97: 160681 braids
    projlen=98: 344557 braids
    projlen=99: 161512 braids
    projlen=100: 341777 braids
    projlen=101: 170740 braids
    projlen=102: 334790 braids
    projlen=103: 182422 braids
    projlen=104: 300894 braids
    projlen=105: 84302 braids
  Braids kept: 1127978 (in 31 buckets, 2.58 GB CPU)
  ⚡ Timing: matmul=0.27s, sampling=7.60s, total=11.79s
============================================================
Level 147 - SAMPLING
============================================================
  Starting braids: 977978
  Candidates to generate: 5095442
  Processing in 51 chunks...
  Projlen distribution:
    projlen=76: 14 braids
    projlen=77: 18 braids
    projlen=78: 135 braids
    projlen=79: 106 braids
    projlen=80: 567 braids
    projlen=81: 559 braids
    projlen=82: 7393 braids
    projlen=83: 6228 braids
    projlen=84: 72599 braids
    projlen=85: 50058 braids
    projlen=86: 271355 braids
    projlen=87: 176615 braids
    projlen=88: 362508 braids
    projlen=89: 171931 braids
    projlen=90: 358826 braids
    projlen=91: 162782 braids
    projlen=92: 351911 braids
    projlen=93: 163305 braids
    projlen=94: 346998 braids
    projlen=95: 166164 braids
    projlen=96: 344212 braids
    projlen=97: 165094 braids
    projlen=98: 342817 braids
    projlen=99: 164407 braids
    projlen=100: 343181 braids
    projlen=101: 165995 braids
    projlen=102: 339401 braids
    projlen=103: 175042 braids
    projlen=104: 302159 braids
    projlen=105: 83062 braids
  Braids kept: 1115020 (in 30 buckets, 2.55 GB CPU)
  ⚡ Timing: matmul=0.29s, sampling=7.50s, total=11.71s
============================================================
Level 148 - SAMPLING
============================================================
  Starting braids: 965020
  Candidates to generate: 5026820
  Processing in 51 chunks...
  Projlen distribution:
    projlen=76: 6 braids
    projlen=77: 5 braids
    projlen=78: 113 braids
    projlen=79: 112 braids
    projlen=80: 846 braids
    projlen=81: 642 braids
    projlen=82: 4078 braids
    projlen=83: 3364 braids
    projlen=84: 40431 braids
    projlen=85: 29523 braids
    projlen=86: 259691 braids
    projlen=87: 177621 braids
    projlen=88: 360253 braids
    projlen=89: 173770 braids
    projlen=90: 357209 braids
    projlen=91: 162141 braids
    projlen=92: 353943 braids
    projlen=93: 160167 braids
    projlen=94: 347912 braids
    projlen=95: 165283 braids
    projlen=96: 342352 braids
    projlen=97: 170643 braids
    projlen=98: 341441 braids
    projlen=99: 170271 braids
    projlen=100: 341663 braids
    projlen=101: 169710 braids
    projlen=102: 338402 braids
    projlen=103: 169607 braids
    projlen=104: 303457 braids
    projlen=105: 82164 braids
  Braids kept: 1079120 (in 30 buckets, 2.48 GB CPU)
  ⚡ Timing: matmul=0.15s, sampling=7.17s, total=11.12s
============================================================
Level 149 - SAMPLING
============================================================
  Starting braids: 979120
  Candidates to generate: 5086278
  Processing in 51 chunks...
  Projlen distribution:
    projlen=77: 2 braids
    projlen=78: 40 braids
    projlen=79: 39 braids
    projlen=80: 726 braids
    projlen=81: 636 braids
    projlen=82: 4771 braids
    projlen=83: 3587 braids
    projlen=84: 24494 braids
    projlen=85: 17961 braids
    projlen=86: 199553 braids
    projlen=87: 128638 braids
    projlen=88: 312327 braids
    projlen=89: 176616 braids
    projlen=90: 356715 braids
    projlen=91: 164076 braids
    projlen=92: 353178 braids
    projlen=93: 159218 braids
    projlen=94: 350114 braids
    projlen=95: 160761 braids
    projlen=96: 345011 braids
    projlen=97: 168421 braids
    projlen=98: 339272 braids
    projlen=99: 176518 braids
    projlen=100: 337872 braids
    projlen=101: 176535 braids
    projlen=102: 338363 braids
    projlen=103: 175979 braids
    projlen=104: 330255 braids
    projlen=105: 170758 braids
    projlen=106: 113842 braids
  Braids kept: 1102256 (in 30 buckets, 2.55 GB CPU)
  ⚡ Timing: matmul=0.20s, sampling=7.45s, total=11.48s
============================================================
Level 150 - SAMPLING
============================================================
  Starting braids: 952256
  Candidates to generate: 4954928
  Processing in 50 chunks...
  Projlen distribution:
    projlen=78: 9 braids
    projlen=79: 25 braids
    projlen=80: 257 braids
    projlen=81: 267 braids
    projlen=82: 4161 braids
    projlen=83: 3426 braids
    projlen=84: 25946 braids
    projlen=85: 18497 braids
    projlen=86: 125360 braids
    projlen=87: 79616 braids
    projlen=88: 287318 braids
    projlen=89: 177288 braids
    projlen=90: 360302 braids
    projlen=91: 169824 braids
    projlen=92: 353040 braids
    projlen=93: 161453 braids
    projlen=94: 349440 braids
    projlen=95: 159874 braids
    projlen=96: 347760 braids
    projlen=97: 162860 braids
    projlen=98: 342347 braids
    projlen=99: 173198 braids
    projlen=100: 334834 braids
    projlen=101: 183938 braids
    projlen=102: 332401 braids
    projlen=103: 184127 braids
    projlen=104: 327959 braids
    projlen=105: 176886 braids
    projlen=106: 112515 braids
  Braids kept: 1102588 (in 29 buckets, 2.56 GB CPU)
  ⚡ Timing: matmul=0.14s, sampling=7.34s, total=11.26s
============================================================
Level 151 - SAMPLING
============================================================
  Starting braids: 952588
  Candidates to generate: 4968544
  Processing in 50 chunks...
  Projlen distribution:
    projlen=77: 1 braids
    projlen=78: 8 braids
    projlen=79: 11 braids
    projlen=80: 118 braids
    projlen=81: 165 braids
    projlen=82: 1636 braids
    projlen=83: 1535 braids
    projlen=84: 22605 braids
    projlen=85: 17102 braids
    projlen=86: 129932 braids
    projlen=87: 84329 braids
    projlen=88: 287427 braids
    projlen=89: 177274 braids
    projlen=90: 360524 braids
    projlen=91: 170981 braids
    projlen=92: 355242 braids
    projlen=93: 164008 braids
    projlen=94: 349655 braids
    projlen=95: 162865 braids
    projlen=96: 346361 braids
    projlen=97: 162159 braids
    projlen=98: 344710 braids
    projlen=99: 165961 braids
    projlen=100: 339855 braids
    projlen=101: 179366 braids
    projlen=102: 331233 braids
    projlen=103: 193103 braids
    projlen=104: 322743 braids
    projlen=105: 186666 braids
    projlen=106: 110969 braids
  Braids kept: 1093181 (in 30 buckets, 2.54 GB CPU)
  ⚡ Timing: matmul=0.15s, sampling=7.35s, total=11.27s
============================================================
Level 152 - SAMPLING
============================================================
  Starting braids: 993181
  Candidates to generate: 5199971
  Processing in 52 chunks...
  Projlen distribution:
    projlen=78: 3 braids
    projlen=79: 5 braids
    projlen=80: 84 braids
    projlen=81: 91 braids
    projlen=82: 940 braids
    projlen=83: 1023 braids
    projlen=84: 9675 braids
    projlen=85: 8070 braids
    projlen=86: 111716 braids
    projlen=87: 76923 braids
    projlen=88: 283930 braids
    projlen=89: 179979 braids
    projlen=90: 359262 braids
    projlen=91: 173471 braids
    projlen=92: 355480 braids
    projlen=93: 162435 braids
    projlen=94: 351553 braids
    projlen=95: 164060 braids
    projlen=96: 346050 braids
    projlen=97: 165926 braids
    projlen=98: 344113 braids
    projlen=99: 165581 braids
    projlen=100: 341860 braids
    projlen=101: 170566 braids
    projlen=102: 336277 braids
    projlen=103: 186518 braids
    projlen=104: 325320 braids
    projlen=105: 199970 braids
    projlen=106: 292798 braids
    projlen=107: 86292 braids
  Braids kept: 1119891 (in 30 buckets, 2.63 GB CPU)
  ⚡ Timing: matmul=0.17s, sampling=7.64s, total=11.76s
============================================================
Level 153 - SAMPLING
============================================================
  Starting braids: 969891
  Candidates to generate: 5077183
  Processing in 51 chunks...
  Projlen distribution:
    projlen=78: 1 braids
    projlen=79: 2 braids
    projlen=80: 34 braids
    projlen=81: 48 braids
    projlen=82: 546 braids
    projlen=83: 622 braids
    projlen=84: 5960 braids
    projlen=85: 5463 braids
    projlen=86: 50360 braids
    projlen=87: 36229 braids
    projlen=88: 263321 braids
    projlen=89: 182042 braids
    projlen=90: 359657 braids
    projlen=91: 177080 braids
    projlen=92: 353468 braids
    projlen=93: 166351 braids
    projlen=94: 351672 braids
    projlen=95: 160953 braids
    projlen=96: 347796 braids
    projlen=97: 166026 braids
    projlen=98: 344951 braids
    projlen=99: 170994 braids
    projlen=100: 342019 braids
    projlen=101: 170413 braids
    projlen=102: 339277 braids
    projlen=103: 176908 braids
    projlen=104: 331762 braids
    projlen=105: 193361 braids
    projlen=106: 294911 braids
    projlen=107: 84956 braids
  Braids kept: 1098905 (in 30 buckets, 2.59 GB CPU)
  ⚡ Timing: matmul=0.15s, sampling=7.42s, total=11.46s
============================================================
Level 154 - SAMPLING
============================================================
  Starting braids: 998905
  Candidates to generate: 5223771
  Processing in 53 chunks...
  Projlen distribution:
    projlen=78: 5 braids
    projlen=79: 5 braids
    projlen=80: 11 braids
    projlen=81: 22 braids
    projlen=82: 241 braids
    projlen=83: 303 braids
    projlen=84: 3450 braids
    projlen=85: 3592 braids
    projlen=86: 33121 braids
    projlen=87: 27152 braids
    projlen=88: 243734 braids
    projlen=89: 162001 braids
    projlen=90: 326923 braids
    projlen=91: 180254 braids
    projlen=92: 353967 braids
    projlen=93: 170600 braids
    projlen=94: 348986 braids
    projlen=95: 166986 braids
    projlen=96: 346313 braids
    projlen=97: 161560 braids
    projlen=98: 344247 braids
    projlen=99: 169116 braids
    projlen=100: 340156 braids
    projlen=101: 176397 braids
    projlen=102: 337741 braids
    projlen=103: 177054 braids
    projlen=104: 335568 braids
    projlen=105: 183658 braids
    projlen=106: 324174 braids
    projlen=107: 194607 braids
    projlen=108: 111827 braids
  Braids kept: 1117902 (in 31 buckets, 2.65 GB CPU)
  ⚡ Timing: matmul=0.14s, sampling=7.86s, total=12.04s
============================================================
Level 155 - SAMPLING
============================================================
  Starting braids: 967902
  Candidates to generate: 5066008
  Processing in 51 chunks...
  Projlen distribution:
    projlen=78: 2 braids
    projlen=79: 2 braids
    projlen=80: 43 braids
    projlen=81: 24 braids
    projlen=82: 143 braids
    projlen=83: 161 braids
    projlen=84: 1661 braids
    projlen=85: 1790 braids
    projlen=86: 19834 braids
    projlen=87: 18437 braids
    projlen=88: 163388 braids
    projlen=89: 118923 braids
    projlen=90: 304375 braids
    projlen=91: 185166 braids
    projlen=92: 356263 braids
    projlen=93: 173927 braids
    projlen=94: 349094 braids
    projlen=95: 171625 braids
    projlen=96: 344606 braids
    projlen=97: 170542 braids
    projlen=98: 343100 braids
    projlen=99: 165305 braids
    projlen=100: 341768 braids
    projlen=101: 174495 braids
    projlen=102: 336281 braids
    projlen=103: 184082 braids
    projlen=104: 332985 braids
    projlen=105: 184604 braids
    projlen=106: 325961 braids
    projlen=107: 185025 braids
    projlen=108: 112396 braids
  Braids kept: 1092097 (in 31 buckets, 2.60 GB CPU)
  ⚡ Timing: matmul=0.17s, sampling=7.66s, total=11.73s
============================================================
Level 156 - SAMPLING
============================================================
  Starting braids: 992097
  Candidates to generate: 5221425
  Processing in 53 chunks...
  Projlen distribution:
    projlen=80: 15 braids
    projlen=81: 16 braids
    projlen=82: 240 braids
    projlen=83: 176 braids
    projlen=84: 1107 braids
    projlen=85: 1055 braids
    projlen=86: 10256 braids
    projlen=87: 9618 braids
    projlen=88: 98505 braids
    projlen=89: 80176 braids
    projlen=90: 280240 braids
    projlen=91: 193619 braids
    projlen=92: 353239 braids
    projlen=93: 180873 braids
    projlen=94: 349848 braids
    projlen=95: 171937 braids
    projlen=96: 344423 braids
    projlen=97: 175681 braids
    projlen=98: 339953 braids
    projlen=99: 175917 braids
    projlen=100: 339163 braids
    projlen=101: 170284 braids
    projlen=102: 338736 braids
    projlen=103: 180604 braids
    projlen=104: 331818 braids
    projlen=105: 192648 braids
    projlen=106: 326201 braids
    projlen=107: 193451 braids
    projlen=108: 296715 braids
    projlen=109: 84911 braids
  Braids kept: 1122483 (in 30 buckets, 2.69 GB CPU)
  ⚡ Timing: matmul=0.14s, sampling=7.93s, total=12.14s
============================================================
Level 157 - SAMPLING
============================================================
  Starting braids: 972483
  Candidates to generate: 5130283
  Processing in 52 chunks...
  Projlen distribution:
    projlen=81: 2 braids
    projlen=82: 85 braids
    projlen=83: 101 braids
    projlen=84: 1362 braids
    projlen=85: 1068 braids
    projlen=86: 7120 braids
    projlen=87: 5820 braids
    projlen=88: 53685 braids
    projlen=89: 43313 braids
    projlen=90: 257201 braids
    projlen=91: 201334 braids
    projlen=92: 348773 braids
    projlen=93: 192470 braids
    projlen=94: 346707 braids
    projlen=95: 178846 braids
    projlen=96: 343316 braids
    projlen=97: 174559 braids
    projlen=98: 338476 braids
    projlen=99: 181339 braids
    projlen=100: 333274 braids
    projlen=101: 183100 braids
    projlen=102: 334035 braids
    projlen=103: 177530 braids
    projlen=104: 334539 braids
    projlen=105: 188195 braids
    projlen=106: 326488 braids
    projlen=107: 199582 braids
    projlen=108: 292387 braids
    projlen=109: 85576 braids
  Braids kept: 1108871 (in 29 buckets, 2.66 GB CPU)
  ⚡ Timing: matmul=0.14s, sampling=7.83s, total=12.00s
============================================================
Level 158 - SAMPLING
============================================================
  Starting braids: 958871
  Candidates to generate: 5086807
  Processing in 51 chunks...
  Projlen distribution:
    projlen=82: 12 braids
    projlen=83: 28 braids
    projlen=84: 555 braids
    projlen=85: 558 braids
    projlen=86: 7627 braids
    projlen=87: 5642 braids
    projlen=88: 39473 braids
    projlen=89: 29080 braids
    projlen=90: 247319 braids
    projlen=91: 184517 braids
    projlen=92: 334677 braids
    projlen=93: 202757 braids
    projlen=94: 340066 braids
    projlen=95: 190644 braids
    projlen=96: 338777 braids
    projlen=97: 183521 braids
    projlen=98: 336631 braids
    projlen=99: 181823 braids
    projlen=100: 333495 braids
    projlen=101: 188995 braids
    projlen=102: 329366 braids
    projlen=103: 192529 braids
    projlen=104: 328733 braids
    projlen=105: 187158 braids
    projlen=106: 327999 braids
    projlen=107: 194584 braids
    projlen=108: 294834 braids
    projlen=109: 85407 braids
  Braids kept: 1082975 (in 28 buckets, 2.61 GB CPU)
  ⚡ Timing: matmul=0.21s, sampling=7.67s, total=11.82s
============================================================
Level 159 - SAMPLING
============================================================
  Starting braids: 982975
  Candidates to generate: 5212371
  Processing in 53 chunks...
  Projlen distribution:
    projlen=81: 1 braids
    projlen=82: 8 braids
    projlen=83: 16 braids
    projlen=84: 174 braids
    projlen=85: 259 braids
    projlen=86: 3462 braids
    projlen=87: 3057 braids
    projlen=88: 40018 braids
    projlen=89: 28046 braids
    projlen=90: 195614 braids
    projlen=91: 128155 braids
    projlen=92: 303564 braids
    projlen=93: 196753 braids
    projlen=94: 342875 braids
    projlen=95: 196603 braids
    projlen=96: 334255 braids
    projlen=97: 196584 braids
    projlen=98: 330767 braids
    projlen=99: 191495 braids
    projlen=100: 330870 braids
    projlen=101: 191057 braids
    projlen=102: 328641 braids
    projlen=103: 199423 braids
    projlen=104: 324186 braids
    projlen=105: 202940 braids
    projlen=106: 321817 braids
    projlen=107: 197910 braids
    projlen=108: 317217 braids
    projlen=109: 195888 braids
    projlen=110: 110716 braids
  Braids kept: 1125041 (in 30 buckets, 2.73 GB CPU)
  ⚡ Timing: matmul=0.27s, sampling=7.88s, total=12.23s
============================================================
Level 160 - SAMPLING
============================================================
  Starting braids: 975041
  Candidates to generate: 5192127
  Processing in 52 chunks...
  Projlen distribution:
    projlen=82: 4 braids
    projlen=83: 5 braids
    projlen=84: 88 braids
    projlen=85: 120 braids
    projlen=86: 1562 braids
    projlen=87: 1666 braids
    projlen=88: 19834 braids
    projlen=89: 15347 braids
    projlen=90: 191883 braids
    projlen=91: 123750 braids
    projlen=92: 306211 braids
    projlen=93: 183531 braids
    projlen=94: 350858 braids
    projlen=95: 192963 braids
    projlen=96: 337331 braids
    projlen=97: 198389 braids
    projlen=98: 326542 braids
    projlen=99: 205186 braids
    projlen=100: 324043 braids
    projlen=101: 202057 braids
    projlen=102: 324117 braids
    projlen=103: 201548 braids
    projlen=104: 322395 braids
    projlen=105: 208373 braids
    projlen=106: 318080 braids
    projlen=107: 213615 braids
    projlen=108: 311827 braids
    projlen=109: 202208 braids
    projlen=110: 108594 braids
  Braids kept: 1088626 (in 29 buckets, 2.65 GB CPU)
  ⚡ Timing: matmul=0.18s, sampling=7.74s, total=11.95s
============================================================
Level 161 - SAMPLING
============================================================
  Starting braids: 988626
  Candidates to generate: 5285006
  Processing in 53 chunks...
  Projlen distribution:
    projlen=82: 3 braids
    projlen=83: 4 braids
    projlen=84: 40 braids
    projlen=85: 63 braids
    projlen=86: 741 braids
    projlen=87: 868 braids
    projlen=88: 10502 braids
    projlen=89: 8786 braids
    projlen=90: 98004 braids
    projlen=91: 65453 braids
    projlen=92: 278688 braids
    projlen=93: 176174 braids
    projlen=94: 355813 braids
    projlen=95: 178524 braids
    projlen=96: 344151 braids
    projlen=97: 190234 braids
    projlen=98: 330298 braids
    projlen=99: 206023 braids
    projlen=100: 321100 braids
    projlen=101: 214900 braids
    projlen=102: 317103 braids
    projlen=103: 213656 braids
    projlen=104: 318034 braids
    projlen=105: 213332 braids
    projlen=106: 316023 braids
    projlen=107: 218569 braids
    projlen=108: 311195 braids
    projlen=109: 222661 braids
    projlen=110: 284545 braids
    projlen=111: 89519 braids
  Braids kept: 1121007 (in 30 buckets, 2.75 GB CPU)
  ⚡ Timing: matmul=0.21s, sampling=8.10s, total=12.43s
============================================================
Level 162 - SAMPLING
============================================================
  Starting braids: 971007
  Candidates to generate: 5189273
  Processing in 52 chunks...
  Projlen distribution:
    projlen=83: 1 braids
    projlen=84: 22 braids
    projlen=85: 32 braids
    projlen=86: 397 braids
    projlen=87: 453 braids
    projlen=88: 5393 braids
    projlen=89: 4847 braids
    projlen=90: 55892 braids
    projlen=91: 39300 braids
    projlen=92: 264643 braids
    projlen=93: 177154 braids
    projlen=94: 360280 braids
    projlen=95: 172334 braids
    projlen=96: 351247 braids
    projlen=97: 174188 braids
    projlen=98: 339499 braids
    projlen=99: 194732 braids
    projlen=100: 324489 braids
    projlen=101: 213758 braids
    projlen=102: 313257 braids
    projlen=103: 223235 braids
    projlen=104: 309526 braids
    projlen=105: 223740 braids
    projlen=106: 310561 braids
    projlen=107: 223156 braids
    projlen=108: 308380 braids
    projlen=109: 225736 braids
    projlen=110: 282635 braids
    projlen=111: 90386 braids
  Braids kept: 1100445 (in 29 buckets, 2.71 GB CPU)
  ⚡ Timing: matmul=0.16s, sampling=7.84s, total=12.03s
============================================================
Level 163 - SAMPLING
============================================================
  Starting braids: 950445
  Candidates to generate: 5087341
  Processing in 51 chunks...
  Projlen distribution:
    projlen=84: 6 braids
    projlen=85: 11 braids
    projlen=86: 203 braids
    projlen=87: 241 braids
    projlen=88: 3002 braids
    projlen=89: 2835 braids
    projlen=90: 31532 braids
    projlen=91: 24115 braids
    projlen=92: 250021 braids
    projlen=93: 162565 braids
    projlen=94: 336557 braids
    projlen=95: 175541 braids
    projlen=96: 356886 braids
    projlen=97: 163392 braids
    projlen=98: 347664 braids
    projlen=99: 175770 braids
    projlen=100: 334094 braids
    projlen=101: 201159 braids
    projlen=102: 319471 braids
    projlen=103: 221616 braids
    projlen=104: 308199 braids
    projlen=105: 231729 braids
    projlen=106: 303595 braids
    projlen=107: 233359 braids
    projlen=108: 302576 braids
    projlen=109: 231067 braids
    projlen=110: 279878 braids
    projlen=111: 90257 braids
  Braids kept: 1061945 (in 28 buckets, 2.62 GB CPU)
  ⚡ Timing: matmul=0.16s, sampling=7.72s, total=11.87s
============================================================
Level 164 - SAMPLING
============================================================
  Starting braids: 961945
  Candidates to generate: 5133609
  Processing in 52 chunks...
  Projlen distribution:
    projlen=85: 2 braids
    projlen=86: 82 braids
    projlen=87: 100 braids
    projlen=88: 1629 braids
    projlen=89: 1596 braids
    projlen=90: 18552 braids
    projlen=91: 15004 braids
    projlen=92: 159317 braids
    projlen=93: 104256 braids
    projlen=94: 302850 braids
    projlen=95: 177023 braids
    projlen=96: 359437 braids
    projlen=97: 167103 braids
    projlen=98: 352365 braids
    projlen=99: 161648 braids
    projlen=100: 343505 braids
    projlen=101: 179591 braids
    projlen=102: 329451 braids
    projlen=103: 207951 braids
    projlen=104: 314711 braids
    projlen=105: 229347 braids
    projlen=106: 302903 braids
    projlen=107: 238858 braids
    projlen=108: 297080 braids
    projlen=109: 241763 braids
    projlen=110: 293642 braids
    projlen=111: 228993 braids
    projlen=112: 104850 braids
  Braids kept: 1086965 (in 28 buckets, 2.71 GB CPU)
  ⚡ Timing: matmul=0.14s, sampling=7.90s, total=12.07s
============================================================
Level 165 - SAMPLING
============================================================
  Starting braids: 986965
  Candidates to generate: 5265569
  Processing in 53 chunks...
  Projlen distribution:
    projlen=85: 3 braids
    projlen=86: 14 braids
    projlen=87: 48 braids
    projlen=88: 687 braids
    projlen=89: 816 braids
    projlen=90: 10552 braids
    projlen=91: 8818 braids
    projlen=92: 95534 braids
    projlen=93: 65596 braids
    projlen=94: 282406 braids
    projlen=95: 177934 braids
    projlen=96: 362407 braids
    projlen=97: 169252 braids
    projlen=98: 355331 braids
    projlen=99: 163608 braids
    projlen=100: 348859 braids
    projlen=101: 162772 braids
    projlen=102: 339569 braids
    projlen=103: 184558 braids
    projlen=104: 325342 braids
    projlen=105: 215205 braids
    projlen=106: 310089 braids
    projlen=107: 235988 braids
    projlen=108: 298461 braids
    projlen=109: 245799 braids
    projlen=110: 292506 braids
    projlen=111: 246763 braids
    projlen=112: 272650 braids
    projlen=113: 94002 braids
  Braids kept: 1120938 (in 29 buckets, 2.81 GB CPU)
  ⚡ Timing: matmul=0.19s, sampling=8.24s, total=12.57s
============================================================
Level 166 - SAMPLING
============================================================
  Starting braids: 970938
  Candidates to generate: 5161668
  Processing in 52 chunks...
  Projlen distribution:
    projlen=85: 3 braids
    projlen=86: 12 braids
    projlen=87: 39 braids
    projlen=88: 248 braids
    projlen=89: 400 braids
    projlen=90: 4969 braids
    projlen=91: 4742 braids
    projlen=92: 56187 braids
    projlen=93: 39963 braids
    projlen=94: 267951 braids
    projlen=95: 180601 braids
    projlen=96: 362688 braids
    projlen=97: 172677 braids
    projlen=98: 357232 braids
    projlen=99: 161508 braids
    projlen=100: 351640 braids
    projlen=101: 163732 braids
    projlen=102: 345689 braids
    projlen=103: 166329 braids
    projlen=104: 336750 braids
    projlen=105: 191138 braids
    projlen=106: 321607 braids
    projlen=107: 223052 braids
    projlen=108: 305427 braids
    projlen=109: 241852 braids
    projlen=110: 293321 braids
    projlen=111: 248797 braids
    projlen=112: 269161 braids
    projlen=113: 93953 braids
  Braids kept: 1100376 (in 29 buckets, 2.76 GB CPU)
  ⚡ Timing: matmul=0.20s, sampling=8.09s, total=12.39s
============================================================
Level 167 - SAMPLING
============================================================
  Starting braids: 950376
  Candidates to generate: 5038092
  Processing in 51 chunks...
  Projlen distribution:
    projlen=85: 3 braids
    projlen=86: 7 braids
    projlen=87: 24 braids
    projlen=88: 226 braids
    projlen=89: 278 braids
    projlen=90: 2246 braids
    projlen=91: 2493 braids
    projlen=92: 29552 braids
    projlen=93: 23665 braids
    projlen=94: 250798 braids
    projlen=95: 164292 braids
    projlen=96: 338434 braids
    projlen=97: 177353 braids
    projlen=98: 357582 braids
    projlen=99: 163452 braids
    projlen=100: 352874 braids
    projlen=101: 159351 braids
    projlen=102: 347928 braids
    projlen=103: 165917 braids
    projlen=104: 343102 braids
    projlen=105: 171580 braids
    projlen=106: 333461 braids
    projlen=107: 198284 braids
    projlen=108: 317921 braids
    projlen=109: 228946 braids
    projlen=110: 299651 braids
    projlen=111: 244297 braids
    projlen=112: 270570 braids
    projlen=113: 93805 braids
  Braids kept: 1058494 (in 29 buckets, 2.67 GB CPU)
  ⚡ Timing: matmul=0.14s, sampling=7.72s, total=11.83s
============================================================
Level 168 - SAMPLING
============================================================
  Starting braids: 958494
  Candidates to generate: 5057932
  Processing in 51 chunks...
  Projlen distribution:
    projlen=85: 2 braids
    projlen=86: 10 braids
    projlen=87: 25 braids
    projlen=88: 135 braids
    projlen=89: 166 braids
    projlen=90: 1711 braids
    projlen=91: 1711 braids
    projlen=92: 15479 braids
    projlen=93: 13466 braids
    projlen=94: 149894 braids
    projlen=95: 101590 braids
    projlen=96: 301329 braids
    projlen=97: 177141 braids
    projlen=98: 358676 braids
    projlen=99: 168565 braids
    projlen=100: 352683 braids
    projlen=101: 161192 braids
    projlen=102: 349009 braids
    projlen=103: 159841 braids
    projlen=104: 345213 braids
    projlen=105: 168959 braids
    projlen=106: 339691 braids
    projlen=107: 177527 braids
    projlen=108: 330018 braids
    projlen=109: 204593 braids
    projlen=110: 313601 braids
    projlen=111: 233120 braids
    projlen=112: 292759 braids
    projlen=113: 235958 braids
    projlen=114: 103868 braids
  Braids kept: 1082705 (in 30 buckets, 2.75 GB CPU)
  ⚡ Timing: matmul=0.15s, sampling=7.92s, total=12.09s
============================================================
Level 169 - SAMPLING
============================================================
  Starting braids: 982705
  Candidates to generate: 5184209
  Processing in 52 chunks...
  Projlen distribution:
    projlen=86: 6 braids
    projlen=87: 15 braids
    projlen=88: 153 braids
    projlen=89: 161 braids
    projlen=90: 1067 braids
    projlen=91: 1073 braids
    projlen=92: 11192 braids
    projlen=93: 9177 braids
    projlen=94: 82627 braids
    projlen=95: 58608 braids
    projlen=96: 277741 braids
    projlen=97: 181672 braids
    projlen=98: 361622 braids
    projlen=99: 170090 braids
    projlen=100: 353480 braids
    projlen=101: 164975 braids
    projlen=102: 349253 braids
    projlen=103: 163412 braids
    projlen=104: 346765 braids
    projlen=105: 161901 braids
    projlen=106: 342153 braids
    projlen=107: 173100 braids
    projlen=108: 336082 braids
    projlen=109: 185432 braids
    projlen=110: 325845 braids
    projlen=111: 212324 braids
    projlen=112: 308823 braids
    projlen=113: 237264 braids
    projlen=114: 274479 braids
    projlen=115: 93717 braids
  Braids kept: 1122844 (in 30 buckets, 2.87 GB CPU)
  ⚡ Timing: matmul=0.16s, sampling=8.27s, total=12.57s
============================================================
Level 170 - SAMPLING
============================================================
  Starting braids: 972844
  Candidates to generate: 5121574
  Processing in 52 chunks...
  Projlen distribution:
    projlen=87: 3 braids
    projlen=88: 99 braids
    projlen=89: 115 braids
    projlen=90: 1035 braids
    projlen=91: 958 braids
    projlen=92: 7314 braids
    projlen=93: 6032 braids
    projlen=94: 59884 braids
    projlen=95: 41981 braids
    projlen=96: 268756 braids
    projlen=97: 184594 braids
    projlen=98: 362369 braids
    projlen=99: 176982 braids
    projlen=100: 355650 braids
    projlen=101: 162907 braids
    projlen=102: 349688 braids
    projlen=103: 165442 braids
    projlen=104: 345181 braids
    projlen=105: 165911 braids
    projlen=106: 343939 braids
    projlen=107: 165690 braids
    projlen=108: 340193 braids
    projlen=109: 179456 braids
    projlen=110: 330685 braids
    projlen=111: 193498 braids
    projlen=112: 320987 braids
    projlen=113: 218026 braids
    projlen=114: 284117 braids
    projlen=115: 90082 braids
  Braids kept: 1107537 (in 29 buckets, 2.84 GB CPU)
  ⚡ Timing: matmul=0.13s, sampling=8.08s, total=12.34s
============================================================
Level 171 - SAMPLING
============================================================
  Starting braids: 957537
  Candidates to generate: 5030923
  Processing in 51 chunks...
  Projlen distribution:
    projlen=87: 1 braids
    projlen=88: 25 braids
    projlen=89: 37 braids
    projlen=90: 720 braids
    projlen=91: 699 braids
    projlen=92: 6477 braids
    projlen=93: 5215 braids
    projlen=94: 41664 braids
    projlen=95: 29767 braids
    projlen=96: 253865 braids
    projlen=97: 165975 braids
    projlen=98: 342028 braids
    projlen=99: 181979 braids
    projlen=100: 355434 braids
    projlen=101: 167959 braids
    projlen=102: 351124 braids
    projlen=103: 162289 braids
    projlen=104: 345775 braids
    projlen=105: 167632 braids
    projlen=106: 341204 braids
    projlen=107: 170453 braids
    projlen=108: 340620 braids
    projlen=109: 170327 braids
    projlen=110: 336838 braids
    projlen=111: 186727 braids
    projlen=112: 327120 braids
    projlen=113: 201004 braids
    projlen=114: 291474 braids
    projlen=115: 86491 braids
  Braids kept: 1084605 (in 29 buckets, 2.79 GB CPU)
  ⚡ Timing: matmul=0.44s, sampling=7.98s, total=12.49s
============================================================
Level 172 - SAMPLING
============================================================
  Starting braids: 984605
  Candidates to generate: 5158523
  Processing in 52 chunks...
  Projlen distribution:
    projlen=88: 19 braids
    projlen=89: 35 braids
    projlen=90: 211 braids
    projlen=91: 305 braids
    projlen=92: 4576 braids
    projlen=93: 3926 braids
    projlen=94: 36487 braids
    projlen=95: 26203 braids
    projlen=96: 208973 braids
    projlen=97: 130521 braids
    projlen=98: 314302 braids
    projlen=99: 176371 braids
    projlen=100: 355545 braids
    projlen=101: 172709 braids
    projlen=102: 350501 braids
    projlen=103: 167936 braids
    projlen=104: 345680 braids
    projlen=105: 163977 braids
    projlen=106: 342816 braids
    projlen=107: 172194 braids
    projlen=108: 337848 braids
    projlen=109: 176986 braids
    projlen=110: 336339 braids
    projlen=111: 177067 braids
    projlen=112: 333233 braids
    projlen=113: 192618 braids
    projlen=114: 318071 braids
    projlen=115: 202759 braids
    projlen=116: 110315 braids
  Braids kept: 1121762 (in 29 buckets, 2.90 GB CPU)
  ⚡ Timing: matmul=0.16s, sampling=8.21s, total=12.55s
============================================================
Level 173 - SAMPLING
============================================================
  Starting braids: 971762
  Candidates to generate: 5087910
  Processing in 51 chunks...
  Projlen distribution:
    projlen=87: 1 braids
    projlen=88: 6 braids
    projlen=89: 13 braids
    projlen=90: 211 braids
    projlen=91: 242 braids
    projlen=92: 1799 braids
    projlen=93: 1870 braids
    projlen=94: 26345 braids
    projlen=95: 19740 braids
    projlen=96: 180157 braids
    projlen=97: 114489 braids
    projlen=98: 307760 braids
    projlen=99: 176292 braids
    projlen=100: 360432 braids
    projlen=101: 168524 braids
    projlen=102: 351835 braids
    projlen=103: 170131 braids
    projlen=104: 345294 braids
    projlen=105: 171743 braids
    projlen=106: 341850 braids
    projlen=107: 167846 braids
    projlen=108: 338991 braids
    projlen=109: 177295 braids
    projlen=110: 333961 braids
    projlen=111: 185249 braids
    projlen=112: 332486 braids
    projlen=113: 186072 braids
    projlen=114: 324022 braids
    projlen=115: 191953 braids
    projlen=116: 111301 braids
  Braids kept: 1100227 (in 30 buckets, 2.85 GB CPU)
  ⚡ Timing: matmul=0.16s, sampling=8.16s, total=12.45s
============================================================
Level 174 - SAMPLING
============================================================
  Starting braids: 950227
  Candidates to generate: 4971789
  Processing in 50 chunks...
  Projlen distribution:
    projlen=87: 1 braids
    projlen=88: 2 braids
    projlen=89: 6 braids
    projlen=90: 89 braids
    projlen=91: 133 braids
    projlen=92: 1649 braids
    projlen=93: 1527 braids
    projlen=94: 12295 braids
    projlen=95: 9838 braids
    projlen=96: 129525 braids
    projlen=97: 85374 braids
    projlen=98: 291271 braids
    projlen=99: 175160 braids
    projlen=100: 361715 braids
    projlen=101: 168843 braids
    projlen=102: 356524 braids
    projlen=103: 162415 braids
    projlen=104: 347607 braids
    projlen=105: 172555 braids
    projlen=106: 340153 braids
    projlen=107: 177338 braids
    projlen=108: 338874 braids
    projlen=109: 173981 braids
    projlen=110: 335851 braids
    projlen=111: 184499 braids
    projlen=112: 330345 braids
    projlen=113: 193935 braids
    projlen=114: 321580 braids
    projlen=115: 187798 braids
    projlen=116: 110906 braids
  Braids kept: 1075540 (in 30 buckets, 2.80 GB CPU)
  ⚡ Timing: matmul=0.15s, sampling=8.10s, total=12.29s
============================================================
Level 175 - SAMPLING
============================================================
  Starting braids: 975540
  Candidates to generate: 5127976
  Processing in 52 chunks...
  Projlen distribution:
    projlen=88: 3 braids
    projlen=89: 4 braids
    projlen=90: 38 braids
    projlen=91: 62 braids
    projlen=92: 796 braids
    projlen=93: 848 braids
    projlen=94: 10398 braids
    projlen=95: 8141 braids
    projlen=96: 64571 braids
    projlen=97: 43004 braids
    projlen=98: 269625 braids
    projlen=99: 176424 braids
    projlen=100: 360827 braids
    projlen=101: 168721 braids
    projlen=102: 357480 braids
    projlen=103: 161841 braids
    projlen=104: 352108 braids
    projlen=105: 161638 braids
    projlen=106: 344746 braids
    projlen=107: 176868 braids
    projlen=108: 336512 braids
    projlen=109: 185047 braids
    projlen=110: 333606 braids
    projlen=111: 182293 braids
    projlen=112: 331786 braids
    projlen=113: 192535 braids
    projlen=114: 324447 braids
    projlen=115: 203169 braids
    projlen=116: 293534 braids
    projlen=117: 86904 braids
  Braids kept: 1113294 (in 30 buckets, 2.91 GB CPU)
  ⚡ Timing: matmul=0.14s, sampling=8.51s, total=12.86s
============================================================
Level 176 - SAMPLING
============================================================
  Starting braids: 963294
  Candidates to generate: 5064642
  Processing in 51 chunks...
  Projlen distribution:
    projlen=90: 30 braids
    projlen=91: 45 braids
    projlen=92: 400 braids
    projlen=93: 490 braids
    projlen=94: 5333 braids
    projlen=95: 4677 braids
    projlen=96: 54740 braids
    projlen=97: 38354 braids
    projlen=98: 259703 braids
    projlen=99: 165388 braids
    projlen=100: 346831 braids
    projlen=101: 172866 braids
    projlen=102: 357988 braids
    projlen=103: 160267 braids
    projlen=104: 352745 braids
    projlen=105: 159336 braids
    projlen=106: 348458 braids
    projlen=107: 162794 braids
    projlen=108: 340337 braids
    projlen=109: 182087 braids
    projlen=110: 332877 braids
    projlen=111: 193863 braids
    projlen=112: 328581 braids
    projlen=113: 191985 braids
    projlen=114: 325356 braids
    projlen=115: 199273 braids
    projlen=116: 293419 braids
    projlen=117: 86419 braids
  Braids kept: 1099329 (in 28 buckets, 2.89 GB CPU)
  ⚡ Timing: matmul=0.15s, sampling=8.16s, total=12.41s
============================================================
Level 177 - SAMPLING
============================================================
  Starting braids: 999329
  Candidates to generate: 5235831
  Processing in 53 chunks...
  Projlen distribution:
    projlen=89: 1 braids
    projlen=90: 4 braids
    projlen=91: 23 braids
    projlen=92: 263 braids
    projlen=93: 322 braids
    projlen=94: 2975 braids
    projlen=95: 2898 braids
    projlen=96: 30447 braids
    projlen=97: 23118 braids
    projlen=98: 245735 braids
    projlen=99: 158303 braids
    projlen=100: 333585 braids
    projlen=101: 173457 braids
    projlen=102: 360932 braids
    projlen=103: 162969 braids
    projlen=104: 354545 braids
    projlen=105: 157742 braids
    projlen=106: 349605 braids
    projlen=107: 159246 braids
    projlen=108: 345782 braids
    projlen=109: 165540 braids
    projlen=110: 337548 braids
    projlen=111: 188299 braids
    projlen=112: 327165 braids
    projlen=113: 203333 braids
    projlen=114: 322972 braids
    projlen=115: 202692 braids
    projlen=116: 314947 braids
    projlen=117: 200743 braids
    projlen=118: 110640 braids
  Braids kept: 1110051 (in 30 buckets, 2.94 GB CPU)
  ⚡ Timing: matmul=0.14s, sampling=8.66s, total=13.12s
============================================================
Level 178 - SAMPLING
============================================================
  Starting braids: 960051
  Candidates to generate: 5019609
  Processing in 51 chunks...
  Projlen distribution:
    projlen=89: 2 braids
    projlen=90: 1 braids
    projlen=91: 11 braids
    projlen=92: 102 braids
    projlen=93: 175 braids
    projlen=94: 1934 braids
    projlen=95: 1943 braids
    projlen=96: 18530 braids
    projlen=97: 15041 braids
    projlen=98: 150616 braids
    projlen=99: 98878 braids
    projlen=100: 297622 braids
    projlen=101: 175119 braids
    projlen=102: 359658 braids
    projlen=103: 164009 braids
    projlen=104: 357319 braids
    projlen=105: 158221 braids
    projlen=106: 351906 braids
    projlen=107: 157591 braids
    projlen=108: 347227 braids
    projlen=109: 160961 braids
    projlen=110: 343448 braids
    projlen=111: 169950 braids
    projlen=112: 334242 braids
    projlen=113: 195129 braids
    projlen=114: 322793 braids
    projlen=115: 212110 braids
    projlen=116: 311914 braids
    projlen=117: 204454 braids
    projlen=118: 108703 braids
  Braids kept: 1087739 (in 30 buckets, 2.89 GB CPU)
  ⚡ Timing: matmul=0.13s, sampling=8.31s, total=12.57s
============================================================
Level 179 - SAMPLING
============================================================
  Starting braids: 987739
  Candidates to generate: 5174321
  Processing in 52 chunks...
  Projlen distribution:
    projlen=89: 1 braids
    projlen=90: 5 braids
    projlen=91: 18 braids
    projlen=92: 57 braids
    projlen=93: 97 braids
    projlen=94: 981 braids
    projlen=95: 1132 braids
    projlen=96: 12248 braids
    projlen=97: 10070 braids
    projlen=98: 95279 braids
    projlen=99: 65408 braids
    projlen=100: 279333 braids
    projlen=101: 177884 braids
    projlen=102: 360159 braids
    projlen=103: 168322 braids
    projlen=104: 355982 braids
    projlen=105: 158545 braids
    projlen=106: 353977 braids
    projlen=107: 157092 braids
    projlen=108: 349738 braids
    projlen=109: 158246 braids
    projlen=110: 345424 braids
    projlen=111: 163423 braids
    projlen=112: 340939 braids
    projlen=113: 175165 braids
    projlen=114: 330308 braids
    projlen=115: 202861 braids
    projlen=116: 316609 braids
    projlen=117: 219043 braids
    projlen=118: 286206 braids
    projlen=119: 89769 braids
  Braids kept: 1124609 (in 31 buckets, 3.00 GB CPU)
  ⚡ Timing: matmul=0.16s, sampling=8.75s, total=13.20s
============================================================
Level 180 - SAMPLING
============================================================
  Starting braids: 974609
  Candidates to generate: 5088623
  Processing in 51 chunks...
  Projlen distribution:
    projlen=90: 4 braids
    projlen=91: 10 braids
    projlen=92: 82 braids
    projlen=93: 102 braids
    projlen=94: 589 braids
    projlen=95: 676 braids
    projlen=96: 6973 braids
    projlen=97: 6167 braids
    projlen=98: 63398 braids
    projlen=99: 45055 braids
    projlen=100: 268280 braids
    projlen=101: 181817 braids
    projlen=102: 360894 braids
    projlen=103: 174331 braids
    projlen=104: 356300 braids
    projlen=105: 160835 braids
    projlen=106: 352617 braids
    projlen=107: 156823 braids
    projlen=108: 349404 braids
    projlen=109: 155858 braids
    projlen=110: 346797 braids
    projlen=111: 159527 braids
    projlen=112: 343449 braids
    projlen=113: 167368 braids
    projlen=114: 337155 braids
    projlen=115: 181702 braids
    projlen=116: 327117 braids
    projlen=117: 208719 braids
    projlen=118: 288406 braids
    projlen=119: 88168 braids
  Braids kept: 1109658 (in 30 buckets, 2.97 GB CPU)
  ⚡ Timing: matmul=0.16s, sampling=8.48s, total=12.86s
============================================================
Level 181 - SAMPLING
============================================================
  Starting braids: 959658
  Candidates to generate: 4997822
  Processing in 50 chunks...
  Projlen distribution:
    projlen=90: 3 braids
    projlen=91: 5 braids
    projlen=92: 60 braids
    projlen=93: 75 braids
    projlen=94: 653 braids
    projlen=95: 592 braids
    projlen=96: 4341 braids
    projlen=97: 4009 braids
    projlen=98: 38762 braids
    projlen=99: 29732 braids
    projlen=100: 253304 braids
    projlen=101: 172127 braids
    projlen=102: 347251 braids
    projlen=103: 179793 braids
    projlen=104: 355044 braids
    projlen=105: 165709 braids
    projlen=106: 352123 braids
    projlen=107: 159162 braids
    projlen=108: 349176 braids
    projlen=109: 156226 braids
    projlen=110: 347973 braids
    projlen=111: 156640 braids
    projlen=112: 345354 braids
    projlen=113: 162381 braids
    projlen=114: 341454 braids
    projlen=115: 173072 braids
    projlen=116: 333305 braids
    projlen=117: 187926 braids
    projlen=118: 296992 braids
    projlen=119: 84578 braids
  Braids kept: 1078232 (in 30 buckets, 2.89 GB CPU)
  ⚡ Timing: matmul=0.25s, sampling=8.29s, total=12.68s
============================================================
Level 182 - SAMPLING
============================================================
  Starting braids: 978232
  Candidates to generate: 5076820
  Processing in 51 chunks...
  Projlen distribution:
    projlen=90: 1 braids
    projlen=91: 2 braids
    projlen=92: 38 braids
    projlen=93: 51 braids
    projlen=94: 490 braids
    projlen=95: 448 braids
    projlen=96: 4101 braids
    projlen=97: 3363 braids
    projlen=98: 26226 braids
    projlen=99: 20793 braids
    projlen=100: 191545 braids
    projlen=101: 127484 braids
    projlen=102: 310051 braids
    projlen=103: 179647 braids
    projlen=104: 355365 braids
    projlen=105: 171570 braids
    projlen=106: 351247 braids
    projlen=107: 165046 braids
    projlen=108: 347179 braids
    projlen=109: 159527 braids
    projlen=110: 346525 braids
    projlen=111: 157144 braids
    projlen=112: 346740 braids
    projlen=113: 158557 braids
    projlen=114: 343772 braids
    projlen=115: 165881 braids
    projlen=116: 338323 braids
    projlen=117: 179059 braids
    projlen=118: 325429 braids
    projlen=119: 189077 braids
    projlen=120: 112139 braids
  Braids kept: 1105513 (in 31 buckets, 2.99 GB CPU)
  ⚡ Timing: matmul=0.16s, sampling=8.58s, total=12.95s
============================================================
Level 183 - SAMPLING
============================================================
  Starting braids: 955513
  Candidates to generate: 4959801
  Processing in 50 chunks...
  Projlen distribution:
    projlen=90: 4 braids
    projlen=91: 3 braids
    projlen=92: 13 braids
    projlen=93: 17 braids
    projlen=94: 295 braids
    projlen=95: 313 braids
    projlen=96: 3191 braids
    projlen=97: 2614 braids
    projlen=98: 23259 braids
    projlen=99: 17131 braids
    projlen=100: 132754 braids
    projlen=101: 89708 braids
    projlen=102: 289695 braids
    projlen=103: 181688 braids
    projlen=104: 356551 braids
    projlen=105: 173462 braids
    projlen=106: 350850 braids
    projlen=107: 170336 braids
    projlen=108: 345914 braids
    projlen=109: 167667 braids
    projlen=110: 344087 braids
    projlen=111: 162257 braids
    projlen=112: 345932 braids
    projlen=113: 159699 braids
    projlen=114: 345249 braids
    projlen=115: 161139 braids
    projlen=116: 342964 braids
    projlen=117: 170029 braids
    projlen=118: 330720 braids
    projlen=119: 179211 braids
    projlen=120: 113049 braids
  Braids kept: 1096840 (in 31 buckets, 2.97 GB CPU)
  ⚡ Timing: matmul=0.17s, sampling=8.44s, total=12.75s
============================================================
Level 184 - SAMPLING
============================================================
  Starting braids: 996840
  Candidates to generate: 5199150
  Processing in 52 chunks...
  Projlen distribution:
    projlen=90: 3 braids
    projlen=91: 4 braids
    projlen=92: 28 braids
    projlen=93: 20 braids
    projlen=94: 130 braids
    projlen=95: 134 braids
    projlen=96: 1957 braids
    projlen=97: 1852 braids
    projlen=98: 18419 braids
    projlen=99: 13444 braids
    projlen=100: 116092 braids
    projlen=101: 75568 braids
    projlen=102: 281926 braids
    projlen=103: 183483 braids
    projlen=104: 356547 braids
    projlen=105: 177647 braids
    projlen=106: 352109 braids
    projlen=107: 169587 braids
    projlen=108: 345696 braids
    projlen=109: 173263 braids
    projlen=110: 341251 braids
    projlen=111: 172232 braids
    projlen=112: 340411 braids
    projlen=113: 166455 braids
    projlen=114: 342613 braids
    projlen=115: 162229 braids
    projlen=116: 342897 braids
    projlen=117: 163490 braids
    projlen=118: 338408 braids
    projlen=119: 174676 braids
    projlen=120: 303264 braids
    projlen=121: 83315 braids
  Braids kept: 1135991 (in 32 buckets, 3.09 GB CPU)
  ⚡ Timing: matmul=0.17s, sampling=8.85s, total=13.34s
============================================================
Level 185 - SAMPLING
============================================================
  Starting braids: 985991
  Candidates to generate: 5153659
  Processing in 52 chunks...
  Projlen distribution:
    projlen=92: 23 braids
    projlen=93: 24 braids
    projlen=94: 163 braids
    projlen=95: 124 braids
    projlen=96: 987 braids
    projlen=97: 957 braids
    projlen=98: 11809 braids
    projlen=99: 9585 braids
    projlen=100: 92802 braids
    projlen=101: 60493 braids
    projlen=102: 276171 braids
    projlen=103: 176318 braids
    projlen=104: 358294 braids
    projlen=105: 180275 braids
    projlen=106: 350637 braids
    projlen=107: 172111 braids
    projlen=108: 346640 braids
    projlen=109: 171219 braids
    projlen=110: 341477 braids
    projlen=111: 178884 braids
    projlen=112: 337038 braids
    projlen=113: 179510 braids
    projlen=114: 336986 braids
    projlen=115: 172785 braids
    projlen=116: 340226 braids
    projlen=117: 167033 braids
    projlen=118: 338981 braids
    projlen=119: 166505 braids
    projlen=120: 303852 braids
    projlen=121: 81750 braids
  Braids kept: 1123672 (in 30 buckets, 3.07 GB CPU)
  ⚡ Timing: matmul=0.25s, sampling=8.89s, total=13.46s
============================================================
Level 186 - SAMPLING
============================================================
  Starting braids: 973672
  Candidates to generate: 5107488
  Processing in 52 chunks...
  Projlen distribution:
    projlen=92: 3 braids
    projlen=93: 6 braids
    projlen=94: 141 braids
    projlen=95: 127 braids
    projlen=96: 938 braids
    projlen=97: 749 braids
    projlen=98: 6665 braids
    projlen=99: 5477 braids
    projlen=100: 61464 braids
    projlen=101: 43257 braids
    projlen=102: 268223 braids
    projlen=103: 175495 braids
    projlen=104: 361697 braids
    projlen=105: 173125 braids
    projlen=106: 354374 braids
    projlen=107: 173201 braids
    projlen=108: 346171 braids
    projlen=109: 174249 braids
    projlen=110: 341462 braids
    projlen=111: 176430 braids
    projlen=112: 336432 braids
    projlen=113: 184825 braids
    projlen=114: 331098 braids
    projlen=115: 187462 braids
    projlen=116: 331785 braids
    projlen=117: 181615 braids
    projlen=118: 334388 braids
    projlen=119: 171675 braids
    projlen=120: 303044 braids
    projlen=121: 81910 braids
  Braids kept: 1107363 (in 30 buckets, 3.03 GB CPU)
  ⚡ Timing: matmul=0.16s, sampling=8.86s, total=13.37s
============================================================
Level 187 - SAMPLING
============================================================
  Starting braids: 957363
  Candidates to generate: 5046951
  Processing in 51 chunks...
  Projlen distribution:
    projlen=93: 1 braids
    projlen=94: 36 braids
    projlen=95: 42 braids
    projlen=96: 828 braids
    projlen=97: 706 braids
    projlen=98: 5559 braids
    projlen=99: 4265 braids
    projlen=100: 37696 braids
    projlen=101: 27232 braids
    projlen=102: 253248 braids
    projlen=103: 168542 braids
    projlen=104: 345414 braids
    projlen=105: 173274 braids
    projlen=106: 356852 braids
    projlen=107: 163186 braids
    projlen=108: 349352 braids
    projlen=109: 172897 braids
    projlen=110: 340938 braids
    projlen=111: 179988 braids
    projlen=112: 336276 braids
    projlen=113: 183198 braids
    projlen=114: 331424 braids
    projlen=115: 193607 braids
    projlen=116: 326592 braids
    projlen=117: 198279 braids
    projlen=118: 326218 braids
    projlen=119: 190524 braids
    projlen=120: 296732 braids
    projlen=121: 84045 braids
  Braids kept: 1076365 (in 29 buckets, 2.95 GB CPU)
  ⚡ Timing: matmul=0.16s, sampling=8.61s, total=13.04s
============================================================
Level 188 - SAMPLING
============================================================
  Starting braids: 976365
  Candidates to generate: 5142539
  Processing in 52 chunks...
  Projlen distribution:
    projlen=93: 1 braids
    projlen=94: 8 braids
    projlen=95: 11 braids
    projlen=96: 269 braids
    projlen=97: 263 braids
    projlen=98: 4766 braids
    projlen=99: 3880 braids
    projlen=100: 31171 braids
    projlen=101: 21684 braids
    projlen=102: 189902 braids
    projlen=103: 119789 braids
    projlen=104: 307621 braids
    projlen=105: 177480 braids
    projlen=106: 357266 braids
    projlen=107: 163887 braids
    projlen=108: 353287 braids
    projlen=109: 160880 braids
    projlen=110: 346504 braids
    projlen=111: 176717 braids
    projlen=112: 336530 braids
    projlen=113: 187143 braids
    projlen=114: 331479 braids
    projlen=115: 192207 braids
    projlen=116: 326244 braids
    projlen=117: 202773 braids
    projlen=118: 320637 braids
    projlen=119: 208448 braids
    projlen=120: 315217 braids
    projlen=121: 196201 braids
    projlen=122: 110274 braids
  Braids kept: 1112053 (in 30 buckets, 3.07 GB CPU)
  ⚡ Timing: matmul=0.15s, sampling=8.77s, total=13.26s
============================================================
Level 189 - SAMPLING
============================================================
  Starting braids: 962053
  Candidates to generate: 5075749
  Processing in 51 chunks...
  Projlen distribution:
    projlen=94: 6 braids
    projlen=95: 10 braids
    projlen=96: 81 braids
    projlen=97: 107 braids
    projlen=98: 1757 braids
    projlen=99: 1688 braids
    projlen=100: 26337 braids
    projlen=101: 19441 braids
    projlen=102: 156683 braids
    projlen=103: 97201 braids
    projlen=104: 298867 braids
    projlen=105: 176172 braids
    projlen=106: 361065 braids
    projlen=107: 170902 braids
    projlen=108: 354367 braids
    projlen=109: 161680 braids
    projlen=110: 349814 braids
    projlen=111: 162014 braids
    projlen=112: 341865 braids
    projlen=113: 181380 braids
    projlen=114: 332293 braids
    projlen=115: 195606 braids
    projlen=116: 326451 braids
    projlen=117: 201870 braids
    projlen=118: 321301 braids
    projlen=119: 210514 braids
    projlen=120: 309857 braids
    projlen=121: 208506 braids
    projlen=122: 107914 braids
  Braids kept: 1099427 (in 29 buckets, 3.04 GB CPU)
  ⚡ Timing: matmul=0.15s, sampling=8.71s, total=13.13s
============================================================
Level 190 - SAMPLING
============================================================
  Starting braids: 999427
  Candidates to generate: 5273373
  Processing in 53 chunks...
  Projlen distribution:
    projlen=95: 4 braids
    projlen=96: 57 braids
    projlen=97: 71 braids
    projlen=98: 698 braids
    projlen=99: 800 braids
    projlen=100: 10907 braids
    projlen=101: 8892 braids
    projlen=102: 129778 braids
    projlen=103: 85502 braids
    projlen=104: 292381 braids
    projlen=105: 174020 braids
    projlen=106: 363283 braids
    projlen=107: 169169 braids
    projlen=108: 356589 braids
    projlen=109: 164781 braids
    projlen=110: 349986 braids
    projlen=111: 161914 braids
    projlen=112: 345775 braids
    projlen=113: 164276 braids
    projlen=114: 338827 braids
    projlen=115: 187717 braids
    projlen=116: 326605 braids
    projlen=117: 203795 braids
    projlen=118: 320030 braids
    projlen=119: 211640 braids
    projlen=120: 313786 braids
    projlen=121: 217290 braids
    projlen=122: 285529 braids
    projlen=123: 89271 braids
  Braids kept: 1121429 (in 29 buckets, 3.12 GB CPU)
  ⚡ Timing: matmul=0.16s, sampling=9.22s, total=13.84s
============================================================
Level 191 - SAMPLING
============================================================
  Starting braids: 971429
  Candidates to generate: 5107551
  Processing in 52 chunks...
  Projlen distribution:
    projlen=95: 3 braids
    projlen=96: 14 braids
    projlen=97: 26 braids
    projlen=98: 479 braids
    projlen=99: 531 braids
    projlen=100: 5085 braids
    projlen=101: 4556 braids
    projlen=102: 56533 braids
    projlen=103: 38975 braids
    projlen=104: 267551 braids
    projlen=105: 176142 braids
    projlen=106: 362439 braids
    projlen=107: 168219 braids
    projlen=108: 357744 braids
    projlen=109: 160581 braids
    projlen=110: 351953 braids
    projlen=111: 163613 braids
    projlen=112: 346819 braids
    projlen=113: 164694 braids
    projlen=114: 343035 braids
    projlen=115: 167912 braids
    projlen=116: 334696 braids
    projlen=117: 194583 braids
    projlen=118: 322477 braids
    projlen=119: 212818 braids
    projlen=120: 313542 braids
    projlen=121: 219430 braids
    projlen=122: 284556 braids
    projlen=123: 88545 braids
  Braids kept: 1099669 (in 29 buckets, 3.07 GB CPU)
  ⚡ Timing: matmul=0.16s, sampling=8.87s, total=13.40s
============================================================
Level 192 - SAMPLING
============================================================
  Starting braids: 999669
  Candidates to generate: 5247313
  Processing in 53 chunks...
  Projlen distribution:
    projlen=96: 16 braids
    projlen=97: 25 braids
    projlen=98: 192 braids
    projlen=99: 257 braids
    projlen=100: 3359 braids
    projlen=101: 3137 braids
    projlen=102: 29856 braids
    projlen=103: 22562 braids
    projlen=104: 248752 braids
    projlen=105: 160795 braids
    projlen=106: 337034 braids
    projlen=107: 172542 braids
    projlen=108: 358563 braids
    projlen=109: 159739 braids
    projlen=110: 353622 braids
    projlen=111: 157567 braids
    projlen=112: 348047 braids
    projlen=113: 165775 braids
    projlen=114: 343745 braids
    projlen=115: 169072 braids
    projlen=116: 339849 braids
    projlen=117: 173413 braids
    projlen=118: 330301 braids
    projlen=119: 200895 braids
    projlen=120: 317304 braids
    projlen=121: 220797 braids
    projlen=122: 304588 braids
    projlen=123: 218485 braids
    projlen=124: 107024 braids
  Braids kept: 1109404 (in 29 buckets, 3.12 GB CPU)
  ⚡ Timing: matmul=0.15s, sampling=9.09s, total=13.75s
============================================================
Level 193 - SAMPLING
============================================================
  Starting braids: 959404
  Candidates to generate: 5022654
  Processing in 51 chunks...
  Projlen distribution:
    projlen=95: 1 braids
    projlen=96: 2 braids
    projlen=97: 10 braids
    projlen=98: 165 braids
    projlen=99: 185 braids
    projlen=100: 1665 braids
    projlen=101: 1674 braids
    projlen=102: 20447 braids
    projlen=103: 16048 braids
    projlen=104: 151100 braids
    projlen=105: 97676 braids
    projlen=106: 298691 braids
    projlen=107: 175990 braids
    projlen=108: 361234 braids
    projlen=109: 163536 braids
    projlen=110: 354773 braids
    projlen=111: 156220 braids
    projlen=112: 350372 braids
    projlen=113: 157180 braids
    projlen=114: 346132 braids
    projlen=115: 168564 braids
    projlen=116: 340071 braids
    projlen=117: 175102 braids
    projlen=118: 336282 braids
    projlen=119: 180550 braids
    projlen=120: 328104 braids
    projlen=121: 208198 braids
    projlen=122: 308667 braids
    projlen=123: 217163 braids
    projlen=124: 106852 braids
  Braids kept: 1090197 (in 30 buckets, 3.07 GB CPU)
  ⚡ Timing: matmul=0.17s, sampling=8.86s, total=13.34s
============================================================
Level 194 - SAMPLING
============================================================
  Starting braids: 990197
  Candidates to generate: 5185557
  Processing in 52 chunks...
  Projlen distribution:
    projlen=95: 1 braids
    projlen=96: 2 braids
    projlen=97: 6 braids
    projlen=98: 48 braids
    projlen=99: 87 braids
    projlen=100: 1228 braids
    projlen=101: 1157 braids
    projlen=102: 11212 braids
    projlen=103: 9164 braids
    projlen=104: 104565 braids
    projlen=105: 70456 braids
    projlen=106: 284555 braids
    projlen=107: 176871 braids
    projlen=108: 362967 braids
    projlen=109: 168546 braids
    projlen=110: 355226 braids
    projlen=111: 157951 braids
    projlen=112: 351365 braids
    projlen=113: 154846 braids
    projlen=114: 349623 braids
    projlen=115: 158192 braids
    projlen=116: 343302 braids
    projlen=117: 172182 braids
    projlen=118: 336884 braids
    projlen=119: 181885 braids
    projlen=120: 332018 braids
    projlen=121: 189122 braids
    projlen=122: 322151 braids
    projlen=123: 213205 braids
    projlen=124: 287095 braids
    projlen=125: 89645 braids
  Braids kept: 1122905 (in 31 buckets, 3.19 GB CPU)
  ⚡ Timing: matmul=0.16s, sampling=9.19s, total=13.80s
============================================================
Level 195 - SAMPLING
============================================================
  Starting braids: 972905
  Candidates to generate: 5084607
  Processing in 51 chunks...
  Projlen distribution:
    projlen=96: 4 braids
    projlen=97: 4 braids
    projlen=98: 38 braids
    projlen=99: 45 braids
    projlen=100: 477 braids
    projlen=101: 596 braids
    projlen=102: 7668 braids
    projlen=103: 6316 braids
    projlen=104: 59535 braids
    projlen=105: 41396 braids
    projlen=106: 268603 braids
    projlen=107: 179135 braids
    projlen=108: 363678 braids
    projlen=109: 171563 braids
    projlen=110: 358456 braids
    projlen=111: 160873 braids
    projlen=112: 353087 braids
    projlen=113: 156803 braids
    projlen=114: 349521 braids
    projlen=115: 154862 braids
    projlen=116: 347190 braids
    projlen=117: 159721 braids
    projlen=118: 341687 braids
    projlen=119: 177786 braids
    projlen=120: 332750 braids
    projlen=121: 189843 braids
    projlen=122: 326876 braids
    projlen=123: 196359 braids
    projlen=124: 294266 braids
    projlen=125: 85469 braids
  Braids kept: 1106544 (in 30 buckets, 3.15 GB CPU)
  ⚡ Timing: matmul=0.16s, sampling=8.96s, total=13.52s
============================================================
Level 196 - SAMPLING
============================================================
  Starting braids: 956544
  Candidates to generate: 4998170
  Processing in 50 chunks...
  Projlen distribution:
    projlen=96: 3 braids
    projlen=97: 3 braids
    projlen=98: 36 braids
    projlen=99: 40 braids
    projlen=100: 325 braids
    projlen=101: 367 braids
    projlen=102: 3587 braids
    projlen=103: 3512 braids
    projlen=104: 41348 braids
    projlen=105: 30244 braids
    projlen=106: 254574 braids
    projlen=107: 166199 braids
    projlen=108: 342834 braids
    projlen=109: 176384 braids
    projlen=110: 358337 braids
    projlen=111: 161991 braids
    projlen=112: 352832 braids
    projlen=113: 157933 braids
    projlen=114: 350282 braids
    projlen=115: 157112 braids
    projlen=116: 347618 braids
    projlen=117: 155751 braids
    projlen=118: 346766 braids
    projlen=119: 161809 braids
    projlen=120: 340304 braids
    projlen=121: 184358 braids
    projlen=122: 328304 braids
    projlen=123: 196575 braids
    projlen=124: 293361 braids
    projlen=125: 85381 braids
  Braids kept: 1079465 (in 30 buckets, 3.08 GB CPU)
  ⚡ Timing: matmul=0.16s, sampling=8.72s, total=13.20s
============================================================
Level 197 - SAMPLING
============================================================
  Starting braids: 979465
  Candidates to generate: 5094195
  Processing in 51 chunks...
  Projlen distribution:
    projlen=97: 2 braids
    projlen=98: 20 braids
    projlen=99: 23 braids
    projlen=100: 278 braids
    projlen=101: 274 braids
    projlen=102: 2386 braids
    projlen=103: 2296 braids
    projlen=104: 22224 braids
    projlen=105: 18149 braids
    projlen=106: 201209 braids
    projlen=107: 130371 braids
    projlen=108: 315005 braids
    projlen=109: 177928 braids
    projlen=110: 359285 braids
    projlen=111: 166789 braids
    projlen=112: 354500 braids
    projlen=113: 159246 braids
    projlen=114: 349890 braids
    projlen=115: 157755 braids
    projlen=116: 347841 braids
    projlen=117: 157957 braids
    projlen=118: 347153 braids
    projlen=119: 157152 braids
    projlen=120: 345082 braids
    projlen=121: 164404 braids
    projlen=122: 337122 braids
    projlen=123: 190224 braids
    projlen=124: 319566 braids
    projlen=125: 199389 braids
    projlen=126: 110675 braids
  Braids kept: 1095652 (in 30 buckets, 3.15 GB CPU)
  ⚡ Timing: matmul=0.16s, sampling=9.11s, total=13.68s
============================================================
Level 198 - SAMPLING
============================================================
  Starting braids: 995652
  Candidates to generate: 5179534
  Processing in 52 chunks...
  Projlen distribution:
    projlen=98: 7 braids
    projlen=99: 20 braids
    projlen=100: 138 braids
    projlen=101: 157 braids
    projlen=102: 1915 braids
    projlen=103: 1756 braids
    projlen=104: 15066 braids
    projlen=105: 12115 braids
    projlen=106: 114610 braids
    projlen=107: 77586 braids
    projlen=108: 286108 braids
    projlen=109: 176170 braids
    projlen=110: 358986 braids
    projlen=111: 169110 braids
    projlen=112: 353754 braids
    projlen=113: 163158 braids
    projlen=114: 350632 braids
    projlen=115: 159993 braids
    projlen=116: 347088 braids
    projlen=117: 159141 braids
    projlen=118: 344973 braids
    projlen=119: 159661 braids
    projlen=120: 346027 braids
    projlen=121: 159629 braids
    projlen=122: 342946 braids
    projlen=123: 168327 braids
    projlen=124: 332577 braids
    projlen=125: 196183 braids
    projlen=126: 294880 braids
    projlen=127: 86821 braids
  Braids kept: 1131174 (in 30 buckets, 3.27 GB CPU)
  ⚡ Timing: matmul=0.16s, sampling=9.31s, total=14.01s
============================================================
Level 199 - SAMPLING
============================================================
  Starting braids: 981174
  Candidates to generate: 5098374
  Processing in 51 chunks...
  Projlen distribution:
    projlen=98: 4 braids
    projlen=99: 4 braids
    projlen=100: 99 braids
    projlen=101: 131 braids
    projlen=102: 948 braids
    projlen=103: 957 braids
    projlen=104: 11709 braids
    projlen=105: 9438 braids
    projlen=106: 79481 braids
    projlen=107: 53930 braids
    projlen=108: 274901 braids
    projlen=109: 181176 braids
    projlen=110: 360570 braids
    projlen=111: 170569 braids
    projlen=112: 354653 braids
    projlen=113: 163080 braids
    projlen=114: 348793 braids
    projlen=115: 163410 braids
    projlen=116: 346132 braids
    projlen=117: 161529 braids
    projlen=118: 345640 braids
    projlen=119: 161484 braids
    projlen=120: 343942 braids
    projlen=121: 162583 braids
    projlen=122: 343527 braids
    projlen=123: 162928 braids
    projlen=124: 339996 braids
    projlen=125: 172067 braids
    projlen=126: 302363 braids
    projlen=127: 82330 braids
  Braids kept: 1123290 (in 30 buckets, 3.25 GB CPU)
  ⚡ Timing: matmul=0.16s, sampling=9.24s, total=13.86s
============================================================
Level 200 - SAMPLING
============================================================
  Starting braids: 973290
  Candidates to generate: 5067022
  Processing in 51 chunks...
  Projlen distribution:
    projlen=98: 3 braids
    projlen=99: 5 braids
    projlen=100: 41 braids
    projlen=101: 62 braids
    projlen=102: 796 braids
    projlen=103: 830 braids
    projlen=104: 6094 braids
    projlen=105: 5147 braids
    projlen=106: 61925 braids
    projlen=107: 43936 braids
    projlen=108: 268766 braids
    projlen=109: 178955 braids
    projlen=110: 360298 braids
    projlen=111: 176812 braids
    projlen=112: 355901 braids
    projlen=113: 162542 braids
    projlen=114: 350162 braids
    projlen=115: 162051 braids
    projlen=116: 345937 braids
    projlen=117: 166789 braids
    projlen=118: 344001 braids
    projlen=119: 165009 braids
    projlen=120: 343373 braids
    projlen=121: 165240 braids
    projlen=122: 342402 braids
    projlen=123: 167590 braids
    projlen=124: 340176 braids
    projlen=125: 165498 braids
    projlen=126: 305218 braids
    projlen=127: 81463 braids
  Braids kept: 1106914 (in 30 buckets, 3.21 GB CPU)
  ⚡ Timing: matmul=0.15s, sampling=9.04s, total=13.67s
============================================================
Level 201 - SAMPLING
============================================================
  Starting braids: 956914
  Candidates to generate: 5001636
  Processing in 51 chunks...
  Projlen distribution:
    projlen=99: 1 braids
    projlen=100: 31 braids
    projlen=101: 47 braids
    projlen=102: 390 braids
    projlen=103: 452 braids
    projlen=104: 5270 braids
    projlen=105: 4612 braids
    projlen=106: 34118 braids
    projlen=107: 24922 braids
    projlen=108: 253475 braids
    projlen=109: 170073 braids
    projlen=110: 347364 braids
    projlen=111: 177705 braids
    projlen=112: 355835 braids
    projlen=113: 167475 braids
    projlen=114: 353387 braids
    projlen=115: 162027 braids
    projlen=116: 348008 braids
    projlen=117: 164247 braids
    projlen=118: 343632 braids
    projlen=119: 171259 braids
    projlen=120: 340650 braids
    projlen=121: 170482 braids
    projlen=122: 341089 braids
    projlen=123: 170718 braids
    projlen=124: 339202 braids
    projlen=125: 171168 braids
    projlen=126: 302308 braids
    projlen=127: 81689 braids
  Braids kept: 1069843 (in 29 buckets, 3.11 GB CPU)
  ⚡ Timing: matmul=0.15s, sampling=9.14s, total=13.77s
============================================================
Level 202 - SAMPLING
============================================================
  Starting braids: 969843
  Candidates to generate: 5050123
  Processing in 51 chunks...
  Projlen distribution:
    projlen=100: 6 braids
    projlen=101: 19 braids
    projlen=102: 274 braids
    projlen=103: 336 braids
    projlen=104: 2874 braids
    projlen=105: 2762 braids
    projlen=106: 30599 braids
    projlen=107: 23298 braids
    projlen=108: 170396 braids
    projlen=109: 107530 braids
    projlen=110: 302457 braids
    projlen=111: 178900 braids
    projlen=112: 357482 braids
    projlen=113: 168766 braids
    projlen=114: 351590 braids
    projlen=115: 165731 braids
    projlen=116: 348272 braids
    projlen=117: 163002 braids
    projlen=118: 345369 braids
    projlen=119: 168079 braids
    projlen=120: 340085 braids
    projlen=121: 177320 braids
    projlen=122: 337123 braids
    projlen=123: 177417 braids
    projlen=124: 336142 braids
    projlen=125: 176097 braids
    projlen=126: 330159 braids
    projlen=127: 173907 braids
    projlen=128: 114131 braids
  Braids kept: 1110168 (in 29 buckets, 3.25 GB CPU)
  ⚡ Timing: matmul=0.26s, sampling=9.32s, total=14.07s
============================================================
Level 203 - SAMPLING
============================================================
  Starting braids: 960168
  Candidates to generate: 5018160
  Processing in 51 chunks...
  Projlen distribution:
    projlen=101: 5 braids
    projlen=102: 97 braids
    projlen=103: 160 braids
    projlen=104: 1998 braids
    projlen=105: 2003 braids
    projlen=106: 18148 braids
    projlen=107: 14547 braids
    projlen=108: 153185 braids
    projlen=109: 101960 braids
    projlen=110: 297982 braids
    projlen=111: 176628 braids
    projlen=112: 359199 braids
    projlen=113: 171463 braids
    projlen=114: 353027 braids
    projlen=115: 165597 braids
    projlen=116: 346631 braids
    projlen=117: 168206 braids
    projlen=118: 344950 braids
    projlen=119: 166774 braids
    projlen=120: 342954 braids
    projlen=121: 172879 braids
    projlen=122: 337900 braids
    projlen=123: 184371 braids
    projlen=124: 333016 braids
    projlen=125: 186527 braids
    projlen=126: 326949 braids
    projlen=127: 178442 braids
    projlen=128: 112562 braids
  Braids kept: 1086958 (in 28 buckets, 3.19 GB CPU)
  ⚡ Timing: matmul=0.14s, sampling=9.22s, total=13.81s
============================================================
Level 204 - SAMPLING
============================================================
  Starting braids: 986958
  Candidates to generate: 5184144
  Processing in 52 chunks...
  Projlen distribution:
    projlen=101: 7 braids
    projlen=102: 22 braids
    projlen=103: 64 braids
    projlen=104: 934 braids
    projlen=105: 1058 braids
    projlen=106: 12697 braids
    projlen=107: 10358 braids
    projlen=108: 94056 braids
    projlen=109: 63609 braids
    projlen=110: 278659 braids
    projlen=111: 180364 braids
    projlen=112: 359975 braids
    projlen=113: 171883 braids
    projlen=114: 354657 braids
    projlen=115: 165031 braids
    projlen=116: 349504 braids
    projlen=117: 167405 braids
    projlen=118: 342832 braids
    projlen=119: 172725 braids
    projlen=120: 341771 braids
    projlen=121: 171830 braids
    projlen=122: 338899 braids
    projlen=123: 178659 braids
    projlen=124: 332804 braids
    projlen=125: 192533 braids
    projlen=126: 326531 braids
    projlen=127: 194428 braids
    projlen=128: 295998 braids
    projlen=129: 84851 braids
  Braids kept: 1125140 (in 29 buckets, 3.32 GB CPU)
  ⚡ Timing: matmul=0.30s, sampling=9.64s, total=16.41s
============================================================
Level 205 - SAMPLING
============================================================
  Starting braids: 975140
  Candidates to generate: 5124796
  Processing in 52 chunks...
  Projlen distribution:
    projlen=101: 4 braids
    projlen=102: 27 braids
    projlen=103: 55 braids
    projlen=104: 367 braids
    projlen=105: 518 braids
    projlen=106: 6554 braids
    projlen=107: 5906 braids
    projlen=108: 66313 braids
    projlen=109: 46539 braids
    projlen=110: 270962 braids
    projlen=111: 180688 braids
    projlen=112: 360921 braids
    projlen=113: 176836 braids
    projlen=114: 354875 braids
    projlen=115: 165618 braids
    projlen=116: 350311 braids
    projlen=117: 164969 braids
    projlen=118: 344678 braids
    projlen=119: 170418 braids
    projlen=120: 338103 braids
    projlen=121: 178610 braids
    projlen=122: 337319 braids
    projlen=123: 178530 braids
    projlen=124: 335068 braids
    projlen=125: 185735 braids
    projlen=126: 327470 braids
    projlen=127: 199165 braids
    projlen=128: 292412 braids
    projlen=129: 85825 braids
  Braids kept: 1109970 (in 29 buckets, 3.28 GB CPU)
  ⚡ Timing: matmul=0.17s, sampling=9.56s, total=16.27s
============================================================
Level 206 - SAMPLING
============================================================
  Starting braids: 959970
  Candidates to generate: 5044120
  Processing in 51 chunks...
  Projlen distribution:
    projlen=101: 4 braids
    projlen=102: 23 braids
    projlen=103: 46 braids
    projlen=104: 304 braids
    projlen=105: 352 braids
    projlen=106: 3144 braids
    projlen=107: 3080 braids
    projlen=108: 37089 braids
    projlen=109: 28598 braids
    projlen=110: 257815 braids
    projlen=111: 174446 braids
    projlen=112: 353076 braids
    projlen=113: 178214 braids
    projlen=114: 354628 braids
    projlen=115: 168230 braids
    projlen=116: 349393 braids
    projlen=117: 165152 braids
    projlen=118: 345885 braids
    projlen=119: 167631 braids
    projlen=120: 340608 braids
    projlen=121: 175963 braids
    projlen=122: 334819 braids
    projlen=123: 186442 braids
    projlen=124: 330925 braids
    projlen=125: 187229 braids
    projlen=126: 328649 braids
    projlen=127: 191801 braids
    projlen=128: 295666 braids
    projlen=129: 84908 braids
  Braids kept: 1072640 (in 29 buckets, 3.18 GB CPU)
  ⚡ Timing: matmul=0.17s, sampling=9.29s, total=15.88s
============================================================
Level 207 - SAMPLING
============================================================
  Starting braids: 972640
  Candidates to generate: 5105786
  Processing in 52 chunks...
  Projlen distribution:
    projlen=102: 19 braids
    projlen=103: 32 braids
    projlen=104: 240 braids
    projlen=105: 280 braids
    projlen=106: 2379 braids
    projlen=107: 2190 braids
    projlen=108: 20008 braids
    projlen=109: 16247 braids
    projlen=110: 184937 braids
    projlen=111: 123818 braids
    projlen=112: 311356 braids
    projlen=113: 178501 braids
    projlen=114: 356846 braids
    projlen=115: 169158 braids
    projlen=116: 350019 braids
    projlen=117: 167709 braids
    projlen=118: 345300 braids
    projlen=119: 168485 braids
    projlen=120: 341917 braids
    projlen=121: 171976 braids
    projlen=122: 337090 braids
    projlen=123: 182401 braids
    projlen=124: 330766 braids
    projlen=125: 195242 braids
    projlen=126: 325708 braids
    projlen=127: 197323 braids
    projlen=128: 319163 braids
    projlen=129: 194997 braids
    projlen=130: 111679 braids
  Braids kept: 1091395 (in 29 buckets, 3.26 GB CPU)
  ⚡ Timing: matmul=0.15s, sampling=9.65s, total=16.36s
============================================================
Level 208 - SAMPLING
============================================================
  Starting braids: 991395
  Candidates to generate: 5223219
  Processing in 53 chunks...
  Projlen distribution:
    projlen=101: 1 braids
    projlen=102: 5 braids
    projlen=103: 9 braids
    projlen=104: 184 braids
    projlen=105: 190 braids
    projlen=106: 1841 braids
    projlen=107: 1687 braids
    projlen=108: 14980 braids
    projlen=109: 11572 braids
    projlen=110: 104471 braids
    projlen=111: 69895 braids
    projlen=112: 282156 braids
    projlen=113: 181180 braids
    projlen=114: 358649 braids
    projlen=115: 171495 braids
    projlen=116: 351563 braids
    projlen=117: 166962 braids
    projlen=118: 345631 braids
    projlen=119: 171386 braids
    projlen=120: 341180 braids
    projlen=121: 173820 braids
    projlen=122: 338646 braids
    projlen=123: 178390 braids
    projlen=124: 333081 braids
    projlen=125: 190663 braids
    projlen=126: 324849 braids
    projlen=127: 204401 braids
    projlen=128: 318536 braids
    projlen=129: 206777 braids
    projlen=130: 291783 braids
    projlen=131: 87236 braids
  Braids kept: 1130469 (in 31 buckets, 3.39 GB CPU)
  ⚡ Timing: matmul=0.16s, sampling=10.04s, total=16.92s
============================================================
Level 209 - SAMPLING
============================================================
  Starting braids: 980469
  Candidates to generate: 5173995
  Processing in 52 chunks...
  Projlen distribution:
    projlen=102: 3 braids
    projlen=103: 5 braids
    projlen=104: 73 braids
    projlen=105: 89 braids
    projlen=106: 1302 braids
    projlen=107: 1199 braids
    projlen=108: 11419 braids
    projlen=109: 8976 braids
    projlen=110: 78359 braids
    projlen=111: 52392 braids
    projlen=112: 274350 braids
    projlen=113: 179079 braids
    projlen=114: 361327 braids
    projlen=115: 176666 braids
    projlen=116: 354264 braids
    projlen=117: 166741 braids
    projlen=118: 347022 braids
    projlen=119: 169213 braids
    projlen=120: 341383 braids
    projlen=121: 176993 braids
    projlen=122: 337386 braids
    projlen=123: 180282 braids
    projlen=124: 333949 braids
    projlen=125: 186192 braids
    projlen=126: 327910 braids
    projlen=127: 199423 braids
    projlen=128: 319539 braids
    projlen=129: 212417 braids
    projlen=130: 288149 braids
    projlen=131: 87893 braids
  Braids kept: 1123066 (in 30 buckets, 3.37 GB CPU)
  ⚡ Timing: matmul=0.20s, sampling=9.91s, total=16.73s
============================================================
Level 210 - SAMPLING
============================================================
  Starting braids: 973066
  Candidates to generate: 5134142
  Processing in 52 chunks...
  Projlen distribution:
    projlen=103: 1 braids
    projlen=104: 43 braids
    projlen=105: 47 braids
    projlen=106: 598 braids
    projlen=107: 630 braids
    projlen=108: 7967 braids
    projlen=109: 6524 braids
    projlen=110: 60868 braids
    projlen=111: 41993 braids
    projlen=112: 268539 braids
    projlen=113: 177246 braids
    projlen=114: 362923 braids
    projlen=115: 175092 braids
    projlen=116: 355993 braids
    projlen=117: 168566 braids
    projlen=118: 349185 braids
    projlen=119: 167449 braids
    projlen=120: 342344 braids
    projlen=121: 173643 braids
    projlen=122: 337730 braids
    projlen=123: 183847 braids
    projlen=124: 332353 braids
    projlen=125: 189226 braids
    projlen=126: 328714 braids
    projlen=127: 195594 braids
    projlen=128: 323041 braids
    projlen=129: 207318 braids
    projlen=130: 289553 braids
    projlen=131: 87115 braids
  Braids kept: 1107803 (in 29 buckets, 3.34 GB CPU)
  ⚡ Timing: matmul=0.17s, sampling=9.88s, total=16.67s
============================================================
Level 211 - SAMPLING
============================================================
  Starting braids: 957803
  Candidates to generate: 5056045
  Processing in 51 chunks...
  Projlen distribution:
    projlen=103: 2 braids
    projlen=104: 3 braids
    projlen=105: 17 braids
    projlen=106: 334 braids
    projlen=107: 386 braids
    projlen=108: 4024 braids
    projlen=109: 3626 braids
    projlen=110: 43695 braids
    projlen=111: 31627 braids
    projlen=112: 256185 braids
    projlen=113: 164372 braids
    projlen=114: 343977 braids
    projlen=115: 174848 braids
    projlen=116: 358373 braids
    projlen=117: 164427 braids
    projlen=118: 351778 braids
    projlen=119: 167612 braids
    projlen=120: 344363 braids
    projlen=121: 171169 braids
    projlen=122: 338746 braids
    projlen=123: 179304 braids
    projlen=124: 332480 braids
    projlen=125: 191875 braids
    projlen=126: 327396 braids
    projlen=127: 198720 braids
    projlen=128: 323142 braids
    projlen=129: 204564 braids
    projlen=130: 292235 braids
    projlen=131: 86765 braids
  Braids kept: 1083714 (in 29 buckets, 3.27 GB CPU)
  ⚡ Timing: matmul=0.23s, sampling=9.46s, total=16.17s
============================================================
Level 212 - SAMPLING
============================================================
  Starting braids: 983714
  Candidates to generate: 5181216
  Processing in 52 chunks...
  Projlen distribution:
    projlen=103: 2 braids
    projlen=104: 5 braids
    projlen=105: 13 braids
    projlen=106: 98 braids
    projlen=107: 142 braids
    projlen=108: 2296 braids
    projlen=109: 2341 braids
    projlen=110: 24045 braids
    projlen=111: 18791 braids
    projlen=112: 214636 braids
    projlen=113: 136907 braids
    projlen=114: 318477 braids
    projlen=115: 174566 braids
    projlen=116: 360050 braids
    projlen=117: 165315 braids
    projlen=118: 353888 braids
    projlen=119: 161883 braids
    projlen=120: 348009 braids
    projlen=121: 170656 braids
    projlen=122: 340867 braids
    projlen=123: 176651 braids
    projlen=124: 335046 braids
    projlen=125: 187556 braids
    projlen=126: 327464 braids
    projlen=127: 201130 braids
    projlen=128: 322055 braids
    projlen=129: 209163 braids
    projlen=130: 313276 braids
    projlen=131: 206230 braids
    projlen=132: 109658 braids
  Braids kept: 1097733 (in 30 buckets, 3.34 GB CPU)
  ⚡ Timing: matmul=0.22s, sampling=9.84s, total=16.74s
============================================================
Level 213 - SAMPLING
============================================================
  Starting braids: 997733
  Candidates to generate: 5257623
  Processing in 53 chunks...
  Projlen distribution:
    projlen=104: 10 braids
    projlen=105: 13 braids
    projlen=106: 86 braids
    projlen=107: 101 braids
    projlen=108: 953 braids
    projlen=109: 1098 braids
    projlen=110: 14027 braids
    projlen=111: 12212 braids
    projlen=112: 120718 braids
    projlen=113: 80408 braids
    projlen=114: 289026 braids
    projlen=115: 175814 braids
    projlen=116: 361451 braids
    projlen=117: 166290 braids
    projlen=118: 356046 braids
    projlen=119: 160720 braids
    projlen=120: 350127 braids
    projlen=121: 162781 braids
    projlen=122: 343222 braids
    projlen=123: 174330 braids
    projlen=124: 336856 braids
    projlen=125: 183621 braids
    projlen=126: 331070 braids
    projlen=127: 196301 braids
    projlen=128: 322025 braids
    projlen=129: 210482 braids
    projlen=130: 314064 braids
    projlen=131: 217393 braids
    projlen=132: 287446 braids
    projlen=133: 88932 braids
  Braids kept: 1128500 (in 30 buckets, 3.45 GB CPU)
  ⚡ Timing: matmul=0.23s, sampling=10.39s, total=17.47s
============================================================
Level 214 - SAMPLING
============================================================
  Starting braids: 978500
  Candidates to generate: 5145816
  Processing in 52 chunks...
  Projlen distribution:
    projlen=104: 3 braids
    projlen=105: 5 braids
    projlen=106: 95 braids
    projlen=107: 93 braids
    projlen=108: 680 braids
    projlen=109: 714 braids
    projlen=110: 6903 braids
    projlen=111: 6154 braids
    projlen=112: 71574 braids
    projlen=113: 53337 braids
    projlen=114: 272759 braids
    projlen=115: 179604 braids
    projlen=116: 361932 braids
    projlen=117: 170434 braids
    projlen=118: 357149 braids
    projlen=119: 159557 braids
    projlen=120: 351565 braids
    projlen=121: 160141 braids
    projlen=122: 346603 braids
    projlen=123: 164424 braids
    projlen=124: 338857 braids
    projlen=125: 180088 braids
    projlen=126: 331713 braids
    projlen=127: 191713 braids
    projlen=128: 325596 braids
    projlen=129: 205992 braids
    projlen=130: 316596 braids
    projlen=131: 217752 braids
    projlen=132: 285015 braids
    projlen=133: 88768 braids
  Braids kept: 1114647 (in 30 buckets, 3.41 GB CPU)
  ⚡ Timing: matmul=0.17s, sampling=10.06s, total=16.92s
============================================================
Level 215 - SAMPLING
============================================================
  Starting braids: 964647
  Candidates to generate: 5065507
  Processing in 51 chunks...
  Projlen distribution:
    projlen=105: 2 braids
    projlen=106: 31 braids
    projlen=107: 38 braids
    projlen=108: 643 braids
    projlen=109: 570 braids
    projlen=110: 4728 braids
    projlen=111: 4049 braids
    projlen=112: 38852 braids
    projlen=113: 28876 braids
    projlen=114: 256593 braids
    projlen=115: 187693 braids
    projlen=116: 359061 braids
    projlen=117: 176966 braids
    projlen=118: 355318 braids
    projlen=119: 161380 braids
    projlen=120: 352835 braids
    projlen=121: 157069 braids
    projlen=122: 348827 braids
    projlen=123: 161522 braids
    projlen=124: 344556 braids
    projlen=125: 168802 braids
    projlen=126: 336459 braids
    projlen=127: 186918 braids
    projlen=128: 326638 braids
    projlen=129: 200967 braids
    projlen=130: 318983 braids
    projlen=131: 213012 braids
    projlen=132: 286428 braids
    projlen=133: 87691 braids
  Braids kept: 1077789 (in 29 buckets, 3.31 GB CPU)
  ⚡ Timing: matmul=0.19s, sampling=9.55s, total=16.32s
============================================================
Level 216 - SAMPLING
============================================================
  Starting braids: 977789
  Candidates to generate: 5124853
  Processing in 52 chunks...
  Projlen distribution:
    projlen=106: 14 braids
    projlen=107: 23 braids
    projlen=108: 232 braids
    projlen=109: 258 braids
    projlen=110: 3907 braids
    projlen=111: 3268 braids
    projlen=112: 27998 braids
    projlen=113: 20889 braids
    projlen=114: 193571 braids
    projlen=115: 125947 braids
    projlen=116: 306966 braids
    projlen=117: 187256 braids
    projlen=118: 352067 braids
    projlen=119: 169304 braids
    projlen=120: 352740 braids
    projlen=121: 159789 braids
    projlen=122: 350032 braids
    projlen=123: 158004 braids
    projlen=124: 346161 braids
    projlen=125: 163249 braids
    projlen=126: 341310 braids
    projlen=127: 172619 braids
    projlen=128: 332672 braids
    projlen=129: 194090 braids
    projlen=130: 321703 braids
    projlen=131: 209535 braids
    projlen=132: 309957 braids
    projlen=133: 212976 braids
    projlen=134: 108316 braids
  Braids kept: 1106589 (in 29 buckets, 3.42 GB CPU)
  ⚡ Timing: matmul=0.17s, sampling=9.99s, total=16.85s
============================================================
Level 217 - SAMPLING
============================================================
  Starting braids: 956589
  Candidates to generate: 5007037
  Processing in 51 chunks...
  Projlen distribution:
    projlen=106: 7 braids
    projlen=107: 14 braids
    projlen=108: 130 braids
    projlen=109: 167 braids
    projlen=110: 1617 braids
    projlen=111: 1561 braids
    projlen=112: 22089 braids
    projlen=113: 16728 braids
    projlen=114: 142242 braids
    projlen=115: 91631 braids
    projlen=116: 294531 braids
    projlen=117: 179524 braids
    projlen=118: 355495 braids
    projlen=119: 181632 braids
    projlen=120: 347419 braids
    projlen=121: 169673 braids
    projlen=122: 347160 braids
    projlen=123: 160880 braids
    projlen=124: 346327 braids
    projlen=125: 158688 braids
    projlen=126: 344875 braids
    projlen=127: 166552 braids
    projlen=128: 338723 braids
    projlen=129: 179216 braids
    projlen=130: 328399 braids
    projlen=131: 201750 braids
    projlen=132: 313927 braids
    projlen=133: 207781 braids
    projlen=134: 108299 braids
  Braids kept: 1092313 (in 29 buckets, 3.38 GB CPU)
  ⚡ Timing: matmul=0.21s, sampling=9.82s, total=16.59s
============================================================
Level 218 - SAMPLING
============================================================
  Starting braids: 992313
  Candidates to generate: 5206435
  Processing in 53 chunks...
  Projlen distribution:
    projlen=106: 3 braids
    projlen=107: 5 braids
    projlen=108: 80 braids
    projlen=109: 103 braids
    projlen=110: 1064 braids
    projlen=111: 1044 braids
    projlen=112: 10309 braids
    projlen=113: 8330 braids
    projlen=114: 110254 braids
    projlen=115: 73553 braids
    projlen=116: 285618 braids
    projlen=117: 176612 braids
    projlen=118: 361485 braids
    projlen=119: 173300 braids
    projlen=120: 350930 braids
    projlen=121: 177812 braids
    projlen=122: 343050 braids
    projlen=123: 174750 braids
    projlen=124: 342513 braids
    projlen=125: 164113 braids
    projlen=126: 344661 braids
    projlen=127: 161370 braids
    projlen=128: 342194 braids
    projlen=129: 171159 braids
    projlen=130: 336696 braids
    projlen=131: 187269 braids
    projlen=132: 323634 braids
    projlen=133: 207786 braids
    projlen=134: 288490 braids
    projlen=135: 88248 braids
  Braids kept: 1120938 (in 30 buckets, 3.49 GB CPU)
  ⚡ Timing: matmul=0.23s, sampling=10.36s, total=17.45s
============================================================
Level 219 - SAMPLING
============================================================
  Starting braids: 970938
  Candidates to generate: 5087556
  Processing in 51 chunks...
  Projlen distribution:
    projlen=107: 2 braids
    projlen=108: 45 braids
    projlen=109: 57 braids
    projlen=110: 659 braids
    projlen=111: 666 braids
    projlen=112: 7011 braids
    projlen=113: 5811 braids
    projlen=114: 54436 braids
    projlen=115: 37449 braids
    projlen=116: 266456 braids
    projlen=117: 176985 braids
    projlen=118: 362601 braids
    projlen=119: 170943 braids
    projlen=120: 355846 braids
    projlen=121: 165696 braids
    projlen=122: 345425 braids
    projlen=123: 180144 braids
    projlen=124: 336557 braids
    projlen=125: 181639 braids
    projlen=126: 338253 braids
    projlen=127: 170099 braids
    projlen=128: 342204 braids
    projlen=129: 165785 braids
    projlen=130: 339946 braids
    projlen=131: 176581 braids
    projlen=132: 331750 braids
    projlen=133: 193050 braids
    projlen=134: 295905 braids
    projlen=135: 85555 braids
  Braids kept: 1101700 (in 29 buckets, 3.44 GB CPU)
  ⚡ Timing: matmul=0.30s, sampling=10.01s, total=16.95s
============================================================
Level 220 - SAMPLING
============================================================
  Starting braids: 951700
  Candidates to generate: 4996648
  Processing in 50 chunks...
  Projlen distribution:
    projlen=107: 4 braids
    projlen=108: 7 braids
    projlen=109: 25 braids
    projlen=110: 361 braids
    projlen=111: 393 braids
    projlen=112: 4430 braids
    projlen=113: 3892 braids
    projlen=114: 39121 braids
    projlen=115: 28472 braids
    projlen=116: 249730 braids
    projlen=117: 158268 braids
    projlen=118: 332438 braids
    projlen=119: 173185 braids
    projlen=120: 357137 braids
    projlen=121: 161554 braids
    projlen=122: 351276 braids
    projlen=123: 165024 braids
    projlen=124: 341480 braids
    projlen=125: 185137 braids
    projlen=126: 331756 braids
    projlen=127: 190780 braids
    projlen=128: 333755 braids
    projlen=129: 178730 braids
    projlen=130: 338056 braids
    projlen=131: 171038 braids
    projlen=132: 335025 braids
    projlen=133: 181930 braids
    projlen=134: 299647 braids
    projlen=135: 83997 braids
  Braids kept: 1076705 (in 29 buckets, 3.37 GB CPU)
  ⚡ Timing: matmul=0.22s, sampling=9.65s, total=16.37s
============================================================
Level 221 - SAMPLING
============================================================
  Starting braids: 976705
  Candidates to generate: 5112203
  Processing in 52 chunks...
  Projlen distribution:
    projlen=106: 1 braids
    projlen=107: 1 braids
    projlen=108: 13 braids
    projlen=109: 16 braids
    projlen=110: 118 braids
    projlen=111: 161 braids
    projlen=112: 2480 braids
    projlen=113: 2293 braids
    projlen=114: 26236 braids
    projlen=115: 19936 braids
    projlen=116: 192587 braids
    projlen=117: 123319 braids
    projlen=118: 311382 braids
    projlen=119: 175908 braids
    projlen=120: 360500 braids
    projlen=121: 164824 braids
    projlen=122: 353787 braids
    projlen=123: 159493 braids
    projlen=124: 348010 braids
    projlen=125: 166732 braids
    projlen=126: 337330 braids
    projlen=127: 191036 braids
    projlen=128: 326289 braids
    projlen=129: 201517 braids
    projlen=130: 326667 braids
    projlen=131: 188825 braids
    projlen=132: 332456 braids
    projlen=133: 177806 braids
    projlen=134: 325766 braids
    projlen=135: 183729 braids
    projlen=136: 112985 braids
  Braids kept: 1101255 (in 31 buckets, 3.46 GB CPU)
  ⚡ Timing: matmul=0.15s, sampling=10.08s, total=16.97s
============================================================
Level 222 - SAMPLING
============================================================
  Starting braids: 951255
  Candidates to generate: 4982319
  Processing in 50 chunks...
  Projlen distribution:
    projlen=105: 2 braids
    projlen=106: 1 braids
    projlen=107: 4 braids
    projlen=108: 8 braids
    projlen=109: 11 braids
    projlen=110: 110 braids
    projlen=111: 116 braids
    projlen=112: 1032 braids
    projlen=113: 1118 braids
    projlen=114: 14961 braids
    projlen=115: 12067 braids
    projlen=116: 131253 braids
    projlen=117: 86133 braids
    projlen=118: 290859 braids
    projlen=119: 175778 braids
    projlen=120: 360918 braids
    projlen=121: 168113 braids
    projlen=122: 356080 braids
    projlen=123: 159901 braids
    projlen=124: 351020 braids
    projlen=125: 159481 braids
    projlen=126: 345156 braids
    projlen=127: 169942 braids
    projlen=128: 334013 braids
    projlen=129: 198351 braids
    projlen=130: 321619 braids
    projlen=131: 211722 braids
    projlen=132: 318972 braids
    projlen=133: 199638 braids
    projlen=134: 320790 braids
    projlen=135: 181315 braids
    projlen=136: 111835 braids
  Braids kept: 1079430 (in 32 buckets, 3.40 GB CPU)
  ⚡ Timing: matmul=0.21s, sampling=9.81s, total=16.55s
============================================================
Level 223 - SAMPLING
============================================================
  Starting braids: 979430
  Candidates to generate: 5149150
  Processing in 52 chunks...
  Projlen distribution:
    projlen=106: 6 braids
    projlen=107: 9 braids
    projlen=108: 19 braids
    projlen=109: 11 braids
    projlen=110: 92 braids
    projlen=111: 82 braids
    projlen=112: 805 braids
    projlen=113: 829 braids
    projlen=114: 7157 braids
    projlen=115: 6027 braids
    projlen=116: 75179 braids
    projlen=117: 52012 braids
    projlen=118: 273334 braids
    projlen=119: 177394 braids
    projlen=120: 361155 braids
    projlen=121: 170024 braids
    projlen=122: 355903 braids
    projlen=123: 160832 braids
    projlen=124: 351840 braids
    projlen=125: 158872 braids
    projlen=126: 348126 braids
    projlen=127: 160796 braids
    projlen=128: 342256 braids
    projlen=129: 174743 braids
    projlen=130: 330364 braids
    projlen=131: 204944 braids
    projlen=132: 316859 braids
    projlen=133: 220935 braids
    projlen=134: 310811 braids
    projlen=135: 210947 braids
    projlen=136: 290013 braids
    projlen=137: 86774 braids
  Braids kept: 1115037 (in 32 buckets, 3.53 GB CPU)
  ⚡ Timing: matmul=0.18s, sampling=10.32s, total=17.31s
============================================================
Level 224 - SAMPLING
============================================================
  Starting braids: 965037
  Candidates to generate: 5067305
  Processing in 51 chunks...
  Projlen distribution:
    projlen=107: 2 braids
    projlen=108: 55 braids
    projlen=109: 44 braids
    projlen=110: 128 braids
    projlen=111: 75 braids
    projlen=112: 637 braids
    projlen=113: 575 braids
    projlen=114: 5465 braids
    projlen=115: 4505 braids
    projlen=116: 39540 braids
    projlen=117: 28326 braids
    projlen=118: 259152 braids
    projlen=119: 178139 braids
    projlen=120: 360883 braids
    projlen=121: 173753 braids
    projlen=122: 356739 braids
    projlen=123: 161298 braids
    projlen=124: 352765 braids
    projlen=125: 159398 braids
    projlen=126: 349707 braids
    projlen=127: 160128 braids
    projlen=128: 346246 braids
    projlen=129: 163508 braids
    projlen=130: 339364 braids
    projlen=131: 180297 braids
    projlen=132: 327022 braids
    projlen=133: 211777 braids
    projlen=134: 311627 braids
    projlen=135: 226226 braids
    projlen=136: 280178 braids
    projlen=137: 89746 braids
  Braids kept: 1079352 (in 31 buckets, 3.43 GB CPU)
  ⚡ Timing: matmul=0.19s, sampling=9.89s, total=16.75s
============================================================
Level 225 - SAMPLING
============================================================
  Starting braids: 979352
  Candidates to generate: 5130038
  Processing in 52 chunks...
  Projlen distribution:
    projlen=108: 6 braids
    projlen=109: 16 braids
    projlen=110: 305 braids
    projlen=111: 229 braids
    projlen=112: 751 braids
    projlen=113: 463 braids
    projlen=114: 4181 braids
    projlen=115: 3402 braids
    projlen=116: 31274 braids
    projlen=117: 22743 braids
    projlen=118: 196976 braids
    projlen=119: 124093 braids
    projlen=120: 309827 braids
    projlen=121: 176822 braids
    projlen=122: 356134 braids
    projlen=123: 163545 braids
    projlen=124: 353077 braids
    projlen=125: 159393 braids
    projlen=126: 348868 braids
    projlen=127: 160052 braids
    projlen=128: 346786 braids
    projlen=129: 162208 braids
    projlen=130: 344073 braids
    projlen=131: 166910 braids
    projlen=132: 336308 braids
    projlen=133: 187516 braids
    projlen=134: 322616 braids
    projlen=135: 218232 braids
    projlen=136: 303131 braids
    projlen=137: 224376 braids
    projlen=138: 105725 braids
  Braids kept: 1113370 (in 31 buckets, 3.56 GB CPU)
  ⚡ Timing: matmul=0.16s, sampling=10.35s, total=17.34s
============================================================
Level 226 - SAMPLING
============================================================
  Starting braids: 963370
  Candidates to generate: 5033374
  Processing in 51 chunks...
  Projlen distribution:
    projlen=109: 6 braids
    projlen=110: 70 braids
    projlen=111: 91 braids
    projlen=112: 1547 braids
    projlen=113: 1111 braids
    projlen=114: 4397 braids
    projlen=115: 2821 braids
    projlen=116: 24127 braids
    projlen=117: 17521 braids
    projlen=118: 155751 braids
    projlen=119: 99548 braids
    projlen=120: 298623 braids
    projlen=121: 176171 braids
    projlen=122: 360847 braids
    projlen=123: 170091 braids
    projlen=124: 353107 braids
    projlen=125: 161361 braids
    projlen=126: 349330 braids
    projlen=127: 160349 braids
    projlen=128: 346637 braids
    projlen=129: 162109 braids
    projlen=130: 344591 braids
    projlen=131: 165081 braids
    projlen=132: 340998 braids
    projlen=133: 172226 braids
    projlen=134: 333651 braids
    projlen=135: 194688 braids
    projlen=136: 314883 braids
    projlen=137: 213109 braids
    projlen=138: 108532 braids
  Braids kept: 1101691 (in 30 buckets, 3.53 GB CPU)
  ⚡ Timing: matmul=0.18s, sampling=10.10s, total=16.97s
============================================================
Level 227 - SAMPLING
============================================================
  Starting braids: 951691
  Candidates to generate: 4954277
  Processing in 50 chunks...
  Projlen distribution:
    projlen=109: 1 braids
    projlen=110: 27 braids
    projlen=111: 52 braids
    projlen=112: 517 braids
    projlen=113: 506 braids
    projlen=114: 7743 braids
    projlen=115: 5375 braids
    projlen=116: 24760 braids
    projlen=117: 15354 braids
    projlen=118: 121455 braids
    projlen=119: 77445 braids
    projlen=120: 286506 braids
    projlen=121: 175992 braids
    projlen=122: 361668 braids
    projlen=123: 169619 braids
    projlen=124: 356948 braids
    projlen=125: 164324 braids
    projlen=126: 349855 braids
    projlen=127: 162113 braids
    projlen=128: 345842 braids
    projlen=129: 162344 braids
    projlen=130: 343595 braids
    projlen=131: 165385 braids
    projlen=132: 341155 braids
    projlen=133: 169823 braids
    projlen=134: 337635 braids
    projlen=135: 178335 braids
    projlen=136: 325407 braids
    projlen=137: 192956 braids
    projlen=138: 111540 braids
  Braids kept: 1104335 (in 30 buckets, 3.54 GB CPU)
  ⚡ Timing: matmul=0.19s, sampling=10.03s, total=16.79s
============================================================
Level 228 - SAMPLING
============================================================
  Starting braids: 954335
  Candidates to generate: 4963811
  Processing in 50 chunks...
  Projlen distribution:
    projlen=110: 7 braids
    projlen=111: 14 braids
    projlen=112: 302 braids
    projlen=113: 302 braids
    projlen=114: 3259 braids
    projlen=115: 2724 braids
    projlen=116: 38579 braids
    projlen=117: 25800 braids
    projlen=118: 127357 braids
    projlen=119: 73473 braids
    projlen=120: 282683 braids
    projlen=121: 175109 braids
    projlen=122: 363292 braids
    projlen=123: 171165 braids
    projlen=124: 357409 braids
    projlen=125: 161888 braids
    projlen=126: 352146 braids
    projlen=127: 163222 braids
    projlen=128: 345530 braids
    projlen=129: 164788 braids
    projlen=130: 342580 braids
    projlen=131: 166073 braids
    projlen=132: 341509 braids
    projlen=133: 170006 braids
    projlen=134: 338254 braids
    projlen=135: 175659 braids
    projlen=136: 329080 braids
    projlen=137: 178710 braids
    projlen=138: 112891 braids
  Braids kept: 1120987 (in 29 buckets, 3.59 GB CPU)
  ⚡ Timing: matmul=0.18s, sampling=9.94s, total=16.71s
============================================================
Level 229 - SAMPLING
============================================================
  Starting braids: 970987
  Candidates to generate: 5051327
  Processing in 51 chunks...
  Projlen distribution:
    projlen=110: 5 braids
    projlen=111: 24 braids
    projlen=112: 103 braids
    projlen=113: 160 braids
    projlen=114: 2038 braids
    projlen=115: 1767 braids
    projlen=116: 18688 braids
    projlen=117: 13737 braids
    projlen=118: 183993 braids
    projlen=119: 116568 braids
    projlen=120: 306933 braids
    projlen=121: 171316 braids
    projlen=122: 361756 braids
    projlen=123: 169679 braids
    projlen=124: 358882 braids
    projlen=125: 161762 braids
    projlen=126: 353659 braids
    projlen=127: 159414 braids
    projlen=128: 348478 braids
    projlen=129: 164919 braids
    projlen=130: 342113 braids
    projlen=131: 169021 braids
    projlen=132: 341184 braids
    projlen=133: 172296 braids
    projlen=134: 338334 braids
    projlen=135: 175334 braids
    projlen=136: 330260 braids
    projlen=137: 176336 braids
    projlen=138: 112568 braids
  Braids kept: 1086522 (in 29 buckets, 3.50 GB CPU)
  ⚡ Timing: matmul=0.18s, sampling=10.17s, total=17.07s
============================================================
Level 230 - SAMPLING
============================================================
  Starting braids: 986522
  Candidates to generate: 5142644
  Processing in 52 chunks...
  Projlen distribution:
    projlen=110: 3 braids
    projlen=111: 4 braids
    projlen=112: 117 braids
    projlen=113: 163 braids
    projlen=114: 946 braids
    projlen=115: 1043 braids
    projlen=116: 12137 braids
    projlen=117: 9207 braids
    projlen=118: 94992 braids
    projlen=119: 60641 braids
    projlen=120: 276578 braids
    projlen=121: 173286 braids
    projlen=122: 362349 braids
    projlen=123: 166334 braids
    projlen=124: 359072 braids
    projlen=125: 160863 braids
    projlen=126: 355039 braids
    projlen=127: 158942 braids
    projlen=128: 349427 braids
    projlen=129: 159371 braids
    projlen=130: 345136 braids
    projlen=131: 167644 braids
    projlen=132: 339853 braids
    projlen=133: 174895 braids
    projlen=134: 337000 braids
    projlen=135: 178999 braids
    projlen=136: 332710 braids
    projlen=137: 181509 braids
    projlen=138: 300260 braids
    projlen=139: 84124 braids
  Braids kept: 1123620 (in 30 buckets, 3.63 GB CPU)
  ⚡ Timing: matmul=0.18s, sampling=10.54s, total=17.57s
============================================================
Level 231 - SAMPLING
============================================================
  Starting braids: 973620
  Candidates to generate: 5077116
  Processing in 51 chunks...
  Projlen distribution:
    projlen=108: 1 braids
    projlen=109: 1 braids
    projlen=110: 4 braids
    projlen=111: 4 braids
    projlen=112: 35 braids
    projlen=113: 58 braids
    projlen=114: 993 braids
    projlen=115: 1014 braids
    projlen=116: 6678 braids
    projlen=117: 5653 braids
    projlen=118: 63495 braids
    projlen=119: 42475 braids
    projlen=120: 270202 braids
    projlen=121: 174583 braids
    projlen=122: 363456 braids
    projlen=123: 169193 braids
    projlen=124: 357426 braids
    projlen=125: 158829 braids
    projlen=126: 353810 braids
    projlen=127: 157145 braids
    projlen=128: 349967 braids
    projlen=129: 157373 braids
    projlen=130: 347150 braids
    projlen=131: 161036 braids
    projlen=132: 343389 braids
    projlen=133: 172775 braids
    projlen=134: 336975 braids
    projlen=135: 182663 braids
    projlen=136: 331768 braids
    projlen=137: 185864 braids
    projlen=138: 298955 braids
    projlen=139: 84146 braids
  Braids kept: 1106916 (in 32 buckets, 3.59 GB CPU)
  ⚡ Timing: matmul=0.20s, sampling=10.23s, total=17.16s
============================================================
Level 232 - SAMPLING
============================================================
  Starting braids: 956916
  Candidates to generate: 4995058
  Processing in 50 chunks...
  Projlen distribution:
    projlen=108: 4 braids
    projlen=109: 3 braids
    projlen=110: 11 braids
    projlen=111: 10 braids
    projlen=112: 41 braids
    projlen=113: 33 braids
    projlen=114: 322 braids
    projlen=115: 457 braids
    projlen=116: 6542 braids
    projlen=117: 5616 braids
    projlen=118: 38889 braids
    projlen=119: 27158 braids
    projlen=120: 256036 braids
    projlen=121: 164950 braids
    projlen=122: 348328 braids
    projlen=123: 171755 braids
    projlen=124: 360157 braids
    projlen=125: 159898 braids
    projlen=126: 354280 braids
    projlen=127: 156520 braids
    projlen=128: 350828 braids
    projlen=129: 156069 braids
    projlen=130: 347725 braids
    projlen=131: 158217 braids
    projlen=132: 344990 braids
    projlen=133: 164335 braids
    projlen=134: 340889 braids
    projlen=135: 178564 braids
    projlen=136: 333249 braids
    projlen=137: 189097 braids
    projlen=138: 296171 braids
    projlen=139: 83914 braids
  Braids kept: 1079086 (in 32 buckets, 3.50 GB CPU)
  ⚡ Timing: matmul=0.21s, sampling=9.90s, total=16.73s
============================================================
Level 233 - SAMPLING
============================================================
  Starting braids: 979086
  Candidates to generate: 5095218
  Processing in 51 chunks...
  Projlen distribution:
    projlen=108: 3 braids
    projlen=109: 4 braids
    projlen=110: 22 braids
    projlen=111: 17 braids
    projlen=112: 90 braids
    projlen=113: 64 braids
    projlen=114: 282 braids
    projlen=115: 276 braids
    projlen=116: 2708 braids
    projlen=117: 2910 braids
    projlen=118: 37404 braids
    projlen=119: 27990 braids
    projlen=120: 198879 braids
    projlen=121: 121148 braids
    projlen=122: 312640 braids
    projlen=123: 174025 braids
    projlen=124: 361696 braids
    projlen=125: 161931 braids
    projlen=126: 355479 braids
    projlen=127: 155528 braids
    projlen=128: 352105 braids
    projlen=129: 155918 braids
    projlen=130: 350282 braids
    projlen=131: 156850 braids
    projlen=132: 346681 braids
    projlen=133: 160396 braids
    projlen=134: 343336 braids
    projlen=135: 168518 braids
    projlen=136: 336744 braids
    projlen=137: 184501 braids
    projlen=138: 323688 braids
    projlen=139: 191256 braids
    projlen=140: 111847 braids
  Braids kept: 1121770 (in 33 buckets, 3.66 GB CPU)
  ⚡ Timing: matmul=0.21s, sampling=10.35s, total=17.34s
============================================================
Level 234 - SAMPLING
============================================================
  Starting braids: 971770
  Candidates to generate: 5048212
  Processing in 51 chunks...
  Projlen distribution:
    projlen=109: 1 braids
    projlen=110: 22 braids
    projlen=111: 20 braids
    projlen=112: 136 braids
    projlen=113: 92 braids
    projlen=114: 534 braids
    projlen=115: 369 braids
    projlen=116: 2031 braids
    projlen=117: 1847 braids
    projlen=118: 18536 braids
    projlen=119: 15461 braids
    projlen=120: 187794 braids
    projlen=121: 122594 braids
    projlen=122: 314837 braids
    projlen=123: 173537 braids
    projlen=124: 363366 braids
    projlen=125: 165689 braids
    projlen=126: 357656 braids
    projlen=127: 157043 braids
    projlen=128: 352091 braids
    projlen=129: 154096 braids
    projlen=130: 350217 braids
    projlen=131: 156186 braids
    projlen=132: 348705 braids
    projlen=133: 158147 braids
    projlen=134: 345547 braids
    projlen=135: 163157 braids
    projlen=136: 340648 braids
    projlen=137: 173803 braids
    projlen=138: 328104 braids
    projlen=139: 183551 braids
    projlen=140: 112395 braids
  Braids kept: 1089049 (in 32 buckets, 3.56 GB CPU)
  ⚡ Timing: matmul=0.20s, sampling=10.20s, total=17.14s
============================================================
Level 235 - SAMPLING
============================================================
  Starting braids: 989049
  Candidates to generate: 5142821
  Processing in 52 chunks...
  Projlen distribution:
    projlen=109: 1 braids
    projlen=110: 5 braids
    projlen=111: 12 braids
    projlen=112: 123 braids
    projlen=113: 99 braids
    projlen=114: 740 braids
    projlen=115: 484 braids
    projlen=116: 3002 braids
    projlen=117: 2069 braids
    projlen=118: 13571 braids
    projlen=119: 10241 braids
    projlen=120: 100233 braids
    projlen=121: 67602 braids
    projlen=122: 287005 braids
    projlen=123: 176869 braids
    projlen=124: 363332 braids
    projlen=125: 165583 braids
    projlen=126: 358586 braids
    projlen=127: 157970 braids
    projlen=128: 354212 braids
    projlen=129: 155287 braids
    projlen=130: 351252 braids
    projlen=131: 153963 braids
    projlen=132: 349176 braids
    projlen=133: 156811 braids
    projlen=134: 346385 braids
    projlen=135: 158945 braids
    projlen=136: 343694 braids
    projlen=137: 166501 braids
    projlen=138: 336323 braids
    projlen=139: 178608 braids
    projlen=140: 300423 braids
    projlen=141: 83714 braids
  Braids kept: 1130347 (in 33 buckets, 3.72 GB CPU)
  ⚡ Timing: matmul=0.18s, sampling=10.59s, total=17.69s
============================================================
Level 236 - SAMPLING
============================================================
  Starting braids: 980347
  Candidates to generate: 5096281
  Processing in 51 chunks...
  Projlen distribution:
    projlen=110: 3 braids
    projlen=111: 4 braids
    projlen=112: 60 braids
    projlen=113: 61 braids
    projlen=114: 651 braids
    projlen=115: 473 braids
    projlen=116: 3896 braids
    projlen=117: 2578 braids
    projlen=118: 16786 braids
    projlen=119: 11088 braids
    projlen=120: 74476 braids
    projlen=121: 48777 braids
    projlen=122: 278576 braids
    projlen=123: 179640 braids
    projlen=124: 366945 braids
    projlen=125: 169817 braids
    projlen=126: 357930 braids
    projlen=127: 157651 braids
    projlen=128: 354101 braids
    projlen=129: 155096 braids
    projlen=130: 352348 braids
    projlen=131: 154285 braids
    projlen=132: 349888 braids
    projlen=133: 153619 braids
    projlen=134: 347357 braids
    projlen=135: 157736 braids
    projlen=136: 345416 braids
    projlen=137: 161500 braids
    projlen=138: 340663 braids
    projlen=139: 169291 braids
    projlen=140: 303235 braids
    projlen=141: 82334 braids
  Braids kept: 1134377 (in 32 buckets, 3.73 GB CPU)
  ⚡ Timing: matmul=0.22s, sampling=10.25s, total=17.27s
============================================================
Level 237 - SAMPLING
============================================================
  Starting braids: 984377
  Candidates to generate: 5118033
  Processing in 52 chunks...
  Projlen distribution:
    projlen=111: 1 braids
    projlen=112: 36 braids
    projlen=113: 39 braids
    projlen=114: 393 braids
    projlen=115: 339 braids
    projlen=116: 3345 braids
    projlen=117: 2375 braids
    projlen=118: 20250 braids
    projlen=119: 13266 braids
    projlen=120: 86400 braids
    projlen=121: 53970 braids
    projlen=122: 278854 braids
    projlen=123: 176829 braids
    projlen=124: 366274 braids
    projlen=125: 173383 braids
    projlen=126: 360685 braids
    projlen=127: 159674 braids
    projlen=128: 355066 braids
    projlen=129: 155320 braids
    projlen=130: 350996 braids
    projlen=131: 153519 braids
    projlen=132: 350848 braids
    projlen=133: 153984 braids
    projlen=134: 349694 braids
    projlen=135: 153895 braids
    projlen=136: 346683 braids
    projlen=137: 159436 braids
    projlen=138: 342485 braids
    projlen=139: 163331 braids
    projlen=140: 305135 braids
    projlen=141: 81528 braids
  Braids kept: 1140044 (in 31 buckets, 3.75 GB CPU)
  ⚡ Timing: matmul=0.16s, sampling=10.69s, total=17.73s
============================================================
Level 238 - SAMPLING
============================================================
  Starting braids: 990044
  Candidates to generate: 5130860
  Processing in 52 chunks...
  Projlen distribution:
    projlen=111: 1 braids
    projlen=112: 2 braids
    projlen=113: 13 braids
    projlen=114: 241 braids
    projlen=115: 237 braids
    projlen=116: 2332 braids
    projlen=117: 1801 braids
    projlen=118: 17105 braids
    projlen=119: 11605 braids
    projlen=120: 99866 braids
    projlen=121: 62643 braids
    projlen=122: 277152 braids
    projlen=123: 172724 braids
    projlen=124: 366890 braids
    projlen=125: 174008 braids
    projlen=126: 362580 braids
    projlen=127: 161189 braids
    projlen=128: 356586 braids
    projlen=129: 156237 braids
    projlen=130: 352825 braids
    projlen=131: 154552 braids
    projlen=132: 349170 braids
    projlen=133: 153013 braids
    projlen=134: 348612 braids
    projlen=135: 153188 braids
    projlen=136: 349311 braids
    projlen=137: 154116 braids
    projlen=138: 345012 braids
    projlen=139: 160028 braids
    projlen=140: 306615 braids
    projlen=141: 81206 braids
  Braids kept: 1133337 (in 31 buckets, 3.74 GB CPU)
  ⚡ Timing: matmul=0.16s, sampling=10.57s, total=17.63s
============================================================
Level 239 - SAMPLING
============================================================
  Starting braids: 983337
  Candidates to generate: 5073393
  Processing in 51 chunks...
  Projlen distribution:
    projlen=112: 3 braids
    projlen=113: 6 braids
    projlen=114: 67 braids
    projlen=115: 96 braids
    projlen=116: 1488 braids
    projlen=117: 1300 braids
    projlen=118: 12821 braids
    projlen=119: 8986 braids
    projlen=120: 83357 braids
    projlen=121: 52711 braids
    projlen=122: 270283 braids
    projlen=123: 171186 braids
    projlen=124: 361702 braids
    projlen=125: 169950 braids
    projlen=126: 360255 braids
    projlen=127: 161783 braids
    projlen=128: 357491 braids
    projlen=129: 156805 braids
    projlen=130: 353281 braids
    projlen=131: 154318 braids
    projlen=132: 350837 braids
    projlen=133: 154059 braids
    projlen=134: 349087 braids
    projlen=135: 152907 braids
    projlen=136: 348173 braids
    projlen=137: 152976 braids
    projlen=138: 347227 braids
    projlen=139: 152139 braids
    projlen=140: 308023 braids
    projlen=141: 80076 braids
  Braids kept: 1124767 (in 30 buckets, 3.72 GB CPU)
  ⚡ Timing: matmul=0.20s, sampling=10.44s, total=17.43s
============================================================
Level 240 - SAMPLING
============================================================
  Starting braids: 974767
  Candidates to generate: 5025171
  Processing in 51 chunks...
  Projlen distribution:
    projlen=113: 1 braids
    projlen=114: 37 braids
    projlen=115: 38 braids
    projlen=116: 634 braids
    projlen=117: 629 braids
    projlen=118: 8572 braids
    projlen=119: 6639 braids
    projlen=120: 64342 braids
    projlen=121: 41561 braids
    projlen=122: 264020 braids
    projlen=123: 170700 braids
    projlen=124: 360787 braids
    projlen=125: 169956 braids
    projlen=126: 358383 braids
    projlen=127: 160118 braids
    projlen=128: 355824 braids
    projlen=129: 157598 braids
    projlen=130: 352834 braids
    projlen=131: 155130 braids
    projlen=132: 350638 braids
    projlen=133: 153774 braids
    projlen=134: 349595 braids
    projlen=135: 153920 braids
    projlen=136: 348269 braids
    projlen=137: 152998 braids
    projlen=138: 347488 braids
    projlen=139: 151584 braids
    projlen=140: 308934 braids
    projlen=141: 80168 braids
  Braids kept: 1108111 (in 29 buckets, 3.67 GB CPU)
  ⚡ Timing: matmul=0.16s, sampling=10.27s, total=17.20s
============================================================
Level 241 - SAMPLING
============================================================
  Starting braids: 958111
  Candidates to generate: 4941529
  Processing in 50 chunks...
  Projlen distribution:
    projlen=114: 11 braids
    projlen=115: 18 braids
    projlen=116: 302 braids
    projlen=117: 311 braids
    projlen=118: 4144 braids
    projlen=119: 3574 braids
    projlen=120: 44998 braids
    projlen=121: 31392 braids
    projlen=122: 252255 braids
    projlen=123: 159315 braids
    projlen=124: 340976 braids
    projlen=125: 170801 braids
    projlen=126: 358232 braids
    projlen=127: 159435 braids
    projlen=128: 354060 braids
    projlen=129: 156143 braids
    projlen=130: 352172 braids
    projlen=131: 155850 braids
    projlen=132: 350103 braids
    projlen=133: 154351 braids
    projlen=134: 349694 braids
    projlen=135: 153972 braids
    projlen=136: 348556 braids
    projlen=137: 153812 braids
    projlen=138: 347120 braids
    projlen=139: 151540 braids
    projlen=140: 308367 braids
    projlen=141: 80025 braids
  Braids kept: 1084750 (in 28 buckets, 3.60 GB CPU)
  ⚡ Timing: matmul=0.18s, sampling=9.91s, total=16.73s
============================================================
Level 242 - SAMPLING
============================================================
  Starting braids: 984750
  Candidates to generate: 5047282
  Processing in 51 chunks...
  Projlen distribution:
    projlen=114: 7 braids
    projlen=115: 11 braids
    projlen=116: 128 braids
    projlen=117: 177 braids
    projlen=118: 2011 braids
    projlen=119: 1903 braids
    projlen=120: 23758 braids
    projlen=121: 17992 braids
    projlen=122: 217082 braids
    projlen=123: 137010 braids
    projlen=124: 316847 braids
    projlen=125: 171676 braids
    projlen=126: 359293 braids
    projlen=127: 161213 braids
    projlen=128: 354794 braids
    projlen=129: 155619 braids
    projlen=130: 351682 braids
    projlen=131: 154839 braids
    projlen=132: 350606 braids
    projlen=133: 155737 braids
    projlen=134: 348913 braids
    projlen=135: 154493 braids
    projlen=136: 348953 braids
    projlen=137: 154519 braids
    projlen=138: 347950 braids
    projlen=139: 153147 braids
    projlen=140: 341095 braids
    projlen=141: 148469 braids
    projlen=142: 117358 braids
  Braids kept: 1095987 (in 29 buckets, 3.66 GB CPU)
  ⚡ Timing: matmul=0.18s, sampling=10.38s, total=17.35s
============================================================
Level 243 - SAMPLING
============================================================
  Starting braids: 995987
  Candidates to generate: 5126869
  Processing in 52 chunks...
  Projlen distribution:
    projlen=114: 3 braids
    projlen=115: 7 braids
    projlen=116: 74 braids
    projlen=117: 109 braids
    projlen=118: 1034 braids
    projlen=119: 1074 braids
    projlen=120: 12493 braids
    projlen=121: 9965 braids
    projlen=122: 117302 braids
    projlen=123: 76406 braids
    projlen=124: 286494 braids
    projlen=125: 174677 braids
    projlen=126: 361333 braids
    projlen=127: 164287 braids
    projlen=128: 355897 braids
    projlen=129: 156032 braids
    projlen=130: 352146 braids
    projlen=131: 154170 braids
    projlen=132: 350076 braids
    projlen=133: 154169 braids
    projlen=134: 348523 braids
    projlen=135: 155698 braids
    projlen=136: 347169 braids
    projlen=137: 155051 braids
    projlen=138: 349027 braids
    projlen=139: 155074 braids
    projlen=140: 346548 braids
    projlen=141: 152283 braids
    projlen=142: 309294 braids
    projlen=143: 80454 braids
  Braids kept: 1124759 (in 30 buckets, 3.77 GB CPU)
  ⚡ Timing: matmul=0.16s, sampling=10.80s, total=17.91s
============================================================
Level 244 - SAMPLING
============================================================
  Starting braids: 974759
  Candidates to generate: 5024439
  Processing in 51 chunks...
  Projlen distribution:
    projlen=114: 1 braids
    projlen=115: 6 braids
    projlen=116: 56 braids
    projlen=117: 71 braids
    projlen=118: 672 braids
    projlen=119: 706 braids
    projlen=120: 6956 braids
    projlen=121: 5716 braids
    projlen=122: 64740 braids
    projlen=123: 43866 braids
    projlen=124: 267562 braids
    projlen=125: 174373 braids
    projlen=126: 363059 braids
    projlen=127: 169491 braids
    projlen=128: 359072 braids
    projlen=129: 158311 braids
    projlen=130: 353180 braids
    projlen=131: 154371 braids
    projlen=132: 349415 braids
    projlen=133: 153176 braids
    projlen=134: 349907 braids
    projlen=135: 154675 braids
    projlen=136: 348159 braids
    projlen=137: 156551 braids
    projlen=138: 347974 braids
    projlen=139: 156501 braids
    projlen=140: 345150 braids
    projlen=141: 152579 braids
    projlen=142: 308122 braids
    projlen=143: 80021 braids
  Braids kept: 1108050 (in 30 buckets, 3.73 GB CPU)
  ⚡ Timing: matmul=0.16s, sampling=10.49s, total=17.47s
============================================================
Level 245 - SAMPLING
============================================================
  Starting braids: 958050
  Candidates to generate: 4951766
  Processing in 50 chunks...
  Projlen distribution:
    projlen=114: 3 braids
    projlen=115: 3 braids
    projlen=116: 35 braids
    projlen=117: 45 braids
    projlen=118: 463 braids
    projlen=119: 466 braids
    projlen=120: 4719 braids
    projlen=121: 3971 braids
    projlen=122: 38391 braids
    projlen=123: 27444 braids
    projlen=124: 255601 braids
    projlen=125: 166664 braids
    projlen=126: 347182 braids
    projlen=127: 171443 braids
    projlen=128: 358302 braids
    projlen=129: 159227 braids
    projlen=130: 356036 braids
    projlen=131: 155859 braids
    projlen=132: 351409 braids
    projlen=133: 153511 braids
    projlen=134: 349508 braids
    projlen=135: 153120 braids
    projlen=136: 348433 braids
    projlen=137: 154685 braids
    projlen=138: 347735 braids
    projlen=139: 157806 braids
    projlen=140: 345016 braids
    projlen=141: 155565 braids
    projlen=142: 308148 braids
    projlen=143: 80976 braids
  Braids kept: 1075540 (in 30 buckets, 3.63 GB CPU)
  ⚡ Timing: matmul=0.18s, sampling=10.17s, total=17.08s
============================================================
Level 246 - SAMPLING
============================================================
  Starting braids: 975540
  Candidates to generate: 5006608
  Processing in 51 chunks...
  Projlen distribution:
    projlen=115: 1 braids
    projlen=116: 24 braids
    projlen=117: 32 braids
    projlen=118: 304 braids
    projlen=119: 305 braids
    projlen=120: 3087 braids
    projlen=121: 2720 braids
    projlen=122: 27454 braids
    projlen=123: 20274 braids
    projlen=124: 189850 braids
    projlen=125: 119409 braids
    projlen=126: 308970 braids
    projlen=127: 173667 braids
    projlen=128: 359578 braids
    projlen=129: 161314 braids
    projlen=130: 354789 braids
    projlen=131: 155507 braids
    projlen=132: 352370 braids
    projlen=133: 154271 braids
    projlen=134: 350651 braids
    projlen=135: 153406 braids
    projlen=136: 349086 braids
    projlen=137: 153388 braids
    projlen=138: 347936 braids
    projlen=139: 154722 braids
    projlen=140: 345989 braids
    projlen=141: 158497 braids
    projlen=142: 338372 braids
    projlen=143: 154253 braids
    projlen=144: 116382 braids
  Braids kept: 1104201 (in 30 buckets, 3.74 GB CPU)
  ⚡ Timing: matmul=0.15s, sampling=10.36s, total=17.34s
============================================================
Level 247 - SAMPLING
============================================================
  Starting braids: 954201
  Candidates to generate: 4902523
  Processing in 50 chunks...
  Projlen distribution:
    projlen=116: 3 braids
    projlen=117: 9 braids
    projlen=118: 196 braids
    projlen=119: 216 braids
    projlen=120: 2055 braids
    projlen=121: 1820 braids
    projlen=122: 18511 braids
    projlen=123: 14007 braids
    projlen=124: 137041 braids
    projlen=125: 88264 braids
    projlen=126: 293449 braids
    projlen=127: 174986 braids
    projlen=128: 362225 braids
    projlen=129: 165649 braids
    projlen=130: 355645 braids
    projlen=131: 156127 braids
    projlen=132: 352407 braids
    projlen=133: 154143 braids
    projlen=134: 351136 braids
    projlen=135: 154086 braids
    projlen=136: 349658 braids
    projlen=137: 153568 braids
    projlen=138: 349744 braids
    projlen=139: 153692 braids
    projlen=140: 348195 braids
    projlen=141: 155051 braids
    projlen=142: 339672 braids
    projlen=143: 155621 braids
    projlen=144: 115347 braids
  Braids kept: 1086817 (in 29 buckets, 3.69 GB CPU)
  ⚡ Timing: matmul=0.14s, sampling=10.24s, total=17.08s
============================================================
Level 248 - SAMPLING
============================================================
  Starting braids: 986817
  Candidates to generate: 5094317
  Processing in 51 chunks...
  Projlen distribution:
    projlen=117: 4 braids
    projlen=118: 67 braids
    projlen=119: 91 braids
    projlen=120: 1357 braids
    projlen=121: 1282 braids
    projlen=122: 12495 braids
    projlen=123: 9565 braids
    projlen=124: 93935 braids
    projlen=125: 61829 braids
    projlen=126: 278992 braids
    projlen=127: 174794 braids
    projlen=128: 363447 braids
    projlen=129: 168831 braids
    projlen=130: 358609 braids
    projlen=131: 158378 braids
    projlen=132: 352755 braids
    projlen=133: 154283 braids
    projlen=134: 350044 braids
    projlen=135: 153548 braids
    projlen=136: 349395 braids
    projlen=137: 153624 braids
    projlen=138: 349229 braids
    projlen=139: 153055 braids
    projlen=140: 349574 braids
    projlen=141: 153407 braids
    projlen=142: 346016 braids
    projlen=143: 154745 braids
    projlen=144: 309585 braids
    projlen=145: 81381 braids
  Braids kept: 1124861 (in 29 buckets, 3.84 GB CPU)
  ⚡ Timing: matmul=0.21s, sampling=10.90s, total=18.04s
============================================================
Level 249 - SAMPLING
============================================================
  Starting braids: 974861
  Candidates to generate: 5031761
  Processing in 51 chunks...
  Projlen distribution:
    projlen=117: 5 braids
    projlen=118: 13 braids
    projlen=119: 40 braids
    projlen=120: 589 braids
    projlen=121: 614 braids
    projlen=122: 8465 braids
    projlen=123: 6744 braids
    projlen=124: 64568 braids
    projlen=125: 43386 braids
    projlen=126: 269338 braids
    projlen=127: 175708 braids
    projlen=128: 362775 braids
    projlen=129: 169794 braids
    projlen=130: 359201 braids
    projlen=131: 159428 braids
    projlen=132: 354649 braids
    projlen=133: 155304 braids
    projlen=134: 351208 braids
    projlen=135: 153839 braids
    projlen=136: 348869 braids
    projlen=137: 153297 braids
    projlen=138: 349704 braids
    projlen=139: 153668 braids
    projlen=140: 348379 braids
    projlen=141: 153023 braids
    projlen=142: 347940 braids
    projlen=143: 151830 braids
    projlen=144: 309151 braids
    projlen=145: 80232 braids
  Braids kept: 1109856 (in 29 buckets, 3.79 GB CPU)
  ⚡ Timing: matmul=0.16s, sampling=10.72s, total=17.76s
============================================================
Level 250 - SAMPLING
============================================================
  Starting braids: 959856
  Candidates to generate: 4954720
  Processing in 50 chunks...
  Projlen distribution:
    projlen=117: 1 braids
    projlen=118: 15 braids
    projlen=119: 34 braids
    projlen=120: 218 braids
    projlen=121: 298 braids
    projlen=122: 4071 braids
    projlen=123: 3589 braids
    projlen=124: 45265 braids
    projlen=125: 32190 braids
    projlen=126: 255992 braids
    projlen=127: 165800 braids
    projlen=128: 347200 braids
    projlen=129: 172301 braids
    projlen=130: 358845 braids
    projlen=131: 159445 braids
    projlen=132: 354791 braids
    projlen=133: 155701 braids
    projlen=134: 351488 braids
    projlen=135: 154134 braids
    projlen=136: 349738 braids
    projlen=137: 153399 braids
    projlen=138: 348266 braids
    projlen=139: 152826 braids
    projlen=140: 348049 braids
    projlen=141: 153190 braids
    projlen=142: 346971 braids
    projlen=143: 151112 braids
    projlen=144: 309300 braids
    projlen=145: 80491 braids
  Braids kept: 1085681 (in 29 buckets, 3.72 GB CPU)
  ⚡ Timing: matmul=0.19s, sampling=10.34s, total=17.28s
============================================================
Level 251 - SAMPLING
============================================================
  Starting braids: 985681
  Candidates to generate: 5051719
  Processing in 51 chunks...
  Projlen distribution:
    projlen=118: 9 braids
    projlen=119: 14 braids
    projlen=120: 169 braids
    projlen=121: 205 braids
    projlen=122: 1788 braids
    projlen=123: 1854 braids
    projlen=124: 24000 braids
    projlen=125: 18509 braids
    projlen=126: 220761 braids
    projlen=127: 140403 braids
    projlen=128: 319344 braids
    projlen=129: 174076 braids
    projlen=130: 359674 braids
    projlen=131: 162292 braids
    projlen=132: 355196 braids
    projlen=133: 156050 braids
    projlen=134: 350914 braids
    projlen=135: 154112 braids
    projlen=136: 350203 braids
    projlen=137: 153856 braids
    projlen=138: 348646 braids
    projlen=139: 153059 braids
    projlen=140: 347671 braids
    projlen=141: 152650 braids
    projlen=142: 347562 braids
    projlen=143: 152553 braids
    projlen=144: 340900 braids
    projlen=145: 148134 braids
    projlen=146: 117115 braids
  Braids kept: 1096548 (in 29 buckets, 3.78 GB CPU)
  ⚡ Timing: matmul=0.18s, sampling=10.69s, total=17.77s
============================================================
Level 252 - SAMPLING
============================================================
  Starting braids: 996548
  Candidates to generate: 5131640
  Processing in 52 chunks...
  Projlen distribution:
    projlen=118: 7 braids
    projlen=119: 5 braids
    projlen=120: 101 braids
    projlen=121: 107 braids
    projlen=122: 1261 braids
    projlen=123: 1309 braids
    projlen=124: 11894 braids
    projlen=125: 10077 braids
    projlen=126: 120218 braids
    projlen=127: 79437 braids
    projlen=128: 289479 braids
    projlen=129: 175725 braids
    projlen=130: 360918 braids
    projlen=131: 166042 braids
    projlen=132: 355184 braids
    projlen=133: 157491 braids
    projlen=134: 351974 braids
    projlen=135: 154622 braids
    projlen=136: 350514 braids
    projlen=137: 153829 braids
    projlen=138: 348606 braids
    projlen=139: 153318 braids
    projlen=140: 347641 braids
    projlen=141: 153225 braids
    projlen=142: 348709 braids
    projlen=143: 153014 braids
    projlen=144: 344663 braids
    projlen=145: 151367 braids
    projlen=146: 310193 braids
    projlen=147: 80710 braids
  Braids kept: 1124761 (in 30 buckets, 3.90 GB CPU)
  ⚡ Timing: matmul=0.17s, sampling=11.00s, total=18.22s
============================================================
Level 253 - SAMPLING
============================================================
  Starting braids: 974761
  Candidates to generate: 5026695
  Processing in 51 chunks...
  Projlen distribution:
    projlen=118: 4 braids
    projlen=119: 4 braids
    projlen=120: 55 braids
    projlen=121: 53 braids
    projlen=122: 768 braids
    projlen=123: 756 braids
    projlen=124: 8078 braids
    projlen=125: 7145 braids
    projlen=126: 62981 braids
    projlen=127: 44664 braids
    projlen=128: 270305 braids
    projlen=129: 177130 braids
    projlen=130: 362916 braids
    projlen=131: 169320 braids
    projlen=132: 357117 braids
    projlen=133: 159970 braids
    projlen=134: 352182 braids
    projlen=135: 155637 braids
    projlen=136: 349795 braids
    projlen=137: 153862 braids
    projlen=138: 349888 braids
    projlen=139: 153790 braids
    projlen=140: 347989 braids
    projlen=141: 153038 braids
    projlen=142: 347795 braids
    projlen=143: 153423 braids
    projlen=144: 347432 braids
    projlen=145: 151789 braids
    projlen=146: 308569 braids
    projlen=147: 80240 braids
  Braids kept: 1111527 (in 30 buckets, 3.86 GB CPU)
  ⚡ Timing: matmul=0.33s, sampling=10.84s, total=18.08s
============================================================
Level 254 - SAMPLING
============================================================
  Starting braids: 961527
  Candidates to generate: 4977803
  Processing in 50 chunks...
  Projlen distribution:
    projlen=118: 4 braids
    projlen=119: 5 braids
    projlen=120: 28 braids
    projlen=121: 31 braids
    projlen=122: 402 braids
    projlen=123: 400 braids
    projlen=124: 5003 braids
    projlen=125: 4365 braids
    projlen=126: 43565 braids
    projlen=127: 34336 braids
    projlen=128: 257148 braids
    projlen=129: 175142 braids
    projlen=130: 350167 braids
    projlen=131: 174008 braids
    projlen=132: 357869 braids
    projlen=133: 159095 braids
    projlen=134: 354101 braids
    projlen=135: 158402 braids
    projlen=136: 349882 braids
    projlen=137: 156753 braids
    projlen=138: 349687 braids
    projlen=139: 153903 braids
    projlen=140: 349637 braids
    projlen=141: 153416 braids
    projlen=142: 348527 braids
    projlen=143: 153258 braids
    projlen=144: 347361 braids
    projlen=145: 151869 braids
    projlen=146: 308976 braids
    projlen=147: 80463 braids
  Braids kept: 1088139 (in 30 buckets, 3.79 GB CPU)
  ⚡ Timing: matmul=0.20s, sampling=10.36s, total=17.37s
============================================================
Level 255 - SAMPLING
============================================================
  Starting braids: 988139
  Candidates to generate: 5082701
  Processing in 51 chunks...
  Projlen distribution:
    projlen=118: 2 braids
    projlen=119: 4 braids
    projlen=120: 30 braids
    projlen=121: 33 braids
    projlen=122: 209 braids
    projlen=123: 227 braids
    projlen=124: 2690 braids
    projlen=125: 2518 braids
    projlen=126: 28399 braids
    projlen=127: 22099 braids
    projlen=128: 213638 braids
    projlen=129: 149064 braids
    projlen=130: 321422 braids
    projlen=131: 183000 braids
    projlen=132: 357027 braids
    projlen=133: 164444 braids
    projlen=134: 355089 braids
    projlen=135: 156238 braids
    projlen=136: 350626 braids
    projlen=137: 158042 braids
    projlen=138: 348906 braids
    projlen=139: 157545 braids
    projlen=140: 347393 braids
    projlen=141: 153508 braids
    projlen=142: 349770 braids
    projlen=143: 153727 braids
    projlen=144: 347986 braids
    projlen=145: 152482 braids
    projlen=146: 340500 braids
    projlen=147: 148878 braids
    projlen=148: 117205 braids
  Braids kept: 1106211 (in 31 buckets, 3.87 GB CPU)
  ⚡ Timing: matmul=0.29s, sampling=10.67s, total=17.95s
============================================================
Level 256 - SAMPLING
============================================================
  Starting braids: 956211
  Candidates to generate: 4921101
  Processing in 50 chunks...
  Projlen distribution:
    projlen=119: 3 braids
    projlen=120: 16 braids
    projlen=121: 35 braids
    projlen=122: 216 braids
    projlen=123: 197 braids
    projlen=124: 1512 braids
    projlen=125: 1444 braids
    projlen=126: 16471 braids
    projlen=127: 12981 braids
    projlen=128: 141119 braids
    projlen=129: 95108 braids
    projlen=130: 292553 braids
    projlen=131: 188552 braids
    projlen=132: 353836 braids
    projlen=133: 177190 braids
    projlen=134: 351692 braids
    projlen=135: 161612 braids
    projlen=136: 350964 braids
    projlen=137: 155469 braids
    projlen=138: 348593 braids
    projlen=139: 158919 braids
    projlen=140: 346419 braids
    projlen=141: 159337 braids
    projlen=142: 345608 braids
    projlen=143: 154405 braids
    projlen=144: 347849 braids
    projlen=145: 152761 braids
    projlen=146: 341949 braids
    projlen=147: 148081 braids
    projlen=148: 116210 braids
  Braids kept: 1082875 (in 30 buckets, 3.80 GB CPU)
  ⚡ Timing: matmul=0.15s, sampling=10.65s, total=17.59s
============================================================
Level 257 - SAMPLING
============================================================
  Starting braids: 982875
  Candidates to generate: 5097423
  Processing in 51 chunks...
  Projlen distribution:
    projlen=120: 10 braids
    projlen=121: 21 braids
    projlen=122: 152 braids
    projlen=123: 178 braids
    projlen=124: 1423 braids
    projlen=125: 1233 braids
    projlen=126: 9818 braids
    projlen=127: 7896 braids
    projlen=128: 84145 braids
    projlen=129: 56721 braids
    projlen=130: 274708 braids
    projlen=131: 181393 braids
    projlen=132: 355725 braids
    projlen=133: 183830 braids
    projlen=134: 347441 braids
    projlen=135: 174944 braids
    projlen=136: 346694 braids
    projlen=137: 163538 braids
    projlen=138: 348253 braids
    projlen=139: 155867 braids
    projlen=140: 347644 braids
    projlen=141: 160813 braids
    projlen=142: 344968 braids
    projlen=143: 162325 braids
    projlen=144: 345220 braids
    projlen=145: 156141 braids
    projlen=146: 345318 braids
    projlen=147: 151066 braids
    projlen=148: 309502 braids
    projlen=149: 80436 braids
  Braids kept: 1120731 (in 30 buckets, 3.95 GB CPU)
  ⚡ Timing: matmul=0.22s, sampling=11.04s, total=18.28s
============================================================
Level 258 - SAMPLING
============================================================
  Starting braids: 970731
  Candidates to generate: 5058295
  Processing in 51 chunks...
  Projlen distribution:
    projlen=119: 1 braids
    projlen=120: 2 braids
    projlen=121: 4 braids
    projlen=122: 121 braids
    projlen=123: 132 braids
    projlen=124: 1092 braids
    projlen=125: 983 braids
    projlen=126: 8594 braids
    projlen=127: 6726 braids
    projlen=128: 52912 braids
    projlen=129: 36522 braids
    projlen=130: 265246 braids
    projlen=131: 177417 braids
    projlen=132: 360259 braids
    projlen=133: 178174 braids
    projlen=134: 350097 braids
    projlen=135: 178429 braids
    projlen=136: 342182 braids
    projlen=137: 179657 braids
    projlen=138: 341113 braids
    projlen=139: 167423 braids
    projlen=140: 345677 braids
    projlen=141: 157225 braids
    projlen=142: 346234 braids
    projlen=143: 163002 braids
    projlen=144: 343085 braids
    projlen=145: 166723 braids
    projlen=146: 342888 braids
    projlen=147: 157391 braids
    projlen=148: 308145 braids
    projlen=149: 80839 braids
  Braids kept: 1104177 (in 31 buckets, 3.90 GB CPU)
  ⚡ Timing: matmul=0.18s, sampling=10.87s, total=18.06s
============================================================
Level 259 - SAMPLING
============================================================
  Starting braids: 954177
  Candidates to generate: 4999051
  Processing in 50 chunks...
  Projlen distribution:
    projlen=121: 5 braids
    projlen=122: 42 braids
    projlen=123: 43 braids
    projlen=124: 868 braids
    projlen=125: 809 braids
    projlen=126: 6747 braids
    projlen=127: 5316 braids
    projlen=128: 46821 braids
    projlen=129: 33039 braids
    projlen=130: 250229 braids
    projlen=131: 157432 braids
    projlen=132: 330494 braids
    projlen=133: 174865 braids
    projlen=134: 354888 braids
    projlen=135: 168838 braids
    projlen=136: 345189 braids
    projlen=137: 180861 braids
    projlen=138: 336619 braids
    projlen=139: 186386 braids
    projlen=140: 336117 braids
    projlen=141: 174597 braids
    projlen=142: 342100 braids
    projlen=143: 160364 braids
    projlen=144: 344237 braids
    projlen=145: 166119 braids
    projlen=146: 340177 braids
    projlen=147: 170222 braids
    projlen=148: 303446 braids
    projlen=149: 82181 braids
  Braids kept: 1093690 (in 29 buckets, 3.86 GB CPU)
  ⚡ Timing: matmul=0.21s, sampling=10.69s, total=17.82s
============================================================
Level 260 - SAMPLING
============================================================
  Starting braids: 993690
  Candidates to generate: 5190972
  Processing in 52 chunks...
  Projlen distribution:
    projlen=122: 7 braids
    projlen=123: 40 braids
    projlen=124: 321 braids
    projlen=125: 341 braids
    projlen=126: 5305 braids
    projlen=127: 4439 braids
    projlen=128: 37821 braids
    projlen=129: 26591 braids
    projlen=130: 229457 braids
    projlen=131: 145648 braids
    projlen=132: 322209 braids
    projlen=133: 176991 braids
    projlen=134: 360607 braids
    projlen=135: 166903 braids
    projlen=136: 351586 braids
    projlen=137: 168008 braids
    projlen=138: 339840 braids
    projlen=139: 185194 braids
    projlen=140: 330680 braids
    projlen=141: 194502 braids
    projlen=142: 329908 braids
    projlen=143: 184105 braids
    projlen=144: 338350 braids
    projlen=145: 165084 braids
    projlen=146: 340947 braids
    projlen=147: 169127 braids
    projlen=148: 331153 braids
    projlen=149: 172020 braids
    projlen=150: 113788 braids
  Braids kept: 1124865 (in 29 buckets, 3.99 GB CPU)
  ⚡ Timing: matmul=0.21s, sampling=11.20s, total=18.62s
============================================================
Level 261 - SAMPLING
============================================================
  Starting braids: 974865
  Candidates to generate: 5106047
  Processing in 52 chunks...
  Projlen distribution:
    projlen=122: 2 braids
    projlen=123: 9 braids
    projlen=124: 77 braids
    projlen=125: 264 braids
    projlen=126: 2191 braids
    projlen=127: 2181 braids
    projlen=128: 29886 braids
    projlen=129: 22198 braids
    projlen=130: 185879 braids
    projlen=131: 116409 braids
    projlen=132: 307430 braids
    projlen=133: 177823 braids
    projlen=134: 359301 braids
    projlen=135: 168339 braids
    projlen=136: 355852 braids
    projlen=137: 161666 braids
    projlen=138: 347704 braids
    projlen=139: 169844 braids
    projlen=140: 335806 braids
    projlen=141: 192166 braids
    projlen=142: 326507 braids
    projlen=143: 204557 braids
    projlen=144: 324735 braids
    projlen=145: 194874 braids
    projlen=146: 332625 braids
    projlen=147: 171532 braids
    projlen=148: 332568 braids
    projlen=149: 169207 braids
    projlen=150: 114415 braids
  Braids kept: 1106808 (in 29 buckets, 3.94 GB CPU)
  ⚡ Timing: matmul=0.15s, sampling=11.22s, total=18.52s
============================================================
Level 262 - SAMPLING
============================================================
  Starting braids: 956808
  Candidates to generate: 5020578
  Processing in 51 chunks...
  Projlen distribution:
    projlen=123: 7 braids
    projlen=124: 45 braids
    projlen=125: 80 braids
    projlen=126: 782 braids
    projlen=127: 1561 braids
    projlen=128: 13685 braids
    projlen=129: 11487 braids
    projlen=130: 146481 braids
    projlen=131: 96741 braids
    projlen=132: 296548 braids
    projlen=133: 174902 braids
    projlen=134: 359917 braids
    projlen=135: 170238 braids
    projlen=136: 354977 braids
    projlen=137: 163737 braids
    projlen=138: 350558 braids
    projlen=139: 161257 braids
    projlen=140: 343870 braids
    projlen=141: 173691 braids
    projlen=142: 333173 braids
    projlen=143: 199329 braids
    projlen=144: 321293 braids
    projlen=145: 213391 braids
    projlen=146: 317967 braids
    projlen=147: 205965 braids
    projlen=148: 321098 braids
    projlen=149: 175974 braids
    projlen=150: 111824 braids
  Braids kept: 1077647 (in 28 buckets, 3.84 GB CPU)
  ⚡ Timing: matmul=0.16s, sampling=11.03s, total=18.23s
============================================================
Level 263 - SAMPLING
============================================================
  Starting braids: 977647
  Candidates to generate: 5157141
  Processing in 52 chunks...
  Projlen distribution:
    projlen=123: 5 braids
    projlen=124: 30 braids
    projlen=125: 60 braids
    projlen=126: 457 braids
    projlen=127: 522 braids
    projlen=128: 5971 braids
    projlen=129: 8313 braids
    projlen=130: 69549 braids
    projlen=131: 50300 braids
    projlen=132: 271193 braids
    projlen=133: 177809 braids
    projlen=134: 361799 braids
    projlen=135: 170003 braids
    projlen=136: 356455 braids
    projlen=137: 164132 braids
    projlen=138: 350955 braids
    projlen=139: 164168 braids
    projlen=140: 347317 braids
    projlen=141: 162965 braids
    projlen=142: 340230 braids
    projlen=143: 179256 braids
    projlen=144: 329056 braids
    projlen=145: 206583 braids
    projlen=146: 314972 braids
    projlen=147: 221718 braids
    projlen=148: 310899 braids
    projlen=149: 216321 braids
    projlen=150: 288253 braids
    projlen=151: 87850 braids
  Braids kept: 1115358 (in 29 buckets, 4.00 GB CPU)
  ⚡ Timing: matmul=0.19s, sampling=11.32s, total=18.71s
============================================================
Level 264 - SAMPLING
============================================================
  Starting braids: 965358
  Candidates to generate: 5084896
  Processing in 51 chunks...
  Projlen distribution:
    projlen=123: 2 braids
    projlen=124: 21 braids
    projlen=125: 35 braids
    projlen=126: 348 braids
    projlen=127: 396 braids
    projlen=128: 3466 braids
    projlen=129: 3111 braids
    projlen=130: 33846 braids
    projlen=131: 38727 braids
    projlen=132: 258574 braids
    projlen=133: 186858 braids
    projlen=134: 358318 braids
    projlen=135: 174092 braids
    projlen=136: 355858 braids
    projlen=137: 161865 braids
    projlen=138: 350977 braids
    projlen=139: 162548 braids
    projlen=140: 345957 braids
    projlen=141: 166120 braids
    projlen=142: 344932 braids
    projlen=143: 166738 braids
    projlen=144: 338574 braids
    projlen=145: 185823 braids
    projlen=146: 325403 braids
    projlen=147: 213158 braids
    projlen=148: 310351 braids
    projlen=149: 227728 braids
    projlen=150: 280553 braids
    projlen=151: 90517 braids
  Braids kept: 1079952 (in 29 buckets, 3.88 GB CPU)
  ⚡ Timing: matmul=0.21s, sampling=10.94s, total=18.22s
============================================================
Level 265 - SAMPLING
============================================================
  Starting braids: 979952
  Candidates to generate: 5159702
  Processing in 52 chunks...
  Projlen distribution:
    projlen=124: 19 braids
    projlen=125: 24 braids
    projlen=126: 205 braids
    projlen=127: 242 braids
    projlen=128: 2556 braids
    projlen=129: 2338 braids
    projlen=130: 20975 braids
    projlen=131: 16185 braids
    projlen=132: 169671 braids
    projlen=133: 163965 braids
    projlen=134: 322680 braids
    projlen=135: 188702 braids
    projlen=136: 352528 braids
    projlen=137: 165639 braids
    projlen=138: 352328 braids
    projlen=139: 160266 braids
    projlen=140: 348169 braids
    projlen=141: 164368 braids
    projlen=142: 343399 braids
    projlen=143: 170321 braids
    projlen=144: 340570 braids
    projlen=145: 171641 braids
    projlen=146: 335839 braids
    projlen=147: 192824 braids
    projlen=148: 321793 braids
    projlen=149: 219623 braids
    projlen=150: 302715 braids
    projlen=151: 224498 braids
    projlen=152: 105619 braids
  Braids kept: 1092544 (in 29 buckets, 3.95 GB CPU)
  ⚡ Timing: matmul=0.19s, sampling=11.51s, total=18.91s
============================================================
Level 266 - SAMPLING
============================================================
  Starting braids: 992544
  Candidates to generate: 5233514
  Processing in 53 chunks...
  Projlen distribution:
    projlen=123: 1 braids
    projlen=124: 7 braids
    projlen=125: 13 braids
    projlen=126: 160 braids
    projlen=127: 169 braids
    projlen=128: 1565 braids
    projlen=129: 1469 braids
    projlen=130: 15589 braids
    projlen=131: 12082 braids
    projlen=132: 107013 braids
    projlen=133: 70077 braids
    projlen=134: 268927 braids
    projlen=135: 221875 braids
    projlen=136: 340099 braids
    projlen=137: 187523 braids
    projlen=138: 346690 braids
    projlen=139: 165007 braids
    projlen=140: 347181 braids
    projlen=141: 161024 braids
    projlen=142: 343913 braids
    projlen=143: 167198 braids
    projlen=144: 340949 braids
    projlen=145: 176231 braids
    projlen=146: 336256 braids
    projlen=147: 177582 braids
    projlen=148: 330618 braids
    projlen=149: 200034 braids
    projlen=150: 316300 braids
    projlen=151: 224833 braids
    projlen=152: 281601 braids
    projlen=153: 91528 braids
  Braids kept: 1131055 (in 31 buckets, 4.10 GB CPU)
  ⚡ Timing: matmul=0.17s, sampling=11.96s, total=19.50s
============================================================
Level 267 - SAMPLING
============================================================
  Starting braids: 981055
  Candidates to generate: 5174967
  Processing in 52 chunks...
  Projlen distribution:
    projlen=124: 3 braids
    projlen=125: 7 braids
    projlen=126: 62 braids
    projlen=127: 85 braids
    projlen=128: 1175 braids
    projlen=129: 1074 braids
    projlen=130: 9992 braids
    projlen=131: 7961 braids
    projlen=132: 79879 braids
    projlen=133: 53931 braids
    projlen=134: 274864 braids
    projlen=135: 177578 braids
    projlen=136: 349710 braids
    projlen=137: 216572 braids
    projlen=138: 331287 braids
    projlen=139: 193083 braids
    projlen=140: 339158 braids
    projlen=141: 168898 braids
    projlen=142: 343903 braids
    projlen=143: 164211 braids
    projlen=144: 341668 braids
    projlen=145: 172026 braids
    projlen=146: 336184 braids
    projlen=147: 183096 braids
    projlen=148: 333070 braids
    projlen=149: 187159 braids
    projlen=150: 325497 braids
    projlen=151: 205488 braids
    projlen=152: 289365 braids
    projlen=153: 87981 braids
  Braids kept: 1120359 (in 30 buckets, 4.07 GB CPU)
  ⚡ Timing: matmul=0.20s, sampling=11.82s, total=19.27s
============================================================
Level 268 - SAMPLING
============================================================
  Starting braids: 970359
  Candidates to generate: 5123273
  Processing in 52 chunks...
  Projlen distribution:
    projlen=125: 3 braids
    projlen=126: 40 braids
    projlen=127: 56 braids
    projlen=128: 524 braids
    projlen=129: 566 braids
    projlen=130: 7280 braids
    projlen=131: 5868 braids
    projlen=132: 53664 braids
    projlen=133: 37356 braids
    projlen=134: 265165 braids
    projlen=135: 177006 braids
    projlen=136: 362833 braids
    projlen=137: 174183 braids
    projlen=138: 344939 braids
    projlen=139: 207376 braids
    projlen=140: 325970 braids
    projlen=141: 203193 braids
    projlen=142: 330686 braids
    projlen=143: 176888 braids
    projlen=144: 339583 braids
    projlen=145: 168385 braids
    projlen=146: 338314 braids
    projlen=147: 177864 braids
    projlen=148: 332072 braids
    projlen=149: 191380 braids
    projlen=150: 327401 braids
    projlen=151: 195045 braids
    projlen=152: 294888 braids
    projlen=153: 84745 braids
  Braids kept: 1101693 (in 29 buckets, 4.01 GB CPU)
  ⚡ Timing: matmul=0.16s, sampling=11.41s, total=18.79s
============================================================
Level 269 - SAMPLING
============================================================
  Starting braids: 951693
  Candidates to generate: 5041103
  Processing in 51 chunks...
  Projlen distribution:
    projlen=125: 2 braids
    projlen=126: 17 braids
    projlen=127: 32 braids
    projlen=128: 356 braids
    projlen=129: 367 braids
    projlen=130: 3626 braids
    projlen=131: 3229 braids
    projlen=132: 39999 braids
    projlen=133: 29102 braids
    projlen=134: 250068 braids
    projlen=135: 157974 braids
    projlen=136: 332146 braids
    projlen=137: 174585 braids
    projlen=138: 358369 braids
    projlen=139: 163991 braids
    projlen=140: 341087 braids
    projlen=141: 206966 braids
    projlen=142: 319359 braids
    projlen=143: 214647 braids
    projlen=144: 322804 braids
    projlen=145: 186889 braids
    projlen=146: 333956 braids
    projlen=147: 175003 braids
    projlen=148: 335486 braids
    projlen=149: 185997 braids
    projlen=150: 326784 braids
    projlen=151: 199348 braids
    projlen=152: 292817 braids
    projlen=153: 86097 braids
  Braids kept: 1076730 (in 29 buckets, 3.93 GB CPU)
  ⚡ Timing: matmul=0.17s, sampling=11.10s, total=18.39s
============================================================
Level 270 - SAMPLING
============================================================
  Starting braids: 976730
  Candidates to generate: 5159234
  Processing in 52 chunks...
  Projlen distribution:
    projlen=126: 9 braids
    projlen=127: 25 braids
    projlen=128: 207 braids
    projlen=129: 235 braids
    projlen=130: 2477 braids
    projlen=131: 2219 braids
    projlen=132: 21575 braids
    projlen=133: 16617 braids
    projlen=134: 195164 braids
    projlen=135: 125700 braids
    projlen=136: 312717 braids
    projlen=137: 175197 braids
    projlen=138: 360237 braids
    projlen=139: 165808 braids
    projlen=140: 353368 braids
    projlen=141: 161379 braids
    projlen=142: 337749 braids
    projlen=143: 209325 braids
    projlen=144: 313909 braids
    projlen=145: 224999 braids
    projlen=146: 315610 braids
    projlen=147: 200472 braids
    projlen=148: 327362 braids
    projlen=149: 184517 braids
    projlen=150: 329364 braids
    projlen=151: 193219 braids
    projlen=152: 318173 braids
    projlen=153: 201402 braids
    projlen=154: 110199 braids
  Braids kept: 1093364 (in 29 buckets, 4.01 GB CPU)
  ⚡ Timing: matmul=0.19s, sampling=11.59s, total=19.08s
============================================================
Level 271 - SAMPLING
============================================================
  Starting braids: 993364
  Candidates to generate: 5263042
  Processing in 53 chunks...
  Projlen distribution:
    projlen=127: 7 braids
    projlen=128: 134 braids
    projlen=129: 152 braids
    projlen=130: 1581 braids
    projlen=131: 1470 braids
    projlen=132: 15193 braids
    projlen=133: 11627 braids
    projlen=134: 108500 braids
    projlen=135: 70827 braids
    projlen=136: 283346 braids
    projlen=137: 176302 braids
    projlen=138: 360802 braids
    projlen=139: 166915 braids
    projlen=140: 355781 braids
    projlen=141: 160873 braids
    projlen=142: 350014 braids
    projlen=143: 161703 braids
    projlen=144: 334778 braids
    projlen=145: 212596 braids
    projlen=146: 309938 braids
    projlen=147: 233569 braids
    projlen=148: 308755 braids
    projlen=149: 215126 braids
    projlen=150: 320761 braids
    projlen=151: 196905 braids
    projlen=152: 323376 braids
    projlen=153: 201360 braids
    projlen=154: 293434 braids
    projlen=155: 87217 braids
  Braids kept: 1130164 (in 29 buckets, 4.16 GB CPU)
  ⚡ Timing: matmul=0.20s, sampling=12.11s, total=19.75s
============================================================
Level 272 - SAMPLING
============================================================
  Starting braids: 980164
  Candidates to generate: 5193050
  Processing in 52 chunks...
  Projlen distribution:
    projlen=127: 1 braids
    projlen=128: 49 braids
    projlen=129: 79 braids
    projlen=130: 992 braids
    projlen=131: 966 braids
    projlen=132: 9958 braids
    projlen=133: 7931 braids
    projlen=134: 78373 braids
    projlen=135: 52255 braids
    projlen=136: 272546 braids
    projlen=137: 175293 braids
    projlen=138: 361890 braids
    projlen=139: 170857 braids
    projlen=140: 356780 braids
    projlen=141: 159814 braids
    projlen=142: 351814 braids
    projlen=143: 160179 braids
    projlen=144: 346560 braids
    projlen=145: 164062 braids
    projlen=146: 332432 braids
    projlen=147: 215583 braids
    projlen=148: 307339 braids
    projlen=149: 240568 braids
    projlen=150: 301828 braids
    projlen=151: 228029 braids
    projlen=152: 311990 braids
    projlen=153: 207673 braids
    projlen=154: 291133 braids
    projlen=155: 86076 braids
  Braids kept: 1119976 (in 29 buckets, 4.13 GB CPU)
  ⚡ Timing: matmul=0.21s, sampling=11.88s, total=19.41s
============================================================
Level 273 - SAMPLING
============================================================
  Starting braids: 969976
  Candidates to generate: 5133362
  Processing in 52 chunks...
  Projlen distribution:
    projlen=128: 10 braids
    projlen=129: 28 braids
    projlen=130: 451 braids
    projlen=131: 512 braids
    projlen=132: 6328 braids
    projlen=133: 5307 braids
    projlen=134: 53459 braids
    projlen=135: 37188 braids
    projlen=136: 266271 braids
    projlen=137: 175768 braids
    projlen=138: 361881 braids
    projlen=139: 171717 braids
    projlen=140: 356760 braids
    projlen=141: 160331 braids
    projlen=142: 353269 braids
    projlen=143: 158169 braids
    projlen=144: 349388 braids
    projlen=145: 161245 braids
    projlen=146: 345059 braids
    projlen=147: 168442 braids
    projlen=148: 330818 braids
    projlen=149: 218032 braids
    projlen=150: 304967 braids
    projlen=151: 246414 braids
    projlen=152: 295490 braids
    projlen=153: 237396 braids
    projlen=154: 278476 braids
    projlen=155: 90186 braids
  Braids kept: 1099824 (in 28 buckets, 4.07 GB CPU)
  ⚡ Timing: matmul=0.17s, sampling=11.63s, total=19.06s
============================================================
Level 274 - SAMPLING
============================================================
  Starting braids: 999824
  Candidates to generate: 5272932
  Processing in 53 chunks...
  Projlen distribution:
    projlen=129: 8 braids
    projlen=130: 138 braids
    projlen=131: 243 braids
    projlen=132: 3220 braids
    projlen=133: 3027 braids
    projlen=134: 35535 braids
    projlen=135: 26437 braids
    projlen=136: 248928 braids
    projlen=137: 157148 braids
    projlen=138: 332356 braids
    projlen=139: 173612 braids
    projlen=140: 359207 braids
    projlen=141: 161392 braids
    projlen=142: 354069 braids
    projlen=143: 157749 braids
    projlen=144: 349291 braids
    projlen=145: 158179 braids
    projlen=146: 346360 braids
    projlen=147: 163490 braids
    projlen=148: 342654 braids
    projlen=149: 173726 braids
    projlen=150: 327742 braids
    projlen=151: 220408 braids
    projlen=152: 302264 braids
    projlen=153: 248629 braids
    projlen=154: 287759 braids
    projlen=155: 236031 braids
    projlen=156: 103330 braids
  Braids kept: 1118608 (in 28 buckets, 4.16 GB CPU)
  ⚡ Timing: matmul=0.20s, sampling=12.13s, total=19.83s
============================================================
Level 275 - SAMPLING
============================================================
  Starting braids: 968608
  Candidates to generate: 5077044
  Processing in 51 chunks...
  Projlen distribution:
    projlen=129: 3 braids
    projlen=130: 38 braids
    projlen=131: 88 braids
    projlen=132: 1326 braids
    projlen=133: 1567 braids
    projlen=134: 19587 braids
    projlen=135: 15349 braids
    projlen=136: 176599 braids
    projlen=137: 113715 braids
    projlen=138: 308001 braids
    projlen=139: 174695 braids
    projlen=140: 360337 braids
    projlen=141: 164155 braids
    projlen=142: 355139 braids
    projlen=143: 157694 braids
    projlen=144: 351210 braids
    projlen=145: 157434 braids
    projlen=146: 347789 braids
    projlen=147: 159780 braids
    projlen=148: 343688 braids
    projlen=149: 166444 braids
    projlen=150: 338169 braids
    projlen=151: 179525 braids
    projlen=152: 324399 braids
    projlen=153: 223901 braids
    projlen=154: 296998 braids
    projlen=155: 236589 braids
    projlen=156: 102825 braids
  Braids kept: 1087958 (in 28 buckets, 4.05 GB CPU)
  ⚡ Timing: matmul=0.20s, sampling=11.44s, total=18.86s
============================================================
Level 276 - SAMPLING
============================================================
  Starting braids: 987958
  Candidates to generate: 5164410
  Processing in 52 chunks...
  Projlen distribution:
    projlen=130: 16 braids
    projlen=131: 46 braids
    projlen=132: 539 braids
    projlen=133: 705 braids
    projlen=134: 9499 braids
    projlen=135: 8282 braids
    projlen=136: 98827 braids
    projlen=137: 65903 braids
    projlen=138: 282880 braids
    projlen=139: 175758 braids
    projlen=140: 361997 braids
    projlen=141: 166138 braids
    projlen=142: 355842 braids
    projlen=143: 158491 braids
    projlen=144: 351910 braids
    projlen=145: 157242 braids
    projlen=146: 349502 braids
    projlen=147: 158123 braids
    projlen=148: 346934 braids
    projlen=149: 162347 braids
    projlen=150: 342353 braids
    projlen=151: 171942 braids
    projlen=152: 335235 braids
    projlen=153: 186929 braids
    projlen=154: 320455 braids
    projlen=155: 225209 braids
    projlen=156: 278911 braids
    projlen=157: 92395 braids
  Braids kept: 1119087 (in 28 buckets, 4.19 GB CPU)
  ⚡ Timing: matmul=0.20s, sampling=11.94s, total=19.51s
============================================================
Level 277 - SAMPLING
============================================================
  Starting braids: 969087
  Candidates to generate: 5051705
  Processing in 51 chunks...
  Projlen distribution:
    projlen=130: 1 braids
    projlen=131: 22 braids
    projlen=132: 284 braids
    projlen=133: 405 braids
    projlen=134: 4449 braids
    projlen=135: 4175 braids
    projlen=136: 51573 braids
    projlen=137: 37011 braids
    projlen=138: 266675 braids
    projlen=139: 176446 braids
    projlen=140: 364805 braids
    projlen=141: 170359 braids
    projlen=142: 357826 braids
    projlen=143: 158129 braids
    projlen=144: 352438 braids
    projlen=145: 156894 braids
    projlen=146: 350261 braids
    projlen=147: 158003 braids
    projlen=148: 347489 braids
    projlen=149: 159484 braids
    projlen=150: 345835 braids
    projlen=151: 165266 braids
    projlen=152: 339651 braids
    projlen=153: 178191 braids
    projlen=154: 330973 braids
    projlen=155: 193915 braids
    projlen=156: 295387 braids
    projlen=157: 85758 braids
  Braids kept: 1096347 (in 28 buckets, 4.11 GB CPU)
  ⚡ Timing: matmul=0.18s, sampling=11.51s, total=18.92s
============================================================
Level 278 - SAMPLING
============================================================
  Starting braids: 996347
  Candidates to generate: 5185185
  Processing in 52 chunks...
  Projlen distribution:
    projlen=129: 1 braids
    projlen=130: 2 braids
    projlen=131: 13 braids
    projlen=132: 116 braids
    projlen=133: 215 braids
    projlen=134: 2529 braids
    projlen=135: 2537 braids
    projlen=136: 27446 braids
    projlen=137: 21512 braids
    projlen=138: 247817 braids
    projlen=139: 159793 braids
    projlen=140: 333147 braids
    projlen=141: 173127 braids
    projlen=142: 359025 braids
    projlen=143: 159856 braids
    projlen=144: 354594 braids
    projlen=145: 155314 braids
    projlen=146: 350459 braids
    projlen=147: 157136 braids
    projlen=148: 349072 braids
    projlen=149: 159394 braids
    projlen=150: 347121 braids
    projlen=151: 162065 braids
    projlen=152: 343458 braids
    projlen=153: 169697 braids
    projlen=154: 336734 braids
    projlen=155: 184578 braids
    projlen=156: 321820 braids
    projlen=157: 195549 braids
    projlen=158: 111058 braids
  Braids kept: 1104371 (in 30 buckets, 4.16 GB CPU)
  ⚡ Timing: matmul=0.21s, sampling=11.99s, total=19.61s
============================================================
Level 279 - SAMPLING
============================================================
  Starting braids: 954371
  Candidates to generate: 4951579
  Processing in 50 chunks...
  Projlen distribution:
    projlen=130: 3 braids
    projlen=131: 8 braids
    projlen=132: 92 braids
    projlen=133: 153 braids
    projlen=134: 1276 braids
    projlen=135: 1475 braids
    projlen=136: 16485 braids
    projlen=137: 13514 braids
    projlen=138: 141504 braids
    projlen=139: 92896 braids
    projlen=140: 298980 braids
    projlen=141: 177223 braids
    projlen=142: 362156 braids
    projlen=143: 164356 braids
    projlen=144: 355335 braids
    projlen=145: 155900 braids
    projlen=146: 352259 braids
    projlen=147: 154721 braids
    projlen=148: 348131 braids
    projlen=149: 157467 braids
    projlen=150: 346552 braids
    projlen=151: 161183 braids
    projlen=152: 344078 braids
    projlen=153: 165177 braids
    projlen=154: 340552 braids
    projlen=155: 174792 braids
    projlen=156: 328520 braids
    projlen=157: 184455 braids
    projlen=158: 112336 braids
  Braids kept: 1083006 (in 29 buckets, 4.09 GB CPU)
  ⚡ Timing: matmul=0.18s, sampling=11.38s, total=18.68s
============================================================
Level 280 - SAMPLING
============================================================
  Starting braids: 983006
  Candidates to generate: 5113170
  Processing in 52 chunks...
  Projlen distribution:
    projlen=131: 5 braids
    projlen=132: 56 braids
    projlen=133: 86 braids
    projlen=134: 932 braids
    projlen=135: 980 braids
    projlen=136: 9444 braids
    projlen=137: 8061 braids
    projlen=138: 86796 braids
    projlen=139: 58942 braids
    projlen=140: 281754 braids
    projlen=141: 177686 braids
    projlen=142: 364549 braids
    projlen=143: 168795 braids
    projlen=144: 357014 braids
    projlen=145: 158541 braids
    projlen=146: 352178 braids
    projlen=147: 154599 braids
    projlen=148: 350298 braids
    projlen=149: 154418 braids
    projlen=150: 348266 braids
    projlen=151: 159015 braids
    projlen=152: 344682 braids
    projlen=153: 163899 braids
    projlen=154: 341741 braids
    projlen=155: 170077 braids
    projlen=156: 336142 braids
    projlen=157: 180280 braids
    projlen=158: 300352 braids
    projlen=159: 83582 braids
  Braids kept: 1119564 (in 29 buckets, 4.25 GB CPU)
  ⚡ Timing: matmul=0.15s, sampling=12.08s, total=19.55s
============================================================
Level 281 - SAMPLING
============================================================
  Starting braids: 969564
  Candidates to generate: 5047392
  Processing in 51 chunks...
  Projlen distribution:
    projlen=131: 1 braids
    projlen=132: 27 braids
    projlen=133: 46 braids
    projlen=134: 541 braids
    projlen=135: 612 braids
    projlen=136: 6561 braids
    projlen=137: 5536 braids
    projlen=138: 53005 braids
    projlen=139: 37512 braids
    projlen=140: 269896 braids
    projlen=141: 178058 braids
    projlen=142: 366206 braids
    projlen=143: 171869 braids
    projlen=144: 360814 braids
    projlen=145: 160419 braids
    projlen=146: 353567 braids
    projlen=147: 156286 braids
    projlen=148: 351726 braids
    projlen=149: 154577 braids
    projlen=150: 349004 braids
    projlen=151: 153939 braids
    projlen=152: 348739 braids
    projlen=153: 161294 braids
    projlen=154: 342715 braids
    projlen=155: 168134 braids
    projlen=156: 337174 braids
    projlen=157: 174206 braids
    projlen=158: 302294 braids
    projlen=159: 82634 braids
  Braids kept: 1100836 (in 29 buckets, 4.18 GB CPU)
  ⚡ Timing: matmul=0.19s, sampling=11.79s, total=19.21s
============================================================
Level 282 - SAMPLING
============================================================
  Starting braids: 950836
  Candidates to generate: 4954082
  Processing in 50 chunks...
  Projlen distribution:
    projlen=131: 1 braids
    projlen=132: 11 braids
    projlen=133: 23 braids
    projlen=134: 305 braids
    projlen=135: 364 braids
    projlen=136: 3847 braids
    projlen=137: 3536 braids
    projlen=138: 37597 braids
    projlen=139: 27905 braids
    projlen=140: 254330 braids
    projlen=141: 160927 braids
    projlen=142: 336619 braids
    projlen=143: 173654 braids
    projlen=144: 360458 braids
    projlen=145: 160686 braids
    projlen=146: 355954 braids
    projlen=147: 156795 braids
    projlen=148: 351159 braids
    projlen=149: 156372 braids
    projlen=150: 349252 braids
    projlen=151: 154280 braids
    projlen=152: 348609 braids
    projlen=153: 154072 braids
    projlen=154: 346943 braids
    projlen=155: 163614 braids
    projlen=156: 340581 braids
    projlen=157: 171990 braids
    projlen=158: 301842 braids
    projlen=159: 82356 braids
  Braids kept: 1073589 (in 29 buckets, 4.09 GB CPU)
  ⚡ Timing: matmul=0.18s, sampling=11.42s, total=18.73s
============================================================
Level 283 - SAMPLING
============================================================
  Starting braids: 973589
  Candidates to generate: 5040131
  Processing in 51 chunks...
  Projlen distribution:
    projlen=131: 1 braids
    projlen=132: 6 braids
    projlen=133: 14 braids
    projlen=134: 154 braids
    projlen=135: 207 braids
    projlen=136: 2345 braids
    projlen=137: 2273 braids
    projlen=138: 23390 braids
    projlen=139: 18096 braids
    projlen=140: 188670 braids
    projlen=141: 121479 braids
    projlen=142: 314264 braids
    projlen=143: 176036 braids
    projlen=144: 362671 braids
    projlen=145: 163531 braids
    projlen=146: 356162 braids
    projlen=147: 156645 braids
    projlen=148: 352265 braids
    projlen=149: 156299 braids
    projlen=150: 349499 braids
    projlen=151: 156619 braids
    projlen=152: 348974 braids
    projlen=153: 155477 braids
    projlen=154: 348290 braids
    projlen=155: 154459 braids
    projlen=156: 346427 braids
    projlen=157: 166207 braids
    projlen=158: 332445 braids
    projlen=159: 173285 braids
    projlen=160: 113941 braids
  Braids kept: 1096486 (in 30 buckets, 4.20 GB CPU)
  ⚡ Timing: matmul=0.18s, sampling=11.85s, total=19.33s
============================================================
Level 284 - SAMPLING
============================================================
  Starting braids: 996486
  Candidates to generate: 5169654
  Processing in 52 chunks...
  Projlen distribution:
    projlen=132: 8 braids
    projlen=133: 13 braids
    projlen=134: 77 braids
    projlen=135: 125 braids
    projlen=136: 1293 braids
    projlen=137: 1349 braids
    projlen=138: 15024 braids
    projlen=139: 12016 braids
    projlen=140: 119884 braids
    projlen=141: 78640 braids
    projlen=142: 290845 braids
    projlen=143: 176635 braids
    projlen=144: 364587 braids
    projlen=145: 167065 braids
    projlen=146: 358240 braids
    projlen=147: 157813 braids
    projlen=148: 353192 braids
    projlen=149: 155252 braids
    projlen=150: 350271 braids
    projlen=151: 156261 braids
    projlen=152: 347734 braids
    projlen=153: 157705 braids
    projlen=154: 347371 braids
    projlen=155: 155997 braids
    projlen=156: 346421 braids
    projlen=157: 154871 braids
    projlen=158: 342886 braids
    projlen=159: 169357 braids
    projlen=160: 305747 braids
    projlen=161: 82975 braids
  Braids kept: 1129905 (in 30 buckets, 4.34 GB CPU)
  ⚡ Timing: matmul=0.20s, sampling=12.31s, total=20.03s
============================================================
Level 285 - SAMPLING
============================================================
  Starting braids: 979905
  Candidates to generate: 5076209
  Processing in 51 chunks...
  Projlen distribution:
    projlen=131: 1 braids
    projlen=132: 1 braids
    projlen=133: 5 braids
    projlen=134: 79 braids
    projlen=135: 98 braids
    projlen=136: 756 braids
    projlen=137: 836 braids
    projlen=138: 8833 braids
    projlen=139: 7314 braids
    projlen=140: 78751 braids
    projlen=141: 53390 braids
    projlen=142: 277090 braids
    projlen=143: 176544 braids
    projlen=144: 364346 braids
    projlen=145: 169522 braids
    projlen=146: 358609 braids
    projlen=147: 158977 braids
    projlen=148: 355224 braids
    projlen=149: 155957 braids
    projlen=150: 351287 braids
    projlen=151: 154891 braids
    projlen=152: 349254 braids
    projlen=153: 156753 braids
    projlen=154: 346310 braids
    projlen=155: 159907 braids
    projlen=156: 346845 braids
    projlen=157: 157816 braids
    projlen=158: 344657 braids
    projlen=159: 154381 braids
    projlen=160: 307363 braids
    projlen=161: 80412 braids
  Braids kept: 1117923 (in 31 buckets, 4.30 GB CPU)
  ⚡ Timing: matmul=0.20s, sampling=12.08s, total=19.65s
============================================================
Level 286 - SAMPLING
============================================================
  Starting braids: 967923
  Candidates to generate: 5015141
  Processing in 51 chunks...
  Projlen distribution:
    projlen=131: 2 braids
    projlen=132: 1 braids
    projlen=133: 4 braids
    projlen=134: 28 braids
    projlen=135: 38 braids
    projlen=136: 660 braids
    projlen=137: 662 braids
    projlen=138: 5474 braids
    projlen=139: 4685 braids
    projlen=140: 48287 braids
    projlen=141: 34321 braids
    projlen=142: 267359 braids
    projlen=143: 177419 braids
    projlen=144: 364078 braids
    projlen=145: 171006 braids
    projlen=146: 358927 braids
    projlen=147: 159494 braids
    projlen=148: 354159 braids
    projlen=149: 155753 braids
    projlen=150: 351374 braids
    projlen=151: 154416 braids
    projlen=152: 349486 braids
    projlen=153: 154190 braids
    projlen=154: 347985 braids
    projlen=155: 158257 braids
    projlen=156: 345168 braids
    projlen=157: 162389 braids
    projlen=158: 343590 braids
    projlen=159: 158015 braids
    projlen=160: 307161 braids
    projlen=161: 80753 braids
  Braids kept: 1094162 (in 31 buckets, 4.22 GB CPU)
  ⚡ Timing: matmul=0.15s, sampling=11.80s, total=19.28s
============================================================
Level 287 - SAMPLING
============================================================
  Starting braids: 994162
  Candidates to generate: 5122702
  Processing in 52 chunks...
  Projlen distribution:
    projlen=131: 2 braids
    projlen=132: 4 braids
    projlen=133: 10 braids
    projlen=134: 26 braids
    projlen=135: 34 braids
    projlen=136: 263 braids
    projlen=137: 331 braids
    projlen=138: 4383 braids
    projlen=139: 3779 braids
    projlen=140: 32363 braids
    projlen=141: 23789 braids
    projlen=142: 239049 braids
    projlen=143: 150565 braids
    projlen=144: 327219 braids
    projlen=145: 173417 braids
    projlen=146: 359630 braids
    projlen=147: 159958 braids
    projlen=148: 355496 braids
    projlen=149: 156449 braids
    projlen=150: 352133 braids
    projlen=151: 154856 braids
    projlen=152: 349174 braids
    projlen=153: 153891 braids
    projlen=154: 348176 braids
    projlen=155: 154792 braids
    projlen=156: 346566 braids
    projlen=157: 159504 braids
    projlen=158: 343188 braids
    projlen=159: 164635 braids
    projlen=160: 335346 braids
    projlen=161: 157990 braids
    projlen=162: 115684 braids
  Braids kept: 1114984 (in 32 buckets, 4.32 GB CPU)
  ⚡ Timing: matmul=0.16s, sampling=12.30s, total=19.96s
============================================================
Level 288 - SAMPLING
============================================================
  Starting braids: 964984
  Candidates to generate: 4969622
  Processing in 50 chunks...
  Projlen distribution:
    projlen=131: 1 braids
    projlen=132: 5 braids
    projlen=133: 8 braids
    projlen=134: 57 braids
    projlen=135: 53 braids
    projlen=136: 224 braids
    projlen=137: 243 braids
    projlen=138: 2062 braids
    projlen=139: 2048 braids
    projlen=140: 25548 braids
    projlen=141: 19347 braids
    projlen=142: 163288 braids
    projlen=143: 103031 braids
    projlen=144: 301995 braids
    projlen=145: 175773 braids
    projlen=146: 361144 braids
    projlen=147: 163669 braids
    projlen=148: 355757 braids
    projlen=149: 156003 braids
    projlen=150: 352572 braids
    projlen=151: 155397 braids
    projlen=152: 349149 braids
    projlen=153: 154505 braids
    projlen=154: 348280 braids
    projlen=155: 154373 braids
    projlen=156: 348594 braids
    projlen=157: 156024 braids
    projlen=158: 345280 braids
    projlen=159: 161001 braids
    projlen=160: 336206 braids
    projlen=161: 163719 braids
    projlen=162: 114266 braids
  Braids kept: 1099596 (in 32 buckets, 4.27 GB CPU)
  ⚡ Timing: matmul=0.19s, sampling=11.77s, total=19.20s
============================================================
Level 289 - SAMPLING
============================================================
  Starting braids: 999596
  Candidates to generate: 5176488
  Processing in 52 chunks...
  Projlen distribution:
    projlen=132: 3 braids
    projlen=133: 6 braids
    projlen=134: 48 braids
    projlen=135: 53 braids
    projlen=136: 366 braids
    projlen=137: 328 braids
    projlen=138: 1653 braids
    projlen=139: 1569 braids
    projlen=140: 13275 braids
    projlen=141: 10871 braids
    projlen=142: 127155 braids
    projlen=143: 84251 braids
    projlen=144: 291719 braids
    projlen=145: 174934 braids
    projlen=146: 363731 braids
    projlen=147: 168505 braids
    projlen=148: 358817 braids
    projlen=149: 157805 braids
    projlen=150: 353480 braids
    projlen=151: 154814 braids
    projlen=152: 349610 braids
    projlen=153: 154802 braids
    projlen=154: 348897 braids
    projlen=155: 155149 braids
    projlen=156: 348772 braids
    projlen=157: 155248 braids
    projlen=158: 348196 braids
    projlen=159: 157145 braids
    projlen=160: 343069 braids
    projlen=161: 163479 braids
    projlen=162: 306388 braids
    projlen=163: 82350 braids
  Braids kept: 1128172 (in 32 buckets, 4.40 GB CPU)
  ⚡ Timing: matmul=0.20s, sampling=12.51s, total=20.25s
============================================================
Level 290 - SAMPLING
============================================================
  Starting braids: 978172
  Candidates to generate: 5049708
  Processing in 51 chunks...
  Projlen distribution:
    projlen=134: 35 braids
    projlen=135: 42 braids
    projlen=136: 293 braids
    projlen=137: 326 braids
    projlen=138: 2118 braids
    projlen=139: 1868 braids
    projlen=140: 10569 braids
    projlen=141: 8419 braids
    projlen=142: 68777 braids
    projlen=143: 47454 braids
    projlen=144: 269661 braids
    projlen=145: 176845 braids
    projlen=146: 362229 braids
    projlen=147: 168513 braids
    projlen=148: 358370 braids
    projlen=149: 159067 braids
    projlen=150: 354321 braids
    projlen=151: 155128 braids
    projlen=152: 349885 braids
    projlen=153: 153340 braids
    projlen=154: 348852 braids
    projlen=155: 154809 braids
    projlen=156: 348248 braids
    projlen=157: 155707 braids
    projlen=158: 348173 braids
    projlen=159: 156139 braids
    projlen=160: 346076 braids
    projlen=161: 156781 braids
    projlen=162: 307060 braids
    projlen=163: 80603 braids
  Braids kept: 1121124 (in 30 buckets, 4.38 GB CPU)
  ⚡ Timing: matmul=0.18s, sampling=12.05s, total=19.61s
============================================================
Level 291 - SAMPLING
============================================================
  Starting braids: 971124
  Candidates to generate: 5022208
  Processing in 51 chunks...
  Projlen distribution:
    projlen=135: 7 braids
    projlen=136: 243 braids
    projlen=137: 241 braids
    projlen=138: 1742 braids
    projlen=139: 1756 braids
    projlen=140: 11820 braids
    projlen=141: 9734 braids
    projlen=142: 56961 braids
    projlen=143: 40426 braids
    projlen=144: 261117 braids
    projlen=145: 176373 braids
    projlen=146: 354391 braids
    projlen=147: 174059 braids
    projlen=148: 357665 braids
    projlen=149: 159563 braids
    projlen=150: 353726 braids
    projlen=151: 155354 braids
    projlen=152: 352222 braids
    projlen=153: 154358 braids
    projlen=154: 348407 braids
    projlen=155: 152919 braids
    projlen=156: 347692 braids
    projlen=157: 155271 braids
    projlen=158: 348012 braids
    projlen=159: 157198 braids
    projlen=160: 346550 braids
    projlen=161: 155381 braids
    projlen=162: 308380 braids
    projlen=163: 80640 braids
  Braids kept: 1115969 (in 29 buckets, 4.36 GB CPU)
  ⚡ Timing: matmul=0.17s, sampling=12.14s, total=19.69s
============================================================
Level 292 - SAMPLING
============================================================
  Starting braids: 965969
  Candidates to generate: 5007253
  Processing in 51 chunks...
  Projlen distribution:
    projlen=135: 2 braids
    projlen=136: 19 braids
    projlen=137: 69 braids
    projlen=138: 1455 braids
    projlen=139: 1321 braids
    projlen=140: 9879 braids
    projlen=141: 9118 braids
    projlen=142: 61629 braids
    projlen=143: 47276 braids
    projlen=144: 254900 braids
    projlen=145: 167695 braids
    projlen=146: 334607 braids
    projlen=147: 179809 braids
    projlen=148: 356738 braids
    projlen=149: 165034 braids
    projlen=150: 354418 braids
    projlen=151: 157338 braids
    projlen=152: 351330 braids
    projlen=153: 154177 braids
    projlen=154: 350415 braids
    projlen=155: 153764 braids
    projlen=156: 348873 braids
    projlen=157: 153232 braids
    projlen=158: 347008 braids
    projlen=159: 156171 braids
    projlen=160: 346350 braids
    projlen=161: 157143 braids
    projlen=162: 306964 braids
    projlen=163: 80519 braids
  Braids kept: 1119139 (in 29 buckets, 4.38 GB CPU)
  ⚡ Timing: matmul=0.28s, sampling=12.17s, total=19.82s
============================================================
Level 293 - SAMPLING
============================================================
  Starting braids: 969139
  Candidates to generate: 5031503
  Processing in 51 chunks...
  Projlen distribution:
    projlen=136: 13 braids
    projlen=137: 20 braids
    projlen=138: 241 braids
    projlen=139: 441 braids
    projlen=140: 8128 braids
    projlen=141: 6803 braids
    projlen=142: 52265 braids
    projlen=143: 44007 braids
    projlen=144: 253088 braids
    projlen=145: 187727 braids
    projlen=146: 346078 braids
    projlen=147: 185054 braids
    projlen=148: 353070 braids
    projlen=149: 172642 braids
    projlen=150: 351917 braids
    projlen=151: 162430 braids
    projlen=152: 351305 braids
    projlen=153: 156926 braids
    projlen=154: 350398 braids
    projlen=155: 154196 braids
    projlen=156: 350307 braids
    projlen=157: 153844 braids
    projlen=158: 348678 braids
    projlen=159: 153633 braids
    projlen=160: 344517 braids
    projlen=161: 155006 braids
    projlen=162: 307752 braids
    projlen=163: 81017 braids
  Braids kept: 1109653 (in 28 buckets, 4.35 GB CPU)
  ⚡ Timing: matmul=0.16s, sampling=12.21s, total=19.72s
============================================================
Level 294 - SAMPLING
============================================================
  Starting braids: 959653
  Candidates to generate: 4997457
  Processing in 50 chunks...
  Projlen distribution:
    projlen=136: 2 braids
    projlen=137: 8 braids
    projlen=138: 143 braids
    projlen=139: 169 braids
    projlen=140: 1988 braids
    projlen=141: 2744 braids
    projlen=142: 42436 braids
    projlen=143: 33184 braids
    projlen=144: 244435 braids
    projlen=145: 187791 braids
    projlen=146: 331863 braids
    projlen=147: 196665 braids
    projlen=148: 346619 braids
    projlen=149: 179688 braids
    projlen=150: 348048 braids
    projlen=151: 170681 braids
    projlen=152: 346942 braids
    projlen=153: 164036 braids
    projlen=154: 347526 braids
    projlen=155: 157522 braids
    projlen=156: 349102 braids
    projlen=157: 154531 braids
    projlen=158: 349268 braids
    projlen=159: 153637 braids
    projlen=160: 347934 braids
    projlen=161: 152317 braids
    projlen=162: 308095 braids
    projlen=163: 80083 braids
  Braids kept: 1080674 (in 28 buckets, 4.24 GB CPU)
  ⚡ Timing: matmul=0.25s, sampling=11.88s, total=19.44s
============================================================
Level 295 - SAMPLING
============================================================
  Starting braids: 980674
  Candidates to generate: 5082276
  Processing in 51 chunks...
  Projlen distribution:
    projlen=137: 3 braids
    projlen=138: 44 braids
    projlen=139: 76 braids
    projlen=140: 1138 braids
    projlen=141: 1207 braids
    projlen=142: 13228 braids
    projlen=143: 14626 braids
    projlen=144: 201771 braids
    projlen=145: 143133 braids
    projlen=146: 309475 braids
    projlen=147: 202516 braids
    projlen=148: 340523 braids
    projlen=149: 194164 braids
    projlen=150: 340618 braids
    projlen=151: 182524 braids
    projlen=152: 341855 braids
    projlen=153: 174616 braids
    projlen=154: 342692 braids
    projlen=155: 167674 braids
    projlen=156: 342952 braids
    projlen=157: 158896 braids
    projlen=158: 347420 braids
    projlen=159: 154729 braids
    projlen=160: 347223 braids
    projlen=161: 152344 braids
    projlen=162: 340713 braids
    projlen=163: 148889 braids
    projlen=164: 117227 braids
  Braids kept: 1080322 (in 28 buckets, 4.27 GB CPU)
  ⚡ Timing: matmul=0.23s, sampling=12.23s, total=19.96s
============================================================
Level 296 - SAMPLING
============================================================
  Starting braids: 980322
  Candidates to generate: 5129614
  Processing in 52 chunks...
  Projlen distribution:
    projlen=138: 22 braids
    projlen=139: 40 braids
    projlen=140: 474 braids
    projlen=141: 592 braids
    projlen=142: 7784 braids
    projlen=143: 6801 braids
    projlen=144: 70342 braids
    projlen=145: 62269 braids
    projlen=146: 272099 braids
    projlen=147: 188778 braids
    projlen=148: 346787 braids
    projlen=149: 198099 braids
    projlen=150: 334222 braids
    projlen=151: 197773 braids
    projlen=152: 332215 braids
    projlen=153: 189819 braids
    projlen=154: 334236 braids
    projlen=155: 180683 braids
    projlen=156: 338229 braids
    projlen=157: 174391 braids
    projlen=158: 340878 braids
    projlen=159: 163081 braids
    projlen=160: 345376 braids
    projlen=161: 155988 braids
    projlen=162: 345749 braids
    projlen=163: 151603 braids
    projlen=164: 310439 braids
    projlen=165: 80845 braids
  Braids kept: 1115713 (in 28 buckets, 4.42 GB CPU)
  ⚡ Timing: matmul=0.40s, sampling=12.66s, total=20.68s
============================================================
Level 297 - SAMPLING
============================================================
  Starting braids: 965713
  Candidates to generate: 5113121
  Processing in 52 chunks...
  Projlen distribution:
    projlen=138: 5 braids
    projlen=139: 13 braids
    projlen=140: 282 braids
    projlen=141: 362 braids
    projlen=142: 3811 braids
    projlen=143: 3638 braids
    projlen=144: 43277 braids
    projlen=145: 31834 braids
    projlen=146: 254463 braids
    projlen=147: 209191 braids
    projlen=148: 351699 braids
    projlen=149: 188197 braids
    projlen=150: 340887 braids
    projlen=151: 197319 braids
    projlen=152: 328369 braids
    projlen=153: 206770 braids
    projlen=154: 325315 braids
    projlen=155: 200126 braids
    projlen=156: 328388 braids
    projlen=157: 190162 braids
    projlen=158: 332533 braids
    projlen=159: 182737 braids
    projlen=160: 338450 braids
    projlen=161: 169523 braids
    projlen=162: 342145 braids
    projlen=163: 156011 braids
    projlen=164: 307248 braids
    projlen=165: 80366 braids
  Braids kept: 1083222 (in 28 buckets, 4.31 GB CPU)
  ⚡ Timing: matmul=0.21s, sampling=12.42s, total=20.24s
============================================================
Level 298 - SAMPLING
============================================================
  Starting braids: 983222
  Candidates to generate: 5212606
  Processing in 53 chunks...
  Projlen distribution:
    projlen=138: 4 braids
    projlen=139: 11 braids
    projlen=140: 102 braids
    projlen=141: 160 braids
    projlen=142: 2269 braids
    projlen=143: 2324 braids
    projlen=144: 24144 braids
    projlen=145: 18816 braids
    projlen=146: 213392 braids
    projlen=147: 139707 braids
    projlen=148: 311703 braids
    projlen=149: 208159 braids
    projlen=150: 342334 braids
    projlen=151: 186562 braids
    projlen=152: 335546 braids
    projlen=153: 201576 braids
    projlen=154: 321495 braids
    projlen=155: 215446 braids
    projlen=156: 318389 braids
    projlen=157: 211186 braids
    projlen=158: 320839 braids
    projlen=159: 201551 braids
    projlen=160: 327795 braids
    projlen=161: 193374 braids
    projlen=162: 333346 braids
    projlen=163: 176572 braids
    projlen=164: 333742 braids
    projlen=165: 156199 braids
    projlen=166: 115863 braids
  Braids kept: 1097830 (in 29 buckets, 4.39 GB CPU)
  ⚡ Timing: matmul=0.17s, sampling=12.94s, total=20.88s
============================================================
Level 299 - SAMPLING
============================================================
  Starting braids: 997830
  Candidates to generate: 5342208
  Processing in 54 chunks...
  Projlen distribution:
    projlen=138: 6 braids
    projlen=139: 6 braids
    projlen=140: 69 braids
    projlen=141: 105 braids
    projlen=142: 958 braids
    projlen=143: 1146 braids
    projlen=144: 14804 braids
    projlen=145: 12066 braids
    projlen=146: 123608 braids
    projlen=147: 81905 braids
    projlen=148: 290761 braids
    projlen=149: 179563 braids
    projlen=150: 351487 braids
    projlen=151: 201253 braids
    projlen=152: 335290 braids
    projlen=153: 193339 braids
    projlen=154: 328007 braids
    projlen=155: 208086 braids
    projlen=156: 315328 braids
    projlen=157: 223985 braids
    projlen=158: 311100 braids
    projlen=159: 222696 braids
    projlen=160: 314493 braids
    projlen=161: 213860 braids
    projlen=162: 319675 braids
    projlen=163: 204251 braids
    projlen=164: 324833 braids
    projlen=165: 185623 braids
    projlen=166: 300310 braids
    projlen=167: 83595 braids
  Braids kept: 1129160 (in 30 buckets, 4.53 GB CPU)
  ⚡ Timing: matmul=0.28s, sampling=13.33s, total=21.64s
============================================================
Level 300 - SAMPLING
============================================================
  Starting braids: 979160
  Candidates to generate: 5255576
  Processing in 53 chunks...
  Projlen distribution:
    projlen=139: 4 braids
    projlen=140: 62 braids
    projlen=141: 85 braids
    projlen=142: 654 braids
    projlen=143: 732 braids
    projlen=144: 7035 braids
    projlen=145: 6408 braids
    projlen=146: 76999 braids
    projlen=147: 53095 braids
    projlen=148: 276739 braids
    projlen=149: 178332 braids
    projlen=150: 362621 braids
    projlen=151: 173153 braids
    projlen=152: 346403 braids
    projlen=153: 197729 braids
    projlen=154: 327663 braids
    projlen=155: 203046 braids
    projlen=156: 321014 braids
    projlen=157: 214909 braids
    projlen=158: 310272 braids
    projlen=159: 231723 braids
    projlen=160: 303318 braids
    projlen=161: 232892 braids
    projlen=162: 306181 braids
    projlen=163: 225142 braids
    projlen=164: 309800 braids
    projlen=165: 214009 braids
    projlen=166: 288370 braids
    projlen=167: 87186 braids
  Braids kept: 1114980 (in 29 buckets, 4.48 GB CPU)
  ⚡ Timing: matmul=0.30s, sampling=13.06s, total=21.18s

============================================================
SEARCH COMPLETE
============================================================
Final level: 300
Total time: 3843.43s
Avg time per level: 13.12s
Total GPU scalar-identity candidates: 0
Exact peyl verification required for every candidate.
