============================================================
SEARCHING FOR KERNEL ELEMENTS
============================================================
Braid group: B_4
Representation: (3, 1)
Dimension: 3
Number of simples: 24
Prime: 7
Device: cuda
Bucket size: 50000
Target length: 300
BFS frontier length: 8
Frontier shard: 54/64
Degree window: [0, 900] (901 coeffs)
Boundary margin: 16
Use best: 1000000
Save best: 50000
Expansion chunk size: 100000
Matmul chunk size: 8000
Seed: 70053

Loaded tables from /nfs/roberts/project/pi_com36/as4843/burau-experiments/precomputed_tables/tables_B4_r1_p7.pt
  Braid group: B_4
  Representation: (3, 1), dimension 3
  Number of simples: 24
  Degree window: [0, 900] (901 coefficients)
  Table checksum: 812f436d5d2d17cd22ee17ad7df33b681151037863def03032587a5c5ef7a9e4
✓ Identity matrix loaded at degree 0

Precomputing FFTs of simple matrices...
  simple_D=4, safety_cap_D=901
  FFT size: dynamic (grows with actual projective width)
  FFT cache: initialized lazily by transform size
Storage: reservoir matrices=CPU int16, active chunks=CUDA int16/FFT
⚡ GPU-accelerated paper reservoir with per-product projectivization

============================================================
Level 8 - BFS FRONTIER
============================================================
  Exhaustively enumerating all legal GNF words of length 8...
  Full frontier: 4,963,856 braids
  Assigned to this shard: 77,560 braids
  Projlen distribution:
    projlen=14: 3 braids
    projlen=15: 12 braids
    projlen=16: 87 braids
    projlen=17: 8996 braids
    projlen=18: 11758 braids
    projlen=19: 21647 braids
    projlen=20: 16600 braids
    projlen=21: 12172 braids
    projlen=22: 4707 braids
    projlen=23: 1349 braids
    projlen=24: 218 braids
    projlen=25: 11 braids
  Braids kept: 77560 (in 12 buckets, 0.03 GB CPU)
  ⚡ Timing: matmul=6.15s, sampling=0.00s, total=6.15s
============================================================
Level 9 - SAMPLING
============================================================
  Starting braids: 77560
  Candidates to generate: 423808
  Processing in 5 chunks...
  Projlen distribution:
    projlen=16: 22 braids
    projlen=17: 200 braids
    projlen=18: 585 braids
    projlen=19: 42002 braids
    projlen=20: 54822 braids
    projlen=21: 110003 braids
    projlen=22: 89590 braids
    projlen=23: 75705 braids
    projlen=24: 34555 braids
    projlen=25: 13102 braids
    projlen=26: 2787 braids
    projlen=27: 420 braids
    projlen=28: 15 braids
  Braids kept: 293688 (in 13 buckets, 0.13 GB CPU)
  ⚡ Timing: matmul=0.07s, sampling=0.16s, total=0.29s
============================================================
Level 10 - SAMPLING
============================================================
  Starting braids: 293688
  Candidates to generate: 1598482
  Processing in 16 chunks...
  Projlen distribution:
    projlen=17: 34 braids
    projlen=18: 221 braids
    projlen=19: 1593 braids
    projlen=20: 3726 braids
    projlen=21: 190447 braids
    projlen=22: 228844 braids
    projlen=23: 312221 braids
    projlen=24: 245714 braids
    projlen=25: 284375 braids
    projlen=26: 186256 braids
    projlen=27: 108668 braids
    projlen=28: 29404 braids
    projlen=29: 6291 braids
    projlen=30: 666 braids
    projlen=31: 22 braids
  Braids kept: 391957 (in 15 buckets, 0.19 GB CPU)
  ⚡ Timing: matmul=0.10s, sampling=0.63s, total=0.99s
============================================================
Level 11 - SAMPLING
============================================================
  Starting braids: 391957
  Candidates to generate: 2118701
  Processing in 22 chunks...
  Projlen distribution:
    projlen=18: 9 braids
    projlen=19: 433 braids
    projlen=20: 1606 braids
    projlen=21: 9858 braids
    projlen=22: 16877 braids
    projlen=23: 231324 braids
    projlen=24: 244194 braids
    projlen=25: 305454 braids
    projlen=26: 247480 braids
    projlen=27: 296784 braids
    projlen=28: 247367 braids
    projlen=29: 266894 braids
    projlen=30: 163986 braids
    projlen=31: 73424 braids
    projlen=32: 11753 braids
    projlen=33: 1228 braids
    projlen=34: 30 braids
  Braids kept: 491794 (in 17 buckets, 0.26 GB CPU)
  ⚡ Timing: matmul=0.11s, sampling=0.91s, total=1.54s
============================================================
Level 12 - SAMPLING
============================================================
  Starting braids: 491794
  Candidates to generate: 2659042
  Processing in 27 chunks...
  Projlen distribution:
    projlen=18: 2 braids
    projlen=19: 17 braids
    projlen=20: 174 braids
    projlen=21: 3317 braids
    projlen=22: 8786 braids
    projlen=23: 51845 braids
    projlen=24: 74757 braids
    projlen=25: 260955 braids
    projlen=26: 240057 braids
    projlen=27: 304594 braids
    projlen=28: 250755 braids
    projlen=29: 292434 braids
    projlen=30: 254533 braids
    projlen=31: 286626 braids
    projlen=32: 243302 braids
    projlen=33: 248296 braids
    projlen=34: 112099 braids
    projlen=35: 24591 braids
    projlen=36: 1858 braids
    projlen=37: 44 braids
  Braids kept: 638789 (in 20 buckets, 0.36 GB CPU)
  ⚡ Timing: matmul=0.07s, sampling=1.06s, total=1.80s
============================================================
Level 13 - SAMPLING
============================================================
  Starting braids: 638789
  Candidates to generate: 3472765
  Processing in 35 chunks...
  Projlen distribution:
    projlen=20: 22 braids
    projlen=21: 281 braids
    projlen=22: 1311 braids
    projlen=23: 19128 braids
    projlen=24: 42932 braids
    projlen=25: 234220 braids
    projlen=26: 255674 braids
    projlen=27: 327242 braids
    projlen=28: 236332 braids
    projlen=29: 304243 braids
    projlen=30: 253345 braids
    projlen=31: 289317 braids
    projlen=32: 256086 braids
    projlen=33: 284460 braids
    projlen=34: 256220 braids
    projlen=35: 278012 braids
    projlen=36: 224574 braids
    projlen=37: 163287 braids
    projlen=38: 42701 braids
    projlen=39: 3318 braids
    projlen=40: 60 braids
  Braids kept: 759753 (in 21 buckets, 0.46 GB CPU)
  ⚡ Timing: matmul=0.09s, sampling=1.63s, total=2.66s
============================================================
Level 14 - SAMPLING
============================================================
  Starting braids: 759753
  Candidates to generate: 4110985
  Processing in 42 chunks...
  Projlen distribution:
    projlen=20: 1 braids
    projlen=21: 25 braids
    projlen=22: 204 braids
    projlen=23: 2474 braids
    projlen=24: 7883 braids
    projlen=25: 94347 braids
    projlen=26: 181726 braids
    projlen=27: 308709 braids
    projlen=28: 250176 braids
    projlen=29: 312224 braids
    projlen=30: 236005 braids
    projlen=31: 301742 braids
    projlen=32: 253215 braids
    projlen=33: 286321 braids
    projlen=34: 259741 braids
    projlen=35: 282699 braids
    projlen=36: 259317 braids
    projlen=37: 282660 braids
    projlen=38: 250704 braids
    projlen=39: 263863 braids
    projlen=40: 186938 braids
    projlen=41: 85037 braids
    projlen=42: 4886 braids
    projlen=43: 88 braids
  Braids kept: 865561 (in 24 buckets, 0.57 GB CPU)
  ⚡ Timing: matmul=0.10s, sampling=2.24s, total=3.52s
============================================================
Level 15 - SAMPLING
============================================================
  Starting braids: 865561
  Candidates to generate: 4690513
  Processing in 47 chunks...
  Projlen distribution:
    projlen=21: 3 braids
    projlen=22: 12 braids
    projlen=23: 409 braids
    projlen=24: 1518 braids
    projlen=25: 15777 braids
    projlen=26: 36303 braids
    projlen=27: 230948 braids
    projlen=28: 271095 braids
    projlen=29: 305837 braids
    projlen=30: 245396 braids
    projlen=31: 305337 braids
    projlen=32: 241153 braids
    projlen=33: 296019 braids
    projlen=34: 254272 braids
    projlen=35: 284086 braids
    projlen=36: 263589 braids
    projlen=37: 281016 braids
    projlen=38: 263845 braids
    projlen=39: 280383 braids
    projlen=40: 259542 braids
    projlen=41: 280526 braids
    projlen=42: 238443 braids
    projlen=43: 239198 braids
    projlen=44: 87152 braids
    projlen=45: 8534 braids
    projlen=46: 120 braids
  Braids kept: 962676 (in 26 buckets, 0.67 GB CPU)
  ⚡ Timing: matmul=0.13s, sampling=2.67s, total=4.20s
============================================================
Level 16 - SAMPLING
============================================================
  Starting braids: 962676
  Candidates to generate: 5217162
  Processing in 53 chunks...
  Projlen distribution:
    projlen=23: 51 braids
    projlen=24: 219 braids
    projlen=25: 3329 braids
    projlen=26: 8840 braids
    projlen=27: 82144 braids
    projlen=28: 155487 braids
    projlen=29: 294437 braids
    projlen=30: 258509 braids
    projlen=31: 297119 braids
    projlen=32: 250619 braids
    projlen=33: 297216 braids
    projlen=34: 246792 braids
    projlen=35: 292600 braids
    projlen=36: 256715 braids
    projlen=37: 281789 braids
    projlen=38: 264693 braids
    projlen=39: 278265 braids
    projlen=40: 264992 braids
    projlen=41: 279648 braids
    projlen=42: 263014 braids
    projlen=43: 282225 braids
    projlen=44: 255839 braids
    projlen=45: 271107 braids
    projlen=46: 207308 braids
    projlen=47: 111679 braids
    projlen=48: 12350 braids
    projlen=49: 176 braids
  Braids kept: 1074965 (in 27 buckets, 0.79 GB CPU)
  ⚡ Timing: matmul=0.13s, sampling=2.86s, total=4.55s
============================================================
Level 17 - SAMPLING
============================================================
  Starting braids: 962439
  Candidates to generate: 5294261
  Processing in 53 chunks...
  Projlen distribution:
    projlen=24: 14 braids
    projlen=25: 544 braids
    projlen=26: 1662 braids
    projlen=27: 19137 braids
    projlen=28: 41121 braids
    projlen=29: 233252 braids
    projlen=30: 270849 braids
    projlen=31: 309941 braids
    projlen=32: 251460 braids
    projlen=33: 295987 braids
    projlen=34: 254270 braids
    projlen=35: 290547 braids
    projlen=36: 251185 braids
    projlen=37: 289016 braids
    projlen=38: 259461 braids
    projlen=39: 280927 braids
    projlen=40: 266655 braids
    projlen=41: 277488 braids
    projlen=42: 266725 braids
    projlen=43: 278481 braids
    projlen=44: 266176 braids
    projlen=45: 278393 braids
    projlen=46: 256095 braids
    projlen=47: 261011 braids
    projlen=48: 93864 braids
  Braids kept: 1062478 (in 25 buckets, 0.80 GB CPU)
  ⚡ Timing: matmul=0.14s, sampling=3.06s, total=4.79s
============================================================
Level 18 - SAMPLING
============================================================
  Starting braids: 962478
  Candidates to generate: 5302224
  Processing in 54 chunks...
  Projlen distribution:
    projlen=24: 2 braids
    projlen=25: 59 braids
    projlen=26: 219 braids
    projlen=27: 4120 braids
    projlen=28: 9375 braids
    projlen=29: 96014 braids
    projlen=30: 176049 braids
    projlen=31: 306716 braids
    projlen=32: 258177 braids
    projlen=33: 299800 braids
    projlen=34: 253340 braids
    projlen=35: 292872 braids
    projlen=36: 256532 braids
    projlen=37: 286656 braids
    projlen=38: 256382 braids
    projlen=39: 286069 braids
    projlen=40: 261378 braids
    projlen=41: 281329 braids
    projlen=42: 268201 braids
    projlen=43: 276788 braids
    projlen=44: 268410 braids
    projlen=45: 277113 braids
    projlen=46: 265903 braids
    projlen=47: 272600 braids
    projlen=48: 248311 braids
    projlen=49: 99809 braids
  Braids kept: 1063775 (in 26 buckets, 0.82 GB CPU)
  ⚡ Timing: matmul=0.13s, sampling=3.39s, total=5.17s
============================================================
Level 19 - SAMPLING
============================================================
  Starting braids: 963775
  Candidates to generate: 5312985
  Processing in 54 chunks...
  Projlen distribution:
    projlen=24: 1 braids
    projlen=25: 25 braids
    projlen=26: 68 braids
    projlen=27: 847 braids
    projlen=28: 1868 braids
    projlen=29: 23976 braids
    projlen=30: 43032 braids
    projlen=31: 235333 braids
    projlen=32: 269661 braids
    projlen=33: 309326 braids
    projlen=34: 250922 braids
    projlen=35: 297801 braids
    projlen=36: 256073 braids
    projlen=37: 286823 braids
    projlen=38: 258728 braids
    projlen=39: 282770 braids
    projlen=40: 260421 braids
    projlen=41: 283736 braids
    projlen=42: 263262 braids
    projlen=43: 279856 braids
    projlen=44: 267977 braids
    projlen=45: 276712 braids
    projlen=46: 269064 braids
    projlen=47: 274545 braids
    projlen=48: 264619 braids
    projlen=49: 258178 braids
    projlen=50: 97361 braids
  Braids kept: 1069817 (in 27 buckets, 0.85 GB CPU)
  ⚡ Timing: matmul=0.13s, sampling=3.45s, total=5.25s
============================================================
Level 20 - SAMPLING
============================================================
  Starting braids: 969817
  Candidates to generate: 5350493
  Processing in 54 chunks...
  Projlen distribution:
    projlen=25: 3 braids
    projlen=26: 27 braids
    projlen=27: 332 braids
    projlen=28: 792 braids
    projlen=29: 6734 braids
    projlen=30: 11326 braids
    projlen=31: 122609 braids
    projlen=32: 185453 braids
    projlen=33: 311587 braids
    projlen=34: 256629 braids
    projlen=35: 298039 braids
    projlen=36: 253133 braids
    projlen=37: 292500 braids
    projlen=38: 256958 braids
    projlen=39: 284408 braids
    projlen=40: 261752 braids
    projlen=41: 282030 braids
    projlen=42: 263824 braids
    projlen=43: 281280 braids
    projlen=44: 265627 braids
    projlen=45: 278741 braids
    projlen=46: 269198 braids
    projlen=47: 274981 braids
    projlen=48: 268657 braids
    projlen=49: 271567 braids
    projlen=50: 253173 braids
    projlen=51: 99133 braids
  Braids kept: 1069214 (in 27 buckets, 0.87 GB CPU)
  ⚡ Timing: matmul=0.14s, sampling=3.59s, total=5.45s
============================================================
Level 21 - SAMPLING
============================================================
  Starting braids: 969214
  Candidates to generate: 5345424
  Processing in 54 chunks...
  Projlen distribution:
    projlen=25: 1 braids
    projlen=26: 8 braids
    projlen=27: 101 braids
    projlen=28: 297 braids
    projlen=29: 2835 braids
    projlen=30: 5433 braids
    projlen=31: 39099 braids
    projlen=32: 52506 braids
    projlen=33: 245616 braids
    projlen=34: 258750 braids
    projlen=35: 311879 braids
    projlen=36: 248870 braids
    projlen=37: 295655 braids
    projlen=38: 255598 braids
    projlen=39: 286544 braids
    projlen=40: 259505 braids
    projlen=41: 282903 braids
    projlen=42: 264187 braids
    projlen=43: 280503 braids
    projlen=44: 265642 braids
    projlen=45: 278418 braids
    projlen=46: 267148 braids
    projlen=47: 276784 braids
    projlen=48: 269538 braids
    projlen=49: 274572 braids
    projlen=50: 267653 braids
    projlen=51: 256972 braids
    projlen=52: 98407 braids
  Braids kept: 1097774 (in 28 buckets, 0.92 GB CPU)
  ⚡ Timing: matmul=0.13s, sampling=3.67s, total=5.53s
============================================================
Level 22 - SAMPLING
============================================================
  Starting braids: 997774
  Candidates to generate: 5503558
  Processing in 56 chunks...
  Projlen distribution:
    projlen=26: 4 braids
    projlen=27: 29 braids
    projlen=28: 108 braids
    projlen=29: 1043 braids
    projlen=30: 2167 braids
    projlen=31: 18164 braids
    projlen=32: 29199 braids
    projlen=33: 197429 braids
    projlen=34: 225973 braids
    projlen=35: 330712 braids
    projlen=36: 247618 braids
    projlen=37: 303007 braids
    projlen=38: 249717 braids
    projlen=39: 292130 braids
    projlen=40: 258049 braids
    projlen=41: 282915 braids
    projlen=42: 261661 braids
    projlen=43: 280329 braids
    projlen=44: 265303 braids
    projlen=45: 278915 braids
    projlen=46: 266423 braids
    projlen=47: 277016 braids
    projlen=48: 267087 braids
    projlen=49: 275559 braids
    projlen=50: 269510 braids
    projlen=51: 270728 braids
    projlen=52: 253645 braids
    projlen=53: 99118 braids
  Braids kept: 1100714 (in 28 buckets, 0.94 GB CPU)
  ⚡ Timing: matmul=0.14s, sampling=3.88s, total=5.85s
============================================================
Level 23 - SAMPLING
============================================================
  Starting braids: 950714
  Candidates to generate: 5238090
  Processing in 53 chunks...
  Projlen distribution:
    projlen=26: 1 braids
    projlen=27: 13 braids
    projlen=28: 44 braids
    projlen=29: 326 braids
    projlen=30: 950 braids
    projlen=31: 7603 braids
    projlen=32: 12540 braids
    projlen=33: 94889 braids
    projlen=34: 127698 braids
    projlen=35: 287204 braids
    projlen=36: 246465 braids
    projlen=37: 315447 braids
    projlen=38: 240466 braids
    projlen=39: 300842 braids
    projlen=40: 251595 braids
    projlen=41: 288618 braids
    projlen=42: 260569 braids
    projlen=43: 280647 braids
    projlen=44: 263534 braids
    projlen=45: 278732 braids
    projlen=46: 267421 braids
    projlen=47: 276638 braids
    projlen=48: 267708 braids
    projlen=49: 276576 braids
    projlen=50: 267920 braids
    projlen=51: 271440 braids
    projlen=52: 253360 braids
    projlen=53: 98844 braids
  Braids kept: 1071477 (in 28 buckets, 0.93 GB CPU)
  ⚡ Timing: matmul=0.13s, sampling=3.72s, total=5.58s
============================================================
Level 24 - SAMPLING
============================================================
  Starting braids: 971477
  Candidates to generate: 5359597
  Processing in 54 chunks...
  Projlen distribution:
    projlen=26: 1 braids
    projlen=27: 5 braids
    projlen=28: 24 braids
    projlen=29: 132 braids
    projlen=30: 370 braids
    projlen=31: 2664 braids
    projlen=32: 5963 braids
    projlen=33: 42739 braids
    projlen=34: 57845 braids
    projlen=35: 249380 braids
    projlen=36: 250627 braids
    projlen=37: 322567 braids
    projlen=38: 239553 braids
    projlen=39: 308718 braids
    projlen=40: 244425 braids
    projlen=41: 295912 braids
    projlen=42: 254853 braids
    projlen=43: 285589 braids
    projlen=44: 262753 braids
    projlen=45: 279539 braids
    projlen=46: 266340 braids
    projlen=47: 278166 braids
    projlen=48: 268839 braids
    projlen=49: 276687 braids
    projlen=50: 269869 braids
    projlen=51: 274267 braids
    projlen=52: 266618 braids
    projlen=53: 256904 braids
    projlen=54: 98248 braids
  Braids kept: 1101898 (in 29 buckets, 0.97 GB CPU)
  ⚡ Timing: matmul=0.14s, sampling=3.86s, total=5.78s
============================================================
Level 25 - SAMPLING
============================================================
  Starting braids: 951898
  Candidates to generate: 5251022
  Processing in 53 chunks...
  Projlen distribution:
    projlen=26: 2 braids
    projlen=27: 1 braids
    projlen=28: 7 braids
    projlen=29: 93 braids
    projlen=30: 196 braids
    projlen=31: 1146 braids
    projlen=32: 2411 braids
    projlen=33: 16230 braids
    projlen=34: 30721 braids
    projlen=35: 207778 braids
    projlen=36: 232076 braids
    projlen=37: 329922 braids
    projlen=38: 243729 braids
    projlen=39: 311421 braids
    projlen=40: 240796 braids
    projlen=41: 303885 braids
    projlen=42: 248170 braids
    projlen=43: 291359 braids
    projlen=44: 257049 braids
    projlen=45: 282977 braids
    projlen=46: 264011 braids
    projlen=47: 277462 braids
    projlen=48: 266852 braids
    projlen=49: 275717 braids
    projlen=50: 268660 braids
    projlen=51: 274227 braids
    projlen=52: 268756 braids
    projlen=53: 257339 braids
    projlen=54: 98029 braids
  Braids kept: 1050807 (in 29 buckets, 0.94 GB CPU)
  ⚡ Timing: matmul=0.13s, sampling=3.85s, total=5.75s
============================================================
Level 26 - SAMPLING
============================================================
  Starting braids: 950807
  Candidates to generate: 5230227
  Processing in 53 chunks...
  Projlen distribution:
    projlen=26: 1 braids
    projlen=27: 6 braids
    projlen=28: 11 braids
    projlen=29: 42 braids
    projlen=30: 79 braids
    projlen=31: 716 braids
    projlen=32: 1445 braids
    projlen=33: 7312 braids
    projlen=34: 13304 braids
    projlen=35: 81122 braids
    projlen=36: 132760 braids
    projlen=37: 285970 braids
    projlen=38: 244979 braids
    projlen=39: 314591 braids
    projlen=40: 237412 braids
    projlen=41: 306138 braids
    projlen=42: 244270 braids
    projlen=43: 296847 braids
    projlen=44: 251511 braids
    projlen=45: 288628 braids
    projlen=46: 259313 braids
    projlen=47: 281402 braids
    projlen=48: 265707 braids
    projlen=49: 277714 braids
    projlen=50: 268246 braids
    projlen=51: 275483 braids
    projlen=52: 269733 braids
    projlen=53: 271312 braids
    projlen=54: 254590 braids
    projlen=55: 99583 braids
  Braids kept: 1072916 (in 30 buckets, 0.98 GB CPU)
  ⚡ Timing: matmul=0.13s, sampling=3.88s, total=5.77s
============================================================
Level 27 - SAMPLING
============================================================
  Starting braids: 972916
  Candidates to generate: 5350264
  Processing in 54 chunks...
  Projlen distribution:
    projlen=26: 1 braids
    projlen=27: 5 braids
    projlen=28: 12 braids
    projlen=29: 60 braids
    projlen=30: 63 braids
    projlen=31: 365 braids
    projlen=32: 644 braids
    projlen=33: 4496 braids
    projlen=34: 8259 braids
    projlen=35: 38136 braids
    projlen=36: 60466 braids
    projlen=37: 238552 braids
    projlen=38: 262554 braids
    projlen=39: 315806 braids
    projlen=40: 240424 braids
    projlen=41: 308763 braids
    projlen=42: 241218 braids
    projlen=43: 300162 braids
    projlen=44: 247218 braids
    projlen=45: 291121 braids
    projlen=46: 254308 braids
    projlen=47: 286352 braids
    projlen=48: 262054 braids
    projlen=49: 280024 braids
    projlen=50: 267178 braids
    projlen=51: 275998 braids
    projlen=52: 269446 braids
    projlen=53: 273751 braids
    projlen=54: 267898 braids
    projlen=55: 256498 braids
    projlen=56: 98432 braids
  Braids kept: 1102041 (in 31 buckets, 1.03 GB CPU)
  ⚡ Timing: matmul=0.33s, sampling=3.93s, total=6.08s
============================================================
Level 28 - SAMPLING
============================================================
  Starting braids: 952041
  Candidates to generate: 5236115
  Processing in 53 chunks...
  Projlen distribution:
    projlen=27: 4 braids
    projlen=28: 7 braids
    projlen=29: 56 braids
    projlen=30: 78 braids
    projlen=31: 404 braids
    projlen=32: 414 braids
    projlen=33: 2494 braids
    projlen=34: 3956 braids
    projlen=35: 24390 braids
    projlen=36: 40760 braids
    projlen=37: 179650 braids
    projlen=38: 232104 braids
    projlen=39: 317846 braids
    projlen=40: 254996 braids
    projlen=41: 304797 braids
    projlen=42: 243332 braids
    projlen=43: 301706 braids
    projlen=44: 244926 braids
    projlen=45: 294955 braids
    projlen=46: 251999 braids
    projlen=47: 288596 braids
    projlen=48: 257207 braids
    projlen=49: 284302 braids
    projlen=50: 262811 braids
    projlen=51: 278287 braids
    projlen=52: 268458 braids
    projlen=53: 274752 braids
    projlen=54: 267585 braids
    projlen=55: 257214 braids
    projlen=56: 98029 braids
  Braids kept: 1072563 (in 30 buckets, 1.01 GB CPU)
  ⚡ Timing: matmul=0.13s, sampling=3.84s, total=5.76s
============================================================
Level 29 - SAMPLING
============================================================
  Starting braids: 972563
  Candidates to generate: 5339187
  Processing in 54 chunks...
  Projlen distribution:
    projlen=26: 1 braids
    projlen=27: 2 braids
    projlen=28: 8 braids
    projlen=29: 38 braids
    projlen=30: 47 braids
    projlen=31: 422 braids
    projlen=32: 429 braids
    projlen=33: 2430 braids
    projlen=34: 2456 braids
    projlen=35: 14309 braids
    projlen=36: 20993 braids
    projlen=37: 117086 braids
    projlen=38: 175999 braids
    projlen=39: 295056 braids
    projlen=40: 257245 braids
    projlen=41: 302947 braids
    projlen=42: 248692 braids
    projlen=43: 300115 braids
    projlen=44: 247937 braids
    projlen=45: 295221 braids
    projlen=46: 249374 braids
    projlen=47: 289934 braids
    projlen=48: 255357 braids
    projlen=49: 285684 braids
    projlen=50: 259907 braids
    projlen=51: 281972 braids
    projlen=52: 264141 braids
    projlen=53: 277996 braids
    projlen=54: 268278 braids
    projlen=55: 272034 braids
    projlen=56: 253860 braids
    projlen=57: 99217 braids
  Braids kept: 1091135 (in 32 buckets, 1.05 GB CPU)
  ⚡ Timing: matmul=0.16s, sampling=4.10s, total=6.13s
============================================================
Level 30 - SAMPLING
============================================================
  Starting braids: 991135
  Candidates to generate: 5441293
  Processing in 55 chunks...
  Projlen distribution:
    projlen=27: 3 braids
    projlen=28: 4 braids
    projlen=29: 41 braids
    projlen=30: 41 braids
    projlen=31: 300 braids
    projlen=32: 275 braids
    projlen=33: 2597 braids
    projlen=34: 2353 braids
    projlen=35: 13388 braids
    projlen=36: 12971 braids
    projlen=37: 70336 braids
    projlen=38: 92144 braids
    projlen=39: 252488 braids
    projlen=40: 259431 braids
    projlen=41: 305565 braids
    projlen=42: 251855 braids
    projlen=43: 297839 braids
    projlen=44: 251889 braids
    projlen=45: 293167 braids
    projlen=46: 253123 braids
    projlen=47: 290880 braids
    projlen=48: 253235 braids
    projlen=49: 285948 braids
    projlen=50: 258421 braids
    projlen=51: 282702 braids
    projlen=52: 263379 braids
    projlen=53: 280609 braids
    projlen=54: 265990 braids
    projlen=55: 277026 braids
    projlen=56: 267224 braids
    projlen=57: 257761 braids
    projlen=58: 98308 braids
  Braids kept: 1131973 (in 32 buckets, 1.10 GB CPU)
  ⚡ Timing: matmul=0.13s, sampling=4.26s, total=6.31s
============================================================
Level 31 - SAMPLING
============================================================
  Starting braids: 981973
  Candidates to generate: 5384989
  Processing in 54 chunks...
  Projlen distribution:
    projlen=29: 37 braids
    projlen=30: 32 braids
    projlen=31: 302 braids
    projlen=32: 243 braids
    projlen=33: 1830 braids
    projlen=34: 1565 braids
    projlen=35: 14250 braids
    projlen=36: 12224 braids
    projlen=37: 66471 braids
    projlen=38: 59553 braids
    projlen=39: 239432 braids
    projlen=40: 246007 braids
    projlen=41: 315106 braids
    projlen=42: 252149 braids
    projlen=43: 298355 braids
    projlen=44: 252765 braids
    projlen=45: 292715 braids
    projlen=46: 254815 braids
    projlen=47: 287956 braids
    projlen=48: 256176 braids
    projlen=49: 287517 braids
    projlen=50: 257567 braids
    projlen=51: 284805 braids
    projlen=52: 261572 braids
    projlen=53: 280198 braids
    projlen=54: 264368 braids
    projlen=55: 277520 braids
    projlen=56: 264022 braids
    projlen=57: 258305 braids
    projlen=58: 97132 braids
  Braids kept: 1130483 (in 30 buckets, 1.10 GB CPU)
  ⚡ Timing: matmul=0.17s, sampling=4.23s, total=6.30s
============================================================
Level 32 - SAMPLING
============================================================
  Starting braids: 980483
  Candidates to generate: 5360105
  Processing in 54 chunks...
  Projlen distribution:
    projlen=30: 3 braids
    projlen=31: 220 braids
    projlen=32: 187 braids
    projlen=33: 1815 braids
    projlen=34: 1346 braids
    projlen=35: 10273 braids
    projlen=36: 8456 braids
    projlen=37: 70767 braids
    projlen=38: 57017 braids
    projlen=39: 247280 braids
    projlen=40: 212662 braids
    projlen=41: 326027 braids
    projlen=42: 243994 braids
    projlen=43: 306013 braids
    projlen=44: 247625 braids
    projlen=45: 295358 braids
    projlen=46: 254507 braids
    projlen=47: 287781 braids
    projlen=48: 256612 braids
    projlen=49: 284471 braids
    projlen=50: 259521 braids
    projlen=51: 284632 braids
    projlen=52: 260546 braids
    projlen=53: 283020 braids
    projlen=54: 262787 braids
    projlen=55: 278700 braids
    projlen=56: 262281 braids
    projlen=57: 259360 braids
    projlen=58: 96844 braids
  Braids kept: 1122300 (in 29 buckets, 1.10 GB CPU)
  ⚡ Timing: matmul=0.13s, sampling=4.23s, total=6.24s
============================================================
Level 33 - SAMPLING
============================================================
  Starting braids: 972300
  Candidates to generate: 5304652
  Processing in 54 chunks...
  Projlen distribution:
    projlen=30: 1 braids
    projlen=31: 12 braids
    projlen=32: 41 braids
    projlen=33: 1190 braids
    projlen=34: 1004 braids
    projlen=35: 9847 braids
    projlen=36: 7271 braids
    projlen=37: 52064 braids
    projlen=38: 40119 braids
    projlen=39: 247825 braids
    projlen=40: 197588 braids
    projlen=41: 334866 braids
    projlen=42: 218672 braids
    projlen=43: 319854 braids
    projlen=44: 236801 braids
    projlen=45: 304055 braids
    projlen=46: 250595 braids
    projlen=47: 291162 braids
    projlen=48: 256293 braids
    projlen=49: 285003 braids
    projlen=50: 260185 braids
    projlen=51: 282978 braids
    projlen=52: 261981 braids
    projlen=53: 281483 braids
    projlen=54: 263258 braids
    projlen=55: 280263 braids
    projlen=56: 262269 braids
    projlen=57: 260764 braids
    projlen=58: 97208 braids
  Braids kept: 1109485 (in 29 buckets, 1.10 GB CPU)
  ⚡ Timing: matmul=0.18s, sampling=4.25s, total=6.32s
============================================================
Level 34 - SAMPLING
============================================================
  Starting braids: 959485
  Candidates to generate: 5221455
  Processing in 53 chunks...
  Projlen distribution:
    projlen=30: 2 braids
    projlen=31: 4 braids
    projlen=32: 20 braids
    projlen=33: 207 braids
    projlen=34: 324 braids
    projlen=35: 6334 braids
    projlen=36: 5138 braids
    projlen=37: 50243 braids
    projlen=38: 35580 braids
    projlen=39: 240457 braids
    projlen=40: 172593 braids
    projlen=41: 319749 braids
    projlen=42: 204501 braids
    projlen=43: 331303 braids
    projlen=44: 215316 braids
    projlen=45: 314586 braids
    projlen=46: 237840 braids
    projlen=47: 298298 braids
    projlen=48: 252730 braids
    projlen=49: 288364 braids
    projlen=50: 258723 braids
    projlen=51: 283124 braids
    projlen=52: 262845 braids
    projlen=53: 280416 braids
    projlen=54: 263844 braids
    projlen=55: 278860 braids
    projlen=56: 262643 braids
    projlen=57: 260783 braids
    projlen=58: 96628 braids
  Braids kept: 1097609 (in 29 buckets, 1.09 GB CPU)
  ⚡ Timing: matmul=0.14s, sampling=4.09s, total=6.09s
============================================================
Level 35 - SAMPLING
============================================================
  Starting braids: 997609
  Candidates to generate: 5411659
  Processing in 55 chunks...
  Projlen distribution:
    projlen=31: 7 braids
    projlen=32: 14 braids
    projlen=33: 104 braids
    projlen=34: 156 braids
    projlen=35: 1848 braids
    projlen=36: 2018 braids
    projlen=37: 33205 braids
    projlen=38: 24888 braids
    projlen=39: 235234 braids
    projlen=40: 154554 braids
    projlen=41: 313843 braids
    projlen=42: 195823 braids
    projlen=43: 339067 braids
    projlen=44: 201687 braids
    projlen=45: 325549 braids
    projlen=46: 219091 braids
    projlen=47: 310292 braids
    projlen=48: 241292 braids
    projlen=49: 294837 braids
    projlen=50: 254560 braids
    projlen=51: 285993 braids
    projlen=52: 261113 braids
    projlen=53: 281036 braids
    projlen=54: 264680 braids
    projlen=55: 279224 braids
    projlen=56: 265394 braids
    projlen=57: 275135 braids
    projlen=58: 250752 braids
    projlen=59: 100263 braids
  Braids kept: 1112240 (in 29 buckets, 1.13 GB CPU)
  ⚡ Timing: matmul=0.33s, sampling=4.37s, total=6.66s
============================================================
Level 36 - SAMPLING
============================================================
  Starting braids: 962240
  Candidates to generate: 5198592
  Processing in 52 chunks...
  Projlen distribution:
    projlen=31: 3 braids
    projlen=32: 6 braids
    projlen=33: 84 braids
    projlen=34: 101 braids
    projlen=35: 997 braids
    projlen=36: 1086 braids
    projlen=37: 12219 braids
    projlen=38: 10941 braids
    projlen=39: 157543 braids
    projlen=40: 106191 braids
    projlen=41: 295171 braids
    projlen=42: 181202 braids
    projlen=43: 346467 braids
    projlen=44: 192057 braids
    projlen=45: 334155 braids
    projlen=46: 203897 braids
    projlen=47: 320154 braids
    projlen=48: 224538 braids
    projlen=49: 304612 braids
    projlen=50: 244085 braids
    projlen=51: 290762 braids
    projlen=52: 257491 braids
    projlen=53: 283809 braids
    projlen=54: 262245 braids
    projlen=55: 279867 braids
    projlen=56: 265549 braids
    projlen=57: 273662 braids
    projlen=58: 250327 braids
    projlen=59: 99371 braids
  Braids kept: 1075437 (in 29 buckets, 1.10 GB CPU)
  ⚡ Timing: matmul=0.14s, sampling=4.24s, total=6.25s
============================================================
Level 37 - SAMPLING
============================================================
  Starting braids: 975437
  Candidates to generate: 5262491
  Processing in 53 chunks...
  Projlen distribution:
    projlen=32: 3 braids
    projlen=33: 35 braids
    projlen=34: 58 braids
    projlen=35: 670 braids
    projlen=36: 703 braids
    projlen=37: 6723 braids
    projlen=38: 6098 braids
    projlen=39: 63913 braids
    projlen=40: 47392 braids
    projlen=41: 265583 braids
    projlen=42: 179901 braids
    projlen=43: 355375 braids
    projlen=44: 178234 braids
    projlen=45: 343086 braids
    projlen=46: 191691 braids
    projlen=47: 327845 braids
    projlen=48: 210896 braids
    projlen=49: 313968 braids
    projlen=50: 231009 braids
    projlen=51: 300556 braids
    projlen=52: 247140 braids
    projlen=53: 288208 braids
    projlen=54: 259006 braids
    projlen=55: 281851 braids
    projlen=56: 264879 braids
    projlen=57: 277180 braids
    projlen=58: 263751 braids
    projlen=59: 259014 braids
    projlen=60: 97723 braids
  Braids kept: 1111682 (in 29 buckets, 1.16 GB CPU)
  ⚡ Timing: matmul=0.13s, sampling=4.32s, total=6.36s
============================================================
Level 38 - SAMPLING
============================================================
  Starting braids: 961682
  Candidates to generate: 5187414
  Processing in 52 chunks...
  Projlen distribution:
    projlen=33: 22 braids
    projlen=34: 33 braids
    projlen=35: 332 braids
    projlen=36: 380 braids
    projlen=37: 4482 braids
    projlen=38: 3907 braids
    projlen=39: 37000 braids
    projlen=40: 29252 braids
    projlen=41: 255193 braids
    projlen=42: 184907 braids
    projlen=43: 352601 braids
    projlen=44: 179682 braids
    projlen=45: 350621 braids
    projlen=46: 174284 braids
    projlen=47: 338376 braids
    projlen=48: 196581 braids
    projlen=49: 322313 braids
    projlen=50: 217783 braids
    projlen=51: 308504 braids
    projlen=52: 237570 braids
    projlen=53: 296310 braids
    projlen=54: 251532 braids
    projlen=55: 285641 braids
    projlen=56: 261839 braids
    projlen=57: 279750 braids
    projlen=58: 262548 braids
    projlen=59: 259003 braids
    projlen=60: 96968 braids
  Braids kept: 1075408 (in 28 buckets, 1.13 GB CPU)
  ⚡ Timing: matmul=0.13s, sampling=4.19s, total=6.20s
============================================================
Level 39 - SAMPLING
============================================================
  Starting braids: 975408
  Candidates to generate: 5255894
  Processing in 53 chunks...
  Projlen distribution:
    projlen=33: 12 braids
    projlen=34: 17 braids
    projlen=35: 203 braids
    projlen=36: 230 braids
    projlen=37: 2419 braids
    projlen=38: 2247 braids
    projlen=39: 25771 braids
    projlen=40: 20184 braids
    projlen=41: 182416 braids
    projlen=42: 127362 braids
    projlen=43: 308752 braids
    projlen=44: 189789 braids
    projlen=45: 352376 braids
    projlen=46: 172400 braids
    projlen=47: 345972 braids
    projlen=48: 176745 braids
    projlen=49: 332925 braids
    projlen=50: 202957 braids
    projlen=51: 318263 braids
    projlen=52: 225098 braids
    projlen=53: 303543 braids
    projlen=54: 242461 braids
    projlen=55: 292851 braids
    projlen=56: 255782 braids
    projlen=57: 284375 braids
    projlen=58: 262539 braids
    projlen=59: 276235 braids
    projlen=60: 251545 braids
    projlen=61: 100425 braids
  Braids kept: 1101083 (in 29 buckets, 1.18 GB CPU)
  ⚡ Timing: matmul=0.15s, sampling=4.35s, total=6.43s
============================================================
Level 40 - SAMPLING
============================================================
  Starting braids: 951083
  Candidates to generate: 5106333
  Processing in 52 chunks...
  Projlen distribution:
    projlen=33: 4 braids
    projlen=34: 5 braids
    projlen=35: 97 braids
    projlen=36: 138 braids
    projlen=37: 1386 braids
    projlen=38: 1478 braids
    projlen=39: 14785 braids
    projlen=40: 12066 braids
    projlen=41: 129260 braids
    projlen=42: 88219 braids
    projlen=43: 287957 braids
    projlen=44: 188120 braids
    projlen=45: 352353 braids
    projlen=46: 184152 braids
    projlen=47: 346275 braids
    projlen=48: 173680 braids
    projlen=49: 339737 braids
    projlen=50: 182099 braids
    projlen=51: 328290 braids
    projlen=52: 209653 braids
    projlen=53: 312480 braids
    projlen=54: 232973 braids
    projlen=55: 299419 braids
    projlen=56: 247392 braids
    projlen=57: 289879 braids
    projlen=58: 257452 braids
    projlen=59: 279077 braids
    projlen=60: 247531 braids
    projlen=61: 100376 braids
  Braids kept: 1079959 (in 29 buckets, 1.16 GB CPU)
  ⚡ Timing: matmul=0.13s, sampling=4.33s, total=6.34s
============================================================
Level 41 - SAMPLING
============================================================
  Starting braids: 979959
  Candidates to generate: 5254093
  Processing in 53 chunks...
  Projlen distribution:
    projlen=34: 3 braids
    projlen=35: 33 braids
    projlen=36: 52 braids
    projlen=37: 660 braids
    projlen=38: 872 braids
    projlen=39: 8623 braids
    projlen=40: 7926 braids
    projlen=41: 75841 braids
    projlen=42: 53349 braids
    projlen=43: 273667 braids
    projlen=44: 182756 braids
    projlen=45: 356948 braids
    projlen=46: 184983 braids
    projlen=47: 346404 braids
    projlen=48: 182791 braids
    projlen=49: 340187 braids
    projlen=50: 179660 braids
    projlen=51: 333168 braids
    projlen=52: 188862 braids
    projlen=53: 324342 braids
    projlen=54: 216523 braids
    projlen=55: 308031 braids
    projlen=56: 238835 braids
    projlen=57: 295326 braids
    projlen=58: 251953 braids
    projlen=59: 285392 braids
    projlen=60: 257735 braids
    projlen=61: 263024 braids
    projlen=62: 96147 braids
  Braids kept: 1118169 (in 29 buckets, 1.22 GB CPU)
  ⚡ Timing: matmul=0.13s, sampling=4.48s, total=6.57s
============================================================
Level 42 - SAMPLING
============================================================
  Starting braids: 968169
  Candidates to generate: 5170459
  Processing in 52 chunks...
  Projlen distribution:
    projlen=34: 2 braids
    projlen=35: 7 braids
    projlen=36: 16 braids
    projlen=37: 290 braids
    projlen=38: 378 braids
    projlen=39: 4218 braids
    projlen=40: 4786 braids
    projlen=41: 46198 braids
    projlen=42: 37148 braids
    projlen=43: 262725 braids
    projlen=44: 183277 braids
    projlen=45: 359402 braids
    projlen=46: 178918 braids
    projlen=47: 350234 braids
    projlen=48: 178598 braids
    projlen=49: 339036 braids
    projlen=50: 186729 braids
    projlen=51: 332955 braids
    projlen=52: 186859 braids
    projlen=53: 328990 braids
    projlen=54: 197558 braids
    projlen=55: 319301 braids
    projlen=56: 223375 braids
    projlen=57: 303675 braids
    projlen=58: 243366 braids
    projlen=59: 290871 braids
    projlen=60: 251729 braids
    projlen=61: 264612 braids
    projlen=62: 95206 braids
  Braids kept: 1093043 (in 29 buckets, 1.20 GB CPU)
  ⚡ Timing: matmul=0.20s, sampling=4.36s, total=6.48s
============================================================
Level 43 - SAMPLING
============================================================
  Starting braids: 993043
  Candidates to generate: 5312955
  Processing in 54 chunks...
  Projlen distribution:
    projlen=35: 9 braids
    projlen=36: 15 braids
    projlen=37: 99 braids
    projlen=38: 129 braids
    projlen=39: 2090 braids
    projlen=40: 2339 braids
    projlen=41: 24496 braids
    projlen=42: 24150 braids
    projlen=43: 226736 braids
    projlen=44: 163165 braids
    projlen=45: 327658 braids
    projlen=46: 182306 braids
    projlen=47: 354146 braids
    projlen=48: 170660 braids
    projlen=49: 345276 braids
    projlen=50: 180878 braids
    projlen=51: 334530 braids
    projlen=52: 194549 braids
    projlen=53: 327242 braids
    projlen=54: 196784 braids
    projlen=55: 324235 braids
    projlen=56: 207243 braids
    projlen=57: 314759 braids
    projlen=58: 229909 braids
    projlen=59: 301183 braids
    projlen=60: 247515 braids
    projlen=61: 286292 braids
    projlen=62: 242581 braids
    projlen=63: 101981 braids
  Braids kept: 1103327 (in 29 buckets, 1.24 GB CPU)
  ⚡ Timing: matmul=0.22s, sampling=4.59s, total=6.80s
============================================================
Level 44 - SAMPLING
============================================================
  Starting braids: 953327
  Candidates to generate: 5093213
  Processing in 51 chunks...
  Projlen distribution:
    projlen=36: 3 braids
    projlen=37: 86 braids
    projlen=38: 96 braids
    projlen=39: 812 braids
    projlen=40: 883 braids
    projlen=41: 13182 braids
    projlen=42: 12703 braids
    projlen=43: 124412 braids
    projlen=44: 104020 braids
    projlen=45: 294725 braids
    projlen=46: 193318 braids
    projlen=47: 352527 braids
    projlen=48: 176557 braids
    projlen=49: 348559 braids
    projlen=50: 170847 braids
    projlen=51: 339589 braids
    projlen=52: 186467 braids
    projlen=53: 329258 braids
    projlen=54: 202444 braids
    projlen=55: 321490 braids
    projlen=56: 207424 braids
    projlen=57: 317735 braids
    projlen=58: 216821 braids
    projlen=59: 309324 braids
    projlen=60: 236152 braids
    projlen=61: 293573 braids
    projlen=62: 236823 braids
    projlen=63: 103383 braids
  Braids kept: 1077765 (in 28 buckets, 1.22 GB CPU)
  ⚡ Timing: matmul=0.14s, sampling=4.44s, total=6.51s
============================================================
Level 45 - SAMPLING
============================================================
  Starting braids: 977765
  Candidates to generate: 5234695
  Processing in 53 chunks...
  Projlen distribution:
    projlen=35: 1 braids
    projlen=37: 15 braids
    projlen=38: 19 braids
    projlen=39: 628 braids
    projlen=40: 647 braids
    projlen=41: 5472 braids
    projlen=42: 5179 braids
    projlen=43: 68861 braids
    projlen=44: 57218 braids
    projlen=45: 267761 braids
    projlen=46: 206760 braids
    projlen=47: 348090 braids
    projlen=48: 190301 braids
    projlen=49: 345734 braids
    projlen=50: 176230 braids
    projlen=51: 342115 braids
    projlen=52: 174946 braids
    projlen=53: 335380 braids
    projlen=54: 192744 braids
    projlen=55: 324379 braids
    projlen=56: 211588 braids
    projlen=57: 315550 braids
    projlen=58: 218340 braids
    projlen=59: 311666 braids
    projlen=60: 225539 braids
    projlen=61: 302790 braids
    projlen=62: 238841 braids
    projlen=63: 274263 braids
    projlen=64: 93638 braids
  Braids kept: 1111961 (in 29 buckets, 1.27 GB CPU)
  ⚡ Timing: matmul=0.14s, sampling=4.72s, total=6.87s
============================================================
Level 46 - SAMPLING
============================================================
  Starting braids: 961961
  Candidates to generate: 5157723
  Processing in 52 chunks...
  Projlen distribution:
    projlen=34: 1 braids
    projlen=35: 2 braids
    projlen=36: 4 braids
    projlen=37: 10 braids
    projlen=38: 10 braids
    projlen=39: 142 braids
    projlen=40: 172 braids
    projlen=41: 3964 braids
    projlen=42: 3617 braids
    projlen=43: 30519 braids
    projlen=44: 24835 braids
    projlen=45: 253253 braids
    projlen=46: 202446 braids
    projlen=47: 351050 braids
    projlen=48: 205288 braids
    projlen=49: 339636 braids
    projlen=50: 190049 braids
    projlen=51: 338659 braids
    projlen=52: 181678 braids
    projlen=53: 336685 braids
    projlen=54: 182206 braids
    projlen=55: 331135 braids
    projlen=56: 200615 braids
    projlen=57: 319098 braids
    projlen=58: 220045 braids
    projlen=59: 310417 braids
    projlen=60: 227374 braids
    projlen=61: 304038 braids
    projlen=62: 231476 braids
    projlen=63: 278160 braids
    projlen=64: 91139 braids
  Braids kept: 1063276 (in 31 buckets, 1.23 GB CPU)
  ⚡ Timing: matmul=0.15s, sampling=4.54s, total=6.64s
============================================================
Level 47 - SAMPLING
============================================================
  Starting braids: 963276
  Candidates to generate: 5159974
  Processing in 52 chunks...
  Projlen distribution:
    projlen=34: 1 braids
    projlen=35: 2 braids
    projlen=36: 5 braids
    projlen=37: 23 braids
    projlen=38: 18 braids
    projlen=39: 86 braids
    projlen=40: 75 braids
    projlen=41: 1138 braids
    projlen=42: 1213 braids
    projlen=43: 22292 braids
    projlen=44: 18504 braids
    projlen=45: 151423 braids
    projlen=46: 108635 braids
    projlen=47: 295406 braids
    projlen=48: 202013 braids
    projlen=49: 340971 braids
    projlen=50: 200105 braids
    projlen=51: 332671 braids
    projlen=52: 197021 braids
    projlen=53: 331153 braids
    projlen=54: 190219 braids
    projlen=55: 329921 braids
    projlen=56: 190673 braids
    projlen=57: 325732 braids
    projlen=58: 208115 braids
    projlen=59: 315203 braids
    projlen=60: 227204 braids
    projlen=61: 303948 braids
    projlen=62: 236027 braids
    projlen=63: 295467 braids
    projlen=64: 229546 braids
    projlen=65: 105164 braids
  Braids kept: 1093357 (in 32 buckets, 1.28 GB CPU)
  ⚡ Timing: matmul=0.21s, sampling=4.66s, total=7.65s
============================================================
Level 48 - SAMPLING
============================================================
  Starting braids: 993357
  Candidates to generate: 5328585
  Processing in 54 chunks...
  Projlen distribution:
    projlen=35: 3 braids
    projlen=36: 5 braids
    projlen=37: 24 braids
    projlen=38: 18 braids
    projlen=39: 141 braids
    projlen=40: 98 braids
    projlen=41: 683 braids
    projlen=42: 654 braids
    projlen=43: 7508 braids
    projlen=44: 7124 braids
    projlen=45: 110362 braids
    projlen=46: 81229 braids
    projlen=47: 280696 braids
    projlen=48: 192085 braids
    projlen=49: 347775 braids
    projlen=50: 196703 braids
    projlen=51: 334317 braids
    projlen=52: 204692 braids
    projlen=53: 324639 braids
    projlen=54: 206118 braids
    projlen=55: 322803 braids
    projlen=56: 200060 braids
    projlen=57: 324038 braids
    projlen=58: 200921 braids
    projlen=59: 319418 braids
    projlen=60: 216417 braids
    projlen=61: 308678 braids
    projlen=62: 234161 braids
    projlen=63: 298836 braids
    projlen=64: 241181 braids
    projlen=65: 274044 braids
    projlen=66: 93154 braids
  Braids kept: 1116258 (in 32 buckets, 1.33 GB CPU)
  ⚡ Timing: matmul=0.14s, sampling=4.90s, total=7.98s
============================================================
Level 49 - SAMPLING
============================================================
  Starting braids: 966258
  Candidates to generate: 5190544
  Processing in 52 chunks...
  Projlen distribution:
    projlen=36: 1 braids
    projlen=37: 27 braids
    projlen=38: 25 braids
    projlen=39: 139 braids
    projlen=40: 91 braids
    projlen=41: 836 braids
    projlen=42: 668 braids
    projlen=43: 4538 braids
    projlen=44: 4017 braids
    projlen=45: 41699 braids
    projlen=46: 32453 braids
    projlen=47: 259048 braids
    projlen=48: 188597 braids
    projlen=49: 352099 braids
    projlen=50: 190847 braids
    projlen=51: 342025 braids
    projlen=52: 194550 braids
    projlen=53: 328279 braids
    projlen=54: 211118 braids
    projlen=55: 317962 braids
    projlen=56: 216805 braids
    projlen=57: 316132 braids
    projlen=58: 211381 braids
    projlen=59: 318513 braids
    projlen=60: 211786 braids
    projlen=61: 314303 braids
    projlen=62: 225311 braids
    projlen=63: 303042 braids
    projlen=64: 237757 braids
    projlen=65: 274164 braids
    projlen=66: 92331 braids
  Braids kept: 1084494 (in 31 buckets, 1.30 GB CPU)
  ⚡ Timing: matmul=0.16s, sampling=4.74s, total=7.72s
============================================================
Level 50 - SAMPLING
============================================================
  Starting braids: 984494
  Candidates to generate: 5309298
  Processing in 54 chunks...
  Projlen distribution:
    projlen=37: 3 braids
    projlen=38: 9 braids
    projlen=39: 164 braids
    projlen=40: 134 braids
    projlen=41: 766 braids
    projlen=42: 551 braids
    projlen=43: 4770 braids
    projlen=44: 3766 braids
    projlen=45: 27074 braids
    projlen=46: 20923 braids
    projlen=47: 210059 braids
    projlen=48: 144919 braids
    projlen=49: 318232 braids
    projlen=50: 187820 braids
    projlen=51: 345979 braids
    projlen=52: 186938 braids
    projlen=53: 335636 braids
    projlen=54: 199937 braids
    projlen=55: 323068 braids
    projlen=56: 219261 braids
    projlen=57: 312547 braids
    projlen=58: 226104 braids
    projlen=59: 310115 braids
    projlen=60: 223272 braids
    projlen=61: 311167 braids
    projlen=62: 222269 braids
    projlen=63: 308360 braids
    projlen=64: 231985 braids
    projlen=65: 296063 braids
    projlen=66: 232972 braids
    projlen=67: 104435 braids
  Braids kept: 1108160 (in 31 buckets, 1.35 GB CPU)
  ⚡ Timing: matmul=0.15s, sampling=4.98s, total=8.10s
============================================================
Level 51 - SAMPLING
============================================================
  Starting braids: 958160
  Candidates to generate: 5167986
  Processing in 52 chunks...
  Projlen distribution:
    projlen=38: 2 braids
    projlen=39: 41 braids
    projlen=40: 58 braids
    projlen=41: 896 braids
    projlen=42: 690 braids
    projlen=43: 4236 braids
    projlen=44: 3056 braids
    projlen=45: 26534 braids
    projlen=46: 19287 braids
    projlen=47: 139690 braids
    projlen=48: 94016 braids
    projlen=49: 295746 braids
    projlen=50: 188347 braids
    projlen=51: 355163 braids
    projlen=52: 182633 braids
    projlen=53: 340887 braids
    projlen=54: 190886 braids
    projlen=55: 329058 braids
    projlen=56: 207105 braids
    projlen=57: 318217 braids
    projlen=58: 226414 braids
    projlen=59: 306496 braids
    projlen=60: 234559 braids
    projlen=61: 303947 braids
    projlen=62: 232924 braids
    projlen=63: 305924 braids
    projlen=64: 231247 braids
    projlen=65: 298408 braids
    projlen=66: 226306 braids
    projlen=67: 105213 braids
  Braids kept: 1104800 (in 30 buckets, 1.35 GB CPU)
  ⚡ Timing: matmul=0.15s, sampling=4.86s, total=7.88s
============================================================
Level 52 - SAMPLING
============================================================
  Starting braids: 954800
  Candidates to generate: 5138958
  Processing in 52 chunks...
  Projlen distribution:
    projlen=38: 1 braids
    projlen=39: 13 braids
    projlen=40: 26 braids
    projlen=41: 327 braids
    projlen=42: 345 braids
    projlen=43: 4718 braids
    projlen=44: 3489 braids
    projlen=45: 23168 braids
    projlen=46: 15898 braids
    projlen=47: 133354 braids
    projlen=48: 87442 braids
    projlen=49: 291356 braids
    projlen=50: 185321 braids
    projlen=51: 359653 braids
    projlen=52: 182550 braids
    projlen=53: 347942 braids
    projlen=54: 180749 braids
    projlen=55: 334617 braids
    projlen=56: 197350 braids
    projlen=57: 322670 braids
    projlen=58: 215117 braids
    projlen=59: 311498 braids
    projlen=60: 232618 braids
    projlen=61: 302499 braids
    projlen=62: 241921 braids
    projlen=63: 297747 braids
    projlen=64: 240789 braids
    projlen=65: 294968 braids
    projlen=66: 226487 braids
    projlen=67: 104325 braids
  Braids kept: 1097985 (in 30 buckets, 1.35 GB CPU)
  ⚡ Timing: matmul=0.18s, sampling=4.81s, total=7.85s
============================================================
Level 53 - SAMPLING
============================================================
  Starting braids: 997985
  Candidates to generate: 5362057
  Processing in 54 chunks...
  Projlen distribution:
    projlen=38: 1 braids
    projlen=39: 4 braids
    projlen=40: 10 braids
    projlen=41: 169 braids
    projlen=42: 188 braids
    projlen=43: 2051 braids
    projlen=44: 1865 braids
    projlen=45: 24382 braids
    projlen=46: 17087 braids
    projlen=47: 115889 braids
    projlen=48: 73155 braids
    projlen=49: 281750 braids
    projlen=50: 179696 braids
    projlen=51: 360041 braids
    projlen=52: 180306 braids
    projlen=53: 352081 braids
    projlen=54: 176889 braids
    projlen=55: 342189 braids
    projlen=56: 185824 braids
    projlen=57: 329074 braids
    projlen=58: 205186 braids
    projlen=59: 316283 braids
    projlen=60: 222243 braids
    projlen=61: 306827 braids
    projlen=62: 238408 braids
    projlen=63: 297922 braids
    projlen=64: 247246 braids
    projlen=65: 292533 braids
    projlen=66: 246224 braids
    projlen=67: 272969 braids
    projlen=68: 93565 braids
  Braids kept: 1145757 (in 31 buckets, 1.42 GB CPU)
  ⚡ Timing: matmul=0.15s, sampling=5.09s, total=8.27s
============================================================
Level 54 - SAMPLING
============================================================
  Starting braids: 995757
  Candidates to generate: 5327469
  Processing in 54 chunks...
  Projlen distribution:
    projlen=38: 1 braids
    projlen=39: 2 braids
    projlen=40: 10 braids
    projlen=41: 54 braids
    projlen=42: 77 braids
    projlen=43: 1179 braids
    projlen=44: 1121 braids
    projlen=45: 11660 braids
    projlen=46: 9633 braids
    projlen=47: 117528 braids
    projlen=48: 77220 braids
    projlen=49: 282686 braids
    projlen=50: 177440 braids
    projlen=51: 360262 braids
    projlen=52: 176192 braids
    projlen=53: 354023 braids
    projlen=54: 173955 braids
    projlen=55: 344790 braids
    projlen=56: 179139 braids
    projlen=57: 335983 braids
    projlen=58: 192868 braids
    projlen=59: 324486 braids
    projlen=60: 213508 braids
    projlen=61: 311116 braids
    projlen=62: 230003 braids
    projlen=63: 301683 braids
    projlen=64: 243937 braids
    projlen=65: 292871 braids
    projlen=66: 250266 braids
    projlen=67: 269417 braids
    projlen=68: 94359 braids
  Braids kept: 1123737 (in 31 buckets, 1.41 GB CPU)
  ⚡ Timing: matmul=0.17s, sampling=5.10s, total=8.30s
============================================================
Level 55 - SAMPLING
============================================================
  Starting braids: 973737
  Candidates to generate: 5185639
  Processing in 52 chunks...
  Projlen distribution:
    projlen=38: 1 braids
    projlen=39: 2 braids
    projlen=40: 4 braids
    projlen=41: 47 braids
    projlen=42: 60 braids
    projlen=43: 446 braids
    projlen=44: 449 braids
    projlen=45: 7149 braids
    projlen=46: 6000 braids
    projlen=47: 59363 braids
    projlen=48: 43191 braids
    projlen=49: 264780 braids
    projlen=50: 176313 braids
    projlen=51: 359441 braids
    projlen=52: 175113 braids
    projlen=53: 354870 braids
    projlen=54: 168797 braids
    projlen=55: 347830 braids
    projlen=56: 174863 braids
    projlen=57: 339508 braids
    projlen=58: 184742 braids
    projlen=59: 330615 braids
    projlen=60: 200647 braids
    projlen=61: 319185 braids
    projlen=62: 221617 braids
    projlen=63: 306692 braids
    projlen=64: 236565 braids
    projlen=65: 296585 braids
    projlen=66: 245987 braids
    projlen=67: 270459 braids
    projlen=68: 94318 braids
  Braids kept: 1107349 (in 31 buckets, 1.39 GB CPU)
  ⚡ Timing: matmul=0.15s, sampling=4.95s, total=8.04s
============================================================
Level 56 - SAMPLING
============================================================
  Starting braids: 957349
  Candidates to generate: 5088091
  Processing in 51 chunks...
  Projlen distribution:
    projlen=39: 4 braids
    projlen=40: 4 braids
    projlen=41: 24 braids
    projlen=42: 22 braids
    projlen=43: 411 braids
    projlen=44: 400 braids
    projlen=45: 3031 braids
    projlen=46: 2676 braids
    projlen=47: 38432 braids
    projlen=48: 29042 braids
    projlen=49: 249997 braids
    projlen=50: 174548 braids
    projlen=51: 342610 braids
    projlen=52: 175857 braids
    projlen=53: 354175 braids
    projlen=54: 168086 braids
    projlen=55: 349126 braids
    projlen=56: 168598 braids
    projlen=57: 341796 braids
    projlen=58: 178991 braids
    projlen=59: 333834 braids
    projlen=60: 192291 braids
    projlen=61: 324493 braids
    projlen=62: 208854 braids
    projlen=63: 314119 braids
    projlen=64: 229137 braids
    projlen=65: 301673 braids
    projlen=66: 240111 braids
    projlen=67: 272991 braids
    projlen=68: 92758 braids
  Braids kept: 1074046 (in 30 buckets, 1.36 GB CPU)
  ⚡ Timing: matmul=0.16s, sampling=4.82s, total=7.84s
============================================================
Level 57 - SAMPLING
============================================================
  Starting braids: 974046
  Candidates to generate: 5166970
  Processing in 52 chunks...
  Projlen distribution:
    projlen=39: 4 braids
    projlen=40: 3 braids
    projlen=41: 28 braids
    projlen=42: 25 braids
    projlen=43: 172 braids
    projlen=44: 173 braids
    projlen=45: 2723 braids
    projlen=46: 2383 braids
    projlen=47: 18497 braids
    projlen=48: 13952 braids
    projlen=49: 187113 braids
    projlen=50: 126194 braids
    projlen=51: 306737 braids
    projlen=52: 186714 braids
    projlen=53: 353766 braids
    projlen=54: 168591 braids
    projlen=55: 350350 braids
    projlen=56: 168326 braids
    projlen=57: 343528 braids
    projlen=58: 171624 braids
    projlen=59: 337144 braids
    projlen=60: 186062 braids
    projlen=61: 329762 braids
    projlen=62: 201462 braids
    projlen=63: 318741 braids
    projlen=64: 217864 braids
    projlen=65: 308398 braids
    projlen=66: 234108 braids
    projlen=67: 293652 braids
    projlen=68: 234596 braids
    projlen=69: 104278 braids
  Braids kept: 1087960 (in 31 buckets, 1.40 GB CPU)
  ⚡ Timing: matmul=0.15s, sampling=5.00s, total=8.08s
============================================================
Level 58 - SAMPLING
============================================================
  Starting braids: 987960
  Candidates to generate: 5242682
  Processing in 53 chunks...
  Projlen distribution:
    projlen=39: 3 braids
    projlen=40: 4 braids
    projlen=41: 22 braids
    projlen=42: 22 braids
    projlen=43: 187 braids
    projlen=44: 165 braids
    projlen=45: 1149 braids
    projlen=46: 1147 braids
    projlen=47: 16149 braids
    projlen=48: 12490 braids
    projlen=49: 95923 braids
    projlen=50: 61307 braids
    projlen=51: 275878 braids
    projlen=52: 182522 braids
    projlen=53: 354508 braids
    projlen=54: 182316 braids
    projlen=55: 348337 braids
    projlen=56: 168088 braids
    projlen=57: 345577 braids
    projlen=58: 171263 braids
    projlen=59: 339177 braids
    projlen=60: 177258 braids
    projlen=61: 331936 braids
    projlen=62: 192857 braids
    projlen=63: 324469 braids
    projlen=64: 210894 braids
    projlen=65: 314192 braids
    projlen=66: 226849 braids
    projlen=67: 301922 braids
    projlen=68: 238603 braids
    projlen=69: 273977 braids
    projlen=70: 93491 braids
  Braids kept: 1131338 (in 32 buckets, 1.47 GB CPU)
  ⚡ Timing: matmul=0.18s, sampling=5.18s, total=8.38s
============================================================
Level 59 - SAMPLING
============================================================
  Starting braids: 981338
  Candidates to generate: 5211744
  Processing in 53 chunks...
  Projlen distribution:
    projlen=40: 1 braids
    projlen=41: 21 braids
    projlen=42: 20 braids
    projlen=43: 153 braids
    projlen=44: 133 braids
    projlen=45: 1154 braids
    projlen=46: 973 braids
    projlen=47: 7596 braids
    projlen=48: 6240 braids
    projlen=49: 83530 braids
    projlen=50: 57010 braids
    projlen=51: 277723 braids
    projlen=52: 175935 braids
    projlen=53: 361074 braids
    projlen=54: 179418 braids
    projlen=55: 349085 braids
    projlen=56: 179618 braids
    projlen=57: 343474 braids
    projlen=58: 172508 braids
    projlen=59: 340780 braids
    projlen=60: 176289 braids
    projlen=61: 336906 braids
    projlen=62: 185359 braids
    projlen=63: 327927 braids
    projlen=64: 201087 braids
    projlen=65: 318848 braids
    projlen=66: 219013 braids
    projlen=67: 308419 braids
    projlen=68: 232067 braids
    projlen=69: 277869 braids
    projlen=70: 91514 braids
  Braids kept: 1116291 (in 31 buckets, 1.46 GB CPU)
  ⚡ Timing: matmul=0.42s, sampling=5.16s, total=8.59s
============================================================
Level 60 - SAMPLING
============================================================
  Starting braids: 966291
  Candidates to generate: 5125735
  Processing in 52 chunks...
  Projlen distribution:
    projlen=40: 1 braids
    projlen=41: 2 braids
    projlen=42: 4 braids
    projlen=43: 126 braids
    projlen=44: 99 braids
    projlen=45: 974 braids
    projlen=46: 748 braids
    projlen=47: 6975 braids
    projlen=48: 5262 braids
    projlen=49: 42411 braids
    projlen=50: 29494 braids
    projlen=51: 263764 braids
    projlen=52: 177961 braids
    projlen=53: 364928 braids
    projlen=54: 172547 braids
    projlen=55: 356114 braids
    projlen=56: 171340 braids
    projlen=57: 343678 braids
    projlen=58: 183353 braids
    projlen=59: 337324 braids
    projlen=60: 179200 braids
    projlen=61: 336011 braids
    projlen=62: 183202 braids
    projlen=63: 332786 braids
    projlen=64: 194215 braids
    projlen=65: 323241 braids
    projlen=66: 210137 braids
    projlen=67: 313314 braids
    projlen=68: 225033 braids
    projlen=69: 281197 braids
    projlen=70: 90294 braids
  Braids kept: 1086096 (in 31 buckets, 1.43 GB CPU)
  ⚡ Timing: matmul=0.15s, sampling=4.99s, total=8.09s
============================================================
Level 61 - SAMPLING
============================================================
  Starting braids: 986096
  Candidates to generate: 5229944
  Processing in 53 chunks...
  Projlen distribution:
    projlen=41: 3 braids
    projlen=42: 4 braids
    projlen=43: 22 braids
    projlen=44: 17 braids
    projlen=45: 695 braids
    projlen=46: 572 braids
    projlen=47: 5650 braids
    projlen=48: 4206 braids
    projlen=49: 38180 braids
    projlen=50: 26680 braids
    projlen=51: 213464 braids
    projlen=52: 132433 braids
    projlen=53: 316447 braids
    projlen=54: 175028 braids
    projlen=55: 359061 braids
    projlen=56: 162004 braids
    projlen=57: 351524 braids
    projlen=58: 170944 braids
    projlen=59: 339575 braids
    projlen=60: 189530 braids
    projlen=61: 332392 braids
    projlen=62: 188541 braids
    projlen=63: 330094 braids
    projlen=64: 191204 braids
    projlen=65: 326275 braids
    projlen=66: 204083 braids
    projlen=67: 318099 braids
    projlen=68: 218327 braids
    projlen=69: 305311 braids
    projlen=70: 222554 braids
    projlen=71: 107025 braids
  Braids kept: 1126029 (in 31 buckets, 1.50 GB CPU)
  ⚡ Timing: matmul=0.15s, sampling=5.22s, total=8.42s
============================================================
Level 62 - SAMPLING
============================================================
  Starting braids: 976029
  Candidates to generate: 5160729
  Processing in 52 chunks...
  Projlen distribution:
    projlen=43: 25 braids
    projlen=44: 20 braids
    projlen=45: 141 braids
    projlen=46: 136 braids
    projlen=47: 3774 braids
    projlen=48: 3087 braids
    projlen=49: 30687 braids
    projlen=50: 21476 braids
    projlen=51: 189255 braids
    projlen=52: 119234 braids
    projlen=53: 309738 braids
    projlen=54: 176098 braids
    projlen=55: 362181 braids
    projlen=56: 166515 braids
    projlen=57: 354964 braids
    projlen=58: 158788 braids
    projlen=59: 345815 braids
    projlen=60: 173279 braids
    projlen=61: 334357 braids
    projlen=62: 196130 braids
    projlen=63: 326144 braids
    projlen=64: 199044 braids
    projlen=65: 324597 braids
    projlen=66: 200433 braids
    projlen=67: 321055 braids
    projlen=68: 213389 braids
    projlen=69: 307861 braids
    projlen=70: 214971 braids
    projlen=71: 107535 braids
  Braids kept: 1109346 (in 29 buckets, 1.48 GB CPU)
  ⚡ Timing: matmul=0.15s, sampling=5.10s, total=8.24s
============================================================
Level 63 - SAMPLING
============================================================
  Starting braids: 959346
  Candidates to generate: 5057624
  Processing in 51 chunks...
  Projlen distribution:
    projlen=45: 132 braids
    projlen=46: 115 braids
    projlen=47: 907 braids
    projlen=48: 886 braids
    projlen=49: 20440 braids
    projlen=50: 15439 braids
    projlen=51: 151718 braids
    projlen=52: 95911 braids
    projlen=53: 297103 braids
    projlen=54: 176145 braids
    projlen=55: 362511 braids
    projlen=56: 168721 braids
    projlen=57: 356839 braids
    projlen=58: 159545 braids
    projlen=59: 351014 braids
    projlen=60: 158694 braids
    projlen=61: 341939 braids
    projlen=62: 177665 braids
    projlen=63: 330536 braids
    projlen=64: 203529 braids
    projlen=65: 319872 braids
    projlen=66: 210744 braids
    projlen=67: 317682 braids
    projlen=68: 210200 braids
    projlen=69: 310028 braids
    projlen=70: 211444 braids
    projlen=71: 107865 braids
  Braids kept: 1087919 (in 27 buckets, 1.47 GB CPU)
  ⚡ Timing: matmul=0.16s, sampling=5.06s, total=8.14s
============================================================
Level 64 - SAMPLING
============================================================
  Starting braids: 987919
  Candidates to generate: 5212539
  Processing in 53 chunks...
  Projlen distribution:
    projlen=46: 11 braids
    projlen=47: 721 braids
    projlen=48: 651 braids
    projlen=49: 5786 braids
    projlen=50: 4789 braids
    projlen=51: 100942 braids
    projlen=52: 68219 braids
    projlen=53: 282753 braids
    projlen=54: 174799 braids
    projlen=55: 362704 braids
    projlen=56: 169640 braids
    projlen=57: 357398 braids
    projlen=58: 161750 braids
    projlen=59: 352890 braids
    projlen=60: 158145 braids
    projlen=61: 348174 braids
    projlen=62: 159811 braids
    projlen=63: 340237 braids
    projlen=64: 184114 braids
    projlen=65: 327043 braids
    projlen=66: 211108 braids
    projlen=67: 315130 braids
    projlen=68: 221634 braids
    projlen=69: 310506 braids
    projlen=70: 219623 braids
    projlen=71: 284999 braids
    projlen=72: 88962 braids
  Braids kept: 1111958 (in 27 buckets, 1.52 GB CPU)
  ⚡ Timing: matmul=0.14s, sampling=5.29s, total=8.49s
============================================================
Level 65 - SAMPLING
============================================================
  Starting braids: 961958
  Candidates to generate: 5055090
  Processing in 51 chunks...
  Projlen distribution:
    projlen=46: 3 braids
    projlen=47: 45 braids
    projlen=48: 116 braids
    projlen=49: 4117 braids
    projlen=50: 3435 braids
    projlen=51: 31385 braids
    projlen=52: 22024 braids
    projlen=53: 258289 braids
    projlen=54: 177481 braids
    projlen=55: 363202 braids
    projlen=56: 169896 braids
    projlen=57: 358329 braids
    projlen=58: 161555 braids
    projlen=59: 353550 braids
    projlen=60: 159796 braids
    projlen=61: 349836 braids
    projlen=62: 158403 braids
    projlen=63: 345659 braids
    projlen=64: 161565 braids
    projlen=65: 337672 braids
    projlen=66: 190185 braids
    projlen=67: 322987 braids
    projlen=68: 218465 braids
    projlen=69: 308185 braids
    projlen=70: 227627 braids
    projlen=71: 281352 braids
    projlen=72: 89931 braids
  Braids kept: 1061125 (in 27 buckets, 1.46 GB CPU)
  ⚡ Timing: matmul=0.14s, sampling=5.03s, total=8.11s
============================================================
Level 66 - SAMPLING
============================================================
  Starting braids: 961125
  Candidates to generate: 5028655
  Processing in 51 chunks...
  Projlen distribution:
    projlen=46: 2 braids
    projlen=47: 20 braids
    projlen=48: 61 braids
    projlen=49: 592 braids
    projlen=50: 849 braids
    projlen=51: 21990 braids
    projlen=52: 17018 braids
    projlen=53: 155275 braids
    projlen=54: 98637 braids
    projlen=55: 295761 braids
    projlen=56: 174675 braids
    projlen=57: 358652 braids
    projlen=58: 159810 braids
    projlen=59: 354290 braids
    projlen=60: 159101 braids
    projlen=61: 350578 braids
    projlen=62: 160592 braids
    projlen=63: 346592 braids
    projlen=64: 159684 braids
    projlen=65: 344229 braids
    projlen=66: 165041 braids
    projlen=67: 335280 braids
    projlen=68: 196571 braids
    projlen=69: 317596 braids
    projlen=70: 224965 braids
    projlen=71: 300216 braids
    projlen=72: 225182 braids
    projlen=73: 105396 braids
  Braids kept: 1090532 (in 28 buckets, 1.52 GB CPU)
  ⚡ Timing: matmul=0.13s, sampling=5.18s, total=8.30s
============================================================
Level 67 - SAMPLING
============================================================
  Starting braids: 990532
  Candidates to generate: 5180248
  Processing in 52 chunks...
  Projlen distribution:
    projlen=46: 1 braids
    projlen=47: 11 braids
    projlen=48: 31 braids
    projlen=49: 311 braids
    projlen=50: 459 braids
    projlen=51: 4434 braids
    projlen=52: 4853 braids
    projlen=53: 106613 braids
    projlen=54: 74694 braids
    projlen=55: 283367 braids
    projlen=56: 178053 braids
    projlen=57: 362190 braids
    projlen=58: 168958 braids
    projlen=59: 355536 braids
    projlen=60: 156864 braids
    projlen=61: 350540 braids
    projlen=62: 159399 braids
    projlen=63: 347307 braids
    projlen=64: 162117 braids
    projlen=65: 344871 braids
    projlen=66: 162593 braids
    projlen=67: 341935 braids
    projlen=68: 169636 braids
    projlen=69: 331761 braids
    projlen=70: 203075 braids
    projlen=71: 312538 braids
    projlen=72: 228819 braids
    projlen=73: 277566 braids
    projlen=74: 91716 braids
  Braids kept: 1110100 (in 29 buckets, 1.57 GB CPU)
  ⚡ Timing: matmul=0.16s, sampling=5.38s, total=8.61s
============================================================
Level 68 - SAMPLING
============================================================
  Starting braids: 960100
  Candidates to generate: 5006432
  Processing in 51 chunks...
  Projlen distribution:
    projlen=46: 1 braids
    projlen=47: 5 braids
    projlen=48: 20 braids
    projlen=49: 167 braids
    projlen=50: 251 braids
    projlen=51: 2575 braids
    projlen=52: 2644 braids
    projlen=53: 24794 braids
    projlen=54: 21464 braids
    projlen=55: 253390 braids
    projlen=56: 181572 braids
    projlen=57: 360643 braids
    projlen=58: 174703 braids
    projlen=59: 357304 braids
    projlen=60: 161041 braids
    projlen=61: 353372 braids
    projlen=62: 156537 braids
    projlen=63: 347374 braids
    projlen=64: 159579 braids
    projlen=65: 344669 braids
    projlen=66: 164889 braids
    projlen=67: 342228 braids
    projlen=68: 167134 braids
    projlen=69: 339689 braids
    projlen=70: 175809 braids
    projlen=71: 328744 braids
    projlen=72: 208305 braids
    projlen=73: 289054 braids
    projlen=74: 88475 braids
  Braids kept: 1051921 (in 29 buckets, 1.50 GB CPU)
  ⚡ Timing: matmul=0.13s, sampling=5.17s, total=8.29s
============================================================
Level 69 - SAMPLING
============================================================
  Starting braids: 951921
  Candidates to generate: 4953463
  Processing in 50 chunks...
  Projlen distribution:
    projlen=47: 3 braids
    projlen=48: 11 braids
    projlen=49: 103 braids
    projlen=50: 159 braids
    projlen=51: 1444 braids
    projlen=52: 1559 braids
    projlen=53: 15669 braids
    projlen=54: 13433 braids
    projlen=55: 124539 braids
    projlen=56: 93118 braids
    projlen=57: 290218 braids
    projlen=58: 181603 braids
    projlen=59: 354410 braids
    projlen=60: 167140 braids
    projlen=61: 353164 braids
    projlen=62: 159855 braids
    projlen=63: 351576 braids
    projlen=64: 156990 braids
    projlen=65: 346005 braids
    projlen=66: 161913 braids
    projlen=67: 342875 braids
    projlen=68: 169658 braids
    projlen=69: 339970 braids
    projlen=70: 172533 braids
    projlen=71: 336929 braids
    projlen=72: 182152 braids
    projlen=73: 320727 braids
    projlen=74: 205208 braids
    projlen=75: 110499 braids
  Braids kept: 1082381 (in 29 buckets, 1.56 GB CPU)
  ⚡ Timing: matmul=0.15s, sampling=5.12s, total=8.24s
============================================================
Level 70 - SAMPLING
============================================================
  Starting braids: 982381
  Candidates to generate: 5130691
  Processing in 52 chunks...
  Projlen distribution:
    projlen=48: 5 braids
    projlen=49: 65 braids
    projlen=50: 112 braids
    projlen=51: 899 braids
    projlen=52: 1048 braids
    projlen=53: 9323 braids
    projlen=54: 8419 braids
    projlen=55: 79851 braids
    projlen=56: 59357 braids
    projlen=57: 268913 braids
    projlen=58: 194599 braids
    projlen=59: 354052 braids
    projlen=60: 178363 braids
    projlen=61: 348871 braids
    projlen=62: 166642 braids
    projlen=63: 347890 braids
    projlen=64: 160744 braids
    projlen=65: 347748 braids
    projlen=66: 157701 braids
    projlen=67: 345755 braids
    projlen=68: 165385 braids
    projlen=69: 339664 braids
    projlen=70: 175366 braids
    projlen=71: 336443 braids
    projlen=72: 180017 braids
    projlen=73: 330837 braids
    projlen=74: 189554 braids
    projlen=75: 297459 braids
    projlen=76: 85609 braids
  Braids kept: 1119871 (in 29 buckets, 1.63 GB CPU)
  ⚡ Timing: matmul=0.14s, sampling=5.42s, total=8.66s
============================================================
Level 71 - SAMPLING
============================================================
  Starting braids: 969871
  Candidates to generate: 5079333
  Processing in 51 chunks...
  Projlen distribution:
    projlen=48: 1 braids
    projlen=49: 22 braids
    projlen=50: 58 braids
    projlen=51: 582 braids
    projlen=52: 715 braids
    projlen=53: 5934 braids
    projlen=54: 5687 braids
    projlen=55: 49827 braids
    projlen=56: 39114 braids
    projlen=57: 260223 braids
    projlen=58: 189557 braids
    projlen=59: 352098 braids
    projlen=60: 193291 braids
    projlen=61: 346648 braids
    projlen=62: 175125 braids
    projlen=63: 344336 braids
    projlen=64: 170347 braids
    projlen=65: 343760 braids
    projlen=66: 164107 braids
    projlen=67: 346028 braids
    projlen=68: 159793 braids
    projlen=69: 343706 braids
    projlen=70: 169282 braids
    projlen=71: 336966 braids
    projlen=72: 182165 braids
    projlen=73: 331303 braids
    projlen=74: 186521 braids
    projlen=75: 297880 braids
    projlen=76: 84257 braids
  Braids kept: 1101940 (in 29 buckets, 1.62 GB CPU)
  ⚡ Timing: matmul=0.15s, sampling=5.30s, total=8.54s
============================================================
Level 72 - SAMPLING
============================================================
  Starting braids: 951940
  Candidates to generate: 5007446
  Processing in 51 chunks...
  Projlen distribution:
    projlen=48: 1 braids
    projlen=49: 5 braids
    projlen=50: 22 braids
    projlen=51: 273 braids
    projlen=52: 417 braids
    projlen=53: 4048 braids
    projlen=54: 4017 braids
    projlen=55: 33530 braids
    projlen=56: 28263 braids
    projlen=57: 244545 braids
    projlen=58: 172149 braids
    projlen=59: 329341 braids
    projlen=60: 189469 braids
    projlen=61: 346088 braids
    projlen=62: 187950 braids
    projlen=63: 340477 braids
    projlen=64: 179953 braids
    projlen=65: 339520 braids
    projlen=66: 176017 braids
    projlen=67: 340795 braids
    projlen=68: 169193 braids
    projlen=69: 341927 braids
    projlen=70: 162295 braids
    projlen=71: 341074 braids
    projlen=72: 174378 braids
    projlen=73: 332553 braids
    projlen=74: 188413 braids
    projlen=75: 296448 braids
    projlen=76: 84285 braids
  Braids kept: 1070576 (in 29 buckets, 1.58 GB CPU)
  ⚡ Timing: matmul=0.14s, sampling=5.30s, total=8.52s
============================================================
Level 73 - SAMPLING
============================================================
  Starting braids: 970576
  Candidates to generate: 5105064
  Processing in 52 chunks...
  Projlen distribution:
    projlen=49: 3 braids
    projlen=50: 5 braids
    projlen=51: 94 braids
    projlen=52: 197 braids
    projlen=53: 2243 braids
    projlen=54: 2540 braids
    projlen=55: 24086 braids
    projlen=56: 20438 braids
    projlen=57: 166072 braids
    projlen=58: 121401 braids
    projlen=59: 303617 braids
    projlen=60: 191800 braids
    projlen=61: 349694 braids
    projlen=62: 183733 braids
    projlen=63: 340763 braids
    projlen=64: 191140 braids
    projlen=65: 333921 braids
    projlen=66: 188522 braids
    projlen=67: 333457 braids
    projlen=68: 184059 braids
    projlen=69: 337084 braids
    projlen=70: 176864 braids
    projlen=71: 339409 braids
    projlen=72: 167337 braids
    projlen=73: 338409 braids
    projlen=74: 180566 braids
    projlen=75: 324635 braids
    projlen=76: 190807 braids
    projlen=77: 112168 braids
  Braids kept: 1099606 (in 29 buckets, 1.64 GB CPU)
  ⚡ Timing: matmul=0.13s, sampling=5.50s, total=8.78s
============================================================
Level 74 - SAMPLING
============================================================
  Starting braids: 999606
  Candidates to generate: 5289958
  Processing in 53 chunks...
  Projlen distribution:
    projlen=51: 50 braids
    projlen=52: 69 braids
    projlen=53: 907 braids
    projlen=54: 1383 braids
    projlen=55: 14508 braids
    projlen=56: 13443 braids
    projlen=57: 121840 braids
    projlen=58: 88474 braids
    projlen=59: 284608 braids
    projlen=60: 193123 braids
    projlen=61: 349359 braids
    projlen=62: 187167 braids
    projlen=63: 343860 braids
    projlen=64: 184101 braids
    projlen=65: 333925 braids
    projlen=66: 196681 braids
    projlen=67: 326978 braids
    projlen=68: 199448 braids
    projlen=69: 327108 braids
    projlen=70: 193812 braids
    projlen=71: 330771 braids
    projlen=72: 186071 braids
    projlen=73: 334916 braids
    projlen=74: 174237 braids
    projlen=75: 332401 braids
    projlen=76: 186187 braids
    projlen=77: 299502 braids
    projlen=78: 85029 braids
  Braids kept: 1130360 (in 28 buckets, 1.71 GB CPU)
  ⚡ Timing: matmul=0.27s, sampling=5.68s, total=9.20s
============================================================
Level 75 - SAMPLING
============================================================
  Starting braids: 980360
  Candidates to generate: 5218988
  Processing in 53 chunks...
  Projlen distribution:
    projlen=50: 1 braids
    projlen=51: 15 braids
    projlen=52: 30 braids
    projlen=53: 422 braids
    projlen=54: 617 braids
    projlen=55: 6563 braids
    projlen=56: 7615 braids
    projlen=57: 75512 braids
    projlen=58: 59167 braids
    projlen=59: 271441 braids
    projlen=60: 189956 braids
    projlen=61: 352807 braids
    projlen=62: 191879 braids
    projlen=63: 343504 braids
    projlen=64: 186263 braids
    projlen=65: 336520 braids
    projlen=66: 189212 braids
    projlen=67: 328455 braids
    projlen=68: 205039 braids
    projlen=69: 320818 braids
    projlen=70: 210151 braids
    projlen=71: 319934 braids
    projlen=72: 205143 braids
    projlen=73: 325313 braids
    projlen=74: 198365 braids
    projlen=75: 328706 braids
    projlen=76: 182163 braids
    projlen=77: 300068 braids
    projlen=78: 83309 braids
  Braids kept: 1115263 (in 29 buckets, 1.69 GB CPU)
  ⚡ Timing: matmul=0.14s, sampling=5.70s, total=9.06s
============================================================
Level 76 - SAMPLING
============================================================
  Starting braids: 965263
  Candidates to generate: 5167621
  Processing in 52 chunks...
  Projlen distribution:
    projlen=51: 12 braids
    projlen=52: 16 braids
    projlen=53: 176 braids
    projlen=54: 270 braids
    projlen=55: 3394 braids
    projlen=56: 3799 braids
    projlen=57: 37068 braids
    projlen=58: 35738 braids
    projlen=59: 257340 braids
    projlen=60: 195757 braids
    projlen=61: 352702 braids
    projlen=62: 188741 braids
    projlen=63: 345986 braids
    projlen=64: 188171 braids
    projlen=65: 336707 braids
    projlen=66: 191268 braids
    projlen=67: 329827 braids
    projlen=68: 197474 braids
    projlen=69: 322493 braids
    projlen=70: 213422 braids
    projlen=71: 314706 braids
    projlen=72: 221069 braids
    projlen=73: 314035 braids
    projlen=74: 216521 braids
    projlen=75: 316250 braids
    projlen=76: 206858 braids
    projlen=77: 291471 braids
    projlen=78: 86350 braids
  Braids kept: 1080473 (in 28 buckets, 1.65 GB CPU)
  ⚡ Timing: matmul=0.15s, sampling=5.55s, total=8.88s
============================================================
Level 77 - SAMPLING
============================================================
  Starting braids: 980473
  Candidates to generate: 5253539
  Processing in 53 chunks...
  Projlen distribution:
    projlen=51: 7 braids
    projlen=52: 9 braids
    projlen=53: 116 braids
    projlen=54: 177 braids
    projlen=55: 1600 braids
    projlen=56: 1866 braids
    projlen=57: 21043 braids
    projlen=58: 19837 braids
    projlen=59: 184561 braids
    projlen=60: 154132 braids
    projlen=61: 316818 braids
    projlen=62: 196501 braids
    projlen=63: 344760 braids
    projlen=64: 183825 braids
    projlen=65: 339009 braids
    projlen=66: 191921 braids
    projlen=67: 331319 braids
    projlen=68: 199118 braids
    projlen=69: 323245 braids
    projlen=70: 207428 braids
    projlen=71: 316649 braids
    projlen=72: 221511 braids
    projlen=73: 309005 braids
    projlen=74: 230299 braids
    projlen=75: 307737 braids
    projlen=76: 226891 braids
    projlen=77: 305547 braids
    projlen=78: 211170 braids
    projlen=79: 107438 braids
  Braids kept: 1094655 (in 29 buckets, 1.69 GB CPU)
  ⚡ Timing: matmul=0.15s, sampling=5.78s, total=9.21s
============================================================
Level 78 - SAMPLING
============================================================
  Starting braids: 994655
  Candidates to generate: 5352393
  Processing in 54 chunks...
  Projlen distribution:
    projlen=52: 2 braids
    projlen=53: 74 braids
    projlen=54: 88 braids
    projlen=55: 1064 braids
    projlen=56: 1218 braids
    projlen=57: 10933 braids
    projlen=58: 10224 braids
    projlen=59: 107180 braids
    projlen=60: 85159 braids
    projlen=61: 279632 braids
    projlen=62: 208749 braids
    projlen=63: 342769 braids
    projlen=64: 193915 braids
    projlen=65: 338853 braids
    projlen=66: 188052 braids
    projlen=67: 332007 braids
    projlen=68: 198710 braids
    projlen=69: 324234 braids
    projlen=70: 207782 braids
    projlen=71: 318062 braids
    projlen=72: 217090 braids
    projlen=73: 310462 braids
    projlen=74: 229250 braids
    projlen=75: 303637 braids
    projlen=76: 238409 braids
    projlen=77: 299163 braids
    projlen=78: 235127 braids
    projlen=79: 279074 braids
    projlen=80: 91474 braids
  Braids kept: 1123603 (in 29 buckets, 1.76 GB CPU)
  ⚡ Timing: matmul=0.15s, sampling=6.00s, total=9.52s
============================================================
Level 79 - SAMPLING
============================================================
  Starting braids: 973603
  Candidates to generate: 5244777
  Processing in 53 chunks...
  Projlen distribution:
    projlen=52: 2 braids
    projlen=53: 17 braids
    projlen=54: 37 braids
    projlen=55: 631 braids
    projlen=56: 713 braids
    projlen=57: 7422 braids
    projlen=58: 6737 braids
    projlen=59: 58532 braids
    projlen=60: 45394 braids
    projlen=61: 262032 braids
    projlen=62: 199814 braids
    projlen=63: 346735 braids
    projlen=64: 206175 braids
    projlen=65: 334475 braids
    projlen=66: 195605 braids
    projlen=67: 331014 braids
    projlen=68: 195917 braids
    projlen=69: 325179 braids
    projlen=70: 205971 braids
    projlen=71: 318075 braids
    projlen=72: 217958 braids
    projlen=73: 311796 braids
    projlen=74: 225960 braids
    projlen=75: 304702 braids
    projlen=76: 236351 braids
    projlen=77: 298460 braids
    projlen=78: 243166 braids
    projlen=79: 273059 braids
    projlen=80: 92848 braids
  Braids kept: 1110953 (in 29 buckets, 1.74 GB CPU)
  ⚡ Timing: matmul=0.14s, sampling=5.91s, total=9.34s
============================================================
Level 80 - SAMPLING
============================================================
  Starting braids: 960953
  Candidates to generate: 5182433
  Processing in 52 chunks...
  Projlen distribution:
    projlen=52: 1 braids
    projlen=53: 9 braids
    projlen=54: 14 braids
    projlen=55: 208 braids
    projlen=56: 270 braids
    projlen=57: 4445 braids
    projlen=58: 4185 braids
    projlen=59: 42043 braids
    projlen=60: 33055 braids
    projlen=61: 253836 braids
    projlen=62: 183655 braids
    projlen=63: 341481 braids
    projlen=64: 198966 braids
    projlen=65: 338419 braids
    projlen=66: 202588 braids
    projlen=67: 327481 braids
    projlen=68: 203515 braids
    projlen=69: 322714 braids
    projlen=70: 205272 braids
    projlen=71: 320423 braids
    projlen=72: 216070 braids
    projlen=73: 312022 braids
    projlen=74: 226343 braids
    projlen=75: 305683 braids
    projlen=76: 234252 braids
    projlen=77: 299165 braids
    projlen=78: 240680 braids
    projlen=79: 273161 braids
    projlen=80: 92477 braids
  Braids kept: 1084230 (in 29 buckets, 1.71 GB CPU)
  ⚡ Timing: matmul=0.16s, sampling=5.71s, total=9.10s
============================================================
Level 81 - SAMPLING
============================================================
  Starting braids: 984230
  Candidates to generate: 5306548
  Processing in 54 chunks...
  Projlen distribution:
    projlen=53: 13 braids
    projlen=54: 12 braids
    projlen=55: 98 braids
    projlen=56: 145 braids
    projlen=57: 1693 braids
    projlen=58: 1908 braids
    projlen=59: 26357 braids
    projlen=60: 21551 braids
    projlen=61: 209953 braids
    projlen=62: 144204 braids
    projlen=63: 317535 braids
    projlen=64: 191434 braids
    projlen=65: 345355 braids
    projlen=66: 192543 braids
    projlen=67: 331727 braids
    projlen=68: 207115 braids
    projlen=69: 320608 braids
    projlen=70: 213718 braids
    projlen=71: 316362 braids
    projlen=72: 216012 braids
    projlen=73: 313145 braids
    projlen=74: 224294 braids
    projlen=75: 306161 braids
    projlen=76: 234154 braids
    projlen=77: 299660 braids
    projlen=78: 240872 braids
    projlen=79: 291798 braids
    projlen=80: 234257 braids
    projlen=81: 103864 braids
  Braids kept: 1101777 (in 29 buckets, 1.76 GB CPU)
  ⚡ Timing: matmul=0.15s, sampling=6.02s, total=9.53s
============================================================
Level 82 - SAMPLING
============================================================
  Starting braids: 951777
  Candidates to generate: 5125923
  Processing in 52 chunks...
  Projlen distribution:
    projlen=53: 4 braids
    projlen=54: 7 braids
    projlen=55: 99 braids
    projlen=56: 98 braids
    projlen=57: 891 braids
    projlen=58: 1042 braids
    projlen=59: 11629 braids
    projlen=60: 10477 braids
    projlen=61: 132784 braids
    projlen=62: 92598 braids
    projlen=63: 294367 braids
    projlen=64: 186261 braids
    projlen=65: 353467 braids
    projlen=66: 185562 braids
    projlen=67: 339424 braids
    projlen=68: 194642 braids
    projlen=69: 325525 braids
    projlen=70: 212668 braids
    projlen=71: 313822 braids
    projlen=72: 222898 braids
    projlen=73: 310071 braids
    projlen=74: 225902 braids
    projlen=75: 306831 braids
    projlen=76: 232253 braids
    projlen=77: 302041 braids
    projlen=78: 241387 braids
    projlen=79: 292106 braids
    projlen=80: 233828 braids
    projlen=81: 103239 braids
  Braids kept: 1074247 (in 29 buckets, 1.72 GB CPU)
  ⚡ Timing: matmul=0.15s, sampling=5.92s, total=9.34s
============================================================
Level 83 - SAMPLING
============================================================
  Starting braids: 974247
  Candidates to generate: 5243697
  Processing in 53 chunks...
  Projlen distribution:
    projlen=54: 4 braids
    projlen=55: 39 braids
    projlen=56: 54 braids
    projlen=57: 715 braids
    projlen=58: 694 braids
    projlen=59: 6458 braids
    projlen=60: 6044 braids
    projlen=61: 62680 braids
    projlen=62: 46008 braids
    projlen=63: 270223 braids
    projlen=64: 183220 braids
    projlen=65: 359324 braids
    projlen=66: 181128 braids
    projlen=67: 346552 braids
    projlen=68: 183747 braids
    projlen=69: 333619 braids
    projlen=70: 201381 braids
    projlen=71: 318856 braids
    projlen=72: 219620 braids
    projlen=73: 308142 braids
    projlen=74: 231107 braids
    projlen=75: 303411 braids
    projlen=76: 234079 braids
    projlen=77: 300980 braids
    projlen=78: 239418 braids
    projlen=79: 295903 braids
    projlen=80: 244329 braids
    projlen=81: 272002 braids
    projlen=82: 93960 braids
  Braids kept: 1110016 (in 29 buckets, 1.80 GB CPU)
  ⚡ Timing: matmul=0.14s, sampling=6.01s, total=9.49s
============================================================
Level 84 - SAMPLING
============================================================
  Starting braids: 960016
  Candidates to generate: 5168116
  Processing in 52 chunks...
  Projlen distribution:
    projlen=55: 19 braids
    projlen=56: 36 braids
    projlen=57: 302 braids
    projlen=58: 356 braids
    projlen=59: 4662 braids
    projlen=60: 4103 braids
    projlen=61: 36804 braids
    projlen=62: 29342 braids
    projlen=63: 259621 braids
    projlen=64: 179930 braids
    projlen=65: 351794 braids
    projlen=66: 179507 braids
    projlen=67: 352507 braids
    projlen=68: 174889 braids
    projlen=69: 340705 braids
    projlen=70: 188078 braids
    projlen=71: 327794 braids
    projlen=72: 209398 braids
    projlen=73: 314492 braids
    projlen=74: 227044 braids
    projlen=75: 302806 braids
    projlen=76: 238966 braids
    projlen=77: 298399 braids
    projlen=78: 242056 braids
    projlen=79: 295526 braids
    projlen=80: 243503 braids
    projlen=81: 272354 braids
    projlen=82: 93123 braids
  Braids kept: 1075624 (in 28 buckets, 1.75 GB CPU)
  ⚡ Timing: matmul=0.15s, sampling=5.83s, total=9.26s
============================================================
Level 85 - SAMPLING
============================================================
  Starting braids: 975624
  Candidates to generate: 5238566
  Processing in 53 chunks...
  Projlen distribution:
    projlen=55: 3 braids
    projlen=56: 5 braids
    projlen=57: 197 braids
    projlen=58: 247 braids
    projlen=59: 2131 braids
    projlen=60: 2148 braids
    projlen=61: 26997 braids
    projlen=62: 21215 braids
    projlen=63: 185514 braids
    projlen=64: 127784 braids
    projlen=65: 312934 braids
    projlen=66: 183664 braids
    projlen=67: 355421 braids
    projlen=68: 170759 braids
    projlen=69: 347220 braids
    projlen=70: 176717 braids
    projlen=71: 334553 braids
    projlen=72: 195020 braids
    projlen=73: 322125 braids
    projlen=74: 217275 braids
    projlen=75: 309702 braids
    projlen=76: 234095 braids
    projlen=77: 298498 braids
    projlen=78: 244737 braids
    projlen=79: 293382 braids
    projlen=80: 247396 braids
    projlen=81: 288272 braids
    projlen=82: 237333 braids
    projlen=83: 103222 braids
  Braids kept: 1102943 (in 29 buckets, 1.82 GB CPU)
  ⚡ Timing: matmul=0.14s, sampling=6.01s, total=9.52s
============================================================
Level 86 - SAMPLING
============================================================
  Starting braids: 952943
  Candidates to generate: 5109513
  Processing in 52 chunks...
  Projlen distribution:
    projlen=56: 3 braids
    projlen=57: 34 braids
    projlen=58: 68 braids
    projlen=59: 1468 braids
    projlen=60: 1558 braids
    projlen=61: 13489 braids
    projlen=62: 11470 braids
    projlen=63: 136009 braids
    projlen=64: 92798 braids
    projlen=65: 294210 braids
    projlen=66: 187418 braids
    projlen=67: 356482 braids
    projlen=68: 176457 braids
    projlen=69: 349879 braids
    projlen=70: 169835 braids
    projlen=71: 341790 braids
    projlen=72: 181052 braids
    projlen=73: 330426 braids
    projlen=74: 203419 braids
    projlen=75: 317260 braids
    projlen=76: 225172 braids
    projlen=77: 304549 braids
    projlen=78: 240804 braids
    projlen=79: 294879 braids
    projlen=80: 250778 braids
    projlen=81: 287146 braids
    projlen=82: 238741 braids
    projlen=83: 102319 braids
  Braids kept: 1078090 (in 28 buckets, 1.79 GB CPU)
  ⚡ Timing: matmul=0.13s, sampling=5.99s, total=9.42s
============================================================
Level 87 - SAMPLING
============================================================
  Starting braids: 978090
  Candidates to generate: 5236164
  Processing in 53 chunks...
  Projlen distribution:
    projlen=57: 10 braids
    projlen=58: 26 braids
    projlen=59: 381 braids
    projlen=60: 542 braids
    projlen=61: 9382 braids
    projlen=62: 8343 braids
    projlen=63: 71653 braids
    projlen=64: 50725 braids
    projlen=65: 272612 braids
    projlen=66: 181771 braids
    projlen=67: 359675 braids
    projlen=68: 182774 braids
    projlen=69: 351353 braids
    projlen=70: 173508 braids
    projlen=71: 344923 braids
    projlen=72: 173179 braids
    projlen=73: 336412 braids
    projlen=74: 187244 braids
    projlen=75: 325928 braids
    projlen=76: 211765 braids
    projlen=77: 312142 braids
    projlen=78: 231786 braids
    projlen=79: 299666 braids
    projlen=80: 245809 braids
    projlen=81: 289439 braids
    projlen=82: 252222 braids
    projlen=83: 267261 braids
    projlen=84: 95633 braids
  Braids kept: 1118684 (in 28 buckets, 1.87 GB CPU)
  ⚡ Timing: matmul=0.14s, sampling=6.22s, total=9.72s
============================================================
Level 88 - SAMPLING
============================================================
  Starting braids: 968684
  Candidates to generate: 5177250
  Processing in 52 chunks...
  Projlen distribution:
    projlen=57: 3 braids
    projlen=58: 8 braids
    projlen=59: 167 braids
    projlen=60: 251 braids
    projlen=61: 3189 braids
    projlen=62: 3268 braids
    projlen=63: 50746 braids
    projlen=64: 39026 braids
    projlen=65: 267007 braids
    projlen=66: 185061 braids
    projlen=67: 361946 braids
    projlen=68: 178407 braids
    projlen=69: 352959 braids
    projlen=70: 176477 braids
    projlen=71: 345561 braids
    projlen=72: 176327 braids
    projlen=73: 339139 braids
    projlen=74: 179005 braids
    projlen=75: 331385 braids
    projlen=76: 194650 braids
    projlen=77: 320610 braids
    projlen=78: 219451 braids
    projlen=79: 307854 braids
    projlen=80: 238137 braids
    projlen=81: 295353 braids
    projlen=82: 248042 braids
    projlen=83: 268644 braids
    projlen=84: 94577 braids
  Braids kept: 1095912 (in 28 buckets, 1.84 GB CPU)
  ⚡ Timing: matmul=0.17s, sampling=6.03s, total=9.52s
============================================================
Level 89 - SAMPLING
============================================================
  Starting braids: 995912
  Candidates to generate: 5313010
  Processing in 54 chunks...
  Projlen distribution:
    projlen=58: 7 braids
    projlen=59: 68 braids
    projlen=60: 104 braids
    projlen=61: 1551 braids
    projlen=62: 1715 braids
    projlen=63: 20230 braids
    projlen=64: 17000 braids
    projlen=65: 245361 braids
    projlen=66: 169150 braids
    projlen=67: 335474 braids
    projlen=68: 182819 braids
    projlen=69: 354012 braids
    projlen=70: 169339 braids
    projlen=71: 346575 braids
    projlen=72: 177101 braids
    projlen=73: 338788 braids
    projlen=74: 182245 braids
    projlen=75: 334722 braids
    projlen=76: 186962 braids
    projlen=77: 327351 braids
    projlen=78: 203063 braids
    projlen=79: 315200 braids
    projlen=80: 226545 braids
    projlen=81: 303149 braids
    projlen=82: 242682 braids
    projlen=83: 289466 braids
    projlen=84: 239393 braids
    projlen=85: 102938 braids
  Braids kept: 1090675 (in 28 buckets, 1.86 GB CPU)
  ⚡ Timing: matmul=0.14s, sampling=6.27s, total=9.88s
============================================================
Level 90 - SAMPLING
============================================================
  Starting braids: 990675
  Candidates to generate: 5277345
  Processing in 53 chunks...
  Projlen distribution:
    projlen=58: 1 braids
    projlen=59: 38 braids
    projlen=60: 63 braids
    projlen=61: 676 braids
    projlen=62: 824 braids
    projlen=63: 10747 braids
    projlen=64: 9413 braids
    projlen=65: 104383 braids
    projlen=66: 72462 braids
    projlen=67: 284140 braids
    projlen=68: 185129 braids
    projlen=69: 355982 braids
    projlen=70: 175798 braids
    projlen=71: 348935 braids
    projlen=72: 169229 braids
    projlen=73: 341177 braids
    projlen=74: 182813 braids
    projlen=75: 333319 braids
    projlen=76: 191089 braids
    projlen=77: 329277 braids
    projlen=78: 196046 braids
    projlen=79: 322616 braids
    projlen=80: 211886 braids
    projlen=81: 311068 braids
    projlen=82: 233490 braids
    projlen=83: 297227 braids
    projlen=84: 245024 braids
    projlen=85: 269960 braids
    projlen=86: 94533 braids
  Braids kept: 1121762 (in 29 buckets, 1.93 GB CPU)
  ⚡ Timing: matmul=0.16s, sampling=6.09s, total=9.62s
============================================================
Level 91 - SAMPLING
============================================================
  Starting braids: 971762
  Candidates to generate: 5178054
  Processing in 52 chunks...
  Projlen distribution:
    projlen=58: 1 braids
    projlen=59: 15 braids
    projlen=60: 28 braids
    projlen=61: 389 braids
    projlen=62: 476 braids
    projlen=63: 4858 braids
    projlen=64: 4622 braids
    projlen=65: 57392 braids
    projlen=66: 41980 braids
    projlen=67: 270579 braids
    projlen=68: 183396 braids
    projlen=69: 360921 braids
    projlen=70: 179839 braids
    projlen=71: 349822 braids
    projlen=72: 173674 braids
    projlen=73: 343825 braids
    projlen=74: 173239 braids
    projlen=75: 337207 braids
    projlen=76: 189668 braids
    projlen=77: 329572 braids
    projlen=78: 200074 braids
    projlen=79: 322795 braids
    projlen=80: 205760 braids
    projlen=81: 317027 braids
    projlen=82: 220625 braids
    projlen=83: 306065 braids
    projlen=84: 235855 braids
    projlen=85: 275252 braids
    projlen=86: 93098 braids
  Braids kept: 1102369 (in 29 buckets, 1.90 GB CPU)
  ⚡ Timing: matmul=0.15s, sampling=6.00s, total=9.47s
============================================================
Level 92 - SAMPLING
============================================================
  Starting braids: 952369
  Candidates to generate: 5081693
  Processing in 51 chunks...
  Projlen distribution:
    projlen=59: 8 braids
    projlen=60: 10 braids
    projlen=61: 166 braids
    projlen=62: 212 braids
    projlen=63: 2885 braids
    projlen=64: 2738 braids
    projlen=65: 27932 braids
    projlen=66: 22616 braids
    projlen=67: 250724 braids
    projlen=68: 171769 braids
    projlen=69: 342063 braids
    projlen=70: 179424 braids
    projlen=71: 355294 braids
    projlen=72: 172485 braids
    projlen=73: 345652 braids
    projlen=74: 177575 braids
    projlen=75: 339002 braids
    projlen=76: 180109 braids
    projlen=77: 333456 braids
    projlen=78: 197285 braids
    projlen=79: 324308 braids
    projlen=80: 210173 braids
    projlen=81: 317180 braids
    projlen=82: 217161 braids
    projlen=83: 311563 braids
    projlen=84: 228482 braids
    projlen=85: 280738 braids
    projlen=86: 90683 braids
  Braids kept: 1056567 (in 28 buckets, 1.84 GB CPU)
  ⚡ Timing: matmul=0.17s, sampling=5.84s, total=9.27s
============================================================
Level 93 - SAMPLING
============================================================
  Starting braids: 956567
  Candidates to generate: 5082395
  Processing in 51 chunks...
  Projlen distribution:
    projlen=59: 9 braids
    projlen=60: 10 braids
    projlen=61: 78 braids
    projlen=62: 110 braids
    projlen=63: 1290 braids
    projlen=64: 1373 braids
    projlen=65: 17491 braids
    projlen=66: 14043 braids
    projlen=67: 138951 braids
    projlen=68: 97037 braids
    projlen=69: 296017 braids
    projlen=70: 183125 braids
    projlen=71: 357063 braids
    projlen=72: 171185 braids
    projlen=73: 348927 braids
    projlen=74: 172199 braids
    projlen=75: 340044 braids
    projlen=76: 183340 braids
    projlen=77: 333491 braids
    projlen=78: 187414 braids
    projlen=79: 327660 braids
    projlen=80: 204888 braids
    projlen=81: 318374 braids
    projlen=82: 219672 braids
    projlen=83: 311067 braids
    projlen=84: 225701 braids
    projlen=85: 301930 braids
    projlen=86: 223460 braids
    projlen=87: 106446 braids
  Braids kept: 1084404 (in 29 buckets, 1.90 GB CPU)
  ⚡ Timing: matmul=0.15s, sampling=5.99s, total=9.42s
============================================================
Level 94 - SAMPLING
============================================================
  Starting braids: 984404
  Candidates to generate: 5236056
  Processing in 53 chunks...
  Projlen distribution:
    projlen=60: 3 braids
    projlen=61: 74 braids
    projlen=62: 94 braids
    projlen=63: 677 braids
    projlen=64: 750 braids
    projlen=65: 8621 braids
    projlen=66: 7452 braids
    projlen=67: 89071 braids
    projlen=68: 61119 braids
    projlen=69: 274789 braids
    projlen=70: 186005 braids
    projlen=71: 358206 braids
    projlen=72: 177643 braids
    projlen=73: 351347 braids
    projlen=74: 169277 braids
    projlen=75: 344250 braids
    projlen=76: 176286 braids
    projlen=77: 333966 braids
    projlen=78: 190101 braids
    projlen=79: 327778 braids
    projlen=80: 196960 braids
    projlen=81: 321577 braids
    projlen=82: 212944 braids
    projlen=83: 312279 braids
    projlen=84: 227475 braids
    projlen=85: 303713 braids
    projlen=86: 232385 braids
    projlen=87: 279428 braids
    projlen=88: 91786 braids
  Braids kept: 1117671 (in 29 buckets, 1.98 GB CPU)
  ⚡ Timing: matmul=0.14s, sampling=6.18s, total=9.72s
============================================================
Level 95 - SAMPLING
============================================================
  Starting braids: 967671
  Candidates to generate: 5145951
  Processing in 52 chunks...
  Projlen distribution:
    projlen=61: 11 braids
    projlen=62: 25 braids
    projlen=63: 580 braids
    projlen=64: 621 braids
    projlen=65: 4917 braids
    projlen=66: 4219 braids
    projlen=67: 46746 braids
    projlen=68: 33840 braids
    projlen=69: 263618 braids
    projlen=70: 179116 braids
    projlen=71: 358760 braids
    projlen=72: 182775 braids
    projlen=73: 351637 braids
    projlen=74: 172156 braids
    projlen=75: 346522 braids
    projlen=76: 172022 braids
    projlen=77: 339095 braids
    projlen=78: 182036 braids
    projlen=79: 330720 braids
    projlen=80: 198670 braids
    projlen=81: 322846 braids
    projlen=82: 208316 braids
    projlen=83: 316183 braids
    projlen=84: 221489 braids
    projlen=85: 306676 braids
    projlen=86: 233150 braids
    projlen=87: 277956 braids
    projlen=88: 91249 braids
  Braids kept: 1090959 (in 28 buckets, 1.94 GB CPU)
  ⚡ Timing: matmul=0.14s, sampling=6.01s, total=9.49s
============================================================
Level 96 - SAMPLING
============================================================
  Starting braids: 990959
  Candidates to generate: 5271065
  Processing in 53 chunks...
  Projlen distribution:
    projlen=61: 6 braids
    projlen=62: 11 braids
    projlen=63: 160 braids
    projlen=64: 214 braids
    projlen=65: 3921 braids
    projlen=66: 3518 braids
    projlen=67: 28997 braids
    projlen=68: 21757 braids
    projlen=69: 231437 braids
    projlen=70: 149158 braids
    projlen=71: 323975 braids
    projlen=72: 176695 braids
    projlen=73: 354055 braids
    projlen=74: 175096 braids
    projlen=75: 345636 braids
    projlen=76: 173949 braids
    projlen=77: 340436 braids
    projlen=78: 177227 braids
    projlen=79: 334704 braids
    projlen=80: 189478 braids
    projlen=81: 325650 braids
    projlen=82: 206963 braids
    projlen=83: 317717 braids
    projlen=84: 218530 braids
    projlen=85: 310850 braids
    projlen=86: 228844 braids
    projlen=87: 297935 braids
    projlen=88: 228896 braids
    projlen=89: 105250 braids
  Braids kept: 1108584 (in 29 buckets, 1.99 GB CPU)
  ⚡ Timing: matmul=0.15s, sampling=6.18s, total=9.76s
============================================================
Level 97 - SAMPLING
============================================================
  Starting braids: 958584
  Candidates to generate: 5090476
  Processing in 51 chunks...
  Projlen distribution:
    projlen=62: 1 braids
    projlen=63: 78 braids
    projlen=64: 113 braids
    projlen=65: 1418 braids
    projlen=66: 1543 braids
    projlen=67: 22793 braids
    projlen=68: 17802 braids
    projlen=69: 146404 braids
    projlen=70: 95120 braids
    projlen=71: 297089 braids
    projlen=72: 178211 braids
    projlen=73: 360694 braids
    projlen=74: 168173 braids
    projlen=75: 349173 braids
    projlen=76: 175525 braids
    projlen=77: 340615 braids
    projlen=78: 179668 braids
    projlen=79: 336472 braids
    projlen=80: 184823 braids
    projlen=81: 329810 braids
    projlen=82: 197602 braids
    projlen=83: 320908 braids
    projlen=84: 216653 braids
    projlen=85: 311887 braids
    projlen=86: 227111 braids
    projlen=87: 301196 braids
    projlen=88: 223695 braids
    projlen=89: 105899 braids
  Braids kept: 1093748 (in 28 buckets, 1.97 GB CPU)
  ⚡ Timing: matmul=0.16s, sampling=6.03s, total=9.50s
============================================================
Level 98 - SAMPLING
============================================================
  Starting braids: 993748
  Candidates to generate: 5280548
  Processing in 53 chunks...
  Projlen distribution:
    projlen=62: 2 braids
    projlen=63: 9 braids
    projlen=64: 46 braids
    projlen=65: 666 braids
    projlen=66: 847 braids
    projlen=67: 9733 braids
    projlen=68: 8394 braids
    projlen=69: 113877 braids
    projlen=70: 77388 braids
    projlen=71: 287332 braids
    projlen=72: 178627 braids
    projlen=73: 360700 braids
    projlen=74: 170639 braids
    projlen=75: 355939 braids
    projlen=76: 162966 braids
    projlen=77: 345666 braids
    projlen=78: 179660 braids
    projlen=79: 334729 braids
    projlen=80: 187780 braids
    projlen=81: 331057 braids
    projlen=82: 193488 braids
    projlen=83: 326018 braids
    projlen=84: 207132 braids
    projlen=85: 315802 braids
    projlen=86: 223489 braids
    projlen=87: 305071 braids
    projlen=88: 232695 braids
    projlen=89: 278833 braids
    projlen=90: 91963 braids
  Braids kept: 1119697 (in 29 buckets, 2.04 GB CPU)
  ⚡ Timing: matmul=0.16s, sampling=6.41s, total=10.05s
============================================================
Level 99 - SAMPLING
============================================================
  Starting braids: 969697
  Candidates to generate: 5135169
  Processing in 52 chunks...
  Projlen distribution:
    projlen=63: 17 braids
    projlen=64: 30 braids
    projlen=65: 194 braids
    projlen=66: 361 braids
    projlen=67: 4982 braids
    projlen=68: 4677 braids
    projlen=69: 52170 braids
    projlen=70: 37032 braids
    projlen=71: 265557 braids
    projlen=72: 178763 braids
    projlen=73: 361256 braids
    projlen=74: 174023 braids
    projlen=75: 354895 braids
    projlen=76: 162741 braids
    projlen=77: 351078 braids
    projlen=78: 162697 braids
    projlen=79: 341483 braids
    projlen=80: 184224 braids
    projlen=81: 330752 braids
    projlen=82: 197172 braids
    projlen=83: 324050 braids
    projlen=84: 203378 braids
    projlen=85: 319356 braids
    projlen=86: 216528 braids
    projlen=87: 309197 braids
    projlen=88: 229206 braids
    projlen=89: 278455 braids
    projlen=90: 90895 braids
  Braids kept: 1097293 (in 28 buckets, 2.01 GB CPU)
  ⚡ Timing: matmul=0.14s, sampling=6.18s, total=9.71s
============================================================
Level 100 - SAMPLING
============================================================
  Starting braids: 997293
  Candidates to generate: 5281425
  Processing in 53 chunks...
  Projlen distribution:
    projlen=63: 17 braids
    projlen=64: 20 braids
    projlen=65: 186 braids
    projlen=66: 251 braids
    projlen=67: 1942 braids
    projlen=68: 2249 braids
    projlen=69: 29251 braids
    projlen=70: 23273 braids
    projlen=71: 247108 braids
    projlen=72: 159820 braids
    projlen=73: 332013 braids
    projlen=74: 175879 braids
    projlen=75: 355696 braids
    projlen=76: 165225 braids
    projlen=77: 350838 braids
    projlen=78: 162047 braids
    projlen=79: 346905 braids
    projlen=80: 164947 braids
    projlen=81: 338151 braids
    projlen=82: 190507 braids
    projlen=83: 326076 braids
    projlen=84: 206688 braids
    projlen=85: 317554 braids
    projlen=86: 213694 braids
    projlen=87: 312962 braids
    projlen=88: 224767 braids
    projlen=89: 301162 braids
    projlen=90: 226186 braids
    projlen=91: 106011 braids
  Braids kept: 1107189 (in 29 buckets, 2.05 GB CPU)
  ⚡ Timing: matmul=0.16s, sampling=6.36s, total=10.03s
============================================================
Level 101 - SAMPLING
============================================================
  Starting braids: 957189
  Candidates to generate: 5056329
  Processing in 51 chunks...
  Projlen distribution:
    projlen=62: 1 braids
    projlen=63: 14 braids
    projlen=64: 13 braids
    projlen=65: 139 braids
    projlen=66: 168 braids
    projlen=67: 1584 braids
    projlen=68: 1536 braids
    projlen=69: 13403 braids
    projlen=70: 12000 braids
    projlen=71: 145662 braids
    projlen=72: 99660 braids
    projlen=73: 299798 braids
    projlen=74: 177753 braids
    projlen=75: 359823 braids
    projlen=76: 167427 braids
    projlen=77: 352699 braids
    projlen=78: 164401 braids
    projlen=79: 347879 braids
    projlen=80: 164030 braids
    projlen=81: 343897 braids
    projlen=82: 168554 braids
    projlen=83: 335372 braids
    projlen=84: 197270 braids
    projlen=85: 320785 braids
    projlen=86: 216024 braids
    projlen=87: 312130 braids
    projlen=88: 223591 braids
    projlen=89: 303315 braids
    projlen=90: 221165 braids
    projlen=91: 106236 braids
  Braids kept: 1078858 (in 30 buckets, 2.01 GB CPU)
  ⚡ Timing: matmul=0.15s, sampling=6.22s, total=9.73s
============================================================
Level 102 - SAMPLING
============================================================
  Starting braids: 978858
  Candidates to generate: 5170462
  Processing in 52 chunks...
  Projlen distribution:
    projlen=62: 1 braids
    projlen=63: 2 braids
    projlen=64: 12 braids
    projlen=65: 90 braids
    projlen=66: 97 braids
    projlen=67: 1053 braids
    projlen=68: 1118 braids
    projlen=69: 10308 braids
    projlen=70: 8362 braids
    projlen=71: 72100 braids
    projlen=72: 52129 braids
    projlen=73: 273535 braids
    projlen=74: 181757 braids
    projlen=75: 360469 braids
    projlen=76: 170355 braids
    projlen=77: 354484 braids
    projlen=78: 162737 braids
    projlen=79: 348234 braids
    projlen=80: 166177 braids
    projlen=81: 344134 braids
    projlen=82: 167309 braids
    projlen=83: 340435 braids
    projlen=84: 173472 braids
    projlen=85: 330480 braids
    projlen=86: 203174 braids
    projlen=87: 315940 braids
    projlen=88: 224425 braids
    projlen=89: 305745 braids
    projlen=90: 230932 braids
    projlen=91: 280068 braids
    projlen=92: 91328 braids
  Braids kept: 1121043 (in 31 buckets, 2.10 GB CPU)
  ⚡ Timing: matmul=0.15s, sampling=6.46s, total=10.08s
============================================================
Level 103 - SAMPLING
============================================================
  Starting braids: 971043
  Candidates to generate: 5125617
  Processing in 52 chunks...
  Projlen distribution:
    projlen=62: 1 braids
    projlen=63: 2 braids
    projlen=64: 10 braids
    projlen=65: 39 braids
    projlen=66: 73 braids
    projlen=67: 627 braids
    projlen=68: 643 braids
    projlen=69: 6875 braids
    projlen=70: 6128 braids
    projlen=71: 55773 braids
    projlen=72: 39603 braids
    projlen=73: 266979 braids
    projlen=74: 186294 braids
    projlen=75: 360804 braids
    projlen=76: 177686 braids
    projlen=77: 355343 braids
    projlen=78: 163522 braids
    projlen=79: 350823 braids
    projlen=80: 163005 braids
    projlen=81: 344580 braids
    projlen=82: 170059 braids
    projlen=83: 340548 braids
    projlen=84: 171922 braids
    projlen=85: 335905 braids
    projlen=86: 180018 braids
    projlen=87: 326789 braids
    projlen=88: 210450 braids
    projlen=89: 310792 braids
    projlen=90: 230419 braids
    projlen=91: 278768 braids
    projlen=92: 91137 braids
  Braids kept: 1104001 (in 31 buckets, 2.08 GB CPU)
  ⚡ Timing: matmul=0.18s, sampling=6.47s, total=10.14s
============================================================
Level 104 - SAMPLING
============================================================
  Starting braids: 954001
  Candidates to generate: 5026083
  Processing in 51 chunks...
  Projlen distribution:
    projlen=62: 1 braids
    projlen=63: 3 braids
    projlen=64: 8 braids
    projlen=65: 39 braids
    projlen=66: 51 braids
    projlen=67: 395 braids
    projlen=68: 438 braids
    projlen=69: 4083 braids
    projlen=70: 3673 braids
    projlen=71: 38254 braids
    projlen=72: 30128 braids
    projlen=73: 251058 braids
    projlen=74: 164086 braids
    projlen=75: 336697 braids
    projlen=76: 184117 braids
    projlen=77: 354757 braids
    projlen=78: 169431 braids
    projlen=79: 350639 braids
    projlen=80: 162472 braids
    projlen=81: 346796 braids
    projlen=82: 165250 braids
    projlen=83: 341715 braids
    projlen=84: 175611 braids
    projlen=85: 336257 braids
    projlen=86: 179209 braids
    projlen=87: 332327 braids
    projlen=88: 188583 braids
    projlen=89: 321637 braids
    projlen=90: 215000 braids
    projlen=91: 284158 braids
    projlen=92: 89210 braids
  Braids kept: 1077073 (in 31 buckets, 2.04 GB CPU)
  ⚡ Timing: matmul=0.13s, sampling=6.28s, total=9.83s
============================================================
Level 105 - SAMPLING
============================================================
  Starting braids: 977073
  Candidates to generate: 5136473
  Processing in 52 chunks...
  Projlen distribution:
    projlen=62: 1 braids
    projlen=63: 7 braids
    projlen=64: 8 braids
    projlen=65: 41 braids
    projlen=66: 41 braids
    projlen=67: 330 braids
    projlen=68: 299 braids
    projlen=69: 2880 braids
    projlen=70: 2595 braids
    projlen=71: 23971 braids
    projlen=72: 18921 braids
    projlen=73: 187272 braids
    projlen=74: 129628 braids
    projlen=75: 312369 braids
    projlen=76: 179471 braids
    projlen=77: 355548 braids
    projlen=78: 175336 braids
    projlen=79: 349351 braids
    projlen=80: 169575 braids
    projlen=81: 347076 braids
    projlen=82: 165399 braids
    projlen=83: 344001 braids
    projlen=84: 169029 braids
    projlen=85: 337961 braids
    projlen=86: 182137 braids
    projlen=87: 332612 braids
    projlen=88: 188436 braids
    projlen=89: 328531 braids
    projlen=90: 197134 braids
    projlen=91: 315477 braids
    projlen=92: 211807 braids
    projlen=93: 109229 braids
  Braids kept: 1099094 (in 32 buckets, 2.10 GB CPU)
  ⚡ Timing: matmul=0.14s, sampling=6.55s, total=10.23s
============================================================
Level 106 - SAMPLING
============================================================
  Starting braids: 999094
  Candidates to generate: 5264096
  Processing in 53 chunks...
  Projlen distribution:
    projlen=63: 5 braids
    projlen=64: 5 braids
    projlen=65: 65 braids
    projlen=66: 44 braids
    projlen=67: 307 braids
    projlen=68: 242 braids
    projlen=69: 2192 braids
    projlen=70: 1848 braids
    projlen=71: 17594 braids
    projlen=72: 13593 braids
    projlen=73: 120512 braids
    projlen=74: 81272 braids
    projlen=75: 284952 braids
    projlen=76: 186640 braids
    projlen=77: 355974 braids
    projlen=78: 173047 braids
    projlen=79: 351423 braids
    projlen=80: 172753 braids
    projlen=81: 343620 braids
    projlen=82: 173783 braids
    projlen=83: 341140 braids
    projlen=84: 169584 braids
    projlen=85: 341058 braids
    projlen=86: 174835 braids
    projlen=87: 334776 braids
    projlen=88: 190262 braids
    projlen=89: 327900 braids
    projlen=90: 198228 braids
    projlen=91: 321165 braids
    projlen=92: 205464 braids
    projlen=93: 292079 braids
    projlen=94: 87734 braids
  Braids kept: 1135895 (in 32 buckets, 2.19 GB CPU)
  ⚡ Timing: matmul=0.19s, sampling=6.84s, total=10.63s
============================================================
Level 107 - SAMPLING
============================================================
  Starting braids: 985895
  Candidates to generate: 5204921
  Processing in 53 chunks...
  Projlen distribution:
    projlen=65: 32 braids
    projlen=66: 32 braids
    projlen=67: 369 braids
    projlen=68: 260 braids
    projlen=69: 1916 braids
    projlen=70: 1498 braids
    projlen=71: 13037 braids
    projlen=72: 9902 braids
    projlen=73: 90162 braids
    projlen=74: 60678 braids
    projlen=75: 275425 braids
    projlen=76: 181416 braids
    projlen=77: 356799 braids
    projlen=78: 183147 braids
    projlen=79: 351321 braids
    projlen=80: 169452 braids
    projlen=81: 346139 braids
    projlen=82: 175633 braids
    projlen=83: 339014 braids
    projlen=84: 180241 braids
    projlen=85: 336517 braids
    projlen=86: 176394 braids
    projlen=87: 336684 braids
    projlen=88: 181610 braids
    projlen=89: 331295 braids
    projlen=90: 198928 braids
    projlen=91: 321456 braids
    projlen=92: 207085 braids
    projlen=93: 291494 braids
    projlen=94: 86985 braids
  Braids kept: 1127046 (in 30 buckets, 2.17 GB CPU)
  ⚡ Timing: matmul=0.14s, sampling=6.71s, total=10.42s
============================================================
Level 108 - SAMPLING
============================================================
  Starting braids: 977046
  Candidates to generate: 5160866
  Processing in 52 chunks...
  Projlen distribution:
    projlen=66: 3 braids
    projlen=67: 189 braids
    projlen=68: 184 braids
    projlen=69: 1981 braids
    projlen=70: 1466 braids
    projlen=71: 11069 braids
    projlen=72: 8141 braids
    projlen=73: 68211 braids
    projlen=74: 45914 braids
    projlen=75: 268573 braids
    projlen=76: 179390 braids
    projlen=77: 360690 braids
    projlen=78: 179373 braids
    projlen=79: 351985 braids
    projlen=80: 176957 braids
    projlen=81: 345330 braids
    projlen=82: 171804 braids
    projlen=83: 340378 braids
    projlen=84: 180773 braids
    projlen=85: 334097 braids
    projlen=86: 188537 braids
    projlen=87: 332550 braids
    projlen=88: 185582 braids
    projlen=89: 330932 braids
    projlen=90: 189493 braids
    projlen=91: 324931 braids
    projlen=92: 205097 braids
    projlen=93: 290302 braids
    projlen=94: 86934 braids
  Braids kept: 1118947 (in 29 buckets, 2.17 GB CPU)
  ⚡ Timing: matmul=0.15s, sampling=6.51s, total=10.20s
============================================================
Level 109 - SAMPLING
============================================================
  Starting braids: 968947
  Candidates to generate: 5126949
  Processing in 52 chunks...
  Projlen distribution:
    projlen=66: 2 braids
    projlen=67: 21 braids
    projlen=68: 43 braids
    projlen=69: 1104 braids
    projlen=70: 1014 braids
    projlen=71: 10540 braids
    projlen=72: 7551 braids
    projlen=73: 58803 braids
    projlen=74: 39427 braids
    projlen=75: 262738 braids
    projlen=76: 171281 braids
    projlen=77: 352152 braids
    projlen=78: 177490 braids
    projlen=79: 354164 braids
    projlen=80: 170582 braids
    projlen=81: 347236 braids
    projlen=82: 179345 braids
    projlen=83: 339828 braids
    projlen=84: 177987 braids
    projlen=85: 336803 braids
    projlen=86: 188834 braids
    projlen=87: 329997 braids
    projlen=88: 197149 braids
    projlen=89: 325761 braids
    projlen=90: 195189 braids
    projlen=91: 324918 braids
    projlen=92: 197504 braids
    projlen=93: 293914 braids
    projlen=94: 85572 braids
  Braids kept: 1109702 (in 29 buckets, 2.15 GB CPU)
  ⚡ Timing: matmul=0.14s, sampling=6.57s, total=10.24s
============================================================
Level 110 - SAMPLING
============================================================
  Starting braids: 959702
  Candidates to generate: 5084816
  Processing in 51 chunks...
  Projlen distribution:
    projlen=66: 1 braids
    projlen=67: 16 braids
    projlen=68: 28 braids
    projlen=69: 249 braids
    projlen=70: 339 braids
    projlen=71: 6363 braids
    projlen=72: 5253 braids
    projlen=73: 54286 braids
    projlen=74: 36778 braids
    projlen=75: 255345 braids
    projlen=76: 161063 braids
    projlen=77: 338116 braids
    projlen=78: 175914 braids
    projlen=79: 356822 braids
    projlen=80: 168916 braids
    projlen=81: 349405 braids
    projlen=82: 170805 braids
    projlen=83: 340928 braids
    projlen=84: 183907 braids
    projlen=85: 333993 braids
    projlen=86: 186190 braids
    projlen=87: 331208 braids
    projlen=88: 196676 braids
    projlen=89: 324458 braids
    projlen=90: 207466 braids
    projlen=91: 318404 braids
    projlen=92: 204224 braids
    projlen=93: 291675 braids
    projlen=94: 85988 braids
  Braids kept: 1099027 (in 29 buckets, 2.14 GB CPU)
  ⚡ Timing: matmul=0.15s, sampling=6.46s, total=10.13s
============================================================
Level 111 - SAMPLING
============================================================
  Starting braids: 999027
  Candidates to generate: 5283695
  Processing in 53 chunks...
  Projlen distribution:
    projlen=66: 1 braids
    projlen=67: 2 braids
    projlen=68: 13 braids
    projlen=69: 160 braids
    projlen=70: 189 braids
    projlen=71: 2170 braids
    projlen=72: 2159 braids
    projlen=73: 34281 braids
    projlen=74: 25466 braids
    projlen=75: 246031 braids
    projlen=76: 156244 braids
    projlen=77: 332539 braids
    projlen=78: 175899 braids
    projlen=79: 360008 braids
    projlen=80: 167373 braids
    projlen=81: 352143 braids
    projlen=82: 166626 braids
    projlen=83: 344827 braids
    projlen=84: 174611 braids
    projlen=85: 336331 braids
    projlen=86: 191194 braids
    projlen=87: 329122 braids
    projlen=88: 196572 braids
    projlen=89: 325144 braids
    projlen=90: 205393 braids
    projlen=91: 317905 braids
    projlen=92: 216317 braids
    projlen=93: 308215 braids
    projlen=94: 208286 braids
    projlen=95: 108474 braids
  Braids kept: 1114441 (in 30 buckets, 2.19 GB CPU)
  ⚡ Timing: matmul=0.16s, sampling=6.79s, total=10.64s
============================================================
Level 112 - SAMPLING
============================================================
  Starting braids: 964441
  Candidates to generate: 5088225
  Processing in 51 chunks...
  Projlen distribution:
    projlen=67: 3 braids
    projlen=68: 9 braids
    projlen=69: 58 braids
    projlen=70: 105 braids
    projlen=71: 1194 braids
    projlen=72: 1225 braids
    projlen=73: 14336 braids
    projlen=74: 11635 braids
    projlen=75: 166771 braids
    projlen=76: 109714 braids
    projlen=77: 304230 braids
    projlen=78: 175564 braids
    projlen=79: 360528 braids
    projlen=80: 167340 braids
    projlen=81: 353940 braids
    projlen=82: 162511 braids
    projlen=83: 347614 braids
    projlen=84: 168712 braids
    projlen=85: 340156 braids
    projlen=86: 179967 braids
    projlen=87: 331475 braids
    projlen=88: 198752 braids
    projlen=89: 323007 braids
    projlen=90: 207723 braids
    projlen=91: 318723 braids
    projlen=92: 214491 braids
    projlen=93: 307485 braids
    projlen=94: 213800 braids
    projlen=95: 107157 braids
  Braids kept: 1078565 (in 29 buckets, 2.13 GB CPU)
  ⚡ Timing: matmul=0.16s, sampling=6.55s, total=10.24s
============================================================
Level 113 - SAMPLING
============================================================
  Starting braids: 978565
  Candidates to generate: 5168659
  Processing in 52 chunks...
  Projlen distribution:
    projlen=68: 3 braids
    projlen=69: 53 braids
    projlen=70: 78 braids
    projlen=71: 617 braids
    projlen=72: 745 braids
    projlen=73: 7751 braids
    projlen=74: 6582 braids
    projlen=75: 75187 braids
    projlen=76: 50909 braids
    projlen=77: 271978 braids
    projlen=78: 176572 braids
    projlen=79: 360504 braids
    projlen=80: 168719 braids
    projlen=81: 355728 braids
    projlen=82: 162507 braids
    projlen=83: 351098 braids
    projlen=84: 163590 braids
    projlen=85: 344265 braids
    projlen=86: 171869 braids
    projlen=87: 335975 braids
    projlen=88: 186956 braids
    projlen=89: 326555 braids
    projlen=90: 206489 braids
    projlen=91: 317681 braids
    projlen=92: 218405 braids
    projlen=93: 311294 braids
    projlen=94: 222338 braids
    projlen=95: 284112 braids
    projlen=96: 90099 braids
  Braids kept: 1115829 (in 29 buckets, 2.22 GB CPU)
  ⚡ Timing: matmul=0.15s, sampling=6.85s, total=10.63s
============================================================
Level 114 - SAMPLING
============================================================
  Starting braids: 965829
  Candidates to generate: 5100995
  Processing in 52 chunks...
  Projlen distribution:
    projlen=68: 1 braids
    projlen=69: 18 braids
    projlen=70: 40 braids
    projlen=71: 471 braids
    projlen=72: 539 braids
    projlen=73: 4623 braids
    projlen=74: 4216 braids
    projlen=75: 42176 braids
    projlen=76: 30529 braids
    projlen=77: 265034 braids
    projlen=78: 179105 braids
    projlen=79: 363415 braids
    projlen=80: 173101 braids
    projlen=81: 356276 braids
    projlen=82: 162048 braids
    projlen=83: 351395 braids
    projlen=84: 161786 braids
    projlen=85: 347350 braids
    projlen=86: 166323 braids
    projlen=87: 341768 braids
    projlen=88: 177985 braids
    projlen=89: 333387 braids
    projlen=90: 195414 braids
    projlen=91: 321463 braids
    projlen=92: 214705 braids
    projlen=93: 310794 braids
    projlen=94: 225242 braids
    projlen=95: 282092 braids
    projlen=96: 89699 braids
  Braids kept: 1082613 (in 29 buckets, 2.17 GB CPU)
  ⚡ Timing: matmul=0.13s, sampling=6.57s, total=10.29s
============================================================
Level 115 - SAMPLING
============================================================
  Starting braids: 982613
  Candidates to generate: 5177949
  Processing in 52 chunks...
  Projlen distribution:
    projlen=68: 1 braids
    projlen=69: 9 braids
    projlen=70: 24 braids
    projlen=71: 217 braids
    projlen=72: 282 braids
    projlen=73: 3392 braids
    projlen=74: 3142 braids
    projlen=75: 28112 braids
    projlen=76: 21467 braids
    projlen=77: 208336 braids
    projlen=78: 133318 braids
    projlen=79: 317777 braids
    projlen=80: 176362 braids
    projlen=81: 358383 braids
    projlen=82: 163144 braids
    projlen=83: 352743 braids
    projlen=84: 160705 braids
    projlen=85: 347665 braids
    projlen=86: 163445 braids
    projlen=87: 343701 braids
    projlen=88: 170449 braids
    projlen=89: 338216 braids
    projlen=90: 184797 braids
    projlen=91: 328213 braids
    projlen=92: 203401 braids
    projlen=93: 316244 braids
    projlen=94: 222025 braids
    projlen=95: 302929 braids
    projlen=96: 223050 braids
    projlen=97: 106400 braids
  Braids kept: 1106646 (in 30 buckets, 2.23 GB CPU)
  ⚡ Timing: matmul=0.15s, sampling=6.78s, total=10.59s
============================================================
Level 116 - SAMPLING
============================================================
  Starting braids: 956646
  Candidates to generate: 5023178
  Processing in 51 chunks...
  Projlen distribution:
    projlen=69: 6 braids
    projlen=70: 8 braids
    projlen=71: 134 braids
    projlen=72: 176 braids
    projlen=73: 1732 braids
    projlen=74: 1725 braids
    projlen=75: 20859 braids
    projlen=76: 16346 braids
    projlen=77: 144070 braids
    projlen=78: 93064 braids
    projlen=79: 295591 braids
    projlen=80: 177165 braids
    projlen=81: 360175 braids
    projlen=82: 167339 braids
    projlen=83: 353527 braids
    projlen=84: 160701 braids
    projlen=85: 348326 braids
    projlen=86: 161606 braids
    projlen=87: 344723 braids
    projlen=88: 167113 braids
    projlen=89: 341070 braids
    projlen=90: 176025 braids
    projlen=91: 333135 braids
    projlen=92: 192648 braids
    projlen=93: 322775 braids
    projlen=94: 211463 braids
    projlen=95: 306969 braids
    projlen=96: 218168 braids
    projlen=97: 106539 braids
  Braids kept: 1090986 (in 29 buckets, 2.21 GB CPU)
  ⚡ Timing: matmul=0.33s, sampling=6.57s, total=10.45s
============================================================
Level 117 - SAMPLING
============================================================
  Starting braids: 990986
  Candidates to generate: 5207980
  Processing in 53 chunks...
  Projlen distribution:
    projlen=70: 2 braids
    projlen=71: 75 braids
    projlen=72: 89 braids
    projlen=73: 1090 braids
    projlen=74: 1139 braids
    projlen=75: 11166 braids
    projlen=76: 8962 braids
    projlen=77: 107161 braids
    projlen=78: 72002 braids
    projlen=79: 286452 braids
    projlen=80: 176848 braids
    projlen=81: 361254 braids
    projlen=82: 170319 braids
    projlen=83: 355213 braids
    projlen=84: 161420 braids
    projlen=85: 349811 braids
    projlen=86: 160954 braids
    projlen=87: 345315 braids
    projlen=88: 164589 braids
    projlen=89: 341399 braids
    projlen=90: 171498 braids
    projlen=91: 336423 braids
    projlen=92: 182890 braids
    projlen=93: 329565 braids
    projlen=94: 201844 braids
    projlen=95: 316789 braids
    projlen=96: 218948 braids
    projlen=97: 284825 braids
    projlen=98: 89938 braids
  Braids kept: 1122523 (in 29 buckets, 2.29 GB CPU)
  ⚡ Timing: matmul=0.13s, sampling=6.95s, total=10.80s
============================================================
Level 118 - SAMPLING
============================================================
  Starting braids: 972523
  Candidates to generate: 5097103
  Processing in 51 chunks...
  Projlen distribution:
    projlen=70: 1 braids
    projlen=71: 19 braids
    projlen=72: 35 braids
    projlen=73: 574 braids
    projlen=74: 626 braids
    projlen=75: 7318 braids
    projlen=76: 6203 braids
    projlen=77: 57978 braids
    projlen=78: 39621 braids
    projlen=79: 269167 braids
    projlen=80: 177949 braids
    projlen=81: 363557 braids
    projlen=82: 171347 braids
    projlen=83: 357824 braids
    projlen=84: 162836 braids
    projlen=85: 351337 braids
    projlen=86: 159989 braids
    projlen=87: 346539 braids
    projlen=88: 163064 braids
    projlen=89: 343110 braids
    projlen=90: 168798 braids
    projlen=91: 338239 braids
    projlen=92: 177152 braids
    projlen=93: 332736 braids
    projlen=94: 191579 braids
    projlen=95: 324058 braids
    projlen=96: 208742 braids
    projlen=97: 288714 braids
    projlen=98: 87991 braids
  Braids kept: 1104397 (in 29 buckets, 2.26 GB CPU)
  ⚡ Timing: matmul=0.16s, sampling=6.74s, total=10.50s
============================================================
Level 119 - SAMPLING
============================================================
  Starting braids: 954397
  Candidates to generate: 4999163
  Processing in 50 chunks...
  Projlen distribution:
    projlen=70: 3 braids
    projlen=71: 9 braids
    projlen=72: 21 braids
    projlen=73: 218 braids
    projlen=74: 315 braids
    projlen=75: 3934 braids
    projlen=76: 3635 braids
    projlen=77: 40397 braids
    projlen=78: 29952 braids
    projlen=79: 249455 braids
    projlen=80: 160603 braids
    projlen=81: 337418 braids
    projlen=82: 173975 braids
    projlen=83: 358686 braids
    projlen=84: 161597 braids
    projlen=85: 353823 braids
    projlen=86: 161232 braids
    projlen=87: 348347 braids
    projlen=88: 161871 braids
    projlen=89: 344873 braids
    projlen=90: 166446 braids
    projlen=91: 340442 braids
    projlen=92: 174651 braids
    projlen=93: 334683 braids
    projlen=94: 185357 braids
    projlen=95: 328103 braids
    projlen=96: 199226 braids
    projlen=97: 293870 braids
    projlen=98: 86021 braids
  Braids kept: 1078484 (in 29 buckets, 2.22 GB CPU)
  ⚡ Timing: matmul=0.16s, sampling=6.60s, total=10.33s
============================================================
Level 120 - SAMPLING
============================================================
  Starting braids: 978484
  Candidates to generate: 5108048
  Processing in 52 chunks...
  Projlen distribution:
    projlen=70: 2 braids
    projlen=71: 9 braids
    projlen=72: 20 braids
    projlen=73: 115 braids
    projlen=74: 187 braids
    projlen=75: 1802 braids
    projlen=76: 2022 braids
    projlen=77: 23348 braids
    projlen=78: 18432 braids
    projlen=79: 198511 braids
    projlen=80: 129252 braids
    projlen=81: 312956 braids
    projlen=82: 176293 braids
    projlen=83: 359204 braids
    projlen=84: 164653 braids
    projlen=85: 355167 braids
    projlen=86: 158637 braids
    projlen=87: 349280 braids
    projlen=88: 161496 braids
    projlen=89: 345676 braids
    projlen=90: 164432 braids
    projlen=91: 342229 braids
    projlen=92: 170909 braids
    projlen=93: 337797 braids
    projlen=94: 181729 braids
    projlen=95: 330879 braids
    projlen=96: 193529 braids
    projlen=97: 319392 braids
    projlen=98: 199464 braids
    projlen=99: 110626 braids
  Braids kept: 1095937 (in 30 buckets, 2.28 GB CPU)
  ⚡ Timing: matmul=0.13s, sampling=6.89s, total=10.68s
============================================================
Level 121 - SAMPLING
============================================================
  Starting braids: 995937
  Candidates to generate: 5205925
  Processing in 53 chunks...
  Projlen distribution:
    projlen=71: 15 braids
    projlen=72: 17 braids
    projlen=73: 120 braids
    projlen=74: 140 braids
    projlen=75: 991 braids
    projlen=76: 1222 braids
    projlen=77: 12242 braids
    projlen=78: 10684 braids
    projlen=79: 118042 braids
    projlen=80: 78517 braids
    projlen=81: 285943 braids
    projlen=82: 177640 braids
    projlen=83: 359317 braids
    projlen=84: 169452 braids
    projlen=85: 355518 braids
    projlen=86: 159563 braids
    projlen=87: 351083 braids
    projlen=88: 158239 braids
    projlen=89: 346835 braids
    projlen=90: 163598 braids
    projlen=91: 342784 braids
    projlen=92: 168663 braids
    projlen=93: 338991 braids
    projlen=94: 176632 braids
    projlen=95: 333749 braids
    projlen=96: 189670 braids
    projlen=97: 324675 braids
    projlen=98: 201471 braids
    projlen=99: 293230 braids
    projlen=100: 86882 braids
  Braids kept: 1125431 (in 30 buckets, 2.36 GB CPU)
  ⚡ Timing: matmul=0.14s, sampling=7.12s, total=11.04s
============================================================
Level 122 - SAMPLING
============================================================
  Starting braids: 975431
  Candidates to generate: 5099637
  Processing in 51 chunks...
  Projlen distribution:
    projlen=71: 5 braids
    projlen=72: 9 braids
    projlen=73: 137 braids
    projlen=74: 126 braids
    projlen=75: 950 braids
    projlen=76: 905 braids
    projlen=77: 7230 braids
    projlen=78: 6731 braids
    projlen=79: 66248 braids
    projlen=80: 47467 braids
    projlen=81: 270853 braids
    projlen=82: 177360 braids
    projlen=83: 360197 braids
    projlen=84: 172509 braids
    projlen=85: 355288 braids
    projlen=86: 163710 braids
    projlen=87: 351949 braids
    projlen=88: 159313 braids
    projlen=89: 348281 braids
    projlen=90: 159231 braids
    projlen=91: 344794 braids
    projlen=92: 166971 braids
    projlen=93: 340357 braids
    projlen=94: 174160 braids
    projlen=95: 335400 braids
    projlen=96: 184208 braids
    projlen=97: 328451 braids
    projlen=98: 196181 braids
    projlen=99: 294770 braids
    projlen=100: 85846 braids
  Braids kept: 1113560 (in 30 buckets, 2.34 GB CPU)
  ⚡ Timing: matmul=0.16s, sampling=6.94s, total=10.80s
============================================================
Level 123 - SAMPLING
============================================================
  Starting braids: 963560
  Candidates to generate: 5047268
  Processing in 51 chunks...
  Projlen distribution:
    projlen=72: 2 braids
    projlen=73: 45 braids
    projlen=74: 70 braids
    projlen=75: 895 braids
    projlen=76: 775 braids
    projlen=77: 6389 braids
    projlen=78: 5230 braids
    projlen=79: 41834 braids
    projlen=80: 32183 braids
    projlen=81: 262251 braids
    projlen=82: 180183 braids
    projlen=83: 356224 braids
    projlen=84: 173642 braids
    projlen=85: 357201 braids
    projlen=86: 164616 braids
    projlen=87: 351109 braids
    projlen=88: 163427 braids
    projlen=89: 348389 braids
    projlen=90: 160277 braids
    projlen=91: 344950 braids
    projlen=92: 160677 braids
    projlen=93: 342809 braids
    projlen=94: 171235 braids
    projlen=95: 337175 braids
    projlen=96: 181811 braids
    projlen=97: 331095 braids
    projlen=98: 191179 braids
    projlen=99: 296655 braids
    projlen=100: 84940 braids
  Braids kept: 1087423 (in 29 buckets, 2.29 GB CPU)
  ⚡ Timing: matmul=0.14s, sampling=6.86s, total=10.67s
============================================================
Level 124 - SAMPLING
============================================================
  Starting braids: 987423
  Candidates to generate: 5166269
  Processing in 52 chunks...
  Projlen distribution:
    projlen=72: 2 braids
    projlen=73: 4 braids
    projlen=74: 24 braids
    projlen=75: 366 braids
    projlen=76: 422 braids
    projlen=77: 5298 braids
    projlen=78: 4292 braids
    projlen=79: 37138 braids
    projlen=80: 27107 braids
    projlen=81: 212298 braids
    projlen=82: 140988 braids
    projlen=83: 320984 braids
    projlen=84: 181973 braids
    projlen=85: 358136 braids
    projlen=86: 164681 braids
    projlen=87: 353394 braids
    projlen=88: 163107 braids
    projlen=89: 347393 braids
    projlen=90: 165442 braids
    projlen=91: 345410 braids
    projlen=92: 163564 braids
    projlen=93: 343488 braids
    projlen=94: 164592 braids
    projlen=95: 340313 braids
    projlen=96: 177035 braids
    projlen=97: 333435 braids
    projlen=98: 189158 braids
    projlen=99: 321759 braids
    projlen=100: 193002 braids
    projlen=101: 111464 braids
  Braids kept: 1124653 (in 30 buckets, 2.39 GB CPU)
  ⚡ Timing: matmul=0.16s, sampling=7.05s, total=10.97s
============================================================
Level 125 - SAMPLING
============================================================
  Starting braids: 974653
  Candidates to generate: 5098217
  Processing in 51 chunks...
  Projlen distribution:
    projlen=73: 6 braids
    projlen=74: 15 braids
    projlen=75: 115 braids
    projlen=76: 163 braids
    projlen=77: 2547 braids
    projlen=78: 2457 braids
    projlen=79: 29366 braids
    projlen=80: 21700 braids
    projlen=81: 187315 braids
    projlen=82: 121078 braids
    projlen=83: 309366 braids
    projlen=84: 183609 braids
    projlen=85: 358117 braids
    projlen=86: 174727 braids
    projlen=87: 353292 braids
    projlen=88: 162014 braids
    projlen=89: 349109 braids
    projlen=90: 164479 braids
    projlen=91: 344246 braids
    projlen=92: 169689 braids
    projlen=93: 342858 braids
    projlen=94: 167680 braids
    projlen=95: 341142 braids
    projlen=96: 169369 braids
    projlen=97: 336404 braids
    projlen=98: 183062 braids
    projlen=99: 324078 braids
    projlen=100: 189158 braids
    projlen=101: 111056 braids
  Braids kept: 1106369 (in 29 buckets, 2.36 GB CPU)
  ⚡ Timing: matmul=0.20s, sampling=6.92s, total=10.81s
============================================================
Level 126 - SAMPLING
============================================================
  Starting braids: 956369
  Candidates to generate: 4993691
  Processing in 50 chunks...
  Projlen distribution:
    projlen=74: 5 braids
    projlen=75: 98 braids
    projlen=76: 130 braids
    projlen=77: 1023 braids
    projlen=78: 1146 braids
    projlen=79: 15704 braids
    projlen=80: 12670 braids
    projlen=81: 145205 braids
    projlen=82: 94840 braids
    projlen=83: 298234 braids
    projlen=84: 179842 braids
    projlen=85: 358069 braids
    projlen=86: 175857 braids
    projlen=87: 351572 braids
    projlen=88: 170839 braids
    projlen=89: 347255 braids
    projlen=90: 163566 braids
    projlen=91: 345230 braids
    projlen=92: 167311 braids
    projlen=93: 341772 braids
    projlen=94: 174798 braids
    projlen=95: 338595 braids
    projlen=96: 173491 braids
    projlen=97: 337843 braids
    projlen=98: 175122 braids
    projlen=99: 328208 braids
    projlen=100: 182928 braids
    projlen=101: 112338 braids
  Braids kept: 1080776 (in 28 buckets, 2.31 GB CPU)
  ⚡ Timing: matmul=0.15s, sampling=6.83s, total=10.58s
============================================================
Level 127 - SAMPLING
============================================================
  Starting braids: 980776
  Candidates to generate: 5141918
  Processing in 52 chunks...
  Projlen distribution:
    projlen=74: 3 braids
    projlen=75: 22 braids
    projlen=76: 54 braids
    projlen=77: 765 braids
    projlen=78: 836 braids
    projlen=79: 7517 braids
    projlen=80: 6422 braids
    projlen=81: 81379 braids
    projlen=82: 55568 braids
    projlen=83: 275739 braids
    projlen=84: 176776 braids
    projlen=85: 361883 braids
    projlen=86: 173920 braids
    projlen=87: 354377 braids
    projlen=88: 171256 braids
    projlen=89: 345395 braids
    projlen=90: 172614 braids
    projlen=91: 342890 braids
    projlen=92: 168153 braids
    projlen=93: 342014 braids
    projlen=94: 171321 braids
    projlen=95: 338218 braids
    projlen=96: 181370 braids
    projlen=97: 333686 braids
    projlen=98: 181054 braids
    projlen=99: 331717 braids
    projlen=100: 181420 braids
    projlen=101: 301334 braids
    projlen=102: 84215 braids
  Braids kept: 1115619 (in 29 buckets, 2.41 GB CPU)
  ⚡ Timing: matmul=0.14s, sampling=7.27s, total=11.20s
============================================================
Level 128 - SAMPLING
============================================================
  Starting braids: 965619
  Candidates to generate: 5080765
  Processing in 51 chunks...
  Projlen distribution:
    projlen=74: 3 braids
    projlen=75: 10 braids
    projlen=76: 17 braids
    projlen=77: 274 braids
    projlen=78: 349 braids
    projlen=79: 5248 braids
    projlen=80: 4621 braids
    projlen=81: 42438 braids
    projlen=82: 30414 braids
    projlen=83: 265706 braids
    projlen=84: 178766 braids
    projlen=85: 364153 braids
    projlen=86: 172932 braids
    projlen=87: 357044 braids
    projlen=88: 166724 braids
    projlen=89: 349057 braids
    projlen=90: 172613 braids
    projlen=91: 341017 braids
    projlen=92: 178234 braids
    projlen=93: 338626 braids
    projlen=94: 174907 braids
    projlen=95: 338884 braids
    projlen=96: 177514 braids
    projlen=97: 334237 braids
    projlen=98: 189145 braids
    projlen=99: 327827 braids
    projlen=100: 188755 braids
    projlen=101: 297032 braids
    projlen=102: 84218 braids
  Braids kept: 1083374 (in 29 buckets, 2.35 GB CPU)
  ⚡ Timing: matmul=0.16s, sampling=6.93s, total=10.81s
============================================================
Level 129 - SAMPLING
============================================================
  Starting braids: 983374
  Candidates to generate: 5167776
  Processing in 52 chunks...
  Projlen distribution:
    projlen=75: 14 braids
    projlen=76: 14 braids
    projlen=77: 129 braids
    projlen=78: 146 braids
    projlen=79: 2160 braids
    projlen=80: 2224 braids
    projlen=81: 30092 braids
    projlen=82: 23358 braids
    projlen=83: 214131 braids
    projlen=84: 135689 braids
    projlen=85: 319190 braids
    projlen=86: 174929 braids
    projlen=87: 359911 braids
    projlen=88: 163402 braids
    projlen=89: 353020 braids
    projlen=90: 165005 braids
    projlen=91: 343598 braids
    projlen=92: 176838 braids
    projlen=93: 336567 braids
    projlen=94: 185655 braids
    projlen=95: 333018 braids
    projlen=96: 182826 braids
    projlen=97: 332542 braids
    projlen=98: 185044 braids
    projlen=99: 329435 braids
    projlen=100: 196576 braids
    projlen=101: 318123 braids
    projlen=102: 193457 braids
    projlen=103: 110683 braids
  Braids kept: 1108137 (in 29 buckets, 2.42 GB CPU)
  ⚡ Timing: matmul=0.16s, sampling=7.26s, total=11.27s
============================================================
Level 130 - SAMPLING
============================================================
  Starting braids: 958137
  Candidates to generate: 5036251
  Processing in 51 chunks...
  Projlen distribution:
    projlen=75: 6 braids
    projlen=76: 7 braids
    projlen=77: 115 braids
    projlen=78: 121 braids
    projlen=79: 1009 braids
    projlen=80: 1091 braids
    projlen=81: 14055 braids
    projlen=82: 12127 braids
    projlen=83: 149746 braids
    projlen=84: 100590 braids
    projlen=85: 302032 braids
    projlen=86: 177757 braids
    projlen=87: 362500 braids
    projlen=88: 165908 braids
    projlen=89: 355255 braids
    projlen=90: 160471 braids
    projlen=91: 348435 braids
    projlen=92: 166492 braids
    projlen=93: 339992 braids
    projlen=94: 182422 braids
    projlen=95: 331913 braids
    projlen=96: 194230 braids
    projlen=97: 327930 braids
    projlen=98: 193030 braids
    projlen=99: 327844 braids
    projlen=100: 194251 braids
    projlen=101: 319731 braids
    projlen=102: 197349 braids
    projlen=103: 109842 braids
  Braids kept: 1078531 (in 29 buckets, 2.36 GB CPU)
  ⚡ Timing: matmul=0.14s, sampling=7.16s, total=11.02s
============================================================
Level 131 - SAMPLING
============================================================
  Starting braids: 978531
  Candidates to generate: 5154365
  Processing in 52 chunks...
  Projlen distribution:
    projlen=76: 1 braids
    projlen=77: 42 braids
    projlen=78: 63 braids
    projlen=79: 802 braids
    projlen=80: 813 braids
    projlen=81: 7065 braids
    projlen=82: 6214 braids
    projlen=83: 74668 braids
    projlen=84: 53157 braids
    projlen=85: 274379 braids
    projlen=86: 178884 braids
    projlen=87: 360444 braids
    projlen=88: 169310 braids
    projlen=89: 356829 braids
    projlen=90: 159312 braids
    projlen=91: 351496 braids
    projlen=92: 160515 braids
    projlen=93: 345196 braids
    projlen=94: 170303 braids
    projlen=95: 336347 braids
    projlen=96: 189667 braids
    projlen=97: 326814 braids
    projlen=98: 202870 braids
    projlen=99: 321555 braids
    projlen=100: 203652 braids
    projlen=101: 320778 braids
    projlen=102: 203428 braids
    projlen=103: 292866 braids
    projlen=104: 86895 braids
  Braids kept: 1115000 (in 29 buckets, 2.46 GB CPU)
  ⚡ Timing: matmul=0.15s, sampling=7.41s, total=11.40s
============================================================
Level 132 - SAMPLING
============================================================
  Starting braids: 965000
  Candidates to generate: 5090010
  Processing in 51 chunks...
  Projlen distribution:
    projlen=77: 5 braids
    projlen=78: 23 braids
    projlen=79: 365 braids
    projlen=80: 480 braids
    projlen=81: 5264 braids
    projlen=82: 4518 braids
    projlen=83: 39855 braids
    projlen=84: 29560 braids
    projlen=85: 264683 braids
    projlen=86: 184187 braids
    projlen=87: 362701 braids
    projlen=88: 174957 braids
    projlen=89: 356256 braids
    projlen=90: 162142 braids
    projlen=91: 352909 braids
    projlen=92: 157903 braids
    projlen=93: 348335 braids
    projlen=94: 161766 braids
    projlen=95: 341922 braids
    projlen=96: 175424 braids
    projlen=97: 332088 braids
    projlen=98: 197194 braids
    projlen=99: 322272 braids
    projlen=100: 211597 braids
    projlen=101: 315201 braids
    projlen=102: 212474 braids
    projlen=103: 288664 braids
    projlen=104: 87265 braids
  Braids kept: 1080070 (in 28 buckets, 2.40 GB CPU)
  ⚡ Timing: matmul=0.17s, sampling=7.20s, total=11.16s
============================================================
Level 133 - SAMPLING
============================================================
  Starting braids: 980070
  Candidates to generate: 5154976
  Processing in 52 chunks...
  Projlen distribution:
    projlen=77: 7 braids
    projlen=78: 13 braids
    projlen=79: 137 braids
    projlen=80: 219 braids
    projlen=81: 2797 braids
    projlen=82: 2776 braids
    projlen=83: 30360 braids
    projlen=84: 22633 braids
    projlen=85: 199382 braids
    projlen=86: 129514 braids
    projlen=87: 313913 braids
    projlen=88: 180974 braids
    projlen=89: 357383 braids
    projlen=90: 165938 braids
    projlen=91: 352892 braids
    projlen=92: 161003 braids
    projlen=93: 349412 braids
    projlen=94: 157877 braids
    projlen=95: 344772 braids
    projlen=96: 163594 braids
    projlen=97: 339046 braids
    projlen=98: 181739 braids
    projlen=99: 328719 braids
    projlen=100: 206333 braids
    projlen=101: 316804 braids
    projlen=102: 220538 braids
    projlen=103: 305235 braids
    projlen=104: 213655 braids
    projlen=105: 107311 braids
  Braids kept: 1108942 (in 29 buckets, 2.48 GB CPU)
  ⚡ Timing: matmul=0.27s, sampling=7.44s, total=11.59s
============================================================
Level 134 - SAMPLING
============================================================
  Starting braids: 958942
  Candidates to generate: 5033602
  Processing in 51 chunks...
  Projlen distribution:
    projlen=77: 4 braids
    projlen=78: 8 braids
    projlen=79: 101 braids
    projlen=80: 122 braids
    projlen=81: 1351 braids
    projlen=82: 1552 braids
    projlen=83: 17711 braids
    projlen=84: 14422 braids
    projlen=85: 151169 braids
    projlen=86: 98208 braids
    projlen=87: 296366 braids
    projlen=88: 179258 braids
    projlen=89: 358621 braids
    projlen=90: 173581 braids
    projlen=91: 352393 braids
    projlen=92: 164712 braids
    projlen=93: 348684 braids
    projlen=94: 161956 braids
    projlen=95: 347456 braids
    projlen=96: 159825 braids
    projlen=97: 343815 braids
    projlen=98: 167978 braids
    projlen=99: 336387 braids
    projlen=100: 188793 braids
    projlen=101: 324022 braids
    projlen=102: 213301 braids
    projlen=103: 307544 braids
    projlen=104: 217530 braids
    projlen=105: 106732 braids
  Braids kept: 1085271 (in 29 buckets, 2.43 GB CPU)
  ⚡ Timing: matmul=0.14s, sampling=7.39s, total=11.35s
============================================================
Level 135 - SAMPLING
============================================================
  Starting braids: 985271
  Candidates to generate: 5172745
  Processing in 52 chunks...
  Projlen distribution:
    projlen=77: 3 braids
    projlen=78: 7 braids
    projlen=79: 62 braids
    projlen=80: 93 braids
    projlen=81: 813 braids
    projlen=82: 842 braids
    projlen=83: 9779 braids
    projlen=84: 8500 braids
    projlen=85: 91366 braids
    projlen=86: 62244 braids
    projlen=87: 279781 braids
    projlen=88: 176706 braids
    projlen=89: 360634 braids
    projlen=90: 173813 braids
    projlen=91: 353342 braids
    projlen=92: 168878 braids
    projlen=93: 346822 braids
    projlen=94: 166964 braids
    projlen=95: 344473 braids
    projlen=96: 164222 braids
    projlen=97: 344834 braids
    projlen=98: 162908 braids
    projlen=99: 341471 braids
    projlen=100: 172825 braids
    projlen=101: 333594 braids
    projlen=102: 197045 braids
    projlen=103: 317654 braids
    projlen=104: 218754 braids
    projlen=105: 284258 braids
    projlen=106: 90058 braids
  Braids kept: 1120099 (in 30 buckets, 2.53 GB CPU)
  ⚡ Timing: matmul=0.15s, sampling=7.64s, total=11.72s
============================================================
Level 136 - SAMPLING
============================================================
  Starting braids: 970099
  Candidates to generate: 5084395
  Processing in 51 chunks...
  Projlen distribution:
    projlen=77: 1 braids
    projlen=78: 2 braids
    projlen=79: 45 braids
    projlen=80: 63 braids
    projlen=81: 543 braids
    projlen=82: 603 braids
    projlen=83: 5690 braids
    projlen=84: 4820 braids
    projlen=85: 54089 braids
    projlen=86: 38712 braids
    projlen=87: 267665 braids
    projlen=88: 178538 braids
    projlen=89: 362466 braids
    projlen=90: 171856 braids
    projlen=91: 355412 braids
    projlen=92: 166532 braids
    projlen=93: 347971 braids
    projlen=94: 169841 braids
    projlen=95: 342604 braids
    projlen=96: 171269 braids
    projlen=97: 340513 braids
    projlen=98: 168893 braids
    projlen=99: 340908 braids
    projlen=100: 166802 braids
    projlen=101: 339439 braids
    projlen=102: 179007 braids
    projlen=103: 328810 braids
    projlen=104: 202608 braids
    projlen=105: 291408 braids
    projlen=106: 87285 braids
  Braids kept: 1100479 (in 30 buckets, 2.49 GB CPU)
  ⚡ Timing: matmul=0.15s, sampling=7.38s, total=11.36s
============================================================
Level 137 - SAMPLING
============================================================
  Starting braids: 950479
  Candidates to generate: 4988017
  Processing in 50 chunks...
  Projlen distribution:
    projlen=78: 3 braids
    projlen=79: 20 braids
    projlen=80: 35 braids
    projlen=81: 370 braids
    projlen=82: 420 braids
    projlen=83: 3887 braids
    projlen=84: 3499 braids
    projlen=85: 32828 braids
    projlen=86: 24136 braids
    projlen=87: 251671 braids
    projlen=88: 163176 braids
    projlen=89: 336035 braids
    projlen=90: 174848 braids
    projlen=91: 357938 braids
    projlen=92: 162346 braids
    projlen=93: 351527 braids
    projlen=94: 166074 braids
    projlen=95: 344052 braids
    projlen=96: 173525 braids
    projlen=97: 338250 braids
    projlen=98: 177683 braids
    projlen=99: 338474 braids
    projlen=100: 176136 braids
    projlen=101: 337384 braids
    projlen=102: 172741 braids
    projlen=103: 334160 braids
    projlen=104: 184510 braids
    projlen=105: 298163 braids
    projlen=106: 84126 braids
  Braids kept: 1065198 (in 29 buckets, 2.42 GB CPU)
  ⚡ Timing: matmul=0.15s, sampling=7.26s, total=11.19s
============================================================
Level 138 - SAMPLING
============================================================
  Starting braids: 965198
  Candidates to generate: 5043802
  Processing in 51 chunks...
  Projlen distribution:
    projlen=79: 7 braids
    projlen=80: 36 braids
    projlen=81: 194 braids
    projlen=82: 259 braids
    projlen=83: 2625 braids
    projlen=84: 2531 braids
    projlen=85: 23415 braids
    projlen=86: 18034 braids
    projlen=87: 163395 braids
    projlen=88: 104080 braids
    projlen=89: 302976 braids
    projlen=90: 177707 braids
    projlen=91: 360669 braids
    projlen=92: 165574 braids
    projlen=93: 353036 braids
    projlen=94: 158986 braids
    projlen=95: 346242 braids
    projlen=96: 167757 braids
    projlen=97: 340443 braids
    projlen=98: 179540 braids
    projlen=99: 333831 braids
    projlen=100: 186092 braids
    projlen=101: 333948 braids
    projlen=102: 184783 braids
    projlen=103: 333146 braids
    projlen=104: 180005 braids
    projlen=105: 325808 braids
    projlen=106: 185912 braids
    projlen=107: 112771 braids
  Braids kept: 1097101 (in 29 buckets, 2.52 GB CPU)
  ⚡ Timing: matmul=0.14s, sampling=7.41s, total=11.39s
============================================================
Level 139 - SAMPLING
============================================================
  Starting braids: 997101
  Candidates to generate: 5234275
  Processing in 53 chunks...
  Projlen distribution:
    projlen=79: 3 braids
    projlen=80: 3 braids
    projlen=81: 80 braids
    projlen=82: 233 braids
    projlen=83: 1438 braids
    projlen=84: 1600 braids
    projlen=85: 16102 braids
    projlen=86: 13239 braids
    projlen=87: 118967 braids
    projlen=88: 78253 braids
    projlen=89: 286746 braids
    projlen=90: 174956 braids
    projlen=91: 361963 braids
    projlen=92: 169314 braids
    projlen=93: 356207 braids
    projlen=94: 161321 braids
    projlen=95: 349833 braids
    projlen=96: 159703 braids
    projlen=97: 343317 braids
    projlen=98: 171100 braids
    projlen=99: 336438 braids
    projlen=100: 186626 braids
    projlen=101: 329815 braids
    projlen=102: 195370 braids
    projlen=103: 327449 braids
    projlen=104: 194625 braids
    projlen=105: 327231 braids
    projlen=106: 189805 braids
    projlen=107: 297872 braids
    projlen=108: 84666 braids
  Braids kept: 1132698 (in 30 buckets, 2.61 GB CPU)
  ⚡ Timing: matmul=0.14s, sampling=7.83s, total=11.97s
============================================================
Level 140 - SAMPLING
============================================================
  Starting braids: 982698
  Candidates to generate: 5162788
  Processing in 52 chunks...
  Projlen distribution:
    projlen=81: 30 braids
    projlen=82: 50 braids
    projlen=83: 679 braids
    projlen=84: 1321 braids
    projlen=85: 9148 braids
    projlen=86: 8599 braids
    projlen=87: 82787 braids
    projlen=88: 59222 braids
    projlen=89: 276786 braids
    projlen=90: 177669 braids
    projlen=91: 360585 braids
    projlen=92: 169195 braids
    projlen=93: 357054 braids
    projlen=94: 161389 braids
    projlen=95: 352085 braids
    projlen=96: 160431 braids
    projlen=97: 347228 braids
    projlen=98: 161389 braids
    projlen=99: 340860 braids
    projlen=100: 176439 braids
    projlen=101: 331725 braids
    projlen=102: 193666 braids
    projlen=103: 324070 braids
    projlen=104: 205704 braids
    projlen=105: 320476 braids
    projlen=106: 204364 braids
    projlen=107: 293509 braids
    projlen=108: 86328 braids
  Braids kept: 1119827 (in 28 buckets, 2.59 GB CPU)
  ⚡ Timing: matmul=0.15s, sampling=7.75s, total=11.85s
============================================================
Level 141 - SAMPLING
============================================================
  Starting braids: 969827
  Candidates to generate: 5093721
  Processing in 51 chunks...
  Projlen distribution:
    projlen=81: 3 braids
    projlen=82: 24 braids
    projlen=83: 301 braids
    projlen=84: 395 braids
    projlen=85: 4696 braids
    projlen=86: 6847 braids
    projlen=87: 48844 braids
    projlen=88: 40229 braids
    projlen=89: 263957 braids
    projlen=90: 185885 braids
    projlen=91: 360700 braids
    projlen=92: 174754 braids
    projlen=93: 357649 braids
    projlen=94: 160762 braids
    projlen=95: 353073 braids
    projlen=96: 158917 braids
    projlen=97: 347846 braids
    projlen=98: 161702 braids
    projlen=99: 345034 braids
    projlen=100: 165037 braids
    projlen=101: 338705 braids
    projlen=102: 183683 braids
    projlen=103: 328269 braids
    projlen=104: 202796 braids
    projlen=105: 317300 braids
    projlen=106: 212384 braids
    projlen=107: 286597 braids
    projlen=108: 87332 braids
  Braids kept: 1101339 (in 28 buckets, 2.56 GB CPU)
  ⚡ Timing: matmul=0.17s, sampling=7.49s, total=11.53s
============================================================
Level 142 - SAMPLING
============================================================
  Starting braids: 951339
  Candidates to generate: 4999221
  Processing in 50 chunks...
  Projlen distribution:
    projlen=82: 6 braids
    projlen=83: 120 braids
    projlen=84: 249 braids
    projlen=85: 2264 braids
    projlen=86: 2485 braids
    projlen=87: 27365 braids
    projlen=88: 33523 braids
    projlen=89: 239741 braids
    projlen=90: 178527 braids
    projlen=91: 332714 braids
    projlen=92: 185166 braids
    projlen=93: 354510 braids
    projlen=94: 166731 braids
    projlen=95: 353554 braids
    projlen=96: 158701 braids
    projlen=97: 349972 braids
    projlen=98: 159184 braids
    projlen=99: 344545 braids
    projlen=100: 164106 braids
    projlen=101: 341440 braids
    projlen=102: 169233 braids
    projlen=103: 335972 braids
    projlen=104: 190919 braids
    projlen=105: 322924 braids
    projlen=106: 209346 braids
    projlen=107: 288190 braids
    projlen=108: 87734 braids
  Braids kept: 1066012 (in 27 buckets, 2.49 GB CPU)
  ⚡ Timing: matmul=0.16s, sampling=7.34s, total=11.30s
============================================================
Level 143 - SAMPLING
============================================================
  Starting braids: 966012
  Candidates to generate: 5071276
  Processing in 51 chunks...
  Projlen distribution:
    projlen=82: 2 braids
    projlen=83: 41 braids
    projlen=84: 95 braids
    projlen=85: 1161 braids
    projlen=86: 1629 braids
    projlen=87: 14441 braids
    projlen=88: 13085 braids
    projlen=89: 137635 braids
    projlen=90: 142567 braids
    projlen=91: 309655 braids
    projlen=92: 199951 braids
    projlen=93: 348693 braids
    projlen=94: 180089 braids
    projlen=95: 349190 braids
    projlen=96: 166290 braids
    projlen=97: 349008 braids
    projlen=98: 159178 braids
    projlen=99: 347791 braids
    projlen=100: 160936 braids
    projlen=101: 343305 braids
    projlen=102: 168491 braids
    projlen=103: 339349 braids
    projlen=104: 175439 braids
    projlen=105: 331467 braids
    projlen=106: 197670 braids
    projlen=107: 315962 braids
    projlen=108: 209210 braids
    projlen=109: 108946 braids
  Braids kept: 1080454 (in 28 buckets, 2.54 GB CPU)
  ⚡ Timing: matmul=0.15s, sampling=7.56s, total=11.59s
============================================================
Level 144 - SAMPLING
============================================================
  Starting braids: 980454
  Candidates to generate: 5170966
  Processing in 52 chunks...
  Projlen distribution:
    projlen=82: 5 braids
    projlen=83: 19 braids
    projlen=84: 55 braids
    projlen=85: 428 braids
    projlen=86: 786 braids
    projlen=87: 8159 braids
    projlen=88: 8985 braids
    projlen=89: 75948 braids
    projlen=90: 57477 braids
    projlen=91: 260256 braids
    projlen=92: 227380 braids
    projlen=93: 336713 braids
    projlen=94: 199044 braids
    projlen=95: 341749 braids
    projlen=96: 181328 braids
    projlen=97: 342395 braids
    projlen=98: 169964 braids
    projlen=99: 345425 braids
    projlen=100: 160952 braids
    projlen=101: 345653 braids
    projlen=102: 163381 braids
    projlen=103: 341581 braids
    projlen=104: 173422 braids
    projlen=105: 336324 braids
    projlen=106: 183945 braids
    projlen=107: 326124 braids
    projlen=108: 204287 braids
    projlen=109: 291380 braids
    projlen=110: 87801 braids
  Braids kept: 1118437 (in 29 buckets, 2.65 GB CPU)
  ⚡ Timing: matmul=0.16s, sampling=7.79s, total=11.92s
============================================================
Level 145 - SAMPLING
============================================================
  Starting braids: 968437
  Candidates to generate: 5122953
  Processing in 52 chunks...
  Projlen distribution:
    projlen=82: 1 braids
    projlen=83: 18 braids
    projlen=84: 47 braids
    projlen=85: 268 braids
    projlen=86: 419 braids
    projlen=87: 3637 braids
    projlen=88: 4574 braids
    projlen=89: 45499 braids
    projlen=90: 41962 braids
    projlen=91: 262235 braids
    projlen=92: 193876 braids
    projlen=93: 345981 braids
    projlen=94: 222189 braids
    projlen=95: 327868 braids
    projlen=96: 203862 braids
    projlen=97: 332877 braids
    projlen=98: 187609 braids
    projlen=99: 336493 braids
    projlen=100: 176761 braids
    projlen=101: 341569 braids
    projlen=102: 164949 braids
    projlen=103: 342633 braids
    projlen=104: 167376 braids
    projlen=105: 337569 braids
    projlen=106: 179712 braids
    projlen=107: 330723 braids
    projlen=108: 190440 braids
    projlen=109: 296876 braids
    projlen=110: 84930 braids
  Braids kept: 1096425 (in 29 buckets, 2.60 GB CPU)
  ⚡ Timing: matmul=0.13s, sampling=7.70s, total=11.80s
============================================================
Level 146 - SAMPLING
============================================================
  Starting braids: 996425
  Candidates to generate: 5278569
  Processing in 53 chunks...
  Projlen distribution:
    projlen=83: 6 braids
    projlen=84: 14 braids
    projlen=85: 226 braids
    projlen=86: 329 braids
    projlen=87: 2341 braids
    projlen=88: 2714 braids
    projlen=89: 23145 braids
    projlen=90: 23651 braids
    projlen=91: 224813 braids
    projlen=92: 182600 braids
    projlen=93: 333589 braids
    projlen=94: 193621 braids
    projlen=95: 338647 braids
    projlen=96: 213085 braids
    projlen=97: 322381 braids
    projlen=98: 213096 braids
    projlen=99: 322920 braids
    projlen=100: 197303 braids
    projlen=101: 331213 braids
    projlen=102: 186257 braids
    projlen=103: 336312 braids
    projlen=104: 170682 braids
    projlen=105: 339280 braids
    projlen=106: 172532 braids
    projlen=107: 334754 braids
    projlen=108: 186936 braids
    projlen=109: 321835 braids
    projlen=110: 192679 braids
    projlen=111: 111608 braids
  Braids kept: 1102426 (in 29 buckets, 2.64 GB CPU)
  ⚡ Timing: matmul=0.16s, sampling=8.00s, total=12.24s
============================================================
Level 147 - SAMPLING
============================================================
  Starting braids: 952426
  Candidates to generate: 5066732
  Processing in 51 chunks...
  Projlen distribution:
    projlen=84: 2 braids
    projlen=85: 74 braids
    projlen=86: 132 braids
    projlen=87: 1763 braids
    projlen=88: 2107 braids
    projlen=89: 15287 braids
    projlen=90: 14908 braids
    projlen=91: 119797 braids
    projlen=92: 101711 braids
    projlen=93: 288949 braids
    projlen=94: 207021 braids
    projlen=95: 342900 braids
    projlen=96: 189518 braids
    projlen=97: 333119 braids
    projlen=98: 214255 braids
    projlen=99: 315478 braids
    projlen=100: 222916 braids
    projlen=101: 315404 braids
    projlen=102: 209963 braids
    projlen=103: 323768 braids
    projlen=104: 197335 braids
    projlen=105: 330702 braids
    projlen=106: 180348 braids
    projlen=107: 335498 braids
    projlen=108: 178809 braids
    projlen=109: 326197 braids
    projlen=110: 186943 braids
    projlen=111: 111828 braids
  Braids kept: 1084273 (in 28 buckets, 2.61 GB CPU)
  ⚡ Timing: matmul=0.15s, sampling=7.73s, total=11.79s
============================================================
Level 148 - SAMPLING
============================================================
  Starting braids: 984273
  Candidates to generate: 5289031
  Processing in 53 chunks...
  Projlen distribution:
    projlen=84: 1 braids
    projlen=85: 13 braids
    projlen=86: 43 braids
    projlen=87: 657 braids
    projlen=88: 967 braids
    projlen=89: 11267 braids
    projlen=90: 11394 braids
    projlen=91: 81119 braids
    projlen=92: 66811 braids
    projlen=93: 270431 braids
    projlen=94: 209310 braids
    projlen=95: 344858 braids
    projlen=96: 204084 braids
    projlen=97: 335906 braids
    projlen=98: 193279 braids
    projlen=99: 327086 braids
    projlen=100: 217786 braids
    projlen=101: 310118 braids
    projlen=102: 232344 braids
    projlen=103: 308322 braids
    projlen=104: 222178 braids
    projlen=105: 315636 braids
    projlen=106: 209461 braids
    projlen=107: 324769 braids
    projlen=108: 192212 braids
    projlen=109: 328464 braids
    projlen=110: 186360 braids
    projlen=111: 299667 braids
    projlen=112: 84488 braids
  Braids kept: 1124342 (in 29 buckets, 2.72 GB CPU)
  ⚡ Timing: matmul=0.16s, sampling=8.17s, total=12.45s
============================================================
Level 149 - SAMPLING
============================================================
  Starting braids: 974342
  Candidates to generate: 5260220
  Processing in 53 chunks...
  Projlen distribution:
    projlen=84: 1 braids
    projlen=85: 8 braids
    projlen=86: 15 braids
    projlen=87: 246 braids
    projlen=88: 365 braids
    projlen=89: 4887 braids
    projlen=90: 5626 braids
    projlen=91: 60267 braids
    projlen=92: 52770 braids
    projlen=93: 264005 braids
    projlen=94: 204543 braids
    projlen=95: 347031 braids
    projlen=96: 207562 braids
    projlen=97: 334761 braids
    projlen=98: 202869 braids
    projlen=99: 327607 braids
    projlen=100: 201347 braids
    projlen=101: 319930 braids
    projlen=102: 223040 braids
    projlen=103: 305623 braids
    projlen=104: 238542 braids
    projlen=105: 301451 braids
    projlen=106: 233025 braids
    projlen=107: 307812 braids
    projlen=108: 220378 braids
    projlen=109: 315369 braids
    projlen=110: 202554 braids
    projlen=111: 293120 braids
    projlen=112: 85466 braids
  Braids kept: 1111148 (in 29 buckets, 2.69 GB CPU)
  ⚡ Timing: matmul=0.15s, sampling=8.21s, total=12.47s
============================================================
Level 150 - SAMPLING
============================================================
  Starting braids: 961148
  Candidates to generate: 5209070
  Processing in 53 chunks...
  Projlen distribution:
    projlen=85: 8 braids
    projlen=86: 10 braids
    projlen=87: 118 braids
    projlen=88: 200 braids
    projlen=89: 2140 braids
    projlen=90: 2503 braids
    projlen=91: 29119 braids
    projlen=92: 27918 braids
    projlen=93: 251656 braids
    projlen=94: 206180 braids
    projlen=95: 348306 braids
    projlen=96: 203653 braids
    projlen=97: 337218 braids
    projlen=98: 203477 braids
    projlen=99: 327832 braids
    projlen=100: 208992 braids
    projlen=101: 319849 braids
    projlen=102: 211830 braids
    projlen=103: 313854 braids
    projlen=104: 230285 braids
    projlen=105: 301991 braids
    projlen=106: 245155 braids
    projlen=107: 295145 braids
    projlen=108: 242016 braids
    projlen=109: 300145 braids
    projlen=110: 228723 braids
    projlen=111: 281397 braids
    projlen=112: 89350 braids
  Braids kept: 1062016 (in 28 buckets, 2.59 GB CPU)
  ⚡ Timing: matmul=0.14s, sampling=7.96s, total=12.18s
============================================================
Level 151 - SAMPLING
============================================================
  Starting braids: 962016
  Candidates to generate: 5206238
  Processing in 53 chunks...
  Projlen distribution:
    projlen=85: 3 braids
    projlen=86: 4 braids
    projlen=87: 84 braids
    projlen=88: 106 braids
    projlen=89: 1071 braids
    projlen=90: 1396 braids
    projlen=91: 14372 braids
    projlen=92: 13847 braids
    projlen=93: 148430 braids
    projlen=94: 120151 braids
    projlen=95: 299338 braids
    projlen=96: 206183 braids
    projlen=97: 339243 braids
    projlen=98: 199805 braids
    projlen=99: 330011 braids
    projlen=100: 208047 braids
    projlen=101: 320636 braids
    projlen=102: 217004 braids
    projlen=103: 312164 braids
    projlen=104: 221483 braids
    projlen=105: 307893 braids
    projlen=106: 235402 braids
    projlen=107: 296450 braids
    projlen=108: 249130 braids
    projlen=109: 290525 braids
    projlen=110: 249164 braids
    projlen=111: 290194 braids
    projlen=112: 229372 braids
    projlen=113: 104730 braids
  Braids kept: 1080883 (in 29 buckets, 2.65 GB CPU)
  ⚡ Timing: matmul=0.18s, sampling=8.18s, total=12.46s
============================================================
Level 152 - SAMPLING
============================================================
  Starting braids: 980883
  Candidates to generate: 5323069
  Processing in 54 chunks...
  Projlen distribution:
    projlen=86: 1 braids
    projlen=87: 30 braids
    projlen=88: 47 braids
    projlen=89: 693 braids
    projlen=90: 826 braids
    projlen=91: 7740 braids
    projlen=92: 8209 braids
    projlen=93: 76195 braids
    projlen=94: 60834 braids
    projlen=95: 270577 braids
    projlen=96: 204168 braids
    projlen=97: 345099 braids
    projlen=98: 203128 braids
    projlen=99: 332911 braids
    projlen=100: 204526 braids
    projlen=101: 322568 braids
    projlen=102: 214684 braids
    projlen=103: 313981 braids
    projlen=104: 225369 braids
    projlen=105: 306500 braids
    projlen=106: 230832 braids
    projlen=107: 302915 braids
    projlen=108: 241781 braids
    projlen=109: 293148 braids
    projlen=110: 253071 braids
    projlen=111: 286172 braids
    projlen=112: 253205 braids
    projlen=113: 268697 braids
    projlen=114: 95162 braids
  Braids kept: 1117546 (in 29 buckets, 2.76 GB CPU)
  ⚡ Timing: matmul=0.15s, sampling=8.41s, total=12.78s
============================================================
Level 153 - SAMPLING
============================================================
  Starting braids: 967546
  Candidates to generate: 5257174
  Processing in 53 chunks...
  Projlen distribution:
    projlen=86: 1 braids
    projlen=87: 21 braids
    projlen=88: 34 braids
    projlen=89: 251 braids
    projlen=90: 397 braids
    projlen=91: 4792 braids
    projlen=92: 5034 braids
    projlen=93: 43602 braids
    projlen=94: 39148 braids
    projlen=95: 260430 braids
    projlen=96: 199667 braids
    projlen=97: 351171 braids
    projlen=98: 202370 braids
    projlen=99: 337371 braids
    projlen=100: 202267 braids
    projlen=101: 325965 braids
    projlen=102: 212540 braids
    projlen=103: 315994 braids
    projlen=104: 223166 braids
    projlen=105: 308313 braids
    projlen=106: 234427 braids
    projlen=107: 301810 braids
    projlen=108: 239207 braids
    projlen=109: 298341 braids
    projlen=110: 246950 braids
    projlen=111: 289248 braids
    projlen=112: 254148 braids
    projlen=113: 265046 braids
    projlen=114: 95463 braids
  Braids kept: 1093280 (in 29 buckets, 2.71 GB CPU)
  ⚡ Timing: matmul=0.15s, sampling=8.19s, total=12.50s
============================================================
Level 154 - SAMPLING
============================================================
  Starting braids: 993280
  Candidates to generate: 5393392
  Processing in 54 chunks...
  Projlen distribution:
    projlen=87: 16 braids
    projlen=88: 27 braids
    projlen=89: 210 braids
    projlen=90: 274 braids
    projlen=91: 2081 braids
    projlen=92: 2552 braids
    projlen=93: 28099 braids
    projlen=94: 25893 braids
    projlen=95: 218037 braids
    projlen=96: 171619 braids
    projlen=97: 327006 braids
    projlen=98: 199065 braids
    projlen=99: 341978 braids
    projlen=100: 197073 braids
    projlen=101: 330529 braids
    projlen=102: 208247 braids
    projlen=103: 319115 braids
    projlen=104: 220731 braids
    projlen=105: 310124 braids
    projlen=106: 230993 braids
    projlen=107: 302002 braids
    projlen=108: 240742 braids
    projlen=109: 297221 braids
    projlen=110: 246045 braids
    projlen=111: 293239 braids
    projlen=112: 250746 braids
    projlen=113: 283888 braids
    projlen=114: 244108 braids
    projlen=115: 101732 braids
  Braids kept: 1109152 (in 29 buckets, 2.77 GB CPU)
  ⚡ Timing: matmul=0.17s, sampling=8.45s, total=12.93s
============================================================
Level 155 - SAMPLING
============================================================
  Starting braids: 959152
  Candidates to generate: 5199998
  Processing in 52 chunks...
  Projlen distribution:
    projlen=87: 4 braids
    projlen=88: 14 braids
    projlen=89: 148 braids
    projlen=90: 207 braids
    projlen=91: 1554 braids
    projlen=92: 1792 braids
    projlen=93: 13868 braids
    projlen=94: 14038 braids
    projlen=95: 141596 braids
    projlen=96: 112089 braids
    projlen=97: 296228 braids
    projlen=98: 204205 braids
    projlen=99: 344173 braids
    projlen=100: 195112 braids
    projlen=101: 334871 braids
    projlen=102: 201610 braids
    projlen=103: 322607 braids
    projlen=104: 216142 braids
    projlen=105: 311556 braids
    projlen=106: 228317 braids
    projlen=107: 304220 braids
    projlen=108: 238509 braids
    projlen=109: 298268 braids
    projlen=110: 245878 braids
    projlen=111: 292582 braids
    projlen=112: 251191 braids
    projlen=113: 286851 braids
    projlen=114: 239973 braids
    projlen=115: 102395 braids
  Braids kept: 1081625 (in 29 buckets, 2.71 GB CPU)
  ⚡ Timing: matmul=0.16s, sampling=8.23s, total=12.51s
============================================================
Level 156 - SAMPLING
============================================================
  Starting braids: 981625
  Candidates to generate: 5321181
  Processing in 54 chunks...
  Projlen distribution:
    projlen=87: 4 braids
    projlen=88: 8 braids
    projlen=89: 62 braids
    projlen=90: 109 braids
    projlen=91: 1123 braids
    projlen=92: 1265 braids
    projlen=93: 10110 braids
    projlen=94: 9607 braids
    projlen=95: 73290 braids
    projlen=96: 61752 braids
    projlen=97: 271434 braids
    projlen=98: 201658 braids
    projlen=99: 345964 braids
    projlen=100: 199599 braids
    projlen=101: 335331 braids
    projlen=102: 197567 braids
    projlen=103: 326761 braids
    projlen=104: 208946 braids
    projlen=105: 316013 braids
    projlen=106: 224610 braids
    projlen=107: 306331 braids
    projlen=108: 236245 braids
    projlen=109: 298781 braids
    projlen=110: 244660 braids
    projlen=111: 294136 braids
    projlen=112: 252174 braids
    projlen=113: 287653 braids
    projlen=114: 253060 braids
    projlen=115: 267364 braids
    projlen=116: 95564 braids
  Braids kept: 1122288 (in 30 buckets, 2.83 GB CPU)
  ⚡ Timing: matmul=0.14s, sampling=8.63s, total=13.07s
============================================================
Level 157 - SAMPLING
============================================================
  Starting braids: 972288
  Candidates to generate: 5275754
  Processing in 53 chunks...
  Projlen distribution:
    projlen=87: 4 braids
    projlen=88: 9 braids
    projlen=89: 41 braids
    projlen=90: 64 braids
    projlen=91: 608 braids
    projlen=92: 723 braids
    projlen=93: 7275 braids
    projlen=94: 6900 braids
    projlen=95: 53922 braids
    projlen=96: 44695 braids
    projlen=97: 258917 braids
    projlen=98: 205793 braids
    projlen=99: 349536 braids
    projlen=100: 199192 braids
    projlen=101: 339180 braids
    projlen=102: 198969 braids
    projlen=103: 330030 braids
    projlen=104: 205158 braids
    projlen=105: 319877 braids
    projlen=106: 217457 braids
    projlen=107: 310465 braids
    projlen=108: 232194 braids
    projlen=109: 301406 braids
    projlen=110: 243471 braids
    projlen=111: 294764 braids
    projlen=112: 250782 braids
    projlen=113: 289515 braids
    projlen=114: 253627 braids
    projlen=115: 266039 braids
    projlen=116: 95141 braids
  Braids kept: 1110319 (in 30 buckets, 2.81 GB CPU)
  ⚡ Timing: matmul=0.16s, sampling=8.42s, total=12.82s
============================================================
Level 158 - SAMPLING
============================================================
  Starting braids: 960319
  Candidates to generate: 5206103
  Processing in 53 chunks...
  Projlen distribution:
    projlen=87: 5 braids
    projlen=88: 6 braids
    projlen=89: 49 braids
    projlen=90: 53 braids
    projlen=91: 373 braids
    projlen=92: 379 braids
    projlen=93: 4414 braids
    projlen=94: 4223 braids
    projlen=95: 40392 braids
    projlen=96: 34095 braids
    projlen=97: 248161 braids
    projlen=98: 189297 braids
    projlen=99: 335753 braids
    projlen=100: 205374 braids
    projlen=101: 339890 braids
    projlen=102: 195801 braids
    projlen=103: 333332 braids
    projlen=104: 204832 braids
    projlen=105: 322526 braids
    projlen=106: 212909 braids
    projlen=107: 314722 braids
    projlen=108: 225932 braids
    projlen=109: 305390 braids
    projlen=110: 238966 braids
    projlen=111: 296372 braids
    projlen=112: 249212 braids
    projlen=113: 289275 braids
    projlen=114: 252679 braids
    projlen=115: 267054 braids
    projlen=116: 94637 braids
  Braids kept: 1083989 (in 30 buckets, 2.75 GB CPU)
  ⚡ Timing: matmul=0.13s, sampling=8.39s, total=12.77s
============================================================
Level 159 - SAMPLING
============================================================
  Starting braids: 983989
  Candidates to generate: 5324771
  Processing in 54 chunks...
  Projlen distribution:
    projlen=87: 6 braids
    projlen=88: 3 braids
    projlen=89: 51 braids
    projlen=90: 53 braids
    projlen=91: 391 braids
    projlen=92: 337 braids
    projlen=93: 2497 braids
    projlen=94: 2300 braids
    projlen=95: 26346 braids
    projlen=96: 22067 braids
    projlen=97: 198293 braids
    projlen=98: 146802 braids
    projlen=99: 313266 braids
    projlen=100: 201153 braids
    projlen=101: 340955 braids
    projlen=102: 200203 braids
    projlen=103: 332472 braids
    projlen=104: 201002 braids
    projlen=105: 323775 braids
    projlen=106: 211447 braids
    projlen=107: 315904 braids
    projlen=108: 222440 braids
    projlen=109: 309004 braids
    projlen=110: 233284 braids
    projlen=111: 301004 braids
    projlen=112: 244863 braids
    projlen=113: 291906 braids
    projlen=114: 253623 braids
    projlen=115: 283040 braids
    projlen=116: 244179 braids
    projlen=117: 102105 braids
  Braids kept: 1104051 (in 31 buckets, 2.82 GB CPU)
  ⚡ Timing: matmul=0.14s, sampling=8.70s, total=13.22s
============================================================
Level 160 - SAMPLING
============================================================
  Starting braids: 954051
  Candidates to generate: 5157415
  Processing in 52 chunks...
  Projlen distribution:
    projlen=88: 2 braids
    projlen=89: 35 braids
    projlen=90: 32 braids
    projlen=91: 386 braids
    projlen=92: 340 braids
    projlen=93: 2471 braids
    projlen=94: 1998 braids
    projlen=95: 15106 braids
    projlen=96: 12385 braids
    projlen=97: 132304 braids
    projlen=98: 95647 braids
    projlen=99: 288941 braids
    projlen=100: 195764 braids
    projlen=101: 345045 braids
    projlen=102: 196292 braids
    projlen=103: 334099 braids
    projlen=104: 203204 braids
    projlen=105: 324996 braids
    projlen=106: 210046 braids
    projlen=107: 317543 braids
    projlen=108: 220466 braids
    projlen=109: 310544 braids
    projlen=110: 230792 braids
    projlen=111: 302566 braids
    projlen=112: 240427 braids
    projlen=113: 296213 braids
    projlen=114: 250772 braids
    projlen=115: 285301 braids
    projlen=116: 241912 braids
    projlen=117: 101786 braids
  Braids kept: 1082755 (in 30 buckets, 2.78 GB CPU)
  ⚡ Timing: matmul=0.15s, sampling=8.35s, total=12.69s
============================================================
Level 161 - SAMPLING
============================================================
  Starting braids: 982755
  Candidates to generate: 5311857
  Processing in 54 chunks...
  Projlen distribution:
    projlen=89: 4 braids
    projlen=90: 13 braids
    projlen=91: 221 braids
    projlen=92: 214 braids
    projlen=93: 2420 braids
    projlen=94: 1937 braids
    projlen=95: 14442 braids
    projlen=96: 10633 braids
    projlen=97: 78213 braids
    projlen=98: 54901 braids
    projlen=99: 270486 braids
    projlen=100: 189510 braids
    projlen=101: 351997 braids
    projlen=102: 193216 braids
    projlen=103: 339404 braids
    projlen=104: 196325 braids
    projlen=105: 328053 braids
    projlen=106: 210602 braids
    projlen=107: 316935 braids
    projlen=108: 219109 braids
    projlen=109: 311129 braids
    projlen=110: 229006 braids
    projlen=111: 305607 braids
    projlen=112: 237711 braids
    projlen=113: 298398 braids
    projlen=114: 245920 braids
    projlen=115: 291317 braids
    projlen=116: 252282 braids
    projlen=117: 266582 braids
    projlen=118: 95270 braids
  Braids kept: 1129884 (in 30 buckets, 2.91 GB CPU)
  ⚡ Timing: matmul=0.15s, sampling=8.85s, total=13.38s
============================================================
Level 162 - SAMPLING
============================================================
  Starting braids: 979884
  Candidates to generate: 5288772
  Processing in 53 chunks...
  Projlen distribution:
    projlen=88: 1 braids
    projlen=89: 2 braids
    projlen=90: 8 braids
    projlen=91: 55 braids
    projlen=92: 99 braids
    projlen=93: 1337 braids
    projlen=94: 1229 braids
    projlen=95: 13644 braids
    projlen=96: 10244 braids
    projlen=97: 75609 braids
    projlen=98: 50573 braids
    projlen=99: 268389 braids
    projlen=100: 185398 braids
    projlen=101: 356212 braids
    projlen=102: 187504 braids
    projlen=103: 345009 braids
    projlen=104: 189489 braids
    projlen=105: 333151 braids
    projlen=106: 202427 braids
    projlen=107: 320954 braids
    projlen=108: 217665 braids
    projlen=109: 310669 braids
    projlen=110: 228447 braids
    projlen=111: 305046 braids
    projlen=112: 237035 braids
    projlen=113: 299711 braids
    projlen=114: 244309 braids
    projlen=115: 293481 braids
    projlen=116: 248296 braids
    projlen=117: 268431 braids
    projlen=118: 94348 braids
  Braids kept: 1126619 (in 31 buckets, 2.91 GB CPU)
  ⚡ Timing: matmul=0.16s, sampling=8.67s, total=13.15s
============================================================
Level 163 - SAMPLING
============================================================
  Starting braids: 976619
  Candidates to generate: 5258129
  Processing in 53 chunks...
  Projlen distribution:
    projlen=89: 3 braids
    projlen=90: 4 braids
    projlen=91: 36 braids
    projlen=92: 62 braids
    projlen=93: 532 braids
    projlen=94: 585 braids
    projlen=95: 7862 braids
    projlen=96: 6437 braids
    projlen=97: 70200 braids
    projlen=98: 48460 braids
    projlen=99: 269918 braids
    projlen=100: 180216 braids
    projlen=101: 358359 braids
    projlen=102: 184193 braids
    projlen=103: 349733 braids
    projlen=104: 181094 braids
    projlen=105: 340105 braids
    projlen=106: 193993 braids
    projlen=107: 326235 braids
    projlen=108: 210586 braids
    projlen=109: 313892 braids
    projlen=110: 224771 braids
    projlen=111: 304635 braids
    projlen=112: 236445 braids
    projlen=113: 300083 braids
    projlen=114: 243668 braids
    projlen=115: 294597 braids
    projlen=116: 247623 braids
    projlen=117: 269794 braids
    projlen=118: 94008 braids
  Braids kept: 1113981 (in 30 buckets, 2.88 GB CPU)
  ⚡ Timing: matmul=0.15s, sampling=8.61s, total=13.06s
============================================================
Level 164 - SAMPLING
============================================================
  Starting braids: 963981
  Candidates to generate: 5177719
  Processing in 52 chunks...
  Projlen distribution:
    projlen=91: 32 braids
    projlen=92: 49 braids
    projlen=93: 369 braids
    projlen=94: 428 braids
    projlen=95: 3776 braids
    projlen=96: 3336 braids
    projlen=97: 41748 braids
    projlen=98: 30557 braids
    projlen=99: 259713 braids
    projlen=100: 176783 braids
    projlen=101: 357131 braids
    projlen=102: 179137 braids
    projlen=103: 352252 braids
    projlen=104: 176889 braids
    projlen=105: 344149 braids
    projlen=106: 183323 braids
    projlen=107: 333221 braids
    projlen=108: 200693 braids
    projlen=109: 320585 braids
    projlen=110: 218969 braids
    projlen=111: 309237 braids
    projlen=112: 232628 braids
    projlen=113: 301497 braids
    projlen=114: 244360 braids
    projlen=115: 295385 braids
    projlen=116: 247277 braids
    projlen=117: 270356 braids
    projlen=118: 93839 braids
  Braids kept: 1080295 (in 28 buckets, 2.81 GB CPU)
  ⚡ Timing: matmul=0.16s, sampling=8.38s, total=12.78s
============================================================
Level 165 - SAMPLING
============================================================
  Starting braids: 980295
  Candidates to generate: 5246149
  Processing in 53 chunks...
  Projlen distribution:
    projlen=91: 3 braids
    projlen=92: 11 braids
    projlen=93: 276 braids
    projlen=94: 325 braids
    projlen=95: 2720 braids
    projlen=96: 2387 braids
    projlen=97: 22329 braids
    projlen=98: 17033 braids
    projlen=99: 203475 braids
    projlen=100: 133451 braids
    projlen=101: 315654 braids
    projlen=102: 178495 braids
    projlen=103: 354544 braids
    projlen=104: 170727 braids
    projlen=105: 346990 braids
    projlen=106: 177818 braids
    projlen=107: 338050 braids
    projlen=108: 189207 braids
    projlen=109: 326420 braids
    projlen=110: 208226 braids
    projlen=111: 314660 braids
    projlen=112: 226110 braids
    projlen=113: 303485 braids
    projlen=114: 239427 braids
    projlen=115: 296313 braids
    projlen=116: 248514 braids
    projlen=117: 286766 braids
    projlen=118: 239753 braids
    projlen=119: 102980 braids
  Braids kept: 1095084 (in 29 buckets, 2.87 GB CPU)
  ⚡ Timing: matmul=0.14s, sampling=8.56s, total=13.02s
============================================================
Level 166 - SAMPLING
============================================================
  Starting braids: 995084
  Candidates to generate: 5317388
  Processing in 54 chunks...
  Projlen distribution:
    projlen=92: 3 braids
    projlen=93: 73 braids
    projlen=94: 123 braids
    projlen=95: 1977 braids
    projlen=96: 1923 braids
    projlen=97: 16261 braids
    projlen=98: 12365 braids
    projlen=99: 111499 braids
    projlen=100: 73933 braids
    projlen=101: 283084 braids
    projlen=102: 179223 braids
    projlen=103: 358988 braids
    projlen=104: 171516 braids
    projlen=105: 351011 braids
    projlen=106: 170241 braids
    projlen=107: 341740 braids
    projlen=108: 182052 braids
    projlen=109: 332357 braids
    projlen=110: 197242 braids
    projlen=111: 320807 braids
    projlen=112: 216011 braids
    projlen=113: 309449 braids
    projlen=114: 233725 braids
    projlen=115: 299507 braids
    projlen=116: 246215 braids
    projlen=117: 291989 braids
    projlen=118: 250894 braids
    projlen=119: 268049 braids
    projlen=120: 95131 braids
  Braids kept: 1132725 (in 29 buckets, 2.98 GB CPU)
  ⚡ Timing: matmul=0.14s, sampling=8.98s, total=13.59s
============================================================
Level 167 - SAMPLING
============================================================
  Starting braids: 982725
  Candidates to generate: 5237885
  Processing in 53 chunks...
  Projlen distribution:
    projlen=92: 3 braids
    projlen=93: 17 braids
    projlen=94: 49 braids
    projlen=95: 733 braids
    projlen=96: 849 braids
    projlen=97: 11988 braids
    projlen=98: 9947 braids
    projlen=99: 81762 braids
    projlen=100: 55173 braids
    projlen=101: 272369 braids
    projlen=102: 179806 braids
    projlen=103: 359159 braids
    projlen=104: 174445 braids
    projlen=105: 354094 braids
    projlen=106: 167041 braids
    projlen=107: 346115 braids
    projlen=108: 173131 braids
    projlen=109: 337230 braids
    projlen=110: 188345 braids
    projlen=111: 327701 braids
    projlen=112: 206369 braids
    projlen=113: 316150 braids
    projlen=114: 223377 braids
    projlen=115: 304825 braids
    projlen=116: 241031 braids
    projlen=117: 295387 braids
    projlen=118: 248239 braids
    projlen=119: 268291 braids
    projlen=120: 94259 braids
  Braids kept: 1123586 (in 29 buckets, 2.96 GB CPU)
  ⚡ Timing: matmul=0.14s, sampling=8.84s, total=13.37s
============================================================
Level 168 - SAMPLING
============================================================
  Starting braids: 973586
  Candidates to generate: 5174176
  Processing in 52 chunks...
  Projlen distribution:
    projlen=92: 1 braids
    projlen=93: 12 braids
    projlen=94: 26 braids
    projlen=95: 300 braids
    projlen=96: 414 braids
    projlen=97: 5216 braids
    projlen=98: 4708 braids
    projlen=99: 61607 braids
    projlen=100: 45327 braids
    projlen=101: 265132 braids
    projlen=102: 179180 braids
    projlen=103: 358841 braids
    projlen=104: 177765 braids
    projlen=105: 354373 braids
    projlen=106: 167105 braids
    projlen=107: 348885 braids
    projlen=108: 167434 braids
    projlen=109: 341634 braids
    projlen=110: 178184 braids
    projlen=111: 332651 braids
    projlen=112: 195577 braids
    projlen=113: 323356 braids
    projlen=114: 215426 braids
    projlen=115: 311657 braids
    projlen=116: 231766 braids
    projlen=117: 300084 braids
    projlen=118: 243390 braids
    projlen=119: 271032 braids
    projlen=120: 93093 braids
  Braids kept: 1106004 (in 29 buckets, 2.93 GB CPU)
  ⚡ Timing: matmul=0.15s, sampling=8.65s, total=13.13s
============================================================
Level 169 - SAMPLING
============================================================
  Starting braids: 956004
  Candidates to generate: 5067618
  Processing in 51 chunks...
  Projlen distribution:
    projlen=93: 9 braids
    projlen=94: 16 braids
    projlen=95: 194 braids
    projlen=96: 250 braids
    projlen=97: 2401 braids
    projlen=98: 2571 braids
    projlen=99: 29202 braids
    projlen=100: 23029 braids
    projlen=101: 250948 braids
    projlen=102: 175213 braids
    projlen=103: 346510 braids
    projlen=104: 179190 braids
    projlen=105: 354250 braids
    projlen=106: 169555 braids
    projlen=107: 349497 braids
    projlen=108: 166545 braids
    projlen=109: 343998 braids
    projlen=110: 170734 braids
    projlen=111: 337463 braids
    projlen=112: 184372 braids
    projlen=113: 327717 braids
    projlen=114: 204206 braids
    projlen=115: 317403 braids
    projlen=116: 222621 braids
    projlen=117: 306084 braids
    projlen=118: 235513 braids
    projlen=119: 275745 braids
    projlen=120: 92382 braids
  Braids kept: 1057672 (in 28 buckets, 2.81 GB CPU)
  ⚡ Timing: matmul=0.15s, sampling=8.45s, total=12.83s
============================================================
Level 170 - SAMPLING
============================================================
  Starting braids: 957672
  Candidates to generate: 5061908
  Processing in 51 chunks...
  Projlen distribution:
    projlen=93: 6 braids
    projlen=94: 10 braids
    projlen=95: 114 braids
    projlen=96: 142 braids
    projlen=97: 1486 braids
    projlen=98: 1585 braids
    projlen=99: 15001 braids
    projlen=100: 13338 braids
    projlen=101: 144456 braids
    projlen=102: 97936 braids
    projlen=103: 294235 braids
    projlen=104: 182535 braids
    projlen=105: 354660 braids
    projlen=106: 171872 braids
    projlen=107: 350042 braids
    projlen=108: 168653 braids
    projlen=109: 344426 braids
    projlen=110: 170040 braids
    projlen=111: 340536 braids
    projlen=112: 176500 braids
    projlen=113: 333032 braids
    projlen=114: 191914 braids
    projlen=115: 323315 braids
    projlen=116: 212329 braids
    projlen=117: 311295 braids
    projlen=118: 229865 braids
    projlen=119: 298446 braids
    projlen=120: 229203 braids
    projlen=121: 104936 braids
  Braids kept: 1081682 (in 29 buckets, 2.89 GB CPU)
  ⚡ Timing: matmul=0.15s, sampling=8.60s, total=12.99s
============================================================
Level 171 - SAMPLING
============================================================
  Starting braids: 981682
  Candidates to generate: 5194080
  Processing in 52 chunks...
  Projlen distribution:
    projlen=93: 3 braids
    projlen=94: 7 braids
    projlen=95: 57 braids
    projlen=96: 79 braids
    projlen=97: 936 braids
    projlen=98: 983 braids
    projlen=99: 9569 braids
    projlen=100: 8586 braids
    projlen=101: 77621 braids
    projlen=102: 57272 braids
    projlen=103: 273058 braids
    projlen=104: 181696 braids
    projlen=105: 357144 braids
    projlen=106: 177437 braids
    projlen=107: 349519 braids
    projlen=108: 170248 braids
    projlen=109: 343850 braids
    projlen=110: 171703 braids
    projlen=111: 340674 braids
    projlen=112: 176482 braids
    projlen=113: 336355 braids
    projlen=114: 183403 braids
    projlen=115: 329143 braids
    projlen=116: 200233 braids
    projlen=117: 317935 braids
    projlen=118: 220604 braids
    projlen=119: 305134 braids
    projlen=120: 234822 braids
    projlen=121: 276897 braids
    projlen=122: 92630 braids
  Braids kept: 1120220 (in 30 buckets, 3.01 GB CPU)
  ⚡ Timing: matmul=0.16s, sampling=8.92s, total=13.43s
============================================================
Level 172 - SAMPLING
============================================================
  Starting braids: 970220
  Candidates to generate: 5133092
  Processing in 52 chunks...
  Projlen distribution:
    projlen=95: 42 braids
    projlen=96: 68 braids
    projlen=97: 479 braids
    projlen=98: 547 braids
    projlen=99: 6337 braids
    projlen=100: 5567 braids
    projlen=101: 51692 braids
    projlen=102: 39497 braids
    projlen=103: 262450 braids
    projlen=104: 188612 braids
    projlen=105: 357008 braids
    projlen=106: 179065 braids
    projlen=107: 351361 braids
    projlen=108: 171678 braids
    projlen=109: 344849 braids
    projlen=110: 173712 braids
    projlen=111: 338642 braids
    projlen=112: 177068 braids
    projlen=113: 335360 braids
    projlen=114: 184394 braids
    projlen=115: 332028 braids
    projlen=116: 192181 braids
    projlen=117: 324124 braids
    projlen=118: 208848 braids
    projlen=119: 312134 braids
    projlen=120: 225079 braids
    projlen=121: 279958 braids
    projlen=122: 90312 braids
  Braids kept: 1102537 (in 28 buckets, 2.97 GB CPU)
  ⚡ Timing: matmul=0.14s, sampling=8.70s, total=13.17s
============================================================
Level 173 - SAMPLING
============================================================
  Starting braids: 952537
  Candidates to generate: 5050669
  Processing in 51 chunks...
  Projlen distribution:
    projlen=94: 1 braids
    projlen=95: 4 braids
    projlen=96: 20 braids
    projlen=97: 386 braids
    projlen=98: 438 braids
    projlen=99: 3424 braids
    projlen=100: 3221 braids
    projlen=101: 36068 braids
    projlen=102: 27713 braids
    projlen=103: 247362 braids
    projlen=104: 169484 braids
    projlen=105: 331038 braids
    projlen=106: 188240 braids
    projlen=107: 351416 braids
    projlen=108: 171654 braids
    projlen=109: 345626 braids
    projlen=110: 172827 braids
    projlen=111: 339800 braids
    projlen=112: 179261 braids
    projlen=113: 335177 braids
    projlen=114: 185191 braids
    projlen=115: 331567 braids
    projlen=116: 192562 braids
    projlen=117: 326146 braids
    projlen=118: 202031 braids
    projlen=119: 318184 braids
    projlen=120: 216412 braids
    projlen=121: 286410 braids
    projlen=122: 89006 braids
  Braids kept: 1071275 (in 29 buckets, 2.90 GB CPU)
  ⚡ Timing: matmul=0.15s, sampling=8.52s, total=12.93s
============================================================
Level 174 - SAMPLING
============================================================
  Starting braids: 971275
  Candidates to generate: 5143353
  Processing in 52 chunks...
  Projlen distribution:
    projlen=94: 1 braids
    projlen=95: 2 braids
    projlen=96: 7 braids
    projlen=97: 138 braids
    projlen=98: 199 braids
    projlen=99: 2674 braids
    projlen=100: 2543 braids
    projlen=101: 20808 braids
    projlen=102: 16728 braids
    projlen=103: 177606 braids
    projlen=104: 119324 braids
    projlen=105: 306158 braids
    projlen=106: 187557 braids
    projlen=107: 352406 braids
    projlen=108: 183068 braids
    projlen=109: 346004 braids
    projlen=110: 172852 braids
    projlen=111: 341086 braids
    projlen=112: 178104 braids
    projlen=113: 334866 braids
    projlen=114: 186212 braids
    projlen=115: 329711 braids
    projlen=116: 193662 braids
    projlen=117: 325780 braids
    projlen=118: 202055 braids
    projlen=119: 321022 braids
    projlen=120: 211437 braids
    projlen=121: 308831 braids
    projlen=122: 214247 braids
    projlen=123: 108265 braids
  Braids kept: 1093100 (in 30 buckets, 2.98 GB CPU)
  ⚡ Timing: matmul=0.14s, sampling=8.83s, total=13.31s
============================================================
Level 175 - SAMPLING
============================================================
  Starting braids: 993100
  Candidates to generate: 5274084
  Processing in 53 chunks...
  Projlen distribution:
    projlen=95: 3 braids
    projlen=96: 8 braids
    projlen=97: 73 braids
    projlen=98: 101 braids
    projlen=99: 1256 braids
    projlen=100: 1332 braids
    projlen=101: 16049 braids
    projlen=102: 12888 braids
    projlen=103: 104851 braids
    projlen=104: 72249 braids
    projlen=105: 281542 braids
    projlen=106: 181557 braids
    projlen=107: 355797 braids
    projlen=108: 181406 braids
    projlen=109: 345375 braids
    projlen=110: 181986 braids
    projlen=111: 339605 braids
    projlen=112: 178639 braids
    projlen=113: 336333 braids
    projlen=114: 185489 braids
    projlen=115: 331593 braids
    projlen=116: 195654 braids
    projlen=117: 326193 braids
    projlen=118: 204430 braids
    projlen=119: 320173 braids
    projlen=120: 211947 braids
    projlen=121: 313743 braids
    projlen=122: 220095 braids
    projlen=123: 284082 braids
    projlen=124: 89635 braids
  Braids kept: 1131710 (in 30 buckets, 3.10 GB CPU)
  ⚡ Timing: matmul=0.19s, sampling=9.21s, total=13.91s
============================================================
Level 176 - SAMPLING
============================================================
  Starting braids: 981710
  Candidates to generate: 5216040
  Processing in 53 chunks...
  Projlen distribution:
    projlen=95: 1 braids
    projlen=96: 2 braids
    projlen=97: 63 braids
    projlen=98: 82 braids
    projlen=99: 652 braids
    projlen=100: 814 braids
    projlen=101: 8536 braids
    projlen=102: 7338 braids
    projlen=103: 80754 braids
    projlen=104: 56769 braids
    projlen=105: 272045 braids
    projlen=106: 183312 braids
    projlen=107: 357636 braids
    projlen=108: 177736 braids
    projlen=109: 350176 braids
    projlen=110: 178084 braids
    projlen=111: 339534 braids
    projlen=112: 187201 braids
    projlen=113: 332488 braids
    projlen=114: 187072 braids
    projlen=115: 331182 braids
    projlen=116: 193686 braids
    projlen=117: 325538 braids
    projlen=118: 205400 braids
    projlen=119: 320373 braids
    projlen=120: 214006 braids
    projlen=121: 312742 braids
    projlen=122: 218977 braids
    projlen=123: 284953 braids
    projlen=124: 88888 braids
  Braids kept: 1117488 (in 30 buckets, 3.07 GB CPU)
  ⚡ Timing: matmul=0.14s, sampling=9.14s, total=13.73s
============================================================
Level 177 - SAMPLING
============================================================
  Starting braids: 967488
  Candidates to generate: 5145560
  Processing in 52 chunks...
  Projlen distribution:
    projlen=95: 7 braids
    projlen=96: 4 braids
    projlen=97: 30 braids
    projlen=98: 35 braids
    projlen=99: 494 braids
    projlen=100: 536 braids
    projlen=101: 4780 braids
    projlen=102: 4613 braids
    projlen=103: 46524 braids
    projlen=104: 34343 braids
    projlen=105: 260705 braids
    projlen=106: 180793 braids
    projlen=107: 357935 braids
    projlen=108: 181900 braids
    projlen=109: 351574 braids
    projlen=110: 170484 braids
    projlen=111: 346006 braids
    projlen=112: 181376 braids
    projlen=113: 334590 braids
    projlen=114: 193610 braids
    projlen=115: 327131 braids
    projlen=116: 196900 braids
    projlen=117: 325752 braids
    projlen=118: 202985 braids
    projlen=119: 320131 braids
    projlen=120: 215481 braids
    projlen=121: 312594 braids
    projlen=122: 221126 braids
    projlen=123: 284271 braids
    projlen=124: 88850 braids
  Braids kept: 1091366 (in 30 buckets, 3.01 GB CPU)
  ⚡ Timing: matmul=0.15s, sampling=8.87s, total=13.43s
============================================================
Level 178 - SAMPLING
============================================================
  Starting braids: 991366
  Candidates to generate: 5275108
  Processing in 53 chunks...
  Projlen distribution:
    projlen=96: 2 braids
    projlen=97: 42 braids
    projlen=98: 39 braids
    projlen=99: 264 braids
    projlen=100: 278 braids
    projlen=101: 3377 braids
    projlen=102: 3184 braids
    projlen=103: 28283 braids
    projlen=104: 23493 braids
    projlen=105: 229510 braids
    projlen=106: 150978 braids
    projlen=107: 322547 braids
    projlen=108: 180196 braids
    projlen=109: 352883 braids
    projlen=110: 173617 braids
    projlen=111: 345903 braids
    projlen=112: 171723 braids
    projlen=113: 339696 braids
    projlen=114: 185936 braids
    projlen=115: 329970 braids
    projlen=116: 203828 braids
    projlen=117: 321943 braids
    projlen=118: 207921 braids
    projlen=119: 318404 braids
    projlen=120: 212409 braids
    projlen=121: 314228 braids
    projlen=122: 223836 braids
    projlen=123: 303407 braids
    projlen=124: 220255 braids
    projlen=125: 106956 braids
  Braids kept: 1108962 (in 30 buckets, 3.08 GB CPU)
  ⚡ Timing: matmul=0.16s, sampling=9.18s, total=13.90s
============================================================
Level 179 - SAMPLING
============================================================
  Starting braids: 958962
  Candidates to generate: 5094684
  Processing in 51 chunks...
  Projlen distribution:
    projlen=95: 1 braids
    projlen=96: 1 braids
    projlen=97: 7 braids
    projlen=98: 18 braids
    projlen=99: 283 braids
    projlen=100: 284 braids
    projlen=101: 1915 braids
    projlen=102: 1767 braids
    projlen=103: 20309 braids
    projlen=104: 16625 braids
    projlen=105: 143357 braids
    projlen=106: 101054 braids
    projlen=107: 298335 braids
    projlen=108: 181711 braids
    projlen=109: 356385 braids
    projlen=110: 172982 braids
    projlen=111: 347834 braids
    projlen=112: 173249 braids
    projlen=113: 341275 braids
    projlen=114: 176818 braids
    projlen=115: 333891 braids
    projlen=116: 192154 braids
    projlen=117: 324223 braids
    projlen=118: 212847 braids
    projlen=119: 314340 braids
    projlen=120: 219085 braids
    projlen=121: 311846 braids
    projlen=122: 221739 braids
    projlen=123: 304254 braids
    projlen=124: 220113 braids
    projlen=125: 105982 braids
  Braids kept: 1091210 (in 31 buckets, 3.04 GB CPU)
  ⚡ Timing: matmul=0.16s, sampling=8.94s, total=13.47s
============================================================
Level 180 - SAMPLING
============================================================
  Starting braids: 991210
  Candidates to generate: 5281990
  Processing in 53 chunks...
  Projlen distribution:
    projlen=95: 7 braids
    projlen=96: 4 braids
    projlen=97: 13 braids
    projlen=98: 10 braids
    projlen=99: 104 braids
    projlen=100: 137 braids
    projlen=101: 1827 braids
    projlen=102: 1685 braids
    projlen=103: 12134 braids
    projlen=104: 9508 braids
    projlen=105: 104538 braids
    projlen=106: 73257 braids
    projlen=107: 281776 braids
    projlen=108: 187699 braids
    projlen=109: 357178 braids
    projlen=110: 176612 braids
    projlen=111: 351732 braids
    projlen=112: 169837 braids
    projlen=113: 343208 braids
    projlen=114: 177551 braids
    projlen=115: 336641 braids
    projlen=116: 184132 braids
    projlen=117: 329289 braids
    projlen=118: 200011 braids
    projlen=119: 318817 braids
    projlen=120: 220857 braids
    projlen=121: 309677 braids
    projlen=122: 228911 braids
    projlen=123: 304345 braids
    projlen=124: 229607 braids
    projlen=125: 280005 braids
    projlen=126: 90881 braids
  Braids kept: 1125429 (in 32 buckets, 3.15 GB CPU)
  ⚡ Timing: matmul=0.20s, sampling=9.35s, total=14.12s
============================================================
Level 181 - SAMPLING
============================================================
  Starting braids: 975429
  Candidates to generate: 5200021
  Processing in 53 chunks...
  Projlen distribution:
    projlen=94: 1 braids
    projlen=95: 3 braids
    projlen=96: 3 braids
    projlen=97: 41 braids
    projlen=98: 31 braids
    projlen=99: 97 braids
    projlen=100: 82 braids
    projlen=101: 882 braids
    projlen=102: 886 braids
    projlen=103: 11009 braids
    projlen=104: 8784 braids
    projlen=105: 64265 braids
    projlen=106: 43104 braids
    projlen=107: 268925 braids
    projlen=108: 184260 braids
    projlen=109: 358407 braids
    projlen=110: 184666 braids
    projlen=111: 351308 braids
    projlen=112: 172238 braids
    projlen=113: 346332 braids
    projlen=114: 171765 braids
    projlen=115: 338931 braids
    projlen=116: 184319 braids
    projlen=117: 332023 braids
    projlen=118: 192964 braids
    projlen=119: 325361 braids
    projlen=120: 208847 braids
    projlen=121: 313517 braids
    projlen=122: 228736 braids
    projlen=123: 303411 braids
    projlen=124: 235368 braids
    projlen=125: 277931 braids
    projlen=126: 91524 braids
  Braids kept: 1114923 (in 33 buckets, 3.13 GB CPU)
  ⚡ Timing: matmul=0.13s, sampling=9.20s, total=13.84s
============================================================
Level 182 - SAMPLING
============================================================
  Starting braids: 964923
  Candidates to generate: 5136729
  Processing in 52 chunks...
  Projlen distribution:
    projlen=95: 4 braids
    projlen=96: 3 braids
    projlen=97: 25 braids
    projlen=98: 13 braids
    projlen=99: 223 braids
    projlen=100: 159 braids
    projlen=101: 708 braids
    projlen=102: 584 braids
    projlen=103: 5922 braids
    projlen=104: 5003 braids
    projlen=105: 58251 braids
    projlen=106: 41613 braids
    projlen=107: 260987 braids
    projlen=108: 167116 braids
    projlen=109: 346200 braids
    projlen=110: 181557 braids
    projlen=111: 353302 braids
    projlen=112: 178120 braids
    projlen=113: 345604 braids
    projlen=114: 174626 braids
    projlen=115: 340668 braids
    projlen=116: 177125 braids
    projlen=117: 333607 braids
    projlen=118: 191451 braids
    projlen=119: 325564 braids
    projlen=120: 202321 braids
    projlen=121: 319517 braids
    projlen=122: 217367 braids
    projlen=123: 308429 braids
    projlen=124: 232244 braids
    projlen=125: 276737 braids
    projlen=126: 91679 braids
  Braids kept: 1104257 (in 32 buckets, 3.10 GB CPU)
  ⚡ Timing: matmul=0.12s, sampling=9.17s, total=13.75s
============================================================
Level 183 - SAMPLING
============================================================
  Starting braids: 954257
  Candidates to generate: 5070557
  Processing in 51 chunks...
  Projlen distribution:
    projlen=95: 3 braids
    projlen=96: 3 braids
    projlen=97: 19 braids
    projlen=98: 19 braids
    projlen=99: 127 braids
    projlen=100: 93 braids
    projlen=101: 1162 braids
    projlen=102: 880 braids
    projlen=103: 4520 braids
    projlen=104: 3461 braids
    projlen=105: 33705 braids
    projlen=106: 24823 braids
    projlen=107: 250292 braids
    projlen=108: 167375 braids
    projlen=109: 342684 braids
    projlen=110: 176716 braids
    projlen=111: 356271 braids
    projlen=112: 172144 braids
    projlen=113: 346445 braids
    projlen=114: 179540 braids
    projlen=115: 339225 braids
    projlen=116: 180911 braids
    projlen=117: 334767 braids
    projlen=118: 184351 braids
    projlen=119: 329530 braids
    projlen=120: 199119 braids
    projlen=121: 320449 braids
    projlen=122: 212505 braids
    projlen=123: 313216 braids
    projlen=124: 223707 braids
    projlen=125: 282298 braids
    projlen=126: 90197 braids
  Braids kept: 1068815 (in 32 buckets, 3.01 GB CPU)
  ⚡ Timing: matmul=0.15s, sampling=8.92s, total=13.46s
============================================================
Level 184 - SAMPLING
============================================================
  Starting braids: 968815
  Candidates to generate: 5133695
  Processing in 52 chunks...
  Projlen distribution:
    projlen=97: 19 braids
    projlen=98: 16 braids
    projlen=99: 107 braids
    projlen=100: 83 braids
    projlen=101: 678 braids
    projlen=102: 536 braids
    projlen=103: 6218 braids
    projlen=104: 4551 braids
    projlen=105: 26415 braids
    projlen=106: 18073 braids
    projlen=107: 167934 braids
    projlen=108: 107742 braids
    projlen=109: 302170 braids
    projlen=110: 179426 braids
    projlen=111: 357313 braids
    projlen=112: 167773 braids
    projlen=113: 351949 braids
    projlen=114: 170465 braids
    projlen=115: 340111 braids
    projlen=116: 183357 braids
    projlen=117: 333867 braids
    projlen=118: 189679 braids
    projlen=119: 330528 braids
    projlen=120: 193647 braids
    projlen=121: 323926 braids
    projlen=122: 207880 braids
    projlen=123: 315765 braids
    projlen=124: 221093 braids
    projlen=125: 303509 braids
    projlen=126: 221787 braids
    projlen=127: 107078 braids
  Braids kept: 1106696 (in 31 buckets, 3.14 GB CPU)
  ⚡ Timing: matmul=0.14s, sampling=9.19s, total=13.79s
============================================================
Level 185 - SAMPLING
============================================================
  Starting braids: 956696
  Candidates to generate: 5064618
  Processing in 51 chunks...
  Projlen distribution:
    projlen=99: 101 braids
    projlen=100: 82 braids
    projlen=101: 594 braids
    projlen=102: 417 braids
    projlen=103: 3756 braids
    projlen=104: 3046 braids
    projlen=105: 32616 braids
    projlen=106: 22631 braids
    projlen=107: 134340 braids
    projlen=108: 81376 braids
    projlen=109: 287763 braids
    projlen=110: 177040 braids
    projlen=111: 360878 braids
    projlen=112: 173283 braids
    projlen=113: 353081 braids
    projlen=114: 165012 braids
    projlen=115: 345765 braids
    projlen=116: 172749 braids
    projlen=117: 335877 braids
    projlen=118: 190763 braids
    projlen=119: 328109 braids
    projlen=120: 199276 braids
    projlen=121: 325082 braids
    projlen=122: 204189 braids
    projlen=123: 319318 braids
    projlen=124: 216142 braids
    projlen=125: 306165 braids
    projlen=126: 218294 braids
    projlen=127: 106873 braids
  Braids kept: 1113243 (in 29 buckets, 3.16 GB CPU)
  ⚡ Timing: matmul=0.15s, sampling=9.08s, total=13.62s
============================================================
Level 186 - SAMPLING
============================================================
  Starting braids: 963243
  Candidates to generate: 5092547
  Processing in 51 chunks...
  Projlen distribution:
    projlen=100: 4 braids
    projlen=101: 530 braids
    projlen=102: 421 braids
    projlen=103: 3211 braids
    projlen=104: 2273 braids
    projlen=105: 20491 braids
    projlen=106: 15586 braids
    projlen=107: 158244 braids
    projlen=108: 101787 braids
    projlen=109: 298141 braids
    projlen=110: 173826 braids
    projlen=111: 361480 braids
    projlen=112: 171440 braids
    projlen=113: 355557 braids
    projlen=114: 166925 braids
    projlen=115: 349281 braids
    projlen=116: 166270 braids
    projlen=117: 343223 braids
    projlen=118: 177632 braids
    projlen=119: 332281 braids
    projlen=120: 198974 braids
    projlen=121: 322501 braids
    projlen=122: 208983 braids
    projlen=123: 318183 braids
    projlen=124: 214449 braids
    projlen=125: 309234 braids
    projlen=126: 214019 braids
    projlen=127: 107601 braids
  Braids kept: 1092516 (in 28 buckets, 3.11 GB CPU)
  ⚡ Timing: matmul=0.16s, sampling=9.04s, total=13.63s
============================================================
Level 187 - SAMPLING
============================================================
  Starting braids: 992516
  Candidates to generate: 5242124
  Processing in 53 chunks...
  Projlen distribution:
    projlen=100: 2 braids
    projlen=101: 20 braids
    projlen=102: 51 braids
    projlen=103: 2759 braids
    projlen=104: 2164 braids
    projlen=105: 17193 braids
    projlen=106: 11625 braids
    projlen=107: 101827 braids
    projlen=108: 69959 braids
    projlen=109: 279865 braids
    projlen=110: 175960 braids
    projlen=111: 361483 braids
    projlen=112: 168873 braids
    projlen=113: 357659 braids
    projlen=114: 163095 braids
    projlen=115: 350816 braids
    projlen=116: 166372 braids
    projlen=117: 344657 braids
    projlen=118: 169108 braids
    projlen=119: 338199 braids
    projlen=120: 182983 braids
    projlen=121: 328171 braids
    projlen=122: 206775 braids
    projlen=123: 316894 braids
    projlen=124: 219237 braids
    projlen=125: 309955 braids
    projlen=126: 222180 braids
    projlen=127: 284298 braids
    projlen=128: 89944 braids
  Braids kept: 1133814 (in 29 buckets, 3.24 GB CPU)
  ⚡ Timing: matmul=0.15s, sampling=9.51s, total=14.21s
============================================================
Level 188 - SAMPLING
============================================================
  Starting braids: 983814
  Candidates to generate: 5183288
  Processing in 52 chunks...
  Projlen distribution:
    projlen=100: 2 braids
    projlen=101: 12 braids
    projlen=102: 24 braids
    projlen=103: 276 braids
    projlen=104: 382 braids
    projlen=105: 14329 braids
    projlen=106: 10533 braids
    projlen=107: 85538 braids
    projlen=108: 53619 braids
    projlen=109: 270046 braids
    projlen=110: 184981 braids
    projlen=111: 359530 braids
    projlen=112: 172902 braids
    projlen=113: 356284 braids
    projlen=114: 160601 braids
    projlen=115: 352966 braids
    projlen=116: 160778 braids
    projlen=117: 347026 braids
    projlen=118: 168848 braids
    projlen=119: 341772 braids
    projlen=120: 175338 braids
    projlen=121: 334155 braids
    projlen=122: 189896 braids
    projlen=123: 322389 braids
    projlen=124: 213551 braids
    projlen=125: 310460 braids
    projlen=126: 225510 braids
    projlen=127: 281691 braids
    projlen=128: 89849 braids
  Braids kept: 1125558 (in 29 buckets, 3.23 GB CPU)
  ⚡ Timing: matmul=0.19s, sampling=9.44s, total=14.15s
============================================================
Level 189 - SAMPLING
============================================================
  Starting braids: 975558
  Candidates to generate: 5120746
  Processing in 52 chunks...
  Projlen distribution:
    projlen=100: 1 braids
    projlen=101: 7 braids
    projlen=102: 23 braids
    projlen=103: 157 braids
    projlen=104: 195 braids
    projlen=105: 2324 braids
    projlen=106: 2396 braids
    projlen=107: 70057 braids
    projlen=108: 47993 braids
    projlen=109: 269430 braids
    projlen=110: 172457 braids
    projlen=111: 358628 braids
    projlen=112: 183739 braids
    projlen=113: 353172 braids
    projlen=114: 165838 braids
    projlen=115: 352142 braids
    projlen=116: 158550 braids
    projlen=117: 350060 braids
    projlen=118: 161565 braids
    projlen=119: 343521 braids
    projlen=120: 172651 braids
    projlen=121: 336507 braids
    projlen=122: 181564 braids
    projlen=123: 329511 braids
    projlen=124: 198479 braids
    projlen=125: 317896 braids
    projlen=126: 219015 braids
    projlen=127: 283286 braids
    projlen=128: 89582 braids
  Braids kept: 1103096 (in 29 buckets, 3.17 GB CPU)
  ⚡ Timing: matmul=0.16s, sampling=9.26s, total=13.92s
============================================================
Level 190 - SAMPLING
============================================================
  Starting braids: 953096
  Candidates to generate: 4992656
  Processing in 50 chunks...
  Projlen distribution:
    projlen=101: 3 braids
    projlen=102: 8 braids
    projlen=103: 123 braids
    projlen=104: 150 braids
    projlen=105: 1283 braids
    projlen=106: 1262 braids
    projlen=107: 14691 braids
    projlen=108: 12088 braids
    projlen=109: 249550 braids
    projlen=110: 172266 braids
    projlen=111: 357011 braids
    projlen=112: 171001 braids
    projlen=113: 354856 braids
    projlen=114: 176307 braids
    projlen=115: 348621 braids
    projlen=116: 166286 braids
    projlen=117: 348125 braids
    projlen=118: 159337 braids
    projlen=119: 347088 braids
    projlen=120: 163677 braids
    projlen=121: 340484 braids
    projlen=122: 178281 braids
    projlen=123: 331863 braids
    projlen=124: 190300 braids
    projlen=125: 324327 braids
    projlen=126: 205737 braids
    projlen=127: 290483 braids
    projlen=128: 87448 braids
  Braids kept: 1029608 (in 28 buckets, 2.98 GB CPU)
  ⚡ Timing: matmul=0.16s, sampling=8.86s, total=13.38s
============================================================
Level 191 - SAMPLING
============================================================
  Starting braids: 979608
  Candidates to generate: 5127142
  Processing in 52 chunks...
  Projlen distribution:
    projlen=103: 62 braids
    projlen=104: 78 braids
    projlen=105: 976 braids
    projlen=106: 933 braids
    projlen=107: 8560 braids
    projlen=108: 6981 braids
    projlen=109: 77146 braids
    projlen=110: 51415 braids
    projlen=111: 272896 braids
    projlen=112: 174673 braids
    projlen=113: 358357 braids
    projlen=114: 160967 braids
    projlen=115: 350195 braids
    projlen=116: 175670 braids
    projlen=117: 342845 braids
    projlen=118: 170547 braids
    projlen=119: 344923 braids
    projlen=120: 162081 braids
    projlen=121: 344703 braids
    projlen=122: 166802 braids
    projlen=123: 337199 braids
    projlen=124: 185026 braids
    projlen=125: 326552 braids
    projlen=126: 199095 braids
    projlen=127: 318349 braids
    projlen=128: 214823 braids
    projlen=129: 286143 braids
    projlen=130: 89145 braids
  Braids kept: 1117590 (in 28 buckets, 3.26 GB CPU)
  ⚡ Timing: matmul=0.29s, sampling=9.42s, total=16.10s
============================================================
Level 192 - SAMPLING
============================================================
  Starting braids: 967590
  Candidates to generate: 5075564
  Processing in 51 chunks...
  Projlen distribution:
    projlen=103: 12 braids
    projlen=104: 26 braids
    projlen=105: 493 braids
    projlen=106: 549 braids
    projlen=107: 6207 braids
    projlen=108: 5181 braids
    projlen=109: 47059 braids
    projlen=110: 32867 braids
    projlen=111: 266116 braids
    projlen=112: 178228 braids
    projlen=113: 364363 braids
    projlen=114: 170576 braids
    projlen=115: 355247 braids
    projlen=116: 157551 braids
    projlen=117: 345943 braids
    projlen=118: 177923 braids
    projlen=119: 338229 braids
    projlen=120: 177891 braids
    projlen=121: 340527 braids
    projlen=122: 165996 braids
    projlen=123: 341587 braids
    projlen=124: 171421 braids
    projlen=125: 333989 braids
    projlen=126: 192096 braids
    projlen=127: 321136 braids
    projlen=128: 206679 braids
    projlen=129: 289932 braids
    projlen=130: 87740 braids
  Braids kept: 1092394 (in 28 buckets, 3.19 GB CPU)
  ⚡ Timing: matmul=0.19s, sampling=9.15s, total=15.74s
============================================================
Level 193 - SAMPLING
============================================================
  Starting braids: 992394
  Candidates to generate: 5205440
  Processing in 53 chunks...
  Projlen distribution:
    projlen=103: 6 braids
    projlen=104: 13 braids
    projlen=105: 145 braids
    projlen=106: 214 braids
    projlen=107: 3388 braids
    projlen=108: 3172 braids
    projlen=109: 35097 braids
    projlen=110: 25975 braids
    projlen=111: 233100 braids
    projlen=112: 146098 braids
    projlen=113: 323142 braids
    projlen=114: 174236 braids
    projlen=115: 361030 braids
    projlen=116: 160604 braids
    projlen=117: 352654 braids
    projlen=118: 156502 braids
    projlen=119: 342940 braids
    projlen=120: 182066 braids
    projlen=121: 333226 braids
    projlen=122: 186756 braids
    projlen=123: 335813 braids
    projlen=124: 173397 braids
    projlen=125: 338645 braids
    projlen=126: 178226 braids
    projlen=127: 329938 braids
    projlen=128: 199059 braids
    projlen=129: 313773 braids
    projlen=130: 207713 braids
    projlen=131: 108512 braids
  Braids kept: 1118010 (in 29 buckets, 3.29 GB CPU)
  ⚡ Timing: matmul=0.15s, sampling=9.58s, total=16.33s
============================================================
Level 194 - SAMPLING
============================================================
  Starting braids: 968010
  Candidates to generate: 5076828
  Processing in 51 chunks...
  Projlen distribution:
    projlen=103: 2 braids
    projlen=104: 8 braids
    projlen=105: 68 braids
    projlen=106: 111 braids
    projlen=107: 1335 braids
    projlen=108: 1506 braids
    projlen=109: 20433 braids
    projlen=110: 16319 braids
    projlen=111: 174170 braids
    projlen=112: 112525 braids
    projlen=113: 307905 braids
    projlen=114: 175673 braids
    projlen=115: 362227 braids
    projlen=116: 165345 braids
    projlen=117: 356639 braids
    projlen=118: 157134 braids
    projlen=119: 351062 braids
    projlen=120: 157498 braids
    projlen=121: 341712 braids
    projlen=122: 188671 braids
    projlen=123: 329687 braids
    projlen=124: 197239 braids
    projlen=125: 329679 braids
    projlen=126: 182452 braids
    projlen=127: 332977 braids
    projlen=128: 185186 braids
    projlen=129: 321020 braids
    projlen=130: 197841 braids
    projlen=131: 110404 braids
  Braids kept: 1089782 (in 29 buckets, 3.22 GB CPU)
  ⚡ Timing: matmul=0.21s, sampling=9.34s, total=15.93s
============================================================
Level 195 - SAMPLING
============================================================
  Starting braids: 989782
  Candidates to generate: 5207074
  Processing in 53 chunks...
  Projlen distribution:
    projlen=104: 4 braids
    projlen=105: 24 braids
    projlen=106: 56 braids
    projlen=107: 686 braids
    projlen=108: 821 braids
    projlen=109: 9475 braids
    projlen=110: 8279 braids
    projlen=111: 104390 braids
    projlen=112: 70696 braids
    projlen=113: 285790 braids
    projlen=114: 176072 braids
    projlen=115: 362732 braids
    projlen=116: 167755 braids
    projlen=117: 357479 braids
    projlen=118: 158968 braids
    projlen=119: 353272 braids
    projlen=120: 156146 braids
    projlen=121: 349945 braids
    projlen=122: 158780 braids
    projlen=123: 338956 braids
    projlen=124: 193597 braids
    projlen=125: 325256 braids
    projlen=126: 208064 braids
    projlen=127: 323584 braids
    projlen=128: 194350 braids
    projlen=129: 326175 braids
    projlen=130: 193643 braids
    projlen=131: 296663 braids
    projlen=132: 85416 braids
  Braids kept: 1119345 (in 29 buckets, 3.32 GB CPU)
  ⚡ Timing: matmul=0.15s, sampling=9.85s, total=16.69s
============================================================
Level 196 - SAMPLING
============================================================
  Starting braids: 969345
  Candidates to generate: 5092507
  Processing in 51 chunks...
  Projlen distribution:
    projlen=104: 3 braids
    projlen=105: 13 braids
    projlen=106: 31 braids
    projlen=107: 306 braids
    projlen=108: 402 braids
    projlen=109: 5116 braids
    projlen=110: 4694 braids
    projlen=111: 52083 braids
    projlen=112: 37096 braids
    projlen=113: 268812 braids
    projlen=114: 178424 braids
    projlen=115: 364402 braids
    projlen=116: 170345 braids
    projlen=117: 357592 braids
    projlen=118: 159068 braids
    projlen=119: 354510 braids
    projlen=120: 157354 braids
    projlen=121: 350971 braids
    projlen=122: 155991 braids
    projlen=123: 347202 braids
    projlen=124: 159849 braids
    projlen=125: 335941 braids
    projlen=126: 198964 braids
    projlen=127: 319469 braids
    projlen=128: 217484 braids
    projlen=129: 315646 braids
    projlen=130: 204380 braids
    projlen=131: 291100 braids
    projlen=132: 85259 braids
  Braids kept: 1097661 (in 29 buckets, 3.27 GB CPU)
  ⚡ Timing: matmul=0.24s, sampling=9.40s, total=16.12s
============================================================
Level 197 - SAMPLING
============================================================
  Starting braids: 997661
  Candidates to generate: 5239897
  Processing in 53 chunks...
  Projlen distribution:
    projlen=104: 3 braids
    projlen=105: 10 braids
    projlen=106: 22 braids
    projlen=107: 186 braids
    projlen=108: 256 braids
    projlen=109: 2519 braids
    projlen=110: 2508 braids
    projlen=111: 30284 braids
    projlen=112: 23605 braids
    projlen=113: 250109 braids
    projlen=114: 160735 braids
    projlen=115: 334529 braids
    projlen=116: 174304 braids
    projlen=117: 360465 braids
    projlen=118: 161030 braids
    projlen=119: 354611 braids
    projlen=120: 156809 braids
    projlen=121: 350517 braids
    projlen=122: 156440 braids
    projlen=123: 349158 braids
    projlen=124: 156332 braids
    projlen=125: 346659 braids
    projlen=126: 163140 braids
    projlen=127: 334948 braids
    projlen=128: 204982 braids
    projlen=129: 315918 braids
    projlen=130: 226269 braids
    projlen=131: 305468 braids
    projlen=132: 210347 braids
    projlen=133: 107734 braids
  Braids kept: 1109393 (in 30 buckets, 3.32 GB CPU)
  ⚡ Timing: matmul=0.17s, sampling=9.83s, total=16.75s
============================================================
Level 198 - SAMPLING
============================================================
  Starting braids: 959393
  Candidates to generate: 5020501
  Processing in 51 chunks...
  Projlen distribution:
    projlen=104: 2 braids
    projlen=105: 10 braids
    projlen=106: 18 braids
    projlen=107: 123 braids
    projlen=108: 144 braids
    projlen=109: 1546 braids
    projlen=110: 1623 braids
    projlen=111: 16317 braids
    projlen=112: 13363 braids
    projlen=113: 152482 braids
    projlen=114: 101344 braids
    projlen=115: 302764 braids
    projlen=116: 177700 braids
    projlen=117: 362703 braids
    projlen=118: 164937 braids
    projlen=119: 356583 braids
    projlen=120: 158138 braids
    projlen=121: 352430 braids
    projlen=122: 157294 braids
    projlen=123: 349719 braids
    projlen=124: 157235 braids
    projlen=125: 347997 braids
    projlen=126: 157697 braids
    projlen=127: 344680 braids
    projlen=128: 166277 braids
    projlen=129: 331660 braids
    projlen=130: 208964 braids
    projlen=131: 308000 braids
    projlen=132: 222407 braids
    projlen=133: 106344 braids
  Braids kept: 1083146 (in 30 buckets, 3.25 GB CPU)
  ⚡ Timing: matmul=0.15s, sampling=9.50s, total=16.14s
============================================================
Level 199 - SAMPLING
============================================================
  Starting braids: 983146
  Candidates to generate: 5132434
  Processing in 52 chunks...
  Projlen distribution:
    projlen=105: 8 braids
    projlen=106: 6 braids
    projlen=107: 106 braids
    projlen=108: 116 braids
    projlen=109: 974 braids
    projlen=110: 1009 braids
    projlen=111: 10251 braids
    projlen=112: 8618 braids
    projlen=113: 85280 braids
    projlen=114: 58122 braids
    projlen=115: 279150 braids
    projlen=116: 178995 braids
    projlen=117: 362590 braids
    projlen=118: 169344 braids
    projlen=119: 358308 braids
    projlen=120: 159632 braids
    projlen=121: 353115 braids
    projlen=122: 157076 braids
    projlen=123: 349645 braids
    projlen=124: 157534 braids
    projlen=125: 348306 braids
    projlen=126: 158358 braids
    projlen=127: 346775 braids
    projlen=128: 159853 braids
    projlen=129: 342208 braids
    projlen=130: 170578 braids
    projlen=131: 328380 braids
    projlen=132: 212194 braids
    projlen=133: 285941 braids
    projlen=134: 89962 braids
  Braids kept: 1121088 (in 30 buckets, 3.38 GB CPU)
  ⚡ Timing: matmul=0.17s, sampling=9.93s, total=16.77s
============================================================
Level 200 - SAMPLING
============================================================
  Starting braids: 971088
  Candidates to generate: 5047986
  Processing in 51 chunks...
  Projlen distribution:
    projlen=104: 1 braids
    projlen=105: 4 braids
    projlen=106: 7 braids
    projlen=107: 56 braids
    projlen=108: 60 braids
    projlen=109: 747 braids
    projlen=110: 731 braids
    projlen=111: 6653 braids
    projlen=112: 5499 braids
    projlen=113: 55181 braids
    projlen=114: 39278 braids
    projlen=115: 268596 braids
    projlen=116: 179345 braids
    projlen=117: 363855 braids
    projlen=118: 173504 braids
    projlen=119: 356487 braids
    projlen=120: 160636 braids
    projlen=121: 353013 braids
    projlen=122: 157871 braids
    projlen=123: 350655 braids
    projlen=124: 157623 braids
    projlen=125: 347667 braids
    projlen=126: 158586 braids
    projlen=127: 347074 braids
    projlen=128: 160507 braids
    projlen=129: 344646 braids
    projlen=130: 162601 braids
    projlen=131: 338836 braids
    projlen=132: 173975 braids
    projlen=133: 301413 braids
    projlen=134: 82879 braids
  Braids kept: 1103036 (in 31 buckets, 3.34 GB CPU)
  ⚡ Timing: matmul=0.17s, sampling=9.65s, total=16.37s
============================================================
Level 201 - SAMPLING
============================================================
  Starting braids: 953036
  Candidates to generate: 4954764
  Processing in 50 chunks...
  Projlen distribution:
    projlen=105: 4 braids
    projlen=106: 3 braids
    projlen=107: 39 braids
    projlen=108: 52 braids
    projlen=109: 401 braids
    projlen=110: 393 braids
    projlen=111: 4908 braids
    projlen=112: 4082 braids
    projlen=113: 37665 braids
    projlen=114: 27374 braids
    projlen=115: 250466 braids
    projlen=116: 162080 braids
    projlen=117: 337047 braids
    projlen=118: 175998 braids
    projlen=119: 358358 braids
    projlen=120: 163142 braids
    projlen=121: 352662 braids
    projlen=122: 158406 braids
    projlen=123: 349120 braids
    projlen=124: 158091 braids
    projlen=125: 347902 braids
    projlen=126: 158307 braids
    projlen=127: 346121 braids
    projlen=128: 160298 braids
    projlen=129: 344742 braids
    projlen=130: 163966 braids
    projlen=131: 341699 braids
    projlen=132: 165205 braids
    projlen=133: 304862 braids
    projlen=134: 81371 braids
  Braids kept: 1074921 (in 30 buckets, 3.26 GB CPU)
  ⚡ Timing: matmul=0.17s, sampling=9.27s, total=15.87s
============================================================
Level 202 - SAMPLING
============================================================
  Starting braids: 974921
  Candidates to generate: 5039927
  Processing in 51 chunks...
  Projlen distribution:
    projlen=105: 2 braids
    projlen=106: 2 braids
    projlen=107: 28 braids
    projlen=108: 24 braids
    projlen=109: 301 braids
    projlen=110: 316 braids
    projlen=111: 2692 braids
    projlen=112: 2383 braids
    projlen=113: 27773 braids
    projlen=114: 20592 braids
    projlen=115: 188191 braids
    projlen=116: 119508 braids
    projlen=117: 308547 braids
    projlen=118: 176628 braids
    projlen=119: 359513 braids
    projlen=120: 166572 braids
    projlen=121: 353931 braids
    projlen=122: 160330 braids
    projlen=123: 349092 braids
    projlen=124: 158822 braids
    projlen=125: 346861 braids
    projlen=126: 159486 braids
    projlen=127: 345684 braids
    projlen=128: 159694 braids
    projlen=129: 344209 braids
    projlen=130: 163589 braids
    projlen=131: 342605 braids
    projlen=132: 167749 braids
    projlen=133: 333685 braids
    projlen=134: 166128 braids
    projlen=135: 114990 braids
  Braids kept: 1104113 (in 31 buckets, 3.37 GB CPU)
  ⚡ Timing: matmul=0.17s, sampling=9.73s, total=16.49s
============================================================
Level 203 - SAMPLING
============================================================
  Starting braids: 954113
  Candidates to generate: 4934633
  Processing in 50 chunks...
  Projlen distribution:
    projlen=107: 13 braids
    projlen=108: 18 braids
    projlen=109: 191 braids
    projlen=110: 181 braids
    projlen=111: 2006 braids
    projlen=112: 1800 braids
    projlen=113: 16344 braids
    projlen=114: 12347 braids
    projlen=115: 137339 braids
    projlen=116: 89199 braids
    projlen=117: 293390 braids
    projlen=118: 175911 braids
    projlen=119: 360557 braids
    projlen=120: 168709 braids
    projlen=121: 355406 braids
    projlen=122: 162339 braids
    projlen=123: 350459 braids
    projlen=124: 161310 braids
    projlen=125: 346532 braids
    projlen=126: 160728 braids
    projlen=127: 345040 braids
    projlen=128: 162443 braids
    projlen=129: 344167 braids
    projlen=130: 162860 braids
    projlen=131: 342739 braids
    projlen=132: 167417 braids
    projlen=133: 334191 braids
    projlen=134: 166847 braids
    projlen=135: 114150 braids
  Braids kept: 1082900 (in 29 buckets, 3.31 GB CPU)
  ⚡ Timing: matmul=0.16s, sampling=9.59s, total=16.21s
============================================================
Level 204 - SAMPLING
============================================================
  Starting braids: 982900
  Candidates to generate: 5108672
  Processing in 52 chunks...
  Projlen distribution:
    projlen=108: 2 braids
    projlen=109: 102 braids
    projlen=110: 106 braids
    projlen=111: 1280 braids
    projlen=112: 1155 braids
    projlen=113: 12294 braids
    projlen=114: 9479 braids
    projlen=115: 83337 braids
    projlen=116: 54355 braids
    projlen=117: 273737 braids
    projlen=118: 175197 braids
    projlen=119: 361721 braids
    projlen=120: 169670 braids
    projlen=121: 356788 braids
    projlen=122: 162153 braids
    projlen=123: 351516 braids
    projlen=124: 162287 braids
    projlen=125: 346693 braids
    projlen=126: 163472 braids
    projlen=127: 344743 braids
    projlen=128: 164481 braids
    projlen=129: 342752 braids
    projlen=130: 166337 braids
    projlen=131: 341317 braids
    projlen=132: 166675 braids
    projlen=133: 339008 braids
    projlen=134: 171545 braids
    projlen=135: 303953 braids
    projlen=136: 82517 braids
  Braids kept: 1124418 (in 29 buckets, 3.46 GB CPU)
  ⚡ Timing: matmul=0.15s, sampling=10.08s, total=16.94s
============================================================
Level 205 - SAMPLING
============================================================
  Starting braids: 974418
  Candidates to generate: 5071592
  Processing in 51 chunks...
  Projlen distribution:
    projlen=109: 17 braids
    projlen=110: 31 braids
    projlen=111: 709 braids
    projlen=112: 679 braids
    projlen=113: 7942 braids
    projlen=114: 6307 braids
    projlen=115: 64064 braids
    projlen=116: 43423 braids
    projlen=117: 268369 braids
    projlen=118: 174788 braids
    projlen=119: 362433 braids
    projlen=120: 171060 braids
    projlen=121: 357542 braids
    projlen=122: 161383 braids
    projlen=123: 352839 braids
    projlen=124: 160530 braids
    projlen=125: 348014 braids
    projlen=126: 164554 braids
    projlen=127: 344226 braids
    projlen=128: 167196 braids
    projlen=129: 341687 braids
    projlen=130: 168749 braids
    projlen=131: 340996 braids
    projlen=132: 171715 braids
    projlen=133: 337775 braids
    projlen=134: 170415 braids
    projlen=135: 302436 braids
    projlen=136: 81713 braids
  Braids kept: 1109108 (in 28 buckets, 3.42 GB CPU)
  ⚡ Timing: matmul=0.22s, sampling=9.88s, total=16.73s
============================================================
Level 206 - SAMPLING
============================================================
  Starting braids: 959108
  Candidates to generate: 5003522
  Processing in 51 chunks...
  Projlen distribution:
    projlen=109: 7 braids
    projlen=110: 7 braids
    projlen=111: 198 braids
    projlen=112: 253 braids
    projlen=113: 4468 braids
    projlen=114: 3802 braids
    projlen=115: 43132 braids
    projlen=116: 30496 braids
    projlen=117: 255688 braids
    projlen=118: 165335 braids
    projlen=119: 346225 braids
    projlen=120: 172218 braids
    projlen=121: 358821 braids
    projlen=122: 160216 braids
    projlen=123: 354091 braids
    projlen=124: 158574 braids
    projlen=125: 350222 braids
    projlen=126: 161551 braids
    projlen=127: 345258 braids
    projlen=128: 168069 braids
    projlen=129: 341884 braids
    projlen=130: 172566 braids
    projlen=131: 338891 braids
    projlen=132: 175395 braids
    projlen=133: 335930 braids
    projlen=134: 175960 braids
    projlen=135: 301603 braids
    projlen=136: 82662 braids
  Braids kept: 1082363 (in 28 buckets, 3.34 GB CPU)
  ⚡ Timing: matmul=0.17s, sampling=9.77s, total=16.54s
============================================================
Level 207 - SAMPLING
============================================================
  Starting braids: 982363
  Candidates to generate: 5107695
  Processing in 52 chunks...
  Projlen distribution:
    projlen=107: 1 braids
    projlen=108: 1 braids
    projlen=109: 5 braids
    projlen=110: 7 braids
    projlen=111: 81 braids
    projlen=112: 127 braids
    projlen=113: 1560 braids
    projlen=114: 1643 braids
    projlen=115: 25481 braids
    projlen=116: 19398 braids
    projlen=117: 211531 braids
    projlen=118: 133342 braids
    projlen=119: 315241 braids
    projlen=120: 173296 braids
    projlen=121: 359350 braids
    projlen=122: 162265 braids
    projlen=123: 355744 braids
    projlen=124: 156704 braids
    projlen=125: 351154 braids
    projlen=126: 158552 braids
    projlen=127: 347779 braids
    projlen=128: 164101 braids
    projlen=129: 343390 braids
    projlen=130: 173454 braids
    projlen=131: 338161 braids
    projlen=132: 179322 braids
    projlen=133: 334550 braids
    projlen=134: 182670 braids
    projlen=135: 326762 braids
    projlen=136: 179016 braids
    projlen=137: 113007 braids
  Braids kept: 1098304 (in 31 buckets, 3.41 GB CPU)
  ⚡ Timing: matmul=0.15s, sampling=10.23s, total=17.15s
============================================================
Level 208 - SAMPLING
============================================================
  Starting braids: 998304
  Candidates to generate: 5207334
  Processing in 53 chunks...
  Projlen distribution:
    projlen=107: 5 braids
    projlen=108: 3 braids
    projlen=109: 14 braids
    projlen=110: 9 braids
    projlen=111: 53 braids
    projlen=112: 66 braids
    projlen=113: 780 braids
    projlen=114: 934 braids
    projlen=115: 10316 braids
    projlen=116: 8911 braids
    projlen=117: 125693 braids
    projlen=118: 82914 braids
    projlen=119: 290281 braids
    projlen=120: 174511 braids
    projlen=121: 360815 braids
    projlen=122: 165059 braids
    projlen=123: 355571 braids
    projlen=124: 157439 braids
    projlen=125: 352422 braids
    projlen=126: 155633 braids
    projlen=127: 350257 braids
    projlen=128: 159865 braids
    projlen=129: 345523 braids
    projlen=130: 166631 braids
    projlen=131: 340430 braids
    projlen=132: 180140 braids
    projlen=133: 334722 braids
    projlen=134: 187797 braids
    projlen=135: 327869 braids
    projlen=136: 189412 braids
    projlen=137: 297803 braids
    projlen=138: 85456 braids
  Braids kept: 1121091 (in 32 buckets, 3.51 GB CPU)
  ⚡ Timing: matmul=0.16s, sampling=10.49s, total=17.56s
============================================================
Level 209 - SAMPLING
============================================================
  Starting braids: 971091
  Candidates to generate: 5063081
  Processing in 51 chunks...
  Projlen distribution:
    projlen=107: 2 braids
    projlen=108: 2 braids
    projlen=109: 34 braids
    projlen=110: 22 braids
    projlen=111: 85 braids
    projlen=112: 68 braids
    projlen=113: 488 braids
    projlen=114: 531 braids
    projlen=115: 5837 braids
    projlen=116: 5157 braids
    projlen=117: 55402 braids
    projlen=118: 38651 braids
    projlen=119: 267261 braids
    projlen=120: 175738 braids
    projlen=121: 362486 braids
    projlen=122: 168626 braids
    projlen=123: 357632 braids
    projlen=124: 158526 braids
    projlen=125: 353774 braids
    projlen=126: 156263 braids
    projlen=127: 350666 braids
    projlen=128: 155554 braids
    projlen=129: 347557 braids
    projlen=130: 160765 braids
    projlen=131: 342309 braids
    projlen=132: 171131 braids
    projlen=133: 336385 braids
    projlen=134: 187316 braids
    projlen=135: 328897 braids
    projlen=136: 195256 braids
    projlen=137: 295445 braids
    projlen=138: 85215 braids
  Braids kept: 1100877 (in 32 buckets, 3.45 GB CPU)
  ⚡ Timing: matmul=0.18s, sampling=10.13s, total=17.00s
============================================================
Level 210 - SAMPLING
============================================================
  Starting braids: 950877
  Candidates to generate: 4962469
  Processing in 50 chunks...
  Projlen distribution:
    projlen=109: 10 braids
    projlen=110: 12 braids
    projlen=111: 185 braids
    projlen=112: 130 braids
    projlen=113: 552 braids
    projlen=114: 473 braids
    projlen=115: 3584 braids
    projlen=116: 3242 braids
    projlen=117: 34220 braids
    projlen=118: 25628 braids
    projlen=119: 251374 braids
    projlen=120: 161164 braids
    projlen=121: 337059 braids
    projlen=122: 172372 braids
    projlen=123: 359682 braids
    projlen=124: 159669 braids
    projlen=125: 355487 braids
    projlen=126: 156793 braids
    projlen=127: 350928 braids
    projlen=128: 155651 braids
    projlen=129: 348461 braids
    projlen=130: 155422 braids
    projlen=131: 345567 braids
    projlen=132: 163096 braids
    projlen=133: 340622 braids
    projlen=134: 177267 braids
    projlen=135: 330948 braids
    projlen=136: 193016 braids
    projlen=137: 295022 braids
    projlen=138: 84833 braids
  Braids kept: 1068036 (in 30 buckets, 3.36 GB CPU)
  ⚡ Timing: matmul=0.23s, sampling=9.66s, total=16.44s
============================================================
Level 211 - SAMPLING
============================================================
  Starting braids: 968036
  Candidates to generate: 5023222
  Processing in 51 chunks...
  Projlen distribution:
    projlen=110: 2 braids
    projlen=111: 62 braids
    projlen=112: 70 braids
    projlen=113: 983 braids
    projlen=114: 725 braids
    projlen=115: 3571 braids
    projlen=116: 2782 braids
    projlen=117: 22084 braids
    projlen=118: 16882 braids
    projlen=119: 172585 braids
    projlen=120: 111122 braids
    projlen=121: 306856 braids
    projlen=122: 175494 braids
    projlen=123: 361204 braids
    projlen=124: 162067 braids
    projlen=125: 355036 braids
    projlen=126: 155869 braids
    projlen=127: 352293 braids
    projlen=128: 155781 braids
    projlen=129: 348822 braids
    projlen=130: 155789 braids
    projlen=131: 346889 braids
    projlen=132: 156360 braids
    projlen=133: 344305 braids
    projlen=134: 166976 braids
    projlen=135: 338019 braids
    projlen=136: 183677 braids
    projlen=137: 321656 braids
    projlen=138: 194002 braids
    projlen=139: 111259 braids
  Braids kept: 1097161 (in 30 buckets, 3.47 GB CPU)
  ⚡ Timing: matmul=0.15s, sampling=10.17s, total=17.00s
============================================================
Level 212 - SAMPLING
============================================================
  Starting braids: 997161
  Candidates to generate: 5183241
  Processing in 52 chunks...
  Projlen distribution:
    projlen=111: 19 braids
    projlen=112: 29 braids
    projlen=113: 393 braids
    projlen=114: 378 braids
    projlen=115: 5268 braids
    projlen=116: 3849 braids
    projlen=117: 21385 braids
    projlen=118: 14644 braids
    projlen=119: 114007 braids
    projlen=120: 73592 braids
    projlen=121: 287222 braids
    projlen=122: 176563 braids
    projlen=123: 362477 braids
    projlen=124: 166720 braids
    projlen=125: 356978 braids
    projlen=126: 156717 braids
    projlen=127: 352184 braids
    projlen=128: 154312 braids
    projlen=129: 350576 braids
    projlen=130: 156128 braids
    projlen=131: 348790 braids
    projlen=132: 157397 braids
    projlen=133: 346278 braids
    projlen=134: 158375 braids
    projlen=135: 343025 braids
    projlen=136: 171301 braids
    projlen=137: 333343 braids
    projlen=138: 189199 braids
    projlen=139: 296714 braids
    projlen=140: 85378 braids
  Braids kept: 1145965 (in 30 buckets, 3.64 GB CPU)
  ⚡ Timing: matmul=0.21s, sampling=10.59s, total=17.67s
============================================================
Level 213 - SAMPLING
============================================================
  Starting braids: 995965
  Candidates to generate: 5171433
  Processing in 52 chunks...
  Projlen distribution:
    projlen=110: 1 braids
    projlen=111: 8 braids
    projlen=112: 15 braids
    projlen=113: 198 braids
    projlen=114: 223 braids
    projlen=115: 2383 braids
    projlen=116: 2072 braids
    projlen=117: 27733 braids
    projlen=118: 19220 braids
    projlen=119: 111516 braids
    projlen=120: 67890 braids
    projlen=121: 281288 braids
    projlen=122: 175297 braids
    projlen=123: 364041 braids
    projlen=124: 170203 braids
    projlen=125: 359329 braids
    projlen=126: 158633 braids
    projlen=127: 354421 braids
    projlen=128: 154877 braids
    projlen=129: 350855 braids
    projlen=130: 153855 braids
    projlen=131: 349238 braids
    projlen=132: 156350 braids
    projlen=133: 348069 braids
    projlen=134: 158751 braids
    projlen=135: 344875 braids
    projlen=136: 160463 braids
    projlen=137: 340000 braids
    projlen=138: 175099 braids
    projlen=139: 301682 braids
    projlen=140: 82848 braids
  Braids kept: 1151853 (in 31 buckets, 3.66 GB CPU)
  ⚡ Timing: matmul=0.20s, sampling=10.66s, total=17.74s
============================================================
Level 214 - SAMPLING
============================================================
  Starting braids: 951853
  Candidates to generate: 4916969
  Processing in 50 chunks...
  Projlen distribution:
    projlen=110: 1 braids
    projlen=111: 4 braids
    projlen=112: 8 braids
    projlen=113: 99 braids
    projlen=114: 113 braids
    projlen=115: 1426 braids
    projlen=116: 1333 braids
    projlen=117: 13827 braids
    projlen=118: 10520 braids
    projlen=119: 135199 braids
    projlen=120: 87431 braids
    projlen=121: 292320 braids
    projlen=122: 173414 braids
    projlen=123: 363847 braids
    projlen=124: 170682 braids
    projlen=125: 359973 braids
    projlen=126: 160313 braids
    projlen=127: 356238 braids
    projlen=128: 156139 braids
    projlen=129: 351628 braids
    projlen=130: 154279 braids
    projlen=131: 350599 braids
    projlen=132: 154088 braids
    projlen=133: 347779 braids
    projlen=134: 156486 braids
    projlen=135: 347067 braids
    projlen=136: 160664 braids
    projlen=137: 338460 braids
    projlen=138: 158141 braids
    projlen=139: 114891 braids
  Braids kept: 1077331 (in 30 buckets, 3.42 GB CPU)
  ⚡ Timing: matmul=0.15s, sampling=9.98s, total=16.69s
============================================================
Level 215 - SAMPLING
============================================================
  Starting braids: 977331
  Candidates to generate: 5056441
  Processing in 51 chunks...
  Projlen distribution:
    projlen=111: 4 braids
    projlen=112: 11 braids
    projlen=113: 43 braids
    projlen=114: 59 braids
    projlen=115: 747 braids
    projlen=116: 753 braids
    projlen=117: 8910 braids
    projlen=118: 6989 braids
    projlen=119: 69665 braids
    projlen=120: 46069 braids
    projlen=121: 270113 braids
    projlen=122: 174576 braids
    projlen=123: 363146 braids
    projlen=124: 168680 braids
    projlen=125: 358286 braids
    projlen=126: 159852 braids
    projlen=127: 355562 braids
    projlen=128: 156232 braids
    projlen=129: 352363 braids
    projlen=130: 154821 braids
    projlen=131: 351251 braids
    projlen=132: 154309 braids
    projlen=133: 349386 braids
    projlen=134: 153622 braids
    projlen=135: 347555 braids
    projlen=136: 158127 braids
    projlen=137: 343235 braids
    projlen=138: 162488 braids
    projlen=139: 307551 braids
    projlen=140: 82036 braids
  Braids kept: 1113585 (in 30 buckets, 3.55 GB CPU)
  ⚡ Timing: matmul=0.19s, sampling=10.19s, total=17.12s
============================================================
Level 216 - SAMPLING
============================================================
  Starting braids: 963585
  Candidates to generate: 4978979
  Processing in 50 chunks...
  Projlen distribution:
    projlen=111: 3 braids
    projlen=112: 6 braids
    projlen=113: 57 braids
    projlen=114: 73 braids
    projlen=115: 340 braids
    projlen=116: 394 braids
    projlen=117: 4826 braids
    projlen=118: 4089 braids
    projlen=119: 47639 braids
    projlen=120: 33015 braids
    projlen=121: 258476 braids
    projlen=122: 168414 braids
    projlen=123: 353773 braids
    projlen=124: 171241 braids
    projlen=125: 358634 braids
    projlen=126: 159569 braids
    projlen=127: 355235 braids
    projlen=128: 156481 braids
    projlen=129: 352153 braids
    projlen=130: 154994 braids
    projlen=131: 350268 braids
    projlen=132: 154196 braids
    projlen=133: 349594 braids
    projlen=134: 153933 braids
    projlen=135: 347413 braids
    projlen=136: 153017 braids
    projlen=137: 345816 braids
    projlen=138: 157764 braids
    projlen=139: 306564 braids
    projlen=140: 81002 braids
  Braids kept: 1090442 (in 30 buckets, 3.49 GB CPU)
  ⚡ Timing: matmul=0.19s, sampling=9.86s, total=16.67s
============================================================
Level 217 - SAMPLING
============================================================
  Starting braids: 990442
  Candidates to generate: 5093264
  Processing in 51 chunks...
  Projlen distribution:
    projlen=113: 39 braids
    projlen=114: 40 braids
    projlen=115: 451 braids
    projlen=116: 414 braids
    projlen=117: 2529 braids
    projlen=118: 2255 braids
    projlen=119: 27583 braids
    projlen=120: 20736 braids
    projlen=121: 231884 braids
    projlen=122: 145460 braids
    projlen=123: 321268 braids
    projlen=124: 172505 braids
    projlen=125: 360109 braids
    projlen=126: 161036 braids
    projlen=127: 354749 braids
    projlen=128: 156126 braids
    projlen=129: 352661 braids
    projlen=130: 155569 braids
    projlen=131: 351063 braids
    projlen=132: 154833 braids
    projlen=133: 350790 braids
    projlen=134: 154563 braids
    projlen=135: 349156 braids
    projlen=136: 154146 braids
    projlen=137: 347149 braids
    projlen=138: 152924 braids
    projlen=139: 339632 braids
    projlen=140: 156683 braids
    projlen=141: 116911 braids
  Braids kept: 1104047 (in 29 buckets, 3.55 GB CPU)
  ⚡ Timing: matmul=0.22s, sampling=10.28s, total=17.30s
============================================================
Level 218 - SAMPLING
============================================================
  Starting braids: 954047
  Candidates to generate: 4898403
  Processing in 49 chunks...
  Projlen distribution:
    projlen=113: 4 braids
    projlen=114: 4 braids
    projlen=115: 281 braids
    projlen=116: 251 braids
    projlen=117: 2875 braids
    projlen=118: 2323 braids
    projlen=119: 15939 braids
    projlen=120: 11842 braids
    projlen=121: 135985 braids
    projlen=122: 88382 braids
    projlen=123: 293334 braids
    projlen=124: 174814 braids
    projlen=125: 360578 braids
    projlen=126: 164247 braids
    projlen=127: 356095 braids
    projlen=128: 156716 braids
    projlen=129: 352564 braids
    projlen=130: 154890 braids
    projlen=131: 350763 braids
    projlen=132: 155120 braids
    projlen=133: 350862 braids
    projlen=134: 155211 braids
    projlen=135: 350235 braids
    projlen=136: 155051 braids
    projlen=137: 348648 braids
    projlen=138: 154075 braids
    projlen=139: 342128 braids
    projlen=140: 148870 braids
    projlen=141: 116316 braids
  Braids kept: 1083519 (in 29 buckets, 3.50 GB CPU)
  ⚡ Timing: matmul=0.21s, sampling=9.88s, total=16.63s
============================================================
Level 219 - SAMPLING
============================================================
  Starting braids: 983519
  Candidates to generate: 5079321
  Processing in 51 chunks...
  Projlen distribution:
    projlen=113: 2 braids
    projlen=114: 4 braids
    projlen=115: 46 braids
    projlen=116: 65 braids
    projlen=117: 1681 braids
    projlen=118: 1488 braids
    projlen=119: 16448 braids
    projlen=120: 11865 braids
    projlen=121: 83067 braids
    projlen=122: 52845 braids
    projlen=123: 273130 braids
    projlen=124: 174805 braids
    projlen=125: 362606 braids
    projlen=126: 168304 braids
    projlen=127: 357476 braids
    projlen=128: 157782 braids
    projlen=129: 353891 braids
    projlen=130: 155859 braids
    projlen=131: 350502 braids
    projlen=132: 154930 braids
    projlen=133: 348422 braids
    projlen=134: 154818 braids
    projlen=135: 349295 braids
    projlen=136: 155395 braids
    projlen=137: 348358 braids
    projlen=138: 155158 braids
    projlen=139: 347126 braids
    projlen=140: 153563 braids
    projlen=141: 309672 braids
    projlen=142: 80718 braids
  Braids kept: 1131599 (in 30 buckets, 3.67 GB CPU)
  ⚡ Timing: matmul=0.20s, sampling=10.47s, total=17.48s
============================================================
Level 220 - SAMPLING
============================================================
  Starting braids: 981599
  Candidates to generate: 5076807
  Processing in 51 chunks...
  Projlen distribution:
    projlen=114: 1 braids
    projlen=115: 22 braids
    projlen=116: 52 braids
    projlen=117: 419 braids
    projlen=118: 502 braids
    projlen=119: 9767 braids
    projlen=120: 7888 braids
    projlen=121: 83574 braids
    projlen=122: 54957 braids
    projlen=123: 275061 braids
    projlen=124: 174503 braids
    projlen=125: 362755 braids
    projlen=126: 170661 braids
    projlen=127: 357811 braids
    projlen=128: 158722 braids
    projlen=129: 354671 braids
    projlen=130: 155662 braids
    projlen=131: 351777 braids
    projlen=132: 155353 braids
    projlen=133: 350210 braids
    projlen=134: 155344 braids
    projlen=135: 347352 braids
    projlen=136: 155468 braids
    projlen=137: 348549 braids
    projlen=138: 156302 braids
    projlen=139: 345786 braids
    projlen=140: 154060 braids
    projlen=141: 308624 braids
    projlen=142: 80954 braids
  Braids kept: 1118651 (in 29 buckets, 3.63 GB CPU)
  ⚡ Timing: matmul=0.20s, sampling=10.39s, total=17.40s
============================================================
Level 221 - SAMPLING
============================================================
  Starting braids: 968651
  Candidates to generate: 5012115
  Processing in 51 chunks...
  Projlen distribution:
    projlen=115: 3 braids
    projlen=116: 17 braids
    projlen=117: 265 braids
    projlen=118: 367 braids
    projlen=119: 3281 braids
    projlen=120: 3039 braids
    projlen=121: 51383 braids
    projlen=122: 36618 braids
    projlen=123: 265562 braids
    projlen=124: 174218 braids
    projlen=125: 363281 braids
    projlen=126: 171212 braids
    projlen=127: 359768 braids
    projlen=128: 160130 braids
    projlen=129: 354941 braids
    projlen=130: 155595 braids
    projlen=131: 351929 braids
    projlen=132: 155072 braids
    projlen=133: 349923 braids
    projlen=134: 154873 braids
    projlen=135: 349441 braids
    projlen=136: 155836 braids
    projlen=137: 347595 braids
    projlen=138: 156711 braids
    projlen=139: 346384 braids
    projlen=140: 155591 braids
    projlen=141: 308339 braids
    projlen=142: 80741 braids
  Braids kept: 1093590 (in 28 buckets, 3.56 GB CPU)
  ⚡ Timing: matmul=0.15s, sampling=10.39s, total=17.31s
============================================================
Level 222 - SAMPLING
============================================================
  Starting braids: 993590
  Candidates to generate: 5114200
  Processing in 52 chunks...
  Projlen distribution:
    projlen=116: 2 braids
    projlen=117: 101 braids
    projlen=118: 149 braids
    projlen=119: 2199 braids
    projlen=120: 2165 braids
    projlen=121: 20601 braids
    projlen=122: 15914 braids
    projlen=123: 244718 braids
    projlen=124: 157880 braids
    projlen=125: 332213 braids
    projlen=126: 172114 braids
    projlen=127: 359067 braids
    projlen=128: 160309 braids
    projlen=129: 355559 braids
    projlen=130: 156200 braids
    projlen=131: 352228 braids
    projlen=132: 154182 braids
    projlen=133: 350210 braids
    projlen=134: 154614 braids
    projlen=135: 348279 braids
    projlen=136: 154940 braids
    projlen=137: 348284 braids
    projlen=138: 156727 braids
    projlen=139: 347541 braids
    projlen=140: 158269 braids
    projlen=141: 339398 braids
    projlen=142: 153594 braids
    projlen=143: 116743 braids
  Braids kept: 1091131 (in 28 buckets, 3.58 GB CPU)
  ⚡ Timing: matmul=0.15s, sampling=10.59s, total=17.68s
============================================================
Level 223 - SAMPLING
============================================================
  Starting braids: 991131
  Candidates to generate: 5115955
  Processing in 52 chunks...
  Projlen distribution:
    projlen=117: 32 braids
    projlen=118: 56 braids
    projlen=119: 976 braids
    projlen=120: 1085 braids
    projlen=121: 13986 braids
    projlen=122: 11268 braids
    projlen=123: 106103 braids
    projlen=124: 68476 braids
    projlen=125: 283986 braids
    projlen=126: 175731 braids
    projlen=127: 361483 braids
    projlen=128: 163014 braids
    projlen=129: 355963 braids
    projlen=130: 156424 braids
    projlen=131: 353515 braids
    projlen=132: 155501 braids
    projlen=133: 350467 braids
    projlen=134: 153593 braids
    projlen=135: 349284 braids
    projlen=136: 154699 braids
    projlen=137: 347728 braids
    projlen=138: 155831 braids
    projlen=139: 347668 braids
    projlen=140: 158072 braids
    projlen=141: 343437 braids
    projlen=142: 158692 braids
    projlen=143: 307630 braids
    projlen=144: 81255 braids
  Braids kept: 1127403 (in 28 buckets, 3.71 GB CPU)
  ⚡ Timing: matmul=0.15s, sampling=11.02s, total=18.13s
============================================================
Level 224 - SAMPLING
============================================================
  Starting braids: 977403
  Candidates to generate: 5050293
  Processing in 51 chunks...
  Projlen distribution:
    projlen=117: 10 braids
    projlen=118: 20 braids
    projlen=119: 353 braids
    projlen=120: 514 braids
    projlen=121: 6934 braids
    projlen=122: 6099 braids
    projlen=123: 72795 braids
    projlen=124: 50070 braids
    projlen=125: 274372 braids
    projlen=126: 175590 braids
    projlen=127: 365581 braids
    projlen=128: 170126 braids
    projlen=129: 357274 braids
    projlen=130: 156849 braids
    projlen=131: 352425 braids
    projlen=132: 154532 braids
    projlen=133: 350649 braids
    projlen=134: 154216 braids
    projlen=135: 350621 braids
    projlen=136: 153601 braids
    projlen=137: 347971 braids
    projlen=138: 154595 braids
    projlen=139: 347180 braids
    projlen=140: 156929 braids
    projlen=141: 344943 braids
    projlen=142: 158004 braids
    projlen=143: 307072 braids
    projlen=144: 80968 braids
  Braids kept: 1113930 (in 28 buckets, 3.68 GB CPU)
  ⚡ Timing: matmul=0.18s, sampling=10.42s, total=17.42s
============================================================
Level 225 - SAMPLING
============================================================
  Starting braids: 963930
  Candidates to generate: 4984400
  Processing in 50 chunks...
  Projlen distribution:
    projlen=117: 2 braids
    projlen=118: 17 braids
    projlen=119: 132 braids
    projlen=120: 218 braids
    projlen=121: 2990 braids
    projlen=122: 3100 braids
    projlen=123: 38712 braids
    projlen=124: 28798 braids
    projlen=125: 262912 braids
    projlen=126: 177006 braids
    projlen=127: 364441 braids
    projlen=128: 171408 braids
    projlen=129: 361039 braids
    projlen=130: 160019 braids
    projlen=131: 354361 braids
    projlen=132: 154576 braids
    projlen=133: 351134 braids
    projlen=134: 154225 braids
    projlen=135: 349402 braids
    projlen=136: 153804 braids
    projlen=137: 349189 braids
    projlen=138: 153472 braids
    projlen=139: 348191 braids
    projlen=140: 155751 braids
    projlen=141: 344465 braids
    projlen=142: 157132 braids
    projlen=143: 306951 braids
    projlen=144: 80953 braids
  Braids kept: 1073969 (in 28 buckets, 3.56 GB CPU)
  ⚡ Timing: matmul=0.20s, sampling=10.21s, total=17.13s
============================================================
Level 226 - SAMPLING
============================================================
  Starting braids: 973969
  Candidates to generate: 5003903
  Processing in 51 chunks...
  Projlen distribution:
    projlen=118: 4 braids
    projlen=119: 81 braids
    projlen=120: 149 braids
    projlen=121: 1346 braids
    projlen=122: 1485 braids
    projlen=123: 19578 braids
    projlen=124: 16190 braids
    projlen=125: 192561 braids
    projlen=126: 124410 braids
    projlen=127: 313946 braids
    projlen=128: 174113 braids
    projlen=129: 359941 braids
    projlen=130: 160301 braids
    projlen=131: 355827 braids
    projlen=132: 155965 braids
    projlen=133: 351964 braids
    projlen=134: 154026 braids
    projlen=135: 350099 braids
    projlen=136: 153773 braids
    projlen=137: 349205 braids
    projlen=138: 153683 braids
    projlen=139: 348844 braids
    projlen=140: 153383 braids
    projlen=141: 347609 braids
    projlen=142: 156102 braids
    projlen=143: 337784 braids
    projlen=144: 155531 braids
    projlen=145: 116003 braids
  Braids kept: 1088833 (in 28 buckets, 3.63 GB CPU)
  ⚡ Timing: matmul=0.14s, sampling=10.43s, total=17.42s
============================================================
Level 227 - SAMPLING
============================================================
  Starting braids: 988833
  Candidates to generate: 5103491
  Processing in 52 chunks...
  Projlen distribution:
    projlen=118: 6 braids
    projlen=119: 45 braids
    projlen=120: 74 braids
    projlen=121: 872 braids
    projlen=122: 1010 braids
    projlen=123: 9758 braids
    projlen=124: 8494 braids
    projlen=125: 102474 braids
    projlen=126: 69315 braids
    projlen=127: 285318 braids
    projlen=128: 176219 braids
    projlen=129: 362781 braids
    projlen=130: 165446 braids
    projlen=131: 357234 braids
    projlen=132: 156710 braids
    projlen=133: 352661 braids
    projlen=134: 154289 braids
    projlen=135: 350324 braids
    projlen=136: 153300 braids
    projlen=137: 349322 braids
    projlen=138: 153612 braids
    projlen=139: 349016 braids
    projlen=140: 153812 braids
    projlen=141: 347930 braids
    projlen=142: 153377 braids
    projlen=143: 344406 braids
    projlen=144: 156285 braids
    projlen=145: 308343 braids
    projlen=146: 81058 braids
  Braids kept: 1120259 (in 29 buckets, 3.75 GB CPU)
  ⚡ Timing: matmul=0.15s, sampling=11.03s, total=18.17s
============================================================
Level 228 - SAMPLING
============================================================
  Starting braids: 970259
  Candidates to generate: 5016539
  Processing in 51 chunks...
  Projlen distribution:
    projlen=117: 1 braids
    projlen=118: 2 braids
    projlen=119: 40 braids
    projlen=120: 57 braids
    projlen=121: 493 braids
    projlen=122: 549 braids
    projlen=123: 6496 braids
    projlen=124: 5699 braids
    projlen=125: 54161 braids
    projlen=126: 38132 braids
    projlen=127: 270530 braids
    projlen=128: 178604 braids
    projlen=129: 364344 braids
    projlen=130: 169794 braids
    projlen=131: 358716 braids
    projlen=132: 158066 braids
    projlen=133: 354135 braids
    projlen=134: 155074 braids
    projlen=135: 351024 braids
    projlen=136: 153843 braids
    projlen=137: 349334 braids
    projlen=138: 153097 braids
    projlen=139: 348473 braids
    projlen=140: 153902 braids
    projlen=141: 348280 braids
    projlen=142: 154240 braids
    projlen=143: 347817 braids
    projlen=144: 152478 braids
    projlen=145: 308987 braids
    projlen=146: 80171 braids
  Braids kept: 1101469 (in 30 buckets, 3.69 GB CPU)
  ⚡ Timing: matmul=0.16s, sampling=10.51s, total=17.52s
============================================================
Level 229 - SAMPLING
============================================================
  Starting braids: 951469
  Candidates to generate: 4928591
  Processing in 50 chunks...
  Projlen distribution:
    projlen=117: 4 braids
    projlen=118: 4 braids
    projlen=119: 27 braids
    projlen=120: 35 braids
    projlen=121: 368 braids
    projlen=122: 422 braids
    projlen=123: 3707 braids
    projlen=124: 3373 braids
    projlen=125: 37966 braids
    projlen=126: 28423 braids
    projlen=127: 253382 braids
    projlen=128: 160995 braids
    projlen=129: 337095 braids
    projlen=130: 173282 braids
    projlen=131: 359949 braids
    projlen=132: 159431 braids
    projlen=133: 355406 braids
    projlen=134: 155459 braids
    projlen=135: 350725 braids
    projlen=136: 153670 braids
    projlen=137: 349437 braids
    projlen=138: 153337 braids
    projlen=139: 349149 braids
    projlen=140: 153421 braids
    projlen=141: 347937 braids
    projlen=142: 153851 braids
    projlen=143: 346703 braids
    projlen=144: 152727 braids
    projlen=145: 307945 braids
    projlen=146: 80361 braids
  Braids kept: 1074329 (in 30 buckets, 3.61 GB CPU)
  ⚡ Timing: matmul=0.16s, sampling=10.32s, total=17.20s
============================================================
Level 230 - SAMPLING
============================================================
  Starting braids: 974329
  Candidates to generate: 5010781
  Processing in 51 chunks...
  Projlen distribution:
    projlen=117: 5 braids
    projlen=118: 3 braids
    projlen=119: 34 braids
    projlen=120: 33 braids
    projlen=121: 248 braids
    projlen=122: 267 braids
    projlen=123: 2711 braids
    projlen=124: 2556 braids
    projlen=125: 22957 braids
    projlen=126: 17727 braids
    projlen=127: 190323 braids
    projlen=128: 122924 braids
    projlen=129: 315482 braids
    projlen=130: 176045 braids
    projlen=131: 361193 braids
    projlen=132: 162730 braids
    projlen=133: 354591 braids
    projlen=134: 155190 braids
    projlen=135: 351585 braids
    projlen=136: 154036 braids
    projlen=137: 350576 braids
    projlen=138: 153902 braids
    projlen=139: 349440 braids
    projlen=140: 153261 braids
    projlen=141: 349559 braids
    projlen=142: 153560 braids
    projlen=143: 348570 braids
    projlen=144: 154015 braids
    projlen=145: 340149 braids
    projlen=146: 150025 braids
    projlen=147: 117084 braids
  Braids kept: 1096541 (in 31 buckets, 3.71 GB CPU)
  ⚡ Timing: matmul=0.15s, sampling=10.60s, total=17.62s
============================================================
Level 231 - SAMPLING
============================================================
  Starting braids: 996541
  Candidates to generate: 5143953
  Processing in 52 chunks...
  Projlen distribution:
    projlen=117: 6 braids
    projlen=118: 3 braids
    projlen=119: 32 braids
    projlen=120: 21 braids
    projlen=121: 225 braids
    projlen=122: 209 braids
    projlen=123: 1851 braids
    projlen=124: 1699 braids
    projlen=125: 17026 braids
    projlen=126: 13221 braids
    projlen=127: 117541 braids
    projlen=128: 76195 braids
    projlen=129: 288544 braids
    projlen=130: 176058 braids
    projlen=131: 362770 braids
    projlen=132: 166276 braids
    projlen=133: 357665 braids
    projlen=134: 157025 braids
    projlen=135: 351717 braids
    projlen=136: 153701 braids
    projlen=137: 349778 braids
    projlen=138: 153472 braids
    projlen=139: 349300 braids
    projlen=140: 153336 braids
    projlen=141: 350088 braids
    projlen=142: 153582 braids
    projlen=143: 349746 braids
    projlen=144: 153258 braids
    projlen=145: 345641 braids
    projlen=146: 153152 braids
    projlen=147: 309822 braids
    projlen=148: 80993 braids
  Braids kept: 1134293 (in 32 buckets, 3.85 GB CPU)
  ⚡ Timing: matmul=0.18s, sampling=11.08s, total=18.33s
============================================================
Level 232 - SAMPLING
============================================================
  Starting braids: 984293
  Candidates to generate: 5081417
  Processing in 51 chunks...
  Projlen distribution:
    projlen=118: 1 braids
    projlen=119: 30 braids
    projlen=120: 23 braids
    projlen=121: 180 braids
    projlen=122: 150 braids
    projlen=123: 1459 braids
    projlen=124: 1267 braids
    projlen=125: 11751 braids
    projlen=126: 9106 braids
    projlen=127: 88362 braids
    projlen=128: 58836 braids
    projlen=129: 278047 braids
    projlen=130: 175371 braids
    projlen=131: 363122 braids
    projlen=132: 169363 braids
    projlen=133: 358834 braids
    projlen=134: 158620 braids
    projlen=135: 353733 braids
    projlen=136: 155116 braids
    projlen=137: 350369 braids
    projlen=138: 153450 braids
    projlen=139: 348808 braids
    projlen=140: 153058 braids
    projlen=141: 349316 braids
    projlen=142: 153238 braids
    projlen=143: 348608 braids
    projlen=144: 152824 braids
    projlen=145: 348164 braids
    projlen=146: 151383 braids
    projlen=147: 308643 braids
    projlen=148: 80185 braids
  Braids kept: 1123967 (in 31 buckets, 3.82 GB CPU)
  ⚡ Timing: matmul=0.22s, sampling=10.77s, total=17.93s
============================================================
Level 233 - SAMPLING
============================================================
  Starting braids: 973967
  Candidates to generate: 5032967
  Processing in 51 chunks...
  Projlen distribution:
    projlen=120: 3 braids
    projlen=121: 155 braids
    projlen=122: 136 braids
    projlen=123: 1110 braids
    projlen=124: 931 braids
    projlen=125: 8843 braids
    projlen=126: 6801 braids
    projlen=127: 62186 braids
    projlen=128: 41986 braids
    projlen=129: 270127 braids
    projlen=130: 176511 braids
    projlen=131: 363995 braids
    projlen=132: 171014 braids
    projlen=133: 359020 braids
    projlen=134: 159232 braids
    projlen=135: 355249 braids
    projlen=136: 155948 braids
    projlen=137: 351930 braids
    projlen=138: 154147 braids
    projlen=139: 349875 braids
    projlen=140: 153575 braids
    projlen=141: 349014 braids
    projlen=142: 152961 braids
    projlen=143: 348637 braids
    projlen=144: 153058 braids
    projlen=145: 346920 braids
    projlen=146: 150605 braids
    projlen=147: 308965 braids
    projlen=148: 80033 braids
  Braids kept: 1109965 (in 29 buckets, 3.78 GB CPU)
  ⚡ Timing: matmul=0.17s, sampling=10.71s, total=17.80s
============================================================
Level 234 - SAMPLING
============================================================
  Starting braids: 959965
  Candidates to generate: 4966801
  Processing in 50 chunks...
  Projlen distribution:
    projlen=121: 3 braids
    projlen=122: 18 braids
    projlen=123: 884 braids
    projlen=124: 768 braids
    projlen=125: 6625 braids
    projlen=126: 5073 braids
    projlen=127: 47795 braids
    projlen=128: 33067 braids
    projlen=129: 256766 braids
    projlen=130: 163711 braids
    projlen=131: 343959 braids
    projlen=132: 172101 braids
    projlen=133: 360382 braids
    projlen=134: 160767 braids
    projlen=135: 355981 braids
    projlen=136: 155796 braids
    projlen=137: 352797 braids
    projlen=138: 154532 braids
    projlen=139: 351340 braids
    projlen=140: 153920 braids
    projlen=141: 348815 braids
    projlen=142: 152894 braids
    projlen=143: 349123 braids
    projlen=144: 153203 braids
    projlen=145: 346888 braids
    projlen=146: 150619 braids
    projlen=147: 308685 braids
    projlen=148: 80289 braids
  Braids kept: 1094233 (in 28 buckets, 3.74 GB CPU)
  ⚡ Timing: matmul=0.19s, sampling=10.61s, total=17.60s
============================================================
Level 235 - SAMPLING
============================================================
  Starting braids: 994233
  Candidates to generate: 5107401
  Processing in 52 chunks...
  Projlen distribution:
    projlen=122: 3 braids
    projlen=123: 93 braids
    projlen=124: 168 braids
    projlen=125: 4953 braids
    projlen=126: 4117 braids
    projlen=127: 36976 braids
    projlen=128: 25871 braids
    projlen=129: 234958 braids
    projlen=130: 145792 braids
    projlen=131: 323609 braids
    projlen=132: 173429 braids
    projlen=133: 361650 braids
    projlen=134: 162651 braids
    projlen=135: 356007 braids
    projlen=136: 156242 braids
    projlen=137: 352381 braids
    projlen=138: 154174 braids
    projlen=139: 350194 braids
    projlen=140: 153393 braids
    projlen=141: 350143 braids
    projlen=142: 153394 braids
    projlen=143: 349062 braids
    projlen=144: 152735 braids
    projlen=145: 348463 braids
    projlen=146: 152080 braids
    projlen=147: 340594 braids
    projlen=148: 147117 braids
    projlen=149: 117152 braids
  Braids kept: 1122181 (in 28 buckets, 3.85 GB CPU)
  ⚡ Timing: matmul=0.15s, sampling=11.01s, total=18.23s
============================================================
Level 236 - SAMPLING
============================================================
  Starting braids: 972181
  Candidates to generate: 4989305
  Processing in 50 chunks...
  Projlen distribution:
    projlen=122: 3 braids
    projlen=123: 30 braids
    projlen=124: 53 braids
    projlen=125: 1013 braids
    projlen=126: 1235 braids
    projlen=127: 27092 braids
    projlen=128: 20715 braids
    projlen=129: 182833 braids
    projlen=130: 113899 braids
    projlen=131: 306799 braids
    projlen=132: 174245 braids
    projlen=133: 361894 braids
    projlen=134: 164276 braids
    projlen=135: 356589 braids
    projlen=136: 156658 braids
    projlen=137: 352951 braids
    projlen=138: 154451 braids
    projlen=139: 350435 braids
    projlen=140: 153577 braids
    projlen=141: 349947 braids
    projlen=142: 153168 braids
    projlen=143: 348646 braids
    projlen=144: 153120 braids
    projlen=145: 348441 braids
    projlen=146: 152375 braids
    projlen=147: 341674 braids
    projlen=148: 146892 braids
    projlen=149: 116294 braids
  Braids kept: 1100141 (in 28 buckets, 3.78 GB CPU)
  ⚡ Timing: matmul=0.21s, sampling=10.59s, total=17.64s
============================================================
Level 237 - SAMPLING
============================================================
  Starting braids: 950141
  Candidates to generate: 4872563
  Processing in 49 chunks...
  Projlen distribution:
    projlen=122: 1 braids
    projlen=123: 17 braids
    projlen=124: 38 braids
    projlen=125: 393 braids
    projlen=126: 524 braids
    projlen=127: 7773 braids
    projlen=128: 7177 braids
    projlen=129: 132639 braids
    projlen=130: 88919 braids
    projlen=131: 294099 braids
    projlen=132: 173827 braids
    projlen=133: 361593 braids
    projlen=134: 165886 braids
    projlen=135: 357213 braids
    projlen=136: 157474 braids
    projlen=137: 353218 braids
    projlen=138: 154535 braids
    projlen=139: 350779 braids
    projlen=140: 153690 braids
    projlen=141: 350044 braids
    projlen=142: 153538 braids
    projlen=143: 349113 braids
    projlen=144: 153323 braids
    projlen=145: 349321 braids
    projlen=146: 152448 braids
    projlen=147: 342099 braids
    projlen=148: 146710 braids
    projlen=149: 116172 braids
  Braids kept: 1065923 (in 28 buckets, 3.68 GB CPU)
  ⚡ Timing: matmul=0.19s, sampling=10.51s, total=17.39s
============================================================
Level 238 - SAMPLING
============================================================
  Starting braids: 965923
  Candidates to generate: 4977513
  Processing in 50 chunks...
  Projlen distribution:
    projlen=122: 2 braids
    projlen=123: 6 braids
    projlen=124: 21 braids
    projlen=125: 251 braids
    projlen=126: 345 braids
    projlen=127: 3319 braids
    projlen=128: 3326 braids
    projlen=129: 43995 braids
    projlen=130: 31703 braids
    projlen=131: 263557 braids
    projlen=132: 176377 braids
    projlen=133: 361712 braids
    projlen=134: 167528 braids
    projlen=135: 357818 braids
    projlen=136: 157799 braids
    projlen=137: 353865 braids
    projlen=138: 155467 braids
    projlen=139: 351119 braids
    projlen=140: 153807 braids
    projlen=141: 349743 braids
    projlen=142: 153467 braids
    projlen=143: 349406 braids
    projlen=144: 153441 braids
    projlen=145: 348695 braids
    projlen=146: 152760 braids
    projlen=147: 347018 braids
    projlen=148: 150840 braids
    projlen=149: 309755 braids
    projlen=150: 80371 braids
  Braids kept: 1082968 (in 29 buckets, 3.76 GB CPU)
  ⚡ Timing: matmul=0.20s, sampling=10.56s, total=17.62s
============================================================
Level 239 - SAMPLING
============================================================
  Starting braids: 982968
  Candidates to generate: 5043810
  Processing in 51 chunks...
  Projlen distribution:
    projlen=122: 1 braids
    projlen=123: 7 braids
    projlen=124: 11 braids
    projlen=125: 122 braids
    projlen=126: 182 braids
    projlen=127: 2162 braids
    projlen=128: 2255 braids
    projlen=129: 21218 braids
    projlen=130: 17091 braids
    projlen=131: 220612 braids
    projlen=132: 141692 braids
    projlen=133: 321337 braids
    projlen=134: 173059 braids
    projlen=135: 358232 braids
    projlen=136: 158780 braids
    projlen=137: 354067 braids
    projlen=138: 155186 braids
    projlen=139: 351036 braids
    projlen=140: 153866 braids
    projlen=141: 350370 braids
    projlen=142: 153625 braids
    projlen=143: 349542 braids
    projlen=144: 153162 braids
    projlen=145: 348065 braids
    projlen=146: 152705 braids
    projlen=147: 348577 braids
    projlen=148: 152197 braids
    projlen=149: 340500 braids
    projlen=150: 146955 braids
    projlen=151: 117196 braids
  Braids kept: 1093049 (in 30 buckets, 3.81 GB CPU)
  ⚡ Timing: matmul=0.17s, sampling=10.99s, total=18.15s
============================================================
Level 240 - SAMPLING
============================================================
  Starting braids: 993049
  Candidates to generate: 5118317
  Processing in 52 chunks...
  Projlen distribution:
    projlen=122: 1 braids
    projlen=123: 11 braids
    projlen=124: 14 braids
    projlen=125: 74 braids
    projlen=126: 109 braids
    projlen=127: 1116 braids
    projlen=128: 1273 braids
    projlen=129: 14575 braids
    projlen=130: 11931 braids
    projlen=131: 109539 braids
    projlen=132: 72769 braids
    projlen=133: 288323 braids
    projlen=134: 177408 braids
    projlen=135: 363157 braids
    projlen=136: 164120 braids
    projlen=137: 354863 braids
    projlen=138: 155485 braids
    projlen=139: 351163 braids
    projlen=140: 153741 braids
    projlen=141: 350089 braids
    projlen=142: 153533 braids
    projlen=143: 349154 braids
    projlen=144: 153295 braids
    projlen=145: 349617 braids
    projlen=146: 153327 braids
    projlen=147: 348847 braids
    projlen=148: 152734 braids
    projlen=149: 345898 braids
    projlen=150: 150631 braids
    projlen=151: 310844 braids
    projlen=152: 80676 braids
  Braids kept: 1129104 (in 31 buckets, 3.96 GB CPU)
  ⚡ Timing: matmul=0.17s, sampling=11.39s, total=18.70s
============================================================
Level 241 - SAMPLING
============================================================
  Starting braids: 979104
  Candidates to generate: 5056470
  Processing in 51 chunks...
  Projlen distribution:
    projlen=123: 13 braids
    projlen=124: 11 braids
    projlen=125: 94 braids
    projlen=126: 88 braids
    projlen=127: 667 braids
    projlen=128: 762 braids
    projlen=129: 8053 braids
    projlen=130: 7110 braids
    projlen=131: 77561 braids
    projlen=132: 53417 braids
    projlen=133: 276997 braids
    projlen=134: 177458 braids
    projlen=135: 364355 braids
    projlen=136: 170268 braids
    projlen=137: 359221 braids
    projlen=138: 157895 braids
    projlen=139: 353031 braids
    projlen=140: 154561 braids
    projlen=141: 349390 braids
    projlen=142: 153011 braids
    projlen=143: 348607 braids
    projlen=144: 153068 braids
    projlen=145: 348741 braids
    projlen=146: 152950 braids
    projlen=147: 349340 braids
    projlen=148: 153012 braids
    projlen=149: 347269 braids
    projlen=150: 150867 braids
    projlen=151: 308648 braids
    projlen=152: 80005 braids
  Braids kept: 1116798 (in 30 buckets, 3.92 GB CPU)
  ⚡ Timing: matmul=0.21s, sampling=11.10s, total=18.32s
============================================================
Level 242 - SAMPLING
============================================================
  Starting braids: 966798
  Candidates to generate: 5002624
  Processing in 51 chunks...
  Projlen distribution:
    projlen=122: 1 braids
    projlen=123: 6 braids
    projlen=124: 12 braids
    projlen=125: 91 braids
    projlen=126: 73 braids
    projlen=127: 620 braids
    projlen=128: 553 braids
    projlen=129: 5068 braids
    projlen=130: 4432 braids
    projlen=131: 45358 braids
    projlen=132: 33182 braids
    projlen=133: 267847 braids
    projlen=134: 178426 braids
    projlen=135: 366118 braids
    projlen=136: 173147 braids
    projlen=137: 359225 braids
    projlen=138: 159926 braids
    projlen=139: 354931 braids
    projlen=140: 155501 braids
    projlen=141: 351179 braids
    projlen=142: 153575 braids
    projlen=143: 349771 braids
    projlen=144: 153262 braids
    projlen=145: 348861 braids
    projlen=146: 152689 braids
    projlen=147: 348600 braids
    projlen=148: 152833 braids
    projlen=149: 347397 braids
    projlen=150: 150882 braids
    projlen=151: 308910 braids
    projlen=152: 80148 braids
  Braids kept: 1089396 (in 31 buckets, 3.83 GB CPU)
  ⚡ Timing: matmul=0.15s, sampling=10.99s, total=18.12s
============================================================
Level 243 - SAMPLING
============================================================
  Starting braids: 989396
  Candidates to generate: 5090250
  Processing in 51 chunks...
  Projlen distribution:
    projlen=123: 4 braids
    projlen=124: 6 braids
    projlen=125: 54 braids
    projlen=126: 68 braids
    projlen=127: 572 braids
    projlen=128: 452 braids
    projlen=129: 3987 braids
    projlen=130: 3302 braids
    projlen=131: 30419 braids
    projlen=132: 22917 braids
    projlen=133: 227720 braids
    projlen=134: 144779 braids
    projlen=135: 326483 braids
    projlen=136: 174606 braids
    projlen=137: 360969 braids
    projlen=138: 161513 braids
    projlen=139: 355528 braids
    projlen=140: 156338 braids
    projlen=141: 351916 braids
    projlen=142: 154392 braids
    projlen=143: 350046 braids
    projlen=144: 153408 braids
    projlen=145: 349526 braids
    projlen=146: 153386 braids
    projlen=147: 348414 braids
    projlen=148: 152757 braids
    projlen=149: 348110 braids
    projlen=150: 151872 braids
    projlen=151: 341684 braids
    projlen=152: 147774 braids
    projlen=153: 117248 braids
  Braids kept: 1111781 (in 31 buckets, 3.93 GB CPU)
  ⚡ Timing: matmul=0.21s, sampling=11.17s, total=18.46s
============================================================
Level 244 - SAMPLING
============================================================
  Starting braids: 961781
  Candidates to generate: 4946449
  Processing in 50 chunks...
  Projlen distribution:
    projlen=123: 3 braids
    projlen=124: 3 braids
    projlen=125: 35 braids
    projlen=126: 37 braids
    projlen=127: 386 braids
    projlen=128: 371 braids
    projlen=129: 3390 braids
    projlen=130: 2610 braids
    projlen=131: 23246 braids
    projlen=132: 17110 braids
    projlen=133: 155384 braids
    projlen=134: 99666 braids
    projlen=135: 302334 braids
    projlen=136: 176499 braids
    projlen=137: 363031 braids
    projlen=138: 164460 braids
    projlen=139: 356790 braids
    projlen=140: 157484 braids
    projlen=141: 352752 braids
    projlen=142: 155806 braids
    projlen=143: 350607 braids
    projlen=144: 153959 braids
    projlen=145: 349074 braids
    projlen=146: 153179 braids
    projlen=147: 349684 braids
    projlen=148: 153199 braids
    projlen=149: 348586 braids
    projlen=150: 152051 braids
    projlen=151: 341744 braids
    projlen=152: 146791 braids
    projlen=153: 116178 braids
  Braids kept: 1097191 (in 31 buckets, 3.89 GB CPU)
  ⚡ Timing: matmul=0.31s, sampling=10.87s, total=18.09s
============================================================
Level 245 - SAMPLING
============================================================
  Starting braids: 997191
  Candidates to generate: 5157587
  Processing in 52 chunks...
  Projlen distribution:
    projlen=125: 19 braids
    projlen=126: 19 braids
    projlen=127: 263 braids
    projlen=128: 240 braids
    projlen=129: 2389 braids
    projlen=130: 2015 braids
    projlen=131: 19199 braids
    projlen=132: 13681 braids
    projlen=133: 117554 braids
    projlen=134: 75561 braids
    projlen=135: 288340 braids
    projlen=136: 175960 braids
    projlen=137: 364189 braids
    projlen=138: 168266 braids
    projlen=139: 359536 braids
    projlen=140: 158251 braids
    projlen=141: 353646 braids
    projlen=142: 156078 braids
    projlen=143: 350918 braids
    projlen=144: 155771 braids
    projlen=145: 350347 braids
    projlen=146: 154469 braids
    projlen=147: 348137 braids
    projlen=148: 152675 braids
    projlen=149: 348655 braids
    projlen=150: 153057 braids
    projlen=151: 347080 braids
    projlen=152: 150745 braids
    projlen=153: 309918 braids
    projlen=154: 80609 braids
  Braids kept: 1137825 (in 30 buckets, 4.05 GB CPU)
  ⚡ Timing: matmul=0.26s, sampling=11.59s, total=19.06s
============================================================
Level 246 - SAMPLING
============================================================
  Starting braids: 987825
  Candidates to generate: 5106187
  Processing in 52 chunks...
  Projlen distribution:
    projlen=126: 3 braids
    projlen=127: 126 braids
    projlen=128: 127 braids
    projlen=129: 1679 braids
    projlen=130: 1422 braids
    projlen=131: 13731 braids
    projlen=132: 10184 braids
    projlen=133: 96223 braids
    projlen=134: 61959 braids
    projlen=135: 279028 braids
    projlen=136: 175077 braids
    projlen=137: 363789 braids
    projlen=138: 169665 braids
    projlen=139: 359831 braids
    projlen=140: 159568 braids
    projlen=141: 354835 braids
    projlen=142: 155118 braids
    projlen=143: 351287 braids
    projlen=144: 155572 braids
    projlen=145: 348744 braids
    projlen=146: 156017 braids
    projlen=147: 348472 braids
    projlen=148: 154720 braids
    projlen=149: 348559 braids
    projlen=150: 153323 braids
    projlen=151: 347170 braids
    projlen=152: 151004 braids
    projlen=153: 308802 braids
    projlen=154: 80152 braids
  Braids kept: 1127272 (in 29 buckets, 4.02 GB CPU)
  ⚡ Timing: matmul=0.19s, sampling=11.63s, total=19.00s
============================================================
Level 247 - SAMPLING
============================================================
  Starting braids: 977272
  Candidates to generate: 5049642
  Processing in 51 chunks...
  Projlen distribution:
    projlen=126: 2 braids
    projlen=127: 13 braids
    projlen=128: 44 braids
    projlen=129: 789 braids
    projlen=130: 791 braids
    projlen=131: 9885 braids
    projlen=132: 7482 braids
    projlen=133: 69281 braids
    projlen=134: 45859 braids
    projlen=135: 269972 braids
    projlen=136: 174504 braids
    projlen=137: 363037 braids
    projlen=138: 170251 braids
    projlen=139: 358746 braids
    projlen=140: 159631 braids
    projlen=141: 356383 braids
    projlen=142: 156192 braids
    projlen=143: 352438 braids
    projlen=144: 154110 braids
    projlen=145: 349569 braids
    projlen=146: 155633 braids
    projlen=147: 346800 braids
    projlen=148: 156902 braids
    projlen=149: 348060 braids
    projlen=150: 155356 braids
    projlen=151: 347633 braids
    projlen=152: 151173 braids
    projlen=153: 308805 braids
    projlen=154: 80301 braids
  Braids kept: 1114865 (in 29 buckets, 3.98 GB CPU)
  ⚡ Timing: matmul=0.18s, sampling=11.20s, total=18.46s
============================================================
Level 248 - SAMPLING
============================================================
  Starting braids: 964865
  Candidates to generate: 4980235
  Processing in 50 chunks...
  Projlen distribution:
    projlen=127: 10 braids
    projlen=128: 29 braids
    projlen=129: 194 braids
    projlen=130: 294 braids
    projlen=131: 4893 braids
    projlen=132: 4191 braids
    projlen=133: 51652 braids
    projlen=134: 35659 braids
    projlen=135: 258314 braids
    projlen=136: 166775 braids
    projlen=137: 351245 braids
    projlen=138: 171126 braids
    projlen=139: 358996 braids
    projlen=140: 159804 braids
    projlen=141: 354777 braids
    projlen=142: 155660 braids
    projlen=143: 351837 braids
    projlen=144: 154156 braids
    projlen=145: 350162 braids
    projlen=146: 153698 braids
    projlen=147: 349103 braids
    projlen=148: 156582 braids
    projlen=149: 346137 braids
    projlen=150: 158545 braids
    projlen=151: 344325 braids
    projlen=152: 153847 braids
    projlen=153: 307841 braids
    projlen=154: 80383 braids
  Braids kept: 1095270 (in 28 buckets, 3.92 GB CPU)
  ⚡ Timing: matmul=0.20s, sampling=10.87s, total=18.04s
============================================================
Level 249 - SAMPLING
============================================================
  Starting braids: 995270
  Candidates to generate: 5110870
  Processing in 52 chunks...
  Projlen distribution:
    projlen=126: 1 braids
    projlen=127: 2 braids
    projlen=128: 10 braids
    projlen=129: 160 braids
    projlen=130: 212 braids
    projlen=131: 1741 braids
    projlen=132: 1857 braids
    projlen=133: 27322 braids
    projlen=134: 20724 braids
    projlen=135: 243722 braids
    projlen=136: 154096 braids
    projlen=137: 328832 braids
    projlen=138: 172666 braids
    projlen=139: 358324 braids
    projlen=140: 160428 braids
    projlen=141: 354840 braids
    projlen=142: 155457 braids
    projlen=143: 351472 braids
    projlen=144: 154291 braids
    projlen=145: 350486 braids
    projlen=146: 153481 braids
    projlen=147: 348866 braids
    projlen=148: 153110 braids
    projlen=149: 348018 braids
    projlen=150: 157784 braids
    projlen=151: 346222 braids
    projlen=152: 160479 braids
    projlen=153: 337192 braids
    projlen=154: 152709 braids
    projlen=155: 116366 braids
  Braids kept: 1102029 (in 30 buckets, 3.97 GB CPU)
  ⚡ Timing: matmul=0.15s, sampling=11.51s, total=18.87s
============================================================
Level 250 - SAMPLING
============================================================
  Starting braids: 952029
  Candidates to generate: 4882419
  Processing in 49 chunks...
  Projlen distribution:
    projlen=127: 3 braids
    projlen=128: 10 braids
    projlen=129: 61 braids
    projlen=130: 106 braids
    projlen=131: 1327 braids
    projlen=132: 1306 braids
    projlen=133: 11888 braids
    projlen=134: 9871 braids
    projlen=135: 133881 braids
    projlen=136: 87606 braids
    projlen=137: 293069 braids
    projlen=138: 174609 braids
    projlen=139: 361548 braids
    projlen=140: 163740 braids
    projlen=141: 354955 braids
    projlen=142: 155754 braids
    projlen=143: 352135 braids
    projlen=144: 154441 braids
    projlen=145: 349388 braids
    projlen=146: 153269 braids
    projlen=147: 349323 braids
    projlen=148: 153109 braids
    projlen=149: 349003 braids
    projlen=150: 153119 braids
    projlen=151: 348068 braids
    projlen=152: 158701 braids
    projlen=153: 338759 braids
    projlen=154: 158173 braids
    projlen=155: 115197 braids
  Braids kept: 1074572 (in 29 buckets, 3.88 GB CPU)
  ⚡ Timing: matmul=0.24s, sampling=10.77s, total=17.83s
============================================================
Level 251 - SAMPLING
============================================================
  Starting braids: 974572
  Candidates to generate: 5018970
  Processing in 51 chunks...
  Projlen distribution:
    projlen=128: 2 braids
    projlen=129: 58 braids
    projlen=130: 69 braids
    projlen=131: 640 braids
    projlen=132: 786 braids
    projlen=133: 8647 braids
    projlen=134: 7031 braids
    projlen=135: 62921 braids
    projlen=136: 42552 braids
    projlen=137: 267054 braids
    projlen=138: 174875 braids
    projlen=139: 361966 braids
    projlen=140: 168030 braids
    projlen=141: 358087 braids
    projlen=142: 157529 braids
    projlen=143: 352786 braids
    projlen=144: 154389 braids
    projlen=145: 350294 braids
    projlen=146: 153404 braids
    projlen=147: 348785 braids
    projlen=148: 152956 braids
    projlen=149: 348189 braids
    projlen=150: 152788 braids
    projlen=151: 349048 braids
    projlen=152: 153287 braids
    projlen=153: 345205 braids
    projlen=154: 158807 braids
    projlen=155: 307440 braids
    projlen=156: 81345 braids
  Braids kept: 1109785 (in 29 buckets, 4.02 GB CPU)
  ⚡ Timing: matmul=0.15s, sampling=11.32s, total=18.58s
============================================================
Level 252 - SAMPLING
============================================================
  Starting braids: 959785
  Candidates to generate: 4957785
  Processing in 50 chunks...
  Projlen distribution:
    projlen=128: 3 braids
    projlen=129: 13 braids
    projlen=130: 33 braids
    projlen=131: 471 braids
    projlen=132: 497 braids
    projlen=133: 4803 braids
    projlen=134: 4428 braids
    projlen=135: 47132 braids
    projlen=136: 33609 braids
    projlen=137: 258010 braids
    projlen=138: 165349 braids
    projlen=139: 345165 braids
    projlen=140: 172029 braids
    projlen=141: 359291 braids
    projlen=142: 159033 braids
    projlen=143: 354858 braids
    projlen=144: 155079 braids
    projlen=145: 350540 braids
    projlen=146: 153627 braids
    projlen=147: 349529 braids
    projlen=148: 153394 braids
    projlen=149: 348494 braids
    projlen=150: 152840 braids
    projlen=151: 348441 braids
    projlen=152: 152930 braids
    projlen=153: 347390 braids
    projlen=154: 151358 braids
    projlen=155: 309017 braids
    projlen=156: 80422 braids
  Braids kept: 1090989 (in 29 buckets, 3.96 GB CPU)
  ⚡ Timing: matmul=0.18s, sampling=10.93s, total=18.11s
============================================================
Level 253 - SAMPLING
============================================================
  Starting braids: 990989
  Candidates to generate: 5086311
  Processing in 51 chunks...
  Projlen distribution:
    projlen=128: 3 braids
    projlen=129: 9 braids
    projlen=130: 26 braids
    projlen=131: 175 braids
    projlen=132: 240 braids
    projlen=133: 3221 braids
    projlen=134: 2928 braids
    projlen=135: 29267 braids
    projlen=136: 22536 braids
    projlen=137: 231128 braids
    projlen=138: 146119 braids
    projlen=139: 324183 braids
    projlen=140: 174036 braids
    projlen=141: 360349 braids
    projlen=142: 161526 braids
    projlen=143: 355043 braids
    projlen=144: 155396 braids
    projlen=145: 352370 braids
    projlen=146: 154270 braids
    projlen=147: 349163 braids
    projlen=148: 152912 braids
    projlen=149: 349314 braids
    projlen=150: 153315 braids
    projlen=151: 348795 braids
    projlen=152: 152660 braids
    projlen=153: 348202 braids
    projlen=154: 151893 braids
    projlen=155: 341720 braids
    projlen=156: 148216 braids
    projlen=157: 117296 braids
  Braids kept: 1108405 (in 30 buckets, 4.05 GB CPU)
  ⚡ Timing: matmul=0.23s, sampling=11.57s, total=19.00s
============================================================
Level 254 - SAMPLING
============================================================
  Starting braids: 958405
  Candidates to generate: 4913787
  Processing in 50 chunks...
  Projlen distribution:
    projlen=128: 2 braids
    projlen=129: 15 braids
    projlen=130: 21 braids
    projlen=131: 147 braids
    projlen=132: 168 braids
    projlen=133: 1507 braids
    projlen=134: 1573 braids
    projlen=135: 19344 braids
    projlen=136: 15095 braids
    projlen=137: 148395 braids
    projlen=138: 96318 braids
    projlen=139: 297790 braids
    projlen=140: 174562 braids
    projlen=141: 360277 braids
    projlen=142: 163807 braids
    projlen=143: 356383 braids
    projlen=144: 156501 braids
    projlen=145: 352704 braids
    projlen=146: 154309 braids
    projlen=147: 350193 braids
    projlen=148: 153590 braids
    projlen=149: 349311 braids
    projlen=150: 152702 braids
    projlen=151: 348907 braids
    projlen=152: 152928 braids
    projlen=153: 348950 braids
    projlen=154: 152247 braids
    projlen=155: 342513 braids
    projlen=156: 147177 braids
    projlen=157: 116351 braids
  Braids kept: 1087872 (in 30 buckets, 3.98 GB CPU)
  ⚡ Timing: matmul=0.28s, sampling=11.27s, total=18.53s
============================================================
Level 255 - SAMPLING
============================================================
  Starting braids: 987872
  Candidates to generate: 5095828
  Processing in 51 chunks...
  Projlen distribution:
    projlen=129: 15 braids
    projlen=130: 26 braids
    projlen=131: 154 braids
    projlen=132: 142 braids
    projlen=133: 1175 braids
    projlen=134: 1128 braids
    projlen=135: 10250 braids
    projlen=136: 8481 braids
    projlen=137: 98011 braids
    projlen=138: 65276 braids
    projlen=139: 282361 braids
    projlen=140: 176369 braids
    projlen=141: 363117 braids
    projlen=142: 167472 braids
    projlen=143: 357392 braids
    projlen=144: 157695 braids
    projlen=145: 353263 braids
    projlen=146: 154559 braids
    projlen=147: 351127 braids
    projlen=148: 153859 braids
    projlen=149: 349714 braids
    projlen=150: 153345 braids
    projlen=151: 349239 braids
    projlen=152: 152968 braids
    projlen=153: 348063 braids
    projlen=154: 152741 braids
    projlen=155: 346571 braids
    projlen=156: 150501 braids
    projlen=157: 310179 braids
    projlen=158: 80635 braids
  Braids kept: 1121371 (in 30 buckets, 4.12 GB CPU)
  ⚡ Timing: matmul=0.23s, sampling=11.86s, total=19.30s
============================================================
Level 256 - SAMPLING
============================================================
  Starting braids: 971371
  Candidates to generate: 5010143
  Processing in 51 chunks...
  Projlen distribution:
    projlen=129: 2 braids
    projlen=130: 8 braids
    projlen=131: 149 braids
    projlen=132: 156 braids
    projlen=133: 1086 braids
    projlen=134: 875 braids
    projlen=135: 7872 braids
    projlen=136: 6258 braids
    projlen=137: 55788 braids
    projlen=138: 38496 braids
    projlen=139: 266644 braids
    projlen=140: 176084 braids
    projlen=141: 363238 braids
    projlen=142: 170509 braids
    projlen=143: 358565 braids
    projlen=144: 158879 braids
    projlen=145: 354297 braids
    projlen=146: 155275 braids
    projlen=147: 351080 braids
    projlen=148: 153722 braids
    projlen=149: 349488 braids
    projlen=150: 153102 braids
    projlen=151: 348397 braids
    projlen=152: 152827 braids
    projlen=153: 349148 braids
    projlen=154: 153313 braids
    projlen=155: 346496 braids
    projlen=156: 150342 braids
    projlen=157: 308068 braids
    projlen=158: 79979 braids
  Braids kept: 1104902 (in 30 buckets, 4.07 GB CPU)
  ⚡ Timing: matmul=0.17s, sampling=11.33s, total=18.64s
============================================================
Level 257 - SAMPLING
============================================================
  Starting braids: 954902
  Candidates to generate: 4946896
  Processing in 50 chunks...
  Projlen distribution:
    projlen=129: 1 braids
    projlen=130: 4 braids
    projlen=131: 49 braids
    projlen=132: 67 braids
    projlen=133: 999 braids
    projlen=134: 879 braids
    projlen=135: 6660 braids
    projlen=136: 4955 braids
    projlen=137: 44275 braids
    projlen=138: 31158 braids
    projlen=139: 254221 braids
    projlen=140: 160134 braids
    projlen=141: 336727 braids
    projlen=142: 173280 braids
    projlen=143: 359901 braids
    projlen=144: 160115 braids
    projlen=145: 355782 braids
    projlen=146: 155805 braids
    projlen=147: 352209 braids
    projlen=148: 154418 braids
    projlen=149: 350060 braids
    projlen=150: 153177 braids
    projlen=151: 349241 braids
    projlen=152: 153046 braids
    projlen=153: 348721 braids
    projlen=154: 152834 braids
    projlen=155: 348081 braids
    projlen=156: 151155 braids
    projlen=157: 309030 braids
    projlen=158: 79912 braids
  Braids kept: 1089047 (in 30 buckets, 4.02 GB CPU)
  ⚡ Timing: matmul=0.17s, sampling=11.25s, total=18.45s
============================================================
Level 258 - SAMPLING
============================================================
  Starting braids: 989047
  Candidates to generate: 5090059
  Processing in 51 chunks...
  Projlen distribution:
    projlen=129: 5 braids
    projlen=130: 4 braids
    projlen=131: 36 braids
    projlen=132: 46 braids
    projlen=133: 397 braids
    projlen=134: 419 braids
    projlen=135: 5911 braids
    projlen=136: 4681 braids
    projlen=137: 36924 braids
    projlen=138: 25181 braids
    projlen=139: 221068 braids
    projlen=140: 137543 braids
    projlen=141: 320521 braids
    projlen=142: 174780 braids
    projlen=143: 362617 braids
    projlen=144: 163402 braids
    projlen=145: 357055 braids
    projlen=146: 156278 braids
    projlen=147: 352191 braids
    projlen=148: 154378 braids
    projlen=149: 349507 braids
    projlen=150: 153379 braids
    projlen=151: 349604 braids
    projlen=152: 153120 braids
    projlen=153: 349442 braids
    projlen=154: 153489 braids
    projlen=155: 349623 braids
    projlen=156: 152192 braids
    projlen=157: 341328 braids
    projlen=158: 147660 braids
    projlen=159: 117278 braids
  Braids kept: 1123604 (in 31 buckets, 4.16 GB CPU)
  ⚡ Timing: matmul=0.21s, sampling=11.69s, total=19.14s
============================================================
Level 259 - SAMPLING
============================================================
  Starting braids: 973604
  Candidates to generate: 4999818
  Processing in 50 chunks...
  Projlen distribution:
    projlen=129: 6 braids
    projlen=130: 4 braids
    projlen=131: 43 braids
    projlen=132: 30 braids
    projlen=133: 313 braids
    projlen=134: 311 braids
    projlen=135: 2764 braids
    projlen=136: 2493 braids
    projlen=137: 32242 braids
    projlen=138: 23131 braids
    projlen=139: 182038 braids
    projlen=140: 111562 braids
    projlen=141: 305261 braids
    projlen=142: 174885 braids
    projlen=143: 363018 braids
    projlen=144: 165403 braids
    projlen=145: 357780 braids
    projlen=146: 157193 braids
    projlen=147: 353069 braids
    projlen=148: 154852 braids
    projlen=149: 350523 braids
    projlen=150: 153221 braids
    projlen=151: 348443 braids
    projlen=152: 152809 braids
    projlen=153: 349190 braids
    projlen=154: 153055 braids
    projlen=155: 348231 braids
    projlen=156: 152254 braids
    projlen=157: 342436 braids
    projlen=158: 146952 braids
    projlen=159: 116306 braids
  Braids kept: 1111337 (in 31 buckets, 4.12 GB CPU)
  ⚡ Timing: matmul=0.21s, sampling=11.38s, total=18.69s
============================================================
Level 260 - SAMPLING
============================================================
  Starting braids: 961337
  Candidates to generate: 4932255
  Processing in 50 chunks...
  Projlen distribution:
    projlen=129: 4 braids
    projlen=130: 3 braids
    projlen=131: 36 braids
    projlen=132: 26 braids
    projlen=133: 260 braids
    projlen=134: 213 braids
    projlen=135: 2159 braids
    projlen=136: 1925 braids
    projlen=137: 16967 braids
    projlen=138: 12808 braids
    projlen=139: 157157 braids
    projlen=140: 100914 braids
    projlen=141: 298250 braids
    projlen=142: 172757 braids
    projlen=143: 361872 braids
    projlen=144: 166688 braids
    projlen=145: 357790 braids
    projlen=146: 157792 braids
    projlen=147: 353656 braids
    projlen=148: 155055 braids
    projlen=149: 351397 braids
    projlen=150: 153838 braids
    projlen=151: 349177 braids
    projlen=152: 153199 braids
    projlen=153: 348155 braids
    projlen=154: 152525 braids
    projlen=155: 348858 braids
    projlen=156: 152865 braids
    projlen=157: 342847 braids
    projlen=158: 146810 braids
    projlen=159: 116252 braids
  Braids kept: 1084401 (in 31 buckets, 4.03 GB CPU)
  ⚡ Timing: matmul=0.16s, sampling=11.38s, total=18.60s
============================================================
Level 261 - SAMPLING
============================================================
  Starting braids: 984401
  Candidates to generate: 5070747
  Processing in 51 chunks...
  Projlen distribution:
    projlen=129: 5 braids
    projlen=130: 2 braids
    projlen=131: 24 braids
    projlen=132: 21 braids
    projlen=133: 194 braids
    projlen=134: 150 braids
    projlen=135: 1548 braids
    projlen=136: 1357 braids
    projlen=137: 13138 braids
    projlen=138: 9934 braids
    projlen=139: 86241 braids
    projlen=140: 55609 braids
    projlen=141: 275404 braids
    projlen=142: 174845 braids
    projlen=143: 362186 braids
    projlen=144: 166680 braids
    projlen=145: 357670 braids
    projlen=146: 158482 braids
    projlen=147: 353081 braids
    projlen=148: 154601 braids
    projlen=149: 351666 braids
    projlen=150: 154285 braids
    projlen=151: 349397 braids
    projlen=152: 153392 braids
    projlen=153: 349173 braids
    projlen=154: 153307 braids
    projlen=155: 348358 braids
    projlen=156: 152646 braids
    projlen=157: 346270 braids
    projlen=158: 150748 braids
    projlen=159: 310032 braids
    projlen=160: 80301 braids
  Braids kept: 1126373 (in 32 buckets, 4.21 GB CPU)
  ⚡ Timing: matmul=0.19s, sampling=11.86s, total=19.29s
============================================================
Level 262 - SAMPLING
============================================================
  Starting braids: 976373
  Candidates to generate: 5032247
  Processing in 51 chunks...
  Projlen distribution:
    projlen=130: 5 braids
    projlen=131: 20 braids
    projlen=132: 13 braids
    projlen=133: 140 braids
    projlen=134: 129 braids
    projlen=135: 1061 braids
    projlen=136: 883 braids
    projlen=137: 9262 braids
    projlen=138: 7207 braids
    projlen=139: 67738 braids
    projlen=140: 45397 braids
    projlen=141: 268993 braids
    projlen=142: 174147 braids
    projlen=143: 362738 braids
    projlen=144: 170340 braids
    projlen=145: 358317 braids
    projlen=146: 158402 braids
    projlen=147: 353692 braids
    projlen=148: 155098 braids
    projlen=149: 351239 braids
    projlen=150: 153957 braids
    projlen=151: 349465 braids
    projlen=152: 153316 braids
    projlen=153: 349392 braids
    projlen=154: 153364 braids
    projlen=155: 349548 braids
    projlen=156: 153261 braids
    projlen=157: 345944 braids
    projlen=158: 150212 braids
    projlen=159: 308650 braids
    projlen=160: 80317 braids
  Braids kept: 1114117 (in 31 buckets, 4.17 GB CPU)
  ⚡ Timing: matmul=0.18s, sampling=11.74s, total=19.15s
============================================================
Level 263 - SAMPLING
============================================================
  Starting braids: 964117
  Candidates to generate: 4976233
  Processing in 50 chunks...
  Projlen distribution:
    projlen=132: 25 braids
    projlen=133: 102 braids
    projlen=134: 81 braids
    projlen=135: 780 braids
    projlen=136: 731 braids
    projlen=137: 6192 braids
    projlen=138: 4771 braids
    projlen=139: 49470 braids
    projlen=140: 34399 braids
    projlen=141: 258789 braids
    projlen=142: 167510 braids
    projlen=143: 351903 braids
    projlen=144: 171907 braids
    projlen=145: 359571 braids
    projlen=146: 159861 braids
    projlen=147: 354951 braids
    projlen=148: 155422 braids
    projlen=149: 352144 braids
    projlen=150: 153958 braids
    projlen=151: 349756 braids
    projlen=152: 153186 braids
    projlen=153: 348477 braids
    projlen=154: 152987 braids
    projlen=155: 348839 braids
    projlen=156: 153056 braids
    projlen=157: 347806 braids
    projlen=158: 151049 braids
    projlen=159: 308628 braids
    projlen=160: 79882 braids
  Braids kept: 1096551 (in 29 buckets, 4.11 GB CPU)
  ⚡ Timing: matmul=0.24s, sampling=11.35s, total=18.69s
============================================================
Level 264 - SAMPLING
============================================================
  Starting braids: 996551
  Candidates to generate: 5112587
  Processing in 52 chunks...
  Projlen distribution:
    projlen=132: 2 braids
    projlen=133: 4 braids
    projlen=134: 125 braids
    projlen=135: 536 braids
    projlen=136: 508 braids
    projlen=137: 4533 braids
    projlen=138: 3904 braids
    projlen=139: 34216 braids
    projlen=140: 24402 braids
    projlen=141: 243357 braids
    projlen=142: 152172 braids
    projlen=143: 325098 braids
    projlen=144: 172450 braids
    projlen=145: 358426 braids
    projlen=146: 160765 braids
    projlen=147: 356064 braids
    projlen=148: 156252 braids
    projlen=149: 351643 braids
    projlen=150: 153945 braids
    projlen=151: 349836 braids
    projlen=152: 153449 braids
    projlen=153: 349248 braids
    projlen=154: 153078 braids
    projlen=155: 348392 braids
    projlen=156: 152885 braids
    projlen=157: 348159 braids
    projlen=158: 152348 braids
    projlen=159: 341790 braids
    projlen=160: 147578 braids
    projlen=161: 117422 braids
  Braids kept: 1118230 (in 30 buckets, 4.21 GB CPU)
  ⚡ Timing: matmul=0.16s, sampling=12.00s, total=19.56s
============================================================
Level 265 - SAMPLING
============================================================
  Starting braids: 968230
  Candidates to generate: 4962520
  Processing in 50 chunks...
  Projlen distribution:
    projlen=132: 2 braids
    projlen=133: 4 braids
    projlen=134: 13 braids
    projlen=135: 84 braids
    projlen=136: 614 braids
    projlen=137: 2963 braids
    projlen=138: 2882 braids
    projlen=139: 25272 braids
    projlen=140: 19623 braids
    projlen=141: 169123 braids
    projlen=142: 106800 braids
    projlen=143: 303332 braids
    projlen=144: 175222 braids
    projlen=145: 361245 braids
    projlen=146: 163795 braids
    projlen=147: 355681 braids
    projlen=148: 156291 braids
    projlen=149: 352732 braids
    projlen=150: 154723 braids
    projlen=151: 350727 braids
    projlen=152: 153448 braids
    projlen=153: 347956 braids
    projlen=154: 152672 braids
    projlen=155: 348103 braids
    projlen=156: 152749 braids
    projlen=157: 349161 braids
    projlen=158: 152620 braids
    projlen=159: 341556 braids
    projlen=160: 146833 braids
    projlen=161: 116294 braids
  Braids kept: 1101457 (in 30 buckets, 4.15 GB CPU)
  ⚡ Timing: matmul=0.18s, sampling=11.61s, total=18.95s
============================================================
Level 266 - SAMPLING
============================================================
  Starting braids: 951457
  Candidates to generate: 4882863
  Processing in 49 chunks...
  Projlen distribution:
    projlen=132: 2 braids
    projlen=133: 4 braids
    projlen=134: 10 braids
    projlen=135: 72 braids
    projlen=136: 91 braids
    projlen=137: 739 braids
    projlen=138: 3080 braids
    projlen=139: 16028 braids
    projlen=140: 15136 braids
    projlen=141: 124776 braids
    projlen=142: 86418 braids
    projlen=143: 289759 braids
    projlen=144: 175491 braids
    projlen=145: 362748 braids
    projlen=146: 167666 braids
    projlen=147: 358284 braids
    projlen=148: 157804 braids
    projlen=149: 353247 braids
    projlen=150: 154482 braids
    projlen=151: 351233 braids
    projlen=152: 154025 braids
    projlen=153: 350572 braids
    projlen=154: 153397 braids
    projlen=155: 348190 braids
    projlen=156: 152562 braids
    projlen=157: 348340 braids
    projlen=158: 152218 braids
    projlen=159: 342824 braids
    projlen=160: 147473 braids
    projlen=161: 116192 braids
  Braids kept: 1085162 (in 30 buckets, 4.10 GB CPU)
  ⚡ Timing: matmul=0.20s, sampling=11.38s, total=18.59s
============================================================
Level 267 - SAMPLING
============================================================
  Starting braids: 985162
  Candidates to generate: 5083862
  Processing in 51 chunks...
  Projlen distribution:
    projlen=133: 7 braids
    projlen=134: 8 braids
    projlen=135: 60 braids
    projlen=136: 54 braids
    projlen=137: 573 braids
    projlen=138: 583 braids
    projlen=139: 5167 braids
    projlen=140: 14927 braids
    projlen=141: 78482 braids
    projlen=142: 69052 braids
    projlen=143: 272762 braids
    projlen=144: 185812 braids
    projlen=145: 358717 braids
    projlen=146: 170992 braids
    projlen=147: 357262 braids
    projlen=148: 158439 braids
    projlen=149: 354763 braids
    projlen=150: 155738 braids
    projlen=151: 351758 braids
    projlen=152: 153892 braids
    projlen=153: 349535 braids
    projlen=154: 153325 braids
    projlen=155: 349290 braids
    projlen=156: 152962 braids
    projlen=157: 349284 braids
    projlen=158: 153344 braids
    projlen=159: 346792 braids
    projlen=160: 150667 braids
    projlen=161: 309307 braids
    projlen=162: 80308 braids
  Braids kept: 1121379 (in 30 buckets, 4.26 GB CPU)
  ⚡ Timing: matmul=0.20s, sampling=12.06s, total=19.60s
============================================================
Level 268 - SAMPLING
============================================================
  Starting braids: 971379
  Candidates to generate: 5031215
  Processing in 51 chunks...
  Projlen distribution:
    projlen=133: 5 braids
    projlen=134: 3 braids
    projlen=135: 59 braids
    projlen=136: 56 braids
    projlen=137: 398 braids
    projlen=138: 363 braids
    projlen=139: 3733 braids
    projlen=140: 3502 braids
    projlen=141: 29210 braids
    projlen=142: 66264 braids
    projlen=143: 253377 braids
    projlen=144: 214781 braids
    projlen=145: 345913 braids
    projlen=146: 185361 braids
    projlen=147: 352393 braids
    projlen=148: 163752 braids
    projlen=149: 353718 braids
    projlen=150: 155677 braids
    projlen=151: 351447 braids
    projlen=152: 154383 braids
    projlen=153: 351094 braids
    projlen=154: 153664 braids
    projlen=155: 348978 braids
    projlen=156: 152874 braids
    projlen=157: 349228 braids
    projlen=158: 152966 braids
    projlen=159: 347294 braids
    projlen=160: 150959 braids
    projlen=161: 309494 braids
    projlen=162: 80269 braids
  Braids kept: 1087329 (in 30 buckets, 4.14 GB CPU)
  ⚡ Timing: matmul=0.17s, sampling=11.77s, total=19.23s
============================================================
Level 269 - SAMPLING
============================================================
  Starting braids: 987329
  Candidates to generate: 5104169
  Processing in 52 chunks...
  Projlen distribution:
    projlen=133: 2 braids
    projlen=134: 2 braids
    projlen=135: 37 braids
    projlen=136: 32 braids
    projlen=137: 364 braids
    projlen=138: 344 braids
    projlen=139: 2434 braids
    projlen=140: 2283 braids
    projlen=141: 21377 braids
    projlen=142: 18613 braids
    projlen=143: 142136 braids
    projlen=144: 225276 braids
    projlen=145: 323318 braids
    projlen=146: 220226 braids
    projlen=147: 335536 braids
    projlen=148: 183917 braids
    projlen=149: 347076 braids
    projlen=150: 164480 braids
    projlen=151: 349659 braids
    projlen=152: 155149 braids
    projlen=153: 349050 braids
    projlen=154: 153395 braids
    projlen=155: 349414 braids
    projlen=156: 152943 braids
    projlen=157: 348817 braids
    projlen=158: 152734 braids
    projlen=159: 347988 braids
    projlen=160: 151926 braids
    projlen=161: 341010 braids
    projlen=162: 147351 braids
    projlen=163: 117280 braids
  Braids kept: 1095488 (in 31 buckets, 4.19 GB CPU)
  ⚡ Timing: matmul=0.15s, sampling=12.19s, total=19.77s
============================================================
Level 270 - SAMPLING
============================================================
  Starting braids: 995488
  Candidates to generate: 5205156
  Processing in 53 chunks...
  Projlen distribution:
    projlen=134: 1 braids
    projlen=135: 12 braids
    projlen=136: 20 braids
    projlen=137: 247 braids
    projlen=138: 245 braids
    projlen=139: 2095 braids
    projlen=140: 1966 braids
    projlen=141: 13957 braids
    projlen=142: 12593 braids
    projlen=143: 108431 braids
    projlen=144: 85347 braids
    projlen=145: 259280 braids
    projlen=146: 264574 braids
    projlen=147: 306815 braids
    projlen=148: 225567 braids
    projlen=149: 326346 braids
    projlen=150: 191532 braids
    projlen=151: 339247 braids
    projlen=152: 169266 braids
    projlen=153: 346842 braids
    projlen=154: 155817 braids
    projlen=155: 348417 braids
    projlen=156: 153095 braids
    projlen=157: 348963 braids
    projlen=158: 153011 braids
    projlen=159: 348700 braids
    projlen=160: 152877 braids
    projlen=161: 346717 braids
    projlen=162: 151221 braids
    projlen=163: 310916 braids
    projlen=164: 81039 braids
  Braids kept: 1131136 (in 31 buckets, 4.34 GB CPU)
  ⚡ Timing: matmul=0.15s, sampling=12.71s, total=20.50s
============================================================
Level 271 - SAMPLING
============================================================
  Starting braids: 981136
  Candidates to generate: 5166638
  Processing in 52 chunks...
  Projlen distribution:
    projlen=135: 3 braids
    projlen=136: 13 braids
    projlen=137: 93 braids
    projlen=138: 138 braids
    projlen=139: 1521 braids
    projlen=140: 1479 braids
    projlen=141: 11748 braids
    projlen=142: 10168 braids
    projlen=143: 71895 braids
    projlen=144: 58655 braids
    projlen=145: 266346 braids
    projlen=146: 203157 braids
    projlen=147: 333708 braids
    projlen=148: 250524 braids
    projlen=149: 300925 braids
    projlen=150: 236996 braids
    projlen=151: 315840 braids
    projlen=152: 203129 braids
    projlen=153: 331727 braids
    projlen=154: 176546 braids
    projlen=155: 342939 braids
    projlen=156: 157813 braids
    projlen=157: 349021 braids
    projlen=158: 154031 braids
    projlen=159: 347993 braids
    projlen=160: 152479 braids
    projlen=161: 347025 braids
    projlen=162: 151214 braids
    projlen=163: 309062 braids
    projlen=164: 80450 braids
  Braids kept: 1125163 (in 30 buckets, 4.33 GB CPU)
  ⚡ Timing: matmul=0.19s, sampling=12.47s, total=20.21s
============================================================
Level 272 - SAMPLING
============================================================
  Starting braids: 975163
  Candidates to generate: 5175813
  Processing in 52 chunks...
  Projlen distribution:
    projlen=137: 46 braids
    projlen=138: 100 braids
    projlen=139: 668 braids
    projlen=140: 800 braids
    projlen=141: 8772 braids
    projlen=142: 7953 braids
    projlen=143: 60682 braids
    projlen=144: 48511 braids
    projlen=145: 258601 braids
    projlen=146: 205245 braids
    projlen=147: 348668 braids
    projlen=148: 202778 braids
    projlen=149: 327898 braids
    projlen=150: 237523 braids
    projlen=151: 299740 braids
    projlen=152: 246012 braids
    projlen=153: 305087 braids
    projlen=154: 216576 braids
    projlen=155: 324228 braids
    projlen=156: 187437 braids
    projlen=157: 338734 braids
    projlen=158: 161640 braids
    projlen=159: 347656 braids
    projlen=160: 154306 braids
    projlen=161: 347111 braids
    projlen=162: 150931 braids
    projlen=163: 308092 braids
    projlen=164: 80018 braids
  Braids kept: 1116850 (in 28 buckets, 4.30 GB CPU)
  ⚡ Timing: matmul=0.22s, sampling=12.33s, total=20.10s
============================================================
Level 273 - SAMPLING
============================================================
  Starting braids: 966850
  Candidates to generate: 5167068
  Processing in 52 chunks...
  Projlen distribution:
    projlen=137: 6 braids
    projlen=138: 12 braids
    projlen=139: 383 braids
    projlen=140: 674 braids
    projlen=141: 4243 braids
    projlen=142: 4482 braids
    projlen=143: 46170 braids
    projlen=144: 38582 braids
    projlen=145: 252737 braids
    projlen=146: 197330 braids
    projlen=147: 344522 braids
    projlen=148: 206694 braids
    projlen=149: 337732 braids
    projlen=150: 199227 braids
    projlen=151: 323343 braids
    projlen=152: 234972 braids
    projlen=153: 296293 braids
    projlen=154: 250613 braids
    projlen=155: 298057 braids
    projlen=156: 229757 braids
    projlen=157: 315310 braids
    projlen=158: 200197 braids
    projlen=159: 333201 braids
    projlen=160: 168338 braids
    projlen=161: 343714 braids
    projlen=162: 152431 braids
    projlen=163: 307919 braids
    projlen=164: 80129 braids
  Braids kept: 1094552 (in 28 buckets, 4.22 GB CPU)
  ⚡ Timing: matmul=0.19s, sampling=12.33s, total=20.06s
============================================================
Level 274 - SAMPLING
============================================================
  Starting braids: 994552
  Candidates to generate: 5309976
  Processing in 54 chunks...
  Projlen distribution:
    projlen=136: 1 braids
    projlen=137: 4 braids
    projlen=138: 14 braids
    projlen=139: 69 braids
    projlen=140: 135 braids
    projlen=141: 2660 braids
    projlen=142: 3845 braids
    projlen=143: 24568 braids
    projlen=144: 23034 braids
    projlen=145: 223343 braids
    projlen=146: 170032 braids
    projlen=147: 322263 braids
    projlen=148: 202710 braids
    projlen=149: 338522 braids
    projlen=150: 201907 braids
    projlen=151: 330113 braids
    projlen=152: 204043 braids
    projlen=153: 317199 braids
    projlen=154: 235734 braids
    projlen=155: 294452 braids
    projlen=156: 254526 braids
    projlen=157: 292274 braids
    projlen=158: 241511 braids
    projlen=159: 307522 braids
    projlen=160: 214533 braids
    projlen=161: 325945 braids
    projlen=162: 177276 braids
    projlen=163: 334243 braids
    projlen=164: 151164 braids
    projlen=165: 116334 braids
  Braids kept: 1104330 (in 30 buckets, 4.28 GB CPU)
  ⚡ Timing: matmul=0.16s, sampling=12.95s, total=20.93s
============================================================
Level 275 - SAMPLING
============================================================
  Starting braids: 954330
  Candidates to generate: 5133586
  Processing in 52 chunks...
  Projlen distribution:
    projlen=137: 4 braids
    projlen=138: 5 braids
    projlen=139: 62 braids
    projlen=140: 112 braids
    projlen=141: 709 braids
    projlen=142: 1067 braids
    projlen=143: 16231 braids
    projlen=144: 19540 braids
    projlen=145: 123409 braids
    projlen=146: 100523 braids
    projlen=147: 287949 braids
    projlen=148: 200340 braids
    projlen=149: 342604 braids
    projlen=150: 199301 braids
    projlen=151: 331815 braids
    projlen=152: 205951 braids
    projlen=153: 321945 braids
    projlen=154: 212756 braids
    projlen=155: 311554 braids
    projlen=156: 238309 braids
    projlen=157: 292226 braids
    projlen=158: 256785 braids
    projlen=159: 287914 braids
    projlen=160: 249652 braids
    projlen=161: 299694 braids
    projlen=162: 227200 braids
    projlen=163: 312340 braids
    projlen=164: 183842 braids
    projlen=165: 109747 braids
  Braids kept: 1087730 (in 29 buckets, 4.23 GB CPU)
  ⚡ Timing: matmul=0.17s, sampling=12.76s, total=20.50s
============================================================
Level 276 - SAMPLING
============================================================
  Starting braids: 987730
  Candidates to generate: 5354274
  Processing in 54 chunks...
  Projlen distribution:
    projlen=137: 3 braids
    projlen=138: 3 braids
    projlen=139: 39 braids
    projlen=140: 47 braids
    projlen=141: 595 braids
    projlen=142: 773 braids
    projlen=143: 5528 braids
    projlen=144: 6560 braids
    projlen=145: 81692 braids
    projlen=146: 84519 braids
    projlen=147: 274572 braids
    projlen=148: 208054 braids
    projlen=149: 344010 braids
    projlen=150: 198353 braids
    projlen=151: 335718 braids
    projlen=152: 201321 braids
    projlen=153: 324101 braids
    projlen=154: 214277 braids
    projlen=155: 314255 braids
    projlen=156: 221313 braids
    projlen=157: 306391 braids
    projlen=158: 242223 braids
    projlen=159: 290380 braids
    projlen=160: 259645 braids
    projlen=161: 284964 braids
    projlen=162: 255394 braids
    projlen=163: 292119 braids
    projlen=164: 236942 braids
    projlen=165: 279973 braids
    projlen=166: 90510 braids
  Braids kept: 1113548 (in 30 buckets, 4.35 GB CPU)
  ⚡ Timing: matmul=0.21s, sampling=13.16s, total=21.27s
============================================================
Level 277 - SAMPLING
============================================================
  Starting braids: 963548
  Candidates to generate: 5235400
  Processing in 53 chunks...
  Projlen distribution:
    projlen=139: 24 braids
    projlen=140: 30 braids
    projlen=141: 317 braids
    projlen=142: 398 braids
    projlen=143: 4265 braids
    projlen=144: 4700 braids
    projlen=145: 31855 braids
    projlen=146: 30768 braids
    projlen=147: 243410 braids
    projlen=148: 223516 braids
    projlen=149: 337356 braids
    projlen=150: 208803 braids
    projlen=151: 335354 braids
    projlen=152: 198444 braids
    projlen=153: 328944 braids
    projlen=154: 208434 braids
    projlen=155: 318632 braids
    projlen=156: 222355 braids
    projlen=157: 309386 braids
    projlen=158: 231630 braids
    projlen=159: 302125 braids
    projlen=160: 244985 braids
    projlen=161: 288309 braids
    projlen=162: 261085 braids
    projlen=163: 281710 braids
    projlen=164: 257680 braids
    projlen=165: 265719 braids
    projlen=166: 95166 braids
  Braids kept: 1072357 (in 28 buckets, 4.20 GB CPU)
  ⚡ Timing: matmul=0.17s, sampling=12.76s, total=20.69s
============================================================
Level 278 - SAMPLING
============================================================
  Starting braids: 972357
  Candidates to generate: 5280503
  Processing in 53 chunks...
  Projlen distribution:
    projlen=140: 5 braids
    projlen=141: 168 braids
    projlen=142: 263 braids
    projlen=143: 2264 braids
    projlen=144: 2659 braids
    projlen=145: 25146 braids
    projlen=146: 24282 braids
    projlen=147: 160019 braids
    projlen=148: 135166 braids
    projlen=149: 296707 braids
    projlen=150: 223027 braids
    projlen=151: 327772 braids
    projlen=152: 209307 braids
    projlen=153: 326521 braids
    projlen=154: 204956 braids
    projlen=155: 321441 braids
    projlen=156: 215415 braids
    projlen=157: 311521 braids
    projlen=158: 228934 braids
    projlen=159: 303925 braids
    projlen=160: 239268 braids
    projlen=161: 296949 braids
    projlen=162: 249843 braids
    projlen=163: 286611 braids
    projlen=164: 261529 braids
    projlen=165: 276891 braids
    projlen=166: 249190 braids
    projlen=167: 100724 braids
  Braids kept: 1104787 (in 28 buckets, 4.34 GB CPU)
  ⚡ Timing: matmul=0.23s, sampling=13.02s, total=21.02s
============================================================
Level 279 - SAMPLING
============================================================
  Starting braids: 954787
  Candidates to generate: 5184527
  Processing in 52 chunks...
  Projlen distribution:
    projlen=140: 2 braids
    projlen=141: 22 braids
    projlen=142: 72 braids
    projlen=143: 1233 braids
    projlen=144: 1693 braids
    projlen=145: 13964 braids
    projlen=146: 14521 braids
    projlen=147: 125791 braids
    projlen=148: 106323 braids
    projlen=149: 285622 braids
    projlen=150: 212921 braids
    projlen=151: 334238 braids
    projlen=152: 219075 braids
    projlen=153: 321771 braids
    projlen=154: 217237 braids
    projlen=155: 317130 braids
    projlen=156: 213823 braids
    projlen=157: 314126 braids
    projlen=158: 223910 braids
    projlen=159: 306345 braids
    projlen=160: 236111 braids
    projlen=161: 298827 braids
    projlen=162: 245692 braids
    projlen=163: 293380 braids
    projlen=164: 253226 braids
    projlen=165: 281163 braids
    projlen=166: 246147 braids
    projlen=167: 100162 braids
  Braids kept: 1081507 (in 28 buckets, 4.26 GB CPU)
  ⚡ Timing: matmul=0.21s, sampling=12.81s, total=20.68s
============================================================
Level 280 - SAMPLING
============================================================
  Starting braids: 981507
  Candidates to generate: 5329461
  Processing in 54 chunks...
  Projlen distribution:
    projlen=140: 1 braids
    projlen=141: 14 braids
    projlen=142: 43 braids
    projlen=143: 371 braids
    projlen=144: 623 braids
    projlen=145: 7926 braids
    projlen=146: 9200 braids
    projlen=147: 72603 braids
    projlen=148: 64805 braids
    projlen=149: 264946 braids
    projlen=150: 207878 braids
    projlen=151: 339880 braids
    projlen=152: 211469 braids
    projlen=153: 327012 braids
    projlen=154: 218718 braids
    projlen=155: 315003 braids
    projlen=156: 226222 braids
    projlen=157: 309176 braids
    projlen=158: 223893 braids
    projlen=159: 307634 braids
    projlen=160: 232447 braids
    projlen=161: 300693 braids
    projlen=162: 241715 braids
    projlen=163: 293804 braids
    projlen=164: 249790 braids
    projlen=165: 288209 braids
    projlen=166: 254425 braids
    projlen=167: 265010 braids
    projlen=168: 95951 braids
  Braids kept: 1118178 (in 29 buckets, 4.42 GB CPU)
  ⚡ Timing: matmul=0.18s, sampling=13.52s, total=21.62s
============================================================
Level 281 - SAMPLING
============================================================
  Starting braids: 968178
  Candidates to generate: 5265042
  Processing in 53 chunks...
  Projlen distribution:
    projlen=141: 9 braids
    projlen=142: 21 braids
    projlen=143: 223 braids
    projlen=144: 363 braids
    projlen=145: 3154 braids
    projlen=146: 3864 braids
    projlen=147: 42826 braids
    projlen=148: 43261 braids
    projlen=149: 253980 braids
    projlen=150: 212368 braids
    projlen=151: 342955 braids
    projlen=152: 208202 braids
    projlen=153: 331924 braids
    projlen=154: 210181 braids
    projlen=155: 320110 braids
    projlen=156: 222974 braids
    projlen=157: 308126 braids
    projlen=158: 233672 braids
    projlen=159: 302995 braids
    projlen=160: 233486 braids
    projlen=161: 302441 braids
    projlen=162: 240528 braids
    projlen=163: 296526 braids
    projlen=164: 247568 braids
    projlen=165: 290119 braids
    projlen=166: 252065 braids
    projlen=167: 266328 braids
    projlen=168: 94773 braids
  Braids kept: 1093721 (in 28 buckets, 4.34 GB CPU)
  ⚡ Timing: matmul=0.20s, sampling=13.10s, total=21.09s
============================================================
Level 282 - SAMPLING
============================================================
  Starting braids: 993721
  Candidates to generate: 5403947
  Processing in 55 chunks...
  Projlen distribution:
    projlen=142: 12 braids
    projlen=143: 119 braids
    projlen=144: 231 braids
    projlen=145: 1872 braids
    projlen=146: 2412 braids
    projlen=147: 19737 braids
    projlen=148: 20597 braids
    projlen=149: 208933 braids
    projlen=150: 186913 braids
    projlen=151: 327554 braids
    projlen=152: 213107 braids
    projlen=153: 333680 braids
    projlen=154: 206145 braids
    projlen=155: 325055 braids
    projlen=156: 215206 braids
    projlen=157: 312977 braids
    projlen=158: 229542 braids
    projlen=159: 303083 braids
    projlen=160: 240664 braids
    projlen=161: 298025 braids
    projlen=162: 241552 braids
    projlen=163: 296899 braids
    projlen=164: 246800 braids
    projlen=165: 292237 braids
    projlen=166: 252211 braids
    projlen=167: 284471 braids
    projlen=168: 242023 braids
    projlen=169: 101890 braids
  Braids kept: 1094980 (in 28 buckets, 4.36 GB CPU)
  ⚡ Timing: matmul=0.15s, sampling=13.61s, total=21.87s
============================================================
Level 283 - SAMPLING
============================================================
  Starting braids: 994980
  Candidates to generate: 5415466
  Processing in 55 chunks...
  Projlen distribution:
    projlen=142: 2 braids
    projlen=143: 57 braids
    projlen=144: 93 braids
    projlen=145: 1050 braids
    projlen=146: 1548 braids
    projlen=147: 12173 braids
    projlen=148: 13146 braids
    projlen=149: 101133 braids
    projlen=150: 88652 braids
    projlen=151: 278065 braids
    projlen=152: 216901 braids
    projlen=153: 334001 braids
    projlen=154: 210318 braids
    projlen=155: 327569 braids
    projlen=156: 212145 braids
    projlen=157: 317791 braids
    projlen=158: 222916 braids
    projlen=159: 307706 braids
    projlen=160: 236498 braids
    projlen=161: 298761 braids
    projlen=162: 246512 braids
    projlen=163: 293493 braids
    projlen=164: 248357 braids
    projlen=165: 291380 braids
    projlen=166: 252246 braids
    projlen=167: 287683 braids
    projlen=168: 253993 braids
    projlen=169: 265622 braids
    projlen=170: 95655 braids
  Braids kept: 1128069 (in 29 buckets, 4.51 GB CPU)
  ⚡ Timing: matmul=0.17s, sampling=13.93s, total=22.24s
============================================================
Level 284 - SAMPLING
============================================================
  Starting braids: 978069
  Candidates to generate: 5328943
  Processing in 54 chunks...
  Projlen distribution:
    projlen=142: 2 braids
    projlen=143: 25 braids
    projlen=144: 45 braids
    projlen=145: 554 braids
    projlen=146: 704 braids
    projlen=147: 7020 braids
    projlen=148: 8712 braids
    projlen=149: 63956 braids
    projlen=150: 59199 braids
    projlen=151: 262706 braids
    projlen=152: 212354 braids
    projlen=153: 341057 braids
    projlen=154: 214027 braids
    projlen=155: 326895 braids
    projlen=156: 214673 braids
    projlen=157: 317808 braids
    projlen=158: 219758 braids
    projlen=159: 311073 braids
    projlen=160: 231078 braids
    projlen=161: 301934 braids
    projlen=162: 242518 braids
    projlen=163: 294765 braids
    projlen=164: 252060 braids
    projlen=165: 289735 braids
    projlen=166: 254505 braids
    projlen=167: 286845 braids
    projlen=168: 254753 braids
    projlen=169: 265079 braids
    projlen=170: 95103 braids
  Braids kept: 1117062 (in 29 buckets, 4.48 GB CPU)
  ⚡ Timing: matmul=0.17s, sampling=13.72s, total=21.90s
============================================================
Level 285 - SAMPLING
============================================================
  Starting braids: 967062
  Candidates to generate: 5274162
  Processing in 53 chunks...
  Projlen distribution:
    projlen=142: 2 braids
    projlen=143: 9 braids
    projlen=144: 25 braids
    projlen=145: 261 braids
    projlen=146: 364 braids
    projlen=147: 3973 braids
    projlen=148: 4163 braids
    projlen=149: 39047 braids
    projlen=150: 41365 braids
    projlen=151: 251297 braids
    projlen=152: 214487 braids
    projlen=153: 343351 braids
    projlen=154: 212137 braids
    projlen=155: 331568 braids
    projlen=156: 211756 braids
    projlen=157: 320012 braids
    projlen=158: 222191 braids
    projlen=159: 310526 braids
    projlen=160: 228173 braids
    projlen=161: 304818 braids
    projlen=162: 238066 braids
    projlen=163: 298221 braids
    projlen=164: 247808 braids
    projlen=165: 291543 braids
    projlen=166: 256308 braids
    projlen=167: 286425 braids
    projlen=168: 256512 braids
    projlen=169: 264570 braids
    projlen=170: 95184 braids
  Braids kept: 1089209 (in 29 buckets, 4.37 GB CPU)
  ⚡ Timing: matmul=0.20s, sampling=13.23s, total=21.29s
============================================================
Level 286 - SAMPLING
============================================================
  Starting braids: 989209
  Candidates to generate: 5389217
  Processing in 54 chunks...
  Projlen distribution:
    projlen=143: 6 braids
    projlen=144: 15 braids
    projlen=145: 125 braids
    projlen=146: 186 braids
    projlen=147: 2082 braids
    projlen=148: 2283 braids
    projlen=149: 23624 braids
    projlen=150: 21851 braids
    projlen=151: 192007 braids
    projlen=152: 177822 braids
    projlen=153: 321695 braids
    projlen=154: 215690 braids
    projlen=155: 333395 braids
    projlen=156: 209122 braids
    projlen=157: 324546 braids
    projlen=158: 217903 braids
    projlen=159: 312345 braids
    projlen=160: 229973 braids
    projlen=161: 303941 braids
    projlen=162: 236652 braids
    projlen=163: 299802 braids
    projlen=164: 245082 braids
    projlen=165: 293970 braids
    projlen=166: 251157 braids
    projlen=167: 287026 braids
    projlen=168: 258181 braids
    projlen=169: 280996 braids
    projlen=170: 246348 braids
    projlen=171: 101392 braids
  Braids kept: 1100172 (in 29 buckets, 4.44 GB CPU)
  ⚡ Timing: matmul=0.22s, sampling=13.45s, total=21.72s
============================================================
Level 287 - SAMPLING
============================================================
  Starting braids: 950172
  Candidates to generate: 5165790
  Processing in 52 chunks...
  Projlen distribution:
    projlen=144: 1 braids
    projlen=145: 99 braids
    projlen=146: 136 braids
    projlen=147: 1116 braids
    projlen=148: 1262 braids
    projlen=149: 13104 braids
    projlen=150: 12392 braids
    projlen=151: 116748 braids
    projlen=152: 94783 braids
    projlen=153: 278814 braids
    projlen=154: 220387 braids
    projlen=155: 331596 braids
    projlen=156: 211993 braids
    projlen=157: 325039 braids
    projlen=158: 214193 braids
    projlen=159: 316496 braids
    projlen=160: 224783 braids
    projlen=161: 306067 braids
    projlen=162: 236507 braids
    projlen=163: 298526 braids
    projlen=164: 244155 braids
    projlen=165: 294568 braids
    projlen=166: 250762 braids
    projlen=167: 289644 braids
    projlen=168: 255103 braids
    projlen=169: 281156 braids
    projlen=170: 245390 braids
    projlen=171: 100970 braids
  Braids kept: 1078110 (in 28 buckets, 4.36 GB CPU)
  ⚡ Timing: matmul=0.20s, sampling=13.13s, total=21.08s
============================================================
Level 288 - SAMPLING
============================================================
  Starting braids: 978110
  Candidates to generate: 5309840
  Processing in 54 chunks...
  Projlen distribution:
    projlen=145: 27 braids
    projlen=146: 47 braids
    projlen=147: 843 braids
    projlen=148: 903 braids
    projlen=149: 7691 braids
    projlen=150: 7054 braids
    projlen=151: 66683 braids
    projlen=152: 54232 braids
    projlen=153: 261304 braids
    projlen=154: 204003 braids
    projlen=155: 340982 braids
    projlen=156: 216750 braids
    projlen=157: 323425 braids
    projlen=158: 215454 braids
    projlen=159: 317066 braids
    projlen=160: 221750 braids
    projlen=161: 308771 braids
    projlen=162: 231897 braids
    projlen=163: 301194 braids
    projlen=164: 243215 braids
    projlen=165: 293933 braids
    projlen=166: 249279 braids
    projlen=167: 288988 braids
    projlen=168: 253387 braids
    projlen=169: 285686 braids
    projlen=170: 255494 braids
    projlen=171: 263569 braids
    projlen=172: 96213 braids
  Braids kept: 1116565 (in 28 buckets, 4.53 GB CPU)
  ⚡ Timing: matmul=0.15s, sampling=13.68s, total=21.84s
============================================================
Level 289 - SAMPLING
============================================================
  Starting braids: 966565
  Candidates to generate: 5255047
  Processing in 53 chunks...
  Projlen distribution:
    projlen=145: 10 braids
    projlen=146: 18 braids
    projlen=147: 268 braids
    projlen=148: 359 braids
    projlen=149: 5618 braids
    projlen=150: 5159 braids
    projlen=151: 42752 braids
    projlen=152: 33945 braids
    projlen=153: 253234 braids
    projlen=154: 198399 braids
    projlen=155: 347144 braids
    projlen=156: 204760 braids
    projlen=157: 333085 braids
    projlen=158: 213939 braids
    projlen=159: 318383 braids
    projlen=160: 223756 braids
    projlen=161: 310354 braids
    projlen=162: 230532 braids
    projlen=163: 303909 braids
    projlen=164: 238202 braids
    projlen=165: 296612 braids
    projlen=166: 249093 braids
    projlen=167: 289802 braids
    projlen=168: 254724 braids
    projlen=169: 285870 braids
    projlen=170: 255626 braids
    projlen=171: 264039 braids
    projlen=172: 95455 braids
  Braids kept: 1088129 (in 28 buckets, 4.43 GB CPU)
  ⚡ Timing: matmul=0.19s, sampling=13.26s, total=21.37s
============================================================
Level 290 - SAMPLING
============================================================
  Starting braids: 988129
  Candidates to generate: 5371323
  Processing in 54 chunks...
  Projlen distribution:
    projlen=145: 3 braids
    projlen=146: 8 braids
    projlen=147: 118 braids
    projlen=148: 163 braids
    projlen=149: 2123 braids
    projlen=150: 2339 braids
    projlen=151: 31690 braids
    projlen=152: 26047 braids
    projlen=153: 212275 braids
    projlen=154: 149353 braids
    projlen=155: 314889 braids
    projlen=156: 200805 braids
    projlen=157: 340157 braids
    projlen=158: 200638 braids
    projlen=159: 327111 braids
    projlen=160: 217498 braids
    projlen=161: 312232 braids
    projlen=162: 231161 braids
    projlen=163: 304191 braids
    projlen=164: 238326 braids
    projlen=165: 298812 braids
    projlen=166: 244027 braids
    projlen=167: 291843 braids
    projlen=168: 252646 braids
    projlen=169: 286824 braids
    projlen=170: 257957 braids
    projlen=171: 280102 braids
    projlen=172: 246572 braids
    projlen=173: 101413 braids
  Braids kept: 1112491 (in 29 buckets, 4.55 GB CPU)
  ⚡ Timing: matmul=0.20s, sampling=13.71s, total=22.02s
============================================================
Level 291 - SAMPLING
============================================================
  Starting braids: 962491
  Candidates to generate: 5220895
  Processing in 53 chunks...
  Projlen distribution:
    projlen=146: 4 braids
    projlen=147: 55 braids
    projlen=148: 95 braids
    projlen=149: 995 braids
    projlen=150: 1205 braids
    projlen=151: 13817 braids
    projlen=152: 12845 braids
    projlen=153: 155489 braids
    projlen=154: 112595 braids
    projlen=155: 300263 braids
    projlen=156: 191860 braids
    projlen=157: 347119 braids
    projlen=158: 195863 braids
    projlen=159: 332377 braids
    projlen=160: 204221 braids
    projlen=161: 320346 braids
    projlen=162: 224429 braids
    projlen=163: 306377 braids
    projlen=164: 237640 braids
    projlen=165: 299264 braids
    projlen=166: 245472 braids
    projlen=167: 294729 braids
    projlen=168: 249659 braids
    projlen=169: 288718 braids
    projlen=170: 256463 braids
    projlen=171: 281898 braids
    projlen=172: 245874 braids
    projlen=173: 101223 braids
  Braids kept: 1079016 (in 28 buckets, 4.42 GB CPU)
  ⚡ Timing: matmul=0.16s, sampling=13.46s, total=21.54s
============================================================
Level 292 - SAMPLING
============================================================
  Starting braids: 979016
  Candidates to generate: 5297268
  Processing in 53 chunks...
  Projlen distribution:
    projlen=146: 3 braids
    projlen=147: 12 braids
    projlen=148: 42 braids
    projlen=149: 569 braids
    projlen=150: 708 braids
    projlen=151: 7103 braids
    projlen=152: 6773 braids
    projlen=153: 73094 braids
    projlen=154: 55701 braids
    projlen=155: 270911 braids
    projlen=156: 189144 braids
    projlen=157: 352509 braids
    projlen=158: 187830 braids
    projlen=159: 340676 braids
    projlen=160: 194922 braids
    projlen=161: 325526 braids
    projlen=162: 210442 braids
    projlen=163: 313045 braids
    projlen=164: 230486 braids
    projlen=165: 302028 braids
    projlen=166: 244384 braids
    projlen=167: 293657 braids
    projlen=168: 250514 braids
    projlen=169: 291024 braids
    projlen=170: 254493 braids
    projlen=171: 285073 braids
    projlen=172: 256503 braids
    projlen=173: 263946 braids
    projlen=174: 96150 braids
  Braids kept: 1115210 (in 29 buckets, 4.59 GB CPU)
  ⚡ Timing: matmul=0.23s, sampling=13.84s, total=22.08s
============================================================
Level 293 - SAMPLING
============================================================
  Starting braids: 965210
  Candidates to generate: 5221356
  Processing in 53 chunks...
  Projlen distribution:
    projlen=147: 12 braids
    projlen=148: 29 braids
    projlen=149: 239 braids
    projlen=150: 362 braids
    projlen=151: 4305 braids
    projlen=152: 4179 braids
    projlen=153: 40356 braids
    projlen=154: 31974 braids
    projlen=155: 260172 braids
    projlen=156: 191829 braids
    projlen=157: 355902 braids
    projlen=158: 187844 braids
    projlen=159: 346361 braids
    projlen=160: 185193 braids
    projlen=161: 334754 braids
    projlen=162: 199958 braids
    projlen=163: 320389 braids
    projlen=164: 218814 braids
    projlen=165: 308597 braids
    projlen=166: 236623 braids
    projlen=167: 297592 braids
    projlen=168: 250160 braids
    projlen=169: 289881 braids
    projlen=170: 255252 braids
    projlen=171: 286206 braids
    projlen=172: 255100 braids
    projlen=173: 264166 braids
    projlen=174: 95107 braids
  Braids kept: 1081456 (in 28 buckets, 4.46 GB CPU)
  ⚡ Timing: matmul=0.16s, sampling=13.46s, total=21.59s
============================================================
Level 294 - SAMPLING
============================================================
  Starting braids: 981456
  Candidates to generate: 5307094
  Processing in 54 chunks...
  Projlen distribution:
    projlen=148: 10 braids
    projlen=149: 179 braids
    projlen=150: 236 braids
    projlen=151: 2166 braids
    projlen=152: 2366 braids
    projlen=153: 25978 braids
    projlen=154: 21466 braids
    projlen=155: 201966 braids
    projlen=156: 139991 braids
    projlen=157: 315220 braids
    projlen=158: 190485 braids
    projlen=159: 349534 braids
    projlen=160: 182176 braids
    projlen=161: 339531 braids
    projlen=162: 190061 braids
    projlen=163: 328470 braids
    projlen=164: 208133 braids
    projlen=165: 315580 braids
    projlen=166: 227052 braids
    projlen=167: 303438 braids
    projlen=168: 241428 braids
    projlen=169: 293764 braids
    projlen=170: 254583 braids
    projlen=171: 286565 braids
    projlen=172: 258915 braids
    projlen=173: 280367 braids
    projlen=174: 246068 braids
    projlen=175: 101366 braids
  Braids kept: 1102401 (in 28 buckets, 4.56 GB CPU)
  ⚡ Timing: matmul=0.15s, sampling=13.85s, total=22.13s
============================================================
Level 295 - SAMPLING
============================================================
  Starting braids: 952401
  Candidates to generate: 5138919
  Processing in 52 chunks...
  Projlen distribution:
    projlen=148: 7 braids
    projlen=149: 50 braids
    projlen=150: 99 braids
    projlen=151: 1425 braids
    projlen=152: 1615 braids
    projlen=153: 14496 braids
    projlen=154: 12854 braids
    projlen=155: 131963 braids
    projlen=156: 92712 braids
    projlen=157: 292609 braids
    projlen=158: 188139 braids
    projlen=159: 353038 braids
    projlen=160: 185144 braids
    projlen=161: 342924 braids
    projlen=162: 185198 braids
    projlen=163: 332664 braids
    projlen=164: 196650 braids
    projlen=165: 322569 braids
    projlen=166: 215930 braids
    projlen=167: 311973 braids
    projlen=168: 235279 braids
    projlen=169: 298684 braids
    projlen=170: 247114 braids
    projlen=171: 290837 braids
    projlen=172: 257139 braids
    projlen=173: 280758 braids
    projlen=174: 246343 braids
    projlen=175: 100706 braids
  Braids kept: 1080546 (in 28 buckets, 4.48 GB CPU)
  ⚡ Timing: matmul=0.17s, sampling=13.29s, total=21.31s
============================================================
Level 296 - SAMPLING
============================================================
  Starting braids: 980546
  Candidates to generate: 5281742
  Processing in 53 chunks...
  Projlen distribution:
    projlen=148: 1 braids
    projlen=149: 39 braids
    projlen=150: 56 braids
    projlen=151: 596 braids
    projlen=152: 741 braids
    projlen=153: 9423 braids
    projlen=154: 8626 braids
    projlen=155: 77169 braids
    projlen=156: 56630 braids
    projlen=157: 273837 braids
    projlen=158: 185482 braids
    projlen=159: 357085 braids
    projlen=160: 183491 braids
    projlen=161: 346706 braids
    projlen=162: 183808 braids
    projlen=163: 336928 braids
    projlen=164: 191632 braids
    projlen=165: 327373 braids
    projlen=166: 204828 braids
    projlen=167: 316524 braids
    projlen=168: 224046 braids
    projlen=169: 305868 braids
    projlen=170: 241343 braids
    projlen=171: 294254 braids
    projlen=172: 252016 braids
    projlen=173: 286718 braids
    projlen=174: 256760 braids
    projlen=175: 263269 braids
    projlen=176: 96493 braids
  Braids kept: 1119482 (in 29 buckets, 4.66 GB CPU)
  ⚡ Timing: matmul=0.21s, sampling=13.95s, total=22.20s
============================================================
Level 297 - SAMPLING
============================================================
  Starting braids: 969482
  Candidates to generate: 5214704
  Processing in 53 chunks...
  Projlen distribution:
    projlen=148: 3 braids
    projlen=149: 10 braids
    projlen=150: 26 braids
    projlen=151: 356 braids
    projlen=152: 426 braids
    projlen=153: 4576 braids
    projlen=154: 4518 braids
    projlen=155: 50818 braids
    projlen=156: 39965 braids
    projlen=157: 265058 braids
    projlen=158: 188563 braids
    projlen=159: 357986 braids
    projlen=160: 182168 braids
    projlen=161: 349763 braids
    projlen=162: 177649 braids
    projlen=163: 340800 braids
    projlen=164: 187950 braids
    projlen=165: 330633 braids
    projlen=166: 200485 braids
    projlen=167: 322113 braids
    projlen=168: 213497 braids
    projlen=169: 312640 braids
    projlen=170: 231179 braids
    projlen=171: 300312 braids
    projlen=172: 246420 braids
    projlen=173: 290444 braids
    projlen=174: 254321 braids
    projlen=175: 266438 braids
    projlen=176: 95587 braids
  Braids kept: 1099880 (in 29 buckets, 4.59 GB CPU)
  ⚡ Timing: matmul=0.15s, sampling=13.71s, total=21.87s
============================================================
Level 298 - SAMPLING
============================================================
  Starting braids: 999880
  Candidates to generate: 5369264
  Processing in 54 chunks...
  Projlen distribution:
    projlen=149: 16 braids
    projlen=150: 21 braids
    projlen=151: 144 braids
    projlen=152: 216 braids
    projlen=153: 2645 braids
    projlen=154: 2690 braids
    projlen=155: 27961 braids
    projlen=156: 22962 braids
    projlen=157: 246219 braids
    projlen=158: 172841 braids
    projlen=159: 333126 braids
    projlen=160: 186633 braids
    projlen=161: 350790 braids
    projlen=162: 174952 braids
    projlen=163: 344325 braids
    projlen=164: 180201 braids
    projlen=165: 334581 braids
    projlen=166: 194435 braids
    projlen=167: 325331 braids
    projlen=168: 209388 braids
    projlen=169: 316049 braids
    projlen=170: 222065 braids
    projlen=171: 307539 braids
    projlen=172: 238136 braids
    projlen=173: 296212 braids
    projlen=174: 249672 braids
    projlen=175: 285059 braids
    projlen=176: 243286 braids
    projlen=177: 101769 braids
  Braids kept: 1106655 (in 29 buckets, 4.64 GB CPU)
  ⚡ Timing: matmul=0.15s, sampling=13.91s, total=22.34s
============================================================
Level 299 - SAMPLING
============================================================
  Starting braids: 956655
  Candidates to generate: 5123905
  Processing in 52 chunks...
  Projlen distribution:
    projlen=148: 1 braids
    projlen=149: 9 braids
    projlen=150: 15 braids
    projlen=151: 160 braids
    projlen=152: 167 braids
    projlen=153: 1320 braids
    projlen=154: 1520 braids
    projlen=155: 16760 braids
    projlen=156: 14259 braids
    projlen=157: 142367 braids
    projlen=158: 98805 braids
    projlen=159: 294950 braids
    projlen=160: 188828 braids
    projlen=161: 351772 braids
    projlen=162: 180958 braids
    projlen=163: 344798 braids
    projlen=164: 176494 braids
    projlen=165: 339057 braids
    projlen=166: 186396 braids
    projlen=167: 328404 braids
    projlen=168: 202437 braids
    projlen=169: 320147 braids
    projlen=170: 217773 braids
    projlen=171: 310582 braids
    projlen=172: 230240 braids
    projlen=173: 301223 braids
    projlen=174: 243809 braids
    projlen=175: 289101 braids
    projlen=176: 238755 braids
    projlen=177: 102798 braids
  Braids kept: 1084211 (in 30 buckets, 4.55 GB CPU)
  ⚡ Timing: matmul=0.17s, sampling=13.31s, total=21.36s
============================================================
Level 300 - SAMPLING
============================================================
  Starting braids: 984211
  Candidates to generate: 5271531
  Processing in 53 chunks...
  Projlen distribution:
    projlen=147: 1 braids
    projlen=148: 3 braids
    projlen=149: 10 braids
    projlen=150: 15 braids
    projlen=151: 97 braids
    projlen=152: 113 braids
    projlen=153: 1191 braids
    projlen=154: 1182 braids
    projlen=155: 9611 braids
    projlen=156: 8508 braids
    projlen=157: 86764 braids
    projlen=158: 61917 braids
    projlen=159: 277948 braids
    projlen=160: 185513 braids
    projlen=161: 355378 braids
    projlen=162: 183277 braids
    projlen=163: 345804 braids
    projlen=164: 180988 braids
    projlen=165: 339172 braids
    projlen=166: 182436 braids
    projlen=167: 332071 braids
    projlen=168: 193495 braids
    projlen=169: 323563 braids
    projlen=170: 210807 braids
    projlen=171: 314382 braids
    projlen=172: 226203 braids
    projlen=173: 305663 braids
    projlen=174: 237978 braids
    projlen=175: 296052 braids
    projlen=176: 246940 braids
    projlen=177: 269939 braids
    projlen=178: 94510 braids
  Braids kept: 1120731 (in 32 buckets, 4.72 GB CPU)
  ⚡ Timing: matmul=0.20s, sampling=13.88s, total=22.20s

============================================================
SEARCH COMPLETE
============================================================
Final level: 300
Total time: 3984.44s
Avg time per level: 13.60s
Total GPU scalar-identity candidates: 0
Exact peyl verification required for every candidate.
