============================================================
SEARCHING FOR KERNEL ELEMENTS
============================================================
Braid group: B_4
Representation: (3, 1)
Dimension: 3
Number of simples: 24
Prime: 7
Device: cuda
Bucket size: 50000
Target length: 300
BFS frontier length: 8
Frontier shard: 52/64
Degree window: [0, 900] (901 coeffs)
Boundary margin: 16
Use best: 1000000
Save best: 50000
Expansion chunk size: 100000
Matmul chunk size: 8000
Seed: 70051

Loaded tables from /nfs/roberts/project/pi_com36/as4843/burau-experiments/precomputed_tables/tables_B4_r1_p7.pt
  Braid group: B_4
  Representation: (3, 1), dimension 3
  Number of simples: 24
  Degree window: [0, 900] (901 coefficients)
  Table checksum: 812f436d5d2d17cd22ee17ad7df33b681151037863def03032587a5c5ef7a9e4
✓ Identity matrix loaded at degree 0

Precomputing FFTs of simple matrices...
  simple_D=4, safety_cap_D=901
  FFT size: dynamic (grows with actual projective width)
  FFT cache: initialized lazily by transform size
Storage: reservoir matrices=CPU int16, active chunks=CUDA int16/FFT
⚡ GPU-accelerated paper reservoir with per-product projectivization

============================================================
Level 8 - BFS FRONTIER
============================================================
  Exhaustively enumerating all legal GNF words of length 8...
  Full frontier: 4,963,856 braids
  Assigned to this shard: 77,560 braids
  Projlen distribution:
    projlen=14: 2 braids
    projlen=15: 11 braids
    projlen=16: 77 braids
    projlen=17: 8826 braids
    projlen=18: 11755 braids
    projlen=19: 21949 braids
    projlen=20: 16576 braids
    projlen=21: 12098 braids
    projlen=22: 4687 braids
    projlen=23: 1363 braids
    projlen=24: 199 braids
    projlen=25: 17 braids
  Braids kept: 77560 (in 12 buckets, 0.03 GB CPU)
  ⚡ Timing: matmul=5.99s, sampling=0.00s, total=5.99s
============================================================
Level 9 - SAMPLING
============================================================
  Starting braids: 77560
  Candidates to generate: 422644
  Processing in 5 chunks...
  Projlen distribution:
    projlen=15: 4 braids
    projlen=16: 30 braids
    projlen=17: 168 braids
    projlen=18: 628 braids
    projlen=19: 41018 braids
    projlen=20: 53773 braids
    projlen=21: 110650 braids
    projlen=22: 90211 braids
    projlen=23: 75536 braids
    projlen=24: 34367 braids
    projlen=25: 13056 braids
    projlen=26: 2772 braids
    projlen=27: 408 braids
    projlen=28: 23 braids
  Braids kept: 292474 (in 14 buckets, 0.13 GB CPU)
  ⚡ Timing: matmul=0.16s, sampling=0.29s, total=0.55s
============================================================
Level 10 - SAMPLING
============================================================
  Starting braids: 292474
  Candidates to generate: 1588188
  Processing in 16 chunks...
  Projlen distribution:
    projlen=17: 63 braids
    projlen=18: 254 braids
    projlen=19: 1686 braids
    projlen=20: 3883 braids
    projlen=21: 185685 braids
    projlen=22: 225950 braids
    projlen=23: 312513 braids
    projlen=24: 245530 braids
    projlen=25: 283295 braids
    projlen=26: 184485 braids
    projlen=27: 108593 braids
    projlen=28: 29227 braids
    projlen=29: 6300 braids
    projlen=30: 686 braids
    projlen=31: 38 braids
  Braids kept: 392137 (in 15 buckets, 0.19 GB CPU)
  ⚡ Timing: matmul=0.05s, sampling=0.96s, total=1.33s
============================================================
Level 11 - SAMPLING
============================================================
  Starting braids: 392137
  Candidates to generate: 2117161
  Processing in 22 chunks...
  Projlen distribution:
    projlen=18: 13 braids
    projlen=19: 611 braids
    projlen=20: 1726 braids
    projlen=21: 10943 braids
    projlen=22: 17414 braids
    projlen=23: 229863 braids
    projlen=24: 243352 braids
    projlen=25: 305215 braids
    projlen=26: 247876 braids
    projlen=27: 297288 braids
    projlen=28: 246112 braids
    projlen=29: 267524 braids
    projlen=30: 162369 braids
    projlen=31: 73681 braids
    projlen=32: 11785 braids
    projlen=33: 1339 braids
    projlen=34: 50 braids
  Braids kept: 493881 (in 17 buckets, 0.26 GB CPU)
  ⚡ Timing: matmul=0.19s, sampling=1.53s, total=2.35s
============================================================
Level 12 - SAMPLING
============================================================
  Starting braids: 493881
  Candidates to generate: 2666805
  Processing in 27 chunks...
  Projlen distribution:
    projlen=18: 1 braids
    projlen=19: 14 braids
    projlen=20: 185 braids
    projlen=21: 4405 braids
    projlen=22: 9141 braids
    projlen=23: 57996 braids
    projlen=24: 77509 braids
    projlen=25: 261078 braids
    projlen=26: 238584 braids
    projlen=27: 303416 braids
    projlen=28: 250529 braids
    projlen=29: 293014 braids
    projlen=30: 253153 braids
    projlen=31: 287441 braids
    projlen=32: 241362 braids
    projlen=33: 249734 braids
    projlen=34: 111770 braids
    projlen=35: 25302 braids
    projlen=36: 2087 braids
    projlen=37: 84 braids
  Braids kept: 641219 (in 20 buckets, 0.36 GB CPU)
  ⚡ Timing: matmul=0.18s, sampling=2.27s, total=3.33s
============================================================
Level 13 - SAMPLING
============================================================
  Starting braids: 641219
  Candidates to generate: 3484159
  Processing in 35 chunks...
  Projlen distribution:
    projlen=20: 20 braids
    projlen=21: 290 braids
    projlen=22: 1382 braids
    projlen=23: 24409 braids
    projlen=24: 43843 braids
    projlen=25: 238510 braids
    projlen=26: 250992 braids
    projlen=27: 327617 braids
    projlen=28: 234955 braids
    projlen=29: 303476 braids
    projlen=30: 252448 braids
    projlen=31: 289578 braids
    projlen=32: 256977 braids
    projlen=33: 286532 braids
    projlen=34: 254226 braids
    projlen=35: 280163 braids
    projlen=36: 223083 braids
    projlen=37: 167355 braids
    projlen=38: 44248 braids
    projlen=39: 3947 braids
    projlen=40: 108 braids
  Braids kept: 768247 (in 21 buckets, 0.47 GB CPU)
  ⚡ Timing: matmul=0.11s, sampling=3.13s, total=4.50s
============================================================
Level 14 - SAMPLING
============================================================
  Starting braids: 768247
  Candidates to generate: 4155543
  Processing in 42 chunks...
  Projlen distribution:
    projlen=20: 1 braids
    projlen=21: 20 braids
    projlen=22: 234 braids
    projlen=23: 2605 braids
    projlen=24: 8149 braids
    projlen=25: 118960 braids
    projlen=26: 185877 braids
    projlen=27: 313794 braids
    projlen=28: 246179 braids
    projlen=29: 312863 braids
    projlen=30: 234471 braids
    projlen=31: 302072 braids
    projlen=32: 253517 braids
    projlen=33: 285435 braids
    projlen=34: 260599 braids
    projlen=35: 284690 braids
    projlen=36: 258210 braids
    projlen=37: 285172 braids
    projlen=38: 248945 braids
    projlen=39: 267225 braids
    projlen=40: 189362 braids
    projlen=41: 91104 braids
    projlen=42: 5875 braids
    projlen=43: 184 braids
  Braids kept: 867068 (in 24 buckets, 0.57 GB CPU)
  ⚡ Timing: matmul=0.12s, sampling=3.34s, total=4.88s
============================================================
Level 15 - SAMPLING
============================================================
  Starting braids: 867068
  Candidates to generate: 4692398
  Processing in 47 chunks...
  Projlen distribution:
    projlen=21: 3 braids
    projlen=22: 17 braids
    projlen=23: 426 braids
    projlen=24: 1774 braids
    projlen=25: 16316 braids
    projlen=26: 36657 braids
    projlen=27: 235136 braids
    projlen=28: 259135 braids
    projlen=29: 312525 braids
    projlen=30: 241279 braids
    projlen=31: 306626 braids
    projlen=32: 239564 braids
    projlen=33: 297305 braids
    projlen=34: 253963 braids
    projlen=35: 284783 braids
    projlen=36: 262112 braids
    projlen=37: 282160 braids
    projlen=38: 262580 braids
    projlen=39: 283034 braids
    projlen=40: 256885 braids
    projlen=41: 281905 braids
    projlen=42: 236167 braids
    projlen=43: 242428 braids
    projlen=44: 88475 braids
    projlen=45: 10911 braids
    projlen=46: 232 braids
  Braids kept: 966336 (in 26 buckets, 0.67 GB CPU)
  ⚡ Timing: matmul=0.15s, sampling=3.24s, total=4.90s
============================================================
Level 16 - SAMPLING
============================================================
  Starting braids: 966336
  Candidates to generate: 5231684
  Processing in 53 chunks...
  Projlen distribution:
    projlen=22: 1 braids
    projlen=23: 53 braids
    projlen=24: 237 braids
    projlen=25: 3689 braids
    projlen=26: 9993 braids
    projlen=27: 85344 braids
    projlen=28: 157176 braids
    projlen=29: 298102 braids
    projlen=30: 250184 braids
    projlen=31: 304375 braids
    projlen=32: 245284 braids
    projlen=33: 299448 braids
    projlen=34: 245659 braids
    projlen=35: 291988 braids
    projlen=36: 255057 braids
    projlen=37: 283904 braids
    projlen=38: 264536 braids
    projlen=39: 279553 braids
    projlen=40: 264342 braids
    projlen=41: 281167 braids
    projlen=42: 260550 braids
    projlen=43: 282450 braids
    projlen=44: 252726 braids
    projlen=45: 273025 braids
    projlen=46: 205542 braids
    projlen=47: 121172 braids
    projlen=48: 15727 braids
    projlen=49: 400 braids
  Braids kept: 1080100 (in 28 buckets, 0.79 GB CPU)
  ⚡ Timing: matmul=0.15s, sampling=6.28s, total=8.55s
============================================================
Level 17 - SAMPLING
============================================================
  Starting braids: 963973
  Candidates to generate: 5303117
  Processing in 54 chunks...
  Projlen distribution:
    projlen=24: 16 braids
    projlen=25: 564 braids
    projlen=26: 1816 braids
    projlen=27: 21245 braids
    projlen=28: 46465 braids
    projlen=29: 236269 braids
    projlen=30: 271091 braids
    projlen=31: 311409 braids
    projlen=32: 245489 braids
    projlen=33: 301011 braids
    projlen=34: 249534 braids
    projlen=35: 292473 braids
    projlen=36: 249753 braids
    projlen=37: 288575 braids
    projlen=38: 257989 braids
    projlen=39: 282430 braids
    projlen=40: 264708 braids
    projlen=41: 279022 braids
    projlen=42: 267280 braids
    projlen=43: 279911 braids
    projlen=44: 265027 braids
    projlen=45: 279551 braids
    projlen=46: 254987 braids
    projlen=47: 262500 braids
    projlen=48: 94002 braids
  Braids kept: 1070106 (in 25 buckets, 0.80 GB CPU)
  ⚡ Timing: matmul=0.17s, sampling=4.16s, total=6.08s
============================================================
Level 18 - SAMPLING
============================================================
  Starting braids: 970106
  Candidates to generate: 5335902
  Processing in 54 chunks...
  Projlen distribution:
    projlen=24: 1 braids
    projlen=25: 33 braids
    projlen=26: 268 braids
    projlen=27: 4178 braids
    projlen=28: 10522 braids
    projlen=29: 106393 braids
    projlen=30: 198345 braids
    projlen=31: 314774 braids
    projlen=32: 257814 braids
    projlen=33: 300372 braids
    projlen=34: 249725 braids
    projlen=35: 295384 braids
    projlen=36: 252620 braids
    projlen=37: 288546 braids
    projlen=38: 254512 braids
    projlen=39: 285798 braids
    projlen=40: 260573 braids
    projlen=41: 280354 braids
    projlen=42: 265095 braids
    projlen=43: 277817 braids
    projlen=44: 267978 braids
    projlen=45: 277391 braids
    projlen=46: 264817 braids
    projlen=47: 274049 braids
    projlen=48: 248323 braids
    projlen=49: 100220 braids
  Braids kept: 1065002 (in 26 buckets, 0.83 GB CPU)
  ⚡ Timing: matmul=0.15s, sampling=4.22s, total=6.20s
============================================================
Level 19 - SAMPLING
============================================================
  Starting braids: 965002
  Candidates to generate: 5315926
  Processing in 54 chunks...
  Projlen distribution:
    projlen=24: 1 braids
    projlen=25: 17 braids
    projlen=26: 64 braids
    projlen=27: 644 braids
    projlen=28: 2414 braids
    projlen=29: 24437 braids
    projlen=30: 48367 braids
    projlen=31: 237163 braids
    projlen=32: 271743 braids
    projlen=33: 304868 braids
    projlen=34: 251078 braids
    projlen=35: 297263 braids
    projlen=36: 252604 braids
    projlen=37: 289456 braids
    projlen=38: 256051 braids
    projlen=39: 285263 braids
    projlen=40: 259436 braids
    projlen=41: 283366 braids
    projlen=42: 262999 braids
    projlen=43: 279950 braids
    projlen=44: 267486 braids
    projlen=45: 276615 braids
    projlen=46: 268391 braids
    projlen=47: 275088 braids
    projlen=48: 264790 braids
    projlen=49: 258944 braids
    projlen=50: 97428 braids
  Braids kept: 1075944 (in 27 buckets, 0.86 GB CPU)
  ⚡ Timing: matmul=0.15s, sampling=4.40s, total=6.36s
============================================================
Level 20 - SAMPLING
============================================================
  Starting braids: 975944
  Candidates to generate: 5379774
  Processing in 54 chunks...
  Projlen distribution:
    projlen=25: 3 braids
    projlen=26: 32 braids
    projlen=27: 234 braids
    projlen=28: 820 braids
    projlen=29: 5839 braids
    projlen=30: 14386 braids
    projlen=31: 124560 braids
    projlen=32: 208131 braids
    projlen=33: 320654 braids
    projlen=34: 258728 braids
    projlen=35: 297650 braids
    projlen=36: 254688 braids
    projlen=37: 291576 braids
    projlen=38: 254755 braids
    projlen=39: 285410 braids
    projlen=40: 258195 braids
    projlen=41: 282929 braids
    projlen=42: 262490 braids
    projlen=43: 280926 braids
    projlen=44: 264488 braids
    projlen=45: 277531 braids
    projlen=46: 267730 braids
    projlen=47: 275692 braids
    projlen=48: 268265 braids
    projlen=49: 271998 braids
    projlen=50: 252494 braids
    projlen=51: 99570 braids
  Braids kept: 1071314 (in 27 buckets, 0.88 GB CPU)
  ⚡ Timing: matmul=0.15s, sampling=5.00s, total=7.01s
============================================================
Level 21 - SAMPLING
============================================================
  Starting braids: 971314
  Candidates to generate: 5355728
  Processing in 54 chunks...
  Projlen distribution:
    projlen=26: 7 braids
    projlen=27: 84 braids
    projlen=28: 368 braids
    projlen=29: 2534 braids
    projlen=30: 5514 braids
    projlen=31: 35182 braids
    projlen=32: 65459 braids
    projlen=33: 247668 braids
    projlen=34: 266591 braids
    projlen=35: 305730 braids
    projlen=36: 251141 braids
    projlen=37: 295316 braids
    projlen=38: 257331 braids
    projlen=39: 287062 braids
    projlen=40: 258292 braids
    projlen=41: 283443 braids
    projlen=42: 261371 braids
    projlen=43: 281180 braids
    projlen=44: 264373 braids
    projlen=45: 278740 braids
    projlen=46: 265892 braids
    projlen=47: 276784 braids
    projlen=48: 269333 braids
    projlen=49: 274006 braids
    projlen=50: 266252 braids
    projlen=51: 257587 braids
    projlen=52: 98488 braids
  Braids kept: 1093689 (in 27 buckets, 0.91 GB CPU)
  ⚡ Timing: matmul=0.15s, sampling=7.94s, total=10.59s
============================================================
Level 22 - SAMPLING
============================================================
  Starting braids: 993689
  Candidates to generate: 5493233
  Processing in 55 chunks...
  Projlen distribution:
    projlen=26: 2 braids
    projlen=27: 33 braids
    projlen=28: 110 braids
    projlen=29: 921 braids
    projlen=30: 2701 braids
    projlen=31: 17509 braids
    projlen=32: 29083 braids
    projlen=33: 173734 braids
    projlen=34: 235964 braids
    projlen=35: 321831 braids
    projlen=36: 255350 braids
    projlen=37: 297483 braids
    projlen=38: 255304 braids
    projlen=39: 291096 braids
    projlen=40: 258929 braids
    projlen=41: 283473 braids
    projlen=42: 261620 braids
    projlen=43: 282038 braids
    projlen=44: 263154 braids
    projlen=45: 280014 braids
    projlen=46: 267066 braids
    projlen=47: 277610 braids
    projlen=48: 267520 braids
    projlen=49: 275923 braids
    projlen=50: 269636 braids
    projlen=51: 271808 braids
    projlen=52: 253876 braids
    projlen=53: 99445 braids
  Braids kept: 1100359 (in 28 buckets, 0.94 GB CPU)
  ⚡ Timing: matmul=0.16s, sampling=7.97s, total=10.73s
============================================================
Level 23 - SAMPLING
============================================================
  Starting braids: 950359
  Candidates to generate: 5248835
  Processing in 53 chunks...
  Projlen distribution:
    projlen=27: 15 braids
    projlen=28: 49 braids
    projlen=29: 318 braids
    projlen=30: 1052 braids
    projlen=31: 6929 braids
    projlen=32: 15204 braids
    projlen=33: 92849 braids
    projlen=34: 128503 braids
    projlen=35: 280545 braids
    projlen=36: 261315 braids
    projlen=37: 305379 braids
    projlen=38: 251140 braids
    projlen=39: 294130 braids
    projlen=40: 257136 braids
    projlen=41: 285995 braids
    projlen=42: 260559 braids
    projlen=43: 281616 braids
    projlen=44: 264137 braids
    projlen=45: 279857 braids
    projlen=46: 264957 braids
    projlen=47: 278583 braids
    projlen=48: 267996 braids
    projlen=49: 277356 braids
    projlen=50: 269090 braids
    projlen=51: 272241 braids
    projlen=52: 253015 braids
    projlen=53: 98869 braids
  Braids kept: 1073567 (in 27 buckets, 0.93 GB CPU)
  ⚡ Timing: matmul=0.21s, sampling=8.08s, total=10.77s
============================================================
Level 24 - SAMPLING
============================================================
  Starting braids: 973567
  Candidates to generate: 5371543
  Processing in 54 chunks...
  Projlen distribution:
    projlen=27: 4 braids
    projlen=28: 17 braids
    projlen=29: 158 braids
    projlen=30: 427 braids
    projlen=31: 2472 braids
    projlen=32: 6709 braids
    projlen=33: 38846 braids
    projlen=34: 68884 braids
    projlen=35: 251289 braids
    projlen=36: 254375 braids
    projlen=37: 316674 braids
    projlen=38: 251224 braids
    projlen=39: 298475 braids
    projlen=40: 253696 braids
    projlen=41: 289861 braids
    projlen=42: 258536 braids
    projlen=43: 283234 braids
    projlen=44: 262294 braids
    projlen=45: 279828 braids
    projlen=46: 265036 braids
    projlen=47: 278821 braids
    projlen=48: 266667 braids
    projlen=49: 276989 braids
    projlen=50: 268232 braids
    projlen=51: 275952 braids
    projlen=52: 267255 braids
    projlen=53: 257422 braids
    projlen=54: 98166 braids
  Braids kept: 1098633 (in 28 buckets, 0.97 GB CPU)
  ⚡ Timing: matmul=0.14s, sampling=8.34s, total=11.07s
============================================================
Level 25 - SAMPLING
============================================================
  Starting braids: 998633
  Candidates to generate: 5508569
  Processing in 56 chunks...
  Projlen distribution:
    projlen=28: 13 braids
    projlen=29: 61 braids
    projlen=30: 186 braids
    projlen=31: 1259 braids
    projlen=32: 2989 braids
    projlen=33: 14853 braids
    projlen=34: 34004 braids
    projlen=35: 185824 braids
    projlen=36: 240630 braids
    projlen=37: 321911 braids
    projlen=38: 247218 braids
    projlen=39: 306890 braids
    projlen=40: 248642 braids
    projlen=41: 294672 braids
    projlen=42: 256015 braids
    projlen=43: 285288 braids
    projlen=44: 259126 braids
    projlen=45: 281994 braids
    projlen=46: 263877 braids
    projlen=47: 278680 braids
    projlen=48: 266749 braids
    projlen=49: 277607 braids
    projlen=50: 268368 braids
    projlen=51: 277224 braids
    projlen=52: 269153 braids
    projlen=53: 272595 braids
    projlen=54: 253354 braids
    projlen=55: 99387 braids
  Braids kept: 1103365 (in 28 buckets, 1.00 GB CPU)
  ⚡ Timing: matmul=0.15s, sampling=8.64s, total=11.49s
============================================================
Level 26 - SAMPLING
============================================================
  Starting braids: 953365
  Candidates to generate: 5253049
  Processing in 53 chunks...
  Projlen distribution:
    projlen=27: 2 braids
    projlen=28: 3 braids
    projlen=29: 38 braids
    projlen=30: 136 braids
    projlen=31: 589 braids
    projlen=32: 1458 braids
    projlen=33: 7833 braids
    projlen=34: 16042 braids
    projlen=35: 74410 braids
    projlen=36: 147246 braids
    projlen=37: 285155 braids
    projlen=38: 260591 braids
    projlen=39: 307647 braids
    projlen=40: 244515 braids
    projlen=41: 301506 braids
    projlen=42: 249126 braids
    projlen=43: 289302 braids
    projlen=44: 257571 braids
    projlen=45: 282897 braids
    projlen=46: 262447 braids
    projlen=47: 280639 braids
    projlen=48: 266097 braids
    projlen=49: 278448 braids
    projlen=50: 267848 braids
    projlen=51: 277103 braids
    projlen=52: 268766 braids
    projlen=53: 272880 braids
    projlen=54: 253385 braids
    projlen=55: 99369 braids
  Braids kept: 1076101 (in 29 buckets, 0.98 GB CPU)
  ⚡ Timing: matmul=0.21s, sampling=8.83s, total=11.65s
============================================================
Level 27 - SAMPLING
============================================================
  Starting braids: 976101
  Candidates to generate: 5376769
  Processing in 54 chunks...
  Projlen distribution:
    projlen=27: 4 braids
    projlen=28: 8 braids
    projlen=29: 19 braids
    projlen=30: 59 braids
    projlen=31: 353 braids
    projlen=32: 983 braids
    projlen=33: 4039 braids
    projlen=34: 8516 braids
    projlen=35: 40003 braids
    projlen=36: 72975 braids
    projlen=37: 236346 braids
    projlen=38: 274332 braids
    projlen=39: 306927 braids
    projlen=40: 253326 braids
    projlen=41: 301259 braids
    projlen=42: 248802 braids
    projlen=43: 295600 braids
    projlen=44: 252298 braids
    projlen=45: 286975 braids
    projlen=46: 259856 braids
    projlen=47: 280983 braids
    projlen=48: 264027 braids
    projlen=49: 278557 braids
    projlen=50: 267538 braids
    projlen=51: 276926 braids
    projlen=52: 268627 braids
    projlen=53: 275538 braids
    projlen=54: 265881 braids
    projlen=55: 257706 braids
    projlen=56: 98306 braids
  Braids kept: 1103984 (in 30 buckets, 1.03 GB CPU)
  ⚡ Timing: matmul=0.16s, sampling=9.32s, total=12.23s
============================================================
Level 28 - SAMPLING
============================================================
  Starting braids: 953984
  Candidates to generate: 5249894
  Processing in 53 chunks...
  Projlen distribution:
    projlen=26: 1 braids
    projlen=27: 2 braids
    projlen=28: 6 braids
    projlen=29: 35 braids
    projlen=30: 69 braids
    projlen=31: 194 braids
    projlen=32: 448 braids
    projlen=33: 2433 braids
    projlen=34: 5736 braids
    projlen=35: 22116 braids
    projlen=36: 42138 braids
    projlen=37: 182056 braids
    projlen=38: 244653 braids
    projlen=39: 310337 braids
    projlen=40: 263107 braids
    projlen=41: 294000 braids
    projlen=42: 253870 braids
    projlen=43: 294506 braids
    projlen=44: 252114 braids
    projlen=45: 291023 braids
    projlen=46: 256503 braids
    projlen=47: 284873 braids
    projlen=48: 261470 braids
    projlen=49: 279296 braids
    projlen=50: 266722 braids
    projlen=51: 276840 braids
    projlen=52: 268630 braids
    projlen=53: 275126 braids
    projlen=54: 266087 braids
    projlen=55: 257559 braids
    projlen=56: 97944 braids
  Braids kept: 1073178 (in 31 buckets, 1.01 GB CPU)
  ⚡ Timing: matmul=0.15s, sampling=8.96s, total=11.79s
============================================================
Level 29 - SAMPLING
============================================================
  Starting braids: 973178
  Candidates to generate: 5348872
  Processing in 54 chunks...
  Projlen distribution:
    projlen=28: 5 braids
    projlen=29: 21 braids
    projlen=30: 36 braids
    projlen=31: 232 braids
    projlen=32: 425 braids
    projlen=33: 1426 braids
    projlen=34: 2860 braids
    projlen=35: 13937 braids
    projlen=36: 29273 braids
    projlen=37: 106211 braids
    projlen=38: 183560 braids
    projlen=39: 293335 braids
    projlen=40: 263990 braids
    projlen=41: 297335 braids
    projlen=42: 258146 braids
    projlen=43: 290973 braids
    projlen=44: 256409 braids
    projlen=45: 287922 braids
    projlen=46: 255848 braids
    projlen=47: 287492 braids
    projlen=48: 258618 braids
    projlen=49: 281732 braids
    projlen=50: 263280 braids
    projlen=51: 277792 braids
    projlen=52: 267600 braids
    projlen=53: 276627 braids
    projlen=54: 269278 braids
    projlen=55: 271995 braids
    projlen=56: 252953 braids
    projlen=57: 99561 braids
  Braids kept: 1098215 (in 30 buckets, 1.05 GB CPU)
  ⚡ Timing: matmul=0.16s, sampling=9.50s, total=12.42s
============================================================
Level 30 - SAMPLING
============================================================
  Starting braids: 998215
  Candidates to generate: 5482981
  Processing in 55 chunks...
  Projlen distribution:
    projlen=30: 29 braids
    projlen=31: 128 braids
    projlen=32: 220 braids
    projlen=33: 1355 braids
    projlen=34: 2466 braids
    projlen=35: 8823 braids
    projlen=36: 15797 braids
    projlen=37: 68957 braids
    projlen=38: 128768 braids
    projlen=39: 258832 braids
    projlen=40: 271101 braids
    projlen=41: 297994 braids
    projlen=42: 256286 braids
    projlen=43: 291785 braids
    projlen=44: 259374 braids
    projlen=45: 286153 braids
    projlen=46: 258460 braids
    projlen=47: 284554 braids
    projlen=48: 259093 braids
    projlen=49: 283234 braids
    projlen=50: 261360 braids
    projlen=51: 280811 braids
    projlen=52: 265615 braids
    projlen=53: 276210 braids
    projlen=54: 268382 braids
    projlen=55: 274942 braids
    projlen=56: 266435 braids
    projlen=57: 257240 braids
    projlen=58: 98577 braids
  Braids kept: 1128818 (in 29 buckets, 1.10 GB CPU)
  ⚡ Timing: matmul=0.16s, sampling=9.92s, total=12.95s
============================================================
Level 31 - SAMPLING
============================================================
  Starting braids: 978818
  Candidates to generate: 5384670
  Processing in 54 chunks...
  Projlen distribution:
    projlen=31: 17 braids
    projlen=32: 152 braids
    projlen=33: 740 braids
    projlen=34: 1314 braids
    projlen=35: 7400 braids
    projlen=36: 13396 braids
    projlen=37: 45912 braids
    projlen=38: 74321 braids
    projlen=39: 234385 braids
    projlen=40: 270142 braids
    projlen=41: 298986 braids
    projlen=42: 263181 braids
    projlen=43: 290902 braids
    projlen=44: 258332 braids
    projlen=45: 287420 braids
    projlen=46: 260698 braids
    projlen=47: 282646 braids
    projlen=48: 261822 braids
    projlen=49: 282216 braids
    projlen=50: 262543 braids
    projlen=51: 281118 braids
    projlen=52: 263605 braids
    projlen=53: 279319 braids
    projlen=54: 267110 braids
    projlen=55: 274826 braids
    projlen=56: 266952 braids
    projlen=57: 257243 braids
    projlen=58: 97972 braids
  Braids kept: 1118931 (in 28 buckets, 1.10 GB CPU)
  ⚡ Timing: matmul=0.17s, sampling=9.67s, total=12.64s
============================================================
Level 32 - SAMPLING
============================================================
  Starting braids: 968931
  Candidates to generate: 5336025
  Processing in 54 chunks...
  Projlen distribution:
    projlen=30: 2 braids
    projlen=31: 10 braids
    projlen=32: 16 braids
    projlen=33: 135 braids
    projlen=34: 831 braids
    projlen=35: 4046 braids
    projlen=36: 7435 braids
    projlen=37: 38400 braids
    projlen=38: 65482 braids
    projlen=39: 212637 braids
    projlen=40: 254502 braids
    projlen=41: 310108 braids
    projlen=42: 261624 braids
    projlen=43: 290740 braids
    projlen=44: 261120 braids
    projlen=45: 287029 braids
    projlen=46: 260707 braids
    projlen=47: 284104 braids
    projlen=48: 262738 braids
    projlen=49: 279422 braids
    projlen=50: 263957 braids
    projlen=51: 280022 braids
    projlen=52: 265811 braids
    projlen=53: 280033 braids
    projlen=54: 266026 braids
    projlen=55: 277081 braids
    projlen=56: 265377 braids
    projlen=57: 258656 braids
    projlen=58: 97974 braids
  Braids kept: 1100875 (in 29 buckets, 1.09 GB CPU)
  ⚡ Timing: matmul=0.16s, sampling=9.68s, total=12.64s
============================================================
Level 33 - SAMPLING
============================================================
  Starting braids: 950875
  Candidates to generate: 5231023
  Processing in 53 chunks...
  Projlen distribution:
    projlen=31: 9 braids
    projlen=32: 13 braids
    projlen=33: 89 braids
    projlen=34: 131 braids
    projlen=35: 973 braids
    projlen=36: 4509 braids
    projlen=37: 21530 braids
    projlen=38: 38159 braids
    projlen=39: 177553 braids
    projlen=40: 237130 braids
    projlen=41: 308774 braids
    projlen=42: 259958 braids
    projlen=43: 297377 braids
    projlen=44: 255676 braids
    projlen=45: 290088 braids
    projlen=46: 261111 braids
    projlen=47: 283173 braids
    projlen=48: 261235 braids
    projlen=49: 281399 braids
    projlen=50: 264434 braids
    projlen=51: 278754 braids
    projlen=52: 266791 braids
    projlen=53: 278319 braids
    projlen=54: 267285 braids
    projlen=55: 277751 braids
    projlen=56: 263360 braids
    projlen=57: 258356 braids
    projlen=58: 97086 braids
  Braids kept: 1065413 (in 28 buckets, 1.06 GB CPU)
  ⚡ Timing: matmul=0.15s, sampling=9.61s, total=12.52s
============================================================
Level 34 - SAMPLING
============================================================
  Starting braids: 965413
  Candidates to generate: 5313353
  Processing in 54 chunks...
  Projlen distribution:
    projlen=31: 10 braids
    projlen=32: 9 braids
    projlen=33: 74 braids
    projlen=34: 92 braids
    projlen=35: 583 braids
    projlen=36: 963 braids
    projlen=37: 6291 braids
    projlen=38: 23517 braids
    projlen=39: 103416 braids
    projlen=40: 168140 braids
    projlen=41: 287744 braids
    projlen=42: 261735 braids
    projlen=43: 298901 braids
    projlen=44: 254977 braids
    projlen=45: 293595 braids
    projlen=46: 255830 braids
    projlen=47: 285668 braids
    projlen=48: 262323 braids
    projlen=49: 281541 braids
    projlen=50: 264040 braids
    projlen=51: 279379 braids
    projlen=52: 265712 braids
    projlen=53: 278008 braids
    projlen=54: 268013 braids
    projlen=55: 277803 braids
    projlen=56: 268464 braids
    projlen=57: 274801 braids
    projlen=58: 252096 braids
    projlen=59: 99628 braids
  Braids kept: 1081539 (in 29 buckets, 1.10 GB CPU)
  ⚡ Timing: matmul=0.15s, sampling=9.84s, total=12.83s
============================================================
Level 35 - SAMPLING
============================================================
  Starting braids: 981539
  Candidates to generate: 5399239
  Processing in 54 chunks...
  Projlen distribution:
    projlen=30: 1 braids
    projlen=31: 2 braids
    projlen=32: 5 braids
    projlen=33: 72 braids
    projlen=34: 74 braids
    projlen=35: 498 braids
    projlen=36: 702 braids
    projlen=37: 3501 braids
    projlen=38: 6261 braids
    projlen=39: 32767 braids
    projlen=40: 103171 braids
    projlen=41: 250171 braids
    projlen=42: 267115 braids
    projlen=43: 302310 braids
    projlen=44: 254979 braids
    projlen=45: 293729 braids
    projlen=46: 257077 braids
    projlen=47: 288842 braids
    projlen=48: 257459 braids
    projlen=49: 283574 braids
    projlen=50: 263606 braids
    projlen=51: 280027 braids
    projlen=52: 266411 braids
    projlen=53: 278489 braids
    projlen=54: 266987 braids
    projlen=55: 275768 braids
    projlen=56: 268643 braids
    projlen=57: 274054 braids
    projlen=58: 266589 braids
    projlen=59: 258172 braids
    projlen=60: 98183 braids
  Braids kept: 1093883 (in 31 buckets, 1.13 GB CPU)
  ⚡ Timing: matmul=0.17s, sampling=10.43s, total=13.54s
============================================================
Level 36 - SAMPLING
============================================================
  Starting braids: 993883
  Candidates to generate: 5474901
  Processing in 55 chunks...
  Projlen distribution:
    projlen=30: 1 braids
    projlen=31: 2 braids
    projlen=32: 4 braids
    projlen=33: 30 braids
    projlen=34: 49 braids
    projlen=35: 436 braids
    projlen=36: 510 braids
    projlen=37: 2958 braids
    projlen=38: 4496 braids
    projlen=39: 18962 braids
    projlen=40: 31765 braids
    projlen=41: 147143 braids
    projlen=42: 251768 braids
    projlen=43: 301954 braids
    projlen=44: 262252 braids
    projlen=45: 294343 braids
    projlen=46: 256005 braids
    projlen=47: 290177 braids
    projlen=48: 259668 braids
    projlen=49: 284369 braids
    projlen=50: 260646 braids
    projlen=51: 281871 braids
    projlen=52: 265123 braids
    projlen=53: 278486 braids
    projlen=54: 267593 braids
    projlen=55: 277214 braids
    projlen=56: 268242 braids
    projlen=57: 275271 braids
    projlen=58: 268379 braids
    projlen=59: 271291 braids
    projlen=60: 254194 braids
    projlen=61: 99699 braids
  Braids kept: 1109213 (in 32 buckets, 1.17 GB CPU)
  ⚡ Timing: matmul=0.16s, sampling=10.61s, total=13.80s
============================================================
Level 37 - SAMPLING
============================================================
  Starting braids: 959213
  Candidates to generate: 5278069
  Processing in 53 chunks...
  Projlen distribution:
    projlen=31: 3 braids
    projlen=32: 4 braids
    projlen=33: 26 braids
    projlen=34: 30 braids
    projlen=35: 229 braids
    projlen=36: 338 braids
    projlen=37: 2461 braids
    projlen=38: 3010 braids
    projlen=39: 16390 braids
    projlen=40: 23643 braids
    projlen=41: 91048 braids
    projlen=42: 139842 braids
    projlen=43: 268982 braids
    projlen=44: 279883 braids
    projlen=45: 287405 braids
    projlen=46: 262262 braids
    projlen=47: 291209 braids
    projlen=48: 257998 braids
    projlen=49: 286470 braids
    projlen=50: 261734 braids
    projlen=51: 282051 braids
    projlen=52: 262989 braids
    projlen=53: 280074 braids
    projlen=54: 266128 braids
    projlen=55: 278059 braids
    projlen=56: 268788 braids
    projlen=57: 275679 braids
    projlen=58: 268616 braids
    projlen=59: 271993 braids
    projlen=60: 252090 braids
    projlen=61: 98635 braids
  Braids kept: 1096134 (in 31 buckets, 1.16 GB CPU)
  ⚡ Timing: matmul=0.16s, sampling=10.46s, total=13.52s
============================================================
Level 38 - SAMPLING
============================================================
  Starting braids: 996134
  Candidates to generate: 5482824
  Processing in 55 chunks...
  Projlen distribution:
    projlen=33: 25 braids
    projlen=34: 23 braids
    projlen=35: 189 braids
    projlen=36: 205 braids
    projlen=37: 1492 braids
    projlen=38: 2066 braids
    projlen=39: 13225 braids
    projlen=40: 16161 braids
    projlen=41: 80601 braids
    projlen=42: 107161 braids
    projlen=43: 253291 braids
    projlen=44: 261765 braids
    projlen=45: 302196 braids
    projlen=46: 266812 braids
    projlen=47: 283713 braids
    projlen=48: 266551 braids
    projlen=49: 285390 braids
    projlen=50: 259525 braids
    projlen=51: 282703 braids
    projlen=52: 264124 braids
    projlen=53: 279861 braids
    projlen=54: 265931 braids
    projlen=55: 279241 braids
    projlen=56: 266654 braids
    projlen=57: 277743 braids
    projlen=58: 268908 braids
    projlen=59: 273890 braids
    projlen=60: 267259 braids
    projlen=61: 257487 braids
    projlen=62: 98632 braids
  Braids kept: 1133386 (in 30 buckets, 1.22 GB CPU)
  ⚡ Timing: matmul=0.19s, sampling=10.99s, total=14.25s
============================================================
Level 39 - SAMPLING
============================================================
  Starting braids: 983386
  Candidates to generate: 5405918
  Processing in 55 chunks...
  Projlen distribution:
    projlen=34: 1 braids
    projlen=35: 155 braids
    projlen=36: 158 braids
    projlen=37: 1187 braids
    projlen=38: 1268 braids
    projlen=39: 8710 braids
    projlen=40: 11350 braids
    projlen=41: 64773 braids
    projlen=42: 73702 braids
    projlen=43: 245545 braids
    projlen=44: 250542 braids
    projlen=45: 310769 braids
    projlen=46: 255756 braids
    projlen=47: 295571 braids
    projlen=48: 262256 braids
    projlen=49: 282020 braids
    projlen=50: 266013 braids
    projlen=51: 280162 braids
    projlen=52: 262455 braids
    projlen=53: 282080 braids
    projlen=54: 264716 braids
    projlen=55: 277518 braids
    projlen=56: 266820 braids
    projlen=57: 277234 braids
    projlen=58: 268593 braids
    projlen=59: 276268 braids
    projlen=60: 266024 braids
    projlen=61: 256672 braids
    projlen=62: 97600 braids
  Braids kept: 1122829 (in 29 buckets, 1.22 GB CPU)
  ⚡ Timing: matmul=0.15s, sampling=10.95s, total=14.13s
============================================================
Level 40 - SAMPLING
============================================================
  Starting braids: 972829
  Candidates to generate: 5342147
  Processing in 54 chunks...
  Projlen distribution:
    projlen=34: 4 braids
    projlen=35: 12 braids
    projlen=36: 40 braids
    projlen=37: 898 braids
    projlen=38: 946 braids
    projlen=39: 6876 braids
    projlen=40: 7081 braids
    projlen=41: 45407 braids
    projlen=42: 53525 braids
    projlen=43: 238257 braids
    projlen=44: 234278 braids
    projlen=45: 320442 braids
    projlen=46: 246378 braids
    projlen=47: 302614 braids
    projlen=48: 252228 braids
    projlen=49: 292841 braids
    projlen=50: 261459 braids
    projlen=51: 280782 braids
    projlen=52: 267283 braids
    projlen=53: 277828 braids
    projlen=54: 264976 braids
    projlen=55: 279703 braids
    projlen=56: 266065 braids
    projlen=57: 277565 braids
    projlen=58: 268486 braids
    projlen=59: 275726 braids
    projlen=60: 265129 braids
    projlen=61: 258020 braids
    projlen=62: 97298 braids
  Braids kept: 1111264 (in 29 buckets, 1.21 GB CPU)
  ⚡ Timing: matmul=0.23s, sampling=10.66s, total=13.85s
============================================================
Level 41 - SAMPLING
============================================================
  Starting braids: 961264
  Candidates to generate: 5273760
  Processing in 53 chunks...
  Projlen distribution:
    projlen=34: 1 braids
    projlen=35: 12 braids
    projlen=36: 24 braids
    projlen=37: 198 braids
    projlen=38: 307 braids
    projlen=39: 5111 braids
    projlen=40: 5407 braids
    projlen=41: 36532 braids
    projlen=42: 35896 braids
    projlen=43: 216363 braids
    projlen=44: 223797 braids
    projlen=45: 325169 braids
    projlen=46: 236357 braids
    projlen=47: 311898 braids
    projlen=48: 242179 braids
    projlen=49: 298766 braids
    projlen=50: 253134 braids
    projlen=51: 288629 braids
    projlen=52: 262404 braids
    projlen=53: 279067 braids
    projlen=54: 267813 braids
    projlen=55: 276328 braids
    projlen=56: 267147 braids
    projlen=57: 277644 braids
    projlen=58: 267012 braids
    projlen=59: 275480 braids
    projlen=60: 265850 braids
    projlen=61: 257264 braids
    projlen=62: 97971 braids
  Braids kept: 1083488 (in 29 buckets, 1.19 GB CPU)
  ⚡ Timing: matmul=0.16s, sampling=10.58s, total=13.68s
============================================================
Level 42 - SAMPLING
============================================================
  Starting braids: 983488
  Candidates to generate: 5388120
  Processing in 54 chunks...
  Projlen distribution:
    projlen=34: 1 braids
    projlen=35: 5 braids
    projlen=36: 9 braids
    projlen=37: 156 braids
    projlen=38: 178 braids
    projlen=39: 1429 braids
    projlen=40: 2097 braids
    projlen=41: 27609 braids
    projlen=42: 27885 braids
    projlen=43: 176780 braids
    projlen=44: 157441 braids
    projlen=45: 299678 braids
    projlen=46: 236272 braids
    projlen=47: 314977 braids
    projlen=48: 233523 braids
    projlen=49: 308164 braids
    projlen=50: 243994 braids
    projlen=51: 294249 braids
    projlen=52: 255035 braids
    projlen=53: 284618 braids
    projlen=54: 262317 braids
    projlen=55: 278759 braids
    projlen=56: 268879 braids
    projlen=57: 276263 braids
    projlen=58: 268433 braids
    projlen=59: 276416 braids
    projlen=60: 268063 braids
    projlen=61: 272297 braids
    projlen=62: 253221 braids
    projlen=63: 99372 braids
  Braids kept: 1109369 (in 30 buckets, 1.24 GB CPU)
  ⚡ Timing: matmul=0.17s, sampling=10.95s, total=14.17s
============================================================
Level 43 - SAMPLING
============================================================
  Starting braids: 959369
  Candidates to generate: 5250357
  Processing in 53 chunks...
  Projlen distribution:
    projlen=35: 4 braids
    projlen=36: 3 braids
    projlen=37: 64 braids
    projlen=38: 80 braids
    projlen=39: 1062 braids
    projlen=40: 1212 braids
    projlen=41: 9128 braids
    projlen=42: 11743 braids
    projlen=43: 134544 braids
    projlen=44: 122211 braids
    projlen=45: 288930 braids
    projlen=46: 219771 braids
    projlen=47: 325627 braids
    projlen=48: 230908 braids
    projlen=49: 309254 braids
    projlen=50: 236660 braids
    projlen=51: 301274 braids
    projlen=52: 246971 braids
    projlen=53: 290738 braids
    projlen=54: 257122 braids
    projlen=55: 282985 braids
    projlen=56: 264047 braids
    projlen=57: 278395 braids
    projlen=58: 268961 braids
    projlen=59: 275739 braids
    projlen=60: 268911 braids
    projlen=61: 272260 braids
    projlen=62: 252684 braids
    projlen=63: 99069 braids
  Braids kept: 1073296 (in 29 buckets, 1.21 GB CPU)
  ⚡ Timing: matmul=0.15s, sampling=10.70s, total=13.77s
============================================================
Level 44 - SAMPLING
============================================================
  Starting braids: 973296
  Candidates to generate: 5327682
  Processing in 54 chunks...
  Projlen distribution:
    projlen=35: 4 braids
    projlen=36: 8 braids
    projlen=37: 34 braids
    projlen=38: 43 braids
    projlen=39: 457 braids
    projlen=40: 558 braids
    projlen=41: 6508 braids
    projlen=42: 6938 braids
    projlen=43: 48528 braids
    projlen=44: 52316 braids
    projlen=45: 258225 braids
    projlen=46: 216990 braids
    projlen=47: 334705 braids
    projlen=48: 218226 braids
    projlen=49: 320029 braids
    projlen=50: 230288 braids
    projlen=51: 304978 braids
    projlen=52: 241905 braids
    projlen=53: 295477 braids
    projlen=54: 250339 braids
    projlen=55: 288319 braids
    projlen=56: 259946 braids
    projlen=57: 281254 braids
    projlen=58: 264814 braids
    projlen=59: 277912 braids
    projlen=60: 270440 braids
    projlen=61: 274833 braids
    projlen=62: 267475 braids
    projlen=63: 257540 braids
    projlen=64: 98593 braids
  Braids kept: 1113078 (in 30 buckets, 1.27 GB CPU)
  ⚡ Timing: matmul=0.15s, sampling=8.16s, total=10.90s
============================================================
Level 45 - SAMPLING
============================================================
  Starting braids: 963078
  Candidates to generate: 5280046
  Processing in 53 chunks...
  Projlen distribution:
    projlen=34: 1 braids
    projlen=35: 2 braids
    projlen=36: 10 braids
    projlen=37: 33 braids
    projlen=38: 42 braids
    projlen=39: 266 braids
    projlen=40: 289 braids
    projlen=41: 3031 braids
    projlen=42: 3568 braids
    projlen=43: 35339 braids
    projlen=44: 35035 braids
    projlen=45: 238308 braids
    projlen=46: 225984 braids
    projlen=47: 341690 braids
    projlen=48: 217935 braids
    projlen=49: 326895 braids
    projlen=50: 219057 braids
    projlen=51: 312890 braids
    projlen=52: 234266 braids
    projlen=53: 299685 braids
    projlen=54: 246675 braids
    projlen=55: 292657 braids
    projlen=56: 254042 braids
    projlen=57: 285796 braids
    projlen=58: 261910 braids
    projlen=59: 279965 braids
    projlen=60: 265971 braids
    projlen=61: 276350 braids
    projlen=62: 267418 braids
    projlen=63: 256544 braids
    projlen=64: 98392 braids
  Braids kept: 1077616 (in 31 buckets, 1.24 GB CPU)
  ⚡ Timing: matmul=0.15s, sampling=8.04s, total=10.73s
============================================================
Level 46 - SAMPLING
============================================================
  Starting braids: 977616
  Candidates to generate: 5350440
  Processing in 54 chunks...
  Projlen distribution:
    projlen=35: 4 braids
    projlen=36: 4 braids
    projlen=37: 44 braids
    projlen=38: 50 braids
    projlen=39: 265 braids
    projlen=40: 247 braids
    projlen=41: 1743 braids
    projlen=42: 1913 braids
    projlen=43: 18058 braids
    projlen=44: 19009 braids
    projlen=45: 173985 braids
    projlen=46: 153683 braids
    projlen=47: 307385 braids
    projlen=48: 228756 braids
    projlen=49: 327265 braids
    projlen=50: 216491 braids
    projlen=51: 320693 braids
    projlen=52: 224489 braids
    projlen=53: 307476 braids
    projlen=54: 239827 braids
    projlen=55: 295074 braids
    projlen=56: 249934 braids
    projlen=57: 287962 braids
    projlen=58: 256576 braids
    projlen=59: 282876 braids
    projlen=60: 264216 braids
    projlen=61: 279219 braids
    projlen=62: 266475 braids
    projlen=63: 273308 braids
    projlen=64: 253602 braids
    projlen=65: 99811 braids
  Braids kept: 1091337 (in 31 buckets, 1.28 GB CPU)
  ⚡ Timing: matmul=0.22s, sampling=5.34s, total=8.63s
============================================================
Level 47 - SAMPLING
============================================================
  Starting braids: 991337
  Candidates to generate: 5417693
  Processing in 55 chunks...
  Projlen distribution:
    projlen=35: 4 braids
    projlen=36: 2 braids
    projlen=37: 36 braids
    projlen=38: 32 braids
    projlen=39: 321 braids
    projlen=40: 259 braids
    projlen=41: 1608 braids
    projlen=42: 1512 braids
    projlen=43: 10732 braids
    projlen=44: 10530 braids
    projlen=45: 92362 braids
    projlen=46: 83677 braids
    projlen=47: 274800 braids
    projlen=48: 215345 braids
    projlen=49: 333081 braids
    projlen=50: 222583 braids
    projlen=51: 318513 braids
    projlen=52: 222648 braids
    projlen=53: 313048 braids
    projlen=54: 231247 braids
    projlen=55: 302201 braids
    projlen=56: 244984 braids
    projlen=57: 291720 braids
    projlen=58: 254440 braids
    projlen=59: 285579 braids
    projlen=60: 259974 braids
    projlen=61: 281837 braids
    projlen=62: 265373 braids
    projlen=63: 276471 braids
    projlen=64: 265266 braids
    projlen=65: 259133 braids
    projlen=66: 98375 braids
  Braids kept: 1125036 (in 32 buckets, 1.33 GB CPU)
  ⚡ Timing: matmul=0.16s, sampling=5.07s, total=8.18s
============================================================
Level 48 - SAMPLING
============================================================
  Starting braids: 975036
  Candidates to generate: 5324210
  Processing in 54 chunks...
  Projlen distribution:
    projlen=35: 3 braids
    projlen=36: 3 braids
    projlen=37: 23 braids
    projlen=38: 16 braids
    projlen=39: 235 braids
    projlen=40: 187 braids
    projlen=41: 1821 braids
    projlen=42: 1392 braids
    projlen=43: 9225 braids
    projlen=44: 8461 braids
    projlen=45: 56506 braids
    projlen=46: 49206 braids
    projlen=47: 257878 braids
    projlen=48: 215231 braids
    projlen=49: 341498 braids
    projlen=50: 214189 braids
    projlen=51: 325500 braids
    projlen=52: 222230 braids
    projlen=53: 311854 braids
    projlen=54: 229347 braids
    projlen=55: 305139 braids
    projlen=56: 237381 braids
    projlen=57: 297255 braids
    projlen=58: 249509 braids
    projlen=59: 287715 braids
    projlen=60: 258323 braids
    projlen=61: 283340 braids
    projlen=62: 262533 braids
    projlen=63: 279766 braids
    projlen=64: 263186 braids
    projlen=65: 258268 braids
    projlen=66: 96990 braids
  Braids kept: 1120572 (in 32 buckets, 1.33 GB CPU)
  ⚡ Timing: matmul=0.17s, sampling=4.94s, total=8.00s
============================================================
Level 49 - SAMPLING
============================================================
  Starting braids: 970572
  Candidates to generate: 5298988
  Processing in 53 chunks...
  Projlen distribution:
    projlen=37: 19 braids
    projlen=38: 17 braids
    projlen=39: 130 braids
    projlen=40: 104 braids
    projlen=41: 1351 braids
    projlen=42: 1067 braids
    projlen=43: 9692 braids
    projlen=44: 7406 braids
    projlen=45: 48417 braids
    projlen=46: 42562 braids
    projlen=47: 252560 braids
    projlen=48: 209463 braids
    projlen=49: 343146 braids
    projlen=50: 214218 braids
    projlen=51: 331675 braids
    projlen=52: 212590 braids
    projlen=53: 319078 braids
    projlen=54: 226132 braids
    projlen=55: 305538 braids
    projlen=56: 236728 braids
    projlen=57: 300027 braids
    projlen=58: 242912 braids
    projlen=59: 293325 braids
    projlen=60: 254087 braids
    projlen=61: 286024 braids
    projlen=62: 262365 braids
    projlen=63: 280849 braids
    projlen=64: 261157 braids
    projlen=65: 259702 braids
    projlen=66: 96647 braids
  Braids kept: 1110765 (in 30 buckets, 1.33 GB CPU)
  ⚡ Timing: matmul=0.18s, sampling=4.86s, total=7.90s
============================================================
Level 50 - SAMPLING
============================================================
  Starting braids: 960765
  Candidates to generate: 5234239
  Processing in 53 chunks...
  Projlen distribution:
    projlen=39: 101 braids
    projlen=40: 88 braids
    projlen=41: 764 braids
    projlen=42: 638 braids
    projlen=43: 7356 braids
    projlen=44: 5623 braids
    projlen=45: 50214 braids
    projlen=46: 37213 braids
    projlen=47: 235952 braids
    projlen=48: 188950 braids
    projlen=49: 326986 braids
    projlen=50: 212219 braids
    projlen=51: 333789 braids
    projlen=52: 209443 braids
    projlen=53: 324163 braids
    projlen=54: 218522 braids
    projlen=55: 312549 braids
    projlen=56: 231826 braids
    projlen=57: 301003 braids
    projlen=58: 243864 braids
    projlen=59: 294430 braids
    projlen=60: 249138 braids
    projlen=61: 289953 braids
    projlen=62: 257243 braids
    projlen=63: 283668 braids
    projlen=64: 260701 braids
    projlen=65: 260893 braids
    projlen=66: 96950 braids
  Braids kept: 1101783 (in 28 buckets, 1.32 GB CPU)
  ⚡ Timing: matmul=0.16s, sampling=4.91s, total=7.93s
============================================================
Level 51 - SAMPLING
============================================================
  Starting braids: 951783
  Candidates to generate: 5169379
  Processing in 52 chunks...
  Projlen distribution:
    projlen=40: 4 braids
    projlen=41: 572 braids
    projlen=42: 515 braids
    projlen=43: 4474 braids
    projlen=44: 3549 braids
    projlen=45: 38804 braids
    projlen=46: 27997 braids
    projlen=47: 239697 braids
    projlen=48: 163994 braids
    projlen=49: 316532 braids
    projlen=50: 209362 braids
    projlen=51: 335267 braids
    projlen=52: 208858 braids
    projlen=53: 326278 braids
    projlen=54: 214042 braids
    projlen=55: 316423 braids
    projlen=56: 224505 braids
    projlen=57: 305886 braids
    projlen=58: 238304 braids
    projlen=59: 297157 braids
    projlen=60: 248822 braids
    projlen=61: 290802 braids
    projlen=62: 254085 braids
    projlen=63: 286329 braids
    projlen=64: 257225 braids
    projlen=65: 263865 braids
    projlen=66: 96031 braids
  Braids kept: 1075915 (in 27 buckets, 1.30 GB CPU)
  ⚡ Timing: matmul=0.17s, sampling=4.81s, total=7.80s
============================================================
Level 52 - SAMPLING
============================================================
  Starting braids: 975915
  Candidates to generate: 5284901
  Processing in 53 chunks...
  Projlen distribution:
    projlen=40: 2 braids
    projlen=41: 23 braids
    projlen=42: 72 braids
    projlen=43: 3274 braids
    projlen=44: 2858 braids
    projlen=45: 25209 braids
    projlen=46: 18304 braids
    projlen=47: 185675 braids
    projlen=48: 121739 braids
    projlen=49: 302573 braids
    projlen=50: 188660 braids
    projlen=51: 342218 braids
    projlen=52: 204628 braids
    projlen=53: 327478 braids
    projlen=54: 213328 braids
    projlen=55: 318787 braids
    projlen=56: 222216 braids
    projlen=57: 310071 braids
    projlen=58: 232578 braids
    projlen=59: 301078 braids
    projlen=60: 245021 braids
    projlen=61: 293236 braids
    projlen=62: 253739 braids
    projlen=63: 287163 braids
    projlen=64: 256632 braids
    projlen=65: 280619 braids
    projlen=66: 246497 braids
    projlen=67: 101223 braids
  Braids kept: 1099742 (in 28 buckets, 1.35 GB CPU)
  ⚡ Timing: matmul=0.18s, sampling=5.17s, total=8.31s
============================================================
Level 53 - SAMPLING
============================================================
  Starting braids: 999742
  Candidates to generate: 5402480
  Processing in 55 chunks...
  Projlen distribution:
    projlen=41: 12 braids
    projlen=42: 32 braids
    projlen=43: 384 braids
    projlen=44: 649 braids
    projlen=45: 18187 braids
    projlen=46: 14286 braids
    projlen=47: 125238 braids
    projlen=48: 80390 braids
    projlen=49: 282774 braids
    projlen=50: 179701 braids
    projlen=51: 353141 braids
    projlen=52: 184987 braids
    projlen=53: 337472 braids
    projlen=54: 204082 braids
    projlen=55: 321643 braids
    projlen=56: 220759 braids
    projlen=57: 311101 braids
    projlen=58: 228859 braids
    projlen=59: 304436 braids
    projlen=60: 239361 braids
    projlen=61: 296686 braids
    projlen=62: 249396 braids
    projlen=63: 288929 braids
    projlen=64: 256909 braids
    projlen=65: 284302 braids
    projlen=66: 257754 braids
    projlen=67: 264431 braids
    projlen=68: 96579 braids
  Braids kept: 1133550 (in 28 buckets, 1.41 GB CPU)
  ⚡ Timing: matmul=0.16s, sampling=5.49s, total=8.75s
============================================================
Level 54 - SAMPLING
============================================================
  Starting braids: 983550
  Candidates to generate: 5299084
  Processing in 53 chunks...
  Projlen distribution:
    projlen=41: 6 braids
    projlen=42: 20 braids
    projlen=43: 225 braids
    projlen=44: 338 braids
    projlen=45: 3606 braids
    projlen=46: 3943 braids
    projlen=47: 89192 braids
    projlen=48: 62547 braids
    projlen=49: 275943 braids
    projlen=50: 176881 braids
    projlen=51: 357485 braids
    projlen=52: 177210 braids
    projlen=53: 347737 braids
    projlen=54: 181772 braids
    projlen=55: 332593 braids
    projlen=56: 208955 braids
    projlen=57: 316305 braids
    projlen=58: 227874 braids
    projlen=59: 305412 braids
    projlen=60: 236064 braids
    projlen=61: 299561 braids
    projlen=62: 244943 braids
    projlen=63: 293082 braids
    projlen=64: 254179 braids
    projlen=65: 285907 braids
    projlen=66: 257073 braids
    projlen=67: 264040 braids
    projlen=68: 96191 braids
  Braids kept: 1108138 (in 28 buckets, 1.39 GB CPU)
  ⚡ Timing: matmul=0.18s, sampling=5.33s, total=8.49s
============================================================
Level 55 - SAMPLING
============================================================
  Starting braids: 958138
  Candidates to generate: 5142354
  Processing in 52 chunks...
  Projlen distribution:
    projlen=42: 6 braids
    projlen=43: 114 braids
    projlen=44: 247 braids
    projlen=45: 1985 braids
    projlen=46: 2232 braids
    projlen=47: 21755 braids
    projlen=48: 18329 braids
    projlen=49: 253388 braids
    projlen=50: 180044 braids
    projlen=51: 358958 braids
    projlen=52: 174849 braids
    projlen=53: 352891 braids
    projlen=54: 170518 braids
    projlen=55: 342490 braids
    projlen=56: 184785 braids
    projlen=57: 327090 braids
    projlen=58: 214467 braids
    projlen=59: 311315 braids
    projlen=60: 234157 braids
    projlen=61: 299965 braids
    projlen=62: 242921 braids
    projlen=63: 294807 braids
    projlen=64: 250384 braids
    projlen=65: 289090 braids
    projlen=66: 254545 braids
    projlen=67: 265571 braids
    projlen=68: 95451 braids
  Braids kept: 1044668 (in 27 buckets, 1.32 GB CPU)
  ⚡ Timing: matmul=0.28s, sampling=5.16s, total=8.38s
============================================================
Level 56 - SAMPLING
============================================================
  Starting braids: 994668
  Candidates to generate: 5337508
  Processing in 54 chunks...
  Projlen distribution:
    projlen=42: 3 braids
    projlen=43: 29 braids
    projlen=44: 91 braids
    projlen=45: 1117 braids
    projlen=46: 1606 braids
    projlen=47: 12922 braids
    projlen=48: 11903 braids
    projlen=49: 110998 braids
    projlen=50: 79415 braids
    projlen=51: 285072 braids
    projlen=52: 180018 braids
    projlen=53: 355188 braids
    projlen=54: 167256 braids
    projlen=55: 348788 braids
    projlen=56: 171287 braids
    projlen=57: 337466 braids
    projlen=58: 192098 braids
    projlen=59: 322693 braids
    projlen=60: 219996 braids
    projlen=61: 306504 braids
    projlen=62: 239500 braids
    projlen=63: 294882 braids
    projlen=64: 249578 braids
    projlen=65: 290727 braids
    projlen=66: 254450 braids
    projlen=67: 285806 braids
    projlen=68: 257788 braids
    projlen=69: 262986 braids
    projlen=70: 97341 braids
  Braids kept: 1127671 (in 29 buckets, 1.46 GB CPU)
  ⚡ Timing: matmul=0.17s, sampling=5.51s, total=8.76s
============================================================
Level 57 - SAMPLING
============================================================
  Starting braids: 977671
  Candidates to generate: 5241907
  Processing in 53 chunks...
  Projlen distribution:
    projlen=42: 2 braids
    projlen=43: 15 braids
    projlen=44: 48 braids
    projlen=45: 404 braids
    projlen=46: 660 braids
    projlen=47: 7787 braids
    projlen=48: 8599 braids
    projlen=49: 67825 braids
    projlen=50: 53084 braids
    projlen=51: 269371 braids
    projlen=52: 190080 braids
    projlen=53: 358094 braids
    projlen=54: 176386 braids
    projlen=55: 351694 braids
    projlen=56: 166628 braids
    projlen=57: 343776 braids
    projlen=58: 176031 braids
    projlen=59: 332012 braids
    projlen=60: 198530 braids
    projlen=61: 317644 braids
    projlen=62: 226739 braids
    projlen=63: 301990 braids
    projlen=64: 244781 braids
    projlen=65: 292357 braids
    projlen=66: 254130 braids
    projlen=67: 286978 braids
    projlen=68: 256140 braids
    projlen=69: 264546 braids
    projlen=70: 95576 braids
  Braids kept: 1117515 (in 29 buckets, 1.45 GB CPU)
  ⚡ Timing: matmul=0.16s, sampling=5.45s, total=8.64s
============================================================
Level 58 - SAMPLING
============================================================
  Starting braids: 967515
  Candidates to generate: 5184261
  Processing in 52 chunks...
  Projlen distribution:
    projlen=42: 3 braids
    projlen=43: 12 braids
    projlen=44: 36 braids
    projlen=45: 218 braids
    projlen=46: 348 braids
    projlen=47: 3418 braids
    projlen=48: 3897 braids
    projlen=49: 43597 braids
    projlen=50: 40179 braids
    projlen=51: 258092 braids
    projlen=52: 194674 braids
    projlen=53: 354838 braids
    projlen=54: 188819 braids
    projlen=55: 351631 braids
    projlen=56: 171131 braids
    projlen=57: 347119 braids
    projlen=58: 169486 braids
    projlen=59: 340405 braids
    projlen=60: 181973 braids
    projlen=61: 328696 braids
    projlen=62: 206259 braids
    projlen=63: 313534 braids
    projlen=64: 233030 braids
    projlen=65: 298665 braids
    projlen=66: 249595 braids
    projlen=67: 289266 braids
    projlen=68: 254201 braids
    projlen=69: 265419 braids
    projlen=70: 95720 braids
  Braids kept: 1091708 (in 29 buckets, 1.43 GB CPU)
  ⚡ Timing: matmul=0.17s, sampling=5.25s, total=8.43s
============================================================
Level 59 - SAMPLING
============================================================
  Starting braids: 991708
  Candidates to generate: 5316522
  Processing in 54 chunks...
  Projlen distribution:
    projlen=43: 21 braids
    projlen=44: 24 braids
    projlen=45: 157 braids
    projlen=46: 238 braids
    projlen=47: 1880 braids
    projlen=48: 2257 braids
    projlen=49: 21771 braids
    projlen=50: 20368 braids
    projlen=51: 215898 braids
    projlen=52: 173541 braids
    projlen=53: 328396 braids
    projlen=54: 195996 braids
    projlen=55: 345546 braids
    projlen=56: 182936 braids
    projlen=57: 345630 braids
    projlen=58: 173338 braids
    projlen=59: 342684 braids
    projlen=60: 174625 braids
    projlen=61: 336202 braids
    projlen=62: 189008 braids
    projlen=63: 324848 braids
    projlen=64: 214928 braids
    projlen=65: 308896 braids
    projlen=66: 239242 braids
    projlen=67: 295936 braids
    projlen=68: 252927 braids
    projlen=69: 282750 braids
    projlen=70: 244715 braids
    projlen=71: 101764 braids
  Braids kept: 1096716 (in 29 buckets, 1.46 GB CPU)
  ⚡ Timing: matmul=0.16s, sampling=5.54s, total=8.84s
============================================================
Level 60 - SAMPLING
============================================================
  Starting braids: 996716
  Candidates to generate: 5337206
  Processing in 54 chunks...
  Projlen distribution:
    projlen=43: 8 braids
    projlen=44: 6 braids
    projlen=45: 183 braids
    projlen=46: 171 braids
    projlen=47: 1208 braids
    projlen=48: 1538 braids
    projlen=49: 12125 braids
    projlen=50: 12266 braids
    projlen=51: 112680 braids
    projlen=52: 87385 braids
    projlen=53: 284291 braids
    projlen=54: 205175 braids
    projlen=55: 343055 braids
    projlen=56: 191573 braids
    projlen=57: 339707 braids
    projlen=58: 186603 braids
    projlen=59: 338751 braids
    projlen=60: 179816 braids
    projlen=61: 336990 braids
    projlen=62: 180987 braids
    projlen=63: 331375 braids
    projlen=64: 196727 braids
    projlen=65: 319870 braids
    projlen=66: 221535 braids
    projlen=67: 304456 braids
    projlen=68: 243530 braids
    projlen=69: 289278 braids
    projlen=70: 254405 braids
    projlen=71: 265384 braids
    projlen=72: 96128 braids
  Braids kept: 1127505 (in 30 buckets, 1.52 GB CPU)
  ⚡ Timing: matmul=0.16s, sampling=5.66s, total=8.99s
============================================================
Level 61 - SAMPLING
============================================================
  Starting braids: 977505
  Candidates to generate: 5237509
  Processing in 53 chunks...
  Projlen distribution:
    projlen=42: 1 braids
    projlen=43: 6 braids
    projlen=44: 10 braids
    projlen=45: 56 braids
    projlen=46: 68 braids
    projlen=47: 1152 braids
    projlen=48: 1076 braids
    projlen=49: 7642 braids
    projlen=50: 8471 braids
    projlen=51: 63114 braids
    projlen=52: 55081 braids
    projlen=53: 268009 braids
    projlen=54: 198595 braids
    projlen=55: 349156 braids
    projlen=56: 201570 braids
    projlen=57: 337014 braids
    projlen=58: 195157 braids
    projlen=59: 332572 braids
    projlen=60: 193900 braids
    projlen=61: 331801 braids
    projlen=62: 188301 braids
    projlen=63: 331721 braids
    projlen=64: 189347 braids
    projlen=65: 326189 braids
    projlen=66: 205704 braids
    projlen=67: 315018 braids
    projlen=68: 228114 braids
    projlen=69: 299674 braids
    projlen=70: 245859 braids
    projlen=71: 268941 braids
    projlen=72: 94190 braids
  Braids kept: 1118482 (in 31 buckets, 1.51 GB CPU)
  ⚡ Timing: matmul=0.16s, sampling=5.61s, total=8.90s
============================================================
Level 62 - SAMPLING
============================================================
  Starting braids: 968482
  Candidates to generate: 5196250
  Processing in 52 chunks...
  Projlen distribution:
    projlen=42: 1 braids
    projlen=43: 4 braids
    projlen=44: 6 braids
    projlen=45: 57 braids
    projlen=46: 52 braids
    projlen=47: 451 braids
    projlen=48: 483 braids
    projlen=49: 6554 braids
    projlen=50: 5935 braids
    projlen=51: 40674 braids
    projlen=52: 40972 braids
    projlen=53: 250492 braids
    projlen=54: 208663 braids
    projlen=55: 350472 braids
    projlen=56: 199346 braids
    projlen=57: 340746 braids
    projlen=58: 198278 braids
    projlen=59: 330713 braids
    projlen=60: 202912 braids
    projlen=61: 324621 braids
    projlen=62: 203040 braids
    projlen=63: 324887 braids
    projlen=64: 197804 braids
    projlen=65: 324362 braids
    projlen=66: 198760 braids
    projlen=67: 321098 braids
    projlen=68: 215664 braids
    projlen=69: 308864 braids
    projlen=70: 231730 braids
    projlen=71: 276597 braids
    projlen=72: 92012 braids
  Braids kept: 1095189 (in 31 buckets, 1.49 GB CPU)
  ⚡ Timing: matmul=0.18s, sampling=5.49s, total=8.74s
============================================================
Level 63 - SAMPLING
============================================================
  Starting braids: 995189
  Candidates to generate: 5345353
  Processing in 54 chunks...
  Projlen distribution:
    projlen=43: 3 braids
    projlen=44: 6 braids
    projlen=45: 33 braids
    projlen=46: 41 braids
    projlen=47: 390 braids
    projlen=48: 366 braids
    projlen=49: 2854 braids
    projlen=50: 2975 braids
    projlen=51: 34590 braids
    projlen=52: 29764 braids
    projlen=53: 197297 braids
    projlen=54: 177971 braids
    projlen=55: 321241 braids
    projlen=56: 211169 braids
    projlen=57: 338427 braids
    projlen=58: 195564 braids
    projlen=59: 333592 braids
    projlen=60: 202742 braids
    projlen=61: 323324 braids
    projlen=62: 212522 braids
    projlen=63: 316776 braids
    projlen=64: 212790 braids
    projlen=65: 319493 braids
    projlen=66: 208873 braids
    projlen=67: 319281 braids
    projlen=68: 209493 braids
    projlen=69: 315515 braids
    projlen=70: 223634 braids
    projlen=71: 301809 braids
    projlen=72: 227014 braids
    projlen=73: 105804 braids
  Braids kept: 1121022 (in 31 buckets, 1.54 GB CPU)
  ⚡ Timing: matmul=0.17s, sampling=5.69s, total=9.05s
============================================================
Level 64 - SAMPLING
============================================================
  Starting braids: 971022
  Candidates to generate: 5224298
  Processing in 53 chunks...
  Projlen distribution:
    projlen=45: 32 braids
    projlen=46: 34 braids
    projlen=47: 234 braids
    projlen=48: 242 braids
    projlen=49: 2403 braids
    projlen=50: 2204 braids
    projlen=51: 16743 braids
    projlen=52: 15917 braids
    projlen=53: 165307 braids
    projlen=54: 127990 braids
    projlen=55: 294287 braids
    projlen=56: 220152 braids
    projlen=57: 332694 braids
    projlen=58: 209260 braids
    projlen=59: 330930 braids
    projlen=60: 200771 braids
    projlen=61: 324775 braids
    projlen=62: 209995 braids
    projlen=63: 317389 braids
    projlen=64: 221473 braids
    projlen=65: 311381 braids
    projlen=66: 223158 braids
    projlen=67: 312195 braids
    projlen=68: 219992 braids
    projlen=69: 313408 braids
    projlen=70: 219708 braids
    projlen=71: 305540 braids
    projlen=72: 219199 braids
    projlen=73: 106885 braids
  Braids kept: 1087809 (in 29 buckets, 1.51 GB CPU)
  ⚡ Timing: matmul=0.16s, sampling=5.59s, total=8.87s
============================================================
Level 65 - SAMPLING
============================================================
  Starting braids: 987809
  Candidates to generate: 5334809
  Processing in 54 chunks...
  Projlen distribution:
    projlen=45: 4 braids
    projlen=46: 6 braids
    projlen=47: 230 braids
    projlen=48: 224 braids
    projlen=49: 1536 braids
    projlen=50: 1415 braids
    projlen=51: 13544 braids
    projlen=52: 11848 braids
    projlen=53: 84335 braids
    projlen=54: 68377 braids
    projlen=55: 269166 braids
    projlen=56: 199228 braids
    projlen=57: 338719 braids
    projlen=58: 214930 braids
    projlen=59: 325427 braids
    projlen=60: 213362 braids
    projlen=61: 321849 braids
    projlen=62: 209904 braids
    projlen=63: 318529 braids
    projlen=64: 218762 braids
    projlen=65: 311560 braids
    projlen=66: 230205 braids
    projlen=67: 305720 braids
    projlen=68: 233763 braids
    projlen=69: 306311 braids
    projlen=70: 230705 braids
    projlen=71: 304950 braids
    projlen=72: 227820 braids
    projlen=73: 282047 braids
    projlen=74: 90333 braids
  Braids kept: 1128807 (in 30 buckets, 1.58 GB CPU)
  ⚡ Timing: matmul=0.17s, sampling=5.83s, total=9.23s
============================================================
Level 66 - SAMPLING
============================================================
  Starting braids: 978807
  Candidates to generate: 5297395
  Processing in 53 chunks...
  Projlen distribution:
    projlen=45: 3 braids
    projlen=46: 5 braids
    projlen=47: 42 braids
    projlen=48: 64 braids
    projlen=49: 1470 braids
    projlen=50: 1260 braids
    projlen=51: 9069 braids
    projlen=52: 7610 braids
    projlen=53: 68283 braids
    projlen=54: 54050 braids
    projlen=55: 260229 braids
    projlen=56: 203046 braids
    projlen=57: 344487 braids
    projlen=58: 198554 braids
    projlen=59: 332709 braids
    projlen=60: 213197 braids
    projlen=61: 319312 braids
    projlen=62: 221788 braids
    projlen=63: 314117 braids
    projlen=64: 220496 braids
    projlen=65: 311860 braids
    projlen=66: 226743 braids
    projlen=67: 305142 braids
    projlen=68: 236641 braids
    projlen=69: 300533 braids
    projlen=70: 241632 braids
    projlen=71: 299073 braids
    projlen=72: 237539 braids
    projlen=73: 277109 braids
    projlen=74: 91332 braids
  Braids kept: 1119523 (in 30 buckets, 1.58 GB CPU)
  ⚡ Timing: matmul=0.18s, sampling=5.81s, total=9.16s
============================================================
Level 67 - SAMPLING
============================================================
  Starting braids: 969523
  Candidates to generate: 5243093
  Processing in 53 chunks...
  Projlen distribution:
    projlen=46: 1 braids
    projlen=47: 32 braids
    projlen=48: 52 braids
    projlen=49: 403 braids
    projlen=50: 471 braids
    projlen=51: 8263 braids
    projlen=52: 6716 braids
    projlen=53: 48349 braids
    projlen=54: 36498 braids
    projlen=55: 252840 braids
    projlen=56: 195927 braids
    projlen=57: 345460 braids
    projlen=58: 204209 braids
    projlen=59: 337418 braids
    projlen=60: 196576 braids
    projlen=61: 326673 braids
    projlen=62: 216305 braids
    projlen=63: 312335 braids
    projlen=64: 229214 braids
    projlen=65: 306935 braids
    projlen=66: 229992 braids
    projlen=67: 305307 braids
    projlen=68: 234539 braids
    projlen=69: 301067 braids
    projlen=70: 243477 braids
    projlen=71: 294058 braids
    projlen=72: 244442 braids
    projlen=73: 272380 braids
    projlen=74: 93154 braids
  Braids kept: 1100785 (in 29 buckets, 1.56 GB CPU)
  ⚡ Timing: matmul=0.16s, sampling=5.67s, total=9.00s
============================================================
Level 68 - SAMPLING
============================================================
  Starting braids: 950785
  Candidates to generate: 5148573
  Processing in 52 chunks...
  Projlen distribution:
    projlen=47: 8 braids
    projlen=48: 19 braids
    projlen=49: 314 braids
    projlen=50: 339 braids
    projlen=51: 2858 braids
    projlen=52: 2832 braids
    projlen=53: 43426 braids
    projlen=54: 33321 braids
    projlen=55: 237989 braids
    projlen=56: 162426 braids
    projlen=57: 319343 braids
    projlen=58: 199494 braids
    projlen=59: 339091 braids
    projlen=60: 199963 braids
    projlen=61: 330405 braids
    projlen=62: 202724 braids
    projlen=63: 320681 braids
    projlen=64: 222739 braids
    projlen=65: 306739 braids
    projlen=66: 237042 braids
    projlen=67: 301141 braids
    projlen=68: 238595 braids
    projlen=69: 299502 braids
    projlen=70: 242101 braids
    projlen=71: 294953 braids
    projlen=72: 246256 braids
    projlen=73: 270576 braids
    projlen=74: 93696 braids
  Braids kept: 1083117 (in 28 buckets, 1.54 GB CPU)
  ⚡ Timing: matmul=0.19s, sampling=5.51s, total=8.78s
============================================================
Level 69 - SAMPLING
============================================================
  Starting braids: 983117
  Candidates to generate: 5312633
  Processing in 54 chunks...
  Projlen distribution:
    projlen=47: 10 braids
    projlen=48: 9 braids
    projlen=49: 130 braids
    projlen=50: 162 braids
    projlen=51: 2120 braids
    projlen=52: 2064 braids
    projlen=53: 17685 braids
    projlen=54: 15016 braids
    projlen=55: 208063 braids
    projlen=56: 144851 braids
    projlen=57: 316458 braids
    projlen=58: 189957 braids
    projlen=59: 345854 braids
    projlen=60: 195086 braids
    projlen=61: 332891 braids
    projlen=62: 203978 braids
    projlen=63: 322623 braids
    projlen=64: 211095 braids
    projlen=65: 313871 braids
    projlen=66: 229050 braids
    projlen=67: 301766 braids
    projlen=68: 243208 braids
    projlen=69: 297129 braids
    projlen=70: 245963 braids
    projlen=71: 295473 braids
    projlen=72: 248505 braids
    projlen=73: 287536 braids
    projlen=74: 238944 braids
    projlen=75: 103136 braids
  Braids kept: 1087196 (in 29 buckets, 1.57 GB CPU)
  ⚡ Timing: matmul=0.18s, sampling=5.89s, total=9.32s
============================================================
Level 70 - SAMPLING
============================================================
  Starting braids: 987196
  Candidates to generate: 5331070
  Processing in 54 chunks...
  Projlen distribution:
    projlen=46: 1 braids
    projlen=47: 10 braids
    projlen=48: 14 braids
    projlen=49: 92 braids
    projlen=50: 94 braids
    projlen=51: 1053 braids
    projlen=52: 1129 braids
    projlen=53: 12965 braids
    projlen=54: 10747 braids
    projlen=55: 90629 braids
    projlen=56: 64502 braids
    projlen=57: 276167 braids
    projlen=58: 186793 braids
    projlen=59: 351683 braids
    projlen=60: 184797 braids
    projlen=61: 340464 braids
    projlen=62: 196203 braids
    projlen=63: 327099 braids
    projlen=64: 210901 braids
    projlen=65: 316599 braids
    projlen=66: 221218 braids
    projlen=67: 308876 braids
    projlen=68: 236280 braids
    projlen=69: 297923 braids
    projlen=70: 248133 braids
    projlen=71: 291224 braids
    projlen=72: 251151 braids
    projlen=73: 289351 braids
    projlen=74: 250986 braids
    projlen=75: 268633 braids
    projlen=76: 95353 braids
  Braids kept: 1126105 (in 31 buckets, 1.64 GB CPU)
  ⚡ Timing: matmul=0.16s, sampling=6.01s, total=9.46s
============================================================
Level 71 - SAMPLING
============================================================
  Starting braids: 976105
  Candidates to generate: 5267749
  Processing in 53 chunks...
  Projlen distribution:
    projlen=46: 2 braids
    projlen=47: 1 braids
    projlen=48: 7 braids
    projlen=49: 87 braids
    projlen=50: 88 braids
    projlen=51: 694 braids
    projlen=52: 657 braids
    projlen=53: 7063 braids
    projlen=54: 6271 braids
    projlen=55: 67338 braids
    projlen=56: 48711 braids
    projlen=57: 267025 braids
    projlen=58: 188100 braids
    projlen=59: 356204 braids
    projlen=60: 184283 braids
    projlen=61: 345732 braids
    projlen=62: 183773 braids
    projlen=63: 334733 braids
    projlen=64: 200882 braids
    projlen=65: 320589 braids
    projlen=66: 219308 braids
    projlen=67: 310641 braids
    projlen=68: 228869 braids
    projlen=69: 303193 braids
    projlen=70: 241933 braids
    projlen=71: 294155 braids
    projlen=72: 254440 braids
    projlen=73: 287581 braids
    projlen=74: 253722 braids
    projlen=75: 266682 braids
    projlen=76: 94985 braids
  Braids kept: 1113581 (in 31 buckets, 1.63 GB CPU)
  ⚡ Timing: matmul=0.17s, sampling=5.90s, total=9.30s
============================================================
Level 72 - SAMPLING
============================================================
  Starting braids: 963581
  Candidates to generate: 5183989
  Processing in 52 chunks...
  Projlen distribution:
    projlen=45: 1 braids
    projlen=47: 9 braids
    projlen=48: 7 braids
    projlen=49: 37 braids
    projlen=50: 49 braids
    projlen=51: 569 braids
    projlen=52: 528 braids
    projlen=53: 4526 braids
    projlen=54: 3743 braids
    projlen=55: 39229 braids
    projlen=56: 30043 braids
    projlen=57: 257970 braids
    projlen=58: 182347 braids
    projlen=59: 353460 braids
    projlen=60: 186933 braids
    projlen=61: 349727 braids
    projlen=62: 178771 braids
    projlen=63: 340379 braids
    projlen=64: 187946 braids
    projlen=65: 328422 braids
    projlen=66: 207961 braids
    projlen=67: 314673 braids
    projlen=68: 226228 braids
    projlen=69: 305278 braids
    projlen=70: 237230 braids
    projlen=71: 297438 braids
    projlen=72: 247398 braids
    projlen=73: 289593 braids
    projlen=74: 253918 braids
    projlen=75: 264173 braids
    projlen=76: 95403 braids
  Braids kept: 1078741 (in 31 buckets, 1.59 GB CPU)
  ⚡ Timing: matmul=0.20s, sampling=5.64s, total=8.98s
============================================================
Level 73 - SAMPLING
============================================================
  Starting braids: 978741
  Candidates to generate: 5265033
  Processing in 53 chunks...
  Projlen distribution:
    projlen=44: 2 braids
    projlen=45: 1 braids
    projlen=46: 4 braids
    projlen=47: 9 braids
    projlen=48: 7 braids
    projlen=49: 62 braids
    projlen=50: 47 braids
    projlen=51: 295 braids
    projlen=52: 320 braids
    projlen=53: 3441 braids
    projlen=54: 2891 braids
    projlen=55: 26111 braids
    projlen=56: 19432 braids
    projlen=57: 194971 braids
    projlen=58: 131667 braids
    projlen=59: 312874 braids
    projlen=60: 184261 braids
    projlen=61: 350879 braids
    projlen=62: 179751 braids
    projlen=63: 344014 braids
    projlen=64: 181567 braids
    projlen=65: 335137 braids
    projlen=66: 195549 braids
    projlen=67: 322630 braids
    projlen=68: 215492 braids
    projlen=69: 310657 braids
    projlen=70: 234114 braids
    projlen=71: 300418 braids
    projlen=72: 245182 braids
    projlen=73: 293167 braids
    projlen=74: 251222 braids
    projlen=75: 283121 braids
    projlen=76: 243926 braids
    projlen=77: 101812 braids
  Braids kept: 1102622 (in 34 buckets, 1.64 GB CPU)
  ⚡ Timing: matmul=0.18s, sampling=5.96s, total=9.40s
============================================================
Level 74 - SAMPLING
============================================================
  Starting braids: 952622
  Candidates to generate: 5108444
  Processing in 52 chunks...
  Projlen distribution:
    projlen=44: 4 braids
    projlen=45: 2 braids
    projlen=46: 9 braids
    projlen=47: 21 braids
    projlen=48: 18 braids
    projlen=49: 57 braids
    projlen=50: 41 braids
    projlen=51: 362 braids
    projlen=52: 310 braids
    projlen=53: 2061 braids
    projlen=54: 1792 braids
    projlen=55: 19569 braids
    projlen=56: 14637 braids
    projlen=57: 130634 braids
    projlen=58: 85936 braids
    projlen=59: 289512 braids
    projlen=60: 184419 braids
    projlen=61: 355692 braids
    projlen=62: 178146 braids
    projlen=63: 346209 braids
    projlen=64: 180737 braids
    projlen=65: 337600 braids
    projlen=66: 188011 braids
    projlen=67: 328737 braids
    projlen=68: 203839 braids
    projlen=69: 316873 braids
    projlen=70: 222384 braids
    projlen=71: 305301 braids
    projlen=72: 240236 braids
    projlen=73: 295866 braids
    projlen=74: 249808 braids
    projlen=75: 286601 braids
    projlen=76: 240667 braids
    projlen=77: 102353 braids
  Braids kept: 1088883 (in 34 buckets, 1.63 GB CPU)
  ⚡ Timing: matmul=0.15s, sampling=5.74s, total=9.06s
============================================================
Level 75 - SAMPLING
============================================================
  Starting braids: 988883
  Candidates to generate: 5296859
  Processing in 53 chunks...
  Projlen distribution:
    projlen=45: 12 braids
    projlen=46: 20 braids
    projlen=47: 37 braids
    projlen=48: 26 braids
    projlen=49: 142 braids
    projlen=50: 92 braids
    projlen=51: 332 braids
    projlen=52: 223 braids
    projlen=53: 2099 braids
    projlen=54: 1723 braids
    projlen=55: 12577 braids
    projlen=56: 9402 braids
    projlen=57: 97529 braids
    projlen=58: 65089 braids
    projlen=59: 279647 braids
    projlen=60: 180333 braids
    projlen=61: 359908 braids
    projlen=62: 179617 braids
    projlen=63: 350820 braids
    projlen=64: 175390 braids
    projlen=65: 339946 braids
    projlen=66: 185270 braids
    projlen=67: 330972 braids
    projlen=68: 196485 braids
    projlen=69: 322963 braids
    projlen=70: 211805 braids
    projlen=71: 311982 braids
    projlen=72: 229935 braids
    projlen=73: 301369 braids
    projlen=74: 245759 braids
    projlen=75: 291470 braids
    projlen=76: 251887 braids
    projlen=77: 266888 braids
    projlen=78: 95110 braids
  Braids kept: 1126685 (in 34 buckets, 1.71 GB CPU)
  ⚡ Timing: matmul=0.18s, sampling=5.99s, total=9.47s
============================================================
Level 76 - SAMPLING
============================================================
  Starting braids: 976685
  Candidates to generate: 5220201
  Processing in 53 chunks...
  Projlen distribution:
    projlen=47: 113 braids
    projlen=48: 96 braids
    projlen=49: 236 braids
    projlen=50: 126 braids
    projlen=51: 791 braids
    projlen=52: 498 braids
    projlen=53: 1942 braids
    projlen=54: 1290 braids
    projlen=55: 11548 braids
    projlen=56: 9041 braids
    projlen=57: 65525 braids
    projlen=58: 43571 braids
    projlen=59: 266815 braids
    projlen=60: 178361 braids
    projlen=61: 361109 braids
    projlen=62: 176526 braids
    projlen=63: 354203 braids
    projlen=64: 173455 braids
    projlen=65: 346349 braids
    projlen=66: 178603 braids
    projlen=67: 335054 braids
    projlen=68: 193047 braids
    projlen=69: 326197 braids
    projlen=70: 205696 braids
    projlen=71: 317494 braids
    projlen=72: 220542 braids
    projlen=73: 306929 braids
    projlen=74: 237385 braids
    projlen=75: 296889 braids
    projlen=76: 247217 braids
    projlen=77: 268855 braids
    projlen=78: 94698 braids
  Braids kept: 1119252 (in 32 buckets, 1.70 GB CPU)
  ⚡ Timing: matmul=0.16s, sampling=6.00s, total=9.43s
============================================================
Level 77 - SAMPLING
============================================================
  Starting braids: 969252
  Candidates to generate: 5170062
  Processing in 52 chunks...
  Projlen distribution:
    projlen=47: 5 braids
    projlen=48: 5 braids
    projlen=49: 642 braids
    projlen=50: 485 braids
    projlen=51: 1337 braids
    projlen=52: 681 braids
    projlen=53: 4218 braids
    projlen=54: 2636 braids
    projlen=55: 10939 braids
    projlen=56: 6939 braids
    projlen=57: 59892 braids
    projlen=58: 43428 braids
    projlen=59: 259905 braids
    projlen=60: 168203 braids
    projlen=61: 345646 braids
    projlen=62: 176609 braids
    projlen=63: 355355 braids
    projlen=64: 168124 braids
    projlen=65: 349134 braids
    projlen=66: 173795 braids
    projlen=67: 339858 braids
    projlen=68: 183612 braids
    projlen=69: 330028 braids
    projlen=70: 201266 braids
    projlen=71: 321181 braids
    projlen=72: 215063 braids
    projlen=73: 312480 braids
    projlen=74: 228506 braids
    projlen=75: 301884 braids
    projlen=76: 240984 braids
    projlen=77: 273544 braids
    projlen=78: 93678 braids
  Braids kept: 1121315 (in 32 buckets, 1.71 GB CPU)
  ⚡ Timing: matmul=0.17s, sampling=5.85s, total=9.24s
============================================================
Level 78 - SAMPLING
============================================================
  Starting braids: 971315
  Candidates to generate: 5172481
  Processing in 52 chunks...
  Projlen distribution:
    projlen=47: 4 braids
    projlen=48: 2 braids
    projlen=49: 41 braids
    projlen=50: 55 braids
    projlen=51: 3264 braids
    projlen=52: 2350 braids
    projlen=53: 7268 braids
    projlen=54: 3701 braids
    projlen=55: 21896 braids
    projlen=56: 13512 braids
    projlen=57: 59054 braids
    projlen=58: 35290 braids
    projlen=59: 253551 braids
    projlen=60: 174663 braids
    projlen=61: 343523 braids
    projlen=62: 177576 braids
    projlen=63: 357209 braids
    projlen=64: 168427 braids
    projlen=65: 351076 braids
    projlen=66: 167815 braids
    projlen=67: 344073 braids
    projlen=68: 178177 braids
    projlen=69: 335089 braids
    projlen=70: 191301 braids
    projlen=71: 325559 braids
    projlen=72: 210117 braids
    projlen=73: 313949 braids
    projlen=74: 223855 braids
    projlen=75: 306240 braids
    projlen=76: 233809 braids
    projlen=77: 277815 braids
    projlen=78: 92220 braids
  Braids kept: 1137383 (in 32 buckets, 1.73 GB CPU)
  ⚡ Timing: matmul=0.18s, sampling=5.89s, total=9.31s
============================================================
Level 79 - SAMPLING
============================================================
  Starting braids: 987383
  Candidates to generate: 5248211
  Processing in 53 chunks...
  Projlen distribution:
    projlen=47: 2 braids
    projlen=48: 3 braids
    projlen=49: 21 braids
    projlen=50: 31 braids
    projlen=51: 315 braids
    projlen=52: 399 braids
    projlen=53: 16009 braids
    projlen=54: 11076 braids
    projlen=55: 38407 braids
    projlen=56: 19885 braids
    projlen=57: 111585 braids
    projlen=58: 66932 braids
    projlen=59: 264222 braids
    projlen=60: 149632 braids
    projlen=61: 325869 braids
    projlen=62: 185957 braids
    projlen=63: 354227 braids
    projlen=64: 170999 braids
    projlen=65: 351438 braids
    projlen=66: 166063 braids
    projlen=67: 346474 braids
    projlen=68: 170952 braids
    projlen=69: 338802 braids
    projlen=70: 183174 braids
    projlen=71: 330164 braids
    projlen=72: 199647 braids
    projlen=73: 319624 braids
    projlen=74: 218872 braids
    projlen=75: 308034 braids
    projlen=76: 229782 braids
    projlen=77: 278495 braids
    projlen=78: 91119 braids
  Braids kept: 1186148 (in 32 buckets, 1.80 GB CPU)
  ⚡ Timing: matmul=0.17s, sampling=6.09s, total=9.55s
============================================================
Level 80 - SAMPLING
============================================================
  Starting braids: 986148
  Candidates to generate: 5213578
  Processing in 53 chunks...
  Projlen distribution:
    projlen=48: 2 braids
    projlen=49: 12 braids
    projlen=50: 25 braids
    projlen=51: 186 braids
    projlen=52: 207 braids
    projlen=53: 2342 braids
    projlen=54: 2374 braids
    projlen=55: 77039 braids
    projlen=56: 51647 braids
    projlen=57: 196934 braids
    projlen=58: 101425 braids
    projlen=59: 292899 braids
    projlen=60: 173067 braids
    projlen=61: 364376 braids
    projlen=62: 171450 braids
    projlen=63: 357281 braids
    projlen=64: 179141 braids
    projlen=65: 349164 braids
    projlen=66: 170848 braids
    projlen=67: 346454 braids
    projlen=68: 168198 braids
    projlen=69: 342615 braids
    projlen=70: 176287 braids
    projlen=71: 334076 braids
    projlen=72: 190946 braids
    projlen=73: 325171 braids
    projlen=74: 208579 braids
    projlen=75: 309595 braids
    projlen=76: 213836 braids
    projlen=77: 107402 braids
  Braids kept: 1155148 (in 30 buckets, 1.75 GB CPU)
  ⚡ Timing: matmul=0.15s, sampling=6.14s, total=9.54s
============================================================
Level 81 - SAMPLING
============================================================
  Starting braids: 955148
  Candidates to generate: 5021604
  Processing in 51 chunks...
  Projlen distribution:
    projlen=48: 1 braids
    projlen=49: 8 braids
    projlen=50: 20 braids
    projlen=51: 131 braids
    projlen=52: 155 braids
    projlen=53: 1469 braids
    projlen=54: 1315 braids
    projlen=55: 14569 braids
    projlen=56: 11247 braids
    projlen=57: 249882 braids
    projlen=58: 174847 braids
    projlen=59: 361957 braids
    projlen=60: 166773 braids
    projlen=61: 362215 braids
    projlen=62: 168674 braids
    projlen=63: 357346 braids
    projlen=64: 162164 braids
    projlen=65: 351735 braids
    projlen=66: 176632 braids
    projlen=67: 343849 braids
    projlen=68: 175175 braids
    projlen=69: 341104 braids
    projlen=70: 172460 braids
    projlen=71: 338099 braids
    projlen=72: 182809 braids
    projlen=73: 329842 braids
    projlen=74: 198191 braids
    projlen=75: 293052 braids
    projlen=76: 85883 braids
  Braids kept: 1028915 (in 29 buckets, 1.56 GB CPU)
  ⚡ Timing: matmul=0.16s, sampling=5.58s, total=8.88s
============================================================
Level 82 - SAMPLING
============================================================
  Starting braids: 978915
  Candidates to generate: 5130501
  Processing in 52 chunks...
  Projlen distribution:
    projlen=49: 4 braids
    projlen=50: 8 braids
    projlen=51: 101 braids
    projlen=52: 125 braids
    projlen=53: 982 braids
    projlen=54: 924 braids
    projlen=55: 9337 braids
    projlen=56: 7117 braids
    projlen=57: 76177 braids
    projlen=58: 49140 braids
    projlen=59: 272094 braids
    projlen=60: 174013 braids
    projlen=61: 357602 braids
    projlen=62: 158582 braids
    projlen=63: 357516 braids
    projlen=64: 161272 braids
    projlen=65: 354087 braids
    projlen=66: 160036 braids
    projlen=67: 346214 braids
    projlen=68: 178203 braids
    projlen=69: 338824 braids
    projlen=70: 181970 braids
    projlen=71: 335239 braids
    projlen=72: 179535 braids
    projlen=73: 333198 braids
    projlen=74: 190269 braids
    projlen=75: 324476 braids
    projlen=76: 207358 braids
    projlen=77: 288439 braids
    projlen=78: 87659 braids
  Braids kept: 1117738 (in 30 buckets, 1.73 GB CPU)
  ⚡ Timing: matmul=0.16s, sampling=5.84s, total=9.22s
============================================================
Level 83 - SAMPLING
============================================================
  Starting braids: 967738
  Candidates to generate: 5077106
  Processing in 51 chunks...
  Projlen distribution:
    projlen=49: 3 braids
    projlen=50: 4 braids
    projlen=51: 48 braids
    projlen=52: 55 braids
    projlen=53: 738 braids
    projlen=54: 701 braids
    projlen=55: 6206 braids
    projlen=56: 4967 braids
    projlen=57: 49899 braids
    projlen=58: 33777 braids
    projlen=59: 266097 braids
    projlen=60: 175363 braids
    projlen=61: 363627 braids
    projlen=62: 170262 braids
    projlen=63: 354492 braids
    projlen=64: 155690 braids
    projlen=65: 352399 braids
    projlen=66: 159108 braids
    projlen=67: 351101 braids
    projlen=68: 160228 braids
    projlen=69: 342735 braids
    projlen=70: 181935 braids
    projlen=71: 333349 braids
    projlen=72: 190312 braids
    projlen=73: 330538 braids
    projlen=74: 188252 braids
    projlen=75: 327871 braids
    projlen=76: 197811 braids
    projlen=77: 293947 braids
    projlen=78: 85591 braids
  Braids kept: 1096398 (in 30 buckets, 1.70 GB CPU)
  ⚡ Timing: matmul=0.22s, sampling=5.76s, total=9.14s
============================================================
Level 84 - SAMPLING
============================================================
  Starting braids: 996398
  Candidates to generate: 5215212
  Processing in 53 chunks...
  Projlen distribution:
    projlen=51: 29 braids
    projlen=52: 32 braids
    projlen=53: 372 braids
    projlen=54: 368 braids
    projlen=55: 4601 braids
    projlen=56: 3754 braids
    projlen=57: 34744 braids
    projlen=58: 24805 braids
    projlen=59: 244041 braids
    projlen=60: 151296 braids
    projlen=61: 326362 braids
    projlen=62: 173345 braids
    projlen=63: 361035 braids
    projlen=64: 159505 braids
    projlen=65: 352421 braids
    projlen=66: 154403 braids
    projlen=67: 349323 braids
    projlen=68: 158606 braids
    projlen=69: 346740 braids
    projlen=70: 161695 braids
    projlen=71: 339882 braids
    projlen=72: 187943 braids
    projlen=73: 328658 braids
    projlen=74: 199714 braids
    projlen=75: 325061 braids
    projlen=76: 198443 braids
    projlen=77: 318299 braids
    projlen=78: 198988 braids
    projlen=79: 110747 braids
  Braids kept: 1118705 (in 29 buckets, 1.76 GB CPU)
  ⚡ Timing: matmul=0.15s, sampling=6.05s, total=9.51s
============================================================
Level 85 - SAMPLING
============================================================
  Starting braids: 968705
  Candidates to generate: 5062451
  Processing in 51 chunks...
  Projlen distribution:
    projlen=50: 1 braids
    projlen=51: 2 braids
    projlen=52: 8 braids
    projlen=53: 197 braids
    projlen=54: 225 braids
    projlen=55: 2501 braids
    projlen=56: 2204 braids
    projlen=57: 25971 braids
    projlen=58: 18796 braids
    projlen=59: 172682 braids
    projlen=60: 109081 braids
    projlen=61: 304950 braids
    projlen=62: 174559 braids
    projlen=63: 362596 braids
    projlen=64: 164415 braids
    projlen=65: 357219 braids
    projlen=66: 156304 braids
    projlen=67: 351363 braids
    projlen=68: 154331 braids
    projlen=69: 348543 braids
    projlen=70: 160023 braids
    projlen=71: 344483 braids
    projlen=72: 164890 braids
    projlen=73: 337036 braids
    projlen=74: 193687 braids
    projlen=75: 323545 braids
    projlen=76: 209417 braids
    projlen=77: 313626 braids
    projlen=78: 200566 braids
    projlen=79: 109230 braids
  Braids kept: 1099905 (in 30 buckets, 1.73 GB CPU)
  ⚡ Timing: matmul=0.17s, sampling=5.79s, total=9.16s
============================================================
Level 86 - SAMPLING
============================================================
  Starting braids: 999905
  Candidates to generate: 5231529
  Processing in 53 chunks...
  Projlen distribution:
    projlen=51: 4 braids
    projlen=52: 4 braids
    projlen=53: 36 braids
    projlen=54: 73 braids
    projlen=55: 1424 braids
    projlen=56: 1397 braids
    projlen=57: 15022 braids
    projlen=58: 11499 braids
    projlen=59: 129318 braids
    projlen=60: 83468 braids
    projlen=61: 291890 braids
    projlen=62: 175313 braids
    projlen=63: 363221 braids
    projlen=64: 166827 braids
    projlen=65: 358388 braids
    projlen=66: 157699 braids
    projlen=67: 353136 braids
    projlen=68: 154433 braids
    projlen=69: 350024 braids
    projlen=70: 154101 braids
    projlen=71: 347792 braids
    projlen=72: 161867 braids
    projlen=73: 342463 braids
    projlen=74: 169088 braids
    projlen=75: 333702 braids
    projlen=76: 200234 braids
    projlen=77: 317618 braids
    projlen=78: 217256 braids
    projlen=79: 285570 braids
    projlen=80: 88662 braids
  Braids kept: 1129459 (in 30 buckets, 1.80 GB CPU)
  ⚡ Timing: matmul=0.16s, sampling=6.53s, total=10.05s
============================================================
Level 87 - SAMPLING
============================================================
  Starting braids: 979459
  Candidates to generate: 5109339
  Processing in 52 chunks...
  Projlen distribution:
    projlen=50: 1 braids
    projlen=51: 2 braids
    projlen=52: 5 braids
    projlen=53: 41 braids
    projlen=54: 44 braids
    projlen=55: 430 braids
    projlen=56: 592 braids
    projlen=57: 8921 braids
    projlen=58: 7326 braids
    projlen=59: 77240 braids
    projlen=60: 51433 braids
    projlen=61: 275395 braids
    projlen=62: 175816 braids
    projlen=63: 365193 braids
    projlen=64: 169067 braids
    projlen=65: 358481 braids
    projlen=66: 158584 braids
    projlen=67: 355374 braids
    projlen=68: 155738 braids
    projlen=69: 352155 braids
    projlen=70: 154032 braids
    projlen=71: 349380 braids
    projlen=72: 154403 braids
    projlen=73: 346076 braids
    projlen=74: 164727 braids
    projlen=75: 340923 braids
    projlen=76: 175564 braids
    projlen=77: 330076 braids
    projlen=78: 204055 braids
    projlen=79: 290338 braids
    projlen=80: 87927 braids
  Braids kept: 1117362 (in 31 buckets, 1.79 GB CPU)
  ⚡ Timing: matmul=0.23s, sampling=6.36s, total=9.87s
============================================================
Level 88 - SAMPLING
============================================================
  Starting braids: 967362
  Candidates to generate: 5020640
  Processing in 51 chunks...
  Projlen distribution:
    projlen=50: 1 braids
    projlen=51: 2 braids
    projlen=52: 5 braids
    projlen=53: 27 braids
    projlen=54: 40 braids
    projlen=55: 304 braids
    projlen=56: 347 braids
    projlen=57: 3565 braids
    projlen=58: 3419 braids
    projlen=59: 47428 braids
    projlen=60: 33834 braids
    projlen=61: 266832 braids
    projlen=62: 176509 braids
    projlen=63: 364553 braids
    projlen=64: 170747 braids
    projlen=65: 360057 braids
    projlen=66: 159403 braids
    projlen=67: 354246 braids
    projlen=68: 155229 braids
    projlen=69: 351353 braids
    projlen=70: 154080 braids
    projlen=71: 349901 braids
    projlen=72: 153046 braids
    projlen=73: 348444 braids
    projlen=74: 154324 braids
    projlen=75: 344622 braids
    projlen=76: 167621 braids
    projlen=77: 336784 braids
    projlen=78: 180653 braids
    projlen=79: 299578 braids
    projlen=80: 83686 braids
  Braids kept: 1088972 (in 31 buckets, 1.75 GB CPU)
  ⚡ Timing: matmul=0.15s, sampling=6.28s, total=9.63s
============================================================
Level 89 - SAMPLING
============================================================
  Starting braids: 988972
  Candidates to generate: 5111448
  Processing in 52 chunks...
  Projlen distribution:
    projlen=51: 4 braids
    projlen=52: 3 braids
    projlen=53: 27 braids
    projlen=54: 18 braids
    projlen=55: 236 braids
    projlen=56: 253 braids
    projlen=57: 2301 braids
    projlen=58: 2185 braids
    projlen=59: 22459 braids
    projlen=60: 17638 braids
    projlen=61: 231782 braids
    projlen=62: 148289 braids
    projlen=63: 327380 braids
    projlen=64: 173832 braids
    projlen=65: 358962 braids
    projlen=66: 159463 braids
    projlen=67: 355439 braids
    projlen=68: 155907 braids
    projlen=69: 353449 braids
    projlen=70: 154708 braids
    projlen=71: 350624 braids
    projlen=72: 153694 braids
    projlen=73: 348796 braids
    projlen=74: 153026 braids
    projlen=75: 347668 braids
    projlen=76: 154667 braids
    projlen=77: 342415 braids
    projlen=78: 171145 braids
    projlen=79: 329352 braids
    projlen=80: 182648 braids
    projlen=81: 113078 braids
  Braids kept: 1095124 (in 31 buckets, 1.78 GB CPU)
  ⚡ Timing: matmul=0.17s, sampling=6.14s, total=9.61s
============================================================
Level 90 - SAMPLING
============================================================
  Starting braids: 995124
  Candidates to generate: 5145836
  Processing in 52 chunks...
  Projlen distribution:
    projlen=51: 3 braids
    projlen=52: 3 braids
    projlen=53: 28 braids
    projlen=54: 21 braids
    projlen=55: 156 braids
    projlen=56: 136 braids
    projlen=57: 1678 braids
    projlen=58: 1510 braids
    projlen=59: 14809 braids
    projlen=60: 11610 braids
    projlen=61: 116783 braids
    projlen=62: 76523 braids
    projlen=63: 288827 braids
    projlen=64: 175846 braids
    projlen=65: 362586 braids
    projlen=66: 164323 braids
    projlen=67: 355120 braids
    projlen=68: 155405 braids
    projlen=69: 351056 braids
    projlen=70: 154102 braids
    projlen=71: 351180 braids
    projlen=72: 153867 braids
    projlen=73: 350080 braids
    projlen=74: 154022 braids
    projlen=75: 347979 braids
    projlen=76: 152908 braids
    projlen=77: 348147 braids
    projlen=78: 155722 braids
    projlen=79: 340630 braids
    projlen=80: 174995 braids
    projlen=81: 301985 braids
    projlen=82: 83796 braids
  Braids kept: 1129954 (in 32 buckets, 1.86 GB CPU)
  ⚡ Timing: matmul=0.16s, sampling=6.77s, total=10.29s
============================================================
Level 91 - SAMPLING
============================================================
  Starting braids: 979954
  Candidates to generate: 5062942
  Processing in 51 chunks...
  Projlen distribution:
    projlen=52: 1 braids
    projlen=53: 18 braids
    projlen=54: 19 braids
    projlen=55: 160 braids
    projlen=56: 150 braids
    projlen=57: 981 braids
    projlen=58: 905 braids
    projlen=59: 10346 braids
    projlen=60: 8048 braids
    projlen=61: 77720 braids
    projlen=62: 52254 braids
    projlen=63: 277700 braids
    projlen=64: 177339 braids
    projlen=65: 363132 braids
    projlen=66: 168524 braids
    projlen=67: 358239 braids
    projlen=68: 158018 braids
    projlen=69: 353980 braids
    projlen=70: 154865 braids
    projlen=71: 351235 braids
    projlen=72: 153760 braids
    projlen=73: 349305 braids
    projlen=74: 153472 braids
    projlen=75: 349352 braids
    projlen=76: 153638 braids
    projlen=77: 348855 braids
    projlen=78: 152831 braids
    projlen=79: 345947 braids
    projlen=80: 154613 braids
    projlen=81: 307292 braids
    projlen=82: 80243 braids
  Braids kept: 1120628 (in 31 buckets, 1.85 GB CPU)
  ⚡ Timing: matmul=0.17s, sampling=6.26s, total=9.72s
============================================================
Level 92 - SAMPLING
============================================================
  Starting braids: 970628
  Candidates to generate: 5018202
  Processing in 51 chunks...
  Projlen distribution:
    projlen=53: 3 braids
    projlen=54: 10 braids
    projlen=55: 102 braids
    projlen=56: 112 braids
    projlen=57: 987 braids
    projlen=58: 857 braids
    projlen=59: 6206 braids
    projlen=60: 5008 braids
    projlen=61: 54448 braids
    projlen=62: 37635 braids
    projlen=63: 268916 braids
    projlen=64: 177618 braids
    projlen=65: 365264 braids
    projlen=66: 171666 braids
    projlen=67: 359989 braids
    projlen=68: 159383 braids
    projlen=69: 354037 braids
    projlen=70: 155184 braids
    projlen=71: 351475 braids
    projlen=72: 154087 braids
    projlen=73: 349555 braids
    projlen=74: 153169 braids
    projlen=75: 348962 braids
    projlen=76: 154104 braids
    projlen=77: 348620 braids
    projlen=78: 153570 braids
    projlen=79: 347173 braids
    projlen=80: 150891 braids
    projlen=81: 308736 braids
    projlen=82: 80435 braids
  Braids kept: 1100920 (in 30 buckets, 1.83 GB CPU)
  ⚡ Timing: matmul=0.15s, sampling=6.19s, total=9.60s
============================================================
Level 93 - SAMPLING
============================================================
  Starting braids: 950920
  Candidates to generate: 4920804
  Processing in 50 chunks...
  Projlen distribution:
    projlen=54: 1 braids
    projlen=55: 46 braids
    projlen=56: 65 braids
    projlen=57: 668 braids
    projlen=58: 615 braids
    projlen=59: 5934 braids
    projlen=60: 4576 braids
    projlen=61: 34966 braids
    projlen=62: 24902 braids
    projlen=63: 247654 braids
    projlen=64: 157519 braids
    projlen=65: 334917 braids
    projlen=66: 173325 braids
    projlen=67: 360489 braids
    projlen=68: 160232 braids
    projlen=69: 356723 braids
    projlen=70: 156142 braids
    projlen=71: 351995 braids
    projlen=72: 153817 braids
    projlen=73: 350500 braids
    projlen=74: 153849 braids
    projlen=75: 349077 braids
    projlen=76: 152949 braids
    projlen=77: 348122 braids
    projlen=78: 153665 braids
    projlen=79: 347587 braids
    projlen=80: 152150 braids
    projlen=81: 308000 braids
    projlen=82: 80319 braids
  Braids kept: 1071773 (in 29 buckets, 1.79 GB CPU)
  ⚡ Timing: matmul=0.15s, sampling=6.21s, total=9.58s
============================================================
Level 94 - SAMPLING
============================================================
  Starting braids: 971773
  Candidates to generate: 4990575
  Processing in 50 chunks...
  Projlen distribution:
    projlen=55: 6 braids
    projlen=56: 16 braids
    projlen=57: 394 braids
    projlen=58: 383 braids
    projlen=59: 4118 braids
    projlen=60: 3262 braids
    projlen=61: 32738 braids
    projlen=62: 22931 braids
    projlen=63: 174543 braids
    projlen=64: 108210 braids
    projlen=65: 303804 braids
    projlen=66: 175028 braids
    projlen=67: 361482 braids
    projlen=68: 163216 braids
    projlen=69: 356905 braids
    projlen=70: 156528 braids
    projlen=71: 353761 braids
    projlen=72: 154506 braids
    projlen=73: 351642 braids
    projlen=74: 153797 braids
    projlen=75: 349307 braids
    projlen=76: 153134 braids
    projlen=77: 349299 braids
    projlen=78: 153232 braids
    projlen=79: 347913 braids
    projlen=80: 153146 braids
    projlen=81: 340894 braids
    projlen=82: 149136 braids
    projlen=83: 117244 braids
  Braids kept: 1113848 (in 29 buckets, 1.87 GB CPU)
  ⚡ Timing: matmul=0.17s, sampling=6.14s, total=9.52s
============================================================
Level 95 - SAMPLING
============================================================
  Starting braids: 963848
  Candidates to generate: 4949300
  Processing in 50 chunks...
  Projlen distribution:
    projlen=56: 3 braids
    projlen=57: 97 braids
    projlen=58: 151 braids
    projlen=59: 2556 braids
    projlen=60: 2246 braids
    projlen=61: 23145 braids
    projlen=62: 16558 braids
    projlen=63: 161107 braids
    projlen=64: 101416 braids
    projlen=65: 298086 braids
    projlen=66: 173369 braids
    projlen=67: 362515 braids
    projlen=68: 167068 braids
    projlen=69: 358079 braids
    projlen=70: 157757 braids
    projlen=71: 353130 braids
    projlen=72: 154574 braids
    projlen=73: 351436 braids
    projlen=74: 154217 braids
    projlen=75: 349695 braids
    projlen=76: 152804 braids
    projlen=77: 348750 braids
    projlen=78: 153106 braids
    projlen=79: 348521 braids
    projlen=80: 152497 braids
    projlen=81: 342099 braids
    projlen=82: 148216 braids
    projlen=83: 116102 braids
  Braids kept: 1094756 (in 28 buckets, 1.85 GB CPU)
  ⚡ Timing: matmul=0.16s, sampling=6.12s, total=9.52s
============================================================
Level 96 - SAMPLING
============================================================
  Starting braids: 994756
  Candidates to generate: 5130604
  Processing in 52 chunks...
  Projlen distribution:
    projlen=56: 1 braids
    projlen=57: 15 braids
    projlen=58: 51 braids
    projlen=59: 872 braids
    projlen=60: 1010 braids
    projlen=61: 14902 braids
    projlen=62: 11339 braids
    projlen=63: 114201 braids
    projlen=64: 72839 braids
    projlen=65: 283452 braids
    projlen=66: 173903 braids
    projlen=67: 361078 braids
    projlen=68: 167131 braids
    projlen=69: 358997 braids
    projlen=70: 158982 braids
    projlen=71: 354410 braids
    projlen=72: 155356 braids
    projlen=73: 350985 braids
    projlen=74: 153779 braids
    projlen=75: 349927 braids
    projlen=76: 153587 braids
    projlen=77: 349163 braids
    projlen=78: 152914 braids
    projlen=79: 348637 braids
    projlen=80: 153228 braids
    projlen=81: 346759 braids
    projlen=82: 151325 braids
    projlen=83: 310868 braids
    projlen=84: 80893 braids
  Braids kept: 1128190 (in 29 buckets, 1.92 GB CPU)
  ⚡ Timing: matmul=0.29s, sampling=6.47s, total=10.11s
============================================================
Level 97 - SAMPLING
============================================================
  Starting braids: 978190
  Candidates to generate: 5042742
  Processing in 51 chunks...
  Projlen distribution:
    projlen=56: 1 braids
    projlen=57: 4 braids
    projlen=58: 25 braids
    projlen=59: 286 braids
    projlen=60: 468 braids
    projlen=61: 6235 braids
    projlen=62: 5552 braids
    projlen=63: 74700 braids
    projlen=64: 50143 braids
    projlen=65: 271822 braids
    projlen=66: 173693 braids
    projlen=67: 363159 braids
    projlen=68: 169424 braids
    projlen=69: 357896 braids
    projlen=70: 158794 braids
    projlen=71: 354702 braids
    projlen=72: 155330 braids
    projlen=73: 351586 braids
    projlen=74: 153750 braids
    projlen=75: 349412 braids
    projlen=76: 153329 braids
    projlen=77: 350515 braids
    projlen=78: 154044 braids
    projlen=79: 348609 braids
    projlen=80: 152781 braids
    projlen=81: 346746 braids
    projlen=82: 151295 braids
    projlen=83: 308472 braids
    projlen=84: 79969 braids
  Braids kept: 1112571 (in 29 buckets, 1.91 GB CPU)
  ⚡ Timing: matmul=0.16s, sampling=6.45s, total=9.94s
============================================================
Level 98 - SAMPLING
============================================================
  Starting braids: 962571
  Candidates to generate: 4972207
  Processing in 50 chunks...
  Projlen distribution:
    projlen=57: 4 braids
    projlen=58: 10 braids
    projlen=59: 103 braids
    projlen=60: 231 braids
    projlen=61: 2767 braids
    projlen=62: 2838 braids
    projlen=63: 35118 braids
    projlen=64: 26074 braids
    projlen=65: 259409 braids
    projlen=66: 174947 braids
    projlen=67: 362311 braids
    projlen=68: 170523 braids
    projlen=69: 360454 braids
    projlen=70: 160373 braids
    projlen=71: 355656 braids
    projlen=72: 155646 braids
    projlen=73: 352718 braids
    projlen=74: 154386 braids
    projlen=75: 350563 braids
    projlen=76: 153406 braids
    projlen=77: 349907 braids
    projlen=78: 153621 braids
    projlen=79: 348805 braids
    projlen=80: 152920 braids
    projlen=81: 348650 braids
    projlen=82: 151357 braids
    projlen=83: 309141 braids
    projlen=84: 80269 braids
  Braids kept: 1067145 (in 28 buckets, 1.84 GB CPU)
  ⚡ Timing: matmul=0.17s, sampling=6.28s, total=9.69s
============================================================
Level 99 - SAMPLING
============================================================
  Starting braids: 967145
  Candidates to generate: 4960327
  Processing in 50 chunks...
  Projlen distribution:
    projlen=57: 4 braids
    projlen=58: 5 braids
    projlen=59: 52 braids
    projlen=60: 83 braids
    projlen=61: 1299 braids
    projlen=62: 1593 braids
    projlen=63: 18196 braids
    projlen=64: 14952 braids
    projlen=65: 175389 braids
    projlen=66: 112583 braids
    projlen=67: 305780 braids
    projlen=68: 173619 braids
    projlen=69: 359618 braids
    projlen=70: 160189 braids
    projlen=71: 355851 braids
    projlen=72: 156073 braids
    projlen=73: 351985 braids
    projlen=74: 154252 braids
    projlen=75: 350811 braids
    projlen=76: 153925 braids
    projlen=77: 350361 braids
    projlen=78: 153618 braids
    projlen=79: 349834 braids
    projlen=80: 153401 braids
    projlen=81: 348099 braids
    projlen=82: 151901 braids
    projlen=83: 341675 braids
    projlen=84: 147684 braids
    projlen=85: 117495 braids
  Braids kept: 1086184 (in 29 buckets, 1.89 GB CPU)
  ⚡ Timing: matmul=0.17s, sampling=6.37s, total=9.84s
============================================================
Level 100 - SAMPLING
============================================================
  Starting braids: 986184
  Candidates to generate: 5085934
  Processing in 51 chunks...
  Projlen distribution:
    projlen=57: 3 braids
    projlen=58: 4 braids
    projlen=59: 39 braids
    projlen=60: 57 braids
    projlen=61: 554 braids
    projlen=62: 708 braids
    projlen=63: 9810 braids
    projlen=64: 8758 braids
    projlen=65: 95161 braids
    projlen=66: 63903 braids
    projlen=67: 281451 braids
    projlen=68: 175889 braids
    projlen=69: 362291 braids
    projlen=70: 165911 braids
    projlen=71: 356394 braids
    projlen=72: 156073 braids
    projlen=73: 352497 braids
    projlen=74: 154490 braids
    projlen=75: 351343 braids
    projlen=76: 154108 braids
    projlen=77: 349572 braids
    projlen=78: 153013 braids
    projlen=79: 348798 braids
    projlen=80: 152889 braids
    projlen=81: 348981 braids
    projlen=82: 153351 braids
    projlen=83: 347523 braids
    projlen=84: 151092 braids
    projlen=85: 310695 braids
    projlen=86: 80576 braids
  Braids kept: 1119933 (in 30 buckets, 1.97 GB CPU)
  ⚡ Timing: matmul=0.17s, sampling=6.72s, total=10.25s
============================================================
Level 101 - SAMPLING
============================================================
  Starting braids: 969933
  Candidates to generate: 5010389
  Processing in 51 chunks...
  Projlen distribution:
    projlen=57: 1 braids
    projlen=58: 2 braids
    projlen=59: 35 braids
    projlen=60: 39 braids
    projlen=61: 345 braids
    projlen=62: 487 braids
    projlen=63: 4471 braids
    projlen=64: 4246 braids
    projlen=65: 54663 braids
    projlen=66: 39464 braids
    projlen=67: 269603 braids
    projlen=68: 177112 braids
    projlen=69: 363596 braids
    projlen=70: 170134 braids
    projlen=71: 358966 braids
    projlen=72: 158478 braids
    projlen=73: 354120 braids
    projlen=74: 154816 braids
    projlen=75: 351302 braids
    projlen=76: 153587 braids
    projlen=77: 349902 braids
    projlen=78: 152957 braids
    projlen=79: 348933 braids
    projlen=80: 152958 braids
    projlen=81: 349419 braids
    projlen=82: 153209 braids
    projlen=83: 347078 braids
    projlen=84: 150976 braids
    projlen=85: 309086 braids
    projlen=86: 80404 braids
  Braids kept: 1099090 (in 30 buckets, 1.94 GB CPU)
  ⚡ Timing: matmul=0.15s, sampling=6.60s, total=10.09s
============================================================
Level 102 - SAMPLING
============================================================
  Starting braids: 999090
  Candidates to generate: 5133028
  Processing in 52 chunks...
  Projlen distribution:
    projlen=56: 1 braids
    projlen=57: 2 braids
    projlen=58: 4 braids
    projlen=59: 20 braids
    projlen=60: 12 braids
    projlen=61: 243 braids
    projlen=62: 320 braids
    projlen=63: 2853 braids
    projlen=64: 2974 braids
    projlen=65: 27625 braids
    projlen=66: 21689 braids
    projlen=67: 252167 braids
    projlen=68: 164439 braids
    projlen=69: 339173 braids
    projlen=70: 172553 braids
    projlen=71: 358853 braids
    projlen=72: 159173 braids
    projlen=73: 354947 braids
    projlen=74: 155303 braids
    projlen=75: 351843 braids
    projlen=76: 153856 braids
    projlen=77: 350625 braids
    projlen=78: 153579 braids
    projlen=79: 348988 braids
    projlen=80: 152947 braids
    projlen=81: 348083 braids
    projlen=82: 152569 braids
    projlen=83: 349001 braids
    projlen=84: 152388 braids
    projlen=85: 341279 braids
    projlen=86: 147985 braids
    projlen=87: 117534 braids
  Braids kept: 1105743 (in 32 buckets, 1.98 GB CPU)
  ⚡ Timing: matmul=0.16s, sampling=6.95s, total=10.57s
============================================================
Level 103 - SAMPLING
============================================================
  Starting braids: 955743
  Candidates to generate: 4908851
  Processing in 50 chunks...
  Projlen distribution:
    projlen=57: 4 braids
    projlen=58: 3 braids
    projlen=59: 29 braids
    projlen=60: 26 braids
    projlen=61: 128 braids
    projlen=62: 135 braids
    projlen=63: 1883 braids
    projlen=64: 2020 braids
    projlen=65: 18496 braids
    projlen=66: 15546 braids
    projlen=67: 143600 braids
    projlen=68: 94486 braids
    projlen=69: 300287 braids
    projlen=70: 176779 braids
    projlen=71: 362861 braids
    projlen=72: 163076 braids
    projlen=73: 355864 braids
    projlen=74: 155434 braids
    projlen=75: 352304 braids
    projlen=76: 154392 braids
    projlen=77: 349024 braids
    projlen=78: 152791 braids
    projlen=79: 349237 braids
    projlen=80: 153276 braids
    projlen=81: 348582 braids
    projlen=82: 152641 braids
    projlen=83: 348180 braids
    projlen=84: 152163 braids
    projlen=85: 342243 braids
    projlen=86: 147056 braids
    projlen=87: 116305 braids
  Braids kept: 1088270 (in 31 buckets, 1.95 GB CPU)
  ⚡ Timing: matmul=0.15s, sampling=7.05s, total=10.53s
============================================================
Level 104 - SAMPLING
============================================================
  Starting braids: 988270
  Candidates to generate: 5108218
  Processing in 52 chunks...
  Projlen distribution:
    projlen=57: 3 braids
    projlen=58: 3 braids
    projlen=59: 21 braids
    projlen=60: 20 braids
    projlen=61: 178 braids
    projlen=62: 155 braids
    projlen=63: 987 braids
    projlen=64: 988 braids
    projlen=65: 12355 braids
    projlen=66: 10799 braids
    projlen=67: 97727 braids
    projlen=68: 68326 braids
    projlen=69: 285876 braids
    projlen=70: 179185 braids
    projlen=71: 364963 braids
    projlen=72: 168358 braids
    projlen=73: 356869 braids
    projlen=74: 156807 braids
    projlen=75: 352966 braids
    projlen=76: 154236 braids
    projlen=77: 350148 braids
    projlen=78: 153583 braids
    projlen=79: 349857 braids
    projlen=80: 153316 braids
    projlen=81: 349401 braids
    projlen=82: 153373 braids
    projlen=83: 348617 braids
    projlen=84: 152728 braids
    projlen=85: 345933 braids
    projlen=86: 150443 braids
    projlen=87: 309662 braids
    projlen=88: 80335 braids
  Braids kept: 1125509 (in 32 buckets, 2.04 GB CPU)
  ⚡ Timing: matmul=0.16s, sampling=7.49s, total=11.09s
============================================================
Level 105 - SAMPLING
============================================================
  Starting braids: 975509
  Candidates to generate: 5050121
  Processing in 51 chunks...
  Projlen distribution:
    projlen=59: 19 braids
    projlen=60: 18 braids
    projlen=61: 135 braids
    projlen=62: 112 braids
    projlen=63: 1073 braids
    projlen=64: 899 braids
    projlen=65: 6763 braids
    projlen=66: 5669 braids
    projlen=67: 66577 braids
    projlen=68: 49094 braids
    projlen=69: 271997 braids
    projlen=70: 183459 braids
    projlen=71: 362803 braids
    projlen=72: 173385 braids
    projlen=73: 359155 braids
    projlen=74: 159292 braids
    projlen=75: 354656 braids
    projlen=76: 155053 braids
    projlen=77: 351145 braids
    projlen=78: 153878 braids
    projlen=79: 349631 braids
    projlen=80: 153051 braids
    projlen=81: 349530 braids
    projlen=82: 153422 braids
    projlen=83: 349502 braids
    projlen=84: 153324 braids
    projlen=85: 347219 braids
    projlen=86: 150852 braids
    projlen=87: 308632 braids
    projlen=88: 79776 braids
  Braids kept: 1113782 (in 30 buckets, 2.02 GB CPU)
  ⚡ Timing: matmul=0.16s, sampling=7.16s, total=10.74s
============================================================
Level 106 - SAMPLING
============================================================
  Starting braids: 963782
  Candidates to generate: 4996868
  Processing in 50 chunks...
  Projlen distribution:
    projlen=60: 2 braids
    projlen=61: 121 braids
    projlen=62: 105 braids
    projlen=63: 813 braids
    projlen=64: 638 braids
    projlen=65: 6291 braids
    projlen=66: 4822 braids
    projlen=67: 37997 braids
    projlen=68: 27966 braids
    projlen=69: 260494 braids
    projlen=70: 185324 braids
    projlen=71: 358336 braids
    projlen=72: 180265 braids
    projlen=73: 356692 braids
    projlen=74: 164680 braids
    projlen=75: 353547 braids
    projlen=76: 156300 braids
    projlen=77: 352208 braids
    projlen=78: 154875 braids
    projlen=79: 350005 braids
    projlen=80: 153405 braids
    projlen=81: 349443 braids
    projlen=82: 153195 braids
    projlen=83: 349129 braids
    projlen=84: 153126 braids
    projlen=85: 347157 braids
    projlen=86: 150572 braids
    projlen=87: 309115 braids
    projlen=88: 80245 braids
  Braids kept: 1078755 (in 29 buckets, 1.97 GB CPU)
  ⚡ Timing: matmul=0.18s, sampling=7.21s, total=10.77s
============================================================
Level 107 - SAMPLING
============================================================
  Starting braids: 978755
  Candidates to generate: 5040897
  Processing in 51 chunks...
  Projlen distribution:
    projlen=61: 11 braids
    projlen=62: 21 braids
    projlen=63: 710 braids
    projlen=64: 593 braids
    projlen=65: 4666 braids
    projlen=66: 3512 braids
    projlen=67: 34391 braids
    projlen=68: 24131 braids
    projlen=69: 189637 braids
    projlen=70: 123369 braids
    projlen=71: 310114 braids
    projlen=72: 185590 braids
    projlen=73: 355643 braids
    projlen=74: 172264 braids
    projlen=75: 351677 braids
    projlen=76: 163703 braids
    projlen=77: 349353 braids
    projlen=78: 155651 braids
    projlen=79: 349857 braids
    projlen=80: 153876 braids
    projlen=81: 350188 braids
    projlen=82: 153333 braids
    projlen=83: 349367 braids
    projlen=84: 152970 braids
    projlen=85: 348184 braids
    projlen=86: 152234 braids
    projlen=87: 341165 braids
    projlen=88: 147365 braids
    projlen=89: 117322 braids
  Braids kept: 1118035 (in 29 buckets, 2.06 GB CPU)
  ⚡ Timing: matmul=0.28s, sampling=7.20s, total=10.90s
============================================================
Level 108 - SAMPLING
============================================================
  Starting braids: 968035
  Candidates to generate: 4990447
  Processing in 50 chunks...
  Projlen distribution:
    projlen=59: 2 braids
    projlen=60: 1 braids
    projlen=61: 9 braids
    projlen=62: 10 braids
    projlen=63: 133 braids
    projlen=64: 189 braids
    projlen=65: 3898 braids
    projlen=66: 3177 braids
    projlen=67: 25845 braids
    projlen=68: 17894 braids
    projlen=69: 168948 braids
    projlen=70: 106822 braids
    projlen=71: 300259 braids
    projlen=72: 181064 braids
    projlen=73: 357130 braids
    projlen=74: 178567 braids
    projlen=75: 350037 braids
    projlen=76: 171900 braids
    projlen=77: 345623 braids
    projlen=78: 165881 braids
    projlen=79: 346699 braids
    projlen=80: 157044 braids
    projlen=81: 348001 braids
    projlen=82: 153307 braids
    projlen=83: 348840 braids
    projlen=84: 153146 braids
    projlen=85: 349407 braids
    projlen=86: 152442 braids
    projlen=87: 341534 braids
    projlen=88: 146618 braids
    projlen=89: 116020 braids
  Braids kept: 1101158 (in 31 buckets, 2.04 GB CPU)
  ⚡ Timing: matmul=0.17s, sampling=7.23s, total=10.80s
============================================================
Level 109 - SAMPLING
============================================================
  Starting braids: 951158
  Candidates to generate: 4912134
  Processing in 50 chunks...
  Projlen distribution:
    projlen=59: 4 braids
    projlen=60: 2 braids
    projlen=61: 15 braids
    projlen=62: 13 braids
    projlen=63: 77 braids
    projlen=64: 96 braids
    projlen=65: 1126 braids
    projlen=66: 1215 braids
    projlen=67: 21104 braids
    projlen=68: 15596 braids
    projlen=69: 127858 braids
    projlen=70: 79678 braids
    projlen=71: 287716 braids
    projlen=72: 175292 braids
    projlen=73: 360102 braids
    projlen=74: 175495 braids
    projlen=75: 350481 braids
    projlen=76: 173398 braids
    projlen=77: 344015 braids
    projlen=78: 175486 braids
    projlen=79: 340831 braids
    projlen=80: 170898 braids
    projlen=81: 343257 braids
    projlen=82: 159875 braids
    projlen=83: 347904 braids
    projlen=84: 154148 braids
    projlen=85: 348267 braids
    projlen=86: 152094 braids
    projlen=87: 342602 braids
    projlen=88: 147093 braids
    projlen=89: 116396 braids
  Braids kept: 1089248 (in 31 buckets, 2.02 GB CPU)
  ⚡ Timing: matmul=0.15s, sampling=7.17s, total=10.70s
============================================================
Level 110 - SAMPLING
============================================================
  Starting braids: 989248
  Candidates to generate: 5151050
  Processing in 52 chunks...
  Projlen distribution:
    projlen=59: 4 braids
    projlen=60: 3 braids
    projlen=61: 19 braids
    projlen=62: 20 braids
    projlen=63: 107 braids
    projlen=64: 99 braids
    projlen=65: 682 braids
    projlen=66: 659 braids
    projlen=67: 7781 braids
    projlen=68: 6647 braids
    projlen=69: 103830 braids
    projlen=70: 69161 braids
    projlen=71: 281590 braids
    projlen=72: 173131 braids
    projlen=73: 361779 braids
    projlen=74: 169489 braids
    projlen=75: 356229 braids
    projlen=76: 169329 braids
    projlen=77: 345829 braids
    projlen=78: 176123 braids
    projlen=79: 338555 braids
    projlen=80: 182429 braids
    projlen=81: 335844 braids
    projlen=82: 178273 braids
    projlen=83: 340641 braids
    projlen=84: 164799 braids
    projlen=85: 345466 braids
    projlen=86: 154717 braids
    projlen=87: 345849 braids
    projlen=88: 150596 braids
    projlen=89: 310478 braids
    projlen=90: 80892 braids
  Braids kept: 1116021 (in 32 buckets, 2.09 GB CPU)
  ⚡ Timing: matmul=0.17s, sampling=7.40s, total=11.12s
============================================================
Level 111 - SAMPLING
============================================================
  Starting braids: 966021
  Candidates to generate: 5049813
  Processing in 51 chunks...
  Projlen distribution:
    projlen=60: 3 braids
    projlen=61: 21 braids
    projlen=62: 21 braids
    projlen=63: 135 braids
    projlen=64: 122 braids
    projlen=65: 739 braids
    projlen=66: 616 braids
    projlen=67: 4724 braids
    projlen=68: 3965 braids
    projlen=69: 42587 braids
    projlen=70: 30200 braids
    projlen=71: 261947 braids
    projlen=72: 175262 braids
    projlen=73: 361689 braids
    projlen=74: 169231 braids
    projlen=75: 358377 braids
    projlen=76: 160663 braids
    projlen=77: 351532 braids
    projlen=78: 168957 braids
    projlen=79: 341603 braids
    projlen=80: 181121 braids
    projlen=81: 333464 braids
    projlen=82: 190312 braids
    projlen=83: 331282 braids
    projlen=84: 187744 braids
    projlen=85: 335019 braids
    projlen=86: 171330 braids
    projlen=87: 343357 braids
    projlen=88: 155237 braids
    projlen=89: 308431 braids
    projlen=90: 80122 braids
  Braids kept: 1083133 (in 31 buckets, 2.04 GB CPU)
  ⚡ Timing: matmul=0.16s, sampling=7.22s, total=10.89s
============================================================
Level 112 - SAMPLING
============================================================
  Starting braids: 983133
  Candidates to generate: 5134007
  Processing in 52 chunks...
  Projlen distribution:
    projlen=61: 6 braids
    projlen=62: 16 braids
    projlen=63: 134 braids
    projlen=64: 117 braids
    projlen=65: 848 braids
    projlen=66: 664 braids
    projlen=67: 4539 braids
    projlen=68: 3395 braids
    projlen=69: 27843 braids
    projlen=70: 20174 braids
    projlen=71: 211585 braids
    projlen=72: 134033 braids
    projlen=73: 316763 braids
    projlen=74: 173158 braids
    projlen=75: 358832 braids
    projlen=76: 159920 braids
    projlen=77: 354634 braids
    projlen=78: 157211 braids
    projlen=79: 347424 braids
    projlen=80: 170961 braids
    projlen=81: 336683 braids
    projlen=82: 188055 braids
    projlen=83: 328067 braids
    projlen=84: 199514 braids
    projlen=85: 325001 braids
    projlen=86: 198019 braids
    projlen=87: 330793 braids
    projlen=88: 180311 braids
    projlen=89: 333635 braids
    projlen=90: 155326 braids
    projlen=91: 116346 braids
  Braids kept: 1107736 (in 31 buckets, 2.10 GB CPU)
  ⚡ Timing: matmul=0.16s, sampling=8.34s, total=12.11s
============================================================
Level 113 - SAMPLING
============================================================
  Starting braids: 957736
  Candidates to generate: 5021752
  Processing in 51 chunks...
  Projlen distribution:
    projlen=62: 2 braids
    projlen=63: 75 braids
    projlen=64: 88 braids
    projlen=65: 786 braids
    projlen=66: 595 braids
    projlen=67: 4831 braids
    projlen=68: 3531 braids
    projlen=69: 25667 braids
    projlen=70: 17507 braids
    projlen=71: 140170 braids
    projlen=72: 88125 braids
    projlen=73: 293031 braids
    projlen=74: 176294 braids
    projlen=75: 361841 braids
    projlen=76: 164877 braids
    projlen=77: 355927 braids
    projlen=78: 156725 braids
    projlen=79: 351872 braids
    projlen=80: 156956 braids
    projlen=81: 344796 braids
    projlen=82: 175050 braids
    projlen=83: 333562 braids
    projlen=84: 196118 braids
    projlen=85: 323757 braids
    projlen=86: 209905 braids
    projlen=87: 319087 braids
    projlen=88: 208557 braids
    projlen=89: 317385 braids
    projlen=90: 184307 braids
    projlen=91: 110328 braids
  Braids kept: 1103082 (in 30 buckets, 2.10 GB CPU)
  ⚡ Timing: matmul=0.15s, sampling=7.70s, total=11.37s
============================================================
Level 114 - SAMPLING
============================================================
  Starting braids: 953082
  Candidates to generate: 5002648
  Processing in 51 chunks...
  Projlen distribution:
    projlen=63: 9 braids
    projlen=64: 18 braids
    projlen=65: 550 braids
    projlen=66: 494 braids
    projlen=67: 4345 braids
    projlen=68: 3156 braids
    projlen=69: 26121 braids
    projlen=70: 17719 braids
    projlen=71: 128035 braids
    projlen=72: 78937 braids
    projlen=73: 286817 braids
    projlen=74: 174311 braids
    projlen=75: 362455 braids
    projlen=76: 169629 braids
    projlen=77: 357498 braids
    projlen=78: 158313 braids
    projlen=79: 352627 braids
    projlen=80: 155879 braids
    projlen=81: 349606 braids
    projlen=82: 156912 braids
    projlen=83: 342957 braids
    projlen=84: 180315 braids
    projlen=85: 329826 braids
    projlen=86: 204540 braids
    projlen=87: 318446 braids
    projlen=88: 218596 braids
    projlen=89: 307839 braids
    projlen=90: 209549 braids
    projlen=91: 107149 braids
  Braids kept: 1102412 (in 29 buckets, 2.10 GB CPU)
  ⚡ Timing: matmul=0.16s, sampling=7.64s, total=11.30s
============================================================
Level 115 - SAMPLING
============================================================
  Starting braids: 952412
  Candidates to generate: 4980414
  Processing in 50 chunks...
  Projlen distribution:
    projlen=64: 5 braids
    projlen=65: 130 braids
    projlen=66: 171 braids
    projlen=67: 3203 braids
    projlen=68: 2617 braids
    projlen=69: 23302 braids
    projlen=70: 15824 braids
    projlen=71: 128811 braids
    projlen=72: 80084 braids
    projlen=73: 285868 braids
    projlen=74: 172676 braids
    projlen=75: 362596 braids
    projlen=76: 169314 braids
    projlen=77: 358267 braids
    projlen=78: 160619 braids
    projlen=79: 353037 braids
    projlen=80: 156034 braids
    projlen=81: 350857 braids
    projlen=82: 155661 braids
    projlen=83: 347581 braids
    projlen=84: 157986 braids
    projlen=85: 341336 braids
    projlen=86: 186163 braids
    projlen=87: 326676 braids
    projlen=88: 211737 braids
    projlen=89: 308049 braids
    projlen=90: 215443 braids
    projlen=91: 106367 braids
  Braids kept: 1095252 (in 28 buckets, 2.10 GB CPU)
  ⚡ Timing: matmul=0.17s, sampling=7.10s, total=10.70s
============================================================
Level 116 - SAMPLING
============================================================
  Starting braids: 995252
  Candidates to generate: 5195502
  Processing in 52 chunks...
  Projlen distribution:
    projlen=64: 2 braids
    projlen=65: 28 braids
    projlen=66: 65 braids
    projlen=67: 1029 braids
    projlen=68: 1133 braids
    projlen=69: 17537 braids
    projlen=70: 12951 braids
    projlen=71: 114139 braids
    projlen=72: 71621 braids
    projlen=73: 280448 braids
    projlen=74: 172587 braids
    projlen=75: 362363 braids
    projlen=76: 169121 braids
    projlen=77: 358132 braids
    projlen=78: 159281 braids
    projlen=79: 353759 braids
    projlen=80: 157762 braids
    projlen=81: 350998 braids
    projlen=82: 156128 braids
    projlen=83: 349014 braids
    projlen=84: 156479 braids
    projlen=85: 347095 braids
    projlen=86: 159657 braids
    projlen=87: 339377 braids
    projlen=88: 191558 braids
    projlen=89: 321484 braids
    projlen=90: 217342 braids
    projlen=91: 284998 braids
    projlen=92: 89414 braids
  Braids kept: 1132745 (in 29 buckets, 2.18 GB CPU)
  ⚡ Timing: matmul=0.18s, sampling=8.18s, total=12.04s
============================================================
Level 117 - SAMPLING
============================================================
  Starting braids: 982745
  Candidates to generate: 5099263
  Processing in 51 chunks...
  Projlen distribution:
    projlen=64: 3 braids
    projlen=65: 20 braids
    projlen=66: 38 braids
    projlen=67: 367 braids
    projlen=68: 482 braids
    projlen=69: 6943 braids
    projlen=70: 6048 braids
    projlen=71: 86465 braids
    projlen=72: 57549 braids
    projlen=73: 273708 braids
    projlen=74: 172692 braids
    projlen=75: 360385 braids
    projlen=76: 169219 braids
    projlen=77: 358145 braids
    projlen=78: 159819 braids
    projlen=79: 354535 braids
    projlen=80: 155672 braids
    projlen=81: 351192 braids
    projlen=82: 157197 braids
    projlen=83: 349262 braids
    projlen=84: 156851 braids
    projlen=85: 347786 braids
    projlen=86: 157351 braids
    projlen=87: 345121 braids
    projlen=88: 161821 braids
    projlen=89: 335621 braids
    projlen=90: 195669 braids
    projlen=91: 293087 braids
    projlen=92: 86215 braids
  Braids kept: 1113901 (in 29 buckets, 2.16 GB CPU)
  ⚡ Timing: matmul=0.18s, sampling=7.54s, total=11.29s
============================================================
Level 118 - SAMPLING
============================================================
  Starting braids: 963901
  Candidates to generate: 4988785
  Processing in 50 chunks...
  Projlen distribution:
    projlen=65: 18 braids
    projlen=66: 28 braids
    projlen=67: 240 braids
    projlen=68: 298 braids
    projlen=69: 3102 braids
    projlen=70: 2893 braids
    projlen=71: 37995 braids
    projlen=72: 27593 braids
    projlen=73: 261151 braids
    projlen=74: 175659 braids
    projlen=75: 362250 braids
    projlen=76: 170576 braids
    projlen=77: 358306 braids
    projlen=78: 160846 braids
    projlen=79: 355053 braids
    projlen=80: 156411 braids
    projlen=81: 351371 braids
    projlen=82: 154751 braids
    projlen=83: 349706 braids
    projlen=84: 158088 braids
    projlen=85: 347295 braids
    projlen=86: 158046 braids
    projlen=87: 346338 braids
    projlen=88: 158825 braids
    projlen=89: 341743 braids
    projlen=90: 163480 braids
    projlen=91: 304766 braids
    projlen=92: 81957 braids
  Braids kept: 1072167 (in 28 buckets, 2.09 GB CPU)
  ⚡ Timing: matmul=0.17s, sampling=7.37s, total=11.04s
============================================================
Level 119 - SAMPLING
============================================================
  Starting braids: 972167
  Candidates to generate: 5012691
  Processing in 51 chunks...
  Projlen distribution:
    projlen=65: 9 braids
    projlen=66: 17 braids
    projlen=67: 183 braids
    projlen=68: 215 braids
    projlen=69: 1871 braids
    projlen=70: 1811 braids
    projlen=71: 19676 braids
    projlen=72: 15261 braids
    projlen=73: 188264 braids
    projlen=74: 120954 braids
    projlen=75: 310630 braids
    projlen=76: 173394 braids
    projlen=77: 358418 braids
    projlen=78: 160929 braids
    projlen=79: 355082 braids
    projlen=80: 157815 braids
    projlen=81: 352511 braids
    projlen=82: 155588 braids
    projlen=83: 350386 braids
    projlen=84: 154709 braids
    projlen=85: 348901 braids
    projlen=86: 159720 braids
    projlen=87: 346964 braids
    projlen=88: 160430 braids
    projlen=89: 343595 braids
    projlen=90: 160276 braids
    projlen=91: 335640 braids
    projlen=92: 164094 braids
    projlen=93: 115348 braids
  Braids kept: 1089043 (in 29 buckets, 2.14 GB CPU)
  ⚡ Timing: matmul=0.16s, sampling=7.31s, total=11.02s
============================================================
Level 120 - SAMPLING
============================================================
  Starting braids: 989043
  Candidates to generate: 5120937
  Processing in 52 chunks...
  Projlen distribution:
    projlen=66: 3 braids
    projlen=67: 106 braids
    projlen=68: 154 braids
    projlen=69: 1386 braids
    projlen=70: 1353 braids
    projlen=71: 11979 braids
    projlen=72: 9690 braids
    projlen=73: 102474 braids
    projlen=74: 67354 braids
    projlen=75: 283809 braids
    projlen=76: 176132 braids
    projlen=77: 363037 braids
    projlen=78: 166088 braids
    projlen=79: 354741 braids
    projlen=80: 157636 braids
    projlen=81: 351184 braids
    projlen=82: 156529 braids
    projlen=83: 349663 braids
    projlen=84: 154872 braids
    projlen=85: 348864 braids
    projlen=86: 154338 braids
    projlen=87: 347583 braids
    projlen=88: 161194 braids
    projlen=89: 344823 braids
    projlen=90: 163451 braids
    projlen=91: 341089 braids
    projlen=92: 162879 braids
    projlen=93: 306753 braids
    projlen=94: 81773 braids
  Braids kept: 1124671 (in 29 buckets, 2.23 GB CPU)
  ⚡ Timing: matmul=0.15s, sampling=8.03s, total=11.79s
============================================================
Level 121 - SAMPLING
============================================================
  Starting braids: 974671
  Candidates to generate: 5054343
  Processing in 51 chunks...
  Projlen distribution:
    projlen=66: 1 braids
    projlen=67: 27 braids
    projlen=68: 45 braids
    projlen=69: 888 braids
    projlen=70: 950 braids
    projlen=71: 9103 braids
    projlen=72: 7384 braids
    projlen=73: 64608 braids
    projlen=74: 43842 braids
    projlen=75: 273367 braids
    projlen=76: 177564 braids
    projlen=77: 365287 braids
    projlen=78: 170555 braids
    projlen=79: 359216 braids
    projlen=80: 159168 braids
    projlen=81: 352077 braids
    projlen=82: 157208 braids
    projlen=83: 348511 braids
    projlen=84: 156446 braids
    projlen=85: 347457 braids
    projlen=86: 155168 braids
    projlen=87: 347000 braids
    projlen=88: 154539 braids
    projlen=89: 346124 braids
    projlen=90: 163534 braids
    projlen=91: 341901 braids
    projlen=92: 166057 braids
    projlen=93: 304879 braids
    projlen=94: 81437 braids
  Braids kept: 1112240 (in 29 buckets, 2.21 GB CPU)
  ⚡ Timing: matmul=0.16s, sampling=7.77s, total=11.55s
============================================================
Level 122 - SAMPLING
============================================================
  Starting braids: 962240
  Candidates to generate: 4999730
  Processing in 50 chunks...
  Projlen distribution:
    projlen=66: 2 braids
    projlen=67: 20 braids
    projlen=68: 34 braids
    projlen=69: 340 braids
    projlen=70: 410 braids
    projlen=71: 6016 braids
    projlen=72: 5264 braids
    projlen=73: 50423 braids
    projlen=74: 35595 braids
    projlen=75: 262151 braids
    projlen=76: 168252 braids
    projlen=77: 351141 braids
    projlen=78: 172249 braids
    projlen=79: 359902 braids
    projlen=80: 160286 braids
    projlen=81: 355280 braids
    projlen=82: 156986 braids
    projlen=83: 350350 braids
    projlen=84: 157363 braids
    projlen=85: 346977 braids
    projlen=86: 157549 braids
    projlen=87: 347555 braids
    projlen=88: 156823 braids
    projlen=89: 346893 braids
    projlen=90: 155492 braids
    projlen=91: 343983 braids
    projlen=92: 164812 braids
    projlen=93: 305443 braids
    projlen=94: 82139 braids
  Braids kept: 1097681 (in 29 buckets, 2.19 GB CPU)
  ⚡ Timing: matmul=0.18s, sampling=7.34s, total=11.04s
============================================================
Level 123 - SAMPLING
============================================================
  Starting braids: 997681
  Candidates to generate: 5158059
  Processing in 52 chunks...
  Projlen distribution:
    projlen=67: 16 braids
    projlen=68: 27 braids
    projlen=69: 228 braids
    projlen=70: 256 braids
    projlen=71: 2704 braids
    projlen=72: 2621 braids
    projlen=73: 34997 braids
    projlen=74: 26452 braids
    projlen=75: 249932 braids
    projlen=76: 156463 braids
    projlen=77: 332229 braids
    projlen=78: 174293 braids
    projlen=79: 360841 braids
    projlen=80: 161377 braids
    projlen=81: 355795 braids
    projlen=82: 157140 braids
    projlen=83: 352201 braids
    projlen=84: 155831 braids
    projlen=85: 348557 braids
    projlen=86: 158442 braids
    projlen=87: 346162 braids
    projlen=88: 159830 braids
    projlen=89: 345119 braids
    projlen=90: 158145 braids
    projlen=91: 346370 braids
    projlen=92: 156594 braids
    projlen=93: 336135 braids
    projlen=94: 163508 braids
    projlen=95: 115794 braids
  Braids kept: 1117301 (in 29 buckets, 2.25 GB CPU)
  ⚡ Timing: matmul=0.19s, sampling=8.51s, total=12.46s
============================================================
Level 124 - SAMPLING
============================================================
  Starting braids: 967301
  Candidates to generate: 4995937
  Processing in 50 chunks...
  Projlen distribution:
    projlen=67: 4 braids
    projlen=68: 8 braids
    projlen=69: 168 braids
    projlen=70: 194 braids
    projlen=71: 1693 braids
    projlen=72: 1691 braids
    projlen=73: 17415 braids
    projlen=74: 13959 braids
    projlen=75: 175456 braids
    projlen=76: 114639 braids
    projlen=77: 311416 braids
    projlen=78: 175810 braids
    projlen=79: 362773 braids
    projlen=80: 164193 braids
    projlen=81: 356691 braids
    projlen=82: 156116 braids
    projlen=83: 350969 braids
    projlen=84: 155370 braids
    projlen=85: 350044 braids
    projlen=86: 156328 braids
    projlen=87: 348406 braids
    projlen=88: 160812 braids
    projlen=89: 344994 braids
    projlen=90: 163170 braids
    projlen=91: 343473 braids
    projlen=92: 160706 braids
    projlen=93: 339634 braids
    projlen=94: 154049 braids
    projlen=95: 115756 braids
  Braids kept: 1085132 (in 29 buckets, 2.20 GB CPU)
  ⚡ Timing: matmul=0.17s, sampling=7.93s, total=11.71s
============================================================
Level 125 - SAMPLING
============================================================
  Starting braids: 985132
  Candidates to generate: 5106542
  Processing in 52 chunks...
  Projlen distribution:
    projlen=67: 3 braids
    projlen=68: 5 braids
    projlen=69: 45 braids
    projlen=70: 73 braids
    projlen=71: 1196 braids
    projlen=72: 1206 braids
    projlen=73: 11117 braids
    projlen=74: 9016 braids
    projlen=75: 90866 braids
    projlen=76: 60655 braids
    projlen=77: 280653 braids
    projlen=78: 176887 braids
    projlen=79: 364063 braids
    projlen=80: 166737 braids
    projlen=81: 357869 braids
    projlen=82: 157557 braids
    projlen=83: 353616 braids
    projlen=84: 154761 braids
    projlen=85: 350009 braids
    projlen=86: 155362 braids
    projlen=87: 348325 braids
    projlen=88: 156921 braids
    projlen=89: 346212 braids
    projlen=90: 163144 braids
    projlen=91: 343497 braids
    projlen=92: 167118 braids
    projlen=93: 339196 braids
    projlen=94: 162646 braids
    projlen=95: 306200 braids
    projlen=96: 81587 braids
  Braids kept: 1122661 (in 30 buckets, 2.29 GB CPU)
  ⚡ Timing: matmul=0.15s, sampling=8.82s, total=12.73s
============================================================
Level 126 - SAMPLING
============================================================
  Starting braids: 972661
  Candidates to generate: 5049303
  Processing in 51 chunks...
  Projlen distribution:
    projlen=68: 3 braids
    projlen=69: 35 braids
    projlen=70: 45 braids
    projlen=71: 419 braids
    projlen=72: 528 braids
    projlen=73: 7663 braids
    projlen=74: 6549 braids
    projlen=75: 59663 braids
    projlen=76: 41446 braids
    projlen=77: 271388 braids
    projlen=78: 178082 braids
    projlen=79: 364350 braids
    projlen=80: 170486 braids
    projlen=81: 358541 braids
    projlen=82: 158362 braids
    projlen=83: 353255 braids
    projlen=84: 154728 braids
    projlen=85: 351435 braids
    projlen=86: 154277 braids
    projlen=87: 348537 braids
    projlen=88: 156015 braids
    projlen=89: 347332 braids
    projlen=90: 158592 braids
    projlen=91: 345361 braids
    projlen=92: 166872 braids
    projlen=93: 339533 braids
    projlen=94: 170469 braids
    projlen=95: 303353 braids
    projlen=96: 81984 braids
  Braids kept: 1106688 (in 29 buckets, 2.26 GB CPU)
  ⚡ Timing: matmul=0.16s, sampling=8.20s, total=12.07s
============================================================
Level 127 - SAMPLING
============================================================
  Starting braids: 956688
  Candidates to generate: 4971408
  Processing in 50 chunks...
  Projlen distribution:
    projlen=68: 1 braids
    projlen=69: 12 braids
    projlen=70: 27 braids
    projlen=71: 271 braids
    projlen=72: 329 braids
    projlen=73: 3190 braids
    projlen=74: 3293 braids
    projlen=75: 42134 braids
    projlen=76: 31889 braids
    projlen=77: 256610 braids
    projlen=78: 166325 braids
    projlen=79: 344342 braids
    projlen=80: 173349 braids
    projlen=81: 360339 braids
    projlen=82: 160260 braids
    projlen=83: 354683 braids
    projlen=84: 155581 braids
    projlen=85: 351362 braids
    projlen=86: 153896 braids
    projlen=87: 349324 braids
    projlen=88: 153504 braids
    projlen=89: 348968 braids
    projlen=90: 157082 braids
    projlen=91: 346178 braids
    projlen=92: 161313 braids
    projlen=93: 341999 braids
    projlen=94: 169096 braids
    projlen=95: 304034 braids
    projlen=96: 82017 braids
  Braids kept: 1081146 (in 29 buckets, 2.22 GB CPU)
  ⚡ Timing: matmul=0.17s, sampling=7.86s, total=11.69s
============================================================
Level 128 - SAMPLING
============================================================
  Starting braids: 981146
  Candidates to generate: 5068824
  Processing in 51 chunks...
  Projlen distribution:
    projlen=68: 1 braids
    projlen=69: 6 braids
    projlen=70: 10 braids
    projlen=71: 155 braids
    projlen=72: 178 braids
    projlen=73: 1870 braids
    projlen=74: 2022 braids
    projlen=75: 19843 braids
    projlen=76: 17358 braids
    projlen=77: 208036 braids
    projlen=78: 138381 braids
    projlen=79: 321202 braids
    projlen=80: 177216 braids
    projlen=81: 360584 braids
    projlen=82: 163415 braids
    projlen=83: 355697 braids
    projlen=84: 156168 braids
    projlen=85: 353080 braids
    projlen=86: 154642 braids
    projlen=87: 349677 braids
    projlen=88: 153459 braids
    projlen=89: 348499 braids
    projlen=90: 153407 braids
    projlen=91: 348532 braids
    projlen=92: 158218 braids
    projlen=93: 345574 braids
    projlen=94: 163623 braids
    projlen=95: 333676 braids
    projlen=96: 169521 braids
    projlen=97: 114774 braids
  Braids kept: 1091443 (in 30 buckets, 2.26 GB CPU)
  ⚡ Timing: matmul=0.18s, sampling=9.35s, total=13.34s
============================================================
Level 129 - SAMPLING
============================================================
  Starting braids: 991443
  Candidates to generate: 5135419
  Processing in 52 chunks...
  Projlen distribution:
    projlen=69: 6 braids
    projlen=70: 9 braids
    projlen=71: 65 braids
    projlen=72: 95 braids
    projlen=73: 1153 braids
    projlen=74: 1109 braids
    projlen=75: 11656 braids
    projlen=76: 10667 braids
    projlen=77: 101786 braids
    projlen=78: 74950 braids
    projlen=79: 284721 braids
    projlen=80: 180255 braids
    projlen=81: 360103 braids
    projlen=82: 168919 braids
    projlen=83: 355608 braids
    projlen=84: 158727 braids
    projlen=85: 353396 braids
    projlen=86: 154854 braids
    projlen=87: 351493 braids
    projlen=88: 154000 braids
    projlen=89: 349451 braids
    projlen=90: 153250 braids
    projlen=91: 348783 braids
    projlen=92: 154109 braids
    projlen=93: 348492 braids
    projlen=94: 160067 braids
    projlen=95: 342328 braids
    projlen=96: 166836 braids
    projlen=97: 306008 braids
    projlen=98: 82523 braids
  Braids kept: 1124760 (in 30 buckets, 2.35 GB CPU)
  ⚡ Timing: matmul=0.16s, sampling=9.58s, total=13.70s
============================================================
Level 130 - SAMPLING
============================================================
  Starting braids: 974760
  Candidates to generate: 5049902
  Processing in 51 chunks...
  Projlen distribution:
    projlen=71: 58 braids
    projlen=72: 64 braids
    projlen=73: 504 braids
    projlen=74: 647 braids
    projlen=75: 7344 braids
    projlen=76: 6092 braids
    projlen=77: 60695 braids
    projlen=78: 47418 braids
    projlen=79: 266094 braids
    projlen=80: 191735 braids
    projlen=81: 358529 braids
    projlen=82: 175506 braids
    projlen=83: 354627 braids
    projlen=84: 163699 braids
    projlen=85: 351390 braids
    projlen=86: 157372 braids
    projlen=87: 350739 braids
    projlen=88: 154148 braids
    projlen=89: 350233 braids
    projlen=90: 153642 braids
    projlen=91: 349620 braids
    projlen=92: 153641 braids
    projlen=93: 348555 braids
    projlen=94: 154077 braids
    projlen=95: 345837 braids
    projlen=96: 159720 braids
    projlen=97: 306911 braids
    projlen=98: 81005 braids
  Braids kept: 1112127 (in 28 buckets, 2.33 GB CPU)
  ⚡ Timing: matmul=0.16s, sampling=9.03s, total=13.01s
============================================================
Level 131 - SAMPLING
============================================================
  Starting braids: 962127
  Candidates to generate: 4998553
  Processing in 50 chunks...
  Projlen distribution:
    projlen=71: 5 braids
    projlen=72: 19 braids
    projlen=73: 377 braids
    projlen=74: 400 braids
    projlen=75: 3557 braids
    projlen=76: 3737 braids
    projlen=77: 40402 braids
    projlen=78: 29696 braids
    projlen=79: 251903 braids
    projlen=80: 188013 braids
    projlen=81: 348213 braids
    projlen=82: 191058 braids
    projlen=83: 351265 braids
    projlen=84: 169422 braids
    projlen=85: 351125 braids
    projlen=86: 163868 braids
    projlen=87: 348062 braids
    projlen=88: 158270 braids
    projlen=89: 349170 braids
    projlen=90: 154541 braids
    projlen=91: 349700 braids
    projlen=92: 153465 braids
    projlen=93: 348783 braids
    projlen=94: 154027 braids
    projlen=95: 348190 braids
    projlen=96: 152499 braids
    projlen=97: 308511 braids
    projlen=98: 80275 braids
  Braids kept: 1078193 (in 28 buckets, 2.27 GB CPU)
  ⚡ Timing: matmul=0.18s, sampling=8.58s, total=12.46s
============================================================
Level 132 - SAMPLING
============================================================
  Starting braids: 978193
  Candidates to generate: 5055441
  Processing in 51 chunks...
  Projlen distribution:
    projlen=72: 2 braids
    projlen=73: 102 braids
    projlen=74: 166 braids
    projlen=75: 2496 braids
    projlen=76: 2344 braids
    projlen=77: 21428 braids
    projlen=78: 19102 braids
    projlen=79: 198196 braids
    projlen=80: 129969 braids
    projlen=81: 308425 braids
    projlen=82: 193834 braids
    projlen=83: 347054 braids
    projlen=84: 185303 braids
    projlen=85: 345135 braids
    projlen=86: 172133 braids
    projlen=87: 344905 braids
    projlen=88: 165842 braids
    projlen=89: 345588 braids
    projlen=90: 160199 braids
    projlen=91: 347282 braids
    projlen=92: 154469 braids
    projlen=93: 349020 braids
    projlen=94: 153198 braids
    projlen=95: 348516 braids
    projlen=96: 153106 braids
    projlen=97: 341059 braids
    projlen=98: 149823 braids
    projlen=99: 116745 braids
  Braids kept: 1095640 (in 28 buckets, 2.33 GB CPU)
  ⚡ Timing: matmul=0.16s, sampling=8.46s, total=12.39s
============================================================
Level 133 - SAMPLING
============================================================
  Starting braids: 995640
  Candidates to generate: 5188086
  Processing in 52 chunks...
  Projlen distribution:
    projlen=73: 47 braids
    projlen=74: 69 braids
    projlen=75: 966 braids
    projlen=76: 1143 braids
    projlen=77: 15053 braids
    projlen=78: 11909 braids
    projlen=79: 107724 braids
    projlen=80: 81570 braids
    projlen=81: 287779 braids
    projlen=82: 181066 braids
    projlen=83: 354228 braids
    projlen=84: 188351 braids
    projlen=85: 340953 braids
    projlen=86: 188300 braids
    projlen=87: 338378 braids
    projlen=88: 178441 braids
    projlen=89: 341060 braids
    projlen=90: 170717 braids
    projlen=91: 343183 braids
    projlen=92: 163840 braids
    projlen=93: 345581 braids
    projlen=94: 156171 braids
    projlen=95: 349311 braids
    projlen=96: 153835 braids
    projlen=97: 346354 braids
    projlen=98: 152376 braids
    projlen=99: 309260 braids
    projlen=100: 80421 braids
  Braids kept: 1129187 (in 28 buckets, 2.42 GB CPU)
  ⚡ Timing: matmul=0.18s, sampling=9.23s, total=13.30s
============================================================
Level 134 - SAMPLING
============================================================
  Starting braids: 979187
  Candidates to generate: 5129613
  Processing in 52 chunks...
  Projlen distribution:
    projlen=72: 2 braids
    projlen=73: 20 braids
    projlen=74: 40 braids
    projlen=75: 475 braids
    projlen=76: 603 braids
    projlen=77: 7064 braids
    projlen=78: 6347 braids
    projlen=79: 76000 braids
    projlen=80: 52528 braids
    projlen=81: 265343 braids
    projlen=82: 194905 braids
    projlen=83: 354167 braids
    projlen=84: 176525 braids
    projlen=85: 349587 braids
    projlen=86: 185271 braids
    projlen=87: 335461 braids
    projlen=88: 195181 braids
    projlen=89: 332111 braids
    projlen=90: 187464 braids
    projlen=91: 335841 braids
    projlen=92: 178302 braids
    projlen=93: 339674 braids
    projlen=94: 169133 braids
    projlen=95: 343218 braids
    projlen=96: 158208 braids
    projlen=97: 346210 braids
    projlen=98: 151680 braids
    projlen=99: 308407 braids
    projlen=100: 79846 braids
  Braids kept: 1114551 (in 29 buckets, 2.39 GB CPU)
  ⚡ Timing: matmul=0.15s, sampling=9.74s, total=13.78s
============================================================
Level 135 - SAMPLING
============================================================
  Starting braids: 964551
  Candidates to generate: 5083273
  Processing in 51 chunks...
  Projlen distribution:
    projlen=72: 3 braids
    projlen=73: 8 braids
    projlen=74: 25 braids
    projlen=75: 229 braids
    projlen=76: 347 braids
    projlen=77: 3802 braids
    projlen=78: 3554 braids
    projlen=79: 39313 braids
    projlen=80: 29592 braids
    projlen=81: 258918 braids
    projlen=82: 178578 braids
    projlen=83: 353976 braids
    projlen=84: 194237 braids
    projlen=85: 346958 braids
    projlen=86: 172408 braids
    projlen=87: 342206 braids
    projlen=88: 187795 braids
    projlen=89: 330202 braids
    projlen=90: 203173 braids
    projlen=91: 325269 braids
    projlen=92: 198475 braids
    projlen=93: 329347 braids
    projlen=94: 187206 braids
    projlen=95: 334183 braids
    projlen=96: 176131 braids
    projlen=97: 339871 braids
    projlen=98: 160065 braids
    projlen=99: 306765 braids
    projlen=100: 80637 braids
  Braids kept: 1076873 (in 29 buckets, 2.32 GB CPU)
  ⚡ Timing: matmul=0.18s, sampling=9.41s, total=13.42s
============================================================
Level 136 - SAMPLING
============================================================
  Starting braids: 976873
  Candidates to generate: 5147559
  Processing in 52 chunks...
  Projlen distribution:
    projlen=71: 1 braids
    projlen=73: 10 braids
    projlen=74: 19 braids
    projlen=75: 124 braids
    projlen=76: 191 braids
    projlen=77: 2027 braids
    projlen=78: 2154 braids
    projlen=79: 23240 braids
    projlen=80: 18219 braids
    projlen=81: 194836 braids
    projlen=82: 127977 braids
    projlen=83: 311527 braids
    projlen=84: 177981 braids
    projlen=85: 349313 braids
    projlen=86: 187052 braids
    projlen=87: 340893 braids
    projlen=88: 177021 braids
    projlen=89: 335057 braids
    projlen=90: 193233 braids
    projlen=91: 324663 braids
    projlen=92: 212374 braids
    projlen=93: 318892 braids
    projlen=94: 210431 braids
    projlen=95: 322530 braids
    projlen=96: 198666 braids
    projlen=97: 328113 braids
    projlen=98: 184558 braids
    projlen=99: 329970 braids
    projlen=100: 161470 braids
    projlen=101: 115017 braids
  Braids kept: 1095985 (in 30 buckets, 2.39 GB CPU)
  ⚡ Timing: matmul=0.16s, sampling=9.99s, total=14.13s
============================================================
Level 137 - SAMPLING
============================================================
  Starting braids: 995985
  Candidates to generate: 5302351
  Processing in 54 chunks...
  Projlen distribution:
    projlen=71: 5 braids
    projlen=72: 4 braids
    projlen=73: 5 braids
    projlen=74: 13 braids
    projlen=75: 115 braids
    projlen=76: 159 braids
    projlen=77: 1101 braids
    projlen=78: 1227 braids
    projlen=79: 13386 braids
    projlen=80: 11324 braids
    projlen=81: 117674 braids
    projlen=82: 77791 braids
    projlen=83: 286956 braids
    projlen=84: 179505 braids
    projlen=85: 357519 braids
    projlen=86: 170851 braids
    projlen=87: 346277 braids
    projlen=88: 188727 braids
    projlen=89: 334550 braids
    projlen=90: 185350 braids
    projlen=91: 331488 braids
    projlen=92: 200680 braids
    projlen=93: 319988 braids
    projlen=94: 220276 braids
    projlen=95: 312465 braids
    projlen=96: 221797 braids
    projlen=97: 316040 braids
    projlen=98: 211529 braids
    projlen=99: 320508 braids
    projlen=100: 194525 braids
    projlen=101: 295760 braids
    projlen=102: 84756 braids
  Braids kept: 1127339 (in 32 buckets, 2.47 GB CPU)
  ⚡ Timing: matmul=0.16s, sampling=10.29s, total=14.65s
============================================================
Level 138 - SAMPLING
============================================================
  Starting braids: 977339
  Candidates to generate: 5216283
  Processing in 53 chunks...
  Projlen distribution:
    projlen=71: 2 braids
    projlen=72: 3 braids
    projlen=73: 35 braids
    projlen=74: 24 braids
    projlen=75: 76 braids
    projlen=76: 97 braids
    projlen=77: 931 braids
    projlen=78: 950 braids
    projlen=79: 7749 braids
    projlen=80: 6809 braids
    projlen=81: 70113 braids
    projlen=82: 50017 braids
    projlen=83: 272769 braids
    projlen=84: 177457 braids
    projlen=85: 361249 braids
    projlen=86: 174384 braids
    projlen=87: 354074 braids
    projlen=88: 166738 braids
    projlen=89: 340748 braids
    projlen=90: 192115 braids
    projlen=91: 329341 braids
    projlen=92: 195509 braids
    projlen=93: 325031 braids
    projlen=94: 209103 braids
    projlen=95: 314775 braids
    projlen=96: 227099 braids
    projlen=97: 305971 braids
    projlen=98: 230342 braids
    projlen=99: 307563 braids
    projlen=100: 221209 braids
    projlen=101: 285626 braids
    projlen=102: 88374 braids
  Braids kept: 1116676 (in 32 buckets, 2.46 GB CPU)
  ⚡ Timing: matmul=0.16s, sampling=10.86s, total=15.12s
============================================================
Level 139 - SAMPLING
============================================================
  Starting braids: 966676
  Candidates to generate: 5158906
  Processing in 52 chunks...
  Projlen distribution:
    projlen=73: 13 braids
    projlen=74: 16 braids
    projlen=75: 204 braids
    projlen=76: 156 braids
    projlen=77: 654 braids
    projlen=78: 605 braids
    projlen=79: 6053 braids
    projlen=80: 5208 braids
    projlen=81: 43328 braids
    projlen=82: 32828 braids
    projlen=83: 262475 braids
    projlen=84: 183275 braids
    projlen=85: 362241 braids
    projlen=86: 173922 braids
    projlen=87: 356971 braids
    projlen=88: 166438 braids
    projlen=89: 349866 braids
    projlen=90: 167435 braids
    projlen=91: 336804 braids
    projlen=92: 197277 braids
    projlen=93: 323321 braids
    projlen=94: 206125 braids
    projlen=95: 318648 braids
    projlen=96: 217491 braids
    projlen=97: 309543 braids
    projlen=98: 233784 braids
    projlen=99: 299288 braids
    projlen=100: 236672 braids
    projlen=101: 276876 braids
    projlen=102: 91389 braids
  Braids kept: 1089065 (in 30 buckets, 2.40 GB CPU)
  ⚡ Timing: matmul=0.17s, sampling=10.39s, total=14.63s
============================================================
Level 140 - SAMPLING
============================================================
  Starting braids: 989065
  Candidates to generate: 5267045
  Processing in 53 chunks...
  Projlen distribution:
    projlen=74: 2 braids
    projlen=75: 77 braids
    projlen=76: 92 braids
    projlen=77: 1153 braids
    projlen=78: 874 braids
    projlen=79: 4341 braids
    projlen=80: 3521 braids
    projlen=81: 34159 braids
    projlen=82: 26321 braids
    projlen=83: 217372 braids
    projlen=84: 144530 braids
    projlen=85: 320023 braids
    projlen=86: 181824 braids
    projlen=87: 356422 braids
    projlen=88: 163448 braids
    projlen=89: 352211 braids
    projlen=90: 164981 braids
    projlen=91: 343958 braids
    projlen=92: 170785 braids
    projlen=93: 333396 braids
    projlen=94: 203649 braids
    projlen=95: 318138 braids
    projlen=96: 217053 braids
    projlen=97: 312100 braids
    projlen=98: 225339 braids
    projlen=99: 303380 braids
    projlen=100: 239789 braids
    projlen=101: 291666 braids
    projlen=102: 232768 braids
    projlen=103: 103673 braids
  Braids kept: 1120540 (in 30 buckets, 2.49 GB CPU)
  ⚡ Timing: matmul=0.18s, sampling=10.17s, total=14.47s
============================================================
Level 141 - SAMPLING
============================================================
  Starting braids: 970540
  Candidates to generate: 5156916
  Processing in 52 chunks...
  Projlen distribution:
    projlen=75: 3 braids
    projlen=76: 23 braids
    projlen=77: 510 braids
    projlen=78: 497 braids
    projlen=79: 6300 braids
    projlen=80: 4614 braids
    projlen=81: 25610 braids
    projlen=82: 18508 braids
    projlen=83: 169296 braids
    projlen=84: 114543 braids
    projlen=85: 305093 braids
    projlen=86: 184495 braids
    projlen=87: 355941 braids
    projlen=88: 174819 braids
    projlen=89: 351863 braids
    projlen=90: 161973 braids
    projlen=91: 347888 braids
    projlen=92: 166830 braids
    projlen=93: 341188 braids
    projlen=94: 176858 braids
    projlen=95: 330158 braids
    projlen=96: 210014 braids
    projlen=97: 313543 braids
    projlen=98: 226579 braids
    projlen=99: 305638 braids
    projlen=100: 232801 braids
    projlen=101: 296538 braids
    projlen=102: 231064 braids
    projlen=103: 103729 braids
  Braids kept: 1106065 (in 29 buckets, 2.47 GB CPU)
  ⚡ Timing: matmul=0.17s, sampling=9.70s, total=13.88s
============================================================
Level 142 - SAMPLING
============================================================
  Starting braids: 956065
  Candidates to generate: 5066321
  Processing in 51 chunks...
  Projlen distribution:
    projlen=75: 1 braids
    projlen=76: 5 braids
    projlen=77: 93 braids
    projlen=78: 175 braids
    projlen=79: 3092 braids
    projlen=80: 2726 braids
    projlen=81: 33150 braids
    projlen=82: 22785 braids
    projlen=83: 131772 braids
    projlen=84: 83242 braids
    projlen=85: 285833 braids
    projlen=86: 183769 braids
    projlen=87: 357368 braids
    projlen=88: 178847 braids
    projlen=89: 350023 braids
    projlen=90: 172209 braids
    projlen=91: 347121 braids
    projlen=92: 163576 braids
    projlen=93: 343315 braids
    projlen=94: 169849 braids
    projlen=95: 337898 braids
    projlen=96: 183938 braids
    projlen=97: 325873 braids
    projlen=98: 215697 braids
    projlen=99: 309151 braids
    projlen=100: 234504 braids
    projlen=101: 297861 braids
    projlen=102: 227368 braids
    projlen=103: 105080 braids
  Braids kept: 1112027 (in 29 buckets, 2.48 GB CPU)
  ⚡ Timing: matmul=0.17s, sampling=9.69s, total=13.76s
============================================================
Level 143 - SAMPLING
============================================================
  Starting braids: 962027
  Candidates to generate: 5082537
  Processing in 51 chunks...
  Projlen distribution:
    projlen=75: 6 braids
    projlen=76: 3 braids
    projlen=77: 27 braids
    projlen=78: 62 braids
    projlen=79: 814 braids
    projlen=80: 1126 braids
    projlen=81: 17593 braids
    projlen=82: 13825 braids
    projlen=83: 160803 braids
    projlen=84: 102764 braids
    projlen=85: 296571 braids
    projlen=86: 179394 braids
    projlen=87: 357654 braids
    projlen=88: 179730 braids
    projlen=89: 350196 braids
    projlen=90: 174436 braids
    projlen=91: 344286 braids
    projlen=92: 175092 braids
    projlen=93: 342653 braids
    projlen=94: 168255 braids
    projlen=95: 340629 braids
    projlen=96: 175399 braids
    projlen=97: 334233 braids
    projlen=98: 192170 braids
    projlen=99: 320888 braids
    projlen=100: 221843 braids
    projlen=101: 300191 braids
    projlen=102: 227263 braids
    projlen=103: 104631 braids
  Braids kept: 1083456 (in 29 buckets, 2.43 GB CPU)
  ⚡ Timing: matmul=0.18s, sampling=9.61s, total=13.74s
============================================================
Level 144 - SAMPLING
============================================================
  Starting braids: 983456
  Candidates to generate: 5188230
  Processing in 52 chunks...
  Projlen distribution:
    projlen=75: 6 braids
    projlen=76: 6 braids
    projlen=77: 50 braids
    projlen=78: 46 braids
    projlen=79: 329 braids
    projlen=80: 489 braids
    projlen=81: 5642 braids
    projlen=82: 6140 braids
    projlen=83: 86994 braids
    projlen=84: 59880 braids
    projlen=85: 276979 braids
    projlen=86: 175491 braids
    projlen=87: 359642 braids
    projlen=88: 175711 braids
    projlen=89: 351670 braids
    projlen=90: 173885 braids
    projlen=91: 344350 braids
    projlen=92: 176520 braids
    projlen=93: 339352 braids
    projlen=94: 181375 braids
    projlen=95: 337966 braids
    projlen=96: 174501 braids
    projlen=97: 336844 braids
    projlen=98: 182050 braids
    projlen=99: 328985 braids
    projlen=100: 200546 braids
    projlen=101: 315452 braids
    projlen=102: 224786 braids
    projlen=103: 280686 braids
    projlen=104: 91857 braids
  Braids kept: 1112708 (in 30 buckets, 2.52 GB CPU)
  ⚡ Timing: matmul=0.18s, sampling=10.46s, total=14.83s
============================================================
Level 145 - SAMPLING
============================================================
  Starting braids: 962708
  Candidates to generate: 5076610
  Processing in 51 chunks...
  Projlen distribution:
    projlen=75: 3 braids
    projlen=76: 6 braids
    projlen=77: 37 braids
    projlen=78: 42 braids
    projlen=79: 367 braids
    projlen=80: 363 braids
    projlen=81: 2833 braids
    projlen=82: 2839 braids
    projlen=83: 31102 braids
    projlen=84: 28046 braids
    projlen=85: 256905 braids
    projlen=86: 179748 braids
    projlen=87: 360788 braids
    projlen=88: 171408 braids
    projlen=89: 354757 braids
    projlen=90: 169700 braids
    projlen=91: 347579 braids
    projlen=92: 176023 braids
    projlen=93: 339104 braids
    projlen=94: 182948 braids
    projlen=95: 333942 braids
    projlen=96: 189646 braids
    projlen=97: 332556 braids
    projlen=98: 183909 braids
    projlen=99: 332428 braids
    projlen=100: 191090 braids
    projlen=101: 323769 braids
    projlen=102: 207945 braids
    projlen=103: 289140 braids
    projlen=104: 87587 braids
  Braids kept: 1065638 (in 30 buckets, 2.42 GB CPU)
  ⚡ Timing: matmul=0.17s, sampling=10.33s, total=14.55s
============================================================
Level 146 - SAMPLING
============================================================
  Starting braids: 965638
  Candidates to generate: 5095400
  Processing in 51 chunks...
  Projlen distribution:
    projlen=76: 3 braids
    projlen=77: 29 braids
    projlen=78: 42 braids
    projlen=79: 265 braids
    projlen=80: 327 braids
    projlen=81: 2363 braids
    projlen=82: 2159 braids
    projlen=83: 18010 braids
    projlen=84: 14881 braids
    projlen=85: 154065 braids
    projlen=86: 120597 braids
    projlen=87: 306096 braids
    projlen=88: 180726 braids
    projlen=89: 356370 braids
    projlen=90: 162018 braids
    projlen=91: 350651 braids
    projlen=92: 169620 braids
    projlen=93: 341822 braids
    projlen=94: 181222 braids
    projlen=95: 333550 braids
    projlen=96: 190930 braids
    projlen=97: 328651 braids
    projlen=98: 198406 braids
    projlen=99: 327511 braids
    projlen=100: 194824 braids
    projlen=101: 327095 braids
    projlen=102: 199321 braids
    projlen=103: 315830 braids
    projlen=104: 208543 braids
    projlen=105: 109473 braids
  Braids kept: 1088079 (in 30 buckets, 2.49 GB CPU)
  ⚡ Timing: matmul=0.18s, sampling=10.04s, total=14.33s
============================================================
Level 147 - SAMPLING
============================================================
  Starting braids: 988079
  Candidates to generate: 5238613
  Processing in 53 chunks...
  Projlen distribution:
    projlen=76: 1 braids
    projlen=77: 12 braids
    projlen=78: 21 braids
    projlen=79: 218 braids
    projlen=80: 245 braids
    projlen=81: 1693 braids
    projlen=82: 1799 braids
    projlen=83: 14022 braids
    projlen=84: 11422 braids
    projlen=85: 94490 braids
    projlen=86: 66052 braids
    projlen=87: 271311 braids
    projlen=88: 199937 braids
    projlen=89: 350793 braids
    projlen=90: 176602 braids
    projlen=91: 351135 braids
    projlen=92: 160276 braids
    projlen=93: 346591 braids
    projlen=94: 172508 braids
    projlen=95: 337060 braids
    projlen=96: 187731 braids
    projlen=97: 329308 braids
    projlen=98: 200197 braids
    projlen=99: 322797 braids
    projlen=100: 208623 braids
    projlen=101: 320706 braids
    projlen=102: 205864 braids
    projlen=103: 320162 braids
    projlen=104: 207599 braids
    projlen=105: 291303 braids
    projlen=106: 88135 braids
  Braids kept: 1129433 (in 31 buckets, 2.60 GB CPU)
  ⚡ Timing: matmul=0.16s, sampling=10.82s, total=15.22s
============================================================
Level 148 - SAMPLING
============================================================
  Starting braids: 979433
  Candidates to generate: 5203679
  Processing in 53 chunks...
  Projlen distribution:
    projlen=77: 9 braids
    projlen=78: 10 braids
    projlen=79: 126 braids
    projlen=80: 141 braids
    projlen=81: 1352 braids
    projlen=82: 1332 braids
    projlen=83: 10186 braids
    projlen=84: 9203 braids
    projlen=85: 72848 braids
    projlen=86: 52685 braids
    projlen=87: 271528 braids
    projlen=88: 185653 braids
    projlen=89: 354166 braids
    projlen=90: 198152 braids
    projlen=91: 344352 braids
    projlen=92: 175866 braids
    projlen=93: 345236 braids
    projlen=94: 161917 braids
    projlen=95: 342297 braids
    projlen=96: 176485 braids
    projlen=97: 333117 braids
    projlen=98: 195527 braids
    projlen=99: 323465 braids
    projlen=100: 209323 braids
    projlen=101: 316915 braids
    projlen=102: 218472 braids
    projlen=103: 312935 braids
    projlen=104: 215233 braids
    projlen=105: 287420 braids
    projlen=106: 87728 braids
  Braids kept: 1122359 (in 30 buckets, 2.59 GB CPU)
  ⚡ Timing: matmul=0.16s, sampling=10.79s, total=15.19s
============================================================
Level 149 - SAMPLING
============================================================
  Starting braids: 972359
  Candidates to generate: 5172691
  Processing in 52 chunks...
  Projlen distribution:
    projlen=76: 1 braids
    projlen=77: 4 braids
    projlen=78: 9 braids
    projlen=79: 80 braids
    projlen=80: 81 braids
    projlen=81: 858 braids
    projlen=82: 801 braids
    projlen=83: 7966 braids
    projlen=84: 6893 braids
    projlen=85: 54069 braids
    projlen=86: 43521 braids
    projlen=87: 262974 braids
    projlen=88: 187772 braids
    projlen=89: 359092 braids
    projlen=90: 184384 braids
    projlen=91: 347500 braids
    projlen=92: 192405 braids
    projlen=93: 337982 braids
    projlen=94: 182390 braids
    projlen=95: 340416 braids
    projlen=96: 166294 braids
    projlen=97: 339151 braids
    projlen=98: 182055 braids
    projlen=99: 328738 braids
    projlen=100: 203928 braids
    projlen=101: 318448 braids
    projlen=102: 218531 braids
    projlen=103: 309350 braids
    projlen=104: 225215 braids
    projlen=105: 282055 braids
    projlen=106: 89728 braids
  Braids kept: 1110214 (in 31 buckets, 2.57 GB CPU)
  ⚡ Timing: matmul=0.17s, sampling=11.44s, total=16.00s
============================================================
Level 150 - SAMPLING
============================================================
  Starting braids: 960214
  Candidates to generate: 5112502
  Processing in 52 chunks...
  Projlen distribution:
    projlen=77: 4 braids
    projlen=78: 5 braids
    projlen=79: 36 braids
    projlen=80: 45 braids
    projlen=81: 578 braids
    projlen=82: 512 braids
    projlen=83: 5281 braids
    projlen=84: 4338 braids
    projlen=85: 42454 braids
    projlen=86: 33812 braids
    projlen=87: 249662 braids
    projlen=88: 185214 braids
    projlen=89: 339581 braids
    projlen=90: 188140 braids
    projlen=91: 350749 braids
    projlen=92: 177198 braids
    projlen=93: 341571 braids
    projlen=94: 195002 braids
    projlen=95: 331019 braids
    projlen=96: 191088 braids
    projlen=97: 334665 braids
    projlen=98: 173210 braids
    projlen=99: 335407 braids
    projlen=100: 189226 braids
    projlen=101: 324748 braids
    projlen=102: 212013 braids
    projlen=103: 311257 braids
    projlen=104: 224196 braids
    projlen=105: 281804 braids
    projlen=106: 89687 braids
  Braids kept: 1087065 (in 30 buckets, 2.53 GB CPU)
  ⚡ Timing: matmul=0.15s, sampling=10.71s, total=15.12s
============================================================
Level 151 - SAMPLING
============================================================
  Starting braids: 987065
  Candidates to generate: 5253085
  Processing in 53 chunks...
  Projlen distribution:
    projlen=77: 3 braids
    projlen=78: 3 braids
    projlen=79: 33 braids
    projlen=80: 35 braids
    projlen=81: 278 braids
    projlen=82: 276 braids
    projlen=83: 3538 braids
    projlen=84: 2942 braids
    projlen=85: 29597 braids
    projlen=86: 22140 braids
    projlen=87: 206007 braids
    projlen=88: 147947 braids
    projlen=89: 315534 braids
    projlen=90: 198354 braids
    projlen=91: 347842 braids
    projlen=92: 183614 braids
    projlen=93: 344811 braids
    projlen=94: 179178 braids
    projlen=95: 334169 braids
    projlen=96: 199767 braids
    projlen=97: 324944 braids
    projlen=98: 202542 braids
    projlen=99: 328749 braids
    projlen=100: 182481 braids
    projlen=101: 331020 braids
    projlen=102: 196430 braids
    projlen=103: 320495 braids
    projlen=104: 219129 braids
    projlen=105: 302662 braids
    projlen=106: 222006 braids
    projlen=107: 106559 braids
  Braids kept: 1108845 (in 31 buckets, 2.60 GB CPU)
  ⚡ Timing: matmul=0.17s, sampling=11.11s, total=15.70s
============================================================
Level 152 - SAMPLING
============================================================
  Starting braids: 958845
  Candidates to generate: 5105253
  Processing in 52 chunks...
  Projlen distribution:
    projlen=78: 3 braids
    projlen=79: 19 braids
    projlen=80: 21 braids
    projlen=81: 253 braids
    projlen=82: 233 braids
    projlen=83: 1834 braids
    projlen=84: 1626 braids
    projlen=85: 20031 braids
    projlen=86: 15411 braids
    projlen=87: 145972 braids
    projlen=88: 96902 braids
    projlen=89: 290347 braids
    projlen=90: 192501 braids
    projlen=91: 347546 braids
    projlen=92: 193237 braids
    projlen=93: 340362 braids
    projlen=94: 186175 braids
    projlen=95: 337688 braids
    projlen=96: 184967 braids
    projlen=97: 329088 braids
    projlen=98: 206983 braids
    projlen=99: 318867 braids
    projlen=100: 214398 braids
    projlen=101: 321109 braids
    projlen=102: 193797 braids
    projlen=103: 325539 braids
    projlen=104: 205476 braids
    projlen=105: 312091 braids
    projlen=106: 215263 braids
    projlen=107: 107514 braids
  Braids kept: 1089431 (in 30 buckets, 2.56 GB CPU)
  ⚡ Timing: matmul=0.15s, sampling=10.91s, total=15.40s
============================================================
Level 153 - SAMPLING
============================================================
  Starting braids: 989431
  Candidates to generate: 5280833
  Processing in 53 chunks...
  Projlen distribution:
    projlen=78: 2 braids
    projlen=79: 9 braids
    projlen=80: 19 braids
    projlen=81: 133 braids
    projlen=82: 129 braids
    projlen=83: 1647 braids
    projlen=84: 1384 braids
    projlen=85: 11013 braids
    projlen=86: 8706 braids
    projlen=87: 99750 braids
    projlen=88: 68074 braids
    projlen=89: 278506 braids
    projlen=90: 181119 braids
    projlen=91: 353829 braids
    projlen=92: 188890 braids
    projlen=93: 340702 braids
    projlen=94: 192510 braids
    projlen=95: 332655 braids
    projlen=96: 193513 braids
    projlen=97: 329807 braids
    projlen=98: 194178 braids
    projlen=99: 323874 braids
    projlen=100: 214090 braids
    projlen=101: 312828 braids
    projlen=102: 224521 braids
    projlen=103: 314579 braids
    projlen=104: 207536 braids
    projlen=105: 316498 braids
    projlen=106: 211837 braids
    projlen=107: 289218 braids
    projlen=108: 89277 braids
  Braids kept: 1123042 (in 31 buckets, 2.66 GB CPU)
  ⚡ Timing: matmul=0.18s, sampling=11.26s, total=15.94s
============================================================
Level 154 - SAMPLING
============================================================
  Starting braids: 973042
  Candidates to generate: 5201876
  Processing in 53 chunks...
  Projlen distribution:
    projlen=78: 2 braids
    projlen=79: 10 braids
    projlen=80: 20 braids
    projlen=81: 97 braids
    projlen=82: 104 braids
    projlen=83: 842 braids
    projlen=84: 784 braids
    projlen=85: 9547 braids
    projlen=86: 7433 braids
    projlen=87: 56944 braids
    projlen=88: 39313 braids
    projlen=89: 264907 braids
    projlen=90: 181581 braids
    projlen=91: 358866 braids
    projlen=92: 177946 braids
    projlen=93: 348928 braids
    projlen=94: 184597 braids
    projlen=95: 334359 braids
    projlen=96: 198398 braids
    projlen=97: 326116 braids
    projlen=98: 202972 braids
    projlen=99: 322897 braids
    projlen=100: 204472 braids
    projlen=101: 318820 braids
    projlen=102: 221974 braids
    projlen=103: 307659 braids
    projlen=104: 233910 braids
    projlen=105: 306550 braids
    projlen=106: 218393 braids
    projlen=107: 285998 braids
    projlen=108: 87437 braids
  Braids kept: 1108152 (in 31 buckets, 2.63 GB CPU)
  ⚡ Timing: matmul=0.22s, sampling=11.25s, total=15.99s
============================================================
Level 155 - SAMPLING
============================================================
  Starting braids: 958152
  Candidates to generate: 5128544
  Processing in 52 chunks...
  Projlen distribution:
    projlen=79: 8 braids
    projlen=80: 11 braids
    projlen=81: 107 braids
    projlen=82: 112 braids
    projlen=83: 697 braids
    projlen=84: 604 braids
    projlen=85: 5091 braids
    projlen=86: 4191 braids
    projlen=87: 50132 braids
    projlen=88: 36217 braids
    projlen=89: 250899 braids
    projlen=90: 163279 braids
    projlen=91: 334058 braids
    projlen=92: 179793 braids
    projlen=93: 354022 braids
    projlen=94: 170941 braids
    projlen=95: 344013 braids
    projlen=96: 186883 braids
    projlen=97: 328349 braids
    projlen=98: 206628 braids
    projlen=99: 319493 braids
    projlen=100: 212627 braids
    projlen=101: 316872 braids
    projlen=102: 214847 braids
    projlen=103: 313020 braids
    projlen=104: 229443 braids
    projlen=105: 301716 braids
    projlen=106: 238334 braids
    projlen=107: 274985 braids
    projlen=108: 91172 braids
  Braids kept: 1097038 (in 30 buckets, 2.61 GB CPU)
  ⚡ Timing: matmul=0.20s, sampling=9.94s, total=14.36s
============================================================
Level 156 - SAMPLING
============================================================
  Starting braids: 997038
  Candidates to generate: 5336384
  Processing in 54 chunks...
  Projlen distribution:
    projlen=78: 1 braids
    projlen=79: 5 braids
    projlen=80: 10 braids
    projlen=81: 71 braids
    projlen=82: 74 braids
    projlen=83: 707 braids
    projlen=84: 608 braids
    projlen=85: 4310 braids
    projlen=86: 3334 braids
    projlen=87: 28771 braids
    projlen=88: 21255 braids
    projlen=89: 241141 braids
    projlen=90: 159463 braids
    projlen=91: 326798 braids
    projlen=92: 180557 braids
    projlen=93: 356039 braids
    projlen=94: 172764 braids
    projlen=95: 349234 braids
    projlen=96: 171657 braids
    projlen=97: 338901 braids
    projlen=98: 192843 braids
    projlen=99: 324369 braids
    projlen=100: 214669 braids
    projlen=101: 313662 braids
    projlen=102: 223997 braids
    projlen=103: 310504 braids
    projlen=104: 225149 braids
    projlen=105: 307404 braids
    projlen=106: 235692 braids
    projlen=107: 294207 braids
    projlen=108: 234023 braids
    projlen=109: 104165 braids
  Braids kept: 1109146 (in 32 buckets, 2.66 GB CPU)
  ⚡ Timing: matmul=0.17s, sampling=11.32s, total=15.85s
============================================================
Level 157 - SAMPLING
============================================================
  Starting braids: 959146
  Candidates to generate: 5115648
  Processing in 52 chunks...
  Projlen distribution:
    projlen=79: 3 braids
    projlen=80: 4 braids
    projlen=81: 57 braids
    projlen=82: 66 braids
    projlen=83: 511 braids
    projlen=84: 441 braids
    projlen=85: 4140 braids
    projlen=86: 3173 braids
    projlen=87: 24528 braids
    projlen=88: 17169 braids
    projlen=89: 142054 braids
    projlen=90: 91576 braids
    projlen=91: 292745 braids
    projlen=92: 182197 braids
    projlen=93: 356760 braids
    projlen=94: 173838 braids
    projlen=95: 350668 braids
    projlen=96: 170822 braids
    projlen=97: 342942 braids
    projlen=98: 175931 braids
    projlen=99: 333626 braids
    projlen=100: 199121 braids
    projlen=101: 319874 braids
    projlen=102: 222970 braids
    projlen=103: 308402 braids
    projlen=104: 232250 braids
    projlen=105: 303380 braids
    projlen=106: 233648 braids
    projlen=107: 297794 braids
    projlen=108: 229254 braids
    projlen=109: 105704 braids
  Braids kept: 1100092 (in 31 buckets, 2.64 GB CPU)
  ⚡ Timing: matmul=0.15s, sampling=10.80s, total=15.27s
============================================================
Level 158 - SAMPLING
============================================================
  Starting braids: 950092
  Candidates to generate: 5059842
  Processing in 51 chunks...
  Projlen distribution:
    projlen=80: 1 braids
    projlen=81: 28 braids
    projlen=82: 27 braids
    projlen=83: 411 braids
    projlen=84: 386 braids
    projlen=85: 3173 braids
    projlen=86: 2486 braids
    projlen=87: 22805 braids
    projlen=88: 15864 braids
    projlen=89: 122830 braids
    projlen=90: 77339 braids
    projlen=91: 283371 braids
    projlen=92: 177555 braids
    projlen=93: 358278 braids
    projlen=94: 176588 braids
    projlen=95: 352310 braids
    projlen=96: 171573 braids
    projlen=97: 345551 braids
    projlen=98: 173953 braids
    projlen=99: 338851 braids
    projlen=100: 181965 braids
    projlen=101: 328760 braids
    projlen=102: 206802 braids
    projlen=103: 315159 braids
    projlen=104: 230554 braids
    projlen=105: 303997 braids
    projlen=106: 239838 braids
    projlen=107: 295061 braids
    projlen=108: 229760 braids
    projlen=109: 104566 braids
  Braids kept: 1095181 (in 30 buckets, 2.64 GB CPU)
  ⚡ Timing: matmul=0.17s, sampling=10.50s, total=14.84s
============================================================
Level 159 - SAMPLING
============================================================
  Starting braids: 995181
  Candidates to generate: 5291779
  Processing in 53 chunks...
  Projlen distribution:
    projlen=80: 2 braids
    projlen=81: 6 braids
    projlen=82: 14 braids
    projlen=83: 180 braids
    projlen=84: 185 braids
    projlen=85: 2525 braids
    projlen=86: 2081 braids
    projlen=87: 18190 braids
    projlen=88: 12738 braids
    projlen=89: 112773 braids
    projlen=90: 71507 braids
    projlen=91: 281562 braids
    projlen=92: 175037 braids
    projlen=93: 358610 braids
    projlen=94: 173387 braids
    projlen=95: 354024 braids
    projlen=96: 170284 braids
    projlen=97: 347381 braids
    projlen=98: 174021 braids
    projlen=99: 340892 braids
    projlen=100: 179880 braids
    projlen=101: 333792 braids
    projlen=102: 189539 braids
    projlen=103: 323731 braids
    projlen=104: 214483 braids
    projlen=105: 309526 braids
    projlen=106: 236886 braids
    projlen=107: 297272 braids
    projlen=108: 243954 braids
    projlen=109: 273487 braids
    projlen=110: 93830 braids
  Braids kept: 1135921 (in 31 buckets, 2.75 GB CPU)
  ⚡ Timing: matmul=0.18s, sampling=11.70s, total=16.33s
============================================================
Level 160 - SAMPLING
============================================================
  Starting braids: 985921
  Candidates to generate: 5220649
  Processing in 53 chunks...
  Projlen distribution:
    projlen=80: 2 braids
    projlen=81: 10 braids
    projlen=82: 16 braids
    projlen=83: 85 braids
    projlen=84: 108 braids
    projlen=85: 1200 braids
    projlen=86: 1116 braids
    projlen=87: 14257 braids
    projlen=88: 10600 braids
    projlen=89: 91235 braids
    projlen=90: 57854 braids
    projlen=91: 274577 braids
    projlen=92: 173770 braids
    projlen=93: 361103 braids
    projlen=94: 171844 braids
    projlen=95: 355093 braids
    projlen=96: 165759 braids
    projlen=97: 348950 braids
    projlen=98: 170692 braids
    projlen=99: 341062 braids
    projlen=100: 178923 braids
    projlen=101: 335848 braids
    projlen=102: 187120 braids
    projlen=103: 329377 braids
    projlen=104: 199066 braids
    projlen=105: 318967 braids
    projlen=106: 221450 braids
    projlen=107: 304283 braids
    projlen=108: 239716 braids
    projlen=109: 273315 braids
    projlen=110: 93251 braids
  Braids kept: 1127394 (in 31 buckets, 2.74 GB CPU)
  ⚡ Timing: matmul=0.16s, sampling=12.16s, total=16.94s
============================================================
Level 161 - SAMPLING
============================================================
  Starting braids: 977394
  Candidates to generate: 5155474
  Processing in 52 chunks...
  Projlen distribution:
    projlen=81: 7 braids
    projlen=82: 14 braids
    projlen=83: 93 braids
    projlen=84: 96 braids
    projlen=85: 735 braids
    projlen=86: 717 braids
    projlen=87: 7431 braids
    projlen=88: 5937 braids
    projlen=89: 71953 braids
    projlen=90: 48011 braids
    projlen=91: 270193 braids
    projlen=92: 173063 braids
    projlen=93: 361700 braids
    projlen=94: 170566 braids
    projlen=95: 356702 braids
    projlen=96: 163125 braids
    projlen=97: 351297 braids
    projlen=98: 165024 braids
    projlen=99: 343377 braids
    projlen=100: 174091 braids
    projlen=101: 335386 braids
    projlen=102: 186120 braids
    projlen=103: 330857 braids
    projlen=104: 196368 braids
    projlen=105: 324022 braids
    projlen=106: 208546 braids
    projlen=107: 313075 braids
    projlen=108: 225865 braids
    projlen=109: 280263 braids
    projlen=110: 90840 braids
  Braids kept: 1113041 (in 30 buckets, 2.71 GB CPU)
  ⚡ Timing: matmul=0.17s, sampling=12.54s, total=17.15s
============================================================
Level 162 - SAMPLING
============================================================
  Starting braids: 963041
  Candidates to generate: 5068229
  Processing in 51 chunks...
  Projlen distribution:
    projlen=81: 3 braids
    projlen=82: 3 braids
    projlen=83: 74 braids
    projlen=84: 67 braids
    projlen=85: 653 braids
    projlen=86: 576 braids
    projlen=87: 4946 braids
    projlen=88: 4003 braids
    projlen=89: 40361 braids
    projlen=90: 28291 braids
    projlen=91: 257328 braids
    projlen=92: 170180 braids
    projlen=93: 355692 braids
    projlen=94: 171301 braids
    projlen=95: 357843 braids
    projlen=96: 160714 braids
    projlen=97: 354483 braids
    projlen=98: 161879 braids
    projlen=99: 348300 braids
    projlen=100: 167616 braids
    projlen=101: 339796 braids
    projlen=102: 180014 braids
    projlen=103: 330915 braids
    projlen=104: 194922 braids
    projlen=105: 324173 braids
    projlen=106: 205336 braids
    projlen=107: 318132 braids
    projlen=108: 216265 braids
    projlen=109: 285955 braids
    projlen=110: 88408 braids
  Braids kept: 1078977 (in 30 buckets, 2.64 GB CPU)
  ⚡ Timing: matmul=0.17s, sampling=11.87s, total=16.47s
============================================================
Level 163 - SAMPLING
============================================================
  Starting braids: 978977
  Candidates to generate: 5142459
  Processing in 52 chunks...
  Projlen distribution:
    projlen=83: 25 braids
    projlen=84: 24 braids
    projlen=85: 490 braids
    projlen=86: 420 braids
    projlen=87: 3966 braids
    projlen=88: 3233 braids
    projlen=89: 28368 braids
    projlen=90: 20500 braids
    projlen=91: 198462 braids
    projlen=92: 123614 braids
    projlen=93: 309556 braids
    projlen=94: 172673 braids
    projlen=95: 359059 braids
    projlen=96: 161387 braids
    projlen=97: 354696 braids
    projlen=98: 157599 braids
    projlen=99: 350480 braids
    projlen=100: 162802 braids
    projlen=101: 344744 braids
    projlen=102: 171968 braids
    projlen=103: 336667 braids
    projlen=104: 186975 braids
    projlen=105: 326270 braids
    projlen=106: 204279 braids
    projlen=107: 317540 braids
    projlen=108: 214880 braids
    projlen=109: 308717 braids
    projlen=110: 215267 braids
    projlen=111: 107798 braids
  Braids kept: 1107026 (in 29 buckets, 2.73 GB CPU)
  ⚡ Timing: matmul=0.16s, sampling=12.27s, total=16.92s
============================================================
Level 164 - SAMPLING
============================================================
  Starting braids: 957026
  Candidates to generate: 5014300
  Processing in 51 chunks...
  Projlen distribution:
    projlen=84: 2 braids
    projlen=85: 169 braids
    projlen=86: 189 braids
    projlen=87: 2895 braids
    projlen=88: 2438 braids
    projlen=89: 22539 braids
    projlen=90: 16418 braids
    projlen=91: 141123 braids
    projlen=92: 88796 braids
    projlen=93: 292403 braids
    projlen=94: 174071 braids
    projlen=95: 360931 braids
    projlen=96: 165000 braids
    projlen=97: 355793 braids
    projlen=98: 157525 braids
    projlen=99: 351717 braids
    projlen=100: 157416 braids
    projlen=101: 347472 braids
    projlen=102: 164858 braids
    projlen=103: 341854 braids
    projlen=104: 177604 braids
    projlen=105: 333438 braids
    projlen=106: 195045 braids
    projlen=107: 322167 braids
    projlen=108: 213300 braids
    projlen=109: 308094 braids
    projlen=110: 213400 braids
    projlen=111: 107643 braids
  Braids kept: 1094650 (in 28 buckets, 2.70 GB CPU)
  ⚡ Timing: matmul=0.19s, sampling=11.46s, total=15.99s
============================================================
Level 165 - SAMPLING
============================================================
  Starting braids: 994650
  Candidates to generate: 5215692
  Processing in 53 chunks...
  Projlen distribution:
    projlen=85: 25 braids
    projlen=86: 51 braids
    projlen=87: 1128 braids
    projlen=88: 1151 braids
    projlen=89: 16599 braids
    projlen=90: 12497 braids
    projlen=91: 113168 braids
    projlen=92: 72524 braids
    projlen=93: 282760 braids
    projlen=94: 173451 braids
    projlen=95: 361466 braids
    projlen=96: 168184 braids
    projlen=97: 357763 braids
    projlen=98: 158181 braids
    projlen=99: 353394 braids
    projlen=100: 156423 braids
    projlen=101: 349548 braids
    projlen=102: 157907 braids
    projlen=103: 344773 braids
    projlen=104: 167265 braids
    projlen=105: 339112 braids
    projlen=106: 184400 braids
    projlen=107: 329198 braids
    projlen=108: 203975 braids
    projlen=109: 316714 braids
    projlen=110: 219863 braids
    projlen=111: 284425 braids
    projlen=112: 89747 braids
  Braids kept: 1131451 (in 28 buckets, 2.81 GB CPU)
  ⚡ Timing: matmul=0.16s, sampling=12.10s, total=16.89s
============================================================
Level 166 - SAMPLING
============================================================
  Starting braids: 981451
  Candidates to generate: 5123709
  Processing in 52 chunks...
  Projlen distribution:
    projlen=84: 2 braids
    projlen=85: 9 braids
    projlen=86: 25 braids
    projlen=87: 301 braids
    projlen=88: 400 braids
    projlen=89: 7324 braids
    projlen=90: 6247 braids
    projlen=91: 83981 braids
    projlen=92: 56139 braids
    projlen=93: 274976 braids
    projlen=94: 173942 braids
    projlen=95: 362744 braids
    projlen=96: 169418 braids
    projlen=97: 358094 braids
    projlen=98: 158898 braids
    projlen=99: 354375 braids
    projlen=100: 155496 braids
    projlen=101: 350855 braids
    projlen=102: 156015 braids
    projlen=103: 347350 braids
    projlen=104: 159079 braids
    projlen=105: 341659 braids
    projlen=106: 171192 braids
    projlen=107: 333823 braids
    projlen=108: 191346 braids
    projlen=109: 323341 braids
    projlen=110: 210261 braids
    projlen=111: 288530 braids
    projlen=112: 87887 braids
  Braids kept: 1114308 (in 29 buckets, 2.78 GB CPU)
  ⚡ Timing: matmul=0.17s, sampling=12.21s, total=16.94s
============================================================
Level 167 - SAMPLING
============================================================
  Starting braids: 964308
  Candidates to generate: 5021790
  Processing in 51 chunks...
  Projlen distribution:
    projlen=85: 13 braids
    projlen=86: 21 braids
    projlen=87: 137 braids
    projlen=88: 207 braids
    projlen=89: 2565 braids
    projlen=90: 2514 braids
    projlen=91: 39768 braids
    projlen=92: 29127 braids
    projlen=93: 262865 braids
    projlen=94: 175708 braids
    projlen=95: 363561 braids
    projlen=96: 170696 braids
    projlen=97: 358835 braids
    projlen=98: 159976 braids
    projlen=99: 354819 braids
    projlen=100: 155987 braids
    projlen=101: 351927 braids
    projlen=102: 154873 braids
    projlen=103: 349069 braids
    projlen=104: 156703 braids
    projlen=105: 346423 braids
    projlen=106: 161711 braids
    projlen=107: 340063 braids
    projlen=108: 177364 braids
    projlen=109: 329711 braids
    projlen=110: 197843 braids
    projlen=111: 293355 braids
    projlen=112: 85949 braids
  Braids kept: 1074352 (in 28 buckets, 2.69 GB CPU)
  ⚡ Timing: matmul=0.15s, sampling=11.25s, total=15.92s
============================================================
Level 168 - SAMPLING
============================================================
  Starting braids: 974352
  Candidates to generate: 5053378
  Processing in 51 chunks...
  Projlen distribution:
    projlen=84: 1 braids
    projlen=85: 2 braids
    projlen=86: 4 braids
    projlen=87: 137 braids
    projlen=88: 157 braids
    projlen=89: 1306 braids
    projlen=90: 1321 braids
    projlen=91: 16406 braids
    projlen=92: 13436 braids
    projlen=93: 196845 braids
    projlen=94: 127454 braids
    projlen=95: 314201 braids
    projlen=96: 173117 braids
    projlen=97: 359546 braids
    projlen=98: 159910 braids
    projlen=99: 355137 braids
    projlen=100: 155979 braids
    projlen=101: 351547 braids
    projlen=102: 154446 braids
    projlen=103: 349606 braids
    projlen=104: 154378 braids
    projlen=105: 348359 braids
    projlen=106: 157723 braids
    projlen=107: 344972 braids
    projlen=108: 164709 braids
    projlen=109: 338194 braids
    projlen=110: 184162 braids
    projlen=111: 321452 braids
    projlen=112: 197681 braids
    projlen=113: 111190 braids
  Braids kept: 1082770 (in 30 buckets, 2.73 GB CPU)
  ⚡ Timing: matmul=0.16s, sampling=11.89s, total=16.43s
============================================================
Level 169 - SAMPLING
============================================================
  Starting braids: 982770
  Candidates to generate: 5098374
  Processing in 51 chunks...
  Projlen distribution:
    projlen=85: 3 braids
    projlen=86: 5 braids
    projlen=87: 27 braids
    projlen=88: 53 braids
    projlen=89: 1037 braids
    projlen=90: 1071 braids
    projlen=91: 8971 braids
    projlen=92: 7377 braids
    projlen=93: 86807 braids
    projlen=94: 58896 braids
    projlen=95: 279963 braids
    projlen=96: 176469 braids
    projlen=97: 362684 braids
    projlen=98: 165078 braids
    projlen=99: 355402 braids
    projlen=100: 155714 braids
    projlen=101: 351886 braids
    projlen=102: 154461 braids
    projlen=103: 350085 braids
    projlen=104: 153851 braids
    projlen=105: 348901 braids
    projlen=106: 154451 braids
    projlen=107: 347366 braids
    projlen=108: 159518 braids
    projlen=109: 343147 braids
    projlen=110: 169017 braids
    projlen=111: 334112 braids
    projlen=112: 189688 braids
    projlen=113: 296825 braids
    projlen=114: 85509 braids
  Braids kept: 1118544 (in 30 buckets, 2.84 GB CPU)
  ⚡ Timing: matmul=0.18s, sampling=12.26s, total=16.97s
============================================================
Level 170 - SAMPLING
============================================================
  Starting braids: 968544
  Candidates to generate: 5023798
  Processing in 51 chunks...
  Projlen distribution:
    projlen=87: 38 braids
    projlen=88: 41 braids
    projlen=89: 287 braids
    projlen=90: 438 braids
    projlen=91: 6763 braids
    projlen=92: 5847 braids
    projlen=93: 50158 braids
    projlen=94: 34809 braids
    projlen=95: 270444 braids
    projlen=96: 180010 braids
    projlen=97: 366519 braids
    projlen=98: 170592 braids
    projlen=99: 357521 braids
    projlen=100: 157416 braids
    projlen=101: 352775 braids
    projlen=102: 154092 braids
    projlen=103: 350356 braids
    projlen=104: 154032 braids
    projlen=105: 348763 braids
    projlen=106: 153825 braids
    projlen=107: 348540 braids
    projlen=108: 154684 braids
    projlen=109: 346383 braids
    projlen=110: 162027 braids
    projlen=111: 339686 braids
    projlen=112: 172003 braids
    projlen=113: 302800 braids
    projlen=114: 82949 braids
  Braids kept: 1098223 (in 28 buckets, 2.80 GB CPU)
  ⚡ Timing: matmul=0.15s, sampling=12.28s, total=16.76s
============================================================
Level 171 - SAMPLING
============================================================
  Starting braids: 998223
  Candidates to generate: 5161599
  Processing in 52 chunks...
  Projlen distribution:
    projlen=87: 5 braids
    projlen=88: 15 braids
    projlen=89: 284 braids
    projlen=90: 317 braids
    projlen=91: 2507 braids
    projlen=92: 2755 braids
    projlen=93: 38281 braids
    projlen=94: 29008 braids
    projlen=95: 251866 braids
    projlen=96: 156414 braids
    projlen=97: 332136 braids
    projlen=98: 174762 braids
    projlen=99: 360835 braids
    projlen=100: 159906 braids
    projlen=101: 354883 braids
    projlen=102: 155041 braids
    projlen=103: 350166 braids
    projlen=104: 153350 braids
    projlen=105: 349367 braids
    projlen=106: 153423 braids
    projlen=107: 348304 braids
    projlen=108: 154094 braids
    projlen=109: 348240 braids
    projlen=110: 155746 braids
    projlen=111: 345597 braids
    projlen=112: 164139 braids
    projlen=113: 332753 braids
    projlen=114: 173210 braids
    projlen=115: 114195 braids
  Braids kept: 1123172 (in 29 buckets, 2.88 GB CPU)
  ⚡ Timing: matmul=0.18s, sampling=12.26s, total=17.15s
============================================================
Level 172 - SAMPLING
============================================================
  Starting braids: 973172
  Candidates to generate: 5019404
  Processing in 51 chunks...
  Projlen distribution:
    projlen=87: 2 braids
    projlen=88: 9 braids
    projlen=89: 84 braids
    projlen=90: 133 braids
    projlen=91: 2033 braids
    projlen=92: 1992 braids
    projlen=93: 16887 braids
    projlen=94: 14496 braids
    projlen=95: 189851 braids
    projlen=96: 125789 braids
    projlen=97: 317352 braids
    projlen=98: 175711 braids
    projlen=99: 363713 braids
    projlen=100: 164469 braids
    projlen=101: 356483 braids
    projlen=102: 156232 braids
    projlen=103: 352821 braids
    projlen=104: 154617 braids
    projlen=105: 349130 braids
    projlen=106: 152827 braids
    projlen=107: 349671 braids
    projlen=108: 153927 braids
    projlen=109: 348183 braids
    projlen=110: 154617 braids
    projlen=111: 347314 braids
    projlen=112: 156231 braids
    projlen=113: 338444 braids
    projlen=114: 161645 braids
    projlen=115: 114741 braids
  Braids kept: 1085636 (in 29 buckets, 2.80 GB CPU)
  ⚡ Timing: matmul=0.15s, sampling=11.57s, total=16.09s
============================================================
Level 173 - SAMPLING
============================================================
  Starting braids: 985636
  Candidates to generate: 5095024
  Processing in 51 chunks...
  Projlen distribution:
    projlen=88: 2 braids
    projlen=89: 48 braids
    projlen=90: 91 braids
    projlen=91: 832 braids
    projlen=92: 992 braids
    projlen=93: 12809 braids
    projlen=94: 10418 braids
    projlen=95: 89332 braids
    projlen=96: 62749 braids
    projlen=97: 280735 braids
    projlen=98: 178395 braids
    projlen=99: 362257 braids
    projlen=100: 166060 braids
    projlen=101: 358012 braids
    projlen=102: 157945 braids
    projlen=103: 353259 braids
    projlen=104: 154982 braids
    projlen=105: 351372 braids
    projlen=106: 154314 braids
    projlen=107: 349129 braids
    projlen=108: 153002 braids
    projlen=109: 349326 braids
    projlen=110: 153975 braids
    projlen=111: 348085 braids
    projlen=112: 155238 braids
    projlen=113: 344823 braids
    projlen=114: 156276 braids
    projlen=115: 308857 braids
    projlen=116: 81709 braids
  Braids kept: 1125192 (in 29 buckets, 2.91 GB CPU)
  ⚡ Timing: matmul=0.18s, sampling=12.29s, total=17.00s
============================================================
Level 174 - SAMPLING
============================================================
  Starting braids: 975192
  Candidates to generate: 5047954
  Processing in 51 chunks...
  Projlen distribution:
    projlen=88: 1 braids
    projlen=89: 21 braids
    projlen=90: 40 braids
    projlen=91: 530 braids
    projlen=92: 658 braids
    projlen=93: 6152 braids
    projlen=94: 5530 braids
    projlen=95: 67206 braids
    projlen=96: 47018 braids
    projlen=97: 272021 braids
    projlen=98: 185661 braids
    projlen=99: 361913 braids
    projlen=100: 173411 braids
    projlen=101: 357368 braids
    projlen=102: 158814 braids
    projlen=103: 353677 braids
    projlen=104: 155511 braids
    projlen=105: 350426 braids
    projlen=106: 154259 braids
    projlen=107: 349743 braids
    projlen=108: 153570 braids
    projlen=109: 348843 braids
    projlen=110: 153002 braids
    projlen=111: 348801 braids
    projlen=112: 153771 braids
    projlen=113: 346946 braids
    projlen=114: 154703 braids
    projlen=115: 307888 braids
    projlen=116: 80470 braids
  Braids kept: 1109950 (in 29 buckets, 2.88 GB CPU)
  ⚡ Timing: matmul=0.16s, sampling=12.21s, total=16.94s
============================================================
Level 175 - SAMPLING
============================================================
  Starting braids: 959950
  Candidates to generate: 4972530
  Processing in 50 chunks...
  Projlen distribution:
    projlen=88: 2 braids
    projlen=89: 12 braids
    projlen=90: 32 braids
    projlen=91: 253 braids
    projlen=92: 343 braids
    projlen=93: 3998 braids
    projlen=94: 3615 braids
    projlen=95: 35495 braids
    projlen=96: 26474 braids
    projlen=97: 258307 braids
    projlen=98: 173189 braids
    projlen=99: 354305 braids
    projlen=100: 182614 braids
    projlen=101: 356340 braids
    projlen=102: 164925 braids
    projlen=103: 353042 braids
    projlen=104: 156582 braids
    projlen=105: 351502 braids
    projlen=106: 155408 braids
    projlen=107: 349173 braids
    projlen=108: 154177 braids
    projlen=109: 348606 braids
    projlen=110: 153836 braids
    projlen=111: 348456 braids
    projlen=112: 152874 braids
    projlen=113: 347788 braids
    projlen=114: 152128 braids
    projlen=115: 308715 braids
    projlen=116: 80339 braids
  Braids kept: 1070224 (in 29 buckets, 2.79 GB CPU)
  ⚡ Timing: matmul=0.17s, sampling=11.33s, total=15.92s
============================================================
Level 176 - SAMPLING
============================================================
  Starting braids: 970224
  Candidates to generate: 4991924
  Processing in 50 chunks...
  Projlen distribution:
    projlen=88: 1 braids
    projlen=89: 9 braids
    projlen=90: 14 braids
    projlen=91: 170 braids
    projlen=92: 224 braids
    projlen=93: 2176 braids
    projlen=94: 2156 braids
    projlen=95: 23970 braids
    projlen=96: 18465 braids
    projlen=97: 178346 braids
    projlen=98: 114493 braids
    projlen=99: 307975 braids
    projlen=100: 175846 braids
    projlen=101: 356079 braids
    projlen=102: 172764 braids
    projlen=103: 350959 braids
    projlen=104: 163855 braids
    projlen=105: 349806 braids
    projlen=106: 156767 braids
    projlen=107: 349983 braids
    projlen=108: 155532 braids
    projlen=109: 347727 braids
    projlen=110: 154271 braids
    projlen=111: 347430 braids
    projlen=112: 153691 braids
    projlen=113: 348569 braids
    projlen=114: 152529 braids
    projlen=115: 341779 braids
    projlen=116: 148928 braids
    projlen=117: 117410 braids
  Braids kept: 1097185 (in 30 buckets, 2.88 GB CPU)
  ⚡ Timing: matmul=0.17s, sampling=11.64s, total=16.28s
============================================================
Level 177 - SAMPLING
============================================================
  Starting braids: 997185
  Candidates to generate: 5159183
  Processing in 52 chunks...
  Projlen distribution:
    projlen=89: 4 braids
    projlen=90: 7 braids
    projlen=91: 102 braids
    projlen=92: 121 braids
    projlen=93: 1418 braids
    projlen=94: 1401 braids
    projlen=95: 14353 braids
    projlen=96: 11348 braids
    projlen=97: 120944 braids
    projlen=98: 79383 braids
    projlen=99: 288300 braids
    projlen=100: 176203 braids
    projlen=101: 362044 braids
    projlen=102: 167640 braids
    projlen=103: 352683 braids
    projlen=104: 171050 braids
    projlen=105: 345860 braids
    projlen=106: 166500 braids
    projlen=107: 346307 braids
    projlen=108: 157856 braids
    projlen=109: 347808 braids
    projlen=110: 155562 braids
    projlen=111: 347255 braids
    projlen=112: 155198 braids
    projlen=113: 346967 braids
    projlen=114: 153952 braids
    projlen=115: 346085 braids
    projlen=116: 151406 braids
    projlen=117: 310484 braids
    projlen=118: 80942 braids
  Braids kept: 1128754 (in 30 buckets, 2.98 GB CPU)
  ⚡ Timing: matmul=0.17s, sampling=12.31s, total=17.20s
============================================================
Level 178 - SAMPLING
============================================================
  Starting braids: 978754
  Candidates to generate: 5077326
  Processing in 51 chunks...
  Projlen distribution:
    projlen=89: 4 braids
    projlen=90: 5 braids
    projlen=91: 48 braids
    projlen=92: 56 braids
    projlen=93: 838 braids
    projlen=94: 843 braids
    projlen=95: 9279 braids
    projlen=96: 7583 braids
    projlen=97: 74831 braids
    projlen=98: 50431 braids
    projlen=99: 273659 braids
    projlen=100: 176092 braids
    projlen=101: 361935 braids
    projlen=102: 170148 braids
    projlen=103: 357708 braids
    projlen=104: 160494 braids
    projlen=105: 348459 braids
    projlen=106: 173007 braids
    projlen=107: 341839 braids
    projlen=108: 172096 braids
    projlen=109: 343698 braids
    projlen=110: 160385 braids
    projlen=111: 346134 braids
    projlen=112: 156384 braids
    projlen=113: 347603 braids
    projlen=114: 156870 braids
    projlen=115: 345617 braids
    projlen=116: 152721 braids
    projlen=117: 308130 braids
    projlen=118: 80429 braids
  Braids kept: 1118656 (in 30 buckets, 2.96 GB CPU)
  ⚡ Timing: matmul=0.19s, sampling=12.87s, total=17.81s
============================================================
Level 179 - SAMPLING
============================================================
  Starting braids: 968656
  Candidates to generate: 5042282
  Processing in 51 chunks...
  Projlen distribution:
    projlen=89: 5 braids
    projlen=90: 7 braids
    projlen=91: 35 braids
    projlen=92: 46 braids
    projlen=93: 414 braids
    projlen=94: 464 braids
    projlen=95: 5580 braids
    projlen=96: 4829 braids
    projlen=97: 49624 braids
    projlen=98: 35453 braids
    projlen=99: 266400 braids
    projlen=100: 176727 braids
    projlen=101: 364644 braids
    projlen=102: 172297 braids
    projlen=103: 357855 braids
    projlen=104: 160712 braids
    projlen=105: 352713 braids
    projlen=106: 158159 braids
    projlen=107: 344814 braids
    projlen=108: 177057 braids
    projlen=109: 338310 braids
    projlen=110: 179830 braids
    projlen=111: 339711 braids
    projlen=112: 165270 braids
    projlen=113: 344042 braids
    projlen=114: 158841 braids
    projlen=115: 344076 braids
    projlen=116: 155838 braids
    projlen=117: 307613 braids
    projlen=118: 80916 braids
  Braids kept: 1096457 (in 30 buckets, 2.91 GB CPU)
  ⚡ Timing: matmul=0.21s, sampling=12.44s, total=17.40s
============================================================
Level 180 - SAMPLING
============================================================
  Starting braids: 996457
  Candidates to generate: 5172289
  Processing in 52 chunks...
  Projlen distribution:
    projlen=88: 1 braids
    projlen=89: 1 braids
    projlen=90: 7 braids
    projlen=91: 53 braids
    projlen=92: 47 braids
    projlen=93: 305 braids
    projlen=94: 301 braids
    projlen=95: 3030 braids
    projlen=96: 2837 braids
    projlen=97: 32181 braids
    projlen=98: 24332 braids
    projlen=99: 244254 braids
    projlen=100: 154280 braids
    projlen=101: 329610 braids
    projlen=102: 173797 braids
    projlen=103: 360547 braids
    projlen=104: 160801 braids
    projlen=105: 354865 braids
    projlen=106: 157498 braids
    projlen=107: 349201 braids
    projlen=108: 158374 braids
    projlen=109: 342584 braids
    projlen=110: 182496 braids
    projlen=111: 333688 braids
    projlen=112: 188080 braids
    projlen=113: 335319 braids
    projlen=114: 172821 braids
    projlen=115: 341814 braids
    projlen=116: 161242 braids
    projlen=117: 337145 braids
    projlen=118: 154718 braids
    projlen=119: 116060 braids
  Braids kept: 1113095 (in 32 buckets, 2.98 GB CPU)
  ⚡ Timing: matmul=0.18s, sampling=12.44s, total=17.39s
============================================================
Level 181 - SAMPLING
============================================================
  Starting braids: 963095
  Candidates to generate: 5009583
  Processing in 51 chunks...
  Projlen distribution:
    projlen=88: 1 braids
    projlen=89: 2 braids
    projlen=90: 4 braids
    projlen=91: 38 braids
    projlen=92: 48 braids
    projlen=93: 382 braids
    projlen=94: 324 braids
    projlen=95: 2122 braids
    projlen=96: 1886 braids
    projlen=97: 18961 braids
    projlen=98: 14756 braids
    projlen=99: 160485 braids
    projlen=100: 103899 braids
    projlen=101: 302958 braids
    projlen=102: 175464 braids
    projlen=103: 362029 braids
    projlen=104: 164396 braids
    projlen=105: 356396 braids
    projlen=106: 156769 braids
    projlen=107: 351292 braids
    projlen=108: 157373 braids
    projlen=109: 347397 braids
    projlen=110: 159521 braids
    projlen=111: 338965 braids
    projlen=112: 188367 braids
    projlen=113: 329345 braids
    projlen=114: 197980 braids
    projlen=115: 330670 braids
    projlen=116: 181697 braids
    projlen=117: 331446 braids
    projlen=118: 160510 braids
    projlen=119: 114100 braids
  Braids kept: 1088524 (in 32 buckets, 2.92 GB CPU)
  ⚡ Timing: matmul=0.15s, sampling=13.01s, total=18.04s
============================================================
Level 182 - SAMPLING
============================================================
  Starting braids: 988524
  Candidates to generate: 5175422
  Processing in 52 chunks...
  Projlen distribution:
    projlen=89: 4 braids
    projlen=90: 5 braids
    projlen=91: 36 braids
    projlen=92: 34 braids
    projlen=93: 315 braids
    projlen=94: 288 braids
    projlen=95: 2309 braids
    projlen=96: 1842 braids
    projlen=97: 13380 braids
    projlen=98: 9986 braids
    projlen=99: 97733 braids
    projlen=100: 64259 braids
    projlen=101: 280940 braids
    projlen=102: 175477 braids
    projlen=103: 362331 braids
    projlen=104: 167173 braids
    projlen=105: 357686 braids
    projlen=106: 157461 braids
    projlen=107: 352865 braids
    projlen=108: 155451 braids
    projlen=109: 349029 braids
    projlen=110: 157722 braids
    projlen=111: 345829 braids
    projlen=112: 161920 braids
    projlen=113: 337411 braids
    projlen=114: 195071 braids
    projlen=115: 323977 braids
    projlen=116: 208463 braids
    projlen=117: 322136 braids
    projlen=118: 191807 braids
    projlen=119: 298394 braids
    projlen=120: 84088 braids
  Braids kept: 1128199 (in 32 buckets, 3.04 GB CPU)
  ⚡ Timing: matmul=0.18s, sampling=13.16s, total=18.21s
============================================================
Level 183 - SAMPLING
============================================================
  Starting braids: 978199
  Candidates to generate: 5117105
  Processing in 52 chunks...
  Projlen distribution:
    projlen=89: 5 braids
    projlen=90: 4 braids
    projlen=91: 35 braids
    projlen=92: 35 braids
    projlen=93: 259 braids
    projlen=94: 214 braids
    projlen=95: 2016 braids
    projlen=96: 1612 braids
    projlen=97: 13277 braids
    projlen=98: 9466 braids
    projlen=99: 70776 braids
    projlen=100: 46027 braids
    projlen=101: 272565 braids
    projlen=102: 176713 braids
    projlen=103: 364353 braids
    projlen=104: 170358 braids
    projlen=105: 358225 braids
    projlen=106: 158545 braids
    projlen=107: 354630 braids
    projlen=108: 155827 braids
    projlen=109: 350706 braids
    projlen=110: 154999 braids
    projlen=111: 347429 braids
    projlen=112: 158408 braids
    projlen=113: 344030 braids
    projlen=114: 164957 braids
    projlen=115: 333763 braids
    projlen=116: 200987 braids
    projlen=117: 317721 braids
    projlen=118: 215401 braids
    projlen=119: 286224 braids
    projlen=120: 87538 braids
  Braids kept: 1122950 (in 32 buckets, 3.03 GB CPU)
  ⚡ Timing: matmul=0.15s, sampling=13.59s, total=18.69s
============================================================
Level 184 - SAMPLING
============================================================
  Starting braids: 972950
  Candidates to generate: 5073216
  Processing in 51 chunks...
  Projlen distribution:
    projlen=88: 1 braids
    projlen=89: 2 braids
    projlen=90: 6 braids
    projlen=91: 38 braids
    projlen=92: 33 braids
    projlen=93: 246 braids
    projlen=94: 213 braids
    projlen=95: 1570 braids
    projlen=96: 1239 braids
    projlen=97: 11613 braids
    projlen=98: 8454 braids
    projlen=99: 69218 braids
    projlen=100: 45186 braids
    projlen=101: 266599 braids
    projlen=102: 168808 braids
    projlen=103: 355599 braids
    projlen=104: 172823 braids
    projlen=105: 360037 braids
    projlen=106: 160058 braids
    projlen=107: 355478 braids
    projlen=108: 155518 braids
    projlen=109: 351648 braids
    projlen=110: 154693 braids
    projlen=111: 349783 braids
    projlen=112: 155137 braids
    projlen=113: 346902 braids
    projlen=114: 160462 braids
    projlen=115: 342078 braids
    projlen=116: 169743 braids
    projlen=117: 329623 braids
    projlen=118: 203839 braids
    projlen=119: 288629 braids
    projlen=120: 87940 braids
  Braids kept: 1118601 (in 33 buckets, 3.03 GB CPU)
  ⚡ Timing: matmul=0.21s, sampling=11.78s, total=16.64s
============================================================
Level 185 - SAMPLING
============================================================
  Starting braids: 968601
  Candidates to generate: 5033857
  Processing in 51 chunks...
  Projlen distribution:
    projlen=89: 8 braids
    projlen=90: 6 braids
    projlen=91: 30 braids
    projlen=92: 34 braids
    projlen=93: 240 braids
    projlen=94: 200 braids
    projlen=95: 1537 braids
    projlen=96: 1199 braids
    projlen=97: 8973 braids
    projlen=98: 6581 braids
    projlen=99: 60936 braids
    projlen=100: 40532 braids
    projlen=101: 262800 braids
    projlen=102: 166801 braids
    projlen=103: 353346 braids
    projlen=104: 172573 braids
    projlen=105: 361282 braids
    projlen=106: 161664 braids
    projlen=107: 355716 braids
    projlen=108: 155992 braids
    projlen=109: 352191 braids
    projlen=110: 154375 braids
    projlen=111: 349717 braids
    projlen=112: 154459 braids
    projlen=113: 349469 braids
    projlen=114: 155790 braids
    projlen=115: 345611 braids
    projlen=116: 162893 braids
    projlen=117: 339952 braids
    projlen=118: 174223 braids
    projlen=119: 301898 braids
    projlen=120: 82829 braids
  Braids kept: 1109340 (in 32 buckets, 3.01 GB CPU)
  ⚡ Timing: matmul=0.16s, sampling=11.74s, total=16.55s
============================================================
Level 186 - SAMPLING
============================================================
  Starting braids: 959340
  Candidates to generate: 4975240
  Processing in 50 chunks...
  Projlen distribution:
    projlen=89: 2 braids
    projlen=90: 3 braids
    projlen=91: 52 braids
    projlen=92: 35 braids
    projlen=93: 216 braids
    projlen=94: 189 braids
    projlen=95: 1406 braids
    projlen=96: 1095 braids
    projlen=97: 8813 braids
    projlen=98: 6311 braids
    projlen=99: 47928 braids
    projlen=100: 31848 braids
    projlen=101: 253366 braids
    projlen=102: 159860 braids
    projlen=103: 341037 braids
    projlen=104: 172366 braids
    projlen=105: 360512 braids
    projlen=106: 162030 braids
    projlen=107: 357613 braids
    projlen=108: 157136 braids
    projlen=109: 353229 braids
    projlen=110: 154624 braids
    projlen=111: 350355 braids
    projlen=112: 153646 braids
    projlen=113: 348682 braids
    projlen=114: 154594 braids
    projlen=115: 346870 braids
    projlen=116: 155784 braids
    projlen=117: 343181 braids
    projlen=118: 164478 braids
    projlen=119: 306017 braids
    projlen=120: 81962 braids
  Braids kept: 1097898 (in 32 buckets, 2.98 GB CPU)
  ⚡ Timing: matmul=0.17s, sampling=12.31s, total=17.22s
============================================================
Level 187 - SAMPLING
============================================================
  Starting braids: 997898
  Candidates to generate: 5141214
  Processing in 52 chunks...
  Projlen distribution:
    projlen=90: 1 braids
    projlen=91: 12 braids
    projlen=92: 19 braids
    projlen=93: 294 braids
    projlen=94: 214 braids
    projlen=95: 1342 braids
    projlen=96: 1040 braids
    projlen=97: 7870 braids
    projlen=98: 5717 braids
    projlen=99: 47416 braids
    projlen=100: 31539 braids
    projlen=101: 233979 braids
    projlen=102: 140950 braids
    projlen=103: 319224 braids
    projlen=104: 173037 braids
    projlen=105: 360598 braids
    projlen=106: 162337 braids
    projlen=107: 356501 braids
    projlen=108: 156665 braids
    projlen=109: 354521 braids
    projlen=110: 155625 braids
    projlen=111: 351083 braids
    projlen=112: 154054 braids
    projlen=113: 349208 braids
    projlen=114: 153444 braids
    projlen=115: 348733 braids
    projlen=116: 155537 braids
    projlen=117: 347709 braids
    projlen=118: 156964 braids
    projlen=119: 336413 braids
    projlen=120: 163760 braids
    projlen=121: 115408 braids
  Braids kept: 1145464 (in 32 buckets, 3.13 GB CPU)
  ⚡ Timing: matmul=0.16s, sampling=12.46s, total=17.49s
============================================================
Level 188 - SAMPLING
============================================================
  Starting braids: 995464
  Candidates to generate: 5122758
  Processing in 52 chunks...
  Projlen distribution:
    projlen=91: 3 braids
    projlen=92: 11 braids
    projlen=93: 101 braids
    projlen=94: 103 braids
    projlen=95: 1555 braids
    projlen=96: 1123 braids
    projlen=97: 7775 braids
    projlen=98: 5553 braids
    projlen=99: 42337 braids
    projlen=100: 28165 braids
    projlen=101: 230660 braids
    projlen=102: 140064 braids
    projlen=103: 318402 braids
    projlen=104: 172564 braids
    projlen=105: 361433 braids
    projlen=106: 164912 braids
    projlen=107: 357235 braids
    projlen=108: 157053 braids
    projlen=109: 353684 braids
    projlen=110: 154970 braids
    projlen=111: 351805 braids
    projlen=112: 154436 braids
    projlen=113: 349871 braids
    projlen=114: 153513 braids
    projlen=115: 348603 braids
    projlen=116: 153919 braids
    projlen=117: 347837 braids
    projlen=118: 155653 braids
    projlen=119: 340131 braids
    projlen=120: 153172 braids
    projlen=121: 116115 braids
  Braids kept: 1136726 (in 31 buckets, 3.11 GB CPU)
  ⚡ Timing: matmul=0.15s, sampling=12.19s, total=17.08s
============================================================
Level 189 - SAMPLING
============================================================
  Starting braids: 986726
  Candidates to generate: 5068342
  Processing in 51 chunks...
  Projlen distribution:
    projlen=92: 1 braids
    projlen=93: 60 braids
    projlen=94: 77 braids
    projlen=95: 665 braids
    projlen=96: 562 braids
    projlen=97: 8093 braids
    projlen=98: 5804 braids
    projlen=99: 42362 braids
    projlen=100: 27894 braids
    projlen=101: 205245 braids
    projlen=102: 123883 braids
    projlen=103: 309573 braids
    projlen=104: 173079 braids
    projlen=105: 360873 braids
    projlen=106: 164591 braids
    projlen=107: 357571 braids
    projlen=108: 157795 braids
    projlen=109: 353895 braids
    projlen=110: 154968 braids
    projlen=111: 350872 braids
    projlen=112: 154080 braids
    projlen=113: 349738 braids
    projlen=114: 153554 braids
    projlen=115: 348481 braids
    projlen=116: 153676 braids
    projlen=117: 348529 braids
    projlen=118: 153904 braids
    projlen=119: 341424 braids
    projlen=120: 151152 braids
    projlen=121: 115941 braids
  Braids kept: 1135518 (in 30 buckets, 3.11 GB CPU)
  ⚡ Timing: matmul=0.17s, sampling=11.75s, total=16.54s
============================================================
Level 190 - SAMPLING
============================================================
  Starting braids: 985518
  Candidates to generate: 5062186
  Processing in 51 chunks...
  Projlen distribution:
    projlen=92: 1 braids
    projlen=93: 13 braids
    projlen=94: 29 braids
    projlen=95: 486 braids
    projlen=96: 489 braids
    projlen=97: 3810 braids
    projlen=98: 3055 braids
    projlen=99: 41649 braids
    projlen=100: 28488 braids
    projlen=101: 207428 braids
    projlen=102: 124910 braids
    projlen=103: 308679 braids
    projlen=104: 171721 braids
    projlen=105: 360264 braids
    projlen=106: 165352 braids
    projlen=107: 357221 braids
    projlen=108: 157498 braids
    projlen=109: 355110 braids
    projlen=110: 155852 braids
    projlen=111: 352042 braids
    projlen=112: 154381 braids
    projlen=113: 350509 braids
    projlen=114: 153916 braids
    projlen=115: 348308 braids
    projlen=116: 153087 braids
    projlen=117: 348125 braids
    projlen=118: 153176 braids
    projlen=119: 341585 braids
    projlen=120: 148809 braids
    projlen=121: 116193 braids
  Braids kept: 1128020 (in 30 buckets, 3.10 GB CPU)
  ⚡ Timing: matmul=0.17s, sampling=12.37s, total=17.14s
============================================================
Level 191 - SAMPLING
============================================================
  Starting braids: 978020
  Candidates to generate: 5017576
  Processing in 51 chunks...
  Projlen distribution:
    projlen=93: 4 braids
    projlen=94: 9 braids
    projlen=95: 150 braids
    projlen=96: 240 braids
    projlen=97: 3119 braids
    projlen=98: 2698 braids
    projlen=99: 21359 braids
    projlen=100: 15160 braids
    projlen=101: 197496 braids
    projlen=102: 124952 braids
    projlen=103: 309962 braids
    projlen=104: 171848 braids
    projlen=105: 360927 braids
    projlen=106: 165091 braids
    projlen=107: 356854 braids
    projlen=108: 157937 braids
    projlen=109: 353961 braids
    projlen=110: 155063 braids
    projlen=111: 351621 braids
    projlen=112: 154158 braids
    projlen=113: 350029 braids
    projlen=114: 153562 braids
    projlen=115: 349469 braids
    projlen=116: 153526 braids
    projlen=117: 349712 braids
    projlen=118: 152985 braids
    projlen=119: 341733 braids
    projlen=120: 147921 braids
    projlen=121: 116030 braids
  Braids kept: 1092739 (in 29 buckets, 3.01 GB CPU)
  ⚡ Timing: matmul=0.15s, sampling=13.14s, total=17.96s
============================================================
Level 192 - SAMPLING
============================================================
  Starting braids: 992739
  Candidates to generate: 5115017
  Processing in 52 chunks...
  Projlen distribution:
    projlen=93: 3 braids
    projlen=94: 7 braids
    projlen=95: 51 braids
    projlen=96: 80 braids
    projlen=97: 1325 braids
    projlen=98: 1508 braids
    projlen=99: 18241 braids
    projlen=100: 13668 braids
    projlen=101: 106503 braids
    projlen=102: 66102 braids
    projlen=103: 280009 braids
    projlen=104: 173844 braids
    projlen=105: 360244 braids
    projlen=106: 164696 braids
    projlen=107: 357163 braids
    projlen=108: 158130 braids
    projlen=109: 354436 braids
    projlen=110: 155482 braids
    projlen=111: 351308 braids
    projlen=112: 153524 braids
    projlen=113: 350284 braids
    projlen=114: 153523 braids
    projlen=115: 349391 braids
    projlen=116: 153607 braids
    projlen=117: 349394 braids
    projlen=118: 153851 braids
    projlen=119: 347047 braids
    projlen=120: 151080 braids
    projlen=121: 309851 braids
    projlen=122: 80665 braids
  Braids kept: 1134883 (in 30 buckets, 3.15 GB CPU)
  ⚡ Timing: matmul=0.15s, sampling=13.50s, total=18.50s
============================================================
Level 193 - SAMPLING
============================================================
  Starting braids: 984883
  Candidates to generate: 5082881
  Processing in 51 chunks...
  Projlen distribution:
    projlen=94: 2 braids
    projlen=95: 36 braids
    projlen=96: 53 braids
    projlen=97: 485 braids
    projlen=98: 559 braids
    projlen=99: 9282 braids
    projlen=100: 8019 braids
    projlen=101: 93264 braids
    projlen=102: 61788 braids
    projlen=103: 277824 braids
    projlen=104: 172237 braids
    projlen=105: 361352 braids
    projlen=106: 168480 braids
    projlen=107: 357051 braids
    projlen=108: 157657 braids
    projlen=109: 353697 braids
    projlen=110: 155615 braids
    projlen=111: 352165 braids
    projlen=112: 154353 braids
    projlen=113: 350568 braids
    projlen=114: 153316 braids
    projlen=115: 349005 braids
    projlen=116: 153109 braids
    projlen=117: 349752 braids
    projlen=118: 154245 braids
    projlen=119: 348022 braids
    projlen=120: 151584 braids
    projlen=121: 309019 braids
    projlen=122: 80342 braids
  Braids kept: 1118436 (in 29 buckets, 3.11 GB CPU)
  ⚡ Timing: matmul=0.18s, sampling=13.49s, total=18.59s
============================================================
Level 194 - SAMPLING
============================================================
  Starting braids: 968436
  Candidates to generate: 4997558
  Processing in 50 chunks...
  Projlen distribution:
    projlen=95: 9 braids
    projlen=96: 20 braids
    projlen=97: 320 braids
    projlen=98: 370 braids
    projlen=99: 3864 braids
    projlen=100: 3496 braids
    projlen=101: 50985 braids
    projlen=102: 36757 braids
    projlen=103: 267528 braids
    projlen=104: 175742 braids
    projlen=105: 363448 braids
    projlen=106: 169251 braids
    projlen=107: 358006 braids
    projlen=108: 158952 braids
    projlen=109: 353743 braids
    projlen=110: 154683 braids
    projlen=111: 349740 braids
    projlen=112: 153965 braids
    projlen=113: 350143 braids
    projlen=114: 153337 braids
    projlen=115: 349946 braids
    projlen=116: 153499 braids
    projlen=117: 348808 braids
    projlen=118: 152890 braids
    projlen=119: 347485 braids
    projlen=120: 151681 braids
    projlen=121: 308901 braids
    projlen=122: 79989 braids
  Braids kept: 1094836 (in 28 buckets, 3.05 GB CPU)
  ⚡ Timing: matmul=0.18s, sampling=13.93s, total=18.99s
============================================================
Level 195 - SAMPLING
============================================================
  Starting braids: 994836
  Candidates to generate: 5112400
  Processing in 52 chunks...
  Projlen distribution:
    projlen=96: 5 braids
    projlen=97: 118 braids
    projlen=98: 178 braids
    projlen=99: 2397 braids
    projlen=100: 2254 braids
    projlen=101: 23727 braids
    projlen=102: 18461 braids
    projlen=103: 248147 braids
    projlen=104: 160379 braids
    projlen=105: 334396 braids
    projlen=106: 172502 braids
    projlen=107: 359382 braids
    projlen=108: 159661 braids
    projlen=109: 354773 braids
    projlen=110: 155283 braids
    projlen=111: 351289 braids
    projlen=112: 153785 braids
    projlen=113: 349945 braids
    projlen=114: 153649 braids
    projlen=115: 349286 braids
    projlen=116: 153359 braids
    projlen=117: 349451 braids
    projlen=118: 153363 braids
    projlen=119: 347947 braids
    projlen=120: 151702 braids
    projlen=121: 341284 braids
    projlen=122: 148228 braids
    projlen=123: 117449 braids
  Braids kept: 1097140 (in 28 buckets, 3.08 GB CPU)
  ⚡ Timing: matmul=0.16s, sampling=14.17s, total=19.27s
============================================================
Level 196 - SAMPLING
============================================================
  Starting braids: 997140
  Candidates to generate: 5140104
  Processing in 52 chunks...
  Projlen distribution:
    projlen=96: 5 braids
    projlen=97: 33 braids
    projlen=98: 72 braids
    projlen=99: 1096 braids
    projlen=100: 1250 braids
    projlen=101: 14742 braids
    projlen=102: 11840 braids
    projlen=103: 121587 braids
    projlen=104: 79858 braids
    projlen=105: 291802 braids
    projlen=106: 176971 braids
    projlen=107: 362820 braids
    projlen=108: 163118 braids
    projlen=109: 355662 braids
    projlen=110: 155833 braids
    projlen=111: 352412 braids
    projlen=112: 154411 braids
    projlen=113: 351494 braids
    projlen=114: 154105 braids
    projlen=115: 349383 braids
    projlen=116: 153722 braids
    projlen=117: 347649 braids
    projlen=118: 152883 braids
    projlen=119: 348715 braids
    projlen=120: 153224 braids
    projlen=121: 346040 braids
    projlen=122: 150137 braids
    projlen=123: 309010 braids
    projlen=124: 80230 braids
  Braids kept: 1129038 (in 29 buckets, 3.19 GB CPU)
  ⚡ Timing: matmul=0.17s, sampling=14.14s, total=19.34s
============================================================
Level 197 - SAMPLING
============================================================
  Starting braids: 979038
  Candidates to generate: 5052776
  Processing in 51 chunks...
  Projlen distribution:
    projlen=97: 31 braids
    projlen=98: 70 braids
    projlen=99: 446 braids
    projlen=100: 596 braids
    projlen=101: 7765 braids
    projlen=102: 6781 braids
    projlen=103: 76672 braids
    projlen=104: 52276 braids
    projlen=105: 277104 braids
    projlen=106: 177601 braids
    projlen=107: 365297 braids
    projlen=108: 169479 braids
    projlen=109: 357844 braids
    projlen=110: 157417 braids
    projlen=111: 352584 braids
    projlen=112: 154532 braids
    projlen=113: 350303 braids
    projlen=114: 153437 braids
    projlen=115: 349958 braids
    projlen=116: 153700 braids
    projlen=117: 349196 braids
    projlen=118: 153489 braids
    projlen=119: 347339 braids
    projlen=120: 153077 braids
    projlen=121: 346363 braids
    projlen=122: 150704 braids
    projlen=123: 308573 braids
    projlen=124: 80142 braids
  Braids kept: 1115689 (in 28 buckets, 3.16 GB CPU)
  ⚡ Timing: matmul=0.17s, sampling=13.96s, total=19.24s
============================================================
Level 198 - SAMPLING
============================================================
  Starting braids: 965689
  Candidates to generate: 4991903
  Processing in 50 chunks...
  Projlen distribution:
    projlen=97: 4 braids
    projlen=98: 15 braids
    projlen=99: 383 braids
    projlen=100: 497 braids
    projlen=101: 3690 braids
    projlen=102: 3472 braids
    projlen=103: 43657 braids
    projlen=104: 31982 braids
    projlen=105: 266136 braids
    projlen=106: 177592 braids
    projlen=107: 364659 braids
    projlen=108: 171621 braids
    projlen=109: 360340 braids
    projlen=110: 159364 braids
    projlen=111: 353594 braids
    projlen=112: 154773 braids
    projlen=113: 351335 braids
    projlen=114: 153803 braids
    projlen=115: 349623 braids
    projlen=116: 153366 braids
    projlen=117: 349285 braids
    projlen=118: 153418 braids
    projlen=119: 348987 braids
    projlen=120: 153662 braids
    projlen=121: 346523 braids
    projlen=122: 151334 braids
    projlen=123: 308286 braids
    projlen=124: 80502 braids
  Braids kept: 1083700 (in 28 buckets, 3.08 GB CPU)
  ⚡ Timing: matmul=0.18s, sampling=14.06s, total=19.39s
============================================================
Level 199 - SAMPLING
============================================================
  Starting braids: 983700
  Candidates to generate: 5058414
  Processing in 51 chunks...
  Projlen distribution:
    projlen=97: 3 braids
    projlen=98: 7 braids
    projlen=99: 85 braids
    projlen=100: 157 braids
    projlen=101: 3007 braids
    projlen=102: 2938 braids
    projlen=103: 23290 braids
    projlen=104: 18023 braids
    projlen=105: 217483 braids
    projlen=106: 139754 braids
    projlen=107: 323345 braids
    projlen=108: 174209 braids
    projlen=109: 359394 braids
    projlen=110: 159801 braids
    projlen=111: 357050 braids
    projlen=112: 156424 braids
    projlen=113: 352238 braids
    projlen=114: 154197 braids
    projlen=115: 350343 braids
    projlen=116: 153718 braids
    projlen=117: 349592 braids
    projlen=118: 153159 braids
    projlen=119: 348273 braids
    projlen=120: 153086 braids
    projlen=121: 348453 braids
    projlen=122: 153568 braids
    projlen=123: 341042 braids
    projlen=124: 148963 braids
    projlen=125: 116812 braids
  Braids kept: 1097510 (in 29 buckets, 3.14 GB CPU)
  ⚡ Timing: matmul=0.17s, sampling=14.21s, total=19.66s
============================================================
Level 200 - SAMPLING
============================================================
  Starting braids: 997510
  Candidates to generate: 5152188
  Processing in 52 chunks...
  Projlen distribution:
    projlen=98: 1 braids
    projlen=99: 53 braids
    projlen=100: 94 braids
    projlen=101: 971 braids
    projlen=102: 1206 braids
    projlen=103: 18755 braids
    projlen=104: 15030 braids
    projlen=105: 120510 braids
    projlen=106: 77470 braids
    projlen=107: 290068 braids
    projlen=108: 176624 braids
    projlen=109: 363096 braids
    projlen=110: 164862 braids
    projlen=111: 357090 braids
    projlen=112: 156242 braids
    projlen=113: 353023 braids
    projlen=114: 154566 braids
    projlen=115: 351303 braids
    projlen=116: 153923 braids
    projlen=117: 349931 braids
    projlen=118: 153559 braids
    projlen=119: 349313 braids
    projlen=120: 153224 braids
    projlen=121: 348403 braids
    projlen=122: 153092 braids
    projlen=123: 346291 braids
    projlen=124: 152373 braids
    projlen=125: 310099 braids
    projlen=126: 81016 braids
  Braids kept: 1136110 (in 29 buckets, 3.27 GB CPU)
  ⚡ Timing: matmul=0.17s, sampling=14.73s, total=20.20s
============================================================
Level 201 - SAMPLING
============================================================
  Starting braids: 986110
  Candidates to generate: 5095112
  Processing in 51 chunks...
  Projlen distribution:
    projlen=99: 9 braids
    projlen=100: 39 braids
    projlen=101: 550 braids
    projlen=102: 753 braids
    projlen=103: 7617 braids
    projlen=104: 7074 braids
    projlen=105: 96255 braids
    projlen=106: 66144 braids
    projlen=107: 282395 braids
    projlen=108: 175495 braids
    projlen=109: 364085 braids
    projlen=110: 169202 braids
    projlen=111: 358639 braids
    projlen=112: 158045 braids
    projlen=113: 353362 braids
    projlen=114: 154706 braids
    projlen=115: 350267 braids
    projlen=116: 153161 braids
    projlen=117: 349426 braids
    projlen=118: 153335 braids
    projlen=119: 349461 braids
    projlen=120: 154050 braids
    projlen=121: 349935 braids
    projlen=122: 153492 braids
    projlen=123: 347127 braids
    projlen=124: 151170 braids
    projlen=125: 308778 braids
    projlen=126: 80540 braids
  Braids kept: 1116042 (in 28 buckets, 3.22 GB CPU)
  ⚡ Timing: matmul=0.18s, sampling=14.85s, total=20.37s
============================================================
Level 202 - SAMPLING
============================================================
  Starting braids: 966042
  Candidates to generate: 4991386
  Processing in 50 chunks...
  Projlen distribution:
    projlen=100: 9 braids
    projlen=101: 204 braids
    projlen=102: 362 braids
    projlen=103: 4485 braids
    projlen=104: 4372 braids
    projlen=105: 43327 braids
    projlen=106: 32008 braids
    projlen=107: 264217 braids
    projlen=108: 178249 braids
    projlen=109: 363094 braids
    projlen=110: 170564 braids
    projlen=111: 358943 braids
    projlen=112: 158998 braids
    projlen=113: 355303 braids
    projlen=114: 155602 braids
    projlen=115: 351245 braids
    projlen=116: 153750 braids
    projlen=117: 350092 braids
    projlen=118: 153436 braids
    projlen=119: 349346 braids
    projlen=120: 153647 braids
    projlen=121: 349011 braids
    projlen=122: 153449 braids
    projlen=123: 347801 braids
    projlen=124: 151127 braids
    projlen=125: 308769 braids
    projlen=126: 79976 braids
  Braids kept: 1084767 (in 27 buckets, 3.14 GB CPU)
  ⚡ Timing: matmul=0.18s, sampling=13.55s, total=18.56s
============================================================
Level 203 - SAMPLING
============================================================
  Starting braids: 984767
  Candidates to generate: 5058513
  Processing in 51 chunks...
  Projlen distribution:
    projlen=100: 5 braids
    projlen=101: 67 braids
    projlen=102: 146 braids
    projlen=103: 2121 braids
    projlen=104: 2417 braids
    projlen=105: 27615 braids
    projlen=106: 21830 braids
    projlen=107: 216286 braids
    projlen=108: 138944 braids
    projlen=109: 320078 braids
    projlen=110: 175387 braids
    projlen=111: 358271 braids
    projlen=112: 160090 braids
    projlen=113: 355733 braids
    projlen=114: 155748 braids
    projlen=115: 351492 braids
    projlen=116: 154083 braids
    projlen=117: 349880 braids
    projlen=118: 153343 braids
    projlen=119: 349607 braids
    projlen=120: 153631 braids
    projlen=121: 349464 braids
    projlen=122: 153475 braids
    projlen=123: 348696 braids
    projlen=124: 153012 braids
    projlen=125: 341775 braids
    projlen=126: 147817 braids
    projlen=127: 117500 braids
  Braids kept: 1104201 (in 28 buckets, 3.22 GB CPU)
  ⚡ Timing: matmul=0.17s, sampling=13.59s, total=18.94s
============================================================
Level 204 - SAMPLING
============================================================
  Starting braids: 954201
  Candidates to generate: 4895617
  Processing in 49 chunks...
  Projlen distribution:
    projlen=100: 4 braids
    projlen=101: 47 braids
    projlen=102: 95 braids
    projlen=103: 890 braids
    projlen=104: 1151 braids
    projlen=105: 14971 braids
    projlen=106: 12862 braids
    projlen=107: 140157 braids
    projlen=108: 92455 braids
    projlen=109: 297445 braids
    projlen=110: 177690 braids
    projlen=111: 359559 braids
    projlen=112: 166086 braids
    projlen=113: 354255 braids
    projlen=114: 156383 braids
    projlen=115: 351488 braids
    projlen=116: 154581 braids
    projlen=117: 350207 braids
    projlen=118: 153287 braids
    projlen=119: 349817 braids
    projlen=120: 153358 braids
    projlen=121: 349254 braids
    projlen=122: 153230 braids
    projlen=123: 347919 braids
    projlen=124: 152733 braids
    projlen=125: 341829 braids
    projlen=126: 147598 braids
    projlen=127: 116266 braids
  Braids kept: 1080020 (in 28 buckets, 3.15 GB CPU)
  ⚡ Timing: matmul=0.17s, sampling=12.78s, total=17.66s
============================================================
Level 205 - SAMPLING
============================================================
  Starting braids: 980020
  Candidates to generate: 5056524
  Processing in 51 chunks...
  Projlen distribution:
    projlen=100: 2 braids
    projlen=101: 27 braids
    projlen=102: 51 braids
    projlen=103: 619 braids
    projlen=104: 719 braids
    projlen=105: 7165 braids
    projlen=106: 6558 braids
    projlen=107: 80111 braids
    projlen=108: 55345 braids
    projlen=109: 276980 braids
    projlen=110: 176460 braids
    projlen=111: 362092 braids
    projlen=112: 170572 braids
    projlen=113: 355526 braids
    projlen=114: 160357 braids
    projlen=115: 351512 braids
    projlen=116: 155680 braids
    projlen=117: 349531 braids
    projlen=118: 153822 braids
    projlen=119: 348734 braids
    projlen=120: 152868 braids
    projlen=121: 349054 braids
    projlen=122: 153071 braids
    projlen=123: 348450 braids
    projlen=124: 152907 braids
    projlen=125: 346159 braids
    projlen=126: 151506 braids
    projlen=127: 309807 braids
    projlen=128: 80839 braids
  Braids kept: 1115141 (in 29 buckets, 3.27 GB CPU)
  ⚡ Timing: matmul=0.17s, sampling=13.48s, total=18.56s
============================================================
Level 206 - SAMPLING
============================================================
  Starting braids: 965141
  Candidates to generate: 4989677
  Processing in 50 chunks...
  Projlen distribution:
    projlen=100: 2 braids
    projlen=101: 19 braids
    projlen=102: 29 braids
    projlen=103: 327 braids
    projlen=104: 411 braids
    projlen=105: 4671 braids
    projlen=106: 4286 braids
    projlen=107: 41364 braids
    projlen=108: 30395 braids
    projlen=109: 265836 braids
    projlen=110: 178830 braids
    projlen=111: 364492 braids
    projlen=112: 171273 braids
    projlen=113: 358054 braids
    projlen=114: 162063 braids
    projlen=115: 352148 braids
    projlen=116: 159245 braids
    projlen=117: 348421 braids
    projlen=118: 155765 braids
    projlen=119: 348718 braids
    projlen=120: 153643 braids
    projlen=121: 348474 braids
    projlen=122: 152635 braids
    projlen=123: 348788 braids
    projlen=124: 153281 braids
    projlen=125: 346787 braids
    projlen=126: 150631 braids
    projlen=127: 308799 braids
    projlen=128: 80290 braids
  Braids kept: 1081504 (in 29 buckets, 3.19 GB CPU)
  ⚡ Timing: matmul=0.17s, sampling=13.17s, total=18.13s
============================================================
Level 207 - SAMPLING
============================================================
  Starting braids: 981504
  Candidates to generate: 5046230
  Processing in 51 chunks...
  Projlen distribution:
    projlen=101: 18 braids
    projlen=102: 28 braids
    projlen=103: 190 braids
    projlen=104: 234 braids
    projlen=105: 2627 braids
    projlen=106: 2556 braids
    projlen=107: 28298 braids
    projlen=108: 21795 braids
    projlen=109: 208159 braids
    projlen=110: 132780 braids
    projlen=111: 318267 braids
    projlen=112: 174465 braids
    projlen=113: 359693 braids
    projlen=114: 159958 braids
    projlen=115: 354796 braids
    projlen=116: 159993 braids
    projlen=117: 349858 braids
    projlen=118: 160755 braids
    projlen=119: 346366 braids
    projlen=120: 157065 braids
    projlen=121: 347889 braids
    projlen=122: 153818 braids
    projlen=123: 349048 braids
    projlen=124: 153114 braids
    projlen=125: 348155 braids
    projlen=126: 151980 braids
    projlen=127: 340604 braids
    projlen=128: 146820 braids
    projlen=129: 116901 braids
  Braids kept: 1105746 (in 29 buckets, 3.28 GB CPU)
  ⚡ Timing: matmul=0.29s, sampling=13.99s, total=21.11s
============================================================
Level 208 - SAMPLING
============================================================
  Starting braids: 955746
  Candidates to generate: 4914120
  Processing in 50 chunks...
  Projlen distribution:
    projlen=100: 1 braids
    projlen=101: 9 braids
    projlen=102: 16 braids
    projlen=103: 170 braids
    projlen=104: 193 braids
    projlen=105: 1504 braids
    projlen=106: 1547 braids
    projlen=107: 16868 braids
    projlen=108: 13533 braids
    projlen=109: 143717 braids
    projlen=110: 94300 braids
    projlen=111: 298326 braids
    projlen=112: 176016 braids
    projlen=113: 362566 braids
    projlen=114: 165492 braids
    projlen=115: 355540 braids
    projlen=116: 155729 braids
    projlen=117: 349472 braids
    projlen=118: 158971 braids
    projlen=119: 346928 braids
    projlen=120: 162960 braids
    projlen=121: 345491 braids
    projlen=122: 159230 braids
    projlen=123: 346130 braids
    projlen=124: 154099 braids
    projlen=125: 348016 braids
    projlen=126: 151972 braids
    projlen=127: 342183 braids
    projlen=128: 146845 braids
    projlen=129: 116296 braids
  Braids kept: 1083841 (in 30 buckets, 3.22 GB CPU)
  ⚡ Timing: matmul=0.17s, sampling=13.92s, total=20.96s
============================================================
Level 209 - SAMPLING
============================================================
  Starting braids: 983841
  Candidates to generate: 5097779
  Processing in 51 chunks...
  Projlen distribution:
    projlen=100: 1 braids
    projlen=101: 5 braids
    projlen=102: 11 braids
    projlen=103: 94 braids
    projlen=104: 115 braids
    projlen=105: 1263 braids
    projlen=106: 1197 braids
    projlen=107: 10282 braids
    projlen=108: 8408 braids
    projlen=109: 88151 braids
    projlen=110: 59608 braids
    projlen=111: 280120 braids
    projlen=112: 176851 braids
    projlen=113: 363261 braids
    projlen=114: 168469 braids
    projlen=115: 358394 braids
    projlen=116: 158220 braids
    projlen=117: 353099 braids
    projlen=118: 154616 braids
    projlen=119: 348154 braids
    projlen=120: 160825 braids
    projlen=121: 344311 braids
    projlen=122: 166213 braids
    projlen=123: 343471 braids
    projlen=124: 162740 braids
    projlen=125: 345337 braids
    projlen=126: 155220 braids
    projlen=127: 346845 braids
    projlen=128: 151502 braids
    projlen=129: 310367 braids
    projlen=130: 80629 braids
  Braids kept: 1121376 (in 31 buckets, 3.35 GB CPU)
  ⚡ Timing: matmul=0.24s, sampling=14.52s, total=21.78s
============================================================
Level 210 - SAMPLING
============================================================
  Starting braids: 971376
  Candidates to generate: 5043538
  Processing in 51 chunks...
  Projlen distribution:
    projlen=101: 3 braids
    projlen=102: 4 braids
    projlen=103: 64 braids
    projlen=104: 67 braids
    projlen=105: 752 braids
    projlen=106: 764 braids
    projlen=107: 8075 braids
    projlen=108: 6544 braids
    projlen=109: 56283 braids
    projlen=110: 38857 braids
    projlen=111: 269064 braids
    projlen=112: 177898 braids
    projlen=113: 365242 braids
    projlen=114: 171685 braids
    projlen=115: 359258 braids
    projlen=116: 159489 braids
    projlen=117: 353663 braids
    projlen=118: 155313 braids
    projlen=119: 351080 braids
    projlen=120: 153923 braids
    projlen=121: 346416 braids
    projlen=122: 162700 braids
    projlen=123: 342929 braids
    projlen=124: 170579 braids
    projlen=125: 340142 braids
    projlen=126: 166786 braids
    projlen=127: 342616 braids
    projlen=128: 155628 braids
    projlen=129: 307437 braids
    projlen=130: 80277 braids
  Braids kept: 1105130 (in 30 buckets, 3.31 GB CPU)
  ⚡ Timing: matmul=0.19s, sampling=14.61s, total=21.89s
============================================================
Level 211 - SAMPLING
============================================================
  Starting braids: 955130
  Candidates to generate: 4975964
  Processing in 50 chunks...
  Projlen distribution:
    projlen=102: 1 braids
    projlen=103: 37 braids
    projlen=104: 33 braids
    projlen=105: 468 braids
    projlen=106: 471 braids
    projlen=107: 4988 braids
    projlen=108: 4321 braids
    projlen=109: 44582 braids
    projlen=110: 31954 braids
    projlen=111: 254800 braids
    projlen=112: 160633 braids
    projlen=113: 338257 braids
    projlen=114: 173855 braids
    projlen=115: 360340 braids
    projlen=116: 160779 braids
    projlen=117: 355754 braids
    projlen=118: 156242 braids
    projlen=119: 351498 braids
    projlen=120: 154737 braids
    projlen=121: 349332 braids
    projlen=122: 153841 braids
    projlen=123: 345699 braids
    projlen=124: 165965 braids
    projlen=125: 339521 braids
    projlen=126: 176288 braids
    projlen=127: 335549 braids
    projlen=128: 171007 braids
    projlen=129: 302880 braids
    projlen=130: 82132 braids
  Braids kept: 1086855 (in 29 buckets, 3.26 GB CPU)
  ⚡ Timing: matmul=0.22s, sampling=13.87s, total=21.00s
============================================================
Level 212 - SAMPLING
============================================================
  Starting braids: 986855
  Candidates to generate: 5115747
  Processing in 52 chunks...
  Projlen distribution:
    projlen=103: 17 braids
    projlen=104: 18 braids
    projlen=105: 233 braids
    projlen=106: 256 braids
    projlen=107: 3054 braids
    projlen=108: 2876 braids
    projlen=109: 29134 braids
    projlen=110: 21949 braids
    projlen=111: 219268 braids
    projlen=112: 139025 braids
    projlen=113: 321768 braids
    projlen=114: 174855 braids
    projlen=115: 361944 braids
    projlen=116: 164043 braids
    projlen=117: 356794 braids
    projlen=118: 157174 braids
    projlen=119: 352293 braids
    projlen=120: 154921 braids
    projlen=121: 350191 braids
    projlen=122: 154385 braids
    projlen=123: 348529 braids
    projlen=124: 153782 braids
    projlen=125: 343970 braids
    projlen=126: 169979 braids
    projlen=127: 336749 braids
    projlen=128: 183098 braids
    projlen=129: 327330 braids
    projlen=130: 174937 braids
    projlen=131: 113175 braids
  Braids kept: 1107537 (in 29 buckets, 3.34 GB CPU)
  ⚡ Timing: matmul=0.17s, sampling=14.77s, total=21.98s
============================================================
Level 213 - SAMPLING
============================================================
  Starting braids: 957537
  Candidates to generate: 4953605
  Processing in 50 chunks...
  Projlen distribution:
    projlen=102: 1 braids
    projlen=103: 5 braids
    projlen=104: 12 braids
    projlen=105: 129 braids
    projlen=106: 130 braids
    projlen=107: 1567 braids
    projlen=108: 1540 braids
    projlen=109: 18662 braids
    projlen=110: 14824 braids
    projlen=111: 145600 braids
    projlen=112: 94642 braids
    projlen=113: 297254 braids
    projlen=114: 175826 braids
    projlen=115: 361579 braids
    projlen=116: 165068 braids
    projlen=117: 357393 braids
    projlen=118: 158314 braids
    projlen=119: 353501 braids
    projlen=120: 155311 braids
    projlen=121: 350144 braids
    projlen=122: 154437 braids
    projlen=123: 349061 braids
    projlen=124: 154671 braids
    projlen=125: 348638 braids
    projlen=126: 154267 braids
    projlen=127: 342589 braids
    projlen=128: 173479 braids
    projlen=129: 329130 braids
    projlen=130: 183828 braids
    projlen=131: 112003 braids
  Braids kept: 1086870 (in 30 buckets, 3.29 GB CPU)
  ⚡ Timing: matmul=0.20s, sampling=14.47s, total=21.60s
============================================================
Level 214 - SAMPLING
============================================================
  Starting braids: 986870
  Candidates to generate: 5113288
  Processing in 52 chunks...
  Projlen distribution:
    projlen=102: 1 braids
    projlen=103: 2 braids
    projlen=104: 6 braids
    projlen=105: 62 braids
    projlen=106: 81 braids
    projlen=107: 922 braids
    projlen=108: 888 braids
    projlen=109: 10033 braids
    projlen=110: 8176 braids
    projlen=111: 94897 braids
    projlen=112: 64869 braids
    projlen=113: 279317 braids
    projlen=114: 177202 braids
    projlen=115: 362288 braids
    projlen=116: 168994 braids
    projlen=117: 357338 braids
    projlen=118: 157963 braids
    projlen=119: 353460 braids
    projlen=120: 156141 braids
    projlen=121: 350483 braids
    projlen=122: 154552 braids
    projlen=123: 349003 braids
    projlen=124: 154759 braids
    projlen=125: 348794 braids
    projlen=126: 155327 braids
    projlen=127: 348237 braids
    projlen=128: 155036 braids
    projlen=129: 340429 braids
    projlen=130: 177517 braids
    projlen=131: 302269 braids
    projlen=132: 84242 braids
  Braids kept: 1120171 (in 31 buckets, 3.41 GB CPU)
  ⚡ Timing: matmul=0.18s, sampling=14.88s, total=22.27s
============================================================
Level 215 - SAMPLING
============================================================
  Starting braids: 970171
  Candidates to generate: 5018361
  Processing in 51 chunks...
  Projlen distribution:
    projlen=102: 1 braids
    projlen=103: 2 braids
    projlen=104: 5 braids
    projlen=105: 39 braids
    projlen=106: 45 braids
    projlen=107: 519 braids
    projlen=108: 556 braids
    projlen=109: 5994 braids
    projlen=110: 4924 braids
    projlen=111: 52906 braids
    projlen=112: 37405 braids
    projlen=113: 265424 braids
    projlen=114: 180278 braids
    projlen=115: 361515 braids
    projlen=116: 173609 braids
    projlen=117: 357197 braids
    projlen=118: 160378 braids
    projlen=119: 353762 braids
    projlen=120: 155691 braids
    projlen=121: 351464 braids
    projlen=122: 155526 braids
    projlen=123: 348985 braids
    projlen=124: 154681 braids
    projlen=125: 347821 braids
    projlen=126: 155612 braids
    projlen=127: 347859 braids
    projlen=128: 155930 braids
    projlen=129: 346674 braids
    projlen=130: 154506 braids
    projlen=131: 308351 braids
    projlen=132: 80702 braids
  Braids kept: 1099490 (in 31 buckets, 3.35 GB CPU)
  ⚡ Timing: matmul=0.20s, sampling=14.28s, total=21.52s
============================================================
Level 216 - SAMPLING
============================================================
  Starting braids: 999490
  Candidates to generate: 5146932
  Processing in 52 chunks...
  Projlen distribution:
    projlen=103: 3 braids
    projlen=104: 4 braids
    projlen=105: 28 braids
    projlen=106: 27 braids
    projlen=107: 317 braids
    projlen=108: 324 braids
    projlen=109: 3627 braids
    projlen=110: 3186 braids
    projlen=111: 33463 braids
    projlen=112: 24560 braids
    projlen=113: 247232 braids
    projlen=114: 160213 braids
    projlen=115: 331891 braids
    projlen=116: 177734 braids
    projlen=117: 357118 braids
    projlen=118: 164847 braids
    projlen=119: 353677 braids
    projlen=120: 158189 braids
    projlen=121: 351036 braids
    projlen=122: 155192 braids
    projlen=123: 349468 braids
    projlen=124: 155420 braids
    projlen=125: 348848 braids
    projlen=126: 155794 braids
    projlen=127: 347918 braids
    projlen=128: 156381 braids
    projlen=129: 346474 braids
    projlen=130: 156485 braids
    projlen=131: 338966 braids
    projlen=132: 151560 braids
    projlen=133: 116950 braids
  Braids kept: 1115539 (in 31 buckets, 3.42 GB CPU)
  ⚡ Timing: matmul=0.23s, sampling=14.85s, total=22.46s
============================================================
Level 217 - SAMPLING
============================================================
  Starting braids: 965539
  Candidates to generate: 4973899
  Processing in 50 chunks...
  Projlen distribution:
    projlen=105: 25 braids
    projlen=106: 28 braids
    projlen=107: 206 braids
    projlen=108: 220 braids
    projlen=109: 2166 braids
    projlen=110: 2051 braids
    projlen=111: 21535 braids
    projlen=112: 16483 braids
    projlen=113: 165394 braids
    projlen=114: 106244 braids
    projlen=115: 302048 braids
    projlen=116: 178136 braids
    projlen=117: 358386 braids
    projlen=118: 169105 braids
    projlen=119: 352972 braids
    projlen=120: 163823 braids
    projlen=121: 350005 braids
    projlen=122: 158660 braids
    projlen=123: 349267 braids
    projlen=124: 155731 braids
    projlen=125: 347769 braids
    projlen=126: 155893 braids
    projlen=127: 347964 braids
    projlen=128: 157340 braids
    projlen=129: 347041 braids
    projlen=130: 157280 braids
    projlen=131: 339796 braids
    projlen=132: 152646 braids
    projlen=133: 115685 braids
  Braids kept: 1092714 (in 29 buckets, 3.36 GB CPU)
  ⚡ Timing: matmul=0.24s, sampling=13.79s, total=20.98s
============================================================
Level 218 - SAMPLING
============================================================
  Starting braids: 992714
  Candidates to generate: 5142008
  Processing in 52 chunks...
  Projlen distribution:
    projlen=106: 7 braids
    projlen=107: 180 braids
    projlen=108: 182 braids
    projlen=109: 1436 braids
    projlen=110: 1325 braids
    projlen=111: 13473 braids
    projlen=112: 10772 braids
    projlen=113: 108627 braids
    projlen=114: 71202 braids
    projlen=115: 282853 braids
    projlen=116: 176028 braids
    projlen=117: 359964 braids
    projlen=118: 170687 braids
    projlen=119: 353018 braids
    projlen=120: 165801 braids
    projlen=121: 348071 braids
    projlen=122: 165000 braids
    projlen=123: 346907 braids
    projlen=124: 160399 braids
    projlen=125: 347018 braids
    projlen=126: 157097 braids
    projlen=127: 346814 braids
    projlen=128: 157358 braids
    projlen=129: 346856 braids
    projlen=130: 159067 braids
    projlen=131: 344155 braids
    projlen=132: 157969 braids
    projlen=133: 308406 braids
    projlen=134: 81336 braids
  Braids kept: 1127375 (in 29 buckets, 3.49 GB CPU)
  ⚡ Timing: matmul=0.20s, sampling=15.02s, total=22.55s
============================================================
Level 219 - SAMPLING
============================================================
  Starting braids: 977375
  Candidates to generate: 5072203
  Processing in 51 chunks...
  Projlen distribution:
    projlen=106: 6 braids
    projlen=107: 45 braids
    projlen=108: 73 braids
    projlen=109: 1203 braids
    projlen=110: 1077 braids
    projlen=111: 9098 braids
    projlen=112: 7075 braids
    projlen=113: 70109 braids
    projlen=114: 48221 braids
    projlen=115: 269894 braids
    projlen=116: 175671 braids
    projlen=117: 361269 braids
    projlen=118: 170928 braids
    projlen=119: 355704 braids
    projlen=120: 163862 braids
    projlen=121: 348871 braids
    projlen=122: 166630 braids
    projlen=123: 344664 braids
    projlen=124: 169424 braids
    projlen=125: 343748 braids
    projlen=126: 163275 braids
    projlen=127: 345404 braids
    projlen=128: 158841 braids
    projlen=129: 346264 braids
    projlen=130: 160018 braids
    projlen=131: 343515 braids
    projlen=132: 159115 braids
    projlen=133: 307113 braids
    projlen=134: 81086 braids
  Braids kept: 1116798 (in 29 buckets, 3.46 GB CPU)
  ⚡ Timing: matmul=0.22s, sampling=14.37s, total=21.74s
============================================================
Level 220 - SAMPLING
============================================================
  Starting braids: 966798
  Candidates to generate: 5033078
  Processing in 51 chunks...
  Projlen distribution:
    projlen=106: 4 braids
    projlen=107: 36 braids
    projlen=108: 50 braids
    projlen=109: 462 braids
    projlen=110: 478 braids
    projlen=111: 7260 braids
    projlen=112: 5776 braids
    projlen=113: 48932 braids
    projlen=114: 33590 braids
    projlen=115: 261392 braids
    projlen=116: 175934 braids
    projlen=117: 357637 braids
    projlen=118: 173127 braids
    projlen=119: 357156 braids
    projlen=120: 161864 braids
    projlen=121: 351739 braids
    projlen=122: 162441 braids
    projlen=123: 345691 braids
    projlen=124: 170753 braids
    projlen=125: 341488 braids
    projlen=126: 174864 braids
    projlen=127: 339426 braids
    projlen=128: 168119 braids
    projlen=129: 342939 braids
    projlen=130: 161647 braids
    projlen=131: 342525 braids
    projlen=132: 160477 braids
    projlen=133: 305993 braids
    projlen=134: 81278 braids
  Braids kept: 1096588 (in 29 buckets, 3.41 GB CPU)
  ⚡ Timing: matmul=0.19s, sampling=13.98s, total=21.28s
============================================================
Level 221 - SAMPLING
============================================================
  Starting braids: 996588
  Candidates to generate: 5177974
  Processing in 52 chunks...
  Projlen distribution:
    projlen=107: 29 braids
    projlen=108: 38 braids
    projlen=109: 328 braids
    projlen=110: 372 braids
    projlen=111: 3259 braids
    projlen=112: 2936 braids
    projlen=113: 39219 braids
    projlen=114: 28806 braids
    projlen=115: 240558 braids
    projlen=116: 148572 braids
    projlen=117: 322936 braids
    projlen=118: 177008 braids
    projlen=119: 358615 braids
    projlen=120: 163711 braids
    projlen=121: 353649 braids
    projlen=122: 159430 braids
    projlen=123: 347851 braids
    projlen=124: 163850 braids
    projlen=125: 343209 braids
    projlen=126: 175347 braids
    projlen=127: 337221 braids
    projlen=128: 182334 braids
    projlen=129: 335917 braids
    projlen=130: 176108 braids
    projlen=131: 338907 braids
    projlen=132: 165927 braids
    projlen=133: 335390 braids
    projlen=134: 160537 braids
    projlen=135: 115910 braids
  Braids kept: 1124987 (in 29 buckets, 3.51 GB CPU)
  ⚡ Timing: matmul=0.22s, sampling=15.60s, total=23.39s
============================================================
Level 222 - SAMPLING
============================================================
  Starting braids: 974987
  Candidates to generate: 5078535
  Processing in 51 chunks...
  Projlen distribution:
    projlen=106: 1 braids
    projlen=107: 4 braids
    projlen=108: 13 braids
    projlen=109: 246 braids
    projlen=110: 269 braids
    projlen=111: 2325 braids
    projlen=112: 2186 braids
    projlen=113: 19863 braids
    projlen=114: 15287 braids
    projlen=115: 190795 braids
    projlen=116: 124296 braids
    projlen=117: 311334 braids
    projlen=118: 174459 braids
    projlen=119: 359819 braids
    projlen=120: 168844 braids
    projlen=121: 354515 braids
    projlen=122: 160966 braids
    projlen=123: 350835 braids
    projlen=124: 159915 braids
    projlen=125: 345879 braids
    projlen=126: 166579 braids
    projlen=127: 339569 braids
    projlen=128: 181162 braids
    projlen=129: 332402 braids
    projlen=130: 190396 braids
    projlen=131: 331731 braids
    projlen=132: 185308 braids
    projlen=133: 329466 braids
    projlen=134: 166681 braids
    projlen=135: 113390 braids
  Braids kept: 1090194 (in 30 buckets, 3.42 GB CPU)
  ⚡ Timing: matmul=0.22s, sampling=14.63s, total=22.07s
============================================================
Level 223 - SAMPLING
============================================================
  Starting braids: 990194
  Candidates to generate: 5186296
  Processing in 52 chunks...
  Projlen distribution:
    projlen=107: 4 braids
    projlen=108: 4 braids
    projlen=109: 68 braids
    projlen=110: 105 braids
    projlen=111: 1708 braids
    projlen=112: 1643 braids
    projlen=113: 14516 braids
    projlen=114: 11265 braids
    projlen=115: 100897 braids
    projlen=116: 65473 braids
    projlen=117: 279375 braids
    projlen=118: 176675 braids
    projlen=119: 360520 braids
    projlen=120: 166866 braids
    projlen=121: 355359 braids
    projlen=122: 163378 braids
    projlen=123: 349935 braids
    projlen=124: 161330 braids
    projlen=125: 347274 braids
    projlen=126: 161502 braids
    projlen=127: 343427 braids
    projlen=128: 171096 braids
    projlen=129: 335980 braids
    projlen=130: 188120 braids
    projlen=131: 328273 braids
    projlen=132: 199851 braids
    projlen=133: 324182 braids
    projlen=134: 194973 braids
    projlen=135: 297452 braids
    projlen=136: 85045 braids
  Braids kept: 1129313 (in 30 buckets, 3.56 GB CPU)
  ⚡ Timing: matmul=0.30s, sampling=14.98s, total=22.51s
============================================================
Level 224 - SAMPLING
============================================================
  Starting braids: 979313
  Candidates to generate: 5132731
  Processing in 52 chunks...
  Projlen distribution:
    projlen=107: 4 braids
    projlen=108: 4 braids
    projlen=109: 40 braids
    projlen=110: 47 braids
    projlen=111: 615 braids
    projlen=112: 724 braids
    projlen=113: 10567 braids
    projlen=114: 8586 braids
    projlen=115: 76099 braids
    projlen=116: 51120 braids
    projlen=117: 272977 braids
    projlen=118: 175662 braids
    projlen=119: 361339 braids
    projlen=120: 172134 braids
    projlen=121: 356680 braids
    projlen=122: 160344 braids
    projlen=123: 352066 braids
    projlen=124: 162701 braids
    projlen=125: 345772 braids
    projlen=126: 163708 braids
    projlen=127: 345033 braids
    projlen=128: 164719 braids
    projlen=129: 340906 braids
    projlen=130: 175954 braids
    projlen=131: 331754 braids
    projlen=132: 196135 braids
    projlen=133: 322127 braids
    projlen=134: 207804 braids
    projlen=135: 290042 braids
    projlen=136: 87068 braids
  Braids kept: 1120587 (in 30 buckets, 3.54 GB CPU)
  ⚡ Timing: matmul=0.20s, sampling=14.90s, total=22.35s
============================================================
Level 225 - SAMPLING
============================================================
  Starting braids: 970587
  Candidates to generate: 5081033
  Processing in 51 chunks...
  Projlen distribution:
    projlen=107: 3 braids
    projlen=108: 3 braids
    projlen=109: 31 braids
    projlen=110: 37 braids
    projlen=111: 344 braids
    projlen=112: 370 braids
    projlen=113: 4466 braids
    projlen=114: 4095 braids
    projlen=115: 56185 braids
    projlen=116: 40117 braids
    projlen=117: 268520 braids
    projlen=118: 177208 braids
    projlen=119: 363250 braids
    projlen=120: 172509 braids
    projlen=121: 357432 braids
    projlen=122: 162925 braids
    projlen=123: 352944 braids
    projlen=124: 158256 braids
    projlen=125: 348125 braids
    projlen=126: 164477 braids
    projlen=127: 343444 braids
    projlen=128: 167749 braids
    projlen=129: 341722 braids
    projlen=130: 169067 braids
    projlen=131: 337607 braids
    projlen=132: 182574 braids
    projlen=133: 327091 braids
    projlen=134: 202133 braids
    projlen=135: 291507 braids
    projlen=136: 86842 braids
  Braids kept: 1099466 (in 30 buckets, 3.48 GB CPU)
  ⚡ Timing: matmul=0.26s, sampling=15.09s, total=22.55s
============================================================
Level 226 - SAMPLING
============================================================
  Starting braids: 999466
  Candidates to generate: 5224122
  Processing in 53 chunks...
  Projlen distribution:
    projlen=108: 1 braids
    projlen=109: 24 braids
    projlen=110: 27 braids
    projlen=111: 262 braids
    projlen=112: 273 braids
    projlen=113: 2446 braids
    projlen=114: 2217 braids
    projlen=115: 26506 braids
    projlen=116: 20719 braids
    projlen=117: 250043 braids
    projlen=118: 164666 braids
    projlen=119: 341207 braids
    projlen=120: 174641 braids
    projlen=121: 359351 braids
    projlen=122: 162162 braids
    projlen=123: 353939 braids
    projlen=124: 160432 braids
    projlen=125: 349390 braids
    projlen=126: 158404 braids
    projlen=127: 346369 braids
    projlen=128: 167789 braids
    projlen=129: 341338 braids
    projlen=130: 173445 braids
    projlen=131: 338227 braids
    projlen=132: 174794 braids
    projlen=133: 334697 braids
    projlen=134: 189318 braids
    projlen=135: 318430 braids
    projlen=136: 202670 braids
    projlen=137: 110335 braids
  Braids kept: 1102475 (in 30 buckets, 3.51 GB CPU)
  ⚡ Timing: matmul=0.19s, sampling=16.28s, total=24.06s
============================================================
Level 227 - SAMPLING
============================================================
  Starting braids: 952475
  Candidates to generate: 4959805
  Processing in 50 chunks...
  Projlen distribution:
    projlen=108: 1 braids
    projlen=109: 2 braids
    projlen=110: 5 braids
    projlen=111: 184 braids
    projlen=112: 173 braids
    projlen=113: 1870 braids
    projlen=114: 1707 braids
    projlen=115: 14995 braids
    projlen=116: 11730 braids
    projlen=117: 133982 braids
    projlen=118: 89428 braids
    projlen=119: 295788 braids
    projlen=120: 177749 braids
    projlen=121: 361180 braids
    projlen=122: 165348 braids
    projlen=123: 354461 braids
    projlen=124: 158736 braids
    projlen=125: 349336 braids
    projlen=126: 160710 braids
    projlen=127: 347343 braids
    projlen=128: 160377 braids
    projlen=129: 343542 braids
    projlen=130: 171422 braids
    projlen=131: 337629 braids
    projlen=132: 180672 braids
    projlen=133: 333894 braids
    projlen=134: 182523 braids
    projlen=135: 325122 braids
    projlen=136: 188392 braids
    projlen=137: 111504 braids
  Braids kept: 1080667 (in 30 buckets, 3.45 GB CPU)
  ⚡ Timing: matmul=0.27s, sampling=14.02s, total=21.38s
============================================================
Level 228 - SAMPLING
============================================================
  Starting braids: 980667
  Candidates to generate: 5126603
  Processing in 52 chunks...
  Projlen distribution:
    projlen=109: 3 braids
    projlen=110: 9 braids
    projlen=111: 52 braids
    projlen=112: 60 braids
    projlen=113: 1131 braids
    projlen=114: 1097 braids
    projlen=115: 11635 braids
    projlen=116: 9173 braids
    projlen=117: 77663 braids
    projlen=118: 51564 braids
    projlen=119: 273654 braids
    projlen=120: 179282 braids
    projlen=121: 362525 braids
    projlen=122: 170534 braids
    projlen=123: 356077 braids
    projlen=124: 160622 braids
    projlen=125: 351310 braids
    projlen=126: 158100 braids
    projlen=127: 347323 braids
    projlen=128: 162326 braids
    projlen=129: 344619 braids
    projlen=130: 163290 braids
    projlen=131: 341168 braids
    projlen=132: 177047 braids
    projlen=133: 334739 braids
    projlen=134: 189823 braids
    projlen=135: 328447 braids
    projlen=136: 190186 braids
    projlen=137: 298077 braids
    projlen=138: 85067 braids
  Braids kept: 1123160 (in 30 buckets, 3.60 GB CPU)
  ⚡ Timing: matmul=0.55s, sampling=15.64s, total=23.60s
============================================================
Level 229 - SAMPLING
============================================================
  Starting braids: 973160
  Candidates to generate: 5090742
  Processing in 51 chunks...
  Projlen distribution:
    projlen=109: 1 braids
    projlen=110: 2 braids
    projlen=111: 57 braids
    projlen=112: 63 braids
    projlen=113: 410 braids
    projlen=114: 458 braids
    projlen=115: 6958 braids
    projlen=116: 5893 braids
    projlen=117: 61917 braids
    projlen=118: 42684 braids
    projlen=119: 269291 braids
    projlen=120: 176316 braids
    projlen=121: 362376 braids
    projlen=122: 174970 braids
    projlen=123: 356451 braids
    projlen=124: 162201 braids
    projlen=125: 352833 braids
    projlen=126: 160433 braids
    projlen=127: 348283 braids
    projlen=128: 159162 braids
    projlen=129: 344843 braids
    projlen=130: 165381 braids
    projlen=131: 343073 braids
    projlen=132: 168072 braids
    projlen=133: 338762 braids
    projlen=134: 183459 braids
    projlen=135: 329031 braids
    projlen=136: 196130 braids
    projlen=137: 295403 braids
    projlen=138: 85829 braids
  Braids kept: 1106526 (in 30 buckets, 3.56 GB CPU)
  ⚡ Timing: matmul=0.23s, sampling=15.40s, total=23.08s
============================================================
Level 230 - SAMPLING
============================================================
  Starting braids: 956526
  Candidates to generate: 4996442
  Processing in 50 chunks...
  Projlen distribution:
    projlen=109: 4 braids
    projlen=110: 4 braids
    projlen=111: 21 braids
    projlen=112: 28 braids
    projlen=113: 414 braids
    projlen=114: 398 braids
    projlen=115: 3034 braids
    projlen=116: 2754 braids
    projlen=117: 38484 braids
    projlen=118: 28388 braids
    projlen=119: 256274 braids
    projlen=120: 165705 braids
    projlen=121: 346678 braids
    projlen=122: 173674 braids
    projlen=123: 357651 braids
    projlen=124: 164292 braids
    projlen=125: 352170 braids
    projlen=126: 161094 braids
    projlen=127: 348421 braids
    projlen=128: 161104 braids
    projlen=129: 346871 braids
    projlen=130: 162176 braids
    projlen=131: 342872 braids
    projlen=132: 169119 braids
    projlen=133: 338906 braids
    projlen=134: 173131 braids
    projlen=135: 333137 braids
    projlen=136: 188172 braids
    projlen=137: 296769 braids
    projlen=138: 84697 braids
  Braids kept: 1073529 (in 30 buckets, 3.46 GB CPU)
  ⚡ Timing: matmul=0.25s, sampling=14.74s, total=22.14s
============================================================
Level 231 - SAMPLING
============================================================
  Starting braids: 973529
  Candidates to generate: 5066331
  Processing in 51 chunks...
  Projlen distribution:
    projlen=109: 3 braids
    projlen=110: 3 braids
    projlen=111: 33 braids
    projlen=112: 32 braids
    projlen=113: 165 braids
    projlen=114: 183 braids
    projlen=115: 2656 braids
    projlen=116: 2249 braids
    projlen=117: 19124 braids
    projlen=118: 14705 braids
    projlen=119: 189837 braids
    projlen=120: 122725 braids
    projlen=121: 312656 braids
    projlen=122: 174527 braids
    projlen=123: 360900 braids
    projlen=124: 163263 braids
    projlen=125: 353997 braids
    projlen=126: 162318 braids
    projlen=127: 348975 braids
    projlen=128: 162317 braids
    projlen=129: 345447 braids
    projlen=130: 163451 braids
    projlen=131: 344140 braids
    projlen=132: 165790 braids
    projlen=133: 340551 braids
    projlen=134: 174840 braids
    projlen=135: 335528 braids
    projlen=136: 180241 braids
    projlen=137: 324740 braids
    projlen=138: 188721 braids
    projlen=139: 112214 braids
  Braids kept: 1089153 (in 31 buckets, 3.53 GB CPU)
  ⚡ Timing: matmul=0.43s, sampling=16.12s, total=23.94s
============================================================
Level 232 - SAMPLING
============================================================
  Starting braids: 989153
  Candidates to generate: 5164815
  Processing in 52 chunks...
  Projlen distribution:
    projlen=110: 3 braids
    projlen=111: 24 braids
    projlen=112: 24 braids
    projlen=113: 221 braids
    projlen=114: 198 braids
    projlen=115: 1225 braids
    projlen=116: 1165 braids
    projlen=117: 15320 braids
    projlen=118: 11783 braids
    projlen=119: 98816 braids
    projlen=120: 63784 braids
    projlen=121: 281599 braids
    projlen=122: 176623 braids
    projlen=123: 362468 braids
    projlen=124: 165918 braids
    projlen=125: 357092 braids
    projlen=126: 158484 braids
    projlen=127: 350881 braids
    projlen=128: 163456 braids
    projlen=129: 345890 braids
    projlen=130: 165408 braids
    projlen=131: 342616 braids
    projlen=132: 167349 braids
    projlen=133: 341225 braids
    projlen=134: 171220 braids
    projlen=135: 337833 braids
    projlen=136: 182109 braids
    projlen=137: 330685 braids
    projlen=138: 188096 braids
    projlen=139: 298700 braids
    projlen=140: 84600 braids
  Braids kept: 1129963 (in 31 buckets, 3.68 GB CPU)
  ⚡ Timing: matmul=0.26s, sampling=18.09s, total=26.49s
============================================================
Level 233 - SAMPLING
============================================================
  Starting braids: 979963
  Candidates to generate: 5112137
  Processing in 52 chunks...
  Projlen distribution:
    projlen=110: 1 braids
    projlen=111: 13 braids
    projlen=112: 20 braids
    projlen=113: 156 braids
    projlen=114: 143 braids
    projlen=115: 1414 braids
    projlen=116: 1140 braids
    projlen=117: 7964 braids
    projlen=118: 6316 braids
    projlen=119: 77749 braids
    projlen=120: 52949 braids
    projlen=121: 275116 braids
    projlen=122: 175820 braids
    projlen=123: 363660 braids
    projlen=124: 170224 braids
    projlen=125: 358251 braids
    projlen=126: 158262 braids
    projlen=127: 352665 braids
    projlen=128: 156532 braids
    projlen=129: 347144 braids
    projlen=130: 165057 braids
    projlen=131: 342496 braids
    projlen=132: 169993 braids
    projlen=133: 339788 braids
    projlen=134: 172558 braids
    projlen=135: 337668 braids
    projlen=136: 177694 braids
    projlen=137: 332370 braids
    projlen=138: 187567 braids
    projlen=139: 297318 braids
    projlen=140: 84089 braids
  Braids kept: 1117167 (in 31 buckets, 3.65 GB CPU)
  ⚡ Timing: matmul=0.18s, sampling=17.35s, total=25.38s
============================================================
Level 234 - SAMPLING
============================================================
  Starting braids: 967167
  Candidates to generate: 5046041
  Processing in 51 chunks...
  Projlen distribution:
    projlen=110: 1 braids
    projlen=111: 10 braids
    projlen=112: 9 braids
    projlen=113: 123 braids
    projlen=114: 115 braids
    projlen=115: 972 braids
    projlen=116: 794 braids
    projlen=117: 8300 braids
    projlen=118: 6086 braids
    projlen=119: 43771 braids
    projlen=120: 30094 braids
    projlen=121: 261696 braids
    projlen=122: 176044 braids
    projlen=123: 362326 braids
    projlen=124: 171594 braids
    projlen=125: 359023 braids
    projlen=126: 159605 braids
    projlen=127: 355395 braids
    projlen=128: 155642 braids
    projlen=129: 350517 braids
    projlen=130: 156521 braids
    projlen=131: 345435 braids
    projlen=132: 168686 braids
    projlen=133: 339879 braids
    projlen=134: 175997 braids
    projlen=135: 336337 braids
    projlen=136: 179998 braids
    projlen=137: 333478 braids
    projlen=138: 184090 braids
    projlen=139: 299792 braids
    projlen=140: 83711 braids
  Braids kept: 1090275 (in 31 buckets, 3.57 GB CPU)
  ⚡ Timing: matmul=0.20s, sampling=16.61s, total=24.66s
============================================================
Level 235 - SAMPLING
============================================================
  Starting braids: 990275
  Candidates to generate: 5152573
  Processing in 52 chunks...
  Projlen distribution:
    projlen=111: 8 braids
    projlen=112: 11 braids
    projlen=113: 79 braids
    projlen=114: 65 braids
    projlen=115: 803 braids
    projlen=116: 673 braids
    projlen=117: 5644 braids
    projlen=118: 4318 braids
    projlen=119: 44334 braids
    projlen=120: 30343 braids
    projlen=121: 219647 braids
    projlen=122: 133465 braids
    projlen=123: 315538 braids
    projlen=124: 174433 braids
    projlen=125: 358416 braids
    projlen=126: 160722 braids
    projlen=127: 355180 braids
    projlen=128: 155614 braids
    projlen=129: 351733 braids
    projlen=130: 154774 braids
    projlen=131: 348933 braids
    projlen=132: 157526 braids
    projlen=133: 343676 braids
    projlen=134: 172865 braids
    projlen=135: 336742 braids
    projlen=136: 183788 braids
    projlen=137: 332871 braids
    projlen=138: 188031 braids
    projlen=139: 323264 braids
    projlen=140: 186852 braids
    projlen=141: 112225 braids
  Braids kept: 1136278 (in 31 buckets, 3.73 GB CPU)
  ⚡ Timing: matmul=0.21s, sampling=17.13s, total=25.43s
============================================================
Level 236 - SAMPLING
============================================================
  Starting braids: 986278
  Candidates to generate: 5124404
  Processing in 52 chunks...
  Projlen distribution:
    projlen=112: 3 braids
    projlen=113: 59 braids
    projlen=114: 63 braids
    projlen=115: 501 braids
    projlen=116: 406 braids
    projlen=117: 4737 braids
    projlen=118: 3694 braids
    projlen=119: 30892 braids
    projlen=120: 21633 braids
    projlen=121: 215329 braids
    projlen=122: 134157 braids
    projlen=123: 316030 braids
    projlen=124: 174026 braids
    projlen=125: 361310 braids
    projlen=126: 166074 braids
    projlen=127: 355030 braids
    projlen=128: 156745 braids
    projlen=129: 351803 braids
    projlen=130: 154448 braids
    projlen=131: 350098 braids
    projlen=132: 154092 braids
    projlen=133: 347507 braids
    projlen=134: 159073 braids
    projlen=135: 340773 braids
    projlen=136: 177155 braids
    projlen=137: 332335 braids
    projlen=138: 191493 braids
    projlen=139: 323740 braids
    projlen=140: 190040 braids
    projlen=141: 111158 braids
  Braids kept: 1111988 (in 30 buckets, 3.66 GB CPU)
  ⚡ Timing: matmul=0.19s, sampling=16.11s, total=24.08s
============================================================
Level 237 - SAMPLING
============================================================
  Starting braids: 961988
  Candidates to generate: 4979494
  Processing in 50 chunks...
  Projlen distribution:
    projlen=112: 3 braids
    projlen=113: 7 braids
    projlen=114: 19 braids
    projlen=115: 361 braids
    projlen=116: 345 braids
    projlen=117: 2997 braids
    projlen=118: 2389 braids
    projlen=119: 26135 braids
    projlen=120: 18543 braids
    projlen=121: 151941 braids
    projlen=122: 94394 braids
    projlen=123: 294853 braids
    projlen=124: 174240 braids
    projlen=125: 360299 braids
    projlen=126: 165074 braids
    projlen=127: 357217 braids
    projlen=128: 159132 braids
    projlen=129: 352562 braids
    projlen=130: 156025 braids
    projlen=131: 350649 braids
    projlen=132: 154639 braids
    projlen=133: 348842 braids
    projlen=134: 154046 braids
    projlen=135: 346432 braids
    projlen=136: 160852 braids
    projlen=137: 338948 braids
    projlen=138: 183148 braids
    projlen=139: 323063 braids
    projlen=140: 191804 braids
    projlen=141: 110535 braids
  Braids kept: 1100799 (in 30 buckets, 3.63 GB CPU)
  ⚡ Timing: matmul=0.23s, sampling=15.61s, total=23.29s
============================================================
Level 238 - SAMPLING
============================================================
  Starting braids: 950799
  Candidates to generate: 4907587
  Processing in 50 chunks...
  Projlen distribution:
    projlen=112: 2 braids
    projlen=113: 11 braids
    projlen=114: 20 braids
    projlen=115: 102 braids
    projlen=116: 127 braids
    projlen=117: 2101 braids
    projlen=118: 1851 braids
    projlen=119: 17022 braids
    projlen=120: 12274 braids
    projlen=121: 128857 braids
    projlen=122: 82355 braids
    projlen=123: 287793 braids
    projlen=124: 173062 braids
    projlen=125: 360698 braids
    projlen=126: 167660 braids
    projlen=127: 357681 braids
    projlen=128: 158336 braids
    projlen=129: 353830 braids
    projlen=130: 157108 braids
    projlen=131: 349589 braids
    projlen=132: 155793 braids
    projlen=133: 349191 braids
    projlen=134: 154416 braids
    projlen=135: 348585 braids
    projlen=136: 153982 braids
    projlen=137: 345763 braids
    projlen=138: 163460 braids
    projlen=139: 332049 braids
    projlen=140: 181589 braids
    projlen=141: 112280 braids
  Braids kept: 1083510 (in 30 buckets, 3.58 GB CPU)
  ⚡ Timing: matmul=0.17s, sampling=14.41s, total=21.78s
============================================================
Level 239 - SAMPLING
============================================================
  Starting braids: 983510
  Candidates to generate: 5076424
  Processing in 51 chunks...
  Projlen distribution:
    projlen=112: 1 braids
    projlen=113: 9 braids
    projlen=114: 14 braids
    projlen=115: 117 braids
    projlen=116: 131 braids
    projlen=117: 802 braids
    projlen=118: 782 braids
    projlen=119: 12063 braids
    projlen=120: 9260 braids
    projlen=121: 84953 braids
    projlen=122: 54658 braids
    projlen=123: 273832 braids
    projlen=124: 174244 braids
    projlen=125: 362392 braids
    projlen=126: 168842 braids
    projlen=127: 356773 braids
    projlen=128: 158532 braids
    projlen=129: 352863 braids
    projlen=130: 155239 braids
    projlen=131: 349763 braids
    projlen=132: 156155 braids
    projlen=133: 348192 braids
    projlen=134: 156437 braids
    projlen=135: 347670 braids
    projlen=136: 154428 braids
    projlen=137: 347159 braids
    projlen=138: 154407 braids
    projlen=139: 343554 braids
    projlen=140: 165502 braids
    projlen=141: 305507 braids
    projlen=142: 82143 braids
  Braids kept: 1123179 (in 31 buckets, 3.73 GB CPU)
  ⚡ Timing: matmul=0.27s, sampling=15.59s, total=23.51s
============================================================
Level 240 - SAMPLING
============================================================
  Starting braids: 973179
  Candidates to generate: 5024179
  Processing in 51 chunks...
  Projlen distribution:
    projlen=113: 6 braids
    projlen=114: 7 braids
    projlen=115: 88 braids
    projlen=116: 86 braids
    projlen=117: 849 braids
    projlen=118: 748 braids
    projlen=119: 5509 braids
    projlen=120: 4333 braids
    projlen=121: 61306 braids
    projlen=122: 42307 braids
    projlen=123: 265997 braids
    projlen=124: 174062 braids
    projlen=125: 362341 braids
    projlen=126: 171025 braids
    projlen=127: 358847 braids
    projlen=128: 159880 braids
    projlen=129: 353886 braids
    projlen=130: 155608 braids
    projlen=131: 351649 braids
    projlen=132: 154943 braids
    projlen=133: 348794 braids
    projlen=134: 157201 braids
    projlen=135: 347268 braids
    projlen=136: 158359 braids
    projlen=137: 347083 braids
    projlen=138: 154946 braids
    projlen=139: 345534 braids
    projlen=140: 153534 braids
    projlen=141: 307725 braids
    projlen=142: 80258 braids
  Braids kept: 1103933 (in 30 buckets, 3.68 GB CPU)
  ⚡ Timing: matmul=0.18s, sampling=15.48s, total=23.20s
============================================================
Level 241 - SAMPLING
============================================================
  Starting braids: 953933
  Candidates to generate: 4934543
  Processing in 50 chunks...
  Projlen distribution:
    projlen=115: 56 braids
    projlen=116: 53 braids
    projlen=117: 617 braids
    projlen=118: 549 braids
    projlen=119: 5249 braids
    projlen=120: 4068 braids
    projlen=121: 30962 braids
    projlen=122: 21557 braids
    projlen=123: 249298 braids
    projlen=124: 165098 braids
    projlen=125: 342166 braids
    projlen=126: 172141 braids
    projlen=127: 358526 braids
    projlen=128: 160542 braids
    projlen=129: 355081 braids
    projlen=130: 156850 braids
    projlen=131: 351343 braids
    projlen=132: 155151 braids
    projlen=133: 350465 braids
    projlen=134: 154900 braids
    projlen=135: 347855 braids
    projlen=136: 158268 braids
    projlen=137: 345713 braids
    projlen=138: 160512 braids
    projlen=139: 344668 braids
    projlen=140: 154561 braids
    projlen=141: 307977 braids
    projlen=142: 80317 braids
  Braids kept: 1063111 (in 28 buckets, 3.55 GB CPU)
  ⚡ Timing: matmul=0.20s, sampling=14.83s, total=22.40s
============================================================
Level 242 - SAMPLING
============================================================
  Starting braids: 963111
  Candidates to generate: 4949759
  Processing in 50 chunks...
  Projlen distribution:
    projlen=115: 10 braids
    projlen=116: 19 braids
    projlen=117: 359 braids
    projlen=118: 361 braids
    projlen=119: 3778 braids
    projlen=120: 3065 braids
    projlen=121: 29130 braids
    projlen=122: 20458 braids
    projlen=123: 154959 braids
    projlen=124: 94875 braids
    projlen=125: 295085 braids
    projlen=126: 176088 braids
    projlen=127: 358113 braids
    projlen=128: 163151 braids
    projlen=129: 354638 braids
    projlen=130: 156933 braids
    projlen=131: 352051 braids
    projlen=132: 156167 braids
    projlen=133: 349501 braids
    projlen=134: 155160 braids
    projlen=135: 348807 braids
    projlen=136: 154796 braids
    projlen=137: 347607 braids
    projlen=138: 160275 braids
    projlen=139: 344187 braids
    projlen=140: 162380 braids
    projlen=141: 337861 braids
    projlen=142: 153603 braids
    projlen=143: 116342 braids
  Braids kept: 1107180 (in 29 buckets, 3.71 GB CPU)
  ⚡ Timing: matmul=0.20s, sampling=14.79s, total=22.40s
============================================================
Level 243 - SAMPLING
============================================================
  Starting braids: 957180
  Candidates to generate: 4927380
  Processing in 50 chunks...
  Projlen distribution:
    projlen=115: 2 braids
    projlen=116: 7 braids
    projlen=117: 125 braids
    projlen=118: 158 braids
    projlen=119: 2263 braids
    projlen=120: 2044 braids
    projlen=121: 21300 braids
    projlen=122: 15514 braids
    projlen=123: 143375 braids
    projlen=124: 90601 braids
    projlen=125: 291867 braids
    projlen=126: 172842 braids
    projlen=127: 361443 braids
    projlen=128: 169548 braids
    projlen=129: 355311 braids
    projlen=130: 159378 braids
    projlen=131: 351362 braids
    projlen=132: 155955 braids
    projlen=133: 348813 braids
    projlen=134: 155834 braids
    projlen=135: 348836 braids
    projlen=136: 155997 braids
    projlen=137: 348158 braids
    projlen=138: 155590 braids
    projlen=139: 346529 braids
    projlen=140: 161854 braids
    projlen=141: 337163 braids
    projlen=142: 160940 braids
    projlen=143: 114571 braids
  Braids kept: 1091413 (in 29 buckets, 3.67 GB CPU)
  ⚡ Timing: matmul=0.18s, sampling=14.39s, total=21.66s
============================================================
Level 244 - SAMPLING
============================================================
  Starting braids: 991413
  Candidates to generate: 5126201
  Processing in 52 chunks...
  Projlen distribution:
    projlen=116: 3 braids
    projlen=117: 38 braids
    projlen=118: 65 braids
    projlen=119: 1002 braids
    projlen=120: 1026 braids
    projlen=121: 13382 braids
    projlen=122: 10584 braids
    projlen=123: 105588 braids
    projlen=124: 68325 braids
    projlen=125: 280487 braids
    projlen=126: 174111 braids
    projlen=127: 360721 braids
    projlen=128: 167682 braids
    projlen=129: 356541 braids
    projlen=130: 161087 braids
    projlen=131: 351736 braids
    projlen=132: 158835 braids
    projlen=133: 348602 braids
    projlen=134: 156427 braids
    projlen=135: 348383 braids
    projlen=136: 157244 braids
    projlen=137: 348178 braids
    projlen=138: 156896 braids
    projlen=139: 347594 braids
    projlen=140: 156874 braids
    projlen=141: 342950 braids
    projlen=142: 162904 braids
    projlen=143: 306650 braids
    projlen=144: 82286 braids
  Braids kept: 1126100 (in 29 buckets, 3.80 GB CPU)
  ⚡ Timing: matmul=0.19s, sampling=16.19s, total=24.05s
============================================================
Level 245 - SAMPLING
============================================================
  Starting braids: 976100
  Candidates to generate: 5050388
  Processing in 51 chunks...
  Projlen distribution:
    projlen=116: 1 braids
    projlen=117: 21 braids
    projlen=118: 42 braids
    projlen=119: 388 braids
    projlen=120: 475 braids
    projlen=121: 6594 braids
    projlen=122: 5545 braids
    projlen=123: 68476 braids
    projlen=124: 47448 braids
    projlen=125: 269703 braids
    projlen=126: 174622 braids
    projlen=127: 360937 braids
    projlen=128: 169766 braids
    projlen=129: 358325 braids
    projlen=130: 159624 braids
    projlen=131: 353574 braids
    projlen=132: 158899 braids
    projlen=133: 348085 braids
    projlen=134: 159519 braids
    projlen=135: 347501 braids
    projlen=136: 157914 braids
    projlen=137: 347485 braids
    projlen=138: 158549 braids
    projlen=139: 347453 braids
    projlen=140: 159046 braids
    projlen=141: 345443 braids
    projlen=142: 156530 braids
    projlen=143: 307637 braids
    projlen=144: 80786 braids
  Braids kept: 1110514 (in 29 buckets, 3.76 GB CPU)
  ⚡ Timing: matmul=0.25s, sampling=15.34s, total=23.02s
============================================================
Level 246 - SAMPLING
============================================================
  Starting braids: 960514
  Candidates to generate: 4980338
  Processing in 50 chunks...
  Projlen distribution:
    projlen=117: 6 braids
    projlen=118: 14 braids
    projlen=119: 228 braids
    projlen=120: 301 braids
    projlen=121: 3052 braids
    projlen=122: 2828 braids
    projlen=123: 36288 braids
    projlen=124: 26487 braids
    projlen=125: 257091 braids
    projlen=126: 174814 braids
    projlen=127: 357232 braids
    projlen=128: 172546 braids
    projlen=129: 358224 braids
    projlen=130: 160362 braids
    projlen=131: 354149 braids
    projlen=132: 156538 braids
    projlen=133: 350182 braids
    projlen=134: 159025 braids
    projlen=135: 345650 braids
    projlen=136: 161715 braids
    projlen=137: 344954 braids
    projlen=138: 160626 braids
    projlen=139: 345851 braids
    projlen=140: 160074 braids
    projlen=141: 344679 braids
    projlen=142: 159381 braids
    projlen=143: 307080 braids
    projlen=144: 80961 braids
  Braids kept: 1069204 (in 28 buckets, 3.63 GB CPU)
  ⚡ Timing: matmul=0.23s, sampling=15.41s, total=22.97s
============================================================
Level 247 - SAMPLING
============================================================
  Starting braids: 969204
  Candidates to generate: 5006828
  Processing in 51 chunks...
  Projlen distribution:
    projlen=118: 5 braids
    projlen=119: 71 braids
    projlen=120: 112 braids
    projlen=121: 1876 braids
    projlen=122: 1862 braids
    projlen=123: 18784 braids
    projlen=124: 14871 braids
    projlen=125: 179544 braids
    projlen=126: 115417 braids
    projlen=127: 306715 braids
    projlen=128: 177724 braids
    projlen=129: 359076 braids
    projlen=130: 163066 braids
    projlen=131: 355005 braids
    projlen=132: 158019 braids
    projlen=133: 351495 braids
    projlen=134: 155970 braids
    projlen=135: 348811 braids
    projlen=136: 160423 braids
    projlen=137: 343996 braids
    projlen=138: 166012 braids
    projlen=139: 343840 braids
    projlen=140: 164615 braids
    projlen=141: 343959 braids
    projlen=142: 162866 braids
    projlen=143: 337153 braids
    projlen=144: 159512 braids
    projlen=145: 116029 braids
  Braids kept: 1087581 (in 28 buckets, 3.71 GB CPU)
  ⚡ Timing: matmul=0.19s, sampling=16.24s, total=23.92s
============================================================
Level 248 - SAMPLING
============================================================
  Starting braids: 987581
  Candidates to generate: 5131013
  Processing in 52 chunks...
  Projlen distribution:
    projlen=118: 3 braids
    projlen=119: 19 braids
    projlen=120: 41 braids
    projlen=121: 707 braids
    projlen=122: 814 braids
    projlen=123: 12130 braids
    projlen=124: 9869 braids
    projlen=125: 96819 braids
    projlen=126: 63932 braids
    projlen=127: 281258 braids
    projlen=128: 175930 braids
    projlen=129: 361796 braids
    projlen=130: 170901 braids
    projlen=131: 355007 braids
    projlen=132: 159878 braids
    projlen=133: 352370 braids
    projlen=134: 157969 braids
    projlen=135: 348956 braids
    projlen=136: 155500 braids
    projlen=137: 346988 braids
    projlen=138: 162014 braids
    projlen=139: 342297 braids
    projlen=140: 171503 braids
    projlen=141: 340705 braids
    projlen=142: 169582 braids
    projlen=143: 339664 braids
    projlen=144: 166046 braids
    projlen=145: 306181 braids
    projlen=146: 82134 braids
  Braids kept: 1123583 (in 29 buckets, 3.85 GB CPU)
  ⚡ Timing: matmul=0.19s, sampling=17.13s, total=25.03s
============================================================
Level 249 - SAMPLING
============================================================
  Starting braids: 973583
  Candidates to generate: 5067507
  Processing in 51 chunks...
  Projlen distribution:
    projlen=118: 1 braids
    projlen=119: 22 braids
    projlen=120: 34 braids
    projlen=121: 283 braids
    projlen=122: 379 braids
    projlen=123: 5185 braids
    projlen=124: 4788 braids
    projlen=125: 64380 braids
    projlen=126: 44836 braids
    projlen=127: 272048 braids
    projlen=128: 176620 braids
    projlen=129: 364576 braids
    projlen=130: 170546 braids
    projlen=131: 357816 braids
    projlen=132: 164554 braids
    projlen=133: 351025 braids
    projlen=134: 159444 braids
    projlen=135: 348424 braids
    projlen=136: 158081 braids
    projlen=137: 348208 braids
    projlen=138: 156917 braids
    projlen=139: 344921 braids
    projlen=140: 164661 braids
    projlen=141: 339323 braids
    projlen=142: 176662 braids
    projlen=143: 335232 braids
    projlen=144: 174018 braids
    projlen=145: 302237 braids
    projlen=146: 82286 braids
  Braids kept: 1105528 (in 29 buckets, 3.80 GB CPU)
  ⚡ Timing: matmul=0.22s, sampling=15.94s, total=23.76s
============================================================
Level 250 - SAMPLING
============================================================
  Starting braids: 955528
  Candidates to generate: 4980134
  Processing in 50 chunks...
  Projlen distribution:
    projlen=119: 11 braids
    projlen=120: 17 braids
    projlen=121: 205 braids
    projlen=122: 238 braids
    projlen=123: 2471 braids
    projlen=124: 2521 braids
    projlen=125: 30515 braids
    projlen=126: 23553 braids
    projlen=127: 256468 braids
    projlen=128: 170028 braids
    projlen=129: 352472 braids
    projlen=130: 172753 braids
    projlen=131: 360828 braids
    projlen=132: 160405 braids
    projlen=133: 352797 braids
    projlen=134: 163119 braids
    projlen=135: 347476 braids
    projlen=136: 161402 braids
    projlen=137: 346508 braids
    projlen=138: 159819 braids
    projlen=139: 346149 braids
    projlen=140: 158729 braids
    projlen=141: 343244 braids
    projlen=142: 168488 braids
    projlen=143: 335864 braids
    projlen=144: 181725 braids
    projlen=145: 298680 braids
    projlen=146: 83649 braids
  Braids kept: 1059531 (in 28 buckets, 3.65 GB CPU)
  ⚡ Timing: matmul=0.23s, sampling=15.26s, total=22.87s
============================================================
Level 251 - SAMPLING
============================================================
  Starting braids: 959531
  Candidates to generate: 4975277
  Processing in 50 chunks...
  Projlen distribution:
    projlen=118: 1 braids
    projlen=119: 5 braids
    projlen=120: 10 braids
    projlen=121: 115 braids
    projlen=122: 128 braids
    projlen=123: 1510 braids
    projlen=124: 1585 braids
    projlen=125: 16275 braids
    projlen=126: 13584 braids
    projlen=127: 154607 braids
    projlen=128: 101177 braids
    projlen=129: 301165 braids
    projlen=130: 174820 braids
    projlen=131: 362070 braids
    projlen=132: 162490 braids
    projlen=133: 355962 braids
    projlen=134: 156150 braids
    projlen=135: 349086 braids
    projlen=136: 164089 braids
    projlen=137: 345314 braids
    projlen=138: 165196 braids
    projlen=139: 343773 braids
    projlen=140: 162518 braids
    projlen=141: 344144 braids
    projlen=142: 161802 braids
    projlen=143: 341328 braids
    projlen=144: 172573 braids
    projlen=145: 327787 braids
    projlen=146: 183300 braids
    projlen=147: 112713 braids
  Braids kept: 1083213 (in 30 buckets, 3.76 GB CPU)
  ⚡ Timing: matmul=0.22s, sampling=16.48s, total=24.35s
============================================================
Level 252 - SAMPLING
============================================================
  Starting braids: 983213
  Candidates to generate: 5113339
  Processing in 52 chunks...
  Projlen distribution:
    projlen=119: 4 braids
    projlen=120: 8 braids
    projlen=121: 69 braids
    projlen=122: 91 braids
    projlen=123: 879 braids
    projlen=124: 869 braids
    projlen=125: 9848 braids
    projlen=126: 8649 braids
    projlen=127: 85222 braids
    projlen=128: 59182 braids
    projlen=129: 279950 braids
    projlen=130: 177605 braids
    projlen=131: 362616 braids
    projlen=132: 166777 braids
    projlen=133: 355647 braids
    projlen=134: 156927 braids
    projlen=135: 351536 braids
    projlen=136: 154613 braids
    projlen=137: 347211 braids
    projlen=138: 166987 braids
    projlen=139: 342273 braids
    projlen=140: 170267 braids
    projlen=141: 340853 braids
    projlen=142: 167074 braids
    projlen=143: 341844 braids
    projlen=144: 165570 braids
    projlen=145: 337205 braids
    projlen=146: 177165 braids
    projlen=147: 302200 braids
    projlen=148: 84198 braids
  Braids kept: 1120417 (in 30 buckets, 3.90 GB CPU)
  ⚡ Timing: matmul=0.18s, sampling=16.51s, total=24.56s
============================================================
Level 253 - SAMPLING
============================================================
  Starting braids: 970417
  Candidates to generate: 5058065
  Processing in 51 chunks...
  Projlen distribution:
    projlen=119: 3 braids
    projlen=120: 8 braids
    projlen=121: 53 braids
    projlen=122: 62 braids
    projlen=123: 568 braids
    projlen=124: 570 braids
    projlen=125: 5777 braids
    projlen=126: 4915 braids
    projlen=127: 52529 braids
    projlen=128: 39491 braids
    projlen=129: 268296 braids
    projlen=130: 182919 braids
    projlen=131: 364296 braids
    projlen=132: 172251 braids
    projlen=133: 358655 braids
    projlen=134: 158560 braids
    projlen=135: 353494 braids
    projlen=136: 155437 braids
    projlen=137: 349742 braids
    projlen=138: 154545 braids
    projlen=139: 346089 braids
    projlen=140: 170569 braids
    projlen=141: 339099 braids
    projlen=142: 176216 braids
    projlen=143: 337963 braids
    projlen=144: 173194 braids
    projlen=145: 337796 braids
    projlen=146: 169327 braids
    projlen=147: 303554 braids
    projlen=148: 82087 braids
  Braids kept: 1101447 (in 30 buckets, 3.84 GB CPU)
  ⚡ Timing: matmul=0.21s, sampling=16.38s, total=24.23s
============================================================
Level 254 - SAMPLING
============================================================
  Starting braids: 951447
  Candidates to generate: 4973877
  Processing in 50 chunks...
  Projlen distribution:
    projlen=119: 1 braids
    projlen=120: 6 braids
    projlen=121: 47 braids
    projlen=122: 53 braids
    projlen=123: 461 braids
    projlen=124: 446 braids
    projlen=125: 3789 braids
    projlen=126: 3235 braids
    projlen=127: 32630 braids
    projlen=128: 24490 braids
    projlen=129: 247022 braids
    projlen=130: 168441 braids
    projlen=131: 337256 braids
    projlen=132: 180644 braids
    projlen=133: 358082 braids
    projlen=134: 161835 braids
    projlen=135: 354701 braids
    projlen=136: 155713 braids
    projlen=137: 351791 braids
    projlen=138: 155055 braids
    projlen=139: 349089 braids
    projlen=140: 154978 braids
    projlen=141: 344127 braids
    projlen=142: 175067 braids
    projlen=143: 336032 braids
    projlen=144: 183931 braids
    projlen=145: 332701 braids
    projlen=146: 179361 braids
    projlen=147: 300078 braids
    projlen=148: 82815 braids
  Braids kept: 1065158 (in 30 buckets, 3.73 GB CPU)
  ⚡ Timing: matmul=0.22s, sampling=16.92s, total=24.87s
============================================================
Level 255 - SAMPLING
============================================================
  Starting braids: 965158
  Candidates to generate: 5019150
  Processing in 51 chunks...
  Projlen distribution:
    projlen=119: 4 braids
    projlen=120: 7 braids
    projlen=121: 32 braids
    projlen=122: 47 braids
    projlen=123: 355 braids
    projlen=124: 308 braids
    projlen=125: 3088 braids
    projlen=126: 2631 braids
    projlen=127: 22296 braids
    projlen=128: 16458 braids
    projlen=129: 161293 braids
    projlen=130: 105524 braids
    projlen=131: 299838 braids
    projlen=132: 184971 braids
    projlen=133: 357076 braids
    projlen=134: 172137 braids
    projlen=135: 352847 braids
    projlen=136: 159155 braids
    projlen=137: 350818 braids
    projlen=138: 154300 braids
    projlen=139: 349787 braids
    projlen=140: 154818 braids
    projlen=141: 348334 braids
    projlen=142: 155661 braids
    projlen=143: 343220 braids
    projlen=144: 179837 braids
    projlen=145: 332033 braids
    projlen=146: 193092 braids
    projlen=147: 322009 braids
    projlen=148: 184726 braids
    projlen=149: 112448 braids
  Braids kept: 1095226 (in 31 buckets, 3.85 GB CPU)
  ⚡ Timing: matmul=0.18s, sampling=17.60s, total=25.68s
============================================================
Level 256 - SAMPLING
============================================================
  Starting braids: 995226
  Candidates to generate: 5190776
  Processing in 52 chunks...
  Projlen distribution:
    projlen=120: 4 braids
    projlen=121: 42 braids
    projlen=122: 47 braids
    projlen=123: 287 braids
    projlen=124: 271 braids
    projlen=125: 2194 braids
    projlen=126: 1824 braids
    projlen=127: 18245 braids
    projlen=128: 13630 braids
    projlen=129: 111595 braids
    projlen=130: 71550 braids
    projlen=131: 282469 braids
    projlen=132: 178239 braids
    projlen=133: 358539 braids
    projlen=134: 178944 braids
    projlen=135: 352026 braids
    projlen=136: 169926 braids
    projlen=137: 348226 braids
    projlen=138: 160395 braids
    projlen=139: 348473 braids
    projlen=140: 154567 braids
    projlen=141: 348336 braids
    projlen=142: 154524 braids
    projlen=143: 347336 braids
    projlen=144: 156530 braids
    projlen=145: 340470 braids
    projlen=146: 184495 braids
    projlen=147: 326991 braids
    projlen=148: 201618 braids
    projlen=149: 292786 braids
    projlen=150: 86197 braids
  Braids kept: 1136544 (in 31 buckets, 4.01 GB CPU)
  ⚡ Timing: matmul=0.24s, sampling=17.02s, total=25.09s
============================================================
Level 257 - SAMPLING
============================================================
  Starting braids: 986544
  Candidates to generate: 5138682
  Processing in 52 chunks...
  Projlen distribution:
    projlen=120: 2 braids
    projlen=121: 10 braids
    projlen=122: 28 braids
    projlen=123: 263 braids
    projlen=124: 262 braids
    projlen=125: 1854 braids
    projlen=126: 1569 braids
    projlen=127: 12797 braids
    projlen=128: 9536 braids
    projlen=129: 92740 braids
    projlen=130: 61159 braids
    projlen=131: 276992 braids
    projlen=132: 174688 braids
    projlen=133: 362953 braids
    projlen=134: 174693 braids
    projlen=135: 352985 braids
    projlen=136: 172787 braids
    projlen=137: 346500 braids
    projlen=138: 173173 braids
    projlen=139: 343416 braids
    projlen=140: 163092 braids
    projlen=141: 346371 braids
    projlen=142: 155488 braids
    projlen=143: 348622 braids
    projlen=144: 155768 braids
    projlen=145: 346365 braids
    projlen=146: 157269 braids
    projlen=147: 337304 braids
    projlen=148: 187662 braids
    projlen=149: 296881 braids
    projlen=150: 85453 braids
  Braids kept: 1126321 (in 31 buckets, 3.98 GB CPU)
  ⚡ Timing: matmul=0.19s, sampling=17.92s, total=26.05s
============================================================
Level 258 - SAMPLING
============================================================
  Starting braids: 976321
  Candidates to generate: 5079681
  Processing in 51 chunks...
  Projlen distribution:
    projlen=120: 1 braids
    projlen=121: 6 braids
    projlen=122: 9 braids
    projlen=123: 112 braids
    projlen=124: 158 braids
    projlen=125: 1474 braids
    projlen=126: 1468 braids
    projlen=127: 10791 braids
    projlen=128: 8314 braids
    projlen=129: 65859 braids
    projlen=130: 43944 braids
    projlen=131: 268784 braids
    projlen=132: 175980 braids
    projlen=133: 361818 braids
    projlen=134: 170906 braids
    projlen=135: 357723 braids
    projlen=136: 165335 braids
    projlen=137: 348802 braids
    projlen=138: 173769 braids
    projlen=139: 340598 braids
    projlen=140: 179017 braids
    projlen=141: 339102 braids
    projlen=142: 168474 braids
    projlen=143: 344352 braids
    projlen=144: 157455 braids
    projlen=145: 347433 braids
    projlen=146: 156871 braids
    projlen=147: 344829 braids
    projlen=148: 158476 braids
    projlen=149: 306771 braids
    projlen=150: 81050 braids
  Braids kept: 1116277 (in 31 buckets, 3.96 GB CPU)
  ⚡ Timing: matmul=0.22s, sampling=18.57s, total=27.00s
============================================================
Level 259 - SAMPLING
============================================================
  Starting braids: 966277
  Candidates to generate: 5046209
  Processing in 51 chunks...
  Projlen distribution:
    projlen=120: 1 braids
    projlen=121: 7 braids
    projlen=122: 10 braids
    projlen=123: 64 braids
    projlen=124: 70 braids
    projlen=125: 737 braids
    projlen=126: 925 braids
    projlen=127: 8135 braids
    projlen=128: 7593 braids
    projlen=129: 56622 braids
    projlen=130: 40404 braids
    projlen=131: 259137 braids
    projlen=132: 167130 braids
    projlen=133: 347199 braids
    projlen=134: 173432 braids
    projlen=135: 359282 braids
    projlen=136: 161393 braids
    projlen=137: 352976 braids
    projlen=138: 163254 braids
    projlen=139: 344166 braids
    projlen=140: 178245 braids
    projlen=141: 335932 braids
    projlen=142: 186943 braids
    projlen=143: 335115 braids
    projlen=144: 176599 braids
    projlen=145: 341290 braids
    projlen=146: 160567 braids
    projlen=147: 344297 braids
    projlen=148: 156249 braids
    projlen=149: 307574 braids
    projlen=150: 80861 braids
  Braids kept: 1107946 (in 31 buckets, 3.93 GB CPU)
  ⚡ Timing: matmul=0.20s, sampling=18.19s, total=26.52s
============================================================
Level 260 - SAMPLING
============================================================
  Starting braids: 957946
  Candidates to generate: 5022556
  Processing in 51 chunks...
  Projlen distribution:
    projlen=120: 2 braids
    projlen=121: 3 braids
    projlen=122: 8 braids
    projlen=123: 73 braids
    projlen=124: 64 braids
    projlen=125: 464 braids
    projlen=126: 434 braids
    projlen=127: 4585 braids
    projlen=128: 4865 braids
    projlen=129: 42973 braids
    projlen=130: 36804 braids
    projlen=131: 250452 braids
    projlen=132: 168122 braids
    projlen=133: 337975 braids
    projlen=134: 176638 braids
    projlen=135: 358617 braids
    projlen=136: 163395 braids
    projlen=137: 354538 braids
    projlen=138: 158190 braids
    projlen=139: 348980 braids
    projlen=140: 164250 braids
    projlen=141: 339429 braids
    projlen=142: 183316 braids
    projlen=143: 329612 braids
    projlen=144: 195254 braids
    projlen=145: 330392 braids
    projlen=146: 186402 braids
    projlen=147: 336182 braids
    projlen=148: 163753 braids
    projlen=149: 305514 braids
    projlen=150: 81270 braids
  Braids kept: 1090275 (in 31 buckets, 3.88 GB CPU)
  ⚡ Timing: matmul=0.18s, sampling=17.79s, total=25.85s
============================================================
Level 261 - SAMPLING
============================================================
  Starting braids: 990275
  Candidates to generate: 5177901
  Processing in 52 chunks...
  Projlen distribution:
    projlen=120: 1 braids
    projlen=121: 5 braids
    projlen=122: 8 braids
    projlen=123: 42 braids
    projlen=124: 38 braids
    projlen=125: 485 braids
    projlen=126: 398 braids
    projlen=127: 3054 braids
    projlen=128: 2517 braids
    projlen=129: 26044 braids
    projlen=130: 24199 braids
    projlen=131: 209754 braids
    projlen=132: 161223 braids
    projlen=133: 323266 braids
    projlen=134: 184907 braids
    projlen=135: 354748 braids
    projlen=136: 167949 braids
    projlen=137: 354686 braids
    projlen=138: 159356 braids
    projlen=139: 350774 braids
    projlen=140: 157765 braids
    projlen=141: 345625 braids
    projlen=142: 167193 braids
    projlen=143: 336547 braids
    projlen=144: 189323 braids
    projlen=145: 325555 braids
    projlen=146: 204461 braids
    projlen=147: 323523 braids
    projlen=148: 197727 braids
    projlen=149: 325515 braids
    projlen=150: 167668 braids
    projlen=151: 113545 braids
  Braids kept: 1106791 (in 32 buckets, 3.96 GB CPU)
  ⚡ Timing: matmul=0.23s, sampling=19.05s, total=27.54s
============================================================
Level 262 - SAMPLING
============================================================
  Starting braids: 956791
  Candidates to generate: 5023085
  Processing in 51 chunks...
  Projlen distribution:
    projlen=121: 4 braids
    projlen=122: 2 braids
    projlen=123: 53 braids
    projlen=124: 40 braids
    projlen=125: 277 braids
    projlen=126: 234 braids
    projlen=127: 2856 braids
    projlen=128: 2280 braids
    projlen=129: 18025 braids
    projlen=130: 13105 braids
    projlen=131: 129261 braids
    projlen=132: 103780 braids
    projlen=133: 289975 braids
    projlen=134: 201621 braids
    projlen=135: 347368 braids
    projlen=136: 181568 braids
    projlen=137: 349834 braids
    projlen=138: 165836 braids
    projlen=139: 349727 braids
    projlen=140: 158973 braids
    projlen=141: 349152 braids
    projlen=142: 158860 braids
    projlen=143: 344336 braids
    projlen=144: 171758 braids
    projlen=145: 332689 braids
    projlen=146: 196342 braids
    projlen=147: 320708 braids
    projlen=148: 213333 braids
    projlen=149: 311619 braids
    projlen=150: 201166 braids
    projlen=151: 108303 braids
  Braids kept: 1086876 (in 31 buckets, 3.89 GB CPU)
  ⚡ Timing: matmul=0.18s, sampling=18.55s, total=26.92s
============================================================
Level 263 - SAMPLING
============================================================
  Starting braids: 986876
  Candidates to generate: 5208690
  Processing in 53 chunks...
  Projlen distribution:
    projlen=121: 3 braids
    projlen=122: 3 braids
    projlen=123: 18 braids
    projlen=124: 18 braids
    projlen=125: 306 braids
    projlen=126: 248 braids
    projlen=127: 1688 braids
    projlen=128: 1360 braids
    projlen=129: 15983 braids
    projlen=130: 11661 braids
    projlen=131: 92451 braids
    projlen=132: 58890 braids
    projlen=133: 265974 braids
    projlen=134: 202346 braids
    projlen=135: 345122 braids
    projlen=136: 200472 braids
    projlen=137: 341373 braids
    projlen=138: 183141 braids
    projlen=139: 342711 braids
    projlen=140: 168841 braids
    projlen=141: 344980 braids
    projlen=142: 160538 braids
    projlen=143: 346958 braids
    projlen=144: 160544 braids
    projlen=145: 341880 braids
    projlen=146: 176742 braids
    projlen=147: 330957 braids
    projlen=148: 204374 braids
    projlen=149: 315012 braids
    projlen=150: 220878 braids
    projlen=151: 283695 braids
    projlen=152: 89523 braids
  Braids kept: 1131288 (in 32 buckets, 4.07 GB CPU)
  ⚡ Timing: matmul=0.18s, sampling=19.05s, total=27.57s
============================================================
Level 264 - SAMPLING
============================================================
  Starting braids: 981288
  Candidates to generate: 5180314
  Processing in 52 chunks...
  Projlen distribution:
    projlen=123: 19 braids
    projlen=124: 19 braids
    projlen=125: 105 braids
    projlen=126: 108 braids
    projlen=127: 1710 braids
    projlen=128: 1373 braids
    projlen=129: 9871 braids
    projlen=130: 7266 braids
    projlen=131: 81024 braids
    projlen=132: 53721 braids
    projlen=133: 274274 braids
    projlen=134: 175712 braids
    projlen=135: 354163 braids
    projlen=136: 201430 braids
    projlen=137: 337164 braids
    projlen=138: 199710 braids
    projlen=139: 333330 braids
    projlen=140: 190657 braids
    projlen=141: 336358 braids
    projlen=142: 175442 braids
    projlen=143: 341649 braids
    projlen=144: 164347 braids
    projlen=145: 344456 braids
    projlen=146: 163266 braids
    projlen=147: 339687 braids
    projlen=148: 182611 braids
    projlen=149: 326306 braids
    projlen=150: 208795 braids
    projlen=151: 287538 braids
    projlen=152: 88203 braids
  Braids kept: 1120471 (in 30 buckets, 4.04 GB CPU)
  ⚡ Timing: matmul=0.23s, sampling=21.22s, total=30.18s
============================================================
Level 265 - SAMPLING
============================================================
  Starting braids: 970471
  Candidates to generate: 5124401
  Processing in 52 chunks...
  Projlen distribution:
    projlen=125: 114 braids
    projlen=126: 104 braids
    projlen=127: 713 braids
    projlen=128: 628 braids
    projlen=129: 9401 braids
    projlen=130: 6950 braids
    projlen=131: 52594 braids
    projlen=132: 34814 braids
    projlen=133: 264171 braids
    projlen=134: 175545 braids
    projlen=135: 363061 braids
    projlen=136: 172722 braids
    projlen=137: 348874 braids
    projlen=138: 193679 braids
    projlen=139: 330996 braids
    projlen=140: 206127 braids
    projlen=141: 325109 braids
    projlen=142: 200399 braids
    projlen=143: 330267 braids
    projlen=144: 184890 braids
    projlen=145: 337167 braids
    projlen=146: 169886 braids
    projlen=147: 341320 braids
    projlen=148: 167944 braids
    projlen=149: 336033 braids
    projlen=150: 187950 braids
    projlen=151: 297647 braids
    projlen=152: 85296 braids
  Braids kept: 1102724 (in 28 buckets, 3.98 GB CPU)
  ⚡ Timing: matmul=0.19s, sampling=20.91s, total=29.94s
============================================================
Level 266 - SAMPLING
============================================================
  Starting braids: 952724
  Candidates to generate: 5048416
  Processing in 51 chunks...
  Projlen distribution:
    projlen=125: 4 braids
    projlen=126: 10 braids
    projlen=127: 698 braids
    projlen=128: 610 braids
    projlen=129: 4466 braids
    projlen=130: 3528 braids
    projlen=131: 48785 braids
    projlen=132: 33884 braids
    projlen=133: 250812 braids
    projlen=134: 153120 braids
    projlen=135: 327477 braids
    projlen=136: 173513 braids
    projlen=137: 358339 braids
    projlen=138: 162663 braids
    projlen=139: 344940 braids
    projlen=140: 194847 braids
    projlen=141: 324816 braids
    projlen=142: 213752 braids
    projlen=143: 318715 braids
    projlen=144: 211622 braids
    projlen=145: 322311 braids
    projlen=146: 196273 braids
    projlen=147: 331730 braids
    projlen=148: 178360 braids
    projlen=149: 335877 braids
    projlen=150: 172638 braids
    projlen=151: 302488 braids
    projlen=152: 82138 braids
  Braids kept: 1091985 (in 28 buckets, 3.95 GB CPU)
  ⚡ Timing: matmul=0.20s, sampling=19.37s, total=28.15s
============================================================
Level 267 - SAMPLING
============================================================
  Starting braids: 991985
  Candidates to generate: 5245085
  Processing in 53 chunks...
  Projlen distribution:
    projlen=125: 3 braids
    projlen=126: 7 braids
    projlen=127: 76 braids
    projlen=128: 124 braids
    projlen=129: 3950 braids
    projlen=130: 3332 braids
    projlen=131: 25706 braids
    projlen=132: 18220 braids
    projlen=133: 234482 braids
    projlen=134: 149308 braids
    projlen=135: 324762 braids
    projlen=136: 174339 braids
    projlen=137: 360390 braids
    projlen=138: 164416 braids
    projlen=139: 354942 braids
    projlen=140: 160265 braids
    projlen=141: 341594 braids
    projlen=142: 198889 braids
    projlen=143: 320101 braids
    projlen=144: 221580 braids
    projlen=145: 310830 braids
    projlen=146: 222187 braids
    projlen=147: 315427 braids
    projlen=148: 209508 braids
    projlen=149: 325471 braids
    projlen=150: 189052 braids
    projlen=151: 326941 braids
    projlen=152: 175589 braids
    projlen=153: 113594 braids
  Braids kept: 1101418 (in 29 buckets, 4.00 GB CPU)
  ⚡ Timing: matmul=0.21s, sampling=20.66s, total=29.28s
============================================================
Level 268 - SAMPLING
============================================================
  Starting braids: 951418
  Candidates to generate: 5026910
  Processing in 51 chunks...
  Projlen distribution:
    projlen=127: 48 braids
    projlen=128: 90 braids
    projlen=129: 693 braids
    projlen=130: 903 braids
    projlen=131: 21523 braids
    projlen=132: 16497 braids
    projlen=133: 129171 braids
    projlen=134: 80508 braids
    projlen=135: 287780 braids
    projlen=136: 175247 braids
    projlen=137: 360053 braids
    projlen=138: 165537 braids
    projlen=139: 355465 braids
    projlen=140: 158678 braids
    projlen=141: 350233 braids
    projlen=142: 159870 braids
    projlen=143: 337651 braids
    projlen=144: 203039 braids
    projlen=145: 315111 braids
    projlen=146: 228442 braids
    projlen=147: 304275 braids
    projlen=148: 232020 braids
    projlen=149: 306703 braids
    projlen=150: 221274 braids
    projlen=151: 312675 braids
    projlen=152: 193794 braids
    projlen=153: 109630 braids
  Braids kept: 1089754 (in 27 buckets, 3.97 GB CPU)
  ⚡ Timing: matmul=0.18s, sampling=19.49s, total=27.75s
============================================================
Level 269 - SAMPLING
============================================================
  Starting braids: 989754
  Candidates to generate: 5247264
  Processing in 53 chunks...
  Projlen distribution:
    projlen=126: 1 braids
    projlen=127: 8 braids
    projlen=128: 17 braids
    projlen=129: 462 braids
    projlen=130: 695 braids
    projlen=131: 5217 braids
    projlen=132: 5172 braids
    projlen=133: 104785 braids
    projlen=134: 72651 braids
    projlen=135: 285115 braids
    projlen=136: 175202 braids
    projlen=137: 363265 braids
    projlen=138: 169790 braids
    projlen=139: 356047 braids
    projlen=140: 159867 braids
    projlen=141: 352281 braids
    projlen=142: 157604 braids
    projlen=143: 347283 braids
    projlen=144: 161726 braids
    projlen=145: 334281 braids
    projlen=146: 206370 braids
    projlen=147: 311715 braids
    projlen=148: 235357 braids
    projlen=149: 300262 braids
    projlen=150: 240571 braids
    projlen=151: 298626 braids
    projlen=152: 231221 braids
    projlen=153: 281692 braids
    projlen=154: 89981 braids
  Braids kept: 1111572 (in 29 buckets, 4.07 GB CPU)
  ⚡ Timing: matmul=0.20s, sampling=20.14s, total=28.65s
============================================================
Level 270 - SAMPLING
============================================================
  Starting braids: 961572
  Candidates to generate: 5076968
  Processing in 51 chunks...
  Projlen distribution:
    projlen=127: 4 braids
    projlen=128: 12 braids
    projlen=129: 120 braids
    projlen=130: 208 braids
    projlen=131: 3584 braids
    projlen=132: 3741 braids
    projlen=133: 29762 braids
    projlen=134: 23422 braids
    projlen=135: 256307 braids
    projlen=136: 180191 braids
    projlen=137: 362289 braids
    projlen=138: 170995 braids
    projlen=139: 358962 braids
    projlen=140: 160575 braids
    projlen=141: 353689 braids
    projlen=142: 158680 braids
    projlen=143: 349095 braids
    projlen=144: 158462 braids
    projlen=145: 345942 braids
    projlen=146: 164529 braids
    projlen=147: 332297 braids
    projlen=148: 210341 braids
    projlen=149: 308889 braids
    projlen=150: 240722 braids
    projlen=151: 294990 braids
    projlen=152: 244003 braids
    projlen=153: 272209 braids
    projlen=154: 92948 braids
  Braids kept: 1060853 (in 28 buckets, 3.90 GB CPU)
  ⚡ Timing: matmul=0.22s, sampling=19.16s, total=27.74s
============================================================
Level 271 - SAMPLING
============================================================
  Starting braids: 960853
  Candidates to generate: 5057645
  Processing in 51 chunks...
  Projlen distribution:
    projlen=127: 5 braids
    projlen=128: 8 braids
    projlen=129: 78 braids
    projlen=130: 129 braids
    projlen=131: 1211 braids
    projlen=132: 1450 braids
    projlen=133: 21092 braids
    projlen=134: 18964 braids
    projlen=135: 150111 braids
    projlen=136: 103676 braids
    projlen=137: 296948 braids
    projlen=138: 178859 braids
    projlen=139: 356978 braids
    projlen=140: 163034 braids
    projlen=141: 355284 braids
    projlen=142: 157918 braids
    projlen=143: 350835 braids
    projlen=144: 158854 braids
    projlen=145: 347384 braids
    projlen=146: 159870 braids
    projlen=147: 343635 braids
    projlen=148: 168370 braids
    projlen=149: 329878 braids
    projlen=150: 215563 braids
    projlen=151: 305193 braids
    projlen=152: 243168 braids
    projlen=153: 287695 braids
    projlen=154: 238479 braids
    projlen=155: 102976 braids
  Braids kept: 1092937 (in 29 buckets, 4.03 GB CPU)
  ⚡ Timing: matmul=0.21s, sampling=19.63s, total=27.94s
============================================================
Level 272 - SAMPLING
============================================================
  Starting braids: 992937
  Candidates to generate: 5222599
  Processing in 53 chunks...
  Projlen distribution:
    projlen=127: 2 braids
    projlen=128: 5 braids
    projlen=129: 68 braids
    projlen=130: 87 braids
    projlen=131: 771 braids
    projlen=132: 844 braids
    projlen=133: 8585 braids
    projlen=134: 7991 braids
    projlen=135: 105526 braids
    projlen=136: 82749 braids
    projlen=137: 284268 braids
    projlen=138: 188354 braids
    projlen=139: 357305 braids
    projlen=140: 174349 braids
    projlen=141: 352364 braids
    projlen=142: 161006 braids
    projlen=143: 350923 braids
    projlen=144: 157521 braids
    projlen=145: 348040 braids
    projlen=146: 159914 braids
    projlen=147: 346522 braids
    projlen=148: 162780 braids
    projlen=149: 341510 braids
    projlen=150: 173835 braids
    projlen=151: 327478 braids
    projlen=152: 219168 braids
    projlen=153: 301244 braids
    projlen=154: 245457 braids
    projlen=155: 269392 braids
    projlen=156: 94541 braids
  Braids kept: 1118353 (in 30 buckets, 4.15 GB CPU)
  ⚡ Timing: matmul=0.19s, sampling=19.84s, total=28.58s
============================================================
Level 273 - SAMPLING
============================================================
  Starting braids: 968353
  Candidates to generate: 5081137
  Processing in 51 chunks...
  Projlen distribution:
    projlen=128: 1 braids
    projlen=129: 30 braids
    projlen=130: 56 braids
    projlen=131: 585 braids
    projlen=132: 614 braids
    projlen=133: 5492 braids
    projlen=134: 4804 braids
    projlen=135: 46862 braids
    projlen=136: 35443 braids
    projlen=137: 257908 braids
    projlen=138: 195911 braids
    projlen=139: 352275 braids
    projlen=140: 186834 braids
    projlen=141: 351289 braids
    projlen=142: 170906 braids
    projlen=143: 348546 braids
    projlen=144: 162625 braids
    projlen=145: 347521 braids
    projlen=146: 158199 braids
    projlen=147: 346623 braids
    projlen=148: 162531 braids
    projlen=149: 343841 braids
    projlen=150: 166314 braids
    projlen=151: 338854 braids
    projlen=152: 179940 braids
    projlen=153: 324357 braids
    projlen=154: 220939 braids
    projlen=155: 280664 braids
    projlen=156: 91173 braids
  Braids kept: 1093887 (in 29 buckets, 4.06 GB CPU)
  ⚡ Timing: matmul=0.23s, sampling=18.57s, total=27.01s
============================================================
Level 274 - SAMPLING
============================================================
  Starting braids: 993887
  Candidates to generate: 5214147
  Processing in 53 chunks...
  Projlen distribution:
    projlen=128: 3 braids
    projlen=129: 4 braids
    projlen=130: 21 braids
    projlen=131: 277 braids
    projlen=132: 380 braids
    projlen=133: 3971 braids
    projlen=134: 3565 braids
    projlen=135: 32165 braids
    projlen=136: 24173 braids
    projlen=137: 232352 braids
    projlen=138: 156459 braids
    projlen=139: 321208 braids
    projlen=140: 195553 braids
    projlen=141: 344937 braids
    projlen=142: 183349 braids
    projlen=143: 343637 braids
    projlen=144: 173149 braids
    projlen=145: 343838 braids
    projlen=146: 165977 braids
    projlen=147: 344818 braids
    projlen=148: 160208 braids
    projlen=149: 344949 braids
    projlen=150: 165298 braids
    projlen=151: 341177 braids
    projlen=152: 171477 braids
    projlen=153: 334963 braids
    projlen=154: 186611 braids
    projlen=155: 316506 braids
    projlen=156: 213868 braids
    projlen=157: 109254 braids
  Braids kept: 1114559 (in 30 buckets, 4.16 GB CPU)
  ⚡ Timing: matmul=0.19s, sampling=19.05s, total=27.65s
============================================================
Level 275 - SAMPLING
============================================================
  Starting braids: 964559
  Candidates to generate: 5056945
  Processing in 51 chunks...
  Projlen distribution:
    projlen=129: 13 braids
    projlen=130: 23 braids
    projlen=131: 109 braids
    projlen=132: 163 braids
    projlen=133: 2105 braids
    projlen=134: 2223 braids
    projlen=135: 23463 braids
    projlen=136: 18170 braids
    projlen=137: 162256 braids
    projlen=138: 105327 braids
    projlen=139: 300281 braids
    projlen=140: 184861 braids
    projlen=141: 351618 braids
    projlen=142: 189309 braids
    projlen=143: 339167 braids
    projlen=144: 187694 braids
    projlen=145: 335884 braids
    projlen=146: 179037 braids
    projlen=147: 339211 braids
    projlen=148: 171753 braids
    projlen=149: 342584 braids
    projlen=150: 164358 braids
    projlen=151: 342764 braids
    projlen=152: 169690 braids
    projlen=153: 339099 braids
    projlen=154: 177597 braids
    projlen=155: 327816 braids
    projlen=156: 187855 braids
    projlen=157: 112515 braids
  Braids kept: 1096269 (in 29 buckets, 4.10 GB CPU)
  ⚡ Timing: matmul=0.21s, sampling=18.39s, total=26.62s
============================================================
Level 276 - SAMPLING
============================================================
  Starting braids: 996269
  Candidates to generate: 5248995
  Processing in 53 chunks...
  Projlen distribution:
    projlen=129: 5 braids
    projlen=130: 12 braids
    projlen=131: 131 braids
    projlen=132: 158 braids
    projlen=133: 1029 braids
    projlen=134: 1147 braids
    projlen=135: 13541 braids
    projlen=136: 11536 braids
    projlen=137: 118311 braids
    projlen=138: 79363 braids
    projlen=139: 289283 braids
    projlen=140: 178680 braids
    projlen=141: 358959 braids
    projlen=142: 178761 braids
    projlen=143: 345768 braids
    projlen=144: 188486 braids
    projlen=145: 334310 braids
    projlen=146: 195889 braids
    projlen=147: 329970 braids
    projlen=148: 188706 braids
    projlen=149: 333201 braids
    projlen=150: 179121 braids
    projlen=151: 337596 braids
    projlen=152: 169351 braids
    projlen=153: 339014 braids
    projlen=154: 175226 braids
    projlen=155: 333325 braids
    projlen=156: 183360 braids
    projlen=157: 300212 braids
    projlen=158: 84544 braids
  Braids kept: 1127559 (in 30 buckets, 4.24 GB CPU)
  ⚡ Timing: matmul=0.22s, sampling=19.23s, total=27.78s
============================================================
Level 277 - SAMPLING
============================================================
  Starting braids: 977559
  Candidates to generate: 5168717
  Processing in 52 chunks...
  Projlen distribution:
    projlen=129: 2 braids
    projlen=130: 4 braids
    projlen=131: 65 braids
    projlen=132: 95 braids
    projlen=133: 940 braids
    projlen=134: 953 braids
    projlen=135: 7388 braids
    projlen=136: 6501 braids
    projlen=137: 71571 braids
    projlen=138: 51020 braids
    projlen=139: 272573 braids
    projlen=140: 178920 braids
    projlen=141: 360988 braids
    projlen=142: 172917 braids
    projlen=143: 354904 braids
    projlen=144: 174143 braids
    projlen=145: 340763 braids
    projlen=146: 192639 braids
    projlen=147: 327175 braids
    projlen=148: 204923 braids
    projlen=149: 324380 braids
    projlen=150: 200322 braids
    projlen=151: 328172 braids
    projlen=152: 189175 braids
    projlen=153: 332922 braids
    projlen=154: 177063 braids
    projlen=155: 333820 braids
    projlen=156: 180712 braids
    projlen=157: 300153 braids
    projlen=158: 83514 braids
  Braids kept: 1115948 (in 30 buckets, 4.20 GB CPU)
  ⚡ Timing: matmul=0.22s, sampling=18.96s, total=27.43s
============================================================
Level 278 - SAMPLING
============================================================
  Starting braids: 965948
  Candidates to generate: 5130708
  Processing in 52 chunks...
  Projlen distribution:
    projlen=130: 3 braids
    projlen=131: 16 braids
    projlen=132: 34 braids
    projlen=133: 573 braids
    projlen=134: 609 braids
    projlen=135: 5956 braids
    projlen=136: 5194 braids
    projlen=137: 42256 braids
    projlen=138: 31544 braids
    projlen=139: 263292 braids
    projlen=140: 183176 braids
    projlen=141: 361940 braids
    projlen=142: 175508 braids
    projlen=143: 356010 braids
    projlen=144: 164859 braids
    projlen=145: 349376 braids
    projlen=146: 174992 braids
    projlen=147: 336348 braids
    projlen=148: 199148 braids
    projlen=149: 322198 braids
    projlen=150: 213683 braids
    projlen=151: 316701 braids
    projlen=152: 211807 braids
    projlen=153: 321061 braids
    projlen=154: 201050 braids
    projlen=155: 326270 braids
    projlen=156: 185379 braids
    projlen=157: 298429 braids
    projlen=158: 83296 braids
  Braids kept: 1086185 (in 29 buckets, 4.10 GB CPU)
  ⚡ Timing: matmul=0.19s, sampling=18.52s, total=26.80s
============================================================
Level 279 - SAMPLING
============================================================
  Starting braids: 986185
  Candidates to generate: 5231765
  Processing in 53 chunks...
  Projlen distribution:
    projlen=130: 1 braids
    projlen=131: 8 braids
    projlen=132: 22 braids
    projlen=133: 181 braids
    projlen=134: 240 braids
    projlen=135: 3933 braids
    projlen=136: 3463 braids
    projlen=137: 33843 braids
    projlen=138: 26004 braids
    projlen=139: 213742 braids
    projlen=140: 139957 braids
    projlen=141: 318196 braids
    projlen=142: 180683 braids
    projlen=143: 355314 braids
    projlen=144: 166258 braids
    projlen=145: 351475 braids
    projlen=146: 163247 braids
    projlen=147: 344216 braids
    projlen=148: 178801 braids
    projlen=149: 331044 braids
    projlen=150: 205849 braids
    projlen=151: 317497 braids
    projlen=152: 221582 braids
    projlen=153: 310508 braids
    projlen=154: 223207 braids
    projlen=155: 313521 braids
    projlen=156: 211964 braids
    projlen=157: 314720 braids
    projlen=158: 191699 braids
    projlen=159: 110590 braids
  Braids kept: 1117695 (in 30 buckets, 4.24 GB CPU)
  ⚡ Timing: matmul=0.19s, sampling=19.20s, total=27.74s
============================================================
Level 280 - SAMPLING
============================================================
  Starting braids: 967695
  Candidates to generate: 5143801
  Processing in 52 chunks...
  Projlen distribution:
    projlen=131: 3 braids
    projlen=132: 8 braids
    projlen=133: 126 braids
    projlen=134: 157 braids
    projlen=135: 1468 braids
    projlen=136: 1581 braids
    projlen=137: 23299 braids
    projlen=138: 17998 braids
    projlen=139: 169188 braids
    projlen=140: 113062 braids
    projlen=141: 306750 braids
    projlen=142: 183906 braids
    projlen=143: 358737 braids
    projlen=144: 174144 braids
    projlen=145: 351740 braids
    projlen=146: 165849 braids
    projlen=147: 346600 braids
    projlen=148: 164813 braids
    projlen=149: 340285 braids
    projlen=150: 184259 braids
    projlen=151: 326096 braids
    projlen=152: 212968 braids
    projlen=153: 312151 braids
    projlen=154: 229006 braids
    projlen=155: 304344 braids
    projlen=156: 232464 braids
    projlen=157: 301900 braids
    projlen=158: 214218 braids
    projlen=159: 106681 braids
  Braids kept: 1094640 (in 29 buckets, 4.16 GB CPU)
  ⚡ Timing: matmul=0.20s, sampling=19.90s, total=28.38s
============================================================
Level 281 - SAMPLING
============================================================
  Starting braids: 994640
  Candidates to generate: 5290854
  Processing in 53 chunks...
  Projlen distribution:
    projlen=132: 1 braids
    projlen=133: 55 braids
    projlen=134: 76 braids
    projlen=135: 1012 braids
    projlen=136: 1078 braids
    projlen=137: 9908 braids
    projlen=138: 8567 braids
    projlen=139: 117472 braids
    projlen=140: 78883 braids
    projlen=141: 286593 braids
    projlen=142: 181738 braids
    projlen=143: 358462 braids
    projlen=144: 177205 braids
    projlen=145: 352623 braids
    projlen=146: 170619 braids
    projlen=147: 346703 braids
    projlen=148: 168671 braids
    projlen=149: 342550 braids
    projlen=150: 168831 braids
    projlen=151: 336582 braids
    projlen=152: 191149 braids
    projlen=153: 321783 braids
    projlen=154: 220365 braids
    projlen=155: 306976 braids
    projlen=156: 236174 braids
    projlen=157: 298444 braids
    projlen=158: 238649 braids
    projlen=159: 277114 braids
    projlen=160: 92571 braids
  Braids kept: 1120697 (in 29 buckets, 4.28 GB CPU)
  ⚡ Timing: matmul=0.24s, sampling=22.83s, total=32.01s
============================================================
Level 282 - SAMPLING
============================================================
  Starting braids: 970697
  Candidates to generate: 5150349
  Processing in 52 chunks...
  Projlen distribution:
    projlen=132: 2 braids
    projlen=133: 7 braids
    projlen=134: 29 braids
    projlen=135: 483 braids
    projlen=136: 556 braids
    projlen=137: 6876 braids
    projlen=138: 5958 braids
    projlen=139: 52909 braids
    projlen=140: 37697 braids
    projlen=141: 267236 braids
    projlen=142: 178765 braids
    projlen=143: 361710 braids
    projlen=144: 177805 braids
    projlen=145: 353373 braids
    projlen=146: 172419 braids
    projlen=147: 346657 braids
    projlen=148: 172409 braids
    projlen=149: 342362 braids
    projlen=150: 173355 braids
    projlen=151: 339333 braids
    projlen=152: 174846 braids
    projlen=153: 332624 braids
    projlen=154: 197589 braids
    projlen=155: 318176 braids
    projlen=156: 226783 braids
    projlen=157: 302332 braids
    projlen=158: 240884 braids
    projlen=159: 274108 braids
    projlen=160: 93066 braids
  Braids kept: 1101608 (in 29 buckets, 4.21 GB CPU)
  ⚡ Timing: matmul=0.21s, sampling=20.52s, total=29.28s
============================================================
Level 283 - SAMPLING
============================================================
  Starting braids: 951608
  Candidates to generate: 5044668
  Processing in 51 chunks...
  Projlen distribution:
    projlen=133: 6 braids
    projlen=134: 19 braids
    projlen=135: 164 braids
    projlen=136: 246 braids
    projlen=137: 3550 braids
    projlen=138: 3387 braids
    projlen=139: 39046 braids
    projlen=140: 29240 braids
    projlen=141: 249493 braids
    projlen=142: 161440 braids
    projlen=143: 332940 braids
    projlen=144: 175245 braids
    projlen=145: 356118 braids
    projlen=146: 170016 braids
    projlen=147: 347995 braids
    projlen=148: 174157 braids
    projlen=149: 341518 braids
    projlen=150: 176583 braids
    projlen=151: 337916 braids
    projlen=152: 179643 braids
    projlen=153: 334777 braids
    projlen=154: 182861 braids
    projlen=155: 328876 braids
    projlen=156: 205314 braids
    projlen=157: 314250 braids
    projlen=158: 230565 braids
    projlen=159: 277658 braids
    projlen=160: 91645 braids
  Braids kept: 1075658 (in 28 buckets, 4.12 GB CPU)
  ⚡ Timing: matmul=0.20s, sampling=19.73s, total=28.69s
============================================================
Level 284 - SAMPLING
============================================================
  Starting braids: 975658
  Candidates to generate: 5159000
  Processing in 52 chunks...
  Projlen distribution:
    projlen=134: 9 braids
    projlen=135: 106 braids
    projlen=136: 168 braids
    projlen=137: 1555 braids
    projlen=138: 1705 braids
    projlen=139: 21818 braids
    projlen=140: 17563 braids
    projlen=141: 194046 braids
    projlen=142: 126861 braids
    projlen=143: 313335 braids
    projlen=144: 179123 braids
    projlen=145: 359948 braids
    projlen=146: 167265 braids
    projlen=147: 351239 braids
    projlen=148: 169464 braids
    projlen=149: 342071 braids
    projlen=150: 177955 braids
    projlen=151: 335806 braids
    projlen=152: 183258 braids
    projlen=153: 332449 braids
    projlen=154: 187991 braids
    projlen=155: 329611 braids
    projlen=156: 191896 braids
    projlen=157: 323427 braids
    projlen=158: 212546 braids
    projlen=159: 306287 braids
    projlen=160: 224666 braids
    projlen=161: 106832 braids
  Braids kept: 1092924 (in 28 buckets, 4.21 GB CPU)
  ⚡ Timing: matmul=0.22s, sampling=19.24s, total=28.07s
============================================================
Level 285 - SAMPLING
============================================================
  Starting braids: 992924
  Candidates to generate: 5255398
  Processing in 53 chunks...
  Projlen distribution:
    projlen=134: 6 braids
    projlen=135: 42 braids
    projlen=136: 92 braids
    projlen=137: 1008 braids
    projlen=138: 1111 braids
    projlen=139: 10992 braids
    projlen=140: 9443 braids
    projlen=141: 111255 braids
    projlen=142: 75178 braids
    projlen=143: 288249 braids
    projlen=144: 178284 braids
    projlen=145: 359685 braids
    projlen=146: 171568 braids
    projlen=147: 354508 braids
    projlen=148: 163181 braids
    projlen=149: 346389 braids
    projlen=150: 171650 braids
    projlen=151: 338093 braids
    projlen=152: 184565 braids
    projlen=153: 331169 braids
    projlen=154: 192108 braids
    projlen=155: 327128 braids
    projlen=156: 198091 braids
    projlen=157: 325478 braids
    projlen=158: 203588 braids
    projlen=159: 317740 braids
    projlen=160: 219376 braids
    projlen=161: 285194 braids
    projlen=162: 90227 braids
  Braids kept: 1122694 (in 29 buckets, 4.34 GB CPU)
  ⚡ Timing: matmul=0.21s, sampling=20.20s, total=28.96s
============================================================
Level 286 - SAMPLING
============================================================
  Starting braids: 972694
  Candidates to generate: 5141302
  Processing in 52 chunks...
  Projlen distribution:
    projlen=134: 4 braids
    projlen=135: 29 braids
    projlen=136: 77 braids
    projlen=137: 520 braids
    projlen=138: 686 braids
    projlen=139: 7071 braids
    projlen=140: 6086 braids
    projlen=141: 59981 braids
    projlen=142: 41969 braids
    projlen=143: 269409 braids
    projlen=144: 178529 braids
    projlen=145: 362721 braids
    projlen=146: 172186 braids
    projlen=147: 354938 braids
    projlen=148: 166030 braids
    projlen=149: 348940 braids
    projlen=150: 163497 braids
    projlen=151: 342722 braids
    projlen=152: 176435 braids
    projlen=153: 333918 braids
    projlen=154: 192789 braids
    projlen=155: 326952 braids
    projlen=156: 201843 braids
    projlen=157: 321864 braids
    projlen=158: 207675 braids
    projlen=159: 317320 braids
    projlen=160: 211404 braids
    projlen=161: 288365 braids
    projlen=162: 87342 braids
  Braids kept: 1106442 (in 29 buckets, 4.29 GB CPU)
  ⚡ Timing: matmul=0.21s, sampling=19.81s, total=28.51s
============================================================
Level 287 - SAMPLING
============================================================
  Starting braids: 956442
  Candidates to generate: 5066036
  Processing in 51 chunks...
  Projlen distribution:
    projlen=134: 8 braids
    projlen=135: 9 braids
    projlen=136: 49 braids
    projlen=137: 430 braids
    projlen=138: 519 braids
    projlen=139: 4219 braids
    projlen=140: 3856 braids
    projlen=141: 40165 braids
    projlen=142: 29557 braids
    projlen=143: 257801 braids
    projlen=144: 167190 braids
    projlen=145: 344671 braids
    projlen=146: 174441 braids
    projlen=147: 357617 braids
    projlen=148: 163134 braids
    projlen=149: 351519 braids
    projlen=150: 166701 braids
    projlen=151: 344622 braids
    projlen=152: 166132 braids
    projlen=153: 339428 braids
    projlen=154: 182913 braids
    projlen=155: 330006 braids
    projlen=156: 201829 braids
    projlen=157: 320846 braids
    projlen=158: 211478 braids
    projlen=159: 315157 braids
    projlen=160: 216666 braids
    projlen=161: 286758 braids
    projlen=162: 88315 braids
  Braids kept: 1078812 (in 29 buckets, 4.19 GB CPU)
  ⚡ Timing: matmul=0.22s, sampling=18.72s, total=27.24s
============================================================
Level 288 - SAMPLING
============================================================
  Starting braids: 978812
  Candidates to generate: 5167428
  Processing in 52 chunks...
  Projlen distribution:
    projlen=135: 28 braids
    projlen=136: 51 braids
    projlen=137: 251 braids
    projlen=138: 356 braids
    projlen=139: 3434 braids
    projlen=140: 3134 braids
    projlen=141: 25954 braids
    projlen=142: 19678 braids
    projlen=143: 200735 braids
    projlen=144: 128427 braids
    projlen=145: 315984 braids
    projlen=146: 175595 braids
    projlen=147: 359985 braids
    projlen=148: 164705 braids
    projlen=149: 353462 braids
    projlen=150: 161089 braids
    projlen=151: 346225 braids
    projlen=152: 169032 braids
    projlen=153: 340640 braids
    projlen=154: 170929 braids
    projlen=155: 336053 braids
    projlen=156: 190318 braids
    projlen=157: 325413 braids
    projlen=158: 210327 braids
    projlen=159: 315193 braids
    projlen=160: 220982 braids
    projlen=161: 304770 braids
    projlen=162: 217469 braids
    projlen=163: 107209 braids
  Braids kept: 1102886 (in 29 buckets, 4.30 GB CPU)
  ⚡ Timing: matmul=0.37s, sampling=19.35s, total=27.85s
============================================================
Level 289 - SAMPLING
============================================================
  Starting braids: 952886
  Candidates to generate: 5017478
  Processing in 51 chunks...
  Projlen distribution:
    projlen=134: 1 braids
    projlen=135: 15 braids
    projlen=136: 23 braids
    projlen=137: 312 braids
    projlen=138: 338 braids
    projlen=139: 2153 braids
    projlen=140: 2135 braids
    projlen=141: 21280 braids
    projlen=142: 16141 braids
    projlen=143: 132297 braids
    projlen=144: 84638 braids
    projlen=145: 292556 braids
    projlen=146: 176175 braids
    projlen=147: 362740 braids
    projlen=148: 166937 braids
    projlen=149: 355229 braids
    projlen=150: 160837 braids
    projlen=151: 349392 braids
    projlen=152: 161762 braids
    projlen=153: 342771 braids
    projlen=154: 172951 braids
    projlen=155: 337435 braids
    projlen=156: 178096 braids
    projlen=157: 332655 braids
    projlen=158: 198998 braids
    projlen=159: 321777 braids
    projlen=160: 217658 braids
    projlen=161: 305692 braids
    projlen=162: 218109 braids
    projlen=163: 106375 braids
  Braids kept: 1092398 (in 30 buckets, 4.27 GB CPU)
  ⚡ Timing: matmul=0.18s, sampling=17.64s, total=25.92s
============================================================
Level 290 - SAMPLING
============================================================
  Starting braids: 992398
  Candidates to generate: 5228120
  Processing in 53 chunks...
  Projlen distribution:
    projlen=135: 14 braids
    projlen=136: 20 braids
    projlen=137: 148 braids
    projlen=138: 186 braids
    projlen=139: 2223 braids
    projlen=140: 2036 braids
    projlen=141: 14261 braids
    projlen=142: 11113 braids
    projlen=143: 107695 braids
    projlen=144: 70803 braids
    projlen=145: 284537 braids
    projlen=146: 175606 braids
    projlen=147: 363130 braids
    projlen=148: 169300 braids
    projlen=149: 358119 braids
    projlen=150: 159722 braids
    projlen=151: 352618 braids
    projlen=152: 160637 braids
    projlen=153: 346525 braids
    projlen=154: 164877 braids
    projlen=155: 340361 braids
    projlen=156: 179399 braids
    projlen=157: 333896 braids
    projlen=158: 186978 braids
    projlen=159: 327039 braids
    projlen=160: 206084 braids
    projlen=161: 314020 braids
    projlen=162: 223373 braids
    projlen=163: 282649 braids
    projlen=164: 90751 braids
  Braids kept: 1130001 (in 30 buckets, 4.43 GB CPU)
  ⚡ Timing: matmul=0.19s, sampling=19.96s, total=28.57s
============================================================
Level 291 - SAMPLING
============================================================
  Starting braids: 980001
  Candidates to generate: 5141905
  Processing in 52 chunks...
  Projlen distribution:
    projlen=135: 9 braids
    projlen=136: 14 braids
    projlen=137: 124 braids
    projlen=138: 155 braids
    projlen=139: 1138 braids
    projlen=140: 1142 braids
    projlen=141: 13616 braids
    projlen=142: 10516 braids
    projlen=143: 74843 braids
    projlen=144: 48781 braids
    projlen=145: 270562 braids
    projlen=146: 174918 braids
    projlen=147: 362449 braids
    projlen=148: 170275 braids
    projlen=149: 358819 braids
    projlen=150: 160393 braids
    projlen=151: 353805 braids
    projlen=152: 157092 braids
    projlen=153: 349052 braids
    projlen=154: 161557 braids
    projlen=155: 343922 braids
    projlen=156: 168929 braids
    projlen=157: 337335 braids
    projlen=158: 186077 braids
    projlen=159: 328963 braids
    projlen=160: 197872 braids
    projlen=161: 321877 braids
    projlen=162: 212233 braids
    projlen=163: 287094 braids
    projlen=164: 88343 braids
  Braids kept: 1125495 (in 30 buckets, 4.42 GB CPU)
  ⚡ Timing: matmul=0.20s, sampling=20.31s, total=29.20s
============================================================
Level 292 - SAMPLING
============================================================
  Starting braids: 975495
  Candidates to generate: 5101347
  Processing in 52 chunks...
  Projlen distribution:
    projlen=136: 3 braids
    projlen=137: 85 braids
    projlen=138: 109 braids
    projlen=139: 978 braids
    projlen=140: 992 braids
    projlen=141: 7533 braids
    projlen=142: 6236 braids
    projlen=143: 70833 braids
    projlen=144: 48779 braids
    projlen=145: 267934 braids
    projlen=146: 171136 braids
    projlen=147: 357983 braids
    projlen=148: 171625 braids
    projlen=149: 358123 braids
    projlen=150: 160462 braids
    projlen=151: 354443 braids
    projlen=152: 157273 braids
    projlen=153: 350835 braids
    projlen=154: 156131 braids
    projlen=155: 346035 braids
    projlen=156: 163965 braids
    projlen=157: 341373 braids
    projlen=158: 174509 braids
    projlen=159: 333197 braids
    projlen=160: 193821 braids
    projlen=161: 323179 braids
    projlen=162: 205402 braids
    projlen=163: 291475 braids
    projlen=164: 86898 braids
  Braids kept: 1114715 (in 29 buckets, 4.38 GB CPU)
  ⚡ Timing: matmul=0.17s, sampling=20.00s, total=28.78s
============================================================
Level 293 - SAMPLING
============================================================
  Starting braids: 964715
  Candidates to generate: 5031745
  Processing in 51 chunks...
  Projlen distribution:
    projlen=136: 3 braids
    projlen=137: 8 braids
    projlen=138: 30 braids
    projlen=139: 640 braids
    projlen=140: 680 braids
    projlen=141: 6388 braids
    projlen=142: 5288 braids
    projlen=143: 41447 braids
    projlen=144: 29660 braids
    projlen=145: 259998 braids
    projlen=146: 173755 braids
    projlen=147: 356238 braids
    projlen=148: 171403 braids
    projlen=149: 358579 braids
    projlen=150: 161014 braids
    projlen=151: 355370 braids
    projlen=152: 157350 braids
    projlen=153: 351751 braids
    projlen=154: 156697 braids
    projlen=155: 347968 braids
    projlen=156: 156897 braids
    projlen=157: 344743 braids
    projlen=158: 167533 braids
    projlen=159: 338319 braids
    projlen=160: 181144 braids
    projlen=161: 329516 braids
    projlen=162: 200662 braids
    projlen=163: 292475 braids
    projlen=164: 86189 braids
  Braids kept: 1084144 (in 29 buckets, 4.27 GB CPU)
  ⚡ Timing: matmul=0.19s, sampling=19.34s, total=28.00s
============================================================
Level 294 - SAMPLING
============================================================
  Starting braids: 984144
  Candidates to generate: 5108326
  Processing in 52 chunks...
  Projlen distribution:
    projlen=136: 2 braids
    projlen=137: 7 braids
    projlen=138: 21 braids
    projlen=139: 147 braids
    projlen=140: 215 braids
    projlen=141: 4250 braids
    projlen=142: 3751 braids
    projlen=143: 35811 braids
    projlen=144: 26208 braids
    projlen=145: 204547 braids
    projlen=146: 127934 braids
    projlen=147: 311971 braids
    projlen=148: 174806 braids
    projlen=149: 358504 braids
    projlen=150: 161525 braids
    projlen=151: 355138 braids
    projlen=152: 156773 braids
    projlen=153: 352593 braids
    projlen=154: 156683 braids
    projlen=155: 349274 braids
    projlen=156: 156891 braids
    projlen=157: 346424 braids
    projlen=158: 158153 braids
    projlen=159: 342837 braids
    projlen=160: 171704 braids
    projlen=161: 334674 braids
    projlen=162: 188015 braids
    projlen=163: 319528 braids
    projlen=164: 199271 braids
    projlen=165: 110669 braids
  Braids kept: 1120412 (in 30 buckets, 4.43 GB CPU)
  ⚡ Timing: matmul=0.18s, sampling=20.00s, total=28.71s
============================================================
Level 295 - SAMPLING
============================================================
  Starting braids: 970412
  Candidates to generate: 5021362
  Processing in 51 chunks...
  Projlen distribution:
    projlen=136: 2 braids
    projlen=137: 4 braids
    projlen=138: 18 braids
    projlen=139: 104 braids
    projlen=140: 155 braids
    projlen=141: 1403 braids
    projlen=142: 1466 braids
    projlen=143: 24636 braids
    projlen=144: 18833 braids
    projlen=145: 175516 braids
    projlen=146: 113261 braids
    projlen=147: 302199 braids
    projlen=148: 174630 braids
    projlen=149: 359330 braids
    projlen=150: 167086 braids
    projlen=151: 355110 braids
    projlen=152: 157958 braids
    projlen=153: 351213 braids
    projlen=154: 155188 braids
    projlen=155: 349582 braids
    projlen=156: 156266 braids
    projlen=157: 348380 braids
    projlen=158: 158080 braids
    projlen=159: 346691 braids
    projlen=160: 161271 braids
    projlen=161: 341284 braids
    projlen=162: 176383 braids
    projlen=163: 326642 braids
    projlen=164: 187245 braids
    projlen=165: 111426 braids
  Braids kept: 1096621 (in 30 buckets, 4.35 GB CPU)
  ⚡ Timing: matmul=0.18s, sampling=20.40s, total=29.22s
============================================================
Level 296 - SAMPLING
============================================================
  Starting braids: 996621
  Candidates to generate: 5166735
  Processing in 52 chunks...
  Projlen distribution:
    projlen=137: 6 braids
    projlen=138: 12 braids
    projlen=139: 82 braids
    projlen=140: 116 braids
    projlen=141: 950 braids
    projlen=142: 1033 braids
    projlen=143: 9674 braids
    projlen=144: 8180 braids
    projlen=145: 120536 braids
    projlen=146: 80332 braids
    projlen=147: 286494 braids
    projlen=148: 177804 braids
    projlen=149: 358039 braids
    projlen=150: 169131 braids
    projlen=151: 355505 braids
    projlen=152: 161374 braids
    projlen=153: 351678 braids
    projlen=154: 156465 braids
    projlen=155: 349921 braids
    projlen=156: 155574 braids
    projlen=157: 348029 braids
    projlen=158: 156499 braids
    projlen=159: 346395 braids
    projlen=160: 159716 braids
    projlen=161: 345381 braids
    projlen=162: 164507 braids
    projlen=163: 337041 braids
    projlen=164: 181133 braids
    projlen=165: 300458 braids
    projlen=166: 84670 braids
  Braids kept: 1120053 (in 30 buckets, 4.46 GB CPU)
  ⚡ Timing: matmul=0.22s, sampling=21.96s, total=31.11s
============================================================
Level 297 - SAMPLING
============================================================
  Starting braids: 970053
  Candidates to generate: 5020911
  Processing in 51 chunks...
  Projlen distribution:
    projlen=138: 3 braids
    projlen=139: 78 braids
    projlen=140: 89 braids
    projlen=141: 721 braids
    projlen=142: 733 braids
    projlen=143: 6464 braids
    projlen=144: 5570 braids
    projlen=145: 51753 braids
    projlen=146: 36161 braids
    projlen=147: 262698 braids
    projlen=148: 175813 braids
    projlen=149: 360644 braids
    projlen=150: 173224 braids
    projlen=151: 355403 braids
    projlen=152: 162753 braids
    projlen=153: 350382 braids
    projlen=154: 159553 braids
    projlen=155: 349669 braids
    projlen=156: 157492 braids
    projlen=157: 348364 braids
    projlen=158: 156397 braids
    projlen=159: 347720 braids
    projlen=160: 158436 braids
    projlen=161: 344496 braids
    projlen=162: 162050 braids
    projlen=163: 341798 braids
    projlen=164: 166648 braids
    projlen=165: 304130 braids
    projlen=166: 81669 braids
  Braids kept: 1099819 (in 29 buckets, 4.39 GB CPU)
  ⚡ Timing: matmul=0.18s, sampling=24.06s, total=34.00s
============================================================
Level 298 - SAMPLING
============================================================
  Starting braids: 999819
  Candidates to generate: 5171791
  Processing in 52 chunks...
  Projlen distribution:
    projlen=139: 18 braids
    projlen=140: 32 braids
    projlen=141: 558 braids
    projlen=142: 568 braids
    projlen=143: 4907 braids
    projlen=144: 4127 braids
    projlen=145: 36311 braids
    projlen=146: 27338 braids
    projlen=147: 247656 braids
    projlen=148: 158779 braids
    projlen=149: 329194 braids
    projlen=150: 173894 braids
    projlen=151: 357402 braids
    projlen=152: 165267 braids
    projlen=153: 351409 braids
    projlen=154: 161768 braids
    projlen=155: 347963 braids
    projlen=156: 160972 braids
    projlen=157: 346960 braids
    projlen=158: 158505 braids
    projlen=159: 347027 braids
    projlen=160: 157510 braids
    projlen=161: 346404 braids
    projlen=162: 160454 braids
    projlen=163: 343833 braids
    projlen=164: 164922 braids
    projlen=165: 335058 braids
    projlen=166: 167759 braids
    projlen=167: 115196 braids
  Braids kept: 1123859 (in 29 buckets, 4.50 GB CPU)
  ⚡ Timing: matmul=0.22s, sampling=20.80s, total=29.90s
============================================================
Level 299 - SAMPLING
============================================================
  Starting braids: 973859
  Candidates to generate: 5040353
  Processing in 51 chunks...
  Projlen distribution:
    projlen=139: 3 braids
    projlen=140: 18 braids
    projlen=141: 171 braids
    projlen=142: 222 braids
    projlen=143: 3518 braids
    projlen=144: 3238 braids
    projlen=145: 28490 braids
    projlen=146: 21209 braids
    projlen=147: 179618 braids
    projlen=148: 118269 braids
    projlen=149: 309381 braids
    projlen=150: 179077 braids
    projlen=151: 361206 braids
    projlen=152: 165371 braids
    projlen=153: 352636 braids
    projlen=154: 162969 braids
    projlen=155: 347564 braids
    projlen=156: 163184 braids
    projlen=157: 345709 braids
    projlen=158: 163615 braids
    projlen=159: 345432 braids
    projlen=160: 160777 braids
    projlen=161: 346035 braids
    projlen=162: 159996 braids
    projlen=163: 345243 braids
    projlen=164: 162841 braids
    projlen=165: 336163 braids
    projlen=166: 164044 braids
    projlen=167: 114354 braids
  Braids kept: 1106869 (in 29 buckets, 4.44 GB CPU)
  ⚡ Timing: matmul=0.20s, sampling=21.05s, total=29.97s
============================================================
Level 300 - SAMPLING
============================================================
  Starting braids: 956869
  Candidates to generate: 4954725
  Processing in 50 chunks...
  Projlen distribution:
    projlen=140: 6 braids
    projlen=141: 72 braids
    projlen=142: 124 braids
    projlen=143: 1334 braids
    projlen=144: 1397 braids
    projlen=145: 19980 braids
    projlen=146: 16382 braids
    projlen=147: 143920 braids
    projlen=148: 93804 braids
    projlen=149: 292913 braids
    projlen=150: 179619 braids
    projlen=151: 359414 braids
    projlen=152: 171286 braids
    projlen=153: 356350 braids
    projlen=154: 160870 braids
    projlen=155: 349148 braids
    projlen=156: 164089 braids
    projlen=157: 344093 braids
    projlen=158: 166265 braids
    projlen=159: 342801 braids
    projlen=160: 166863 braids
    projlen=161: 341729 braids
    projlen=162: 164006 braids
    projlen=163: 342919 braids
    projlen=164: 161973 braids
    projlen=165: 338093 braids
    projlen=166: 160740 braids
    projlen=167: 114535 braids
  Braids kept: 1089295 (in 28 buckets, 4.38 GB CPU)
  ⚡ Timing: matmul=0.20s, sampling=20.38s, total=29.26s

============================================================
SEARCH COMPLETE
============================================================
Final level: 300
Total time: 5082.15s
Avg time per level: 17.35s
Total GPU scalar-identity candidates: 0
Exact peyl verification required for every candidate.
