heuristic,length,bucket,count,seen,score
power_projlen,40,"[40, 1]",45,45,[1]
power_projlen,40,"[40, 7]",47,47,[7]
power_projlen,40,"[40, 13]",47,47,[13]
power_projlen,40,"[40, 17]",3,3,[17]
power_projlen,40,"[40, 18]",2,2,[18]
power_projlen,40,"[40, 19]",7,7,[19]
power_projlen,40,"[40, 20]",1,1,[20]
power_projlen,40,"[40, 21]",2,2,[21]
power_projlen,40,"[40, 23]",30,30,[23]
power_projlen,40,"[40, 25]",33,33,[25]
power_projlen,40,"[40, 26]",13,13,[26]
power_projlen,40,"[40, 27]",26,26,[27]
power_projlen,40,"[40, 28]",12,12,[28]
power_projlen,40,"[40, 29]",108,108,[29]
power_projlen,40,"[40, 30]",8,8,[30]
power_projlen,40,"[40, 31]",106,106,[31]
power_projlen,40,"[40, 32]",36,36,[32]
power_projlen,40,"[40, 33]",257,257,[33]
power_projlen,40,"[40, 34]",55,55,[34]
power_projlen,40,"[40, 35]",271,271,[35]
power_projlen,40,"[40, 36]",218,218,[36]
power_projlen,40,"[40, 37]",288,288,[37]
power_projlen,40,"[40, 38]",312,312,[38]
power_projlen,40,"[40, 39]",415,415,[39]
power_projlen,40,"[40, 40]",602,602,[40]
power_projlen,40,"[40, 41]",641,641,[41]
power_projlen,40,"[40, 42]",731,731,[42]
power_projlen,40,"[40, 43]",1344,1344,[43]
power_projlen,40,"[40, 44]",1732,1732,[44]
power_projlen,40,"[40, 45]",1420,1420,[45]
power_projlen,40,"[40, 46]",1889,1889,[46]
power_projlen,40,"[40, 47]",2000,2574,[47]
power_projlen,40,"[40, 48]",2000,2600,[48]
power_projlen,40,"[40, 49]",2000,3520,[49]
power_projlen,40,"[40, 50]",2000,3913,[50]
power_projlen,40,"[40, 51]",2000,6945,[51]
power_projlen,40,"[40, 52]",2000,4963,[52]
power_projlen,40,"[40, 53]",1987,1987,[53]
power_projlen,40,"[40, 54]",2000,3599,[54]
power_projlen,40,"[40, 55]",2000,10248,[55]
power_projlen,40,"[40, 56]",2000,12716,[56]
power_projlen,40,"[40, 57]",2000,3748,[57]
power_projlen,40,"[40, 58]",2000,6471,[58]
power_projlen,40,"[40, 59]",1135,1135,[59]
power_projlen,40,"[40, 60]",1286,1286,[60]
power_projlen,40,"[40, 61]",2000,14957,[61]
power_projlen,40,"[40, 62]",2000,10756,[62]
power_projlen,40,"[40, 63]",1684,1684,[63]
power_projlen,40,"[40, 64]",1702,1702,[64]
power_projlen,40,"[40, 65]",1088,1088,[65]
power_projlen,40,"[40, 66]",1244,1244,[66]
power_projlen,40,"[40, 67]",2000,8256,[67]
power_projlen,40,"[40, 68]",2000,2216,[68]
power_projlen,40,"[40, 69]",822,822,[69]
power_projlen,40,"[40, 70]",988,988,[70]
power_projlen,40,"[40, 71]",1197,1197,[71]
power_projlen,40,"[40, 72]",1904,1904,[72]
power_projlen,40,"[40, 73]",992,992,[73]
power_projlen,40,"[40, 74]",451,451,[74]
power_projlen,40,"[40, 75]",2000,2868,[75]
power_projlen,40,"[40, 76]",822,822,[76]
power_projlen,40,"[40, 77]",870,870,[77]
power_projlen,40,"[40, 78]",1008,1008,[78]
power_projlen,40,"[40, 79]",2000,4354,[79]
power_projlen,40,"[40, 80]",1241,1241,[80]
power_projlen,40,"[40, 81]",2000,2149,[81]
power_projlen,40,"[40, 82]",879,879,[82]
power_projlen,40,"[40, 83]",567,567,[83]
power_projlen,40,"[40, 84]",552,552,[84]
power_projlen,40,"[40, 85]",2000,2610,[85]
power_projlen,40,"[40, 86]",1075,1075,[86]
power_projlen,40,"[40, 87]",1379,1379,[87]
power_projlen,40,"[40, 88]",623,623,[88]
power_projlen,40,"[40, 89]",515,515,[89]
power_projlen,40,"[40, 90]",709,709,[90]
power_projlen,40,"[40, 91]",2000,2178,[91]
power_projlen,40,"[40, 92]",704,704,[92]
power_projlen,40,"[40, 93]",1664,1664,[93]
power_projlen,40,"[40, 94]",941,941,[94]
power_projlen,40,"[40, 95]",630,630,[95]
power_projlen,40,"[40, 96]",375,375,[96]
power_projlen,40,"[40, 97]",2000,3224,[97]
power_projlen,40,"[40, 98]",1419,1419,[98]
power_projlen,40,"[40, 99]",416,416,[99]
power_projlen,40,"[40, 100]",608,608,[100]
power_projlen,40,"[40, 101]",495,495,[101]
power_projlen,40,"[40, 102]",195,195,[102]
power_projlen,40,"[40, 103]",2000,2127,[103]
power_projlen,40,"[40, 104]",803,803,[104]
power_projlen,40,"[40, 105]",199,199,[105]
power_projlen,40,"[40, 106]",709,709,[106]
power_projlen,40,"[40, 107]",154,154,[107]
power_projlen,40,"[40, 108]",33,33,[108]
power_projlen,40,"[40, 109]",2000,2000,[109]
power_projlen,40,"[40, 110]",494,494,[110]
power_projlen,40,"[40, 111]",53,53,[111]
power_projlen,40,"[40, 112]",344,344,[112]
power_projlen,40,"[40, 113]",63,63,[113]
power_projlen,40,"[40, 114]",259,259,[114]
power_projlen,40,"[40, 115]",774,774,[115]
power_projlen,40,"[40, 116]",312,312,[116]
power_projlen,40,"[40, 117]",21,21,[117]
power_projlen,40,"[40, 118]",196,196,[118]
power_projlen,40,"[40, 119]",10,10,[119]
power_projlen,40,"[40, 120]",131,131,[120]
power_projlen,40,"[40, 121]",276,276,[121]
power_projlen,40,"[40, 122]",78,78,[122]
power_projlen,40,"[40, 123]",15,15,[123]
power_projlen,40,"[40, 124]",85,85,[124]
power_projlen,40,"[40, 125]",8,8,[125]
power_projlen,40,"[40, 126]",12,12,[126]
power_projlen,40,"[40, 127]",85,85,[127]
power_projlen,40,"[40, 128]",20,20,[128]
power_projlen,40,"[40, 129]",19,19,[129]
power_projlen,40,"[40, 130]",25,25,[130]
power_projlen,40,"[40, 131]",9,9,[131]
power_projlen,40,"[40, 132]",13,13,[132]
power_projlen,40,"[40, 133]",29,29,[133]
power_projlen,40,"[40, 134]",23,23,[134]
power_projlen,40,"[40, 135]",18,18,[135]
power_projlen,40,"[40, 136]",30,30,[136]
power_projlen,40,"[40, 137]",15,15,[137]
power_projlen,40,"[40, 138]",12,12,[138]
power_projlen,40,"[40, 139]",28,28,[139]
power_projlen,40,"[40, 140]",22,22,[140]
power_projlen,40,"[40, 141]",13,13,[141]
power_projlen,40,"[40, 142]",17,17,[142]
power_projlen,40,"[40, 143]",13,13,[143]
power_projlen,40,"[40, 144]",15,15,[144]
power_projlen,40,"[40, 145]",36,36,[145]
power_projlen,40,"[40, 146]",26,26,[146]
power_projlen,40,"[40, 147]",21,21,[147]
power_projlen,40,"[40, 148]",19,19,[148]
power_projlen,40,"[40, 149]",26,26,[149]
power_projlen,40,"[40, 150]",22,22,[150]
power_projlen,40,"[40, 151]",49,49,[151]
power_projlen,40,"[40, 152]",22,22,[152]
power_projlen,40,"[40, 153]",19,19,[153]
power_projlen,40,"[40, 154]",22,22,[154]
power_projlen,40,"[40, 155]",20,20,[155]
power_projlen,40,"[40, 156]",38,38,[156]
power_projlen,40,"[40, 157]",23,23,[157]
power_projlen,40,"[40, 158]",18,18,[158]
power_projlen,40,"[40, 159]",11,11,[159]
power_projlen,40,"[40, 160]",60,60,[160]
power_projlen,40,"[40, 161]",14,14,[161]
power_projlen,40,"[40, 162]",114,114,[162]
power_projlen,40,"[40, 163]",9,9,[163]
power_projlen,40,"[40, 164]",84,84,[164]
power_projlen,40,"[40, 165]",30,30,[165]
power_projlen,40,"[40, 166]",4,4,[166]
power_projlen,40,"[40, 167]",6,6,[167]
power_projlen,40,"[40, 168]",676,676,[168]
power_projlen,40,"[40, 169]",10,10,[169]
power_projlen,40,"[40, 170]",49,49,[170]
power_projlen,40,"[40, 171]",4,4,[171]
power_projlen,40,"[40, 172]",150,150,[172]
power_projlen,40,"[40, 173]",15,15,[173]
power_projlen,40,"[40, 174]",372,372,[174]
power_projlen,40,"[40, 175]",4,4,[175]
power_projlen,40,"[40, 176]",352,352,[176]
power_projlen,40,"[40, 177]",9,9,[177]
power_projlen,40,"[40, 178]",3,3,[178]
power_projlen,40,"[40, 179]",15,15,[179]
power_projlen,40,"[40, 180]",306,306,[180]
power_projlen,40,"[40, 181]",18,18,[181]
power_projlen,40,"[40, 182]",15,15,[182]
power_projlen,40,"[40, 183]",15,15,[183]
power_projlen,40,"[40, 184]",115,115,[184]
power_projlen,40,"[40, 185]",29,29,[185]
power_projlen,40,"[40, 186]",24,24,[186]
power_projlen,40,"[40, 187]",40,40,[187]
power_projlen,40,"[40, 188]",138,138,[188]
power_projlen,40,"[40, 189]",41,41,[189]
power_projlen,40,"[40, 190]",91,91,[190]
power_projlen,40,"[40, 191]",77,77,[191]
power_projlen,40,"[40, 192]",172,172,[192]
power_projlen,40,"[40, 193]",81,81,[193]
power_projlen,40,"[40, 194]",258,258,[194]
power_projlen,40,"[40, 195]",142,142,[195]
power_projlen,40,"[40, 196]",219,219,[196]
power_projlen,40,"[40, 197]",122,122,[197]
power_projlen,40,"[40, 198]",546,546,[198]
power_projlen,40,"[40, 199]",252,252,[199]
power_projlen,40,"[40, 200]",312,312,[200]
power_projlen,40,"[40, 201]",187,187,[201]
power_projlen,40,"[40, 202]",960,960,[202]
power_projlen,40,"[40, 203]",257,257,[203]
power_projlen,40,"[40, 204]",264,264,[204]
power_projlen,40,"[40, 205]",162,162,[205]
power_projlen,40,"[40, 206]",1500,1500,[206]
power_projlen,40,"[40, 207]",438,438,[207]
power_projlen,40,"[40, 208]",439,439,[208]
power_projlen,40,"[40, 209]",245,245,[209]
power_projlen,40,"[40, 210]",64,64,[210]
power_projlen,40,"[40, 211]",104,104,[211]
power_projlen,40,"[40, 212]",206,206,[212]
power_projlen,40,"[40, 213]",1493,1493,[213]
power_projlen,40,"[40, 214]",180,180,[214]
power_projlen,40,"[40, 215]",112,112,[215]
power_projlen,40,"[40, 216]",215,215,[216]
power_projlen,40,"[40, 217]",54,54,[217]
power_projlen,40,"[40, 218]",97,97,[218]
power_projlen,40,"[40, 219]",2000,5280,[219]
power_projlen,40,"[40, 220]",337,337,[220]
power_projlen,40,"[40, 221]",488,488,[221]
power_projlen,40,"[40, 222]",188,188,[222]
power_projlen,40,"[40, 223]",3,3,[223]
power_projlen,40,"[40, 224]",64,64,[224]
power_projlen,40,"[40, 225]",28,28,[225]
power_projlen,40,"[40, 226]",71,71,[226]
power_projlen,40,"[40, 227]",138,138,[227]
power_projlen,40,"[40, 228]",27,27,[228]
power_projlen,40,"[40, 229]",8,8,[229]
power_projlen,40,"[40, 230]",6,6,[230]
power_projlen,40,"[40, 231]",4,4,[231]
power_projlen,40,"[40, 232]",30,30,[232]
power_projlen,40,"[40, 233]",13,13,[233]
power_projlen,40,"[40, 234]",49,49,[234]
power_projlen,40,"[40, 235]",5,5,[235]
power_projlen,40,"[40, 236]",21,21,[236]
power_projlen,40,"[40, 237]",26,26,[237]
power_projlen,40,"[40, 238]",29,29,[238]
power_projlen,40,"[40, 239]",29,29,[239]
power_projlen,40,"[40, 240]",17,17,[240]
power_projlen,40,"[40, 241]",62,62,[241]
power_projlen,40,"[40, 242]",192,192,[242]
power_projlen,40,"[40, 243]",53,53,[243]
power_projlen,40,"[40, 244]",233,233,[244]
power_projlen,40,"[40, 245]",11,11,[245]
power_projlen,40,"[40, 246]",3,3,[246]
power_projlen,40,"[40, 247]",422,422,[247]
power_projlen,40,"[40, 248]",89,89,[248]
power_projlen,40,"[40, 249]",17,17,[249]
power_projlen,40,"[40, 250]",28,28,[250]
power_projlen,40,"[40, 251]",2,2,[251]
power_projlen,40,"[40, 252]",3,3,[252]
power_projlen,40,"[40, 253]",55,55,[253]
power_projlen,40,"[40, 254]",27,27,[254]
power_projlen,40,"[40, 255]",10,10,[255]
power_projlen,40,"[40, 256]",18,18,[256]
power_projlen,40,"[40, 257]",7,7,[257]
power_projlen,40,"[40, 258]",15,15,[258]
power_projlen,40,"[40, 259]",36,36,[259]
power_projlen,40,"[40, 260]",54,54,[260]
power_projlen,40,"[40, 261]",19,19,[261]
power_projlen,40,"[40, 262]",49,49,[262]
power_projlen,40,"[40, 263]",40,40,[263]
power_projlen,40,"[40, 264]",23,23,[264]
power_projlen,40,"[40, 265]",49,49,[265]
power_projlen,40,"[40, 266]",87,87,[266]
power_projlen,40,"[40, 267]",12,12,[267]
power_projlen,40,"[40, 268]",1053,1053,[268]
power_projlen,40,"[40, 269]",340,340,[269]
power_projlen,40,"[40, 270]",75,75,[270]
power_projlen,40,"[40, 271]",84,84,[271]
power_projlen,40,"[40, 272]",2000,3402,[272]
power_projlen,40,"[40, 273]",3,3,[273]
power_projlen,40,"[40, 274]",2000,2773,[274]
power_projlen,40,"[40, 275]",676,676,[275]
power_projlen,40,"[40, 276]",17,17,[276]
power_projlen,40,"[40, 277]",655,655,[277]
power_projlen,40,"[40, 278]",2000,12551,[278]
power_projlen,40,"[40, 279]",7,7,[279]
power_projlen,40,"[40, 280]",28,28,[280]
power_projlen,40,"[40, 281]",60,60,[281]
power_projlen,40,"[40, 282]",8,8,[282]
power_projlen,40,"[40, 283]",1450,1450,[283]
power_projlen,40,"[40, 284]",55,55,[284]
power_projlen,40,"[40, 285]",3,3,[285]
power_projlen,40,"[40, 286]",2,2,[286]
power_projlen,40,"[40, 287]",1,1,[287]
power_projlen,40,"[40, 289]",656,656,[289]
power_projlen,40,"[40, 290]",3,3,[290]
power_projlen,40,"[40, 295]",145,145,[295]
power_projlen,40,"[40, 301]",1,1,[301]
two_level,40,"[40, 1, 16]",3,3,"[1, 16]"
two_level,40,"[40, 1, 20]",4,4,"[1, 20]"
two_level,40,"[40, 1, 24]",26,26,"[1, 24]"
two_level,40,"[40, 1, 28]",12,12,"[1, 28]"
two_level,40,"[40, 7, 24]",47,47,"[7, 24]"
two_level,40,"[40, 13, 24]",46,46,"[13, 24]"
two_level,40,"[40, 13, 28]",1,1,"[13, 28]"
two_level,40,"[40, 17, 16]",3,3,"[17, 16]"
two_level,40,"[40, 18, 16]",2,2,"[18, 16]"
two_level,40,"[40, 19, 16]",6,6,"[19, 16]"
two_level,40,"[40, 19, 24]",1,1,"[19, 24]"
two_level,40,"[40, 20, 20]",1,1,"[20, 20]"
two_level,40,"[40, 21, 24]",1,1,"[21, 24]"
two_level,40,"[40, 21, 32]",1,1,"[21, 32]"
two_level,40,"[40, 23, 12]",4,4,"[23, 12]"
two_level,40,"[40, 23, 16]",7,7,"[23, 16]"
two_level,40,"[40, 23, 20]",19,19,"[23, 20]"
two_level,40,"[40, 25, 12]",2,2,"[25, 12]"
two_level,40,"[40, 25, 16]",8,8,"[25, 16]"
two_level,40,"[40, 25, 20]",2,2,"[25, 20]"
two_level,40,"[40, 25, 24]",21,21,"[25, 24]"
two_level,40,"[40, 26, 12]",1,1,"[26, 12]"
two_level,40,"[40, 26, 16]",12,12,"[26, 16]"
two_level,40,"[40, 27, 12]",2,2,"[27, 12]"
two_level,40,"[40, 27, 16]",10,10,"[27, 16]"
two_level,40,"[40, 27, 20]",9,9,"[27, 20]"
two_level,40,"[40, 27, 24]",5,5,"[27, 24]"
two_level,40,"[40, 28, 16]",3,3,"[28, 16]"
two_level,40,"[40, 28, 20]",2,2,"[28, 20]"
two_level,40,"[40, 28, 24]",2,2,"[28, 24]"
two_level,40,"[40, 28, 28]",5,5,"[28, 28]"
two_level,40,"[40, 29, 16]",7,7,"[29, 16]"
two_level,40,"[40, 29, 20]",10,10,"[29, 20]"
two_level,40,"[40, 29, 24]",11,11,"[29, 24]"
two_level,40,"[40, 29, 28]",80,80,"[29, 28]"
two_level,40,"[40, 30, 12]",1,1,"[30, 12]"
two_level,40,"[40, 30, 16]",6,6,"[30, 16]"
two_level,40,"[40, 30, 28]",1,1,"[30, 28]"
two_level,40,"[40, 31, 12]",8,8,"[31, 12]"
two_level,40,"[40, 31, 16]",44,44,"[31, 16]"
two_level,40,"[40, 31, 20]",4,4,"[31, 20]"
two_level,40,"[40, 31, 24]",24,24,"[31, 24]"
two_level,40,"[40, 31, 28]",26,26,"[31, 28]"
two_level,40,"[40, 32, 16]",29,29,"[32, 16]"
two_level,40,"[40, 32, 20]",1,1,"[32, 20]"
two_level,40,"[40, 32, 28]",5,5,"[32, 28]"
two_level,40,"[40, 32, 32]",1,1,"[32, 32]"
two_level,40,"[40, 33, 12]",6,6,"[33, 12]"
two_level,40,"[40, 33, 16]",51,51,"[33, 16]"
two_level,40,"[40, 33, 20]",4,4,"[33, 20]"
two_level,40,"[40, 33, 24]",35,35,"[33, 24]"
two_level,40,"[40, 33, 28]",80,80,"[33, 28]"
two_level,40,"[40, 33, 32]",81,81,"[33, 32]"
two_level,40,"[40, 34, 16]",44,44,"[34, 16]"
two_level,40,"[40, 34, 20]",9,9,"[34, 20]"
two_level,40,"[40, 34, 24]",1,1,"[34, 24]"
two_level,40,"[40, 34, 28]",1,1,"[34, 28]"
two_level,40,"[40, 35, 12]",10,10,"[35, 12]"
two_level,40,"[40, 35, 16]",53,53,"[35, 16]"
two_level,40,"[40, 35, 20]",11,11,"[35, 20]"
two_level,40,"[40, 35, 24]",91,91,"[35, 24]"
two_level,40,"[40, 35, 28]",29,29,"[35, 28]"
two_level,40,"[40, 35, 32]",77,77,"[35, 32]"
two_level,40,"[40, 36, 12]",2,2,"[36, 12]"
two_level,40,"[40, 36, 16]",114,114,"[36, 16]"
two_level,40,"[40, 36, 20]",17,17,"[36, 20]"
two_level,40,"[40, 36, 24]",81,81,"[36, 24]"
two_level,40,"[40, 36, 28]",4,4,"[36, 28]"
two_level,40,"[40, 37, 12]",4,4,"[37, 12]"
two_level,40,"[40, 37, 16]",197,197,"[37, 16]"
two_level,40,"[40, 37, 20]",24,24,"[37, 20]"
two_level,40,"[40, 37, 24]",34,34,"[37, 24]"
two_level,40,"[40, 37, 28]",28,28,"[37, 28]"
two_level,40,"[40, 37, 36]",1,1,"[37, 36]"
two_level,40,"[40, 38, 12]",1,1,"[38, 12]"
two_level,40,"[40, 38, 16]",242,242,"[38, 16]"
two_level,40,"[40, 38, 20]",26,26,"[38, 20]"
two_level,40,"[40, 38, 28]",43,43,"[38, 28]"
two_level,40,"[40, 39, 12]",28,28,"[39, 12]"
two_level,40,"[40, 39, 16]",254,254,"[39, 16]"
two_level,40,"[40, 39, 20]",35,35,"[39, 20]"
two_level,40,"[40, 39, 24]",40,40,"[39, 24]"
two_level,40,"[40, 39, 28]",42,42,"[39, 28]"
two_level,40,"[40, 39, 32]",16,16,"[39, 32]"
two_level,40,"[40, 40, 12]",5,5,"[40, 12]"
two_level,40,"[40, 40, 16]",428,428,"[40, 16]"
two_level,40,"[40, 40, 20]",149,149,"[40, 20]"
two_level,40,"[40, 40, 28]",15,15,"[40, 28]"
two_level,40,"[40, 40, 32]",5,5,"[40, 32]"
two_level,40,"[40, 41, 12]",8,8,"[41, 12]"
two_level,40,"[40, 41, 16]",362,362,"[41, 16]"
two_level,40,"[40, 41, 20]",83,83,"[41, 20]"
two_level,40,"[40, 41, 24]",51,51,"[41, 24]"
two_level,40,"[40, 41, 28]",109,109,"[41, 28]"
two_level,40,"[40, 41, 32]",28,28,"[41, 32]"
two_level,40,"[40, 42, 16]",548,548,"[42, 16]"
two_level,40,"[40, 42, 20]",168,168,"[42, 20]"
two_level,40,"[40, 42, 24]",2,2,"[42, 24]"
two_level,40,"[40, 42, 28]",12,12,"[42, 28]"
two_level,40,"[40, 42, 32]",1,1,"[42, 32]"
two_level,40,"[40, 43, 12]",160,160,"[43, 12]"
two_level,40,"[40, 43, 16]",843,843,"[43, 16]"
two_level,40,"[40, 43, 20]",74,74,"[43, 20]"
two_level,40,"[40, 43, 24]",175,175,"[43, 24]"
two_level,40,"[40, 43, 28]",82,82,"[43, 28]"
two_level,40,"[40, 43, 32]",10,10,"[43, 32]"
two_level,40,"[40, 44, 16]",1070,1070,"[44, 16]"
two_level,40,"[40, 44, 20]",618,618,"[44, 20]"
two_level,40,"[40, 44, 24]",3,3,"[44, 24]"
two_level,40,"[40, 44, 28]",40,40,"[44, 28]"
two_level,40,"[40, 44, 36]",1,1,"[44, 36]"
two_level,40,"[40, 45, 16]",965,965,"[45, 16]"
two_level,40,"[40, 45, 20]",257,257,"[45, 20]"
two_level,40,"[40, 45, 24]",45,45,"[45, 24]"
two_level,40,"[40, 45, 28]",123,123,"[45, 28]"
two_level,40,"[40, 45, 32]",25,25,"[45, 32]"
two_level,40,"[40, 45, 36]",5,5,"[45, 36]"
two_level,40,"[40, 46, 16]",1375,1375,"[46, 16]"
two_level,40,"[40, 46, 20]",416,416,"[46, 20]"
two_level,40,"[40, 46, 24]",51,51,"[46, 24]"
two_level,40,"[40, 46, 28]",7,7,"[46, 28]"
two_level,40,"[40, 46, 32]",40,40,"[46, 32]"
two_level,40,"[40, 47, 16]",1945,1945,"[47, 16]"
two_level,40,"[40, 47, 20]",321,321,"[47, 20]"
two_level,40,"[40, 47, 24]",74,74,"[47, 24]"
two_level,40,"[40, 47, 28]",140,140,"[47, 28]"
two_level,40,"[40, 47, 32]",87,87,"[47, 32]"
two_level,40,"[40, 47, 36]",7,7,"[47, 36]"
two_level,40,"[40, 48, 16]",312,312,"[48, 16]"
two_level,40,"[40, 48, 20]",2000,2215,"[48, 20]"
two_level,40,"[40, 48, 24]",20,20,"[48, 24]"
two_level,40,"[40, 48, 28]",41,41,"[48, 28]"
two_level,40,"[40, 48, 32]",10,10,"[48, 32]"
two_level,40,"[40, 48, 36]",2,2,"[48, 36]"
two_level,40,"[40, 49, 16]",2000,2118,"[49, 16]"
two_level,40,"[40, 49, 20]",1123,1123,"[49, 20]"
two_level,40,"[40, 49, 24]",78,78,"[49, 24]"
two_level,40,"[40, 49, 28]",169,169,"[49, 28]"
two_level,40,"[40, 49, 32]",18,18,"[49, 32]"
two_level,40,"[40, 49, 36]",14,14,"[49, 36]"
two_level,40,"[40, 50, 16]",2000,2889,"[50, 16]"
two_level,40,"[40, 50, 20]",903,903,"[50, 20]"
two_level,40,"[40, 50, 24]",10,10,"[50, 24]"
two_level,40,"[40, 50, 28]",82,82,"[50, 28]"
two_level,40,"[40, 50, 32]",22,22,"[50, 32]"
two_level,40,"[40, 50, 36]",7,7,"[50, 36]"
two_level,40,"[40, 51, 16]",2000,5770,"[51, 16]"
two_level,40,"[40, 51, 20]",426,426,"[51, 20]"
two_level,40,"[40, 51, 24]",350,350,"[51, 24]"
two_level,40,"[40, 51, 28]",267,267,"[51, 28]"
two_level,40,"[40, 51, 32]",121,121,"[51, 32]"
two_level,40,"[40, 51, 36]",10,10,"[51, 36]"
two_level,40,"[40, 51, 40]",1,1,"[51, 40]"
two_level,40,"[40, 52, 16]",125,125,"[52, 16]"
two_level,40,"[40, 52, 20]",2000,4620,"[52, 20]"
two_level,40,"[40, 52, 24]",28,28,"[52, 24]"
two_level,40,"[40, 52, 28]",93,93,"[52, 28]"
two_level,40,"[40, 52, 32]",65,65,"[52, 32]"
two_level,40,"[40, 52, 36]",32,32,"[52, 36]"
two_level,40,"[40, 53, 16]",75,75,"[53, 16]"
two_level,40,"[40, 53, 20]",1530,1530,"[53, 20]"
two_level,40,"[40, 53, 24]",71,71,"[53, 24]"
two_level,40,"[40, 53, 28]",108,108,"[53, 28]"
two_level,40,"[40, 53, 32]",179,179,"[53, 32]"
two_level,40,"[40, 53, 36]",24,24,"[53, 36]"
two_level,40,"[40, 54, 20]",2000,3394,"[54, 20]"
two_level,40,"[40, 54, 24]",21,21,"[54, 24]"
two_level,40,"[40, 54, 28]",84,84,"[54, 28]"
two_level,40,"[40, 54, 32]",65,65,"[54, 32]"
two_level,40,"[40, 54, 36]",35,35,"[54, 36]"
two_level,40,"[40, 55, 16]",2000,7672,"[55, 16]"
two_level,40,"[40, 55, 20]",2000,2035,"[55, 20]"
two_level,40,"[40, 55, 24]",58,58,"[55, 24]"
two_level,40,"[40, 55, 28]",292,292,"[55, 28]"
two_level,40,"[40, 55, 32]",150,150,"[55, 32]"
two_level,40,"[40, 55, 36]",40,40,"[55, 36]"
two_level,40,"[40, 55, 40]",1,1,"[55, 40]"
two_level,40,"[40, 56, 20]",2000,12351,"[56, 20]"
two_level,40,"[40, 56, 24]",92,92,"[56, 24]"
two_level,40,"[40, 56, 28]",28,28,"[56, 28]"
two_level,40,"[40, 56, 32]",182,182,"[56, 32]"
two_level,40,"[40, 56, 36]",63,63,"[56, 36]"
two_level,40,"[40, 57, 20]",2000,3193,"[57, 20]"
two_level,40,"[40, 57, 24]",44,44,"[57, 24]"
two_level,40,"[40, 57, 28]",199,199,"[57, 28]"
two_level,40,"[40, 57, 32]",198,198,"[57, 32]"
two_level,40,"[40, 57, 36]",106,106,"[57, 36]"
two_level,40,"[40, 57, 40]",6,6,"[57, 40]"
two_level,40,"[40, 57, 44]",2,2,"[57, 44]"
two_level,40,"[40, 58, 20]",2000,6105,"[58, 20]"
two_level,40,"[40, 58, 24]",28,28,"[58, 24]"
two_level,40,"[40, 58, 28]",89,89,"[58, 28]"
two_level,40,"[40, 58, 32]",148,148,"[58, 32]"
two_level,40,"[40, 58, 36]",100,100,"[58, 36]"
two_level,40,"[40, 58, 40]",1,1,"[58, 40]"
two_level,40,"[40, 59, 20]",407,407,"[59, 20]"
two_level,40,"[40, 59, 24]",185,185,"[59, 24]"
two_level,40,"[40, 59, 28]",116,116,"[59, 28]"
two_level,40,"[40, 59, 32]",366,366,"[59, 32]"
two_level,40,"[40, 59, 36]",52,52,"[59, 36]"
two_level,40,"[40, 59, 40]",5,5,"[59, 40]"
two_level,40,"[40, 59, 44]",4,4,"[59, 44]"
two_level,40,"[40, 60, 20]",650,650,"[60, 20]"
two_level,40,"[40, 60, 24]",196,196,"[60, 24]"
two_level,40,"[40, 60, 28]",50,50,"[60, 28]"
two_level,40,"[40, 60, 32]",184,184,"[60, 32]"
two_level,40,"[40, 60, 36]",194,194,"[60, 36]"
two_level,40,"[40, 60, 40]",12,12,"[60, 40]"
two_level,40,"[40, 61, 20]",2000,13562,"[61, 20]"
two_level,40,"[40, 61, 24]",69,69,"[61, 24]"
two_level,40,"[40, 61, 28]",134,134,"[61, 28]"
two_level,40,"[40, 61, 32]",911,911,"[61, 32]"
two_level,40,"[40, 61, 36]",278,278,"[61, 36]"
two_level,40,"[40, 61, 40]",2,2,"[61, 40]"
two_level,40,"[40, 61, 48]",1,1,"[61, 48]"
two_level,40,"[40, 62, 20]",2000,10131,"[62, 20]"
two_level,40,"[40, 62, 24]",76,76,"[62, 24]"
two_level,40,"[40, 62, 28]",44,44,"[62, 28]"
two_level,40,"[40, 62, 32]",327,327,"[62, 32]"
two_level,40,"[40, 62, 36]",165,165,"[62, 36]"
two_level,40,"[40, 62, 40]",9,9,"[62, 40]"
two_level,40,"[40, 62, 44]",4,4,"[62, 44]"
two_level,40,"[40, 63, 20]",1036,1036,"[63, 20]"
two_level,40,"[40, 63, 24]",47,47,"[63, 24]"
two_level,40,"[40, 63, 28]",197,197,"[63, 28]"
two_level,40,"[40, 63, 32]",281,281,"[63, 32]"
two_level,40,"[40, 63, 36]",102,102,"[63, 36]"
two_level,40,"[40, 63, 40]",20,20,"[63, 40]"
two_level,40,"[40, 63, 44]",1,1,"[63, 44]"
two_level,40,"[40, 64, 20]",189,189,"[64, 20]"
two_level,40,"[40, 64, 24]",590,590,"[64, 24]"
two_level,40,"[40, 64, 28]",49,49,"[64, 28]"
two_level,40,"[40, 64, 32]",447,447,"[64, 32]"
two_level,40,"[40, 64, 36]",381,381,"[64, 36]"
two_level,40,"[40, 64, 40]",39,39,"[64, 40]"
two_level,40,"[40, 64, 44]",7,7,"[64, 44]"
two_level,40,"[40, 65, 20]",4,4,"[65, 20]"
two_level,40,"[40, 65, 24]",80,80,"[65, 24]"
two_level,40,"[40, 65, 28]",191,191,"[65, 28]"
two_level,40,"[40, 65, 32]",165,165,"[65, 32]"
two_level,40,"[40, 65, 36]",634,634,"[65, 36]"
two_level,40,"[40, 65, 40]",13,13,"[65, 40]"
two_level,40,"[40, 65, 48]",1,1,"[65, 48]"
two_level,40,"[40, 66, 24]",189,189,"[66, 24]"
two_level,40,"[40, 66, 28]",92,92,"[66, 28]"
two_level,40,"[40, 66, 32]",566,566,"[66, 32]"
two_level,40,"[40, 66, 36]",383,383,"[66, 36]"
two_level,40,"[40, 66, 40]",10,10,"[66, 40]"
two_level,40,"[40, 66, 48]",4,4,"[66, 48]"
two_level,40,"[40, 67, 20]",2000,7666,"[67, 20]"
two_level,40,"[40, 67, 24]",248,248,"[67, 24]"
two_level,40,"[40, 67, 28]",96,96,"[67, 28]"
two_level,40,"[40, 67, 32]",133,133,"[67, 32]"
two_level,40,"[40, 67, 36]",89,89,"[67, 36]"
two_level,40,"[40, 67, 40]",24,24,"[67, 40]"
two_level,40,"[40, 68, 24]",1564,1564,"[68, 24]"
two_level,40,"[40, 68, 28]",168,168,"[68, 28]"
two_level,40,"[40, 68, 32]",90,90,"[68, 32]"
two_level,40,"[40, 68, 36]",335,335,"[68, 36]"
two_level,40,"[40, 68, 40]",54,54,"[68, 40]"
two_level,40,"[40, 68, 44]",3,3,"[68, 44]"
two_level,40,"[40, 68, 48]",1,1,"[68, 48]"
two_level,40,"[40, 68, 52]",1,1,"[68, 52]"
two_level,40,"[40, 69, 24]",161,161,"[69, 24]"
two_level,40,"[40, 69, 28]",180,180,"[69, 28]"
two_level,40,"[40, 69, 32]",217,217,"[69, 32]"
two_level,40,"[40, 69, 36]",214,214,"[69, 36]"
two_level,40,"[40, 69, 40]",48,48,"[69, 40]"
two_level,40,"[40, 69, 44]",2,2,"[69, 44]"
two_level,40,"[40, 70, 24]",67,67,"[70, 24]"
two_level,40,"[40, 70, 28]",163,163,"[70, 28]"
two_level,40,"[40, 70, 32]",392,392,"[70, 32]"
two_level,40,"[40, 70, 36]",344,344,"[70, 36]"
two_level,40,"[40, 70, 40]",12,12,"[70, 40]"
two_level,40,"[40, 70, 44]",8,8,"[70, 44]"
two_level,40,"[40, 70, 48]",2,2,"[70, 48]"
two_level,40,"[40, 71, 24]",485,485,"[71, 24]"
two_level,40,"[40, 71, 28]",218,218,"[71, 28]"
two_level,40,"[40, 71, 32]",208,208,"[71, 32]"
two_level,40,"[40, 71, 36]",249,249,"[71, 36]"
two_level,40,"[40, 71, 40]",29,29,"[71, 40]"
two_level,40,"[40, 71, 44]",8,8,"[71, 44]"
two_level,40,"[40, 72, 24]",5,5,"[72, 24]"
two_level,40,"[40, 72, 28]",1563,1563,"[72, 28]"
two_level,40,"[40, 72, 32]",150,150,"[72, 32]"
two_level,40,"[40, 72, 36]",90,90,"[72, 36]"
two_level,40,"[40, 72, 40]",91,91,"[72, 40]"
two_level,40,"[40, 72, 44]",2,2,"[72, 44]"
two_level,40,"[40, 72, 48]",2,2,"[72, 48]"
two_level,40,"[40, 72, 52]",1,1,"[72, 52]"
two_level,40,"[40, 73, 24]",590,590,"[73, 24]"
two_level,40,"[40, 73, 28]",273,273,"[73, 28]"
two_level,40,"[40, 73, 32]",27,27,"[73, 32]"
two_level,40,"[40, 73, 36]",3,3,"[73, 36]"
two_level,40,"[40, 73, 40]",95,95,"[73, 40]"
two_level,40,"[40, 73, 44]",2,2,"[73, 44]"
two_level,40,"[40, 73, 48]",2,2,"[73, 48]"
two_level,40,"[40, 74, 24]",85,85,"[74, 24]"
two_level,40,"[40, 74, 28]",188,188,"[74, 28]"
two_level,40,"[40, 74, 32]",25,25,"[74, 32]"
two_level,40,"[40, 74, 36]",106,106,"[74, 36]"
two_level,40,"[40, 74, 40]",43,43,"[74, 40]"
two_level,40,"[40, 74, 44]",3,3,"[74, 44]"
two_level,40,"[40, 74, 48]",1,1,"[74, 48]"
two_level,40,"[40, 75, 24]",2000,2413,"[75, 24]"
two_level,40,"[40, 75, 28]",244,244,"[75, 28]"
two_level,40,"[40, 75, 32]",91,91,"[75, 32]"
two_level,40,"[40, 75, 36]",101,101,"[75, 36]"
two_level,40,"[40, 75, 40]",15,15,"[75, 40]"
two_level,40,"[40, 75, 44]",4,4,"[75, 44]"
two_level,40,"[40, 76, 28]",663,663,"[76, 28]"
two_level,40,"[40, 76, 32]",82,82,"[76, 32]"
two_level,40,"[40, 76, 36]",39,39,"[76, 36]"
two_level,40,"[40, 76, 40]",31,31,"[76, 40]"
two_level,40,"[40, 76, 48]",7,7,"[76, 48]"
two_level,40,"[40, 77, 24]",57,57,"[77, 24]"
two_level,40,"[40, 77, 28]",499,499,"[77, 28]"
two_level,40,"[40, 77, 32]",49,49,"[77, 32]"
two_level,40,"[40, 77, 36]",149,149,"[77, 36]"
two_level,40,"[40, 77, 40]",111,111,"[77, 40]"
two_level,40,"[40, 77, 44]",2,2,"[77, 44]"
two_level,40,"[40, 77, 48]",1,1,"[77, 48]"
two_level,40,"[40, 77, 52]",2,2,"[77, 52]"
two_level,40,"[40, 78, 28]",846,846,"[78, 28]"
two_level,40,"[40, 78, 32]",41,41,"[78, 32]"
two_level,40,"[40, 78, 36]",39,39,"[78, 36]"
two_level,40,"[40, 78, 40]",78,78,"[78, 40]"
two_level,40,"[40, 78, 48]",3,3,"[78, 48]"
two_level,40,"[40, 78, 52]",1,1,"[78, 52]"
two_level,40,"[40, 79, 24]",2000,3937,"[79, 24]"
two_level,40,"[40, 79, 28]",327,327,"[79, 28]"
two_level,40,"[40, 79, 32]",86,86,"[79, 32]"
two_level,40,"[40, 79, 36]",2,2,"[79, 36]"
two_level,40,"[40, 79, 40]",1,1,"[79, 40]"
two_level,40,"[40, 79, 44]",1,1,"[79, 44]"
two_level,40,"[40, 80, 28]",1124,1124,"[80, 28]"
two_level,40,"[40, 80, 32]",103,103,"[80, 32]"
two_level,40,"[40, 80, 36]",4,4,"[80, 36]"
two_level,40,"[40, 80, 40]",3,3,"[80, 40]"
two_level,40,"[40, 80, 44]",1,1,"[80, 44]"
two_level,40,"[40, 80, 48]",6,6,"[80, 48]"
two_level,40,"[40, 81, 28]",1843,1843,"[81, 28]"
two_level,40,"[40, 81, 32]",141,141,"[81, 32]"
two_level,40,"[40, 81, 36]",5,5,"[81, 36]"
two_level,40,"[40, 81, 40]",151,151,"[81, 40]"
two_level,40,"[40, 81, 48]",1,1,"[81, 48]"
two_level,40,"[40, 81, 80]",8,8,"[81, 80]"
two_level,40,"[40, 82, 28]",772,772,"[82, 28]"
two_level,40,"[40, 82, 32]",62,62,"[82, 32]"
two_level,40,"[40, 82, 36]",29,29,"[82, 36]"
two_level,40,"[40, 82, 40]",12,12,"[82, 40]"
two_level,40,"[40, 82, 48]",4,4,"[82, 48]"
two_level,40,"[40, 83, 28]",376,376,"[83, 28]"
two_level,40,"[40, 83, 32]",74,74,"[83, 32]"
two_level,40,"[40, 83, 36]",64,64,"[83, 36]"
two_level,40,"[40, 83, 40]",48,48,"[83, 40]"
two_level,40,"[40, 83, 44]",2,2,"[83, 44]"
two_level,40,"[40, 83, 48]",1,1,"[83, 48]"
two_level,40,"[40, 83, 80]",2,2,"[83, 80]"
two_level,40,"[40, 84, 28]",73,73,"[84, 28]"
two_level,40,"[40, 84, 32]",392,392,"[84, 32]"
two_level,40,"[40, 84, 36]",63,63,"[84, 36]"
two_level,40,"[40, 84, 40]",18,18,"[84, 40]"
two_level,40,"[40, 84, 48]",5,5,"[84, 48]"
two_level,40,"[40, 84, 52]",1,1,"[84, 52]"
two_level,40,"[40, 85, 28]",2000,2515,"[85, 28]"
two_level,40,"[40, 85, 32]",87,87,"[85, 32]"
two_level,40,"[40, 85, 36]",6,6,"[85, 36]"
two_level,40,"[40, 85, 52]",2,2,"[85, 52]"
two_level,40,"[40, 86, 28]",964,964,"[86, 28]"
two_level,40,"[40, 86, 32]",98,98,"[86, 32]"
two_level,40,"[40, 86, 36]",3,3,"[86, 36]"
two_level,40,"[40, 86, 40]",5,5,"[86, 40]"
two_level,40,"[40, 86, 48]",5,5,"[86, 48]"
two_level,40,"[40, 87, 28]",1190,1190,"[87, 28]"
two_level,40,"[40, 87, 32]",112,112,"[87, 32]"
two_level,40,"[40, 87, 36]",45,45,"[87, 36]"
two_level,40,"[40, 87, 40]",28,28,"[87, 40]"
two_level,40,"[40, 87, 44]",1,1,"[87, 44]"
two_level,40,"[40, 87, 56]",3,3,"[87, 56]"
two_level,40,"[40, 88, 28]",49,49,"[88, 28]"
two_level,40,"[40, 88, 32]",537,537,"[88, 32]"
two_level,40,"[40, 88, 36]",30,30,"[88, 36]"
two_level,40,"[40, 88, 40]",6,6,"[88, 40]"
two_level,40,"[40, 88, 44]",1,1,"[88, 44]"
two_level,40,"[40, 89, 28]",5,5,"[89, 28]"
two_level,40,"[40, 89, 32]",467,467,"[89, 32]"
two_level,40,"[40, 89, 36]",9,9,"[89, 36]"
two_level,40,"[40, 89, 40]",32,32,"[89, 40]"
two_level,40,"[40, 89, 48]",1,1,"[89, 48]"
two_level,40,"[40, 89, 56]",1,1,"[89, 56]"
two_level,40,"[40, 90, 32]",663,663,"[90, 32]"
two_level,40,"[40, 90, 36]",13,13,"[90, 36]"
two_level,40,"[40, 90, 40]",24,24,"[90, 40]"
two_level,40,"[40, 90, 48]",9,9,"[90, 48]"
two_level,40,"[40, 91, 28]",2000,2029,"[91, 28]"
two_level,40,"[40, 91, 32]",127,127,"[91, 32]"
two_level,40,"[40, 91, 36]",15,15,"[91, 36]"
two_level,40,"[40, 91, 56]",7,7,"[91, 56]"
two_level,40,"[40, 92, 32]",649,649,"[92, 32]"
two_level,40,"[40, 92, 36]",55,55,"[92, 36]"
two_level,40,"[40, 93, 32]",1614,1614,"[93, 32]"
two_level,40,"[40, 93, 36]",28,28,"[93, 36]"
two_level,40,"[40, 93, 44]",4,4,"[93, 44]"
two_level,40,"[40, 93, 48]",17,17,"[93, 48]"
two_level,40,"[40, 93, 56]",1,1,"[93, 56]"
two_level,40,"[40, 94, 32]",906,906,"[94, 32]"
two_level,40,"[40, 94, 36]",34,34,"[94, 36]"
two_level,40,"[40, 94, 48]",1,1,"[94, 48]"
two_level,40,"[40, 95, 32]",586,586,"[95, 32]"
two_level,40,"[40, 95, 36]",25,25,"[95, 36]"
two_level,40,"[40, 95, 40]",5,5,"[95, 40]"
two_level,40,"[40, 95, 56]",11,11,"[95, 56]"
two_level,40,"[40, 95, 80]",3,3,"[95, 80]"
two_level,40,"[40, 96, 32]",56,56,"[96, 32]"
two_level,40,"[40, 96, 36]",295,295,"[96, 36]"
two_level,40,"[40, 96, 40]",21,21,"[96, 40]"
two_level,40,"[40, 96, 44]",3,3,"[96, 44]"
two_level,40,"[40, 97, 32]",2000,3179,"[97, 32]"
two_level,40,"[40, 97, 36]",27,27,"[97, 36]"
two_level,40,"[40, 97, 40]",1,1,"[97, 40]"
two_level,40,"[40, 97, 56]",10,10,"[97, 56]"
two_level,40,"[40, 97, 60]",5,5,"[97, 60]"
two_level,40,"[40, 97, 80]",2,2,"[97, 80]"
two_level,40,"[40, 98, 32]",1370,1370,"[98, 32]"
two_level,40,"[40, 98, 36]",44,44,"[98, 36]"
two_level,40,"[40, 98, 40]",2,2,"[98, 40]"
two_level,40,"[40, 98, 48]",3,3,"[98, 48]"
two_level,40,"[40, 99, 32]",308,308,"[99, 32]"
two_level,40,"[40, 99, 36]",37,37,"[99, 36]"
two_level,40,"[40, 99, 40]",29,29,"[99, 40]"
two_level,40,"[40, 99, 44]",2,2,"[99, 44]"
two_level,40,"[40, 99, 48]",21,21,"[99, 48]"
two_level,40,"[40, 99, 52]",3,3,"[99, 52]"
two_level,40,"[40, 99, 56]",15,15,"[99, 56]"
two_level,40,"[40, 99, 60]",1,1,"[99, 60]"
two_level,40,"[40, 100, 32]",33,33,"[100, 32]"
two_level,40,"[40, 100, 36]",561,561,"[100, 36]"
two_level,40,"[40, 100, 40]",14,14,"[100, 40]"
two_level,40,"[40, 101, 36]",444,444,"[101, 36]"
two_level,40,"[40, 101, 40]",21,21,"[101, 40]"
two_level,40,"[40, 101, 60]",30,30,"[101, 60]"
two_level,40,"[40, 102, 36]",193,193,"[102, 36]"
two_level,40,"[40, 102, 40]",2,2,"[102, 40]"
two_level,40,"[40, 103, 32]",1941,1941,"[103, 32]"
two_level,40,"[40, 103, 36]",42,42,"[103, 36]"
two_level,40,"[40, 103, 40]",4,4,"[103, 40]"
two_level,40,"[40, 103, 56]",140,140,"[103, 56]"
two_level,40,"[40, 104, 36]",800,800,"[104, 36]"
two_level,40,"[40, 104, 48]",1,1,"[104, 48]"
two_level,40,"[40, 104, 80]",2,2,"[104, 80]"
two_level,40,"[40, 105, 36]",78,78,"[105, 36]"
two_level,40,"[40, 105, 40]",21,21,"[105, 40]"
two_level,40,"[40, 105, 44]",4,4,"[105, 44]"
two_level,40,"[40, 105, 60]",91,91,"[105, 60]"
two_level,40,"[40, 105, 80]",5,5,"[105, 80]"
two_level,40,"[40, 106, 36]",314,314,"[106, 36]"
two_level,40,"[40, 106, 40]",8,8,"[106, 40]"
two_level,40,"[40, 106, 44]",2,2,"[106, 44]"
two_level,40,"[40, 106, 56]",54,54,"[106, 56]"
two_level,40,"[40, 106, 60]",330,330,"[106, 60]"
two_level,40,"[40, 106, 80]",1,1,"[106, 80]"
two_level,40,"[40, 107, 36]",141,141,"[107, 36]"
two_level,40,"[40, 107, 40]",9,9,"[107, 40]"
two_level,40,"[40, 107, 56]",1,1,"[107, 56]"
two_level,40,"[40, 107, 80]",3,3,"[107, 80]"
two_level,40,"[40, 108, 36]",1,1,"[108, 36]"
two_level,40,"[40, 108, 40]",28,28,"[108, 40]"
two_level,40,"[40, 108, 48]",2,2,"[108, 48]"
two_level,40,"[40, 108, 80]",2,2,"[108, 80]"
two_level,40,"[40, 109, 36]",1549,1549,"[109, 36]"
two_level,40,"[40, 109, 40]",9,9,"[109, 40]"
two_level,40,"[40, 109, 60]",441,441,"[109, 60]"
two_level,40,"[40, 109, 80]",1,1,"[109, 80]"
two_level,40,"[40, 110, 36]",488,488,"[110, 36]"
two_level,40,"[40, 110, 40]",3,3,"[110, 40]"
two_level,40,"[40, 110, 56]",1,1,"[110, 56]"
two_level,40,"[40, 110, 80]",2,2,"[110, 80]"
two_level,40,"[40, 111, 36]",43,43,"[111, 36]"
two_level,40,"[40, 111, 40]",4,4,"[111, 40]"
two_level,40,"[40, 111, 48]",3,3,"[111, 48]"
two_level,40,"[40, 111, 60]",2,2,"[111, 60]"
two_level,40,"[40, 111, 80]",1,1,"[111, 80]"
two_level,40,"[40, 112, 36]",1,1,"[112, 36]"
two_level,40,"[40, 112, 40]",311,311,"[112, 40]"
two_level,40,"[40, 112, 44]",10,10,"[112, 44]"
two_level,40,"[40, 112, 48]",2,2,"[112, 48]"
two_level,40,"[40, 112, 52]",2,2,"[112, 52]"
two_level,40,"[40, 112, 56]",2,2,"[112, 56]"
two_level,40,"[40, 112, 60]",14,14,"[112, 60]"
two_level,40,"[40, 112, 80]",2,2,"[112, 80]"
two_level,40,"[40, 113, 40]",49,49,"[113, 40]"
two_level,40,"[40, 113, 60]",3,3,"[113, 60]"
two_level,40,"[40, 113, 80]",11,11,"[113, 80]"
two_level,40,"[40, 114, 40]",2,2,"[114, 40]"
two_level,40,"[40, 114, 56]",1,1,"[114, 56]"
two_level,40,"[40, 114, 60]",253,253,"[114, 60]"
two_level,40,"[40, 114, 80]",3,3,"[114, 80]"
two_level,40,"[40, 115, 36]",590,590,"[115, 36]"
two_level,40,"[40, 115, 40]",8,8,"[115, 40]"
two_level,40,"[40, 115, 60]",173,173,"[115, 60]"
two_level,40,"[40, 115, 80]",3,3,"[115, 80]"
two_level,40,"[40, 116, 40]",304,304,"[116, 40]"
two_level,40,"[40, 116, 44]",1,1,"[116, 44]"
two_level,40,"[40, 116, 52]",1,1,"[116, 52]"
two_level,40,"[40, 116, 56]",2,2,"[116, 56]"
two_level,40,"[40, 116, 80]",4,4,"[116, 80]"
two_level,40,"[40, 117, 40]",17,17,"[117, 40]"
two_level,40,"[40, 117, 80]",4,4,"[117, 80]"
two_level,40,"[40, 118, 40]",75,75,"[118, 40]"
two_level,40,"[40, 118, 44]",4,4,"[118, 44]"
two_level,40,"[40, 118, 48]",5,5,"[118, 48]"
two_level,40,"[40, 118, 60]",108,108,"[118, 60]"
two_level,40,"[40, 118, 80]",4,4,"[118, 80]"
two_level,40,"[40, 119, 40]",1,1,"[119, 40]"
two_level,40,"[40, 119, 44]",1,1,"[119, 44]"
two_level,40,"[40, 119, 60]",3,3,"[119, 60]"
two_level,40,"[40, 119, 80]",5,5,"[119, 80]"
two_level,40,"[40, 120, 40]",4,4,"[120, 40]"
two_level,40,"[40, 120, 44]",2,2,"[120, 44]"
two_level,40,"[40, 120, 56]",1,1,"[120, 56]"
two_level,40,"[40, 120, 64]",120,120,"[120, 64]"
two_level,40,"[40, 120, 80]",4,4,"[120, 80]"
two_level,40,"[40, 121, 40]",261,261,"[121, 40]"
two_level,40,"[40, 121, 64]",2,2,"[121, 64]"
two_level,40,"[40, 121, 80]",13,13,"[121, 80]"
two_level,40,"[40, 122, 40]",66,66,"[122, 40]"
two_level,40,"[40, 122, 44]",3,3,"[122, 44]"
two_level,40,"[40, 122, 52]",2,2,"[122, 52]"
two_level,40,"[40, 122, 80]",7,7,"[122, 80]"
two_level,40,"[40, 123, 40]",10,10,"[123, 40]"
two_level,40,"[40, 123, 80]",5,5,"[123, 80]"
two_level,40,"[40, 124, 44]",17,17,"[124, 44]"
two_level,40,"[40, 124, 48]",4,4,"[124, 48]"
two_level,40,"[40, 124, 52]",2,2,"[124, 52]"
two_level,40,"[40, 124, 64]",55,55,"[124, 64]"
two_level,40,"[40, 124, 80]",7,7,"[124, 80]"
two_level,40,"[40, 125, 44]",3,3,"[125, 44]"
two_level,40,"[40, 125, 80]",5,5,"[125, 80]"
two_level,40,"[40, 126, 44]",2,2,"[126, 44]"
two_level,40,"[40, 126, 52]",1,1,"[126, 52]"
two_level,40,"[40, 126, 64]",1,1,"[126, 64]"
two_level,40,"[40, 126, 80]",8,8,"[126, 80]"
two_level,40,"[40, 127, 40]",80,80,"[127, 40]"
two_level,40,"[40, 127, 80]",5,5,"[127, 80]"
two_level,40,"[40, 128, 44]",11,11,"[128, 44]"
two_level,40,"[40, 128, 48]",2,2,"[128, 48]"
two_level,40,"[40, 128, 80]",7,7,"[128, 80]"
two_level,40,"[40, 129, 44]",5,5,"[129, 44]"
two_level,40,"[40, 129, 80]",14,14,"[129, 80]"
two_level,40,"[40, 130, 44]",14,14,"[130, 44]"
two_level,40,"[40, 130, 48]",2,2,"[130, 48]"
two_level,40,"[40, 130, 52]",1,1,"[130, 52]"
two_level,40,"[40, 130, 64]",1,1,"[130, 64]"
two_level,40,"[40, 130, 80]",7,7,"[130, 80]"
two_level,40,"[40, 131, 80]",9,9,"[131, 80]"
two_level,40,"[40, 132, 48]",2,2,"[132, 48]"
two_level,40,"[40, 132, 56]",1,1,"[132, 56]"
two_level,40,"[40, 132, 80]",10,10,"[132, 80]"
two_level,40,"[40, 133, 44]",18,18,"[133, 44]"
two_level,40,"[40, 133, 80]",10,10,"[133, 80]"
two_level,40,"[40, 133, 84]",1,1,"[133, 84]"
two_level,40,"[40, 134, 44]",10,10,"[134, 44]"
two_level,40,"[40, 134, 48]",1,1,"[134, 48]"
two_level,40,"[40, 134, 80]",12,12,"[134, 80]"
two_level,40,"[40, 135, 44]",8,8,"[135, 44]"
two_level,40,"[40, 135, 80]",10,10,"[135, 80]"
two_level,40,"[40, 136, 48]",18,18,"[136, 48]"
two_level,40,"[40, 136, 56]",1,1,"[136, 56]"
two_level,40,"[40, 136, 80]",11,11,"[136, 80]"
two_level,40,"[40, 137, 80]",15,15,"[137, 80]"
two_level,40,"[40, 138, 48]",1,1,"[138, 48]"
two_level,40,"[40, 138, 80]",9,9,"[138, 80]"
two_level,40,"[40, 138, 84]",2,2,"[138, 84]"
two_level,40,"[40, 139, 44]",19,19,"[139, 44]"
two_level,40,"[40, 139, 80]",9,9,"[139, 80]"
two_level,40,"[40, 140, 48]",9,9,"[140, 48]"
two_level,40,"[40, 140, 52]",1,1,"[140, 52]"
two_level,40,"[40, 140, 80]",11,11,"[140, 80]"
two_level,40,"[40, 140, 84]",1,1,"[140, 84]"
two_level,40,"[40, 141, 48]",3,3,"[141, 48]"
two_level,40,"[40, 141, 80]",9,9,"[141, 80]"
two_level,40,"[40, 141, 84]",1,1,"[141, 84]"
two_level,40,"[40, 142, 48]",4,4,"[142, 48]"
two_level,40,"[40, 142, 80]",11,11,"[142, 80]"
two_level,40,"[40, 142, 84]",2,2,"[142, 84]"
two_level,40,"[40, 143, 80]",13,13,"[143, 80]"
two_level,40,"[40, 144, 52]",3,3,"[144, 52]"
two_level,40,"[40, 144, 80]",11,11,"[144, 80]"
two_level,40,"[40, 144, 84]",1,1,"[144, 84]"
two_level,40,"[40, 145, 48]",21,21,"[145, 48]"
two_level,40,"[40, 145, 80]",15,15,"[145, 80]"
two_level,40,"[40, 146, 48]",6,6,"[146, 48]"
two_level,40,"[40, 146, 52]",3,3,"[146, 52]"
two_level,40,"[40, 146, 56]",1,1,"[146, 56]"
two_level,40,"[40, 146, 80]",13,13,"[146, 80]"
two_level,40,"[40, 146, 84]",1,1,"[146, 84]"
two_level,40,"[40, 146, 88]",2,2,"[146, 88]"
two_level,40,"[40, 147, 48]",4,4,"[147, 48]"
two_level,40,"[40, 147, 80]",14,14,"[147, 80]"
two_level,40,"[40, 147, 84]",3,3,"[147, 84]"
two_level,40,"[40, 148, 52]",3,3,"[148, 52]"
two_level,40,"[40, 148, 80]",13,13,"[148, 80]"
two_level,40,"[40, 148, 84]",3,3,"[148, 84]"
two_level,40,"[40, 149, 80]",21,21,"[149, 80]"
two_level,40,"[40, 149, 84]",4,4,"[149, 84]"
two_level,40,"[40, 149, 92]",1,1,"[149, 92]"
two_level,40,"[40, 150, 52]",2,2,"[150, 52]"
two_level,40,"[40, 150, 80]",15,15,"[150, 80]"
two_level,40,"[40, 150, 84]",4,4,"[150, 84]"
two_level,40,"[40, 150, 88]",1,1,"[150, 88]"
two_level,40,"[40, 151, 48]",27,27,"[151, 48]"
two_level,40,"[40, 151, 80]",17,17,"[151, 80]"
two_level,40,"[40, 151, 84]",4,4,"[151, 84]"
two_level,40,"[40, 151, 88]",1,1,"[151, 88]"
two_level,40,"[40, 152, 52]",3,3,"[152, 52]"
two_level,40,"[40, 152, 80]",6,6,"[152, 80]"
two_level,40,"[40, 152, 84]",9,9,"[152, 84]"
two_level,40,"[40, 152, 88]",2,2,"[152, 88]"
two_level,40,"[40, 152, 92]",2,2,"[152, 92]"
two_level,40,"[40, 153, 80]",5,5,"[153, 80]"
two_level,40,"[40, 153, 84]",11,11,"[153, 84]"
two_level,40,"[40, 153, 88]",2,2,"[153, 88]"
two_level,40,"[40, 153, 92]",1,1,"[153, 92]"
two_level,40,"[40, 154, 52]",1,1,"[154, 52]"
two_level,40,"[40, 154, 56]",1,1,"[154, 56]"
two_level,40,"[40, 154, 80]",6,6,"[154, 80]"
two_level,40,"[40, 154, 84]",12,12,"[154, 84]"
two_level,40,"[40, 154, 88]",2,2,"[154, 88]"
two_level,40,"[40, 155, 80]",4,4,"[155, 80]"
two_level,40,"[40, 155, 84]",13,13,"[155, 84]"
two_level,40,"[40, 155, 88]",2,2,"[155, 88]"
two_level,40,"[40, 155, 92]",1,1,"[155, 92]"
two_level,40,"[40, 156, 56]",5,5,"[156, 56]"
two_level,40,"[40, 156, 80]",7,7,"[156, 80]"
two_level,40,"[40, 156, 84]",6,6,"[156, 84]"
two_level,40,"[40, 156, 88]",4,4,"[156, 88]"
two_level,40,"[40, 156, 92]",16,16,"[156, 92]"
two_level,40,"[40, 157, 52]",2,2,"[157, 52]"
two_level,40,"[40, 157, 80]",5,5,"[157, 80]"
two_level,40,"[40, 157, 84]",10,10,"[157, 84]"
two_level,40,"[40, 157, 92]",6,6,"[157, 92]"
two_level,40,"[40, 158, 52]",1,1,"[158, 52]"
two_level,40,"[40, 158, 56]",1,1,"[158, 56]"
two_level,40,"[40, 158, 80]",5,5,"[158, 80]"
two_level,40,"[40, 158, 84]",4,4,"[158, 84]"
two_level,40,"[40, 158, 88]",5,5,"[158, 88]"
two_level,40,"[40, 158, 92]",2,2,"[158, 92]"
two_level,40,"[40, 159, 80]",6,6,"[159, 80]"
two_level,40,"[40, 159, 84]",1,1,"[159, 84]"
two_level,40,"[40, 159, 88]",4,4,"[159, 88]"
two_level,40,"[40, 160, 80]",5,5,"[160, 80]"
two_level,40,"[40, 160, 84]",3,3,"[160, 84]"
two_level,40,"[40, 160, 88]",6,6,"[160, 88]"
two_level,40,"[40, 160, 92]",46,46,"[160, 92]"
two_level,40,"[40, 161, 80]",5,5,"[161, 80]"
two_level,40,"[40, 161, 88]",1,1,"[161, 88]"
two_level,40,"[40, 161, 92]",8,8,"[161, 92]"
two_level,40,"[40, 162, 56]",102,102,"[162, 56]"
two_level,40,"[40, 162, 80]",4,4,"[162, 80]"
two_level,40,"[40, 162, 88]",6,6,"[162, 88]"
two_level,40,"[40, 162, 92]",2,2,"[162, 92]"
two_level,40,"[40, 163, 80]",7,7,"[163, 80]"
two_level,40,"[40, 163, 92]",2,2,"[163, 92]"
two_level,40,"[40, 164, 56]",1,1,"[164, 56]"
two_level,40,"[40, 164, 60]",1,1,"[164, 60]"
two_level,40,"[40, 164, 80]",2,2,"[164, 80]"
two_level,40,"[40, 164, 92]",80,80,"[164, 92]"
two_level,40,"[40, 165, 80]",19,19,"[165, 80]"
two_level,40,"[40, 165, 92]",11,11,"[165, 92]"
two_level,40,"[40, 166, 80]",2,2,"[166, 80]"
two_level,40,"[40, 166, 92]",2,2,"[166, 92]"
two_level,40,"[40, 167, 56]",1,1,"[167, 56]"
two_level,40,"[40, 167, 80]",5,5,"[167, 80]"
two_level,40,"[40, 168, 60]",559,559,"[168, 60]"
two_level,40,"[40, 168, 80]",3,3,"[168, 80]"
two_level,40,"[40, 168, 92]",114,114,"[168, 92]"
two_level,40,"[40, 169, 60]",1,1,"[169, 60]"
two_level,40,"[40, 169, 80]",2,2,"[169, 80]"
two_level,40,"[40, 169, 88]",1,1,"[169, 88]"
two_level,40,"[40, 169, 92]",6,6,"[169, 92]"
two_level,40,"[40, 170, 56]",46,46,"[170, 56]"
two_level,40,"[40, 170, 60]",1,1,"[170, 60]"
two_level,40,"[40, 170, 92]",2,2,"[170, 92]"
two_level,40,"[40, 171, 80]",3,3,"[171, 80]"
two_level,40,"[40, 171, 92]",1,1,"[171, 92]"
two_level,40,"[40, 172, 60]",2,2,"[172, 60]"
two_level,40,"[40, 172, 84]",3,3,"[172, 84]"
two_level,40,"[40, 172, 92]",145,145,"[172, 92]"
two_level,40,"[40, 173, 60]",1,1,"[173, 60]"
two_level,40,"[40, 173, 80]",3,3,"[173, 80]"
two_level,40,"[40, 173, 92]",11,11,"[173, 92]"
two_level,40,"[40, 174, 60]",371,371,"[174, 60]"
two_level,40,"[40, 174, 88]",1,1,"[174, 88]"
two_level,40,"[40, 175, 80]",1,1,"[175, 80]"
two_level,40,"[40, 175, 88]",2,2,"[175, 88]"
two_level,40,"[40, 175, 96]",1,1,"[175, 96]"
two_level,40,"[40, 176, 60]",217,217,"[176, 60]"
two_level,40,"[40, 176, 80]",1,1,"[176, 80]"
two_level,40,"[40, 176, 92]",132,132,"[176, 92]"
two_level,40,"[40, 176, 96]",2,2,"[176, 96]"
two_level,40,"[40, 177, 84]",2,2,"[177, 84]"
two_level,40,"[40, 177, 92]",7,7,"[177, 92]"
two_level,40,"[40, 178, 60]",2,2,"[178, 60]"
two_level,40,"[40, 178, 88]",1,1,"[178, 88]"
two_level,40,"[40, 179, 60]",6,6,"[179, 60]"
two_level,40,"[40, 179, 84]",1,1,"[179, 84]"
two_level,40,"[40, 179, 88]",6,6,"[179, 88]"
two_level,40,"[40, 179, 92]",2,2,"[179, 92]"
two_level,40,"[40, 180, 64]",176,176,"[180, 64]"
two_level,40,"[40, 180, 84]",1,1,"[180, 84]"
two_level,40,"[40, 180, 92]",129,129,"[180, 92]"
two_level,40,"[40, 181, 60]",3,3,"[181, 60]"
two_level,40,"[40, 181, 84]",2,2,"[181, 84]"
two_level,40,"[40, 181, 88]",2,2,"[181, 88]"
two_level,40,"[40, 181, 92]",11,11,"[181, 92]"
two_level,40,"[40, 182, 60]",12,12,"[182, 60]"
two_level,40,"[40, 182, 88]",3,3,"[182, 88]"
two_level,40,"[40, 183, 88]",8,8,"[183, 88]"
two_level,40,"[40, 183, 92]",7,7,"[183, 92]"
two_level,40,"[40, 184, 88]",1,1,"[184, 88]"
two_level,40,"[40, 184, 92]",114,114,"[184, 92]"
two_level,40,"[40, 185, 64]",1,1,"[185, 64]"
two_level,40,"[40, 185, 84]",2,2,"[185, 84]"
two_level,40,"[40, 185, 88]",3,3,"[185, 88]"
two_level,40,"[40, 185, 92]",22,22,"[185, 92]"
two_level,40,"[40, 185, 96]",1,1,"[185, 96]"
two_level,40,"[40, 186, 64]",2,2,"[186, 64]"
two_level,40,"[40, 186, 88]",7,7,"[186, 88]"
two_level,40,"[40, 186, 92]",15,15,"[186, 92]"
two_level,40,"[40, 187, 60]",2,2,"[187, 60]"
two_level,40,"[40, 187, 84]",2,2,"[187, 84]"
two_level,40,"[40, 187, 88]",12,12,"[187, 88]"
two_level,40,"[40, 187, 92]",23,23,"[187, 92]"
two_level,40,"[40, 187, 96]",1,1,"[187, 96]"
two_level,40,"[40, 188, 64]",1,1,"[188, 64]"
two_level,40,"[40, 188, 88]",1,1,"[188, 88]"
two_level,40,"[40, 188, 92]",136,136,"[188, 92]"
two_level,40,"[40, 189, 88]",7,7,"[189, 88]"
two_level,40,"[40, 189, 92]",33,33,"[189, 92]"
two_level,40,"[40, 189, 96]",1,1,"[189, 96]"
two_level,40,"[40, 190, 88]",10,10,"[190, 88]"
two_level,40,"[40, 190, 92]",80,80,"[190, 92]"
two_level,40,"[40, 190, 96]",1,1,"[190, 96]"
two_level,40,"[40, 191, 88]",16,16,"[191, 88]"
two_level,40,"[40, 191, 92]",59,59,"[191, 92]"
two_level,40,"[40, 191, 96]",2,2,"[191, 96]"
two_level,40,"[40, 192, 88]",1,1,"[192, 88]"
two_level,40,"[40, 192, 92]",171,171,"[192, 92]"
two_level,40,"[40, 193, 88]",13,13,"[193, 88]"
two_level,40,"[40, 193, 92]",65,65,"[193, 92]"
two_level,40,"[40, 193, 96]",3,3,"[193, 96]"
two_level,40,"[40, 194, 88]",17,17,"[194, 88]"
two_level,40,"[40, 194, 92]",238,238,"[194, 92]"
two_level,40,"[40, 194, 96]",3,3,"[194, 96]"
two_level,40,"[40, 195, 88]",12,12,"[195, 88]"
two_level,40,"[40, 195, 92]",127,127,"[195, 92]"
two_level,40,"[40, 195, 96]",3,3,"[195, 96]"
two_level,40,"[40, 196, 92]",218,218,"[196, 92]"
two_level,40,"[40, 196, 96]",1,1,"[196, 96]"
two_level,40,"[40, 197, 88]",14,14,"[197, 88]"
two_level,40,"[40, 197, 92]",101,101,"[197, 92]"
two_level,40,"[40, 197, 96]",7,7,"[197, 96]"
two_level,40,"[40, 198, 88]",11,11,"[198, 88]"
two_level,40,"[40, 198, 92]",529,529,"[198, 92]"
two_level,40,"[40, 198, 96]",6,6,"[198, 96]"
two_level,40,"[40, 199, 88]",19,19,"[199, 88]"
two_level,40,"[40, 199, 92]",228,228,"[199, 92]"
two_level,40,"[40, 199, 96]",5,5,"[199, 96]"
two_level,40,"[40, 200, 92]",306,306,"[200, 92]"
two_level,40,"[40, 200, 96]",6,6,"[200, 96]"
two_level,40,"[40, 201, 92]",170,170,"[201, 92]"
two_level,40,"[40, 201, 96]",17,17,"[201, 96]"
two_level,40,"[40, 202, 92]",950,950,"[202, 92]"
two_level,40,"[40, 202, 96]",10,10,"[202, 96]"
two_level,40,"[40, 203, 84]",3,3,"[203, 84]"
two_level,40,"[40, 203, 92]",246,246,"[203, 92]"
two_level,40,"[40, 203, 96]",8,8,"[203, 96]"
two_level,40,"[40, 204, 92]",243,243,"[204, 92]"
two_level,40,"[40, 204, 96]",21,21,"[204, 96]"
two_level,40,"[40, 205, 84]",2,2,"[205, 84]"
two_level,40,"[40, 205, 92]",123,123,"[205, 92]"
two_level,40,"[40, 205, 96]",37,37,"[205, 96]"
two_level,40,"[40, 206, 92]",1485,1485,"[206, 92]"
two_level,40,"[40, 206, 96]",15,15,"[206, 96]"
two_level,40,"[40, 207, 84]",1,1,"[207, 84]"
two_level,40,"[40, 207, 88]",22,22,"[207, 88]"
two_level,40,"[40, 207, 92]",403,403,"[207, 92]"
two_level,40,"[40, 207, 96]",12,12,"[207, 96]"
two_level,40,"[40, 208, 92]",382,382,"[208, 92]"
two_level,40,"[40, 208, 96]",57,57,"[208, 96]"
two_level,40,"[40, 209, 88]",10,10,"[209, 88]"
two_level,40,"[40, 209, 92]",163,163,"[209, 92]"
two_level,40,"[40, 209, 96]",72,72,"[209, 96]"
two_level,40,"[40, 210, 84]",1,1,"[210, 84]"
two_level,40,"[40, 210, 88]",2,2,"[210, 88]"
two_level,40,"[40, 210, 92]",40,40,"[210, 92]"
two_level,40,"[40, 210, 96]",21,21,"[210, 96]"
two_level,40,"[40, 211, 92]",85,85,"[211, 92]"
two_level,40,"[40, 211, 96]",19,19,"[211, 96]"
two_level,40,"[40, 212, 92]",72,72,"[212, 92]"
two_level,40,"[40, 212, 96]",134,134,"[212, 96]"
two_level,40,"[40, 213, 88]",2,2,"[213, 88]"
two_level,40,"[40, 213, 92]",1355,1355,"[213, 92]"
two_level,40,"[40, 213, 96]",136,136,"[213, 96]"
two_level,40,"[40, 214, 84]",1,1,"[214, 84]"
two_level,40,"[40, 214, 92]",150,150,"[214, 92]"
two_level,40,"[40, 214, 96]",29,29,"[214, 96]"
two_level,40,"[40, 215, 88]",1,1,"[215, 88]"
two_level,40,"[40, 215, 92]",88,88,"[215, 92]"
two_level,40,"[40, 215, 96]",23,23,"[215, 96]"
two_level,40,"[40, 216, 92]",215,215,"[216, 92]"
two_level,40,"[40, 217, 92]",16,16,"[217, 92]"
two_level,40,"[40, 217, 96]",38,38,"[217, 96]"
two_level,40,"[40, 218, 88]",9,9,"[218, 88]"
two_level,40,"[40, 218, 92]",49,49,"[218, 92]"
two_level,40,"[40, 218, 96]",39,39,"[218, 96]"
two_level,40,"[40, 219, 84]",6,6,"[219, 84]"
two_level,40,"[40, 219, 88]",3,3,"[219, 88]"
two_level,40,"[40, 219, 92]",2000,5015,"[219, 92]"
two_level,40,"[40, 219, 96]",256,256,"[219, 96]"
two_level,40,"[40, 220, 88]",8,8,"[220, 88]"
two_level,40,"[40, 220, 92]",68,68,"[220, 92]"
two_level,40,"[40, 220, 96]",261,261,"[220, 96]"
two_level,40,"[40, 221, 84]",3,3,"[221, 84]"
two_level,40,"[40, 221, 92]",7,7,"[221, 92]"
two_level,40,"[40, 221, 96]",478,478,"[221, 96]"
two_level,40,"[40, 222, 88]",23,23,"[222, 88]"
two_level,40,"[40, 222, 92]",46,46,"[222, 92]"
two_level,40,"[40, 222, 96]",119,119,"[222, 96]"
two_level,40,"[40, 223, 84]",1,1,"[223, 84]"
two_level,40,"[40, 223, 92]",2,2,"[223, 92]"
two_level,40,"[40, 224, 84]",3,3,"[224, 84]"
two_level,40,"[40, 224, 88]",6,6,"[224, 88]"
two_level,40,"[40, 224, 92]",54,54,"[224, 92]"
two_level,40,"[40, 224, 100]",1,1,"[224, 100]"
two_level,40,"[40, 225, 84]",2,2,"[225, 84]"
two_level,40,"[40, 225, 88]",4,4,"[225, 88]"
two_level,40,"[40, 225, 92]",14,14,"[225, 92]"
two_level,40,"[40, 225, 96]",8,8,"[225, 96]"
two_level,40,"[40, 226, 84]",10,10,"[226, 84]"
two_level,40,"[40, 226, 88]",4,4,"[226, 88]"
two_level,40,"[40, 226, 92]",3,3,"[226, 92]"
two_level,40,"[40, 226, 96]",54,54,"[226, 96]"
two_level,40,"[40, 227, 80]",3,3,"[227, 80]"
two_level,40,"[40, 227, 96]",135,135,"[227, 96]"
two_level,40,"[40, 228, 84]",8,8,"[228, 84]"
two_level,40,"[40, 228, 88]",6,6,"[228, 88]"
two_level,40,"[40, 228, 96]",12,12,"[228, 96]"
two_level,40,"[40, 228, 100]",1,1,"[228, 100]"
two_level,40,"[40, 229, 80]",1,1,"[229, 80]"
two_level,40,"[40, 229, 84]",7,7,"[229, 84]"
two_level,40,"[40, 230, 84]",5,5,"[230, 84]"
two_level,40,"[40, 230, 92]",1,1,"[230, 92]"
two_level,40,"[40, 231, 80]",4,4,"[231, 80]"
two_level,40,"[40, 232, 84]",29,29,"[232, 84]"
two_level,40,"[40, 232, 92]",1,1,"[232, 92]"
two_level,40,"[40, 233, 80]",1,1,"[233, 80]"
two_level,40,"[40, 233, 84]",1,1,"[233, 84]"
two_level,40,"[40, 233, 88]",10,10,"[233, 88]"
two_level,40,"[40, 233, 100]",1,1,"[233, 100]"
two_level,40,"[40, 234, 80]",44,44,"[234, 80]"
two_level,40,"[40, 234, 84]",3,3,"[234, 84]"
two_level,40,"[40, 234, 92]",2,2,"[234, 92]"
two_level,40,"[40, 235, 80]",5,5,"[235, 80]"
two_level,40,"[40, 236, 84]",20,20,"[236, 84]"
two_level,40,"[40, 236, 88]",1,1,"[236, 88]"
two_level,40,"[40, 237, 80]",24,24,"[237, 80]"
two_level,40,"[40, 237, 84]",2,2,"[237, 84]"
two_level,40,"[40, 238, 80]",26,26,"[238, 80]"
two_level,40,"[40, 238, 84]",3,3,"[238, 84]"
two_level,40,"[40, 239, 80]",13,13,"[239, 80]"
two_level,40,"[40, 239, 84]",11,11,"[239, 84]"
two_level,40,"[40, 239, 92]",5,5,"[239, 92]"
two_level,40,"[40, 240, 84]",17,17,"[240, 84]"
two_level,40,"[40, 241, 80]",59,59,"[241, 80]"
two_level,40,"[40, 241, 84]",3,3,"[241, 84]"
two_level,40,"[40, 242, 80]",189,189,"[242, 80]"
two_level,40,"[40, 242, 84]",3,3,"[242, 84]"
two_level,40,"[40, 243, 80]",53,53,"[243, 80]"
two_level,40,"[40, 244, 84]",233,233,"[244, 84]"
two_level,40,"[40, 245, 84]",11,11,"[245, 84]"
two_level,40,"[40, 246, 84]",3,3,"[246, 84]"
two_level,40,"[40, 247, 80]",421,421,"[247, 80]"
two_level,40,"[40, 247, 84]",1,1,"[247, 84]"
two_level,40,"[40, 248, 84]",85,85,"[248, 84]"
two_level,40,"[40, 248, 88]",4,4,"[248, 88]"
two_level,40,"[40, 249, 84]",17,17,"[249, 84]"
two_level,40,"[40, 250, 84]",28,28,"[250, 84]"
two_level,40,"[40, 251, 84]",2,2,"[251, 84]"
two_level,40,"[40, 252, 88]",1,1,"[252, 88]"
two_level,40,"[40, 252, 92]",2,2,"[252, 92]"
two_level,40,"[40, 253, 84]",54,54,"[253, 84]"
two_level,40,"[40, 253, 88]",1,1,"[253, 88]"
two_level,40,"[40, 254, 84]",25,25,"[254, 84]"
two_level,40,"[40, 254, 88]",2,2,"[254, 88]"
two_level,40,"[40, 255, 84]",10,10,"[255, 84]"
two_level,40,"[40, 256, 88]",12,12,"[256, 88]"
two_level,40,"[40, 256, 92]",6,6,"[256, 92]"
two_level,40,"[40, 257, 88]",7,7,"[257, 88]"
two_level,40,"[40, 258, 88]",1,1,"[258, 88]"
two_level,40,"[40, 258, 92]",14,14,"[258, 92]"
two_level,40,"[40, 259, 84]",34,34,"[259, 84]"
two_level,40,"[40, 259, 88]",2,2,"[259, 88]"
two_level,40,"[40, 260, 88]",48,48,"[260, 88]"
two_level,40,"[40, 260, 92]",6,6,"[260, 92]"
two_level,40,"[40, 261, 88]",19,19,"[261, 88]"
two_level,40,"[40, 262, 88]",41,41,"[262, 88]"
two_level,40,"[40, 262, 92]",8,8,"[262, 92]"
two_level,40,"[40, 263, 88]",35,35,"[263, 88]"
two_level,40,"[40, 263, 92]",5,5,"[263, 92]"
two_level,40,"[40, 264, 92]",18,18,"[264, 92]"
two_level,40,"[40, 264, 96]",5,5,"[264, 96]"
two_level,40,"[40, 265, 88]",49,49,"[265, 88]"
two_level,40,"[40, 266, 88]",67,67,"[266, 88]"
two_level,40,"[40, 266, 92]",20,20,"[266, 92]"
two_level,40,"[40, 267, 88]",9,9,"[267, 88]"
two_level,40,"[40, 267, 92]",3,3,"[267, 92]"
two_level,40,"[40, 268, 92]",1053,1053,"[268, 92]"
two_level,40,"[40, 269, 92]",340,340,"[269, 92]"
two_level,40,"[40, 270, 92]",75,75,"[270, 92]"
two_level,40,"[40, 271, 88]",79,79,"[271, 88]"
two_level,40,"[40, 271, 92]",5,5,"[271, 92]"
two_level,40,"[40, 272, 92]",2000,3402,"[272, 92]"
two_level,40,"[40, 273, 92]",3,3,"[273, 92]"
two_level,40,"[40, 274, 92]",2000,2773,"[274, 92]"
two_level,40,"[40, 275, 92]",676,676,"[275, 92]"
two_level,40,"[40, 276, 96]",17,17,"[276, 96]"
two_level,40,"[40, 277, 92]",653,653,"[277, 92]"
two_level,40,"[40, 277, 96]",2,2,"[277, 96]"
two_level,40,"[40, 278, 92]",2000,12551,"[278, 92]"
two_level,40,"[40, 279, 92]",7,7,"[279, 92]"
two_level,40,"[40, 280, 96]",28,28,"[280, 96]"
two_level,40,"[40, 281, 96]",60,60,"[281, 96]"
two_level,40,"[40, 282, 96]",8,8,"[282, 96]"
two_level,40,"[40, 283, 92]",1450,1450,"[283, 92]"
two_level,40,"[40, 284, 96]",55,55,"[284, 96]"
two_level,40,"[40, 285, 96]",3,3,"[285, 96]"
two_level,40,"[40, 286, 96]",2,2,"[286, 96]"
two_level,40,"[40, 287, 96]",1,1,"[287, 96]"
two_level,40,"[40, 289, 96]",656,656,"[289, 96]"
two_level,40,"[40, 290, 96]",3,3,"[290, 96]"
two_level,40,"[40, 295, 96]",145,145,"[295, 96]"
two_level,40,"[40, 301, 100]",1,1,"[301, 100]"
power_identity,40,"[40, 0]",45,45,[0]
power_identity,40,"[40, 4]",17,17,[4]
power_identity,40,"[40, 8]",45,45,[8]
power_identity,40,"[40, 12]",32,32,[12]
power_identity,40,"[40, 16]",80,80,[16]
power_identity,40,"[40, 20]",214,214,[20]
power_identity,40,"[40, 24]",34,34,[24]
power_identity,40,"[40, 28]",79,79,[28]
power_identity,40,"[40, 32]",111,111,[32]
power_identity,40,"[40, 36]",83,83,[36]
power_identity,40,"[40, 40]",250,250,[40]
power_identity,40,"[40, 44]",505,505,[44]
power_identity,40,"[40, 48]",480,480,[48]
power_identity,40,"[40, 52]",1216,1216,[52]
power_identity,40,"[40, 56]",346,346,[56]
power_identity,40,"[40, 60]",402,402,[60]
power_identity,40,"[40, 64]",531,531,[64]
power_identity,40,"[40, 68]",346,346,[68]
power_identity,40,"[40, 72]",420,420,[72]
power_identity,40,"[40, 76]",621,621,[76]
power_identity,40,"[40, 80]",435,435,[80]
power_identity,40,"[40, 84]",537,537,[84]
power_identity,40,"[40, 88]",560,560,[88]
power_identity,40,"[40, 92]",603,603,[92]
power_identity,40,"[40, 96]",538,538,[96]
power_identity,40,"[40, 100]",714,714,[100]
power_identity,40,"[40, 104]",812,812,[104]
power_identity,40,"[40, 108]",924,924,[108]
power_identity,40,"[40, 112]",1240,1240,[112]
power_identity,40,"[40, 116]",1551,1551,[116]
power_identity,40,"[40, 120]",1858,1858,[120]
power_identity,40,"[40, 124]",2000,2048,[124]
power_identity,40,"[40, 128]",2000,2880,[128]
power_identity,40,"[40, 132]",2000,3615,[132]
power_identity,40,"[40, 136]",2000,4276,[136]
power_identity,40,"[40, 140]",2000,5080,[140]
power_identity,40,"[40, 144]",2000,6300,[144]
power_identity,40,"[40, 148]",2000,7055,[148]
power_identity,40,"[40, 152]",2000,7971,[152]
power_identity,40,"[40, 156]",2000,8713,[156]
power_identity,40,"[40, 160]",2000,9384,[160]
power_identity,40,"[40, 164]",2000,9704,[164]
power_identity,40,"[40, 168]",2000,9396,[168]
power_identity,40,"[40, 172]",2000,8792,[172]
power_identity,40,"[40, 176]",2000,8327,[176]
power_identity,40,"[40, 180]",2000,7603,[180]
power_identity,40,"[40, 184]",2000,6722,[184]
power_identity,40,"[40, 188]",2000,5448,[188]
power_identity,40,"[40, 192]",2000,4735,[192]
power_identity,40,"[40, 196]",2000,3946,[196]
power_identity,40,"[40, 200]",2000,3135,[200]
power_identity,40,"[40, 204]",2000,2561,[204]
power_identity,40,"[40, 208]",2000,2305,[208]
power_identity,40,"[40, 212]",1568,1568,[212]
power_identity,40,"[40, 216]",1363,1363,[216]
power_identity,40,"[40, 220]",1113,1113,[220]
power_identity,40,"[40, 224]",1127,1127,[224]
power_identity,40,"[40, 228]",949,949,[228]
power_identity,40,"[40, 232]",823,823,[232]
power_identity,40,"[40, 236]",713,713,[236]
power_identity,40,"[40, 240]",710,710,[240]
power_identity,40,"[40, 244]",806,806,[244]
power_identity,40,"[40, 248]",986,986,[248]
power_identity,40,"[40, 252]",1170,1170,[252]
power_identity,40,"[40, 256]",1172,1172,[256]
power_identity,40,"[40, 260]",1099,1099,[260]
power_identity,40,"[40, 264]",1027,1027,[264]
power_identity,40,"[40, 268]",947,947,[268]
power_identity,40,"[40, 272]",1086,1086,[272]
power_identity,40,"[40, 276]",997,997,[276]
power_identity,40,"[40, 280]",860,860,[280]
power_identity,40,"[40, 284]",844,844,[284]
power_identity,40,"[40, 288]",819,819,[288]
power_identity,40,"[40, 292]",646,646,[292]
power_identity,40,"[40, 296]",606,606,[296]
power_identity,40,"[40, 300]",452,452,[300]
power_identity,40,"[40, 304]",340,340,[304]
power_identity,40,"[40, 308]",273,273,[308]
power_identity,40,"[40, 312]",234,234,[312]
power_identity,40,"[40, 316]",203,203,[316]
power_identity,40,"[40, 320]",222,222,[320]
power_identity,40,"[40, 324]",156,156,[324]
power_identity,40,"[40, 328]",192,192,[328]
power_identity,40,"[40, 332]",132,132,[332]
power_identity,40,"[40, 336]",96,96,[336]
power_identity,40,"[40, 340]",71,71,[340]
power_identity,40,"[40, 344]",54,54,[344]
power_identity,40,"[40, 348]",39,39,[348]
power_identity,40,"[40, 352]",26,26,[352]
power_identity,40,"[40, 356]",34,34,[356]
power_identity,40,"[40, 360]",12,12,[360]
power_identity,40,"[40, 364]",17,17,[364]
power_identity,40,"[40, 368]",14,14,[368]
power_identity,40,"[40, 372]",17,17,[372]
power_identity,40,"[40, 376]",13,13,[376]
power_identity,40,"[40, 380]",10,10,[380]
power_identity,40,"[40, 384]",19,19,[384]
power_identity,40,"[40, 388]",23,23,[388]
power_identity,40,"[40, 392]",29,29,[392]
power_identity,40,"[40, 396]",20,20,[396]
power_identity,40,"[40, 400]",26,26,[400]
power_identity,40,"[40, 404]",23,23,[404]
power_identity,40,"[40, 408]",32,32,[408]
power_identity,40,"[40, 412]",33,33,[412]
power_identity,40,"[40, 416]",39,39,[416]
power_identity,40,"[40, 420]",32,32,[420]
power_identity,40,"[40, 424]",56,56,[424]
power_identity,40,"[40, 428]",57,57,[428]
power_identity,40,"[40, 432]",79,79,[432]
power_identity,40,"[40, 436]",101,101,[436]
power_identity,40,"[40, 440]",126,126,[440]
power_identity,40,"[40, 444]",130,130,[444]
power_identity,40,"[40, 448]",182,182,[448]
power_identity,40,"[40, 452]",203,203,[452]
power_identity,40,"[40, 456]",210,210,[456]
power_identity,40,"[40, 460]",238,238,[460]
power_identity,40,"[40, 464]",239,239,[464]
power_identity,40,"[40, 468]",230,230,[468]
power_identity,40,"[40, 472]",233,233,[472]
power_identity,40,"[40, 476]",252,252,[476]
power_identity,40,"[40, 480]",256,256,[480]
power_identity,40,"[40, 484]",205,205,[484]
power_identity,40,"[40, 488]",248,248,[488]
power_identity,40,"[40, 492]",254,254,[492]
power_identity,40,"[40, 496]",215,215,[496]
power_identity,40,"[40, 500]",239,239,[500]
power_identity,40,"[40, 504]",236,236,[504]
power_identity,40,"[40, 508]",310,310,[508]
power_identity,40,"[40, 512]",325,325,[512]
power_identity,40,"[40, 516]",361,361,[516]
power_identity,40,"[40, 520]",354,354,[520]
power_identity,40,"[40, 524]",411,411,[524]
power_identity,40,"[40, 528]",454,454,[528]
power_identity,40,"[40, 532]",418,418,[532]
power_identity,40,"[40, 536]",510,510,[536]
power_identity,40,"[40, 540]",508,508,[540]
power_identity,40,"[40, 544]",555,555,[544]
power_identity,40,"[40, 548]",514,514,[548]
power_identity,40,"[40, 552]",499,499,[552]
power_identity,40,"[40, 556]",463,463,[556]
power_identity,40,"[40, 560]",427,427,[560]
power_identity,40,"[40, 564]",439,439,[564]
power_identity,40,"[40, 568]",467,467,[568]
power_identity,40,"[40, 572]",481,481,[572]
power_identity,40,"[40, 576]",504,504,[576]
power_identity,40,"[40, 580]",545,545,[580]
power_identity,40,"[40, 584]",625,625,[584]
power_identity,40,"[40, 588]",687,687,[588]
power_identity,40,"[40, 592]",709,709,[592]
power_identity,40,"[40, 596]",737,737,[596]
power_identity,40,"[40, 600]",726,726,[600]
power_identity,40,"[40, 604]",691,691,[604]
power_identity,40,"[40, 608]",625,625,[608]
power_identity,40,"[40, 612]",524,524,[612]
power_identity,40,"[40, 616]",400,400,[616]
power_identity,40,"[40, 620]",312,312,[620]
power_identity,40,"[40, 624]",234,234,[624]
power_identity,40,"[40, 628]",173,173,[628]
power_identity,40,"[40, 632]",153,153,[632]
power_identity,40,"[40, 636]",76,76,[636]
power_identity,40,"[40, 640]",59,59,[640]
power_identity,40,"[40, 644]",45,45,[644]
power_identity,40,"[40, 648]",40,40,[648]
power_identity,40,"[40, 652]",24,24,[652]
power_identity,40,"[40, 656]",31,31,[656]
power_identity,40,"[40, 660]",30,30,[660]
power_identity,40,"[40, 664]",26,26,[664]
power_identity,40,"[40, 668]",26,26,[668]
power_identity,40,"[40, 672]",25,25,[672]
power_identity,40,"[40, 676]",32,32,[676]
power_identity,40,"[40, 680]",24,24,[680]
power_identity,40,"[40, 684]",29,29,[684]
power_identity,40,"[40, 688]",30,30,[688]
power_identity,40,"[40, 692]",23,23,[692]
power_identity,40,"[40, 696]",23,23,[696]
power_identity,40,"[40, 700]",19,19,[700]
power_identity,40,"[40, 704]",11,11,[704]
power_identity,40,"[40, 708]",27,27,[708]
power_identity,40,"[40, 712]",21,21,[712]
power_identity,40,"[40, 716]",37,37,[716]
power_identity,40,"[40, 720]",52,52,[720]
power_identity,40,"[40, 724]",44,44,[724]
power_identity,40,"[40, 728]",62,62,[728]
power_identity,40,"[40, 732]",58,58,[732]
power_identity,40,"[40, 736]",88,88,[736]
power_identity,40,"[40, 740]",137,137,[740]
power_identity,40,"[40, 744]",187,187,[744]
power_identity,40,"[40, 748]",280,280,[748]
power_identity,40,"[40, 752]",342,342,[752]
power_identity,40,"[40, 756]",482,482,[756]
power_identity,40,"[40, 760]",613,613,[760]
power_identity,40,"[40, 764]",771,771,[764]
power_identity,40,"[40, 768]",930,930,[768]
power_identity,40,"[40, 772]",1080,1080,[772]
power_identity,40,"[40, 776]",1303,1303,[776]
power_identity,40,"[40, 780]",1478,1478,[780]
power_identity,40,"[40, 784]",1532,1532,[784]
power_identity,40,"[40, 788]",1696,1696,[788]
power_identity,40,"[40, 792]",1724,1724,[792]
power_identity,40,"[40, 796]",1718,1718,[796]
power_identity,40,"[40, 800]",1658,1658,[800]
power_identity,40,"[40, 804]",1566,1566,[804]
power_identity,40,"[40, 808]",1393,1393,[808]
power_identity,40,"[40, 812]",1206,1206,[812]
power_identity,40,"[40, 816]",1063,1063,[816]
power_identity,40,"[40, 820]",887,887,[820]
power_identity,40,"[40, 824]",666,666,[824]
power_identity,40,"[40, 828]",461,461,[828]
power_identity,40,"[40, 832]",331,331,[832]
power_identity,40,"[40, 836]",242,242,[836]
power_identity,40,"[40, 840]",159,159,[840]
power_identity,40,"[40, 844]",98,98,[844]
power_identity,40,"[40, 848]",46,46,[848]
power_identity,40,"[40, 852]",43,43,[852]
power_identity,40,"[40, 856]",18,18,[856]
power_identity,40,"[40, 860]",14,14,[860]
power_identity,40,"[40, 864]",1,1,[864]
power_identity,40,"[40, 868]",4,4,[868]
power_identity,40,"[40, 876]",1,1,[876]
power_identity,40,"[40, 896]",1,1,[896]
power_sparse,40,"[40, 1, 0]",45,45,"[1, 0]"
power_sparse,40,"[40, 7, 0]",47,47,"[7, 0]"
power_sparse,40,"[40, 13, 0]",47,47,"[13, 0]"
power_sparse,40,"[40, 17, 0]",3,3,"[17, 0]"
power_sparse,40,"[40, 18, 0]",2,2,"[18, 0]"
power_sparse,40,"[40, 19, 0]",7,7,"[19, 0]"
power_sparse,40,"[40, 20, 0]",1,1,"[20, 0]"
power_sparse,40,"[40, 21, 0]",2,2,"[21, 0]"
power_sparse,40,"[40, 23, 0]",3,3,"[23, 0]"
power_sparse,40,"[40, 23, 64]",27,27,"[23, 64]"
power_sparse,40,"[40, 25, 0]",22,22,"[25, 0]"
power_sparse,40,"[40, 25, 64]",11,11,"[25, 64]"
power_sparse,40,"[40, 26, 64]",13,13,"[26, 64]"
power_sparse,40,"[40, 27, 0]",5,5,"[27, 0]"
power_sparse,40,"[40, 27, 64]",21,21,"[27, 64]"
power_sparse,40,"[40, 28, 0]",7,7,"[28, 0]"
power_sparse,40,"[40, 28, 64]",5,5,"[28, 64]"
power_sparse,40,"[40, 29, 0]",84,84,"[29, 0]"
power_sparse,40,"[40, 29, 64]",24,24,"[29, 64]"
power_sparse,40,"[40, 30, 64]",8,8,"[30, 64]"
power_sparse,40,"[40, 31, 0]",48,48,"[31, 0]"
power_sparse,40,"[40, 31, 64]",58,58,"[31, 64]"
power_sparse,40,"[40, 32, 0]",3,3,"[32, 0]"
power_sparse,40,"[40, 32, 64]",33,33,"[32, 64]"
power_sparse,40,"[40, 33, 0]",172,172,"[33, 0]"
power_sparse,40,"[40, 33, 64]",85,85,"[33, 64]"
power_sparse,40,"[40, 34, 0]",1,1,"[34, 0]"
power_sparse,40,"[40, 34, 64]",54,54,"[34, 64]"
power_sparse,40,"[40, 35, 0]",173,173,"[35, 0]"
power_sparse,40,"[40, 35, 64]",98,98,"[35, 64]"
power_sparse,40,"[40, 36, 0]",81,81,"[36, 0]"
power_sparse,40,"[40, 36, 64]",137,137,"[36, 64]"
power_sparse,40,"[40, 37, 0]",29,29,"[37, 0]"
power_sparse,40,"[40, 37, 64]",259,259,"[37, 64]"
power_sparse,40,"[40, 38, 0]",5,5,"[38, 0]"
power_sparse,40,"[40, 38, 64]",305,305,"[38, 64]"
power_sparse,40,"[40, 38, 128]",2,2,"[38, 128]"
power_sparse,40,"[40, 39, 0]",42,42,"[39, 0]"
power_sparse,40,"[40, 39, 64]",366,366,"[39, 64]"
power_sparse,40,"[40, 39, 128]",7,7,"[39, 128]"
power_sparse,40,"[40, 40, 0]",11,11,"[40, 0]"
power_sparse,40,"[40, 40, 64]",544,544,"[40, 64]"
power_sparse,40,"[40, 40, 128]",47,47,"[40, 128]"
power_sparse,40,"[40, 41, 0]",46,46,"[41, 0]"
power_sparse,40,"[40, 41, 64]",513,513,"[41, 64]"
power_sparse,40,"[40, 41, 128]",82,82,"[41, 128]"
power_sparse,40,"[40, 42, 0]",4,4,"[42, 0]"
power_sparse,40,"[40, 42, 64]",527,527,"[42, 64]"
power_sparse,40,"[40, 42, 128]",200,200,"[42, 128]"
power_sparse,40,"[40, 43, 0]",67,67,"[43, 0]"
power_sparse,40,"[40, 43, 64]",838,838,"[43, 64]"
power_sparse,40,"[40, 43, 128]",439,439,"[43, 128]"
power_sparse,40,"[40, 44, 64]",680,680,"[44, 64]"
power_sparse,40,"[40, 44, 128]",1052,1052,"[44, 128]"
power_sparse,40,"[40, 45, 0]",60,60,"[45, 0]"
power_sparse,40,"[40, 45, 64]",473,473,"[45, 64]"
power_sparse,40,"[40, 45, 128]",887,887,"[45, 128]"
power_sparse,40,"[40, 46, 0]",23,23,"[46, 0]"
power_sparse,40,"[40, 46, 64]",306,306,"[46, 64]"
power_sparse,40,"[40, 46, 128]",1560,1560,"[46, 128]"
power_sparse,40,"[40, 47, 0]",62,62,"[47, 0]"
power_sparse,40,"[40, 47, 64]",448,448,"[47, 64]"
power_sparse,40,"[40, 47, 128]",2000,2064,"[47, 128]"
power_sparse,40,"[40, 48, 0]",22,22,"[48, 0]"
power_sparse,40,"[40, 48, 64]",165,165,"[48, 64]"
power_sparse,40,"[40, 48, 128]",2000,2413,"[48, 128]"
power_sparse,40,"[40, 49, 0]",24,24,"[49, 0]"
power_sparse,40,"[40, 49, 64]",328,328,"[49, 64]"
power_sparse,40,"[40, 49, 128]",2000,3168,"[49, 128]"
power_sparse,40,"[40, 50, 0]",26,26,"[50, 0]"
power_sparse,40,"[40, 50, 64]",66,66,"[50, 64]"
power_sparse,40,"[40, 50, 128]",2000,3821,"[50, 128]"
power_sparse,40,"[40, 51, 0]",78,78,"[51, 0]"
power_sparse,40,"[40, 51, 64]",660,660,"[51, 64]"
power_sparse,40,"[40, 51, 128]",2000,6207,"[51, 128]"
power_sparse,40,"[40, 52, 0]",29,29,"[52, 0]"
power_sparse,40,"[40, 52, 64]",137,137,"[52, 64]"
power_sparse,40,"[40, 52, 128]",2000,4797,"[52, 128]"
power_sparse,40,"[40, 53, 0]",77,77,"[53, 0]"
power_sparse,40,"[40, 53, 64]",277,277,"[53, 64]"
power_sparse,40,"[40, 53, 128]",1633,1633,"[53, 128]"
power_sparse,40,"[40, 54, 0]",25,25,"[54, 0]"
power_sparse,40,"[40, 54, 64]",112,112,"[54, 64]"
power_sparse,40,"[40, 54, 128]",2000,3462,"[54, 128]"
power_sparse,40,"[40, 55, 0]",39,39,"[55, 0]"
power_sparse,40,"[40, 55, 64]",293,293,"[55, 64]"
power_sparse,40,"[40, 55, 128]",2000,9916,"[55, 128]"
power_sparse,40,"[40, 56, 0]",36,36,"[56, 0]"
power_sparse,40,"[40, 56, 64]",150,150,"[56, 64]"
power_sparse,40,"[40, 56, 128]",2000,12529,"[56, 128]"
power_sparse,40,"[40, 56, 192]",1,1,"[56, 192]"
power_sparse,40,"[40, 57, 0]",133,133,"[57, 0]"
power_sparse,40,"[40, 57, 64]",276,276,"[57, 64]"
power_sparse,40,"[40, 57, 128]",2000,3339,"[57, 128]"
power_sparse,40,"[40, 58, 0]",77,77,"[58, 0]"
power_sparse,40,"[40, 58, 64]",111,111,"[58, 64]"
power_sparse,40,"[40, 58, 128]",2000,6257,"[58, 128]"
power_sparse,40,"[40, 58, 192]",26,26,"[58, 192]"
power_sparse,40,"[40, 59, 0]",143,143,"[59, 0]"
power_sparse,40,"[40, 59, 64]",300,300,"[59, 64]"
power_sparse,40,"[40, 59, 128]",692,692,"[59, 128]"
power_sparse,40,"[40, 60, 0]",53,53,"[60, 0]"
power_sparse,40,"[40, 60, 64]",99,99,"[60, 64]"
power_sparse,40,"[40, 60, 128]",1118,1118,"[60, 128]"
power_sparse,40,"[40, 60, 192]",16,16,"[60, 192]"
power_sparse,40,"[40, 61, 0]",99,99,"[61, 0]"
power_sparse,40,"[40, 61, 64]",132,132,"[61, 64]"
power_sparse,40,"[40, 61, 128]",2000,14133,"[61, 128]"
power_sparse,40,"[40, 61, 192]",593,593,"[61, 192]"
power_sparse,40,"[40, 62, 64]",82,82,"[62, 64]"
power_sparse,40,"[40, 62, 128]",2000,9556,"[62, 128]"
power_sparse,40,"[40, 62, 192]",1118,1118,"[62, 192]"
power_sparse,40,"[40, 63, 0]",120,120,"[63, 0]"
power_sparse,40,"[40, 63, 64]",134,134,"[63, 64]"
power_sparse,40,"[40, 63, 128]",1202,1202,"[63, 128]"
power_sparse,40,"[40, 63, 192]",228,228,"[63, 192]"
power_sparse,40,"[40, 64, 64]",57,57,"[64, 64]"
power_sparse,40,"[40, 64, 128]",1432,1432,"[64, 128]"
power_sparse,40,"[40, 64, 192]",213,213,"[64, 192]"
power_sparse,40,"[40, 65, 0]",104,104,"[65, 0]"
power_sparse,40,"[40, 65, 64]",100,100,"[65, 64]"
power_sparse,40,"[40, 65, 128]",875,875,"[65, 128]"
power_sparse,40,"[40, 65, 192]",9,9,"[65, 192]"
power_sparse,40,"[40, 66, 64]",124,124,"[66, 64]"
power_sparse,40,"[40, 66, 128]",1060,1060,"[66, 128]"
power_sparse,40,"[40, 66, 192]",60,60,"[66, 192]"
power_sparse,40,"[40, 67, 0]",85,85,"[67, 0]"
power_sparse,40,"[40, 67, 64]",155,155,"[67, 64]"
power_sparse,40,"[40, 67, 128]",2000,2903,"[67, 128]"
power_sparse,40,"[40, 67, 192]",2000,5113,"[67, 192]"
power_sparse,40,"[40, 68, 64]",109,109,"[68, 64]"
power_sparse,40,"[40, 68, 128]",943,943,"[68, 128]"
power_sparse,40,"[40, 68, 192]",1164,1164,"[68, 192]"
power_sparse,40,"[40, 69, 0]",50,50,"[69, 0]"
power_sparse,40,"[40, 69, 64]",56,56,"[69, 64]"
power_sparse,40,"[40, 69, 128]",642,642,"[69, 128]"
power_sparse,40,"[40, 69, 192]",74,74,"[69, 192]"
power_sparse,40,"[40, 70, 0]",7,7,"[70, 0]"
power_sparse,40,"[40, 70, 64]",49,49,"[70, 64]"
power_sparse,40,"[40, 70, 128]",858,858,"[70, 128]"
power_sparse,40,"[40, 70, 192]",74,74,"[70, 192]"
power_sparse,40,"[40, 71, 0]",22,22,"[71, 0]"
power_sparse,40,"[40, 71, 64]",136,136,"[71, 64]"
power_sparse,40,"[40, 71, 128]",880,880,"[71, 128]"
power_sparse,40,"[40, 71, 192]",159,159,"[71, 192]"
power_sparse,40,"[40, 72, 0]",17,17,"[72, 0]"
power_sparse,40,"[40, 72, 64]",54,54,"[72, 64]"
power_sparse,40,"[40, 72, 128]",1687,1687,"[72, 128]"
power_sparse,40,"[40, 72, 192]",146,146,"[72, 192]"
power_sparse,40,"[40, 73, 0]",11,11,"[73, 0]"
power_sparse,40,"[40, 73, 64]",109,109,"[73, 64]"
power_sparse,40,"[40, 73, 128]",342,342,"[73, 128]"
power_sparse,40,"[40, 73, 192]",530,530,"[73, 192]"
power_sparse,40,"[40, 74, 64]",20,20,"[74, 64]"
power_sparse,40,"[40, 74, 128]",230,230,"[74, 128]"
power_sparse,40,"[40, 74, 192]",201,201,"[74, 192]"
power_sparse,40,"[40, 75, 0]",3,3,"[75, 0]"
power_sparse,40,"[40, 75, 64]",380,380,"[75, 64]"
power_sparse,40,"[40, 75, 128]",1648,1648,"[75, 128]"
power_sparse,40,"[40, 75, 192]",837,837,"[75, 192]"
power_sparse,40,"[40, 76, 0]",41,41,"[76, 0]"
power_sparse,40,"[40, 76, 64]",83,83,"[76, 64]"
power_sparse,40,"[40, 76, 128]",442,442,"[76, 128]"
power_sparse,40,"[40, 76, 192]",256,256,"[76, 192]"
power_sparse,40,"[40, 77, 64]",89,89,"[77, 64]"
power_sparse,40,"[40, 77, 128]",562,562,"[77, 128]"
power_sparse,40,"[40, 77, 192]",219,219,"[77, 192]"
power_sparse,40,"[40, 78, 0]",21,21,"[78, 0]"
power_sparse,40,"[40, 78, 64]",32,32,"[78, 64]"
power_sparse,40,"[40, 78, 128]",692,692,"[78, 128]"
power_sparse,40,"[40, 78, 192]",263,263,"[78, 192]"
power_sparse,40,"[40, 79, 0]",311,311,"[79, 0]"
power_sparse,40,"[40, 79, 64]",923,923,"[79, 64]"
power_sparse,40,"[40, 79, 128]",1224,1224,"[79, 128]"
power_sparse,40,"[40, 79, 192]",1896,1896,"[79, 192]"
power_sparse,40,"[40, 80, 0]",1,1,"[80, 0]"
power_sparse,40,"[40, 80, 64]",97,97,"[80, 64]"
power_sparse,40,"[40, 80, 128]",524,524,"[80, 128]"
power_sparse,40,"[40, 80, 192]",619,619,"[80, 192]"
power_sparse,40,"[40, 81, 0]",8,8,"[81, 0]"
power_sparse,40,"[40, 81, 64]",142,142,"[81, 64]"
power_sparse,40,"[40, 81, 128]",816,816,"[81, 128]"
power_sparse,40,"[40, 81, 192]",1183,1183,"[81, 192]"
power_sparse,40,"[40, 82, 0]",16,16,"[82, 0]"
power_sparse,40,"[40, 82, 64]",86,86,"[82, 64]"
power_sparse,40,"[40, 82, 128]",572,572,"[82, 128]"
power_sparse,40,"[40, 82, 192]",205,205,"[82, 192]"
power_sparse,40,"[40, 83, 0]",2,2,"[83, 0]"
power_sparse,40,"[40, 83, 64]",32,32,"[83, 64]"
power_sparse,40,"[40, 83, 128]",264,264,"[83, 128]"
power_sparse,40,"[40, 83, 192]",269,269,"[83, 192]"
power_sparse,40,"[40, 84, 0]",2,2,"[84, 0]"
power_sparse,40,"[40, 84, 64]",7,7,"[84, 64]"
power_sparse,40,"[40, 84, 128]",331,331,"[84, 128]"
power_sparse,40,"[40, 84, 192]",212,212,"[84, 192]"
power_sparse,40,"[40, 85, 0]",336,336,"[85, 0]"
power_sparse,40,"[40, 85, 64]",297,297,"[85, 64]"
power_sparse,40,"[40, 85, 128]",534,534,"[85, 128]"
power_sparse,40,"[40, 85, 192]",1433,1433,"[85, 192]"
power_sparse,40,"[40, 85, 256]",10,10,"[85, 256]"
power_sparse,40,"[40, 86, 64]",77,77,"[86, 64]"
power_sparse,40,"[40, 86, 128]",545,545,"[86, 128]"
power_sparse,40,"[40, 86, 192]",443,443,"[86, 192]"
power_sparse,40,"[40, 86, 256]",10,10,"[86, 256]"
power_sparse,40,"[40, 87, 64]",59,59,"[87, 64]"
power_sparse,40,"[40, 87, 128]",355,355,"[87, 128]"
power_sparse,40,"[40, 87, 192]",957,957,"[87, 192]"
power_sparse,40,"[40, 87, 256]",8,8,"[87, 256]"
power_sparse,40,"[40, 88, 0]",75,75,"[88, 0]"
power_sparse,40,"[40, 88, 64]",78,78,"[88, 64]"
power_sparse,40,"[40, 88, 128]",247,247,"[88, 128]"
power_sparse,40,"[40, 88, 192]",208,208,"[88, 192]"
power_sparse,40,"[40, 88, 256]",15,15,"[88, 256]"
power_sparse,40,"[40, 89, 64]",4,4,"[89, 64]"
power_sparse,40,"[40, 89, 128]",189,189,"[89, 128]"
power_sparse,40,"[40, 89, 192]",288,288,"[89, 192]"
power_sparse,40,"[40, 89, 256]",34,34,"[89, 256]"
power_sparse,40,"[40, 90, 64]",6,6,"[90, 64]"
power_sparse,40,"[40, 90, 128]",490,490,"[90, 128]"
power_sparse,40,"[40, 90, 192]",207,207,"[90, 192]"
power_sparse,40,"[40, 90, 256]",6,6,"[90, 256]"
power_sparse,40,"[40, 91, 0]",241,241,"[91, 0]"
power_sparse,40,"[40, 91, 64]",147,147,"[91, 64]"
power_sparse,40,"[40, 91, 128]",201,201,"[91, 128]"
power_sparse,40,"[40, 91, 192]",1365,1365,"[91, 192]"
power_sparse,40,"[40, 91, 256]",224,224,"[91, 256]"
power_sparse,40,"[40, 92, 0]",1,1,"[92, 0]"
power_sparse,40,"[40, 92, 64]",38,38,"[92, 64]"
power_sparse,40,"[40, 92, 128]",212,212,"[92, 128]"
power_sparse,40,"[40, 92, 192]",341,341,"[92, 192]"
power_sparse,40,"[40, 92, 256]",112,112,"[92, 256]"
power_sparse,40,"[40, 93, 64]",40,40,"[93, 64]"
power_sparse,40,"[40, 93, 128]",146,146,"[93, 128]"
power_sparse,40,"[40, 93, 192]",1192,1192,"[93, 192]"
power_sparse,40,"[40, 93, 256]",286,286,"[93, 256]"
power_sparse,40,"[40, 94, 0]",41,41,"[94, 0]"
power_sparse,40,"[40, 94, 64]",36,36,"[94, 64]"
power_sparse,40,"[40, 94, 128]",246,246,"[94, 128]"
power_sparse,40,"[40, 94, 192]",553,553,"[94, 192]"
power_sparse,40,"[40, 94, 256]",65,65,"[94, 256]"
power_sparse,40,"[40, 95, 0]",2,2,"[95, 0]"
power_sparse,40,"[40, 95, 64]",1,1,"[95, 64]"
power_sparse,40,"[40, 95, 128]",21,21,"[95, 128]"
power_sparse,40,"[40, 95, 192]",301,301,"[95, 192]"
power_sparse,40,"[40, 95, 256]",305,305,"[95, 256]"
power_sparse,40,"[40, 96, 64]",5,5,"[96, 64]"
power_sparse,40,"[40, 96, 128]",128,128,"[96, 128]"
power_sparse,40,"[40, 96, 192]",203,203,"[96, 192]"
power_sparse,40,"[40, 96, 256]",39,39,"[96, 256]"
power_sparse,40,"[40, 97, 0]",527,527,"[97, 0]"
power_sparse,40,"[40, 97, 64]",167,167,"[97, 64]"
power_sparse,40,"[40, 97, 128]",61,61,"[97, 128]"
power_sparse,40,"[40, 97, 192]",767,767,"[97, 192]"
power_sparse,40,"[40, 97, 256]",1702,1702,"[97, 256]"
power_sparse,40,"[40, 98, 64]",32,32,"[98, 64]"
power_sparse,40,"[40, 98, 128]",219,219,"[98, 128]"
power_sparse,40,"[40, 98, 192]",362,362,"[98, 192]"
power_sparse,40,"[40, 98, 256]",806,806,"[98, 256]"
power_sparse,40,"[40, 99, 64]",1,1,"[99, 64]"
power_sparse,40,"[40, 99, 128]",8,8,"[99, 128]"
power_sparse,40,"[40, 99, 192]",205,205,"[99, 192]"
power_sparse,40,"[40, 99, 256]",202,202,"[99, 256]"
power_sparse,40,"[40, 100, 0]",9,9,"[100, 0]"
power_sparse,40,"[40, 100, 64]",15,15,"[100, 64]"
power_sparse,40,"[40, 100, 128]",78,78,"[100, 128]"
power_sparse,40,"[40, 100, 192]",280,280,"[100, 192]"
power_sparse,40,"[40, 100, 256]",226,226,"[100, 256]"
power_sparse,40,"[40, 101, 128]",1,1,"[101, 128]"
power_sparse,40,"[40, 101, 192]",91,91,"[101, 192]"
power_sparse,40,"[40, 101, 256]",403,403,"[101, 256]"
power_sparse,40,"[40, 102, 64]",5,5,"[102, 64]"
power_sparse,40,"[40, 102, 128]",4,4,"[102, 128]"
power_sparse,40,"[40, 102, 192]",70,70,"[102, 192]"
power_sparse,40,"[40, 102, 256]",116,116,"[102, 256]"
power_sparse,40,"[40, 103, 0]",157,157,"[103, 0]"
power_sparse,40,"[40, 103, 64]",83,83,"[103, 64]"
power_sparse,40,"[40, 103, 128]",26,26,"[103, 128]"
power_sparse,40,"[40, 103, 192]",265,265,"[103, 192]"
power_sparse,40,"[40, 103, 256]",1596,1596,"[103, 256]"
power_sparse,40,"[40, 104, 64]",36,36,"[104, 64]"
power_sparse,40,"[40, 104, 128]",57,57,"[104, 128]"
power_sparse,40,"[40, 104, 192]",113,113,"[104, 192]"
power_sparse,40,"[40, 104, 256]",597,597,"[104, 256]"
power_sparse,40,"[40, 105, 64]",6,6,"[105, 64]"
power_sparse,40,"[40, 105, 192]",99,99,"[105, 192]"
power_sparse,40,"[40, 105, 256]",94,94,"[105, 256]"
power_sparse,40,"[40, 106, 0]",2,2,"[106, 0]"
power_sparse,40,"[40, 106, 64]",13,13,"[106, 64]"
power_sparse,40,"[40, 106, 128]",5,5,"[106, 128]"
power_sparse,40,"[40, 106, 192]",154,154,"[106, 192]"
power_sparse,40,"[40, 106, 256]",535,535,"[106, 256]"
power_sparse,40,"[40, 107, 64]",3,3,"[107, 64]"
power_sparse,40,"[40, 107, 128]",8,8,"[107, 128]"
power_sparse,40,"[40, 107, 192]",19,19,"[107, 192]"
power_sparse,40,"[40, 107, 256]",121,121,"[107, 256]"
power_sparse,40,"[40, 107, 320]",3,3,"[107, 320]"
power_sparse,40,"[40, 108, 64]",2,2,"[108, 64]"
power_sparse,40,"[40, 108, 128]",2,2,"[108, 128]"
power_sparse,40,"[40, 108, 192]",1,1,"[108, 192]"
power_sparse,40,"[40, 108, 256]",28,28,"[108, 256]"
power_sparse,40,"[40, 109, 0]",10,10,"[109, 0]"
power_sparse,40,"[40, 109, 64]",57,57,"[109, 64]"
power_sparse,40,"[40, 109, 128]",7,7,"[109, 128]"
power_sparse,40,"[40, 109, 192]",223,223,"[109, 192]"
power_sparse,40,"[40, 109, 256]",1679,1679,"[109, 256]"
power_sparse,40,"[40, 109, 320]",24,24,"[109, 320]"
power_sparse,40,"[40, 110, 64]",29,29,"[110, 64]"
power_sparse,40,"[40, 110, 128]",9,9,"[110, 128]"
power_sparse,40,"[40, 110, 192]",18,18,"[110, 192]"
power_sparse,40,"[40, 110, 256]",268,268,"[110, 256]"
power_sparse,40,"[40, 110, 320]",170,170,"[110, 320]"
power_sparse,40,"[40, 111, 64]",1,1,"[111, 64]"
power_sparse,40,"[40, 111, 192]",6,6,"[111, 192]"
power_sparse,40,"[40, 111, 256]",29,29,"[111, 256]"
power_sparse,40,"[40, 111, 320]",17,17,"[111, 320]"
power_sparse,40,"[40, 112, 64]",7,7,"[112, 64]"
power_sparse,40,"[40, 112, 192]",11,11,"[112, 192]"
power_sparse,40,"[40, 112, 256]",267,267,"[112, 256]"
power_sparse,40,"[40, 112, 320]",59,59,"[112, 320]"
power_sparse,40,"[40, 113, 64]",11,11,"[113, 64]"
power_sparse,40,"[40, 113, 192]",11,11,"[113, 192]"
power_sparse,40,"[40, 113, 256]",32,32,"[113, 256]"
power_sparse,40,"[40, 113, 320]",9,9,"[113, 320]"
power_sparse,40,"[40, 114, 64]",3,3,"[114, 64]"
power_sparse,40,"[40, 114, 192]",1,1,"[114, 192]"
power_sparse,40,"[40, 114, 256]",255,255,"[114, 256]"
power_sparse,40,"[40, 115, 64]",63,63,"[115, 64]"
power_sparse,40,"[40, 115, 128]",4,4,"[115, 128]"
power_sparse,40,"[40, 115, 192]",38,38,"[115, 192]"
power_sparse,40,"[40, 115, 256]",565,565,"[115, 256]"
power_sparse,40,"[40, 115, 320]",104,104,"[115, 320]"
power_sparse,40,"[40, 116, 64]",22,22,"[116, 64]"
power_sparse,40,"[40, 116, 128]",2,2,"[116, 128]"
power_sparse,40,"[40, 116, 192]",4,4,"[116, 192]"
power_sparse,40,"[40, 116, 256]",81,81,"[116, 256]"
power_sparse,40,"[40, 116, 320]",203,203,"[116, 320]"
power_sparse,40,"[40, 117, 64]",4,4,"[117, 64]"
power_sparse,40,"[40, 117, 192]",1,1,"[117, 192]"
power_sparse,40,"[40, 117, 256]",1,1,"[117, 256]"
power_sparse,40,"[40, 117, 320]",15,15,"[117, 320]"
power_sparse,40,"[40, 118, 64]",13,13,"[118, 64]"
power_sparse,40,"[40, 118, 192]",12,12,"[118, 192]"
power_sparse,40,"[40, 118, 256]",143,143,"[118, 256]"
power_sparse,40,"[40, 118, 320]",28,28,"[118, 320]"
power_sparse,40,"[40, 119, 64]",5,5,"[119, 64]"
power_sparse,40,"[40, 119, 192]",1,1,"[119, 192]"
power_sparse,40,"[40, 119, 256]",3,3,"[119, 256]"
power_sparse,40,"[40, 119, 320]",1,1,"[119, 320]"
power_sparse,40,"[40, 120, 64]",8,8,"[120, 64]"
power_sparse,40,"[40, 120, 192]",1,1,"[120, 192]"
power_sparse,40,"[40, 120, 256]",121,121,"[120, 256]"
power_sparse,40,"[40, 120, 320]",1,1,"[120, 320]"
power_sparse,40,"[40, 121, 64]",46,46,"[121, 64]"
power_sparse,40,"[40, 121, 256]",97,97,"[121, 256]"
power_sparse,40,"[40, 121, 320]",133,133,"[121, 320]"
power_sparse,40,"[40, 122, 64]",12,12,"[122, 64]"
power_sparse,40,"[40, 122, 192]",13,13,"[122, 192]"
power_sparse,40,"[40, 122, 256]",4,4,"[122, 256]"
power_sparse,40,"[40, 122, 320]",49,49,"[122, 320]"
power_sparse,40,"[40, 123, 64]",5,5,"[123, 64]"
power_sparse,40,"[40, 123, 320]",10,10,"[123, 320]"
power_sparse,40,"[40, 124, 64]",7,7,"[124, 64]"
power_sparse,40,"[40, 124, 192]",2,2,"[124, 192]"
power_sparse,40,"[40, 124, 256]",66,66,"[124, 256]"
power_sparse,40,"[40, 124, 320]",10,10,"[124, 320]"
power_sparse,40,"[40, 125, 64]",5,5,"[125, 64]"
power_sparse,40,"[40, 125, 320]",3,3,"[125, 320]"
power_sparse,40,"[40, 126, 64]",8,8,"[126, 64]"
power_sparse,40,"[40, 126, 256]",2,2,"[126, 256]"
power_sparse,40,"[40, 126, 320]",2,2,"[126, 320]"
power_sparse,40,"[40, 127, 64]",15,15,"[127, 64]"
power_sparse,40,"[40, 127, 256]",22,22,"[127, 256]"
power_sparse,40,"[40, 127, 320]",48,48,"[127, 320]"
power_sparse,40,"[40, 128, 64]",7,7,"[128, 64]"
power_sparse,40,"[40, 128, 192]",4,4,"[128, 192]"
power_sparse,40,"[40, 128, 256]",6,6,"[128, 256]"
power_sparse,40,"[40, 128, 320]",3,3,"[128, 320]"
power_sparse,40,"[40, 129, 64]",14,14,"[129, 64]"
power_sparse,40,"[40, 129, 320]",5,5,"[129, 320]"
power_sparse,40,"[40, 130, 64]",7,7,"[130, 64]"
power_sparse,40,"[40, 130, 256]",11,11,"[130, 256]"
power_sparse,40,"[40, 130, 320]",7,7,"[130, 320]"
power_sparse,40,"[40, 131, 64]",9,9,"[131, 64]"
power_sparse,40,"[40, 132, 64]",10,10,"[132, 64]"
power_sparse,40,"[40, 132, 320]",3,3,"[132, 320]"
power_sparse,40,"[40, 133, 64]",7,7,"[133, 64]"
power_sparse,40,"[40, 133, 128]",3,3,"[133, 128]"
power_sparse,40,"[40, 133, 192]",1,1,"[133, 192]"
power_sparse,40,"[40, 133, 320]",18,18,"[133, 320]"
power_sparse,40,"[40, 134, 64]",9,9,"[134, 64]"
power_sparse,40,"[40, 134, 128]",1,1,"[134, 128]"
power_sparse,40,"[40, 134, 192]",10,10,"[134, 192]"
power_sparse,40,"[40, 134, 320]",1,1,"[134, 320]"
power_sparse,40,"[40, 134, 384]",2,2,"[134, 384]"
power_sparse,40,"[40, 135, 64]",10,10,"[135, 64]"
power_sparse,40,"[40, 135, 320]",3,3,"[135, 320]"
power_sparse,40,"[40, 135, 384]",5,5,"[135, 384]"
power_sparse,40,"[40, 136, 64]",9,9,"[136, 64]"
power_sparse,40,"[40, 136, 128]",1,1,"[136, 128]"
power_sparse,40,"[40, 136, 192]",1,1,"[136, 192]"
power_sparse,40,"[40, 136, 256]",8,8,"[136, 256]"
power_sparse,40,"[40, 136, 320]",11,11,"[136, 320]"
power_sparse,40,"[40, 137, 64]",15,15,"[137, 64]"
power_sparse,40,"[40, 138, 64]",11,11,"[138, 64]"
power_sparse,40,"[40, 138, 320]",1,1,"[138, 320]"
power_sparse,40,"[40, 139, 64]",9,9,"[139, 64]"
power_sparse,40,"[40, 139, 320]",13,13,"[139, 320]"
power_sparse,40,"[40, 139, 384]",6,6,"[139, 384]"
power_sparse,40,"[40, 140, 64]",11,11,"[140, 64]"
power_sparse,40,"[40, 140, 192]",2,2,"[140, 192]"
power_sparse,40,"[40, 140, 256]",8,8,"[140, 256]"
power_sparse,40,"[40, 140, 320]",1,1,"[140, 320]"
power_sparse,40,"[40, 141, 64]",9,9,"[141, 64]"
power_sparse,40,"[40, 141, 192]",1,1,"[141, 192]"
power_sparse,40,"[40, 141, 384]",3,3,"[141, 384]"
power_sparse,40,"[40, 142, 64]",11,11,"[142, 64]"
power_sparse,40,"[40, 142, 256]",3,3,"[142, 256]"
power_sparse,40,"[40, 142, 320]",1,1,"[142, 320]"
power_sparse,40,"[40, 142, 384]",2,2,"[142, 384]"
power_sparse,40,"[40, 143, 64]",13,13,"[143, 64]"
power_sparse,40,"[40, 144, 64]",11,11,"[144, 64]"
power_sparse,40,"[40, 144, 256]",1,1,"[144, 256]"
power_sparse,40,"[40, 144, 320]",3,3,"[144, 320]"
power_sparse,40,"[40, 145, 64]",15,15,"[145, 64]"
power_sparse,40,"[40, 145, 320]",13,13,"[145, 320]"
power_sparse,40,"[40, 145, 384]",8,8,"[145, 384]"
power_sparse,40,"[40, 146, 64]",11,11,"[146, 64]"
power_sparse,40,"[40, 146, 128]",2,2,"[146, 128]"
power_sparse,40,"[40, 146, 256]",5,5,"[146, 256]"
power_sparse,40,"[40, 146, 320]",5,5,"[146, 320]"
power_sparse,40,"[40, 146, 384]",3,3,"[146, 384]"
power_sparse,40,"[40, 147, 64]",14,14,"[147, 64]"
power_sparse,40,"[40, 147, 128]",2,2,"[147, 128]"
power_sparse,40,"[40, 147, 192]",1,1,"[147, 192]"
power_sparse,40,"[40, 147, 384]",4,4,"[147, 384]"
power_sparse,40,"[40, 148, 64]",13,13,"[148, 64]"
power_sparse,40,"[40, 148, 192]",3,3,"[148, 192]"
power_sparse,40,"[40, 148, 320]",2,2,"[148, 320]"
power_sparse,40,"[40, 148, 384]",1,1,"[148, 384]"
power_sparse,40,"[40, 149, 64]",13,13,"[149, 64]"
power_sparse,40,"[40, 149, 128]",4,4,"[149, 128]"
power_sparse,40,"[40, 149, 192]",8,8,"[149, 192]"
power_sparse,40,"[40, 149, 320]",1,1,"[149, 320]"
power_sparse,40,"[40, 150, 64]",15,15,"[150, 64]"
power_sparse,40,"[40, 150, 128]",2,2,"[150, 128]"
power_sparse,40,"[40, 150, 192]",2,2,"[150, 192]"
power_sparse,40,"[40, 150, 320]",2,2,"[150, 320]"
power_sparse,40,"[40, 150, 384]",1,1,"[150, 384]"
power_sparse,40,"[40, 151, 64]",15,15,"[151, 64]"
power_sparse,40,"[40, 151, 128]",4,4,"[151, 128]"
power_sparse,40,"[40, 151, 192]",2,2,"[151, 192]"
power_sparse,40,"[40, 151, 256]",1,1,"[151, 256]"
power_sparse,40,"[40, 151, 320]",8,8,"[151, 320]"
power_sparse,40,"[40, 151, 384]",19,19,"[151, 384]"
power_sparse,40,"[40, 152, 64]",6,6,"[152, 64]"
power_sparse,40,"[40, 152, 128]",4,4,"[152, 128]"
power_sparse,40,"[40, 152, 192]",3,3,"[152, 192]"
power_sparse,40,"[40, 152, 256]",1,1,"[152, 256]"
power_sparse,40,"[40, 152, 320]",4,4,"[152, 320]"
power_sparse,40,"[40, 152, 384]",4,4,"[152, 384]"
power_sparse,40,"[40, 153, 64]",7,7,"[153, 64]"
power_sparse,40,"[40, 153, 128]",9,9,"[153, 128]"
power_sparse,40,"[40, 153, 192]",2,2,"[153, 192]"
power_sparse,40,"[40, 153, 320]",1,1,"[153, 320]"
power_sparse,40,"[40, 154, 64]",4,4,"[154, 64]"
power_sparse,40,"[40, 154, 128]",7,7,"[154, 128]"
power_sparse,40,"[40, 154, 192]",3,3,"[154, 192]"
power_sparse,40,"[40, 154, 320]",1,1,"[154, 320]"
power_sparse,40,"[40, 154, 384]",7,7,"[154, 384]"
power_sparse,40,"[40, 155, 64]",12,12,"[155, 64]"
power_sparse,40,"[40, 155, 128]",4,4,"[155, 128]"
power_sparse,40,"[40, 155, 192]",3,3,"[155, 192]"
power_sparse,40,"[40, 155, 256]",1,1,"[155, 256]"
power_sparse,40,"[40, 156, 64]",4,4,"[156, 64]"
power_sparse,40,"[40, 156, 128]",6,6,"[156, 128]"
power_sparse,40,"[40, 156, 192]",3,3,"[156, 192]"
power_sparse,40,"[40, 156, 256]",1,1,"[156, 256]"
power_sparse,40,"[40, 156, 320]",3,3,"[156, 320]"
power_sparse,40,"[40, 156, 384]",20,20,"[156, 384]"
power_sparse,40,"[40, 156, 448]",1,1,"[156, 448]"
power_sparse,40,"[40, 157, 64]",8,8,"[157, 64]"
power_sparse,40,"[40, 157, 192]",5,5,"[157, 192]"
power_sparse,40,"[40, 157, 320]",1,1,"[157, 320]"
power_sparse,40,"[40, 157, 384]",9,9,"[157, 384]"
power_sparse,40,"[40, 158, 64]",4,4,"[158, 64]"
power_sparse,40,"[40, 158, 128]",7,7,"[158, 128]"
power_sparse,40,"[40, 158, 192]",1,1,"[158, 192]"
power_sparse,40,"[40, 158, 320]",1,1,"[158, 320]"
power_sparse,40,"[40, 158, 384]",5,5,"[158, 384]"
power_sparse,40,"[40, 159, 64]",4,4,"[159, 64]"
power_sparse,40,"[40, 159, 128]",2,2,"[159, 128]"
power_sparse,40,"[40, 159, 192]",2,2,"[159, 192]"
power_sparse,40,"[40, 159, 256]",2,2,"[159, 256]"
power_sparse,40,"[40, 159, 384]",1,1,"[159, 384]"
power_sparse,40,"[40, 160, 64]",6,6,"[160, 64]"
power_sparse,40,"[40, 160, 128]",7,7,"[160, 128]"
power_sparse,40,"[40, 160, 192]",1,1,"[160, 192]"
power_sparse,40,"[40, 160, 320]",6,6,"[160, 320]"
power_sparse,40,"[40, 160, 384]",40,40,"[160, 384]"
power_sparse,40,"[40, 161, 64]",4,4,"[161, 64]"
power_sparse,40,"[40, 161, 256]",1,1,"[161, 256]"
power_sparse,40,"[40, 161, 384]",9,9,"[161, 384]"
power_sparse,40,"[40, 162, 64]",4,4,"[162, 64]"
power_sparse,40,"[40, 162, 128]",8,8,"[162, 128]"
power_sparse,40,"[40, 162, 384]",62,62,"[162, 384]"
power_sparse,40,"[40, 162, 448]",40,40,"[162, 448]"
power_sparse,40,"[40, 163, 64]",4,4,"[163, 64]"
power_sparse,40,"[40, 163, 128]",1,1,"[163, 128]"
power_sparse,40,"[40, 163, 256]",4,4,"[163, 256]"
power_sparse,40,"[40, 164, 64]",2,2,"[164, 64]"
power_sparse,40,"[40, 164, 384]",79,79,"[164, 384]"
power_sparse,40,"[40, 164, 448]",3,3,"[164, 448]"
power_sparse,40,"[40, 165, 64]",4,4,"[165, 64]"
power_sparse,40,"[40, 165, 128]",3,3,"[165, 128]"
power_sparse,40,"[40, 165, 192]",10,10,"[165, 192]"
power_sparse,40,"[40, 165, 256]",2,2,"[165, 256]"
power_sparse,40,"[40, 165, 384]",11,11,"[165, 384]"
power_sparse,40,"[40, 166, 64]",2,2,"[166, 64]"
power_sparse,40,"[40, 166, 384]",2,2,"[166, 384]"
power_sparse,40,"[40, 167, 64]",2,2,"[167, 64]"
power_sparse,40,"[40, 167, 256]",3,3,"[167, 256]"
power_sparse,40,"[40, 167, 448]",1,1,"[167, 448]"
power_sparse,40,"[40, 168, 64]",2,2,"[168, 64]"
power_sparse,40,"[40, 168, 128]",1,1,"[168, 128]"
power_sparse,40,"[40, 168, 384]",250,250,"[168, 384]"
power_sparse,40,"[40, 168, 448]",423,423,"[168, 448]"
power_sparse,40,"[40, 169, 64]",2,2,"[169, 64]"
power_sparse,40,"[40, 169, 384]",7,7,"[169, 384]"
power_sparse,40,"[40, 169, 448]",1,1,"[169, 448]"
power_sparse,40,"[40, 170, 384]",10,10,"[170, 384]"
power_sparse,40,"[40, 170, 448]",39,39,"[170, 448]"
power_sparse,40,"[40, 171, 64]",2,2,"[171, 64]"
power_sparse,40,"[40, 171, 256]",1,1,"[171, 256]"
power_sparse,40,"[40, 171, 320]",1,1,"[171, 320]"
power_sparse,40,"[40, 172, 256]",2,2,"[172, 256]"
power_sparse,40,"[40, 172, 320]",1,1,"[172, 320]"
power_sparse,40,"[40, 172, 384]",81,81,"[172, 384]"
power_sparse,40,"[40, 172, 448]",66,66,"[172, 448]"
power_sparse,40,"[40, 173, 256]",3,3,"[173, 256]"
power_sparse,40,"[40, 173, 384]",9,9,"[173, 384]"
power_sparse,40,"[40, 173, 448]",3,3,"[173, 448]"
power_sparse,40,"[40, 174, 384]",34,34,"[174, 384]"
power_sparse,40,"[40, 174, 448]",338,338,"[174, 448]"
power_sparse,40,"[40, 175, 320]",4,4,"[175, 320]"
power_sparse,40,"[40, 176, 320]",3,3,"[176, 320]"
power_sparse,40,"[40, 176, 384]",38,38,"[176, 384]"
power_sparse,40,"[40, 176, 448]",309,309,"[176, 448]"
power_sparse,40,"[40, 176, 512]",2,2,"[176, 512]"
power_sparse,40,"[40, 177, 320]",2,2,"[177, 320]"
power_sparse,40,"[40, 177, 384]",3,3,"[177, 384]"
power_sparse,40,"[40, 177, 448]",4,4,"[177, 448]"
power_sparse,40,"[40, 178, 384]",1,1,"[178, 384]"
power_sparse,40,"[40, 178, 448]",2,2,"[178, 448]"
power_sparse,40,"[40, 179, 320]",1,1,"[179, 320]"
power_sparse,40,"[40, 179, 384]",6,6,"[179, 384]"
power_sparse,40,"[40, 179, 448]",8,8,"[179, 448]"
power_sparse,40,"[40, 180, 384]",26,26,"[180, 384]"
power_sparse,40,"[40, 180, 448]",280,280,"[180, 448]"
power_sparse,40,"[40, 181, 384]",3,3,"[181, 384]"
power_sparse,40,"[40, 181, 448]",14,14,"[181, 448]"
power_sparse,40,"[40, 181, 512]",1,1,"[181, 512]"
power_sparse,40,"[40, 182, 384]",3,3,"[182, 384]"
power_sparse,40,"[40, 182, 448]",7,7,"[182, 448]"
power_sparse,40,"[40, 182, 512]",5,5,"[182, 512]"
power_sparse,40,"[40, 183, 384]",9,9,"[183, 384]"
power_sparse,40,"[40, 183, 448]",6,6,"[183, 448]"
power_sparse,40,"[40, 184, 384]",5,5,"[184, 384]"
power_sparse,40,"[40, 184, 448]",110,110,"[184, 448]"
power_sparse,40,"[40, 185, 320]",1,1,"[185, 320]"
power_sparse,40,"[40, 185, 384]",1,1,"[185, 384]"
power_sparse,40,"[40, 185, 448]",27,27,"[185, 448]"
power_sparse,40,"[40, 186, 384]",2,2,"[186, 384]"
power_sparse,40,"[40, 186, 448]",22,22,"[186, 448]"
power_sparse,40,"[40, 187, 320]",1,1,"[187, 320]"
power_sparse,40,"[40, 187, 384]",14,14,"[187, 384]"
power_sparse,40,"[40, 187, 448]",24,24,"[187, 448]"
power_sparse,40,"[40, 187, 512]",1,1,"[187, 512]"
power_sparse,40,"[40, 188, 384]",6,6,"[188, 384]"
power_sparse,40,"[40, 188, 448]",129,129,"[188, 448]"
power_sparse,40,"[40, 188, 512]",3,3,"[188, 512]"
power_sparse,40,"[40, 189, 320]",1,1,"[189, 320]"
power_sparse,40,"[40, 189, 384]",4,4,"[189, 384]"
power_sparse,40,"[40, 189, 448]",36,36,"[189, 448]"
power_sparse,40,"[40, 190, 320]",1,1,"[190, 320]"
power_sparse,40,"[40, 190, 448]",83,83,"[190, 448]"
power_sparse,40,"[40, 190, 512]",7,7,"[190, 512]"
power_sparse,40,"[40, 191, 384]",18,18,"[191, 384]"
power_sparse,40,"[40, 191, 448]",57,57,"[191, 448]"
power_sparse,40,"[40, 191, 512]",2,2,"[191, 512]"
power_sparse,40,"[40, 192, 448]",144,144,"[192, 448]"
power_sparse,40,"[40, 192, 512]",28,28,"[192, 512]"
power_sparse,40,"[40, 193, 320]",2,2,"[193, 320]"
power_sparse,40,"[40, 193, 384]",6,6,"[193, 384]"
power_sparse,40,"[40, 193, 448]",68,68,"[193, 448]"
power_sparse,40,"[40, 193, 512]",5,5,"[193, 512]"
power_sparse,40,"[40, 194, 384]",3,3,"[194, 384]"
power_sparse,40,"[40, 194, 448]",178,178,"[194, 448]"
power_sparse,40,"[40, 194, 512]",77,77,"[194, 512]"
power_sparse,40,"[40, 195, 320]",2,2,"[195, 320]"
power_sparse,40,"[40, 195, 384]",12,12,"[195, 384]"
power_sparse,40,"[40, 195, 448]",102,102,"[195, 448]"
power_sparse,40,"[40, 195, 512]",26,26,"[195, 512]"
power_sparse,40,"[40, 196, 384]",2,2,"[196, 384]"
power_sparse,40,"[40, 196, 448]",123,123,"[196, 448]"
power_sparse,40,"[40, 196, 512]",94,94,"[196, 512]"
power_sparse,40,"[40, 197, 320]",7,7,"[197, 320]"
power_sparse,40,"[40, 197, 384]",17,17,"[197, 384]"
power_sparse,40,"[40, 197, 448]",80,80,"[197, 448]"
power_sparse,40,"[40, 197, 512]",18,18,"[197, 512]"
power_sparse,40,"[40, 198, 320]",1,1,"[198, 320]"
power_sparse,40,"[40, 198, 384]",5,5,"[198, 384]"
power_sparse,40,"[40, 198, 448]",164,164,"[198, 448]"
power_sparse,40,"[40, 198, 512]",376,376,"[198, 512]"
power_sparse,40,"[40, 199, 320]",4,4,"[199, 320]"
power_sparse,40,"[40, 199, 384]",16,16,"[199, 384]"
power_sparse,40,"[40, 199, 448]",105,105,"[199, 448]"
power_sparse,40,"[40, 199, 512]",127,127,"[199, 512]"
power_sparse,40,"[40, 200, 320]",1,1,"[200, 320]"
power_sparse,40,"[40, 200, 384]",7,7,"[200, 384]"
power_sparse,40,"[40, 200, 448]",86,86,"[200, 448]"
power_sparse,40,"[40, 200, 512]",218,218,"[200, 512]"
power_sparse,40,"[40, 201, 256]",1,1,"[201, 256]"
power_sparse,40,"[40, 201, 320]",3,3,"[201, 320]"
power_sparse,40,"[40, 201, 384]",30,30,"[201, 384]"
power_sparse,40,"[40, 201, 448]",65,65,"[201, 448]"
power_sparse,40,"[40, 201, 512]",88,88,"[201, 512]"
power_sparse,40,"[40, 202, 384]",11,11,"[202, 384]"
power_sparse,40,"[40, 202, 448]",128,128,"[202, 448]"
power_sparse,40,"[40, 202, 512]",821,821,"[202, 512]"
power_sparse,40,"[40, 203, 256]",1,1,"[203, 256]"
power_sparse,40,"[40, 203, 320]",6,6,"[203, 320]"
power_sparse,40,"[40, 203, 384]",22,22,"[203, 384]"
power_sparse,40,"[40, 203, 448]",73,73,"[203, 448]"
power_sparse,40,"[40, 203, 512]",155,155,"[203, 512]"
power_sparse,40,"[40, 204, 320]",2,2,"[204, 320]"
power_sparse,40,"[40, 204, 384]",9,9,"[204, 384]"
power_sparse,40,"[40, 204, 448]",49,49,"[204, 448]"
power_sparse,40,"[40, 204, 512]",204,204,"[204, 512]"
power_sparse,40,"[40, 205, 320]",3,3,"[205, 320]"
power_sparse,40,"[40, 205, 384]",22,22,"[205, 384]"
power_sparse,40,"[40, 205, 448]",99,99,"[205, 448]"
power_sparse,40,"[40, 205, 512]",38,38,"[205, 512]"
power_sparse,40,"[40, 206, 320]",1,1,"[206, 320]"
power_sparse,40,"[40, 206, 384]",10,10,"[206, 384]"
power_sparse,40,"[40, 206, 448]",119,119,"[206, 448]"
power_sparse,40,"[40, 206, 512]",1350,1350,"[206, 512]"
power_sparse,40,"[40, 206, 576]",20,20,"[206, 576]"
power_sparse,40,"[40, 207, 320]",1,1,"[207, 320]"
power_sparse,40,"[40, 207, 384]",10,10,"[207, 384]"
power_sparse,40,"[40, 207, 448]",116,116,"[207, 448]"
power_sparse,40,"[40, 207, 512]",307,307,"[207, 512]"
power_sparse,40,"[40, 207, 576]",4,4,"[207, 576]"
power_sparse,40,"[40, 208, 320]",2,2,"[208, 320]"
power_sparse,40,"[40, 208, 384]",4,4,"[208, 384]"
power_sparse,40,"[40, 208, 448]",53,53,"[208, 448]"
power_sparse,40,"[40, 208, 512]",360,360,"[208, 512]"
power_sparse,40,"[40, 208, 576]",20,20,"[208, 576]"
power_sparse,40,"[40, 209, 384]",6,6,"[209, 384]"
power_sparse,40,"[40, 209, 448]",151,151,"[209, 448]"
power_sparse,40,"[40, 209, 512]",86,86,"[209, 512]"
power_sparse,40,"[40, 209, 576]",2,2,"[209, 576]"
power_sparse,40,"[40, 210, 192]",1,1,"[210, 192]"
power_sparse,40,"[40, 210, 384]",8,8,"[210, 384]"
power_sparse,40,"[40, 210, 448]",15,15,"[210, 448]"
power_sparse,40,"[40, 210, 512]",40,40,"[210, 512]"
power_sparse,40,"[40, 211, 384]",1,1,"[211, 384]"
power_sparse,40,"[40, 211, 448]",32,32,"[211, 448]"
power_sparse,40,"[40, 211, 512]",71,71,"[211, 512]"
power_sparse,40,"[40, 212, 320]",1,1,"[212, 320]"
power_sparse,40,"[40, 212, 384]",2,2,"[212, 384]"
power_sparse,40,"[40, 212, 448]",118,118,"[212, 448]"
power_sparse,40,"[40, 212, 512]",36,36,"[212, 512]"
power_sparse,40,"[40, 212, 576]",49,49,"[212, 576]"
power_sparse,40,"[40, 213, 448]",113,113,"[213, 448]"
power_sparse,40,"[40, 213, 512]",829,829,"[213, 512]"
power_sparse,40,"[40, 213, 576]",551,551,"[213, 576]"
power_sparse,40,"[40, 214, 384]",8,8,"[214, 384]"
power_sparse,40,"[40, 214, 448]",21,21,"[214, 448]"
power_sparse,40,"[40, 214, 512]",72,72,"[214, 512]"
power_sparse,40,"[40, 214, 576]",79,79,"[214, 576]"
power_sparse,40,"[40, 215, 384]",1,1,"[215, 384]"
power_sparse,40,"[40, 215, 448]",23,23,"[215, 448]"
power_sparse,40,"[40, 215, 512]",42,42,"[215, 512]"
power_sparse,40,"[40, 215, 576]",46,46,"[215, 576]"
power_sparse,40,"[40, 216, 384]",2,2,"[216, 384]"
power_sparse,40,"[40, 216, 512]",46,46,"[216, 512]"
power_sparse,40,"[40, 216, 576]",167,167,"[216, 576]"
power_sparse,40,"[40, 217, 448]",4,4,"[217, 448]"
power_sparse,40,"[40, 217, 512]",36,36,"[217, 512]"
power_sparse,40,"[40, 217, 576]",14,14,"[217, 576]"
power_sparse,40,"[40, 218, 384]",3,3,"[218, 384]"
power_sparse,40,"[40, 218, 448]",29,29,"[218, 448]"
power_sparse,40,"[40, 218, 512]",14,14,"[218, 512]"
power_sparse,40,"[40, 218, 576]",51,51,"[218, 576]"
power_sparse,40,"[40, 219, 448]",10,10,"[219, 448]"
power_sparse,40,"[40, 219, 512]",513,513,"[219, 512]"
power_sparse,40,"[40, 219, 576]",2000,4731,"[219, 576]"
power_sparse,40,"[40, 219, 640]",26,26,"[219, 640]"
power_sparse,40,"[40, 220, 384]",2,2,"[220, 384]"
power_sparse,40,"[40, 220, 448]",7,7,"[220, 448]"
power_sparse,40,"[40, 220, 512]",29,29,"[220, 512]"
power_sparse,40,"[40, 220, 576]",288,288,"[220, 576]"
power_sparse,40,"[40, 220, 640]",11,11,"[220, 640]"
power_sparse,40,"[40, 221, 384]",2,2,"[221, 384]"
power_sparse,40,"[40, 221, 448]",3,3,"[221, 448]"
power_sparse,40,"[40, 221, 512]",62,62,"[221, 512]"
power_sparse,40,"[40, 221, 576]",415,415,"[221, 576]"
power_sparse,40,"[40, 221, 640]",6,6,"[221, 640]"
power_sparse,40,"[40, 222, 320]",1,1,"[222, 320]"
power_sparse,40,"[40, 222, 448]",3,3,"[222, 448]"
power_sparse,40,"[40, 222, 512]",15,15,"[222, 512]"
power_sparse,40,"[40, 222, 576]",161,161,"[222, 576]"
power_sparse,40,"[40, 222, 640]",8,8,"[222, 640]"
power_sparse,40,"[40, 223, 576]",3,3,"[223, 576]"
power_sparse,40,"[40, 224, 448]",4,4,"[224, 448]"
power_sparse,40,"[40, 224, 512]",4,4,"[224, 512]"
power_sparse,40,"[40, 224, 576]",49,49,"[224, 576]"
power_sparse,40,"[40, 224, 640]",7,7,"[224, 640]"
power_sparse,40,"[40, 225, 448]",2,2,"[225, 448]"
power_sparse,40,"[40, 225, 512]",7,7,"[225, 512]"
power_sparse,40,"[40, 225, 576]",17,17,"[225, 576]"
power_sparse,40,"[40, 225, 640]",2,2,"[225, 640]"
power_sparse,40,"[40, 226, 448]",5,5,"[226, 448]"
power_sparse,40,"[40, 226, 512]",15,15,"[226, 512]"
power_sparse,40,"[40, 226, 576]",47,47,"[226, 576]"
power_sparse,40,"[40, 226, 640]",4,4,"[226, 640]"
power_sparse,40,"[40, 227, 384]",2,2,"[227, 384]"
power_sparse,40,"[40, 227, 448]",1,1,"[227, 448]"
power_sparse,40,"[40, 227, 512]",20,20,"[227, 512]"
power_sparse,40,"[40, 227, 576]",108,108,"[227, 576]"
power_sparse,40,"[40, 227, 640]",7,7,"[227, 640]"
power_sparse,40,"[40, 228, 384]",3,3,"[228, 384]"
power_sparse,40,"[40, 228, 448]",4,4,"[228, 448]"
power_sparse,40,"[40, 228, 512]",4,4,"[228, 512]"
power_sparse,40,"[40, 228, 576]",13,13,"[228, 576]"
power_sparse,40,"[40, 228, 640]",3,3,"[228, 640]"
power_sparse,40,"[40, 229, 512]",6,6,"[229, 512]"
power_sparse,40,"[40, 229, 576]",2,2,"[229, 576]"
power_sparse,40,"[40, 230, 448]",3,3,"[230, 448]"
power_sparse,40,"[40, 230, 512]",3,3,"[230, 512]"
power_sparse,40,"[40, 231, 448]",1,1,"[231, 448]"
power_sparse,40,"[40, 231, 512]",2,2,"[231, 512]"
power_sparse,40,"[40, 231, 576]",1,1,"[231, 576]"
power_sparse,40,"[40, 232, 384]",1,1,"[232, 384]"
power_sparse,40,"[40, 232, 448]",12,12,"[232, 448]"
power_sparse,40,"[40, 232, 512]",11,11,"[232, 512]"
power_sparse,40,"[40, 232, 576]",6,6,"[232, 576]"
power_sparse,40,"[40, 233, 448]",1,1,"[233, 448]"
power_sparse,40,"[40, 233, 512]",1,1,"[233, 512]"
power_sparse,40,"[40, 233, 576]",11,11,"[233, 576]"
power_sparse,40,"[40, 234, 320]",3,3,"[234, 320]"
power_sparse,40,"[40, 234, 384]",8,8,"[234, 384]"
power_sparse,40,"[40, 234, 448]",18,18,"[234, 448]"
power_sparse,40,"[40, 234, 512]",15,15,"[234, 512]"
power_sparse,40,"[40, 234, 576]",5,5,"[234, 576]"
power_sparse,40,"[40, 235, 256]",1,1,"[235, 256]"
power_sparse,40,"[40, 235, 448]",1,1,"[235, 448]"
power_sparse,40,"[40, 235, 512]",2,2,"[235, 512]"
power_sparse,40,"[40, 235, 576]",1,1,"[235, 576]"
power_sparse,40,"[40, 236, 384]",5,5,"[236, 384]"
power_sparse,40,"[40, 236, 448]",7,7,"[236, 448]"
power_sparse,40,"[40, 236, 512]",3,3,"[236, 512]"
power_sparse,40,"[40, 236, 576]",3,3,"[236, 576]"
power_sparse,40,"[40, 236, 640]",3,3,"[236, 640]"
power_sparse,40,"[40, 237, 448]",1,1,"[237, 448]"
power_sparse,40,"[40, 237, 512]",9,9,"[237, 512]"
power_sparse,40,"[40, 237, 576]",14,14,"[237, 576]"
power_sparse,40,"[40, 237, 640]",1,1,"[237, 640]"
power_sparse,40,"[40, 237, 704]",1,1,"[237, 704]"
power_sparse,40,"[40, 238, 448]",7,7,"[238, 448]"
power_sparse,40,"[40, 238, 512]",15,15,"[238, 512]"
power_sparse,40,"[40, 238, 576]",7,7,"[238, 576]"
power_sparse,40,"[40, 239, 512]",11,11,"[239, 512]"
power_sparse,40,"[40, 239, 576]",17,17,"[239, 576]"
power_sparse,40,"[40, 239, 640]",1,1,"[239, 640]"
power_sparse,40,"[40, 240, 512]",7,7,"[240, 512]"
power_sparse,40,"[40, 240, 576]",8,8,"[240, 576]"
power_sparse,40,"[40, 240, 640]",1,1,"[240, 640]"
power_sparse,40,"[40, 240, 704]",1,1,"[240, 704]"
power_sparse,40,"[40, 241, 320]",4,4,"[241, 320]"
power_sparse,40,"[40, 241, 384]",19,19,"[241, 384]"
power_sparse,40,"[40, 241, 448]",12,12,"[241, 448]"
power_sparse,40,"[40, 241, 512]",3,3,"[241, 512]"
power_sparse,40,"[40, 241, 576]",22,22,"[241, 576]"
power_sparse,40,"[40, 241, 640]",1,1,"[241, 640]"
power_sparse,40,"[40, 241, 704]",1,1,"[241, 704]"
power_sparse,40,"[40, 242, 384]",4,4,"[242, 384]"
power_sparse,40,"[40, 242, 448]",27,27,"[242, 448]"
power_sparse,40,"[40, 242, 512]",79,79,"[242, 512]"
power_sparse,40,"[40, 242, 576]",70,70,"[242, 576]"
power_sparse,40,"[40, 242, 640]",12,12,"[242, 640]"
power_sparse,40,"[40, 243, 448]",2,2,"[243, 448]"
power_sparse,40,"[40, 243, 512]",15,15,"[243, 512]"
power_sparse,40,"[40, 243, 576]",15,15,"[243, 576]"
power_sparse,40,"[40, 243, 640]",9,9,"[243, 640]"
power_sparse,40,"[40, 243, 704]",12,12,"[243, 704]"
power_sparse,40,"[40, 244, 448]",1,1,"[244, 448]"
power_sparse,40,"[40, 244, 512]",75,75,"[244, 512]"
power_sparse,40,"[40, 244, 576]",145,145,"[244, 576]"
power_sparse,40,"[40, 244, 640]",10,10,"[244, 640]"
power_sparse,40,"[40, 244, 704]",2,2,"[244, 704]"
power_sparse,40,"[40, 245, 576]",4,4,"[245, 576]"
power_sparse,40,"[40, 245, 640]",4,4,"[245, 640]"
power_sparse,40,"[40, 245, 704]",1,1,"[245, 704]"
power_sparse,40,"[40, 245, 768]",2,2,"[245, 768]"
power_sparse,40,"[40, 246, 576]",1,1,"[246, 576]"
power_sparse,40,"[40, 246, 640]",2,2,"[246, 640]"
power_sparse,40,"[40, 247, 384]",7,7,"[247, 384]"
power_sparse,40,"[40, 247, 448]",45,45,"[247, 448]"
power_sparse,40,"[40, 247, 512]",116,116,"[247, 512]"
power_sparse,40,"[40, 247, 576]",39,39,"[247, 576]"
power_sparse,40,"[40, 247, 640]",200,200,"[247, 640]"
power_sparse,40,"[40, 247, 704]",15,15,"[247, 704]"
power_sparse,40,"[40, 248, 448]",14,14,"[248, 448]"
power_sparse,40,"[40, 248, 512]",29,29,"[248, 512]"
power_sparse,40,"[40, 248, 576]",18,18,"[248, 576]"
power_sparse,40,"[40, 248, 640]",10,10,"[248, 640]"
power_sparse,40,"[40, 248, 704]",12,12,"[248, 704]"
power_sparse,40,"[40, 248, 768]",6,6,"[248, 768]"
power_sparse,40,"[40, 249, 512]",1,1,"[249, 512]"
power_sparse,40,"[40, 249, 576]",2,2,"[249, 576]"
power_sparse,40,"[40, 249, 640]",11,11,"[249, 640]"
power_sparse,40,"[40, 249, 704]",3,3,"[249, 704]"
power_sparse,40,"[40, 250, 576]",21,21,"[250, 576]"
power_sparse,40,"[40, 250, 640]",6,6,"[250, 640]"
power_sparse,40,"[40, 250, 704]",1,1,"[250, 704]"
power_sparse,40,"[40, 251, 704]",2,2,"[251, 704]"
power_sparse,40,"[40, 252, 704]",3,3,"[252, 704]"
power_sparse,40,"[40, 253, 448]",3,3,"[253, 448]"
power_sparse,40,"[40, 253, 512]",8,8,"[253, 512]"
power_sparse,40,"[40, 253, 576]",11,11,"[253, 576]"
power_sparse,40,"[40, 253, 640]",5,5,"[253, 640]"
power_sparse,40,"[40, 253, 704]",20,20,"[253, 704]"
power_sparse,40,"[40, 253, 768]",8,8,"[253, 768]"
power_sparse,40,"[40, 254, 512]",2,2,"[254, 512]"
power_sparse,40,"[40, 254, 576]",10,10,"[254, 576]"
power_sparse,40,"[40, 254, 640]",4,4,"[254, 640]"
power_sparse,40,"[40, 254, 704]",7,7,"[254, 704]"
power_sparse,40,"[40, 254, 768]",4,4,"[254, 768]"
power_sparse,40,"[40, 255, 640]",4,4,"[255, 640]"
power_sparse,40,"[40, 255, 704]",6,6,"[255, 704]"
power_sparse,40,"[40, 256, 512]",2,2,"[256, 512]"
power_sparse,40,"[40, 256, 576]",4,4,"[256, 576]"
power_sparse,40,"[40, 256, 640]",2,2,"[256, 640]"
power_sparse,40,"[40, 256, 704]",8,8,"[256, 704]"
power_sparse,40,"[40, 256, 768]",2,2,"[256, 768]"
power_sparse,40,"[40, 257, 704]",7,7,"[257, 704]"
power_sparse,40,"[40, 258, 704]",14,14,"[258, 704]"
power_sparse,40,"[40, 258, 768]",1,1,"[258, 768]"
power_sparse,40,"[40, 259, 576]",15,15,"[259, 576]"
power_sparse,40,"[40, 259, 640]",4,4,"[259, 640]"
power_sparse,40,"[40, 259, 704]",12,12,"[259, 704]"
power_sparse,40,"[40, 259, 768]",5,5,"[259, 768]"
power_sparse,40,"[40, 260, 640]",6,6,"[260, 640]"
power_sparse,40,"[40, 260, 704]",22,22,"[260, 704]"
power_sparse,40,"[40, 260, 768]",26,26,"[260, 768]"
power_sparse,40,"[40, 261, 704]",17,17,"[261, 704]"
power_sparse,40,"[40, 261, 768]",2,2,"[261, 768]"
power_sparse,40,"[40, 262, 576]",2,2,"[262, 576]"
power_sparse,40,"[40, 262, 640]",6,6,"[262, 640]"
power_sparse,40,"[40, 262, 704]",38,38,"[262, 704]"
power_sparse,40,"[40, 262, 768]",3,3,"[262, 768]"
power_sparse,40,"[40, 263, 704]",25,25,"[263, 704]"
power_sparse,40,"[40, 263, 768]",15,15,"[263, 768]"
power_sparse,40,"[40, 264, 704]",17,17,"[264, 704]"
power_sparse,40,"[40, 264, 768]",6,6,"[264, 768]"
power_sparse,40,"[40, 265, 640]",3,3,"[265, 640]"
power_sparse,40,"[40, 265, 704]",26,26,"[265, 704]"
power_sparse,40,"[40, 265, 768]",20,20,"[265, 768]"
power_sparse,40,"[40, 266, 704]",28,28,"[266, 704]"
power_sparse,40,"[40, 266, 768]",59,59,"[266, 768]"
power_sparse,40,"[40, 267, 704]",4,4,"[267, 704]"
power_sparse,40,"[40, 267, 768]",8,8,"[267, 768]"
power_sparse,40,"[40, 268, 576]",2,2,"[268, 576]"
power_sparse,40,"[40, 268, 640]",14,14,"[268, 640]"
power_sparse,40,"[40, 268, 704]",685,685,"[268, 704]"
power_sparse,40,"[40, 268, 768]",352,352,"[268, 768]"
power_sparse,40,"[40, 269, 704]",163,163,"[269, 704]"
power_sparse,40,"[40, 269, 768]",177,177,"[269, 768]"
power_sparse,40,"[40, 270, 704]",22,22,"[270, 704]"
power_sparse,40,"[40, 270, 768]",52,52,"[270, 768]"
power_sparse,40,"[40, 270, 832]",1,1,"[270, 832]"
power_sparse,40,"[40, 271, 640]",2,2,"[271, 640]"
power_sparse,40,"[40, 271, 704]",17,17,"[271, 704]"
power_sparse,40,"[40, 271, 768]",65,65,"[271, 768]"
power_sparse,40,"[40, 272, 704]",769,769,"[272, 704]"
power_sparse,40,"[40, 272, 768]",2000,2630,"[272, 768]"
power_sparse,40,"[40, 272, 832]",3,3,"[272, 832]"
power_sparse,40,"[40, 273, 768]",3,3,"[273, 768]"
power_sparse,40,"[40, 274, 640]",16,16,"[274, 640]"
power_sparse,40,"[40, 274, 704]",773,773,"[274, 704]"
power_sparse,40,"[40, 274, 768]",1974,1974,"[274, 768]"
power_sparse,40,"[40, 274, 832]",10,10,"[274, 832]"
power_sparse,40,"[40, 275, 704]",153,153,"[275, 704]"
power_sparse,40,"[40, 275, 768]",523,523,"[275, 768]"
power_sparse,40,"[40, 276, 704]",2,2,"[276, 704]"
power_sparse,40,"[40, 276, 768]",15,15,"[276, 768]"
power_sparse,40,"[40, 277, 640]",2,2,"[277, 640]"
power_sparse,40,"[40, 277, 704]",102,102,"[277, 704]"
power_sparse,40,"[40, 277, 768]",549,549,"[277, 768]"
power_sparse,40,"[40, 277, 832]",2,2,"[277, 832]"
power_sparse,40,"[40, 278, 704]",408,408,"[278, 704]"
power_sparse,40,"[40, 278, 768]",2000,11711,"[278, 768]"
power_sparse,40,"[40, 278, 832]",432,432,"[278, 832]"
power_sparse,40,"[40, 279, 768]",7,7,"[279, 768]"
power_sparse,40,"[40, 280, 640]",2,2,"[280, 640]"
power_sparse,40,"[40, 280, 704]",3,3,"[280, 704]"
power_sparse,40,"[40, 280, 768]",23,23,"[280, 768]"
power_sparse,40,"[40, 281, 704]",5,5,"[281, 704]"
power_sparse,40,"[40, 281, 768]",54,54,"[281, 768]"
power_sparse,40,"[40, 281, 832]",1,1,"[281, 832]"
power_sparse,40,"[40, 282, 704]",2,2,"[282, 704]"
power_sparse,40,"[40, 282, 768]",6,6,"[282, 768]"
power_sparse,40,"[40, 283, 640]",2,2,"[283, 640]"
power_sparse,40,"[40, 283, 704]",242,242,"[283, 704]"
power_sparse,40,"[40, 283, 768]",1125,1125,"[283, 768]"
power_sparse,40,"[40, 283, 832]",81,81,"[283, 832]"
power_sparse,40,"[40, 284, 768]",44,44,"[284, 768]"
power_sparse,40,"[40, 284, 832]",11,11,"[284, 832]"
power_sparse,40,"[40, 285, 768]",3,3,"[285, 768]"
power_sparse,40,"[40, 286, 768]",2,2,"[286, 768]"
power_sparse,40,"[40, 287, 768]",1,1,"[287, 768]"
power_sparse,40,"[40, 289, 640]",1,1,"[289, 640]"
power_sparse,40,"[40, 289, 704]",261,261,"[289, 704]"
power_sparse,40,"[40, 289, 768]",374,374,"[289, 768]"
power_sparse,40,"[40, 289, 832]",20,20,"[289, 832]"
power_sparse,40,"[40, 290, 768]",1,1,"[290, 768]"
power_sparse,40,"[40, 290, 832]",2,2,"[290, 832]"
power_sparse,40,"[40, 295, 704]",45,45,"[295, 704]"
power_sparse,40,"[40, 295, 768]",99,99,"[295, 768]"
power_sparse,40,"[40, 295, 832]",1,1,"[295, 832]"
power_sparse,40,"[40, 301, 768]",1,1,"[301, 768]"
base_projlen,40,"[40, 14]",11,11,[14]
base_projlen,40,"[40, 15]",231,231,[15]
base_projlen,40,"[40, 16]",1374,1374,[16]
base_projlen,40,"[40, 17]",2000,2605,[17]
base_projlen,40,"[40, 18]",2000,6076,[18]
base_projlen,40,"[40, 19]",2000,17537,[19]
base_projlen,40,"[40, 20]",2000,25670,[20]
base_projlen,40,"[40, 21]",2000,19055,[21]
base_projlen,40,"[40, 22]",2000,19611,[22]
base_projlen,40,"[40, 23]",2000,9468,[23]
base_projlen,40,"[40, 24]",2000,2721,[24]
base_projlen,40,"[40, 25]",644,644,[25]
base_projlen,40,"[40, 26]",173,173,[26]
base_projlen,40,"[40, 27]",2000,9173,[27]
base_projlen,40,"[40, 28]",2000,4201,[28]
base_projlen,40,"[40, 29]",2000,6453,[29]
base_projlen,40,"[40, 30]",2000,3675,[30]
base_projlen,40,"[40, 31]",2000,5249,[31]
base_projlen,40,"[40, 32]",2000,2844,[32]
base_projlen,40,"[40, 33]",2000,7263,[33]
base_projlen,40,"[40, 34]",2000,5229,[34]
base_projlen,40,"[40, 35]",2000,4537,[35]
base_projlen,40,"[40, 36]",2000,3413,[36]
base_projlen,40,"[40, 37]",2000,3487,[37]
base_projlen,40,"[40, 38]",2000,2129,[38]
base_projlen,40,"[40, 39]",1443,1443,[39]
base_projlen,40,"[40, 40]",1211,1211,[40]
base_projlen,40,"[40, 41]",755,755,[41]
base_projlen,40,"[40, 42]",285,285,[42]
base_projlen,40,"[40, 43]",196,196,[43]
base_projlen,40,"[40, 44]",48,48,[44]
base_projlen,40,"[40, 45]",56,56,[45]
base_projlen,40,"[40, 46]",43,43,[46]
base_projlen,40,"[40, 47]",54,54,[47]
base_projlen,40,"[40, 48]",58,58,[48]
base_projlen,40,"[40, 49]",53,53,[49]
base_projlen,40,"[40, 50]",45,45,[50]
base_projlen,40,"[40, 51]",60,60,[51]
base_projlen,40,"[40, 52]",16,16,[52]
base_projlen,40,"[40, 53]",8,8,[53]
base_projlen,40,"[40, 54]",10,10,[54]
base_projlen,40,"[40, 55]",5,5,[55]
base_projlen,40,"[40, 56]",14,14,[56]
base_projlen,40,"[40, 57]",13,13,[57]
base_projlen,40,"[40, 58]",206,206,[58]
base_projlen,40,"[40, 59]",177,177,[59]
base_projlen,40,"[40, 60]",1123,1123,[60]
base_projlen,40,"[40, 61]",575,575,[61]
base_projlen,40,"[40, 62]",747,747,[62]
base_projlen,40,"[40, 63]",187,187,[63]
base_projlen,40,"[40, 64]",352,352,[64]
base_projlen,40,"[40, 65]",3,3,[65]
base_projlen,40,"[40, 66]",4,4,[66]
base_projlen,40,"[40, 81]",142,142,[81]
base_projlen,40,"[40, 82]",451,451,[82]
base_projlen,40,"[40, 83]",764,764,[83]
base_projlen,40,"[40, 84]",413,413,[84]
base_projlen,40,"[40, 85]",148,148,[85]
base_projlen,40,"[40, 86]",110,110,[86]
base_projlen,40,"[40, 87]",86,86,[87]
base_projlen,40,"[40, 88]",104,104,[88]
base_projlen,40,"[40, 89]",136,136,[89]
base_projlen,40,"[40, 90]",183,183,[90]
base_projlen,40,"[40, 91]",271,271,[91]
base_projlen,40,"[40, 92]",2000,6033,[92]
base_projlen,40,"[40, 93]",2000,2832,[93]
base_projlen,40,"[40, 94]",2000,21002,[94]
base_projlen,40,"[40, 95]",2000,7868,[95]
base_projlen,40,"[40, 96]",1222,1222,[96]
base_projlen,40,"[40, 97]",1321,1321,[97]
base_projlen,40,"[40, 98]",206,206,[98]
base_projlen,40,"[40, 99]",290,290,[99]
base_projlen,40,"[40, 100]",2,2,[100]
base_projlen,40,"[40, 101]",2,2,[101]
collapse_ratio,40,"[40, 0, 1]",45,45,"[0, 1]"
collapse_ratio,40,"[40, 75, 7]",47,47,"[75, 7]"
collapse_ratio,40,"[40, 125, 13]",1,1,"[125, 13]"
collapse_ratio,40,"[40, 150, 13]",46,46,"[150, 13]"
collapse_ratio,40,"[40, 200, 21]",1,1,"[200, 21]"
collapse_ratio,40,"[40, 225, 19]",1,1,"[225, 19]"
collapse_ratio,40,"[40, 250, 21]",1,1,"[250, 21]"
collapse_ratio,40,"[40, 300, 25]",21,21,"[300, 25]"
collapse_ratio,40,"[40, 300, 28]",1,1,"[300, 28]"
collapse_ratio,40,"[40, 325, 17]",3,3,"[325, 17]"
collapse_ratio,40,"[40, 325, 18]",2,2,"[325, 18]"
collapse_ratio,40,"[40, 325, 19]",6,6,"[325, 19]"
collapse_ratio,40,"[40, 325, 20]",1,1,"[325, 20]"
collapse_ratio,40,"[40, 325, 23]",1,1,"[325, 23]"
collapse_ratio,40,"[40, 325, 27]",5,5,"[325, 27]"
collapse_ratio,40,"[40, 325, 28]",6,6,"[325, 28]"
collapse_ratio,40,"[40, 325, 29]",80,80,"[325, 29]"
collapse_ratio,40,"[40, 325, 30]",1,1,"[325, 30]"
collapse_ratio,40,"[40, 325, 31]",22,22,"[325, 31]"
collapse_ratio,40,"[40, 325, 32]",1,1,"[325, 32]"
collapse_ratio,40,"[40, 325, 33]",81,81,"[325, 33]"
collapse_ratio,40,"[40, 325, 35]",30,30,"[325, 35]"
collapse_ratio,40,"[40, 325, 37]",1,1,"[325, 37]"
collapse_ratio,40,"[40, 325, 81]",8,8,"[325, 81]"
collapse_ratio,40,"[40, 325, 83]",2,2,"[325, 83]"
collapse_ratio,40,"[40, 350, 29]",11,11,"[350, 29]"
collapse_ratio,40,"[40, 350, 31]",4,4,"[350, 31]"
collapse_ratio,40,"[40, 350, 32]",5,5,"[350, 32]"
collapse_ratio,40,"[40, 350, 33]",9,9,"[350, 33]"
collapse_ratio,40,"[40, 350, 35]",47,47,"[350, 35]"
collapse_ratio,40,"[40, 350, 39]",15,15,"[350, 39]"
collapse_ratio,40,"[40, 375, 23]",18,18,"[375, 23]"
collapse_ratio,40,"[40, 375, 25]",1,1,"[375, 25]"
collapse_ratio,40,"[40, 375, 31]",24,24,"[375, 31]"
collapse_ratio,40,"[40, 375, 33]",71,71,"[375, 33]"
collapse_ratio,40,"[40, 375, 36]",3,3,"[375, 36]"
collapse_ratio,40,"[40, 375, 37]",16,16,"[375, 37]"
collapse_ratio,40,"[40, 375, 39]",1,1,"[375, 39]"
collapse_ratio,40,"[40, 375, 40]",1,1,"[375, 40]"
collapse_ratio,40,"[40, 375, 41]",1,1,"[375, 41]"
collapse_ratio,40,"[40, 375, 44]",1,1,"[375, 44]"
collapse_ratio,40,"[40, 375, 95]",3,3,"[375, 95]"
collapse_ratio,40,"[40, 375, 97]",2,2,"[375, 97]"
collapse_ratio,40,"[40, 400, 25]",1,1,"[400, 25]"
collapse_ratio,40,"[40, 400, 27]",2,2,"[400, 27]"
collapse_ratio,40,"[40, 400, 28]",1,1,"[400, 28]"
collapse_ratio,40,"[40, 400, 33]",35,35,"[400, 33]"
collapse_ratio,40,"[40, 400, 34]",2,2,"[400, 34]"
collapse_ratio,40,"[40, 400, 35]",29,29,"[400, 35]"
collapse_ratio,40,"[40, 400, 36]",1,1,"[400, 36]"
collapse_ratio,40,"[40, 400, 37]",8,8,"[400, 37]"
collapse_ratio,40,"[40, 400, 38]",8,8,"[400, 38]"
collapse_ratio,40,"[40, 400, 39]",5,5,"[400, 39]"
collapse_ratio,40,"[40, 400, 40]",4,4,"[400, 40]"
collapse_ratio,40,"[40, 400, 41]",27,27,"[400, 41]"
collapse_ratio,40,"[40, 400, 42]",1,1,"[400, 42]"
collapse_ratio,40,"[40, 400, 43]",2,2,"[400, 43]"
collapse_ratio,40,"[40, 400, 45]",5,5,"[400, 45]"
collapse_ratio,40,"[40, 400, 47]",4,4,"[400, 47]"
collapse_ratio,40,"[40, 400, 51]",1,1,"[400, 51]"
collapse_ratio,40,"[40, 400, 57]",2,2,"[400, 57]"
collapse_ratio,40,"[40, 400, 61]",1,1,"[400, 61]"
collapse_ratio,40,"[40, 400, 104]",2,2,"[400, 104]"
collapse_ratio,40,"[40, 400, 105]",5,5,"[400, 105]"
collapse_ratio,40,"[40, 425, 23]",2,2,"[425, 23]"
collapse_ratio,40,"[40, 425, 25]",5,5,"[425, 25]"
collapse_ratio,40,"[40, 425, 27]",5,5,"[425, 27]"
collapse_ratio,40,"[40, 425, 28]",1,1,"[425, 28]"
collapse_ratio,40,"[40, 425, 35]",91,91,"[425, 35]"
collapse_ratio,40,"[40, 425, 36]",80,80,"[425, 36]"
collapse_ratio,40,"[40, 425, 37]",4,4,"[425, 37]"
collapse_ratio,40,"[40, 425, 38]",33,33,"[425, 38]"
collapse_ratio,40,"[40, 425, 39]",33,33,"[425, 39]"
collapse_ratio,40,"[40, 425, 40]",11,11,"[425, 40]"
collapse_ratio,40,"[40, 425, 41]",12,12,"[425, 41]"
collapse_ratio,40,"[40, 425, 43]",8,8,"[425, 43]"
collapse_ratio,40,"[40, 425, 45]",17,17,"[425, 45]"
collapse_ratio,40,"[40, 425, 46]",1,1,"[425, 46]"
collapse_ratio,40,"[40, 425, 47]",16,16,"[425, 47]"
collapse_ratio,40,"[40, 425, 48]",2,2,"[425, 48]"
collapse_ratio,40,"[40, 425, 49]",5,5,"[425, 49]"
collapse_ratio,40,"[40, 425, 55]",1,1,"[425, 55]"
collapse_ratio,40,"[40, 425, 59]",4,4,"[425, 59]"
collapse_ratio,40,"[40, 425, 62]",4,4,"[425, 62]"
collapse_ratio,40,"[40, 425, 63]",1,1,"[425, 63]"
collapse_ratio,40,"[40, 425, 65]",1,1,"[425, 65]"
collapse_ratio,40,"[40, 425, 66]",4,4,"[425, 66]"
collapse_ratio,40,"[40, 425, 68]",1,1,"[425, 68]"
collapse_ratio,40,"[40, 425, 72]",1,1,"[425, 72]"
collapse_ratio,40,"[40, 425, 106]",1,1,"[425, 106]"
collapse_ratio,40,"[40, 425, 107]",3,3,"[425, 107]"
collapse_ratio,40,"[40, 425, 108]",2,2,"[425, 108]"
collapse_ratio,40,"[40, 425, 109]",1,1,"[425, 109]"
collapse_ratio,40,"[40, 425, 110]",2,2,"[425, 110]"
collapse_ratio,40,"[40, 425, 111]",1,1,"[425, 111]"
collapse_ratio,40,"[40, 450, 23]",5,5,"[450, 23]"
collapse_ratio,40,"[40, 450, 25]",1,1,"[450, 25]"
collapse_ratio,40,"[40, 450, 27]",10,10,"[450, 27]"
collapse_ratio,40,"[40, 450, 29]",10,10,"[450, 29]"
collapse_ratio,40,"[40, 450, 37]",33,33,"[450, 37]"
collapse_ratio,40,"[40, 450, 38]",2,2,"[450, 38]"
collapse_ratio,40,"[40, 450, 39]",4,4,"[450, 39]"
collapse_ratio,40,"[40, 450, 40]",2,2,"[450, 40]"
collapse_ratio,40,"[40, 450, 41]",97,97,"[450, 41]"
collapse_ratio,40,"[40, 450, 42]",10,10,"[450, 42]"
collapse_ratio,40,"[40, 450, 43]",26,26,"[450, 43]"
collapse_ratio,40,"[40, 450, 44]",9,9,"[450, 44]"
collapse_ratio,40,"[40, 450, 45]",8,8,"[450, 45]"
collapse_ratio,40,"[40, 450, 46]",38,38,"[450, 46]"
collapse_ratio,40,"[40, 450, 49]",15,15,"[450, 49]"
collapse_ratio,40,"[40, 450, 50]",7,7,"[450, 50]"
collapse_ratio,40,"[40, 450, 51]",10,10,"[450, 51]"
collapse_ratio,40,"[40, 450, 57]",4,4,"[450, 57]"
collapse_ratio,40,"[40, 450, 60]",5,5,"[450, 60]"
collapse_ratio,40,"[40, 450, 64]",7,7,"[450, 64]"
collapse_ratio,40,"[40, 450, 68]",1,1,"[450, 68]"
collapse_ratio,40,"[40, 450, 70]",2,2,"[450, 70]"
collapse_ratio,40,"[40, 450, 78]",1,1,"[450, 78]"
collapse_ratio,40,"[40, 450, 112]",2,2,"[450, 112]"
collapse_ratio,40,"[40, 450, 113]",11,11,"[450, 113]"
collapse_ratio,40,"[40, 450, 114]",3,3,"[450, 114]"
collapse_ratio,40,"[40, 450, 115]",3,3,"[450, 115]"
collapse_ratio,40,"[40, 450, 116]",4,4,"[450, 116]"
collapse_ratio,40,"[40, 450, 117]",3,3,"[450, 117]"
collapse_ratio,40,"[40, 475, 26]",12,12,"[475, 26]"
collapse_ratio,40,"[40, 475, 39]",40,40,"[475, 39]"
collapse_ratio,40,"[40, 475, 40]",2,2,"[475, 40]"
collapse_ratio,40,"[40, 475, 42]",2,2,"[475, 42]"
collapse_ratio,40,"[40, 475, 43]",50,50,"[475, 43]"
collapse_ratio,40,"[40, 475, 45]",17,17,"[475, 45]"
collapse_ratio,40,"[40, 475, 46]",1,1,"[475, 46]"
collapse_ratio,40,"[40, 475, 47]",74,74,"[475, 47]"
collapse_ratio,40,"[40, 475, 48]",1,1,"[475, 48]"
collapse_ratio,40,"[40, 475, 49]",12,12,"[475, 49]"
collapse_ratio,40,"[40, 475, 50]",15,15,"[475, 50]"
collapse_ratio,40,"[40, 475, 51]",107,107,"[475, 51]"
collapse_ratio,40,"[40, 475, 52]",33,33,"[475, 52]"
collapse_ratio,40,"[40, 475, 53]",24,24,"[475, 53]"
collapse_ratio,40,"[40, 475, 54]",15,15,"[475, 54]"
collapse_ratio,40,"[40, 475, 55]",15,15,"[475, 55]"
collapse_ratio,40,"[40, 475, 56]",13,13,"[475, 56]"
collapse_ratio,40,"[40, 475, 57]",5,5,"[475, 57]"
collapse_ratio,40,"[40, 475, 58]",16,16,"[475, 58]"
collapse_ratio,40,"[40, 475, 59]",5,5,"[475, 59]"
collapse_ratio,40,"[40, 475, 60]",4,4,"[475, 60]"
collapse_ratio,40,"[40, 475, 62]",5,5,"[475, 62]"
collapse_ratio,40,"[40, 475, 68]",3,3,"[475, 68]"
collapse_ratio,40,"[40, 475, 69]",2,2,"[475, 69]"
collapse_ratio,40,"[40, 475, 72]",1,1,"[475, 72]"
collapse_ratio,40,"[40, 475, 73]",2,2,"[475, 73]"
collapse_ratio,40,"[40, 475, 76]",2,2,"[475, 76]"
collapse_ratio,40,"[40, 475, 77]",2,2,"[475, 77]"
collapse_ratio,40,"[40, 475, 87]",3,3,"[475, 87]"
collapse_ratio,40,"[40, 475, 117]",1,1,"[475, 117]"
collapse_ratio,40,"[40, 475, 118]",4,4,"[475, 118]"
collapse_ratio,40,"[40, 475, 119]",5,5,"[475, 119]"
collapse_ratio,40,"[40, 475, 120]",4,4,"[475, 120]"
collapse_ratio,40,"[40, 475, 121]",13,13,"[475, 121]"
collapse_ratio,40,"[40, 475, 122]",7,7,"[475, 122]"
collapse_ratio,40,"[40, 475, 123]",5,5,"[475, 123]"
collapse_ratio,40,"[40, 475, 124]",1,1,"[475, 124]"
collapse_ratio,40,"[40, 500, 23]",4,4,"[500, 23]"
collapse_ratio,40,"[40, 500, 25]",2,2,"[500, 25]"
collapse_ratio,40,"[40, 500, 27]",1,1,"[500, 27]"
collapse_ratio,40,"[40, 500, 29]",3,3,"[500, 29]"
collapse_ratio,40,"[40, 500, 31]",4,4,"[500, 31]"
collapse_ratio,40,"[40, 500, 33]",4,4,"[500, 33]"
collapse_ratio,40,"[40, 500, 36]",1,1,"[500, 36]"
collapse_ratio,40,"[40, 500, 37]",1,1,"[500, 37]"
collapse_ratio,40,"[40, 500, 41]",51,51,"[500, 41]"
collapse_ratio,40,"[40, 500, 42]",2,2,"[500, 42]"
collapse_ratio,40,"[40, 500, 43]",6,6,"[500, 43]"
collapse_ratio,40,"[40, 500, 44]",31,31,"[500, 44]"
collapse_ratio,40,"[40, 500, 45]",98,98,"[500, 45]"
collapse_ratio,40,"[40, 500, 46]",3,3,"[500, 46]"
collapse_ratio,40,"[40, 500, 47]",107,107,"[500, 47]"
collapse_ratio,40,"[40, 500, 48]",39,39,"[500, 48]"
collapse_ratio,40,"[40, 500, 50]",7,7,"[500, 50]"
collapse_ratio,40,"[40, 500, 51]",11,11,"[500, 51]"
collapse_ratio,40,"[40, 500, 52]",1,1,"[500, 52]"
collapse_ratio,40,"[40, 500, 53]",48,48,"[500, 53]"
collapse_ratio,40,"[40, 500, 54]",34,34,"[500, 54]"
collapse_ratio,40,"[40, 500, 55]",104,104,"[500, 55]"
collapse_ratio,40,"[40, 500, 56]",50,50,"[500, 56]"
collapse_ratio,40,"[40, 500, 57]",46,46,"[500, 57]"
collapse_ratio,40,"[40, 500, 58]",47,47,"[500, 58]"
collapse_ratio,40,"[40, 500, 59]",19,19,"[500, 59]"
collapse_ratio,40,"[40, 500, 60]",3,3,"[500, 60]"
collapse_ratio,40,"[40, 500, 61]",4,4,"[500, 61]"
collapse_ratio,40,"[40, 500, 62]",4,4,"[500, 62]"
collapse_ratio,40,"[40, 500, 63]",15,15,"[500, 63]"
collapse_ratio,40,"[40, 500, 64]",3,3,"[500, 64]"
collapse_ratio,40,"[40, 500, 66]",10,10,"[500, 66]"
collapse_ratio,40,"[40, 500, 67]",2,2,"[500, 67]"
collapse_ratio,40,"[40, 500, 70]",8,8,"[500, 70]"
collapse_ratio,40,"[40, 500, 71]",2,2,"[500, 71]"
collapse_ratio,40,"[40, 500, 72]",1,1,"[500, 72]"
collapse_ratio,40,"[40, 500, 74]",1,1,"[500, 74]"
collapse_ratio,40,"[40, 500, 77]",1,1,"[500, 77]"
collapse_ratio,40,"[40, 500, 78]",3,3,"[500, 78]"
collapse_ratio,40,"[40, 500, 89]",1,1,"[500, 89]"
collapse_ratio,40,"[40, 500, 91]",7,7,"[500, 91]"
collapse_ratio,40,"[40, 500, 99]",1,1,"[500, 99]"
collapse_ratio,40,"[40, 500, 124]",6,6,"[500, 124]"
collapse_ratio,40,"[40, 500, 125]",5,5,"[500, 125]"
collapse_ratio,40,"[40, 500, 126]",8,8,"[500, 126]"
collapse_ratio,40,"[40, 500, 127]",5,5,"[500, 127]"
collapse_ratio,40,"[40, 500, 128]",7,7,"[500, 128]"
collapse_ratio,40,"[40, 500, 129]",14,14,"[500, 129]"
collapse_ratio,40,"[40, 500, 133]",1,1,"[500, 133]"
collapse_ratio,40,"[40, 525, 27]",1,1,"[525, 27]"
collapse_ratio,40,"[40, 525, 29]",2,2,"[525, 29]"
collapse_ratio,40,"[40, 525, 31]",11,11,"[525, 31]"
collapse_ratio,40,"[40, 525, 32]",1,1,"[525, 32]"
collapse_ratio,40,"[40, 525, 34]",1,1,"[525, 34]"
collapse_ratio,40,"[40, 525, 35]",3,3,"[525, 35]"
collapse_ratio,40,"[40, 525, 36]",2,2,"[525, 36]"
collapse_ratio,40,"[40, 525, 43]",175,175,"[525, 43]"
collapse_ratio,40,"[40, 525, 44]",1,1,"[525, 44]"
collapse_ratio,40,"[40, 525, 45]",8,8,"[525, 45]"
collapse_ratio,40,"[40, 525, 46]",4,4,"[525, 46]"
collapse_ratio,40,"[40, 525, 47]",28,28,"[525, 47]"
collapse_ratio,40,"[40, 525, 48]",5,5,"[525, 48]"
collapse_ratio,40,"[40, 525, 49]",69,69,"[525, 49]"
collapse_ratio,40,"[40, 525, 50]",2,2,"[525, 50]"
collapse_ratio,40,"[40, 525, 51]",133,133,"[525, 51]"
collapse_ratio,40,"[40, 525, 52]",63,63,"[525, 52]"
collapse_ratio,40,"[40, 525, 53]",131,131,"[525, 53]"
collapse_ratio,40,"[40, 525, 54]",17,17,"[525, 54]"
collapse_ratio,40,"[40, 525, 55]",36,36,"[525, 55]"
collapse_ratio,40,"[40, 525, 56]",79,79,"[525, 56]"
collapse_ratio,40,"[40, 525, 57]",122,122,"[525, 57]"
collapse_ratio,40,"[40, 525, 58]",38,38,"[525, 58]"
collapse_ratio,40,"[40, 525, 59]",33,33,"[525, 59]"
collapse_ratio,40,"[40, 525, 60]",74,74,"[525, 60]"
collapse_ratio,40,"[40, 525, 61]",18,18,"[525, 61]"
collapse_ratio,40,"[40, 525, 62]",133,133,"[525, 62]"
collapse_ratio,40,"[40, 525, 63]",20,20,"[525, 63]"
collapse_ratio,40,"[40, 525, 64]",82,82,"[525, 64]"
collapse_ratio,40,"[40, 525, 65]",13,13,"[525, 65]"
collapse_ratio,40,"[40, 525, 67]",12,12,"[525, 67]"
collapse_ratio,40,"[40, 525, 69]",1,1,"[525, 69]"
collapse_ratio,40,"[40, 525, 71]",6,6,"[525, 71]"
collapse_ratio,40,"[40, 525, 72]",2,2,"[525, 72]"
collapse_ratio,40,"[40, 525, 73]",2,2,"[525, 73]"
collapse_ratio,40,"[40, 525, 74]",3,3,"[525, 74]"
collapse_ratio,40,"[40, 525, 75]",4,4,"[525, 75]"
collapse_ratio,40,"[40, 525, 76]",5,5,"[525, 76]"
collapse_ratio,40,"[40, 525, 77]",2,2,"[525, 77]"
collapse_ratio,40,"[40, 525, 80]",2,2,"[525, 80]"
collapse_ratio,40,"[40, 525, 81]",1,1,"[525, 81]"
collapse_ratio,40,"[40, 525, 82]",4,4,"[525, 82]"
collapse_ratio,40,"[40, 525, 83]",1,1,"[525, 83]"
collapse_ratio,40,"[40, 525, 84]",1,1,"[525, 84]"
collapse_ratio,40,"[40, 525, 85]",2,2,"[525, 85]"
collapse_ratio,40,"[40, 525, 93]",1,1,"[525, 93]"
collapse_ratio,40,"[40, 525, 95]",11,11,"[525, 95]"
collapse_ratio,40,"[40, 525, 97]",5,5,"[525, 97]"
collapse_ratio,40,"[40, 525, 130]",7,7,"[525, 130]"
collapse_ratio,40,"[40, 525, 131]",9,9,"[525, 131]"
collapse_ratio,40,"[40, 525, 132]",10,10,"[525, 132]"
collapse_ratio,40,"[40, 525, 133]",10,10,"[525, 133]"
collapse_ratio,40,"[40, 525, 134]",11,11,"[525, 134]"
collapse_ratio,40,"[40, 525, 135]",10,10,"[525, 135]"
collapse_ratio,40,"[40, 525, 136]",2,2,"[525, 136]"
collapse_ratio,40,"[40, 525, 138]",2,2,"[525, 138]"
collapse_ratio,40,"[40, 525, 140]",1,1,"[525, 140]"
collapse_ratio,40,"[40, 525, 142]",2,2,"[525, 142]"
collapse_ratio,40,"[40, 525, 146]",2,2,"[525, 146]"
collapse_ratio,40,"[40, 525, 149]",1,1,"[525, 149]"
collapse_ratio,40,"[40, 525, 150]",1,1,"[525, 150]"
collapse_ratio,40,"[40, 525, 153]",1,1,"[525, 153]"
collapse_ratio,40,"[40, 550, 29]",2,2,"[550, 29]"
collapse_ratio,40,"[40, 550, 31]",12,12,"[550, 31]"
collapse_ratio,40,"[40, 550, 32]",8,8,"[550, 32]"
collapse_ratio,40,"[40, 550, 34]",8,8,"[550, 34]"
collapse_ratio,40,"[40, 550, 35]",2,2,"[550, 35]"
collapse_ratio,40,"[40, 550, 38]",1,1,"[550, 38]"
collapse_ratio,40,"[40, 550, 39]",2,2,"[550, 39]"
collapse_ratio,40,"[40, 550, 45]",45,45,"[550, 45]"
collapse_ratio,40,"[40, 550, 46]",48,48,"[550, 46]"
collapse_ratio,40,"[40, 550, 47]",5,5,"[550, 47]"
collapse_ratio,40,"[40, 550, 48]",6,6,"[550, 48]"
collapse_ratio,40,"[40, 550, 49]",86,86,"[550, 49]"
collapse_ratio,40,"[40, 550, 50]",36,36,"[550, 50]"
collapse_ratio,40,"[40, 550, 51]",35,35,"[550, 51]"
collapse_ratio,40,"[40, 550, 52]",38,38,"[550, 52]"
collapse_ratio,40,"[40, 550, 53]",33,33,"[550, 53]"
collapse_ratio,40,"[40, 550, 54]",34,34,"[550, 54]"
collapse_ratio,40,"[40, 550, 55]",35,35,"[550, 55]"
collapse_ratio,40,"[40, 550, 56]",25,25,"[550, 56]"
collapse_ratio,40,"[40, 550, 57]",23,23,"[550, 57]"
collapse_ratio,40,"[40, 550, 58]",143,143,"[550, 58]"
collapse_ratio,40,"[40, 550, 59]",168,168,"[550, 59]"
collapse_ratio,40,"[40, 550, 60]",168,168,"[550, 60]"
collapse_ratio,40,"[40, 550, 61]",258,258,"[550, 61]"
collapse_ratio,40,"[40, 550, 62]",32,32,"[550, 62]"
collapse_ratio,40,"[40, 550, 63]",41,41,"[550, 63]"
collapse_ratio,40,"[40, 550, 64]",15,15,"[550, 64]"
collapse_ratio,40,"[40, 550, 65]",16,16,"[550, 65]"
collapse_ratio,40,"[40, 550, 66]",13,13,"[550, 66]"
collapse_ratio,40,"[40, 550, 67]",38,38,"[550, 67]"
collapse_ratio,40,"[40, 550, 68]",54,54,"[550, 68]"
collapse_ratio,40,"[40, 550, 69]",5,5,"[550, 69]"
collapse_ratio,40,"[40, 550, 70]",12,12,"[550, 70]"
collapse_ratio,40,"[40, 550, 71]",5,5,"[550, 71]"
collapse_ratio,40,"[40, 550, 73]",2,2,"[550, 73]"
collapse_ratio,40,"[40, 550, 79]",1,1,"[550, 79]"
collapse_ratio,40,"[40, 550, 80]",4,4,"[550, 80]"
collapse_ratio,40,"[40, 550, 86]",5,5,"[550, 86]"
collapse_ratio,40,"[40, 550, 97]",10,10,"[550, 97]"
collapse_ratio,40,"[40, 550, 99]",15,15,"[550, 99]"
collapse_ratio,40,"[40, 550, 101]",30,30,"[550, 101]"
collapse_ratio,40,"[40, 550, 105]",91,91,"[550, 105]"
collapse_ratio,40,"[40, 550, 134]",1,1,"[550, 134]"
collapse_ratio,40,"[40, 550, 136]",9,9,"[550, 136]"
collapse_ratio,40,"[40, 550, 137]",15,15,"[550, 137]"
collapse_ratio,40,"[40, 550, 138]",9,9,"[550, 138]"
collapse_ratio,40,"[40, 550, 139]",9,9,"[550, 139]"
collapse_ratio,40,"[40, 550, 140]",11,11,"[550, 140]"
collapse_ratio,40,"[40, 550, 141]",10,10,"[550, 141]"
collapse_ratio,40,"[40, 550, 143]",10,10,"[550, 143]"
collapse_ratio,40,"[40, 550, 144]",1,1,"[550, 144]"
collapse_ratio,40,"[40, 550, 149]",2,2,"[550, 149]"
collapse_ratio,40,"[40, 550, 151]",1,1,"[550, 151]"
collapse_ratio,40,"[40, 550, 152]",4,4,"[550, 152]"
collapse_ratio,40,"[40, 550, 153]",2,2,"[550, 153]"
collapse_ratio,40,"[40, 550, 154]",2,2,"[550, 154]"
collapse_ratio,40,"[40, 550, 155]",1,1,"[550, 155]"
collapse_ratio,40,"[40, 550, 156]",16,16,"[550, 156]"
collapse_ratio,40,"[40, 550, 157]",6,6,"[550, 157]"
collapse_ratio,40,"[40, 550, 158]",2,2,"[550, 158]"
collapse_ratio,40,"[40, 575, 25]",2,2,"[575, 25]"
collapse_ratio,40,"[40, 575, 26]",1,1,"[575, 26]"
collapse_ratio,40,"[40, 575, 28]",3,3,"[575, 28]"
collapse_ratio,40,"[40, 575, 30]",2,2,"[575, 30]"
collapse_ratio,40,"[40, 575, 32]",2,2,"[575, 32]"
collapse_ratio,40,"[40, 575, 33]",16,16,"[575, 33]"
collapse_ratio,40,"[40, 575, 35]",6,6,"[575, 35]"
collapse_ratio,40,"[40, 575, 37]",8,8,"[575, 37]"
collapse_ratio,40,"[40, 575, 38]",2,2,"[575, 38]"
collapse_ratio,40,"[40, 575, 39]",7,7,"[575, 39]"
collapse_ratio,40,"[40, 575, 41]",1,1,"[575, 41]"
collapse_ratio,40,"[40, 575, 46]",1,1,"[575, 46]"
collapse_ratio,40,"[40, 575, 47]",73,73,"[575, 47]"
collapse_ratio,40,"[40, 575, 48]",6,6,"[575, 48]"
collapse_ratio,40,"[40, 575, 49]",14,14,"[575, 49]"
collapse_ratio,40,"[40, 575, 50]",44,44,"[575, 50]"
collapse_ratio,40,"[40, 575, 51]",92,92,"[575, 51]"
collapse_ratio,40,"[40, 575, 52]",45,45,"[575, 52]"
collapse_ratio,40,"[40, 575, 53]",2,2,"[575, 53]"
collapse_ratio,40,"[40, 575, 54]",38,38,"[575, 54]"
collapse_ratio,40,"[40, 575, 55]",256,256,"[575, 55]"
collapse_ratio,40,"[40, 575, 56]",78,78,"[575, 56]"
collapse_ratio,40,"[40, 575, 57]",110,110,"[575, 57]"
collapse_ratio,40,"[40, 575, 58]",3,3,"[575, 58]"
collapse_ratio,40,"[40, 575, 59]",174,174,"[575, 59]"
collapse_ratio,40,"[40, 575, 60]",58,58,"[575, 60]"
collapse_ratio,40,"[40, 575, 61]",21,21,"[575, 61]"
collapse_ratio,40,"[40, 575, 62]",113,113,"[575, 62]"
collapse_ratio,40,"[40, 575, 63]",46,46,"[575, 63]"
collapse_ratio,40,"[40, 575, 64]",320,320,"[575, 64]"
collapse_ratio,40,"[40, 575, 65]",585,585,"[575, 65]"
collapse_ratio,40,"[40, 575, 66]",255,255,"[575, 66]"
collapse_ratio,40,"[40, 575, 67]",50,50,"[575, 67]"
collapse_ratio,40,"[40, 575, 68]",67,67,"[575, 68]"
collapse_ratio,40,"[40, 575, 69]",42,42,"[575, 69]"
collapse_ratio,40,"[40, 575, 70]",20,20,"[575, 70]"
collapse_ratio,40,"[40, 575, 71]",24,24,"[575, 71]"
collapse_ratio,40,"[40, 575, 73]",7,7,"[575, 73]"
collapse_ratio,40,"[40, 575, 74]",10,10,"[575, 74]"
collapse_ratio,40,"[40, 575, 75]",15,15,"[575, 75]"
collapse_ratio,40,"[40, 575, 83]",2,2,"[575, 83]"
collapse_ratio,40,"[40, 575, 84]",5,5,"[575, 84]"
collapse_ratio,40,"[40, 575, 103]",140,140,"[575, 103]"
collapse_ratio,40,"[40, 575, 106]",330,330,"[575, 106]"
collapse_ratio,40,"[40, 575, 109]",441,441,"[575, 109]"
collapse_ratio,40,"[40, 575, 111]",2,2,"[575, 111]"
collapse_ratio,40,"[40, 575, 142]",11,11,"[575, 142]"
collapse_ratio,40,"[40, 575, 143]",3,3,"[575, 143]"
collapse_ratio,40,"[40, 575, 144]",11,11,"[575, 144]"
collapse_ratio,40,"[40, 575, 145]",15,15,"[575, 145]"
collapse_ratio,40,"[40, 575, 146]",14,14,"[575, 146]"
collapse_ratio,40,"[40, 575, 147]",17,17,"[575, 147]"
collapse_ratio,40,"[40, 575, 148]",3,3,"[575, 148]"
collapse_ratio,40,"[40, 575, 149]",15,15,"[575, 149]"
collapse_ratio,40,"[40, 575, 150]",4,4,"[575, 150]"
collapse_ratio,40,"[40, 575, 151]",4,4,"[575, 151]"
collapse_ratio,40,"[40, 575, 152]",2,2,"[575, 152]"
collapse_ratio,40,"[40, 575, 153]",4,4,"[575, 153]"
collapse_ratio,40,"[40, 575, 154]",4,4,"[575, 154]"
collapse_ratio,40,"[40, 575, 155]",4,4,"[575, 155]"
collapse_ratio,40,"[40, 575, 156]",4,4,"[575, 156]"
collapse_ratio,40,"[40, 575, 158]",5,5,"[575, 158]"
collapse_ratio,40,"[40, 575, 159]",4,4,"[575, 159]"
collapse_ratio,40,"[40, 575, 160]",46,46,"[575, 160]"
collapse_ratio,40,"[40, 575, 161]",9,9,"[575, 161]"
collapse_ratio,40,"[40, 575, 162]",2,2,"[575, 162]"
collapse_ratio,40,"[40, 575, 163]",2,2,"[575, 163]"
collapse_ratio,40,"[40, 575, 164]",80,80,"[575, 164]"
collapse_ratio,40,"[40, 575, 165]",11,11,"[575, 165]"
collapse_ratio,40,"[40, 575, 166]",2,2,"[575, 166]"
collapse_ratio,40,"[40, 575, 168]",2,2,"[575, 168]"
collapse_ratio,40,"[40, 600, 27]",2,2,"[600, 27]"
collapse_ratio,40,"[40, 600, 31]",21,21,"[600, 31]"
collapse_ratio,40,"[40, 600, 33]",5,5,"[600, 33]"
collapse_ratio,40,"[40, 600, 35]",35,35,"[600, 35]"
collapse_ratio,40,"[40, 600, 36]",15,15,"[600, 36]"
collapse_ratio,40,"[40, 600, 37]",16,16,"[600, 37]"
collapse_ratio,40,"[40, 600, 38]",1,1,"[600, 38]"
collapse_ratio,40,"[40, 600, 39]",13,13,"[600, 39]"
collapse_ratio,40,"[40, 600, 40]",10,10,"[600, 40]"
collapse_ratio,40,"[40, 600, 41]",1,1,"[600, 41]"
collapse_ratio,40,"[40, 600, 43]",1,1,"[600, 43]"
collapse_ratio,40,"[40, 600, 44]",2,2,"[600, 44]"
collapse_ratio,40,"[40, 600, 48]",1,1,"[600, 48]"
collapse_ratio,40,"[40, 600, 49]",71,71,"[600, 49]"
collapse_ratio,40,"[40, 600, 50]",8,8,"[600, 50]"
collapse_ratio,40,"[40, 600, 51]",10,10,"[600, 51]"
collapse_ratio,40,"[40, 600, 52]",10,10,"[600, 52]"
collapse_ratio,40,"[40, 600, 53]",63,63,"[600, 53]"
collapse_ratio,40,"[40, 600, 54]",24,24,"[600, 54]"
collapse_ratio,40,"[40, 600, 55]",16,16,"[600, 55]"
collapse_ratio,40,"[40, 600, 56]",15,15,"[600, 56]"
collapse_ratio,40,"[40, 600, 57]",30,30,"[600, 57]"
collapse_ratio,40,"[40, 600, 58]",37,37,"[600, 58]"
collapse_ratio,40,"[40, 600, 59]",24,24,"[600, 59]"
collapse_ratio,40,"[40, 600, 60]",37,37,"[600, 60]"
collapse_ratio,40,"[40, 600, 61]",889,889,"[600, 61]"
collapse_ratio,40,"[40, 600, 62]",207,207,"[600, 62]"
collapse_ratio,40,"[40, 600, 63]",274,274,"[600, 63]"
collapse_ratio,40,"[40, 600, 64]",48,48,"[600, 64]"
collapse_ratio,40,"[40, 600, 65]",140,140,"[600, 65]"
collapse_ratio,40,"[40, 600, 66]",115,115,"[600, 66]"
collapse_ratio,40,"[40, 600, 67]",11,11,"[600, 67]"
collapse_ratio,40,"[40, 600, 68]",86,86,"[600, 68]"
collapse_ratio,40,"[40, 600, 69]",175,175,"[600, 69]"
collapse_ratio,40,"[40, 600, 70]",246,246,"[600, 70]"
collapse_ratio,40,"[40, 600, 71]",240,240,"[600, 71]"
collapse_ratio,40,"[40, 600, 72]",103,103,"[600, 72]"
collapse_ratio,40,"[40, 600, 73]",86,86,"[600, 73]"
collapse_ratio,40,"[40, 600, 74]",33,33,"[600, 74]"
collapse_ratio,40,"[40, 600, 78]",2,2,"[600, 78]"
collapse_ratio,40,"[40, 600, 80]",1,1,"[600, 80]"
collapse_ratio,40,"[40, 600, 87]",1,1,"[600, 87]"
collapse_ratio,40,"[40, 600, 89]",1,1,"[600, 89]"
collapse_ratio,40,"[40, 600, 90]",9,9,"[600, 90]"
collapse_ratio,40,"[40, 600, 99]",3,3,"[600, 99]"
collapse_ratio,40,"[40, 600, 106]",54,54,"[600, 106]"
collapse_ratio,40,"[40, 600, 112]",14,14,"[600, 112]"
collapse_ratio,40,"[40, 600, 113]",3,3,"[600, 113]"
collapse_ratio,40,"[40, 600, 114]",253,253,"[600, 114]"
collapse_ratio,40,"[40, 600, 115]",173,173,"[600, 115]"
collapse_ratio,40,"[40, 600, 121]",2,2,"[600, 121]"
collapse_ratio,40,"[40, 600, 148]",13,13,"[600, 148]"
collapse_ratio,40,"[40, 600, 149]",8,8,"[600, 149]"
collapse_ratio,40,"[40, 600, 150]",15,15,"[600, 150]"
collapse_ratio,40,"[40, 600, 151]",17,17,"[600, 151]"
collapse_ratio,40,"[40, 600, 152]",13,13,"[600, 152]"
collapse_ratio,40,"[40, 600, 153]",12,12,"[600, 153]"
collapse_ratio,40,"[40, 600, 154]",8,8,"[600, 154]"
collapse_ratio,40,"[40, 600, 155]",15,15,"[600, 155]"
collapse_ratio,40,"[40, 600, 156]",6,6,"[600, 156]"
collapse_ratio,40,"[40, 600, 157]",10,10,"[600, 157]"
collapse_ratio,40,"[40, 600, 158]",4,4,"[600, 158]"
collapse_ratio,40,"[40, 600, 159]",1,1,"[600, 159]"
collapse_ratio,40,"[40, 600, 160]",9,9,"[600, 160]"
collapse_ratio,40,"[40, 600, 162]",6,6,"[600, 162]"
collapse_ratio,40,"[40, 600, 168]",112,112,"[600, 168]"
collapse_ratio,40,"[40, 600, 169]",7,7,"[600, 169]"
collapse_ratio,40,"[40, 600, 170]",2,2,"[600, 170]"
collapse_ratio,40,"[40, 600, 171]",1,1,"[600, 171]"
collapse_ratio,40,"[40, 600, 172]",145,145,"[600, 172]"
collapse_ratio,40,"[40, 600, 173]",11,11,"[600, 173]"
collapse_ratio,40,"[40, 600, 175]",1,1,"[600, 175]"
collapse_ratio,40,"[40, 600, 176]",2,2,"[600, 176]"
collapse_ratio,40,"[40, 625, 30]",4,4,"[625, 30]"
collapse_ratio,40,"[40, 625, 32]",11,11,"[625, 32]"
collapse_ratio,40,"[40, 625, 33]",29,29,"[625, 33]"
collapse_ratio,40,"[40, 625, 34]",37,37,"[625, 34]"
collapse_ratio,40,"[40, 625, 35]",9,9,"[625, 35]"
collapse_ratio,40,"[40, 625, 36]",5,5,"[625, 36]"
collapse_ratio,40,"[40, 625, 37]",102,102,"[625, 37]"
collapse_ratio,40,"[40, 625, 38]",22,22,"[625, 38]"
collapse_ratio,40,"[40, 625, 40]",3,3,"[625, 40]"
collapse_ratio,40,"[40, 625, 42]",48,48,"[625, 42]"
collapse_ratio,40,"[40, 625, 44]",1,1,"[625, 44]"
collapse_ratio,40,"[40, 625, 46]",2,2,"[625, 46]"
collapse_ratio,40,"[40, 625, 47]",1,1,"[625, 47]"
collapse_ratio,40,"[40, 625, 50]",1,1,"[625, 50]"
collapse_ratio,40,"[40, 625, 51]",349,349,"[625, 51]"
collapse_ratio,40,"[40, 625, 52]",18,18,"[625, 52]"
collapse_ratio,40,"[40, 625, 53]",10,10,"[625, 53]"
collapse_ratio,40,"[40, 625, 54]",22,22,"[625, 54]"
collapse_ratio,40,"[40, 625, 55]",13,13,"[625, 55]"
collapse_ratio,40,"[40, 625, 56]",1,1,"[625, 56]"
collapse_ratio,40,"[40, 625, 57]",11,11,"[625, 57]"
collapse_ratio,40,"[40, 625, 58]",10,10,"[625, 58]"
collapse_ratio,40,"[40, 625, 59]",40,40,"[625, 59]"
collapse_ratio,40,"[40, 625, 60]",41,41,"[625, 60]"
collapse_ratio,40,"[40, 625, 61]",1,1,"[625, 61]"
collapse_ratio,40,"[40, 625, 62]",7,7,"[625, 62]"
collapse_ratio,40,"[40, 625, 63]",1,1,"[625, 63]"
collapse_ratio,40,"[40, 625, 64]",246,246,"[625, 64]"
collapse_ratio,40,"[40, 625, 65]",2,2,"[625, 65]"
collapse_ratio,40,"[40, 625, 66]",525,525,"[625, 66]"
collapse_ratio,40,"[40, 625, 67]",62,62,"[625, 67]"
collapse_ratio,40,"[40, 625, 68]",182,182,"[625, 68]"
collapse_ratio,40,"[40, 625, 69]",39,39,"[625, 69]"
collapse_ratio,40,"[40, 625, 70]",78,78,"[625, 70]"
collapse_ratio,40,"[40, 625, 71]",9,9,"[625, 71]"
collapse_ratio,40,"[40, 625, 72]",9,9,"[625, 72]"
collapse_ratio,40,"[40, 625, 74]",100,100,"[625, 74]"
collapse_ratio,40,"[40, 625, 75]",86,86,"[625, 75]"
collapse_ratio,40,"[40, 625, 76]",31,31,"[625, 76]"
collapse_ratio,40,"[40, 625, 77]",111,111,"[625, 77]"
collapse_ratio,40,"[40, 625, 78]",36,36,"[625, 78]"
collapse_ratio,40,"[40, 625, 79]",1,1,"[625, 79]"
collapse_ratio,40,"[40, 625, 81]",12,12,"[625, 81]"
collapse_ratio,40,"[40, 625, 83]",48,48,"[625, 83]"
collapse_ratio,40,"[40, 625, 93]",17,17,"[625, 93]"
collapse_ratio,40,"[40, 625, 94]",1,1,"[625, 94]"
collapse_ratio,40,"[40, 625, 99]",20,20,"[625, 99]"
collapse_ratio,40,"[40, 625, 107]",1,1,"[625, 107]"
collapse_ratio,40,"[40, 625, 110]",1,1,"[625, 110]"
collapse_ratio,40,"[40, 625, 118]",108,108,"[625, 118]"
collapse_ratio,40,"[40, 625, 119]",3,3,"[625, 119]"
collapse_ratio,40,"[40, 625, 120]",120,120,"[625, 120]"
collapse_ratio,40,"[40, 625, 124]",55,55,"[625, 124]"
collapse_ratio,40,"[40, 625, 126]",1,1,"[625, 126]"
collapse_ratio,40,"[40, 625, 154]",6,6,"[625, 154]"
collapse_ratio,40,"[40, 625, 156]",7,7,"[625, 156]"
collapse_ratio,40,"[40, 625, 157]",5,5,"[625, 157]"
collapse_ratio,40,"[40, 625, 158]",4,4,"[625, 158]"
collapse_ratio,40,"[40, 625, 159]",4,4,"[625, 159]"
collapse_ratio,40,"[40, 625, 161]",5,5,"[625, 161]"
collapse_ratio,40,"[40, 625, 174]",1,1,"[625, 174]"
collapse_ratio,40,"[40, 625, 175]",2,2,"[625, 175]"
collapse_ratio,40,"[40, 625, 176]",132,132,"[625, 176]"
collapse_ratio,40,"[40, 625, 177]",7,7,"[625, 177]"
collapse_ratio,40,"[40, 625, 179]",2,2,"[625, 179]"
collapse_ratio,40,"[40, 625, 180]",1,1,"[625, 180]"
collapse_ratio,40,"[40, 625, 181]",11,11,"[625, 181]"
collapse_ratio,40,"[40, 625, 183]",7,7,"[625, 183]"
collapse_ratio,40,"[40, 625, 185]",1,1,"[625, 185]"
collapse_ratio,40,"[40, 625, 187]",1,1,"[625, 187]"
collapse_ratio,40,"[40, 625, 190]",1,1,"[625, 190]"
collapse_ratio,40,"[40, 650, 32]",8,8,"[650, 32]"
collapse_ratio,40,"[40, 650, 34]",2,2,"[650, 34]"
collapse_ratio,40,"[40, 650, 36]",40,40,"[650, 36]"
collapse_ratio,40,"[40, 650, 38]",37,37,"[650, 38]"
collapse_ratio,40,"[40, 650, 39]",13,13,"[650, 39]"
collapse_ratio,40,"[40, 650, 40]",136,136,"[650, 40]"
collapse_ratio,40,"[40, 650, 41]",44,44,"[650, 41]"
collapse_ratio,40,"[40, 650, 42]",1,1,"[650, 42]"
collapse_ratio,40,"[40, 650, 43]",13,13,"[650, 43]"
collapse_ratio,40,"[40, 650, 44]",31,31,"[650, 44]"
collapse_ratio,40,"[40, 650, 45]",3,3,"[650, 45]"
collapse_ratio,40,"[40, 650, 46]",1,1,"[650, 46]"
collapse_ratio,40,"[40, 650, 48]",13,13,"[650, 48]"
collapse_ratio,40,"[40, 650, 49]",6,6,"[650, 49]"
collapse_ratio,40,"[40, 650, 53]",65,65,"[650, 53]"
collapse_ratio,40,"[40, 650, 54]",10,10,"[650, 54]"
collapse_ratio,40,"[40, 650, 55]",7,7,"[650, 55]"
collapse_ratio,40,"[40, 650, 56]",12,12,"[650, 56]"
collapse_ratio,40,"[40, 650, 57]",126,126,"[650, 57]"
collapse_ratio,40,"[40, 650, 58]",1,1,"[650, 58]"
collapse_ratio,40,"[40, 650, 59]",2,2,"[650, 59]"
collapse_ratio,40,"[40, 650, 60]",1,1,"[650, 60]"
collapse_ratio,40,"[40, 650, 61]",84,84,"[650, 61]"
collapse_ratio,40,"[40, 650, 63]",6,6,"[650, 63]"
collapse_ratio,40,"[40, 650, 64]",153,153,"[650, 64]"
collapse_ratio,40,"[40, 650, 65]",53,53,"[650, 65]"
collapse_ratio,40,"[40, 650, 66]",20,20,"[650, 66]"
collapse_ratio,40,"[40, 650, 67]",42,42,"[650, 67]"
collapse_ratio,40,"[40, 650, 68]",7,7,"[650, 68]"
collapse_ratio,40,"[40, 650, 69]",9,9,"[650, 69]"
collapse_ratio,40,"[40, 650, 72]",69,69,"[650, 72]"
collapse_ratio,40,"[40, 650, 73]",3,3,"[650, 73]"
collapse_ratio,40,"[40, 650, 75]",12,12,"[650, 75]"
collapse_ratio,40,"[40, 650, 76]",21,21,"[650, 76]"
collapse_ratio,40,"[40, 650, 77]",10,10,"[650, 77]"
collapse_ratio,40,"[40, 650, 78]",41,41,"[650, 78]"
collapse_ratio,40,"[40, 650, 80]",3,3,"[650, 80]"
collapse_ratio,40,"[40, 650, 81]",139,139,"[650, 81]"
collapse_ratio,40,"[40, 650, 82]",12,12,"[650, 82]"
collapse_ratio,40,"[40, 650, 87]",27,27,"[650, 87]"
collapse_ratio,40,"[40, 650, 88]",1,1,"[650, 88]"
collapse_ratio,40,"[40, 650, 93]",1,1,"[650, 93]"
collapse_ratio,40,"[40, 650, 112]",2,2,"[650, 112]"
collapse_ratio,40,"[40, 650, 114]",1,1,"[650, 114]"
collapse_ratio,40,"[40, 650, 130]",1,1,"[650, 130]"
collapse_ratio,40,"[40, 650, 158]",1,1,"[650, 158]"
collapse_ratio,40,"[40, 650, 159]",2,2,"[650, 159]"
collapse_ratio,40,"[40, 650, 160]",5,5,"[650, 160]"
collapse_ratio,40,"[40, 650, 162]",4,4,"[650, 162]"
collapse_ratio,40,"[40, 650, 163]",7,7,"[650, 163]"
collapse_ratio,40,"[40, 650, 164]",2,2,"[650, 164]"
collapse_ratio,40,"[40, 650, 165]",6,6,"[650, 165]"
collapse_ratio,40,"[40, 650, 167]",5,5,"[650, 167]"
collapse_ratio,40,"[40, 650, 178]",1,1,"[650, 178]"
collapse_ratio,40,"[40, 650, 179]",6,6,"[650, 179]"
collapse_ratio,40,"[40, 650, 180]",128,128,"[650, 180]"
collapse_ratio,40,"[40, 650, 182]",3,3,"[650, 182]"
collapse_ratio,40,"[40, 650, 183]",6,6,"[650, 183]"
collapse_ratio,40,"[40, 650, 184]",114,114,"[650, 184]"
collapse_ratio,40,"[40, 650, 185]",22,22,"[650, 185]"
collapse_ratio,40,"[40, 650, 186]",15,15,"[650, 186]"
collapse_ratio,40,"[40, 650, 187]",23,23,"[650, 187]"
collapse_ratio,40,"[40, 650, 188]",9,9,"[650, 188]"
collapse_ratio,40,"[40, 650, 189]",19,19,"[650, 189]"
collapse_ratio,40,"[40, 650, 190]",80,80,"[650, 190]"
collapse_ratio,40,"[40, 650, 191]",8,8,"[650, 191]"
collapse_ratio,40,"[40, 650, 193]",3,3,"[650, 193]"
collapse_ratio,40,"[40, 650, 194]",3,3,"[650, 194]"
collapse_ratio,40,"[40, 650, 195]",1,1,"[650, 195]"
collapse_ratio,40,"[40, 650, 197]",1,1,"[650, 197]"
collapse_ratio,40,"[40, 650, 198]",6,6,"[650, 198]"
collapse_ratio,40,"[40, 675, 31]",8,8,"[675, 31]"
collapse_ratio,40,"[40, 675, 33]",1,1,"[675, 33]"
collapse_ratio,40,"[40, 675, 35]",8,8,"[675, 35]"
collapse_ratio,40,"[40, 675, 37]",8,8,"[675, 37]"
collapse_ratio,40,"[40, 675, 39]",212,212,"[675, 39]"
collapse_ratio,40,"[40, 675, 41]",37,37,"[675, 41]"
collapse_ratio,40,"[40, 675, 43]",38,38,"[675, 43]"
collapse_ratio,40,"[40, 675, 44]",4,4,"[675, 44]"
collapse_ratio,40,"[40, 675, 45]",5,5,"[675, 45]"
collapse_ratio,40,"[40, 675, 46]",149,149,"[675, 46]"
collapse_ratio,40,"[40, 675, 47]",21,21,"[675, 47]"
collapse_ratio,40,"[40, 675, 48]",2,2,"[675, 48]"
collapse_ratio,40,"[40, 675, 49]",1,1,"[675, 49]"
collapse_ratio,40,"[40, 675, 50]",1,1,"[675, 50]"
collapse_ratio,40,"[40, 675, 55]",54,54,"[675, 55]"
collapse_ratio,40,"[40, 675, 56]",51,51,"[675, 56]"
collapse_ratio,40,"[40, 675, 57]",32,32,"[675, 57]"
collapse_ratio,40,"[40, 675, 58]",43,43,"[675, 58]"
collapse_ratio,40,"[40, 675, 59]",74,74,"[675, 59]"
collapse_ratio,40,"[40, 675, 60]",7,7,"[675, 60]"
collapse_ratio,40,"[40, 675, 61]",15,15,"[675, 61]"
collapse_ratio,40,"[40, 675, 62]",7,7,"[675, 62]"
collapse_ratio,40,"[40, 675, 63]",128,128,"[675, 63]"
collapse_ratio,40,"[40, 675, 64]",1,1,"[675, 64]"
collapse_ratio,40,"[40, 675, 65]",38,38,"[675, 65]"
collapse_ratio,40,"[40, 675, 66]",21,21,"[675, 66]"
collapse_ratio,40,"[40, 675, 67]",29,29,"[675, 67]"
collapse_ratio,40,"[40, 675, 68]",1,1,"[675, 68]"
collapse_ratio,40,"[40, 675, 69]",148,148,"[675, 69]"
collapse_ratio,40,"[40, 675, 70]",315,315,"[675, 70]"
collapse_ratio,40,"[40, 675, 71]",185,185,"[675, 71]"
collapse_ratio,40,"[40, 675, 72]",24,24,"[675, 72]"
collapse_ratio,40,"[40, 675, 74]",6,6,"[675, 74]"
collapse_ratio,40,"[40, 675, 75]",3,3,"[675, 75]"
collapse_ratio,40,"[40, 675, 76]",1,1,"[675, 76]"
collapse_ratio,40,"[40, 675, 77]",139,139,"[675, 77]"
collapse_ratio,40,"[40, 675, 78]",4,4,"[675, 78]"
collapse_ratio,40,"[40, 675, 93]",3,3,"[675, 93]"
collapse_ratio,40,"[40, 675, 96]",3,3,"[675, 96]"
collapse_ratio,40,"[40, 675, 98]",3,3,"[675, 98]"
collapse_ratio,40,"[40, 675, 99]",1,1,"[675, 99]"
collapse_ratio,40,"[40, 675, 104]",1,1,"[675, 104]"
collapse_ratio,40,"[40, 675, 116]",2,2,"[675, 116]"
collapse_ratio,40,"[40, 675, 165]",13,13,"[675, 165]"
collapse_ratio,40,"[40, 675, 166]",2,2,"[675, 166]"
collapse_ratio,40,"[40, 675, 168]",3,3,"[675, 168]"
collapse_ratio,40,"[40, 675, 169]",2,2,"[675, 169]"
collapse_ratio,40,"[40, 675, 171]",3,3,"[675, 171]"
collapse_ratio,40,"[40, 675, 172]",3,3,"[675, 172]"
collapse_ratio,40,"[40, 675, 173]",3,3,"[675, 173]"
collapse_ratio,40,"[40, 675, 177]",2,2,"[675, 177]"
collapse_ratio,40,"[40, 675, 181]",4,4,"[675, 181]"
collapse_ratio,40,"[40, 675, 183]",2,2,"[675, 183]"
collapse_ratio,40,"[40, 675, 184]",1,1,"[675, 184]"
collapse_ratio,40,"[40, 675, 185]",3,3,"[675, 185]"
collapse_ratio,40,"[40, 675, 186]",7,7,"[675, 186]"
collapse_ratio,40,"[40, 675, 187]",8,8,"[675, 187]"
collapse_ratio,40,"[40, 675, 188]",127,127,"[675, 188]"
collapse_ratio,40,"[40, 675, 189]",17,17,"[675, 189]"
collapse_ratio,40,"[40, 675, 190]",4,4,"[675, 190]"
collapse_ratio,40,"[40, 675, 191]",53,53,"[675, 191]"
collapse_ratio,40,"[40, 675, 192]",171,171,"[675, 192]"
collapse_ratio,40,"[40, 675, 193]",65,65,"[675, 193]"
collapse_ratio,40,"[40, 675, 194]",238,238,"[675, 194]"
collapse_ratio,40,"[40, 675, 195]",129,129,"[675, 195]"
collapse_ratio,40,"[40, 675, 196]",24,24,"[675, 196]"
collapse_ratio,40,"[40, 675, 197]",85,85,"[675, 197]"
collapse_ratio,40,"[40, 675, 199]",41,41,"[675, 199]"
collapse_ratio,40,"[40, 675, 200]",6,6,"[675, 200]"
collapse_ratio,40,"[40, 675, 201]",17,17,"[675, 201]"
collapse_ratio,40,"[40, 675, 202]",10,10,"[675, 202]"
collapse_ratio,40,"[40, 675, 203]",1,1,"[675, 203]"
collapse_ratio,40,"[40, 675, 205]",1,1,"[675, 205]"
collapse_ratio,40,"[40, 700, 30]",1,1,"[700, 30]"
collapse_ratio,40,"[40, 700, 34]",5,5,"[700, 34]"
collapse_ratio,40,"[40, 700, 36]",12,12,"[700, 36]"
collapse_ratio,40,"[40, 700, 38]",145,145,"[700, 38]"
collapse_ratio,40,"[40, 700, 39]",17,17,"[700, 39]"
collapse_ratio,40,"[40, 700, 41]",130,130,"[700, 41]"
collapse_ratio,40,"[40, 700, 42]",119,119,"[700, 42]"
collapse_ratio,40,"[40, 700, 43]",22,22,"[700, 43]"
collapse_ratio,40,"[40, 700, 45]",202,202,"[700, 45]"
collapse_ratio,40,"[40, 700, 47]",17,17,"[700, 47]"
collapse_ratio,40,"[40, 700, 49]",15,15,"[700, 49]"
collapse_ratio,40,"[40, 700, 51]",1,1,"[700, 51]"
collapse_ratio,40,"[40, 700, 52]",10,10,"[700, 52]"
collapse_ratio,40,"[40, 700, 53]",5,5,"[700, 53]"
collapse_ratio,40,"[40, 700, 57]",37,37,"[700, 57]"
collapse_ratio,40,"[40, 700, 60]",42,42,"[700, 60]"
collapse_ratio,40,"[40, 700, 61]",33,33,"[700, 61]"
collapse_ratio,40,"[40, 700, 62]",34,34,"[700, 62]"
collapse_ratio,40,"[40, 700, 63]",59,59,"[700, 63]"
collapse_ratio,40,"[40, 700, 64]",13,13,"[700, 64]"
collapse_ratio,40,"[40, 700, 65]",32,32,"[700, 65]"
collapse_ratio,40,"[40, 700, 66]",1,1,"[700, 66]"
collapse_ratio,40,"[40, 700, 67]",25,25,"[700, 67]"
collapse_ratio,40,"[40, 700, 68]",82,82,"[700, 68]"
collapse_ratio,40,"[40, 700, 69]",60,60,"[700, 69]"
collapse_ratio,40,"[40, 700, 70]",23,23,"[700, 70]"
collapse_ratio,40,"[40, 700, 71]",14,14,"[700, 71]"
collapse_ratio,40,"[40, 700, 72]",12,12,"[700, 72]"
collapse_ratio,40,"[40, 700, 75]",51,51,"[700, 75]"
collapse_ratio,40,"[40, 700, 76]",17,17,"[700, 76]"
collapse_ratio,40,"[40, 700, 78]",34,34,"[700, 78]"
collapse_ratio,40,"[40, 700, 79]",2,2,"[700, 79]"
collapse_ratio,40,"[40, 700, 80]",3,3,"[700, 80]"
collapse_ratio,40,"[40, 700, 81]",5,5,"[700, 81]"
collapse_ratio,40,"[40, 700, 82]",29,29,"[700, 82]"
collapse_ratio,40,"[40, 700, 83]",64,64,"[700, 83]"
collapse_ratio,40,"[40, 700, 84]",18,18,"[700, 84]"
collapse_ratio,40,"[40, 700, 86]",5,5,"[700, 86]"
collapse_ratio,40,"[40, 700, 89]",32,32,"[700, 89]"
collapse_ratio,40,"[40, 700, 112]",2,2,"[700, 112]"
collapse_ratio,40,"[40, 700, 120]",1,1,"[700, 120]"
collapse_ratio,40,"[40, 700, 175]",1,1,"[700, 175]"
collapse_ratio,40,"[40, 700, 176]",1,1,"[700, 176]"
collapse_ratio,40,"[40, 700, 179]",1,1,"[700, 179]"
collapse_ratio,40,"[40, 700, 180]",1,1,"[700, 180]"
collapse_ratio,40,"[40, 700, 185]",2,2,"[700, 185]"
collapse_ratio,40,"[40, 700, 187]",6,6,"[700, 187]"
collapse_ratio,40,"[40, 700, 188]",1,1,"[700, 188]"
collapse_ratio,40,"[40, 700, 189]",5,5,"[700, 189]"
collapse_ratio,40,"[40, 700, 190]",6,6,"[700, 190]"
collapse_ratio,40,"[40, 700, 191]",16,16,"[700, 191]"
collapse_ratio,40,"[40, 700, 192]",1,1,"[700, 192]"
collapse_ratio,40,"[40, 700, 193]",13,13,"[700, 193]"
collapse_ratio,40,"[40, 700, 194]",17,17,"[700, 194]"
collapse_ratio,40,"[40, 700, 195]",12,12,"[700, 195]"
collapse_ratio,40,"[40, 700, 196]",195,195,"[700, 196]"
collapse_ratio,40,"[40, 700, 197]",36,36,"[700, 197]"
collapse_ratio,40,"[40, 700, 198]",529,529,"[700, 198]"
collapse_ratio,40,"[40, 700, 199]",192,192,"[700, 199]"
collapse_ratio,40,"[40, 700, 200]",110,110,"[700, 200]"
collapse_ratio,40,"[40, 700, 201]",165,165,"[700, 201]"
collapse_ratio,40,"[40, 700, 202]",950,950,"[700, 202]"
collapse_ratio,40,"[40, 700, 203]",232,232,"[700, 203]"
collapse_ratio,40,"[40, 700, 204]",202,202,"[700, 204]"
collapse_ratio,40,"[40, 700, 205]",70,70,"[700, 205]"
collapse_ratio,40,"[40, 700, 206]",26,26,"[700, 206]"
collapse_ratio,40,"[40, 700, 207]",12,12,"[700, 207]"
collapse_ratio,40,"[40, 700, 208]",57,57,"[700, 208]"
collapse_ratio,40,"[40, 700, 209]",1,1,"[700, 209]"
collapse_ratio,40,"[40, 700, 210]",21,21,"[700, 210]"
collapse_ratio,40,"[40, 700, 211]",1,1,"[700, 211]"
collapse_ratio,40,"[40, 700, 213]",1,1,"[700, 213]"
collapse_ratio,40,"[40, 725, 33]",6,6,"[725, 33]"
collapse_ratio,40,"[40, 725, 35]",1,1,"[725, 35]"
collapse_ratio,40,"[40, 725, 37]",85,85,"[725, 37]"
collapse_ratio,40,"[40, 725, 40]",106,106,"[725, 40]"
collapse_ratio,40,"[40, 725, 42]",53,53,"[725, 42]"
collapse_ratio,40,"[40, 725, 44]",582,582,"[725, 44]"
collapse_ratio,40,"[40, 725, 46]",3,3,"[725, 46]"
collapse_ratio,40,"[40, 725, 47]",107,107,"[725, 47]"
collapse_ratio,40,"[40, 725, 48]",138,138,"[725, 48]"
collapse_ratio,40,"[40, 725, 49]",26,26,"[725, 49]"
collapse_ratio,40,"[40, 725, 50]",1,1,"[725, 50]"
collapse_ratio,40,"[40, 725, 51]",79,79,"[725, 51]"
collapse_ratio,40,"[40, 725, 53]",1,1,"[725, 53]"
collapse_ratio,40,"[40, 725, 55]",1,1,"[725, 55]"
collapse_ratio,40,"[40, 725, 58]",2,2,"[725, 58]"
collapse_ratio,40,"[40, 725, 59]",182,182,"[725, 59]"
collapse_ratio,40,"[40, 725, 60]",16,16,"[725, 60]"
collapse_ratio,40,"[40, 725, 61]",2,2,"[725, 61]"
collapse_ratio,40,"[40, 725, 62]",3,3,"[725, 62]"
collapse_ratio,40,"[40, 725, 65]",124,124,"[725, 65]"
collapse_ratio,40,"[40, 725, 66]",32,32,"[725, 66]"
collapse_ratio,40,"[40, 725, 67]",1,1,"[725, 67]"
collapse_ratio,40,"[40, 725, 68]",28,28,"[725, 68]"
collapse_ratio,40,"[40, 725, 69]",22,22,"[725, 69]"
collapse_ratio,40,"[40, 725, 70]",54,54,"[725, 70]"
collapse_ratio,40,"[40, 725, 71]",9,9,"[725, 71]"
collapse_ratio,40,"[40, 725, 73]",23,23,"[725, 73]"
collapse_ratio,40,"[40, 725, 74]",24,24,"[725, 74]"
collapse_ratio,40,"[40, 725, 75]",18,18,"[725, 75]"
collapse_ratio,40,"[40, 725, 76]",4,4,"[725, 76]"
collapse_ratio,40,"[40, 725, 77]",3,3,"[725, 77]"
collapse_ratio,40,"[40, 725, 80]",1,1,"[725, 80]"
collapse_ratio,40,"[40, 725, 84]",34,34,"[725, 84]"
collapse_ratio,40,"[40, 725, 85]",2,2,"[725, 85]"
collapse_ratio,40,"[40, 725, 87]",2,2,"[725, 87]"
collapse_ratio,40,"[40, 725, 88]",6,6,"[725, 88]"
collapse_ratio,40,"[40, 725, 116]",1,1,"[725, 116]"
collapse_ratio,40,"[40, 725, 198]",11,11,"[725, 198]"
collapse_ratio,40,"[40, 725, 199]",19,19,"[725, 199]"
collapse_ratio,40,"[40, 725, 200]",196,196,"[725, 200]"
collapse_ratio,40,"[40, 725, 201]",5,5,"[725, 201]"
collapse_ratio,40,"[40, 725, 203]",21,21,"[725, 203]"
collapse_ratio,40,"[40, 725, 204]",62,62,"[725, 204]"
collapse_ratio,40,"[40, 725, 205]",89,89,"[725, 205]"
collapse_ratio,40,"[40, 725, 206]",1474,1474,"[725, 206]"
collapse_ratio,40,"[40, 725, 207]",403,403,"[725, 207]"
collapse_ratio,40,"[40, 725, 208]",382,382,"[725, 208]"
collapse_ratio,40,"[40, 725, 209]",234,234,"[725, 209]"
collapse_ratio,40,"[40, 725, 210]",38,38,"[725, 210]"
collapse_ratio,40,"[40, 725, 211]",103,103,"[725, 211]"
collapse_ratio,40,"[40, 725, 212]",134,134,"[725, 212]"
collapse_ratio,40,"[40, 725, 213]",135,135,"[725, 213]"
collapse_ratio,40,"[40, 725, 214]",29,29,"[725, 214]"
collapse_ratio,40,"[40, 725, 215]",23,23,"[725, 215]"
collapse_ratio,40,"[40, 725, 217]",38,38,"[725, 217]"
collapse_ratio,40,"[40, 725, 218]",39,39,"[725, 218]"
collapse_ratio,40,"[40, 725, 219]",1,1,"[725, 219]"
collapse_ratio,40,"[40, 725, 224]",1,1,"[725, 224]"
collapse_ratio,40,"[40, 750, 36]",57,57,"[750, 36]"
collapse_ratio,40,"[40, 750, 37]",2,2,"[750, 37]"
collapse_ratio,40,"[40, 750, 39]",21,21,"[750, 39]"
collapse_ratio,40,"[40, 750, 41]",11,11,"[750, 41]"
collapse_ratio,40,"[40, 750, 43]",680,680,"[750, 43]"
collapse_ratio,40,"[40, 750, 45]",47,47,"[750, 45]"
collapse_ratio,40,"[40, 750, 46]",263,263,"[750, 46]"
collapse_ratio,40,"[40, 750, 48]",2,2,"[750, 48]"
collapse_ratio,40,"[40, 750, 50]",577,577,"[750, 50]"
collapse_ratio,40,"[40, 750, 51]",32,32,"[750, 51]"
collapse_ratio,40,"[40, 750, 53]",15,15,"[750, 53]"
collapse_ratio,40,"[40, 750, 54]",11,11,"[750, 54]"
collapse_ratio,40,"[40, 750, 55]",3,3,"[750, 55]"
collapse_ratio,40,"[40, 750, 57]",6,6,"[750, 57]"
collapse_ratio,40,"[40, 750, 61]",28,28,"[750, 61]"
collapse_ratio,40,"[40, 750, 63]",10,10,"[750, 63]"
collapse_ratio,40,"[40, 750, 64]",35,35,"[750, 64]"
collapse_ratio,40,"[40, 750, 66]",3,3,"[750, 66]"
collapse_ratio,40,"[40, 750, 67]",61,61,"[750, 67]"
collapse_ratio,40,"[40, 750, 68]",21,21,"[750, 68]"
collapse_ratio,40,"[40, 750, 69]",39,39,"[750, 69]"
collapse_ratio,40,"[40, 750, 71]",102,102,"[750, 71]"
collapse_ratio,40,"[40, 750, 72]",114,114,"[750, 72]"
collapse_ratio,40,"[40, 750, 73]",4,4,"[750, 73]"
collapse_ratio,40,"[40, 750, 74]",1,1,"[750, 74]"
collapse_ratio,40,"[40, 750, 75]",6,6,"[750, 75]"
collapse_ratio,40,"[40, 750, 77]",6,6,"[750, 77]"
collapse_ratio,40,"[40, 750, 78]",12,12,"[750, 78]"
collapse_ratio,40,"[40, 750, 79]",3,3,"[750, 79]"
collapse_ratio,40,"[40, 750, 80]",1,1,"[750, 80]"
collapse_ratio,40,"[40, 750, 81]",3,3,"[750, 81]"
collapse_ratio,40,"[40, 750, 86]",2,2,"[750, 86]"
collapse_ratio,40,"[40, 750, 89]",4,4,"[750, 89]"
collapse_ratio,40,"[40, 750, 90]",24,24,"[750, 90]"
collapse_ratio,40,"[40, 750, 95]",3,3,"[750, 95]"
collapse_ratio,40,"[40, 750, 96]",15,15,"[750, 96]"
collapse_ratio,40,"[40, 750, 99]",2,2,"[750, 99]"
collapse_ratio,40,"[40, 750, 105]",4,4,"[750, 105]"
collapse_ratio,40,"[40, 750, 106]",2,2,"[750, 106]"
collapse_ratio,40,"[40, 750, 108]",2,2,"[750, 108]"
collapse_ratio,40,"[40, 750, 111]",3,3,"[750, 111]"
collapse_ratio,40,"[40, 750, 122]",2,2,"[750, 122]"
collapse_ratio,40,"[40, 750, 132]",1,1,"[750, 132]"
collapse_ratio,40,"[40, 750, 207]",20,20,"[750, 207]"
collapse_ratio,40,"[40, 750, 209]",8,8,"[750, 209]"
collapse_ratio,40,"[40, 750, 210]",4,4,"[750, 210]"
collapse_ratio,40,"[40, 750, 212]",72,72,"[750, 212]"
collapse_ratio,40,"[40, 750, 213]",1355,1355,"[750, 213]"
collapse_ratio,40,"[40, 750, 214]",150,150,"[750, 214]"
collapse_ratio,40,"[40, 750, 215]",88,88,"[750, 215]"
collapse_ratio,40,"[40, 750, 216]",199,199,"[750, 216]"
collapse_ratio,40,"[40, 750, 219]",2000,5204,"[750, 219]"
collapse_ratio,40,"[40, 750, 220]",296,296,"[750, 220]"
collapse_ratio,40,"[40, 750, 221]",478,478,"[750, 221]"
collapse_ratio,40,"[40, 750, 222]",119,119,"[750, 222]"
collapse_ratio,40,"[40, 750, 225]",5,5,"[750, 225]"
collapse_ratio,40,"[40, 750, 226]",47,47,"[750, 226]"
collapse_ratio,40,"[40, 750, 227]",135,135,"[750, 227]"
collapse_ratio,40,"[40, 750, 228]",10,10,"[750, 228]"
collapse_ratio,40,"[40, 750, 233]",1,1,"[750, 233]"
collapse_ratio,40,"[40, 775, 35]",10,10,"[775, 35]"
collapse_ratio,40,"[40, 775, 38]",60,60,"[775, 38]"
collapse_ratio,40,"[40, 775, 40]",19,19,"[775, 40]"
collapse_ratio,40,"[40, 775, 42]",425,425,"[775, 42]"
collapse_ratio,40,"[40, 775, 43]",66,66,"[775, 43]"
collapse_ratio,40,"[40, 775, 45]",399,399,"[775, 45]"
collapse_ratio,40,"[40, 775, 47]",176,176,"[775, 47]"
collapse_ratio,40,"[40, 775, 49]",639,639,"[775, 49]"
collapse_ratio,40,"[40, 775, 52]",238,238,"[775, 52]"
collapse_ratio,40,"[40, 775, 54]",1,1,"[775, 54]"
collapse_ratio,40,"[40, 775, 55]",127,127,"[775, 55]"
collapse_ratio,40,"[40, 775, 56]",41,41,"[775, 56]"
collapse_ratio,40,"[40, 775, 57]",1,1,"[775, 57]"
collapse_ratio,40,"[40, 775, 59]",3,3,"[775, 59]"
collapse_ratio,40,"[40, 775, 62]",2,2,"[775, 62]"
collapse_ratio,40,"[40, 775, 63]",43,43,"[775, 63]"
collapse_ratio,40,"[40, 775, 66]",56,56,"[775, 66]"
collapse_ratio,40,"[40, 775, 67]",9,9,"[775, 67]"
collapse_ratio,40,"[40, 775, 68]",2,2,"[775, 68]"
collapse_ratio,40,"[40, 775, 69]",101,101,"[775, 69]"
collapse_ratio,40,"[40, 775, 70]",119,119,"[775, 70]"
collapse_ratio,40,"[40, 775, 73]",12,12,"[775, 73]"
collapse_ratio,40,"[40, 775, 74]",9,9,"[775, 74]"
collapse_ratio,40,"[40, 775, 75]",16,16,"[775, 75]"
collapse_ratio,40,"[40, 775, 76]",78,78,"[775, 76]"
collapse_ratio,40,"[40, 775, 77]",40,40,"[775, 77]"
collapse_ratio,40,"[40, 775, 78]",1,1,"[775, 78]"
collapse_ratio,40,"[40, 775, 79]",46,46,"[775, 79]"
collapse_ratio,40,"[40, 775, 80]",15,15,"[775, 80]"
collapse_ratio,40,"[40, 775, 81]",58,58,"[775, 81]"
collapse_ratio,40,"[40, 775, 83]",8,8,"[775, 83]"
collapse_ratio,40,"[40, 775, 84]",29,29,"[775, 84]"
collapse_ratio,40,"[40, 775, 85]",4,4,"[775, 85]"
collapse_ratio,40,"[40, 775, 86]",1,1,"[775, 86]"
collapse_ratio,40,"[40, 775, 87]",1,1,"[775, 87]"
collapse_ratio,40,"[40, 775, 90]",11,11,"[775, 90]"
collapse_ratio,40,"[40, 775, 91]",3,3,"[775, 91]"
collapse_ratio,40,"[40, 775, 95]",2,2,"[775, 95]"
collapse_ratio,40,"[40, 775, 112]",2,2,"[775, 112]"
collapse_ratio,40,"[40, 775, 118]",5,5,"[775, 118]"
collapse_ratio,40,"[40, 775, 124]",2,2,"[775, 124]"
collapse_ratio,40,"[40, 775, 203]",3,3,"[775, 203]"
collapse_ratio,40,"[40, 775, 207]",2,2,"[775, 207]"
collapse_ratio,40,"[40, 775, 209]",2,2,"[775, 209]"
collapse_ratio,40,"[40, 775, 213]",2,2,"[775, 213]"
collapse_ratio,40,"[40, 775, 215]",1,1,"[775, 215]"
collapse_ratio,40,"[40, 775, 216]",16,16,"[775, 216]"
collapse_ratio,40,"[40, 775, 217]",16,16,"[775, 217]"
collapse_ratio,40,"[40, 775, 218]",49,49,"[775, 218]"
collapse_ratio,40,"[40, 775, 219]",66,66,"[775, 219]"
collapse_ratio,40,"[40, 775, 220]",33,33,"[775, 220]"
collapse_ratio,40,"[40, 775, 222]",45,45,"[775, 222]"
collapse_ratio,40,"[40, 775, 223]",2,2,"[775, 223]"
collapse_ratio,40,"[40, 775, 224]",49,49,"[775, 224]"
collapse_ratio,40,"[40, 775, 225]",17,17,"[775, 225]"
collapse_ratio,40,"[40, 775, 226]",8,8,"[775, 226]"
collapse_ratio,40,"[40, 775, 228]",3,3,"[775, 228]"
collapse_ratio,40,"[40, 800, 37]",4,4,"[800, 37]"
collapse_ratio,40,"[40, 800, 39]",4,4,"[800, 39]"
collapse_ratio,40,"[40, 800, 41]",217,217,"[800, 41]"
collapse_ratio,40,"[40, 800, 44]",332,332,"[800, 44]"
collapse_ratio,40,"[40, 800, 46]",12,12,"[800, 46]"
collapse_ratio,40,"[40, 800, 48]",2000,2073,"[800, 48]"
collapse_ratio,40,"[40, 800, 49]",443,443,"[800, 49]"
collapse_ratio,40,"[40, 800, 51]",232,232,"[800, 51]"
collapse_ratio,40,"[40, 800, 53]",64,64,"[800, 53]"
collapse_ratio,40,"[40, 800, 54]",1912,1912,"[800, 54]"
collapse_ratio,40,"[40, 800, 58]",26,26,"[800, 58]"
collapse_ratio,40,"[40, 800, 61]",12,12,"[800, 61]"
collapse_ratio,40,"[40, 800, 64]",1,1,"[800, 64]"
collapse_ratio,40,"[40, 800, 65]",43,43,"[800, 65]"
collapse_ratio,40,"[40, 800, 66]",65,65,"[800, 66]"
collapse_ratio,40,"[40, 800, 68]",117,117,"[800, 68]"
collapse_ratio,40,"[40, 800, 69]",18,18,"[800, 69]"
collapse_ratio,40,"[40, 800, 70]",4,4,"[800, 70]"
collapse_ratio,40,"[40, 800, 71]",66,66,"[800, 71]"
collapse_ratio,40,"[40, 800, 72]",64,64,"[800, 72]"
collapse_ratio,40,"[40, 800, 73]",12,12,"[800, 73]"
collapse_ratio,40,"[40, 800, 74]",90,90,"[800, 74]"
collapse_ratio,40,"[40, 800, 75]",85,85,"[800, 75]"
collapse_ratio,40,"[40, 800, 78]",28,28,"[800, 78]"
collapse_ratio,40,"[40, 800, 79]",37,37,"[800, 79]"
collapse_ratio,40,"[40, 800, 81]",63,63,"[800, 81]"
collapse_ratio,40,"[40, 800, 82]",55,55,"[800, 82]"
collapse_ratio,40,"[40, 800, 84]",9,9,"[800, 84]"
collapse_ratio,40,"[40, 800, 85]",20,20,"[800, 85]"
collapse_ratio,40,"[40, 800, 87]",43,43,"[800, 87]"
collapse_ratio,40,"[40, 800, 88]",30,30,"[800, 88]"
collapse_ratio,40,"[40, 800, 89]",5,5,"[800, 89]"
collapse_ratio,40,"[40, 800, 91]",4,4,"[800, 91]"
collapse_ratio,40,"[40, 800, 93]",18,18,"[800, 93]"
collapse_ratio,40,"[40, 800, 95]",8,8,"[800, 95]"
collapse_ratio,40,"[40, 800, 96]",6,6,"[800, 96]"
collapse_ratio,40,"[40, 800, 97]",1,1,"[800, 97]"
collapse_ratio,40,"[40, 800, 98]",2,2,"[800, 98]"
collapse_ratio,40,"[40, 800, 99]",6,6,"[800, 99]"
collapse_ratio,40,"[40, 800, 101]",19,19,"[800, 101]"
collapse_ratio,40,"[40, 800, 126]",1,1,"[800, 126]"
collapse_ratio,40,"[40, 800, 130]",1,1,"[800, 130]"
collapse_ratio,40,"[40, 800, 136]",1,1,"[800, 136]"
collapse_ratio,40,"[40, 800, 205]",2,2,"[800, 205]"
collapse_ratio,40,"[40, 800, 207]",1,1,"[800, 207]"
collapse_ratio,40,"[40, 800, 218]",9,9,"[800, 218]"
collapse_ratio,40,"[40, 800, 219]",3,3,"[800, 219]"
collapse_ratio,40,"[40, 800, 220]",4,4,"[800, 220]"
collapse_ratio,40,"[40, 800, 221]",7,7,"[800, 221]"
collapse_ratio,40,"[40, 800, 222]",20,20,"[800, 222]"
collapse_ratio,40,"[40, 800, 224]",5,5,"[800, 224]"
collapse_ratio,40,"[40, 800, 226]",2,2,"[800, 226]"
collapse_ratio,40,"[40, 800, 230]",1,1,"[800, 230]"
collapse_ratio,40,"[40, 825, 40]",303,303,"[825, 40]"
collapse_ratio,40,"[40, 825, 43]",46,46,"[825, 43]"
collapse_ratio,40,"[40, 825, 45]",28,28,"[825, 45]"
collapse_ratio,40,"[40, 825, 47]",1927,1927,"[825, 47]"
collapse_ratio,40,"[40, 825, 50]",325,325,"[825, 50]"
collapse_ratio,40,"[40, 825, 52]",1,1,"[825, 52]"
collapse_ratio,40,"[40, 825, 53]",1446,1446,"[825, 53]"
collapse_ratio,40,"[40, 825, 55]",70,70,"[825, 55]"
collapse_ratio,40,"[40, 825, 56]",379,379,"[825, 56]"
collapse_ratio,40,"[40, 825, 57]",48,48,"[825, 57]"
collapse_ratio,40,"[40, 825, 60]",180,180,"[825, 60]"
collapse_ratio,40,"[40, 825, 61]",29,29,"[825, 61]"
collapse_ratio,40,"[40, 825, 63]",1,1,"[825, 63]"
collapse_ratio,40,"[40, 825, 66]",18,18,"[825, 66]"
collapse_ratio,40,"[40, 825, 67]",190,190,"[825, 67]"
collapse_ratio,40,"[40, 825, 70]",40,40,"[825, 70]"
collapse_ratio,40,"[40, 825, 71]",50,50,"[825, 71]"
collapse_ratio,40,"[40, 825, 72]",46,46,"[825, 72]"
collapse_ratio,40,"[40, 825, 73]",136,136,"[825, 73]"
collapse_ratio,40,"[40, 825, 75]",5,5,"[825, 75]"
collapse_ratio,40,"[40, 825, 76]",48,48,"[825, 76]"
collapse_ratio,40,"[40, 825, 77]",16,16,"[825, 77]"
collapse_ratio,40,"[40, 825, 78]",21,21,"[825, 78]"
collapse_ratio,40,"[40, 825, 79]",95,95,"[825, 79]"
collapse_ratio,40,"[40, 825, 80]",87,87,"[825, 80]"
collapse_ratio,40,"[40, 825, 81]",17,17,"[825, 81]"
collapse_ratio,40,"[40, 825, 83]",10,10,"[825, 83]"
collapse_ratio,40,"[40, 825, 84]",1,1,"[825, 84]"
collapse_ratio,40,"[40, 825, 85]",21,21,"[825, 85]"
collapse_ratio,40,"[40, 825, 86]",55,55,"[825, 86]"
collapse_ratio,40,"[40, 825, 87]",30,30,"[825, 87]"
collapse_ratio,40,"[40, 825, 89]",1,1,"[825, 89]"
collapse_ratio,40,"[40, 825, 90]",2,2,"[825, 90]"
collapse_ratio,40,"[40, 825, 91]",8,8,"[825, 91]"
collapse_ratio,40,"[40, 825, 93]",10,10,"[825, 93]"
collapse_ratio,40,"[40, 825, 94]",27,27,"[825, 94]"
collapse_ratio,40,"[40, 825, 96]",4,4,"[825, 96]"
collapse_ratio,40,"[40, 825, 97]",3,3,"[825, 97]"
collapse_ratio,40,"[40, 825, 99]",29,29,"[825, 99]"
collapse_ratio,40,"[40, 825, 100]",14,14,"[825, 100]"
collapse_ratio,40,"[40, 825, 101]",2,2,"[825, 101]"
collapse_ratio,40,"[40, 825, 105]",8,8,"[825, 105]"
collapse_ratio,40,"[40, 825, 106]",4,4,"[825, 106]"
collapse_ratio,40,"[40, 825, 107]",8,8,"[825, 107]"
collapse_ratio,40,"[40, 825, 108]",2,2,"[825, 108]"
collapse_ratio,40,"[40, 825, 112]",10,10,"[825, 112]"
collapse_ratio,40,"[40, 825, 210]",1,1,"[825, 210]"
collapse_ratio,40,"[40, 825, 214]",1,1,"[825, 214]"
collapse_ratio,40,"[40, 825, 219]",6,6,"[825, 219]"
collapse_ratio,40,"[40, 825, 220]",4,4,"[825, 220]"
collapse_ratio,40,"[40, 825, 222]",4,4,"[825, 222]"
collapse_ratio,40,"[40, 825, 224]",6,6,"[825, 224]"
collapse_ratio,40,"[40, 825, 225]",4,4,"[825, 225]"
collapse_ratio,40,"[40, 825, 226]",4,4,"[825, 226]"
collapse_ratio,40,"[40, 825, 232]",1,1,"[825, 232]"
collapse_ratio,40,"[40, 825, 234]",2,2,"[825, 234]"
collapse_ratio,40,"[40, 825, 239]",5,5,"[825, 239]"
collapse_ratio,40,"[40, 850, 36]",2,2,"[850, 36]"
collapse_ratio,40,"[40, 850, 39]",28,28,"[850, 39]"
collapse_ratio,40,"[40, 850, 41]",4,4,"[850, 41]"
collapse_ratio,40,"[40, 850, 46]",1302,1302,"[850, 46]"
collapse_ratio,40,"[40, 850, 47]",6,6,"[850, 47]"
collapse_ratio,40,"[40, 850, 49]",370,370,"[850, 49]"
collapse_ratio,40,"[40, 850, 51]",83,83,"[850, 51]"
collapse_ratio,40,"[40, 850, 52]",2000,4381,"[850, 52]"
collapse_ratio,40,"[40, 850, 55]",239,239,"[850, 55]"
collapse_ratio,40,"[40, 850, 57]",48,48,"[850, 57]"
collapse_ratio,40,"[40, 850, 59]",388,388,"[850, 59]"
collapse_ratio,40,"[40, 850, 62]",74,74,"[850, 62]"
collapse_ratio,40,"[40, 850, 65]",35,35,"[850, 65]"
collapse_ratio,40,"[40, 850, 68]",4,4,"[850, 68]"
collapse_ratio,40,"[40, 850, 69]",88,88,"[850, 69]"
collapse_ratio,40,"[40, 850, 70]",3,3,"[850, 70]"
collapse_ratio,40,"[40, 850, 72]",1453,1453,"[850, 72]"
collapse_ratio,40,"[40, 850, 73]",113,113,"[850, 73]"
collapse_ratio,40,"[40, 850, 75]",114,114,"[850, 75]"
collapse_ratio,40,"[40, 850, 76]",1,1,"[850, 76]"
collapse_ratio,40,"[40, 850, 77]",32,32,"[850, 77]"
collapse_ratio,40,"[40, 850, 78]",702,702,"[850, 78]"
collapse_ratio,40,"[40, 850, 81]",83,83,"[850, 81]"
collapse_ratio,40,"[40, 850, 82]",7,7,"[850, 82]"
collapse_ratio,40,"[40, 850, 83]",56,56,"[850, 83]"
collapse_ratio,40,"[40, 850, 85]",45,45,"[850, 85]"
collapse_ratio,40,"[40, 850, 88]",26,26,"[850, 88]"
collapse_ratio,40,"[40, 850, 89]",75,75,"[850, 89]"
collapse_ratio,40,"[40, 850, 91]",39,39,"[850, 91]"
collapse_ratio,40,"[40, 850, 92]",55,55,"[850, 92]"
collapse_ratio,40,"[40, 850, 94]",7,7,"[850, 94]"
collapse_ratio,40,"[40, 850, 95]",1,1,"[850, 95]"
collapse_ratio,40,"[40, 850, 97]",24,24,"[850, 97]"
collapse_ratio,40,"[40, 850, 98]",30,30,"[850, 98]"
collapse_ratio,40,"[40, 850, 102]",2,2,"[850, 102]"
collapse_ratio,40,"[40, 850, 103]",4,4,"[850, 103]"
collapse_ratio,40,"[40, 850, 105]",11,11,"[850, 105]"
collapse_ratio,40,"[40, 850, 108]",1,1,"[850, 108]"
collapse_ratio,40,"[40, 850, 110]",2,2,"[850, 110]"
collapse_ratio,40,"[40, 850, 118]",4,4,"[850, 118]"
collapse_ratio,40,"[40, 850, 124]",4,4,"[850, 124]"
collapse_ratio,40,"[40, 850, 130]",2,2,"[850, 130]"
collapse_ratio,40,"[40, 850, 146]",1,1,"[850, 146]"
collapse_ratio,40,"[40, 850, 221]",3,3,"[850, 221]"
collapse_ratio,40,"[40, 850, 223]",1,1,"[850, 223]"
collapse_ratio,40,"[40, 850, 224]",3,3,"[850, 224]"
collapse_ratio,40,"[40, 850, 225]",2,2,"[850, 225]"
collapse_ratio,40,"[40, 850, 228]",6,6,"[850, 228]"
collapse_ratio,40,"[40, 850, 233]",10,10,"[850, 233]"
collapse_ratio,40,"[40, 875, 42]",70,70,"[875, 42]"
collapse_ratio,40,"[40, 875, 43]",51,51,"[875, 43]"
collapse_ratio,40,"[40, 875, 45]",538,538,"[875, 45]"
collapse_ratio,40,"[40, 875, 48]",312,312,"[875, 48]"
collapse_ratio,40,"[40, 875, 51]",2000,5770,"[875, 51]"
collapse_ratio,40,"[40, 875, 53]",5,5,"[875, 53]"
collapse_ratio,40,"[40, 875, 58]",2000,4286,"[875, 58]"
collapse_ratio,40,"[40, 875, 59]",4,4,"[875, 59]"
collapse_ratio,40,"[40, 875, 61]",54,54,"[875, 61]"
collapse_ratio,40,"[40, 875, 63]",3,3,"[875, 63]"
collapse_ratio,40,"[40, 875, 64]",589,589,"[875, 64]"
collapse_ratio,40,"[40, 875, 67]",6,6,"[875, 67]"
collapse_ratio,40,"[40, 875, 70]",53,53,"[875, 70]"
collapse_ratio,40,"[40, 875, 71]",484,484,"[875, 71]"
collapse_ratio,40,"[40, 875, 74]",89,89,"[875, 74]"
collapse_ratio,40,"[40, 875, 75]",40,40,"[875, 75]"
collapse_ratio,40,"[40, 875, 77]",409,409,"[875, 77]"
collapse_ratio,40,"[40, 875, 79]",23,23,"[875, 79]"
collapse_ratio,40,"[40, 875, 80]",74,74,"[875, 80]"
collapse_ratio,40,"[40, 875, 82]",2,2,"[875, 82]"
collapse_ratio,40,"[40, 875, 83]",301,301,"[875, 83]"
collapse_ratio,40,"[40, 875, 84]",382,382,"[875, 84]"
collapse_ratio,40,"[40, 875, 85]",1,1,"[875, 85]"
collapse_ratio,40,"[40, 875, 86]",43,43,"[875, 86]"
collapse_ratio,40,"[40, 875, 87]",65,65,"[875, 87]"
collapse_ratio,40,"[40, 875, 89]",391,391,"[875, 89]"
collapse_ratio,40,"[40, 875, 90]",583,583,"[875, 90]"
collapse_ratio,40,"[40, 875, 93]",15,15,"[875, 93]"
collapse_ratio,40,"[40, 875, 95]",16,16,"[875, 95]"
collapse_ratio,40,"[40, 875, 96]",291,291,"[875, 96]"
collapse_ratio,40,"[40, 875, 99]",1,1,"[875, 99]"
collapse_ratio,40,"[40, 875, 101]",1,1,"[875, 101]"
collapse_ratio,40,"[40, 875, 102]",180,180,"[875, 102]"
collapse_ratio,40,"[40, 875, 103]",6,6,"[875, 103]"
collapse_ratio,40,"[40, 875, 105]",3,3,"[875, 105]"
collapse_ratio,40,"[40, 875, 106]",4,4,"[875, 106]"
collapse_ratio,40,"[40, 875, 107]",1,1,"[875, 107]"
collapse_ratio,40,"[40, 875, 109]",9,9,"[875, 109]"
collapse_ratio,40,"[40, 875, 111]",2,2,"[875, 111]"
collapse_ratio,40,"[40, 875, 112]",1,1,"[875, 112]"
collapse_ratio,40,"[40, 875, 116]",1,1,"[875, 116]"
collapse_ratio,40,"[40, 875, 119]",1,1,"[875, 119]"
collapse_ratio,40,"[40, 875, 122]",2,2,"[875, 122]"
collapse_ratio,40,"[40, 875, 128]",2,2,"[875, 128]"
collapse_ratio,40,"[40, 875, 134]",1,1,"[875, 134]"
collapse_ratio,40,"[40, 875, 140]",1,1,"[875, 140]"
collapse_ratio,40,"[40, 875, 226]",10,10,"[875, 226]"
collapse_ratio,40,"[40, 875, 228]",2,2,"[875, 228]"
collapse_ratio,40,"[40, 875, 229]",7,7,"[875, 229]"
collapse_ratio,40,"[40, 875, 230]",5,5,"[875, 230]"
collapse_ratio,40,"[40, 875, 232]",1,1,"[875, 232]"
collapse_ratio,40,"[40, 875, 236]",1,1,"[875, 236]"
collapse_ratio,40,"[40, 900, 38]",1,1,"[900, 38]"
collapse_ratio,40,"[40, 900, 41]",8,8,"[900, 41]"
collapse_ratio,40,"[40, 900, 44]",738,738,"[900, 44]"
collapse_ratio,40,"[40, 900, 47]",12,12,"[900, 47]"
collapse_ratio,40,"[40, 900, 49]",179,179,"[900, 49]"
collapse_ratio,40,"[40, 900, 54]",1481,1481,"[900, 54]"
collapse_ratio,40,"[40, 900, 55]",1599,1599,"[900, 55]"
collapse_ratio,40,"[40, 900, 57]",2000,3097,"[900, 57]"
collapse_ratio,40,"[40, 900, 60]",650,650,"[900, 60]"
collapse_ratio,40,"[40, 900, 61]",571,571,"[900, 61]"
collapse_ratio,40,"[40, 900, 63]",1036,1036,"[900, 63]"
collapse_ratio,40,"[40, 900, 65]",2,2,"[900, 65]"
collapse_ratio,40,"[40, 900, 66]",106,106,"[900, 66]"
collapse_ratio,40,"[40, 900, 69]",73,73,"[900, 69]"
collapse_ratio,40,"[40, 900, 72]",5,5,"[900, 72]"
collapse_ratio,40,"[40, 900, 73]",97,97,"[900, 73]"
collapse_ratio,40,"[40, 900, 76]",614,614,"[900, 76]"
collapse_ratio,40,"[40, 900, 77]",42,42,"[900, 77]"
collapse_ratio,40,"[40, 900, 79]",160,160,"[900, 79]"
collapse_ratio,40,"[40, 900, 81]",51,51,"[900, 81]"
collapse_ratio,40,"[40, 900, 82]",739,739,"[900, 82]"
collapse_ratio,40,"[40, 900, 83]",2,2,"[900, 83]"
collapse_ratio,40,"[40, 900, 85]",62,62,"[900, 85]"
collapse_ratio,40,"[40, 900, 87]",17,17,"[900, 87]"
collapse_ratio,40,"[40, 900, 88]",511,511,"[900, 88]"
collapse_ratio,40,"[40, 900, 91]",17,17,"[900, 91]"
collapse_ratio,40,"[40, 900, 92]",64,64,"[900, 92]"
collapse_ratio,40,"[40, 900, 93]",81,81,"[900, 93]"
collapse_ratio,40,"[40, 900, 94]",846,846,"[900, 94]"
collapse_ratio,40,"[40, 900, 95]",586,586,"[900, 95]"
collapse_ratio,40,"[40, 900, 97]",5,5,"[900, 97]"
collapse_ratio,40,"[40, 900, 98]",14,14,"[900, 98]"
collapse_ratio,40,"[40, 900, 99]",30,30,"[900, 99]"
collapse_ratio,40,"[40, 900, 101]",443,443,"[900, 101]"
collapse_ratio,40,"[40, 900, 103]",4,4,"[900, 103]"
collapse_ratio,40,"[40, 900, 104]",8,8,"[900, 104]"
collapse_ratio,40,"[40, 900, 105]",4,4,"[900, 105]"
collapse_ratio,40,"[40, 900, 107]",141,141,"[900, 107]"
collapse_ratio,40,"[40, 900, 108]",25,25,"[900, 108]"
collapse_ratio,40,"[40, 900, 110]",1,1,"[900, 110]"
collapse_ratio,40,"[40, 900, 113]",49,49,"[900, 113]"
collapse_ratio,40,"[40, 900, 114]",2,2,"[900, 114]"
collapse_ratio,40,"[40, 900, 115]",4,4,"[900, 115]"
collapse_ratio,40,"[40, 900, 116]",1,1,"[900, 116]"
collapse_ratio,40,"[40, 900, 119]",1,1,"[900, 119]"
collapse_ratio,40,"[40, 900, 120]",2,2,"[900, 120]"
collapse_ratio,40,"[40, 900, 122]",1,1,"[900, 122]"
collapse_ratio,40,"[40, 900, 126]",2,2,"[900, 126]"
collapse_ratio,40,"[40, 900, 132]",2,2,"[900, 132]"
collapse_ratio,40,"[40, 900, 136]",4,4,"[900, 136]"
collapse_ratio,40,"[40, 900, 138]",1,1,"[900, 138]"
collapse_ratio,40,"[40, 900, 144]",3,3,"[900, 144]"
collapse_ratio,40,"[40, 900, 146]",3,3,"[900, 146]"
collapse_ratio,40,"[40, 900, 154]",1,1,"[900, 154]"
collapse_ratio,40,"[40, 900, 158]",1,1,"[900, 158]"
collapse_ratio,40,"[40, 900, 164]",1,1,"[900, 164]"
collapse_ratio,40,"[40, 900, 169]",1,1,"[900, 169]"
collapse_ratio,40,"[40, 900, 170]",1,1,"[900, 170]"
collapse_ratio,40,"[40, 900, 227]",3,3,"[900, 227]"
collapse_ratio,40,"[40, 900, 228]",6,6,"[900, 228]"
collapse_ratio,40,"[40, 900, 232]",28,28,"[900, 232]"
collapse_ratio,40,"[40, 900, 233]",1,1,"[900, 233]"
collapse_ratio,40,"[40, 900, 234]",3,3,"[900, 234]"
collapse_ratio,40,"[40, 900, 238]",3,3,"[900, 238]"
collapse_ratio,40,"[40, 900, 239]",11,11,"[900, 239]"
collapse_ratio,40,"[40, 900, 252]",2,2,"[900, 252]"
collapse_ratio,40,"[40, 900, 258]",14,14,"[900, 258]"
collapse_ratio,40,"[40, 900, 263]",5,5,"[900, 263]"
collapse_ratio,40,"[40, 900, 264]",5,5,"[900, 264]"
collapse_ratio,40,"[40, 925, 50]",2000,2889,"[925, 50]"
collapse_ratio,40,"[40, 925, 53]",75,75,"[925, 53]"
collapse_ratio,40,"[40, 925, 56]",2000,11972,"[925, 56]"
collapse_ratio,40,"[40, 925, 59]",15,15,"[925, 59]"
collapse_ratio,40,"[40, 925, 62]",2000,10131,"[925, 62]"
collapse_ratio,40,"[40, 925, 65]",4,4,"[925, 65]"
collapse_ratio,40,"[40, 925, 67]",52,52,"[925, 67]"
collapse_ratio,40,"[40, 925, 68]",1560,1560,"[925, 68]"
collapse_ratio,40,"[40, 925, 71]",1,1,"[925, 71]"
collapse_ratio,40,"[40, 925, 74]",85,85,"[925, 74]"
collapse_ratio,40,"[40, 925, 75]",2000,2413,"[925, 75]"
collapse_ratio,40,"[40, 925, 78]",123,123,"[925, 78]"
collapse_ratio,40,"[40, 925, 79]",49,49,"[925, 79]"
collapse_ratio,40,"[40, 925, 81]",1709,1709,"[925, 81]"
collapse_ratio,40,"[40, 925, 84]",73,73,"[925, 84]"
collapse_ratio,40,"[40, 925, 85]",148,148,"[925, 85]"
collapse_ratio,40,"[40, 925, 87]",1190,1190,"[925, 87]"
collapse_ratio,40,"[40, 925, 90]",80,80,"[925, 90]"
collapse_ratio,40,"[40, 925, 91]",71,71,"[925, 91]"
collapse_ratio,40,"[40, 925, 93]",1518,1518,"[925, 93]"
collapse_ratio,40,"[40, 925, 96]",56,56,"[925, 96]"
collapse_ratio,40,"[40, 925, 99]",308,308,"[925, 99]"
collapse_ratio,40,"[40, 925, 100]",561,561,"[925, 100]"
collapse_ratio,40,"[40, 925, 102]",13,13,"[925, 102]"
collapse_ratio,40,"[40, 925, 105]",73,73,"[925, 105]"
collapse_ratio,40,"[40, 925, 106]",307,307,"[925, 106]"
collapse_ratio,40,"[40, 925, 108]",1,1,"[925, 108]"
collapse_ratio,40,"[40, 925, 111]",45,45,"[925, 111]"
collapse_ratio,40,"[40, 925, 112]",310,310,"[925, 112]"
collapse_ratio,40,"[40, 925, 118]",73,73,"[925, 118]"
collapse_ratio,40,"[40, 925, 124]",17,17,"[925, 124]"
collapse_ratio,40,"[40, 925, 125]",3,3,"[925, 125]"
collapse_ratio,40,"[40, 925, 130]",14,14,"[925, 130]"
collapse_ratio,40,"[40, 925, 136]",14,14,"[925, 136]"
collapse_ratio,40,"[40, 925, 142]",4,4,"[925, 142]"
collapse_ratio,40,"[40, 925, 148]",3,3,"[925, 148]"
collapse_ratio,40,"[40, 925, 150]",2,2,"[925, 150]"
collapse_ratio,40,"[40, 925, 156]",5,5,"[925, 156]"
collapse_ratio,40,"[40, 925, 162]",102,102,"[925, 162]"
collapse_ratio,40,"[40, 925, 167]",1,1,"[925, 167]"
collapse_ratio,40,"[40, 925, 168]",559,559,"[925, 168]"
collapse_ratio,40,"[40, 925, 173]",1,1,"[925, 173]"
collapse_ratio,40,"[40, 925, 174]",371,371,"[925, 174]"
collapse_ratio,40,"[40, 925, 179]",6,6,"[925, 179]"
collapse_ratio,40,"[40, 925, 180]",176,176,"[925, 180]"
collapse_ratio,40,"[40, 925, 185]",1,1,"[925, 185]"
collapse_ratio,40,"[40, 925, 186]",2,2,"[925, 186]"
collapse_ratio,40,"[40, 925, 229]",1,1,"[925, 229]"
collapse_ratio,40,"[40, 925, 231]",4,4,"[925, 231]"
collapse_ratio,40,"[40, 925, 235]",5,5,"[925, 235]"
collapse_ratio,40,"[40, 925, 236]",20,20,"[925, 236]"
collapse_ratio,40,"[40, 925, 237]",2,2,"[925, 237]"
collapse_ratio,40,"[40, 925, 240]",2,2,"[925, 240]"
collapse_ratio,40,"[40, 925, 241]",3,3,"[925, 241]"
collapse_ratio,40,"[40, 925, 242]",3,3,"[925, 242]"
collapse_ratio,40,"[40, 925, 244]",3,3,"[925, 244]"
collapse_ratio,40,"[40, 925, 247]",1,1,"[925, 247]"
collapse_ratio,40,"[40, 925, 248]",4,4,"[925, 248]"
collapse_ratio,40,"[40, 925, 253]",1,1,"[925, 253]"
collapse_ratio,40,"[40, 925, 254]",2,2,"[925, 254]"
collapse_ratio,40,"[40, 925, 256]",6,6,"[925, 256]"
collapse_ratio,40,"[40, 925, 259]",2,2,"[925, 259]"
collapse_ratio,40,"[40, 925, 260]",6,6,"[925, 260]"
collapse_ratio,40,"[40, 925, 262]",8,8,"[925, 262]"
collapse_ratio,40,"[40, 925, 266]",20,20,"[925, 266]"
collapse_ratio,40,"[40, 925, 267]",3,3,"[925, 267]"
collapse_ratio,40,"[40, 950, 40]",5,5,"[950, 40]"
collapse_ratio,40,"[40, 950, 43]",160,160,"[950, 43]"
collapse_ratio,40,"[40, 950, 46]",61,61,"[950, 46]"
collapse_ratio,40,"[40, 950, 49]",1569,1569,"[950, 49]"
collapse_ratio,40,"[40, 950, 52]",125,125,"[950, 52]"
collapse_ratio,40,"[40, 950, 55]",2000,7672,"[950, 55]"
collapse_ratio,40,"[40, 950, 58]",1819,1819,"[950, 58]"
collapse_ratio,40,"[40, 950, 61]",2000,12937,"[950, 61]"
collapse_ratio,40,"[40, 950, 64]",189,189,"[950, 64]"
collapse_ratio,40,"[40, 950, 67]",2000,7666,"[950, 67]"
collapse_ratio,40,"[40, 950, 70]",11,11,"[950, 70]"
collapse_ratio,40,"[40, 950, 73]",493,493,"[950, 73]"
collapse_ratio,40,"[40, 950, 77]",57,57,"[950, 77]"
collapse_ratio,40,"[40, 950, 80]",1050,1050,"[950, 80]"
collapse_ratio,40,"[40, 950, 83]",73,73,"[950, 83]"
collapse_ratio,40,"[40, 950, 86]",964,964,"[950, 86]"
collapse_ratio,40,"[40, 950, 89]",5,5,"[950, 89]"
collapse_ratio,40,"[40, 950, 92]",585,585,"[950, 92]"
collapse_ratio,40,"[40, 950, 97]",107,107,"[950, 97]"
collapse_ratio,40,"[40, 950, 98]",1370,1370,"[950, 98]"
collapse_ratio,40,"[40, 950, 103]",32,32,"[950, 103]"
collapse_ratio,40,"[40, 950, 104]",792,792,"[950, 104]"
collapse_ratio,40,"[40, 950, 109]",5,5,"[950, 109]"
collapse_ratio,40,"[40, 950, 110]",488,488,"[950, 110]"
collapse_ratio,40,"[40, 950, 115]",4,4,"[950, 115]"
collapse_ratio,40,"[40, 950, 116]",303,303,"[950, 116]"
collapse_ratio,40,"[40, 950, 117]",17,17,"[950, 117]"
collapse_ratio,40,"[40, 950, 120]",4,4,"[950, 120]"
collapse_ratio,40,"[40, 950, 121]",2,2,"[950, 121]"
collapse_ratio,40,"[40, 950, 122]",66,66,"[950, 122]"
collapse_ratio,40,"[40, 950, 123]",10,10,"[950, 123]"
collapse_ratio,40,"[40, 950, 128]",11,11,"[950, 128]"
collapse_ratio,40,"[40, 950, 129]",5,5,"[950, 129]"
collapse_ratio,40,"[40, 950, 134]",10,10,"[950, 134]"
collapse_ratio,40,"[40, 950, 135]",8,8,"[950, 135]"
collapse_ratio,40,"[40, 950, 140]",9,9,"[950, 140]"
collapse_ratio,40,"[40, 950, 141]",3,3,"[950, 141]"
collapse_ratio,40,"[40, 950, 146]",6,6,"[950, 146]"
collapse_ratio,40,"[40, 950, 147]",4,4,"[950, 147]"
collapse_ratio,40,"[40, 950, 152]",3,3,"[950, 152]"
collapse_ratio,40,"[40, 950, 154]",1,1,"[950, 154]"
collapse_ratio,40,"[40, 950, 172]",2,2,"[950, 172]"
collapse_ratio,40,"[40, 950, 178]",2,2,"[950, 178]"
collapse_ratio,40,"[40, 950, 233]",1,1,"[950, 233]"
collapse_ratio,40,"[40, 950, 234]",44,44,"[950, 234]"
collapse_ratio,40,"[40, 950, 238]",26,26,"[950, 238]"
collapse_ratio,40,"[40, 950, 239]",13,13,"[950, 239]"
collapse_ratio,40,"[40, 950, 240]",15,15,"[950, 240]"
collapse_ratio,40,"[40, 950, 244]",230,230,"[950, 244]"
collapse_ratio,40,"[40, 950, 245]",11,11,"[950, 245]"
collapse_ratio,40,"[40, 950, 246]",2,2,"[950, 246]"
collapse_ratio,40,"[40, 950, 248]",1,1,"[950, 248]"
collapse_ratio,40,"[40, 950, 250]",28,28,"[950, 250]"
collapse_ratio,40,"[40, 950, 251]",2,2,"[950, 251]"
collapse_ratio,40,"[40, 950, 252]",1,1,"[950, 252]"
collapse_ratio,40,"[40, 950, 256]",12,12,"[950, 256]"
collapse_ratio,40,"[40, 950, 257]",7,7,"[950, 257]"
collapse_ratio,40,"[40, 950, 258]",1,1,"[950, 258]"
collapse_ratio,40,"[40, 950, 262]",41,41,"[950, 262]"
collapse_ratio,40,"[40, 950, 263]",35,35,"[950, 263]"
collapse_ratio,40,"[40, 950, 264]",18,18,"[950, 264]"
collapse_ratio,40,"[40, 950, 268]",1053,1053,"[950, 268]"
collapse_ratio,40,"[40, 950, 269]",340,340,"[950, 269]"
collapse_ratio,40,"[40, 950, 270]",75,75,"[950, 270]"
collapse_ratio,40,"[40, 950, 271]",5,5,"[950, 271]"
collapse_ratio,40,"[40, 950, 274]",2000,2773,"[950, 274]"
collapse_ratio,40,"[40, 950, 275]",676,676,"[950, 275]"
collapse_ratio,40,"[40, 950, 276]",17,17,"[950, 276]"
collapse_ratio,40,"[40, 950, 277]",2,2,"[950, 277]"
collapse_ratio,40,"[40, 950, 280]",28,28,"[950, 280]"
collapse_ratio,40,"[40, 950, 281]",60,60,"[950, 281]"
collapse_ratio,40,"[40, 950, 282]",8,8,"[950, 282]"
collapse_ratio,40,"[40, 950, 286]",2,2,"[950, 286]"
collapse_ratio,40,"[40, 950, 287]",1,1,"[950, 287]"
collapse_ratio,40,"[40, 975, 79]",2000,3937,"[975, 79]"
collapse_ratio,40,"[40, 975, 82]",31,31,"[975, 82]"
collapse_ratio,40,"[40, 975, 85]",2000,2305,"[975, 85]"
collapse_ratio,40,"[40, 975, 88]",49,49,"[975, 88]"
collapse_ratio,40,"[40, 975, 91]",2000,2029,"[975, 91]"
collapse_ratio,40,"[40, 975, 94]",60,60,"[975, 94]"
collapse_ratio,40,"[40, 975, 97]",2000,3067,"[975, 97]"
collapse_ratio,40,"[40, 975, 100]",33,33,"[975, 100]"
collapse_ratio,40,"[40, 975, 103]",1941,1941,"[975, 103]"
collapse_ratio,40,"[40, 975, 106]",7,7,"[975, 106]"
collapse_ratio,40,"[40, 975, 109]",1544,1544,"[975, 109]"
collapse_ratio,40,"[40, 975, 112]",1,1,"[975, 112]"
collapse_ratio,40,"[40, 975, 115]",590,590,"[975, 115]"
collapse_ratio,40,"[40, 975, 118]",2,2,"[975, 118]"
collapse_ratio,40,"[40, 975, 121]",259,259,"[975, 121]"
collapse_ratio,40,"[40, 975, 127]",80,80,"[975, 127]"
collapse_ratio,40,"[40, 975, 133]",18,18,"[975, 133]"
collapse_ratio,40,"[40, 975, 139]",19,19,"[975, 139]"
collapse_ratio,40,"[40, 975, 145]",21,21,"[975, 145]"
collapse_ratio,40,"[40, 975, 151]",27,27,"[975, 151]"
collapse_ratio,40,"[40, 975, 157]",2,2,"[975, 157]"
collapse_ratio,40,"[40, 975, 158]",1,1,"[975, 158]"
collapse_ratio,40,"[40, 975, 164]",1,1,"[975, 164]"
collapse_ratio,40,"[40, 975, 170]",46,46,"[975, 170]"
collapse_ratio,40,"[40, 975, 176]",217,217,"[975, 176]"
collapse_ratio,40,"[40, 975, 181]",3,3,"[975, 181]"
collapse_ratio,40,"[40, 975, 182]",12,12,"[975, 182]"
collapse_ratio,40,"[40, 975, 187]",2,2,"[975, 187]"
collapse_ratio,40,"[40, 975, 188]",1,1,"[975, 188]"
collapse_ratio,40,"[40, 975, 237]",24,24,"[975, 237]"
collapse_ratio,40,"[40, 975, 241]",59,59,"[975, 241]"
collapse_ratio,40,"[40, 975, 242]",189,189,"[975, 242]"
collapse_ratio,40,"[40, 975, 243]",53,53,"[975, 243]"
collapse_ratio,40,"[40, 975, 246]",1,1,"[975, 246]"
collapse_ratio,40,"[40, 975, 247]",421,421,"[975, 247]"
collapse_ratio,40,"[40, 975, 248]",84,84,"[975, 248]"
collapse_ratio,40,"[40, 975, 249]",17,17,"[975, 249]"
collapse_ratio,40,"[40, 975, 253]",54,54,"[975, 253]"
collapse_ratio,40,"[40, 975, 254]",25,25,"[975, 254]"
collapse_ratio,40,"[40, 975, 255]",10,10,"[975, 255]"
collapse_ratio,40,"[40, 975, 259]",34,34,"[975, 259]"
collapse_ratio,40,"[40, 975, 260]",48,48,"[975, 260]"
collapse_ratio,40,"[40, 975, 261]",19,19,"[975, 261]"
collapse_ratio,40,"[40, 975, 265]",49,49,"[975, 265]"
collapse_ratio,40,"[40, 975, 266]",67,67,"[975, 266]"
collapse_ratio,40,"[40, 975, 267]",9,9,"[975, 267]"
collapse_ratio,40,"[40, 975, 271]",79,79,"[975, 271]"
collapse_ratio,40,"[40, 975, 272]",2000,3402,"[975, 272]"
collapse_ratio,40,"[40, 975, 273]",3,3,"[975, 273]"
collapse_ratio,40,"[40, 975, 277]",653,653,"[975, 277]"
collapse_ratio,40,"[40, 975, 278]",2000,12551,"[975, 278]"
collapse_ratio,40,"[40, 975, 279]",7,7,"[975, 279]"
collapse_ratio,40,"[40, 975, 283]",1450,1450,"[975, 283]"
collapse_ratio,40,"[40, 975, 284]",55,55,"[975, 284]"
collapse_ratio,40,"[40, 975, 285]",3,3,"[975, 285]"
collapse_ratio,40,"[40, 975, 289]",656,656,"[975, 289]"
collapse_ratio,40,"[40, 975, 290]",3,3,"[975, 290]"
collapse_ratio,40,"[40, 975, 295]",145,145,"[975, 295]"
collapse_ratio,40,"[40, 975, 301]",1,1,"[975, 301]"
collapse_excess,40,"[40, -168, 81]",8,8,"[-168, 81]"
collapse_excess,40,"[40, -160, 83]",2,2,"[-160, 83]"
collapse_excess,40,"[40, -160, 95]",1,1,"[-160, 95]"
collapse_excess,40,"[40, -152, 95]",2,2,"[-152, 95]"
collapse_excess,40,"[40, -152, 97]",2,2,"[-152, 97]"
collapse_excess,40,"[40, -152, 104]",2,2,"[-152, 104]"
collapse_excess,40,"[40, -144, 105]",5,5,"[-144, 105]"
collapse_excess,40,"[40, -144, 106]",1,1,"[-144, 106]"
collapse_excess,40,"[40, -144, 107]",1,1,"[-144, 107]"
collapse_excess,40,"[40, -144, 108]",2,2,"[-144, 108]"
collapse_excess,40,"[40, -144, 109]",1,1,"[-144, 109]"
collapse_excess,40,"[40, -144, 111]",1,1,"[-144, 111]"
collapse_excess,40,"[40, -144, 112]",1,1,"[-144, 112]"
collapse_excess,40,"[40, -136, 107]",2,2,"[-136, 107]"
collapse_excess,40,"[40, -136, 110]",2,2,"[-136, 110]"
collapse_excess,40,"[40, -136, 112]",1,1,"[-136, 112]"
collapse_excess,40,"[40, -136, 113]",11,11,"[-136, 113]"
collapse_excess,40,"[40, -136, 114]",3,3,"[-136, 114]"
collapse_excess,40,"[40, -136, 115]",3,3,"[-136, 115]"
collapse_excess,40,"[40, -136, 116]",4,4,"[-136, 116]"
collapse_excess,40,"[40, -136, 117]",3,3,"[-136, 117]"
collapse_excess,40,"[40, -136, 119]",3,3,"[-136, 119]"
collapse_excess,40,"[40, -136, 120]",1,1,"[-136, 120]"
collapse_excess,40,"[40, -136, 149]",1,1,"[-136, 149]"
collapse_excess,40,"[40, -128, 117]",1,1,"[-128, 117]"
collapse_excess,40,"[40, -128, 118]",4,4,"[-128, 118]"
collapse_excess,40,"[40, -128, 119]",2,2,"[-128, 119]"
collapse_excess,40,"[40, -128, 120]",3,3,"[-128, 120]"
collapse_excess,40,"[40, -128, 121]",13,13,"[-128, 121]"
collapse_excess,40,"[40, -128, 122]",7,7,"[-128, 122]"
collapse_excess,40,"[40, -128, 123]",5,5,"[-128, 123]"
collapse_excess,40,"[40, -128, 124]",7,7,"[-128, 124]"
collapse_excess,40,"[40, -128, 125]",5,5,"[-128, 125]"
collapse_excess,40,"[40, -128, 126]",1,1,"[-128, 126]"
collapse_excess,40,"[40, -128, 127]",5,5,"[-128, 127]"
collapse_excess,40,"[40, -128, 128]",2,2,"[-128, 128]"
collapse_excess,40,"[40, -128, 133]",1,1,"[-128, 133]"
collapse_excess,40,"[40, -128, 146]",2,2,"[-128, 146]"
collapse_excess,40,"[40, -128, 150]",1,1,"[-128, 150]"
collapse_excess,40,"[40, -128, 152]",2,2,"[-128, 152]"
collapse_excess,40,"[40, -128, 153]",1,1,"[-128, 153]"
collapse_excess,40,"[40, -128, 155]",1,1,"[-128, 155]"
collapse_excess,40,"[40, -128, 157]",6,6,"[-128, 157]"
collapse_excess,40,"[40, -120, 126]",7,7,"[-120, 126]"
collapse_excess,40,"[40, -120, 128]",5,5,"[-120, 128]"
collapse_excess,40,"[40, -120, 129]",14,14,"[-120, 129]"
collapse_excess,40,"[40, -120, 130]",7,7,"[-120, 130]"
collapse_excess,40,"[40, -120, 131]",7,7,"[-120, 131]"
collapse_excess,40,"[40, -120, 132]",10,10,"[-120, 132]"
collapse_excess,40,"[40, -120, 133]",7,7,"[-120, 133]"
collapse_excess,40,"[40, -120, 134]",2,2,"[-120, 134]"
collapse_excess,40,"[40, -120, 135]",7,7,"[-120, 135]"
collapse_excess,40,"[40, -120, 136]",2,2,"[-120, 136]"
collapse_excess,40,"[40, -120, 138]",2,2,"[-120, 138]"
collapse_excess,40,"[40, -120, 140]",1,1,"[-120, 140]"
collapse_excess,40,"[40, -120, 141]",1,1,"[-120, 141]"
collapse_excess,40,"[40, -120, 142]",2,2,"[-120, 142]"
collapse_excess,40,"[40, -120, 151]",1,1,"[-120, 151]"
collapse_excess,40,"[40, -120, 152]",2,2,"[-120, 152]"
collapse_excess,40,"[40, -120, 153]",2,2,"[-120, 153]"
collapse_excess,40,"[40, -120, 154]",2,2,"[-120, 154]"
collapse_excess,40,"[40, -120, 156]",18,18,"[-120, 156]"
collapse_excess,40,"[40, -120, 158]",2,2,"[-120, 158]"
collapse_excess,40,"[40, -120, 160]",46,46,"[-120, 160]"
collapse_excess,40,"[40, -120, 161]",8,8,"[-120, 161]"
collapse_excess,40,"[40, -120, 162]",2,2,"[-120, 162]"
collapse_excess,40,"[40, -120, 163]",2,2,"[-120, 163]"
collapse_excess,40,"[40, -120, 165]",11,11,"[-120, 165]"
collapse_excess,40,"[40, -120, 166]",2,2,"[-120, 166]"
collapse_excess,40,"[40, -120, 168]",2,2,"[-120, 168]"
collapse_excess,40,"[40, -120, 175]",1,1,"[-120, 175]"
collapse_excess,40,"[40, -112, 131]",2,2,"[-112, 131]"
collapse_excess,40,"[40, -112, 133]",3,3,"[-112, 133]"
collapse_excess,40,"[40, -112, 134]",10,10,"[-112, 134]"
collapse_excess,40,"[40, -112, 135]",3,3,"[-112, 135]"
collapse_excess,40,"[40, -112, 136]",9,9,"[-112, 136]"
collapse_excess,40,"[40, -112, 137]",15,15,"[-112, 137]"
collapse_excess,40,"[40, -112, 138]",9,9,"[-112, 138]"
collapse_excess,40,"[40, -112, 139]",9,9,"[-112, 139]"
collapse_excess,40,"[40, -112, 140]",11,11,"[-112, 140]"
collapse_excess,40,"[40, -112, 141]",9,9,"[-112, 141]"
collapse_excess,40,"[40, -112, 143]",10,10,"[-112, 143]"
collapse_excess,40,"[40, -112, 144]",3,3,"[-112, 144]"
collapse_excess,40,"[40, -112, 146]",1,1,"[-112, 146]"
collapse_excess,40,"[40, -112, 147]",3,3,"[-112, 147]"
collapse_excess,40,"[40, -112, 148]",1,1,"[-112, 148]"
collapse_excess,40,"[40, -112, 149]",4,4,"[-112, 149]"
collapse_excess,40,"[40, -112, 150]",2,2,"[-112, 150]"
collapse_excess,40,"[40, -112, 153]",4,4,"[-112, 153]"
collapse_excess,40,"[40, -112, 154]",2,2,"[-112, 154]"
collapse_excess,40,"[40, -112, 155]",4,4,"[-112, 155]"
collapse_excess,40,"[40, -112, 156]",2,2,"[-112, 156]"
collapse_excess,40,"[40, -112, 158]",5,5,"[-112, 158]"
collapse_excess,40,"[40, -112, 159]",4,4,"[-112, 159]"
collapse_excess,40,"[40, -112, 161]",1,1,"[-112, 161]"
collapse_excess,40,"[40, -112, 164]",80,80,"[-112, 164]"
collapse_excess,40,"[40, -112, 168]",112,112,"[-112, 168]"
collapse_excess,40,"[40, -112, 169]",6,6,"[-112, 169]"
collapse_excess,40,"[40, -112, 170]",2,2,"[-112, 170]"
collapse_excess,40,"[40, -112, 171]",1,1,"[-112, 171]"
collapse_excess,40,"[40, -112, 172]",2,2,"[-112, 172]"
collapse_excess,40,"[40, -112, 173]",11,11,"[-112, 173]"
collapse_excess,40,"[40, -112, 176]",2,2,"[-112, 176]"
collapse_excess,40,"[40, -112, 179]",1,1,"[-112, 179]"
collapse_excess,40,"[40, -112, 185]",1,1,"[-112, 185]"
collapse_excess,40,"[40, -112, 187]",1,1,"[-112, 187]"
collapse_excess,40,"[40, -104, 142]",11,11,"[-104, 142]"
collapse_excess,40,"[40, -104, 143]",3,3,"[-104, 143]"
collapse_excess,40,"[40, -104, 144]",9,9,"[-104, 144]"
collapse_excess,40,"[40, -104, 145]",15,15,"[-104, 145]"
collapse_excess,40,"[40, -104, 146]",13,13,"[-104, 146]"
collapse_excess,40,"[40, -104, 147]",14,14,"[-104, 147]"
collapse_excess,40,"[40, -104, 148]",15,15,"[-104, 148]"
collapse_excess,40,"[40, -104, 149]",14,14,"[-104, 149]"
collapse_excess,40,"[40, -104, 150]",4,4,"[-104, 150]"
collapse_excess,40,"[40, -104, 151]",21,21,"[-104, 151]"
collapse_excess,40,"[40, -104, 152]",11,11,"[-104, 152]"
collapse_excess,40,"[40, -104, 153]",7,7,"[-104, 153]"
collapse_excess,40,"[40, -104, 154]",10,10,"[-104, 154]"
collapse_excess,40,"[40, -104, 155]",11,11,"[-104, 155]"
collapse_excess,40,"[40, -104, 156]",4,4,"[-104, 156]"
collapse_excess,40,"[40, -104, 157]",10,10,"[-104, 157]"
collapse_excess,40,"[40, -104, 158]",4,4,"[-104, 158]"
collapse_excess,40,"[40, -104, 159]",1,1,"[-104, 159]"
collapse_excess,40,"[40, -104, 160]",9,9,"[-104, 160]"
collapse_excess,40,"[40, -104, 162]",6,6,"[-104, 162]"
collapse_excess,40,"[40, -104, 169]",1,1,"[-104, 169]"
collapse_excess,40,"[40, -104, 172]",143,143,"[-104, 172]"
collapse_excess,40,"[40, -104, 174]",1,1,"[-104, 174]"
collapse_excess,40,"[40, -104, 175]",2,2,"[-104, 175]"
collapse_excess,40,"[40, -104, 176]",132,132,"[-104, 176]"
collapse_excess,40,"[40, -104, 177]",7,7,"[-104, 177]"
collapse_excess,40,"[40, -104, 179]",1,1,"[-104, 179]"
collapse_excess,40,"[40, -104, 180]",1,1,"[-104, 180]"
collapse_excess,40,"[40, -104, 181]",11,11,"[-104, 181]"
collapse_excess,40,"[40, -104, 183]",7,7,"[-104, 183]"
collapse_excess,40,"[40, -104, 185]",11,11,"[-104, 185]"
collapse_excess,40,"[40, -104, 189]",1,1,"[-104, 189]"
collapse_excess,40,"[40, -104, 190]",1,1,"[-104, 190]"
collapse_excess,40,"[40, -104, 191]",2,2,"[-104, 191]"
collapse_excess,40,"[40, -104, 193]",1,1,"[-104, 193]"
collapse_excess,40,"[40, -104, 194]",3,3,"[-104, 194]"
collapse_excess,40,"[40, -104, 195]",1,1,"[-104, 195]"
collapse_excess,40,"[40, -104, 197]",1,1,"[-104, 197]"
collapse_excess,40,"[40, -96, 1]",8,8,"[-96, 1]"
collapse_excess,40,"[40, -96, 68]",1,1,"[-96, 68]"
collapse_excess,40,"[40, -96, 72]",1,1,"[-96, 72]"
collapse_excess,40,"[40, -96, 87]",3,3,"[-96, 87]"
collapse_excess,40,"[40, -96, 99]",1,1,"[-96, 99]"
collapse_excess,40,"[40, -96, 149]",7,7,"[-96, 149]"
collapse_excess,40,"[40, -96, 150]",13,13,"[-96, 150]"
collapse_excess,40,"[40, -96, 152]",4,4,"[-96, 152]"
collapse_excess,40,"[40, -96, 153]",5,5,"[-96, 153]"
collapse_excess,40,"[40, -96, 154]",6,6,"[-96, 154]"
collapse_excess,40,"[40, -96, 155]",4,4,"[-96, 155]"
collapse_excess,40,"[40, -96, 156]",6,6,"[-96, 156]"
collapse_excess,40,"[40, -96, 157]",4,4,"[-96, 157]"
collapse_excess,40,"[40, -96, 159]",4,4,"[-96, 159]"
collapse_excess,40,"[40, -96, 178]",1,1,"[-96, 178]"
collapse_excess,40,"[40, -96, 179]",4,4,"[-96, 179]"
collapse_excess,40,"[40, -96, 180]",128,128,"[-96, 180]"
collapse_excess,40,"[40, -96, 182]",1,1,"[-96, 182]"
collapse_excess,40,"[40, -96, 183]",6,6,"[-96, 183]"
collapse_excess,40,"[40, -96, 184]",114,114,"[-96, 184]"
collapse_excess,40,"[40, -96, 185]",11,11,"[-96, 185]"
collapse_excess,40,"[40, -96, 186]",15,15,"[-96, 186]"
collapse_excess,40,"[40, -96, 187]",23,23,"[-96, 187]"
collapse_excess,40,"[40, -96, 188]",9,9,"[-96, 188]"
collapse_excess,40,"[40, -96, 189]",33,33,"[-96, 189]"
collapse_excess,40,"[40, -96, 190]",80,80,"[-96, 190]"
collapse_excess,40,"[40, -96, 191]",59,59,"[-96, 191]"
collapse_excess,40,"[40, -96, 192]",8,8,"[-96, 192]"
collapse_excess,40,"[40, -96, 193]",55,55,"[-96, 193]"
collapse_excess,40,"[40, -96, 195]",16,16,"[-96, 195]"
collapse_excess,40,"[40, -96, 196]",1,1,"[-96, 196]"
collapse_excess,40,"[40, -96, 197]",6,6,"[-96, 197]"
collapse_excess,40,"[40, -96, 198]",6,6,"[-96, 198]"
collapse_excess,40,"[40, -96, 199]",5,5,"[-96, 199]"
collapse_excess,40,"[40, -96, 201]",1,1,"[-96, 201]"
collapse_excess,40,"[40, -96, 202]",10,10,"[-96, 202]"
collapse_excess,40,"[40, -96, 203]",1,1,"[-96, 203]"
collapse_excess,40,"[40, -96, 205]",1,1,"[-96, 205]"
collapse_excess,40,"[40, -88, 1]",4,4,"[-88, 1]"
collapse_excess,40,"[40, -88, 57]",2,2,"[-88, 57]"
collapse_excess,40,"[40, -88, 61]",1,1,"[-88, 61]"
collapse_excess,40,"[40, -88, 65]",1,1,"[-88, 65]"
collapse_excess,40,"[40, -88, 66]",4,4,"[-88, 66]"
collapse_excess,40,"[40, -88, 70]",2,2,"[-88, 70]"
collapse_excess,40,"[40, -88, 77]",2,2,"[-88, 77]"
collapse_excess,40,"[40, -88, 78]",1,1,"[-88, 78]"
collapse_excess,40,"[40, -88, 89]",1,1,"[-88, 89]"
collapse_excess,40,"[40, -88, 91]",7,7,"[-88, 91]"
collapse_excess,40,"[40, -88, 95]",11,11,"[-88, 95]"
collapse_excess,40,"[40, -88, 97]",5,5,"[-88, 97]"
collapse_excess,40,"[40, -88, 101]",30,30,"[-88, 101]"
collapse_excess,40,"[40, -88, 156]",3,3,"[-88, 156]"
collapse_excess,40,"[40, -88, 157]",1,1,"[-88, 157]"
collapse_excess,40,"[40, -88, 158]",5,5,"[-88, 158]"
collapse_excess,40,"[40, -88, 159]",2,2,"[-88, 159]"
collapse_excess,40,"[40, -88, 160]",5,5,"[-88, 160]"
collapse_excess,40,"[40, -88, 161]",5,5,"[-88, 161]"
collapse_excess,40,"[40, -88, 162]",4,4,"[-88, 162]"
collapse_excess,40,"[40, -88, 163]",5,5,"[-88, 163]"
collapse_excess,40,"[40, -88, 164]",2,2,"[-88, 164]"
collapse_excess,40,"[40, -88, 165]",6,6,"[-88, 165]"
collapse_excess,40,"[40, -88, 167]",5,5,"[-88, 167]"
collapse_excess,40,"[40, -88, 179]",2,2,"[-88, 179]"
collapse_excess,40,"[40, -88, 181]",2,2,"[-88, 181]"
collapse_excess,40,"[40, -88, 182]",2,2,"[-88, 182]"
collapse_excess,40,"[40, -88, 183]",2,2,"[-88, 183]"
collapse_excess,40,"[40, -88, 184]",1,1,"[-88, 184]"
collapse_excess,40,"[40, -88, 185]",3,3,"[-88, 185]"
collapse_excess,40,"[40, -88, 186]",7,7,"[-88, 186]"
collapse_excess,40,"[40, -88, 187]",8,8,"[-88, 187]"
collapse_excess,40,"[40, -88, 188]",127,127,"[-88, 188]"
collapse_excess,40,"[40, -88, 189]",2,2,"[-88, 189]"
collapse_excess,40,"[40, -88, 190]",4,4,"[-88, 190]"
collapse_excess,40,"[40, -88, 191]",10,10,"[-88, 191]"
collapse_excess,40,"[40, -88, 192]",163,163,"[-88, 192]"
collapse_excess,40,"[40, -88, 193]",12,12,"[-88, 193]"
collapse_excess,40,"[40, -88, 194]",238,238,"[-88, 194]"
collapse_excess,40,"[40, -88, 195]",113,113,"[-88, 195]"
collapse_excess,40,"[40, -88, 196]",48,48,"[-88, 196]"
collapse_excess,40,"[40, -88, 197]",100,100,"[-88, 197]"
collapse_excess,40,"[40, -88, 198]",529,529,"[-88, 198]"
collapse_excess,40,"[40, -88, 199]",225,225,"[-88, 199]"
collapse_excess,40,"[40, -88, 200]",76,76,"[-88, 200]"
collapse_excess,40,"[40, -88, 201]",147,147,"[-88, 201]"
collapse_excess,40,"[40, -88, 202]",17,17,"[-88, 202]"
collapse_excess,40,"[40, -88, 203]",63,63,"[-88, 203]"
collapse_excess,40,"[40, -88, 204]",21,21,"[-88, 204]"
collapse_excess,40,"[40, -88, 205]",36,36,"[-88, 205]"
collapse_excess,40,"[40, -88, 206]",15,15,"[-88, 206]"
collapse_excess,40,"[40, -88, 207]",12,12,"[-88, 207]"
collapse_excess,40,"[40, -88, 209]",1,1,"[-88, 209]"
collapse_excess,40,"[40, -88, 210]",21,21,"[-88, 210]"
collapse_excess,40,"[40, -88, 211]",1,1,"[-88, 211]"
collapse_excess,40,"[40, -88, 213]",1,1,"[-88, 213]"
collapse_excess,40,"[40, -80, 1]",26,26,"[-80, 1]"
collapse_excess,40,"[40, -80, 7]",47,47,"[-80, 7]"
collapse_excess,40,"[40, -80, 13]",1,1,"[-80, 13]"
collapse_excess,40,"[40, -80, 21]",1,1,"[-80, 21]"
collapse_excess,40,"[40, -80, 37]",1,1,"[-80, 37]"
collapse_excess,40,"[40, -80, 55]",1,1,"[-80, 55]"
collapse_excess,40,"[40, -80, 59]",4,4,"[-80, 59]"
collapse_excess,40,"[40, -80, 62]",4,4,"[-80, 62]"
collapse_excess,40,"[40, -80, 63]",1,1,"[-80, 63]"
collapse_excess,40,"[40, -80, 68]",4,4,"[-80, 68]"
collapse_excess,40,"[40, -80, 72]",1,1,"[-80, 72]"
collapse_excess,40,"[40, -80, 73]",2,2,"[-80, 73]"
collapse_excess,40,"[40, -80, 76]",2,2,"[-80, 76]"
collapse_excess,40,"[40, -80, 77]",1,1,"[-80, 77]"
collapse_excess,40,"[40, -80, 84]",1,1,"[-80, 84]"
collapse_excess,40,"[40, -80, 85]",2,2,"[-80, 85]"
collapse_excess,40,"[40, -80, 93]",1,1,"[-80, 93]"
collapse_excess,40,"[40, -80, 97]",10,10,"[-80, 97]"
collapse_excess,40,"[40, -80, 99]",15,15,"[-80, 99]"
collapse_excess,40,"[40, -80, 103]",140,140,"[-80, 103]"
collapse_excess,40,"[40, -80, 105]",91,91,"[-80, 105]"
collapse_excess,40,"[40, -80, 106]",330,330,"[-80, 106]"
collapse_excess,40,"[40, -80, 109]",441,441,"[-80, 109]"
collapse_excess,40,"[40, -80, 111]",2,2,"[-80, 111]"
collapse_excess,40,"[40, -80, 115]",173,173,"[-80, 115]"
collapse_excess,40,"[40, -80, 121]",2,2,"[-80, 121]"
collapse_excess,40,"[40, -80, 163]",2,2,"[-80, 163]"
collapse_excess,40,"[40, -80, 165]",13,13,"[-80, 165]"
collapse_excess,40,"[40, -80, 166]",2,2,"[-80, 166]"
collapse_excess,40,"[40, -80, 168]",3,3,"[-80, 168]"
collapse_excess,40,"[40, -80, 169]",2,2,"[-80, 169]"
collapse_excess,40,"[40, -80, 171]",3,3,"[-80, 171]"
collapse_excess,40,"[40, -80, 172]",3,3,"[-80, 172]"
collapse_excess,40,"[40, -80, 173]",3,3,"[-80, 173]"
collapse_excess,40,"[40, -80, 175]",1,1,"[-80, 175]"
collapse_excess,40,"[40, -80, 176]",1,1,"[-80, 176]"
collapse_excess,40,"[40, -80, 177]",2,2,"[-80, 177]"
collapse_excess,40,"[40, -80, 179]",1,1,"[-80, 179]"
collapse_excess,40,"[40, -80, 180]",1,1,"[-80, 180]"
collapse_excess,40,"[40, -80, 181]",2,2,"[-80, 181]"
collapse_excess,40,"[40, -80, 185]",2,2,"[-80, 185]"
collapse_excess,40,"[40, -80, 187]",6,6,"[-80, 187]"
collapse_excess,40,"[40, -80, 188]",1,1,"[-80, 188]"
collapse_excess,40,"[40, -80, 189]",5,5,"[-80, 189]"
collapse_excess,40,"[40, -80, 190]",6,6,"[-80, 190]"
collapse_excess,40,"[40, -80, 191]",6,6,"[-80, 191]"
collapse_excess,40,"[40, -80, 192]",1,1,"[-80, 192]"
collapse_excess,40,"[40, -80, 193]",13,13,"[-80, 193]"
collapse_excess,40,"[40, -80, 194]",17,17,"[-80, 194]"
collapse_excess,40,"[40, -80, 195]",12,12,"[-80, 195]"
collapse_excess,40,"[40, -80, 196]",170,170,"[-80, 196]"
collapse_excess,40,"[40, -80, 197]",15,15,"[-80, 197]"
collapse_excess,40,"[40, -80, 198]",11,11,"[-80, 198]"
collapse_excess,40,"[40, -80, 199]",22,22,"[-80, 199]"
collapse_excess,40,"[40, -80, 200]",236,236,"[-80, 200]"
collapse_excess,40,"[40, -80, 201]",39,39,"[-80, 201]"
collapse_excess,40,"[40, -80, 202]",933,933,"[-80, 202]"
collapse_excess,40,"[40, -80, 203]",190,190,"[-80, 203]"
collapse_excess,40,"[40, -80, 204]",243,243,"[-80, 204]"
collapse_excess,40,"[40, -80, 205]",123,123,"[-80, 205]"
collapse_excess,40,"[40, -80, 206]",1485,1485,"[-80, 206]"
collapse_excess,40,"[40, -80, 207]",403,403,"[-80, 207]"
collapse_excess,40,"[40, -80, 208]",439,439,"[-80, 208]"
collapse_excess,40,"[40, -80, 209]",234,234,"[-80, 209]"
collapse_excess,40,"[40, -80, 210]",38,38,"[-80, 210]"
collapse_excess,40,"[40, -80, 211]",103,103,"[-80, 211]"
collapse_excess,40,"[40, -80, 212]",134,134,"[-80, 212]"
collapse_excess,40,"[40, -80, 213]",135,135,"[-80, 213]"
collapse_excess,40,"[40, -80, 214]",29,29,"[-80, 214]"
collapse_excess,40,"[40, -80, 215]",23,23,"[-80, 215]"
collapse_excess,40,"[40, -80, 217]",38,38,"[-80, 217]"
collapse_excess,40,"[40, -80, 218]",39,39,"[-80, 218]"
collapse_excess,40,"[40, -80, 219]",1,1,"[-80, 219]"
collapse_excess,40,"[40, -80, 221]",1,1,"[-80, 221]"
collapse_excess,40,"[40, -80, 224]",1,1,"[-80, 224]"
collapse_excess,40,"[40, -72, 1]",4,4,"[-72, 1]"
collapse_excess,40,"[40, -72, 13]",46,46,"[-72, 13]"
collapse_excess,40,"[40, -72, 28]",1,1,"[-72, 28]"
collapse_excess,40,"[40, -72, 33]",81,81,"[-72, 33]"
collapse_excess,40,"[40, -72, 35]",30,30,"[-72, 35]"
collapse_excess,40,"[40, -72, 39]",15,15,"[-72, 39]"
collapse_excess,40,"[40, -72, 40]",1,1,"[-72, 40]"
collapse_excess,40,"[40, -72, 44]",1,1,"[-72, 44]"
collapse_excess,40,"[40, -72, 45]",1,1,"[-72, 45]"
collapse_excess,40,"[40, -72, 47]",1,1,"[-72, 47]"
collapse_excess,40,"[40, -72, 51]",1,1,"[-72, 51]"
collapse_excess,40,"[40, -72, 57]",4,4,"[-72, 57]"
collapse_excess,40,"[40, -72, 60]",9,9,"[-72, 60]"
collapse_excess,40,"[40, -72, 62]",2,2,"[-72, 62]"
collapse_excess,40,"[40, -72, 64]",7,7,"[-72, 64]"
collapse_excess,40,"[40, -72, 69]",2,2,"[-72, 69]"
collapse_excess,40,"[40, -72, 70]",8,8,"[-72, 70]"
collapse_excess,40,"[40, -72, 71]",2,2,"[-72, 71]"
collapse_excess,40,"[40, -72, 72]",1,1,"[-72, 72]"
collapse_excess,40,"[40, -72, 74]",4,4,"[-72, 74]"
collapse_excess,40,"[40, -72, 75]",4,4,"[-72, 75]"
collapse_excess,40,"[40, -72, 76]",5,5,"[-72, 76]"
collapse_excess,40,"[40, -72, 78]",3,3,"[-72, 78]"
collapse_excess,40,"[40, -72, 80]",2,2,"[-72, 80]"
collapse_excess,40,"[40, -72, 81]",1,1,"[-72, 81]"
collapse_excess,40,"[40, -72, 82]",4,4,"[-72, 82]"
collapse_excess,40,"[40, -72, 83]",1,1,"[-72, 83]"
collapse_excess,40,"[40, -72, 99]",3,3,"[-72, 99]"
collapse_excess,40,"[40, -72, 106]",54,54,"[-72, 106]"
collapse_excess,40,"[40, -72, 112]",14,14,"[-72, 112]"
collapse_excess,40,"[40, -72, 113]",3,3,"[-72, 113]"
collapse_excess,40,"[40, -72, 114]",253,253,"[-72, 114]"
collapse_excess,40,"[40, -72, 118]",108,108,"[-72, 118]"
collapse_excess,40,"[40, -72, 119]",3,3,"[-72, 119]"
collapse_excess,40,"[40, -72, 120]",120,120,"[-72, 120]"
collapse_excess,40,"[40, -72, 124]",55,55,"[-72, 124]"
collapse_excess,40,"[40, -72, 126]",1,1,"[-72, 126]"
collapse_excess,40,"[40, -72, 130]",1,1,"[-72, 130]"
collapse_excess,40,"[40, -72, 207]",20,20,"[-72, 207]"
collapse_excess,40,"[40, -72, 210]",2,2,"[-72, 210]"
collapse_excess,40,"[40, -72, 212]",72,72,"[-72, 212]"
collapse_excess,40,"[40, -72, 213]",1348,1348,"[-72, 213]"
collapse_excess,40,"[40, -72, 214]",150,150,"[-72, 214]"
collapse_excess,40,"[40, -72, 215]",86,86,"[-72, 215]"
collapse_excess,40,"[40, -72, 216]",199,199,"[-72, 216]"
collapse_excess,40,"[40, -72, 219]",2000,5204,"[-72, 219]"
collapse_excess,40,"[40, -72, 220]",296,296,"[-72, 220]"
collapse_excess,40,"[40, -72, 221]",477,477,"[-72, 221]"
collapse_excess,40,"[40, -72, 222]",119,119,"[-72, 222]"
collapse_excess,40,"[40, -72, 225]",5,5,"[-72, 225]"
collapse_excess,40,"[40, -72, 226]",54,54,"[-72, 226]"
collapse_excess,40,"[40, -72, 227]",135,135,"[-72, 227]"
collapse_excess,40,"[40, -72, 228]",10,10,"[-72, 228]"
collapse_excess,40,"[40, -72, 233]",1,1,"[-72, 233]"
collapse_excess,40,"[40, -64, 19]",1,1,"[-64, 19]"
collapse_excess,40,"[40, -64, 21]",1,1,"[-64, 21]"
collapse_excess,40,"[40, -64, 29]",80,80,"[-64, 29]"
collapse_excess,40,"[40, -64, 30]",1,1,"[-64, 30]"
collapse_excess,40,"[40, -64, 31]",22,22,"[-64, 31]"
collapse_excess,40,"[40, -64, 32]",1,1,"[-64, 32]"
collapse_excess,40,"[40, -64, 33]",9,9,"[-64, 33]"
collapse_excess,40,"[40, -64, 35]",47,47,"[-64, 35]"
collapse_excess,40,"[40, -64, 36]",3,3,"[-64, 36]"
collapse_excess,40,"[40, -64, 39]",1,1,"[-64, 39]"
collapse_excess,40,"[40, -64, 40]",4,4,"[-64, 40]"
collapse_excess,40,"[40, -64, 41]",28,28,"[-64, 41]"
collapse_excess,40,"[40, -64, 42]",1,1,"[-64, 42]"
collapse_excess,40,"[40, -64, 43]",2,2,"[-64, 43]"
collapse_excess,40,"[40, -64, 45]",21,21,"[-64, 45]"
collapse_excess,40,"[40, -64, 46]",1,1,"[-64, 46]"
collapse_excess,40,"[40, -64, 47]",19,19,"[-64, 47]"
collapse_excess,40,"[40, -64, 48]",2,2,"[-64, 48]"
collapse_excess,40,"[40, -64, 49]",14,14,"[-64, 49]"
collapse_excess,40,"[40, -64, 50]",7,7,"[-64, 50]"
collapse_excess,40,"[40, -64, 51]",10,10,"[-64, 51]"
collapse_excess,40,"[40, -64, 53]",6,6,"[-64, 53]"
collapse_excess,40,"[40, -64, 54]",15,15,"[-64, 54]"
collapse_excess,40,"[40, -64, 56]",13,13,"[-64, 56]"
collapse_excess,40,"[40, -64, 57]",6,6,"[-64, 57]"
collapse_excess,40,"[40, -64, 58]",16,16,"[-64, 58]"
collapse_excess,40,"[40, -64, 59]",18,18,"[-64, 59]"
collapse_excess,40,"[40, -64, 60]",3,3,"[-64, 60]"
collapse_excess,40,"[40, -64, 61]",2,2,"[-64, 61]"
collapse_excess,40,"[40, -64, 62]",7,7,"[-64, 62]"
collapse_excess,40,"[40, -64, 63]",20,20,"[-64, 63]"
collapse_excess,40,"[40, -64, 64]",3,3,"[-64, 64]"
collapse_excess,40,"[40, -64, 65]",2,2,"[-64, 65]"
collapse_excess,40,"[40, -64, 66]",10,10,"[-64, 66]"
collapse_excess,40,"[40, -64, 67]",12,12,"[-64, 67]"
collapse_excess,40,"[40, -64, 69]",1,1,"[-64, 69]"
collapse_excess,40,"[40, -64, 71]",6,6,"[-64, 71]"
collapse_excess,40,"[40, -64, 72]",2,2,"[-64, 72]"
collapse_excess,40,"[40, -64, 73]",2,2,"[-64, 73]"
collapse_excess,40,"[40, -64, 77]",2,2,"[-64, 77]"
collapse_excess,40,"[40, -64, 79]",1,1,"[-64, 79]"
collapse_excess,40,"[40, -64, 80]",4,4,"[-64, 80]"
collapse_excess,40,"[40, -64, 83]",2,2,"[-64, 83]"
collapse_excess,40,"[40, -64, 84]",5,5,"[-64, 84]"
collapse_excess,40,"[40, -64, 86]",5,5,"[-64, 86]"
collapse_excess,40,"[40, -64, 89]",1,1,"[-64, 89]"
collapse_excess,40,"[40, -64, 90]",9,9,"[-64, 90]"
collapse_excess,40,"[40, -64, 107]",1,1,"[-64, 107]"
collapse_excess,40,"[40, -64, 110]",1,1,"[-64, 110]"
collapse_excess,40,"[40, -64, 114]",1,1,"[-64, 114]"
collapse_excess,40,"[40, -64, 207]",2,2,"[-64, 207]"
collapse_excess,40,"[40, -64, 209]",10,10,"[-64, 209]"
collapse_excess,40,"[40, -64, 210]",2,2,"[-64, 210]"
collapse_excess,40,"[40, -64, 213]",9,9,"[-64, 213]"
collapse_excess,40,"[40, -64, 215]",2,2,"[-64, 215]"
collapse_excess,40,"[40, -64, 216]",16,16,"[-64, 216]"
collapse_excess,40,"[40, -64, 217]",16,16,"[-64, 217]"
collapse_excess,40,"[40, -64, 218]",49,49,"[-64, 218]"
collapse_excess,40,"[40, -64, 219]",66,66,"[-64, 219]"
collapse_excess,40,"[40, -64, 220]",13,13,"[-64, 220]"
collapse_excess,40,"[40, -64, 222]",45,45,"[-64, 222]"
collapse_excess,40,"[40, -64, 223]",2,2,"[-64, 223]"
collapse_excess,40,"[40, -64, 224]",49,49,"[-64, 224]"
collapse_excess,40,"[40, -64, 225]",17,17,"[-64, 225]"
collapse_excess,40,"[40, -64, 226]",1,1,"[-64, 226]"
collapse_excess,40,"[40, -64, 228]",3,3,"[-64, 228]"
collapse_excess,40,"[40, -56, 1]",3,3,"[-56, 1]"
collapse_excess,40,"[40, -56, 25]",21,21,"[-56, 25]"
collapse_excess,40,"[40, -56, 27]",5,5,"[-56, 27]"
collapse_excess,40,"[40, -56, 28]",6,6,"[-56, 28]"
collapse_excess,40,"[40, -56, 29]",11,11,"[-56, 29]"
collapse_excess,40,"[40, -56, 31]",28,28,"[-56, 31]"
collapse_excess,40,"[40, -56, 32]",5,5,"[-56, 32]"
collapse_excess,40,"[40, -56, 33]",71,71,"[-56, 33]"
collapse_excess,40,"[40, -56, 34]",1,1,"[-56, 34]"
collapse_excess,40,"[40, -56, 35]",29,29,"[-56, 35]"
collapse_excess,40,"[40, -56, 36]",1,1,"[-56, 36]"
collapse_excess,40,"[40, -56, 37]",28,28,"[-56, 37]"
collapse_excess,40,"[40, -56, 38]",41,41,"[-56, 38]"
collapse_excess,40,"[40, -56, 39]",7,7,"[-56, 39]"
collapse_excess,40,"[40, -56, 40]",11,11,"[-56, 40]"
collapse_excess,40,"[40, -56, 41]",26,26,"[-56, 41]"
collapse_excess,40,"[40, -56, 42]",10,10,"[-56, 42]"
collapse_excess,40,"[40, -56, 43]",34,34,"[-56, 43]"
collapse_excess,40,"[40, -56, 44]",9,9,"[-56, 44]"
collapse_excess,40,"[40, -56, 45]",8,8,"[-56, 45]"
collapse_excess,40,"[40, -56, 46]",39,39,"[-56, 46]"
collapse_excess,40,"[40, -56, 47]",74,74,"[-56, 47]"
collapse_excess,40,"[40, -56, 48]",1,1,"[-56, 48]"
collapse_excess,40,"[40, -56, 49]",18,18,"[-56, 49]"
collapse_excess,40,"[40, -56, 50]",21,21,"[-56, 50]"
collapse_excess,40,"[40, -56, 51]",110,110,"[-56, 51]"
collapse_excess,40,"[40, -56, 52]",34,34,"[-56, 52]"
collapse_excess,40,"[40, -56, 53]",66,66,"[-56, 53]"
collapse_excess,40,"[40, -56, 54]",34,34,"[-56, 54]"
collapse_excess,40,"[40, -56, 55]",119,119,"[-56, 55]"
collapse_excess,40,"[40, -56, 56]",109,109,"[-56, 56]"
collapse_excess,40,"[40, -56, 57]",102,102,"[-56, 57]"
collapse_excess,40,"[40, -56, 58]",85,85,"[-56, 58]"
collapse_excess,40,"[40, -56, 59]",39,39,"[-56, 59]"
collapse_excess,40,"[40, -56, 60]",74,74,"[-56, 60]"
collapse_excess,40,"[40, -56, 61]",185,185,"[-56, 61]"
collapse_excess,40,"[40, -56, 62]",133,133,"[-56, 62]"
collapse_excess,40,"[40, -56, 63]",43,43,"[-56, 63]"
collapse_excess,40,"[40, -56, 64]",97,97,"[-56, 64]"
collapse_excess,40,"[40, -56, 65]",27,27,"[-56, 65]"
collapse_excess,40,"[40, -56, 66]",13,13,"[-56, 66]"
collapse_excess,40,"[40, -56, 67]",40,40,"[-56, 67]"
collapse_excess,40,"[40, -56, 68]",54,54,"[-56, 68]"
collapse_excess,40,"[40, -56, 69]",47,47,"[-56, 69]"
collapse_excess,40,"[40, -56, 70]",12,12,"[-56, 70]"
collapse_excess,40,"[40, -56, 71]",29,29,"[-56, 71]"
collapse_excess,40,"[40, -56, 73]",9,9,"[-56, 73]"
collapse_excess,40,"[40, -56, 74]",10,10,"[-56, 74]"
collapse_excess,40,"[40, -56, 75]",15,15,"[-56, 75]"
collapse_excess,40,"[40, -56, 80]",1,1,"[-56, 80]"
collapse_excess,40,"[40, -56, 87]",1,1,"[-56, 87]"
collapse_excess,40,"[40, -56, 93]",17,17,"[-56, 93]"
collapse_excess,40,"[40, -56, 94]",1,1,"[-56, 94]"
collapse_excess,40,"[40, -56, 99]",20,20,"[-56, 99]"
collapse_excess,40,"[40, -56, 112]",2,2,"[-56, 112]"
collapse_excess,40,"[40, -56, 116]",2,2,"[-56, 116]"
collapse_excess,40,"[40, -56, 203]",3,3,"[-56, 203]"
collapse_excess,40,"[40, -56, 205]",2,2,"[-56, 205]"
collapse_excess,40,"[40, -56, 215]",1,1,"[-56, 215]"
collapse_excess,40,"[40, -56, 218]",9,9,"[-56, 218]"
collapse_excess,40,"[40, -56, 219]",3,3,"[-56, 219]"
collapse_excess,40,"[40, -56, 220]",24,24,"[-56, 220]"
collapse_excess,40,"[40, -56, 221]",7,7,"[-56, 221]"
collapse_excess,40,"[40, -56, 222]",1,1,"[-56, 222]"
collapse_excess,40,"[40, -56, 224]",5,5,"[-56, 224]"
collapse_excess,40,"[40, -56, 226]",2,2,"[-56, 226]"
collapse_excess,40,"[40, -56, 230]",1,1,"[-56, 230]"
collapse_excess,40,"[40, -48, 23]",1,1,"[-48, 23]"
collapse_excess,40,"[40, -48, 25]",1,1,"[-48, 25]"
collapse_excess,40,"[40, -48, 33]",35,35,"[-48, 33]"
collapse_excess,40,"[40, -48, 34]",1,1,"[-48, 34]"
collapse_excess,40,"[40, -48, 35]",91,91,"[-48, 35]"
collapse_excess,40,"[40, -48, 36]",80,80,"[-48, 36]"
collapse_excess,40,"[40, -48, 37]",33,33,"[-48, 37]"
collapse_excess,40,"[40, -48, 38]",2,2,"[-48, 38]"
collapse_excess,40,"[40, -48, 39]",75,75,"[-48, 39]"
collapse_excess,40,"[40, -48, 40]",4,4,"[-48, 40]"
collapse_excess,40,"[40, -48, 41]",83,83,"[-48, 41]"
collapse_excess,40,"[40, -48, 42]",2,2,"[-48, 42]"
collapse_excess,40,"[40, -48, 43]",56,56,"[-48, 43]"
collapse_excess,40,"[40, -48, 44]",26,26,"[-48, 44]"
collapse_excess,40,"[40, -48, 45]",115,115,"[-48, 45]"
collapse_excess,40,"[40, -48, 46]",4,4,"[-48, 46]"
collapse_excess,40,"[40, -48, 47]",107,107,"[-48, 47]"
collapse_excess,40,"[40, -48, 48]",44,44,"[-48, 48]"
collapse_excess,40,"[40, -48, 49]",69,69,"[-48, 49]"
collapse_excess,40,"[40, -48, 50]",3,3,"[-48, 50]"
collapse_excess,40,"[40, -48, 51]",141,141,"[-48, 51]"
collapse_excess,40,"[40, -48, 52]",101,101,"[-48, 52]"
collapse_excess,40,"[40, -48, 53]",131,131,"[-48, 53]"
collapse_excess,40,"[40, -48, 54]",51,51,"[-48, 54]"
collapse_excess,40,"[40, -48, 55]",71,71,"[-48, 55]"
collapse_excess,40,"[40, -48, 56]",45,45,"[-48, 56]"
collapse_excess,40,"[40, -48, 57]",172,172,"[-48, 57]"
collapse_excess,40,"[40, -48, 58]",146,146,"[-48, 58]"
collapse_excess,40,"[40, -48, 59]",221,221,"[-48, 59]"
collapse_excess,40,"[40, -48, 60]",226,226,"[-48, 60]"
collapse_excess,40,"[40, -48, 61]",114,114,"[-48, 61]"
collapse_excess,40,"[40, -48, 62]",145,145,"[-48, 62]"
collapse_excess,40,"[40, -48, 63]",271,271,"[-48, 63]"
collapse_excess,40,"[40, -48, 64]",368,368,"[-48, 64]"
collapse_excess,40,"[40, -48, 65]",618,618,"[-48, 65]"
collapse_excess,40,"[40, -48, 66]",370,370,"[-48, 66]"
collapse_excess,40,"[40, -48, 67]",61,61,"[-48, 67]"
collapse_excess,40,"[40, -48, 68]",153,153,"[-48, 68]"
collapse_excess,40,"[40, -48, 69]",175,175,"[-48, 69]"
collapse_excess,40,"[40, -48, 70]",266,266,"[-48, 70]"
collapse_excess,40,"[40, -48, 71]",240,240,"[-48, 71]"
collapse_excess,40,"[40, -48, 72]",112,112,"[-48, 72]"
collapse_excess,40,"[40, -48, 73]",86,86,"[-48, 73]"
collapse_excess,40,"[40, -48, 74]",58,58,"[-48, 74]"
collapse_excess,40,"[40, -48, 75]",86,86,"[-48, 75]"
collapse_excess,40,"[40, -48, 76]",51,51,"[-48, 76]"
collapse_excess,40,"[40, -48, 77]",111,111,"[-48, 77]"
collapse_excess,40,"[40, -48, 78]",78,78,"[-48, 78]"
collapse_excess,40,"[40, -48, 79]",1,1,"[-48, 79]"
collapse_excess,40,"[40, -48, 80]",2,2,"[-48, 80]"
collapse_excess,40,"[40, -48, 81]",151,151,"[-48, 81]"
collapse_excess,40,"[40, -48, 82]",12,12,"[-48, 82]"
collapse_excess,40,"[40, -48, 83]",48,48,"[-48, 83]"
collapse_excess,40,"[40, -48, 87]",27,27,"[-48, 87]"
collapse_excess,40,"[40, -48, 88]",1,1,"[-48, 88]"
collapse_excess,40,"[40, -48, 93]",4,4,"[-48, 93]"
collapse_excess,40,"[40, -48, 96]",3,3,"[-48, 96]"
collapse_excess,40,"[40, -48, 98]",3,3,"[-48, 98]"
collapse_excess,40,"[40, -48, 99]",1,1,"[-48, 99]"
collapse_excess,40,"[40, -48, 104]",1,1,"[-48, 104]"
collapse_excess,40,"[40, -48, 112]",2,2,"[-48, 112]"
collapse_excess,40,"[40, -48, 120]",1,1,"[-48, 120]"
collapse_excess,40,"[40, -48, 132]",1,1,"[-48, 132]"
collapse_excess,40,"[40, -48, 207]",1,1,"[-48, 207]"
collapse_excess,40,"[40, -48, 210]",1,1,"[-48, 210]"
collapse_excess,40,"[40, -48, 219]",6,6,"[-48, 219]"
collapse_excess,40,"[40, -48, 220]",4,4,"[-48, 220]"
collapse_excess,40,"[40, -48, 222]",23,23,"[-48, 222]"
collapse_excess,40,"[40, -48, 225]",4,4,"[-48, 225]"
collapse_excess,40,"[40, -48, 226]",4,4,"[-48, 226]"
collapse_excess,40,"[40, -48, 232]",1,1,"[-48, 232]"
collapse_excess,40,"[40, -48, 234]",2,2,"[-48, 234]"
collapse_excess,40,"[40, -48, 239]",5,5,"[-48, 239]"
collapse_excess,40,"[40, -40, 17]",3,3,"[-40, 17]"
collapse_excess,40,"[40, -40, 18]",2,2,"[-40, 18]"
collapse_excess,40,"[40, -40, 19]",6,6,"[-40, 19]"
collapse_excess,40,"[40, -40, 20]",1,1,"[-40, 20]"
collapse_excess,40,"[40, -40, 23]",18,18,"[-40, 23]"
collapse_excess,40,"[40, -40, 25]",1,1,"[-40, 25]"
collapse_excess,40,"[40, -40, 27]",9,9,"[-40, 27]"
collapse_excess,40,"[40, -40, 28]",2,2,"[-40, 28]"
collapse_excess,40,"[40, -40, 29]",10,10,"[-40, 29]"
collapse_excess,40,"[40, -40, 36]",1,1,"[-40, 36]"
collapse_excess,40,"[40, -40, 37]",1,1,"[-40, 37]"
collapse_excess,40,"[40, -40, 41]",51,51,"[-40, 41]"
collapse_excess,40,"[40, -40, 42]",2,2,"[-40, 42]"
collapse_excess,40,"[40, -40, 43]",175,175,"[-40, 43]"
collapse_excess,40,"[40, -40, 44]",6,6,"[-40, 44]"
collapse_excess,40,"[40, -40, 45]",53,53,"[-40, 45]"
collapse_excess,40,"[40, -40, 46]",51,51,"[-40, 46]"
collapse_excess,40,"[40, -40, 47]",106,106,"[-40, 47]"
collapse_excess,40,"[40, -40, 48]",12,12,"[-40, 48]"
collapse_excess,40,"[40, -40, 49]",100,100,"[-40, 49]"
collapse_excess,40,"[40, -40, 50]",80,80,"[-40, 50]"
collapse_excess,40,"[40, -40, 51]",137,137,"[-40, 51]"
collapse_excess,40,"[40, -40, 52]",45,45,"[-40, 52]"
collapse_excess,40,"[40, -40, 53]",98,98,"[-40, 53]"
collapse_excess,40,"[40, -40, 54]",62,62,"[-40, 54]"
collapse_excess,40,"[40, -40, 55]",272,272,"[-40, 55]"
collapse_excess,40,"[40, -40, 56]",93,93,"[-40, 56]"
collapse_excess,40,"[40, -40, 57]",67,67,"[-40, 57]"
collapse_excess,40,"[40, -40, 58]",37,37,"[-40, 58]"
collapse_excess,40,"[40, -40, 59]",185,185,"[-40, 59]"
collapse_excess,40,"[40, -40, 60]",78,78,"[-40, 60]"
collapse_excess,40,"[40, -40, 61]",890,890,"[-40, 61]"
collapse_excess,40,"[40, -40, 62]",214,214,"[-40, 62]"
collapse_excess,40,"[40, -40, 63]",69,69,"[-40, 63]"
collapse_excess,40,"[40, -40, 64]",246,246,"[-40, 64]"
collapse_excess,40,"[40, -40, 65]",162,162,"[-40, 65]"
collapse_excess,40,"[40, -40, 66]",545,545,"[-40, 66]"
collapse_excess,40,"[40, -40, 67]",104,104,"[-40, 67]"
collapse_excess,40,"[40, -40, 68]",189,189,"[-40, 68]"
collapse_excess,40,"[40, -40, 69]",49,49,"[-40, 69]"
collapse_excess,40,"[40, -40, 70]",78,78,"[-40, 70]"
collapse_excess,40,"[40, -40, 71]",194,194,"[-40, 71]"
collapse_excess,40,"[40, -40, 72]",93,93,"[-40, 72]"
collapse_excess,40,"[40, -40, 73]",3,3,"[-40, 73]"
collapse_excess,40,"[40, -40, 74]",81,81,"[-40, 74]"
collapse_excess,40,"[40, -40, 75]",15,15,"[-40, 75]"
collapse_excess,40,"[40, -40, 76]",2,2,"[-40, 76]"
collapse_excess,40,"[40, -40, 77]",149,149,"[-40, 77]"
collapse_excess,40,"[40, -40, 78]",5,5,"[-40, 78]"
collapse_excess,40,"[40, -40, 80]",4,4,"[-40, 80]"
collapse_excess,40,"[40, -40, 81]",5,5,"[-40, 81]"
collapse_excess,40,"[40, -40, 83]",64,64,"[-40, 83]"
collapse_excess,40,"[40, -40, 84]",18,18,"[-40, 84]"
collapse_excess,40,"[40, -40, 86]",5,5,"[-40, 86]"
collapse_excess,40,"[40, -40, 87]",1,1,"[-40, 87]"
collapse_excess,40,"[40, -40, 89]",32,32,"[-40, 89]"
collapse_excess,40,"[40, -40, 99]",2,2,"[-40, 99]"
collapse_excess,40,"[40, -40, 105]",4,4,"[-40, 105]"
collapse_excess,40,"[40, -40, 108]",2,2,"[-40, 108]"
collapse_excess,40,"[40, -40, 111]",3,3,"[-40, 111]"
collapse_excess,40,"[40, -40, 116]",1,1,"[-40, 116]"
collapse_excess,40,"[40, -40, 122]",2,2,"[-40, 122]"
collapse_excess,40,"[40, -40, 214]",1,1,"[-40, 214]"
collapse_excess,40,"[40, -40, 221]",3,3,"[-40, 221]"
collapse_excess,40,"[40, -40, 223]",1,1,"[-40, 223]"
collapse_excess,40,"[40, -40, 224]",9,9,"[-40, 224]"
collapse_excess,40,"[40, -40, 225]",2,2,"[-40, 225]"
collapse_excess,40,"[40, -40, 228]",6,6,"[-40, 228]"
collapse_excess,40,"[40, -40, 233]",10,10,"[-40, 233]"
collapse_excess,40,"[40, -32, 23]",7,7,"[-32, 23]"
collapse_excess,40,"[40, -32, 25]",6,6,"[-32, 25]"
collapse_excess,40,"[40, -32, 26]",12,12,"[-32, 26]"
collapse_excess,40,"[40, -32, 27]",9,9,"[-32, 27]"
collapse_excess,40,"[40, -32, 29]",5,5,"[-32, 29]"
collapse_excess,40,"[40, -32, 31]",15,15,"[-32, 31]"
collapse_excess,40,"[40, -32, 32]",9,9,"[-32, 32]"
collapse_excess,40,"[40, -32, 33]",4,4,"[-32, 33]"
collapse_excess,40,"[40, -32, 34]",9,9,"[-32, 34]"
collapse_excess,40,"[40, -32, 35]",11,11,"[-32, 35]"
collapse_excess,40,"[40, -32, 36]",2,2,"[-32, 36]"
collapse_excess,40,"[40, -32, 37]",8,8,"[-32, 37]"
collapse_excess,40,"[40, -32, 38]",4,4,"[-32, 38]"
collapse_excess,40,"[40, -32, 39]",9,9,"[-32, 39]"
collapse_excess,40,"[40, -32, 40]",10,10,"[-32, 40]"
collapse_excess,40,"[40, -32, 41]",2,2,"[-32, 41]"
collapse_excess,40,"[40, -32, 43]",1,1,"[-32, 43]"
collapse_excess,40,"[40, -32, 44]",3,3,"[-32, 44]"
collapse_excess,40,"[40, -32, 46]",3,3,"[-32, 46]"
collapse_excess,40,"[40, -32, 47]",1,1,"[-32, 47]"
collapse_excess,40,"[40, -32, 48]",1,1,"[-32, 48]"
collapse_excess,40,"[40, -32, 49]",77,77,"[-32, 49]"
collapse_excess,40,"[40, -32, 50]",9,9,"[-32, 50]"
collapse_excess,40,"[40, -32, 51]",349,349,"[-32, 51]"
collapse_excess,40,"[40, -32, 52]",28,28,"[-32, 52]"
collapse_excess,40,"[40, -32, 53]",75,75,"[-32, 53]"
collapse_excess,40,"[40, -32, 54]",32,32,"[-32, 54]"
collapse_excess,40,"[40, -32, 55]",74,74,"[-32, 55]"
collapse_excess,40,"[40, -32, 56]",64,64,"[-32, 56]"
collapse_excess,40,"[40, -32, 57]",158,158,"[-32, 57]"
collapse_excess,40,"[40, -32, 58]",54,54,"[-32, 58]"
collapse_excess,40,"[40, -32, 59]",76,76,"[-32, 59]"
collapse_excess,40,"[40, -32, 60]",8,8,"[-32, 60]"
collapse_excess,40,"[40, -32, 61]",132,132,"[-32, 61]"
collapse_excess,40,"[40, -32, 62]",41,41,"[-32, 62]"
collapse_excess,40,"[40, -32, 63]",144,144,"[-32, 63]"
collapse_excess,40,"[40, -32, 64]",167,167,"[-32, 64]"
collapse_excess,40,"[40, -32, 65]",70,70,"[-32, 65]"
collapse_excess,40,"[40, -32, 66]",22,22,"[-32, 66]"
collapse_excess,40,"[40, -32, 67]",54,54,"[-32, 67]"
collapse_excess,40,"[40, -32, 68]",111,111,"[-32, 68]"
collapse_excess,40,"[40, -32, 69]",207,207,"[-32, 69]"
collapse_excess,40,"[40, -32, 70]",392,392,"[-32, 70]"
collapse_excess,40,"[40, -32, 71]",23,23,"[-32, 71]"
collapse_excess,40,"[40, -32, 72]",12,12,"[-32, 72]"
collapse_excess,40,"[40, -32, 73]",23,23,"[-32, 73]"
collapse_excess,40,"[40, -32, 74]",24,24,"[-32, 74]"
collapse_excess,40,"[40, -32, 75]",69,69,"[-32, 75]"
collapse_excess,40,"[40, -32, 76]",21,21,"[-32, 76]"
collapse_excess,40,"[40, -32, 77]",9,9,"[-32, 77]"
collapse_excess,40,"[40, -32, 78]",34,34,"[-32, 78]"
collapse_excess,40,"[40, -32, 79]",5,5,"[-32, 79]"
collapse_excess,40,"[40, -32, 80]",2,2,"[-32, 80]"
collapse_excess,40,"[40, -32, 82]",29,29,"[-32, 82]"
collapse_excess,40,"[40, -32, 84]",34,34,"[-32, 84]"
collapse_excess,40,"[40, -32, 85]",2,2,"[-32, 85]"
collapse_excess,40,"[40, -32, 86]",2,2,"[-32, 86]"
collapse_excess,40,"[40, -32, 87]",1,1,"[-32, 87]"
collapse_excess,40,"[40, -32, 88]",6,6,"[-32, 88]"
collapse_excess,40,"[40, -32, 89]",4,4,"[-32, 89]"
collapse_excess,40,"[40, -32, 90]",24,24,"[-32, 90]"
collapse_excess,40,"[40, -32, 91]",3,3,"[-32, 91]"
collapse_excess,40,"[40, -32, 95]",5,5,"[-32, 95]"
collapse_excess,40,"[40, -32, 96]",15,15,"[-32, 96]"
collapse_excess,40,"[40, -32, 106]",2,2,"[-32, 106]"
collapse_excess,40,"[40, -32, 112]",2,2,"[-32, 112]"
collapse_excess,40,"[40, -32, 118]",5,5,"[-32, 118]"
collapse_excess,40,"[40, -32, 124]",2,2,"[-32, 124]"
collapse_excess,40,"[40, -32, 126]",1,1,"[-32, 126]"
collapse_excess,40,"[40, -32, 130]",1,1,"[-32, 130]"
collapse_excess,40,"[40, -32, 136]",1,1,"[-32, 136]"
collapse_excess,40,"[40, -32, 226]",10,10,"[-32, 226]"
collapse_excess,40,"[40, -32, 228]",2,2,"[-32, 228]"
collapse_excess,40,"[40, -32, 229]",7,7,"[-32, 229]"
collapse_excess,40,"[40, -32, 230]",5,5,"[-32, 230]"
collapse_excess,40,"[40, -32, 232]",1,1,"[-32, 232]"
collapse_excess,40,"[40, -32, 236]",1,1,"[-32, 236]"
collapse_excess,40,"[40, -24, 23]",4,4,"[-24, 23]"
collapse_excess,40,"[40, -24, 25]",4,4,"[-24, 25]"
collapse_excess,40,"[40, -24, 26]",1,1,"[-24, 26]"
collapse_excess,40,"[40, -24, 27]",3,3,"[-24, 27]"
collapse_excess,40,"[40, -24, 28]",3,3,"[-24, 28]"
collapse_excess,40,"[40, -24, 29]",2,2,"[-24, 29]"
collapse_excess,40,"[40, -24, 30]",6,6,"[-24, 30]"
collapse_excess,40,"[40, -24, 31]",33,33,"[-24, 31]"
collapse_excess,40,"[40, -24, 32]",13,13,"[-24, 32]"
collapse_excess,40,"[40, -24, 33]",50,50,"[-24, 33]"
collapse_excess,40,"[40, -24, 34]",39,39,"[-24, 34]"
collapse_excess,40,"[40, -24, 35]",44,44,"[-24, 35]"
collapse_excess,40,"[40, -24, 36]",60,60,"[-24, 36]"
collapse_excess,40,"[40, -24, 37]",126,126,"[-24, 37]"
collapse_excess,40,"[40, -24, 38]",59,59,"[-24, 38]"
collapse_excess,40,"[40, -24, 39]",238,238,"[-24, 39]"
collapse_excess,40,"[40, -24, 40]",139,139,"[-24, 40]"
collapse_excess,40,"[40, -24, 41]",81,81,"[-24, 41]"
collapse_excess,40,"[40, -24, 42]",168,168,"[-24, 42]"
collapse_excess,40,"[40, -24, 43]",73,73,"[-24, 43]"
collapse_excess,40,"[40, -24, 44]",35,35,"[-24, 44]"
collapse_excess,40,"[40, -24, 45]",210,210,"[-24, 45]"
collapse_excess,40,"[40, -24, 46]",153,153,"[-24, 46]"
collapse_excess,40,"[40, -24, 47]",38,38,"[-24, 47]"
collapse_excess,40,"[40, -24, 48]",153,153,"[-24, 48]"
collapse_excess,40,"[40, -24, 49]",42,42,"[-24, 49]"
collapse_excess,40,"[40, -24, 50]",2,2,"[-24, 50]"
collapse_excess,40,"[40, -24, 51]",80,80,"[-24, 51]"
collapse_excess,40,"[40, -24, 52]",10,10,"[-24, 52]"
collapse_excess,40,"[40, -24, 53]",6,6,"[-24, 53]"
collapse_excess,40,"[40, -24, 54]",11,11,"[-24, 54]"
collapse_excess,40,"[40, -24, 55]",4,4,"[-24, 55]"
collapse_excess,40,"[40, -24, 57]",43,43,"[-24, 57]"
collapse_excess,40,"[40, -24, 58]",2,2,"[-24, 58]"
collapse_excess,40,"[40, -24, 59]",182,182,"[-24, 59]"
collapse_excess,40,"[40, -24, 60]",58,58,"[-24, 60]"
collapse_excess,40,"[40, -24, 61]",30,30,"[-24, 61]"
collapse_excess,40,"[40, -24, 62]",3,3,"[-24, 62]"
collapse_excess,40,"[40, -24, 63]",96,96,"[-24, 63]"
collapse_excess,40,"[40, -24, 64]",35,35,"[-24, 64]"
collapse_excess,40,"[40, -24, 65]",124,124,"[-24, 65]"
collapse_excess,40,"[40, -24, 66]",91,91,"[-24, 66]"
collapse_excess,40,"[40, -24, 67]",71,71,"[-24, 67]"
collapse_excess,40,"[40, -24, 68]",23,23,"[-24, 68]"
collapse_excess,40,"[40, -24, 69]",162,162,"[-24, 69]"
collapse_excess,40,"[40, -24, 70]",123,123,"[-24, 70]"
collapse_excess,40,"[40, -24, 71]",102,102,"[-24, 71]"
collapse_excess,40,"[40, -24, 72]",178,178,"[-24, 72]"
collapse_excess,40,"[40, -24, 73]",28,28,"[-24, 73]"
collapse_excess,40,"[40, -24, 74]",10,10,"[-24, 74]"
collapse_excess,40,"[40, -24, 75]",107,107,"[-24, 75]"
collapse_excess,40,"[40, -24, 76]",78,78,"[-24, 76]"
collapse_excess,40,"[40, -24, 77]",40,40,"[-24, 77]"
collapse_excess,40,"[40, -24, 78]",41,41,"[-24, 78]"
collapse_excess,40,"[40, -24, 79]",83,83,"[-24, 79]"
collapse_excess,40,"[40, -24, 80]",15,15,"[-24, 80]"
collapse_excess,40,"[40, -24, 81]",124,124,"[-24, 81]"
collapse_excess,40,"[40, -24, 82]",55,55,"[-24, 82]"
collapse_excess,40,"[40, -24, 83]",8,8,"[-24, 83]"
collapse_excess,40,"[40, -24, 84]",38,38,"[-24, 84]"
collapse_excess,40,"[40, -24, 85]",45,45,"[-24, 85]"
collapse_excess,40,"[40, -24, 86]",1,1,"[-24, 86]"
collapse_excess,40,"[40, -24, 87]",74,74,"[-24, 87]"
collapse_excess,40,"[40, -24, 88]",30,30,"[-24, 88]"
collapse_excess,40,"[40, -24, 89]",5,5,"[-24, 89]"
collapse_excess,40,"[40, -24, 90]",13,13,"[-24, 90]"
collapse_excess,40,"[40, -24, 91]",12,12,"[-24, 91]"
collapse_excess,40,"[40, -24, 93]",28,28,"[-24, 93]"
collapse_excess,40,"[40, -24, 94]",27,27,"[-24, 94]"
collapse_excess,40,"[40, -24, 95]",8,8,"[-24, 95]"
collapse_excess,40,"[40, -24, 96]",10,10,"[-24, 96]"
collapse_excess,40,"[40, -24, 97]",11,11,"[-24, 97]"
collapse_excess,40,"[40, -24, 98]",2,2,"[-24, 98]"
collapse_excess,40,"[40, -24, 99]",35,35,"[-24, 99]"
collapse_excess,40,"[40, -24, 100]",14,14,"[-24, 100]"
collapse_excess,40,"[40, -24, 101]",21,21,"[-24, 101]"
collapse_excess,40,"[40, -24, 102]",2,2,"[-24, 102]"
collapse_excess,40,"[40, -24, 103]",4,4,"[-24, 103]"
collapse_excess,40,"[40, -24, 105]",19,19,"[-24, 105]"
collapse_excess,40,"[40, -24, 106]",4,4,"[-24, 106]"
collapse_excess,40,"[40, -24, 107]",8,8,"[-24, 107]"
collapse_excess,40,"[40, -24, 108]",3,3,"[-24, 108]"
collapse_excess,40,"[40, -24, 112]",10,10,"[-24, 112]"
collapse_excess,40,"[40, -24, 118]",4,4,"[-24, 118]"
collapse_excess,40,"[40, -24, 124]",4,4,"[-24, 124]"
collapse_excess,40,"[40, -24, 130]",2,2,"[-24, 130]"
collapse_excess,40,"[40, -24, 146]",1,1,"[-24, 146]"
collapse_excess,40,"[40, -24, 227]",3,3,"[-24, 227]"
collapse_excess,40,"[40, -24, 228]",6,6,"[-24, 228]"
collapse_excess,40,"[40, -24, 231]",4,4,"[-24, 231]"
collapse_excess,40,"[40, -24, 232]",28,28,"[-24, 232]"
collapse_excess,40,"[40, -24, 233]",1,1,"[-24, 233]"
collapse_excess,40,"[40, -24, 234]",3,3,"[-24, 234]"
collapse_excess,40,"[40, -24, 237]",2,2,"[-24, 237]"
collapse_excess,40,"[40, -24, 238]",3,3,"[-24, 238]"
collapse_excess,40,"[40, -24, 239]",11,11,"[-24, 239]"
collapse_excess,40,"[40, -24, 240]",2,2,"[-24, 240]"
collapse_excess,40,"[40, -24, 252]",2,2,"[-24, 252]"
collapse_excess,40,"[40, -24, 256]",6,6,"[-24, 256]"
collapse_excess,40,"[40, -24, 258]",14,14,"[-24, 258]"
collapse_excess,40,"[40, -24, 262]",8,8,"[-24, 262]"
collapse_excess,40,"[40, -24, 263]",5,5,"[-24, 263]"
collapse_excess,40,"[40, -24, 264]",5,5,"[-24, 264]"
collapse_excess,40,"[40, -24, 267]",3,3,"[-24, 267]"
collapse_excess,40,"[40, -16, 30]",1,1,"[-16, 30]"
collapse_excess,40,"[40, -16, 31]",8,8,"[-16, 31]"
collapse_excess,40,"[40, -16, 32]",8,8,"[-16, 32]"
collapse_excess,40,"[40, -16, 33]",7,7,"[-16, 33]"
collapse_excess,40,"[40, -16, 34]",5,5,"[-16, 34]"
collapse_excess,40,"[40, -16, 35]",19,19,"[-16, 35]"
collapse_excess,40,"[40, -16, 36]",69,69,"[-16, 36]"
collapse_excess,40,"[40, -16, 37]",87,87,"[-16, 37]"
collapse_excess,40,"[40, -16, 38]",205,205,"[-16, 38]"
collapse_excess,40,"[40, -16, 39]",42,42,"[-16, 39]"
collapse_excess,40,"[40, -16, 40]",125,125,"[-16, 40]"
collapse_excess,40,"[40, -16, 41]",358,358,"[-16, 41]"
collapse_excess,40,"[40, -16, 42]",478,478,"[-16, 42]"
collapse_excess,40,"[40, -16, 43]",746,746,"[-16, 43]"
collapse_excess,40,"[40, -16, 44]",914,914,"[-16, 44]"
collapse_excess,40,"[40, -16, 45]",474,474,"[-16, 45]"
collapse_excess,40,"[40, -16, 46]",275,275,"[-16, 46]"
collapse_excess,40,"[40, -16, 47]",2000,2210,"[-16, 47]"
collapse_excess,40,"[40, -16, 48]",2000,2075,"[-16, 48]"
collapse_excess,40,"[40, -16, 49]",1082,1082,"[-16, 49]"
collapse_excess,40,"[40, -16, 50]",902,902,"[-16, 50]"
collapse_excess,40,"[40, -16, 51]",347,347,"[-16, 51]"
collapse_excess,40,"[40, -16, 52]",239,239,"[-16, 52]"
collapse_excess,40,"[40, -16, 53]",1525,1525,"[-16, 53]"
collapse_excess,40,"[40, -16, 54]",1913,1913,"[-16, 54]"
collapse_excess,40,"[40, -16, 55]",197,197,"[-16, 55]"
collapse_excess,40,"[40, -16, 56]",420,420,"[-16, 56]"
collapse_excess,40,"[40, -16, 57]",97,97,"[-16, 57]"
collapse_excess,40,"[40, -16, 58]",26,26,"[-16, 58]"
collapse_excess,40,"[40, -16, 59]",391,391,"[-16, 59]"
collapse_excess,40,"[40, -16, 60]",180,180,"[-16, 60]"
collapse_excess,40,"[40, -16, 61]",41,41,"[-16, 61]"
collapse_excess,40,"[40, -16, 62]",76,76,"[-16, 62]"
collapse_excess,40,"[40, -16, 63]",4,4,"[-16, 63]"
collapse_excess,40,"[40, -16, 64]",1,1,"[-16, 64]"
collapse_excess,40,"[40, -16, 65]",78,78,"[-16, 65]"
collapse_excess,40,"[40, -16, 66]",83,83,"[-16, 66]"
collapse_excess,40,"[40, -16, 67]",190,190,"[-16, 67]"
collapse_excess,40,"[40, -16, 68]",121,121,"[-16, 68]"
collapse_excess,40,"[40, -16, 69]",106,106,"[-16, 69]"
collapse_excess,40,"[40, -16, 70]",43,43,"[-16, 70]"
collapse_excess,40,"[40, -16, 71]",600,600,"[-16, 71]"
collapse_excess,40,"[40, -16, 72]",1499,1499,"[-16, 72]"
collapse_excess,40,"[40, -16, 73]",249,249,"[-16, 73]"
collapse_excess,40,"[40, -16, 74]",179,179,"[-16, 74]"
collapse_excess,40,"[40, -16, 75]",159,159,"[-16, 75]"
collapse_excess,40,"[40, -16, 76]",49,49,"[-16, 76]"
collapse_excess,40,"[40, -16, 77]",457,457,"[-16, 77]"
collapse_excess,40,"[40, -16, 78]",723,723,"[-16, 78]"
collapse_excess,40,"[40, -16, 79]",118,118,"[-16, 79]"
collapse_excess,40,"[40, -16, 80]",161,161,"[-16, 80]"
collapse_excess,40,"[40, -16, 81]",151,151,"[-16, 81]"
collapse_excess,40,"[40, -16, 82]",9,9,"[-16, 82]"
collapse_excess,40,"[40, -16, 83]",367,367,"[-16, 83]"
collapse_excess,40,"[40, -16, 84]",383,383,"[-16, 84]"
collapse_excess,40,"[40, -16, 85]",46,46,"[-16, 85]"
collapse_excess,40,"[40, -16, 86]",98,98,"[-16, 86]"
collapse_excess,40,"[40, -16, 87]",82,82,"[-16, 87]"
collapse_excess,40,"[40, -16, 88]",26,26,"[-16, 88]"
collapse_excess,40,"[40, -16, 89]",467,467,"[-16, 89]"
collapse_excess,40,"[40, -16, 90]",583,583,"[-16, 90]"
collapse_excess,40,"[40, -16, 91]",39,39,"[-16, 91]"
collapse_excess,40,"[40, -16, 92]",119,119,"[-16, 92]"
collapse_excess,40,"[40, -16, 93]",96,96,"[-16, 93]"
collapse_excess,40,"[40, -16, 94]",7,7,"[-16, 94]"
collapse_excess,40,"[40, -16, 95]",603,603,"[-16, 95]"
collapse_excess,40,"[40, -16, 96]",291,291,"[-16, 96]"
collapse_excess,40,"[40, -16, 97]",17,17,"[-16, 97]"
collapse_excess,40,"[40, -16, 98]",44,44,"[-16, 98]"
collapse_excess,40,"[40, -16, 99]",31,31,"[-16, 99]"
collapse_excess,40,"[40, -16, 101]",444,444,"[-16, 101]"
collapse_excess,40,"[40, -16, 102]",180,180,"[-16, 102]"
collapse_excess,40,"[40, -16, 103]",10,10,"[-16, 103]"
collapse_excess,40,"[40, -16, 104]",8,8,"[-16, 104]"
collapse_excess,40,"[40, -16, 105]",7,7,"[-16, 105]"
collapse_excess,40,"[40, -16, 106]",4,4,"[-16, 106]"
collapse_excess,40,"[40, -16, 107]",142,142,"[-16, 107]"
collapse_excess,40,"[40, -16, 108]",25,25,"[-16, 108]"
collapse_excess,40,"[40, -16, 109]",9,9,"[-16, 109]"
collapse_excess,40,"[40, -16, 110]",3,3,"[-16, 110]"
collapse_excess,40,"[40, -16, 111]",4,4,"[-16, 111]"
collapse_excess,40,"[40, -16, 112]",1,1,"[-16, 112]"
collapse_excess,40,"[40, -16, 113]",49,49,"[-16, 113]"
collapse_excess,40,"[40, -16, 114]",2,2,"[-16, 114]"
collapse_excess,40,"[40, -16, 115]",4,4,"[-16, 115]"
collapse_excess,40,"[40, -16, 116]",2,2,"[-16, 116]"
collapse_excess,40,"[40, -16, 119]",2,2,"[-16, 119]"
collapse_excess,40,"[40, -16, 120]",2,2,"[-16, 120]"
collapse_excess,40,"[40, -16, 122]",3,3,"[-16, 122]"
collapse_excess,40,"[40, -16, 125]",3,3,"[-16, 125]"
collapse_excess,40,"[40, -16, 126]",2,2,"[-16, 126]"
collapse_excess,40,"[40, -16, 128]",2,2,"[-16, 128]"
collapse_excess,40,"[40, -16, 132]",2,2,"[-16, 132]"
collapse_excess,40,"[40, -16, 134]",1,1,"[-16, 134]"
collapse_excess,40,"[40, -16, 136]",4,4,"[-16, 136]"
collapse_excess,40,"[40, -16, 138]",1,1,"[-16, 138]"
collapse_excess,40,"[40, -16, 140]",1,1,"[-16, 140]"
collapse_excess,40,"[40, -16, 144]",3,3,"[-16, 144]"
collapse_excess,40,"[40, -16, 146]",3,3,"[-16, 146]"
collapse_excess,40,"[40, -16, 150]",2,2,"[-16, 150]"
collapse_excess,40,"[40, -16, 154]",1,1,"[-16, 154]"
collapse_excess,40,"[40, -16, 156]",5,5,"[-16, 156]"
collapse_excess,40,"[40, -16, 158]",1,1,"[-16, 158]"
collapse_excess,40,"[40, -16, 162]",102,102,"[-16, 162]"
collapse_excess,40,"[40, -16, 164]",1,1,"[-16, 164]"
collapse_excess,40,"[40, -16, 167]",1,1,"[-16, 167]"
collapse_excess,40,"[40, -16, 168]",559,559,"[-16, 168]"
collapse_excess,40,"[40, -16, 169]",1,1,"[-16, 169]"
collapse_excess,40,"[40, -16, 170]",1,1,"[-16, 170]"
collapse_excess,40,"[40, -16, 173]",1,1,"[-16, 173]"
collapse_excess,40,"[40, -16, 174]",371,371,"[-16, 174]"
collapse_excess,40,"[40, -16, 179]",6,6,"[-16, 179]"
collapse_excess,40,"[40, -16, 180]",176,176,"[-16, 180]"
collapse_excess,40,"[40, -16, 185]",1,1,"[-16, 185]"
collapse_excess,40,"[40, -16, 186]",2,2,"[-16, 186]"
collapse_excess,40,"[40, -16, 229]",1,1,"[-16, 229]"
collapse_excess,40,"[40, -16, 233]",1,1,"[-16, 233]"
collapse_excess,40,"[40, -16, 234]",44,44,"[-16, 234]"
collapse_excess,40,"[40, -16, 235]",5,5,"[-16, 235]"
collapse_excess,40,"[40, -16, 236]",20,20,"[-16, 236]"
collapse_excess,40,"[40, -16, 239]",13,13,"[-16, 239]"
collapse_excess,40,"[40, -16, 240]",15,15,"[-16, 240]"
collapse_excess,40,"[40, -16, 241]",3,3,"[-16, 241]"
collapse_excess,40,"[40, -16, 242]",3,3,"[-16, 242]"
collapse_excess,40,"[40, -16, 244]",3,3,"[-16, 244]"
collapse_excess,40,"[40, -16, 245]",11,11,"[-16, 245]"
collapse_excess,40,"[40, -16, 246]",2,2,"[-16, 246]"
collapse_excess,40,"[40, -16, 247]",1,1,"[-16, 247]"
collapse_excess,40,"[40, -16, 248]",5,5,"[-16, 248]"
collapse_excess,40,"[40, -16, 251]",2,2,"[-16, 251]"
collapse_excess,40,"[40, -16, 252]",1,1,"[-16, 252]"
collapse_excess,40,"[40, -16, 253]",1,1,"[-16, 253]"
collapse_excess,40,"[40, -16, 254]",2,2,"[-16, 254]"
collapse_excess,40,"[40, -16, 257]",7,7,"[-16, 257]"
collapse_excess,40,"[40, -16, 258]",1,1,"[-16, 258]"
collapse_excess,40,"[40, -16, 259]",2,2,"[-16, 259]"
collapse_excess,40,"[40, -16, 260]",6,6,"[-16, 260]"
collapse_excess,40,"[40, -16, 263]",35,35,"[-16, 263]"
collapse_excess,40,"[40, -16, 264]",18,18,"[-16, 264]"
collapse_excess,40,"[40, -16, 266]",20,20,"[-16, 266]"
collapse_excess,40,"[40, -16, 269]",340,340,"[-16, 269]"
collapse_excess,40,"[40, -16, 270]",75,75,"[-16, 270]"
collapse_excess,40,"[40, -16, 271]",5,5,"[-16, 271]"
collapse_excess,40,"[40, -16, 275]",676,676,"[-16, 275]"
collapse_excess,40,"[40, -16, 276]",17,17,"[-16, 276]"
collapse_excess,40,"[40, -16, 277]",2,2,"[-16, 277]"
collapse_excess,40,"[40, -16, 281]",60,60,"[-16, 281]"
collapse_excess,40,"[40, -16, 282]",8,8,"[-16, 282]"
collapse_excess,40,"[40, -16, 287]",1,1,"[-16, 287]"
collapse_excess,40,"[40, -8, 36]",2,2,"[-8, 36]"
collapse_excess,40,"[40, -8, 37]",4,4,"[-8, 37]"
collapse_excess,40,"[40, -8, 38]",1,1,"[-8, 38]"
collapse_excess,40,"[40, -8, 39]",28,28,"[-8, 39]"
collapse_excess,40,"[40, -8, 40]",308,308,"[-8, 40]"
collapse_excess,40,"[40, -8, 41]",12,12,"[-8, 41]"
collapse_excess,40,"[40, -8, 42]",70,70,"[-8, 42]"
collapse_excess,40,"[40, -8, 43]",257,257,"[-8, 43]"
collapse_excess,40,"[40, -8, 44]",738,738,"[-8, 44]"
collapse_excess,40,"[40, -8, 45]",538,538,"[-8, 45]"
collapse_excess,40,"[40, -8, 46]",1363,1363,"[-8, 46]"
collapse_excess,40,"[40, -8, 47]",18,18,"[-8, 47]"
collapse_excess,40,"[40, -8, 48]",312,312,"[-8, 48]"
collapse_excess,40,"[40, -8, 49]",2000,2118,"[-8, 49]"
collapse_excess,40,"[40, -8, 50]",2000,2889,"[-8, 50]"
collapse_excess,40,"[40, -8, 51]",2000,5770,"[-8, 51]"
collapse_excess,40,"[40, -8, 52]",2000,4506,"[-8, 52]"
collapse_excess,40,"[40, -8, 53]",80,80,"[-8, 53]"
collapse_excess,40,"[40, -8, 54]",1481,1481,"[-8, 54]"
collapse_excess,40,"[40, -8, 55]",2000,9510,"[-8, 55]"
collapse_excess,40,"[40, -8, 56]",2000,11972,"[-8, 56]"
collapse_excess,40,"[40, -8, 57]",2000,3097,"[-8, 57]"
collapse_excess,40,"[40, -8, 58]",2000,6105,"[-8, 58]"
collapse_excess,40,"[40, -8, 59]",19,19,"[-8, 59]"
collapse_excess,40,"[40, -8, 60]",650,650,"[-8, 60]"
collapse_excess,40,"[40, -8, 61]",2000,13562,"[-8, 61]"
collapse_excess,40,"[40, -8, 62]",2000,10131,"[-8, 62]"
collapse_excess,40,"[40, -8, 63]",1036,1036,"[-8, 63]"
collapse_excess,40,"[40, -8, 64]",778,778,"[-8, 64]"
collapse_excess,40,"[40, -8, 65]",6,6,"[-8, 65]"
collapse_excess,40,"[40, -8, 66]",106,106,"[-8, 66]"
collapse_excess,40,"[40, -8, 67]",2000,7724,"[-8, 67]"
collapse_excess,40,"[40, -8, 68]",1560,1560,"[-8, 68]"
collapse_excess,40,"[40, -8, 69]",73,73,"[-8, 69]"
collapse_excess,40,"[40, -8, 70]",64,64,"[-8, 70]"
collapse_excess,40,"[40, -8, 71]",1,1,"[-8, 71]"
collapse_excess,40,"[40, -8, 72]",5,5,"[-8, 72]"
collapse_excess,40,"[40, -8, 73]",590,590,"[-8, 73]"
collapse_excess,40,"[40, -8, 74]",85,85,"[-8, 74]"
collapse_excess,40,"[40, -8, 75]",2000,2413,"[-8, 75]"
collapse_excess,40,"[40, -8, 76]",614,614,"[-8, 76]"
collapse_excess,40,"[40, -8, 77]",99,99,"[-8, 77]"
collapse_excess,40,"[40, -8, 78]",123,123,"[-8, 78]"
collapse_excess,40,"[40, -8, 79]",2000,4146,"[-8, 79]"
collapse_excess,40,"[40, -8, 80]",1050,1050,"[-8, 80]"
collapse_excess,40,"[40, -8, 81]",1709,1709,"[-8, 81]"
collapse_excess,40,"[40, -8, 82]",770,770,"[-8, 82]"
collapse_excess,40,"[40, -8, 83]",75,75,"[-8, 83]"
collapse_excess,40,"[40, -8, 84]",73,73,"[-8, 84]"
collapse_excess,40,"[40, -8, 85]",2000,2515,"[-8, 85]"
collapse_excess,40,"[40, -8, 86]",964,964,"[-8, 86]"
collapse_excess,40,"[40, -8, 87]",1190,1190,"[-8, 87]"
collapse_excess,40,"[40, -8, 88]",560,560,"[-8, 88]"
collapse_excess,40,"[40, -8, 89]",5,5,"[-8, 89]"
collapse_excess,40,"[40, -8, 90]",80,80,"[-8, 90]"
collapse_excess,40,"[40, -8, 91]",2000,2117,"[-8, 91]"
collapse_excess,40,"[40, -8, 92]",585,585,"[-8, 92]"
collapse_excess,40,"[40, -8, 93]",1518,1518,"[-8, 93]"
collapse_excess,40,"[40, -8, 94]",906,906,"[-8, 94]"
collapse_excess,40,"[40, -8, 96]",56,56,"[-8, 96]"
collapse_excess,40,"[40, -8, 97]",2000,3179,"[-8, 97]"
collapse_excess,40,"[40, -8, 98]",1370,1370,"[-8, 98]"
collapse_excess,40,"[40, -8, 99]",308,308,"[-8, 99]"
collapse_excess,40,"[40, -8, 100]",594,594,"[-8, 100]"
collapse_excess,40,"[40, -8, 102]",13,13,"[-8, 102]"
collapse_excess,40,"[40, -8, 103]",1973,1973,"[-8, 103]"
collapse_excess,40,"[40, -8, 104]",792,792,"[-8, 104]"
collapse_excess,40,"[40, -8, 105]",73,73,"[-8, 105]"
collapse_excess,40,"[40, -8, 106]",314,314,"[-8, 106]"
collapse_excess,40,"[40, -8, 108]",1,1,"[-8, 108]"
collapse_excess,40,"[40, -8, 109]",1549,1549,"[-8, 109]"
collapse_excess,40,"[40, -8, 110]",488,488,"[-8, 110]"
collapse_excess,40,"[40, -8, 111]",43,43,"[-8, 111]"
collapse_excess,40,"[40, -8, 112]",311,311,"[-8, 112]"
collapse_excess,40,"[40, -8, 115]",594,594,"[-8, 115]"
collapse_excess,40,"[40, -8, 116]",303,303,"[-8, 116]"
collapse_excess,40,"[40, -8, 117]",17,17,"[-8, 117]"
collapse_excess,40,"[40, -8, 118]",75,75,"[-8, 118]"
collapse_excess,40,"[40, -8, 120]",4,4,"[-8, 120]"
collapse_excess,40,"[40, -8, 121]",261,261,"[-8, 121]"
collapse_excess,40,"[40, -8, 122]",66,66,"[-8, 122]"
collapse_excess,40,"[40, -8, 123]",10,10,"[-8, 123]"
collapse_excess,40,"[40, -8, 124]",17,17,"[-8, 124]"
collapse_excess,40,"[40, -8, 127]",80,80,"[-8, 127]"
collapse_excess,40,"[40, -8, 128]",11,11,"[-8, 128]"
collapse_excess,40,"[40, -8, 129]",5,5,"[-8, 129]"
collapse_excess,40,"[40, -8, 130]",14,14,"[-8, 130]"
collapse_excess,40,"[40, -8, 133]",18,18,"[-8, 133]"
collapse_excess,40,"[40, -8, 134]",10,10,"[-8, 134]"
collapse_excess,40,"[40, -8, 135]",8,8,"[-8, 135]"
collapse_excess,40,"[40, -8, 136]",14,14,"[-8, 136]"
collapse_excess,40,"[40, -8, 139]",19,19,"[-8, 139]"
collapse_excess,40,"[40, -8, 140]",9,9,"[-8, 140]"
collapse_excess,40,"[40, -8, 141]",3,3,"[-8, 141]"
collapse_excess,40,"[40, -8, 142]",4,4,"[-8, 142]"
collapse_excess,40,"[40, -8, 145]",21,21,"[-8, 145]"
collapse_excess,40,"[40, -8, 146]",6,6,"[-8, 146]"
collapse_excess,40,"[40, -8, 147]",4,4,"[-8, 147]"
collapse_excess,40,"[40, -8, 148]",3,3,"[-8, 148]"
collapse_excess,40,"[40, -8, 151]",27,27,"[-8, 151]"
collapse_excess,40,"[40, -8, 152]",3,3,"[-8, 152]"
collapse_excess,40,"[40, -8, 154]",1,1,"[-8, 154]"
collapse_excess,40,"[40, -8, 157]",2,2,"[-8, 157]"
collapse_excess,40,"[40, -8, 158]",1,1,"[-8, 158]"
collapse_excess,40,"[40, -8, 164]",1,1,"[-8, 164]"
collapse_excess,40,"[40, -8, 170]",46,46,"[-8, 170]"
collapse_excess,40,"[40, -8, 172]",2,2,"[-8, 172]"
collapse_excess,40,"[40, -8, 176]",217,217,"[-8, 176]"
collapse_excess,40,"[40, -8, 178]",2,2,"[-8, 178]"
collapse_excess,40,"[40, -8, 181]",3,3,"[-8, 181]"
collapse_excess,40,"[40, -8, 182]",12,12,"[-8, 182]"
collapse_excess,40,"[40, -8, 187]",2,2,"[-8, 187]"
collapse_excess,40,"[40, -8, 188]",1,1,"[-8, 188]"
collapse_excess,40,"[40, -8, 237]",24,24,"[-8, 237]"
collapse_excess,40,"[40, -8, 238]",26,26,"[-8, 238]"
collapse_excess,40,"[40, -8, 241]",59,59,"[-8, 241]"
collapse_excess,40,"[40, -8, 242]",189,189,"[-8, 242]"
collapse_excess,40,"[40, -8, 243]",53,53,"[-8, 243]"
collapse_excess,40,"[40, -8, 244]",230,230,"[-8, 244]"
collapse_excess,40,"[40, -8, 246]",1,1,"[-8, 246]"
collapse_excess,40,"[40, -8, 247]",421,421,"[-8, 247]"
collapse_excess,40,"[40, -8, 248]",84,84,"[-8, 248]"
collapse_excess,40,"[40, -8, 249]",17,17,"[-8, 249]"
collapse_excess,40,"[40, -8, 250]",28,28,"[-8, 250]"
collapse_excess,40,"[40, -8, 253]",54,54,"[-8, 253]"
collapse_excess,40,"[40, -8, 254]",25,25,"[-8, 254]"
collapse_excess,40,"[40, -8, 255]",10,10,"[-8, 255]"
collapse_excess,40,"[40, -8, 256]",12,12,"[-8, 256]"
collapse_excess,40,"[40, -8, 259]",34,34,"[-8, 259]"
collapse_excess,40,"[40, -8, 260]",48,48,"[-8, 260]"
collapse_excess,40,"[40, -8, 261]",19,19,"[-8, 261]"
collapse_excess,40,"[40, -8, 262]",41,41,"[-8, 262]"
collapse_excess,40,"[40, -8, 265]",49,49,"[-8, 265]"
collapse_excess,40,"[40, -8, 266]",67,67,"[-8, 266]"
collapse_excess,40,"[40, -8, 267]",9,9,"[-8, 267]"
collapse_excess,40,"[40, -8, 268]",1053,1053,"[-8, 268]"
collapse_excess,40,"[40, -8, 271]",79,79,"[-8, 271]"
collapse_excess,40,"[40, -8, 272]",2000,3402,"[-8, 272]"
collapse_excess,40,"[40, -8, 273]",3,3,"[-8, 273]"
collapse_excess,40,"[40, -8, 274]",2000,2773,"[-8, 274]"
collapse_excess,40,"[40, -8, 277]",653,653,"[-8, 277]"
collapse_excess,40,"[40, -8, 278]",2000,12551,"[-8, 278]"
collapse_excess,40,"[40, -8, 279]",7,7,"[-8, 279]"
collapse_excess,40,"[40, -8, 280]",28,28,"[-8, 280]"
collapse_excess,40,"[40, -8, 283]",1450,1450,"[-8, 283]"
collapse_excess,40,"[40, -8, 284]",55,55,"[-8, 284]"
collapse_excess,40,"[40, -8, 285]",3,3,"[-8, 285]"
collapse_excess,40,"[40, -8, 286]",2,2,"[-8, 286]"
collapse_excess,40,"[40, -8, 289]",656,656,"[-8, 289]"
collapse_excess,40,"[40, -8, 290]",3,3,"[-8, 290]"
collapse_excess,40,"[40, -8, 295]",145,145,"[-8, 295]"
collapse_excess,40,"[40, -8, 301]",1,1,"[-8, 301]"
random,40,"[40, 0]",2000,214162,[0]
