heuristic,length,bucket,count,seen,score
power_projlen,40,"[40, 1]",30,30,[1]
power_projlen,40,"[40, 7]",50,50,[7]
power_projlen,40,"[40, 9]",1,1,[9]
power_projlen,40,"[40, 13]",39,39,[13]
power_projlen,40,"[40, 17]",2,2,[17]
power_projlen,40,"[40, 18]",1,1,[18]
power_projlen,40,"[40, 19]",6,6,[19]
power_projlen,40,"[40, 21]",3,3,[21]
power_projlen,40,"[40, 23]",22,22,[23]
power_projlen,40,"[40, 25]",33,33,[25]
power_projlen,40,"[40, 26]",15,15,[26]
power_projlen,40,"[40, 27]",23,23,[27]
power_projlen,40,"[40, 28]",17,17,[28]
power_projlen,40,"[40, 29]",100,100,[29]
power_projlen,40,"[40, 30]",10,10,[30]
power_projlen,40,"[40, 31]",108,108,[31]
power_projlen,40,"[40, 32]",31,31,[32]
power_projlen,40,"[40, 33]",215,215,[33]
power_projlen,40,"[40, 34]",71,71,[34]
power_projlen,40,"[40, 35]",270,270,[35]
power_projlen,40,"[40, 36]",219,219,[36]
power_projlen,40,"[40, 37]",286,286,[37]
power_projlen,40,"[40, 38]",319,319,[38]
power_projlen,40,"[40, 39]",476,476,[39]
power_projlen,40,"[40, 40]",699,699,[40]
power_projlen,40,"[40, 41]",685,685,[41]
power_projlen,40,"[40, 42]",713,713,[42]
power_projlen,40,"[40, 43]",1450,1450,[43]
power_projlen,40,"[40, 44]",1905,1905,[44]
power_projlen,40,"[40, 45]",1413,1413,[45]
power_projlen,40,"[40, 46]",2000,2030,[46]
power_projlen,40,"[40, 47]",2000,2747,[47]
power_projlen,40,"[40, 48]",2000,2620,[48]
power_projlen,40,"[40, 49]",2000,3633,[49]
power_projlen,40,"[40, 50]",2000,4071,[50]
power_projlen,40,"[40, 51]",2000,7856,[51]
power_projlen,40,"[40, 52]",2000,4825,[52]
power_projlen,40,"[40, 53]",2000,2077,[53]
power_projlen,40,"[40, 54]",2000,3970,[54]
power_projlen,40,"[40, 55]",2000,11254,[55]
power_projlen,40,"[40, 56]",2000,13874,[56]
power_projlen,40,"[40, 57]",2000,3926,[57]
power_projlen,40,"[40, 58]",2000,7090,[58]
power_projlen,40,"[40, 59]",1051,1051,[59]
power_projlen,40,"[40, 60]",1355,1355,[60]
power_projlen,40,"[40, 61]",2000,15882,[61]
power_projlen,40,"[40, 62]",2000,11168,[62]
power_projlen,40,"[40, 63]",1627,1627,[63]
power_projlen,40,"[40, 64]",1605,1605,[64]
power_projlen,40,"[40, 65]",1439,1439,[65]
power_projlen,40,"[40, 66]",1528,1528,[66]
power_projlen,40,"[40, 67]",2000,7978,[67]
power_projlen,40,"[40, 68]",1751,1751,[68]
power_projlen,40,"[40, 69]",853,853,[69]
power_projlen,40,"[40, 70]",1070,1070,[70]
power_projlen,40,"[40, 71]",1347,1347,[71]
power_projlen,40,"[40, 72]",2000,2070,[72]
power_projlen,40,"[40, 73]",866,866,[73]
power_projlen,40,"[40, 74]",426,426,[74]
power_projlen,40,"[40, 75]",2000,2801,[75]
power_projlen,40,"[40, 76]",801,801,[76]
power_projlen,40,"[40, 77]",850,850,[77]
power_projlen,40,"[40, 78]",1004,1004,[78]
power_projlen,40,"[40, 79]",2000,4236,[79]
power_projlen,40,"[40, 80]",1286,1286,[80]
power_projlen,40,"[40, 81]",1725,1725,[81]
power_projlen,40,"[40, 82]",880,880,[82]
power_projlen,40,"[40, 83]",584,584,[83]
power_projlen,40,"[40, 84]",532,532,[84]
power_projlen,40,"[40, 85]",2000,2378,[85]
power_projlen,40,"[40, 86]",868,868,[86]
power_projlen,40,"[40, 87]",1283,1283,[87]
power_projlen,40,"[40, 88]",531,531,[88]
power_projlen,40,"[40, 89]",554,554,[89]
power_projlen,40,"[40, 90]",718,718,[90]
power_projlen,40,"[40, 91]",1969,1969,[91]
power_projlen,40,"[40, 92]",695,695,[92]
power_projlen,40,"[40, 93]",1498,1498,[93]
power_projlen,40,"[40, 94]",952,952,[94]
power_projlen,40,"[40, 95]",940,940,[95]
power_projlen,40,"[40, 96]",471,471,[96]
power_projlen,40,"[40, 97]",2000,2920,[97]
power_projlen,40,"[40, 98]",1557,1557,[98]
power_projlen,40,"[40, 99]",336,336,[99]
power_projlen,40,"[40, 100]",597,597,[100]
power_projlen,40,"[40, 101]",646,646,[101]
power_projlen,40,"[40, 102]",206,206,[102]
power_projlen,40,"[40, 103]",2000,2499,[103]
power_projlen,40,"[40, 104]",874,874,[104]
power_projlen,40,"[40, 105]",88,88,[105]
power_projlen,40,"[40, 106]",204,204,[106]
power_projlen,40,"[40, 107]",326,326,[107]
power_projlen,40,"[40, 108]",34,34,[108]
power_projlen,40,"[40, 109]",2000,2099,[109]
power_projlen,40,"[40, 110]",575,575,[110]
power_projlen,40,"[40, 111]",45,45,[111]
power_projlen,40,"[40, 112]",214,214,[112]
power_projlen,40,"[40, 113]",84,84,[113]
power_projlen,40,"[40, 114]",12,12,[114]
power_projlen,40,"[40, 115]",1134,1134,[115]
power_projlen,40,"[40, 116]",192,192,[116]
power_projlen,40,"[40, 117]",20,20,[117]
power_projlen,40,"[40, 118]",116,116,[118]
power_projlen,40,"[40, 119]",7,7,[119]
power_projlen,40,"[40, 120]",13,13,[120]
power_projlen,40,"[40, 121]",451,451,[121]
power_projlen,40,"[40, 122]",98,98,[122]
power_projlen,40,"[40, 123]",14,14,[123]
power_projlen,40,"[40, 124]",39,39,[124]
power_projlen,40,"[40, 125]",10,10,[125]
power_projlen,40,"[40, 126]",9,9,[126]
power_projlen,40,"[40, 127]",112,112,[127]
power_projlen,40,"[40, 128]",24,24,[128]
power_projlen,40,"[40, 129]",19,19,[129]
power_projlen,40,"[40, 130]",29,29,[130]
power_projlen,40,"[40, 131]",10,10,[131]
power_projlen,40,"[40, 132]",11,11,[132]
power_projlen,40,"[40, 133]",34,34,[133]
power_projlen,40,"[40, 134]",23,23,[134]
power_projlen,40,"[40, 135]",20,20,[135]
power_projlen,40,"[40, 136]",32,32,[136]
power_projlen,40,"[40, 137]",16,16,[137]
power_projlen,40,"[40, 138]",12,12,[138]
power_projlen,40,"[40, 139]",26,26,[139]
power_projlen,40,"[40, 140]",23,23,[140]
power_projlen,40,"[40, 141]",10,10,[141]
power_projlen,40,"[40, 142]",16,16,[142]
power_projlen,40,"[40, 143]",13,13,[143]
power_projlen,40,"[40, 144]",14,14,[144]
power_projlen,40,"[40, 145]",19,19,[145]
power_projlen,40,"[40, 146]",24,24,[146]
power_projlen,40,"[40, 147]",17,17,[147]
power_projlen,40,"[40, 148]",19,19,[148]
power_projlen,40,"[40, 149]",27,27,[149]
power_projlen,40,"[40, 150]",11,11,[150]
power_projlen,40,"[40, 151]",31,31,[151]
power_projlen,40,"[40, 152]",15,15,[152]
power_projlen,40,"[40, 153]",15,15,[153]
power_projlen,40,"[40, 154]",18,18,[154]
power_projlen,40,"[40, 155]",16,16,[155]
power_projlen,40,"[40, 156]",19,19,[156]
power_projlen,40,"[40, 157]",15,15,[157]
power_projlen,40,"[40, 158]",15,15,[158]
power_projlen,40,"[40, 159]",8,8,[159]
power_projlen,40,"[40, 160]",20,20,[160]
power_projlen,40,"[40, 161]",6,6,[161]
power_projlen,40,"[40, 162]",10,10,[162]
power_projlen,40,"[40, 163]",7,7,[163]
power_projlen,40,"[40, 164]",12,12,[164]
power_projlen,40,"[40, 165]",24,24,[165]
power_projlen,40,"[40, 166]",2,2,[166]
power_projlen,40,"[40, 167]",2,2,[167]
power_projlen,40,"[40, 168]",29,29,[168]
power_projlen,40,"[40, 169]",7,7,[169]
power_projlen,40,"[40, 170]",2,2,[170]
power_projlen,40,"[40, 171]",2,2,[171]
power_projlen,40,"[40, 172]",37,37,[172]
power_projlen,40,"[40, 173]",12,12,[173]
power_projlen,40,"[40, 174]",1,1,[174]
power_projlen,40,"[40, 175]",5,5,[175]
power_projlen,40,"[40, 176]",46,46,[176]
power_projlen,40,"[40, 177]",16,16,[177]
power_projlen,40,"[40, 178]",1,1,[178]
power_projlen,40,"[40, 179]",22,22,[179]
power_projlen,40,"[40, 180]",50,50,[180]
power_projlen,40,"[40, 181]",12,12,[181]
power_projlen,40,"[40, 182]",4,4,[182]
power_projlen,40,"[40, 183]",13,13,[183]
power_projlen,40,"[40, 184]",65,65,[184]
power_projlen,40,"[40, 185]",205,205,[185]
power_projlen,40,"[40, 186]",15,15,[186]
power_projlen,40,"[40, 187]",30,30,[187]
power_projlen,40,"[40, 188]",83,83,[188]
power_projlen,40,"[40, 189]",33,33,[189]
power_projlen,40,"[40, 190]",35,35,[190]
power_projlen,40,"[40, 191]",253,253,[191]
power_projlen,40,"[40, 192]",113,113,[192]
power_projlen,40,"[40, 193]",76,76,[193]
power_projlen,40,"[40, 194]",137,137,[194]
power_projlen,40,"[40, 195]",122,122,[195]
power_projlen,40,"[40, 196]",161,161,[196]
power_projlen,40,"[40, 197]",807,807,[197]
power_projlen,40,"[40, 198]",290,290,[198]
power_projlen,40,"[40, 199]",220,220,[199]
power_projlen,40,"[40, 200]",233,233,[200]
power_projlen,40,"[40, 201]",182,182,[201]
power_projlen,40,"[40, 202]",547,547,[202]
power_projlen,40,"[40, 203]",318,318,[203]
power_projlen,40,"[40, 204]",242,242,[204]
power_projlen,40,"[40, 205]",283,283,[205]
power_projlen,40,"[40, 206]",980,980,[206]
power_projlen,40,"[40, 207]",391,391,[207]
power_projlen,40,"[40, 208]",1886,1886,[208]
power_projlen,40,"[40, 209]",263,263,[209]
power_projlen,40,"[40, 210]",1623,1623,[210]
power_projlen,40,"[40, 211]",1488,1488,[211]
power_projlen,40,"[40, 212]",77,77,[212]
power_projlen,40,"[40, 213]",1853,1853,[213]
power_projlen,40,"[40, 214]",141,141,[214]
power_projlen,40,"[40, 215]",86,86,[215]
power_projlen,40,"[40, 216]",248,248,[216]
power_projlen,40,"[40, 217]",16,16,[217]
power_projlen,40,"[40, 218]",844,844,[218]
power_projlen,40,"[40, 219]",2000,3502,[219]
power_projlen,40,"[40, 220]",247,247,[220]
power_projlen,40,"[40, 221]",228,228,[221]
power_projlen,40,"[40, 222]",134,134,[222]
power_projlen,40,"[40, 223]",7,7,[223]
power_projlen,40,"[40, 224]",123,123,[224]
power_projlen,40,"[40, 225]",24,24,[225]
power_projlen,40,"[40, 226]",22,22,[226]
power_projlen,40,"[40, 227]",75,75,[227]
power_projlen,40,"[40, 228]",23,23,[228]
power_projlen,40,"[40, 229]",5,5,[229]
power_projlen,40,"[40, 230]",6,6,[230]
power_projlen,40,"[40, 231]",6,6,[231]
power_projlen,40,"[40, 232]",29,29,[232]
power_projlen,40,"[40, 233]",11,11,[233]
power_projlen,40,"[40, 234]",45,45,[234]
power_projlen,40,"[40, 235]",4,4,[235]
power_projlen,40,"[40, 236]",15,15,[236]
power_projlen,40,"[40, 237]",24,24,[237]
power_projlen,40,"[40, 238]",27,27,[238]
power_projlen,40,"[40, 239]",21,21,[239]
power_projlen,40,"[40, 240]",19,19,[240]
power_projlen,40,"[40, 241]",61,61,[241]
power_projlen,40,"[40, 242]",158,158,[242]
power_projlen,40,"[40, 243]",45,45,[243]
power_projlen,40,"[40, 244]",205,205,[244]
power_projlen,40,"[40, 245]",10,10,[245]
power_projlen,40,"[40, 246]",7,7,[246]
power_projlen,40,"[40, 247]",362,362,[247]
power_projlen,40,"[40, 248]",70,70,[248]
power_projlen,40,"[40, 249]",13,13,[249]
power_projlen,40,"[40, 250]",16,16,[250]
power_projlen,40,"[40, 251]",2,2,[251]
power_projlen,40,"[40, 252]",5,5,[252]
power_projlen,40,"[40, 253]",36,36,[253]
power_projlen,40,"[40, 254]",15,15,[254]
power_projlen,40,"[40, 255]",9,9,[255]
power_projlen,40,"[40, 256]",12,12,[256]
power_projlen,40,"[40, 257]",9,9,[257]
power_projlen,40,"[40, 258]",30,30,[258]
power_projlen,40,"[40, 259]",33,33,[259]
power_projlen,40,"[40, 260]",55,55,[260]
power_projlen,40,"[40, 261]",27,27,[261]
power_projlen,40,"[40, 262]",48,48,[262]
power_projlen,40,"[40, 263]",34,34,[263]
power_projlen,40,"[40, 264]",13,13,[264]
power_projlen,40,"[40, 265]",74,74,[265]
power_projlen,40,"[40, 266]",93,93,[266]
power_projlen,40,"[40, 267]",29,29,[267]
power_projlen,40,"[40, 268]",595,595,[268]
power_projlen,40,"[40, 269]",282,282,[269]
power_projlen,40,"[40, 270]",90,90,[270]
power_projlen,40,"[40, 271]",128,128,[271]
power_projlen,40,"[40, 272]",1564,1564,[272]
power_projlen,40,"[40, 273]",190,190,[273]
power_projlen,40,"[40, 274]",2000,5367,[274]
power_projlen,40,"[40, 275]",552,552,[275]
power_projlen,40,"[40, 276]",23,23,[276]
power_projlen,40,"[40, 277]",939,939,[277]
power_projlen,40,"[40, 278]",2000,9157,[278]
power_projlen,40,"[40, 279]",206,206,[279]
power_projlen,40,"[40, 280]",45,45,[280]
power_projlen,40,"[40, 281]",16,16,[281]
power_projlen,40,"[40, 282]",5,5,[282]
power_projlen,40,"[40, 283]",1597,1597,[283]
power_projlen,40,"[40, 284]",35,35,[284]
power_projlen,40,"[40, 285]",774,774,[285]
power_projlen,40,"[40, 286]",2,2,[286]
power_projlen,40,"[40, 287]",2,2,[287]
power_projlen,40,"[40, 288]",1,1,[288]
power_projlen,40,"[40, 289]",2000,3042,[289]
power_projlen,40,"[40, 290]",3,3,[290]
power_projlen,40,"[40, 291]",58,58,[291]
power_projlen,40,"[40, 295]",201,201,[295]
power_projlen,40,"[40, 297]",1,1,[297]
power_projlen,40,"[40, 301]",4,4,[301]
two_level,40,"[40, 1, 16]",4,4,"[1, 16]"
two_level,40,"[40, 1, 20]",3,3,"[1, 20]"
two_level,40,"[40, 1, 24]",12,12,"[1, 24]"
two_level,40,"[40, 1, 28]",11,11,"[1, 28]"
two_level,40,"[40, 7, 24]",50,50,"[7, 24]"
two_level,40,"[40, 9, 28]",1,1,"[9, 28]"
two_level,40,"[40, 13, 24]",39,39,"[13, 24]"
two_level,40,"[40, 17, 16]",2,2,"[17, 16]"
two_level,40,"[40, 18, 16]",1,1,"[18, 16]"
two_level,40,"[40, 19, 16]",6,6,"[19, 16]"
two_level,40,"[40, 21, 16]",1,1,"[21, 16]"
two_level,40,"[40, 21, 20]",1,1,"[21, 20]"
two_level,40,"[40, 21, 24]",1,1,"[21, 24]"
two_level,40,"[40, 23, 12]",2,2,"[23, 12]"
two_level,40,"[40, 23, 16]",3,3,"[23, 16]"
two_level,40,"[40, 23, 20]",17,17,"[23, 20]"
two_level,40,"[40, 25, 12]",1,1,"[25, 12]"
two_level,40,"[40, 25, 16]",5,5,"[25, 16]"
two_level,40,"[40, 25, 20]",1,1,"[25, 20]"
two_level,40,"[40, 25, 24]",26,26,"[25, 24]"
two_level,40,"[40, 26, 16]",15,15,"[26, 16]"
two_level,40,"[40, 27, 12]",1,1,"[27, 12]"
two_level,40,"[40, 27, 16]",5,5,"[27, 16]"
two_level,40,"[40, 27, 20]",11,11,"[27, 20]"
two_level,40,"[40, 27, 24]",6,6,"[27, 24]"
two_level,40,"[40, 28, 16]",4,4,"[28, 16]"
two_level,40,"[40, 28, 20]",4,4,"[28, 20]"
two_level,40,"[40, 28, 24]",2,2,"[28, 24]"
two_level,40,"[40, 28, 28]",7,7,"[28, 28]"
two_level,40,"[40, 29, 16]",14,14,"[29, 16]"
two_level,40,"[40, 29, 20]",14,14,"[29, 20]"
two_level,40,"[40, 29, 24]",9,9,"[29, 24]"
two_level,40,"[40, 29, 28]",63,63,"[29, 28]"
two_level,40,"[40, 30, 12]",1,1,"[30, 12]"
two_level,40,"[40, 30, 16]",8,8,"[30, 16]"
two_level,40,"[40, 30, 20]",1,1,"[30, 20]"
two_level,40,"[40, 31, 12]",7,7,"[31, 12]"
two_level,40,"[40, 31, 16]",43,43,"[31, 16]"
two_level,40,"[40, 31, 24]",24,24,"[31, 24]"
two_level,40,"[40, 31, 28]",34,34,"[31, 28]"
two_level,40,"[40, 32, 16]",26,26,"[32, 16]"
two_level,40,"[40, 32, 28]",5,5,"[32, 28]"
two_level,40,"[40, 33, 12]",7,7,"[33, 12]"
two_level,40,"[40, 33, 16]",67,67,"[33, 16]"
two_level,40,"[40, 33, 20]",4,4,"[33, 20]"
two_level,40,"[40, 33, 24]",16,16,"[33, 24]"
two_level,40,"[40, 33, 28]",51,51,"[33, 28]"
two_level,40,"[40, 33, 32]",70,70,"[33, 32]"
two_level,40,"[40, 34, 12]",3,3,"[34, 12]"
two_level,40,"[40, 34, 16]",56,56,"[34, 16]"
two_level,40,"[40, 34, 20]",8,8,"[34, 20]"
two_level,40,"[40, 34, 24]",1,1,"[34, 24]"
two_level,40,"[40, 34, 28]",3,3,"[34, 28]"
two_level,40,"[40, 35, 12]",11,11,"[35, 12]"
two_level,40,"[40, 35, 16]",59,59,"[35, 16]"
two_level,40,"[40, 35, 20]",18,18,"[35, 20]"
two_level,40,"[40, 35, 24]",93,93,"[35, 24]"
two_level,40,"[40, 35, 28]",19,19,"[35, 28]"
two_level,40,"[40, 35, 32]",70,70,"[35, 32]"
two_level,40,"[40, 36, 12]",1,1,"[36, 12]"
two_level,40,"[40, 36, 16]",116,116,"[36, 16]"
two_level,40,"[40, 36, 20]",22,22,"[36, 20]"
two_level,40,"[40, 36, 24]",74,74,"[36, 24]"
two_level,40,"[40, 36, 28]",6,6,"[36, 28]"
two_level,40,"[40, 37, 12]",7,7,"[37, 12]"
two_level,40,"[40, 37, 16]",210,210,"[37, 16]"
two_level,40,"[40, 37, 20]",26,26,"[37, 20]"
two_level,40,"[40, 37, 24]",25,25,"[37, 24]"
two_level,40,"[40, 37, 28]",17,17,"[37, 28]"
two_level,40,"[40, 37, 36]",1,1,"[37, 36]"
two_level,40,"[40, 38, 12]",2,2,"[38, 12]"
two_level,40,"[40, 38, 16]",258,258,"[38, 16]"
two_level,40,"[40, 38, 20]",15,15,"[38, 20]"
two_level,40,"[40, 38, 28]",43,43,"[38, 28]"
two_level,40,"[40, 38, 32]",1,1,"[38, 32]"
two_level,40,"[40, 39, 12]",32,32,"[39, 12]"
two_level,40,"[40, 39, 16]",308,308,"[39, 16]"
two_level,40,"[40, 39, 20]",45,45,"[39, 20]"
two_level,40,"[40, 39, 24]",34,34,"[39, 24]"
two_level,40,"[40, 39, 28]",39,39,"[39, 28]"
two_level,40,"[40, 39, 32]",17,17,"[39, 32]"
two_level,40,"[40, 39, 36]",1,1,"[39, 36]"
two_level,40,"[40, 40, 12]",2,2,"[40, 12]"
two_level,40,"[40, 40, 16]",518,518,"[40, 16]"
two_level,40,"[40, 40, 20]",159,159,"[40, 20]"
two_level,40,"[40, 40, 28]",17,17,"[40, 28]"
two_level,40,"[40, 40, 32]",3,3,"[40, 32]"
two_level,40,"[40, 41, 12]",10,10,"[41, 12]"
two_level,40,"[40, 41, 16]",396,396,"[41, 16]"
two_level,40,"[40, 41, 20]",106,106,"[41, 20]"
two_level,40,"[40, 41, 24]",38,38,"[41, 24]"
two_level,40,"[40, 41, 28]",95,95,"[41, 28]"
two_level,40,"[40, 41, 32]",40,40,"[41, 32]"
two_level,40,"[40, 42, 16]",555,555,"[42, 16]"
two_level,40,"[40, 42, 20]",136,136,"[42, 20]"
two_level,40,"[40, 42, 24]",3,3,"[42, 24]"
two_level,40,"[40, 42, 28]",17,17,"[42, 28]"
two_level,40,"[40, 42, 32]",1,1,"[42, 32]"
two_level,40,"[40, 42, 36]",1,1,"[42, 36]"
two_level,40,"[40, 43, 12]",170,170,"[43, 12]"
two_level,40,"[40, 43, 16]",923,923,"[43, 16]"
two_level,40,"[40, 43, 20]",63,63,"[43, 20]"
two_level,40,"[40, 43, 24]",206,206,"[43, 24]"
two_level,40,"[40, 43, 28]",81,81,"[43, 28]"
two_level,40,"[40, 43, 32]",6,6,"[43, 32]"
two_level,40,"[40, 43, 36]",1,1,"[43, 36]"
two_level,40,"[40, 44, 16]",1181,1181,"[44, 16]"
two_level,40,"[40, 44, 20]",682,682,"[44, 20]"
two_level,40,"[40, 44, 24]",2,2,"[44, 24]"
two_level,40,"[40, 44, 28]",39,39,"[44, 28]"
two_level,40,"[40, 44, 36]",1,1,"[44, 36]"
two_level,40,"[40, 45, 16]",967,967,"[45, 16]"
two_level,40,"[40, 45, 20]",279,279,"[45, 20]"
two_level,40,"[40, 45, 24]",40,40,"[45, 24]"
two_level,40,"[40, 45, 28]",91,91,"[45, 28]"
two_level,40,"[40, 45, 32]",25,25,"[45, 32]"
two_level,40,"[40, 45, 36]",11,11,"[45, 36]"
two_level,40,"[40, 46, 16]",1534,1534,"[46, 16]"
two_level,40,"[40, 46, 20]",391,391,"[46, 20]"
two_level,40,"[40, 46, 24]",57,57,"[46, 24]"
two_level,40,"[40, 46, 28]",12,12,"[46, 28]"
two_level,40,"[40, 46, 32]",35,35,"[46, 32]"
two_level,40,"[40, 46, 36]",1,1,"[46, 36]"
two_level,40,"[40, 47, 16]",2000,2146,"[47, 16]"
two_level,40,"[40, 47, 20]",348,348,"[47, 20]"
two_level,40,"[40, 47, 24]",80,80,"[47, 24]"
two_level,40,"[40, 47, 28]",101,101,"[47, 28]"
two_level,40,"[40, 47, 32]",62,62,"[47, 32]"
two_level,40,"[40, 47, 36]",10,10,"[47, 36]"
two_level,40,"[40, 48, 16]",274,274,"[48, 16]"
two_level,40,"[40, 48, 20]",2000,2283,"[48, 20]"
two_level,40,"[40, 48, 24]",12,12,"[48, 24]"
two_level,40,"[40, 48, 28]",46,46,"[48, 28]"
two_level,40,"[40, 48, 32]",4,4,"[48, 32]"
two_level,40,"[40, 48, 36]",1,1,"[48, 36]"
two_level,40,"[40, 49, 16]",2000,2176,"[49, 16]"
two_level,40,"[40, 49, 20]",1176,1176,"[49, 20]"
two_level,40,"[40, 49, 24]",75,75,"[49, 24]"
two_level,40,"[40, 49, 28]",152,152,"[49, 28]"
two_level,40,"[40, 49, 32]",35,35,"[49, 32]"
two_level,40,"[40, 49, 36]",19,19,"[49, 36]"
two_level,40,"[40, 50, 16]",2000,3164,"[50, 16]"
two_level,40,"[40, 50, 20]",775,775,"[50, 20]"
two_level,40,"[40, 50, 24]",7,7,"[50, 24]"
two_level,40,"[40, 50, 28]",79,79,"[50, 28]"
two_level,40,"[40, 50, 32]",37,37,"[50, 32]"
two_level,40,"[40, 50, 36]",9,9,"[50, 36]"
two_level,40,"[40, 51, 16]",2000,6861,"[51, 16]"
two_level,40,"[40, 51, 20]",338,338,"[51, 20]"
two_level,40,"[40, 51, 24]",302,302,"[51, 24]"
two_level,40,"[40, 51, 28]",225,225,"[51, 28]"
two_level,40,"[40, 51, 32]",118,118,"[51, 32]"
two_level,40,"[40, 51, 36]",11,11,"[51, 36]"
two_level,40,"[40, 51, 40]",1,1,"[51, 40]"
two_level,40,"[40, 52, 16]",75,75,"[52, 16]"
two_level,40,"[40, 52, 20]",2000,4550,"[52, 20]"
two_level,40,"[40, 52, 24]",20,20,"[52, 24]"
two_level,40,"[40, 52, 28]",78,78,"[52, 28]"
two_level,40,"[40, 52, 32]",72,72,"[52, 32]"
two_level,40,"[40, 52, 36]",30,30,"[52, 36]"
two_level,40,"[40, 53, 16]",39,39,"[53, 16]"
two_level,40,"[40, 53, 20]",1638,1638,"[53, 20]"
two_level,40,"[40, 53, 24]",96,96,"[53, 24]"
two_level,40,"[40, 53, 28]",81,81,"[53, 28]"
two_level,40,"[40, 53, 32]",164,164,"[53, 32]"
two_level,40,"[40, 53, 36]",59,59,"[53, 36]"
two_level,40,"[40, 54, 20]",2000,3710,"[54, 20]"
two_level,40,"[40, 54, 24]",16,16,"[54, 24]"
two_level,40,"[40, 54, 28]",91,91,"[54, 28]"
two_level,40,"[40, 54, 32]",118,118,"[54, 32]"
two_level,40,"[40, 54, 36]",35,35,"[54, 36]"
two_level,40,"[40, 55, 16]",2000,8390,"[55, 16]"
two_level,40,"[40, 55, 20]",2000,2292,"[55, 20]"
two_level,40,"[40, 55, 24]",66,66,"[55, 24]"
two_level,40,"[40, 55, 28]",295,295,"[55, 28]"
two_level,40,"[40, 55, 32]",169,169,"[55, 32]"
two_level,40,"[40, 55, 36]",42,42,"[55, 36]"
two_level,40,"[40, 56, 20]",2000,13521,"[56, 20]"
two_level,40,"[40, 56, 24]",91,91,"[56, 24]"
two_level,40,"[40, 56, 28]",22,22,"[56, 28]"
two_level,40,"[40, 56, 32]",184,184,"[56, 32]"
two_level,40,"[40, 56, 36]",56,56,"[56, 36]"
two_level,40,"[40, 57, 20]",2000,3309,"[57, 20]"
two_level,40,"[40, 57, 24]",51,51,"[57, 24]"
two_level,40,"[40, 57, 28]",180,180,"[57, 28]"
two_level,40,"[40, 57, 32]",213,213,"[57, 32]"
two_level,40,"[40, 57, 36]",163,163,"[57, 36]"
two_level,40,"[40, 57, 40]",8,8,"[57, 40]"
two_level,40,"[40, 57, 44]",2,2,"[57, 44]"
two_level,40,"[40, 58, 20]",2000,6506,"[58, 20]"
two_level,40,"[40, 58, 24]",37,37,"[58, 24]"
two_level,40,"[40, 58, 28]",92,92,"[58, 28]"
two_level,40,"[40, 58, 32]",293,293,"[58, 32]"
two_level,40,"[40, 58, 36]",160,160,"[58, 36]"
two_level,40,"[40, 58, 40]",2,2,"[58, 40]"
two_level,40,"[40, 59, 20]",295,295,"[59, 20]"
two_level,40,"[40, 59, 24]",191,191,"[59, 24]"
two_level,40,"[40, 59, 28]",89,89,"[59, 28]"
two_level,40,"[40, 59, 32]",414,414,"[59, 32]"
two_level,40,"[40, 59, 36]",52,52,"[59, 36]"
two_level,40,"[40, 59, 40]",6,6,"[59, 40]"
two_level,40,"[40, 59, 44]",4,4,"[59, 44]"
two_level,40,"[40, 60, 20]",646,646,"[60, 20]"
two_level,40,"[40, 60, 24]",167,167,"[60, 24]"
two_level,40,"[40, 60, 28]",44,44,"[60, 28]"
two_level,40,"[40, 60, 32]",278,278,"[60, 32]"
two_level,40,"[40, 60, 36]",202,202,"[60, 36]"
two_level,40,"[40, 60, 40]",18,18,"[60, 40]"
two_level,40,"[40, 61, 20]",2000,14459,"[61, 20]"
two_level,40,"[40, 61, 24]",45,45,"[61, 24]"
two_level,40,"[40, 61, 28]",119,119,"[61, 28]"
two_level,40,"[40, 61, 32]",868,868,"[61, 32]"
two_level,40,"[40, 61, 36]",381,381,"[61, 36]"
two_level,40,"[40, 61, 40]",9,9,"[61, 40]"
two_level,40,"[40, 61, 48]",1,1,"[61, 48]"
two_level,40,"[40, 62, 20]",2000,10290,"[62, 20]"
two_level,40,"[40, 62, 24]",65,65,"[62, 24]"
two_level,40,"[40, 62, 28]",59,59,"[62, 28]"
two_level,40,"[40, 62, 32]",513,513,"[62, 32]"
two_level,40,"[40, 62, 36]",226,226,"[62, 36]"
two_level,40,"[40, 62, 40]",11,11,"[62, 40]"
two_level,40,"[40, 62, 44]",4,4,"[62, 44]"
two_level,40,"[40, 63, 20]",823,823,"[63, 20]"
two_level,40,"[40, 63, 24]",53,53,"[63, 24]"
two_level,40,"[40, 63, 28]",188,188,"[63, 28]"
two_level,40,"[40, 63, 32]",441,441,"[63, 32]"
two_level,40,"[40, 63, 36]",97,97,"[63, 36]"
two_level,40,"[40, 63, 40]",23,23,"[63, 40]"
two_level,40,"[40, 63, 44]",2,2,"[63, 44]"
two_level,40,"[40, 64, 20]",152,152,"[64, 20]"
two_level,40,"[40, 64, 24]",514,514,"[64, 24]"
two_level,40,"[40, 64, 28]",43,43,"[64, 28]"
two_level,40,"[40, 64, 32]",396,396,"[64, 32]"
two_level,40,"[40, 64, 36]",449,449,"[64, 36]"
two_level,40,"[40, 64, 40]",44,44,"[64, 40]"
two_level,40,"[40, 64, 44]",7,7,"[64, 44]"
two_level,40,"[40, 65, 20]",1,1,"[65, 20]"
two_level,40,"[40, 65, 24]",77,77,"[65, 24]"
two_level,40,"[40, 65, 28]",192,192,"[65, 28]"
two_level,40,"[40, 65, 32]",128,128,"[65, 32]"
two_level,40,"[40, 65, 36]",1009,1009,"[65, 36]"
two_level,40,"[40, 65, 40]",32,32,"[65, 40]"
two_level,40,"[40, 66, 24]",168,168,"[66, 24]"
two_level,40,"[40, 66, 28]",78,78,"[66, 28]"
two_level,40,"[40, 66, 32]",553,553,"[66, 32]"
two_level,40,"[40, 66, 36]",699,699,"[66, 36]"
two_level,40,"[40, 66, 40]",25,25,"[66, 40]"
two_level,40,"[40, 66, 44]",2,2,"[66, 44]"
two_level,40,"[40, 66, 48]",3,3,"[66, 48]"
two_level,40,"[40, 67, 20]",2000,7369,"[67, 20]"
two_level,40,"[40, 67, 24]",241,241,"[67, 24]"
two_level,40,"[40, 67, 28]",81,81,"[67, 28]"
two_level,40,"[40, 67, 32]",135,135,"[67, 32]"
two_level,40,"[40, 67, 36]",108,108,"[67, 36]"
two_level,40,"[40, 67, 40]",44,44,"[67, 40]"
two_level,40,"[40, 68, 24]",1150,1150,"[68, 24]"
two_level,40,"[40, 68, 28]",152,152,"[68, 28]"
two_level,40,"[40, 68, 32]",122,122,"[68, 32]"
two_level,40,"[40, 68, 36]",255,255,"[68, 36]"
two_level,40,"[40, 68, 40]",67,67,"[68, 40]"
two_level,40,"[40, 68, 44]",4,4,"[68, 44]"
two_level,40,"[40, 68, 52]",1,1,"[68, 52]"
two_level,40,"[40, 69, 24]",152,152,"[69, 24]"
two_level,40,"[40, 69, 28]",198,198,"[69, 28]"
two_level,40,"[40, 69, 32]",184,184,"[69, 32]"
two_level,40,"[40, 69, 36]",229,229,"[69, 36]"
two_level,40,"[40, 69, 40]",88,88,"[69, 40]"
two_level,40,"[40, 69, 44]",2,2,"[69, 44]"
two_level,40,"[40, 70, 24]",58,58,"[70, 24]"
two_level,40,"[40, 70, 28]",180,180,"[70, 28]"
two_level,40,"[40, 70, 32]",376,376,"[70, 32]"
two_level,40,"[40, 70, 36]",418,418,"[70, 36]"
two_level,40,"[40, 70, 40]",27,27,"[70, 40]"
two_level,40,"[40, 70, 44]",8,8,"[70, 44]"
two_level,40,"[40, 70, 48]",3,3,"[70, 48]"
two_level,40,"[40, 71, 24]",520,520,"[71, 24]"
two_level,40,"[40, 71, 28]",194,194,"[71, 28]"
two_level,40,"[40, 71, 32]",218,218,"[71, 32]"
two_level,40,"[40, 71, 36]",362,362,"[71, 36]"
two_level,40,"[40, 71, 40]",45,45,"[71, 40]"
two_level,40,"[40, 71, 44]",8,8,"[71, 44]"
two_level,40,"[40, 72, 24]",1,1,"[72, 24]"
two_level,40,"[40, 72, 28]",1631,1631,"[72, 28]"
two_level,40,"[40, 72, 32]",134,134,"[72, 32]"
two_level,40,"[40, 72, 36]",147,147,"[72, 36]"
two_level,40,"[40, 72, 40]",150,150,"[72, 40]"
two_level,40,"[40, 72, 44]",6,6,"[72, 44]"
two_level,40,"[40, 72, 48]",1,1,"[72, 48]"
two_level,40,"[40, 73, 24]",482,482,"[73, 24]"
two_level,40,"[40, 73, 28]",285,285,"[73, 28]"
two_level,40,"[40, 73, 32]",19,19,"[73, 32]"
two_level,40,"[40, 73, 36]",4,4,"[73, 36]"
two_level,40,"[40, 73, 40]",70,70,"[73, 40]"
two_level,40,"[40, 73, 44]",4,4,"[73, 44]"
two_level,40,"[40, 73, 48]",2,2,"[73, 48]"
two_level,40,"[40, 74, 24]",80,80,"[74, 24]"
two_level,40,"[40, 74, 28]",206,206,"[74, 28]"
two_level,40,"[40, 74, 32]",23,23,"[74, 32]"
two_level,40,"[40, 74, 36]",90,90,"[74, 36]"
two_level,40,"[40, 74, 40]",23,23,"[74, 40]"
two_level,40,"[40, 74, 44]",3,3,"[74, 44]"
two_level,40,"[40, 74, 48]",1,1,"[74, 48]"
two_level,40,"[40, 75, 24]",2000,2356,"[75, 24]"
two_level,40,"[40, 75, 28]",240,240,"[75, 28]"
two_level,40,"[40, 75, 32]",99,99,"[75, 32]"
two_level,40,"[40, 75, 36]",101,101,"[75, 36]"
two_level,40,"[40, 75, 40]",1,1,"[75, 40]"
two_level,40,"[40, 75, 44]",4,4,"[75, 44]"
two_level,40,"[40, 76, 28]",638,638,"[76, 28]"
two_level,40,"[40, 76, 32]",62,62,"[76, 32]"
two_level,40,"[40, 76, 36]",37,37,"[76, 36]"
two_level,40,"[40, 76, 40]",61,61,"[76, 40]"
two_level,40,"[40, 76, 44]",1,1,"[76, 44]"
two_level,40,"[40, 76, 48]",2,2,"[76, 48]"
two_level,40,"[40, 77, 24]",61,61,"[77, 24]"
two_level,40,"[40, 77, 28]",435,435,"[77, 28]"
two_level,40,"[40, 77, 32]",33,33,"[77, 32]"
two_level,40,"[40, 77, 36]",114,114,"[77, 36]"
two_level,40,"[40, 77, 40]",203,203,"[77, 40]"
two_level,40,"[40, 77, 44]",2,2,"[77, 44]"
two_level,40,"[40, 77, 52]",2,2,"[77, 52]"
two_level,40,"[40, 78, 28]",787,787,"[78, 28]"
two_level,40,"[40, 78, 32]",40,40,"[78, 32]"
two_level,40,"[40, 78, 36]",44,44,"[78, 36]"
two_level,40,"[40, 78, 40]",128,128,"[78, 40]"
two_level,40,"[40, 78, 44]",1,1,"[78, 44]"
two_level,40,"[40, 78, 48]",3,3,"[78, 48]"
two_level,40,"[40, 78, 52]",1,1,"[78, 52]"
two_level,40,"[40, 79, 24]",2000,3875,"[79, 24]"
two_level,40,"[40, 79, 28]",277,277,"[79, 28]"
two_level,40,"[40, 79, 32]",80,80,"[79, 32]"
two_level,40,"[40, 79, 36]",2,2,"[79, 36]"
two_level,40,"[40, 79, 40]",1,1,"[79, 40]"
two_level,40,"[40, 79, 48]",1,1,"[79, 48]"
two_level,40,"[40, 80, 28]",1203,1203,"[80, 28]"
two_level,40,"[40, 80, 32]",75,75,"[80, 32]"
two_level,40,"[40, 80, 36]",5,5,"[80, 36]"
two_level,40,"[40, 80, 44]",1,1,"[80, 44]"
two_level,40,"[40, 80, 48]",2,2,"[80, 48]"
two_level,40,"[40, 81, 28]",1477,1477,"[81, 28]"
two_level,40,"[40, 81, 32]",124,124,"[81, 32]"
two_level,40,"[40, 81, 36]",5,5,"[81, 36]"
two_level,40,"[40, 81, 40]",110,110,"[81, 40]"
two_level,40,"[40, 81, 48]",1,1,"[81, 48]"
two_level,40,"[40, 81, 80]",8,8,"[81, 80]"
two_level,40,"[40, 82, 28]",751,751,"[82, 28]"
two_level,40,"[40, 82, 32]",74,74,"[82, 32]"
two_level,40,"[40, 82, 36]",30,30,"[82, 36]"
two_level,40,"[40, 82, 40]",21,21,"[82, 40]"
two_level,40,"[40, 82, 48]",4,4,"[82, 48]"
two_level,40,"[40, 83, 28]",351,351,"[83, 28]"
two_level,40,"[40, 83, 32]",82,82,"[83, 32]"
two_level,40,"[40, 83, 36]",75,75,"[83, 36]"
two_level,40,"[40, 83, 40]",74,74,"[83, 40]"
two_level,40,"[40, 83, 80]",2,2,"[83, 80]"
two_level,40,"[40, 84, 28]",74,74,"[84, 28]"
two_level,40,"[40, 84, 32]",391,391,"[84, 32]"
two_level,40,"[40, 84, 36]",54,54,"[84, 36]"
two_level,40,"[40, 84, 40]",13,13,"[84, 40]"
two_level,40,"[40, 85, 28]",2000,2246,"[85, 28]"
two_level,40,"[40, 85, 32]",103,103,"[85, 32]"
two_level,40,"[40, 85, 36]",26,26,"[85, 36]"
two_level,40,"[40, 85, 48]",1,1,"[85, 48]"
two_level,40,"[40, 85, 52]",2,2,"[85, 52]"
two_level,40,"[40, 86, 28]",729,729,"[86, 28]"
two_level,40,"[40, 86, 32]",122,122,"[86, 32]"
two_level,40,"[40, 86, 36]",8,8,"[86, 36]"
two_level,40,"[40, 86, 40]",5,5,"[86, 40]"
two_level,40,"[40, 86, 48]",4,4,"[86, 48]"
two_level,40,"[40, 87, 28]",1088,1088,"[87, 28]"
two_level,40,"[40, 87, 32]",117,117,"[87, 32]"
two_level,40,"[40, 87, 36]",37,37,"[87, 36]"
two_level,40,"[40, 87, 40]",41,41,"[87, 40]"
two_level,40,"[40, 88, 28]",33,33,"[88, 28]"
two_level,40,"[40, 88, 32]",460,460,"[88, 32]"
two_level,40,"[40, 88, 36]",34,34,"[88, 36]"
two_level,40,"[40, 88, 40]",4,4,"[88, 40]"
two_level,40,"[40, 89, 28]",10,10,"[89, 28]"
two_level,40,"[40, 89, 32]",502,502,"[89, 32]"
two_level,40,"[40, 89, 36]",33,33,"[89, 36]"
two_level,40,"[40, 89, 40]",4,4,"[89, 40]"
two_level,40,"[40, 89, 44]",4,4,"[89, 44]"
two_level,40,"[40, 89, 56]",1,1,"[89, 56]"
two_level,40,"[40, 90, 32]",676,676,"[90, 32]"
two_level,40,"[40, 90, 36]",20,20,"[90, 36]"
two_level,40,"[40, 90, 40]",21,21,"[90, 40]"
two_level,40,"[40, 90, 80]",1,1,"[90, 80]"
two_level,40,"[40, 91, 28]",1840,1840,"[91, 28]"
two_level,40,"[40, 91, 32]",114,114,"[91, 32]"
two_level,40,"[40, 91, 36]",15,15,"[91, 36]"
two_level,40,"[40, 92, 32]",600,600,"[92, 32]"
two_level,40,"[40, 92, 36]",93,93,"[92, 36]"
two_level,40,"[40, 92, 40]",1,1,"[92, 40]"
two_level,40,"[40, 92, 80]",1,1,"[92, 80]"
two_level,40,"[40, 93, 32]",1456,1456,"[93, 32]"
two_level,40,"[40, 93, 36]",35,35,"[93, 36]"
two_level,40,"[40, 93, 40]",1,1,"[93, 40]"
two_level,40,"[40, 93, 44]",5,5,"[93, 44]"
two_level,40,"[40, 93, 48]",1,1,"[93, 48]"
two_level,40,"[40, 94, 32]",914,914,"[94, 32]"
two_level,40,"[40, 94, 36]",36,36,"[94, 36]"
two_level,40,"[40, 94, 40]",2,2,"[94, 40]"
two_level,40,"[40, 95, 32]",861,861,"[95, 32]"
two_level,40,"[40, 95, 36]",68,68,"[95, 36]"
two_level,40,"[40, 95, 40]",9,9,"[95, 40]"
two_level,40,"[40, 95, 80]",2,2,"[95, 80]"
two_level,40,"[40, 96, 32]",45,45,"[96, 32]"
two_level,40,"[40, 96, 36]",387,387,"[96, 36]"
two_level,40,"[40, 96, 40]",35,35,"[96, 40]"
two_level,40,"[40, 96, 44]",4,4,"[96, 44]"
two_level,40,"[40, 97, 32]",2000,2877,"[97, 32]"
two_level,40,"[40, 97, 36]",40,40,"[97, 36]"
two_level,40,"[40, 97, 40]",1,1,"[97, 40]"
two_level,40,"[40, 97, 80]",2,2,"[97, 80]"
two_level,40,"[40, 98, 32]",1480,1480,"[98, 32]"
two_level,40,"[40, 98, 36]",72,72,"[98, 36]"
two_level,40,"[40, 98, 40]",5,5,"[98, 40]"
two_level,40,"[40, 99, 32]",258,258,"[99, 32]"
two_level,40,"[40, 99, 36]",39,39,"[99, 36]"
two_level,40,"[40, 99, 40]",24,24,"[99, 40]"
two_level,40,"[40, 99, 44]",4,4,"[99, 44]"
two_level,40,"[40, 99, 48]",11,11,"[99, 48]"
two_level,40,"[40, 100, 32]",29,29,"[100, 32]"
two_level,40,"[40, 100, 36]",546,546,"[100, 36]"
two_level,40,"[40, 100, 40]",21,21,"[100, 40]"
two_level,40,"[40, 100, 48]",1,1,"[100, 48]"
two_level,40,"[40, 101, 36]",618,618,"[101, 36]"
two_level,40,"[40, 101, 40]",27,27,"[101, 40]"
two_level,40,"[40, 101, 48]",1,1,"[101, 48]"
two_level,40,"[40, 102, 36]",203,203,"[102, 36]"
two_level,40,"[40, 102, 40]",1,1,"[102, 40]"
two_level,40,"[40, 102, 44]",2,2,"[102, 44]"
two_level,40,"[40, 103, 32]",2000,2440,"[103, 32]"
two_level,40,"[40, 103, 36]",51,51,"[103, 36]"
two_level,40,"[40, 103, 40]",7,7,"[103, 40]"
two_level,40,"[40, 103, 80]",1,1,"[103, 80]"
two_level,40,"[40, 104, 36]",855,855,"[104, 36]"
two_level,40,"[40, 104, 40]",19,19,"[104, 40]"
two_level,40,"[40, 105, 36]",54,54,"[105, 36]"
two_level,40,"[40, 105, 40]",24,24,"[105, 40]"
two_level,40,"[40, 105, 44]",4,4,"[105, 44]"
two_level,40,"[40, 105, 80]",6,6,"[105, 80]"
two_level,40,"[40, 106, 36]",186,186,"[106, 36]"
two_level,40,"[40, 106, 40]",14,14,"[106, 40]"
two_level,40,"[40, 106, 44]",2,2,"[106, 44]"
two_level,40,"[40, 106, 80]",2,2,"[106, 80]"
two_level,40,"[40, 107, 36]",314,314,"[107, 36]"
two_level,40,"[40, 107, 40]",9,9,"[107, 40]"
two_level,40,"[40, 107, 80]",3,3,"[107, 80]"
two_level,40,"[40, 108, 40]",30,30,"[108, 40]"
two_level,40,"[40, 108, 48]",2,2,"[108, 48]"
two_level,40,"[40, 108, 80]",2,2,"[108, 80]"
two_level,40,"[40, 109, 36]",2000,2086,"[109, 36]"
two_level,40,"[40, 109, 40]",12,12,"[109, 40]"
two_level,40,"[40, 109, 80]",1,1,"[109, 80]"
two_level,40,"[40, 110, 36]",570,570,"[110, 36]"
two_level,40,"[40, 110, 40]",4,4,"[110, 40]"
two_level,40,"[40, 110, 80]",1,1,"[110, 80]"
two_level,40,"[40, 111, 36]",36,36,"[111, 36]"
two_level,40,"[40, 111, 40]",4,4,"[111, 40]"
two_level,40,"[40, 111, 48]",3,3,"[111, 48]"
two_level,40,"[40, 111, 80]",2,2,"[111, 80]"
two_level,40,"[40, 112, 40]",198,198,"[112, 40]"
two_level,40,"[40, 112, 44]",9,9,"[112, 44]"
two_level,40,"[40, 112, 48]",2,2,"[112, 48]"
two_level,40,"[40, 112, 52]",2,2,"[112, 52]"
two_level,40,"[40, 112, 80]",3,3,"[112, 80]"
two_level,40,"[40, 113, 40]",74,74,"[113, 40]"
two_level,40,"[40, 113, 80]",10,10,"[113, 80]"
two_level,40,"[40, 114, 40]",9,9,"[114, 40]"
two_level,40,"[40, 114, 80]",3,3,"[114, 80]"
two_level,40,"[40, 115, 36]",1117,1117,"[115, 36]"
two_level,40,"[40, 115, 40]",14,14,"[115, 40]"
two_level,40,"[40, 115, 80]",3,3,"[115, 80]"
two_level,40,"[40, 116, 40]",185,185,"[116, 40]"
two_level,40,"[40, 116, 44]",2,2,"[116, 44]"
two_level,40,"[40, 116, 52]",1,1,"[116, 52]"
two_level,40,"[40, 116, 80]",4,4,"[116, 80]"
two_level,40,"[40, 117, 40]",16,16,"[117, 40]"
two_level,40,"[40, 117, 80]",4,4,"[117, 80]"
two_level,40,"[40, 118, 40]",103,103,"[118, 40]"
two_level,40,"[40, 118, 44]",5,5,"[118, 44]"
two_level,40,"[40, 118, 48]",4,4,"[118, 48]"
two_level,40,"[40, 118, 80]",4,4,"[118, 80]"
two_level,40,"[40, 119, 40]",2,2,"[119, 40]"
two_level,40,"[40, 119, 80]",5,5,"[119, 80]"
two_level,40,"[40, 120, 40]",6,6,"[120, 40]"
two_level,40,"[40, 120, 44]",2,2,"[120, 44]"
two_level,40,"[40, 120, 48]",1,1,"[120, 48]"
two_level,40,"[40, 120, 80]",4,4,"[120, 80]"
two_level,40,"[40, 121, 40]",437,437,"[121, 40]"
two_level,40,"[40, 121, 44]",1,1,"[121, 44]"
two_level,40,"[40, 121, 80]",13,13,"[121, 80]"
two_level,40,"[40, 122, 40]",87,87,"[122, 40]"
two_level,40,"[40, 122, 44]",2,2,"[122, 44]"
two_level,40,"[40, 122, 52]",2,2,"[122, 52]"
two_level,40,"[40, 122, 80]",7,7,"[122, 80]"
two_level,40,"[40, 123, 40]",9,9,"[123, 40]"
two_level,40,"[40, 123, 80]",5,5,"[123, 80]"
two_level,40,"[40, 124, 44]",26,26,"[124, 44]"
two_level,40,"[40, 124, 48]",5,5,"[124, 48]"
two_level,40,"[40, 124, 52]",2,2,"[124, 52]"
two_level,40,"[40, 124, 80]",6,6,"[124, 80]"
two_level,40,"[40, 125, 44]",5,5,"[125, 44]"
two_level,40,"[40, 125, 80]",5,5,"[125, 80]"
two_level,40,"[40, 126, 44]",2,2,"[126, 44]"
two_level,40,"[40, 126, 80]",7,7,"[126, 80]"
two_level,40,"[40, 127, 40]",106,106,"[127, 40]"
two_level,40,"[40, 127, 44]",1,1,"[127, 44]"
two_level,40,"[40, 127, 80]",5,5,"[127, 80]"
two_level,40,"[40, 128, 44]",15,15,"[128, 44]"
two_level,40,"[40, 128, 48]",2,2,"[128, 48]"
two_level,40,"[40, 128, 80]",7,7,"[128, 80]"
two_level,40,"[40, 129, 44]",5,5,"[129, 44]"
two_level,40,"[40, 129, 80]",14,14,"[129, 80]"
two_level,40,"[40, 130, 44]",19,19,"[130, 44]"
two_level,40,"[40, 130, 48]",2,2,"[130, 48]"
two_level,40,"[40, 130, 52]",1,1,"[130, 52]"
two_level,40,"[40, 130, 80]",7,7,"[130, 80]"
two_level,40,"[40, 131, 44]",1,1,"[131, 44]"
two_level,40,"[40, 131, 80]",9,9,"[131, 80]"
two_level,40,"[40, 132, 48]",2,2,"[132, 48]"
two_level,40,"[40, 132, 56]",1,1,"[132, 56]"
two_level,40,"[40, 132, 80]",8,8,"[132, 80]"
two_level,40,"[40, 133, 44]",24,24,"[133, 44]"
two_level,40,"[40, 133, 80]",10,10,"[133, 80]"
two_level,40,"[40, 134, 44]",11,11,"[134, 44]"
two_level,40,"[40, 134, 80]",12,12,"[134, 80]"
two_level,40,"[40, 135, 44]",6,6,"[135, 44]"
two_level,40,"[40, 135, 80]",13,13,"[135, 80]"
two_level,40,"[40, 135, 88]",1,1,"[135, 88]"
two_level,40,"[40, 136, 48]",20,20,"[136, 48]"
two_level,40,"[40, 136, 56]",1,1,"[136, 56]"
two_level,40,"[40, 136, 80]",11,11,"[136, 80]"
two_level,40,"[40, 137, 48]",1,1,"[137, 48]"
two_level,40,"[40, 137, 80]",15,15,"[137, 80]"
two_level,40,"[40, 138, 48]",1,1,"[138, 48]"
two_level,40,"[40, 138, 80]",9,9,"[138, 80]"
two_level,40,"[40, 138, 84]",2,2,"[138, 84]"
two_level,40,"[40, 139, 44]",16,16,"[139, 44]"
two_level,40,"[40, 139, 80]",9,9,"[139, 80]"
two_level,40,"[40, 139, 84]",1,1,"[139, 84]"
two_level,40,"[40, 140, 48]",12,12,"[140, 48]"
two_level,40,"[40, 140, 80]",10,10,"[140, 80]"
two_level,40,"[40, 140, 84]",1,1,"[140, 84]"
two_level,40,"[40, 141, 48]",1,1,"[141, 48]"
two_level,40,"[40, 141, 80]",9,9,"[141, 80]"
two_level,40,"[40, 142, 48]",3,3,"[142, 48]"
two_level,40,"[40, 142, 80]",11,11,"[142, 80]"
two_level,40,"[40, 142, 84]",2,2,"[142, 84]"
two_level,40,"[40, 143, 80]",13,13,"[143, 80]"
two_level,40,"[40, 144, 52]",3,3,"[144, 52]"
two_level,40,"[40, 144, 80]",11,11,"[144, 80]"
two_level,40,"[40, 145, 48]",4,4,"[145, 48]"
two_level,40,"[40, 145, 80]",15,15,"[145, 80]"
two_level,40,"[40, 146, 48]",5,5,"[146, 48]"
two_level,40,"[40, 146, 52]",3,3,"[146, 52]"
two_level,40,"[40, 146, 80]",14,14,"[146, 80]"
two_level,40,"[40, 146, 88]",2,2,"[146, 88]"
two_level,40,"[40, 147, 48]",2,2,"[147, 48]"
two_level,40,"[40, 147, 80]",13,13,"[147, 80]"
two_level,40,"[40, 147, 84]",2,2,"[147, 84]"
two_level,40,"[40, 148, 52]",2,2,"[148, 52]"
two_level,40,"[40, 148, 80]",14,14,"[148, 80]"
two_level,40,"[40, 148, 84]",3,3,"[148, 84]"
two_level,40,"[40, 149, 80]",23,23,"[149, 80]"
two_level,40,"[40, 149, 84]",3,3,"[149, 84]"
two_level,40,"[40, 149, 92]",1,1,"[149, 92]"
two_level,40,"[40, 150, 52]",2,2,"[150, 52]"
two_level,40,"[40, 150, 80]",5,5,"[150, 80]"
two_level,40,"[40, 150, 84]",3,3,"[150, 84]"
two_level,40,"[40, 150, 88]",1,1,"[150, 88]"
two_level,40,"[40, 151, 48]",14,14,"[151, 48]"
two_level,40,"[40, 151, 80]",15,15,"[151, 80]"
two_level,40,"[40, 151, 84]",1,1,"[151, 84]"
two_level,40,"[40, 151, 88]",1,1,"[151, 88]"
two_level,40,"[40, 152, 52]",2,2,"[152, 52]"
two_level,40,"[40, 152, 80]",4,4,"[152, 80]"
two_level,40,"[40, 152, 84]",7,7,"[152, 84]"
two_level,40,"[40, 152, 88]",2,2,"[152, 88]"
two_level,40,"[40, 153, 80]",3,3,"[153, 80]"
two_level,40,"[40, 153, 84]",10,10,"[153, 84]"
two_level,40,"[40, 153, 88]",2,2,"[153, 88]"
two_level,40,"[40, 154, 56]",1,1,"[154, 56]"
two_level,40,"[40, 154, 80]",4,4,"[154, 80]"
two_level,40,"[40, 154, 84]",11,11,"[154, 84]"
two_level,40,"[40, 154, 88]",2,2,"[154, 88]"
two_level,40,"[40, 155, 80]",2,2,"[155, 80]"
two_level,40,"[40, 155, 84]",11,11,"[155, 84]"
two_level,40,"[40, 155, 88]",2,2,"[155, 88]"
two_level,40,"[40, 155, 92]",1,1,"[155, 92]"
two_level,40,"[40, 156, 80]",5,5,"[156, 80]"
two_level,40,"[40, 156, 84]",5,5,"[156, 84]"
two_level,40,"[40, 156, 88]",4,4,"[156, 88]"
two_level,40,"[40, 156, 92]",5,5,"[156, 92]"
two_level,40,"[40, 157, 52]",2,2,"[157, 52]"
two_level,40,"[40, 157, 80]",3,3,"[157, 80]"
two_level,40,"[40, 157, 84]",8,8,"[157, 84]"
two_level,40,"[40, 157, 92]",2,2,"[157, 92]"
two_level,40,"[40, 158, 56]",1,1,"[158, 56]"
two_level,40,"[40, 158, 80]",3,3,"[158, 80]"
two_level,40,"[40, 158, 84]",4,4,"[158, 84]"
two_level,40,"[40, 158, 88]",5,5,"[158, 88]"
two_level,40,"[40, 158, 92]",2,2,"[158, 92]"
two_level,40,"[40, 159, 80]",4,4,"[159, 80]"
two_level,40,"[40, 159, 88]",4,4,"[159, 88]"
two_level,40,"[40, 160, 80]",3,3,"[160, 80]"
two_level,40,"[40, 160, 88]",6,6,"[160, 88]"
two_level,40,"[40, 160, 92]",11,11,"[160, 92]"
two_level,40,"[40, 161, 80]",2,2,"[161, 80]"
two_level,40,"[40, 161, 88]",2,2,"[161, 88]"
two_level,40,"[40, 161, 92]",2,2,"[161, 92]"
two_level,40,"[40, 162, 80]",2,2,"[162, 80]"
two_level,40,"[40, 162, 88]",6,6,"[162, 88]"
two_level,40,"[40, 162, 92]",2,2,"[162, 92]"
two_level,40,"[40, 163, 80]",5,5,"[163, 80]"
two_level,40,"[40, 163, 92]",2,2,"[163, 92]"
two_level,40,"[40, 164, 92]",12,12,"[164, 92]"
two_level,40,"[40, 165, 80]",18,18,"[165, 80]"
two_level,40,"[40, 165, 88]",1,1,"[165, 88]"
two_level,40,"[40, 165, 92]",5,5,"[165, 92]"
two_level,40,"[40, 166, 92]",2,2,"[166, 92]"
two_level,40,"[40, 167, 80]",2,2,"[167, 80]"
two_level,40,"[40, 168, 92]",29,29,"[168, 92]"
two_level,40,"[40, 169, 80]",1,1,"[169, 80]"
two_level,40,"[40, 169, 88]",1,1,"[169, 88]"
two_level,40,"[40, 169, 92]",5,5,"[169, 92]"
two_level,40,"[40, 170, 92]",2,2,"[170, 92]"
two_level,40,"[40, 171, 80]",1,1,"[171, 80]"
two_level,40,"[40, 171, 92]",1,1,"[171, 92]"
two_level,40,"[40, 172, 84]",3,3,"[172, 84]"
two_level,40,"[40, 172, 92]",34,34,"[172, 92]"
two_level,40,"[40, 173, 80]",2,2,"[173, 80]"
two_level,40,"[40, 173, 84]",1,1,"[173, 84]"
two_level,40,"[40, 173, 88]",1,1,"[173, 88]"
two_level,40,"[40, 173, 92]",8,8,"[173, 92]"
two_level,40,"[40, 174, 88]",1,1,"[174, 88]"
two_level,40,"[40, 175, 80]",1,1,"[175, 80]"
two_level,40,"[40, 175, 88]",3,3,"[175, 88]"
two_level,40,"[40, 175, 96]",1,1,"[175, 96]"
two_level,40,"[40, 176, 80]",1,1,"[176, 80]"
two_level,40,"[40, 176, 92]",43,43,"[176, 92]"
two_level,40,"[40, 176, 96]",2,2,"[176, 96]"
two_level,40,"[40, 177, 84]",3,3,"[177, 84]"
two_level,40,"[40, 177, 88]",6,6,"[177, 88]"
two_level,40,"[40, 177, 92]",7,7,"[177, 92]"
two_level,40,"[40, 178, 88]",1,1,"[178, 88]"
two_level,40,"[40, 179, 88]",21,21,"[179, 88]"
two_level,40,"[40, 179, 92]",1,1,"[179, 92]"
two_level,40,"[40, 180, 84]",1,1,"[180, 84]"
two_level,40,"[40, 180, 92]",49,49,"[180, 92]"
two_level,40,"[40, 181, 84]",3,3,"[181, 84]"
two_level,40,"[40, 181, 88]",1,1,"[181, 88]"
two_level,40,"[40, 181, 92]",8,8,"[181, 92]"
two_level,40,"[40, 182, 84]",1,1,"[182, 84]"
two_level,40,"[40, 182, 88]",3,3,"[182, 88]"
two_level,40,"[40, 183, 88]",9,9,"[183, 88]"
two_level,40,"[40, 183, 92]",4,4,"[183, 92]"
two_level,40,"[40, 184, 88]",2,2,"[184, 88]"
two_level,40,"[40, 184, 92]",63,63,"[184, 92]"
two_level,40,"[40, 185, 84]",2,2,"[185, 84]"
two_level,40,"[40, 185, 88]",3,3,"[185, 88]"
two_level,40,"[40, 185, 92]",197,197,"[185, 92]"
two_level,40,"[40, 185, 96]",3,3,"[185, 96]"
two_level,40,"[40, 186, 84]",1,1,"[186, 84]"
two_level,40,"[40, 186, 88]",7,7,"[186, 88]"
two_level,40,"[40, 186, 92]",7,7,"[186, 92]"
two_level,40,"[40, 187, 84]",2,2,"[187, 84]"
two_level,40,"[40, 187, 88]",12,12,"[187, 88]"
two_level,40,"[40, 187, 92]",14,14,"[187, 92]"
two_level,40,"[40, 187, 96]",2,2,"[187, 96]"
two_level,40,"[40, 188, 88]",2,2,"[188, 88]"
two_level,40,"[40, 188, 92]",81,81,"[188, 92]"
two_level,40,"[40, 189, 88]",7,7,"[189, 88]"
two_level,40,"[40, 189, 92]",21,21,"[189, 92]"
two_level,40,"[40, 189, 96]",5,5,"[189, 96]"
two_level,40,"[40, 190, 88]",10,10,"[190, 88]"
two_level,40,"[40, 190, 92]",24,24,"[190, 92]"
two_level,40,"[40, 190, 96]",1,1,"[190, 96]"
two_level,40,"[40, 191, 88]",16,16,"[191, 88]"
two_level,40,"[40, 191, 92]",233,233,"[191, 92]"
two_level,40,"[40, 191, 96]",4,4,"[191, 96]"
two_level,40,"[40, 192, 84]",1,1,"[192, 84]"
two_level,40,"[40, 192, 88]",2,2,"[192, 88]"
two_level,40,"[40, 192, 92]",110,110,"[192, 92]"
two_level,40,"[40, 193, 88]",13,13,"[193, 88]"
two_level,40,"[40, 193, 92]",53,53,"[193, 92]"
two_level,40,"[40, 193, 96]",10,10,"[193, 96]"
two_level,40,"[40, 194, 88]",17,17,"[194, 88]"
two_level,40,"[40, 194, 92]",117,117,"[194, 92]"
two_level,40,"[40, 194, 96]",3,3,"[194, 96]"
two_level,40,"[40, 195, 88]",12,12,"[195, 88]"
two_level,40,"[40, 195, 92]",104,104,"[195, 92]"
two_level,40,"[40, 195, 96]",6,6,"[195, 96]"
two_level,40,"[40, 196, 84]",1,1,"[196, 84]"
two_level,40,"[40, 196, 92]",159,159,"[196, 92]"
two_level,40,"[40, 196, 96]",1,1,"[196, 96]"
two_level,40,"[40, 197, 88]",15,15,"[197, 88]"
two_level,40,"[40, 197, 92]",93,93,"[197, 92]"
two_level,40,"[40, 197, 96]",699,699,"[197, 96]"
two_level,40,"[40, 198, 88]",12,12,"[198, 88]"
two_level,40,"[40, 198, 92]",272,272,"[198, 92]"
two_level,40,"[40, 198, 96]",6,6,"[198, 96]"
two_level,40,"[40, 199, 88]",19,19,"[199, 88]"
two_level,40,"[40, 199, 92]",191,191,"[199, 92]"
two_level,40,"[40, 199, 96]",10,10,"[199, 96]"
two_level,40,"[40, 200, 92]",227,227,"[200, 92]"
two_level,40,"[40, 200, 96]",6,6,"[200, 96]"
two_level,40,"[40, 201, 92]",154,154,"[201, 92]"
two_level,40,"[40, 201, 96]",28,28,"[201, 96]"
two_level,40,"[40, 202, 92]",537,537,"[202, 92]"
two_level,40,"[40, 202, 96]",10,10,"[202, 96]"
two_level,40,"[40, 203, 92]",245,245,"[203, 92]"
two_level,40,"[40, 203, 96]",73,73,"[203, 96]"
two_level,40,"[40, 204, 92]",220,220,"[204, 92]"
two_level,40,"[40, 204, 96]",22,22,"[204, 96]"
two_level,40,"[40, 205, 92]",228,228,"[205, 92]"
two_level,40,"[40, 205, 96]",55,55,"[205, 96]"
two_level,40,"[40, 206, 92]",965,965,"[206, 92]"
two_level,40,"[40, 206, 96]",15,15,"[206, 96]"
two_level,40,"[40, 207, 88]",22,22,"[207, 88]"
two_level,40,"[40, 207, 92]",344,344,"[207, 92]"
two_level,40,"[40, 207, 96]",25,25,"[207, 96]"
two_level,40,"[40, 208, 92]",1830,1830,"[208, 92]"
two_level,40,"[40, 208, 96]",56,56,"[208, 96]"
two_level,40,"[40, 209, 88]",10,10,"[209, 88]"
two_level,40,"[40, 209, 92]",166,166,"[209, 92]"
two_level,40,"[40, 209, 96]",86,86,"[209, 96]"
two_level,40,"[40, 209, 100]",1,1,"[209, 100]"
two_level,40,"[40, 210, 88]",3,3,"[210, 88]"
two_level,40,"[40, 210, 92]",183,183,"[210, 92]"
two_level,40,"[40, 210, 96]",1437,1437,"[210, 96]"
two_level,40,"[40, 211, 92]",1486,1486,"[211, 92]"
two_level,40,"[40, 211, 96]",2,2,"[211, 96]"
two_level,40,"[40, 212, 92]",77,77,"[212, 92]"
two_level,40,"[40, 213, 88]",2,2,"[213, 88]"
two_level,40,"[40, 213, 92]",613,613,"[213, 92]"
two_level,40,"[40, 213, 96]",1238,1238,"[213, 96]"
two_level,40,"[40, 214, 88]",2,2,"[214, 88]"
two_level,40,"[40, 214, 92]",139,139,"[214, 92]"
two_level,40,"[40, 215, 88]",2,2,"[215, 88]"
two_level,40,"[40, 215, 92]",84,84,"[215, 92]"
two_level,40,"[40, 216, 88]",4,4,"[216, 88]"
two_level,40,"[40, 216, 92]",216,216,"[216, 92]"
two_level,40,"[40, 216, 96]",28,28,"[216, 96]"
two_level,40,"[40, 217, 92]",16,16,"[217, 92]"
two_level,40,"[40, 218, 88]",14,14,"[218, 88]"
two_level,40,"[40, 218, 92]",78,78,"[218, 92]"
two_level,40,"[40, 218, 96]",752,752,"[218, 96]"
two_level,40,"[40, 219, 84]",4,4,"[219, 84]"
two_level,40,"[40, 219, 88]",7,7,"[219, 88]"
two_level,40,"[40, 219, 92]",2000,3229,"[219, 92]"
two_level,40,"[40, 219, 96]",262,262,"[219, 96]"
two_level,40,"[40, 220, 88]",9,9,"[220, 88]"
two_level,40,"[40, 220, 92]",79,79,"[220, 92]"
two_level,40,"[40, 220, 96]",159,159,"[220, 96]"
two_level,40,"[40, 221, 84]",3,3,"[221, 84]"
two_level,40,"[40, 221, 92]",8,8,"[221, 92]"
two_level,40,"[40, 221, 96]",217,217,"[221, 96]"
two_level,40,"[40, 222, 88]",22,22,"[222, 88]"
two_level,40,"[40, 222, 92]",48,48,"[222, 92]"
two_level,40,"[40, 222, 96]",64,64,"[222, 96]"
two_level,40,"[40, 223, 92]",7,7,"[223, 92]"
two_level,40,"[40, 224, 84]",3,3,"[224, 84]"
two_level,40,"[40, 224, 88]",7,7,"[224, 88]"
two_level,40,"[40, 224, 92]",54,54,"[224, 92]"
two_level,40,"[40, 224, 100]",59,59,"[224, 100]"
two_level,40,"[40, 225, 84]",2,2,"[225, 84]"
two_level,40,"[40, 225, 88]",4,4,"[225, 88]"
two_level,40,"[40, 225, 92]",14,14,"[225, 92]"
two_level,40,"[40, 225, 96]",2,2,"[225, 96]"
two_level,40,"[40, 225, 100]",2,2,"[225, 100]"
two_level,40,"[40, 226, 84]",7,7,"[226, 84]"
two_level,40,"[40, 226, 88]",4,4,"[226, 88]"
two_level,40,"[40, 226, 92]",2,2,"[226, 92]"
two_level,40,"[40, 226, 96]",9,9,"[226, 96]"
two_level,40,"[40, 227, 80]",4,4,"[227, 80]"
two_level,40,"[40, 227, 96]",71,71,"[227, 96]"
two_level,40,"[40, 228, 84]",8,8,"[228, 84]"
two_level,40,"[40, 228, 88]",5,5,"[228, 88]"
two_level,40,"[40, 228, 96]",9,9,"[228, 96]"
two_level,40,"[40, 228, 100]",1,1,"[228, 100]"
two_level,40,"[40, 229, 84]",5,5,"[229, 84]"
two_level,40,"[40, 230, 84]",4,4,"[230, 84]"
two_level,40,"[40, 230, 92]",1,1,"[230, 92]"
two_level,40,"[40, 230, 100]",1,1,"[230, 100]"
two_level,40,"[40, 231, 80]",5,5,"[231, 80]"
two_level,40,"[40, 231, 84]",1,1,"[231, 84]"
two_level,40,"[40, 232, 84]",29,29,"[232, 84]"
two_level,40,"[40, 233, 84]",1,1,"[233, 84]"
two_level,40,"[40, 233, 88]",10,10,"[233, 88]"
two_level,40,"[40, 234, 80]",39,39,"[234, 80]"
two_level,40,"[40, 234, 84]",3,3,"[234, 84]"
two_level,40,"[40, 234, 88]",1,1,"[234, 88]"
two_level,40,"[40, 234, 92]",2,2,"[234, 92]"
two_level,40,"[40, 235, 80]",4,4,"[235, 80]"
two_level,40,"[40, 236, 84]",15,15,"[236, 84]"
two_level,40,"[40, 237, 80]",24,24,"[237, 80]"
two_level,40,"[40, 238, 80]",24,24,"[238, 80]"
two_level,40,"[40, 238, 84]",3,3,"[238, 84]"
two_level,40,"[40, 239, 80]",11,11,"[239, 80]"
two_level,40,"[40, 239, 84]",10,10,"[239, 84]"
two_level,40,"[40, 240, 84]",17,17,"[240, 84]"
two_level,40,"[40, 240, 92]",2,2,"[240, 92]"
two_level,40,"[40, 241, 80]",61,61,"[241, 80]"
two_level,40,"[40, 242, 80]",157,157,"[242, 80]"
two_level,40,"[40, 242, 84]",1,1,"[242, 84]"
two_level,40,"[40, 243, 80]",44,44,"[243, 80]"
two_level,40,"[40, 243, 84]",1,1,"[243, 84]"
two_level,40,"[40, 244, 84]",205,205,"[244, 84]"
two_level,40,"[40, 245, 84]",10,10,"[245, 84]"
two_level,40,"[40, 246, 84]",3,3,"[246, 84]"
two_level,40,"[40, 246, 92]",4,4,"[246, 92]"
two_level,40,"[40, 247, 80]",362,362,"[247, 80]"
two_level,40,"[40, 248, 84]",66,66,"[248, 84]"
two_level,40,"[40, 248, 88]",4,4,"[248, 88]"
two_level,40,"[40, 249, 84]",13,13,"[249, 84]"
two_level,40,"[40, 250, 84]",16,16,"[250, 84]"
two_level,40,"[40, 251, 84]",2,2,"[251, 84]"
two_level,40,"[40, 252, 92]",1,1,"[252, 92]"
two_level,40,"[40, 252, 96]",4,4,"[252, 96]"
two_level,40,"[40, 253, 84]",36,36,"[253, 84]"
two_level,40,"[40, 254, 84]",12,12,"[254, 84]"
two_level,40,"[40, 254, 88]",2,2,"[254, 88]"
two_level,40,"[40, 254, 92]",1,1,"[254, 92]"
two_level,40,"[40, 255, 84]",9,9,"[255, 84]"
two_level,40,"[40, 256, 88]",12,12,"[256, 88]"
two_level,40,"[40, 257, 88]",9,9,"[257, 88]"
two_level,40,"[40, 258, 88]",1,1,"[258, 88]"
two_level,40,"[40, 258, 92]",10,10,"[258, 92]"
two_level,40,"[40, 258, 96]",19,19,"[258, 96]"
two_level,40,"[40, 259, 84]",32,32,"[259, 84]"
two_level,40,"[40, 259, 92]",1,1,"[259, 92]"
two_level,40,"[40, 260, 88]",48,48,"[260, 88]"
two_level,40,"[40, 260, 92]",3,3,"[260, 92]"
two_level,40,"[40, 260, 96]",4,4,"[260, 96]"
two_level,40,"[40, 261, 88]",27,27,"[261, 88]"
two_level,40,"[40, 262, 88]",44,44,"[262, 88]"
two_level,40,"[40, 262, 92]",4,4,"[262, 92]"
two_level,40,"[40, 263, 88]",34,34,"[263, 88]"
two_level,40,"[40, 264, 92]",12,12,"[264, 92]"
two_level,40,"[40, 264, 100]",1,1,"[264, 100]"
two_level,40,"[40, 265, 88]",72,72,"[265, 88]"
two_level,40,"[40, 265, 92]",2,2,"[265, 92]"
two_level,40,"[40, 266, 88]",69,69,"[266, 88]"
two_level,40,"[40, 266, 92]",18,18,"[266, 92]"
two_level,40,"[40, 266, 96]",6,6,"[266, 96]"
two_level,40,"[40, 267, 88]",26,26,"[267, 88]"
two_level,40,"[40, 267, 92]",3,3,"[267, 92]"
two_level,40,"[40, 268, 92]",595,595,"[268, 92]"
two_level,40,"[40, 269, 92]",282,282,"[269, 92]"
two_level,40,"[40, 270, 92]",90,90,"[270, 92]"
two_level,40,"[40, 271, 88]",114,114,"[271, 88]"
two_level,40,"[40, 271, 92]",14,14,"[271, 92]"
two_level,40,"[40, 272, 92]",1564,1564,"[272, 92]"
two_level,40,"[40, 273, 92]",190,190,"[273, 92]"
two_level,40,"[40, 274, 92]",2000,5367,"[274, 92]"
two_level,40,"[40, 275, 92]",552,552,"[275, 92]"
two_level,40,"[40, 276, 96]",23,23,"[276, 96]"
two_level,40,"[40, 277, 92]",932,932,"[277, 92]"
two_level,40,"[40, 277, 96]",7,7,"[277, 96]"
two_level,40,"[40, 278, 92]",2000,9157,"[278, 92]"
two_level,40,"[40, 279, 92]",206,206,"[279, 92]"
two_level,40,"[40, 280, 96]",45,45,"[280, 96]"
two_level,40,"[40, 281, 96]",16,16,"[281, 96]"
two_level,40,"[40, 282, 96]",5,5,"[282, 96]"
two_level,40,"[40, 283, 92]",1597,1597,"[283, 92]"
two_level,40,"[40, 284, 96]",35,35,"[284, 96]"
two_level,40,"[40, 285, 96]",774,774,"[285, 96]"
two_level,40,"[40, 286, 96]",2,2,"[286, 96]"
two_level,40,"[40, 287, 96]",2,2,"[287, 96]"
two_level,40,"[40, 288, 100]",1,1,"[288, 100]"
two_level,40,"[40, 289, 96]",2000,3042,"[289, 96]"
two_level,40,"[40, 290, 96]",3,3,"[290, 96]"
two_level,40,"[40, 291, 96]",58,58,"[291, 96]"
two_level,40,"[40, 295, 96]",201,201,"[295, 96]"
two_level,40,"[40, 297, 100]",1,1,"[297, 100]"
two_level,40,"[40, 301, 100]",4,4,"[301, 100]"
power_identity,40,"[40, 0]",30,30,[0]
power_identity,40,"[40, 4]",20,20,[4]
power_identity,40,"[40, 8]",40,40,[8]
power_identity,40,"[40, 12]",30,30,[12]
power_identity,40,"[40, 16]",85,85,[16]
power_identity,40,"[40, 20]",183,183,[20]
power_identity,40,"[40, 24]",44,44,[24]
power_identity,40,"[40, 28]",82,82,[28]
power_identity,40,"[40, 32]",86,86,[32]
power_identity,40,"[40, 36]",84,84,[36]
power_identity,40,"[40, 40]",260,260,[40]
power_identity,40,"[40, 44]",491,491,[44]
power_identity,40,"[40, 48]",503,503,[48]
power_identity,40,"[40, 52]",1134,1134,[52]
power_identity,40,"[40, 56]",298,298,[56]
power_identity,40,"[40, 60]",379,379,[60]
power_identity,40,"[40, 64]",499,499,[64]
power_identity,40,"[40, 68]",311,311,[68]
power_identity,40,"[40, 72]",393,393,[72]
power_identity,40,"[40, 76]",576,576,[76]
power_identity,40,"[40, 80]",449,449,[80]
power_identity,40,"[40, 84]",540,540,[84]
power_identity,40,"[40, 88]",513,513,[88]
power_identity,40,"[40, 92]",616,616,[92]
power_identity,40,"[40, 96]",599,599,[96]
power_identity,40,"[40, 100]",733,733,[100]
power_identity,40,"[40, 104]",885,885,[104]
power_identity,40,"[40, 108]",1007,1007,[108]
power_identity,40,"[40, 112]",1292,1292,[112]
power_identity,40,"[40, 116]",1679,1679,[116]
power_identity,40,"[40, 120]",1985,1985,[120]
power_identity,40,"[40, 124]",2000,2214,[124]
power_identity,40,"[40, 128]",2000,3143,[128]
power_identity,40,"[40, 132]",2000,3790,[132]
power_identity,40,"[40, 136]",2000,4639,[136]
power_identity,40,"[40, 140]",2000,5458,[140]
power_identity,40,"[40, 144]",2000,6914,[144]
power_identity,40,"[40, 148]",2000,7680,[148]
power_identity,40,"[40, 152]",2000,8430,[152]
power_identity,40,"[40, 156]",2000,9775,[156]
power_identity,40,"[40, 160]",2000,10280,[160]
power_identity,40,"[40, 164]",2000,10197,[164]
power_identity,40,"[40, 168]",2000,10049,[168]
power_identity,40,"[40, 172]",2000,9158,[172]
power_identity,40,"[40, 176]",2000,8585,[176]
power_identity,40,"[40, 180]",2000,7777,[180]
power_identity,40,"[40, 184]",2000,6621,[184]
power_identity,40,"[40, 188]",2000,5425,[188]
power_identity,40,"[40, 192]",2000,4623,[192]
power_identity,40,"[40, 196]",2000,3621,[196]
power_identity,40,"[40, 200]",2000,2873,[200]
power_identity,40,"[40, 204]",2000,2351,[204]
power_identity,40,"[40, 208]",2000,2048,[208]
power_identity,40,"[40, 212]",1463,1463,[212]
power_identity,40,"[40, 216]",1246,1246,[216]
power_identity,40,"[40, 220]",1002,1002,[220]
power_identity,40,"[40, 224]",1023,1023,[224]
power_identity,40,"[40, 228]",948,948,[228]
power_identity,40,"[40, 232]",749,749,[232]
power_identity,40,"[40, 236]",656,656,[236]
power_identity,40,"[40, 240]",654,654,[240]
power_identity,40,"[40, 244]",695,695,[244]
power_identity,40,"[40, 248]",877,877,[248]
power_identity,40,"[40, 252]",1105,1105,[252]
power_identity,40,"[40, 256]",1068,1068,[256]
power_identity,40,"[40, 260]",973,973,[260]
power_identity,40,"[40, 264]",967,967,[264]
power_identity,40,"[40, 268]",911,911,[268]
power_identity,40,"[40, 272]",1126,1126,[272]
power_identity,40,"[40, 276]",967,967,[276]
power_identity,40,"[40, 280]",960,960,[280]
power_identity,40,"[40, 284]",825,825,[284]
power_identity,40,"[40, 288]",831,831,[288]
power_identity,40,"[40, 292]",720,720,[292]
power_identity,40,"[40, 296]",654,654,[296]
power_identity,40,"[40, 300]",500,500,[300]
power_identity,40,"[40, 304]",383,383,[304]
power_identity,40,"[40, 308]",336,336,[308]
power_identity,40,"[40, 312]",283,283,[312]
power_identity,40,"[40, 316]",257,257,[316]
power_identity,40,"[40, 320]",243,243,[320]
power_identity,40,"[40, 324]",179,179,[324]
power_identity,40,"[40, 328]",249,249,[328]
power_identity,40,"[40, 332]",157,157,[332]
power_identity,40,"[40, 336]",105,105,[336]
power_identity,40,"[40, 340]",88,88,[340]
power_identity,40,"[40, 344]",44,44,[344]
power_identity,40,"[40, 348]",47,47,[348]
power_identity,40,"[40, 352]",34,34,[352]
power_identity,40,"[40, 356]",37,37,[356]
power_identity,40,"[40, 360]",20,20,[360]
power_identity,40,"[40, 364]",21,21,[364]
power_identity,40,"[40, 368]",11,11,[368]
power_identity,40,"[40, 372]",14,14,[372]
power_identity,40,"[40, 376]",11,11,[376]
power_identity,40,"[40, 380]",11,11,[380]
power_identity,40,"[40, 384]",11,11,[384]
power_identity,40,"[40, 388]",19,19,[388]
power_identity,40,"[40, 392]",20,20,[392]
power_identity,40,"[40, 396]",15,15,[396]
power_identity,40,"[40, 400]",15,15,[400]
power_identity,40,"[40, 404]",8,8,[404]
power_identity,40,"[40, 408]",20,20,[408]
power_identity,40,"[40, 412]",25,25,[412]
power_identity,40,"[40, 416]",27,27,[416]
power_identity,40,"[40, 420]",20,20,[420]
power_identity,40,"[40, 424]",35,35,[424]
power_identity,40,"[40, 428]",38,38,[428]
power_identity,40,"[40, 432]",42,42,[432]
power_identity,40,"[40, 436]",51,51,[436]
power_identity,40,"[40, 440]",68,68,[440]
power_identity,40,"[40, 444]",62,62,[444]
power_identity,40,"[40, 448]",75,75,[448]
power_identity,40,"[40, 452]",94,94,[452]
power_identity,40,"[40, 456]",121,121,[456]
power_identity,40,"[40, 460]",133,133,[460]
power_identity,40,"[40, 464]",123,123,[464]
power_identity,40,"[40, 468]",167,167,[468]
power_identity,40,"[40, 472]",183,183,[472]
power_identity,40,"[40, 476]",225,225,[476]
power_identity,40,"[40, 480]",206,206,[480]
power_identity,40,"[40, 484]",206,206,[484]
power_identity,40,"[40, 488]",270,270,[488]
power_identity,40,"[40, 492]",231,231,[492]
power_identity,40,"[40, 496]",201,201,[496]
power_identity,40,"[40, 500]",246,246,[500]
power_identity,40,"[40, 504]",242,242,[504]
power_identity,40,"[40, 508]",313,313,[508]
power_identity,40,"[40, 512]",307,307,[512]
power_identity,40,"[40, 516]",371,371,[516]
power_identity,40,"[40, 520]",358,358,[520]
power_identity,40,"[40, 524]",396,396,[524]
power_identity,40,"[40, 528]",480,480,[528]
power_identity,40,"[40, 532]",457,457,[532]
power_identity,40,"[40, 536]",598,598,[536]
power_identity,40,"[40, 540]",639,639,[540]
power_identity,40,"[40, 544]",678,678,[544]
power_identity,40,"[40, 548]",696,696,[548]
power_identity,40,"[40, 552]",758,758,[552]
power_identity,40,"[40, 556]",818,818,[556]
power_identity,40,"[40, 560]",763,763,[560]
power_identity,40,"[40, 564]",785,785,[564]
power_identity,40,"[40, 568]",802,802,[568]
power_identity,40,"[40, 572]",793,793,[572]
power_identity,40,"[40, 576]",663,663,[576]
power_identity,40,"[40, 580]",668,668,[580]
power_identity,40,"[40, 584]",672,672,[584]
power_identity,40,"[40, 588]",639,639,[588]
power_identity,40,"[40, 592]",608,608,[592]
power_identity,40,"[40, 596]",591,591,[596]
power_identity,40,"[40, 600]",531,531,[600]
power_identity,40,"[40, 604]",499,499,[604]
power_identity,40,"[40, 608]",429,429,[608]
power_identity,40,"[40, 612]",369,369,[612]
power_identity,40,"[40, 616]",289,289,[616]
power_identity,40,"[40, 620]",207,207,[620]
power_identity,40,"[40, 624]",154,154,[624]
power_identity,40,"[40, 628]",110,110,[628]
power_identity,40,"[40, 632]",112,112,[632]
power_identity,40,"[40, 636]",52,52,[636]
power_identity,40,"[40, 640]",41,41,[640]
power_identity,40,"[40, 644]",35,35,[644]
power_identity,40,"[40, 648]",35,35,[648]
power_identity,40,"[40, 652]",19,19,[652]
power_identity,40,"[40, 656]",30,30,[656]
power_identity,40,"[40, 660]",27,27,[660]
power_identity,40,"[40, 664]",23,23,[664]
power_identity,40,"[40, 668]",26,26,[668]
power_identity,40,"[40, 672]",25,25,[672]
power_identity,40,"[40, 676]",25,25,[676]
power_identity,40,"[40, 680]",25,25,[680]
power_identity,40,"[40, 684]",24,24,[684]
power_identity,40,"[40, 688]",21,21,[688]
power_identity,40,"[40, 692]",17,17,[692]
power_identity,40,"[40, 696]",22,22,[696]
power_identity,40,"[40, 700]",22,22,[700]
power_identity,40,"[40, 704]",16,16,[704]
power_identity,40,"[40, 708]",34,34,[708]
power_identity,40,"[40, 712]",35,35,[712]
power_identity,40,"[40, 716]",47,47,[716]
power_identity,40,"[40, 720]",77,77,[720]
power_identity,40,"[40, 724]",72,72,[724]
power_identity,40,"[40, 728]",98,98,[728]
power_identity,40,"[40, 732]",116,116,[732]
power_identity,40,"[40, 736]",183,183,[736]
power_identity,40,"[40, 740]",224,224,[740]
power_identity,40,"[40, 744]",297,297,[744]
power_identity,40,"[40, 748]",429,429,[748]
power_identity,40,"[40, 752]",494,494,[752]
power_identity,40,"[40, 756]",682,682,[756]
power_identity,40,"[40, 760]",884,884,[760]
power_identity,40,"[40, 764]",1020,1020,[764]
power_identity,40,"[40, 768]",1180,1180,[768]
power_identity,40,"[40, 772]",1274,1274,[772]
power_identity,40,"[40, 776]",1432,1432,[776]
power_identity,40,"[40, 780]",1589,1589,[780]
power_identity,40,"[40, 784]",1581,1581,[784]
power_identity,40,"[40, 788]",1631,1631,[788]
power_identity,40,"[40, 792]",1589,1589,[792]
power_identity,40,"[40, 796]",1569,1569,[796]
power_identity,40,"[40, 800]",1457,1457,[800]
power_identity,40,"[40, 804]",1358,1358,[804]
power_identity,40,"[40, 808]",1234,1234,[808]
power_identity,40,"[40, 812]",1104,1104,[812]
power_identity,40,"[40, 816]",876,876,[816]
power_identity,40,"[40, 820]",775,775,[820]
power_identity,40,"[40, 824]",599,599,[824]
power_identity,40,"[40, 828]",450,450,[828]
power_identity,40,"[40, 832]",332,332,[832]
power_identity,40,"[40, 836]",228,228,[836]
power_identity,40,"[40, 840]",175,175,[840]
power_identity,40,"[40, 844]",92,92,[844]
power_identity,40,"[40, 848]",56,56,[848]
power_identity,40,"[40, 852]",48,48,[852]
power_identity,40,"[40, 856]",15,15,[856]
power_identity,40,"[40, 860]",15,15,[860]
power_identity,40,"[40, 864]",4,4,[864]
power_identity,40,"[40, 868]",3,3,[868]
power_identity,40,"[40, 876]",2,2,[876]
power_sparse,40,"[40, 1, 0]",30,30,"[1, 0]"
power_sparse,40,"[40, 7, 0]",50,50,"[7, 0]"
power_sparse,40,"[40, 9, 0]",1,1,"[9, 0]"
power_sparse,40,"[40, 13, 0]",39,39,"[13, 0]"
power_sparse,40,"[40, 17, 0]",2,2,"[17, 0]"
power_sparse,40,"[40, 18, 0]",1,1,"[18, 0]"
power_sparse,40,"[40, 19, 0]",6,6,"[19, 0]"
power_sparse,40,"[40, 21, 0]",2,2,"[21, 0]"
power_sparse,40,"[40, 21, 64]",1,1,"[21, 64]"
power_sparse,40,"[40, 23, 0]",2,2,"[23, 0]"
power_sparse,40,"[40, 23, 64]",20,20,"[23, 64]"
power_sparse,40,"[40, 25, 0]",26,26,"[25, 0]"
power_sparse,40,"[40, 25, 64]",7,7,"[25, 64]"
power_sparse,40,"[40, 26, 64]",15,15,"[26, 64]"
power_sparse,40,"[40, 27, 0]",7,7,"[27, 0]"
power_sparse,40,"[40, 27, 64]",16,16,"[27, 64]"
power_sparse,40,"[40, 28, 0]",9,9,"[28, 0]"
power_sparse,40,"[40, 28, 64]",8,8,"[28, 64]"
power_sparse,40,"[40, 29, 0]",67,67,"[29, 0]"
power_sparse,40,"[40, 29, 64]",33,33,"[29, 64]"
power_sparse,40,"[40, 30, 64]",10,10,"[30, 64]"
power_sparse,40,"[40, 31, 0]",55,55,"[31, 0]"
power_sparse,40,"[40, 31, 64]",53,53,"[31, 64]"
power_sparse,40,"[40, 32, 0]",3,3,"[32, 0]"
power_sparse,40,"[40, 32, 64]",28,28,"[32, 64]"
power_sparse,40,"[40, 33, 0]",118,118,"[33, 0]"
power_sparse,40,"[40, 33, 64]",97,97,"[33, 64]"
power_sparse,40,"[40, 34, 0]",3,3,"[34, 0]"
power_sparse,40,"[40, 34, 64]",68,68,"[34, 64]"
power_sparse,40,"[40, 35, 0]",155,155,"[35, 0]"
power_sparse,40,"[40, 35, 64]",115,115,"[35, 64]"
power_sparse,40,"[40, 36, 0]",76,76,"[36, 0]"
power_sparse,40,"[40, 36, 64]",143,143,"[36, 64]"
power_sparse,40,"[40, 37, 0]",19,19,"[37, 0]"
power_sparse,40,"[40, 37, 64]",267,267,"[37, 64]"
power_sparse,40,"[40, 38, 0]",2,2,"[38, 0]"
power_sparse,40,"[40, 38, 64]",314,314,"[38, 64]"
power_sparse,40,"[40, 38, 128]",3,3,"[38, 128]"
power_sparse,40,"[40, 39, 0]",48,48,"[39, 0]"
power_sparse,40,"[40, 39, 64]",420,420,"[39, 64]"
power_sparse,40,"[40, 39, 128]",8,8,"[39, 128]"
power_sparse,40,"[40, 40, 0]",12,12,"[40, 0]"
power_sparse,40,"[40, 40, 64]",625,625,"[40, 64]"
power_sparse,40,"[40, 40, 128]",62,62,"[40, 128]"
power_sparse,40,"[40, 41, 0]",57,57,"[41, 0]"
power_sparse,40,"[40, 41, 64]",540,540,"[41, 64]"
power_sparse,40,"[40, 41, 128]",88,88,"[41, 128]"
power_sparse,40,"[40, 42, 0]",7,7,"[42, 0]"
power_sparse,40,"[40, 42, 64]",519,519,"[42, 64]"
power_sparse,40,"[40, 42, 128]",187,187,"[42, 128]"
power_sparse,40,"[40, 43, 0]",70,70,"[43, 0]"
power_sparse,40,"[40, 43, 64]",893,893,"[43, 64]"
power_sparse,40,"[40, 43, 128]",487,487,"[43, 128]"
power_sparse,40,"[40, 44, 64]",731,731,"[44, 64]"
power_sparse,40,"[40, 44, 128]",1174,1174,"[44, 128]"
power_sparse,40,"[40, 45, 0]",48,48,"[45, 0]"
power_sparse,40,"[40, 45, 64]",488,488,"[45, 64]"
power_sparse,40,"[40, 45, 128]",877,877,"[45, 128]"
power_sparse,40,"[40, 46, 0]",22,22,"[46, 0]"
power_sparse,40,"[40, 46, 64]",264,264,"[46, 64]"
power_sparse,40,"[40, 46, 128]",1744,1744,"[46, 128]"
power_sparse,40,"[40, 47, 0]",46,46,"[47, 0]"
power_sparse,40,"[40, 47, 64]",423,423,"[47, 64]"
power_sparse,40,"[40, 47, 128]",2000,2278,"[47, 128]"
power_sparse,40,"[40, 48, 0]",23,23,"[48, 0]"
power_sparse,40,"[40, 48, 64]",164,164,"[48, 64]"
power_sparse,40,"[40, 48, 128]",2000,2433,"[48, 128]"
power_sparse,40,"[40, 49, 0]",24,24,"[49, 0]"
power_sparse,40,"[40, 49, 64]",322,322,"[49, 64]"
power_sparse,40,"[40, 49, 128]",2000,3287,"[49, 128]"
power_sparse,40,"[40, 50, 0]",25,25,"[50, 0]"
power_sparse,40,"[40, 50, 64]",65,65,"[50, 64]"
power_sparse,40,"[40, 50, 128]",2000,3981,"[50, 128]"
power_sparse,40,"[40, 51, 0]",89,89,"[51, 0]"
power_sparse,40,"[40, 51, 64]",561,561,"[51, 64]"
power_sparse,40,"[40, 51, 128]",2000,7206,"[51, 128]"
power_sparse,40,"[40, 52, 0]",27,27,"[52, 0]"
power_sparse,40,"[40, 52, 64]",123,123,"[52, 64]"
power_sparse,40,"[40, 52, 128]",2000,4675,"[52, 128]"
power_sparse,40,"[40, 53, 0]",76,76,"[53, 0]"
power_sparse,40,"[40, 53, 64]",288,288,"[53, 64]"
power_sparse,40,"[40, 53, 128]",1713,1713,"[53, 128]"
power_sparse,40,"[40, 54, 0]",30,30,"[54, 0]"
power_sparse,40,"[40, 54, 64]",130,130,"[54, 64]"
power_sparse,40,"[40, 54, 128]",2000,3810,"[54, 128]"
power_sparse,40,"[40, 55, 0]",45,45,"[55, 0]"
power_sparse,40,"[40, 55, 64]",315,315,"[55, 64]"
power_sparse,40,"[40, 55, 128]",2000,10894,"[55, 128]"
power_sparse,40,"[40, 56, 0]",43,43,"[56, 0]"
power_sparse,40,"[40, 56, 64]",154,154,"[56, 64]"
power_sparse,40,"[40, 56, 128]",2000,13677,"[56, 128]"
power_sparse,40,"[40, 57, 0]",122,122,"[57, 0]"
power_sparse,40,"[40, 57, 64]",297,297,"[57, 64]"
power_sparse,40,"[40, 57, 128]",2000,3506,"[57, 128]"
power_sparse,40,"[40, 57, 192]",1,1,"[57, 192]"
power_sparse,40,"[40, 58, 0]",87,87,"[58, 0]"
power_sparse,40,"[40, 58, 64]",127,127,"[58, 64]"
power_sparse,40,"[40, 58, 128]",2000,6854,"[58, 128]"
power_sparse,40,"[40, 58, 192]",22,22,"[58, 192]"
power_sparse,40,"[40, 59, 0]",140,140,"[59, 0]"
power_sparse,40,"[40, 59, 64]",287,287,"[59, 64]"
power_sparse,40,"[40, 59, 128]",623,623,"[59, 128]"
power_sparse,40,"[40, 59, 192]",1,1,"[59, 192]"
power_sparse,40,"[40, 60, 0]",48,48,"[60, 0]"
power_sparse,40,"[40, 60, 64]",111,111,"[60, 64]"
power_sparse,40,"[40, 60, 128]",1180,1180,"[60, 128]"
power_sparse,40,"[40, 60, 192]",16,16,"[60, 192]"
power_sparse,40,"[40, 61, 0]",105,105,"[61, 0]"
power_sparse,40,"[40, 61, 64]",126,126,"[61, 64]"
power_sparse,40,"[40, 61, 128]",2000,15077,"[61, 128]"
power_sparse,40,"[40, 61, 192]",574,574,"[61, 192]"
power_sparse,40,"[40, 62, 64]",120,120,"[62, 64]"
power_sparse,40,"[40, 62, 128]",2000,9908,"[62, 128]"
power_sparse,40,"[40, 62, 192]",1140,1140,"[62, 192]"
power_sparse,40,"[40, 63, 0]",120,120,"[63, 0]"
power_sparse,40,"[40, 63, 64]",129,129,"[63, 64]"
power_sparse,40,"[40, 63, 128]",1233,1233,"[63, 128]"
power_sparse,40,"[40, 63, 192]",145,145,"[63, 192]"
power_sparse,40,"[40, 64, 64]",51,51,"[64, 64]"
power_sparse,40,"[40, 64, 128]",1384,1384,"[64, 128]"
power_sparse,40,"[40, 64, 192]",170,170,"[64, 192]"
power_sparse,40,"[40, 65, 0]",80,80,"[65, 0]"
power_sparse,40,"[40, 65, 64]",104,104,"[65, 64]"
power_sparse,40,"[40, 65, 128]",1247,1247,"[65, 128]"
power_sparse,40,"[40, 65, 192]",8,8,"[65, 192]"
power_sparse,40,"[40, 66, 64]",128,128,"[66, 64]"
power_sparse,40,"[40, 66, 128]",1356,1356,"[66, 128]"
power_sparse,40,"[40, 66, 192]",44,44,"[66, 192]"
power_sparse,40,"[40, 67, 0]",57,57,"[67, 0]"
power_sparse,40,"[40, 67, 64]",152,152,"[67, 64]"
power_sparse,40,"[40, 67, 128]",2000,2873,"[67, 128]"
power_sparse,40,"[40, 67, 192]",2000,4896,"[67, 192]"
power_sparse,40,"[40, 68, 0]",1,1,"[68, 0]"
power_sparse,40,"[40, 68, 64]",93,93,"[68, 64]"
power_sparse,40,"[40, 68, 128]",796,796,"[68, 128]"
power_sparse,40,"[40, 68, 192]",861,861,"[68, 192]"
power_sparse,40,"[40, 69, 0]",33,33,"[69, 0]"
power_sparse,40,"[40, 69, 64]",61,61,"[69, 64]"
power_sparse,40,"[40, 69, 128]",689,689,"[69, 128]"
power_sparse,40,"[40, 69, 192]",70,70,"[69, 192]"
power_sparse,40,"[40, 70, 0]",9,9,"[70, 0]"
power_sparse,40,"[40, 70, 64]",64,64,"[70, 64]"
power_sparse,40,"[40, 70, 128]",933,933,"[70, 128]"
power_sparse,40,"[40, 70, 192]",64,64,"[70, 192]"
power_sparse,40,"[40, 71, 0]",20,20,"[71, 0]"
power_sparse,40,"[40, 71, 64]",125,125,"[71, 64]"
power_sparse,40,"[40, 71, 128]",1028,1028,"[71, 128]"
power_sparse,40,"[40, 71, 192]",174,174,"[71, 192]"
power_sparse,40,"[40, 72, 0]",13,13,"[72, 0]"
power_sparse,40,"[40, 72, 64]",72,72,"[72, 64]"
power_sparse,40,"[40, 72, 128]",1838,1838,"[72, 128]"
power_sparse,40,"[40, 72, 192]",147,147,"[72, 192]"
power_sparse,40,"[40, 73, 0]",10,10,"[73, 0]"
power_sparse,40,"[40, 73, 64]",102,102,"[73, 64]"
power_sparse,40,"[40, 73, 128]",327,327,"[73, 128]"
power_sparse,40,"[40, 73, 192]",427,427,"[73, 192]"
power_sparse,40,"[40, 74, 64]",16,16,"[74, 64]"
power_sparse,40,"[40, 74, 128]",209,209,"[74, 128]"
power_sparse,40,"[40, 74, 192]",201,201,"[74, 192]"
power_sparse,40,"[40, 75, 0]",3,3,"[75, 0]"
power_sparse,40,"[40, 75, 64]",363,363,"[75, 64]"
power_sparse,40,"[40, 75, 128]",1587,1587,"[75, 128]"
power_sparse,40,"[40, 75, 192]",848,848,"[75, 192]"
power_sparse,40,"[40, 76, 0]",57,57,"[76, 0]"
power_sparse,40,"[40, 76, 64]",89,89,"[76, 64]"
power_sparse,40,"[40, 76, 128]",432,432,"[76, 128]"
power_sparse,40,"[40, 76, 192]",223,223,"[76, 192]"
power_sparse,40,"[40, 77, 64]",75,75,"[77, 64]"
power_sparse,40,"[40, 77, 128]",593,593,"[77, 128]"
power_sparse,40,"[40, 77, 192]",182,182,"[77, 192]"
power_sparse,40,"[40, 78, 0]",20,20,"[78, 0]"
power_sparse,40,"[40, 78, 64]",42,42,"[78, 64]"
power_sparse,40,"[40, 78, 128]",623,623,"[78, 128]"
power_sparse,40,"[40, 78, 192]",319,319,"[78, 192]"
power_sparse,40,"[40, 79, 0]",348,348,"[79, 0]"
power_sparse,40,"[40, 79, 64]",915,915,"[79, 64]"
power_sparse,40,"[40, 79, 128]",1169,1169,"[79, 128]"
power_sparse,40,"[40, 79, 192]",1804,1804,"[79, 192]"
power_sparse,40,"[40, 80, 64]",108,108,"[80, 64]"
power_sparse,40,"[40, 80, 128]",551,551,"[80, 128]"
power_sparse,40,"[40, 80, 192]",627,627,"[80, 192]"
power_sparse,40,"[40, 81, 0]",8,8,"[81, 0]"
power_sparse,40,"[40, 81, 64]",105,105,"[81, 64]"
power_sparse,40,"[40, 81, 128]",683,683,"[81, 128]"
power_sparse,40,"[40, 81, 192]",929,929,"[81, 192]"
power_sparse,40,"[40, 82, 0]",20,20,"[82, 0]"
power_sparse,40,"[40, 82, 64]",110,110,"[82, 64]"
power_sparse,40,"[40, 82, 128]",533,533,"[82, 128]"
power_sparse,40,"[40, 82, 192]",217,217,"[82, 192]"
power_sparse,40,"[40, 83, 0]",2,2,"[83, 0]"
power_sparse,40,"[40, 83, 64]",28,28,"[83, 64]"
power_sparse,40,"[40, 83, 128]",272,272,"[83, 128]"
power_sparse,40,"[40, 83, 192]",282,282,"[83, 192]"
power_sparse,40,"[40, 84, 0]",1,1,"[84, 0]"
power_sparse,40,"[40, 84, 64]",6,6,"[84, 64]"
power_sparse,40,"[40, 84, 128]",326,326,"[84, 128]"
power_sparse,40,"[40, 84, 192]",199,199,"[84, 192]"
power_sparse,40,"[40, 85, 0]",332,332,"[85, 0]"
power_sparse,40,"[40, 85, 64]",267,267,"[85, 64]"
power_sparse,40,"[40, 85, 128]",534,534,"[85, 128]"
power_sparse,40,"[40, 85, 192]",1242,1242,"[85, 192]"
power_sparse,40,"[40, 85, 256]",3,3,"[85, 256]"
power_sparse,40,"[40, 86, 64]",70,70,"[86, 64]"
power_sparse,40,"[40, 86, 128]",387,387,"[86, 128]"
power_sparse,40,"[40, 86, 192]",410,410,"[86, 192]"
power_sparse,40,"[40, 86, 256]",1,1,"[86, 256]"
power_sparse,40,"[40, 87, 64]",58,58,"[87, 64]"
power_sparse,40,"[40, 87, 128]",339,339,"[87, 128]"
power_sparse,40,"[40, 87, 192]",880,880,"[87, 192]"
power_sparse,40,"[40, 87, 256]",6,6,"[87, 256]"
power_sparse,40,"[40, 88, 0]",69,69,"[88, 0]"
power_sparse,40,"[40, 88, 64]",77,77,"[88, 64]"
power_sparse,40,"[40, 88, 128]",204,204,"[88, 128]"
power_sparse,40,"[40, 88, 192]",170,170,"[88, 192]"
power_sparse,40,"[40, 88, 256]",11,11,"[88, 256]"
power_sparse,40,"[40, 89, 64]",6,6,"[89, 64]"
power_sparse,40,"[40, 89, 128]",177,177,"[89, 128]"
power_sparse,40,"[40, 89, 192]",330,330,"[89, 192]"
power_sparse,40,"[40, 89, 256]",41,41,"[89, 256]"
power_sparse,40,"[40, 90, 0]",1,1,"[90, 0]"
power_sparse,40,"[40, 90, 64]",24,24,"[90, 64]"
power_sparse,40,"[40, 90, 128]",439,439,"[90, 128]"
power_sparse,40,"[40, 90, 192]",249,249,"[90, 192]"
power_sparse,40,"[40, 90, 256]",5,5,"[90, 256]"
power_sparse,40,"[40, 91, 0]",249,249,"[91, 0]"
power_sparse,40,"[40, 91, 64]",154,154,"[91, 64]"
power_sparse,40,"[40, 91, 128]",200,200,"[91, 128]"
power_sparse,40,"[40, 91, 192]",1160,1160,"[91, 192]"
power_sparse,40,"[40, 91, 256]",206,206,"[91, 256]"
power_sparse,40,"[40, 92, 64]",39,39,"[92, 64]"
power_sparse,40,"[40, 92, 128]",188,188,"[92, 128]"
power_sparse,40,"[40, 92, 192]",363,363,"[92, 192]"
power_sparse,40,"[40, 92, 256]",105,105,"[92, 256]"
power_sparse,40,"[40, 93, 64]",39,39,"[93, 64]"
power_sparse,40,"[40, 93, 128]",133,133,"[93, 128]"
power_sparse,40,"[40, 93, 192]",1064,1064,"[93, 192]"
power_sparse,40,"[40, 93, 256]",262,262,"[93, 256]"
power_sparse,40,"[40, 94, 0]",59,59,"[94, 0]"
power_sparse,40,"[40, 94, 64]",31,31,"[94, 64]"
power_sparse,40,"[40, 94, 128]",234,234,"[94, 128]"
power_sparse,40,"[40, 94, 192]",528,528,"[94, 192]"
power_sparse,40,"[40, 94, 256]",100,100,"[94, 256]"
power_sparse,40,"[40, 95, 0]",2,2,"[95, 0]"
power_sparse,40,"[40, 95, 128]",19,19,"[95, 128]"
power_sparse,40,"[40, 95, 192]",436,436,"[95, 192]"
power_sparse,40,"[40, 95, 256]",483,483,"[95, 256]"
power_sparse,40,"[40, 96, 64]",15,15,"[96, 64]"
power_sparse,40,"[40, 96, 128]",112,112,"[96, 128]"
power_sparse,40,"[40, 96, 192]",299,299,"[96, 192]"
power_sparse,40,"[40, 96, 256]",45,45,"[96, 256]"
power_sparse,40,"[40, 97, 0]",445,445,"[97, 0]"
power_sparse,40,"[40, 97, 64]",183,183,"[97, 64]"
power_sparse,40,"[40, 97, 128]",54,54,"[97, 128]"
power_sparse,40,"[40, 97, 192]",716,716,"[97, 192]"
power_sparse,40,"[40, 97, 256]",1522,1522,"[97, 256]"
power_sparse,40,"[40, 98, 64]",49,49,"[98, 64]"
power_sparse,40,"[40, 98, 128]",172,172,"[98, 128]"
power_sparse,40,"[40, 98, 192]",388,388,"[98, 192]"
power_sparse,40,"[40, 98, 256]",948,948,"[98, 256]"
power_sparse,40,"[40, 99, 64]",2,2,"[99, 64]"
power_sparse,40,"[40, 99, 128]",8,8,"[99, 128]"
power_sparse,40,"[40, 99, 192]",176,176,"[99, 192]"
power_sparse,40,"[40, 99, 256]",150,150,"[99, 256]"
power_sparse,40,"[40, 100, 0]",12,12,"[100, 0]"
power_sparse,40,"[40, 100, 64]",29,29,"[100, 64]"
power_sparse,40,"[40, 100, 128]",54,54,"[100, 128]"
power_sparse,40,"[40, 100, 192]",306,306,"[100, 192]"
power_sparse,40,"[40, 100, 256]",196,196,"[100, 256]"
power_sparse,40,"[40, 101, 192]",84,84,"[101, 192]"
power_sparse,40,"[40, 101, 256]",562,562,"[101, 256]"
power_sparse,40,"[40, 102, 64]",13,13,"[102, 64]"
power_sparse,40,"[40, 102, 128]",1,1,"[102, 128]"
power_sparse,40,"[40, 102, 192]",103,103,"[102, 192]"
power_sparse,40,"[40, 102, 256]",89,89,"[102, 256]"
power_sparse,40,"[40, 103, 0]",146,146,"[103, 0]"
power_sparse,40,"[40, 103, 64]",120,120,"[103, 64]"
power_sparse,40,"[40, 103, 128]",34,34,"[103, 128]"
power_sparse,40,"[40, 103, 192]",162,162,"[103, 192]"
power_sparse,40,"[40, 103, 256]",2000,2036,"[103, 256]"
power_sparse,40,"[40, 103, 320]",1,1,"[103, 320]"
power_sparse,40,"[40, 104, 64]",73,73,"[104, 64]"
power_sparse,40,"[40, 104, 128]",53,53,"[104, 128]"
power_sparse,40,"[40, 104, 192]",142,142,"[104, 192]"
power_sparse,40,"[40, 104, 256]",606,606,"[104, 256]"
power_sparse,40,"[40, 105, 64]",6,6,"[105, 64]"
power_sparse,40,"[40, 105, 192]",27,27,"[105, 192]"
power_sparse,40,"[40, 105, 256]",55,55,"[105, 256]"
power_sparse,40,"[40, 106, 0]",3,3,"[106, 0]"
power_sparse,40,"[40, 106, 64]",23,23,"[106, 64]"
power_sparse,40,"[40, 106, 128]",1,1,"[106, 128]"
power_sparse,40,"[40, 106, 192]",46,46,"[106, 192]"
power_sparse,40,"[40, 106, 256]",131,131,"[106, 256]"
power_sparse,40,"[40, 107, 64]",3,3,"[107, 64]"
power_sparse,40,"[40, 107, 128]",8,8,"[107, 128]"
power_sparse,40,"[40, 107, 192]",33,33,"[107, 192]"
power_sparse,40,"[40, 107, 256]",272,272,"[107, 256]"
power_sparse,40,"[40, 107, 320]",10,10,"[107, 320]"
power_sparse,40,"[40, 108, 64]",2,2,"[108, 64]"
power_sparse,40,"[40, 108, 128]",2,2,"[108, 128]"
power_sparse,40,"[40, 108, 192]",13,13,"[108, 192]"
power_sparse,40,"[40, 108, 256]",17,17,"[108, 256]"
power_sparse,40,"[40, 109, 0]",5,5,"[109, 0]"
power_sparse,40,"[40, 109, 64]",131,131,"[109, 64]"
power_sparse,40,"[40, 109, 128]",15,15,"[109, 128]"
power_sparse,40,"[40, 109, 192]",13,13,"[109, 192]"
power_sparse,40,"[40, 109, 256]",1911,1911,"[109, 256]"
power_sparse,40,"[40, 109, 320]",24,24,"[109, 320]"
power_sparse,40,"[40, 110, 64]",64,64,"[110, 64]"
power_sparse,40,"[40, 110, 128]",13,13,"[110, 128]"
power_sparse,40,"[40, 110, 192]",30,30,"[110, 192]"
power_sparse,40,"[40, 110, 256]",258,258,"[110, 256]"
power_sparse,40,"[40, 110, 320]",210,210,"[110, 320]"
power_sparse,40,"[40, 111, 64]",2,2,"[111, 64]"
power_sparse,40,"[40, 111, 192]",4,4,"[111, 192]"
power_sparse,40,"[40, 111, 256]",24,24,"[111, 256]"
power_sparse,40,"[40, 111, 320]",15,15,"[111, 320]"
power_sparse,40,"[40, 112, 64]",13,13,"[112, 64]"
power_sparse,40,"[40, 112, 192]",6,6,"[112, 192]"
power_sparse,40,"[40, 112, 256]",156,156,"[112, 256]"
power_sparse,40,"[40, 112, 320]",39,39,"[112, 320]"
power_sparse,40,"[40, 113, 64]",10,10,"[113, 64]"
power_sparse,40,"[40, 113, 192]",10,10,"[113, 192]"
power_sparse,40,"[40, 113, 256]",49,49,"[113, 256]"
power_sparse,40,"[40, 113, 320]",15,15,"[113, 320]"
power_sparse,40,"[40, 114, 64]",3,3,"[114, 64]"
power_sparse,40,"[40, 114, 256]",6,6,"[114, 256]"
power_sparse,40,"[40, 114, 320]",3,3,"[114, 320]"
power_sparse,40,"[40, 115, 64]",151,151,"[115, 64]"
power_sparse,40,"[40, 115, 128]",4,4,"[115, 128]"
power_sparse,40,"[40, 115, 192]",2,2,"[115, 192]"
power_sparse,40,"[40, 115, 256]",790,790,"[115, 256]"
power_sparse,40,"[40, 115, 320]",187,187,"[115, 320]"
power_sparse,40,"[40, 116, 64]",59,59,"[116, 64]"
power_sparse,40,"[40, 116, 128]",2,2,"[116, 128]"
power_sparse,40,"[40, 116, 192]",3,3,"[116, 192]"
power_sparse,40,"[40, 116, 256]",52,52,"[116, 256]"
power_sparse,40,"[40, 116, 320]",76,76,"[116, 320]"
power_sparse,40,"[40, 117, 64]",4,4,"[117, 64]"
power_sparse,40,"[40, 117, 320]",16,16,"[117, 320]"
power_sparse,40,"[40, 118, 64]",20,20,"[118, 64]"
power_sparse,40,"[40, 118, 192]",13,13,"[118, 192]"
power_sparse,40,"[40, 118, 256]",36,36,"[118, 256]"
power_sparse,40,"[40, 118, 320]",47,47,"[118, 320]"
power_sparse,40,"[40, 119, 64]",5,5,"[119, 64]"
power_sparse,40,"[40, 119, 256]",1,1,"[119, 256]"
power_sparse,40,"[40, 119, 320]",1,1,"[119, 320]"
power_sparse,40,"[40, 120, 64]",10,10,"[120, 64]"
power_sparse,40,"[40, 120, 192]",1,1,"[120, 192]"
power_sparse,40,"[40, 120, 256]",1,1,"[120, 256]"
power_sparse,40,"[40, 120, 320]",1,1,"[120, 320]"
power_sparse,40,"[40, 121, 64]",69,69,"[121, 64]"
power_sparse,40,"[40, 121, 128]",2,2,"[121, 128]"
power_sparse,40,"[40, 121, 256]",181,181,"[121, 256]"
power_sparse,40,"[40, 121, 320]",199,199,"[121, 320]"
power_sparse,40,"[40, 122, 64]",12,12,"[122, 64]"
power_sparse,40,"[40, 122, 192]",13,13,"[122, 192]"
power_sparse,40,"[40, 122, 256]",2,2,"[122, 256]"
power_sparse,40,"[40, 122, 320]",71,71,"[122, 320]"
power_sparse,40,"[40, 123, 64]",5,5,"[123, 64]"
power_sparse,40,"[40, 123, 320]",9,9,"[123, 320]"
power_sparse,40,"[40, 124, 64]",6,6,"[124, 64]"
power_sparse,40,"[40, 124, 192]",4,4,"[124, 192]"
power_sparse,40,"[40, 124, 256]",10,10,"[124, 256]"
power_sparse,40,"[40, 124, 320]",19,19,"[124, 320]"
power_sparse,40,"[40, 125, 64]",5,5,"[125, 64]"
power_sparse,40,"[40, 125, 320]",5,5,"[125, 320]"
power_sparse,40,"[40, 126, 64]",7,7,"[126, 64]"
power_sparse,40,"[40, 126, 320]",2,2,"[126, 320]"
power_sparse,40,"[40, 127, 64]",15,15,"[127, 64]"
power_sparse,40,"[40, 127, 192]",1,1,"[127, 192]"
power_sparse,40,"[40, 127, 256]",27,27,"[127, 256]"
power_sparse,40,"[40, 127, 320]",69,69,"[127, 320]"
power_sparse,40,"[40, 128, 64]",7,7,"[128, 64]"
power_sparse,40,"[40, 128, 192]",5,5,"[128, 192]"
power_sparse,40,"[40, 128, 256]",3,3,"[128, 256]"
power_sparse,40,"[40, 128, 320]",9,9,"[128, 320]"
power_sparse,40,"[40, 129, 64]",14,14,"[129, 64]"
power_sparse,40,"[40, 129, 320]",5,5,"[129, 320]"
power_sparse,40,"[40, 130, 64]",7,7,"[130, 64]"
power_sparse,40,"[40, 130, 128]",1,1,"[130, 128]"
power_sparse,40,"[40, 130, 256]",14,14,"[130, 256]"
power_sparse,40,"[40, 130, 320]",7,7,"[130, 320]"
power_sparse,40,"[40, 131, 64]",9,9,"[131, 64]"
power_sparse,40,"[40, 131, 320]",1,1,"[131, 320]"
power_sparse,40,"[40, 132, 64]",8,8,"[132, 64]"
power_sparse,40,"[40, 132, 320]",3,3,"[132, 320]"
power_sparse,40,"[40, 133, 64]",7,7,"[133, 64]"
power_sparse,40,"[40, 133, 128]",3,3,"[133, 128]"
power_sparse,40,"[40, 133, 320]",23,23,"[133, 320]"
power_sparse,40,"[40, 133, 384]",1,1,"[133, 384]"
power_sparse,40,"[40, 134, 64]",9,9,"[134, 64]"
power_sparse,40,"[40, 134, 128]",1,1,"[134, 128]"
power_sparse,40,"[40, 134, 192]",10,10,"[134, 192]"
power_sparse,40,"[40, 134, 256]",1,1,"[134, 256]"
power_sparse,40,"[40, 134, 384]",2,2,"[134, 384]"
power_sparse,40,"[40, 135, 64]",13,13,"[135, 64]"
power_sparse,40,"[40, 135, 128]",1,1,"[135, 128]"
power_sparse,40,"[40, 135, 320]",1,1,"[135, 320]"
power_sparse,40,"[40, 135, 384]",5,5,"[135, 384]"
power_sparse,40,"[40, 136, 64]",9,9,"[136, 64]"
power_sparse,40,"[40, 136, 128]",1,1,"[136, 128]"
power_sparse,40,"[40, 136, 192]",1,1,"[136, 192]"
power_sparse,40,"[40, 136, 256]",9,9,"[136, 256]"
power_sparse,40,"[40, 136, 320]",12,12,"[136, 320]"
power_sparse,40,"[40, 137, 64]",15,15,"[137, 64]"
power_sparse,40,"[40, 137, 320]",1,1,"[137, 320]"
power_sparse,40,"[40, 138, 64]",11,11,"[138, 64]"
power_sparse,40,"[40, 138, 320]",1,1,"[138, 320]"
power_sparse,40,"[40, 139, 64]",9,9,"[139, 64]"
power_sparse,40,"[40, 139, 192]",1,1,"[139, 192]"
power_sparse,40,"[40, 139, 320]",10,10,"[139, 320]"
power_sparse,40,"[40, 139, 384]",6,6,"[139, 384]"
power_sparse,40,"[40, 140, 64]",10,10,"[140, 64]"
power_sparse,40,"[40, 140, 192]",3,3,"[140, 192]"
power_sparse,40,"[40, 140, 256]",8,8,"[140, 256]"
power_sparse,40,"[40, 140, 320]",2,2,"[140, 320]"
power_sparse,40,"[40, 141, 64]",9,9,"[141, 64]"
power_sparse,40,"[40, 141, 384]",1,1,"[141, 384]"
power_sparse,40,"[40, 142, 64]",11,11,"[142, 64]"
power_sparse,40,"[40, 142, 256]",2,2,"[142, 256]"
power_sparse,40,"[40, 142, 384]",3,3,"[142, 384]"
power_sparse,40,"[40, 143, 64]",13,13,"[143, 64]"
power_sparse,40,"[40, 144, 64]",11,11,"[144, 64]"
power_sparse,40,"[40, 144, 320]",3,3,"[144, 320]"
power_sparse,40,"[40, 145, 64]",15,15,"[145, 64]"
power_sparse,40,"[40, 145, 320]",3,3,"[145, 320]"
power_sparse,40,"[40, 145, 384]",1,1,"[145, 384]"
power_sparse,40,"[40, 146, 64]",11,11,"[146, 64]"
power_sparse,40,"[40, 146, 128]",3,3,"[146, 128]"
power_sparse,40,"[40, 146, 256]",2,2,"[146, 256]"
power_sparse,40,"[40, 146, 320]",6,6,"[146, 320]"
power_sparse,40,"[40, 146, 384]",2,2,"[146, 384]"
power_sparse,40,"[40, 147, 64]",13,13,"[147, 64]"
power_sparse,40,"[40, 147, 128]",1,1,"[147, 128]"
power_sparse,40,"[40, 147, 192]",1,1,"[147, 192]"
power_sparse,40,"[40, 147, 384]",2,2,"[147, 384]"
power_sparse,40,"[40, 148, 64]",14,14,"[148, 64]"
power_sparse,40,"[40, 148, 192]",2,2,"[148, 192]"
power_sparse,40,"[40, 148, 256]",1,1,"[148, 256]"
power_sparse,40,"[40, 148, 320]",1,1,"[148, 320]"
power_sparse,40,"[40, 148, 384]",1,1,"[148, 384]"
power_sparse,40,"[40, 149, 64]",13,13,"[149, 64]"
power_sparse,40,"[40, 149, 128]",6,6,"[149, 128]"
power_sparse,40,"[40, 149, 192]",7,7,"[149, 192]"
power_sparse,40,"[40, 149, 320]",1,1,"[149, 320]"
power_sparse,40,"[40, 150, 64]",5,5,"[150, 64]"
power_sparse,40,"[40, 150, 128]",2,2,"[150, 128]"
power_sparse,40,"[40, 150, 192]",1,1,"[150, 192]"
power_sparse,40,"[40, 150, 320]",2,2,"[150, 320]"
power_sparse,40,"[40, 150, 384]",1,1,"[150, 384]"
power_sparse,40,"[40, 151, 64]",13,13,"[151, 64]"
power_sparse,40,"[40, 151, 128]",3,3,"[151, 128]"
power_sparse,40,"[40, 151, 192]",1,1,"[151, 192]"
power_sparse,40,"[40, 151, 320]",3,3,"[151, 320]"
power_sparse,40,"[40, 151, 384]",11,11,"[151, 384]"
power_sparse,40,"[40, 152, 64]",4,4,"[152, 64]"
power_sparse,40,"[40, 152, 128]",4,4,"[152, 128]"
power_sparse,40,"[40, 152, 192]",1,1,"[152, 192]"
power_sparse,40,"[40, 152, 256]",1,1,"[152, 256]"
power_sparse,40,"[40, 152, 320]",1,1,"[152, 320]"
power_sparse,40,"[40, 152, 384]",4,4,"[152, 384]"
power_sparse,40,"[40, 153, 64]",5,5,"[153, 64]"
power_sparse,40,"[40, 153, 128]",9,9,"[153, 128]"
power_sparse,40,"[40, 153, 192]",1,1,"[153, 192]"
power_sparse,40,"[40, 154, 64]",2,2,"[154, 64]"
power_sparse,40,"[40, 154, 128]",7,7,"[154, 128]"
power_sparse,40,"[40, 154, 192]",2,2,"[154, 192]"
power_sparse,40,"[40, 154, 320]",1,1,"[154, 320]"
power_sparse,40,"[40, 154, 384]",6,6,"[154, 384]"
power_sparse,40,"[40, 155, 64]",10,10,"[155, 64]"
power_sparse,40,"[40, 155, 128]",3,3,"[155, 128]"
power_sparse,40,"[40, 155, 192]",3,3,"[155, 192]"
power_sparse,40,"[40, 156, 64]",2,2,"[156, 64]"
power_sparse,40,"[40, 156, 128]",6,6,"[156, 128]"
power_sparse,40,"[40, 156, 192]",3,3,"[156, 192]"
power_sparse,40,"[40, 156, 256]",1,1,"[156, 256]"
power_sparse,40,"[40, 156, 384]",7,7,"[156, 384]"
power_sparse,40,"[40, 157, 64]",6,6,"[157, 64]"
power_sparse,40,"[40, 157, 192]",4,4,"[157, 192]"
power_sparse,40,"[40, 157, 384]",5,5,"[157, 384]"
power_sparse,40,"[40, 158, 64]",2,2,"[158, 64]"
power_sparse,40,"[40, 158, 128]",7,7,"[158, 128]"
power_sparse,40,"[40, 158, 192]",1,1,"[158, 192]"
power_sparse,40,"[40, 158, 384]",5,5,"[158, 384]"
power_sparse,40,"[40, 159, 64]",2,2,"[159, 64]"
power_sparse,40,"[40, 159, 128]",2,2,"[159, 128]"
power_sparse,40,"[40, 159, 192]",2,2,"[159, 192]"
power_sparse,40,"[40, 159, 256]",2,2,"[159, 256]"
power_sparse,40,"[40, 160, 64]",4,4,"[160, 64]"
power_sparse,40,"[40, 160, 128]",6,6,"[160, 128]"
power_sparse,40,"[40, 160, 192]",1,1,"[160, 192]"
power_sparse,40,"[40, 160, 384]",9,9,"[160, 384]"
power_sparse,40,"[40, 161, 64]",2,2,"[161, 64]"
power_sparse,40,"[40, 161, 256]",1,1,"[161, 256]"
power_sparse,40,"[40, 161, 384]",3,3,"[161, 384]"
power_sparse,40,"[40, 162, 64]",2,2,"[162, 64]"
power_sparse,40,"[40, 162, 128]",8,8,"[162, 128]"
power_sparse,40,"[40, 163, 64]",2,2,"[163, 64]"
power_sparse,40,"[40, 163, 128]",1,1,"[163, 128]"
power_sparse,40,"[40, 163, 256]",4,4,"[163, 256]"
power_sparse,40,"[40, 164, 384]",12,12,"[164, 384]"
power_sparse,40,"[40, 165, 64]",2,2,"[165, 64]"
power_sparse,40,"[40, 165, 128]",3,3,"[165, 128]"
power_sparse,40,"[40, 165, 192]",11,11,"[165, 192]"
power_sparse,40,"[40, 165, 256]",2,2,"[165, 256]"
power_sparse,40,"[40, 165, 384]",6,6,"[165, 384]"
power_sparse,40,"[40, 166, 384]",2,2,"[166, 384]"
power_sparse,40,"[40, 167, 256]",2,2,"[167, 256]"
power_sparse,40,"[40, 168, 384]",26,26,"[168, 384]"
power_sparse,40,"[40, 168, 448]",3,3,"[168, 448]"
power_sparse,40,"[40, 169, 320]",1,1,"[169, 320]"
power_sparse,40,"[40, 169, 384]",6,6,"[169, 384]"
power_sparse,40,"[40, 170, 384]",2,2,"[170, 384]"
power_sparse,40,"[40, 171, 256]",1,1,"[171, 256]"
power_sparse,40,"[40, 171, 320]",1,1,"[171, 320]"
power_sparse,40,"[40, 172, 256]",2,2,"[172, 256]"
power_sparse,40,"[40, 172, 320]",1,1,"[172, 320]"
power_sparse,40,"[40, 172, 384]",25,25,"[172, 384]"
power_sparse,40,"[40, 172, 448]",9,9,"[172, 448]"
power_sparse,40,"[40, 173, 256]",3,3,"[173, 256]"
power_sparse,40,"[40, 173, 384]",8,8,"[173, 384]"
power_sparse,40,"[40, 173, 448]",1,1,"[173, 448]"
power_sparse,40,"[40, 174, 384]",1,1,"[174, 384]"
power_sparse,40,"[40, 175, 320]",4,4,"[175, 320]"
power_sparse,40,"[40, 175, 384]",1,1,"[175, 384]"
power_sparse,40,"[40, 176, 320]",3,3,"[176, 320]"
power_sparse,40,"[40, 176, 384]",18,18,"[176, 384]"
power_sparse,40,"[40, 176, 448]",25,25,"[176, 448]"
power_sparse,40,"[40, 177, 320]",3,3,"[177, 320]"
power_sparse,40,"[40, 177, 384]",8,8,"[177, 384]"
power_sparse,40,"[40, 177, 448]",5,5,"[177, 448]"
power_sparse,40,"[40, 178, 384]",1,1,"[178, 384]"
power_sparse,40,"[40, 179, 320]",2,2,"[179, 320]"
power_sparse,40,"[40, 179, 384]",19,19,"[179, 384]"
power_sparse,40,"[40, 179, 448]",1,1,"[179, 448]"
power_sparse,40,"[40, 180, 384]",17,17,"[180, 384]"
power_sparse,40,"[40, 180, 448]",33,33,"[180, 448]"
power_sparse,40,"[40, 181, 128]",1,1,"[181, 128]"
power_sparse,40,"[40, 181, 384]",3,3,"[181, 384]"
power_sparse,40,"[40, 181, 448]",8,8,"[181, 448]"
power_sparse,40,"[40, 182, 256]",1,1,"[182, 256]"
power_sparse,40,"[40, 182, 384]",3,3,"[182, 384]"
power_sparse,40,"[40, 183, 384]",10,10,"[183, 384]"
power_sparse,40,"[40, 183, 448]",3,3,"[183, 448]"
power_sparse,40,"[40, 184, 384]",5,5,"[184, 384]"
power_sparse,40,"[40, 184, 448]",60,60,"[184, 448]"
power_sparse,40,"[40, 185, 320]",1,1,"[185, 320]"
power_sparse,40,"[40, 185, 384]",122,122,"[185, 384]"
power_sparse,40,"[40, 185, 448]",82,82,"[185, 448]"
power_sparse,40,"[40, 186, 256]",1,1,"[186, 256]"
power_sparse,40,"[40, 186, 384]",2,2,"[186, 384]"
power_sparse,40,"[40, 186, 448]",12,12,"[186, 448]"
power_sparse,40,"[40, 187, 320]",2,2,"[187, 320]"
power_sparse,40,"[40, 187, 384]",14,14,"[187, 384]"
power_sparse,40,"[40, 187, 448]",14,14,"[187, 448]"
power_sparse,40,"[40, 188, 384]",6,6,"[188, 384]"
power_sparse,40,"[40, 188, 448]",77,77,"[188, 448]"
power_sparse,40,"[40, 189, 320]",1,1,"[189, 320]"
power_sparse,40,"[40, 189, 384]",4,4,"[189, 384]"
power_sparse,40,"[40, 189, 448]",28,28,"[189, 448]"
power_sparse,40,"[40, 190, 320]",1,1,"[190, 320]"
power_sparse,40,"[40, 190, 448]",34,34,"[190, 448]"
power_sparse,40,"[40, 191, 384]",50,50,"[191, 384]"
power_sparse,40,"[40, 191, 448]",201,201,"[191, 448]"
power_sparse,40,"[40, 191, 512]",2,2,"[191, 512]"
power_sparse,40,"[40, 192, 320]",1,1,"[192, 320]"
power_sparse,40,"[40, 192, 448]",101,101,"[192, 448]"
power_sparse,40,"[40, 192, 512]",11,11,"[192, 512]"
power_sparse,40,"[40, 193, 320]",2,2,"[193, 320]"
power_sparse,40,"[40, 193, 384]",5,5,"[193, 384]"
power_sparse,40,"[40, 193, 448]",66,66,"[193, 448]"
power_sparse,40,"[40, 193, 512]",3,3,"[193, 512]"
power_sparse,40,"[40, 194, 384]",3,3,"[194, 384]"
power_sparse,40,"[40, 194, 448]",109,109,"[194, 448]"
power_sparse,40,"[40, 194, 512]",25,25,"[194, 512]"
power_sparse,40,"[40, 195, 320]",4,4,"[195, 320]"
power_sparse,40,"[40, 195, 384]",14,14,"[195, 384]"
power_sparse,40,"[40, 195, 448]",88,88,"[195, 448]"
power_sparse,40,"[40, 195, 512]",16,16,"[195, 512]"
power_sparse,40,"[40, 196, 320]",1,1,"[196, 320]"
power_sparse,40,"[40, 196, 384]",2,2,"[196, 384]"
power_sparse,40,"[40, 196, 448]",109,109,"[196, 448]"
power_sparse,40,"[40, 196, 512]",49,49,"[196, 512]"
power_sparse,40,"[40, 197, 192]",1,1,"[197, 192]"
power_sparse,40,"[40, 197, 320]",7,7,"[197, 320]"
power_sparse,40,"[40, 197, 384]",24,24,"[197, 384]"
power_sparse,40,"[40, 197, 448]",748,748,"[197, 448]"
power_sparse,40,"[40, 197, 512]",27,27,"[197, 512]"
power_sparse,40,"[40, 198, 320]",1,1,"[198, 320]"
power_sparse,40,"[40, 198, 384]",5,5,"[198, 384]"
power_sparse,40,"[40, 198, 448]",129,129,"[198, 448]"
power_sparse,40,"[40, 198, 512]",155,155,"[198, 512]"
power_sparse,40,"[40, 199, 320]",6,6,"[199, 320]"
power_sparse,40,"[40, 199, 384]",22,22,"[199, 384]"
power_sparse,40,"[40, 199, 448]",90,90,"[199, 448]"
power_sparse,40,"[40, 199, 512]",102,102,"[199, 512]"
power_sparse,40,"[40, 200, 320]",1,1,"[200, 320]"
power_sparse,40,"[40, 200, 384]",7,7,"[200, 384]"
power_sparse,40,"[40, 200, 448]",81,81,"[200, 448]"
power_sparse,40,"[40, 200, 512]",144,144,"[200, 512]"
power_sparse,40,"[40, 201, 256]",1,1,"[201, 256]"
power_sparse,40,"[40, 201, 320]",3,3,"[201, 320]"
power_sparse,40,"[40, 201, 384]",30,30,"[201, 384]"
power_sparse,40,"[40, 201, 448]",67,67,"[201, 448]"
power_sparse,40,"[40, 201, 512]",81,81,"[201, 512]"
power_sparse,40,"[40, 202, 384]",9,9,"[202, 384]"
power_sparse,40,"[40, 202, 448]",110,110,"[202, 448]"
power_sparse,40,"[40, 202, 512]",428,428,"[202, 512]"
power_sparse,40,"[40, 203, 256]",2,2,"[203, 256]"
power_sparse,40,"[40, 203, 320]",5,5,"[203, 320]"
power_sparse,40,"[40, 203, 384]",35,35,"[203, 384]"
power_sparse,40,"[40, 203, 448]",147,147,"[203, 448]"
power_sparse,40,"[40, 203, 512]",129,129,"[203, 512]"
power_sparse,40,"[40, 204, 320]",2,2,"[204, 320]"
power_sparse,40,"[40, 204, 384]",9,9,"[204, 384]"
power_sparse,40,"[40, 204, 448]",51,51,"[204, 448]"
power_sparse,40,"[40, 204, 512]",180,180,"[204, 512]"
power_sparse,40,"[40, 205, 256]",1,1,"[205, 256]"
power_sparse,40,"[40, 205, 320]",1,1,"[205, 320]"
power_sparse,40,"[40, 205, 384]",26,26,"[205, 384]"
power_sparse,40,"[40, 205, 448]",185,185,"[205, 448]"
power_sparse,40,"[40, 205, 512]",70,70,"[205, 512]"
power_sparse,40,"[40, 206, 320]",1,1,"[206, 320]"
power_sparse,40,"[40, 206, 384]",8,8,"[206, 384]"
power_sparse,40,"[40, 206, 448]",108,108,"[206, 448]"
power_sparse,40,"[40, 206, 512]",856,856,"[206, 512]"
power_sparse,40,"[40, 206, 576]",7,7,"[206, 576]"
power_sparse,40,"[40, 207, 320]",1,1,"[207, 320]"
power_sparse,40,"[40, 207, 384]",11,11,"[207, 384]"
power_sparse,40,"[40, 207, 448]",124,124,"[207, 448]"
power_sparse,40,"[40, 207, 512]",251,251,"[207, 512]"
power_sparse,40,"[40, 207, 576]",4,4,"[207, 576]"
power_sparse,40,"[40, 208, 320]",2,2,"[208, 320]"
power_sparse,40,"[40, 208, 384]",4,4,"[208, 384]"
power_sparse,40,"[40, 208, 448]",61,61,"[208, 448]"
power_sparse,40,"[40, 208, 512]",1685,1685,"[208, 512]"
power_sparse,40,"[40, 208, 576]",134,134,"[208, 576]"
power_sparse,40,"[40, 209, 384]",6,6,"[209, 384]"
power_sparse,40,"[40, 209, 448]",153,153,"[209, 448]"
power_sparse,40,"[40, 209, 512]",100,100,"[209, 512]"
power_sparse,40,"[40, 209, 576]",4,4,"[209, 576]"
power_sparse,40,"[40, 210, 192]",1,1,"[210, 192]"
power_sparse,40,"[40, 210, 320]",1,1,"[210, 320]"
power_sparse,40,"[40, 210, 384]",8,8,"[210, 384]"
power_sparse,40,"[40, 210, 448]",408,408,"[210, 448]"
power_sparse,40,"[40, 210, 512]",1181,1181,"[210, 512]"
power_sparse,40,"[40, 210, 576]",24,24,"[210, 576]"
power_sparse,40,"[40, 211, 448]",2,2,"[211, 448]"
power_sparse,40,"[40, 211, 512]",893,893,"[211, 512]"
power_sparse,40,"[40, 211, 576]",593,593,"[211, 576]"
power_sparse,40,"[40, 212, 512]",26,26,"[212, 512]"
power_sparse,40,"[40, 212, 576]",51,51,"[212, 576]"
power_sparse,40,"[40, 213, 448]",12,12,"[213, 448]"
power_sparse,40,"[40, 213, 512]",1453,1453,"[213, 512]"
power_sparse,40,"[40, 213, 576]",388,388,"[213, 576]"
power_sparse,40,"[40, 214, 384]",1,1,"[214, 384]"
power_sparse,40,"[40, 214, 448]",1,1,"[214, 448]"
power_sparse,40,"[40, 214, 512]",63,63,"[214, 512]"
power_sparse,40,"[40, 214, 576]",76,76,"[214, 576]"
power_sparse,40,"[40, 215, 384]",1,1,"[215, 384]"
power_sparse,40,"[40, 215, 448]",2,2,"[215, 448]"
power_sparse,40,"[40, 215, 512]",36,36,"[215, 512]"
power_sparse,40,"[40, 215, 576]",47,47,"[215, 576]"
power_sparse,40,"[40, 216, 384]",2,2,"[216, 384]"
power_sparse,40,"[40, 216, 512]",59,59,"[216, 512]"
power_sparse,40,"[40, 216, 576]",187,187,"[216, 576]"
power_sparse,40,"[40, 217, 512]",3,3,"[217, 512]"
power_sparse,40,"[40, 217, 576]",13,13,"[217, 576]"
power_sparse,40,"[40, 218, 512]",514,514,"[218, 512]"
power_sparse,40,"[40, 218, 576]",330,330,"[218, 576]"
power_sparse,40,"[40, 219, 448]",10,10,"[219, 448]"
power_sparse,40,"[40, 219, 512]",355,355,"[219, 512]"
power_sparse,40,"[40, 219, 576]",2000,3120,"[219, 576]"
power_sparse,40,"[40, 219, 640]",17,17,"[219, 640]"
power_sparse,40,"[40, 220, 384]",2,2,"[220, 384]"
power_sparse,40,"[40, 220, 448]",5,5,"[220, 448]"
power_sparse,40,"[40, 220, 512]",22,22,"[220, 512]"
power_sparse,40,"[40, 220, 576]",213,213,"[220, 576]"
power_sparse,40,"[40, 220, 640]",5,5,"[220, 640]"
power_sparse,40,"[40, 221, 384]",1,1,"[221, 384]"
power_sparse,40,"[40, 221, 448]",3,3,"[221, 448]"
power_sparse,40,"[40, 221, 512]",31,31,"[221, 512]"
power_sparse,40,"[40, 221, 576]",189,189,"[221, 576]"
power_sparse,40,"[40, 221, 640]",4,4,"[221, 640]"
power_sparse,40,"[40, 222, 320]",1,1,"[222, 320]"
power_sparse,40,"[40, 222, 448]",4,4,"[222, 448]"
power_sparse,40,"[40, 222, 512]",15,15,"[222, 512]"
power_sparse,40,"[40, 222, 576]",112,112,"[222, 576]"
power_sparse,40,"[40, 222, 640]",2,2,"[222, 640]"
power_sparse,40,"[40, 223, 512]",1,1,"[223, 512]"
power_sparse,40,"[40, 223, 576]",6,6,"[223, 576]"
power_sparse,40,"[40, 224, 448]",3,3,"[224, 448]"
power_sparse,40,"[40, 224, 512]",16,16,"[224, 512]"
power_sparse,40,"[40, 224, 576]",97,97,"[224, 576]"
power_sparse,40,"[40, 224, 640]",7,7,"[224, 640]"
power_sparse,40,"[40, 225, 448]",2,2,"[225, 448]"
power_sparse,40,"[40, 225, 512]",5,5,"[225, 512]"
power_sparse,40,"[40, 225, 576]",15,15,"[225, 576]"
power_sparse,40,"[40, 225, 640]",2,2,"[225, 640]"
power_sparse,40,"[40, 226, 448]",2,2,"[226, 448]"
power_sparse,40,"[40, 226, 512]",8,8,"[226, 512]"
power_sparse,40,"[40, 226, 576]",10,10,"[226, 576]"
power_sparse,40,"[40, 226, 640]",2,2,"[226, 640]"
power_sparse,40,"[40, 227, 384]",3,3,"[227, 384]"
power_sparse,40,"[40, 227, 512]",18,18,"[227, 512]"
power_sparse,40,"[40, 227, 576]",54,54,"[227, 576]"
power_sparse,40,"[40, 228, 384]",3,3,"[228, 384]"
power_sparse,40,"[40, 228, 448]",4,4,"[228, 448]"
power_sparse,40,"[40, 228, 512]",3,3,"[228, 512]"
power_sparse,40,"[40, 228, 576]",12,12,"[228, 576]"
power_sparse,40,"[40, 228, 640]",1,1,"[228, 640]"
power_sparse,40,"[40, 229, 512]",4,4,"[229, 512]"
power_sparse,40,"[40, 229, 576]",1,1,"[229, 576]"
power_sparse,40,"[40, 230, 448]",2,2,"[230, 448]"
power_sparse,40,"[40, 230, 512]",3,3,"[230, 512]"
power_sparse,40,"[40, 230, 576]",1,1,"[230, 576]"
power_sparse,40,"[40, 231, 384]",1,1,"[231, 384]"
power_sparse,40,"[40, 231, 448]",3,3,"[231, 448]"
power_sparse,40,"[40, 231, 512]",1,1,"[231, 512]"
power_sparse,40,"[40, 231, 576]",1,1,"[231, 576]"
power_sparse,40,"[40, 232, 384]",2,2,"[232, 384]"
power_sparse,40,"[40, 232, 448]",12,12,"[232, 448]"
power_sparse,40,"[40, 232, 512]",10,10,"[232, 512]"
power_sparse,40,"[40, 232, 576]",5,5,"[232, 576]"
power_sparse,40,"[40, 233, 384]",1,1,"[233, 384]"
power_sparse,40,"[40, 233, 576]",10,10,"[233, 576]"
power_sparse,40,"[40, 234, 320]",4,4,"[234, 320]"
power_sparse,40,"[40, 234, 384]",8,8,"[234, 384]"
power_sparse,40,"[40, 234, 448]",17,17,"[234, 448]"
power_sparse,40,"[40, 234, 512]",12,12,"[234, 512]"
power_sparse,40,"[40, 234, 576]",3,3,"[234, 576]"
power_sparse,40,"[40, 234, 640]",1,1,"[234, 640]"
power_sparse,40,"[40, 235, 448]",1,1,"[235, 448]"
power_sparse,40,"[40, 235, 512]",2,2,"[235, 512]"
power_sparse,40,"[40, 235, 576]",1,1,"[235, 576]"
power_sparse,40,"[40, 236, 384]",4,4,"[236, 384]"
power_sparse,40,"[40, 236, 448]",7,7,"[236, 448]"
power_sparse,40,"[40, 236, 512]",2,2,"[236, 512]"
power_sparse,40,"[40, 236, 576]",1,1,"[236, 576]"
power_sparse,40,"[40, 236, 640]",1,1,"[236, 640]"
power_sparse,40,"[40, 237, 512]",10,10,"[237, 512]"
power_sparse,40,"[40, 237, 576]",14,14,"[237, 576]"
power_sparse,40,"[40, 238, 448]",6,6,"[238, 448]"
power_sparse,40,"[40, 238, 512]",15,15,"[238, 512]"
power_sparse,40,"[40, 238, 576]",6,6,"[238, 576]"
power_sparse,40,"[40, 239, 256]",1,1,"[239, 256]"
power_sparse,40,"[40, 239, 512]",9,9,"[239, 512]"
power_sparse,40,"[40, 239, 576]",11,11,"[239, 576]"
power_sparse,40,"[40, 240, 512]",6,6,"[240, 512]"
power_sparse,40,"[40, 240, 576]",8,8,"[240, 576]"
power_sparse,40,"[40, 240, 640]",5,5,"[240, 640]"
power_sparse,40,"[40, 241, 320]",5,5,"[241, 320]"
power_sparse,40,"[40, 241, 384]",19,19,"[241, 384]"
power_sparse,40,"[40, 241, 448]",13,13,"[241, 448]"
power_sparse,40,"[40, 241, 512]",1,1,"[241, 512]"
power_sparse,40,"[40, 241, 576]",22,22,"[241, 576]"
power_sparse,40,"[40, 241, 640]",1,1,"[241, 640]"
power_sparse,40,"[40, 242, 384]",4,4,"[242, 384]"
power_sparse,40,"[40, 242, 448]",28,28,"[242, 448]"
power_sparse,40,"[40, 242, 512]",70,70,"[242, 512]"
power_sparse,40,"[40, 242, 576]",51,51,"[242, 576]"
power_sparse,40,"[40, 242, 640]",5,5,"[242, 640]"
power_sparse,40,"[40, 243, 192]",1,1,"[243, 192]"
power_sparse,40,"[40, 243, 448]",1,1,"[243, 448]"
power_sparse,40,"[40, 243, 512]",10,10,"[243, 512]"
power_sparse,40,"[40, 243, 576]",13,13,"[243, 576]"
power_sparse,40,"[40, 243, 640]",6,6,"[243, 640]"
power_sparse,40,"[40, 243, 704]",14,14,"[243, 704]"
power_sparse,40,"[40, 244, 448]",1,1,"[244, 448]"
power_sparse,40,"[40, 244, 512]",68,68,"[244, 512]"
power_sparse,40,"[40, 244, 576]",129,129,"[244, 576]"
power_sparse,40,"[40, 244, 640]",7,7,"[244, 640]"
power_sparse,40,"[40, 245, 576]",4,4,"[245, 576]"
power_sparse,40,"[40, 245, 640]",4,4,"[245, 640]"
power_sparse,40,"[40, 245, 768]",2,2,"[245, 768]"
power_sparse,40,"[40, 246, 576]",1,1,"[246, 576]"
power_sparse,40,"[40, 246, 640]",6,6,"[246, 640]"
power_sparse,40,"[40, 247, 384]",7,7,"[247, 384]"
power_sparse,40,"[40, 247, 448]",41,41,"[247, 448]"
power_sparse,40,"[40, 247, 512]",96,96,"[247, 512]"
power_sparse,40,"[40, 247, 576]",23,23,"[247, 576]"
power_sparse,40,"[40, 247, 640]",175,175,"[247, 640]"
power_sparse,40,"[40, 247, 704]",20,20,"[247, 704]"
power_sparse,40,"[40, 248, 448]",11,11,"[248, 448]"
power_sparse,40,"[40, 248, 512]",28,28,"[248, 512]"
power_sparse,40,"[40, 248, 576]",12,12,"[248, 576]"
power_sparse,40,"[40, 248, 640]",3,3,"[248, 640]"
power_sparse,40,"[40, 248, 704]",10,10,"[248, 704]"
power_sparse,40,"[40, 248, 768]",6,6,"[248, 768]"
power_sparse,40,"[40, 249, 576]",2,2,"[249, 576]"
power_sparse,40,"[40, 249, 640]",10,10,"[249, 640]"
power_sparse,40,"[40, 249, 704]",1,1,"[249, 704]"
power_sparse,40,"[40, 250, 576]",12,12,"[250, 576]"
power_sparse,40,"[40, 250, 640]",4,4,"[250, 640]"
power_sparse,40,"[40, 251, 704]",2,2,"[251, 704]"
power_sparse,40,"[40, 252, 640]",3,3,"[252, 640]"
power_sparse,40,"[40, 252, 704]",2,2,"[252, 704]"
power_sparse,40,"[40, 253, 448]",1,1,"[253, 448]"
power_sparse,40,"[40, 253, 512]",4,4,"[253, 512]"
power_sparse,40,"[40, 253, 576]",9,9,"[253, 576]"
power_sparse,40,"[40, 253, 640]",5,5,"[253, 640]"
power_sparse,40,"[40, 253, 704]",10,10,"[253, 704]"
power_sparse,40,"[40, 253, 768]",7,7,"[253, 768]"
power_sparse,40,"[40, 254, 512]",2,2,"[254, 512]"
power_sparse,40,"[40, 254, 576]",4,4,"[254, 576]"
power_sparse,40,"[40, 254, 640]",3,3,"[254, 640]"
power_sparse,40,"[40, 254, 704]",2,2,"[254, 704]"
power_sparse,40,"[40, 254, 768]",4,4,"[254, 768]"
power_sparse,40,"[40, 255, 576]",1,1,"[255, 576]"
power_sparse,40,"[40, 255, 640]",3,3,"[255, 640]"
power_sparse,40,"[40, 255, 704]",5,5,"[255, 704]"
power_sparse,40,"[40, 256, 512]",2,2,"[256, 512]"
power_sparse,40,"[40, 256, 576]",4,4,"[256, 576]"
power_sparse,40,"[40, 256, 640]",2,2,"[256, 640]"
power_sparse,40,"[40, 256, 704]",4,4,"[256, 704]"
power_sparse,40,"[40, 257, 704]",9,9,"[257, 704]"
power_sparse,40,"[40, 258, 640]",11,11,"[258, 640]"
power_sparse,40,"[40, 258, 704]",19,19,"[258, 704]"
power_sparse,40,"[40, 259, 576]",13,13,"[259, 576]"
power_sparse,40,"[40, 259, 640]",2,2,"[259, 640]"
power_sparse,40,"[40, 259, 704]",15,15,"[259, 704]"
power_sparse,40,"[40, 259, 768]",3,3,"[259, 768]"
power_sparse,40,"[40, 260, 640]",6,6,"[260, 640]"
power_sparse,40,"[40, 260, 704]",25,25,"[260, 704]"
power_sparse,40,"[40, 260, 768]",24,24,"[260, 768]"
power_sparse,40,"[40, 261, 640]",1,1,"[261, 640]"
power_sparse,40,"[40, 261, 704]",24,24,"[261, 704]"
power_sparse,40,"[40, 261, 768]",2,2,"[261, 768]"
power_sparse,40,"[40, 262, 576]",2,2,"[262, 576]"
power_sparse,40,"[40, 262, 640]",7,7,"[262, 640]"
power_sparse,40,"[40, 262, 704]",33,33,"[262, 704]"
power_sparse,40,"[40, 262, 768]",6,6,"[262, 768]"
power_sparse,40,"[40, 263, 704]",24,24,"[263, 704]"
power_sparse,40,"[40, 263, 768]",10,10,"[263, 768]"
power_sparse,40,"[40, 264, 704]",10,10,"[264, 704]"
power_sparse,40,"[40, 264, 768]",3,3,"[264, 768]"
power_sparse,40,"[40, 265, 576]",1,1,"[265, 576]"
power_sparse,40,"[40, 265, 640]",4,4,"[265, 640]"
power_sparse,40,"[40, 265, 704]",48,48,"[265, 704]"
power_sparse,40,"[40, 265, 768]",21,21,"[265, 768]"
power_sparse,40,"[40, 266, 640]",1,1,"[266, 640]"
power_sparse,40,"[40, 266, 704]",35,35,"[266, 704]"
power_sparse,40,"[40, 266, 768]",57,57,"[266, 768]"
power_sparse,40,"[40, 267, 704]",25,25,"[267, 704]"
power_sparse,40,"[40, 267, 768]",4,4,"[267, 768]"
power_sparse,40,"[40, 268, 576]",2,2,"[268, 576]"
power_sparse,40,"[40, 268, 640]",14,14,"[268, 640]"
power_sparse,40,"[40, 268, 704]",386,386,"[268, 704]"
power_sparse,40,"[40, 268, 768]",192,192,"[268, 768]"
power_sparse,40,"[40, 268, 832]",1,1,"[268, 832]"
power_sparse,40,"[40, 269, 704]",132,132,"[269, 704]"
power_sparse,40,"[40, 269, 768]",150,150,"[269, 768]"
power_sparse,40,"[40, 270, 704]",48,48,"[270, 704]"
power_sparse,40,"[40, 270, 768]",42,42,"[270, 768]"
power_sparse,40,"[40, 271, 640]",1,1,"[271, 640]"
power_sparse,40,"[40, 271, 704]",55,55,"[271, 704]"
power_sparse,40,"[40, 271, 768]",72,72,"[271, 768]"
power_sparse,40,"[40, 272, 704]",368,368,"[272, 704]"
power_sparse,40,"[40, 272, 768]",1193,1193,"[272, 768]"
power_sparse,40,"[40, 272, 832]",3,3,"[272, 832]"
power_sparse,40,"[40, 273, 704]",160,160,"[273, 704]"
power_sparse,40,"[40, 273, 768]",30,30,"[273, 768]"
power_sparse,40,"[40, 274, 640]",19,19,"[274, 640]"
power_sparse,40,"[40, 274, 704]",1898,1898,"[274, 704]"
power_sparse,40,"[40, 274, 768]",2000,3446,"[274, 768]"
power_sparse,40,"[40, 274, 832]",4,4,"[274, 832]"
power_sparse,40,"[40, 275, 640]",1,1,"[275, 640]"
power_sparse,40,"[40, 275, 704]",148,148,"[275, 704]"
power_sparse,40,"[40, 275, 768]",403,403,"[275, 768]"
power_sparse,40,"[40, 276, 704]",6,6,"[276, 704]"
power_sparse,40,"[40, 276, 768]",17,17,"[276, 768]"
power_sparse,40,"[40, 277, 640]",3,3,"[277, 640]"
power_sparse,40,"[40, 277, 704]",346,346,"[277, 704]"
power_sparse,40,"[40, 277, 768]",588,588,"[277, 768]"
power_sparse,40,"[40, 277, 832]",2,2,"[277, 832]"
power_sparse,40,"[40, 278, 704]",328,328,"[278, 704]"
power_sparse,40,"[40, 278, 768]",2000,8521,"[278, 768]"
power_sparse,40,"[40, 278, 832]",308,308,"[278, 832]"
power_sparse,40,"[40, 279, 704]",108,108,"[279, 704]"
power_sparse,40,"[40, 279, 768]",98,98,"[279, 768]"
power_sparse,40,"[40, 280, 640]",2,2,"[280, 640]"
power_sparse,40,"[40, 280, 704]",7,7,"[280, 704]"
power_sparse,40,"[40, 280, 768]",35,35,"[280, 768]"
power_sparse,40,"[40, 280, 832]",1,1,"[280, 832]"
power_sparse,40,"[40, 281, 704]",2,2,"[281, 704]"
power_sparse,40,"[40, 281, 768]",14,14,"[281, 768]"
power_sparse,40,"[40, 282, 704]",3,3,"[282, 704]"
power_sparse,40,"[40, 282, 768]",2,2,"[282, 768]"
power_sparse,40,"[40, 283, 640]",3,3,"[283, 640]"
power_sparse,40,"[40, 283, 704]",330,330,"[283, 704]"
power_sparse,40,"[40, 283, 768]",1203,1203,"[283, 768]"
power_sparse,40,"[40, 283, 832]",61,61,"[283, 832]"
power_sparse,40,"[40, 284, 704]",2,2,"[284, 704]"
power_sparse,40,"[40, 284, 768]",27,27,"[284, 768]"
power_sparse,40,"[40, 284, 832]",6,6,"[284, 832]"
power_sparse,40,"[40, 285, 704]",84,84,"[285, 704]"
power_sparse,40,"[40, 285, 768]",686,686,"[285, 768]"
power_sparse,40,"[40, 285, 832]",4,4,"[285, 832]"
power_sparse,40,"[40, 286, 768]",1,1,"[286, 768]"
power_sparse,40,"[40, 286, 832]",1,1,"[286, 832]"
power_sparse,40,"[40, 287, 768]",2,2,"[287, 768]"
power_sparse,40,"[40, 288, 768]",1,1,"[288, 768]"
power_sparse,40,"[40, 289, 640]",1,1,"[289, 640]"
power_sparse,40,"[40, 289, 704]",634,634,"[289, 704]"
power_sparse,40,"[40, 289, 768]",2000,2391,"[289, 768]"
power_sparse,40,"[40, 289, 832]",16,16,"[289, 832]"
power_sparse,40,"[40, 290, 704]",1,1,"[290, 704]"
power_sparse,40,"[40, 290, 768]",2,2,"[290, 768]"
power_sparse,40,"[40, 291, 704]",2,2,"[291, 704]"
power_sparse,40,"[40, 291, 768]",54,54,"[291, 768]"
power_sparse,40,"[40, 291, 832]",2,2,"[291, 832]"
power_sparse,40,"[40, 295, 704]",36,36,"[295, 704]"
power_sparse,40,"[40, 295, 768]",152,152,"[295, 768]"
power_sparse,40,"[40, 295, 832]",13,13,"[295, 832]"
power_sparse,40,"[40, 297, 832]",1,1,"[297, 832]"
power_sparse,40,"[40, 301, 768]",4,4,"[301, 768]"
base_projlen,40,"[40, 14]",6,6,[14]
base_projlen,40,"[40, 15]",251,251,[15]
base_projlen,40,"[40, 16]",1560,1560,[16]
base_projlen,40,"[40, 17]",2000,2652,[17]
base_projlen,40,"[40, 18]",2000,6482,[18]
base_projlen,40,"[40, 19]",2000,19716,[19]
base_projlen,40,"[40, 20]",2000,28026,[20]
base_projlen,40,"[40, 21]",2000,20101,[21]
base_projlen,40,"[40, 22]",2000,19606,[22]
base_projlen,40,"[40, 23]",2000,8754,[23]
base_projlen,40,"[40, 24]",2000,2102,[24]
base_projlen,40,"[40, 25]",497,497,[25]
base_projlen,40,"[40, 26]",177,177,[26]
base_projlen,40,"[40, 27]",2000,9091,[27]
base_projlen,40,"[40, 28]",2000,4345,[28]
base_projlen,40,"[40, 29]",2000,5645,[29]
base_projlen,40,"[40, 30]",2000,3266,[30]
base_projlen,40,"[40, 31]",2000,4755,[31]
base_projlen,40,"[40, 32]",2000,2661,[32]
base_projlen,40,"[40, 33]",2000,6690,[33]
base_projlen,40,"[40, 34]",2000,5544,[34]
base_projlen,40,"[40, 35]",2000,5758,[35]
base_projlen,40,"[40, 36]",2000,4091,[36]
base_projlen,40,"[40, 37]",2000,4529,[37]
base_projlen,40,"[40, 38]",2000,2320,[38]
base_projlen,40,"[40, 39]",2000,2446,[39]
base_projlen,40,"[40, 40]",1193,1193,[40]
base_projlen,40,"[40, 41]",1005,1005,[41]
base_projlen,40,"[40, 42]",417,417,[42]
base_projlen,40,"[40, 43]",261,261,[43]
base_projlen,40,"[40, 44]",69,69,[44]
base_projlen,40,"[40, 45]",72,72,[45]
base_projlen,40,"[40, 46]",50,50,[46]
base_projlen,40,"[40, 47]",51,51,[47]
base_projlen,40,"[40, 48]",49,49,[48]
base_projlen,40,"[40, 49]",18,18,[49]
base_projlen,40,"[40, 50]",29,29,[50]
base_projlen,40,"[40, 51]",33,33,[51]
base_projlen,40,"[40, 52]",12,12,[52]
base_projlen,40,"[40, 53]",7,7,[53]
base_projlen,40,"[40, 54]",8,8,[54]
base_projlen,40,"[40, 55]",1,1,[55]
base_projlen,40,"[40, 56]",2,2,[56]
base_projlen,40,"[40, 57]",1,1,[57]
base_projlen,40,"[40, 58]",2,2,[58]
base_projlen,40,"[40, 81]",144,144,[81]
base_projlen,40,"[40, 82]",383,383,[82]
base_projlen,40,"[40, 83]",673,673,[83]
base_projlen,40,"[40, 84]",356,356,[84]
base_projlen,40,"[40, 85]",104,104,[85]
base_projlen,40,"[40, 86]",76,76,[86]
base_projlen,40,"[40, 87]",78,78,[87]
base_projlen,40,"[40, 88]",103,103,[88]
base_projlen,40,"[40, 89]",181,181,[89]
base_projlen,40,"[40, 90]",203,203,[90]
base_projlen,40,"[40, 91]",340,340,[91]
base_projlen,40,"[40, 92]",2000,3008,[92]
base_projlen,40,"[40, 93]",2000,2778,[93]
base_projlen,40,"[40, 94]",2000,20186,[94]
base_projlen,40,"[40, 95]",2000,7864,[95]
base_projlen,40,"[40, 96]",2000,2254,[96]
base_projlen,40,"[40, 97]",2000,6101,[97]
base_projlen,40,"[40, 98]",868,868,[98]
base_projlen,40,"[40, 99]",402,402,[99]
base_projlen,40,"[40, 100]",62,62,[100]
base_projlen,40,"[40, 101]",8,8,[101]
base_projlen,40,"[40, 102]",1,1,[102]
collapse_ratio,40,"[40, 0, 1]",30,30,"[0, 1]"
collapse_ratio,40,"[40, 75, 7]",50,50,"[75, 7]"
collapse_ratio,40,"[40, 100, 9]",1,1,"[100, 9]"
collapse_ratio,40,"[40, 150, 13]",39,39,"[150, 13]"
collapse_ratio,40,"[40, 250, 21]",1,1,"[250, 21]"
collapse_ratio,40,"[40, 300, 25]",26,26,"[300, 25]"
collapse_ratio,40,"[40, 325, 17]",2,2,"[325, 17]"
collapse_ratio,40,"[40, 325, 18]",1,1,"[325, 18]"
collapse_ratio,40,"[40, 325, 19]",6,6,"[325, 19]"
collapse_ratio,40,"[40, 325, 21]",1,1,"[325, 21]"
collapse_ratio,40,"[40, 325, 27]",6,6,"[325, 27]"
collapse_ratio,40,"[40, 325, 28]",9,9,"[325, 28]"
collapse_ratio,40,"[40, 325, 29]",63,63,"[325, 29]"
collapse_ratio,40,"[40, 325, 31]",28,28,"[325, 31]"
collapse_ratio,40,"[40, 325, 33]",70,70,"[325, 33]"
collapse_ratio,40,"[40, 325, 35]",36,36,"[325, 35]"
collapse_ratio,40,"[40, 325, 37]",1,1,"[325, 37]"
collapse_ratio,40,"[40, 325, 81]",8,8,"[325, 81]"
collapse_ratio,40,"[40, 325, 83]",2,2,"[325, 83]"
collapse_ratio,40,"[40, 350, 29]",9,9,"[350, 29]"
collapse_ratio,40,"[40, 350, 31]",6,6,"[350, 31]"
collapse_ratio,40,"[40, 350, 32]",5,5,"[350, 32]"
collapse_ratio,40,"[40, 350, 33]",5,5,"[350, 33]"
collapse_ratio,40,"[40, 350, 35]",34,34,"[350, 35]"
collapse_ratio,40,"[40, 350, 39]",17,17,"[350, 39]"
collapse_ratio,40,"[40, 350, 90]",1,1,"[350, 90]"
collapse_ratio,40,"[40, 350, 92]",1,1,"[350, 92]"
collapse_ratio,40,"[40, 375, 23]",17,17,"[375, 23]"
collapse_ratio,40,"[40, 375, 31]",24,24,"[375, 31]"
collapse_ratio,40,"[40, 375, 33]",46,46,"[375, 33]"
collapse_ratio,40,"[40, 375, 34]",3,3,"[375, 34]"
collapse_ratio,40,"[40, 375, 35]",1,1,"[375, 35]"
collapse_ratio,40,"[40, 375, 36]",5,5,"[375, 36]"
collapse_ratio,40,"[40, 375, 37]",8,8,"[375, 37]"
collapse_ratio,40,"[40, 375, 38]",1,1,"[375, 38]"
collapse_ratio,40,"[40, 375, 39]",1,1,"[375, 39]"
collapse_ratio,40,"[40, 375, 41]",4,4,"[375, 41]"
collapse_ratio,40,"[40, 375, 42]",1,1,"[375, 42]"
collapse_ratio,40,"[40, 375, 43]",1,1,"[375, 43]"
collapse_ratio,40,"[40, 375, 44]",1,1,"[375, 44]"
collapse_ratio,40,"[40, 375, 95]",2,2,"[375, 95]"
collapse_ratio,40,"[40, 375, 97]",2,2,"[375, 97]"
collapse_ratio,40,"[40, 400, 21]",1,1,"[400, 21]"
collapse_ratio,40,"[40, 400, 25]",1,1,"[400, 25]"
collapse_ratio,40,"[40, 400, 27]",3,3,"[400, 27]"
collapse_ratio,40,"[40, 400, 28]",2,2,"[400, 28]"
collapse_ratio,40,"[40, 400, 33]",16,16,"[400, 33]"
collapse_ratio,40,"[40, 400, 34]",1,1,"[400, 34]"
collapse_ratio,40,"[40, 400, 35]",18,18,"[400, 35]"
collapse_ratio,40,"[40, 400, 36]",1,1,"[400, 36]"
collapse_ratio,40,"[40, 400, 37]",4,4,"[400, 37]"
collapse_ratio,40,"[40, 400, 38]",4,4,"[400, 38]"
collapse_ratio,40,"[40, 400, 39]",2,2,"[400, 39]"
collapse_ratio,40,"[40, 400, 40]",3,3,"[400, 40]"
collapse_ratio,40,"[40, 400, 41]",36,36,"[400, 41]"
collapse_ratio,40,"[40, 400, 42]",1,1,"[400, 42]"
collapse_ratio,40,"[40, 400, 43]",1,1,"[400, 43]"
collapse_ratio,40,"[40, 400, 45]",11,11,"[400, 45]"
collapse_ratio,40,"[40, 400, 46]",1,1,"[400, 46]"
collapse_ratio,40,"[40, 400, 47]",1,1,"[400, 47]"
collapse_ratio,40,"[40, 400, 51]",1,1,"[400, 51]"
collapse_ratio,40,"[40, 400, 57]",2,2,"[400, 57]"
collapse_ratio,40,"[40, 400, 61]",1,1,"[400, 61]"
collapse_ratio,40,"[40, 400, 103]",1,1,"[400, 103]"
collapse_ratio,40,"[40, 400, 105]",6,6,"[400, 105]"
collapse_ratio,40,"[40, 425, 25]",3,3,"[425, 25]"
collapse_ratio,40,"[40, 425, 27]",5,5,"[425, 27]"
collapse_ratio,40,"[40, 425, 28]",1,1,"[425, 28]"
collapse_ratio,40,"[40, 425, 35]",93,93,"[425, 35]"
collapse_ratio,40,"[40, 425, 36]",74,74,"[425, 36]"
collapse_ratio,40,"[40, 425, 37]",5,5,"[425, 37]"
collapse_ratio,40,"[40, 425, 38]",37,37,"[425, 38]"
collapse_ratio,40,"[40, 425, 39]",30,30,"[425, 39]"
collapse_ratio,40,"[40, 425, 40]",10,10,"[425, 40]"
collapse_ratio,40,"[40, 425, 41]",7,7,"[425, 41]"
collapse_ratio,40,"[40, 425, 43]",5,5,"[425, 43]"
collapse_ratio,40,"[40, 425, 45]",18,18,"[425, 45]"
collapse_ratio,40,"[40, 425, 46]",1,1,"[425, 46]"
collapse_ratio,40,"[40, 425, 47]",20,20,"[425, 47]"
collapse_ratio,40,"[40, 425, 48]",1,1,"[425, 48]"
collapse_ratio,40,"[40, 425, 49]",4,4,"[425, 49]"
collapse_ratio,40,"[40, 425, 51]",2,2,"[425, 51]"
collapse_ratio,40,"[40, 425, 59]",4,4,"[425, 59]"
collapse_ratio,40,"[40, 425, 62]",4,4,"[425, 62]"
collapse_ratio,40,"[40, 425, 63]",2,2,"[425, 63]"
collapse_ratio,40,"[40, 425, 66]",3,3,"[425, 66]"
collapse_ratio,40,"[40, 425, 68]",1,1,"[425, 68]"
collapse_ratio,40,"[40, 425, 106]",2,2,"[425, 106]"
collapse_ratio,40,"[40, 425, 107]",3,3,"[425, 107]"
collapse_ratio,40,"[40, 425, 108]",2,2,"[425, 108]"
collapse_ratio,40,"[40, 425, 109]",1,1,"[425, 109]"
collapse_ratio,40,"[40, 425, 110]",1,1,"[425, 110]"
collapse_ratio,40,"[40, 425, 111]",1,1,"[425, 111]"
collapse_ratio,40,"[40, 450, 23]",3,3,"[450, 23]"
collapse_ratio,40,"[40, 450, 25]",1,1,"[450, 25]"
collapse_ratio,40,"[40, 450, 27]",6,6,"[450, 27]"
collapse_ratio,40,"[40, 450, 28]",1,1,"[450, 28]"
collapse_ratio,40,"[40, 450, 29]",14,14,"[450, 29]"
collapse_ratio,40,"[40, 450, 37]",25,25,"[450, 37]"
collapse_ratio,40,"[40, 450, 38]",2,2,"[450, 38]"
collapse_ratio,40,"[40, 450, 39]",7,7,"[450, 39]"
collapse_ratio,40,"[40, 450, 40]",4,4,"[450, 40]"
collapse_ratio,40,"[40, 450, 41]",88,88,"[450, 41]"
collapse_ratio,40,"[40, 450, 42]",14,14,"[450, 42]"
collapse_ratio,40,"[40, 450, 43]",29,29,"[450, 43]"
collapse_ratio,40,"[40, 450, 44]",7,7,"[450, 44]"
collapse_ratio,40,"[40, 450, 45]",7,7,"[450, 45]"
collapse_ratio,40,"[40, 450, 46]",34,34,"[450, 46]"
collapse_ratio,40,"[40, 450, 49]",18,18,"[450, 49]"
collapse_ratio,40,"[40, 450, 50]",9,9,"[450, 50]"
collapse_ratio,40,"[40, 450, 51]",9,9,"[450, 51]"
collapse_ratio,40,"[40, 450, 53]",2,2,"[450, 53]"
collapse_ratio,40,"[40, 450, 54]",2,2,"[450, 54]"
collapse_ratio,40,"[40, 450, 57]",4,4,"[450, 57]"
collapse_ratio,40,"[40, 450, 60]",4,4,"[450, 60]"
collapse_ratio,40,"[40, 450, 61]",1,1,"[450, 61]"
collapse_ratio,40,"[40, 450, 64]",7,7,"[450, 64]"
collapse_ratio,40,"[40, 450, 70]",3,3,"[450, 70]"
collapse_ratio,40,"[40, 450, 78]",1,1,"[450, 78]"
collapse_ratio,40,"[40, 450, 111]",1,1,"[450, 111]"
collapse_ratio,40,"[40, 450, 112]",3,3,"[450, 112]"
collapse_ratio,40,"[40, 450, 113]",10,10,"[450, 113]"
collapse_ratio,40,"[40, 450, 114]",3,3,"[450, 114]"
collapse_ratio,40,"[40, 450, 115]",3,3,"[450, 115]"
collapse_ratio,40,"[40, 450, 116]",4,4,"[450, 116]"
collapse_ratio,40,"[40, 450, 117]",3,3,"[450, 117]"
collapse_ratio,40,"[40, 475, 25]",1,1,"[475, 25]"
collapse_ratio,40,"[40, 475, 26]",12,12,"[475, 26]"
collapse_ratio,40,"[40, 475, 39]",33,33,"[475, 39]"
collapse_ratio,40,"[40, 475, 40]",3,3,"[475, 40]"
collapse_ratio,40,"[40, 475, 42]",2,2,"[475, 42]"
collapse_ratio,40,"[40, 475, 43]",39,39,"[475, 43]"
collapse_ratio,40,"[40, 475, 45]",7,7,"[475, 45]"
collapse_ratio,40,"[40, 475, 46]",1,1,"[475, 46]"
collapse_ratio,40,"[40, 475, 47]",51,51,"[475, 47]"
collapse_ratio,40,"[40, 475, 48]",1,1,"[475, 48]"
collapse_ratio,40,"[40, 475, 49]",32,32,"[475, 49]"
collapse_ratio,40,"[40, 475, 50]",15,15,"[475, 50]"
collapse_ratio,40,"[40, 475, 51]",113,113,"[475, 51]"
collapse_ratio,40,"[40, 475, 52]",31,31,"[475, 52]"
collapse_ratio,40,"[40, 475, 53]",57,57,"[475, 53]"
collapse_ratio,40,"[40, 475, 54]",12,12,"[475, 54]"
collapse_ratio,40,"[40, 475, 55]",21,21,"[475, 55]"
collapse_ratio,40,"[40, 475, 56]",15,15,"[475, 56]"
collapse_ratio,40,"[40, 475, 57]",7,7,"[475, 57]"
collapse_ratio,40,"[40, 475, 58]",20,20,"[475, 58]"
collapse_ratio,40,"[40, 475, 59]",6,6,"[475, 59]"
collapse_ratio,40,"[40, 475, 60]",8,8,"[475, 60]"
collapse_ratio,40,"[40, 475, 62]",2,2,"[475, 62]"
collapse_ratio,40,"[40, 475, 63]",1,1,"[475, 63]"
collapse_ratio,40,"[40, 475, 68]",4,4,"[475, 68]"
collapse_ratio,40,"[40, 475, 69]",2,2,"[475, 69]"
collapse_ratio,40,"[40, 475, 70]",1,1,"[475, 70]"
collapse_ratio,40,"[40, 475, 72]",1,1,"[475, 72]"
collapse_ratio,40,"[40, 475, 73]",2,2,"[475, 73]"
collapse_ratio,40,"[40, 475, 76]",2,2,"[475, 76]"
collapse_ratio,40,"[40, 475, 77]",2,2,"[475, 77]"
collapse_ratio,40,"[40, 475, 117]",1,1,"[475, 117]"
collapse_ratio,40,"[40, 475, 118]",4,4,"[475, 118]"
collapse_ratio,40,"[40, 475, 119]",5,5,"[475, 119]"
collapse_ratio,40,"[40, 475, 120]",4,4,"[475, 120]"
collapse_ratio,40,"[40, 475, 121]",13,13,"[475, 121]"
collapse_ratio,40,"[40, 475, 122]",7,7,"[475, 122]"
collapse_ratio,40,"[40, 475, 123]",5,5,"[475, 123]"
collapse_ratio,40,"[40, 500, 23]",2,2,"[500, 23]"
collapse_ratio,40,"[40, 500, 29]",5,5,"[500, 29]"
collapse_ratio,40,"[40, 500, 30]",1,1,"[500, 30]"
collapse_ratio,40,"[40, 500, 33]",2,2,"[500, 33]"
collapse_ratio,40,"[40, 500, 34]",1,1,"[500, 34]"
collapse_ratio,40,"[40, 500, 39]",1,1,"[500, 39]"
collapse_ratio,40,"[40, 500, 41]",38,38,"[500, 41]"
collapse_ratio,40,"[40, 500, 42]",4,4,"[500, 42]"
collapse_ratio,40,"[40, 500, 43]",13,13,"[500, 43]"
collapse_ratio,40,"[40, 500, 44]",32,32,"[500, 44]"
collapse_ratio,40,"[40, 500, 45]",79,79,"[500, 45]"
collapse_ratio,40,"[40, 500, 46]",7,7,"[500, 46]"
collapse_ratio,40,"[40, 500, 47]",68,68,"[500, 47]"
collapse_ratio,40,"[40, 500, 48]",41,41,"[500, 48]"
collapse_ratio,40,"[40, 500, 50]",22,22,"[500, 50]"
collapse_ratio,40,"[40, 500, 51]",5,5,"[500, 51]"
collapse_ratio,40,"[40, 500, 52]",2,2,"[500, 52]"
collapse_ratio,40,"[40, 500, 53]",37,37,"[500, 53]"
collapse_ratio,40,"[40, 500, 54]",58,58,"[500, 54]"
collapse_ratio,40,"[40, 500, 55]",132,132,"[500, 55]"
collapse_ratio,40,"[40, 500, 56]",41,41,"[500, 56]"
collapse_ratio,40,"[40, 500, 57]",36,36,"[500, 57]"
collapse_ratio,40,"[40, 500, 58]",97,97,"[500, 58]"
collapse_ratio,40,"[40, 500, 59]",21,21,"[500, 59]"
collapse_ratio,40,"[40, 500, 60]",6,6,"[500, 60]"
collapse_ratio,40,"[40, 500, 61]",9,9,"[500, 61]"
collapse_ratio,40,"[40, 500, 62]",9,9,"[500, 62]"
collapse_ratio,40,"[40, 500, 63]",16,16,"[500, 63]"
collapse_ratio,40,"[40, 500, 64]",6,6,"[500, 64]"
collapse_ratio,40,"[40, 500, 66]",19,19,"[500, 66]"
collapse_ratio,40,"[40, 500, 67]",1,1,"[500, 67]"
collapse_ratio,40,"[40, 500, 70]",7,7,"[500, 70]"
collapse_ratio,40,"[40, 500, 71]",2,2,"[500, 71]"
collapse_ratio,40,"[40, 500, 74]",1,1,"[500, 74]"
collapse_ratio,40,"[40, 500, 78]",3,3,"[500, 78]"
collapse_ratio,40,"[40, 500, 89]",1,1,"[500, 89]"
collapse_ratio,40,"[40, 500, 124]",6,6,"[500, 124]"
collapse_ratio,40,"[40, 500, 125]",5,5,"[500, 125]"
collapse_ratio,40,"[40, 500, 126]",7,7,"[500, 126]"
collapse_ratio,40,"[40, 500, 127]",5,5,"[500, 127]"
collapse_ratio,40,"[40, 500, 128]",7,7,"[500, 128]"
collapse_ratio,40,"[40, 500, 129]",14,14,"[500, 129]"
collapse_ratio,40,"[40, 500, 135]",1,1,"[500, 135]"
collapse_ratio,40,"[40, 525, 26]",3,3,"[525, 26]"
collapse_ratio,40,"[40, 525, 27]",2,2,"[525, 27]"
collapse_ratio,40,"[40, 525, 29]",2,2,"[525, 29]"
collapse_ratio,40,"[40, 525, 31]",13,13,"[525, 31]"
collapse_ratio,40,"[40, 525, 34]",1,1,"[525, 34]"
collapse_ratio,40,"[40, 525, 35]",9,9,"[525, 35]"
collapse_ratio,40,"[40, 525, 36]",1,1,"[525, 36]"
collapse_ratio,40,"[40, 525, 37]",1,1,"[525, 37]"
collapse_ratio,40,"[40, 525, 43]",206,206,"[525, 43]"
collapse_ratio,40,"[40, 525, 45]",5,5,"[525, 45]"
collapse_ratio,40,"[40, 525, 46]",4,4,"[525, 46]"
collapse_ratio,40,"[40, 525, 47]",28,28,"[525, 47]"
collapse_ratio,40,"[40, 525, 48]",1,1,"[525, 48]"
collapse_ratio,40,"[40, 525, 49]",64,64,"[525, 49]"
collapse_ratio,40,"[40, 525, 51]",100,100,"[525, 51]"
collapse_ratio,40,"[40, 525, 52]",69,69,"[525, 52]"
collapse_ratio,40,"[40, 525, 53]",127,127,"[525, 53]"
collapse_ratio,40,"[40, 525, 54]",42,42,"[525, 54]"
collapse_ratio,40,"[40, 525, 55]",38,38,"[525, 55]"
collapse_ratio,40,"[40, 525, 56]",85,85,"[525, 56]"
collapse_ratio,40,"[40, 525, 57]",161,161,"[525, 57]"
collapse_ratio,40,"[40, 525, 58]",45,45,"[525, 58]"
collapse_ratio,40,"[40, 525, 59]",31,31,"[525, 59]"
collapse_ratio,40,"[40, 525, 60]",76,76,"[525, 60]"
collapse_ratio,40,"[40, 525, 61]",24,24,"[525, 61]"
collapse_ratio,40,"[40, 525, 62]",205,205,"[525, 62]"
collapse_ratio,40,"[40, 525, 63]",31,31,"[525, 63]"
collapse_ratio,40,"[40, 525, 64]",76,76,"[525, 64]"
collapse_ratio,40,"[40, 525, 65]",32,32,"[525, 65]"
collapse_ratio,40,"[40, 525, 67]",17,17,"[525, 67]"
collapse_ratio,40,"[40, 525, 68]",3,3,"[525, 68]"
collapse_ratio,40,"[40, 525, 69]",2,2,"[525, 69]"
collapse_ratio,40,"[40, 525, 71]",6,6,"[525, 71]"
collapse_ratio,40,"[40, 525, 72]",6,6,"[525, 72]"
collapse_ratio,40,"[40, 525, 73]",4,4,"[525, 73]"
collapse_ratio,40,"[40, 525, 74]",3,3,"[525, 74]"
collapse_ratio,40,"[40, 525, 75]",4,4,"[525, 75]"
collapse_ratio,40,"[40, 525, 77]",2,2,"[525, 77]"
collapse_ratio,40,"[40, 525, 79]",1,1,"[525, 79]"
collapse_ratio,40,"[40, 525, 80]",2,2,"[525, 80]"
collapse_ratio,40,"[40, 525, 81]",1,1,"[525, 81]"
collapse_ratio,40,"[40, 525, 82]",4,4,"[525, 82]"
collapse_ratio,40,"[40, 525, 85]",2,2,"[525, 85]"
collapse_ratio,40,"[40, 525, 130]",7,7,"[525, 130]"
collapse_ratio,40,"[40, 525, 131]",9,9,"[525, 131]"
collapse_ratio,40,"[40, 525, 132]",8,8,"[525, 132]"
collapse_ratio,40,"[40, 525, 133]",10,10,"[525, 133]"
collapse_ratio,40,"[40, 525, 134]",11,11,"[525, 134]"
collapse_ratio,40,"[40, 525, 135]",13,13,"[525, 135]"
collapse_ratio,40,"[40, 525, 136]",2,2,"[525, 136]"
collapse_ratio,40,"[40, 525, 138]",2,2,"[525, 138]"
collapse_ratio,40,"[40, 525, 139]",1,1,"[525, 139]"
collapse_ratio,40,"[40, 525, 142]",2,2,"[525, 142]"
collapse_ratio,40,"[40, 525, 146]",2,2,"[525, 146]"
collapse_ratio,40,"[40, 525, 149]",1,1,"[525, 149]"
collapse_ratio,40,"[40, 525, 150]",1,1,"[525, 150]"
collapse_ratio,40,"[40, 550, 29]",7,7,"[550, 29]"
collapse_ratio,40,"[40, 550, 30]",1,1,"[550, 30]"
collapse_ratio,40,"[40, 550, 31]",7,7,"[550, 31]"
collapse_ratio,40,"[40, 550, 32]",6,6,"[550, 32]"
collapse_ratio,40,"[40, 550, 33]",2,2,"[550, 33]"
collapse_ratio,40,"[40, 550, 34]",6,6,"[550, 34]"
collapse_ratio,40,"[40, 550, 35]",5,5,"[550, 35]"
collapse_ratio,40,"[40, 550, 36]",1,1,"[550, 36]"
collapse_ratio,40,"[40, 550, 37]",1,1,"[550, 37]"
collapse_ratio,40,"[40, 550, 39]",2,2,"[550, 39]"
collapse_ratio,40,"[40, 550, 45]",38,38,"[550, 45]"
collapse_ratio,40,"[40, 550, 46]",51,51,"[550, 46]"
collapse_ratio,40,"[40, 550, 47]",5,5,"[550, 47]"
collapse_ratio,40,"[40, 550, 48]",7,7,"[550, 48]"
collapse_ratio,40,"[40, 550, 49]",72,72,"[550, 49]"
collapse_ratio,40,"[40, 550, 50]",34,34,"[550, 50]"
collapse_ratio,40,"[40, 550, 51]",12,12,"[550, 51]"
collapse_ratio,40,"[40, 550, 52]",26,26,"[550, 52]"
collapse_ratio,40,"[40, 550, 53]",22,22,"[550, 53]"
collapse_ratio,40,"[40, 550, 54]",39,39,"[550, 54]"
collapse_ratio,40,"[40, 550, 55]",20,20,"[550, 55]"
collapse_ratio,40,"[40, 550, 56]",37,37,"[550, 56]"
collapse_ratio,40,"[40, 550, 57]",43,43,"[550, 57]"
collapse_ratio,40,"[40, 550, 58]",282,282,"[550, 58]"
collapse_ratio,40,"[40, 550, 59]",204,204,"[550, 59]"
collapse_ratio,40,"[40, 550, 60]",267,267,"[550, 60]"
collapse_ratio,40,"[40, 550, 61]",356,356,"[550, 61]"
collapse_ratio,40,"[40, 550, 62]",21,21,"[550, 62]"
collapse_ratio,40,"[40, 550, 63]",25,25,"[550, 63]"
collapse_ratio,40,"[40, 550, 64]",15,15,"[550, 64]"
collapse_ratio,40,"[40, 550, 65]",20,20,"[550, 65]"
collapse_ratio,40,"[40, 550, 66]",34,34,"[550, 66]"
collapse_ratio,40,"[40, 550, 67]",65,65,"[550, 67]"
collapse_ratio,40,"[40, 550, 68]",64,64,"[550, 68]"
collapse_ratio,40,"[40, 550, 69]",8,8,"[550, 69]"
collapse_ratio,40,"[40, 550, 70]",27,27,"[550, 70]"
collapse_ratio,40,"[40, 550, 71]",10,10,"[550, 71]"
collapse_ratio,40,"[40, 550, 73]",4,4,"[550, 73]"
collapse_ratio,40,"[40, 550, 78]",1,1,"[550, 78]"
collapse_ratio,40,"[40, 550, 86]",4,4,"[550, 86]"
collapse_ratio,40,"[40, 550, 134]",1,1,"[550, 134]"
collapse_ratio,40,"[40, 550, 136]",9,9,"[550, 136]"
collapse_ratio,40,"[40, 550, 137]",15,15,"[550, 137]"
collapse_ratio,40,"[40, 550, 138]",9,9,"[550, 138]"
collapse_ratio,40,"[40, 550, 139]",9,9,"[550, 139]"
collapse_ratio,40,"[40, 550, 140]",11,11,"[550, 140]"
collapse_ratio,40,"[40, 550, 141]",9,9,"[550, 141]"
collapse_ratio,40,"[40, 550, 143]",10,10,"[550, 143]"
collapse_ratio,40,"[40, 550, 149]",2,2,"[550, 149]"
collapse_ratio,40,"[40, 550, 151]",1,1,"[550, 151]"
collapse_ratio,40,"[40, 550, 152]",2,2,"[550, 152]"
collapse_ratio,40,"[40, 550, 153]",2,2,"[550, 153]"
collapse_ratio,40,"[40, 550, 154]",2,2,"[550, 154]"
collapse_ratio,40,"[40, 550, 155]",1,1,"[550, 155]"
collapse_ratio,40,"[40, 550, 156]",5,5,"[550, 156]"
collapse_ratio,40,"[40, 550, 157]",2,2,"[550, 157]"
collapse_ratio,40,"[40, 550, 158]",2,2,"[550, 158]"
collapse_ratio,40,"[40, 575, 25]",1,1,"[575, 25]"
collapse_ratio,40,"[40, 575, 28]",4,4,"[575, 28]"
collapse_ratio,40,"[40, 575, 30]",3,3,"[575, 30]"
collapse_ratio,40,"[40, 575, 32]",7,7,"[575, 32]"
collapse_ratio,40,"[40, 575, 33]",25,25,"[575, 33]"
collapse_ratio,40,"[40, 575, 35]",4,4,"[575, 35]"
collapse_ratio,40,"[40, 575, 37]",6,6,"[575, 37]"
collapse_ratio,40,"[40, 575, 39]",14,14,"[575, 39]"
collapse_ratio,40,"[40, 575, 41]",1,1,"[575, 41]"
collapse_ratio,40,"[40, 575, 46]",3,3,"[575, 46]"
collapse_ratio,40,"[40, 575, 47]",77,77,"[575, 47]"
collapse_ratio,40,"[40, 575, 48]",2,2,"[575, 48]"
collapse_ratio,40,"[40, 575, 49]",16,16,"[575, 49]"
collapse_ratio,40,"[40, 575, 50]",45,45,"[575, 50]"
collapse_ratio,40,"[40, 575, 51]",107,107,"[575, 51]"
collapse_ratio,40,"[40, 575, 52]",38,38,"[575, 52]"
collapse_ratio,40,"[40, 575, 53]",2,2,"[575, 53]"
collapse_ratio,40,"[40, 575, 54]",36,36,"[575, 54]"
collapse_ratio,40,"[40, 575, 55]",264,264,"[575, 55]"
collapse_ratio,40,"[40, 575, 56]",62,62,"[575, 56]"
collapse_ratio,40,"[40, 575, 57]",133,133,"[575, 57]"
collapse_ratio,40,"[40, 575, 58]",9,9,"[575, 58]"
collapse_ratio,40,"[40, 575, 59]",181,181,"[575, 59]"
collapse_ratio,40,"[40, 575, 60]",58,58,"[575, 60]"
collapse_ratio,40,"[40, 575, 61]",51,51,"[575, 61]"
collapse_ratio,40,"[40, 575, 62]",203,203,"[575, 62]"
collapse_ratio,40,"[40, 575, 63]",47,47,"[575, 63]"
collapse_ratio,40,"[40, 575, 64]",396,396,"[575, 64]"
collapse_ratio,40,"[40, 575, 65]",945,945,"[575, 65]"
collapse_ratio,40,"[40, 575, 66]",331,331,"[575, 66]"
collapse_ratio,40,"[40, 575, 67]",60,60,"[575, 67]"
collapse_ratio,40,"[40, 575, 68]",1,1,"[575, 68]"
collapse_ratio,40,"[40, 575, 69]",78,78,"[575, 69]"
collapse_ratio,40,"[40, 575, 70]",44,44,"[575, 70]"
collapse_ratio,40,"[40, 575, 71]",35,35,"[575, 71]"
collapse_ratio,40,"[40, 575, 72]",3,3,"[575, 72]"
collapse_ratio,40,"[40, 575, 73]",15,15,"[575, 73]"
collapse_ratio,40,"[40, 575, 74]",23,23,"[575, 74]"
collapse_ratio,40,"[40, 575, 75]",1,1,"[575, 75]"
collapse_ratio,40,"[40, 575, 76]",1,1,"[575, 76]"
collapse_ratio,40,"[40, 575, 85]",1,1,"[575, 85]"
collapse_ratio,40,"[40, 575, 142]",11,11,"[575, 142]"
collapse_ratio,40,"[40, 575, 143]",3,3,"[575, 143]"
collapse_ratio,40,"[40, 575, 144]",11,11,"[575, 144]"
collapse_ratio,40,"[40, 575, 145]",15,15,"[575, 145]"
collapse_ratio,40,"[40, 575, 146]",14,14,"[575, 146]"
collapse_ratio,40,"[40, 575, 147]",15,15,"[575, 147]"
collapse_ratio,40,"[40, 575, 148]",4,4,"[575, 148]"
collapse_ratio,40,"[40, 575, 149]",14,14,"[575, 149]"
collapse_ratio,40,"[40, 575, 150]",3,3,"[575, 150]"
collapse_ratio,40,"[40, 575, 151]",1,1,"[575, 151]"
collapse_ratio,40,"[40, 575, 152]",2,2,"[575, 152]"
collapse_ratio,40,"[40, 575, 153]",4,4,"[575, 153]"
collapse_ratio,40,"[40, 575, 154]",4,4,"[575, 154]"
collapse_ratio,40,"[40, 575, 155]",4,4,"[575, 155]"
collapse_ratio,40,"[40, 575, 156]",4,4,"[575, 156]"
collapse_ratio,40,"[40, 575, 158]",5,5,"[575, 158]"
collapse_ratio,40,"[40, 575, 159]",4,4,"[575, 159]"
collapse_ratio,40,"[40, 575, 160]",11,11,"[575, 160]"
collapse_ratio,40,"[40, 575, 161]",3,3,"[575, 161]"
collapse_ratio,40,"[40, 575, 162]",2,2,"[575, 162]"
collapse_ratio,40,"[40, 575, 163]",2,2,"[575, 163]"
collapse_ratio,40,"[40, 575, 164]",12,12,"[575, 164]"
collapse_ratio,40,"[40, 575, 165]",5,5,"[575, 165]"
collapse_ratio,40,"[40, 575, 166]",2,2,"[575, 166]"
collapse_ratio,40,"[40, 575, 168]",2,2,"[575, 168]"
collapse_ratio,40,"[40, 600, 27]",1,1,"[600, 27]"
collapse_ratio,40,"[40, 600, 31]",23,23,"[600, 31]"
collapse_ratio,40,"[40, 600, 33]",2,2,"[600, 33]"
collapse_ratio,40,"[40, 600, 35]",44,44,"[600, 35]"
collapse_ratio,40,"[40, 600, 36]",20,20,"[600, 36]"
collapse_ratio,40,"[40, 600, 37]",18,18,"[600, 37]"
collapse_ratio,40,"[40, 600, 39]",12,12,"[600, 39]"
collapse_ratio,40,"[40, 600, 40]",11,11,"[600, 40]"
collapse_ratio,40,"[40, 600, 41]",1,1,"[600, 41]"
collapse_ratio,40,"[40, 600, 42]",1,1,"[600, 42]"
collapse_ratio,40,"[40, 600, 43]",2,2,"[600, 43]"
collapse_ratio,40,"[40, 600, 44]",2,2,"[600, 44]"
collapse_ratio,40,"[40, 600, 45]",2,2,"[600, 45]"
collapse_ratio,40,"[40, 600, 48]",4,4,"[600, 48]"
collapse_ratio,40,"[40, 600, 49]",68,68,"[600, 49]"
collapse_ratio,40,"[40, 600, 50]",4,4,"[600, 50]"
collapse_ratio,40,"[40, 600, 51]",6,6,"[600, 51]"
collapse_ratio,40,"[40, 600, 52]",14,14,"[600, 52]"
collapse_ratio,40,"[40, 600, 53]",51,51,"[600, 53]"
collapse_ratio,40,"[40, 600, 54]",32,32,"[600, 54]"
collapse_ratio,40,"[40, 600, 55]",12,12,"[600, 55]"
collapse_ratio,40,"[40, 600, 56]",14,14,"[600, 56]"
collapse_ratio,40,"[40, 600, 57]",42,42,"[600, 57]"
collapse_ratio,40,"[40, 600, 58]",34,34,"[600, 58]"
collapse_ratio,40,"[40, 600, 59]",29,29,"[600, 59]"
collapse_ratio,40,"[40, 600, 60]",32,32,"[600, 60]"
collapse_ratio,40,"[40, 600, 61]",816,816,"[600, 61]"
collapse_ratio,40,"[40, 600, 62]",303,303,"[600, 62]"
collapse_ratio,40,"[40, 600, 63]",433,433,"[600, 63]"
collapse_ratio,40,"[40, 600, 64]",47,47,"[600, 64]"
collapse_ratio,40,"[40, 600, 65]",123,123,"[600, 65]"
collapse_ratio,40,"[40, 600, 66]",342,342,"[600, 66]"
collapse_ratio,40,"[40, 600, 67]",9,9,"[600, 67]"
collapse_ratio,40,"[40, 600, 68]",76,76,"[600, 68]"
collapse_ratio,40,"[40, 600, 69]",190,190,"[600, 69]"
collapse_ratio,40,"[40, 600, 70]",259,259,"[600, 70]"
collapse_ratio,40,"[40, 600, 71]",354,354,"[600, 71]"
collapse_ratio,40,"[40, 600, 72]",213,213,"[600, 72]"
collapse_ratio,40,"[40, 600, 73]",51,51,"[600, 73]"
collapse_ratio,40,"[40, 600, 78]",1,1,"[600, 78]"
collapse_ratio,40,"[40, 600, 80]",1,1,"[600, 80]"
collapse_ratio,40,"[40, 600, 148]",13,13,"[600, 148]"
collapse_ratio,40,"[40, 600, 149]",10,10,"[600, 149]"
collapse_ratio,40,"[40, 600, 150]",5,5,"[600, 150]"
collapse_ratio,40,"[40, 600, 151]",15,15,"[600, 151]"
collapse_ratio,40,"[40, 600, 152]",9,9,"[600, 152]"
collapse_ratio,40,"[40, 600, 153]",9,9,"[600, 153]"
collapse_ratio,40,"[40, 600, 154]",7,7,"[600, 154]"
collapse_ratio,40,"[40, 600, 155]",11,11,"[600, 155]"
collapse_ratio,40,"[40, 600, 156]",5,5,"[600, 156]"
collapse_ratio,40,"[40, 600, 157]",8,8,"[600, 157]"
collapse_ratio,40,"[40, 600, 158]",4,4,"[600, 158]"
collapse_ratio,40,"[40, 600, 160]",6,6,"[600, 160]"
collapse_ratio,40,"[40, 600, 161]",1,1,"[600, 161]"
collapse_ratio,40,"[40, 600, 162]",6,6,"[600, 162]"
collapse_ratio,40,"[40, 600, 165]",1,1,"[600, 165]"
collapse_ratio,40,"[40, 600, 168]",27,27,"[600, 168]"
collapse_ratio,40,"[40, 600, 169]",5,5,"[600, 169]"
collapse_ratio,40,"[40, 600, 170]",2,2,"[600, 170]"
collapse_ratio,40,"[40, 600, 171]",1,1,"[600, 171]"
collapse_ratio,40,"[40, 600, 172]",34,34,"[600, 172]"
collapse_ratio,40,"[40, 600, 173]",8,8,"[600, 173]"
collapse_ratio,40,"[40, 600, 175]",1,1,"[600, 175]"
collapse_ratio,40,"[40, 600, 176]",2,2,"[600, 176]"
collapse_ratio,40,"[40, 625, 30]",4,4,"[625, 30]"
collapse_ratio,40,"[40, 625, 32]",6,6,"[625, 32]"
collapse_ratio,40,"[40, 625, 33]",38,38,"[625, 33]"
collapse_ratio,40,"[40, 625, 34]",43,43,"[625, 34]"
collapse_ratio,40,"[40, 625, 35]",8,8,"[625, 35]"
collapse_ratio,40,"[40, 625, 36]",3,3,"[625, 36]"
collapse_ratio,40,"[40, 625, 37]",117,117,"[625, 37]"
collapse_ratio,40,"[40, 625, 38]",15,15,"[625, 38]"
collapse_ratio,40,"[40, 625, 40]",1,1,"[625, 40]"
collapse_ratio,40,"[40, 625, 42]",42,42,"[625, 42]"
collapse_ratio,40,"[40, 625, 46]",3,3,"[625, 46]"
collapse_ratio,40,"[40, 625, 47]",3,3,"[625, 47]"
collapse_ratio,40,"[40, 625, 50]",2,2,"[625, 50]"
collapse_ratio,40,"[40, 625, 51]",300,300,"[625, 51]"
collapse_ratio,40,"[40, 625, 52]",18,18,"[625, 52]"
collapse_ratio,40,"[40, 625, 53]",6,6,"[625, 53]"
collapse_ratio,40,"[40, 625, 54]",23,23,"[625, 54]"
collapse_ratio,40,"[40, 625, 55]",10,10,"[625, 55]"
collapse_ratio,40,"[40, 625, 56]",1,1,"[625, 56]"
collapse_ratio,40,"[40, 625, 57]",9,9,"[625, 57]"
collapse_ratio,40,"[40, 625, 58]",9,9,"[625, 58]"
collapse_ratio,40,"[40, 625, 59]",23,23,"[625, 59]"
collapse_ratio,40,"[40, 625, 60]",47,47,"[625, 60]"
collapse_ratio,40,"[40, 625, 61]",1,1,"[625, 61]"
collapse_ratio,40,"[40, 625, 62]",7,7,"[625, 62]"
collapse_ratio,40,"[40, 625, 64]",183,183,"[625, 64]"
collapse_ratio,40,"[40, 625, 66]",506,506,"[625, 66]"
collapse_ratio,40,"[40, 625, 67]",63,63,"[625, 67]"
collapse_ratio,40,"[40, 625, 68]",180,180,"[625, 68]"
collapse_ratio,40,"[40, 625, 69]",39,39,"[625, 69]"
collapse_ratio,40,"[40, 625, 70]",115,115,"[625, 70]"
collapse_ratio,40,"[40, 625, 71]",8,8,"[625, 71]"
collapse_ratio,40,"[40, 625, 72]",7,7,"[625, 72]"
collapse_ratio,40,"[40, 625, 74]",84,84,"[625, 74]"
collapse_ratio,40,"[40, 625, 75]",68,68,"[625, 75]"
collapse_ratio,40,"[40, 625, 76]",61,61,"[625, 76]"
collapse_ratio,40,"[40, 625, 77]",203,203,"[625, 77]"
collapse_ratio,40,"[40, 625, 78]",43,43,"[625, 78]"
collapse_ratio,40,"[40, 625, 79]",1,1,"[625, 79]"
collapse_ratio,40,"[40, 625, 81]",24,24,"[625, 81]"
collapse_ratio,40,"[40, 625, 83]",74,74,"[625, 83]"
collapse_ratio,40,"[40, 625, 93]",1,1,"[625, 93]"
collapse_ratio,40,"[40, 625, 99]",10,10,"[625, 99]"
collapse_ratio,40,"[40, 625, 154]",4,4,"[625, 154]"
collapse_ratio,40,"[40, 625, 156]",5,5,"[625, 156]"
collapse_ratio,40,"[40, 625, 157]",3,3,"[625, 157]"
collapse_ratio,40,"[40, 625, 158]",2,2,"[625, 158]"
collapse_ratio,40,"[40, 625, 159]",2,2,"[625, 159]"
collapse_ratio,40,"[40, 625, 161]",2,2,"[625, 161]"
collapse_ratio,40,"[40, 625, 169]",1,1,"[625, 169]"
collapse_ratio,40,"[40, 625, 173]",1,1,"[625, 173]"
collapse_ratio,40,"[40, 625, 174]",1,1,"[625, 174]"
collapse_ratio,40,"[40, 625, 175]",3,3,"[625, 175]"
collapse_ratio,40,"[40, 625, 176]",43,43,"[625, 176]"
collapse_ratio,40,"[40, 625, 177]",7,7,"[625, 177]"
collapse_ratio,40,"[40, 625, 179]",1,1,"[625, 179]"
collapse_ratio,40,"[40, 625, 181]",8,8,"[625, 181]"
collapse_ratio,40,"[40, 625, 183]",4,4,"[625, 183]"
collapse_ratio,40,"[40, 625, 185]",3,3,"[625, 185]"
collapse_ratio,40,"[40, 625, 187]",2,2,"[625, 187]"
collapse_ratio,40,"[40, 625, 189]",4,4,"[625, 189]"
collapse_ratio,40,"[40, 625, 190]",1,1,"[625, 190]"
collapse_ratio,40,"[40, 650, 30]",1,1,"[650, 30]"
collapse_ratio,40,"[40, 650, 32]",7,7,"[650, 32]"
collapse_ratio,40,"[40, 650, 34]",4,4,"[650, 34]"
collapse_ratio,40,"[40, 650, 36]",35,35,"[650, 36]"
collapse_ratio,40,"[40, 650, 38]",22,22,"[650, 38]"
collapse_ratio,40,"[40, 650, 39]",17,17,"[650, 39]"
collapse_ratio,40,"[40, 650, 40]",147,147,"[650, 40]"
collapse_ratio,40,"[40, 650, 41]",47,47,"[650, 41]"
collapse_ratio,40,"[40, 650, 42]",1,1,"[650, 42]"
collapse_ratio,40,"[40, 650, 43]",9,9,"[650, 43]"
collapse_ratio,40,"[40, 650, 44]",45,45,"[650, 44]"
collapse_ratio,40,"[40, 650, 45]",6,6,"[650, 45]"
collapse_ratio,40,"[40, 650, 48]",6,6,"[650, 48]"
collapse_ratio,40,"[40, 650, 49]",6,6,"[650, 49]"
collapse_ratio,40,"[40, 650, 53]",93,93,"[650, 53]"
collapse_ratio,40,"[40, 650, 54]",6,6,"[650, 54]"
collapse_ratio,40,"[40, 650, 55]",9,9,"[650, 55]"
collapse_ratio,40,"[40, 650, 56]",7,7,"[650, 56]"
collapse_ratio,40,"[40, 650, 57]",106,106,"[650, 57]"
collapse_ratio,40,"[40, 650, 58]",5,5,"[650, 58]"
collapse_ratio,40,"[40, 650, 60]",4,4,"[650, 60]"
collapse_ratio,40,"[40, 650, 61]",84,84,"[650, 61]"
collapse_ratio,40,"[40, 650, 63]",8,8,"[650, 63]"
collapse_ratio,40,"[40, 650, 64]",166,166,"[650, 64]"
collapse_ratio,40,"[40, 650, 65]",46,46,"[650, 65]"
collapse_ratio,40,"[40, 650, 66]",20,20,"[650, 66]"
collapse_ratio,40,"[40, 650, 67]",45,45,"[650, 67]"
collapse_ratio,40,"[40, 650, 68]",27,27,"[650, 68]"
collapse_ratio,40,"[40, 650, 69]",10,10,"[650, 69]"
collapse_ratio,40,"[40, 650, 72]",74,74,"[650, 72]"
collapse_ratio,40,"[40, 650, 73]",4,4,"[650, 73]"
collapse_ratio,40,"[40, 650, 75]",32,32,"[650, 75]"
collapse_ratio,40,"[40, 650, 76]",29,29,"[650, 76]"
collapse_ratio,40,"[40, 650, 77]",3,3,"[650, 77]"
collapse_ratio,40,"[40, 650, 78]",84,84,"[650, 78]"
collapse_ratio,40,"[40, 650, 81]",83,83,"[650, 81]"
collapse_ratio,40,"[40, 650, 82]",21,21,"[650, 82]"
collapse_ratio,40,"[40, 650, 84]",3,3,"[650, 84]"
collapse_ratio,40,"[40, 650, 87]",37,37,"[650, 87]"
collapse_ratio,40,"[40, 650, 89]",4,4,"[650, 89]"
collapse_ratio,40,"[40, 650, 158]",1,1,"[650, 158]"
collapse_ratio,40,"[40, 650, 159]",2,2,"[650, 159]"
collapse_ratio,40,"[40, 650, 160]",3,3,"[650, 160]"
collapse_ratio,40,"[40, 650, 162]",2,2,"[650, 162]"
collapse_ratio,40,"[40, 650, 163]",5,5,"[650, 163]"
collapse_ratio,40,"[40, 650, 165]",4,4,"[650, 165]"
collapse_ratio,40,"[40, 650, 167]",2,2,"[650, 167]"
collapse_ratio,40,"[40, 650, 173]",1,1,"[650, 173]"
collapse_ratio,40,"[40, 650, 177]",6,6,"[650, 177]"
collapse_ratio,40,"[40, 650, 178]",1,1,"[650, 178]"
collapse_ratio,40,"[40, 650, 179]",21,21,"[650, 179]"
collapse_ratio,40,"[40, 650, 180]",49,49,"[650, 180]"
collapse_ratio,40,"[40, 650, 182]",3,3,"[650, 182]"
collapse_ratio,40,"[40, 650, 183]",7,7,"[650, 183]"
collapse_ratio,40,"[40, 650, 184]",63,63,"[650, 184]"
collapse_ratio,40,"[40, 650, 185]",197,197,"[650, 185]"
collapse_ratio,40,"[40, 650, 186]",7,7,"[650, 186]"
collapse_ratio,40,"[40, 650, 187]",14,14,"[650, 187]"
collapse_ratio,40,"[40, 650, 188]",9,9,"[650, 188]"
collapse_ratio,40,"[40, 650, 189]",13,13,"[650, 189]"
collapse_ratio,40,"[40, 650, 190]",24,24,"[650, 190]"
collapse_ratio,40,"[40, 650, 191]",194,194,"[650, 191]"
collapse_ratio,40,"[40, 650, 193]",10,10,"[650, 193]"
collapse_ratio,40,"[40, 650, 194]",3,3,"[650, 194]"
collapse_ratio,40,"[40, 650, 195]",2,2,"[650, 195]"
collapse_ratio,40,"[40, 650, 197]",1,1,"[650, 197]"
collapse_ratio,40,"[40, 650, 198]",6,6,"[650, 198]"
collapse_ratio,40,"[40, 675, 31]",7,7,"[675, 31]"
collapse_ratio,40,"[40, 675, 33]",2,2,"[675, 33]"
collapse_ratio,40,"[40, 675, 35]",5,5,"[675, 35]"
collapse_ratio,40,"[40, 675, 37]",7,7,"[675, 37]"
collapse_ratio,40,"[40, 675, 39]",253,253,"[675, 39]"
collapse_ratio,40,"[40, 675, 41]",57,57,"[675, 41]"
collapse_ratio,40,"[40, 675, 43]",26,26,"[675, 43]"
collapse_ratio,40,"[40, 675, 44]",2,2,"[675, 44]"
collapse_ratio,40,"[40, 675, 45]",2,2,"[675, 45]"
collapse_ratio,40,"[40, 675, 46]",133,133,"[675, 46]"
collapse_ratio,40,"[40, 675, 47]",9,9,"[675, 47]"
collapse_ratio,40,"[40, 675, 48]",1,1,"[675, 48]"
collapse_ratio,40,"[40, 675, 49]",1,1,"[675, 49]"
collapse_ratio,40,"[40, 675, 50]",1,1,"[675, 50]"
collapse_ratio,40,"[40, 675, 55]",62,62,"[675, 55]"
collapse_ratio,40,"[40, 675, 56]",56,56,"[675, 56]"
collapse_ratio,40,"[40, 675, 57]",23,23,"[675, 57]"
collapse_ratio,40,"[40, 675, 58]",46,46,"[675, 58]"
collapse_ratio,40,"[40, 675, 59]",66,66,"[675, 59]"
collapse_ratio,40,"[40, 675, 60]",2,2,"[675, 60]"
collapse_ratio,40,"[40, 675, 61]",10,10,"[675, 61]"
collapse_ratio,40,"[40, 675, 62]",13,13,"[675, 62]"
collapse_ratio,40,"[40, 675, 63]",127,127,"[675, 63]"
collapse_ratio,40,"[40, 675, 64]",1,1,"[675, 64]"
collapse_ratio,40,"[40, 675, 65]",30,30,"[675, 65]"
collapse_ratio,40,"[40, 675, 66]",27,27,"[675, 66]"
collapse_ratio,40,"[40, 675, 67]",27,27,"[675, 67]"
collapse_ratio,40,"[40, 675, 68]",1,1,"[675, 68]"
collapse_ratio,40,"[40, 675, 69]",114,114,"[675, 69]"
collapse_ratio,40,"[40, 675, 70]",318,318,"[675, 70]"
collapse_ratio,40,"[40, 675, 71]",200,200,"[675, 71]"
collapse_ratio,40,"[40, 675, 72]",22,22,"[675, 72]"
collapse_ratio,40,"[40, 675, 74]",6,6,"[675, 74]"
collapse_ratio,40,"[40, 675, 75]",1,1,"[675, 75]"
collapse_ratio,40,"[40, 675, 77]",111,111,"[675, 77]"
collapse_ratio,40,"[40, 675, 78]",7,7,"[675, 78]"
collapse_ratio,40,"[40, 675, 81]",3,3,"[675, 81]"
collapse_ratio,40,"[40, 675, 93]",5,5,"[675, 93]"
collapse_ratio,40,"[40, 675, 96]",3,3,"[675, 96]"
collapse_ratio,40,"[40, 675, 99]",1,1,"[675, 99]"
collapse_ratio,40,"[40, 675, 100]",1,1,"[675, 100]"
collapse_ratio,40,"[40, 675, 101]",1,1,"[675, 101]"
collapse_ratio,40,"[40, 675, 165]",14,14,"[675, 165]"
collapse_ratio,40,"[40, 675, 169]",1,1,"[675, 169]"
collapse_ratio,40,"[40, 675, 171]",1,1,"[675, 171]"
collapse_ratio,40,"[40, 675, 172]",3,3,"[675, 172]"
collapse_ratio,40,"[40, 675, 173]",2,2,"[675, 173]"
collapse_ratio,40,"[40, 675, 177]",3,3,"[675, 177]"
collapse_ratio,40,"[40, 675, 181]",3,3,"[675, 181]"
collapse_ratio,40,"[40, 675, 183]",2,2,"[675, 183]"
collapse_ratio,40,"[40, 675, 184]",2,2,"[675, 184]"
collapse_ratio,40,"[40, 675, 185]",3,3,"[675, 185]"
collapse_ratio,40,"[40, 675, 186]",7,7,"[675, 186]"
collapse_ratio,40,"[40, 675, 187]",8,8,"[675, 187]"
collapse_ratio,40,"[40, 675, 188]",72,72,"[675, 188]"
collapse_ratio,40,"[40, 675, 189]",11,11,"[675, 189]"
collapse_ratio,40,"[40, 675, 190]",4,4,"[675, 190]"
collapse_ratio,40,"[40, 675, 191]",43,43,"[675, 191]"
collapse_ratio,40,"[40, 675, 192]",110,110,"[675, 192]"
collapse_ratio,40,"[40, 675, 193]",53,53,"[675, 193]"
collapse_ratio,40,"[40, 675, 194]",117,117,"[675, 194]"
collapse_ratio,40,"[40, 675, 195]",108,108,"[675, 195]"
collapse_ratio,40,"[40, 675, 196]",17,17,"[675, 196]"
collapse_ratio,40,"[40, 675, 197]",770,770,"[675, 197]"
collapse_ratio,40,"[40, 675, 199]",46,46,"[675, 199]"
collapse_ratio,40,"[40, 675, 200]",6,6,"[675, 200]"
collapse_ratio,40,"[40, 675, 201]",28,28,"[675, 201]"
collapse_ratio,40,"[40, 675, 202]",10,10,"[675, 202]"
collapse_ratio,40,"[40, 675, 203]",59,59,"[675, 203]"
collapse_ratio,40,"[40, 675, 205]",1,1,"[675, 205]"
collapse_ratio,40,"[40, 675, 209]",1,1,"[675, 209]"
collapse_ratio,40,"[40, 700, 34]",9,9,"[700, 34]"
collapse_ratio,40,"[40, 700, 36]",12,12,"[700, 36]"
collapse_ratio,40,"[40, 700, 38]",160,160,"[700, 38]"
collapse_ratio,40,"[40, 700, 39]",21,21,"[700, 39]"
collapse_ratio,40,"[40, 700, 41]",153,153,"[700, 41]"
collapse_ratio,40,"[40, 700, 42]",92,92,"[700, 42]"
collapse_ratio,40,"[40, 700, 43]",26,26,"[700, 43]"
collapse_ratio,40,"[40, 700, 45]",196,196,"[700, 45]"
collapse_ratio,40,"[40, 700, 47]",13,13,"[700, 47]"
collapse_ratio,40,"[40, 700, 49]",11,11,"[700, 49]"
collapse_ratio,40,"[40, 700, 51]",2,2,"[700, 51]"
collapse_ratio,40,"[40, 700, 52]",2,2,"[700, 52]"
collapse_ratio,40,"[40, 700, 53]",1,1,"[700, 53]"
collapse_ratio,40,"[40, 700, 56]",2,2,"[700, 56]"
collapse_ratio,40,"[40, 700, 57]",44,44,"[700, 57]"
collapse_ratio,40,"[40, 700, 58]",3,3,"[700, 58]"
collapse_ratio,40,"[40, 700, 60]",38,38,"[700, 60]"
collapse_ratio,40,"[40, 700, 61]",25,25,"[700, 61]"
collapse_ratio,40,"[40, 700, 62]",37,37,"[700, 62]"
collapse_ratio,40,"[40, 700, 63]",54,54,"[700, 63]"
collapse_ratio,40,"[40, 700, 64]",17,17,"[700, 64]"
collapse_ratio,40,"[40, 700, 65]",39,39,"[700, 65]"
collapse_ratio,40,"[40, 700, 66]",1,1,"[700, 66]"
collapse_ratio,40,"[40, 700, 67]",16,16,"[700, 67]"
collapse_ratio,40,"[40, 700, 68]",92,92,"[700, 68]"
collapse_ratio,40,"[40, 700, 69]",60,60,"[700, 69]"
collapse_ratio,40,"[40, 700, 70]",23,23,"[700, 70]"
collapse_ratio,40,"[40, 700, 71]",8,8,"[700, 71]"
collapse_ratio,40,"[40, 700, 72]",8,8,"[700, 72]"
collapse_ratio,40,"[40, 700, 75]",56,56,"[700, 75]"
collapse_ratio,40,"[40, 700, 76]",8,8,"[700, 76]"
collapse_ratio,40,"[40, 700, 78]",37,37,"[700, 78]"
collapse_ratio,40,"[40, 700, 79]",2,2,"[700, 79]"
collapse_ratio,40,"[40, 700, 80]",3,3,"[700, 80]"
collapse_ratio,40,"[40, 700, 81]",5,5,"[700, 81]"
collapse_ratio,40,"[40, 700, 82]",30,30,"[700, 82]"
collapse_ratio,40,"[40, 700, 83]",75,75,"[700, 83]"
collapse_ratio,40,"[40, 700, 84]",10,10,"[700, 84]"
collapse_ratio,40,"[40, 700, 86]",5,5,"[700, 86]"
collapse_ratio,40,"[40, 700, 89]",4,4,"[700, 89]"
collapse_ratio,40,"[40, 700, 90]",2,2,"[700, 90]"
collapse_ratio,40,"[40, 700, 112]",2,2,"[700, 112]"
collapse_ratio,40,"[40, 700, 175]",1,1,"[700, 175]"
collapse_ratio,40,"[40, 700, 176]",1,1,"[700, 176]"
collapse_ratio,40,"[40, 700, 180]",1,1,"[700, 180]"
collapse_ratio,40,"[40, 700, 181]",1,1,"[700, 181]"
collapse_ratio,40,"[40, 700, 182]",1,1,"[700, 182]"
collapse_ratio,40,"[40, 700, 185]",2,2,"[700, 185]"
collapse_ratio,40,"[40, 700, 187]",6,6,"[700, 187]"
collapse_ratio,40,"[40, 700, 188]",2,2,"[700, 188]"
collapse_ratio,40,"[40, 700, 189]",5,5,"[700, 189]"
collapse_ratio,40,"[40, 700, 190]",6,6,"[700, 190]"
collapse_ratio,40,"[40, 700, 191]",16,16,"[700, 191]"
collapse_ratio,40,"[40, 700, 192]",2,2,"[700, 192]"
collapse_ratio,40,"[40, 700, 193]",13,13,"[700, 193]"
collapse_ratio,40,"[40, 700, 194]",17,17,"[700, 194]"
collapse_ratio,40,"[40, 700, 195]",12,12,"[700, 195]"
collapse_ratio,40,"[40, 700, 196]",143,143,"[700, 196]"
collapse_ratio,40,"[40, 700, 197]",36,36,"[700, 197]"
collapse_ratio,40,"[40, 700, 198]",272,272,"[700, 198]"
collapse_ratio,40,"[40, 700, 199]",155,155,"[700, 199]"
collapse_ratio,40,"[40, 700, 200]",79,79,"[700, 200]"
collapse_ratio,40,"[40, 700, 201]",149,149,"[700, 201]"
collapse_ratio,40,"[40, 700, 202]",537,537,"[700, 202]"
collapse_ratio,40,"[40, 700, 203]",212,212,"[700, 203]"
collapse_ratio,40,"[40, 700, 204]",179,179,"[700, 204]"
collapse_ratio,40,"[40, 700, 205]",88,88,"[700, 205]"
collapse_ratio,40,"[40, 700, 206]",18,18,"[700, 206]"
collapse_ratio,40,"[40, 700, 207]",25,25,"[700, 207]"
collapse_ratio,40,"[40, 700, 208]",56,56,"[700, 208]"
collapse_ratio,40,"[40, 700, 209]",14,14,"[700, 209]"
collapse_ratio,40,"[40, 700, 210]",21,21,"[700, 210]"
collapse_ratio,40,"[40, 700, 211]",2,2,"[700, 211]"
collapse_ratio,40,"[40, 700, 213]",1,1,"[700, 213]"
collapse_ratio,40,"[40, 725, 33]",7,7,"[725, 33]"
collapse_ratio,40,"[40, 725, 35]",2,2,"[725, 35]"
collapse_ratio,40,"[40, 725, 37]",86,86,"[725, 37]"
collapse_ratio,40,"[40, 725, 40]",117,117,"[725, 40]"
collapse_ratio,40,"[40, 725, 42]",30,30,"[725, 42]"
collapse_ratio,40,"[40, 725, 44]",635,635,"[725, 44]"
collapse_ratio,40,"[40, 725, 46]",1,1,"[725, 46]"
collapse_ratio,40,"[40, 725, 47]",121,121,"[725, 47]"
collapse_ratio,40,"[40, 725, 48]",130,130,"[725, 48]"
collapse_ratio,40,"[40, 725, 49]",16,16,"[725, 49]"
collapse_ratio,40,"[40, 725, 50]",1,1,"[725, 50]"
collapse_ratio,40,"[40, 725, 51]",49,49,"[725, 51]"
collapse_ratio,40,"[40, 725, 53]",2,2,"[725, 53]"
collapse_ratio,40,"[40, 725, 58]",9,9,"[725, 58]"
collapse_ratio,40,"[40, 725, 59]",189,189,"[725, 59]"
collapse_ratio,40,"[40, 725, 60]",15,15,"[725, 60]"
collapse_ratio,40,"[40, 725, 62]",9,9,"[725, 62]"
collapse_ratio,40,"[40, 725, 65]",125,125,"[725, 65]"
collapse_ratio,40,"[40, 725, 66]",26,26,"[725, 66]"
collapse_ratio,40,"[40, 725, 67]",1,1,"[725, 67]"
collapse_ratio,40,"[40, 725, 68]",21,21,"[725, 68]"
collapse_ratio,40,"[40, 725, 69]",26,26,"[725, 69]"
collapse_ratio,40,"[40, 725, 70]",35,35,"[725, 70]"
collapse_ratio,40,"[40, 725, 71]",10,10,"[725, 71]"
collapse_ratio,40,"[40, 725, 72]",1,1,"[725, 72]"
collapse_ratio,40,"[40, 725, 73]",15,15,"[725, 73]"
collapse_ratio,40,"[40, 725, 74]",21,21,"[725, 74]"
collapse_ratio,40,"[40, 725, 75]",8,8,"[725, 75]"
collapse_ratio,40,"[40, 725, 77]",2,2,"[725, 77]"
collapse_ratio,40,"[40, 725, 80]",2,2,"[725, 80]"
collapse_ratio,40,"[40, 725, 84]",30,30,"[725, 84]"
collapse_ratio,40,"[40, 725, 85]",1,1,"[725, 85]"
collapse_ratio,40,"[40, 725, 87]",5,5,"[725, 87]"
collapse_ratio,40,"[40, 725, 88]",4,4,"[725, 88]"
collapse_ratio,40,"[40, 725, 93]",1,1,"[725, 93]"
collapse_ratio,40,"[40, 725, 95]",1,1,"[725, 95]"
collapse_ratio,40,"[40, 725, 96]",1,1,"[725, 96]"
collapse_ratio,40,"[40, 725, 102]",2,2,"[725, 102]"
collapse_ratio,40,"[40, 725, 116]",1,1,"[725, 116]"
collapse_ratio,40,"[40, 725, 186]",1,1,"[725, 186]"
collapse_ratio,40,"[40, 725, 198]",12,12,"[725, 198]"
collapse_ratio,40,"[40, 725, 199]",19,19,"[725, 199]"
collapse_ratio,40,"[40, 725, 200]",148,148,"[725, 200]"
collapse_ratio,40,"[40, 725, 201]",5,5,"[725, 201]"
collapse_ratio,40,"[40, 725, 203]",47,47,"[725, 203]"
collapse_ratio,40,"[40, 725, 204]",63,63,"[725, 204]"
collapse_ratio,40,"[40, 725, 205]",194,194,"[725, 205]"
collapse_ratio,40,"[40, 725, 206]",962,962,"[725, 206]"
collapse_ratio,40,"[40, 725, 207]",344,344,"[725, 207]"
collapse_ratio,40,"[40, 725, 208]",1823,1823,"[725, 208]"
collapse_ratio,40,"[40, 725, 209]",238,238,"[725, 209]"
collapse_ratio,40,"[40, 725, 210]",1596,1596,"[725, 210]"
collapse_ratio,40,"[40, 725, 211]",1486,1486,"[725, 211]"
collapse_ratio,40,"[40, 725, 213]",1237,1237,"[725, 213]"
collapse_ratio,40,"[40, 725, 218]",752,752,"[725, 218]"
collapse_ratio,40,"[40, 725, 219]",6,6,"[725, 219]"
collapse_ratio,40,"[40, 725, 224]",59,59,"[725, 224]"
collapse_ratio,40,"[40, 725, 225]",2,2,"[725, 225]"
collapse_ratio,40,"[40, 750, 34]",3,3,"[750, 34]"
collapse_ratio,40,"[40, 750, 36]",66,66,"[750, 36]"
collapse_ratio,40,"[40, 750, 39]",25,25,"[750, 39]"
collapse_ratio,40,"[40, 750, 41]",10,10,"[750, 41]"
collapse_ratio,40,"[40, 750, 43]",766,766,"[750, 43]"
collapse_ratio,40,"[40, 750, 45]",75,75,"[750, 45]"
collapse_ratio,40,"[40, 750, 46]",257,257,"[750, 46]"
collapse_ratio,40,"[40, 750, 48]",3,3,"[750, 48]"
collapse_ratio,40,"[40, 750, 50]",496,496,"[750, 50]"
collapse_ratio,40,"[40, 750, 51]",19,19,"[750, 51]"
collapse_ratio,40,"[40, 750, 53]",7,7,"[750, 53]"
collapse_ratio,40,"[40, 750, 54]",10,10,"[750, 54]"
collapse_ratio,40,"[40, 750, 55]",4,4,"[750, 55]"
collapse_ratio,40,"[40, 750, 57]",7,7,"[750, 57]"
collapse_ratio,40,"[40, 750, 60]",2,2,"[750, 60]"
collapse_ratio,40,"[40, 750, 61]",32,32,"[750, 61]"
collapse_ratio,40,"[40, 750, 63]",7,7,"[750, 63]"
collapse_ratio,40,"[40, 750, 64]",25,25,"[750, 64]"
collapse_ratio,40,"[40, 750, 65]",1,1,"[750, 65]"
collapse_ratio,40,"[40, 750, 66]",1,1,"[750, 66]"
collapse_ratio,40,"[40, 750, 67]",46,46,"[750, 67]"
collapse_ratio,40,"[40, 750, 68]",16,16,"[750, 68]"
collapse_ratio,40,"[40, 750, 69]",45,45,"[750, 69]"
collapse_ratio,40,"[40, 750, 71]",89,89,"[750, 71]"
collapse_ratio,40,"[40, 750, 72]",104,104,"[750, 72]"
collapse_ratio,40,"[40, 750, 73]",4,4,"[750, 73]"
collapse_ratio,40,"[40, 750, 74]",2,2,"[750, 74]"
collapse_ratio,40,"[40, 750, 75]",6,6,"[750, 75]"
collapse_ratio,40,"[40, 750, 77]",2,2,"[750, 77]"
collapse_ratio,40,"[40, 750, 78]",19,19,"[750, 78]"
collapse_ratio,40,"[40, 750, 79]",4,4,"[750, 79]"
collapse_ratio,40,"[40, 750, 81]",1,1,"[750, 81]"
collapse_ratio,40,"[40, 750, 85]",17,17,"[750, 85]"
collapse_ratio,40,"[40, 750, 86]",8,8,"[750, 86]"
collapse_ratio,40,"[40, 750, 88]",1,1,"[750, 88]"
collapse_ratio,40,"[40, 750, 89]",5,5,"[750, 89]"
collapse_ratio,40,"[40, 750, 90]",19,19,"[750, 90]"
collapse_ratio,40,"[40, 750, 92]",1,1,"[750, 92]"
collapse_ratio,40,"[40, 750, 95]",4,4,"[750, 95]"
collapse_ratio,40,"[40, 750, 96]",18,18,"[750, 96]"
collapse_ratio,40,"[40, 750, 99]",4,4,"[750, 99]"
collapse_ratio,40,"[40, 750, 105]",4,4,"[750, 105]"
collapse_ratio,40,"[40, 750, 106]",2,2,"[750, 106]"
collapse_ratio,40,"[40, 750, 108]",2,2,"[750, 108]"
collapse_ratio,40,"[40, 750, 111]",3,3,"[750, 111]"
collapse_ratio,40,"[40, 750, 122]",2,2,"[750, 122]"
collapse_ratio,40,"[40, 750, 132]",1,1,"[750, 132]"
collapse_ratio,40,"[40, 750, 192]",1,1,"[750, 192]"
collapse_ratio,40,"[40, 750, 207]",20,20,"[750, 207]"
collapse_ratio,40,"[40, 750, 208]",7,7,"[750, 208]"
collapse_ratio,40,"[40, 750, 209]",8,8,"[750, 209]"
collapse_ratio,40,"[40, 750, 210]",5,5,"[750, 210]"
collapse_ratio,40,"[40, 750, 212]",77,77,"[750, 212]"
collapse_ratio,40,"[40, 750, 213]",613,613,"[750, 213]"
collapse_ratio,40,"[40, 750, 214]",139,139,"[750, 214]"
collapse_ratio,40,"[40, 750, 215]",84,84,"[750, 215]"
collapse_ratio,40,"[40, 750, 216]",225,225,"[750, 216]"
collapse_ratio,40,"[40, 750, 218]",22,22,"[750, 218]"
collapse_ratio,40,"[40, 750, 219]",2000,3421,"[750, 219]"
collapse_ratio,40,"[40, 750, 220]",204,204,"[750, 220]"
collapse_ratio,40,"[40, 750, 221]",217,217,"[750, 221]"
collapse_ratio,40,"[40, 750, 222]",64,64,"[750, 222]"
collapse_ratio,40,"[40, 750, 225]",2,2,"[750, 225]"
collapse_ratio,40,"[40, 750, 226]",2,2,"[750, 226]"
collapse_ratio,40,"[40, 750, 227]",71,71,"[750, 227]"
collapse_ratio,40,"[40, 750, 228]",8,8,"[750, 228]"
collapse_ratio,40,"[40, 750, 230]",1,1,"[750, 230]"
collapse_ratio,40,"[40, 775, 35]",11,11,"[775, 35]"
collapse_ratio,40,"[40, 775, 38]",76,76,"[775, 38]"
collapse_ratio,40,"[40, 775, 40]",26,26,"[775, 40]"
collapse_ratio,40,"[40, 775, 42]",453,453,"[775, 42]"
collapse_ratio,40,"[40, 775, 43]",62,62,"[775, 43]"
collapse_ratio,40,"[40, 775, 45]",417,417,"[775, 45]"
collapse_ratio,40,"[40, 775, 47]",205,205,"[775, 47]"
collapse_ratio,40,"[40, 775, 49]",622,622,"[775, 49]"
collapse_ratio,40,"[40, 775, 52]",233,233,"[775, 52]"
collapse_ratio,40,"[40, 775, 54]",2,2,"[775, 54]"
collapse_ratio,40,"[40, 775, 55]",103,103,"[775, 55]"
collapse_ratio,40,"[40, 775, 56]",33,33,"[775, 56]"
collapse_ratio,40,"[40, 775, 59]",2,2,"[775, 59]"
collapse_ratio,40,"[40, 775, 62]",5,5,"[775, 62]"
collapse_ratio,40,"[40, 775, 63]",46,46,"[775, 63]"
collapse_ratio,40,"[40, 775, 66]",50,50,"[775, 66]"
collapse_ratio,40,"[40, 775, 67]",18,18,"[775, 67]"
collapse_ratio,40,"[40, 775, 69]",107,107,"[775, 69]"
collapse_ratio,40,"[40, 775, 70]",130,130,"[775, 70]"
collapse_ratio,40,"[40, 775, 73]",12,12,"[775, 73]"
collapse_ratio,40,"[40, 775, 74]",3,3,"[775, 74]"
collapse_ratio,40,"[40, 775, 75]",29,29,"[775, 75]"
collapse_ratio,40,"[40, 775, 76]",62,62,"[775, 76]"
collapse_ratio,40,"[40, 775, 77]",29,29,"[775, 77]"
collapse_ratio,40,"[40, 775, 78]",1,1,"[775, 78]"
collapse_ratio,40,"[40, 775, 79]",41,41,"[775, 79]"
collapse_ratio,40,"[40, 775, 80]",1,1,"[775, 80]"
collapse_ratio,40,"[40, 775, 81]",51,51,"[775, 81]"
collapse_ratio,40,"[40, 775, 83]",15,15,"[775, 83]"
collapse_ratio,40,"[40, 775, 84]",24,24,"[775, 84]"
collapse_ratio,40,"[40, 775, 85]",8,8,"[775, 85]"
collapse_ratio,40,"[40, 775, 87]",1,1,"[775, 87]"
collapse_ratio,40,"[40, 775, 90]",12,12,"[775, 90]"
collapse_ratio,40,"[40, 775, 91]",3,3,"[775, 91]"
collapse_ratio,40,"[40, 775, 94]",2,2,"[775, 94]"
collapse_ratio,40,"[40, 775, 95]",4,4,"[775, 95]"
collapse_ratio,40,"[40, 775, 100]",2,2,"[775, 100]"
collapse_ratio,40,"[40, 775, 112]",2,2,"[775, 112]"
collapse_ratio,40,"[40, 775, 118]",4,4,"[775, 118]"
collapse_ratio,40,"[40, 775, 124]",2,2,"[775, 124]"
collapse_ratio,40,"[40, 775, 196]",1,1,"[775, 196]"
collapse_ratio,40,"[40, 775, 207]",2,2,"[775, 207]"
collapse_ratio,40,"[40, 775, 209]",2,2,"[775, 209]"
collapse_ratio,40,"[40, 775, 210]",1,1,"[775, 210]"
collapse_ratio,40,"[40, 775, 213]",2,2,"[775, 213]"
collapse_ratio,40,"[40, 775, 214]",2,2,"[775, 214]"
collapse_ratio,40,"[40, 775, 215]",2,2,"[775, 215]"
collapse_ratio,40,"[40, 775, 216]",19,19,"[775, 216]"
collapse_ratio,40,"[40, 775, 217]",16,16,"[775, 217]"
collapse_ratio,40,"[40, 775, 218]",56,56,"[775, 218]"
collapse_ratio,40,"[40, 775, 219]",64,64,"[775, 219]"
collapse_ratio,40,"[40, 775, 220]",34,34,"[775, 220]"
collapse_ratio,40,"[40, 775, 222]",47,47,"[775, 222]"
collapse_ratio,40,"[40, 775, 223]",7,7,"[775, 223]"
collapse_ratio,40,"[40, 775, 224]",49,49,"[775, 224]"
collapse_ratio,40,"[40, 775, 225]",14,14,"[775, 225]"
collapse_ratio,40,"[40, 775, 226]",7,7,"[775, 226]"
collapse_ratio,40,"[40, 775, 228]",2,2,"[775, 228]"
collapse_ratio,40,"[40, 800, 37]",7,7,"[800, 37]"
collapse_ratio,40,"[40, 800, 39]",9,9,"[800, 39]"
collapse_ratio,40,"[40, 800, 41]",226,226,"[800, 41]"
collapse_ratio,40,"[40, 800, 44]",383,383,"[800, 44]"
collapse_ratio,40,"[40, 800, 46]",10,10,"[800, 46]"
collapse_ratio,40,"[40, 800, 48]",2000,2149,"[800, 48]"
collapse_ratio,40,"[40, 800, 49]",527,527,"[800, 49]"
collapse_ratio,40,"[40, 800, 51]",226,226,"[800, 51]"
collapse_ratio,40,"[40, 800, 53]",79,79,"[800, 53]"
collapse_ratio,40,"[40, 800, 54]",1841,1841,"[800, 54]"
collapse_ratio,40,"[40, 800, 58]",25,25,"[800, 58]"
collapse_ratio,40,"[40, 800, 60]",1,1,"[800, 60]"
collapse_ratio,40,"[40, 800, 61]",5,5,"[800, 61]"
collapse_ratio,40,"[40, 800, 64]",5,5,"[800, 64]"
collapse_ratio,40,"[40, 800, 65]",48,48,"[800, 65]"
collapse_ratio,40,"[40, 800, 66]",63,63,"[800, 66]"
collapse_ratio,40,"[40, 800, 68]",115,115,"[800, 68]"
collapse_ratio,40,"[40, 800, 69]",20,20,"[800, 69]"
collapse_ratio,40,"[40, 800, 70]",10,10,"[800, 70]"
collapse_ratio,40,"[40, 800, 71]",49,49,"[800, 71]"
collapse_ratio,40,"[40, 800, 72]",61,61,"[800, 72]"
collapse_ratio,40,"[40, 800, 73]",11,11,"[800, 73]"
collapse_ratio,40,"[40, 800, 74]",103,103,"[800, 74]"
collapse_ratio,40,"[40, 800, 75]",93,93,"[800, 75]"
collapse_ratio,40,"[40, 800, 76]",1,1,"[800, 76]"
collapse_ratio,40,"[40, 800, 78]",20,20,"[800, 78]"
collapse_ratio,40,"[40, 800, 79]",35,35,"[800, 79]"
collapse_ratio,40,"[40, 800, 81]",56,56,"[800, 81]"
collapse_ratio,40,"[40, 800, 82]",54,54,"[800, 82]"
collapse_ratio,40,"[40, 800, 83]",2,2,"[800, 83]"
collapse_ratio,40,"[40, 800, 84]",16,16,"[800, 84]"
collapse_ratio,40,"[40, 800, 85]",29,29,"[800, 85]"
collapse_ratio,40,"[40, 800, 87]",35,35,"[800, 87]"
collapse_ratio,40,"[40, 800, 88]",33,33,"[800, 88]"
collapse_ratio,40,"[40, 800, 89]",28,28,"[800, 89]"
collapse_ratio,40,"[40, 800, 91]",11,11,"[800, 91]"
collapse_ratio,40,"[40, 800, 93]",16,16,"[800, 93]"
collapse_ratio,40,"[40, 800, 95]",53,53,"[800, 95]"
collapse_ratio,40,"[40, 800, 96]",17,17,"[800, 96]"
collapse_ratio,40,"[40, 800, 97]",1,1,"[800, 97]"
collapse_ratio,40,"[40, 800, 98]",5,5,"[800, 98]"
collapse_ratio,40,"[40, 800, 99]",5,5,"[800, 99]"
collapse_ratio,40,"[40, 800, 101]",23,23,"[800, 101]"
collapse_ratio,40,"[40, 800, 120]",1,1,"[800, 120]"
collapse_ratio,40,"[40, 800, 130]",1,1,"[800, 130]"
collapse_ratio,40,"[40, 800, 136]",1,1,"[800, 136]"
collapse_ratio,40,"[40, 800, 216]",4,4,"[800, 216]"
collapse_ratio,40,"[40, 800, 218]",14,14,"[800, 218]"
collapse_ratio,40,"[40, 800, 219]",7,7,"[800, 219]"
collapse_ratio,40,"[40, 800, 220]",5,5,"[800, 220]"
collapse_ratio,40,"[40, 800, 221]",8,8,"[800, 221]"
collapse_ratio,40,"[40, 800, 222]",19,19,"[800, 222]"
collapse_ratio,40,"[40, 800, 224]",5,5,"[800, 224]"
collapse_ratio,40,"[40, 800, 226]",2,2,"[800, 226]"
collapse_ratio,40,"[40, 800, 230]",1,1,"[800, 230]"
collapse_ratio,40,"[40, 825, 40]",375,375,"[825, 40]"
collapse_ratio,40,"[40, 825, 43]",34,34,"[825, 43]"
collapse_ratio,40,"[40, 825, 45]",27,27,"[825, 45]"
collapse_ratio,40,"[40, 825, 47]",2000,2130,"[825, 47]"
collapse_ratio,40,"[40, 825, 50]",278,278,"[825, 50]"
collapse_ratio,40,"[40, 825, 52]",2,2,"[825, 52]"
collapse_ratio,40,"[40, 825, 53]",1549,1549,"[825, 53]"
collapse_ratio,40,"[40, 825, 55]",85,85,"[825, 55]"
collapse_ratio,40,"[40, 825, 56]",353,353,"[825, 56]"
collapse_ratio,40,"[40, 825, 57]",30,30,"[825, 57]"
collapse_ratio,40,"[40, 825, 58]",2,2,"[825, 58]"
collapse_ratio,40,"[40, 825, 60]",149,149,"[825, 60]"
collapse_ratio,40,"[40, 825, 61]",8,8,"[825, 61]"
collapse_ratio,40,"[40, 825, 63]",3,3,"[825, 63]"
collapse_ratio,40,"[40, 825, 66]",21,21,"[825, 66]"
collapse_ratio,40,"[40, 825, 67]",201,201,"[825, 67]"
collapse_ratio,40,"[40, 825, 70]",40,40,"[825, 70]"
collapse_ratio,40,"[40, 825, 71]",56,56,"[825, 71]"
collapse_ratio,40,"[40, 825, 72]",56,56,"[825, 72]"
collapse_ratio,40,"[40, 825, 73]",143,143,"[825, 73]"
collapse_ratio,40,"[40, 825, 75]",6,6,"[825, 75]"
collapse_ratio,40,"[40, 825, 76]",48,48,"[825, 76]"
collapse_ratio,40,"[40, 825, 77]",11,11,"[825, 77]"
collapse_ratio,40,"[40, 825, 78]",23,23,"[825, 78]"
collapse_ratio,40,"[40, 825, 79]",65,65,"[825, 79]"
collapse_ratio,40,"[40, 825, 80]",74,74,"[825, 80]"
collapse_ratio,40,"[40, 825, 81]",16,16,"[825, 81]"
collapse_ratio,40,"[40, 825, 83]",9,9,"[825, 83]"
collapse_ratio,40,"[40, 825, 85]",31,31,"[825, 85]"
collapse_ratio,40,"[40, 825, 86]",90,90,"[825, 86]"
collapse_ratio,40,"[40, 825, 87]",46,46,"[825, 87]"
collapse_ratio,40,"[40, 825, 89]",1,1,"[825, 89]"
collapse_ratio,40,"[40, 825, 90]",8,8,"[825, 90]"
collapse_ratio,40,"[40, 825, 91]",1,1,"[825, 91]"
collapse_ratio,40,"[40, 825, 93]",19,19,"[825, 93]"
collapse_ratio,40,"[40, 825, 94]",33,33,"[825, 94]"
collapse_ratio,40,"[40, 825, 96]",3,3,"[825, 96]"
collapse_ratio,40,"[40, 825, 97]",7,7,"[825, 97]"
collapse_ratio,40,"[40, 825, 99]",25,25,"[825, 99]"
collapse_ratio,40,"[40, 825, 100]",19,19,"[825, 100]"
collapse_ratio,40,"[40, 825, 101]",4,4,"[825, 101]"
collapse_ratio,40,"[40, 825, 105]",8,8,"[825, 105]"
collapse_ratio,40,"[40, 825, 106]",8,8,"[825, 106]"
collapse_ratio,40,"[40, 825, 107]",8,8,"[825, 107]"
collapse_ratio,40,"[40, 825, 108]",2,2,"[825, 108]"
collapse_ratio,40,"[40, 825, 112]",9,9,"[825, 112]"
collapse_ratio,40,"[40, 825, 219]",4,4,"[825, 219]"
collapse_ratio,40,"[40, 825, 220]",4,4,"[825, 220]"
collapse_ratio,40,"[40, 825, 222]",4,4,"[825, 222]"
collapse_ratio,40,"[40, 825, 224]",7,7,"[825, 224]"
collapse_ratio,40,"[40, 825, 225]",4,4,"[825, 225]"
collapse_ratio,40,"[40, 825, 226]",4,4,"[825, 226]"
collapse_ratio,40,"[40, 825, 234]",2,2,"[825, 234]"
collapse_ratio,40,"[40, 850, 36]",1,1,"[850, 36]"
collapse_ratio,40,"[40, 850, 39]",32,32,"[850, 39]"
collapse_ratio,40,"[40, 850, 41]",7,7,"[850, 41]"
collapse_ratio,40,"[40, 850, 46]",1459,1459,"[850, 46]"
collapse_ratio,40,"[40, 850, 47]",4,4,"[850, 47]"
collapse_ratio,40,"[40, 850, 49]",418,418,"[850, 49]"
collapse_ratio,40,"[40, 850, 51]",44,44,"[850, 51]"
collapse_ratio,40,"[40, 850, 52]",2000,4315,"[850, 52]"
collapse_ratio,40,"[40, 850, 55]",230,230,"[850, 55]"
collapse_ratio,40,"[40, 850, 57]",71,71,"[850, 57]"
collapse_ratio,40,"[40, 850, 59]",287,287,"[850, 59]"
collapse_ratio,40,"[40, 850, 62]",60,60,"[850, 62]"
collapse_ratio,40,"[40, 850, 65]",28,28,"[850, 65]"
collapse_ratio,40,"[40, 850, 68]",3,3,"[850, 68]"
collapse_ratio,40,"[40, 850, 69]",96,96,"[850, 69]"
collapse_ratio,40,"[40, 850, 70]",7,7,"[850, 70]"
collapse_ratio,40,"[40, 850, 72]",1513,1513,"[850, 72]"
collapse_ratio,40,"[40, 850, 73]",119,119,"[850, 73]"
collapse_ratio,40,"[40, 850, 75]",95,95,"[850, 75]"
collapse_ratio,40,"[40, 850, 76]",1,1,"[850, 76]"
collapse_ratio,40,"[40, 850, 77]",33,33,"[850, 77]"
collapse_ratio,40,"[40, 850, 78]",631,631,"[850, 78]"
collapse_ratio,40,"[40, 850, 81]",66,66,"[850, 81]"
collapse_ratio,40,"[40, 850, 82]",20,20,"[850, 82]"
collapse_ratio,40,"[40, 850, 83]",56,56,"[850, 83]"
collapse_ratio,40,"[40, 850, 85]",43,43,"[850, 85]"
collapse_ratio,40,"[40, 850, 87]",1,1,"[850, 87]"
collapse_ratio,40,"[40, 850, 88]",18,18,"[850, 88]"
collapse_ratio,40,"[40, 850, 89]",64,64,"[850, 89]"
collapse_ratio,40,"[40, 850, 91]",30,30,"[850, 91]"
collapse_ratio,40,"[40, 850, 92]",93,93,"[850, 92]"
collapse_ratio,40,"[40, 850, 94]",3,3,"[850, 94]"
collapse_ratio,40,"[40, 850, 95]",1,1,"[850, 95]"
collapse_ratio,40,"[40, 850, 97]",33,33,"[850, 97]"
collapse_ratio,40,"[40, 850, 98]",57,57,"[850, 98]"
collapse_ratio,40,"[40, 850, 101]",3,3,"[850, 101]"
collapse_ratio,40,"[40, 850, 102]",1,1,"[850, 102]"
collapse_ratio,40,"[40, 850, 103]",7,7,"[850, 103]"
collapse_ratio,40,"[40, 850, 104]",19,19,"[850, 104]"
collapse_ratio,40,"[40, 850, 105]",12,12,"[850, 105]"
collapse_ratio,40,"[40, 850, 110]",4,4,"[850, 110]"
collapse_ratio,40,"[40, 850, 118]",5,5,"[850, 118]"
collapse_ratio,40,"[40, 850, 124]",5,5,"[850, 124]"
collapse_ratio,40,"[40, 850, 130]",2,2,"[850, 130]"
collapse_ratio,40,"[40, 850, 221]",3,3,"[850, 221]"
collapse_ratio,40,"[40, 850, 224]",3,3,"[850, 224]"
collapse_ratio,40,"[40, 850, 225]",2,2,"[850, 225]"
collapse_ratio,40,"[40, 850, 228]",5,5,"[850, 228]"
collapse_ratio,40,"[40, 850, 233]",10,10,"[850, 233]"
collapse_ratio,40,"[40, 850, 234]",1,1,"[850, 234]"
collapse_ratio,40,"[40, 850, 240]",2,2,"[850, 240]"
collapse_ratio,40,"[40, 850, 246]",4,4,"[850, 246]"
collapse_ratio,40,"[40, 875, 42]",72,72,"[875, 42]"
collapse_ratio,40,"[40, 875, 43]",61,61,"[875, 43]"
collapse_ratio,40,"[40, 875, 45]",523,523,"[875, 45]"
collapse_ratio,40,"[40, 875, 48]",274,274,"[875, 48]"
collapse_ratio,40,"[40, 875, 51]",2000,6861,"[875, 51]"
collapse_ratio,40,"[40, 875, 53]",3,3,"[875, 53]"
collapse_ratio,40,"[40, 875, 58]",2000,4303,"[875, 58]"
collapse_ratio,40,"[40, 875, 59]",1,1,"[875, 59]"
collapse_ratio,40,"[40, 875, 61]",46,46,"[875, 61]"
collapse_ratio,40,"[40, 875, 63]",4,4,"[875, 63]"
collapse_ratio,40,"[40, 875, 64]",509,509,"[875, 64]"
collapse_ratio,40,"[40, 875, 67]",2,2,"[875, 67]"
collapse_ratio,40,"[40, 875, 70]",40,40,"[875, 70]"
collapse_ratio,40,"[40, 875, 71]",519,519,"[875, 71]"
collapse_ratio,40,"[40, 875, 74]",100,100,"[875, 74]"
collapse_ratio,40,"[40, 875, 75]",46,46,"[875, 75]"
collapse_ratio,40,"[40, 875, 77]",349,349,"[875, 77]"
collapse_ratio,40,"[40, 875, 79]",12,12,"[875, 79]"
collapse_ratio,40,"[40, 875, 80]",85,85,"[875, 80]"
collapse_ratio,40,"[40, 875, 83]",280,280,"[875, 83]"
collapse_ratio,40,"[40, 875, 84]",375,375,"[875, 84]"
collapse_ratio,40,"[40, 875, 86]",32,32,"[875, 86]"
collapse_ratio,40,"[40, 875, 87]",55,55,"[875, 87]"
collapse_ratio,40,"[40, 875, 89]",437,437,"[875, 89]"
collapse_ratio,40,"[40, 875, 90]",610,610,"[875, 90]"
collapse_ratio,40,"[40, 875, 93]",9,9,"[875, 93]"
collapse_ratio,40,"[40, 875, 95]",14,14,"[875, 95]"
collapse_ratio,40,"[40, 875, 96]",384,384,"[875, 96]"
collapse_ratio,40,"[40, 875, 99]",1,1,"[875, 99]"
collapse_ratio,40,"[40, 875, 102]",192,192,"[875, 102]"
collapse_ratio,40,"[40, 875, 103]",4,4,"[875, 103]"
collapse_ratio,40,"[40, 875, 105]",5,5,"[875, 105]"
collapse_ratio,40,"[40, 875, 106]",6,6,"[875, 106]"
collapse_ratio,40,"[40, 875, 107]",1,1,"[875, 107]"
collapse_ratio,40,"[40, 875, 108]",2,2,"[875, 108]"
collapse_ratio,40,"[40, 875, 109]",12,12,"[875, 109]"
collapse_ratio,40,"[40, 875, 111]",2,2,"[875, 111]"
collapse_ratio,40,"[40, 875, 116]",2,2,"[875, 116]"
collapse_ratio,40,"[40, 875, 121]",1,1,"[875, 121]"
collapse_ratio,40,"[40, 875, 122]",2,2,"[875, 122]"
collapse_ratio,40,"[40, 875, 128]",2,2,"[875, 128]"
collapse_ratio,40,"[40, 875, 226]",7,7,"[875, 226]"
collapse_ratio,40,"[40, 875, 228]",3,3,"[875, 228]"
collapse_ratio,40,"[40, 875, 229]",5,5,"[875, 229]"
collapse_ratio,40,"[40, 875, 230]",4,4,"[875, 230]"
collapse_ratio,40,"[40, 875, 232]",2,2,"[875, 232]"
collapse_ratio,40,"[40, 875, 252]",4,4,"[875, 252]"
collapse_ratio,40,"[40, 875, 258]",19,19,"[875, 258]"
collapse_ratio,40,"[40, 875, 264]",1,1,"[875, 264]"
collapse_ratio,40,"[40, 900, 38]",2,2,"[900, 38]"
collapse_ratio,40,"[40, 900, 41]",10,10,"[900, 41]"
collapse_ratio,40,"[40, 900, 44]",798,798,"[900, 44]"
collapse_ratio,40,"[40, 900, 47]",12,12,"[900, 47]"
collapse_ratio,40,"[40, 900, 49]",147,147,"[900, 49]"
collapse_ratio,40,"[40, 900, 54]",1867,1867,"[900, 54]"
collapse_ratio,40,"[40, 900, 55]",1874,1874,"[900, 55]"
collapse_ratio,40,"[40, 900, 57]",2000,3208,"[900, 57]"
collapse_ratio,40,"[40, 900, 60]",646,646,"[900, 60]"
collapse_ratio,40,"[40, 900, 61]",602,602,"[900, 61]"
collapse_ratio,40,"[40, 900, 63]",823,823,"[900, 63]"
collapse_ratio,40,"[40, 900, 65]",1,1,"[900, 65]"
collapse_ratio,40,"[40, 900, 66]",84,84,"[900, 66]"
collapse_ratio,40,"[40, 900, 69]",56,56,"[900, 69]"
collapse_ratio,40,"[40, 900, 72]",1,1,"[900, 72]"
collapse_ratio,40,"[40, 900, 73]",103,103,"[900, 73]"
collapse_ratio,40,"[40, 900, 76]",588,588,"[900, 76]"
collapse_ratio,40,"[40, 900, 77]",42,42,"[900, 77]"
collapse_ratio,40,"[40, 900, 79]",148,148,"[900, 79]"
collapse_ratio,40,"[40, 900, 81]",49,49,"[900, 81]"
collapse_ratio,40,"[40, 900, 82]",717,717,"[900, 82]"
collapse_ratio,40,"[40, 900, 83]",4,4,"[900, 83]"
collapse_ratio,40,"[40, 900, 85]",62,62,"[900, 85]"
collapse_ratio,40,"[40, 900, 87]",15,15,"[900, 87]"
collapse_ratio,40,"[40, 900, 88]",442,442,"[900, 88]"
collapse_ratio,40,"[40, 900, 91]",17,17,"[900, 91]"
collapse_ratio,40,"[40, 900, 92]",51,51,"[900, 92]"
collapse_ratio,40,"[40, 900, 93]",88,88,"[900, 93]"
collapse_ratio,40,"[40, 900, 94]",855,855,"[900, 94]"
collapse_ratio,40,"[40, 900, 95]",860,860,"[900, 95]"
collapse_ratio,40,"[40, 900, 97]",5,5,"[900, 97]"
collapse_ratio,40,"[40, 900, 98]",15,15,"[900, 98]"
collapse_ratio,40,"[40, 900, 99]",32,32,"[900, 99]"
collapse_ratio,40,"[40, 900, 101]",615,615,"[900, 101]"
collapse_ratio,40,"[40, 900, 103]",10,10,"[900, 103]"
collapse_ratio,40,"[40, 900, 104]",19,19,"[900, 104]"
collapse_ratio,40,"[40, 900, 105]",1,1,"[900, 105]"
collapse_ratio,40,"[40, 900, 107]",314,314,"[900, 107]"
collapse_ratio,40,"[40, 900, 108]",26,26,"[900, 108]"
collapse_ratio,40,"[40, 900, 113]",74,74,"[900, 113]"
collapse_ratio,40,"[40, 900, 114]",9,9,"[900, 114]"
collapse_ratio,40,"[40, 900, 115]",6,6,"[900, 115]"
collapse_ratio,40,"[40, 900, 119]",2,2,"[900, 119]"
collapse_ratio,40,"[40, 900, 120]",2,2,"[900, 120]"
collapse_ratio,40,"[40, 900, 126]",2,2,"[900, 126]"
collapse_ratio,40,"[40, 900, 127]",1,1,"[900, 127]"
collapse_ratio,40,"[40, 900, 132]",2,2,"[900, 132]"
collapse_ratio,40,"[40, 900, 136]",3,3,"[900, 136]"
collapse_ratio,40,"[40, 900, 138]",1,1,"[900, 138]"
collapse_ratio,40,"[40, 900, 144]",3,3,"[900, 144]"
collapse_ratio,40,"[40, 900, 146]",3,3,"[900, 146]"
collapse_ratio,40,"[40, 900, 154]",1,1,"[900, 154]"
collapse_ratio,40,"[40, 900, 158]",1,1,"[900, 158]"
collapse_ratio,40,"[40, 900, 227]",4,4,"[900, 227]"
collapse_ratio,40,"[40, 900, 228]",5,5,"[900, 228]"
collapse_ratio,40,"[40, 900, 231]",1,1,"[900, 231]"
collapse_ratio,40,"[40, 900, 232]",27,27,"[900, 232]"
collapse_ratio,40,"[40, 900, 233]",1,1,"[900, 233]"
collapse_ratio,40,"[40, 900, 234]",3,3,"[900, 234]"
collapse_ratio,40,"[40, 900, 238]",3,3,"[900, 238]"
collapse_ratio,40,"[40, 900, 239]",10,10,"[900, 239]"
collapse_ratio,40,"[40, 900, 252]",1,1,"[900, 252]"
collapse_ratio,40,"[40, 900, 254]",1,1,"[900, 254]"
collapse_ratio,40,"[40, 900, 258]",10,10,"[900, 258]"
collapse_ratio,40,"[40, 900, 259]",1,1,"[900, 259]"
collapse_ratio,40,"[40, 900, 260]",4,4,"[900, 260]"
collapse_ratio,40,"[40, 900, 266]",6,6,"[900, 266]"
collapse_ratio,40,"[40, 925, 50]",2000,3164,"[925, 50]"
collapse_ratio,40,"[40, 925, 53]",39,39,"[925, 53]"
collapse_ratio,40,"[40, 925, 56]",2000,13168,"[925, 56]"
collapse_ratio,40,"[40, 925, 59]",7,7,"[925, 59]"
collapse_ratio,40,"[40, 925, 62]",2000,10290,"[925, 62]"
collapse_ratio,40,"[40, 925, 65]",1,1,"[925, 65]"
collapse_ratio,40,"[40, 925, 67]",38,38,"[925, 67]"
collapse_ratio,40,"[40, 925, 68]",1147,1147,"[925, 68]"
collapse_ratio,40,"[40, 925, 71]",1,1,"[925, 71]"
collapse_ratio,40,"[40, 925, 74]",80,80,"[925, 74]"
collapse_ratio,40,"[40, 925, 75]",2000,2356,"[925, 75]"
collapse_ratio,40,"[40, 925, 78]",133,133,"[925, 78]"
collapse_ratio,40,"[40, 925, 79]",52,52,"[925, 79]"
collapse_ratio,40,"[40, 925, 81]",1362,1362,"[925, 81]"
collapse_ratio,40,"[40, 925, 84]",74,74,"[925, 84]"
collapse_ratio,40,"[40, 925, 85]",113,113,"[925, 85]"
collapse_ratio,40,"[40, 925, 87]",1088,1088,"[925, 87]"
collapse_ratio,40,"[40, 925, 90]",66,66,"[925, 90]"
collapse_ratio,40,"[40, 925, 91]",67,67,"[925, 91]"
collapse_ratio,40,"[40, 925, 93]",1359,1359,"[925, 93]"
collapse_ratio,40,"[40, 925, 95]",1,1,"[925, 95]"
collapse_ratio,40,"[40, 925, 96]",45,45,"[925, 96]"
collapse_ratio,40,"[40, 925, 99]",258,258,"[925, 99]"
collapse_ratio,40,"[40, 925, 100]",546,546,"[925, 100]"
collapse_ratio,40,"[40, 925, 102]",11,11,"[925, 102]"
collapse_ratio,40,"[40, 925, 105]",52,52,"[925, 105]"
collapse_ratio,40,"[40, 925, 106]",179,179,"[925, 106]"
collapse_ratio,40,"[40, 925, 111]",38,38,"[925, 111]"
collapse_ratio,40,"[40, 925, 112]",198,198,"[925, 112]"
collapse_ratio,40,"[40, 925, 118]",99,99,"[925, 118]"
collapse_ratio,40,"[40, 925, 124]",26,26,"[925, 124]"
collapse_ratio,40,"[40, 925, 125]",5,5,"[925, 125]"
collapse_ratio,40,"[40, 925, 130]",19,19,"[925, 130]"
collapse_ratio,40,"[40, 925, 131]",1,1,"[925, 131]"
collapse_ratio,40,"[40, 925, 136]",17,17,"[925, 136]"
collapse_ratio,40,"[40, 925, 137]",1,1,"[925, 137]"
collapse_ratio,40,"[40, 925, 142]",3,3,"[925, 142]"
collapse_ratio,40,"[40, 925, 148]",2,2,"[925, 148]"
collapse_ratio,40,"[40, 925, 150]",2,2,"[925, 150]"
collapse_ratio,40,"[40, 925, 231]",5,5,"[925, 231]"
collapse_ratio,40,"[40, 925, 235]",4,4,"[925, 235]"
collapse_ratio,40,"[40, 925, 236]",15,15,"[925, 236]"
collapse_ratio,40,"[40, 925, 240]",2,2,"[925, 240]"
collapse_ratio,40,"[40, 925, 242]",1,1,"[925, 242]"
collapse_ratio,40,"[40, 925, 244]",2,2,"[925, 244]"
collapse_ratio,40,"[40, 925, 248]",4,4,"[925, 248]"
collapse_ratio,40,"[40, 925, 254]",2,2,"[925, 254]"
collapse_ratio,40,"[40, 925, 260]",3,3,"[925, 260]"
collapse_ratio,40,"[40, 925, 262]",4,4,"[925, 262]"
collapse_ratio,40,"[40, 925, 266]",18,18,"[925, 266]"
collapse_ratio,40,"[40, 925, 267]",3,3,"[925, 267]"
collapse_ratio,40,"[40, 950, 40]",2,2,"[950, 40]"
collapse_ratio,40,"[40, 950, 43]",170,170,"[950, 43]"
collapse_ratio,40,"[40, 950, 46]",65,65,"[950, 46]"
collapse_ratio,40,"[40, 950, 49]",1611,1611,"[950, 49]"
collapse_ratio,40,"[40, 950, 52]",75,75,"[950, 52]"
collapse_ratio,40,"[40, 950, 55]",2000,8390,"[950, 55]"
collapse_ratio,40,"[40, 950, 58]",2000,2201,"[950, 58]"
collapse_ratio,40,"[40, 950, 61]",2000,13811,"[950, 61]"
collapse_ratio,40,"[40, 950, 64]",152,152,"[950, 64]"
collapse_ratio,40,"[40, 950, 67]",2000,7369,"[950, 67]"
collapse_ratio,40,"[40, 950, 70]",11,11,"[950, 70]"
collapse_ratio,40,"[40, 950, 73]",379,379,"[950, 73]"
collapse_ratio,40,"[40, 950, 77]",61,61,"[950, 77]"
collapse_ratio,40,"[40, 950, 80]",1118,1118,"[950, 80]"
collapse_ratio,40,"[40, 950, 83]",67,67,"[950, 83]"
collapse_ratio,40,"[40, 950, 86]",729,729,"[950, 86]"
collapse_ratio,40,"[40, 950, 89]",10,10,"[950, 89]"
collapse_ratio,40,"[40, 950, 92]",549,549,"[950, 92]"
collapse_ratio,40,"[40, 950, 97]",113,113,"[950, 97]"
collapse_ratio,40,"[40, 950, 98]",1480,1480,"[950, 98]"
collapse_ratio,40,"[40, 950, 103]",37,37,"[950, 103]"
collapse_ratio,40,"[40, 950, 104]",836,836,"[950, 104]"
collapse_ratio,40,"[40, 950, 109]",1,1,"[950, 109]"
collapse_ratio,40,"[40, 950, 110]",570,570,"[950, 110]"
collapse_ratio,40,"[40, 950, 115]",8,8,"[950, 115]"
collapse_ratio,40,"[40, 950, 116]",185,185,"[950, 116]"
collapse_ratio,40,"[40, 950, 117]",16,16,"[950, 117]"
collapse_ratio,40,"[40, 950, 120]",6,6,"[950, 120]"
collapse_ratio,40,"[40, 950, 121]",4,4,"[950, 121]"
collapse_ratio,40,"[40, 950, 122]",87,87,"[950, 122]"
collapse_ratio,40,"[40, 950, 123]",9,9,"[950, 123]"
collapse_ratio,40,"[40, 950, 128]",15,15,"[950, 128]"
collapse_ratio,40,"[40, 950, 129]",5,5,"[950, 129]"
collapse_ratio,40,"[40, 950, 134]",11,11,"[950, 134]"
collapse_ratio,40,"[40, 950, 135]",6,6,"[950, 135]"
collapse_ratio,40,"[40, 950, 140]",12,12,"[950, 140]"
collapse_ratio,40,"[40, 950, 141]",1,1,"[950, 141]"
collapse_ratio,40,"[40, 950, 146]",5,5,"[950, 146]"
collapse_ratio,40,"[40, 950, 147]",2,2,"[950, 147]"
collapse_ratio,40,"[40, 950, 152]",2,2,"[950, 152]"
collapse_ratio,40,"[40, 950, 234]",39,39,"[950, 234]"
collapse_ratio,40,"[40, 950, 238]",24,24,"[950, 238]"
collapse_ratio,40,"[40, 950, 239]",11,11,"[950, 239]"
collapse_ratio,40,"[40, 950, 240]",15,15,"[950, 240]"
collapse_ratio,40,"[40, 950, 243]",1,1,"[950, 243]"
collapse_ratio,40,"[40, 950, 244]",203,203,"[950, 244]"
collapse_ratio,40,"[40, 950, 245]",10,10,"[950, 245]"
collapse_ratio,40,"[40, 950, 246]",2,2,"[950, 246]"
collapse_ratio,40,"[40, 950, 250]",16,16,"[950, 250]"
collapse_ratio,40,"[40, 950, 251]",2,2,"[950, 251]"
collapse_ratio,40,"[40, 950, 256]",12,12,"[950, 256]"
collapse_ratio,40,"[40, 950, 257]",9,9,"[950, 257]"
collapse_ratio,40,"[40, 950, 258]",1,1,"[950, 258]"
collapse_ratio,40,"[40, 950, 262]",44,44,"[950, 262]"
collapse_ratio,40,"[40, 950, 263]",34,34,"[950, 263]"
collapse_ratio,40,"[40, 950, 264]",12,12,"[950, 264]"
collapse_ratio,40,"[40, 950, 265]",2,2,"[950, 265]"
collapse_ratio,40,"[40, 950, 268]",595,595,"[950, 268]"
collapse_ratio,40,"[40, 950, 269]",282,282,"[950, 269]"
collapse_ratio,40,"[40, 950, 270]",90,90,"[950, 270]"
collapse_ratio,40,"[40, 950, 271]",14,14,"[950, 271]"
collapse_ratio,40,"[40, 950, 274]",2000,5367,"[950, 274]"
collapse_ratio,40,"[40, 950, 275]",552,552,"[950, 275]"
collapse_ratio,40,"[40, 950, 276]",23,23,"[950, 276]"
collapse_ratio,40,"[40, 950, 277]",7,7,"[950, 277]"
collapse_ratio,40,"[40, 950, 280]",45,45,"[950, 280]"
collapse_ratio,40,"[40, 950, 281]",16,16,"[950, 281]"
collapse_ratio,40,"[40, 950, 282]",5,5,"[950, 282]"
collapse_ratio,40,"[40, 950, 286]",2,2,"[950, 286]"
collapse_ratio,40,"[40, 950, 287]",2,2,"[950, 287]"
collapse_ratio,40,"[40, 950, 288]",1,1,"[950, 288]"
collapse_ratio,40,"[40, 975, 79]",2000,3875,"[975, 79]"
collapse_ratio,40,"[40, 975, 82]",34,34,"[975, 82]"
collapse_ratio,40,"[40, 975, 85]",2000,2071,"[975, 85]"
collapse_ratio,40,"[40, 975, 88]",33,33,"[975, 88]"
collapse_ratio,40,"[40, 975, 91]",1840,1840,"[975, 91]"
collapse_ratio,40,"[40, 975, 94]",59,59,"[975, 94]"
collapse_ratio,40,"[40, 975, 97]",2000,2759,"[975, 97]"
collapse_ratio,40,"[40, 975, 100]",29,29,"[975, 100]"
collapse_ratio,40,"[40, 975, 103]",2000,2440,"[975, 103]"
collapse_ratio,40,"[40, 975, 106]",7,7,"[975, 106]"
collapse_ratio,40,"[40, 975, 109]",2000,2085,"[975, 109]"
collapse_ratio,40,"[40, 975, 115]",1117,1117,"[975, 115]"
collapse_ratio,40,"[40, 975, 118]",4,4,"[975, 118]"
collapse_ratio,40,"[40, 975, 121]",433,433,"[975, 121]"
collapse_ratio,40,"[40, 975, 127]",106,106,"[975, 127]"
collapse_ratio,40,"[40, 975, 133]",24,24,"[975, 133]"
collapse_ratio,40,"[40, 975, 139]",16,16,"[975, 139]"
collapse_ratio,40,"[40, 975, 145]",4,4,"[975, 145]"
collapse_ratio,40,"[40, 975, 151]",14,14,"[975, 151]"
collapse_ratio,40,"[40, 975, 157]",2,2,"[975, 157]"
collapse_ratio,40,"[40, 975, 237]",24,24,"[975, 237]"
collapse_ratio,40,"[40, 975, 241]",61,61,"[975, 241]"
collapse_ratio,40,"[40, 975, 242]",157,157,"[975, 242]"
collapse_ratio,40,"[40, 975, 243]",44,44,"[975, 243]"
collapse_ratio,40,"[40, 975, 246]",1,1,"[975, 246]"
collapse_ratio,40,"[40, 975, 247]",362,362,"[975, 247]"
collapse_ratio,40,"[40, 975, 248]",66,66,"[975, 248]"
collapse_ratio,40,"[40, 975, 249]",13,13,"[975, 249]"
collapse_ratio,40,"[40, 975, 253]",36,36,"[975, 253]"
collapse_ratio,40,"[40, 975, 254]",12,12,"[975, 254]"
collapse_ratio,40,"[40, 975, 255]",9,9,"[975, 255]"
collapse_ratio,40,"[40, 975, 259]",32,32,"[975, 259]"
collapse_ratio,40,"[40, 975, 260]",48,48,"[975, 260]"
collapse_ratio,40,"[40, 975, 261]",27,27,"[975, 261]"
collapse_ratio,40,"[40, 975, 265]",72,72,"[975, 265]"
collapse_ratio,40,"[40, 975, 266]",69,69,"[975, 266]"
collapse_ratio,40,"[40, 975, 267]",26,26,"[975, 267]"
collapse_ratio,40,"[40, 975, 271]",114,114,"[975, 271]"
collapse_ratio,40,"[40, 975, 272]",1564,1564,"[975, 272]"
collapse_ratio,40,"[40, 975, 273]",190,190,"[975, 273]"
collapse_ratio,40,"[40, 975, 277]",932,932,"[975, 277]"
collapse_ratio,40,"[40, 975, 278]",2000,9157,"[975, 278]"
collapse_ratio,40,"[40, 975, 279]",206,206,"[975, 279]"
collapse_ratio,40,"[40, 975, 283]",1597,1597,"[975, 283]"
collapse_ratio,40,"[40, 975, 284]",35,35,"[975, 284]"
collapse_ratio,40,"[40, 975, 285]",774,774,"[975, 285]"
collapse_ratio,40,"[40, 975, 289]",2000,3042,"[975, 289]"
collapse_ratio,40,"[40, 975, 290]",3,3,"[975, 290]"
collapse_ratio,40,"[40, 975, 291]",58,58,"[975, 291]"
collapse_ratio,40,"[40, 975, 295]",201,201,"[975, 295]"
collapse_ratio,40,"[40, 975, 297]",1,1,"[975, 297]"
collapse_ratio,40,"[40, 975, 301]",4,4,"[975, 301]"
collapse_excess,40,"[40, -168, 81]",8,8,"[-168, 81]"
collapse_excess,40,"[40, -160, 83]",2,2,"[-160, 83]"
collapse_excess,40,"[40, -160, 90]",1,1,"[-160, 90]"
collapse_excess,40,"[40, -160, 92]",1,1,"[-160, 92]"
collapse_excess,40,"[40, -152, 95]",2,2,"[-152, 95]"
collapse_excess,40,"[40, -152, 97]",2,2,"[-152, 97]"
collapse_excess,40,"[40, -144, 103]",1,1,"[-144, 103]"
collapse_excess,40,"[40, -144, 105]",6,6,"[-144, 105]"
collapse_excess,40,"[40, -144, 106]",2,2,"[-144, 106]"
collapse_excess,40,"[40, -144, 107]",1,1,"[-144, 107]"
collapse_excess,40,"[40, -144, 108]",2,2,"[-144, 108]"
collapse_excess,40,"[40, -144, 109]",1,1,"[-144, 109]"
collapse_excess,40,"[40, -144, 111]",1,1,"[-144, 111]"
collapse_excess,40,"[40, -144, 112]",2,2,"[-144, 112]"
collapse_excess,40,"[40, -136, 107]",2,2,"[-136, 107]"
collapse_excess,40,"[40, -136, 110]",1,1,"[-136, 110]"
collapse_excess,40,"[40, -136, 111]",1,1,"[-136, 111]"
collapse_excess,40,"[40, -136, 112]",1,1,"[-136, 112]"
collapse_excess,40,"[40, -136, 113]",10,10,"[-136, 113]"
collapse_excess,40,"[40, -136, 114]",3,3,"[-136, 114]"
collapse_excess,40,"[40, -136, 115]",3,3,"[-136, 115]"
collapse_excess,40,"[40, -136, 116]",4,4,"[-136, 116]"
collapse_excess,40,"[40, -136, 117]",3,3,"[-136, 117]"
collapse_excess,40,"[40, -136, 119]",3,3,"[-136, 119]"
collapse_excess,40,"[40, -136, 120]",1,1,"[-136, 120]"
collapse_excess,40,"[40, -136, 135]",1,1,"[-136, 135]"
collapse_excess,40,"[40, -136, 149]",1,1,"[-136, 149]"
collapse_excess,40,"[40, -128, 117]",1,1,"[-128, 117]"
collapse_excess,40,"[40, -128, 118]",4,4,"[-128, 118]"
collapse_excess,40,"[40, -128, 119]",2,2,"[-128, 119]"
collapse_excess,40,"[40, -128, 120]",3,3,"[-128, 120]"
collapse_excess,40,"[40, -128, 121]",13,13,"[-128, 121]"
collapse_excess,40,"[40, -128, 122]",7,7,"[-128, 122]"
collapse_excess,40,"[40, -128, 123]",5,5,"[-128, 123]"
collapse_excess,40,"[40, -128, 124]",6,6,"[-128, 124]"
collapse_excess,40,"[40, -128, 125]",5,5,"[-128, 125]"
collapse_excess,40,"[40, -128, 127]",5,5,"[-128, 127]"
collapse_excess,40,"[40, -128, 128]",2,2,"[-128, 128]"
collapse_excess,40,"[40, -128, 146]",2,2,"[-128, 146]"
collapse_excess,40,"[40, -128, 150]",1,1,"[-128, 150]"
collapse_excess,40,"[40, -128, 155]",1,1,"[-128, 155]"
collapse_excess,40,"[40, -128, 157]",2,2,"[-128, 157]"
collapse_excess,40,"[40, -120, 126]",7,7,"[-120, 126]"
collapse_excess,40,"[40, -120, 128]",5,5,"[-120, 128]"
collapse_excess,40,"[40, -120, 129]",14,14,"[-120, 129]"
collapse_excess,40,"[40, -120, 130]",7,7,"[-120, 130]"
collapse_excess,40,"[40, -120, 131]",7,7,"[-120, 131]"
collapse_excess,40,"[40, -120, 132]",8,8,"[-120, 132]"
collapse_excess,40,"[40, -120, 133]",7,7,"[-120, 133]"
collapse_excess,40,"[40, -120, 134]",2,2,"[-120, 134]"
collapse_excess,40,"[40, -120, 135]",11,11,"[-120, 135]"
collapse_excess,40,"[40, -120, 136]",2,2,"[-120, 136]"
collapse_excess,40,"[40, -120, 138]",2,2,"[-120, 138]"
collapse_excess,40,"[40, -120, 139]",1,1,"[-120, 139]"
collapse_excess,40,"[40, -120, 142]",2,2,"[-120, 142]"
collapse_excess,40,"[40, -120, 151]",1,1,"[-120, 151]"
collapse_excess,40,"[40, -120, 152]",2,2,"[-120, 152]"
collapse_excess,40,"[40, -120, 153]",2,2,"[-120, 153]"
collapse_excess,40,"[40, -120, 154]",2,2,"[-120, 154]"
collapse_excess,40,"[40, -120, 156]",7,7,"[-120, 156]"
collapse_excess,40,"[40, -120, 158]",2,2,"[-120, 158]"
collapse_excess,40,"[40, -120, 160]",11,11,"[-120, 160]"
collapse_excess,40,"[40, -120, 161]",2,2,"[-120, 161]"
collapse_excess,40,"[40, -120, 162]",2,2,"[-120, 162]"
collapse_excess,40,"[40, -120, 163]",2,2,"[-120, 163]"
collapse_excess,40,"[40, -120, 165]",5,5,"[-120, 165]"
collapse_excess,40,"[40, -120, 166]",2,2,"[-120, 166]"
collapse_excess,40,"[40, -120, 168]",2,2,"[-120, 168]"
collapse_excess,40,"[40, -120, 175]",1,1,"[-120, 175]"
collapse_excess,40,"[40, -112, 131]",2,2,"[-112, 131]"
collapse_excess,40,"[40, -112, 133]",3,3,"[-112, 133]"
collapse_excess,40,"[40, -112, 134]",10,10,"[-112, 134]"
collapse_excess,40,"[40, -112, 135]",2,2,"[-112, 135]"
collapse_excess,40,"[40, -112, 136]",9,9,"[-112, 136]"
collapse_excess,40,"[40, -112, 137]",15,15,"[-112, 137]"
collapse_excess,40,"[40, -112, 138]",9,9,"[-112, 138]"
collapse_excess,40,"[40, -112, 139]",9,9,"[-112, 139]"
collapse_excess,40,"[40, -112, 140]",11,11,"[-112, 140]"
collapse_excess,40,"[40, -112, 141]",9,9,"[-112, 141]"
collapse_excess,40,"[40, -112, 143]",10,10,"[-112, 143]"
collapse_excess,40,"[40, -112, 144]",2,2,"[-112, 144]"
collapse_excess,40,"[40, -112, 147]",2,2,"[-112, 147]"
collapse_excess,40,"[40, -112, 148]",1,1,"[-112, 148]"
collapse_excess,40,"[40, -112, 149]",3,3,"[-112, 149]"
collapse_excess,40,"[40, -112, 150]",2,2,"[-112, 150]"
collapse_excess,40,"[40, -112, 153]",4,4,"[-112, 153]"
collapse_excess,40,"[40, -112, 154]",2,2,"[-112, 154]"
collapse_excess,40,"[40, -112, 155]",4,4,"[-112, 155]"
collapse_excess,40,"[40, -112, 156]",2,2,"[-112, 156]"
collapse_excess,40,"[40, -112, 158]",5,5,"[-112, 158]"
collapse_excess,40,"[40, -112, 159]",4,4,"[-112, 159]"
collapse_excess,40,"[40, -112, 161]",2,2,"[-112, 161]"
collapse_excess,40,"[40, -112, 164]",12,12,"[-112, 164]"
collapse_excess,40,"[40, -112, 168]",27,27,"[-112, 168]"
collapse_excess,40,"[40, -112, 169]",5,5,"[-112, 169]"
collapse_excess,40,"[40, -112, 170]",2,2,"[-112, 170]"
collapse_excess,40,"[40, -112, 171]",1,1,"[-112, 171]"
collapse_excess,40,"[40, -112, 172]",2,2,"[-112, 172]"
collapse_excess,40,"[40, -112, 173]",8,8,"[-112, 173]"
collapse_excess,40,"[40, -112, 176]",2,2,"[-112, 176]"
collapse_excess,40,"[40, -112, 185]",3,3,"[-112, 185]"
collapse_excess,40,"[40, -112, 187]",2,2,"[-112, 187]"
collapse_excess,40,"[40, -104, 142]",11,11,"[-104, 142]"
collapse_excess,40,"[40, -104, 143]",3,3,"[-104, 143]"
collapse_excess,40,"[40, -104, 144]",9,9,"[-104, 144]"
collapse_excess,40,"[40, -104, 145]",15,15,"[-104, 145]"
collapse_excess,40,"[40, -104, 146]",14,14,"[-104, 146]"
collapse_excess,40,"[40, -104, 147]",13,13,"[-104, 147]"
collapse_excess,40,"[40, -104, 148]",16,16,"[-104, 148]"
collapse_excess,40,"[40, -104, 149]",14,14,"[-104, 149]"
collapse_excess,40,"[40, -104, 150]",3,3,"[-104, 150]"
collapse_excess,40,"[40, -104, 151]",16,16,"[-104, 151]"
collapse_excess,40,"[40, -104, 152]",9,9,"[-104, 152]"
collapse_excess,40,"[40, -104, 153]",6,6,"[-104, 153]"
collapse_excess,40,"[40, -104, 154]",9,9,"[-104, 154]"
collapse_excess,40,"[40, -104, 155]",9,9,"[-104, 155]"
collapse_excess,40,"[40, -104, 156]",4,4,"[-104, 156]"
collapse_excess,40,"[40, -104, 157]",8,8,"[-104, 157]"
collapse_excess,40,"[40, -104, 158]",4,4,"[-104, 158]"
collapse_excess,40,"[40, -104, 160]",6,6,"[-104, 160]"
collapse_excess,40,"[40, -104, 162]",6,6,"[-104, 162]"
collapse_excess,40,"[40, -104, 165]",1,1,"[-104, 165]"
collapse_excess,40,"[40, -104, 169]",1,1,"[-104, 169]"
collapse_excess,40,"[40, -104, 172]",32,32,"[-104, 172]"
collapse_excess,40,"[40, -104, 174]",1,1,"[-104, 174]"
collapse_excess,40,"[40, -104, 175]",3,3,"[-104, 175]"
collapse_excess,40,"[40, -104, 176]",43,43,"[-104, 176]"
collapse_excess,40,"[40, -104, 177]",7,7,"[-104, 177]"
collapse_excess,40,"[40, -104, 179]",1,1,"[-104, 179]"
collapse_excess,40,"[40, -104, 181]",8,8,"[-104, 181]"
collapse_excess,40,"[40, -104, 183]",4,4,"[-104, 183]"
collapse_excess,40,"[40, -104, 185]",6,6,"[-104, 185]"
collapse_excess,40,"[40, -104, 189]",5,5,"[-104, 189]"
collapse_excess,40,"[40, -104, 190]",1,1,"[-104, 190]"
collapse_excess,40,"[40, -104, 191]",4,4,"[-104, 191]"
collapse_excess,40,"[40, -104, 193]",8,8,"[-104, 193]"
collapse_excess,40,"[40, -104, 194]",3,3,"[-104, 194]"
collapse_excess,40,"[40, -104, 195]",2,2,"[-104, 195]"
collapse_excess,40,"[40, -104, 197]",1,1,"[-104, 197]"
collapse_excess,40,"[40, -96, 1]",7,7,"[-96, 1]"
collapse_excess,40,"[40, -96, 68]",1,1,"[-96, 68]"
collapse_excess,40,"[40, -96, 149]",9,9,"[-96, 149]"
collapse_excess,40,"[40, -96, 150]",3,3,"[-96, 150]"
collapse_excess,40,"[40, -96, 152]",2,2,"[-96, 152]"
collapse_excess,40,"[40, -96, 153]",3,3,"[-96, 153]"
collapse_excess,40,"[40, -96, 154]",4,4,"[-96, 154]"
collapse_excess,40,"[40, -96, 155]",2,2,"[-96, 155]"
collapse_excess,40,"[40, -96, 156]",3,3,"[-96, 156]"
collapse_excess,40,"[40, -96, 157]",2,2,"[-96, 157]"
collapse_excess,40,"[40, -96, 159]",2,2,"[-96, 159]"
collapse_excess,40,"[40, -96, 173]",1,1,"[-96, 173]"
collapse_excess,40,"[40, -96, 177]",6,6,"[-96, 177]"
collapse_excess,40,"[40, -96, 178]",1,1,"[-96, 178]"
collapse_excess,40,"[40, -96, 179]",19,19,"[-96, 179]"
collapse_excess,40,"[40, -96, 180]",49,49,"[-96, 180]"
collapse_excess,40,"[40, -96, 182]",1,1,"[-96, 182]"
collapse_excess,40,"[40, -96, 183]",7,7,"[-96, 183]"
collapse_excess,40,"[40, -96, 184]",63,63,"[-96, 184]"
collapse_excess,40,"[40, -96, 185]",191,191,"[-96, 185]"
collapse_excess,40,"[40, -96, 186]",7,7,"[-96, 186]"
collapse_excess,40,"[40, -96, 187]",14,14,"[-96, 187]"
collapse_excess,40,"[40, -96, 188]",9,9,"[-96, 188]"
collapse_excess,40,"[40, -96, 189]",21,21,"[-96, 189]"
collapse_excess,40,"[40, -96, 190]",24,24,"[-96, 190]"
collapse_excess,40,"[40, -96, 191]",233,233,"[-96, 191]"
collapse_excess,40,"[40, -96, 192]",4,4,"[-96, 192]"
collapse_excess,40,"[40, -96, 193]",44,44,"[-96, 193]"
collapse_excess,40,"[40, -96, 195]",19,19,"[-96, 195]"
collapse_excess,40,"[40, -96, 196]",1,1,"[-96, 196]"
collapse_excess,40,"[40, -96, 197]",698,698,"[-96, 197]"
collapse_excess,40,"[40, -96, 198]",6,6,"[-96, 198]"
collapse_excess,40,"[40, -96, 199]",10,10,"[-96, 199]"
collapse_excess,40,"[40, -96, 201]",12,12,"[-96, 201]"
collapse_excess,40,"[40, -96, 202]",10,10,"[-96, 202]"
collapse_excess,40,"[40, -96, 203]",59,59,"[-96, 203]"
collapse_excess,40,"[40, -96, 205]",1,1,"[-96, 205]"
collapse_excess,40,"[40, -96, 209]",1,1,"[-96, 209]"
collapse_excess,40,"[40, -88, 1]",4,4,"[-88, 1]"
collapse_excess,40,"[40, -88, 57]",2,2,"[-88, 57]"
collapse_excess,40,"[40, -88, 61]",1,1,"[-88, 61]"
collapse_excess,40,"[40, -88, 66]",3,3,"[-88, 66]"
collapse_excess,40,"[40, -88, 70]",3,3,"[-88, 70]"
collapse_excess,40,"[40, -88, 77]",2,2,"[-88, 77]"
collapse_excess,40,"[40, -88, 78]",1,1,"[-88, 78]"
collapse_excess,40,"[40, -88, 89]",1,1,"[-88, 89]"
collapse_excess,40,"[40, -88, 156]",3,3,"[-88, 156]"
collapse_excess,40,"[40, -88, 157]",1,1,"[-88, 157]"
collapse_excess,40,"[40, -88, 158]",3,3,"[-88, 158]"
collapse_excess,40,"[40, -88, 159]",2,2,"[-88, 159]"
collapse_excess,40,"[40, -88, 160]",3,3,"[-88, 160]"
collapse_excess,40,"[40, -88, 161]",2,2,"[-88, 161]"
collapse_excess,40,"[40, -88, 162]",2,2,"[-88, 162]"
collapse_excess,40,"[40, -88, 163]",3,3,"[-88, 163]"
collapse_excess,40,"[40, -88, 165]",4,4,"[-88, 165]"
collapse_excess,40,"[40, -88, 167]",2,2,"[-88, 167]"
collapse_excess,40,"[40, -88, 173]",1,1,"[-88, 173]"
collapse_excess,40,"[40, -88, 177]",1,1,"[-88, 177]"
collapse_excess,40,"[40, -88, 179]",2,2,"[-88, 179]"
collapse_excess,40,"[40, -88, 181]",1,1,"[-88, 181]"
collapse_excess,40,"[40, -88, 182]",2,2,"[-88, 182]"
collapse_excess,40,"[40, -88, 183]",2,2,"[-88, 183]"
collapse_excess,40,"[40, -88, 184]",2,2,"[-88, 184]"
collapse_excess,40,"[40, -88, 185]",3,3,"[-88, 185]"
collapse_excess,40,"[40, -88, 186]",7,7,"[-88, 186]"
collapse_excess,40,"[40, -88, 187]",8,8,"[-88, 187]"
collapse_excess,40,"[40, -88, 188]",72,72,"[-88, 188]"
collapse_excess,40,"[40, -88, 189]",2,2,"[-88, 189]"
collapse_excess,40,"[40, -88, 190]",4,4,"[-88, 190]"
collapse_excess,40,"[40, -88, 191]",10,10,"[-88, 191]"
collapse_excess,40,"[40, -88, 192]",106,106,"[-88, 192]"
collapse_excess,40,"[40, -88, 193]",11,11,"[-88, 193]"
collapse_excess,40,"[40, -88, 194]",117,117,"[-88, 194]"
collapse_excess,40,"[40, -88, 195]",89,89,"[-88, 195]"
collapse_excess,40,"[40, -88, 196]",42,42,"[-88, 196]"
collapse_excess,40,"[40, -88, 197]",92,92,"[-88, 197]"
collapse_excess,40,"[40, -88, 198]",272,272,"[-88, 198]"
collapse_excess,40,"[40, -88, 199]",187,187,"[-88, 199]"
collapse_excess,40,"[40, -88, 200]",45,45,"[-88, 200]"
collapse_excess,40,"[40, -88, 201]",132,132,"[-88, 201]"
collapse_excess,40,"[40, -88, 202]",15,15,"[-88, 202]"
collapse_excess,40,"[40, -88, 203]",71,71,"[-88, 203]"
collapse_excess,40,"[40, -88, 204]",22,22,"[-88, 204]"
collapse_excess,40,"[40, -88, 205]",54,54,"[-88, 205]"
collapse_excess,40,"[40, -88, 206]",15,15,"[-88, 206]"
collapse_excess,40,"[40, -88, 207]",25,25,"[-88, 207]"
collapse_excess,40,"[40, -88, 209]",14,14,"[-88, 209]"
collapse_excess,40,"[40, -88, 210]",21,21,"[-88, 210]"
collapse_excess,40,"[40, -88, 211]",2,2,"[-88, 211]"
collapse_excess,40,"[40, -88, 213]",1,1,"[-88, 213]"
collapse_excess,40,"[40, -80, 1]",12,12,"[-80, 1]"
collapse_excess,40,"[40, -80, 7]",50,50,"[-80, 7]"
collapse_excess,40,"[40, -80, 9]",1,1,"[-80, 9]"
collapse_excess,40,"[40, -80, 37]",1,1,"[-80, 37]"
collapse_excess,40,"[40, -80, 59]",4,4,"[-80, 59]"
collapse_excess,40,"[40, -80, 62]",4,4,"[-80, 62]"
collapse_excess,40,"[40, -80, 63]",2,2,"[-80, 63]"
collapse_excess,40,"[40, -80, 68]",4,4,"[-80, 68]"
collapse_excess,40,"[40, -80, 72]",1,1,"[-80, 72]"
collapse_excess,40,"[40, -80, 73]",2,2,"[-80, 73]"
collapse_excess,40,"[40, -80, 76]",2,2,"[-80, 76]"
collapse_excess,40,"[40, -80, 85]",2,2,"[-80, 85]"
collapse_excess,40,"[40, -80, 163]",2,2,"[-80, 163]"
collapse_excess,40,"[40, -80, 165]",14,14,"[-80, 165]"
collapse_excess,40,"[40, -80, 169]",1,1,"[-80, 169]"
collapse_excess,40,"[40, -80, 171]",1,1,"[-80, 171]"
collapse_excess,40,"[40, -80, 172]",3,3,"[-80, 172]"
collapse_excess,40,"[40, -80, 173]",2,2,"[-80, 173]"
collapse_excess,40,"[40, -80, 175]",1,1,"[-80, 175]"
collapse_excess,40,"[40, -80, 176]",1,1,"[-80, 176]"
collapse_excess,40,"[40, -80, 177]",2,2,"[-80, 177]"
collapse_excess,40,"[40, -80, 180]",1,1,"[-80, 180]"
collapse_excess,40,"[40, -80, 181]",3,3,"[-80, 181]"
collapse_excess,40,"[40, -80, 185]",2,2,"[-80, 185]"
collapse_excess,40,"[40, -80, 187]",6,6,"[-80, 187]"
collapse_excess,40,"[40, -80, 188]",2,2,"[-80, 188]"
collapse_excess,40,"[40, -80, 189]",5,5,"[-80, 189]"
collapse_excess,40,"[40, -80, 190]",6,6,"[-80, 190]"
collapse_excess,40,"[40, -80, 191]",6,6,"[-80, 191]"
collapse_excess,40,"[40, -80, 192]",2,2,"[-80, 192]"
collapse_excess,40,"[40, -80, 193]",13,13,"[-80, 193]"
collapse_excess,40,"[40, -80, 194]",17,17,"[-80, 194]"
collapse_excess,40,"[40, -80, 195]",12,12,"[-80, 195]"
collapse_excess,40,"[40, -80, 196]",117,117,"[-80, 196]"
collapse_excess,40,"[40, -80, 197]",16,16,"[-80, 197]"
collapse_excess,40,"[40, -80, 198]",12,12,"[-80, 198]"
collapse_excess,40,"[40, -80, 199]",23,23,"[-80, 199]"
collapse_excess,40,"[40, -80, 200]",188,188,"[-80, 200]"
collapse_excess,40,"[40, -80, 201]",38,38,"[-80, 201]"
collapse_excess,40,"[40, -80, 202]",522,522,"[-80, 202]"
collapse_excess,40,"[40, -80, 203]",188,188,"[-80, 203]"
collapse_excess,40,"[40, -80, 204]",220,220,"[-80, 204]"
collapse_excess,40,"[40, -80, 205]",228,228,"[-80, 205]"
collapse_excess,40,"[40, -80, 206]",965,965,"[-80, 206]"
collapse_excess,40,"[40, -80, 207]",344,344,"[-80, 207]"
collapse_excess,40,"[40, -80, 208]",1879,1879,"[-80, 208]"
collapse_excess,40,"[40, -80, 209]",236,236,"[-80, 209]"
collapse_excess,40,"[40, -80, 210]",1424,1424,"[-80, 210]"
collapse_excess,40,"[40, -80, 211]",1486,1486,"[-80, 211]"
collapse_excess,40,"[40, -80, 213]",1237,1237,"[-80, 213]"
collapse_excess,40,"[40, -80, 218]",752,752,"[-80, 218]"
collapse_excess,40,"[40, -80, 219]",6,6,"[-80, 219]"
collapse_excess,40,"[40, -80, 224]",59,59,"[-80, 224]"
collapse_excess,40,"[40, -80, 225]",2,2,"[-80, 225]"
collapse_excess,40,"[40, -80, 230]",1,1,"[-80, 230]"
collapse_excess,40,"[40, -72, 1]",2,2,"[-72, 1]"
collapse_excess,40,"[40, -72, 13]",39,39,"[-72, 13]"
collapse_excess,40,"[40, -72, 33]",70,70,"[-72, 33]"
collapse_excess,40,"[40, -72, 35]",36,36,"[-72, 35]"
collapse_excess,40,"[40, -72, 39]",17,17,"[-72, 39]"
collapse_excess,40,"[40, -72, 42]",1,1,"[-72, 42]"
collapse_excess,40,"[40, -72, 43]",1,1,"[-72, 43]"
collapse_excess,40,"[40, -72, 44]",1,1,"[-72, 44]"
collapse_excess,40,"[40, -72, 46]",1,1,"[-72, 46]"
collapse_excess,40,"[40, -72, 47]",1,1,"[-72, 47]"
collapse_excess,40,"[40, -72, 51]",1,1,"[-72, 51]"
collapse_excess,40,"[40, -72, 57]",4,4,"[-72, 57]"
collapse_excess,40,"[40, -72, 60]",12,12,"[-72, 60]"
collapse_excess,40,"[40, -72, 61]",1,1,"[-72, 61]"
collapse_excess,40,"[40, -72, 63]",1,1,"[-72, 63]"
collapse_excess,40,"[40, -72, 64]",7,7,"[-72, 64]"
collapse_excess,40,"[40, -72, 66]",2,2,"[-72, 66]"
collapse_excess,40,"[40, -72, 69]",2,2,"[-72, 69]"
collapse_excess,40,"[40, -72, 70]",8,8,"[-72, 70]"
collapse_excess,40,"[40, -72, 71]",2,2,"[-72, 71]"
collapse_excess,40,"[40, -72, 74]",4,4,"[-72, 74]"
collapse_excess,40,"[40, -72, 75]",4,4,"[-72, 75]"
collapse_excess,40,"[40, -72, 78]",3,3,"[-72, 78]"
collapse_excess,40,"[40, -72, 79]",1,1,"[-72, 79]"
collapse_excess,40,"[40, -72, 80]",2,2,"[-72, 80]"
collapse_excess,40,"[40, -72, 81]",1,1,"[-72, 81]"
collapse_excess,40,"[40, -72, 82]",4,4,"[-72, 82]"
collapse_excess,40,"[40, -72, 182]",1,1,"[-72, 182]"
collapse_excess,40,"[40, -72, 186]",1,1,"[-72, 186]"
collapse_excess,40,"[40, -72, 207]",20,20,"[-72, 207]"
collapse_excess,40,"[40, -72, 208]",7,7,"[-72, 208]"
collapse_excess,40,"[40, -72, 209]",2,2,"[-72, 209]"
collapse_excess,40,"[40, -72, 210]",175,175,"[-72, 210]"
collapse_excess,40,"[40, -72, 212]",70,70,"[-72, 212]"
collapse_excess,40,"[40, -72, 213]",606,606,"[-72, 213]"
collapse_excess,40,"[40, -72, 214]",139,139,"[-72, 214]"
collapse_excess,40,"[40, -72, 215]",82,82,"[-72, 215]"
collapse_excess,40,"[40, -72, 216]",225,225,"[-72, 216]"
collapse_excess,40,"[40, -72, 219]",2000,3421,"[-72, 219]"
collapse_excess,40,"[40, -72, 220]",204,204,"[-72, 220]"
collapse_excess,40,"[40, -72, 221]",217,217,"[-72, 221]"
collapse_excess,40,"[40, -72, 222]",64,64,"[-72, 222]"
collapse_excess,40,"[40, -72, 225]",2,2,"[-72, 225]"
collapse_excess,40,"[40, -72, 226]",9,9,"[-72, 226]"
collapse_excess,40,"[40, -72, 227]",71,71,"[-72, 227]"
collapse_excess,40,"[40, -72, 228]",8,8,"[-72, 228]"
collapse_excess,40,"[40, -64, 1]",1,1,"[-64, 1]"
collapse_excess,40,"[40, -64, 21]",1,1,"[-64, 21]"
collapse_excess,40,"[40, -64, 29]",63,63,"[-64, 29]"
collapse_excess,40,"[40, -64, 31]",28,28,"[-64, 31]"
collapse_excess,40,"[40, -64, 33]",5,5,"[-64, 33]"
collapse_excess,40,"[40, -64, 35]",35,35,"[-64, 35]"
collapse_excess,40,"[40, -64, 36]",5,5,"[-64, 36]"
collapse_excess,40,"[40, -64, 38]",1,1,"[-64, 38]"
collapse_excess,40,"[40, -64, 39]",1,1,"[-64, 39]"
collapse_excess,40,"[40, -64, 40]",3,3,"[-64, 40]"
collapse_excess,40,"[40, -64, 41]",40,40,"[-64, 41]"
collapse_excess,40,"[40, -64, 42]",1,1,"[-64, 42]"
collapse_excess,40,"[40, -64, 43]",1,1,"[-64, 43]"
collapse_excess,40,"[40, -64, 45]",29,29,"[-64, 45]"
collapse_excess,40,"[40, -64, 46]",1,1,"[-64, 46]"
collapse_excess,40,"[40, -64, 47]",20,20,"[-64, 47]"
collapse_excess,40,"[40, -64, 48]",1,1,"[-64, 48]"
collapse_excess,40,"[40, -64, 49]",19,19,"[-64, 49]"
collapse_excess,40,"[40, -64, 50]",9,9,"[-64, 50]"
collapse_excess,40,"[40, -64, 51]",11,11,"[-64, 51]"
collapse_excess,40,"[40, -64, 53]",5,5,"[-64, 53]"
collapse_excess,40,"[40, -64, 54]",14,14,"[-64, 54]"
collapse_excess,40,"[40, -64, 56]",15,15,"[-64, 56]"
collapse_excess,40,"[40, -64, 57]",10,10,"[-64, 57]"
collapse_excess,40,"[40, -64, 58]",20,20,"[-64, 58]"
collapse_excess,40,"[40, -64, 59]",21,21,"[-64, 59]"
collapse_excess,40,"[40, -64, 60]",6,6,"[-64, 60]"
collapse_excess,40,"[40, -64, 61]",8,8,"[-64, 61]"
collapse_excess,40,"[40, -64, 62]",11,11,"[-64, 62]"
collapse_excess,40,"[40, -64, 63]",22,22,"[-64, 63]"
collapse_excess,40,"[40, -64, 64]",6,6,"[-64, 64]"
collapse_excess,40,"[40, -64, 65]",4,4,"[-64, 65]"
collapse_excess,40,"[40, -64, 66]",17,17,"[-64, 66]"
collapse_excess,40,"[40, -64, 67]",14,14,"[-64, 67]"
collapse_excess,40,"[40, -64, 68]",3,3,"[-64, 68]"
collapse_excess,40,"[40, -64, 69]",2,2,"[-64, 69]"
collapse_excess,40,"[40, -64, 71]",6,6,"[-64, 71]"
collapse_excess,40,"[40, -64, 72]",6,6,"[-64, 72]"
collapse_excess,40,"[40, -64, 73]",4,4,"[-64, 73]"
collapse_excess,40,"[40, -64, 77]",2,2,"[-64, 77]"
collapse_excess,40,"[40, -64, 78]",1,1,"[-64, 78]"
collapse_excess,40,"[40, -64, 85]",1,1,"[-64, 85]"
collapse_excess,40,"[40, -64, 86]",4,4,"[-64, 86]"
collapse_excess,40,"[40, -64, 192]",1,1,"[-64, 192]"
collapse_excess,40,"[40, -64, 207]",2,2,"[-64, 207]"
collapse_excess,40,"[40, -64, 209]",10,10,"[-64, 209]"
collapse_excess,40,"[40, -64, 210]",3,3,"[-64, 210]"
collapse_excess,40,"[40, -64, 212]",7,7,"[-64, 212]"
collapse_excess,40,"[40, -64, 213]",9,9,"[-64, 213]"
collapse_excess,40,"[40, -64, 214]",1,1,"[-64, 214]"
collapse_excess,40,"[40, -64, 215]",2,2,"[-64, 215]"
collapse_excess,40,"[40, -64, 216]",19,19,"[-64, 216]"
collapse_excess,40,"[40, -64, 217]",16,16,"[-64, 217]"
collapse_excess,40,"[40, -64, 218]",78,78,"[-64, 218]"
collapse_excess,40,"[40, -64, 219]",64,64,"[-64, 219]"
collapse_excess,40,"[40, -64, 220]",13,13,"[-64, 220]"
collapse_excess,40,"[40, -64, 222]",47,47,"[-64, 222]"
collapse_excess,40,"[40, -64, 223]",7,7,"[-64, 223]"
collapse_excess,40,"[40, -64, 224]",49,49,"[-64, 224]"
collapse_excess,40,"[40, -64, 225]",14,14,"[-64, 225]"
collapse_excess,40,"[40, -64, 228]",2,2,"[-64, 228]"
collapse_excess,40,"[40, -56, 1]",4,4,"[-56, 1]"
collapse_excess,40,"[40, -56, 25]",26,26,"[-56, 25]"
collapse_excess,40,"[40, -56, 27]",6,6,"[-56, 27]"
collapse_excess,40,"[40, -56, 28]",9,9,"[-56, 28]"
collapse_excess,40,"[40, -56, 29]",9,9,"[-56, 29]"
collapse_excess,40,"[40, -56, 31]",30,30,"[-56, 31]"
collapse_excess,40,"[40, -56, 32]",5,5,"[-56, 32]"
collapse_excess,40,"[40, -56, 33]",46,46,"[-56, 33]"
collapse_excess,40,"[40, -56, 34]",3,3,"[-56, 34]"
collapse_excess,40,"[40, -56, 35]",18,18,"[-56, 35]"
collapse_excess,40,"[40, -56, 36]",1,1,"[-56, 36]"
collapse_excess,40,"[40, -56, 37]",17,17,"[-56, 37]"
collapse_excess,40,"[40, -56, 38]",41,41,"[-56, 38]"
collapse_excess,40,"[40, -56, 39]",3,3,"[-56, 39]"
collapse_excess,40,"[40, -56, 40]",10,10,"[-56, 40]"
collapse_excess,40,"[40, -56, 41]",14,14,"[-56, 41]"
collapse_excess,40,"[40, -56, 42]",12,12,"[-56, 42]"
collapse_excess,40,"[40, -56, 43]",34,34,"[-56, 43]"
collapse_excess,40,"[40, -56, 44]",7,7,"[-56, 44]"
collapse_excess,40,"[40, -56, 45]",7,7,"[-56, 45]"
collapse_excess,40,"[40, -56, 46]",34,34,"[-56, 46]"
collapse_excess,40,"[40, -56, 47]",51,51,"[-56, 47]"
collapse_excess,40,"[40, -56, 48]",1,1,"[-56, 48]"
collapse_excess,40,"[40, -56, 49]",35,35,"[-56, 49]"
collapse_excess,40,"[40, -56, 50]",33,33,"[-56, 50]"
collapse_excess,40,"[40, -56, 51]",116,116,"[-56, 51]"
collapse_excess,40,"[40, -56, 52]",33,33,"[-56, 52]"
collapse_excess,40,"[40, -56, 53]",91,91,"[-56, 53]"
collapse_excess,40,"[40, -56, 54]",58,58,"[-56, 54]"
collapse_excess,40,"[40, -56, 55]",153,153,"[-56, 55]"
collapse_excess,40,"[40, -56, 56]",112,112,"[-56, 56]"
collapse_excess,40,"[40, -56, 57]",157,157,"[-56, 57]"
collapse_excess,40,"[40, -56, 58]",142,142,"[-56, 58]"
collapse_excess,40,"[40, -56, 59]",37,37,"[-56, 59]"
collapse_excess,40,"[40, -56, 60]",76,76,"[-56, 60]"
collapse_excess,40,"[40, -56, 61]",199,199,"[-56, 61]"
collapse_excess,40,"[40, -56, 62]",205,205,"[-56, 62]"
collapse_excess,40,"[40, -56, 63]",43,43,"[-56, 63]"
collapse_excess,40,"[40, -56, 64]",91,91,"[-56, 64]"
collapse_excess,40,"[40, -56, 65]",48,48,"[-56, 65]"
collapse_excess,40,"[40, -56, 66]",34,34,"[-56, 66]"
collapse_excess,40,"[40, -56, 67]",69,69,"[-56, 67]"
collapse_excess,40,"[40, -56, 68]",64,64,"[-56, 68]"
collapse_excess,40,"[40, -56, 69]",86,86,"[-56, 69]"
collapse_excess,40,"[40, -56, 70]",27,27,"[-56, 70]"
collapse_excess,40,"[40, -56, 71]",45,45,"[-56, 71]"
collapse_excess,40,"[40, -56, 72]",3,3,"[-56, 72]"
collapse_excess,40,"[40, -56, 73]",19,19,"[-56, 73]"
collapse_excess,40,"[40, -56, 74]",23,23,"[-56, 74]"
collapse_excess,40,"[40, -56, 75]",1,1,"[-56, 75]"
collapse_excess,40,"[40, -56, 76]",1,1,"[-56, 76]"
collapse_excess,40,"[40, -56, 80]",1,1,"[-56, 80]"
collapse_excess,40,"[40, -56, 93]",1,1,"[-56, 93]"
collapse_excess,40,"[40, -56, 99]",10,10,"[-56, 99]"
collapse_excess,40,"[40, -56, 196]",1,1,"[-56, 196]"
collapse_excess,40,"[40, -56, 214]",1,1,"[-56, 214]"
collapse_excess,40,"[40, -56, 215]",2,2,"[-56, 215]"
collapse_excess,40,"[40, -56, 216]",3,3,"[-56, 216]"
collapse_excess,40,"[40, -56, 218]",14,14,"[-56, 218]"
collapse_excess,40,"[40, -56, 219]",7,7,"[-56, 219]"
collapse_excess,40,"[40, -56, 220]",26,26,"[-56, 220]"
collapse_excess,40,"[40, -56, 221]",8,8,"[-56, 221]"
collapse_excess,40,"[40, -56, 222]",1,1,"[-56, 222]"
collapse_excess,40,"[40, -56, 224]",5,5,"[-56, 224]"
collapse_excess,40,"[40, -56, 226]",2,2,"[-56, 226]"
collapse_excess,40,"[40, -56, 230]",1,1,"[-56, 230]"
collapse_excess,40,"[40, -48, 21]",1,1,"[-48, 21]"
collapse_excess,40,"[40, -48, 33]",16,16,"[-48, 33]"
collapse_excess,40,"[40, -48, 34]",1,1,"[-48, 34]"
collapse_excess,40,"[40, -48, 35]",93,93,"[-48, 35]"
collapse_excess,40,"[40, -48, 36]",74,74,"[-48, 36]"
collapse_excess,40,"[40, -48, 37]",25,25,"[-48, 37]"
collapse_excess,40,"[40, -48, 38]",2,2,"[-48, 38]"
collapse_excess,40,"[40, -48, 39]",69,69,"[-48, 39]"
collapse_excess,40,"[40, -48, 40]",7,7,"[-48, 40]"
collapse_excess,40,"[40, -48, 41]",81,81,"[-48, 41]"
collapse_excess,40,"[40, -48, 42]",5,5,"[-48, 42]"
collapse_excess,40,"[40, -48, 43]",52,52,"[-48, 43]"
collapse_excess,40,"[40, -48, 44]",27,27,"[-48, 44]"
collapse_excess,40,"[40, -48, 45]",86,86,"[-48, 45]"
collapse_excess,40,"[40, -48, 46]",9,9,"[-48, 46]"
collapse_excess,40,"[40, -48, 47]",68,68,"[-48, 47]"
collapse_excess,40,"[40, -48, 48]",42,42,"[-48, 48]"
collapse_excess,40,"[40, -48, 49]",64,64,"[-48, 49]"
collapse_excess,40,"[40, -48, 50]",4,4,"[-48, 50]"
collapse_excess,40,"[40, -48, 51]",102,102,"[-48, 51]"
collapse_excess,40,"[40, -48, 52]",95,95,"[-48, 52]"
collapse_excess,40,"[40, -48, 53]",127,127,"[-48, 53]"
collapse_excess,40,"[40, -48, 54]",81,81,"[-48, 54]"
collapse_excess,40,"[40, -48, 55]",58,58,"[-48, 55]"
collapse_excess,40,"[40, -48, 56]",51,51,"[-48, 56]"
collapse_excess,40,"[40, -48, 57]",188,188,"[-48, 57]"
collapse_excess,40,"[40, -48, 58]",291,291,"[-48, 58]"
collapse_excess,40,"[40, -48, 59]",260,260,"[-48, 59]"
collapse_excess,40,"[40, -48, 60]",325,325,"[-48, 60]"
collapse_excess,40,"[40, -48, 61]",233,233,"[-48, 61]"
collapse_excess,40,"[40, -48, 62]",224,224,"[-48, 62]"
collapse_excess,40,"[40, -48, 63]",388,388,"[-48, 63]"
collapse_excess,40,"[40, -48, 64]",443,443,"[-48, 64]"
collapse_excess,40,"[40, -48, 65]",989,989,"[-48, 65]"
collapse_excess,40,"[40, -48, 66]",673,673,"[-48, 66]"
collapse_excess,40,"[40, -48, 67]",69,69,"[-48, 67]"
collapse_excess,40,"[40, -48, 68]",77,77,"[-48, 68]"
collapse_excess,40,"[40, -48, 69]",190,190,"[-48, 69]"
collapse_excess,40,"[40, -48, 70]",333,333,"[-48, 70]"
collapse_excess,40,"[40, -48, 71]",354,354,"[-48, 71]"
collapse_excess,40,"[40, -48, 72]",220,220,"[-48, 72]"
collapse_excess,40,"[40, -48, 73]",51,51,"[-48, 73]"
collapse_excess,40,"[40, -48, 74]",70,70,"[-48, 74]"
collapse_excess,40,"[40, -48, 75]",68,68,"[-48, 75]"
collapse_excess,40,"[40, -48, 76]",85,85,"[-48, 76]"
collapse_excess,40,"[40, -48, 77]",203,203,"[-48, 77]"
collapse_excess,40,"[40, -48, 78]",128,128,"[-48, 78]"
collapse_excess,40,"[40, -48, 79]",1,1,"[-48, 79]"
collapse_excess,40,"[40, -48, 81]",107,107,"[-48, 81]"
collapse_excess,40,"[40, -48, 82]",21,21,"[-48, 82]"
collapse_excess,40,"[40, -48, 83]",74,74,"[-48, 83]"
collapse_excess,40,"[40, -48, 84]",3,3,"[-48, 84]"
collapse_excess,40,"[40, -48, 87]",37,37,"[-48, 87]"
collapse_excess,40,"[40, -48, 89]",4,4,"[-48, 89]"
collapse_excess,40,"[40, -48, 93]",5,5,"[-48, 93]"
collapse_excess,40,"[40, -48, 96]",3,3,"[-48, 96]"
collapse_excess,40,"[40, -48, 99]",1,1,"[-48, 99]"
collapse_excess,40,"[40, -48, 100]",1,1,"[-48, 100]"
collapse_excess,40,"[40, -48, 101]",1,1,"[-48, 101]"
collapse_excess,40,"[40, -48, 112]",2,2,"[-48, 112]"
collapse_excess,40,"[40, -48, 132]",1,1,"[-48, 132]"
collapse_excess,40,"[40, -48, 216]",1,1,"[-48, 216]"
collapse_excess,40,"[40, -48, 219]",4,4,"[-48, 219]"
collapse_excess,40,"[40, -48, 220]",4,4,"[-48, 220]"
collapse_excess,40,"[40, -48, 222]",22,22,"[-48, 222]"
collapse_excess,40,"[40, -48, 225]",4,4,"[-48, 225]"
collapse_excess,40,"[40, -48, 226]",4,4,"[-48, 226]"
collapse_excess,40,"[40, -48, 234]",2,2,"[-48, 234]"
collapse_excess,40,"[40, -40, 17]",2,2,"[-40, 17]"
collapse_excess,40,"[40, -40, 18]",1,1,"[-40, 18]"
collapse_excess,40,"[40, -40, 19]",6,6,"[-40, 19]"
collapse_excess,40,"[40, -40, 23]",17,17,"[-40, 23]"
collapse_excess,40,"[40, -40, 25]",1,1,"[-40, 25]"
collapse_excess,40,"[40, -40, 27]",11,11,"[-40, 27]"
collapse_excess,40,"[40, -40, 28]",3,3,"[-40, 28]"
collapse_excess,40,"[40, -40, 29]",14,14,"[-40, 29]"
collapse_excess,40,"[40, -40, 39]",1,1,"[-40, 39]"
collapse_excess,40,"[40, -40, 41]",38,38,"[-40, 41]"
collapse_excess,40,"[40, -40, 42]",3,3,"[-40, 42]"
collapse_excess,40,"[40, -40, 43]",206,206,"[-40, 43]"
collapse_excess,40,"[40, -40, 44]",5,5,"[-40, 44]"
collapse_excess,40,"[40, -40, 45]",43,43,"[-40, 45]"
collapse_excess,40,"[40, -40, 46]",54,54,"[-40, 46]"
collapse_excess,40,"[40, -40, 47]",110,110,"[-40, 47]"
collapse_excess,40,"[40, -40, 48]",9,9,"[-40, 48]"
collapse_excess,40,"[40, -40, 49]",88,88,"[-40, 49]"
collapse_excess,40,"[40, -40, 50]",79,79,"[-40, 50]"
collapse_excess,40,"[40, -40, 51]",125,125,"[-40, 51]"
collapse_excess,40,"[40, -40, 52]",38,38,"[-40, 52]"
collapse_excess,40,"[40, -40, 53]",75,75,"[-40, 53]"
collapse_excess,40,"[40, -40, 54]",68,68,"[-40, 54]"
collapse_excess,40,"[40, -40, 55]",276,276,"[-40, 55]"
collapse_excess,40,"[40, -40, 56]",76,76,"[-40, 56]"
collapse_excess,40,"[40, -40, 57]",76,76,"[-40, 57]"
collapse_excess,40,"[40, -40, 58]",34,34,"[-40, 58]"
collapse_excess,40,"[40, -40, 59]",177,177,"[-40, 59]"
collapse_excess,40,"[40, -40, 60]",79,79,"[-40, 60]"
collapse_excess,40,"[40, -40, 61]",817,817,"[-40, 61]"
collapse_excess,40,"[40, -40, 62]",310,310,"[-40, 62]"
collapse_excess,40,"[40, -40, 63]",107,107,"[-40, 63]"
collapse_excess,40,"[40, -40, 64]",183,183,"[-40, 64]"
collapse_excess,40,"[40, -40, 65]",125,125,"[-40, 65]"
collapse_excess,40,"[40, -40, 66]",526,526,"[-40, 66]"
collapse_excess,40,"[40, -40, 67]",108,108,"[-40, 67]"
collapse_excess,40,"[40, -40, 68]",207,207,"[-40, 68]"
collapse_excess,40,"[40, -40, 69]",50,50,"[-40, 69]"
collapse_excess,40,"[40, -40, 70]",85,85,"[-40, 70]"
collapse_excess,40,"[40, -40, 71]",207,207,"[-40, 71]"
collapse_excess,40,"[40, -40, 72]",96,96,"[-40, 72]"
collapse_excess,40,"[40, -40, 73]",4,4,"[-40, 73]"
collapse_excess,40,"[40, -40, 74]",20,20,"[-40, 74]"
collapse_excess,40,"[40, -40, 75]",33,33,"[-40, 75]"
collapse_excess,40,"[40, -40, 76]",5,5,"[-40, 76]"
collapse_excess,40,"[40, -40, 77]",114,114,"[-40, 77]"
collapse_excess,40,"[40, -40, 78]",7,7,"[-40, 78]"
collapse_excess,40,"[40, -40, 80]",3,3,"[-40, 80]"
collapse_excess,40,"[40, -40, 81]",8,8,"[-40, 81]"
collapse_excess,40,"[40, -40, 83]",75,75,"[-40, 83]"
collapse_excess,40,"[40, -40, 84]",10,10,"[-40, 84]"
collapse_excess,40,"[40, -40, 86]",5,5,"[-40, 86]"
collapse_excess,40,"[40, -40, 87]",4,4,"[-40, 87]"
collapse_excess,40,"[40, -40, 89]",4,4,"[-40, 89]"
collapse_excess,40,"[40, -40, 90]",2,2,"[-40, 90]"
collapse_excess,40,"[40, -40, 93]",1,1,"[-40, 93]"
collapse_excess,40,"[40, -40, 95]",1,1,"[-40, 95]"
collapse_excess,40,"[40, -40, 96]",1,1,"[-40, 96]"
collapse_excess,40,"[40, -40, 99]",4,4,"[-40, 99]"
collapse_excess,40,"[40, -40, 102]",2,2,"[-40, 102]"
collapse_excess,40,"[40, -40, 105]",4,4,"[-40, 105]"
collapse_excess,40,"[40, -40, 108]",2,2,"[-40, 108]"
collapse_excess,40,"[40, -40, 111]",3,3,"[-40, 111]"
collapse_excess,40,"[40, -40, 116]",1,1,"[-40, 116]"
collapse_excess,40,"[40, -40, 122]",2,2,"[-40, 122]"
collapse_excess,40,"[40, -40, 221]",3,3,"[-40, 221]"
collapse_excess,40,"[40, -40, 224]",10,10,"[-40, 224]"
collapse_excess,40,"[40, -40, 225]",2,2,"[-40, 225]"
collapse_excess,40,"[40, -40, 228]",5,5,"[-40, 228]"
collapse_excess,40,"[40, -40, 233]",10,10,"[-40, 233]"
collapse_excess,40,"[40, -40, 234]",1,1,"[-40, 234]"
collapse_excess,40,"[40, -40, 240]",2,2,"[-40, 240]"
collapse_excess,40,"[40, -40, 246]",4,4,"[-40, 246]"
collapse_excess,40,"[40, -40, 252]",4,4,"[-40, 252]"
collapse_excess,40,"[40, -40, 258]",19,19,"[-40, 258]"
collapse_excess,40,"[40, -40, 264]",1,1,"[-40, 264]"
collapse_excess,40,"[40, -32, 21]",1,1,"[-32, 21]"
collapse_excess,40,"[40, -32, 23]",3,3,"[-32, 23]"
collapse_excess,40,"[40, -32, 25]",5,5,"[-32, 25]"
collapse_excess,40,"[40, -32, 26]",12,12,"[-32, 26]"
collapse_excess,40,"[40, -32, 27]",3,3,"[-32, 27]"
collapse_excess,40,"[40, -32, 28]",1,1,"[-32, 28]"
collapse_excess,40,"[40, -32, 29]",7,7,"[-32, 29]"
collapse_excess,40,"[40, -32, 30]",1,1,"[-32, 30]"
collapse_excess,40,"[40, -32, 31]",13,13,"[-32, 31]"
collapse_excess,40,"[40, -32, 32]",6,6,"[-32, 32]"
collapse_excess,40,"[40, -32, 33]",4,4,"[-32, 33]"
collapse_excess,40,"[40, -32, 34]",8,8,"[-32, 34]"
collapse_excess,40,"[40, -32, 35]",18,18,"[-32, 35]"
collapse_excess,40,"[40, -32, 36]",2,2,"[-32, 36]"
collapse_excess,40,"[40, -32, 37]",8,8,"[-32, 37]"
collapse_excess,40,"[40, -32, 39]",16,16,"[-32, 39]"
collapse_excess,40,"[40, -32, 40]",11,11,"[-32, 40]"
collapse_excess,40,"[40, -32, 41]",2,2,"[-32, 41]"
collapse_excess,40,"[40, -32, 42]",1,1,"[-32, 42]"
collapse_excess,40,"[40, -32, 43]",2,2,"[-32, 43]"
collapse_excess,40,"[40, -32, 44]",2,2,"[-32, 44]"
collapse_excess,40,"[40, -32, 45]",2,2,"[-32, 45]"
collapse_excess,40,"[40, -32, 46]",6,6,"[-32, 46]"
collapse_excess,40,"[40, -32, 47]",3,3,"[-32, 47]"
collapse_excess,40,"[40, -32, 48]",4,4,"[-32, 48]"
collapse_excess,40,"[40, -32, 49]",74,74,"[-32, 49]"
collapse_excess,40,"[40, -32, 50]",6,6,"[-32, 50]"
collapse_excess,40,"[40, -32, 51]",300,300,"[-32, 51]"
collapse_excess,40,"[40, -32, 52]",32,32,"[-32, 52]"
collapse_excess,40,"[40, -32, 53]",99,99,"[-32, 53]"
collapse_excess,40,"[40, -32, 54]",29,29,"[-32, 54]"
collapse_excess,40,"[40, -32, 55]",81,81,"[-32, 55]"
collapse_excess,40,"[40, -32, 56]",64,64,"[-32, 56]"
collapse_excess,40,"[40, -32, 57]",129,129,"[-32, 57]"
collapse_excess,40,"[40, -32, 58]",60,60,"[-32, 58]"
collapse_excess,40,"[40, -32, 59]",66,66,"[-32, 59]"
collapse_excess,40,"[40, -32, 60]",6,6,"[-32, 60]"
collapse_excess,40,"[40, -32, 61]",119,119,"[-32, 61]"
collapse_excess,40,"[40, -32, 62]",50,50,"[-32, 62]"
collapse_excess,40,"[40, -32, 63]",146,146,"[-32, 63]"
collapse_excess,40,"[40, -32, 64]",184,184,"[-32, 64]"
collapse_excess,40,"[40, -32, 65]",69,69,"[-32, 65]"
collapse_excess,40,"[40, -32, 66]",28,28,"[-32, 66]"
collapse_excess,40,"[40, -32, 67]",43,43,"[-32, 67]"
collapse_excess,40,"[40, -32, 68]",114,114,"[-32, 68]"
collapse_excess,40,"[40, -32, 69]",173,173,"[-32, 69]"
collapse_excess,40,"[40, -32, 70]",376,376,"[-32, 70]"
collapse_excess,40,"[40, -32, 71]",19,19,"[-32, 71]"
collapse_excess,40,"[40, -32, 72]",9,9,"[-32, 72]"
collapse_excess,40,"[40, -32, 73]",15,15,"[-32, 73]"
collapse_excess,40,"[40, -32, 74]",21,21,"[-32, 74]"
collapse_excess,40,"[40, -32, 75]",64,64,"[-32, 75]"
collapse_excess,40,"[40, -32, 76]",8,8,"[-32, 76]"
collapse_excess,40,"[40, -32, 77]",4,4,"[-32, 77]"
collapse_excess,40,"[40, -32, 78]",37,37,"[-32, 78]"
collapse_excess,40,"[40, -32, 79]",6,6,"[-32, 79]"
collapse_excess,40,"[40, -32, 80]",2,2,"[-32, 80]"
collapse_excess,40,"[40, -32, 82]",30,30,"[-32, 82]"
collapse_excess,40,"[40, -32, 84]",30,30,"[-32, 84]"
collapse_excess,40,"[40, -32, 85]",18,18,"[-32, 85]"
collapse_excess,40,"[40, -32, 86]",8,8,"[-32, 86]"
collapse_excess,40,"[40, -32, 87]",1,1,"[-32, 87]"
collapse_excess,40,"[40, -32, 88]",5,5,"[-32, 88]"
collapse_excess,40,"[40, -32, 89]",5,5,"[-32, 89]"
collapse_excess,40,"[40, -32, 90]",19,19,"[-32, 90]"
collapse_excess,40,"[40, -32, 91]",3,3,"[-32, 91]"
collapse_excess,40,"[40, -32, 92]",1,1,"[-32, 92]"
collapse_excess,40,"[40, -32, 94]",2,2,"[-32, 94]"
collapse_excess,40,"[40, -32, 95]",8,8,"[-32, 95]"
collapse_excess,40,"[40, -32, 96]",18,18,"[-32, 96]"
collapse_excess,40,"[40, -32, 100]",2,2,"[-32, 100]"
collapse_excess,40,"[40, -32, 101]",2,2,"[-32, 101]"
collapse_excess,40,"[40, -32, 106]",2,2,"[-32, 106]"
collapse_excess,40,"[40, -32, 112]",2,2,"[-32, 112]"
collapse_excess,40,"[40, -32, 118]",4,4,"[-32, 118]"
collapse_excess,40,"[40, -32, 120]",1,1,"[-32, 120]"
collapse_excess,40,"[40, -32, 124]",2,2,"[-32, 124]"
collapse_excess,40,"[40, -32, 130]",1,1,"[-32, 130]"
collapse_excess,40,"[40, -32, 136]",1,1,"[-32, 136]"
collapse_excess,40,"[40, -32, 226]",7,7,"[-32, 226]"
collapse_excess,40,"[40, -32, 228]",3,3,"[-32, 228]"
collapse_excess,40,"[40, -32, 229]",5,5,"[-32, 229]"
collapse_excess,40,"[40, -32, 230]",4,4,"[-32, 230]"
collapse_excess,40,"[40, -32, 232]",2,2,"[-32, 232]"
collapse_excess,40,"[40, -32, 254]",1,1,"[-32, 254]"
collapse_excess,40,"[40, -32, 259]",1,1,"[-32, 259]"
collapse_excess,40,"[40, -32, 260]",4,4,"[-32, 260]"
collapse_excess,40,"[40, -32, 266]",6,6,"[-32, 266]"
collapse_excess,40,"[40, -24, 23]",2,2,"[-24, 23]"
collapse_excess,40,"[40, -24, 25]",1,1,"[-24, 25]"
collapse_excess,40,"[40, -24, 26]",3,3,"[-24, 26]"
collapse_excess,40,"[40, -24, 27]",3,3,"[-24, 27]"
collapse_excess,40,"[40, -24, 28]",4,4,"[-24, 28]"
collapse_excess,40,"[40, -24, 29]",7,7,"[-24, 29]"
collapse_excess,40,"[40, -24, 30]",8,8,"[-24, 30]"
collapse_excess,40,"[40, -24, 31]",30,30,"[-24, 31]"
collapse_excess,40,"[40, -24, 32]",13,13,"[-24, 32]"
collapse_excess,40,"[40, -24, 33]",65,65,"[-24, 33]"
collapse_excess,40,"[40, -24, 34]",47,47,"[-24, 34]"
collapse_excess,40,"[40, -24, 35]",52,52,"[-24, 35]"
collapse_excess,40,"[40, -24, 36]",58,58,"[-24, 36]"
collapse_excess,40,"[40, -24, 37]",142,142,"[-24, 37]"
collapse_excess,40,"[40, -24, 38]",37,37,"[-24, 38]"
collapse_excess,40,"[40, -24, 39]",282,282,"[-24, 39]"
collapse_excess,40,"[40, -24, 40]",148,148,"[-24, 40]"
collapse_excess,40,"[40, -24, 41]",104,104,"[-24, 41]"
collapse_excess,40,"[40, -24, 42]",135,135,"[-24, 42]"
collapse_excess,40,"[40, -24, 43]",61,61,"[-24, 43]"
collapse_excess,40,"[40, -24, 44]",47,47,"[-24, 44]"
collapse_excess,40,"[40, -24, 45]",204,204,"[-24, 45]"
collapse_excess,40,"[40, -24, 46]",134,134,"[-24, 46]"
collapse_excess,40,"[40, -24, 47]",22,22,"[-24, 47]"
collapse_excess,40,"[40, -24, 48]",137,137,"[-24, 48]"
collapse_excess,40,"[40, -24, 49]",28,28,"[-24, 49]"
collapse_excess,40,"[40, -24, 50]",2,2,"[-24, 50]"
collapse_excess,40,"[40, -24, 51]",51,51,"[-24, 51]"
collapse_excess,40,"[40, -24, 52]",2,2,"[-24, 52]"
collapse_excess,40,"[40, -24, 53]",3,3,"[-24, 53]"
collapse_excess,40,"[40, -24, 54]",10,10,"[-24, 54]"
collapse_excess,40,"[40, -24, 55]",4,4,"[-24, 55]"
collapse_excess,40,"[40, -24, 56]",2,2,"[-24, 56]"
collapse_excess,40,"[40, -24, 57]",51,51,"[-24, 57]"
collapse_excess,40,"[40, -24, 58]",12,12,"[-24, 58]"
collapse_excess,40,"[40, -24, 59]",189,189,"[-24, 59]"
collapse_excess,40,"[40, -24, 60]",55,55,"[-24, 60]"
collapse_excess,40,"[40, -24, 61]",32,32,"[-24, 61]"
collapse_excess,40,"[40, -24, 62]",9,9,"[-24, 62]"
collapse_excess,40,"[40, -24, 63]",88,88,"[-24, 63]"
collapse_excess,40,"[40, -24, 64]",25,25,"[-24, 64]"
collapse_excess,40,"[40, -24, 65]",126,126,"[-24, 65]"
collapse_excess,40,"[40, -24, 66]",77,77,"[-24, 66]"
collapse_excess,40,"[40, -24, 67]",65,65,"[-24, 67]"
collapse_excess,40,"[40, -24, 68]",16,16,"[-24, 68]"
collapse_excess,40,"[40, -24, 69]",178,178,"[-24, 69]"
collapse_excess,40,"[40, -24, 70]",140,140,"[-24, 70]"
collapse_excess,40,"[40, -24, 71]",89,89,"[-24, 71]"
collapse_excess,40,"[40, -24, 72]",165,165,"[-24, 72]"
collapse_excess,40,"[40, -24, 73]",27,27,"[-24, 73]"
collapse_excess,40,"[40, -24, 74]",5,5,"[-24, 74]"
collapse_excess,40,"[40, -24, 75]",128,128,"[-24, 75]"
collapse_excess,40,"[40, -24, 76]",63,63,"[-24, 76]"
collapse_excess,40,"[40, -24, 77]",29,29,"[-24, 77]"
collapse_excess,40,"[40, -24, 78]",40,40,"[-24, 78]"
collapse_excess,40,"[40, -24, 79]",76,76,"[-24, 79]"
collapse_excess,40,"[40, -24, 80]",1,1,"[-24, 80]"
collapse_excess,40,"[40, -24, 81]",108,108,"[-24, 81]"
collapse_excess,40,"[40, -24, 82]",54,54,"[-24, 82]"
collapse_excess,40,"[40, -24, 83]",17,17,"[-24, 83]"
collapse_excess,40,"[40, -24, 84]",40,40,"[-24, 84]"
collapse_excess,40,"[40, -24, 85]",68,68,"[-24, 85]"
collapse_excess,40,"[40, -24, 87]",82,82,"[-24, 87]"
collapse_excess,40,"[40, -24, 88]",33,33,"[-24, 88]"
collapse_excess,40,"[40, -24, 89]",28,28,"[-24, 89]"
collapse_excess,40,"[40, -24, 90]",20,20,"[-24, 90]"
collapse_excess,40,"[40, -24, 91]",12,12,"[-24, 91]"
collapse_excess,40,"[40, -24, 93]",35,35,"[-24, 93]"
collapse_excess,40,"[40, -24, 94]",33,33,"[-24, 94]"
collapse_excess,40,"[40, -24, 95]",53,53,"[-24, 95]"
collapse_excess,40,"[40, -24, 96]",20,20,"[-24, 96]"
collapse_excess,40,"[40, -24, 97]",23,23,"[-24, 97]"
collapse_excess,40,"[40, -24, 98]",5,5,"[-24, 98]"
collapse_excess,40,"[40, -24, 99]",30,30,"[-24, 99]"
collapse_excess,40,"[40, -24, 100]",19,19,"[-24, 100]"
collapse_excess,40,"[40, -24, 101]",25,25,"[-24, 101]"
collapse_excess,40,"[40, -24, 102]",1,1,"[-24, 102]"
collapse_excess,40,"[40, -24, 103]",7,7,"[-24, 103]"
collapse_excess,40,"[40, -24, 105]",20,20,"[-24, 105]"
collapse_excess,40,"[40, -24, 106]",8,8,"[-24, 106]"
collapse_excess,40,"[40, -24, 107]",8,8,"[-24, 107]"
collapse_excess,40,"[40, -24, 108]",2,2,"[-24, 108]"
collapse_excess,40,"[40, -24, 112]",9,9,"[-24, 112]"
collapse_excess,40,"[40, -24, 118]",5,5,"[-24, 118]"
collapse_excess,40,"[40, -24, 124]",5,5,"[-24, 124]"
collapse_excess,40,"[40, -24, 130]",2,2,"[-24, 130]"
collapse_excess,40,"[40, -24, 227]",4,4,"[-24, 227]"
collapse_excess,40,"[40, -24, 228]",5,5,"[-24, 228]"
collapse_excess,40,"[40, -24, 231]",6,6,"[-24, 231]"
collapse_excess,40,"[40, -24, 232]",27,27,"[-24, 232]"
collapse_excess,40,"[40, -24, 233]",1,1,"[-24, 233]"
collapse_excess,40,"[40, -24, 234]",3,3,"[-24, 234]"
collapse_excess,40,"[40, -24, 238]",3,3,"[-24, 238]"
collapse_excess,40,"[40, -24, 239]",10,10,"[-24, 239]"
collapse_excess,40,"[40, -24, 240]",2,2,"[-24, 240]"
collapse_excess,40,"[40, -24, 252]",1,1,"[-24, 252]"
collapse_excess,40,"[40, -24, 258]",10,10,"[-24, 258]"
collapse_excess,40,"[40, -24, 262]",4,4,"[-24, 262]"
collapse_excess,40,"[40, -24, 267]",3,3,"[-24, 267]"
collapse_excess,40,"[40, -16, 30]",1,1,"[-16, 30]"
collapse_excess,40,"[40, -16, 31]",7,7,"[-16, 31]"
collapse_excess,40,"[40, -16, 32]",7,7,"[-16, 32]"
collapse_excess,40,"[40, -16, 33]",9,9,"[-16, 33]"
collapse_excess,40,"[40, -16, 34]",12,12,"[-16, 34]"
collapse_excess,40,"[40, -16, 35]",18,18,"[-16, 35]"
collapse_excess,40,"[40, -16, 36]",78,78,"[-16, 36]"
collapse_excess,40,"[40, -16, 37]",86,86,"[-16, 37]"
collapse_excess,40,"[40, -16, 38]",236,236,"[-16, 38]"
collapse_excess,40,"[40, -16, 39]",55,55,"[-16, 39]"
collapse_excess,40,"[40, -16, 40]",143,143,"[-16, 40]"
collapse_excess,40,"[40, -16, 41]",389,389,"[-16, 41]"
collapse_excess,40,"[40, -16, 42]",483,483,"[-16, 42]"
collapse_excess,40,"[40, -16, 43]",828,828,"[-16, 43]"
collapse_excess,40,"[40, -16, 44]",1018,1018,"[-16, 44]"
collapse_excess,40,"[40, -16, 45]",519,519,"[-16, 45]"
collapse_excess,40,"[40, -16, 46]",267,267,"[-16, 46]"
collapse_excess,40,"[40, -16, 47]",2000,2456,"[-16, 47]"
collapse_excess,40,"[40, -16, 48]",2000,2152,"[-16, 48]"
collapse_excess,40,"[40, -16, 49]",1149,1149,"[-16, 49]"
collapse_excess,40,"[40, -16, 50]",774,774,"[-16, 50]"
collapse_excess,40,"[40, -16, 51]",289,289,"[-16, 51]"
collapse_excess,40,"[40, -16, 52]",235,235,"[-16, 52]"
collapse_excess,40,"[40, -16, 53]",1635,1635,"[-16, 53]"
collapse_excess,40,"[40, -16, 54]",1843,1843,"[-16, 54]"
collapse_excess,40,"[40, -16, 55]",188,188,"[-16, 55]"
collapse_excess,40,"[40, -16, 56]",386,386,"[-16, 56]"
collapse_excess,40,"[40, -16, 57]",101,101,"[-16, 57]"
collapse_excess,40,"[40, -16, 58]",27,27,"[-16, 58]"
collapse_excess,40,"[40, -16, 59]",289,289,"[-16, 59]"
collapse_excess,40,"[40, -16, 60]",150,150,"[-16, 60]"
collapse_excess,40,"[40, -16, 61]",13,13,"[-16, 61]"
collapse_excess,40,"[40, -16, 62]",65,65,"[-16, 62]"
collapse_excess,40,"[40, -16, 63]",7,7,"[-16, 63]"
collapse_excess,40,"[40, -16, 64]",5,5,"[-16, 64]"
collapse_excess,40,"[40, -16, 65]",76,76,"[-16, 65]"
collapse_excess,40,"[40, -16, 66]",84,84,"[-16, 66]"
collapse_excess,40,"[40, -16, 67]",201,201,"[-16, 67]"
collapse_excess,40,"[40, -16, 68]",118,118,"[-16, 68]"
collapse_excess,40,"[40, -16, 69]",116,116,"[-16, 69]"
collapse_excess,40,"[40, -16, 70]",47,47,"[-16, 70]"
collapse_excess,40,"[40, -16, 71]",624,624,"[-16, 71]"
collapse_excess,40,"[40, -16, 72]",1569,1569,"[-16, 72]"
collapse_excess,40,"[40, -16, 73]",262,262,"[-16, 73]"
collapse_excess,40,"[40, -16, 74]",203,203,"[-16, 74]"
collapse_excess,40,"[40, -16, 75]",147,147,"[-16, 75]"
collapse_excess,40,"[40, -16, 76]",49,49,"[-16, 76]"
collapse_excess,40,"[40, -16, 77]",393,393,"[-16, 77]"
collapse_excess,40,"[40, -16, 78]",654,654,"[-16, 78]"
collapse_excess,40,"[40, -16, 79]",77,77,"[-16, 79]"
collapse_excess,40,"[40, -16, 80]",159,159,"[-16, 80]"
collapse_excess,40,"[40, -16, 81]",131,131,"[-16, 81]"
collapse_excess,40,"[40, -16, 82]",20,20,"[-16, 82]"
collapse_excess,40,"[40, -16, 83]",345,345,"[-16, 83]"
collapse_excess,40,"[40, -16, 84]",375,375,"[-16, 84]"
collapse_excess,40,"[40, -16, 85]",43,43,"[-16, 85]"
collapse_excess,40,"[40, -16, 86]",122,122,"[-16, 86]"
collapse_excess,40,"[40, -16, 87]",71,71,"[-16, 87]"
collapse_excess,40,"[40, -16, 88]",18,18,"[-16, 88]"
collapse_excess,40,"[40, -16, 89]",502,502,"[-16, 89]"
collapse_excess,40,"[40, -16, 90]",610,610,"[-16, 90]"
collapse_excess,40,"[40, -16, 91]",30,30,"[-16, 91]"
collapse_excess,40,"[40, -16, 92]",144,144,"[-16, 92]"
collapse_excess,40,"[40, -16, 93]",97,97,"[-16, 93]"
collapse_excess,40,"[40, -16, 94]",3,3,"[-16, 94]"
collapse_excess,40,"[40, -16, 95]",875,875,"[-16, 95]"
collapse_excess,40,"[40, -16, 96]",384,384,"[-16, 96]"
collapse_excess,40,"[40, -16, 97]",18,18,"[-16, 97]"
collapse_excess,40,"[40, -16, 98]",72,72,"[-16, 98]"
collapse_excess,40,"[40, -16, 99]",33,33,"[-16, 99]"
collapse_excess,40,"[40, -16, 101]",618,618,"[-16, 101]"
collapse_excess,40,"[40, -16, 102]",192,192,"[-16, 102]"
collapse_excess,40,"[40, -16, 103]",14,14,"[-16, 103]"
collapse_excess,40,"[40, -16, 104]",38,38,"[-16, 104]"
collapse_excess,40,"[40, -16, 105]",6,6,"[-16, 105]"
collapse_excess,40,"[40, -16, 106]",6,6,"[-16, 106]"
collapse_excess,40,"[40, -16, 107]",315,315,"[-16, 107]"
collapse_excess,40,"[40, -16, 108]",28,28,"[-16, 108]"
collapse_excess,40,"[40, -16, 109]",12,12,"[-16, 109]"
collapse_excess,40,"[40, -16, 110]",4,4,"[-16, 110]"
collapse_excess,40,"[40, -16, 111]",4,4,"[-16, 111]"
collapse_excess,40,"[40, -16, 113]",74,74,"[-16, 113]"
collapse_excess,40,"[40, -16, 114]",9,9,"[-16, 114]"
collapse_excess,40,"[40, -16, 115]",6,6,"[-16, 115]"
collapse_excess,40,"[40, -16, 116]",2,2,"[-16, 116]"
collapse_excess,40,"[40, -16, 119]",2,2,"[-16, 119]"
collapse_excess,40,"[40, -16, 120]",2,2,"[-16, 120]"
collapse_excess,40,"[40, -16, 121]",1,1,"[-16, 121]"
collapse_excess,40,"[40, -16, 122]",2,2,"[-16, 122]"
collapse_excess,40,"[40, -16, 125]",5,5,"[-16, 125]"
collapse_excess,40,"[40, -16, 126]",2,2,"[-16, 126]"
collapse_excess,40,"[40, -16, 127]",1,1,"[-16, 127]"
collapse_excess,40,"[40, -16, 128]",2,2,"[-16, 128]"
collapse_excess,40,"[40, -16, 131]",1,1,"[-16, 131]"
collapse_excess,40,"[40, -16, 132]",2,2,"[-16, 132]"
collapse_excess,40,"[40, -16, 136]",3,3,"[-16, 136]"
collapse_excess,40,"[40, -16, 137]",1,1,"[-16, 137]"
collapse_excess,40,"[40, -16, 138]",1,1,"[-16, 138]"
collapse_excess,40,"[40, -16, 144]",3,3,"[-16, 144]"
collapse_excess,40,"[40, -16, 146]",3,3,"[-16, 146]"
collapse_excess,40,"[40, -16, 150]",2,2,"[-16, 150]"
collapse_excess,40,"[40, -16, 154]",1,1,"[-16, 154]"
collapse_excess,40,"[40, -16, 158]",1,1,"[-16, 158]"
collapse_excess,40,"[40, -16, 234]",39,39,"[-16, 234]"
collapse_excess,40,"[40, -16, 235]",4,4,"[-16, 235]"
collapse_excess,40,"[40, -16, 236]",15,15,"[-16, 236]"
collapse_excess,40,"[40, -16, 239]",11,11,"[-16, 239]"
collapse_excess,40,"[40, -16, 240]",15,15,"[-16, 240]"
collapse_excess,40,"[40, -16, 242]",1,1,"[-16, 242]"
collapse_excess,40,"[40, -16, 243]",1,1,"[-16, 243]"
collapse_excess,40,"[40, -16, 244]",2,2,"[-16, 244]"
collapse_excess,40,"[40, -16, 245]",10,10,"[-16, 245]"
collapse_excess,40,"[40, -16, 246]",2,2,"[-16, 246]"
collapse_excess,40,"[40, -16, 248]",4,4,"[-16, 248]"
collapse_excess,40,"[40, -16, 251]",2,2,"[-16, 251]"
collapse_excess,40,"[40, -16, 254]",2,2,"[-16, 254]"
collapse_excess,40,"[40, -16, 257]",9,9,"[-16, 257]"
collapse_excess,40,"[40, -16, 258]",1,1,"[-16, 258]"
collapse_excess,40,"[40, -16, 260]",3,3,"[-16, 260]"
collapse_excess,40,"[40, -16, 263]",34,34,"[-16, 263]"
collapse_excess,40,"[40, -16, 264]",12,12,"[-16, 264]"
collapse_excess,40,"[40, -16, 265]",2,2,"[-16, 265]"
collapse_excess,40,"[40, -16, 266]",18,18,"[-16, 266]"
collapse_excess,40,"[40, -16, 269]",282,282,"[-16, 269]"
collapse_excess,40,"[40, -16, 270]",90,90,"[-16, 270]"
collapse_excess,40,"[40, -16, 271]",14,14,"[-16, 271]"
collapse_excess,40,"[40, -16, 275]",552,552,"[-16, 275]"
collapse_excess,40,"[40, -16, 276]",23,23,"[-16, 276]"
collapse_excess,40,"[40, -16, 277]",7,7,"[-16, 277]"
collapse_excess,40,"[40, -16, 281]",16,16,"[-16, 281]"
collapse_excess,40,"[40, -16, 282]",5,5,"[-16, 282]"
collapse_excess,40,"[40, -16, 287]",2,2,"[-16, 287]"
collapse_excess,40,"[40, -16, 288]",1,1,"[-16, 288]"
collapse_excess,40,"[40, -8, 36]",1,1,"[-8, 36]"
collapse_excess,40,"[40, -8, 37]",7,7,"[-8, 37]"
collapse_excess,40,"[40, -8, 38]",2,2,"[-8, 38]"
collapse_excess,40,"[40, -8, 39]",32,32,"[-8, 39]"
collapse_excess,40,"[40, -8, 40]",377,377,"[-8, 40]"
collapse_excess,40,"[40, -8, 41]",17,17,"[-8, 41]"
collapse_excess,40,"[40, -8, 42]",72,72,"[-8, 42]"
collapse_excess,40,"[40, -8, 43]",265,265,"[-8, 43]"
collapse_excess,40,"[40, -8, 44]",798,798,"[-8, 44]"
collapse_excess,40,"[40, -8, 45]",523,523,"[-8, 45]"
collapse_excess,40,"[40, -8, 46]",1524,1524,"[-8, 46]"
collapse_excess,40,"[40, -8, 47]",16,16,"[-8, 47]"
collapse_excess,40,"[40, -8, 48]",274,274,"[-8, 48]"
collapse_excess,40,"[40, -8, 49]",2000,2176,"[-8, 49]"
collapse_excess,40,"[40, -8, 50]",2000,3164,"[-8, 50]"
collapse_excess,40,"[40, -8, 51]",2000,6861,"[-8, 51]"
collapse_excess,40,"[40, -8, 52]",2000,4390,"[-8, 52]"
collapse_excess,40,"[40, -8, 53]",42,42,"[-8, 53]"
collapse_excess,40,"[40, -8, 54]",1867,1867,"[-8, 54]"
collapse_excess,40,"[40, -8, 55]",2000,10494,"[-8, 55]"
collapse_excess,40,"[40, -8, 56]",2000,13168,"[-8, 56]"
collapse_excess,40,"[40, -8, 57]",2000,3208,"[-8, 57]"
collapse_excess,40,"[40, -8, 58]",2000,6504,"[-8, 58]"
collapse_excess,40,"[40, -8, 59]",8,8,"[-8, 59]"
collapse_excess,40,"[40, -8, 60]",646,646,"[-8, 60]"
collapse_excess,40,"[40, -8, 61]",2000,14459,"[-8, 61]"
collapse_excess,40,"[40, -8, 62]",2000,10290,"[-8, 62]"
collapse_excess,40,"[40, -8, 63]",823,823,"[-8, 63]"
collapse_excess,40,"[40, -8, 64]",661,661,"[-8, 64]"
collapse_excess,40,"[40, -8, 65]",2,2,"[-8, 65]"
collapse_excess,40,"[40, -8, 66]",84,84,"[-8, 66]"
collapse_excess,40,"[40, -8, 67]",2000,7409,"[-8, 67]"
collapse_excess,40,"[40, -8, 68]",1147,1147,"[-8, 68]"
collapse_excess,40,"[40, -8, 69]",56,56,"[-8, 69]"
collapse_excess,40,"[40, -8, 70]",51,51,"[-8, 70]"
collapse_excess,40,"[40, -8, 71]",1,1,"[-8, 71]"
collapse_excess,40,"[40, -8, 72]",1,1,"[-8, 72]"
collapse_excess,40,"[40, -8, 73]",482,482,"[-8, 73]"
collapse_excess,40,"[40, -8, 74]",80,80,"[-8, 74]"
collapse_excess,40,"[40, -8, 75]",2000,2356,"[-8, 75]"
collapse_excess,40,"[40, -8, 76]",588,588,"[-8, 76]"
collapse_excess,40,"[40, -8, 77]",103,103,"[-8, 77]"
collapse_excess,40,"[40, -8, 78]",133,133,"[-8, 78]"
collapse_excess,40,"[40, -8, 79]",2000,4075,"[-8, 79]"
collapse_excess,40,"[40, -8, 80]",1118,1118,"[-8, 80]"
collapse_excess,40,"[40, -8, 81]",1362,1362,"[-8, 81]"
collapse_excess,40,"[40, -8, 82]",751,751,"[-8, 82]"
collapse_excess,40,"[40, -8, 83]",71,71,"[-8, 83]"
collapse_excess,40,"[40, -8, 84]",74,74,"[-8, 84]"
collapse_excess,40,"[40, -8, 85]",2000,2246,"[-8, 85]"
collapse_excess,40,"[40, -8, 86]",729,729,"[-8, 86]"
collapse_excess,40,"[40, -8, 87]",1088,1088,"[-8, 87]"
collapse_excess,40,"[40, -8, 88]",475,475,"[-8, 88]"
collapse_excess,40,"[40, -8, 89]",10,10,"[-8, 89]"
collapse_excess,40,"[40, -8, 90]",66,66,"[-8, 90]"
collapse_excess,40,"[40, -8, 91]",1924,1924,"[-8, 91]"
collapse_excess,40,"[40, -8, 92]",549,549,"[-8, 92]"
collapse_excess,40,"[40, -8, 93]",1359,1359,"[-8, 93]"
collapse_excess,40,"[40, -8, 94]",914,914,"[-8, 94]"
collapse_excess,40,"[40, -8, 95]",1,1,"[-8, 95]"
collapse_excess,40,"[40, -8, 96]",45,45,"[-8, 96]"
collapse_excess,40,"[40, -8, 97]",2000,2877,"[-8, 97]"
collapse_excess,40,"[40, -8, 98]",1480,1480,"[-8, 98]"
collapse_excess,40,"[40, -8, 99]",258,258,"[-8, 99]"
collapse_excess,40,"[40, -8, 100]",575,575,"[-8, 100]"
collapse_excess,40,"[40, -8, 102]",11,11,"[-8, 102]"
collapse_excess,40,"[40, -8, 103]",2000,2477,"[-8, 103]"
collapse_excess,40,"[40, -8, 104]",836,836,"[-8, 104]"
collapse_excess,40,"[40, -8, 105]",52,52,"[-8, 105]"
collapse_excess,40,"[40, -8, 106]",186,186,"[-8, 106]"
collapse_excess,40,"[40, -8, 109]",2000,2086,"[-8, 109]"
collapse_excess,40,"[40, -8, 110]",570,570,"[-8, 110]"
collapse_excess,40,"[40, -8, 111]",36,36,"[-8, 111]"
collapse_excess,40,"[40, -8, 112]",198,198,"[-8, 112]"
collapse_excess,40,"[40, -8, 115]",1125,1125,"[-8, 115]"
collapse_excess,40,"[40, -8, 116]",185,185,"[-8, 116]"
collapse_excess,40,"[40, -8, 117]",16,16,"[-8, 117]"
collapse_excess,40,"[40, -8, 118]",103,103,"[-8, 118]"
collapse_excess,40,"[40, -8, 120]",6,6,"[-8, 120]"
collapse_excess,40,"[40, -8, 121]",437,437,"[-8, 121]"
collapse_excess,40,"[40, -8, 122]",87,87,"[-8, 122]"
collapse_excess,40,"[40, -8, 123]",9,9,"[-8, 123]"
collapse_excess,40,"[40, -8, 124]",26,26,"[-8, 124]"
collapse_excess,40,"[40, -8, 127]",106,106,"[-8, 127]"
collapse_excess,40,"[40, -8, 128]",15,15,"[-8, 128]"
collapse_excess,40,"[40, -8, 129]",5,5,"[-8, 129]"
collapse_excess,40,"[40, -8, 130]",19,19,"[-8, 130]"
collapse_excess,40,"[40, -8, 133]",24,24,"[-8, 133]"
collapse_excess,40,"[40, -8, 134]",11,11,"[-8, 134]"
collapse_excess,40,"[40, -8, 135]",6,6,"[-8, 135]"
collapse_excess,40,"[40, -8, 136]",17,17,"[-8, 136]"
collapse_excess,40,"[40, -8, 139]",16,16,"[-8, 139]"
collapse_excess,40,"[40, -8, 140]",12,12,"[-8, 140]"
collapse_excess,40,"[40, -8, 141]",1,1,"[-8, 141]"
collapse_excess,40,"[40, -8, 142]",3,3,"[-8, 142]"
collapse_excess,40,"[40, -8, 145]",4,4,"[-8, 145]"
collapse_excess,40,"[40, -8, 146]",5,5,"[-8, 146]"
collapse_excess,40,"[40, -8, 147]",2,2,"[-8, 147]"
collapse_excess,40,"[40, -8, 148]",2,2,"[-8, 148]"
collapse_excess,40,"[40, -8, 151]",14,14,"[-8, 151]"
collapse_excess,40,"[40, -8, 152]",2,2,"[-8, 152]"
collapse_excess,40,"[40, -8, 157]",2,2,"[-8, 157]"
collapse_excess,40,"[40, -8, 237]",24,24,"[-8, 237]"
collapse_excess,40,"[40, -8, 238]",24,24,"[-8, 238]"
collapse_excess,40,"[40, -8, 241]",61,61,"[-8, 241]"
collapse_excess,40,"[40, -8, 242]",157,157,"[-8, 242]"
collapse_excess,40,"[40, -8, 243]",44,44,"[-8, 243]"
collapse_excess,40,"[40, -8, 244]",203,203,"[-8, 244]"
collapse_excess,40,"[40, -8, 246]",1,1,"[-8, 246]"
collapse_excess,40,"[40, -8, 247]",362,362,"[-8, 247]"
collapse_excess,40,"[40, -8, 248]",66,66,"[-8, 248]"
collapse_excess,40,"[40, -8, 249]",13,13,"[-8, 249]"
collapse_excess,40,"[40, -8, 250]",16,16,"[-8, 250]"
collapse_excess,40,"[40, -8, 253]",36,36,"[-8, 253]"
collapse_excess,40,"[40, -8, 254]",12,12,"[-8, 254]"
collapse_excess,40,"[40, -8, 255]",9,9,"[-8, 255]"
collapse_excess,40,"[40, -8, 256]",12,12,"[-8, 256]"
collapse_excess,40,"[40, -8, 259]",32,32,"[-8, 259]"
collapse_excess,40,"[40, -8, 260]",48,48,"[-8, 260]"
collapse_excess,40,"[40, -8, 261]",27,27,"[-8, 261]"
collapse_excess,40,"[40, -8, 262]",44,44,"[-8, 262]"
collapse_excess,40,"[40, -8, 265]",72,72,"[-8, 265]"
collapse_excess,40,"[40, -8, 266]",69,69,"[-8, 266]"
collapse_excess,40,"[40, -8, 267]",26,26,"[-8, 267]"
collapse_excess,40,"[40, -8, 268]",595,595,"[-8, 268]"
collapse_excess,40,"[40, -8, 271]",114,114,"[-8, 271]"
collapse_excess,40,"[40, -8, 272]",1564,1564,"[-8, 272]"
collapse_excess,40,"[40, -8, 273]",190,190,"[-8, 273]"
collapse_excess,40,"[40, -8, 274]",2000,5367,"[-8, 274]"
collapse_excess,40,"[40, -8, 277]",932,932,"[-8, 277]"
collapse_excess,40,"[40, -8, 278]",2000,9157,"[-8, 278]"
collapse_excess,40,"[40, -8, 279]",206,206,"[-8, 279]"
collapse_excess,40,"[40, -8, 280]",45,45,"[-8, 280]"
collapse_excess,40,"[40, -8, 283]",1597,1597,"[-8, 283]"
collapse_excess,40,"[40, -8, 284]",35,35,"[-8, 284]"
collapse_excess,40,"[40, -8, 285]",774,774,"[-8, 285]"
collapse_excess,40,"[40, -8, 286]",2,2,"[-8, 286]"
collapse_excess,40,"[40, -8, 289]",2000,3042,"[-8, 289]"
collapse_excess,40,"[40, -8, 290]",3,3,"[-8, 290]"
collapse_excess,40,"[40, -8, 291]",58,58,"[-8, 291]"
collapse_excess,40,"[40, -8, 295]",201,201,"[-8, 295]"
collapse_excess,40,"[40, -8, 297]",1,1,"[-8, 297]"
collapse_excess,40,"[40, -8, 301]",4,4,"[-8, 301]"
random,40,"[40, 0]",2000,220524,[0]
