{
    "garside_length": 22,
    "factor_ids": [
      4,
      13,
      10,
      16,
      13,
      6,
      6,
      6,
      8,
      13,
      11,
      13,
      10,
      2,
      13,
      8,
      2,
      13,
      21,
      18,
      8,
      13
    ],
    "gnf_factors": [
      [
        0,
        3,
        1,
        2
      ],
      [
        2,
        0,
        3,
        1
      ],
      [
        1,
        3,
        0,
        2
      ],
      [
        2,
        3,
        0,
        1
      ],
      [
        2,
        0,
        3,
        1
      ],
      [
        1,
        0,
        2,
        3
      ],
      [
        1,
        0,
        2,
        3
      ],
      [
        1,
        0,
        2,
        3
      ],
      [
        1,
        2,
        0,
        3
      ],
      [
        2,
        0,
        3,
        1
      ],
      [
        1,
        3,
        2,
        0
      ],
      [
        2,
        0,
        3,
        1
      ],
      [
        1,
        3,
        0,
        2
      ],
      [
        0,
        2,
        1,
        3
      ],
      [
        2,
        0,
        3,
        1
      ],
      [
        1,
        2,
        0,
        3
      ],
      [
        0,
        2,
        1,
        3
      ],
      [
        2,
        0,
        3,
        1
      ],
      [
        3,
        1,
        2,
        0
      ],
      [
        3,
        0,
        1,
        2
      ],
      [
        1,
        2,
        0,
        3
      ],
      [
        2,
        0,
        3,
        1
      ]
    ],
    "artin_word": [
      3,
      2,
      2,
      1,
      3,
      1,
      3,
      2,
      2,
      1,
      3,
      2,
      2,
      1,
      3,
      1,
      1,
      1,
      1,
      2,
      2,
      1,
      3,
      1,
      2,
      3,
      2,
      2,
      1,
      3,
      1,
      3,
      2,
      2,
      2,
      1,
      3,
      1,
      2,
      2,
      2,
      1,
      3,
      1,
      2,
      3,
      2,
      1,
      3,
      2,
      1,
      1,
      2,
      2,
      1,
      3
    ],
    "burau_min_degree": 25,
    "burau_max_degree": 44,
    "projlen": 19,
    "support_width": 20,
    "kernel_match": {
      "matches": false,
      "kernel_type": null,
      "delta_power": null,
      "scalar": null
    },
    "gnf_d": 0,
    "value": 0.5373186991869918,
    "projlen_per_length": 0.8636363636363636
  }