heuristic,length,bucket,count,seen,score
power_projlen,40,"[40, 1]",30,30,[1]
power_projlen,40,"[40, 7]",40,40,[7]
power_projlen,40,"[40, 13]",40,40,[13]
power_projlen,40,"[40, 15]",1,1,[15]
power_projlen,40,"[40, 17]",2,2,[17]
power_projlen,40,"[40, 19]",5,5,[19]
power_projlen,40,"[40, 21]",3,3,[21]
power_projlen,40,"[40, 23]",31,31,[23]
power_projlen,40,"[40, 25]",26,26,[25]
power_projlen,40,"[40, 26]",20,20,[26]
power_projlen,40,"[40, 27]",23,23,[27]
power_projlen,40,"[40, 28]",15,15,[28]
power_projlen,40,"[40, 29]",85,85,[29]
power_projlen,40,"[40, 30]",7,7,[30]
power_projlen,40,"[40, 31]",100,100,[31]
power_projlen,40,"[40, 32]",28,28,[32]
power_projlen,40,"[40, 33]",221,221,[33]
power_projlen,40,"[40, 34]",72,72,[34]
power_projlen,40,"[40, 35]",291,291,[35]
power_projlen,40,"[40, 36]",220,220,[36]
power_projlen,40,"[40, 37]",312,312,[37]
power_projlen,40,"[40, 38]",323,323,[38]
power_projlen,40,"[40, 39]",478,478,[39]
power_projlen,40,"[40, 40]",714,714,[40]
power_projlen,40,"[40, 41]",669,669,[41]
power_projlen,40,"[40, 42]",687,687,[42]
power_projlen,40,"[40, 43]",1414,1414,[43]
power_projlen,40,"[40, 44]",1862,1862,[44]
power_projlen,40,"[40, 45]",1505,1505,[45]
power_projlen,40,"[40, 46]",2000,2028,[46]
power_projlen,40,"[40, 47]",2000,2768,[47]
power_projlen,40,"[40, 48]",2000,2533,[48]
power_projlen,40,"[40, 49]",2000,3666,[49]
power_projlen,40,"[40, 50]",2000,4185,[50]
power_projlen,40,"[40, 51]",2000,7730,[51]
power_projlen,40,"[40, 52]",2000,4734,[52]
power_projlen,40,"[40, 53]",2000,2064,[53]
power_projlen,40,"[40, 54]",2000,3796,[54]
power_projlen,40,"[40, 55]",2000,10828,[55]
power_projlen,40,"[40, 56]",2000,13371,[56]
power_projlen,40,"[40, 57]",2000,3831,[57]
power_projlen,40,"[40, 58]",2000,6805,[58]
power_projlen,40,"[40, 59]",1033,1033,[59]
power_projlen,40,"[40, 60]",1187,1187,[60]
power_projlen,40,"[40, 61]",2000,14683,[61]
power_projlen,40,"[40, 62]",2000,10722,[62]
power_projlen,40,"[40, 63]",1859,1859,[63]
power_projlen,40,"[40, 64]",1622,1622,[64]
power_projlen,40,"[40, 65]",1005,1005,[65]
power_projlen,40,"[40, 66]",1062,1062,[66]
power_projlen,40,"[40, 67]",2000,7867,[67]
power_projlen,40,"[40, 68]",2000,2029,[68]
power_projlen,40,"[40, 69]",1137,1137,[69]
power_projlen,40,"[40, 70]",896,896,[70]
power_projlen,40,"[40, 71]",1087,1087,[71]
power_projlen,40,"[40, 72]",1887,1887,[72]
power_projlen,40,"[40, 73]",976,976,[73]
power_projlen,40,"[40, 74]",512,512,[74]
power_projlen,40,"[40, 75]",2000,2960,[75]
power_projlen,40,"[40, 76]",804,804,[76]
power_projlen,40,"[40, 77]",885,885,[77]
power_projlen,40,"[40, 78]",879,879,[78]
power_projlen,40,"[40, 79]",2000,4182,[79]
power_projlen,40,"[40, 80]",1544,1544,[80]
power_projlen,40,"[40, 81]",1652,1652,[81]
power_projlen,40,"[40, 82]",824,824,[82]
power_projlen,40,"[40, 83]",576,576,[83]
power_projlen,40,"[40, 84]",540,540,[84]
power_projlen,40,"[40, 85]",2000,2224,[85]
power_projlen,40,"[40, 86]",847,847,[86]
power_projlen,40,"[40, 87]",1154,1154,[87]
power_projlen,40,"[40, 88]",524,524,[88]
power_projlen,40,"[40, 89]",528,528,[89]
power_projlen,40,"[40, 90]",681,681,[90]
power_projlen,40,"[40, 91]",1773,1773,[91]
power_projlen,40,"[40, 92]",675,675,[92]
power_projlen,40,"[40, 93]",1334,1334,[93]
power_projlen,40,"[40, 94]",1272,1272,[94]
power_projlen,40,"[40, 95]",591,591,[95]
power_projlen,40,"[40, 96]",422,422,[96]
power_projlen,40,"[40, 97]",2000,2624,[97]
power_projlen,40,"[40, 98]",1925,1925,[98]
power_projlen,40,"[40, 99]",337,337,[99]
power_projlen,40,"[40, 100]",1176,1176,[100]
power_projlen,40,"[40, 101]",449,449,[101]
power_projlen,40,"[40, 102]",290,290,[102]
power_projlen,40,"[40, 103]",1718,1718,[103]
power_projlen,40,"[40, 104]",1087,1087,[104]
power_projlen,40,"[40, 105]",83,83,[105]
power_projlen,40,"[40, 106]",782,782,[106]
power_projlen,40,"[40, 107]",276,276,[107]
power_projlen,40,"[40, 108]",54,54,[108]
power_projlen,40,"[40, 109]",1416,1416,[109]
power_projlen,40,"[40, 110]",748,748,[110]
power_projlen,40,"[40, 111]",51,51,[111]
power_projlen,40,"[40, 112]",141,141,[112]
power_projlen,40,"[40, 113]",90,90,[113]
power_projlen,40,"[40, 114]",11,11,[114]
power_projlen,40,"[40, 115]",906,906,[115]
power_projlen,40,"[40, 116]",270,270,[116]
power_projlen,40,"[40, 117]",18,18,[117]
power_projlen,40,"[40, 118]",147,147,[118]
power_projlen,40,"[40, 119]",26,26,[119]
power_projlen,40,"[40, 120]",15,15,[120]
power_projlen,40,"[40, 121]",469,469,[121]
power_projlen,40,"[40, 122]",103,103,[122]
power_projlen,40,"[40, 123]",14,14,[123]
power_projlen,40,"[40, 124]",37,37,[124]
power_projlen,40,"[40, 125]",10,10,[125]
power_projlen,40,"[40, 126]",9,9,[126]
power_projlen,40,"[40, 127]",158,158,[127]
power_projlen,40,"[40, 128]",21,21,[128]
power_projlen,40,"[40, 129]",18,18,[129]
power_projlen,40,"[40, 130]",29,29,[130]
power_projlen,40,"[40, 131]",10,10,[131]
power_projlen,40,"[40, 132]",12,12,[132]
power_projlen,40,"[40, 133]",52,52,[133]
power_projlen,40,"[40, 134]",24,24,[134]
power_projlen,40,"[40, 135]",15,15,[135]
power_projlen,40,"[40, 136]",32,32,[136]
power_projlen,40,"[40, 137]",14,14,[137]
power_projlen,40,"[40, 138]",12,12,[138]
power_projlen,40,"[40, 139]",20,20,[139]
power_projlen,40,"[40, 140]",22,22,[140]
power_projlen,40,"[40, 141]",9,9,[141]
power_projlen,40,"[40, 142]",20,20,[142]
power_projlen,40,"[40, 143]",13,13,[143]
power_projlen,40,"[40, 144]",13,13,[144]
power_projlen,40,"[40, 145]",18,18,[145]
power_projlen,40,"[40, 146]",27,27,[146]
power_projlen,40,"[40, 147]",17,17,[147]
power_projlen,40,"[40, 148]",17,17,[148]
power_projlen,40,"[40, 149]",26,26,[149]
power_projlen,40,"[40, 150]",22,22,[150]
power_projlen,40,"[40, 151]",24,24,[151]
power_projlen,40,"[40, 152]",16,16,[152]
power_projlen,40,"[40, 153]",19,19,[153]
power_projlen,40,"[40, 154]",21,21,[154]
power_projlen,40,"[40, 155]",18,18,[155]
power_projlen,40,"[40, 156]",22,22,[156]
power_projlen,40,"[40, 157]",17,17,[157]
power_projlen,40,"[40, 158]",16,16,[158]
power_projlen,40,"[40, 159]",10,10,[159]
power_projlen,40,"[40, 160]",21,21,[160]
power_projlen,40,"[40, 161]",6,6,[161]
power_projlen,40,"[40, 162]",10,10,[162]
power_projlen,40,"[40, 163]",8,8,[163]
power_projlen,40,"[40, 164]",19,19,[164]
power_projlen,40,"[40, 165]",26,26,[165]
power_projlen,40,"[40, 166]",2,2,[166]
power_projlen,40,"[40, 167]",4,4,[167]
power_projlen,40,"[40, 168]",30,30,[168]
power_projlen,40,"[40, 169]",8,8,[169]
power_projlen,40,"[40, 170]",3,3,[170]
power_projlen,40,"[40, 171]",2,2,[171]
power_projlen,40,"[40, 172]",43,43,[172]
power_projlen,40,"[40, 173]",12,12,[173]
power_projlen,40,"[40, 174]",1,1,[174]
power_projlen,40,"[40, 175]",5,5,[175]
power_projlen,40,"[40, 176]",49,49,[176]
power_projlen,40,"[40, 177]",17,17,[177]
power_projlen,40,"[40, 178]",1,1,[178]
power_projlen,40,"[40, 179]",22,22,[179]
power_projlen,40,"[40, 180]",55,55,[180]
power_projlen,40,"[40, 181]",13,13,[181]
power_projlen,40,"[40, 182]",3,3,[182]
power_projlen,40,"[40, 183]",16,16,[183]
power_projlen,40,"[40, 184]",68,68,[184]
power_projlen,40,"[40, 185]",253,253,[185]
power_projlen,40,"[40, 186]",10,10,[186]
power_projlen,40,"[40, 187]",38,38,[187]
power_projlen,40,"[40, 188]",86,86,[188]
power_projlen,40,"[40, 189]",38,38,[189]
power_projlen,40,"[40, 190]",52,52,[190]
power_projlen,40,"[40, 191]",392,392,[191]
power_projlen,40,"[40, 192]",119,119,[192]
power_projlen,40,"[40, 193]",74,74,[193]
power_projlen,40,"[40, 194]",162,162,[194]
power_projlen,40,"[40, 195]",135,135,[195]
power_projlen,40,"[40, 196]",161,161,[196]
power_projlen,40,"[40, 197]",1525,1525,[197]
power_projlen,40,"[40, 198]",344,344,[198]
power_projlen,40,"[40, 199]",241,241,[199]
power_projlen,40,"[40, 200]",240,240,[200]
power_projlen,40,"[40, 201]",197,197,[201]
power_projlen,40,"[40, 202]",662,662,[202]
power_projlen,40,"[40, 203]",494,494,[203]
power_projlen,40,"[40, 204]",249,249,[204]
power_projlen,40,"[40, 205]",175,175,[205]
power_projlen,40,"[40, 206]",1139,1139,[206]
power_projlen,40,"[40, 207]",455,455,[207]
power_projlen,40,"[40, 208]",354,354,[208]
power_projlen,40,"[40, 209]",275,275,[209]
power_projlen,40,"[40, 210]",1661,1661,[210]
power_projlen,40,"[40, 211]",3,3,[211]
power_projlen,40,"[40, 212]",78,78,[212]
power_projlen,40,"[40, 213]",1762,1762,[213]
power_projlen,40,"[40, 214]",146,146,[214]
power_projlen,40,"[40, 215]",89,89,[215]
power_projlen,40,"[40, 216]",232,232,[216]
power_projlen,40,"[40, 217]",16,16,[217]
power_projlen,40,"[40, 218]",1532,1532,[218]
power_projlen,40,"[40, 219]",2000,4055,[219]
power_projlen,40,"[40, 220]",276,276,[220]
power_projlen,40,"[40, 221]",228,228,[221]
power_projlen,40,"[40, 222]",138,138,[222]
power_projlen,40,"[40, 223]",4,4,[223]
power_projlen,40,"[40, 224]",296,296,[224]
power_projlen,40,"[40, 225]",25,25,[225]
power_projlen,40,"[40, 226]",24,24,[226]
power_projlen,40,"[40, 227]",74,74,[227]
power_projlen,40,"[40, 228]",26,26,[228]
power_projlen,40,"[40, 229]",7,7,[229]
power_projlen,40,"[40, 230]",19,19,[230]
power_projlen,40,"[40, 231]",3,3,[231]
power_projlen,40,"[40, 232]",27,27,[232]
power_projlen,40,"[40, 233]",10,10,[233]
power_projlen,40,"[40, 234]",44,44,[234]
power_projlen,40,"[40, 235]",7,7,[235]
power_projlen,40,"[40, 236]",16,16,[236]
power_projlen,40,"[40, 237]",27,27,[237]
power_projlen,40,"[40, 238]",30,30,[238]
power_projlen,40,"[40, 239]",21,21,[239]
power_projlen,40,"[40, 240]",19,19,[240]
power_projlen,40,"[40, 241]",64,64,[241]
power_projlen,40,"[40, 242]",167,167,[242]
power_projlen,40,"[40, 243]",51,51,[243]
power_projlen,40,"[40, 244]",213,213,[244]
power_projlen,40,"[40, 245]",12,12,[245]
power_projlen,40,"[40, 246]",6,6,[246]
power_projlen,40,"[40, 247]",378,378,[247]
power_projlen,40,"[40, 248]",72,72,[248]
power_projlen,40,"[40, 249]",15,15,[249]
power_projlen,40,"[40, 250]",22,22,[250]
power_projlen,40,"[40, 251]",3,3,[251]
power_projlen,40,"[40, 252]",10,10,[252]
power_projlen,40,"[40, 253]",48,48,[253]
power_projlen,40,"[40, 254]",20,20,[254]
power_projlen,40,"[40, 255]",12,12,[255]
power_projlen,40,"[40, 256]",19,19,[256]
power_projlen,40,"[40, 257]",9,9,[257]
power_projlen,40,"[40, 258]",56,56,[258]
power_projlen,40,"[40, 259]",39,39,[259]
power_projlen,40,"[40, 260]",55,55,[260]
power_projlen,40,"[40, 261]",27,27,[261]
power_projlen,40,"[40, 262]",51,51,[262]
power_projlen,40,"[40, 263]",35,35,[263]
power_projlen,40,"[40, 264]",19,19,[264]
power_projlen,40,"[40, 265]",79,79,[265]
power_projlen,40,"[40, 266]",115,115,[266]
power_projlen,40,"[40, 267]",24,24,[267]
power_projlen,40,"[40, 268]",626,626,[268]
power_projlen,40,"[40, 269]",307,307,[269]
power_projlen,40,"[40, 270]",55,55,[270]
power_projlen,40,"[40, 271]",122,122,[271]
power_projlen,40,"[40, 272]",1647,1647,[272]
power_projlen,40,"[40, 273]",242,242,[273]
power_projlen,40,"[40, 274]",2000,2570,[274]
power_projlen,40,"[40, 275]",548,548,[275]
power_projlen,40,"[40, 276]",15,15,[276]
power_projlen,40,"[40, 277]",1070,1070,[277]
power_projlen,40,"[40, 278]",2000,9000,[278]
power_projlen,40,"[40, 279]",347,347,[279]
power_projlen,40,"[40, 280]",35,35,[280]
power_projlen,40,"[40, 281]",33,33,[281]
power_projlen,40,"[40, 282]",7,7,[282]
power_projlen,40,"[40, 283]",1879,1879,[283]
power_projlen,40,"[40, 284]",41,41,[284]
power_projlen,40,"[40, 285]",1525,1525,[285]
power_projlen,40,"[40, 286]",12,12,[286]
power_projlen,40,"[40, 287]",10,10,[287]
power_projlen,40,"[40, 288]",2,2,[288]
power_projlen,40,"[40, 289]",2000,4374,[289]
power_projlen,40,"[40, 290]",13,13,[290]
power_projlen,40,"[40, 291]",243,243,[291]
power_projlen,40,"[40, 292]",2,2,[292]
power_projlen,40,"[40, 295]",568,568,[295]
power_projlen,40,"[40, 296]",3,3,[296]
power_projlen,40,"[40, 297]",15,15,[297]
power_projlen,40,"[40, 301]",30,30,[301]
two_level,40,"[40, 1, 16]",3,3,"[1, 16]"
two_level,40,"[40, 1, 20]",3,3,"[1, 20]"
two_level,40,"[40, 1, 24]",18,18,"[1, 24]"
two_level,40,"[40, 1, 28]",6,6,"[1, 28]"
two_level,40,"[40, 7, 24]",40,40,"[7, 24]"
two_level,40,"[40, 13, 24]",39,39,"[13, 24]"
two_level,40,"[40, 13, 28]",1,1,"[13, 28]"
two_level,40,"[40, 15, 24]",1,1,"[15, 24]"
two_level,40,"[40, 17, 16]",2,2,"[17, 16]"
two_level,40,"[40, 19, 16]",4,4,"[19, 16]"
two_level,40,"[40, 19, 24]",1,1,"[19, 24]"
two_level,40,"[40, 21, 16]",1,1,"[21, 16]"
two_level,40,"[40, 21, 20]",1,1,"[21, 20]"
two_level,40,"[40, 21, 24]",1,1,"[21, 24]"
two_level,40,"[40, 23, 12]",8,8,"[23, 12]"
two_level,40,"[40, 23, 16]",7,7,"[23, 16]"
two_level,40,"[40, 23, 20]",16,16,"[23, 20]"
two_level,40,"[40, 25, 16]",3,3,"[25, 16]"
two_level,40,"[40, 25, 20]",6,6,"[25, 20]"
two_level,40,"[40, 25, 24]",17,17,"[25, 24]"
two_level,40,"[40, 26, 12]",1,1,"[26, 12]"
two_level,40,"[40, 26, 16]",19,19,"[26, 16]"
two_level,40,"[40, 27, 12]",1,1,"[27, 12]"
two_level,40,"[40, 27, 16]",8,8,"[27, 16]"
two_level,40,"[40, 27, 20]",3,3,"[27, 20]"
two_level,40,"[40, 27, 24]",11,11,"[27, 24]"
two_level,40,"[40, 28, 16]",6,6,"[28, 16]"
two_level,40,"[40, 28, 20]",2,2,"[28, 20]"
two_level,40,"[40, 28, 24]",2,2,"[28, 24]"
two_level,40,"[40, 28, 28]",5,5,"[28, 28]"
two_level,40,"[40, 29, 12]",1,1,"[29, 12]"
two_level,40,"[40, 29, 16]",6,6,"[29, 16]"
two_level,40,"[40, 29, 20]",13,13,"[29, 20]"
two_level,40,"[40, 29, 24]",7,7,"[29, 24]"
two_level,40,"[40, 29, 28]",58,58,"[29, 28]"
two_level,40,"[40, 30, 12]",3,3,"[30, 12]"
two_level,40,"[40, 30, 16]",4,4,"[30, 16]"
two_level,40,"[40, 31, 12]",5,5,"[31, 12]"
two_level,40,"[40, 31, 16]",40,40,"[31, 16]"
two_level,40,"[40, 31, 20]",5,5,"[31, 20]"
two_level,40,"[40, 31, 24]",18,18,"[31, 24]"
two_level,40,"[40, 31, 28]",32,32,"[31, 28]"
two_level,40,"[40, 32, 16]",22,22,"[32, 16]"
two_level,40,"[40, 32, 28]",6,6,"[32, 28]"
two_level,40,"[40, 33, 12]",5,5,"[33, 12]"
two_level,40,"[40, 33, 16]",52,52,"[33, 16]"
two_level,40,"[40, 33, 20]",8,8,"[33, 20]"
two_level,40,"[40, 33, 24]",20,20,"[33, 24]"
two_level,40,"[40, 33, 28]",45,45,"[33, 28]"
two_level,40,"[40, 33, 32]",91,91,"[33, 32]"
two_level,40,"[40, 34, 16]",59,59,"[34, 16]"
two_level,40,"[40, 34, 20]",6,6,"[34, 20]"
two_level,40,"[40, 34, 28]",7,7,"[34, 28]"
two_level,40,"[40, 35, 12]",8,8,"[35, 12]"
two_level,40,"[40, 35, 16]",61,61,"[35, 16]"
two_level,40,"[40, 35, 20]",14,14,"[35, 20]"
two_level,40,"[40, 35, 24]",99,99,"[35, 24]"
two_level,40,"[40, 35, 28]",37,37,"[35, 28]"
two_level,40,"[40, 35, 32]",72,72,"[35, 32]"
two_level,40,"[40, 36, 12]",6,6,"[36, 12]"
two_level,40,"[40, 36, 16]",124,124,"[36, 16]"
two_level,40,"[40, 36, 20]",19,19,"[36, 20]"
two_level,40,"[40, 36, 24]",67,67,"[36, 24]"
two_level,40,"[40, 36, 28]",4,4,"[36, 28]"
two_level,40,"[40, 37, 12]",5,5,"[37, 12]"
two_level,40,"[40, 37, 16]",233,233,"[37, 16]"
two_level,40,"[40, 37, 20]",28,28,"[37, 20]"
two_level,40,"[40, 37, 24]",34,34,"[37, 24]"
two_level,40,"[40, 37, 28]",7,7,"[37, 28]"
two_level,40,"[40, 37, 36]",5,5,"[37, 36]"
two_level,40,"[40, 38, 12]",1,1,"[38, 12]"
two_level,40,"[40, 38, 16]",266,266,"[38, 16]"
two_level,40,"[40, 38, 20]",21,21,"[38, 20]"
two_level,40,"[40, 38, 24]",1,1,"[38, 24]"
two_level,40,"[40, 38, 28]",33,33,"[38, 28]"
two_level,40,"[40, 38, 32]",1,1,"[38, 32]"
two_level,40,"[40, 39, 12]",42,42,"[39, 12]"
two_level,40,"[40, 39, 16]",288,288,"[39, 16]"
two_level,40,"[40, 39, 20]",46,46,"[39, 20]"
two_level,40,"[40, 39, 24]",42,42,"[39, 24]"
two_level,40,"[40, 39, 28]",47,47,"[39, 28]"
two_level,40,"[40, 39, 32]",13,13,"[39, 32]"
two_level,40,"[40, 40, 12]",2,2,"[40, 12]"
two_level,40,"[40, 40, 16]",536,536,"[40, 16]"
two_level,40,"[40, 40, 20]",160,160,"[40, 20]"
two_level,40,"[40, 40, 28]",10,10,"[40, 28]"
two_level,40,"[40, 40, 32]",6,6,"[40, 32]"
two_level,40,"[40, 41, 12]",14,14,"[41, 12]"
two_level,40,"[40, 41, 16]",378,378,"[41, 16]"
two_level,40,"[40, 41, 20]",91,91,"[41, 20]"
two_level,40,"[40, 41, 24]",56,56,"[41, 24]"
two_level,40,"[40, 41, 28]",88,88,"[41, 28]"
two_level,40,"[40, 41, 32]",42,42,"[41, 32]"
two_level,40,"[40, 42, 16]",551,551,"[42, 16]"
two_level,40,"[40, 42, 20]",110,110,"[42, 20]"
two_level,40,"[40, 42, 24]",1,1,"[42, 24]"
two_level,40,"[40, 42, 28]",24,24,"[42, 28]"
two_level,40,"[40, 42, 32]",1,1,"[42, 32]"
two_level,40,"[40, 43, 12]",186,186,"[43, 12]"
two_level,40,"[40, 43, 16]",927,927,"[43, 16]"
two_level,40,"[40, 43, 20]",60,60,"[43, 20]"
two_level,40,"[40, 43, 24]",169,169,"[43, 24]"
two_level,40,"[40, 43, 28]",55,55,"[43, 28]"
two_level,40,"[40, 43, 32]",14,14,"[43, 32]"
two_level,40,"[40, 43, 36]",3,3,"[43, 36]"
two_level,40,"[40, 44, 16]",1218,1218,"[44, 16]"
two_level,40,"[40, 44, 20]",611,611,"[44, 20]"
two_level,40,"[40, 44, 24]",1,1,"[44, 24]"
two_level,40,"[40, 44, 28]",32,32,"[44, 28]"
two_level,40,"[40, 45, 16]",1099,1099,"[45, 16]"
two_level,40,"[40, 45, 20]",242,242,"[45, 20]"
two_level,40,"[40, 45, 24]",46,46,"[45, 24]"
two_level,40,"[40, 45, 28]",92,92,"[45, 28]"
two_level,40,"[40, 45, 32]",23,23,"[45, 32]"
two_level,40,"[40, 45, 36]",3,3,"[45, 36]"
two_level,40,"[40, 46, 16]",1540,1540,"[46, 16]"
two_level,40,"[40, 46, 20]",390,390,"[46, 20]"
two_level,40,"[40, 46, 24]",55,55,"[46, 24]"
two_level,40,"[40, 46, 28]",7,7,"[46, 28]"
two_level,40,"[40, 46, 32]",35,35,"[46, 32]"
two_level,40,"[40, 46, 36]",1,1,"[46, 36]"
two_level,40,"[40, 47, 16]",2000,2162,"[47, 16]"
two_level,40,"[40, 47, 20]",318,318,"[47, 20]"
two_level,40,"[40, 47, 24]",80,80,"[47, 24]"
two_level,40,"[40, 47, 28]",126,126,"[47, 28]"
two_level,40,"[40, 47, 32]",77,77,"[47, 32]"
two_level,40,"[40, 47, 36]",5,5,"[47, 36]"
two_level,40,"[40, 48, 16]",310,310,"[48, 16]"
two_level,40,"[40, 48, 20]",2000,2134,"[48, 20]"
two_level,40,"[40, 48, 24]",14,14,"[48, 24]"
two_level,40,"[40, 48, 28]",55,55,"[48, 28]"
two_level,40,"[40, 48, 32]",19,19,"[48, 32]"
two_level,40,"[40, 48, 36]",1,1,"[48, 36]"
two_level,40,"[40, 49, 16]",2000,2199,"[49, 16]"
two_level,40,"[40, 49, 20]",1185,1185,"[49, 20]"
two_level,40,"[40, 49, 24]",72,72,"[49, 24]"
two_level,40,"[40, 49, 28]",149,149,"[49, 28]"
two_level,40,"[40, 49, 32]",44,44,"[49, 32]"
two_level,40,"[40, 49, 36]",17,17,"[49, 36]"
two_level,40,"[40, 50, 16]",2000,3207,"[50, 16]"
two_level,40,"[40, 50, 20]",856,856,"[50, 20]"
two_level,40,"[40, 50, 24]",12,12,"[50, 24]"
two_level,40,"[40, 50, 28]",79,79,"[50, 28]"
two_level,40,"[40, 50, 32]",28,28,"[50, 32]"
two_level,40,"[40, 50, 36]",3,3,"[50, 36]"
two_level,40,"[40, 51, 16]",2000,6632,"[51, 16]"
two_level,40,"[40, 51, 20]",344,344,"[51, 20]"
two_level,40,"[40, 51, 24]",447,447,"[51, 24]"
two_level,40,"[40, 51, 28]",195,195,"[51, 28]"
two_level,40,"[40, 51, 32]",96,96,"[51, 32]"
two_level,40,"[40, 51, 36]",15,15,"[51, 36]"
two_level,40,"[40, 51, 40]",1,1,"[51, 40]"
two_level,40,"[40, 52, 16]",77,77,"[52, 16]"
two_level,40,"[40, 52, 20]",2000,4465,"[52, 20]"
two_level,40,"[40, 52, 24]",25,25,"[52, 24]"
two_level,40,"[40, 52, 28]",91,91,"[52, 28]"
two_level,40,"[40, 52, 32]",63,63,"[52, 32]"
two_level,40,"[40, 52, 36]",13,13,"[52, 36]"
two_level,40,"[40, 53, 16]",50,50,"[53, 16]"
two_level,40,"[40, 53, 20]",1544,1544,"[53, 20]"
two_level,40,"[40, 53, 24]",115,115,"[53, 24]"
two_level,40,"[40, 53, 28]",93,93,"[53, 28]"
two_level,40,"[40, 53, 32]",236,236,"[53, 32]"
two_level,40,"[40, 53, 36]",26,26,"[53, 36]"
two_level,40,"[40, 54, 20]",2000,3517,"[54, 20]"
two_level,40,"[40, 54, 24]",17,17,"[54, 24]"
two_level,40,"[40, 54, 28]",107,107,"[54, 28]"
two_level,40,"[40, 54, 32]",122,122,"[54, 32]"
two_level,40,"[40, 54, 36]",33,33,"[54, 36]"
two_level,40,"[40, 55, 16]",2000,8195,"[55, 16]"
two_level,40,"[40, 55, 20]",2000,2108,"[55, 20]"
two_level,40,"[40, 55, 24]",81,81,"[55, 24]"
two_level,40,"[40, 55, 28]",248,248,"[55, 28]"
two_level,40,"[40, 55, 32]",139,139,"[55, 32]"
two_level,40,"[40, 55, 36]",57,57,"[55, 36]"
two_level,40,"[40, 56, 20]",2000,12978,"[56, 20]"
two_level,40,"[40, 56, 24]",100,100,"[56, 24]"
two_level,40,"[40, 56, 28]",19,19,"[56, 28]"
two_level,40,"[40, 56, 32]",220,220,"[56, 32]"
two_level,40,"[40, 56, 36]",54,54,"[56, 36]"
two_level,40,"[40, 57, 20]",2000,3255,"[57, 20]"
two_level,40,"[40, 57, 24]",57,57,"[57, 24]"
two_level,40,"[40, 57, 28]",167,167,"[57, 28]"
two_level,40,"[40, 57, 32]",250,250,"[57, 32]"
two_level,40,"[40, 57, 36]",92,92,"[57, 36]"
two_level,40,"[40, 57, 40]",8,8,"[57, 40]"
two_level,40,"[40, 57, 44]",2,2,"[57, 44]"
two_level,40,"[40, 58, 20]",2000,6368,"[58, 20]"
two_level,40,"[40, 58, 24]",20,20,"[58, 24]"
two_level,40,"[40, 58, 28]",73,73,"[58, 28]"
two_level,40,"[40, 58, 32]",245,245,"[58, 32]"
two_level,40,"[40, 58, 36]",96,96,"[58, 36]"
two_level,40,"[40, 58, 40]",3,3,"[58, 40]"
two_level,40,"[40, 59, 20]",271,271,"[59, 20]"
two_level,40,"[40, 59, 24]",169,169,"[59, 24]"
two_level,40,"[40, 59, 28]",97,97,"[59, 28]"
two_level,40,"[40, 59, 32]",413,413,"[59, 32]"
two_level,40,"[40, 59, 36]",75,75,"[59, 36]"
two_level,40,"[40, 59, 40]",4,4,"[59, 40]"
two_level,40,"[40, 59, 44]",4,4,"[59, 44]"
two_level,40,"[40, 60, 20]",616,616,"[60, 20]"
two_level,40,"[40, 60, 24]",173,173,"[60, 24]"
two_level,40,"[40, 60, 28]",38,38,"[60, 28]"
two_level,40,"[40, 60, 32]",142,142,"[60, 32]"
two_level,40,"[40, 60, 36]",198,198,"[60, 36]"
two_level,40,"[40, 60, 40]",20,20,"[60, 40]"
two_level,40,"[40, 61, 20]",2000,13554,"[61, 20]"
two_level,40,"[40, 61, 24]",73,73,"[61, 24]"
two_level,40,"[40, 61, 28]",105,105,"[61, 28]"
two_level,40,"[40, 61, 32]",685,685,"[61, 32]"
two_level,40,"[40, 61, 36]",258,258,"[61, 36]"
two_level,40,"[40, 61, 40]",7,7,"[61, 40]"
two_level,40,"[40, 61, 48]",1,1,"[61, 48]"
two_level,40,"[40, 62, 20]",2000,10067,"[62, 20]"
two_level,40,"[40, 62, 24]",63,63,"[62, 24]"
two_level,40,"[40, 62, 28]",44,44,"[62, 28]"
two_level,40,"[40, 62, 32]",427,427,"[62, 32]"
two_level,40,"[40, 62, 36]",108,108,"[62, 36]"
two_level,40,"[40, 62, 40]",11,11,"[62, 40]"
two_level,40,"[40, 62, 44]",2,2,"[62, 44]"
two_level,40,"[40, 63, 20]",858,858,"[63, 20]"
two_level,40,"[40, 63, 24]",72,72,"[63, 24]"
two_level,40,"[40, 63, 28]",179,179,"[63, 28]"
two_level,40,"[40, 63, 32]",565,565,"[63, 32]"
two_level,40,"[40, 63, 36]",168,168,"[63, 36]"
two_level,40,"[40, 63, 40]",16,16,"[63, 40]"
two_level,40,"[40, 63, 44]",1,1,"[63, 44]"
two_level,40,"[40, 64, 20]",150,150,"[64, 20]"
two_level,40,"[40, 64, 24]",507,507,"[64, 24]"
two_level,40,"[40, 64, 28]",46,46,"[64, 28]"
two_level,40,"[40, 64, 32]",377,377,"[64, 32]"
two_level,40,"[40, 64, 36]",500,500,"[64, 36]"
two_level,40,"[40, 64, 40]",35,35,"[64, 40]"
two_level,40,"[40, 64, 44]",7,7,"[64, 44]"
two_level,40,"[40, 65, 20]",5,5,"[65, 20]"
two_level,40,"[40, 65, 24]",84,84,"[65, 24]"
two_level,40,"[40, 65, 28]",196,196,"[65, 28]"
two_level,40,"[40, 65, 32]",215,215,"[65, 32]"
two_level,40,"[40, 65, 36]",483,483,"[65, 36]"
two_level,40,"[40, 65, 40]",22,22,"[65, 40]"
two_level,40,"[40, 66, 24]",135,135,"[66, 24]"
two_level,40,"[40, 66, 28]",76,76,"[66, 28]"
two_level,40,"[40, 66, 32]",414,414,"[66, 32]"
two_level,40,"[40, 66, 36]",413,413,"[66, 36]"
two_level,40,"[40, 66, 40]",16,16,"[66, 40]"
two_level,40,"[40, 66, 44]",4,4,"[66, 44]"
two_level,40,"[40, 66, 48]",4,4,"[66, 48]"
two_level,40,"[40, 67, 20]",2000,7257,"[67, 20]"
two_level,40,"[40, 67, 24]",251,251,"[67, 24]"
two_level,40,"[40, 67, 28]",72,72,"[67, 28]"
two_level,40,"[40, 67, 32]",131,131,"[67, 32]"
two_level,40,"[40, 67, 36]",124,124,"[67, 36]"
two_level,40,"[40, 67, 40]",32,32,"[67, 40]"
two_level,40,"[40, 68, 24]",1085,1085,"[68, 24]"
two_level,40,"[40, 68, 28]",127,127,"[68, 28]"
two_level,40,"[40, 68, 32]",110,110,"[68, 32]"
two_level,40,"[40, 68, 36]",644,644,"[68, 36]"
two_level,40,"[40, 68, 40]",59,59,"[68, 40]"
two_level,40,"[40, 68, 44]",3,3,"[68, 44]"
two_level,40,"[40, 68, 52]",1,1,"[68, 52]"
two_level,40,"[40, 69, 24]",185,185,"[69, 24]"
two_level,40,"[40, 69, 28]",156,156,"[69, 28]"
two_level,40,"[40, 69, 32]",250,250,"[69, 32]"
two_level,40,"[40, 69, 36]",477,477,"[69, 36]"
two_level,40,"[40, 69, 40]",67,67,"[69, 40]"
two_level,40,"[40, 69, 44]",2,2,"[69, 44]"
two_level,40,"[40, 70, 24]",52,52,"[70, 24]"
two_level,40,"[40, 70, 28]",142,142,"[70, 28]"
two_level,40,"[40, 70, 32]",338,338,"[70, 32]"
two_level,40,"[40, 70, 36]",332,332,"[70, 36]"
two_level,40,"[40, 70, 40]",21,21,"[70, 40]"
two_level,40,"[40, 70, 44]",9,9,"[70, 44]"
two_level,40,"[40, 70, 48]",2,2,"[70, 48]"
two_level,40,"[40, 71, 24]",418,418,"[71, 24]"
two_level,40,"[40, 71, 28]",189,189,"[71, 28]"
two_level,40,"[40, 71, 32]",221,221,"[71, 32]"
two_level,40,"[40, 71, 36]",210,210,"[71, 36]"
two_level,40,"[40, 71, 40]",41,41,"[71, 40]"
two_level,40,"[40, 71, 44]",8,8,"[71, 44]"
two_level,40,"[40, 72, 24]",5,5,"[72, 24]"
two_level,40,"[40, 72, 28]",1433,1433,"[72, 28]"
two_level,40,"[40, 72, 32]",130,130,"[72, 32]"
two_level,40,"[40, 72, 36]",189,189,"[72, 36]"
two_level,40,"[40, 72, 40]",123,123,"[72, 40]"
two_level,40,"[40, 72, 44]",6,6,"[72, 44]"
two_level,40,"[40, 72, 48]",1,1,"[72, 48]"
two_level,40,"[40, 73, 24]",561,561,"[73, 24]"
two_level,40,"[40, 73, 28]",238,238,"[73, 28]"
two_level,40,"[40, 73, 32]",24,24,"[73, 32]"
two_level,40,"[40, 73, 36]",4,4,"[73, 36]"
two_level,40,"[40, 73, 40]",143,143,"[73, 40]"
two_level,40,"[40, 73, 44]",3,3,"[73, 44]"
two_level,40,"[40, 73, 48]",3,3,"[73, 48]"
two_level,40,"[40, 74, 24]",105,105,"[74, 24]"
two_level,40,"[40, 74, 28]",200,200,"[74, 28]"
two_level,40,"[40, 74, 32]",29,29,"[74, 32]"
two_level,40,"[40, 74, 36]",153,153,"[74, 36]"
two_level,40,"[40, 74, 40]",21,21,"[74, 40]"
two_level,40,"[40, 74, 44]",3,3,"[74, 44]"
two_level,40,"[40, 74, 48]",1,1,"[74, 48]"
two_level,40,"[40, 75, 24]",2000,2326,"[75, 24]"
two_level,40,"[40, 75, 28]",223,223,"[75, 28]"
two_level,40,"[40, 75, 32]",98,98,"[75, 32]"
two_level,40,"[40, 75, 36]",262,262,"[75, 36]"
two_level,40,"[40, 75, 40]",47,47,"[75, 40]"
two_level,40,"[40, 75, 44]",4,4,"[75, 44]"
two_level,40,"[40, 76, 28]",630,630,"[76, 28]"
two_level,40,"[40, 76, 32]",59,59,"[76, 32]"
two_level,40,"[40, 76, 36]",32,32,"[76, 36]"
two_level,40,"[40, 76, 40]",78,78,"[76, 40]"
two_level,40,"[40, 76, 44]",3,3,"[76, 44]"
two_level,40,"[40, 76, 48]",2,2,"[76, 48]"
two_level,40,"[40, 77, 24]",76,76,"[77, 24]"
two_level,40,"[40, 77, 28]",398,398,"[77, 28]"
two_level,40,"[40, 77, 32]",50,50,"[77, 32]"
two_level,40,"[40, 77, 36]",124,124,"[77, 36]"
two_level,40,"[40, 77, 40]",231,231,"[77, 40]"
two_level,40,"[40, 77, 44]",4,4,"[77, 44]"
two_level,40,"[40, 77, 52]",2,2,"[77, 52]"
two_level,40,"[40, 78, 28]",697,697,"[78, 28]"
two_level,40,"[40, 78, 32]",44,44,"[78, 32]"
two_level,40,"[40, 78, 36]",43,43,"[78, 36]"
two_level,40,"[40, 78, 40]",93,93,"[78, 40]"
two_level,40,"[40, 78, 44]",1,1,"[78, 44]"
two_level,40,"[40, 78, 52]",1,1,"[78, 52]"
two_level,40,"[40, 79, 24]",2000,3775,"[79, 24]"
two_level,40,"[40, 79, 28]",313,313,"[79, 28]"
two_level,40,"[40, 79, 32]",87,87,"[79, 32]"
two_level,40,"[40, 79, 36]",2,2,"[79, 36]"
two_level,40,"[40, 79, 40]",4,4,"[79, 40]"
two_level,40,"[40, 79, 44]",1,1,"[79, 44]"
two_level,40,"[40, 80, 28]",1453,1453,"[80, 28]"
two_level,40,"[40, 80, 32]",72,72,"[80, 32]"
two_level,40,"[40, 80, 36]",3,3,"[80, 36]"
two_level,40,"[40, 80, 40]",1,1,"[80, 40]"
two_level,40,"[40, 80, 44]",13,13,"[80, 44]"
two_level,40,"[40, 80, 48]",2,2,"[80, 48]"
two_level,40,"[40, 81, 28]",1441,1441,"[81, 28]"
two_level,40,"[40, 81, 32]",128,128,"[81, 32]"
two_level,40,"[40, 81, 36]",4,4,"[81, 36]"
two_level,40,"[40, 81, 40]",69,69,"[81, 40]"
two_level,40,"[40, 81, 48]",2,2,"[81, 48]"
two_level,40,"[40, 81, 80]",8,8,"[81, 80]"
two_level,40,"[40, 82, 28]",697,697,"[82, 28]"
two_level,40,"[40, 82, 32]",73,73,"[82, 32]"
two_level,40,"[40, 82, 36]",23,23,"[82, 36]"
two_level,40,"[40, 82, 40]",30,30,"[82, 40]"
two_level,40,"[40, 82, 48]",1,1,"[82, 48]"
two_level,40,"[40, 83, 28]",326,326,"[83, 28]"
two_level,40,"[40, 83, 32]",84,84,"[83, 32]"
two_level,40,"[40, 83, 36]",70,70,"[83, 36]"
two_level,40,"[40, 83, 40]",94,94,"[83, 40]"
two_level,40,"[40, 83, 80]",2,2,"[83, 80]"
two_level,40,"[40, 84, 28]",72,72,"[84, 28]"
two_level,40,"[40, 84, 32]",385,385,"[84, 32]"
two_level,40,"[40, 84, 36]",69,69,"[84, 36]"
two_level,40,"[40, 84, 40]",13,13,"[84, 40]"
two_level,40,"[40, 84, 44]",1,1,"[84, 44]"
two_level,40,"[40, 85, 28]",2000,2082,"[85, 28]"
two_level,40,"[40, 85, 32]",97,97,"[85, 32]"
two_level,40,"[40, 85, 36]",41,41,"[85, 36]"
two_level,40,"[40, 85, 48]",2,2,"[85, 48]"
two_level,40,"[40, 85, 52]",2,2,"[85, 52]"
two_level,40,"[40, 86, 28]",705,705,"[86, 28]"
two_level,40,"[40, 86, 32]",127,127,"[86, 32]"
two_level,40,"[40, 86, 36]",12,12,"[86, 36]"
two_level,40,"[40, 86, 40]",3,3,"[86, 40]"
two_level,40,"[40, 87, 28]",961,961,"[87, 28]"
two_level,40,"[40, 87, 32]",101,101,"[87, 32]"
two_level,40,"[40, 87, 36]",37,37,"[87, 36]"
two_level,40,"[40, 87, 40]",53,53,"[87, 40]"
two_level,40,"[40, 87, 80]",2,2,"[87, 80]"
two_level,40,"[40, 88, 28]",35,35,"[88, 28]"
two_level,40,"[40, 88, 32]",435,435,"[88, 32]"
two_level,40,"[40, 88, 36]",36,36,"[88, 36]"
two_level,40,"[40, 88, 40]",4,4,"[88, 40]"
two_level,40,"[40, 88, 44]",13,13,"[88, 44]"
two_level,40,"[40, 88, 80]",1,1,"[88, 80]"
two_level,40,"[40, 89, 28]",8,8,"[89, 28]"
two_level,40,"[40, 89, 32]",412,412,"[89, 32]"
two_level,40,"[40, 89, 36]",53,53,"[89, 36]"
two_level,40,"[40, 89, 40]",34,34,"[89, 40]"
two_level,40,"[40, 89, 44]",19,19,"[89, 44]"
two_level,40,"[40, 89, 56]",1,1,"[89, 56]"
two_level,40,"[40, 89, 80]",1,1,"[89, 80]"
two_level,40,"[40, 90, 32]",636,636,"[90, 32]"
two_level,40,"[40, 90, 36]",19,19,"[90, 36]"
two_level,40,"[40, 90, 40]",26,26,"[90, 40]"
two_level,40,"[40, 91, 28]",1620,1620,"[91, 28]"
two_level,40,"[40, 91, 32]",139,139,"[91, 32]"
two_level,40,"[40, 91, 36]",14,14,"[91, 36]"
two_level,40,"[40, 92, 32]",588,588,"[92, 32]"
two_level,40,"[40, 92, 36]",83,83,"[92, 36]"
two_level,40,"[40, 92, 40]",3,3,"[92, 40]"
two_level,40,"[40, 92, 44]",1,1,"[92, 44]"
two_level,40,"[40, 93, 32]",1271,1271,"[93, 32]"
two_level,40,"[40, 93, 36]",51,51,"[93, 36]"
two_level,40,"[40, 93, 40]",2,2,"[93, 40]"
two_level,40,"[40, 93, 44]",9,9,"[93, 44]"
two_level,40,"[40, 93, 48]",1,1,"[93, 48]"
two_level,40,"[40, 94, 32]",1236,1236,"[94, 32]"
two_level,40,"[40, 94, 36]",32,32,"[94, 36]"
two_level,40,"[40, 94, 40]",3,3,"[94, 40]"
two_level,40,"[40, 94, 44]",1,1,"[94, 44]"
two_level,40,"[40, 95, 32]",490,490,"[95, 32]"
two_level,40,"[40, 95, 36]",93,93,"[95, 36]"
two_level,40,"[40, 95, 40]",6,6,"[95, 40]"
two_level,40,"[40, 95, 80]",2,2,"[95, 80]"
two_level,40,"[40, 96, 32]",52,52,"[96, 32]"
two_level,40,"[40, 96, 36]",326,326,"[96, 36]"
two_level,40,"[40, 96, 40]",38,38,"[96, 40]"
two_level,40,"[40, 96, 44]",6,6,"[96, 44]"
two_level,40,"[40, 97, 32]",2000,2557,"[97, 32]"
two_level,40,"[40, 97, 36]",64,64,"[97, 36]"
two_level,40,"[40, 97, 40]",1,1,"[97, 40]"
two_level,40,"[40, 97, 80]",2,2,"[97, 80]"
two_level,40,"[40, 98, 32]",1832,1832,"[98, 32]"
two_level,40,"[40, 98, 36]",87,87,"[98, 36]"
two_level,40,"[40, 98, 40]",6,6,"[98, 40]"
two_level,40,"[40, 99, 32]",265,265,"[99, 32]"
two_level,40,"[40, 99, 36]",43,43,"[99, 36]"
two_level,40,"[40, 99, 40]",25,25,"[99, 40]"
two_level,40,"[40, 99, 44]",3,3,"[99, 44]"
two_level,40,"[40, 99, 52]",1,1,"[99, 52]"
two_level,40,"[40, 100, 32]",36,36,"[100, 32]"
two_level,40,"[40, 100, 36]",1111,1111,"[100, 36]"
two_level,40,"[40, 100, 40]",26,26,"[100, 40]"
two_level,40,"[40, 100, 44]",1,1,"[100, 44]"
two_level,40,"[40, 100, 48]",1,1,"[100, 48]"
two_level,40,"[40, 100, 80]",1,1,"[100, 80]"
two_level,40,"[40, 101, 32]",1,1,"[101, 32]"
two_level,40,"[40, 101, 36]",428,428,"[101, 36]"
two_level,40,"[40, 101, 40]",18,18,"[101, 40]"
two_level,40,"[40, 101, 48]",2,2,"[101, 48]"
two_level,40,"[40, 102, 36]",288,288,"[102, 36]"
two_level,40,"[40, 102, 44]",1,1,"[102, 44]"
two_level,40,"[40, 102, 80]",1,1,"[102, 80]"
two_level,40,"[40, 103, 32]",1658,1658,"[103, 32]"
two_level,40,"[40, 103, 36]",53,53,"[103, 36]"
two_level,40,"[40, 103, 40]",7,7,"[103, 40]"
two_level,40,"[40, 104, 36]",1058,1058,"[104, 36]"
two_level,40,"[40, 104, 40]",29,29,"[104, 40]"
two_level,40,"[40, 105, 36]",53,53,"[105, 36]"
two_level,40,"[40, 105, 40]",20,20,"[105, 40]"
two_level,40,"[40, 105, 44]",4,4,"[105, 44]"
two_level,40,"[40, 105, 80]",6,6,"[105, 80]"
two_level,40,"[40, 106, 36]",767,767,"[106, 36]"
two_level,40,"[40, 106, 40]",12,12,"[106, 40]"
two_level,40,"[40, 106, 44]",2,2,"[106, 44]"
two_level,40,"[40, 106, 80]",1,1,"[106, 80]"
two_level,40,"[40, 107, 36]",269,269,"[107, 36]"
two_level,40,"[40, 107, 40]",4,4,"[107, 40]"
two_level,40,"[40, 107, 80]",3,3,"[107, 80]"
two_level,40,"[40, 108, 36]",1,1,"[108, 36]"
two_level,40,"[40, 108, 40]",49,49,"[108, 40]"
two_level,40,"[40, 108, 48]",2,2,"[108, 48]"
two_level,40,"[40, 108, 80]",2,2,"[108, 80]"
two_level,40,"[40, 109, 36]",1410,1410,"[109, 36]"
two_level,40,"[40, 109, 40]",5,5,"[109, 40]"
two_level,40,"[40, 109, 80]",1,1,"[109, 80]"
two_level,40,"[40, 110, 36]",741,741,"[110, 36]"
two_level,40,"[40, 110, 40]",5,5,"[110, 40]"
two_level,40,"[40, 110, 80]",2,2,"[110, 80]"
two_level,40,"[40, 111, 36]",39,39,"[111, 36]"
two_level,40,"[40, 111, 40]",4,4,"[111, 40]"
two_level,40,"[40, 111, 48]",5,5,"[111, 48]"
two_level,40,"[40, 111, 80]",3,3,"[111, 80]"
two_level,40,"[40, 112, 36]",1,1,"[112, 36]"
two_level,40,"[40, 112, 40]",126,126,"[112, 40]"
two_level,40,"[40, 112, 44]",8,8,"[112, 44]"
two_level,40,"[40, 112, 48]",2,2,"[112, 48]"
two_level,40,"[40, 112, 52]",2,2,"[112, 52]"
two_level,40,"[40, 112, 80]",2,2,"[112, 80]"
two_level,40,"[40, 113, 40]",80,80,"[113, 40]"
two_level,40,"[40, 113, 80]",10,10,"[113, 80]"
two_level,40,"[40, 114, 40]",8,8,"[114, 40]"
two_level,40,"[40, 114, 80]",3,3,"[114, 80]"
two_level,40,"[40, 115, 36]",888,888,"[115, 36]"
two_level,40,"[40, 115, 40]",15,15,"[115, 40]"
two_level,40,"[40, 115, 80]",3,3,"[115, 80]"
two_level,40,"[40, 116, 40]",263,263,"[116, 40]"
two_level,40,"[40, 116, 44]",1,1,"[116, 44]"
two_level,40,"[40, 116, 52]",2,2,"[116, 52]"
two_level,40,"[40, 116, 80]",4,4,"[116, 80]"
two_level,40,"[40, 117, 40]",14,14,"[117, 40]"
two_level,40,"[40, 117, 80]",4,4,"[117, 80]"
two_level,40,"[40, 118, 40]",133,133,"[118, 40]"
two_level,40,"[40, 118, 44]",5,5,"[118, 44]"
two_level,40,"[40, 118, 48]",5,5,"[118, 48]"
two_level,40,"[40, 118, 80]",4,4,"[118, 80]"
two_level,40,"[40, 119, 40]",20,20,"[119, 40]"
two_level,40,"[40, 119, 80]",6,6,"[119, 80]"
two_level,40,"[40, 120, 40]",5,5,"[120, 40]"
two_level,40,"[40, 120, 44]",5,5,"[120, 44]"
two_level,40,"[40, 120, 56]",1,1,"[120, 56]"
two_level,40,"[40, 120, 80]",4,4,"[120, 80]"
two_level,40,"[40, 121, 40]",457,457,"[121, 40]"
two_level,40,"[40, 121, 80]",12,12,"[121, 80]"
two_level,40,"[40, 122, 40]",93,93,"[122, 40]"
two_level,40,"[40, 122, 44]",1,1,"[122, 44]"
two_level,40,"[40, 122, 52]",2,2,"[122, 52]"
two_level,40,"[40, 122, 80]",7,7,"[122, 80]"
two_level,40,"[40, 123, 40]",9,9,"[123, 40]"
two_level,40,"[40, 123, 80]",5,5,"[123, 80]"
two_level,40,"[40, 124, 44]",26,26,"[124, 44]"
two_level,40,"[40, 124, 48]",3,3,"[124, 48]"
two_level,40,"[40, 124, 52]",2,2,"[124, 52]"
two_level,40,"[40, 124, 80]",6,6,"[124, 80]"
two_level,40,"[40, 125, 44]",5,5,"[125, 44]"
two_level,40,"[40, 125, 80]",5,5,"[125, 80]"
two_level,40,"[40, 126, 44]",2,2,"[126, 44]"
two_level,40,"[40, 126, 80]",7,7,"[126, 80]"
two_level,40,"[40, 127, 40]",152,152,"[127, 40]"
two_level,40,"[40, 127, 44]",1,1,"[127, 44]"
two_level,40,"[40, 127, 80]",5,5,"[127, 80]"
two_level,40,"[40, 128, 44]",13,13,"[128, 44]"
two_level,40,"[40, 128, 48]",2,2,"[128, 48]"
two_level,40,"[40, 128, 80]",6,6,"[128, 80]"
two_level,40,"[40, 129, 44]",5,5,"[129, 44]"
two_level,40,"[40, 129, 80]",13,13,"[129, 80]"
two_level,40,"[40, 130, 44]",19,19,"[130, 44]"
two_level,40,"[40, 130, 48]",2,2,"[130, 48]"
two_level,40,"[40, 130, 52]",1,1,"[130, 52]"
two_level,40,"[40, 130, 80]",7,7,"[130, 80]"
two_level,40,"[40, 131, 44]",1,1,"[131, 44]"
two_level,40,"[40, 131, 80]",9,9,"[131, 80]"
two_level,40,"[40, 132, 48]",2,2,"[132, 48]"
two_level,40,"[40, 132, 56]",1,1,"[132, 56]"
two_level,40,"[40, 132, 80]",9,9,"[132, 80]"
two_level,40,"[40, 133, 44]",41,41,"[133, 44]"
two_level,40,"[40, 133, 80]",10,10,"[133, 80]"
two_level,40,"[40, 133, 84]",1,1,"[133, 84]"
two_level,40,"[40, 134, 44]",12,12,"[134, 44]"
two_level,40,"[40, 134, 80]",12,12,"[134, 80]"
two_level,40,"[40, 135, 44]",3,3,"[135, 44]"
two_level,40,"[40, 135, 80]",11,11,"[135, 80]"
two_level,40,"[40, 135, 88]",1,1,"[135, 88]"
two_level,40,"[40, 136, 48]",20,20,"[136, 48]"
two_level,40,"[40, 136, 56]",1,1,"[136, 56]"
two_level,40,"[40, 136, 80]",11,11,"[136, 80]"
two_level,40,"[40, 137, 80]",14,14,"[137, 80]"
two_level,40,"[40, 138, 48]",1,1,"[138, 48]"
two_level,40,"[40, 138, 80]",9,9,"[138, 80]"
two_level,40,"[40, 138, 84]",2,2,"[138, 84]"
two_level,40,"[40, 139, 44]",10,10,"[139, 44]"
two_level,40,"[40, 139, 80]",9,9,"[139, 80]"
two_level,40,"[40, 139, 84]",1,1,"[139, 84]"
two_level,40,"[40, 140, 48]",10,10,"[140, 48]"
two_level,40,"[40, 140, 80]",11,11,"[140, 80]"
two_level,40,"[40, 140, 84]",1,1,"[140, 84]"
two_level,40,"[40, 141, 80]",9,9,"[141, 80]"
two_level,40,"[40, 142, 48]",6,6,"[142, 48]"
two_level,40,"[40, 142, 80]",11,11,"[142, 80]"
two_level,40,"[40, 142, 84]",3,3,"[142, 84]"
two_level,40,"[40, 143, 80]",13,13,"[143, 80]"
two_level,40,"[40, 144, 52]",3,3,"[144, 52]"
two_level,40,"[40, 144, 80]",10,10,"[144, 80]"
two_level,40,"[40, 145, 48]",3,3,"[145, 48]"
two_level,40,"[40, 145, 80]",15,15,"[145, 80]"
two_level,40,"[40, 146, 48]",7,7,"[146, 48]"
two_level,40,"[40, 146, 52]",3,3,"[146, 52]"
two_level,40,"[40, 146, 56]",1,1,"[146, 56]"
two_level,40,"[40, 146, 80]",13,13,"[146, 80]"
two_level,40,"[40, 146, 84]",1,1,"[146, 84]"
two_level,40,"[40, 146, 88]",2,2,"[146, 88]"
two_level,40,"[40, 147, 48]",3,3,"[147, 48]"
two_level,40,"[40, 147, 80]",12,12,"[147, 80]"
two_level,40,"[40, 147, 84]",2,2,"[147, 84]"
two_level,40,"[40, 148, 52]",1,1,"[148, 52]"
two_level,40,"[40, 148, 80]",13,13,"[148, 80]"
two_level,40,"[40, 148, 84]",3,3,"[148, 84]"
two_level,40,"[40, 149, 80]",21,21,"[149, 80]"
two_level,40,"[40, 149, 84]",4,4,"[149, 84]"
two_level,40,"[40, 149, 92]",1,1,"[149, 92]"
two_level,40,"[40, 150, 52]",2,2,"[150, 52]"
two_level,40,"[40, 150, 80]",15,15,"[150, 80]"
two_level,40,"[40, 150, 84]",4,4,"[150, 84]"
two_level,40,"[40, 150, 88]",1,1,"[150, 88]"
two_level,40,"[40, 151, 48]",6,6,"[151, 48]"
two_level,40,"[40, 151, 80]",15,15,"[151, 80]"
two_level,40,"[40, 151, 84]",2,2,"[151, 84]"
two_level,40,"[40, 151, 88]",1,1,"[151, 88]"
two_level,40,"[40, 152, 52]",1,1,"[152, 52]"
two_level,40,"[40, 152, 80]",4,4,"[152, 80]"
two_level,40,"[40, 152, 84]",9,9,"[152, 84]"
two_level,40,"[40, 152, 88]",2,2,"[152, 88]"
two_level,40,"[40, 153, 80]",6,6,"[153, 80]"
two_level,40,"[40, 153, 84]",10,10,"[153, 84]"
two_level,40,"[40, 153, 88]",2,2,"[153, 88]"
two_level,40,"[40, 153, 92]",1,1,"[153, 92]"
two_level,40,"[40, 154, 56]",1,1,"[154, 56]"
two_level,40,"[40, 154, 80]",5,5,"[154, 80]"
two_level,40,"[40, 154, 84]",13,13,"[154, 84]"
two_level,40,"[40, 154, 88]",2,2,"[154, 88]"
two_level,40,"[40, 155, 80]",2,2,"[155, 80]"
two_level,40,"[40, 155, 84]",13,13,"[155, 84]"
two_level,40,"[40, 155, 88]",2,2,"[155, 88]"
two_level,40,"[40, 155, 92]",1,1,"[155, 92]"
two_level,40,"[40, 156, 80]",6,6,"[156, 80]"
two_level,40,"[40, 156, 84]",6,6,"[156, 84]"
two_level,40,"[40, 156, 88]",4,4,"[156, 88]"
two_level,40,"[40, 156, 92]",6,6,"[156, 92]"
two_level,40,"[40, 157, 52]",2,2,"[157, 52]"
two_level,40,"[40, 157, 80]",3,3,"[157, 80]"
two_level,40,"[40, 157, 84]",10,10,"[157, 84]"
two_level,40,"[40, 157, 92]",2,2,"[157, 92]"
two_level,40,"[40, 158, 56]",2,2,"[158, 56]"
two_level,40,"[40, 158, 80]",3,3,"[158, 80]"
two_level,40,"[40, 158, 84]",4,4,"[158, 84]"
two_level,40,"[40, 158, 88]",5,5,"[158, 88]"
two_level,40,"[40, 158, 92]",2,2,"[158, 92]"
two_level,40,"[40, 159, 80]",4,4,"[159, 80]"
two_level,40,"[40, 159, 84]",2,2,"[159, 84]"
two_level,40,"[40, 159, 88]",4,4,"[159, 88]"
two_level,40,"[40, 160, 80]",3,3,"[160, 80]"
two_level,40,"[40, 160, 88]",6,6,"[160, 88]"
two_level,40,"[40, 160, 92]",12,12,"[160, 92]"
two_level,40,"[40, 161, 80]",2,2,"[161, 80]"
two_level,40,"[40, 161, 88]",1,1,"[161, 88]"
two_level,40,"[40, 161, 92]",3,3,"[161, 92]"
two_level,40,"[40, 162, 80]",2,2,"[162, 80]"
two_level,40,"[40, 162, 88]",6,6,"[162, 88]"
two_level,40,"[40, 162, 92]",2,2,"[162, 92]"
two_level,40,"[40, 163, 80]",6,6,"[163, 80]"
two_level,40,"[40, 163, 92]",2,2,"[163, 92]"
two_level,40,"[40, 164, 84]",1,1,"[164, 84]"
two_level,40,"[40, 164, 92]",18,18,"[164, 92]"
two_level,40,"[40, 165, 80]",18,18,"[165, 80]"
two_level,40,"[40, 165, 84]",1,1,"[165, 84]"
two_level,40,"[40, 165, 88]",1,1,"[165, 88]"
two_level,40,"[40, 165, 92]",6,6,"[165, 92]"
two_level,40,"[40, 166, 92]",2,2,"[166, 92]"
two_level,40,"[40, 167, 56]",1,1,"[167, 56]"
two_level,40,"[40, 167, 80]",2,2,"[167, 80]"
two_level,40,"[40, 167, 84]",1,1,"[167, 84]"
two_level,40,"[40, 168, 92]",30,30,"[168, 92]"
two_level,40,"[40, 169, 84]",1,1,"[169, 84]"
two_level,40,"[40, 169, 88]",1,1,"[169, 88]"
two_level,40,"[40, 169, 92]",6,6,"[169, 92]"
two_level,40,"[40, 170, 56]",1,1,"[170, 56]"
two_level,40,"[40, 170, 92]",2,2,"[170, 92]"
two_level,40,"[40, 171, 80]",1,1,"[171, 80]"
two_level,40,"[40, 171, 92]",1,1,"[171, 92]"
two_level,40,"[40, 172, 80]",2,2,"[172, 80]"
two_level,40,"[40, 172, 84]",3,3,"[172, 84]"
two_level,40,"[40, 172, 92]",38,38,"[172, 92]"
two_level,40,"[40, 173, 80]",2,2,"[173, 80]"
two_level,40,"[40, 173, 84]",1,1,"[173, 84]"
two_level,40,"[40, 173, 88]",1,1,"[173, 88]"
two_level,40,"[40, 173, 92]",8,8,"[173, 92]"
two_level,40,"[40, 174, 88]",1,1,"[174, 88]"
two_level,40,"[40, 175, 80]",1,1,"[175, 80]"
two_level,40,"[40, 175, 88]",3,3,"[175, 88]"
two_level,40,"[40, 175, 96]",1,1,"[175, 96]"
two_level,40,"[40, 176, 80]",1,1,"[176, 80]"
two_level,40,"[40, 176, 92]",46,46,"[176, 92]"
two_level,40,"[40, 176, 96]",2,2,"[176, 96]"
two_level,40,"[40, 177, 84]",3,3,"[177, 84]"
two_level,40,"[40, 177, 88]",6,6,"[177, 88]"
two_level,40,"[40, 177, 92]",8,8,"[177, 92]"
two_level,40,"[40, 178, 88]",1,1,"[178, 88]"
two_level,40,"[40, 179, 88]",21,21,"[179, 88]"
two_level,40,"[40, 179, 92]",1,1,"[179, 92]"
two_level,40,"[40, 180, 84]",2,2,"[180, 84]"
two_level,40,"[40, 180, 92]",53,53,"[180, 92]"
two_level,40,"[40, 181, 84]",4,4,"[181, 84]"
two_level,40,"[40, 181, 88]",1,1,"[181, 88]"
two_level,40,"[40, 181, 92]",8,8,"[181, 92]"
two_level,40,"[40, 182, 88]",3,3,"[182, 88]"
two_level,40,"[40, 183, 88]",9,9,"[183, 88]"
two_level,40,"[40, 183, 92]",7,7,"[183, 92]"
two_level,40,"[40, 184, 84]",1,1,"[184, 84]"
two_level,40,"[40, 184, 88]",2,2,"[184, 88]"
two_level,40,"[40, 184, 92]",65,65,"[184, 92]"
two_level,40,"[40, 185, 84]",2,2,"[185, 84]"
two_level,40,"[40, 185, 88]",3,3,"[185, 88]"
two_level,40,"[40, 185, 92]",245,245,"[185, 92]"
two_level,40,"[40, 185, 96]",3,3,"[185, 96]"
two_level,40,"[40, 186, 88]",7,7,"[186, 88]"
two_level,40,"[40, 186, 92]",3,3,"[186, 92]"
two_level,40,"[40, 187, 84]",2,2,"[187, 84]"
two_level,40,"[40, 187, 88]",12,12,"[187, 88]"
two_level,40,"[40, 187, 92]",22,22,"[187, 92]"
two_level,40,"[40, 187, 96]",2,2,"[187, 96]"
two_level,40,"[40, 188, 88]",2,2,"[188, 88]"
two_level,40,"[40, 188, 92]",84,84,"[188, 92]"
two_level,40,"[40, 189, 88]",8,8,"[189, 88]"
two_level,40,"[40, 189, 92]",28,28,"[189, 92]"
two_level,40,"[40, 189, 96]",2,2,"[189, 96]"
two_level,40,"[40, 190, 88]",10,10,"[190, 88]"
two_level,40,"[40, 190, 92]",41,41,"[190, 92]"
two_level,40,"[40, 190, 96]",1,1,"[190, 96]"
two_level,40,"[40, 191, 88]",16,16,"[191, 88]"
two_level,40,"[40, 191, 92]",372,372,"[191, 92]"
two_level,40,"[40, 191, 96]",4,4,"[191, 96]"
two_level,40,"[40, 192, 88]",2,2,"[192, 88]"
two_level,40,"[40, 192, 92]",117,117,"[192, 92]"
two_level,40,"[40, 193, 88]",13,13,"[193, 88]"
two_level,40,"[40, 193, 92]",55,55,"[193, 92]"
two_level,40,"[40, 193, 96]",6,6,"[193, 96]"
two_level,40,"[40, 194, 84]",1,1,"[194, 84]"
two_level,40,"[40, 194, 88]",17,17,"[194, 88]"
two_level,40,"[40, 194, 92]",141,141,"[194, 92]"
two_level,40,"[40, 194, 96]",3,3,"[194, 96]"
two_level,40,"[40, 195, 88]",12,12,"[195, 88]"
two_level,40,"[40, 195, 92]",117,117,"[195, 92]"
two_level,40,"[40, 195, 96]",6,6,"[195, 96]"
two_level,40,"[40, 196, 92]",160,160,"[196, 92]"
two_level,40,"[40, 196, 96]",1,1,"[196, 96]"
two_level,40,"[40, 197, 88]",14,14,"[197, 88]"
two_level,40,"[40, 197, 92]",102,102,"[197, 92]"
two_level,40,"[40, 197, 96]",1409,1409,"[197, 96]"
two_level,40,"[40, 198, 84]",1,1,"[198, 84]"
two_level,40,"[40, 198, 88]",12,12,"[198, 88]"
two_level,40,"[40, 198, 92]",325,325,"[198, 92]"
two_level,40,"[40, 198, 96]",6,6,"[198, 96]"
two_level,40,"[40, 199, 88]",19,19,"[199, 88]"
two_level,40,"[40, 199, 92]",211,211,"[199, 92]"
two_level,40,"[40, 199, 96]",11,11,"[199, 96]"
two_level,40,"[40, 200, 92]",234,234,"[200, 92]"
two_level,40,"[40, 200, 96]",6,6,"[200, 96]"
two_level,40,"[40, 201, 92]",166,166,"[201, 92]"
two_level,40,"[40, 201, 96]",31,31,"[201, 96]"
two_level,40,"[40, 202, 92]",652,652,"[202, 92]"
two_level,40,"[40, 202, 96]",10,10,"[202, 96]"
two_level,40,"[40, 203, 92]",249,249,"[203, 92]"
two_level,40,"[40, 203, 96]",245,245,"[203, 96]"
two_level,40,"[40, 204, 92]",227,227,"[204, 92]"
two_level,40,"[40, 204, 96]",22,22,"[204, 96]"
two_level,40,"[40, 205, 92]",124,124,"[205, 92]"
two_level,40,"[40, 205, 96]",51,51,"[205, 96]"
two_level,40,"[40, 206, 92]",1124,1124,"[206, 92]"
two_level,40,"[40, 206, 96]",15,15,"[206, 96]"
two_level,40,"[40, 207, 88]",22,22,"[207, 88]"
two_level,40,"[40, 207, 92]",408,408,"[207, 92]"
two_level,40,"[40, 207, 96]",25,25,"[207, 96]"
two_level,40,"[40, 208, 92]",298,298,"[208, 92]"
two_level,40,"[40, 208, 96]",56,56,"[208, 96]"
two_level,40,"[40, 209, 88]",10,10,"[209, 88]"
two_level,40,"[40, 209, 92]",165,165,"[209, 92]"
two_level,40,"[40, 209, 96]",86,86,"[209, 96]"
two_level,40,"[40, 209, 100]",14,14,"[209, 100]"
two_level,40,"[40, 210, 88]",3,3,"[210, 88]"
two_level,40,"[40, 210, 92]",210,210,"[210, 92]"
two_level,40,"[40, 210, 96]",1448,1448,"[210, 96]"
two_level,40,"[40, 211, 92]",1,1,"[211, 92]"
two_level,40,"[40, 211, 96]",2,2,"[211, 96]"
two_level,40,"[40, 212, 92]",78,78,"[212, 92]"
two_level,40,"[40, 213, 88]",2,2,"[213, 88]"
two_level,40,"[40, 213, 92]",638,638,"[213, 92]"
two_level,40,"[40, 213, 96]",1122,1122,"[213, 96]"
two_level,40,"[40, 214, 88]",1,1,"[214, 88]"
two_level,40,"[40, 214, 92]",145,145,"[214, 92]"
two_level,40,"[40, 215, 88]",1,1,"[215, 88]"
two_level,40,"[40, 215, 92]",88,88,"[215, 92]"
two_level,40,"[40, 216, 88]",4,4,"[216, 88]"
two_level,40,"[40, 216, 92]",215,215,"[216, 92]"
two_level,40,"[40, 216, 96]",13,13,"[216, 96]"
two_level,40,"[40, 217, 92]",16,16,"[217, 92]"
two_level,40,"[40, 218, 88]",14,14,"[218, 88]"
two_level,40,"[40, 218, 92]",59,59,"[218, 92]"
two_level,40,"[40, 218, 96]",1459,1459,"[218, 96]"
two_level,40,"[40, 219, 80]",2,2,"[219, 80]"
two_level,40,"[40, 219, 84]",4,4,"[219, 84]"
two_level,40,"[40, 219, 88]",6,6,"[219, 88]"
two_level,40,"[40, 219, 92]",2000,3777,"[219, 92]"
two_level,40,"[40, 219, 96]",266,266,"[219, 96]"
two_level,40,"[40, 220, 84]",1,1,"[220, 84]"
two_level,40,"[40, 220, 88]",8,8,"[220, 88]"
two_level,40,"[40, 220, 92]",104,104,"[220, 92]"
two_level,40,"[40, 220, 96]",163,163,"[220, 96]"
two_level,40,"[40, 221, 84]",4,4,"[221, 84]"
two_level,40,"[40, 221, 88]",1,1,"[221, 88]"
two_level,40,"[40, 221, 92]",8,8,"[221, 92]"
two_level,40,"[40, 221, 96]",215,215,"[221, 96]"
two_level,40,"[40, 222, 84]",1,1,"[222, 84]"
two_level,40,"[40, 222, 88]",23,23,"[222, 88]"
two_level,40,"[40, 222, 92]",46,46,"[222, 92]"
two_level,40,"[40, 222, 96]",68,68,"[222, 96]"
two_level,40,"[40, 223, 92]",4,4,"[223, 92]"
two_level,40,"[40, 224, 84]",4,4,"[224, 84]"
two_level,40,"[40, 224, 88]",7,7,"[224, 88]"
two_level,40,"[40, 224, 92]",55,55,"[224, 92]"
two_level,40,"[40, 224, 100]",230,230,"[224, 100]"
two_level,40,"[40, 225, 84]",2,2,"[225, 84]"
two_level,40,"[40, 225, 88]",4,4,"[225, 88]"
two_level,40,"[40, 225, 92]",14,14,"[225, 92]"
two_level,40,"[40, 225, 96]",4,4,"[225, 96]"
two_level,40,"[40, 225, 100]",1,1,"[225, 100]"
two_level,40,"[40, 226, 84]",9,9,"[226, 84]"
two_level,40,"[40, 226, 88]",4,4,"[226, 88]"
two_level,40,"[40, 226, 92]",3,3,"[226, 92]"
two_level,40,"[40, 226, 96]",8,8,"[226, 96]"
two_level,40,"[40, 227, 80]",3,3,"[227, 80]"
two_level,40,"[40, 227, 96]",71,71,"[227, 96]"
two_level,40,"[40, 228, 84]",10,10,"[228, 84]"
two_level,40,"[40, 228, 88]",5,5,"[228, 88]"
two_level,40,"[40, 228, 96]",10,10,"[228, 96]"
two_level,40,"[40, 228, 100]",1,1,"[228, 100]"
two_level,40,"[40, 229, 80]",2,2,"[229, 80]"
two_level,40,"[40, 229, 84]",5,5,"[229, 84]"
two_level,40,"[40, 230, 84]",4,4,"[230, 84]"
two_level,40,"[40, 230, 92]",1,1,"[230, 92]"
two_level,40,"[40, 230, 100]",14,14,"[230, 100]"
two_level,40,"[40, 231, 80]",2,2,"[231, 80]"
two_level,40,"[40, 231, 88]",1,1,"[231, 88]"
two_level,40,"[40, 232, 84]",27,27,"[232, 84]"
two_level,40,"[40, 233, 88]",10,10,"[233, 88]"
two_level,40,"[40, 234, 80]",39,39,"[234, 80]"
two_level,40,"[40, 234, 84]",3,3,"[234, 84]"
two_level,40,"[40, 234, 92]",2,2,"[234, 92]"
two_level,40,"[40, 235, 80]",7,7,"[235, 80]"
two_level,40,"[40, 236, 84]",14,14,"[236, 84]"
two_level,40,"[40, 236, 88]",2,2,"[236, 88]"
two_level,40,"[40, 237, 80]",27,27,"[237, 80]"
two_level,40,"[40, 238, 80]",28,28,"[238, 80]"
two_level,40,"[40, 238, 84]",2,2,"[238, 84]"
two_level,40,"[40, 239, 80]",9,9,"[239, 80]"
two_level,40,"[40, 239, 84]",10,10,"[239, 84]"
two_level,40,"[40, 239, 92]",2,2,"[239, 92]"
two_level,40,"[40, 240, 84]",19,19,"[240, 84]"
two_level,40,"[40, 241, 80]",62,62,"[241, 80]"
two_level,40,"[40, 241, 84]",2,2,"[241, 84]"
two_level,40,"[40, 242, 80]",164,164,"[242, 80]"
two_level,40,"[40, 242, 84]",3,3,"[242, 84]"
two_level,40,"[40, 243, 80]",51,51,"[243, 80]"
two_level,40,"[40, 244, 84]",211,211,"[244, 84]"
two_level,40,"[40, 244, 88]",1,1,"[244, 88]"
two_level,40,"[40, 244, 92]",1,1,"[244, 92]"
two_level,40,"[40, 245, 80]",1,1,"[245, 80]"
two_level,40,"[40, 245, 84]",11,11,"[245, 84]"
two_level,40,"[40, 246, 84]",2,2,"[246, 84]"
two_level,40,"[40, 246, 92]",4,4,"[246, 92]"
two_level,40,"[40, 247, 80]",377,377,"[247, 80]"
two_level,40,"[40, 247, 84]",1,1,"[247, 84]"
two_level,40,"[40, 248, 84]",68,68,"[248, 84]"
two_level,40,"[40, 248, 88]",4,4,"[248, 88]"
two_level,40,"[40, 249, 84]",15,15,"[249, 84]"
two_level,40,"[40, 250, 84]",22,22,"[250, 84]"
two_level,40,"[40, 251, 84]",3,3,"[251, 84]"
two_level,40,"[40, 252, 88]",1,1,"[252, 88]"
two_level,40,"[40, 252, 92]",1,1,"[252, 92]"
two_level,40,"[40, 252, 96]",8,8,"[252, 96]"
two_level,40,"[40, 253, 84]",47,47,"[253, 84]"
two_level,40,"[40, 253, 96]",1,1,"[253, 96]"
two_level,40,"[40, 254, 84]",16,16,"[254, 84]"
two_level,40,"[40, 254, 88]",2,2,"[254, 88]"
two_level,40,"[40, 254, 92]",2,2,"[254, 92]"
two_level,40,"[40, 255, 84]",12,12,"[255, 84]"
two_level,40,"[40, 256, 88]",16,16,"[256, 88]"
two_level,40,"[40, 256, 92]",3,3,"[256, 92]"
two_level,40,"[40, 257, 88]",9,9,"[257, 88]"
two_level,40,"[40, 258, 92]",16,16,"[258, 92]"
two_level,40,"[40, 258, 96]",40,40,"[258, 96]"
two_level,40,"[40, 259, 84]",37,37,"[259, 84]"
two_level,40,"[40, 259, 92]",2,2,"[259, 92]"
two_level,40,"[40, 260, 88]",48,48,"[260, 88]"
two_level,40,"[40, 260, 92]",4,4,"[260, 92]"
two_level,40,"[40, 260, 96]",3,3,"[260, 96]"
two_level,40,"[40, 261, 88]",27,27,"[261, 88]"
two_level,40,"[40, 262, 88]",46,46,"[262, 88]"
two_level,40,"[40, 262, 92]",5,5,"[262, 92]"
two_level,40,"[40, 263, 88]",35,35,"[263, 88]"
two_level,40,"[40, 264, 92]",9,9,"[264, 92]"
two_level,40,"[40, 264, 96]",2,2,"[264, 96]"
two_level,40,"[40, 264, 100]",8,8,"[264, 100]"
two_level,40,"[40, 265, 88]",74,74,"[265, 88]"
two_level,40,"[40, 265, 92]",5,5,"[265, 92]"
two_level,40,"[40, 266, 88]",74,74,"[266, 88]"
two_level,40,"[40, 266, 92]",25,25,"[266, 92]"
two_level,40,"[40, 266, 96]",16,16,"[266, 96]"
two_level,40,"[40, 267, 88]",24,24,"[267, 88]"
two_level,40,"[40, 268, 92]",626,626,"[268, 92]"
two_level,40,"[40, 269, 92]",306,306,"[269, 92]"
two_level,40,"[40, 269, 96]",1,1,"[269, 96]"
two_level,40,"[40, 270, 92]",54,54,"[270, 92]"
two_level,40,"[40, 270, 100]",1,1,"[270, 100]"
two_level,40,"[40, 271, 88]",112,112,"[271, 88]"
two_level,40,"[40, 271, 92]",10,10,"[271, 92]"
two_level,40,"[40, 272, 92]",1642,1642,"[272, 92]"
two_level,40,"[40, 272, 96]",1,1,"[272, 96]"
two_level,40,"[40, 272, 100]",4,4,"[272, 100]"
two_level,40,"[40, 273, 92]",242,242,"[273, 92]"
two_level,40,"[40, 274, 92]",2000,2570,"[274, 92]"
two_level,40,"[40, 275, 92]",544,544,"[275, 92]"
two_level,40,"[40, 275, 96]",4,4,"[275, 96]"
two_level,40,"[40, 276, 96]",15,15,"[276, 96]"
two_level,40,"[40, 277, 92]",1052,1052,"[277, 92]"
two_level,40,"[40, 277, 96]",18,18,"[277, 96]"
two_level,40,"[40, 278, 92]",2000,8996,"[278, 92]"
two_level,40,"[40, 278, 96]",4,4,"[278, 96]"
two_level,40,"[40, 279, 92]",347,347,"[279, 92]"
two_level,40,"[40, 280, 96]",35,35,"[280, 96]"
two_level,40,"[40, 281, 96]",33,33,"[281, 96]"
two_level,40,"[40, 282, 96]",7,7,"[282, 96]"
two_level,40,"[40, 283, 92]",1874,1874,"[283, 92]"
two_level,40,"[40, 283, 96]",5,5,"[283, 96]"
two_level,40,"[40, 284, 96]",41,41,"[284, 96]"
two_level,40,"[40, 285, 96]",1525,1525,"[285, 96]"
two_level,40,"[40, 286, 96]",12,12,"[286, 96]"
two_level,40,"[40, 287, 96]",10,10,"[287, 96]"
two_level,40,"[40, 288, 100]",2,2,"[288, 100]"
two_level,40,"[40, 289, 96]",2000,4374,"[289, 96]"
two_level,40,"[40, 290, 96]",13,13,"[290, 96]"
two_level,40,"[40, 291, 96]",243,243,"[291, 96]"
two_level,40,"[40, 292, 100]",2,2,"[292, 100]"
two_level,40,"[40, 295, 96]",568,568,"[295, 96]"
two_level,40,"[40, 296, 100]",3,3,"[296, 100]"
two_level,40,"[40, 297, 100]",15,15,"[297, 100]"
two_level,40,"[40, 301, 100]",30,30,"[301, 100]"
power_identity,40,"[40, 0]",30,30,[0]
power_identity,40,"[40, 4]",12,12,[4]
power_identity,40,"[40, 8]",40,40,[8]
power_identity,40,"[40, 12]",28,28,[12]
power_identity,40,"[40, 16]",65,65,[16]
power_identity,40,"[40, 20]",199,199,[20]
power_identity,40,"[40, 24]",34,34,[24]
power_identity,40,"[40, 28]",83,83,[28]
power_identity,40,"[40, 32]",102,102,[32]
power_identity,40,"[40, 36]",80,80,[36]
power_identity,40,"[40, 40]",280,280,[40]
power_identity,40,"[40, 44]",451,451,[44]
power_identity,40,"[40, 48]",445,445,[48]
power_identity,40,"[40, 52]",1154,1154,[52]
power_identity,40,"[40, 56]",318,318,[56]
power_identity,40,"[40, 60]",346,346,[60]
power_identity,40,"[40, 64]",477,477,[64]
power_identity,40,"[40, 68]",325,325,[68]
power_identity,40,"[40, 72]",386,386,[72]
power_identity,40,"[40, 76]",565,565,[76]
power_identity,40,"[40, 80]",473,473,[80]
power_identity,40,"[40, 84]",545,545,[84]
power_identity,40,"[40, 88]",514,514,[88]
power_identity,40,"[40, 92]",583,583,[92]
power_identity,40,"[40, 96]",601,601,[96]
power_identity,40,"[40, 100]",765,765,[100]
power_identity,40,"[40, 104]",929,929,[104]
power_identity,40,"[40, 108]",1116,1116,[108]
power_identity,40,"[40, 112]",1320,1320,[112]
power_identity,40,"[40, 116]",1583,1583,[116]
power_identity,40,"[40, 120]",1911,1911,[120]
power_identity,40,"[40, 124]",2000,2252,[124]
power_identity,40,"[40, 128]",2000,3021,[128]
power_identity,40,"[40, 132]",2000,3663,[132]
power_identity,40,"[40, 136]",2000,4387,[136]
power_identity,40,"[40, 140]",2000,5373,[140]
power_identity,40,"[40, 144]",2000,6520,[144]
power_identity,40,"[40, 148]",2000,7355,[148]
power_identity,40,"[40, 152]",2000,8108,[152]
power_identity,40,"[40, 156]",2000,9149,[156]
power_identity,40,"[40, 160]",2000,9810,[160]
power_identity,40,"[40, 164]",2000,9859,[164]
power_identity,40,"[40, 168]",2000,9933,[168]
power_identity,40,"[40, 172]",2000,9007,[172]
power_identity,40,"[40, 176]",2000,8360,[176]
power_identity,40,"[40, 180]",2000,7597,[180]
power_identity,40,"[40, 184]",2000,6436,[184]
power_identity,40,"[40, 188]",2000,5264,[188]
power_identity,40,"[40, 192]",2000,4558,[192]
power_identity,40,"[40, 196]",2000,3671,[196]
power_identity,40,"[40, 200]",2000,2901,[200]
power_identity,40,"[40, 204]",2000,2318,[204]
power_identity,40,"[40, 208]",2000,2097,[208]
power_identity,40,"[40, 212]",1526,1526,[212]
power_identity,40,"[40, 216]",1205,1205,[216]
power_identity,40,"[40, 220]",1098,1098,[220]
power_identity,40,"[40, 224]",1055,1055,[224]
power_identity,40,"[40, 228]",950,950,[228]
power_identity,40,"[40, 232]",805,805,[232]
power_identity,40,"[40, 236]",697,697,[236]
power_identity,40,"[40, 240]",678,678,[240]
power_identity,40,"[40, 244]",658,658,[244]
power_identity,40,"[40, 248]",768,768,[248]
power_identity,40,"[40, 252]",931,931,[252]
power_identity,40,"[40, 256]",900,900,[256]
power_identity,40,"[40, 260]",857,857,[260]
power_identity,40,"[40, 264]",832,832,[264]
power_identity,40,"[40, 268]",897,897,[268]
power_identity,40,"[40, 272]",1023,1023,[272]
power_identity,40,"[40, 276]",952,952,[276]
power_identity,40,"[40, 280]",842,842,[280]
power_identity,40,"[40, 284]",823,823,[284]
power_identity,40,"[40, 288]",820,820,[288]
power_identity,40,"[40, 292]",631,631,[292]
power_identity,40,"[40, 296]",599,599,[296]
power_identity,40,"[40, 300]",473,473,[300]
power_identity,40,"[40, 304]",344,344,[304]
power_identity,40,"[40, 308]",299,299,[308]
power_identity,40,"[40, 312]",301,301,[312]
power_identity,40,"[40, 316]",263,263,[316]
power_identity,40,"[40, 320]",278,278,[320]
power_identity,40,"[40, 324]",218,218,[324]
power_identity,40,"[40, 328]",256,256,[328]
power_identity,40,"[40, 332]",162,162,[332]
power_identity,40,"[40, 336]",145,145,[336]
power_identity,40,"[40, 340]",90,90,[340]
power_identity,40,"[40, 344]",82,82,[344]
power_identity,40,"[40, 348]",57,57,[348]
power_identity,40,"[40, 352]",49,49,[352]
power_identity,40,"[40, 356]",46,46,[356]
power_identity,40,"[40, 360]",20,20,[360]
power_identity,40,"[40, 364]",32,32,[364]
power_identity,40,"[40, 368]",9,9,[368]
power_identity,40,"[40, 372]",17,17,[372]
power_identity,40,"[40, 376]",9,9,[376]
power_identity,40,"[40, 380]",6,6,[380]
power_identity,40,"[40, 384]",13,13,[384]
power_identity,40,"[40, 388]",15,15,[388]
power_identity,40,"[40, 392]",22,22,[392]
power_identity,40,"[40, 396]",16,16,[396]
power_identity,40,"[40, 400]",14,14,[400]
power_identity,40,"[40, 404]",10,10,[404]
power_identity,40,"[40, 408]",17,17,[408]
power_identity,40,"[40, 412]",25,25,[412]
power_identity,40,"[40, 416]",28,28,[416]
power_identity,40,"[40, 420]",24,24,[420]
power_identity,40,"[40, 424]",38,38,[424]
power_identity,40,"[40, 428]",40,40,[428]
power_identity,40,"[40, 432]",50,50,[432]
power_identity,40,"[40, 436]",57,57,[436]
power_identity,40,"[40, 440]",79,79,[440]
power_identity,40,"[40, 444]",77,77,[444]
power_identity,40,"[40, 448]",96,96,[448]
power_identity,40,"[40, 452]",122,122,[452]
power_identity,40,"[40, 456]",150,150,[456]
power_identity,40,"[40, 460]",170,170,[460]
power_identity,40,"[40, 464]",170,170,[464]
power_identity,40,"[40, 468]",244,244,[468]
power_identity,40,"[40, 472]",236,236,[472]
power_identity,40,"[40, 476]",305,305,[476]
power_identity,40,"[40, 480]",288,288,[480]
power_identity,40,"[40, 484]",275,275,[484]
power_identity,40,"[40, 488]",382,382,[488]
power_identity,40,"[40, 492]",298,298,[492]
power_identity,40,"[40, 496]",277,277,[496]
power_identity,40,"[40, 500]",286,286,[500]
power_identity,40,"[40, 504]",272,272,[504]
power_identity,40,"[40, 508]",326,326,[508]
power_identity,40,"[40, 512]",304,304,[512]
power_identity,40,"[40, 516]",359,359,[516]
power_identity,40,"[40, 520]",356,356,[520]
power_identity,40,"[40, 524]",402,402,[524]
power_identity,40,"[40, 528]",475,475,[528]
power_identity,40,"[40, 532]",447,447,[532]
power_identity,40,"[40, 536]",566,566,[536]
power_identity,40,"[40, 540]",633,633,[540]
power_identity,40,"[40, 544]",625,625,[544]
power_identity,40,"[40, 548]",618,618,[548]
power_identity,40,"[40, 552]",637,637,[552]
power_identity,40,"[40, 556]",616,616,[556]
power_identity,40,"[40, 560]",591,591,[560]
power_identity,40,"[40, 564]",608,608,[564]
power_identity,40,"[40, 568]",621,621,[568]
power_identity,40,"[40, 572]",637,637,[572]
power_identity,40,"[40, 576]",617,617,[576]
power_identity,40,"[40, 580]",589,589,[580]
power_identity,40,"[40, 584]",624,624,[584]
power_identity,40,"[40, 588]",669,669,[588]
power_identity,40,"[40, 592]",657,657,[592]
power_identity,40,"[40, 596]",638,638,[596]
power_identity,40,"[40, 600]",589,589,[600]
power_identity,40,"[40, 604]",563,563,[604]
power_identity,40,"[40, 608]",483,483,[608]
power_identity,40,"[40, 612]",410,410,[612]
power_identity,40,"[40, 616]",312,312,[616]
power_identity,40,"[40, 620]",239,239,[620]
power_identity,40,"[40, 624]",170,170,[624]
power_identity,40,"[40, 628]",128,128,[628]
power_identity,40,"[40, 632]",126,126,[632]
power_identity,40,"[40, 636]",52,52,[636]
power_identity,40,"[40, 640]",47,47,[640]
power_identity,40,"[40, 644]",32,32,[644]
power_identity,40,"[40, 648]",35,35,[648]
power_identity,40,"[40, 652]",18,18,[652]
power_identity,40,"[40, 656]",30,30,[656]
power_identity,40,"[40, 660]",28,28,[660]
power_identity,40,"[40, 664]",26,26,[664]
power_identity,40,"[40, 668]",25,25,[668]
power_identity,40,"[40, 672]",24,24,[672]
power_identity,40,"[40, 676]",29,29,[676]
power_identity,40,"[40, 680]",26,26,[680]
power_identity,40,"[40, 684]",26,26,[684]
power_identity,40,"[40, 688]",26,26,[688]
power_identity,40,"[40, 692]",21,21,[692]
power_identity,40,"[40, 696]",25,25,[696]
power_identity,40,"[40, 700]",28,28,[700]
power_identity,40,"[40, 704]",17,17,[704]
power_identity,40,"[40, 708]",36,36,[708]
power_identity,40,"[40, 712]",34,34,[712]
power_identity,40,"[40, 716]",42,42,[716]
power_identity,40,"[40, 720]",68,68,[720]
power_identity,40,"[40, 724]",62,62,[724]
power_identity,40,"[40, 728]",86,86,[728]
power_identity,40,"[40, 732]",98,98,[732]
power_identity,40,"[40, 736]",140,140,[736]
power_identity,40,"[40, 740]",183,183,[740]
power_identity,40,"[40, 744]",254,254,[744]
power_identity,40,"[40, 748]",357,357,[748]
power_identity,40,"[40, 752]",393,393,[752]
power_identity,40,"[40, 756]",565,565,[756]
power_identity,40,"[40, 760]",751,751,[760]
power_identity,40,"[40, 764]",872,872,[764]
power_identity,40,"[40, 768]",1044,1044,[768]
power_identity,40,"[40, 772]",1239,1239,[772]
power_identity,40,"[40, 776]",1412,1412,[776]
power_identity,40,"[40, 780]",1627,1627,[780]
power_identity,40,"[40, 784]",1684,1684,[784]
power_identity,40,"[40, 788]",1793,1793,[788]
power_identity,40,"[40, 792]",1814,1814,[792]
power_identity,40,"[40, 796]",1792,1792,[796]
power_identity,40,"[40, 800]",1670,1670,[800]
power_identity,40,"[40, 804]",1556,1556,[804]
power_identity,40,"[40, 808]",1377,1377,[808]
power_identity,40,"[40, 812]",1223,1223,[812]
power_identity,40,"[40, 816]",982,982,[816]
power_identity,40,"[40, 820]",798,798,[820]
power_identity,40,"[40, 824]",603,603,[824]
power_identity,40,"[40, 828]",451,451,[828]
power_identity,40,"[40, 832]",304,304,[832]
power_identity,40,"[40, 836]",221,221,[836]
power_identity,40,"[40, 840]",154,154,[840]
power_identity,40,"[40, 844]",77,77,[844]
power_identity,40,"[40, 848]",49,49,[848]
power_identity,40,"[40, 852]",32,32,[852]
power_identity,40,"[40, 856]",17,17,[856]
power_identity,40,"[40, 860]",13,13,[860]
power_identity,40,"[40, 864]",5,5,[864]
power_identity,40,"[40, 868]",3,3,[868]
power_identity,40,"[40, 872]",1,1,[872]
power_identity,40,"[40, 876]",3,3,[876]
power_identity,40,"[40, 880]",1,1,[880]
power_identity,40,"[40, 888]",1,1,[888]
power_sparse,40,"[40, 1, 0]",30,30,"[1, 0]"
power_sparse,40,"[40, 7, 0]",40,40,"[7, 0]"
power_sparse,40,"[40, 13, 0]",40,40,"[13, 0]"
power_sparse,40,"[40, 15, 0]",1,1,"[15, 0]"
power_sparse,40,"[40, 17, 0]",2,2,"[17, 0]"
power_sparse,40,"[40, 19, 0]",5,5,"[19, 0]"
power_sparse,40,"[40, 21, 0]",2,2,"[21, 0]"
power_sparse,40,"[40, 21, 64]",1,1,"[21, 64]"
power_sparse,40,"[40, 23, 0]",6,6,"[23, 0]"
power_sparse,40,"[40, 23, 64]",25,25,"[23, 64]"
power_sparse,40,"[40, 25, 0]",18,18,"[25, 0]"
power_sparse,40,"[40, 25, 64]",8,8,"[25, 64]"
power_sparse,40,"[40, 26, 64]",20,20,"[26, 64]"
power_sparse,40,"[40, 27, 0]",12,12,"[27, 0]"
power_sparse,40,"[40, 27, 64]",11,11,"[27, 64]"
power_sparse,40,"[40, 28, 0]",7,7,"[28, 0]"
power_sparse,40,"[40, 28, 64]",8,8,"[28, 64]"
power_sparse,40,"[40, 29, 0]",61,61,"[29, 0]"
power_sparse,40,"[40, 29, 64]",24,24,"[29, 64]"
power_sparse,40,"[40, 30, 64]",7,7,"[30, 64]"
power_sparse,40,"[40, 31, 0]",50,50,"[31, 0]"
power_sparse,40,"[40, 31, 64]",50,50,"[31, 64]"
power_sparse,40,"[40, 32, 0]",1,1,"[32, 0]"
power_sparse,40,"[40, 32, 64]",27,27,"[32, 64]"
power_sparse,40,"[40, 33, 0]",137,137,"[33, 0]"
power_sparse,40,"[40, 33, 64]",84,84,"[33, 64]"
power_sparse,40,"[40, 34, 0]",7,7,"[34, 0]"
power_sparse,40,"[40, 34, 64]",65,65,"[34, 64]"
power_sparse,40,"[40, 35, 0]",184,184,"[35, 0]"
power_sparse,40,"[40, 35, 64]",107,107,"[35, 64]"
power_sparse,40,"[40, 36, 0]",69,69,"[36, 0]"
power_sparse,40,"[40, 36, 64]",151,151,"[36, 64]"
power_sparse,40,"[40, 37, 0]",21,21,"[37, 0]"
power_sparse,40,"[40, 37, 64]",291,291,"[37, 64]"
power_sparse,40,"[40, 38, 0]",1,1,"[38, 0]"
power_sparse,40,"[40, 38, 64]",322,322,"[38, 64]"
power_sparse,40,"[40, 39, 0]",45,45,"[39, 0]"
power_sparse,40,"[40, 39, 64]",425,425,"[39, 64]"
power_sparse,40,"[40, 39, 128]",8,8,"[39, 128]"
power_sparse,40,"[40, 40, 0]",12,12,"[40, 0]"
power_sparse,40,"[40, 40, 64]",648,648,"[40, 64]"
power_sparse,40,"[40, 40, 128]",54,54,"[40, 128]"
power_sparse,40,"[40, 41, 0]",51,51,"[41, 0]"
power_sparse,40,"[40, 41, 64]",538,538,"[41, 64]"
power_sparse,40,"[40, 41, 128]",80,80,"[41, 128]"
power_sparse,40,"[40, 42, 0]",14,14,"[42, 0]"
power_sparse,40,"[40, 42, 64]",457,457,"[42, 64]"
power_sparse,40,"[40, 42, 128]",216,216,"[42, 128]"
power_sparse,40,"[40, 43, 0]",61,61,"[43, 0]"
power_sparse,40,"[40, 43, 64]",894,894,"[43, 64]"
power_sparse,40,"[40, 43, 128]",459,459,"[43, 128]"
power_sparse,40,"[40, 44, 64]",722,722,"[44, 64]"
power_sparse,40,"[40, 44, 128]",1140,1140,"[44, 128]"
power_sparse,40,"[40, 45, 0]",39,39,"[45, 0]"
power_sparse,40,"[40, 45, 64]",511,511,"[45, 64]"
power_sparse,40,"[40, 45, 128]",955,955,"[45, 128]"
power_sparse,40,"[40, 46, 0]",16,16,"[46, 0]"
power_sparse,40,"[40, 46, 64]",318,318,"[46, 64]"
power_sparse,40,"[40, 46, 128]",1694,1694,"[46, 128]"
power_sparse,40,"[40, 47, 0]",61,61,"[47, 0]"
power_sparse,40,"[40, 47, 64]",448,448,"[47, 64]"
power_sparse,40,"[40, 47, 128]",2000,2259,"[47, 128]"
power_sparse,40,"[40, 48, 0]",26,26,"[48, 0]"
power_sparse,40,"[40, 48, 64]",160,160,"[48, 64]"
power_sparse,40,"[40, 48, 128]",2000,2347,"[48, 128]"
power_sparse,40,"[40, 49, 0]",25,25,"[49, 0]"
power_sparse,40,"[40, 49, 64]",314,314,"[49, 64]"
power_sparse,40,"[40, 49, 128]",2000,3327,"[49, 128]"
power_sparse,40,"[40, 50, 0]",26,26,"[50, 0]"
power_sparse,40,"[40, 50, 64]",64,64,"[50, 64]"
power_sparse,40,"[40, 50, 128]",2000,4095,"[50, 128]"
power_sparse,40,"[40, 51, 0]",95,95,"[51, 0]"
power_sparse,40,"[40, 51, 64]",660,660,"[51, 64]"
power_sparse,40,"[40, 51, 128]",2000,6975,"[51, 128]"
power_sparse,40,"[40, 52, 0]",29,29,"[52, 0]"
power_sparse,40,"[40, 52, 64]",114,114,"[52, 64]"
power_sparse,40,"[40, 52, 128]",2000,4591,"[52, 128]"
power_sparse,40,"[40, 53, 0]",101,101,"[53, 0]"
power_sparse,40,"[40, 53, 64]",335,335,"[53, 64]"
power_sparse,40,"[40, 53, 128]",1628,1628,"[53, 128]"
power_sparse,40,"[40, 54, 0]",43,43,"[54, 0]"
power_sparse,40,"[40, 54, 64]",148,148,"[54, 64]"
power_sparse,40,"[40, 54, 128]",2000,3605,"[54, 128]"
power_sparse,40,"[40, 55, 0]",60,60,"[55, 0]"
power_sparse,40,"[40, 55, 64]",309,309,"[55, 64]"
power_sparse,40,"[40, 55, 128]",2000,10459,"[55, 128]"
power_sparse,40,"[40, 56, 0]",43,43,"[56, 0]"
power_sparse,40,"[40, 56, 64]",135,135,"[56, 64]"
power_sparse,40,"[40, 56, 128]",2000,13190,"[56, 128]"
power_sparse,40,"[40, 56, 192]",3,3,"[56, 192]"
power_sparse,40,"[40, 57, 0]",124,124,"[57, 0]"
power_sparse,40,"[40, 57, 64]",282,282,"[57, 64]"
power_sparse,40,"[40, 57, 128]",2000,3424,"[57, 128]"
power_sparse,40,"[40, 57, 192]",1,1,"[57, 192]"
power_sparse,40,"[40, 58, 0]",66,66,"[58, 0]"
power_sparse,40,"[40, 58, 64]",104,104,"[58, 64]"
power_sparse,40,"[40, 58, 128]",2000,6617,"[58, 128]"
power_sparse,40,"[40, 58, 192]",18,18,"[58, 192]"
power_sparse,40,"[40, 59, 0]",140,140,"[59, 0]"
power_sparse,40,"[40, 59, 64]",286,286,"[59, 64]"
power_sparse,40,"[40, 59, 128]",605,605,"[59, 128]"
power_sparse,40,"[40, 59, 192]",2,2,"[59, 192]"
power_sparse,40,"[40, 60, 0]",47,47,"[60, 0]"
power_sparse,40,"[40, 60, 64]",82,82,"[60, 64]"
power_sparse,40,"[40, 60, 128]",1041,1041,"[60, 128]"
power_sparse,40,"[40, 60, 192]",17,17,"[60, 192]"
power_sparse,40,"[40, 61, 0]",102,102,"[61, 0]"
power_sparse,40,"[40, 61, 64]",121,121,"[61, 64]"
power_sparse,40,"[40, 61, 128]",2000,13926,"[61, 128]"
power_sparse,40,"[40, 61, 192]",534,534,"[61, 192]"
power_sparse,40,"[40, 62, 64]",73,73,"[62, 64]"
power_sparse,40,"[40, 62, 128]",2000,9520,"[62, 128]"
power_sparse,40,"[40, 62, 192]",1129,1129,"[62, 192]"
power_sparse,40,"[40, 63, 0]",123,123,"[63, 0]"
power_sparse,40,"[40, 63, 64]",132,132,"[63, 64]"
power_sparse,40,"[40, 63, 128]",1477,1477,"[63, 128]"
power_sparse,40,"[40, 63, 192]",127,127,"[63, 192]"
power_sparse,40,"[40, 64, 0]",1,1,"[64, 0]"
power_sparse,40,"[40, 64, 64]",52,52,"[64, 64]"
power_sparse,40,"[40, 64, 128]",1384,1384,"[64, 128]"
power_sparse,40,"[40, 64, 192]",185,185,"[64, 192]"
power_sparse,40,"[40, 65, 0]",99,99,"[65, 0]"
power_sparse,40,"[40, 65, 64]",101,101,"[65, 64]"
power_sparse,40,"[40, 65, 128]",795,795,"[65, 128]"
power_sparse,40,"[40, 65, 192]",10,10,"[65, 192]"
power_sparse,40,"[40, 66, 0]",2,2,"[66, 0]"
power_sparse,40,"[40, 66, 64]",114,114,"[66, 64]"
power_sparse,40,"[40, 66, 128]",914,914,"[66, 128]"
power_sparse,40,"[40, 66, 192]",32,32,"[66, 192]"
power_sparse,40,"[40, 67, 0]",74,74,"[67, 0]"
power_sparse,40,"[40, 67, 64]",167,167,"[67, 64]"
power_sparse,40,"[40, 67, 128]",2000,2855,"[67, 128]"
power_sparse,40,"[40, 67, 192]",2000,4771,"[67, 192]"
power_sparse,40,"[40, 68, 64]",89,89,"[68, 64]"
power_sparse,40,"[40, 68, 128]",1125,1125,"[68, 128]"
power_sparse,40,"[40, 68, 192]",815,815,"[68, 192]"
power_sparse,40,"[40, 69, 0]",36,36,"[69, 0]"
power_sparse,40,"[40, 69, 64]",75,75,"[69, 64]"
power_sparse,40,"[40, 69, 128]",939,939,"[69, 128]"
power_sparse,40,"[40, 69, 192]",87,87,"[69, 192]"
power_sparse,40,"[40, 70, 0]",3,3,"[70, 0]"
power_sparse,40,"[40, 70, 64]",45,45,"[70, 64]"
power_sparse,40,"[40, 70, 128]",786,786,"[70, 128]"
power_sparse,40,"[40, 70, 192]",62,62,"[70, 192]"
power_sparse,40,"[40, 71, 0]",21,21,"[71, 0]"
power_sparse,40,"[40, 71, 64]",129,129,"[71, 64]"
power_sparse,40,"[40, 71, 128]",809,809,"[71, 128]"
power_sparse,40,"[40, 71, 192]",128,128,"[71, 192]"
power_sparse,40,"[40, 72, 0]",10,10,"[72, 0]"
power_sparse,40,"[40, 72, 64]",61,61,"[72, 64]"
power_sparse,40,"[40, 72, 128]",1677,1677,"[72, 128]"
power_sparse,40,"[40, 72, 192]",139,139,"[72, 192]"
power_sparse,40,"[40, 73, 0]",10,10,"[73, 0]"
power_sparse,40,"[40, 73, 64]",97,97,"[73, 64]"
power_sparse,40,"[40, 73, 128]",377,377,"[73, 128]"
power_sparse,40,"[40, 73, 192]",492,492,"[73, 192]"
power_sparse,40,"[40, 74, 64]",24,24,"[74, 64]"
power_sparse,40,"[40, 74, 128]",291,291,"[74, 128]"
power_sparse,40,"[40, 74, 192]",197,197,"[74, 192]"
power_sparse,40,"[40, 75, 0]",4,4,"[75, 0]"
power_sparse,40,"[40, 75, 64]",299,299,"[75, 64]"
power_sparse,40,"[40, 75, 128]",1835,1835,"[75, 128]"
power_sparse,40,"[40, 75, 192]",822,822,"[75, 192]"
power_sparse,40,"[40, 76, 0]",38,38,"[76, 0]"
power_sparse,40,"[40, 76, 64]",83,83,"[76, 64]"
power_sparse,40,"[40, 76, 128]",448,448,"[76, 128]"
power_sparse,40,"[40, 76, 192]",235,235,"[76, 192]"
power_sparse,40,"[40, 77, 64]",79,79,"[77, 64]"
power_sparse,40,"[40, 77, 128]",589,589,"[77, 128]"
power_sparse,40,"[40, 77, 192]",217,217,"[77, 192]"
power_sparse,40,"[40, 78, 0]",14,14,"[78, 0]"
power_sparse,40,"[40, 78, 64]",36,36,"[78, 64]"
power_sparse,40,"[40, 78, 128]",561,561,"[78, 128]"
power_sparse,40,"[40, 78, 192]",268,268,"[78, 192]"
power_sparse,40,"[40, 79, 0]",238,238,"[79, 0]"
power_sparse,40,"[40, 79, 64]",760,760,"[79, 64]"
power_sparse,40,"[40, 79, 128]",1211,1211,"[79, 128]"
power_sparse,40,"[40, 79, 192]",1973,1973,"[79, 192]"
power_sparse,40,"[40, 80, 0]",1,1,"[80, 0]"
power_sparse,40,"[40, 80, 64]",112,112,"[80, 64]"
power_sparse,40,"[40, 80, 128]",648,648,"[80, 128]"
power_sparse,40,"[40, 80, 192]",783,783,"[80, 192]"
power_sparse,40,"[40, 81, 0]",8,8,"[81, 0]"
power_sparse,40,"[40, 81, 64]",104,104,"[81, 64]"
power_sparse,40,"[40, 81, 128]",654,654,"[81, 128]"
power_sparse,40,"[40, 81, 192]",886,886,"[81, 192]"
power_sparse,40,"[40, 82, 0]",14,14,"[82, 0]"
power_sparse,40,"[40, 82, 64]",85,85,"[82, 64]"
power_sparse,40,"[40, 82, 128]",534,534,"[82, 128]"
power_sparse,40,"[40, 82, 192]",191,191,"[82, 192]"
power_sparse,40,"[40, 83, 0]",2,2,"[83, 0]"
power_sparse,40,"[40, 83, 64]",27,27,"[83, 64]"
power_sparse,40,"[40, 83, 128]",247,247,"[83, 128]"
power_sparse,40,"[40, 83, 192]",300,300,"[83, 192]"
power_sparse,40,"[40, 84, 0]",1,1,"[84, 0]"
power_sparse,40,"[40, 84, 64]",15,15,"[84, 64]"
power_sparse,40,"[40, 84, 128]",327,327,"[84, 128]"
power_sparse,40,"[40, 84, 192]",197,197,"[84, 192]"
power_sparse,40,"[40, 85, 0]",282,282,"[85, 0]"
power_sparse,40,"[40, 85, 64]",252,252,"[85, 64]"
power_sparse,40,"[40, 85, 128]",498,498,"[85, 128]"
power_sparse,40,"[40, 85, 192]",1187,1187,"[85, 192]"
power_sparse,40,"[40, 85, 256]",5,5,"[85, 256]"
power_sparse,40,"[40, 86, 0]",1,1,"[86, 0]"
power_sparse,40,"[40, 86, 64]",77,77,"[86, 64]"
power_sparse,40,"[40, 86, 128]",374,374,"[86, 128]"
power_sparse,40,"[40, 86, 192]",385,385,"[86, 192]"
power_sparse,40,"[40, 86, 256]",10,10,"[86, 256]"
power_sparse,40,"[40, 87, 64]",45,45,"[87, 64]"
power_sparse,40,"[40, 87, 128]",286,286,"[87, 128]"
power_sparse,40,"[40, 87, 192]",814,814,"[87, 192]"
power_sparse,40,"[40, 87, 256]",9,9,"[87, 256]"
power_sparse,40,"[40, 88, 0]",69,69,"[88, 0]"
power_sparse,40,"[40, 88, 64]",79,79,"[88, 64]"
power_sparse,40,"[40, 88, 128]",186,186,"[88, 128]"
power_sparse,40,"[40, 88, 192]",179,179,"[88, 192]"
power_sparse,40,"[40, 88, 256]",11,11,"[88, 256]"
power_sparse,40,"[40, 89, 64]",5,5,"[89, 64]"
power_sparse,40,"[40, 89, 128]",181,181,"[89, 128]"
power_sparse,40,"[40, 89, 192]",305,305,"[89, 192]"
power_sparse,40,"[40, 89, 256]",37,37,"[89, 256]"
power_sparse,40,"[40, 90, 0]",2,2,"[90, 0]"
power_sparse,40,"[40, 90, 64]",20,20,"[90, 64]"
power_sparse,40,"[40, 90, 128]",464,464,"[90, 128]"
power_sparse,40,"[40, 90, 192]",191,191,"[90, 192]"
power_sparse,40,"[40, 90, 256]",4,4,"[90, 256]"
power_sparse,40,"[40, 91, 0]",221,221,"[91, 0]"
power_sparse,40,"[40, 91, 64]",149,149,"[91, 64]"
power_sparse,40,"[40, 91, 128]",205,205,"[91, 128]"
power_sparse,40,"[40, 91, 192]",1023,1023,"[91, 192]"
power_sparse,40,"[40, 91, 256]",175,175,"[91, 256]"
power_sparse,40,"[40, 92, 64]",36,36,"[92, 64]"
power_sparse,40,"[40, 92, 128]",182,182,"[92, 128]"
power_sparse,40,"[40, 92, 192]",334,334,"[92, 192]"
power_sparse,40,"[40, 92, 256]",123,123,"[92, 256]"
power_sparse,40,"[40, 93, 64]",32,32,"[93, 64]"
power_sparse,40,"[40, 93, 128]",137,137,"[93, 128]"
power_sparse,40,"[40, 93, 192]",953,953,"[93, 192]"
power_sparse,40,"[40, 93, 256]",212,212,"[93, 256]"
power_sparse,40,"[40, 94, 0]",49,49,"[94, 0]"
power_sparse,40,"[40, 94, 64]",37,37,"[94, 64]"
power_sparse,40,"[40, 94, 128]",236,236,"[94, 128]"
power_sparse,40,"[40, 94, 192]",756,756,"[94, 192]"
power_sparse,40,"[40, 94, 256]",194,194,"[94, 256]"
power_sparse,40,"[40, 95, 0]",2,2,"[95, 0]"
power_sparse,40,"[40, 95, 128]",24,24,"[95, 128]"
power_sparse,40,"[40, 95, 192]",305,305,"[95, 192]"
power_sparse,40,"[40, 95, 256]",260,260,"[95, 256]"
power_sparse,40,"[40, 96, 64]",21,21,"[96, 64]"
power_sparse,40,"[40, 96, 128]",97,97,"[96, 128]"
power_sparse,40,"[40, 96, 192]",254,254,"[96, 192]"
power_sparse,40,"[40, 96, 256]",50,50,"[96, 256]"
power_sparse,40,"[40, 97, 0]",494,494,"[97, 0]"
power_sparse,40,"[40, 97, 64]",170,170,"[97, 64]"
power_sparse,40,"[40, 97, 128]",71,71,"[97, 128]"
power_sparse,40,"[40, 97, 192]",699,699,"[97, 192]"
power_sparse,40,"[40, 97, 256]",1190,1190,"[97, 256]"
power_sparse,40,"[40, 98, 64]",51,51,"[98, 64]"
power_sparse,40,"[40, 98, 128]",235,235,"[98, 128]"
power_sparse,40,"[40, 98, 192]",462,462,"[98, 192]"
power_sparse,40,"[40, 98, 256]",1177,1177,"[98, 256]"
power_sparse,40,"[40, 99, 64]",4,4,"[99, 64]"
power_sparse,40,"[40, 99, 128]",6,6,"[99, 128]"
power_sparse,40,"[40, 99, 192]",173,173,"[99, 192]"
power_sparse,40,"[40, 99, 256]",154,154,"[99, 256]"
power_sparse,40,"[40, 100, 0]",12,12,"[100, 0]"
power_sparse,40,"[40, 100, 64]",37,37,"[100, 64]"
power_sparse,40,"[40, 100, 128]",69,69,"[100, 128]"
power_sparse,40,"[40, 100, 192]",341,341,"[100, 192]"
power_sparse,40,"[40, 100, 256]",717,717,"[100, 256]"
power_sparse,40,"[40, 101, 128]",1,1,"[101, 128]"
power_sparse,40,"[40, 101, 192]",92,92,"[101, 192]"
power_sparse,40,"[40, 101, 256]",356,356,"[101, 256]"
power_sparse,40,"[40, 102, 64]",18,18,"[102, 64]"
power_sparse,40,"[40, 102, 128]",3,3,"[102, 128]"
power_sparse,40,"[40, 102, 192]",122,122,"[102, 192]"
power_sparse,40,"[40, 102, 256]",147,147,"[102, 256]"
power_sparse,40,"[40, 103, 0]",130,130,"[103, 0]"
power_sparse,40,"[40, 103, 64]",129,129,"[103, 64]"
power_sparse,40,"[40, 103, 128]",41,41,"[103, 128]"
power_sparse,40,"[40, 103, 192]",134,134,"[103, 192]"
power_sparse,40,"[40, 103, 256]",1284,1284,"[103, 256]"
power_sparse,40,"[40, 104, 64]",83,83,"[104, 64]"
power_sparse,40,"[40, 104, 128]",58,58,"[104, 128]"
power_sparse,40,"[40, 104, 192]",138,138,"[104, 192]"
power_sparse,40,"[40, 104, 256]",808,808,"[104, 256]"
power_sparse,40,"[40, 105, 64]",6,6,"[105, 64]"
power_sparse,40,"[40, 105, 192]",26,26,"[105, 192]"
power_sparse,40,"[40, 105, 256]",51,51,"[105, 256]"
power_sparse,40,"[40, 106, 0]",2,2,"[106, 0]"
power_sparse,40,"[40, 106, 64]",25,25,"[106, 64]"
power_sparse,40,"[40, 106, 128]",4,4,"[106, 128]"
power_sparse,40,"[40, 106, 192]",63,63,"[106, 192]"
power_sparse,40,"[40, 106, 256]",688,688,"[106, 256]"
power_sparse,40,"[40, 107, 64]",3,3,"[107, 64]"
power_sparse,40,"[40, 107, 128]",4,4,"[107, 128]"
power_sparse,40,"[40, 107, 192]",32,32,"[107, 192]"
power_sparse,40,"[40, 107, 256]",229,229,"[107, 256]"
power_sparse,40,"[40, 107, 320]",8,8,"[107, 320]"
power_sparse,40,"[40, 108, 64]",2,2,"[108, 64]"
power_sparse,40,"[40, 108, 128]",1,1,"[108, 128]"
power_sparse,40,"[40, 108, 192]",22,22,"[108, 192]"
power_sparse,40,"[40, 108, 256]",29,29,"[108, 256]"
power_sparse,40,"[40, 109, 0]",13,13,"[109, 0]"
power_sparse,40,"[40, 109, 64]",164,164,"[109, 64]"
power_sparse,40,"[40, 109, 128]",16,16,"[109, 128]"
power_sparse,40,"[40, 109, 192]",14,14,"[109, 192]"
power_sparse,40,"[40, 109, 256]",1185,1185,"[109, 256]"
power_sparse,40,"[40, 109, 320]",24,24,"[109, 320]"
power_sparse,40,"[40, 110, 64]",82,82,"[110, 64]"
power_sparse,40,"[40, 110, 128]",19,19,"[110, 128]"
power_sparse,40,"[40, 110, 192]",34,34,"[110, 192]"
power_sparse,40,"[40, 110, 256]",404,404,"[110, 256]"
power_sparse,40,"[40, 110, 320]",209,209,"[110, 320]"
power_sparse,40,"[40, 111, 64]",3,3,"[111, 64]"
power_sparse,40,"[40, 111, 192]",3,3,"[111, 192]"
power_sparse,40,"[40, 111, 256]",30,30,"[111, 256]"
power_sparse,40,"[40, 111, 320]",15,15,"[111, 320]"
power_sparse,40,"[40, 112, 64]",12,12,"[112, 64]"
power_sparse,40,"[40, 112, 192]",9,9,"[112, 192]"
power_sparse,40,"[40, 112, 256]",96,96,"[112, 256]"
power_sparse,40,"[40, 112, 320]",24,24,"[112, 320]"
power_sparse,40,"[40, 113, 64]",10,10,"[113, 64]"
power_sparse,40,"[40, 113, 192]",5,5,"[113, 192]"
power_sparse,40,"[40, 113, 256]",50,50,"[113, 256]"
power_sparse,40,"[40, 113, 320]",25,25,"[113, 320]"
power_sparse,40,"[40, 114, 64]",3,3,"[114, 64]"
power_sparse,40,"[40, 114, 256]",6,6,"[114, 256]"
power_sparse,40,"[40, 114, 320]",2,2,"[114, 320]"
power_sparse,40,"[40, 115, 64]",179,179,"[115, 64]"
power_sparse,40,"[40, 115, 128]",4,4,"[115, 128]"
power_sparse,40,"[40, 115, 192]",5,5,"[115, 192]"
power_sparse,40,"[40, 115, 256]",554,554,"[115, 256]"
power_sparse,40,"[40, 115, 320]",164,164,"[115, 320]"
power_sparse,40,"[40, 116, 64]",66,66,"[116, 64]"
power_sparse,40,"[40, 116, 128]",1,1,"[116, 128]"
power_sparse,40,"[40, 116, 192]",8,8,"[116, 192]"
power_sparse,40,"[40, 116, 256]",49,49,"[116, 256]"
power_sparse,40,"[40, 116, 320]",146,146,"[116, 320]"
power_sparse,40,"[40, 117, 64]",4,4,"[117, 64]"
power_sparse,40,"[40, 117, 192]",1,1,"[117, 192]"
power_sparse,40,"[40, 117, 256]",1,1,"[117, 256]"
power_sparse,40,"[40, 117, 320]",12,12,"[117, 320]"
power_sparse,40,"[40, 118, 64]",17,17,"[118, 64]"
power_sparse,40,"[40, 118, 192]",15,15,"[118, 192]"
power_sparse,40,"[40, 118, 256]",56,56,"[118, 256]"
power_sparse,40,"[40, 118, 320]",59,59,"[118, 320]"
power_sparse,40,"[40, 119, 64]",6,6,"[119, 64]"
power_sparse,40,"[40, 119, 256]",8,8,"[119, 256]"
power_sparse,40,"[40, 119, 320]",12,12,"[119, 320]"
power_sparse,40,"[40, 120, 64]",9,9,"[120, 64]"
power_sparse,40,"[40, 120, 256]",3,3,"[120, 256]"
power_sparse,40,"[40, 120, 320]",3,3,"[120, 320]"
power_sparse,40,"[40, 121, 64]",61,61,"[121, 64]"
power_sparse,40,"[40, 121, 128]",1,1,"[121, 128]"
power_sparse,40,"[40, 121, 192]",1,1,"[121, 192]"
power_sparse,40,"[40, 121, 256]",162,162,"[121, 256]"
power_sparse,40,"[40, 121, 320]",244,244,"[121, 320]"
power_sparse,40,"[40, 122, 64]",9,9,"[122, 64]"
power_sparse,40,"[40, 122, 192]",15,15,"[122, 192]"
power_sparse,40,"[40, 122, 256]",1,1,"[122, 256]"
power_sparse,40,"[40, 122, 320]",78,78,"[122, 320]"
power_sparse,40,"[40, 123, 64]",5,5,"[123, 64]"
power_sparse,40,"[40, 123, 320]",9,9,"[123, 320]"
power_sparse,40,"[40, 124, 64]",6,6,"[124, 64]"
power_sparse,40,"[40, 124, 256]",9,9,"[124, 256]"
power_sparse,40,"[40, 124, 320]",22,22,"[124, 320]"
power_sparse,40,"[40, 125, 64]",5,5,"[125, 64]"
power_sparse,40,"[40, 125, 320]",5,5,"[125, 320]"
power_sparse,40,"[40, 126, 64]",7,7,"[126, 64]"
power_sparse,40,"[40, 126, 320]",2,2,"[126, 320]"
power_sparse,40,"[40, 127, 64]",10,10,"[127, 64]"
power_sparse,40,"[40, 127, 192]",1,1,"[127, 192]"
power_sparse,40,"[40, 127, 256]",28,28,"[127, 256]"
power_sparse,40,"[40, 127, 320]",119,119,"[127, 320]"
power_sparse,40,"[40, 128, 64]",6,6,"[128, 64]"
power_sparse,40,"[40, 128, 256]",5,5,"[128, 256]"
power_sparse,40,"[40, 128, 320]",10,10,"[128, 320]"
power_sparse,40,"[40, 129, 64]",13,13,"[129, 64]"
power_sparse,40,"[40, 129, 320]",5,5,"[129, 320]"
power_sparse,40,"[40, 130, 64]",8,8,"[130, 64]"
power_sparse,40,"[40, 130, 256]",13,13,"[130, 256]"
power_sparse,40,"[40, 130, 320]",8,8,"[130, 320]"
power_sparse,40,"[40, 131, 64]",9,9,"[131, 64]"
power_sparse,40,"[40, 131, 320]",1,1,"[131, 320]"
power_sparse,40,"[40, 132, 64]",9,9,"[132, 64]"
power_sparse,40,"[40, 132, 320]",3,3,"[132, 320]"
power_sparse,40,"[40, 133, 64]",7,7,"[133, 64]"
power_sparse,40,"[40, 133, 128]",3,3,"[133, 128]"
power_sparse,40,"[40, 133, 192]",1,1,"[133, 192]"
power_sparse,40,"[40, 133, 320]",41,41,"[133, 320]"
power_sparse,40,"[40, 134, 64]",9,9,"[134, 64]"
power_sparse,40,"[40, 134, 128]",1,1,"[134, 128]"
power_sparse,40,"[40, 134, 192]",11,11,"[134, 192]"
power_sparse,40,"[40, 134, 256]",1,1,"[134, 256]"
power_sparse,40,"[40, 134, 384]",2,2,"[134, 384]"
power_sparse,40,"[40, 135, 64]",11,11,"[135, 64]"
power_sparse,40,"[40, 135, 128]",1,1,"[135, 128]"
power_sparse,40,"[40, 135, 384]",3,3,"[135, 384]"
power_sparse,40,"[40, 136, 64]",9,9,"[136, 64]"
power_sparse,40,"[40, 136, 128]",1,1,"[136, 128]"
power_sparse,40,"[40, 136, 192]",1,1,"[136, 192]"
power_sparse,40,"[40, 136, 256]",9,9,"[136, 256]"
power_sparse,40,"[40, 136, 320]",11,11,"[136, 320]"
power_sparse,40,"[40, 136, 384]",1,1,"[136, 384]"
power_sparse,40,"[40, 137, 64]",14,14,"[137, 64]"
power_sparse,40,"[40, 138, 64]",11,11,"[138, 64]"
power_sparse,40,"[40, 138, 320]",1,1,"[138, 320]"
power_sparse,40,"[40, 139, 64]",9,9,"[139, 64]"
power_sparse,40,"[40, 139, 256]",1,1,"[139, 256]"
power_sparse,40,"[40, 139, 320]",7,7,"[139, 320]"
power_sparse,40,"[40, 139, 384]",3,3,"[139, 384]"
power_sparse,40,"[40, 140, 64]",11,11,"[140, 64]"
power_sparse,40,"[40, 140, 192]",2,2,"[140, 192]"
power_sparse,40,"[40, 140, 256]",8,8,"[140, 256]"
power_sparse,40,"[40, 140, 384]",1,1,"[140, 384]"
power_sparse,40,"[40, 141, 64]",9,9,"[141, 64]"
power_sparse,40,"[40, 142, 64]",11,11,"[142, 64]"
power_sparse,40,"[40, 142, 256]",4,4,"[142, 256]"
power_sparse,40,"[40, 142, 320]",3,3,"[142, 320]"
power_sparse,40,"[40, 142, 384]",2,2,"[142, 384]"
power_sparse,40,"[40, 143, 64]",13,13,"[143, 64]"
power_sparse,40,"[40, 144, 64]",10,10,"[144, 64]"
power_sparse,40,"[40, 144, 320]",3,3,"[144, 320]"
power_sparse,40,"[40, 145, 64]",15,15,"[145, 64]"
power_sparse,40,"[40, 145, 320]",2,2,"[145, 320]"
power_sparse,40,"[40, 145, 384]",1,1,"[145, 384]"
power_sparse,40,"[40, 146, 64]",11,11,"[146, 64]"
power_sparse,40,"[40, 146, 128]",2,2,"[146, 128]"
power_sparse,40,"[40, 146, 256]",5,5,"[146, 256]"
power_sparse,40,"[40, 146, 320]",6,6,"[146, 320]"
power_sparse,40,"[40, 146, 384]",3,3,"[146, 384]"
power_sparse,40,"[40, 147, 64]",12,12,"[147, 64]"
power_sparse,40,"[40, 147, 128]",1,1,"[147, 128]"
power_sparse,40,"[40, 147, 192]",1,1,"[147, 192]"
power_sparse,40,"[40, 147, 320]",1,1,"[147, 320]"
power_sparse,40,"[40, 147, 384]",2,2,"[147, 384]"
power_sparse,40,"[40, 148, 64]",13,13,"[148, 64]"
power_sparse,40,"[40, 148, 192]",3,3,"[148, 192]"
power_sparse,40,"[40, 148, 384]",1,1,"[148, 384]"
power_sparse,40,"[40, 149, 64]",13,13,"[149, 64]"
power_sparse,40,"[40, 149, 128]",4,4,"[149, 128]"
power_sparse,40,"[40, 149, 192]",8,8,"[149, 192]"
power_sparse,40,"[40, 149, 320]",1,1,"[149, 320]"
power_sparse,40,"[40, 150, 64]",15,15,"[150, 64]"
power_sparse,40,"[40, 150, 128]",2,2,"[150, 128]"
power_sparse,40,"[40, 150, 192]",2,2,"[150, 192]"
power_sparse,40,"[40, 150, 320]",2,2,"[150, 320]"
power_sparse,40,"[40, 150, 384]",1,1,"[150, 384]"
power_sparse,40,"[40, 151, 64]",13,13,"[151, 64]"
power_sparse,40,"[40, 151, 128]",3,3,"[151, 128]"
power_sparse,40,"[40, 151, 192]",2,2,"[151, 192]"
power_sparse,40,"[40, 151, 320]",2,2,"[151, 320]"
power_sparse,40,"[40, 151, 384]",4,4,"[151, 384]"
power_sparse,40,"[40, 152, 64]",4,4,"[152, 64]"
power_sparse,40,"[40, 152, 128]",4,4,"[152, 128]"
power_sparse,40,"[40, 152, 192]",3,3,"[152, 192]"
power_sparse,40,"[40, 152, 320]",1,1,"[152, 320]"
power_sparse,40,"[40, 152, 384]",4,4,"[152, 384]"
power_sparse,40,"[40, 153, 64]",7,7,"[153, 64]"
power_sparse,40,"[40, 153, 128]",8,8,"[153, 128]"
power_sparse,40,"[40, 153, 192]",3,3,"[153, 192]"
power_sparse,40,"[40, 153, 320]",1,1,"[153, 320]"
power_sparse,40,"[40, 154, 64]",2,2,"[154, 64]"
power_sparse,40,"[40, 154, 128]",9,9,"[154, 128]"
power_sparse,40,"[40, 154, 192]",3,3,"[154, 192]"
power_sparse,40,"[40, 154, 320]",1,1,"[154, 320]"
power_sparse,40,"[40, 154, 384]",6,6,"[154, 384]"
power_sparse,40,"[40, 155, 64]",10,10,"[155, 64]"
power_sparse,40,"[40, 155, 128]",3,3,"[155, 128]"
power_sparse,40,"[40, 155, 192]",4,4,"[155, 192]"
power_sparse,40,"[40, 155, 384]",1,1,"[155, 384]"
power_sparse,40,"[40, 156, 64]",2,2,"[156, 64]"
power_sparse,40,"[40, 156, 128]",6,6,"[156, 128]"
power_sparse,40,"[40, 156, 192]",5,5,"[156, 192]"
power_sparse,40,"[40, 156, 256]",1,1,"[156, 256]"
power_sparse,40,"[40, 156, 384]",8,8,"[156, 384]"
power_sparse,40,"[40, 157, 64]",6,6,"[157, 64]"
power_sparse,40,"[40, 157, 192]",5,5,"[157, 192]"
power_sparse,40,"[40, 157, 256]",1,1,"[157, 256]"
power_sparse,40,"[40, 157, 384]",5,5,"[157, 384]"
power_sparse,40,"[40, 158, 64]",2,2,"[158, 64]"
power_sparse,40,"[40, 158, 128]",7,7,"[158, 128]"
power_sparse,40,"[40, 158, 192]",1,1,"[158, 192]"
power_sparse,40,"[40, 158, 384]",6,6,"[158, 384]"
power_sparse,40,"[40, 159, 64]",2,2,"[159, 64]"
power_sparse,40,"[40, 159, 128]",2,2,"[159, 128]"
power_sparse,40,"[40, 159, 192]",2,2,"[159, 192]"
power_sparse,40,"[40, 159, 256]",2,2,"[159, 256]"
power_sparse,40,"[40, 159, 384]",2,2,"[159, 384]"
power_sparse,40,"[40, 160, 64]",4,4,"[160, 64]"
power_sparse,40,"[40, 160, 128]",6,6,"[160, 128]"
power_sparse,40,"[40, 160, 192]",1,1,"[160, 192]"
power_sparse,40,"[40, 160, 384]",10,10,"[160, 384]"
power_sparse,40,"[40, 161, 64]",2,2,"[161, 64]"
power_sparse,40,"[40, 161, 384]",4,4,"[161, 384]"
power_sparse,40,"[40, 162, 64]",2,2,"[162, 64]"
power_sparse,40,"[40, 162, 128]",8,8,"[162, 128]"
power_sparse,40,"[40, 163, 64]",2,2,"[163, 64]"
power_sparse,40,"[40, 163, 128]",1,1,"[163, 128]"
power_sparse,40,"[40, 163, 256]",5,5,"[163, 256]"
power_sparse,40,"[40, 164, 256]",1,1,"[164, 256]"
power_sparse,40,"[40, 164, 384]",18,18,"[164, 384]"
power_sparse,40,"[40, 165, 64]",2,2,"[165, 64]"
power_sparse,40,"[40, 165, 128]",3,3,"[165, 128]"
power_sparse,40,"[40, 165, 192]",10,10,"[165, 192]"
power_sparse,40,"[40, 165, 256]",3,3,"[165, 256]"
power_sparse,40,"[40, 165, 320]",1,1,"[165, 320]"
power_sparse,40,"[40, 165, 384]",7,7,"[165, 384]"
power_sparse,40,"[40, 166, 384]",2,2,"[166, 384]"
power_sparse,40,"[40, 167, 256]",3,3,"[167, 256]"
power_sparse,40,"[40, 167, 384]",1,1,"[167, 384]"
power_sparse,40,"[40, 168, 384]",26,26,"[168, 384]"
power_sparse,40,"[40, 168, 448]",4,4,"[168, 448]"
power_sparse,40,"[40, 169, 256]",1,1,"[169, 256]"
power_sparse,40,"[40, 169, 384]",7,7,"[169, 384]"
power_sparse,40,"[40, 170, 384]",3,3,"[170, 384]"
power_sparse,40,"[40, 171, 256]",1,1,"[171, 256]"
power_sparse,40,"[40, 171, 320]",1,1,"[171, 320]"
power_sparse,40,"[40, 172, 256]",2,2,"[172, 256]"
power_sparse,40,"[40, 172, 320]",3,3,"[172, 320]"
power_sparse,40,"[40, 172, 384]",28,28,"[172, 384]"
power_sparse,40,"[40, 172, 448]",10,10,"[172, 448]"
power_sparse,40,"[40, 173, 256]",3,3,"[173, 256]"
power_sparse,40,"[40, 173, 384]",8,8,"[173, 384]"
power_sparse,40,"[40, 173, 448]",1,1,"[173, 448]"
power_sparse,40,"[40, 174, 384]",1,1,"[174, 384]"
power_sparse,40,"[40, 175, 320]",4,4,"[175, 320]"
power_sparse,40,"[40, 175, 384]",1,1,"[175, 384]"
power_sparse,40,"[40, 176, 320]",3,3,"[176, 320]"
power_sparse,40,"[40, 176, 384]",19,19,"[176, 384]"
power_sparse,40,"[40, 176, 448]",27,27,"[176, 448]"
power_sparse,40,"[40, 177, 320]",3,3,"[177, 320]"
power_sparse,40,"[40, 177, 384]",8,8,"[177, 384]"
power_sparse,40,"[40, 177, 448]",6,6,"[177, 448]"
power_sparse,40,"[40, 178, 384]",1,1,"[178, 384]"
power_sparse,40,"[40, 179, 320]",2,2,"[179, 320]"
power_sparse,40,"[40, 179, 384]",20,20,"[179, 384]"
power_sparse,40,"[40, 180, 256]",1,1,"[180, 256]"
power_sparse,40,"[40, 180, 384]",17,17,"[180, 384]"
power_sparse,40,"[40, 180, 448]",37,37,"[180, 448]"
power_sparse,40,"[40, 181, 128]",1,1,"[181, 128]"
power_sparse,40,"[40, 181, 320]",1,1,"[181, 320]"
power_sparse,40,"[40, 181, 384]",3,3,"[181, 384]"
power_sparse,40,"[40, 181, 448]",8,8,"[181, 448]"
power_sparse,40,"[40, 182, 384]",3,3,"[182, 384]"
power_sparse,40,"[40, 183, 384]",10,10,"[183, 384]"
power_sparse,40,"[40, 183, 448]",6,6,"[183, 448]"
power_sparse,40,"[40, 184, 256]",1,1,"[184, 256]"
power_sparse,40,"[40, 184, 384]",5,5,"[184, 384]"
power_sparse,40,"[40, 184, 448]",62,62,"[184, 448]"
power_sparse,40,"[40, 185, 320]",1,1,"[185, 320]"
power_sparse,40,"[40, 185, 384]",153,153,"[185, 384]"
power_sparse,40,"[40, 185, 448]",99,99,"[185, 448]"
power_sparse,40,"[40, 186, 384]",2,2,"[186, 384]"
power_sparse,40,"[40, 186, 448]",8,8,"[186, 448]"
power_sparse,40,"[40, 187, 320]",2,2,"[187, 320]"
power_sparse,40,"[40, 187, 384]",14,14,"[187, 384]"
power_sparse,40,"[40, 187, 448]",22,22,"[187, 448]"
power_sparse,40,"[40, 188, 384]",6,6,"[188, 384]"
power_sparse,40,"[40, 188, 448]",80,80,"[188, 448]"
power_sparse,40,"[40, 189, 320]",1,1,"[189, 320]"
power_sparse,40,"[40, 189, 384]",5,5,"[189, 384]"
power_sparse,40,"[40, 189, 448]",32,32,"[189, 448]"
power_sparse,40,"[40, 190, 320]",1,1,"[190, 320]"
power_sparse,40,"[40, 190, 448]",51,51,"[190, 448]"
power_sparse,40,"[40, 191, 384]",79,79,"[191, 384]"
power_sparse,40,"[40, 191, 448]",311,311,"[191, 448]"
power_sparse,40,"[40, 191, 512]",2,2,"[191, 512]"
power_sparse,40,"[40, 192, 448]",107,107,"[192, 448]"
power_sparse,40,"[40, 192, 512]",12,12,"[192, 512]"
power_sparse,40,"[40, 193, 320]",2,2,"[193, 320]"
power_sparse,40,"[40, 193, 384]",5,5,"[193, 384]"
power_sparse,40,"[40, 193, 448]",63,63,"[193, 448]"
power_sparse,40,"[40, 193, 512]",4,4,"[193, 512]"
power_sparse,40,"[40, 194, 320]",1,1,"[194, 320]"
power_sparse,40,"[40, 194, 384]",3,3,"[194, 384]"
power_sparse,40,"[40, 194, 448]",126,126,"[194, 448]"
power_sparse,40,"[40, 194, 512]",32,32,"[194, 512]"
power_sparse,40,"[40, 195, 320]",4,4,"[195, 320]"
power_sparse,40,"[40, 195, 384]",14,14,"[195, 384]"
power_sparse,40,"[40, 195, 448]",100,100,"[195, 448]"
power_sparse,40,"[40, 195, 512]",17,17,"[195, 512]"
power_sparse,40,"[40, 196, 384]",2,2,"[196, 384]"
power_sparse,40,"[40, 196, 448]",109,109,"[196, 448]"
power_sparse,40,"[40, 196, 512]",50,50,"[196, 512]"
power_sparse,40,"[40, 197, 320]",7,7,"[197, 320]"
power_sparse,40,"[40, 197, 384]",33,33,"[197, 384]"
power_sparse,40,"[40, 197, 448]",1455,1455,"[197, 448]"
power_sparse,40,"[40, 197, 512]",30,30,"[197, 512]"
power_sparse,40,"[40, 198, 320]",2,2,"[198, 320]"
power_sparse,40,"[40, 198, 384]",5,5,"[198, 384]"
power_sparse,40,"[40, 198, 448]",132,132,"[198, 448]"
power_sparse,40,"[40, 198, 512]",205,205,"[198, 512]"
power_sparse,40,"[40, 199, 320]",6,6,"[199, 320]"
power_sparse,40,"[40, 199, 384]",23,23,"[199, 384]"
power_sparse,40,"[40, 199, 448]",99,99,"[199, 448]"
power_sparse,40,"[40, 199, 512]",113,113,"[199, 512]"
power_sparse,40,"[40, 200, 320]",1,1,"[200, 320]"
power_sparse,40,"[40, 200, 384]",7,7,"[200, 384]"
power_sparse,40,"[40, 200, 448]",82,82,"[200, 448]"
power_sparse,40,"[40, 200, 512]",150,150,"[200, 512]"
power_sparse,40,"[40, 201, 256]",1,1,"[201, 256]"
power_sparse,40,"[40, 201, 320]",3,3,"[201, 320]"
power_sparse,40,"[40, 201, 384]",30,30,"[201, 384]"
power_sparse,40,"[40, 201, 448]",71,71,"[201, 448]"
power_sparse,40,"[40, 201, 512]",92,92,"[201, 512]"
power_sparse,40,"[40, 202, 384]",9,9,"[202, 384]"
power_sparse,40,"[40, 202, 448]",117,117,"[202, 448]"
power_sparse,40,"[40, 202, 512]",536,536,"[202, 512]"
power_sparse,40,"[40, 203, 256]",2,2,"[203, 256]"
power_sparse,40,"[40, 203, 320]",5,5,"[203, 320]"
power_sparse,40,"[40, 203, 384]",38,38,"[203, 384]"
power_sparse,40,"[40, 203, 448]",291,291,"[203, 448]"
power_sparse,40,"[40, 203, 512]",158,158,"[203, 512]"
power_sparse,40,"[40, 204, 320]",2,2,"[204, 320]"
power_sparse,40,"[40, 204, 384]",10,10,"[204, 384]"
power_sparse,40,"[40, 204, 448]",50,50,"[204, 448]"
power_sparse,40,"[40, 204, 512]",187,187,"[204, 512]"
power_sparse,40,"[40, 205, 320]",1,1,"[205, 320]"
power_sparse,40,"[40, 205, 384]",22,22,"[205, 384]"
power_sparse,40,"[40, 205, 448]",100,100,"[205, 448]"
power_sparse,40,"[40, 205, 512]",52,52,"[205, 512]"
power_sparse,40,"[40, 206, 320]",1,1,"[206, 320]"
power_sparse,40,"[40, 206, 384]",10,10,"[206, 384]"
power_sparse,40,"[40, 206, 448]",111,111,"[206, 448]"
power_sparse,40,"[40, 206, 512]",1010,1010,"[206, 512]"
power_sparse,40,"[40, 206, 576]",7,7,"[206, 576]"
power_sparse,40,"[40, 207, 320]",1,1,"[207, 320]"
power_sparse,40,"[40, 207, 384]",11,11,"[207, 384]"
power_sparse,40,"[40, 207, 448]",147,147,"[207, 448]"
power_sparse,40,"[40, 207, 512]",291,291,"[207, 512]"
power_sparse,40,"[40, 207, 576]",5,5,"[207, 576]"
power_sparse,40,"[40, 208, 320]",2,2,"[208, 320]"
power_sparse,40,"[40, 208, 384]",4,4,"[208, 384]"
power_sparse,40,"[40, 208, 448]",52,52,"[208, 448]"
power_sparse,40,"[40, 208, 512]",290,290,"[208, 512]"
power_sparse,40,"[40, 208, 576]",6,6,"[208, 576]"
power_sparse,40,"[40, 209, 384]",6,6,"[209, 384]"
power_sparse,40,"[40, 209, 448]",163,163,"[209, 448]"
power_sparse,40,"[40, 209, 512]",104,104,"[209, 512]"
power_sparse,40,"[40, 209, 576]",2,2,"[209, 576]"
power_sparse,40,"[40, 210, 192]",1,1,"[210, 192]"
power_sparse,40,"[40, 210, 384]",8,8,"[210, 384]"
power_sparse,40,"[40, 210, 448]",206,206,"[210, 448]"
power_sparse,40,"[40, 210, 512]",1407,1407,"[210, 512]"
power_sparse,40,"[40, 210, 576]",39,39,"[210, 576]"
power_sparse,40,"[40, 211, 448]",2,2,"[211, 448]"
power_sparse,40,"[40, 211, 576]",1,1,"[211, 576]"
power_sparse,40,"[40, 212, 512]",26,26,"[212, 512]"
power_sparse,40,"[40, 212, 576]",52,52,"[212, 576]"
power_sparse,40,"[40, 213, 448]",13,13,"[213, 448]"
power_sparse,40,"[40, 213, 512]",1372,1372,"[213, 512]"
power_sparse,40,"[40, 213, 576]",377,377,"[213, 576]"
power_sparse,40,"[40, 214, 384]",1,1,"[214, 384]"
power_sparse,40,"[40, 214, 448]",1,1,"[214, 448]"
power_sparse,40,"[40, 214, 512]",65,65,"[214, 512]"
power_sparse,40,"[40, 214, 576]",79,79,"[214, 576]"
power_sparse,40,"[40, 215, 384]",1,1,"[215, 384]"
power_sparse,40,"[40, 215, 448]",2,2,"[215, 448]"
power_sparse,40,"[40, 215, 512]",37,37,"[215, 512]"
power_sparse,40,"[40, 215, 576]",49,49,"[215, 576]"
power_sparse,40,"[40, 216, 384]",2,2,"[216, 384]"
power_sparse,40,"[40, 216, 512]",55,55,"[216, 512]"
power_sparse,40,"[40, 216, 576]",175,175,"[216, 576]"
power_sparse,40,"[40, 217, 512]",3,3,"[217, 512]"
power_sparse,40,"[40, 217, 576]",13,13,"[217, 576]"
power_sparse,40,"[40, 218, 512]",971,971,"[218, 512]"
power_sparse,40,"[40, 218, 576]",561,561,"[218, 576]"
power_sparse,40,"[40, 219, 448]",12,12,"[219, 448]"
power_sparse,40,"[40, 219, 512]",423,423,"[219, 512]"
power_sparse,40,"[40, 219, 576]",2000,3598,"[219, 576]"
power_sparse,40,"[40, 219, 640]",22,22,"[219, 640]"
power_sparse,40,"[40, 220, 384]",3,3,"[220, 384]"
power_sparse,40,"[40, 220, 448]",5,5,"[220, 448]"
power_sparse,40,"[40, 220, 512]",23,23,"[220, 512]"
power_sparse,40,"[40, 220, 576]",238,238,"[220, 576]"
power_sparse,40,"[40, 220, 640]",7,7,"[220, 640]"
power_sparse,40,"[40, 221, 384]",2,2,"[221, 384]"
power_sparse,40,"[40, 221, 448]",3,3,"[221, 448]"
power_sparse,40,"[40, 221, 512]",33,33,"[221, 512]"
power_sparse,40,"[40, 221, 576]",186,186,"[221, 576]"
power_sparse,40,"[40, 221, 640]",4,4,"[221, 640]"
power_sparse,40,"[40, 222, 320]",1,1,"[222, 320]"
power_sparse,40,"[40, 222, 384]",1,1,"[222, 384]"
power_sparse,40,"[40, 222, 448]",4,4,"[222, 448]"
power_sparse,40,"[40, 222, 512]",16,16,"[222, 512]"
power_sparse,40,"[40, 222, 576]",113,113,"[222, 576]"
power_sparse,40,"[40, 222, 640]",3,3,"[222, 640]"
power_sparse,40,"[40, 223, 576]",4,4,"[223, 576]"
power_sparse,40,"[40, 224, 384]",1,1,"[224, 384]"
power_sparse,40,"[40, 224, 448]",3,3,"[224, 448]"
power_sparse,40,"[40, 224, 512]",64,64,"[224, 512]"
power_sparse,40,"[40, 224, 576]",221,221,"[224, 576]"
power_sparse,40,"[40, 224, 640]",7,7,"[224, 640]"
power_sparse,40,"[40, 225, 448]",2,2,"[225, 448]"
power_sparse,40,"[40, 225, 512]",5,5,"[225, 512]"
power_sparse,40,"[40, 225, 576]",16,16,"[225, 576]"
power_sparse,40,"[40, 225, 640]",2,2,"[225, 640]"
power_sparse,40,"[40, 226, 448]",3,3,"[226, 448]"
power_sparse,40,"[40, 226, 512]",9,9,"[226, 512]"
power_sparse,40,"[40, 226, 576]",11,11,"[226, 576]"
power_sparse,40,"[40, 226, 640]",1,1,"[226, 640]"
power_sparse,40,"[40, 227, 384]",2,2,"[227, 384]"
power_sparse,40,"[40, 227, 512]",19,19,"[227, 512]"
power_sparse,40,"[40, 227, 576]",53,53,"[227, 576]"
power_sparse,40,"[40, 228, 384]",3,3,"[228, 384]"
power_sparse,40,"[40, 228, 448]",4,4,"[228, 448]"
power_sparse,40,"[40, 228, 512]",3,3,"[228, 512]"
power_sparse,40,"[40, 228, 576]",13,13,"[228, 576]"
power_sparse,40,"[40, 228, 640]",3,3,"[228, 640]"
power_sparse,40,"[40, 229, 512]",4,4,"[229, 512]"
power_sparse,40,"[40, 229, 576]",3,3,"[229, 576]"
power_sparse,40,"[40, 230, 448]",2,2,"[230, 448]"
power_sparse,40,"[40, 230, 512]",3,3,"[230, 512]"
power_sparse,40,"[40, 230, 576]",14,14,"[230, 576]"
power_sparse,40,"[40, 231, 448]",2,2,"[231, 448]"
power_sparse,40,"[40, 231, 576]",1,1,"[231, 576]"
power_sparse,40,"[40, 232, 384]",2,2,"[232, 384]"
power_sparse,40,"[40, 232, 448]",12,12,"[232, 448]"
power_sparse,40,"[40, 232, 512]",9,9,"[232, 512]"
power_sparse,40,"[40, 232, 576]",4,4,"[232, 576]"
power_sparse,40,"[40, 233, 576]",10,10,"[233, 576]"
power_sparse,40,"[40, 234, 320]",3,3,"[234, 320]"
power_sparse,40,"[40, 234, 384]",8,8,"[234, 384]"
power_sparse,40,"[40, 234, 448]",19,19,"[234, 448]"
power_sparse,40,"[40, 234, 512]",10,10,"[234, 512]"
power_sparse,40,"[40, 234, 576]",3,3,"[234, 576]"
power_sparse,40,"[40, 234, 640]",1,1,"[234, 640]"
power_sparse,40,"[40, 235, 256]",1,1,"[235, 256]"
power_sparse,40,"[40, 235, 512]",3,3,"[235, 512]"
power_sparse,40,"[40, 235, 576]",1,1,"[235, 576]"
power_sparse,40,"[40, 235, 640]",2,2,"[235, 640]"
power_sparse,40,"[40, 236, 384]",4,4,"[236, 384]"
power_sparse,40,"[40, 236, 448]",7,7,"[236, 448]"
power_sparse,40,"[40, 236, 512]",3,3,"[236, 512]"
power_sparse,40,"[40, 236, 576]",2,2,"[236, 576]"
power_sparse,40,"[40, 237, 512]",11,11,"[237, 512]"
power_sparse,40,"[40, 237, 576]",16,16,"[237, 576]"
power_sparse,40,"[40, 238, 448]",7,7,"[238, 448]"
power_sparse,40,"[40, 238, 512]",16,16,"[238, 512]"
power_sparse,40,"[40, 238, 576]",7,7,"[238, 576]"
power_sparse,40,"[40, 239, 512]",8,8,"[239, 512]"
power_sparse,40,"[40, 239, 576]",13,13,"[239, 576]"
power_sparse,40,"[40, 240, 512]",9,9,"[240, 512]"
power_sparse,40,"[40, 240, 576]",9,9,"[240, 576]"
power_sparse,40,"[40, 240, 640]",1,1,"[240, 640]"
power_sparse,40,"[40, 241, 320]",4,4,"[241, 320]"
power_sparse,40,"[40, 241, 384]",19,19,"[241, 384]"
power_sparse,40,"[40, 241, 448]",13,13,"[241, 448]"
power_sparse,40,"[40, 241, 512]",3,3,"[241, 512]"
power_sparse,40,"[40, 241, 576]",22,22,"[241, 576]"
power_sparse,40,"[40, 241, 640]",3,3,"[241, 640]"
power_sparse,40,"[40, 242, 384]",4,4,"[242, 384]"
power_sparse,40,"[40, 242, 448]",27,27,"[242, 448]"
power_sparse,40,"[40, 242, 512]",75,75,"[242, 512]"
power_sparse,40,"[40, 242, 576]",53,53,"[242, 576]"
power_sparse,40,"[40, 242, 640]",7,7,"[242, 640]"
power_sparse,40,"[40, 242, 704]",1,1,"[242, 704]"
power_sparse,40,"[40, 243, 448]",2,2,"[243, 448]"
power_sparse,40,"[40, 243, 512]",15,15,"[243, 512]"
power_sparse,40,"[40, 243, 576]",17,17,"[243, 576]"
power_sparse,40,"[40, 243, 640]",5,5,"[243, 640]"
power_sparse,40,"[40, 243, 704]",12,12,"[243, 704]"
power_sparse,40,"[40, 244, 448]",3,3,"[244, 448]"
power_sparse,40,"[40, 244, 512]",74,74,"[244, 512]"
power_sparse,40,"[40, 244, 576]",130,130,"[244, 576]"
power_sparse,40,"[40, 244, 640]",5,5,"[244, 640]"
power_sparse,40,"[40, 244, 704]",1,1,"[244, 704]"
power_sparse,40,"[40, 245, 576]",6,6,"[245, 576]"
power_sparse,40,"[40, 245, 640]",4,4,"[245, 640]"
power_sparse,40,"[40, 245, 768]",2,2,"[245, 768]"
power_sparse,40,"[40, 246, 640]",6,6,"[246, 640]"
power_sparse,40,"[40, 247, 384]",7,7,"[247, 384]"
power_sparse,40,"[40, 247, 448]",46,46,"[247, 448]"
power_sparse,40,"[40, 247, 512]",106,106,"[247, 512]"
power_sparse,40,"[40, 247, 576]",29,29,"[247, 576]"
power_sparse,40,"[40, 247, 640]",171,171,"[247, 640]"
power_sparse,40,"[40, 247, 704]",19,19,"[247, 704]"
power_sparse,40,"[40, 248, 448]",12,12,"[248, 448]"
power_sparse,40,"[40, 248, 512]",26,26,"[248, 512]"
power_sparse,40,"[40, 248, 576]",17,17,"[248, 576]"
power_sparse,40,"[40, 248, 640]",1,1,"[248, 640]"
power_sparse,40,"[40, 248, 704]",10,10,"[248, 704]"
power_sparse,40,"[40, 248, 768]",6,6,"[248, 768]"
power_sparse,40,"[40, 249, 512]",1,1,"[249, 512]"
power_sparse,40,"[40, 249, 576]",1,1,"[249, 576]"
power_sparse,40,"[40, 249, 640]",11,11,"[249, 640]"
power_sparse,40,"[40, 249, 704]",2,2,"[249, 704]"
power_sparse,40,"[40, 250, 576]",16,16,"[250, 576]"
power_sparse,40,"[40, 250, 640]",6,6,"[250, 640]"
power_sparse,40,"[40, 251, 704]",3,3,"[251, 704]"
power_sparse,40,"[40, 252, 640]",5,5,"[252, 640]"
power_sparse,40,"[40, 252, 704]",5,5,"[252, 704]"
power_sparse,40,"[40, 253, 448]",3,3,"[253, 448]"
power_sparse,40,"[40, 253, 512]",6,6,"[253, 512]"
power_sparse,40,"[40, 253, 576]",9,9,"[253, 576]"
power_sparse,40,"[40, 253, 640]",6,6,"[253, 640]"
power_sparse,40,"[40, 253, 704]",16,16,"[253, 704]"
power_sparse,40,"[40, 253, 768]",8,8,"[253, 768]"
power_sparse,40,"[40, 254, 512]",3,3,"[254, 512]"
power_sparse,40,"[40, 254, 576]",7,7,"[254, 576]"
power_sparse,40,"[40, 254, 640]",3,3,"[254, 640]"
power_sparse,40,"[40, 254, 704]",2,2,"[254, 704]"
power_sparse,40,"[40, 254, 768]",5,5,"[254, 768]"
power_sparse,40,"[40, 255, 576]",1,1,"[255, 576]"
power_sparse,40,"[40, 255, 640]",3,3,"[255, 640]"
power_sparse,40,"[40, 255, 704]",8,8,"[255, 704]"
power_sparse,40,"[40, 256, 512]",2,2,"[256, 512]"
power_sparse,40,"[40, 256, 576]",5,5,"[256, 576]"
power_sparse,40,"[40, 256, 640]",2,2,"[256, 640]"
power_sparse,40,"[40, 256, 704]",9,9,"[256, 704]"
power_sparse,40,"[40, 256, 768]",1,1,"[256, 768]"
power_sparse,40,"[40, 257, 704]",9,9,"[257, 704]"
power_sparse,40,"[40, 258, 640]",18,18,"[258, 640]"
power_sparse,40,"[40, 258, 704]",35,35,"[258, 704]"
power_sparse,40,"[40, 258, 768]",3,3,"[258, 768]"
power_sparse,40,"[40, 259, 576]",13,13,"[259, 576]"
power_sparse,40,"[40, 259, 640]",4,4,"[259, 640]"
power_sparse,40,"[40, 259, 704]",16,16,"[259, 704]"
power_sparse,40,"[40, 259, 768]",6,6,"[259, 768]"
power_sparse,40,"[40, 260, 640]",6,6,"[260, 640]"
power_sparse,40,"[40, 260, 704]",25,25,"[260, 704]"
power_sparse,40,"[40, 260, 768]",24,24,"[260, 768]"
power_sparse,40,"[40, 261, 640]",1,1,"[261, 640]"
power_sparse,40,"[40, 261, 704]",24,24,"[261, 704]"
power_sparse,40,"[40, 261, 768]",2,2,"[261, 768]"
power_sparse,40,"[40, 262, 576]",2,2,"[262, 576]"
power_sparse,40,"[40, 262, 640]",6,6,"[262, 640]"
power_sparse,40,"[40, 262, 704]",35,35,"[262, 704]"
power_sparse,40,"[40, 262, 768]",8,8,"[262, 768]"
power_sparse,40,"[40, 263, 704]",24,24,"[263, 704]"
power_sparse,40,"[40, 263, 768]",11,11,"[263, 768]"
power_sparse,40,"[40, 264, 704]",16,16,"[264, 704]"
power_sparse,40,"[40, 264, 768]",3,3,"[264, 768]"
power_sparse,40,"[40, 265, 576]",1,1,"[265, 576]"
power_sparse,40,"[40, 265, 640]",5,5,"[265, 640]"
power_sparse,40,"[40, 265, 704]",49,49,"[265, 704]"
power_sparse,40,"[40, 265, 768]",24,24,"[265, 768]"
power_sparse,40,"[40, 266, 640]",1,1,"[266, 640]"
power_sparse,40,"[40, 266, 704]",46,46,"[266, 704]"
power_sparse,40,"[40, 266, 768]",68,68,"[266, 768]"
power_sparse,40,"[40, 267, 704]",20,20,"[267, 704]"
power_sparse,40,"[40, 267, 768]",4,4,"[267, 768]"
power_sparse,40,"[40, 268, 576]",2,2,"[268, 576]"
power_sparse,40,"[40, 268, 640]",14,14,"[268, 640]"
power_sparse,40,"[40, 268, 704]",408,408,"[268, 704]"
power_sparse,40,"[40, 268, 768]",202,202,"[268, 768]"
power_sparse,40,"[40, 269, 640]",2,2,"[269, 640]"
power_sparse,40,"[40, 269, 704]",133,133,"[269, 704]"
power_sparse,40,"[40, 269, 768]",172,172,"[269, 768]"
power_sparse,40,"[40, 270, 704]",19,19,"[270, 704]"
power_sparse,40,"[40, 270, 768]",36,36,"[270, 768]"
power_sparse,40,"[40, 271, 640]",1,1,"[271, 640]"
power_sparse,40,"[40, 271, 704]",46,46,"[271, 704]"
power_sparse,40,"[40, 271, 768]",75,75,"[271, 768]"
power_sparse,40,"[40, 272, 704]",397,397,"[272, 704]"
power_sparse,40,"[40, 272, 768]",1248,1248,"[272, 768]"
power_sparse,40,"[40, 272, 832]",2,2,"[272, 832]"
power_sparse,40,"[40, 273, 704]",200,200,"[273, 704]"
power_sparse,40,"[40, 273, 768]",42,42,"[273, 768]"
power_sparse,40,"[40, 274, 640]",16,16,"[274, 640]"
power_sparse,40,"[40, 274, 704]",737,737,"[274, 704]"
power_sparse,40,"[40, 274, 768]",1811,1811,"[274, 768]"
power_sparse,40,"[40, 274, 832]",6,6,"[274, 832]"
power_sparse,40,"[40, 275, 704]",139,139,"[275, 704]"
power_sparse,40,"[40, 275, 768]",405,405,"[275, 768]"
power_sparse,40,"[40, 275, 832]",4,4,"[275, 832]"
power_sparse,40,"[40, 276, 704]",4,4,"[276, 704]"
power_sparse,40,"[40, 276, 768]",10,10,"[276, 768]"
power_sparse,40,"[40, 276, 832]",1,1,"[276, 832]"
power_sparse,40,"[40, 277, 640]",3,3,"[277, 640]"
power_sparse,40,"[40, 277, 704]",413,413,"[277, 704]"
power_sparse,40,"[40, 277, 768]",653,653,"[277, 768]"
power_sparse,40,"[40, 277, 832]",1,1,"[277, 832]"
power_sparse,40,"[40, 278, 704]",327,327,"[278, 704]"
power_sparse,40,"[40, 278, 768]",2000,8351,"[278, 768]"
power_sparse,40,"[40, 278, 832]",322,322,"[278, 832]"
power_sparse,40,"[40, 279, 704]",185,185,"[279, 704]"
power_sparse,40,"[40, 279, 768]",161,161,"[279, 768]"
power_sparse,40,"[40, 279, 832]",1,1,"[279, 832]"
power_sparse,40,"[40, 280, 640]",2,2,"[280, 640]"
power_sparse,40,"[40, 280, 704]",6,6,"[280, 704]"
power_sparse,40,"[40, 280, 768]",27,27,"[280, 768]"
power_sparse,40,"[40, 281, 704]",5,5,"[281, 704]"
power_sparse,40,"[40, 281, 768]",27,27,"[281, 768]"
power_sparse,40,"[40, 281, 832]",1,1,"[281, 832]"
power_sparse,40,"[40, 282, 704]",1,1,"[282, 704]"
power_sparse,40,"[40, 282, 768]",5,5,"[282, 768]"
power_sparse,40,"[40, 282, 832]",1,1,"[282, 832]"
power_sparse,40,"[40, 283, 640]",3,3,"[283, 640]"
power_sparse,40,"[40, 283, 704]",439,439,"[283, 704]"
power_sparse,40,"[40, 283, 768]",1380,1380,"[283, 768]"
power_sparse,40,"[40, 283, 832]",57,57,"[283, 832]"
power_sparse,40,"[40, 284, 704]",1,1,"[284, 704]"
power_sparse,40,"[40, 284, 768]",35,35,"[284, 768]"
power_sparse,40,"[40, 284, 832]",5,5,"[284, 832]"
power_sparse,40,"[40, 285, 704]",170,170,"[285, 704]"
power_sparse,40,"[40, 285, 768]",1343,1343,"[285, 768]"
power_sparse,40,"[40, 285, 832]",12,12,"[285, 832]"
power_sparse,40,"[40, 286, 768]",7,7,"[286, 768]"
power_sparse,40,"[40, 286, 832]",5,5,"[286, 832]"
power_sparse,40,"[40, 287, 704]",1,1,"[287, 704]"
power_sparse,40,"[40, 287, 768]",9,9,"[287, 768]"
power_sparse,40,"[40, 288, 768]",2,2,"[288, 768]"
power_sparse,40,"[40, 289, 640]",1,1,"[289, 640]"
power_sparse,40,"[40, 289, 704]",626,626,"[289, 704]"
power_sparse,40,"[40, 289, 768]",2000,3720,"[289, 768]"
power_sparse,40,"[40, 289, 832]",27,27,"[289, 832]"
power_sparse,40,"[40, 290, 768]",11,11,"[290, 768]"
power_sparse,40,"[40, 290, 832]",2,2,"[290, 832]"
power_sparse,40,"[40, 291, 704]",8,8,"[291, 704]"
power_sparse,40,"[40, 291, 768]",226,226,"[291, 768]"
power_sparse,40,"[40, 291, 832]",9,9,"[291, 832]"
power_sparse,40,"[40, 292, 832]",2,2,"[292, 832]"
power_sparse,40,"[40, 295, 704]",38,38,"[295, 704]"
power_sparse,40,"[40, 295, 768]",488,488,"[295, 768]"
power_sparse,40,"[40, 295, 832]",42,42,"[295, 832]"
power_sparse,40,"[40, 296, 768]",2,2,"[296, 768]"
power_sparse,40,"[40, 296, 832]",1,1,"[296, 832]"
power_sparse,40,"[40, 297, 768]",12,12,"[297, 768]"
power_sparse,40,"[40, 297, 832]",3,3,"[297, 832]"
power_sparse,40,"[40, 301, 768]",19,19,"[301, 768]"
power_sparse,40,"[40, 301, 832]",11,11,"[301, 832]"
base_projlen,40,"[40, 14]",11,11,[14]
base_projlen,40,"[40, 15]",277,277,[15]
base_projlen,40,"[40, 16]",1584,1584,[16]
base_projlen,40,"[40, 17]",2000,2804,[17]
base_projlen,40,"[40, 18]",2000,6581,[18]
base_projlen,40,"[40, 19]",2000,19320,[19]
base_projlen,40,"[40, 20]",2000,26653,[20]
base_projlen,40,"[40, 21]",2000,19062,[21]
base_projlen,40,"[40, 22]",2000,19326,[22]
base_projlen,40,"[40, 23]",2000,8664,[23]
base_projlen,40,"[40, 24]",2000,2020,[24]
base_projlen,40,"[40, 25]",588,588,[25]
base_projlen,40,"[40, 26]",203,203,[26]
base_projlen,40,"[40, 27]",2000,9090,[27]
base_projlen,40,"[40, 28]",2000,4412,[28]
base_projlen,40,"[40, 29]",2000,5357,[29]
base_projlen,40,"[40, 30]",2000,3011,[30]
base_projlen,40,"[40, 31]",2000,4217,[31]
base_projlen,40,"[40, 32]",2000,2508,[32]
base_projlen,40,"[40, 33]",2000,6132,[33]
base_projlen,40,"[40, 34]",2000,6108,[34]
base_projlen,40,"[40, 35]",2000,4573,[35]
base_projlen,40,"[40, 36]",2000,4574,[36]
base_projlen,40,"[40, 37]",2000,3543,[37]
base_projlen,40,"[40, 38]",2000,3198,[38]
base_projlen,40,"[40, 39]",2000,2175,[39]
base_projlen,40,"[40, 40]",1199,1199,[40]
base_projlen,40,"[40, 41]",1017,1017,[41]
base_projlen,40,"[40, 42]",491,491,[42]
base_projlen,40,"[40, 43]",361,361,[43]
base_projlen,40,"[40, 44]",101,101,[44]
base_projlen,40,"[40, 45]",107,107,[45]
base_projlen,40,"[40, 46]",53,53,[46]
base_projlen,40,"[40, 47]",38,38,[47]
base_projlen,40,"[40, 48]",44,44,[48]
base_projlen,40,"[40, 49]",19,19,[49]
base_projlen,40,"[40, 50]",25,25,[50]
base_projlen,40,"[40, 51]",16,16,[51]
base_projlen,40,"[40, 52]",11,11,[52]
base_projlen,40,"[40, 53]",7,7,[53]
base_projlen,40,"[40, 54]",8,8,[54]
base_projlen,40,"[40, 55]",2,2,[55]
base_projlen,40,"[40, 56]",4,4,[56]
base_projlen,40,"[40, 57]",1,1,[57]
base_projlen,40,"[40, 58]",4,4,[58]
base_projlen,40,"[40, 59]",1,1,[59]
base_projlen,40,"[40, 81]",150,150,[81]
base_projlen,40,"[40, 82]",408,408,[82]
base_projlen,40,"[40, 83]",692,692,[83]
base_projlen,40,"[40, 84]",370,370,[84]
base_projlen,40,"[40, 85]",130,130,[85]
base_projlen,40,"[40, 86]",93,93,[86]
base_projlen,40,"[40, 87]",91,91,[87]
base_projlen,40,"[40, 88]",113,113,[88]
base_projlen,40,"[40, 89]",183,183,[89]
base_projlen,40,"[40, 90]",206,206,[90]
base_projlen,40,"[40, 91]",335,335,[91]
base_projlen,40,"[40, 92]",2000,3147,[92]
base_projlen,40,"[40, 93]",2000,2928,[93]
base_projlen,40,"[40, 94]",2000,16236,[94]
base_projlen,40,"[40, 95]",2000,7496,[95]
base_projlen,40,"[40, 96]",2000,2252,[96]
base_projlen,40,"[40, 97]",2000,8800,[97]
base_projlen,40,"[40, 98]",1632,1632,[98]
base_projlen,40,"[40, 99]",1148,1148,[99]
base_projlen,40,"[40, 100]",250,250,[100]
base_projlen,40,"[40, 101]",60,60,[101]
base_projlen,40,"[40, 102]",15,15,[102]
collapse_ratio,40,"[40, 0, 1]",30,30,"[0, 1]"
collapse_ratio,40,"[40, 75, 7]",40,40,"[75, 7]"
collapse_ratio,40,"[40, 125, 13]",1,1,"[125, 13]"
collapse_ratio,40,"[40, 150, 13]",39,39,"[150, 13]"
collapse_ratio,40,"[40, 175, 15]",1,1,"[175, 15]"
collapse_ratio,40,"[40, 225, 19]",1,1,"[225, 19]"
collapse_ratio,40,"[40, 250, 21]",1,1,"[250, 21]"
collapse_ratio,40,"[40, 300, 25]",17,17,"[300, 25]"
collapse_ratio,40,"[40, 325, 17]",2,2,"[325, 17]"
collapse_ratio,40,"[40, 325, 19]",4,4,"[325, 19]"
collapse_ratio,40,"[40, 325, 21]",1,1,"[325, 21]"
collapse_ratio,40,"[40, 325, 27]",11,11,"[325, 27]"
collapse_ratio,40,"[40, 325, 28]",7,7,"[325, 28]"
collapse_ratio,40,"[40, 325, 29]",58,58,"[325, 29]"
collapse_ratio,40,"[40, 325, 31]",19,19,"[325, 31]"
collapse_ratio,40,"[40, 325, 32]",1,1,"[325, 32]"
collapse_ratio,40,"[40, 325, 33]",91,91,"[325, 33]"
collapse_ratio,40,"[40, 325, 35]",24,24,"[325, 35]"
collapse_ratio,40,"[40, 325, 37]",5,5,"[325, 37]"
collapse_ratio,40,"[40, 325, 81]",8,8,"[325, 81]"
collapse_ratio,40,"[40, 325, 83]",2,2,"[325, 83]"
collapse_ratio,40,"[40, 325, 87]",2,2,"[325, 87]"
collapse_ratio,40,"[40, 350, 29]",7,7,"[350, 29]"
collapse_ratio,40,"[40, 350, 31]",13,13,"[350, 31]"
collapse_ratio,40,"[40, 350, 32]",5,5,"[350, 32]"
collapse_ratio,40,"[40, 350, 33]",2,2,"[350, 33]"
collapse_ratio,40,"[40, 350, 35]",48,48,"[350, 35]"
collapse_ratio,40,"[40, 350, 39]",13,13,"[350, 39]"
collapse_ratio,40,"[40, 350, 88]",1,1,"[350, 88]"
collapse_ratio,40,"[40, 350, 89]",1,1,"[350, 89]"
collapse_ratio,40,"[40, 375, 23]",16,16,"[375, 23]"
collapse_ratio,40,"[40, 375, 25]",1,1,"[375, 25]"
collapse_ratio,40,"[40, 375, 31]",18,18,"[375, 31]"
collapse_ratio,40,"[40, 375, 33]",43,43,"[375, 33]"
collapse_ratio,40,"[40, 375, 34]",3,3,"[375, 34]"
collapse_ratio,40,"[40, 375, 35]",1,1,"[375, 35]"
collapse_ratio,40,"[40, 375, 36]",2,2,"[375, 36]"
collapse_ratio,40,"[40, 375, 37]",4,4,"[375, 37]"
collapse_ratio,40,"[40, 375, 38]",1,1,"[375, 38]"
collapse_ratio,40,"[40, 375, 40]",2,2,"[375, 40]"
collapse_ratio,40,"[40, 375, 41]",3,3,"[375, 41]"
collapse_ratio,40,"[40, 375, 43]",3,3,"[375, 43]"
collapse_ratio,40,"[40, 375, 46]",1,1,"[375, 46]"
collapse_ratio,40,"[40, 375, 95]",2,2,"[375, 95]"
collapse_ratio,40,"[40, 375, 97]",2,2,"[375, 97]"
collapse_ratio,40,"[40, 400, 21]",1,1,"[400, 21]"
collapse_ratio,40,"[40, 400, 25]",5,5,"[400, 25]"
collapse_ratio,40,"[40, 400, 33]",20,20,"[400, 33]"
collapse_ratio,40,"[40, 400, 34]",4,4,"[400, 34]"
collapse_ratio,40,"[40, 400, 35]",36,36,"[400, 35]"
collapse_ratio,40,"[40, 400, 37]",2,2,"[400, 37]"
collapse_ratio,40,"[40, 400, 38]",3,3,"[400, 38]"
collapse_ratio,40,"[40, 400, 39]",4,4,"[400, 39]"
collapse_ratio,40,"[40, 400, 40]",4,4,"[400, 40]"
collapse_ratio,40,"[40, 400, 41]",39,39,"[400, 41]"
collapse_ratio,40,"[40, 400, 42]",1,1,"[400, 42]"
collapse_ratio,40,"[40, 400, 43]",3,3,"[400, 43]"
collapse_ratio,40,"[40, 400, 45]",3,3,"[400, 45]"
collapse_ratio,40,"[40, 400, 47]",2,2,"[400, 47]"
collapse_ratio,40,"[40, 400, 51]",1,1,"[400, 51]"
collapse_ratio,40,"[40, 400, 57]",2,2,"[400, 57]"
collapse_ratio,40,"[40, 400, 61]",1,1,"[400, 61]"
collapse_ratio,40,"[40, 400, 100]",1,1,"[400, 100]"
collapse_ratio,40,"[40, 400, 102]",1,1,"[400, 102]"
collapse_ratio,40,"[40, 400, 105]",6,6,"[400, 105]"
collapse_ratio,40,"[40, 425, 23]",2,2,"[425, 23]"
collapse_ratio,40,"[40, 425, 25]",3,3,"[425, 25]"
collapse_ratio,40,"[40, 425, 28]",2,2,"[425, 28]"
collapse_ratio,40,"[40, 425, 31]",1,1,"[425, 31]"
collapse_ratio,40,"[40, 425, 35]",99,99,"[425, 35]"
collapse_ratio,40,"[40, 425, 36]",69,69,"[425, 36]"
collapse_ratio,40,"[40, 425, 37]",1,1,"[425, 37]"
collapse_ratio,40,"[40, 425, 38]",28,28,"[425, 38]"
collapse_ratio,40,"[40, 425, 39]",39,39,"[425, 39]"
collapse_ratio,40,"[40, 425, 40]",8,8,"[425, 40]"
collapse_ratio,40,"[40, 425, 41]",5,5,"[425, 41]"
collapse_ratio,40,"[40, 425, 43]",11,11,"[425, 43]"
collapse_ratio,40,"[40, 425, 45]",16,16,"[425, 45]"
collapse_ratio,40,"[40, 425, 46]",1,1,"[425, 46]"
collapse_ratio,40,"[40, 425, 47]",11,11,"[425, 47]"
collapse_ratio,40,"[40, 425, 48]",1,1,"[425, 48]"
collapse_ratio,40,"[40, 425, 49]",6,6,"[425, 49]"
collapse_ratio,40,"[40, 425, 51]",1,1,"[425, 51]"
collapse_ratio,40,"[40, 425, 59]",4,4,"[425, 59]"
collapse_ratio,40,"[40, 425, 62]",2,2,"[425, 62]"
collapse_ratio,40,"[40, 425, 63]",1,1,"[425, 63]"
collapse_ratio,40,"[40, 425, 66]",4,4,"[425, 66]"
collapse_ratio,40,"[40, 425, 68]",1,1,"[425, 68]"
collapse_ratio,40,"[40, 425, 106]",1,1,"[425, 106]"
collapse_ratio,40,"[40, 425, 107]",3,3,"[425, 107]"
collapse_ratio,40,"[40, 425, 108]",2,2,"[425, 108]"
collapse_ratio,40,"[40, 425, 109]",1,1,"[425, 109]"
collapse_ratio,40,"[40, 425, 110]",2,2,"[425, 110]"
collapse_ratio,40,"[40, 425, 111]",2,2,"[425, 111]"
collapse_ratio,40,"[40, 450, 23]",5,5,"[450, 23]"
collapse_ratio,40,"[40, 450, 27]",9,9,"[450, 27]"
collapse_ratio,40,"[40, 450, 29]",13,13,"[450, 29]"
collapse_ratio,40,"[40, 450, 31]",1,1,"[450, 31]"
collapse_ratio,40,"[40, 450, 37]",34,34,"[450, 37]"
collapse_ratio,40,"[40, 450, 38]",2,2,"[450, 38]"
collapse_ratio,40,"[40, 450, 39]",4,4,"[450, 39]"
collapse_ratio,40,"[40, 450, 40]",2,2,"[450, 40]"
collapse_ratio,40,"[40, 450, 41]",83,83,"[450, 41]"
collapse_ratio,40,"[40, 450, 42]",15,15,"[450, 42]"
collapse_ratio,40,"[40, 450, 43]",19,19,"[450, 43]"
collapse_ratio,40,"[40, 450, 44]",4,4,"[450, 44]"
collapse_ratio,40,"[40, 450, 45]",7,7,"[450, 45]"
collapse_ratio,40,"[40, 450, 46]",33,33,"[450, 46]"
collapse_ratio,40,"[40, 450, 49]",19,19,"[450, 49]"
collapse_ratio,40,"[40, 450, 50]",3,3,"[450, 50]"
collapse_ratio,40,"[40, 450, 51]",14,14,"[450, 51]"
collapse_ratio,40,"[40, 450, 53]",2,2,"[450, 53]"
collapse_ratio,40,"[40, 450, 57]",5,5,"[450, 57]"
collapse_ratio,40,"[40, 450, 60]",5,5,"[450, 60]"
collapse_ratio,40,"[40, 450, 61]",1,1,"[450, 61]"
collapse_ratio,40,"[40, 450, 64]",7,7,"[450, 64]"
collapse_ratio,40,"[40, 450, 70]",2,2,"[450, 70]"
collapse_ratio,40,"[40, 450, 78]",1,1,"[450, 78]"
collapse_ratio,40,"[40, 450, 111]",1,1,"[450, 111]"
collapse_ratio,40,"[40, 450, 112]",2,2,"[450, 112]"
collapse_ratio,40,"[40, 450, 113]",10,10,"[450, 113]"
collapse_ratio,40,"[40, 450, 114]",3,3,"[450, 114]"
collapse_ratio,40,"[40, 450, 115]",3,3,"[450, 115]"
collapse_ratio,40,"[40, 450, 116]",4,4,"[450, 116]"
collapse_ratio,40,"[40, 450, 117]",3,3,"[450, 117]"
collapse_ratio,40,"[40, 475, 26]",19,19,"[475, 26]"
collapse_ratio,40,"[40, 475, 31]",2,2,"[475, 31]"
collapse_ratio,40,"[40, 475, 39]",42,42,"[475, 39]"
collapse_ratio,40,"[40, 475, 42]",8,8,"[475, 42]"
collapse_ratio,40,"[40, 475, 43]",32,32,"[475, 43]"
collapse_ratio,40,"[40, 475, 44]",2,2,"[475, 44]"
collapse_ratio,40,"[40, 475, 45]",14,14,"[475, 45]"
collapse_ratio,40,"[40, 475, 46]",2,2,"[475, 46]"
collapse_ratio,40,"[40, 475, 47]",69,69,"[475, 47]"
collapse_ratio,40,"[40, 475, 49]",35,35,"[475, 49]"
collapse_ratio,40,"[40, 475, 50]",18,18,"[475, 50]"
collapse_ratio,40,"[40, 475, 51]",85,85,"[475, 51]"
collapse_ratio,40,"[40, 475, 52]",13,13,"[475, 52]"
collapse_ratio,40,"[40, 475, 53]",24,24,"[475, 53]"
collapse_ratio,40,"[40, 475, 54]",10,10,"[475, 54]"
collapse_ratio,40,"[40, 475, 55]",29,29,"[475, 55]"
collapse_ratio,40,"[40, 475, 56]",7,7,"[475, 56]"
collapse_ratio,40,"[40, 475, 57]",5,5,"[475, 57]"
collapse_ratio,40,"[40, 475, 58]",20,20,"[475, 58]"
collapse_ratio,40,"[40, 475, 59]",4,4,"[475, 59]"
collapse_ratio,40,"[40, 475, 60]",6,6,"[475, 60]"
collapse_ratio,40,"[40, 475, 62]",4,4,"[475, 62]"
collapse_ratio,40,"[40, 475, 68]",3,3,"[475, 68]"
collapse_ratio,40,"[40, 475, 69]",2,2,"[475, 69]"
collapse_ratio,40,"[40, 475, 72]",1,1,"[475, 72]"
collapse_ratio,40,"[40, 475, 73]",3,3,"[475, 73]"
collapse_ratio,40,"[40, 475, 76]",2,2,"[475, 76]"
collapse_ratio,40,"[40, 475, 77]",2,2,"[475, 77]"
collapse_ratio,40,"[40, 475, 117]",1,1,"[475, 117]"
collapse_ratio,40,"[40, 475, 118]",4,4,"[475, 118]"
collapse_ratio,40,"[40, 475, 119]",6,6,"[475, 119]"
collapse_ratio,40,"[40, 475, 120]",4,4,"[475, 120]"
collapse_ratio,40,"[40, 475, 121]",12,12,"[475, 121]"
collapse_ratio,40,"[40, 475, 122]",7,7,"[475, 122]"
collapse_ratio,40,"[40, 475, 123]",5,5,"[475, 123]"
collapse_ratio,40,"[40, 500, 23]",8,8,"[500, 23]"
collapse_ratio,40,"[40, 500, 31]",1,1,"[500, 31]"
collapse_ratio,40,"[40, 500, 33]",4,4,"[500, 33]"
collapse_ratio,40,"[40, 500, 34]",3,3,"[500, 34]"
collapse_ratio,40,"[40, 500, 41]",55,55,"[500, 41]"
collapse_ratio,40,"[40, 500, 42]",2,2,"[500, 42]"
collapse_ratio,40,"[40, 500, 43]",4,4,"[500, 43]"
collapse_ratio,40,"[40, 500, 44]",26,26,"[500, 44]"
collapse_ratio,40,"[40, 500, 45]",74,74,"[500, 45]"
collapse_ratio,40,"[40, 500, 46]",3,3,"[500, 46]"
collapse_ratio,40,"[40, 500, 47]",83,83,"[500, 47]"
collapse_ratio,40,"[40, 500, 48]",67,67,"[500, 48]"
collapse_ratio,40,"[40, 500, 49]",1,1,"[500, 49]"
collapse_ratio,40,"[40, 500, 50]",10,10,"[500, 50]"
collapse_ratio,40,"[40, 500, 51]",11,11,"[500, 51]"
collapse_ratio,40,"[40, 500, 52]",4,4,"[500, 52]"
collapse_ratio,40,"[40, 500, 53]",57,57,"[500, 53]"
collapse_ratio,40,"[40, 500, 54]",36,36,"[500, 54]"
collapse_ratio,40,"[40, 500, 55]",93,93,"[500, 55]"
collapse_ratio,40,"[40, 500, 56]",47,47,"[500, 56]"
collapse_ratio,40,"[40, 500, 57]",32,32,"[500, 57]"
collapse_ratio,40,"[40, 500, 58]",36,36,"[500, 58]"
collapse_ratio,40,"[40, 500, 59]",34,34,"[500, 59]"
collapse_ratio,40,"[40, 500, 60]",9,9,"[500, 60]"
collapse_ratio,40,"[40, 500, 61]",6,6,"[500, 61]"
collapse_ratio,40,"[40, 500, 62]",7,7,"[500, 62]"
collapse_ratio,40,"[40, 500, 63]",12,12,"[500, 63]"
collapse_ratio,40,"[40, 500, 64]",9,9,"[500, 64]"
collapse_ratio,40,"[40, 500, 66]",16,16,"[500, 66]"
collapse_ratio,40,"[40, 500, 67]",4,4,"[500, 67]"
collapse_ratio,40,"[40, 500, 70]",9,9,"[500, 70]"
collapse_ratio,40,"[40, 500, 71]",2,2,"[500, 71]"
collapse_ratio,40,"[40, 500, 74]",1,1,"[500, 74]"
collapse_ratio,40,"[40, 500, 89]",1,1,"[500, 89]"
collapse_ratio,40,"[40, 500, 124]",6,6,"[500, 124]"
collapse_ratio,40,"[40, 500, 125]",5,5,"[500, 125]"
collapse_ratio,40,"[40, 500, 126]",7,7,"[500, 126]"
collapse_ratio,40,"[40, 500, 127]",5,5,"[500, 127]"
collapse_ratio,40,"[40, 500, 128]",6,6,"[500, 128]"
collapse_ratio,40,"[40, 500, 129]",13,13,"[500, 129]"
collapse_ratio,40,"[40, 500, 133]",1,1,"[500, 133]"
collapse_ratio,40,"[40, 500, 135]",1,1,"[500, 135]"
collapse_ratio,40,"[40, 525, 27]",2,2,"[525, 27]"
collapse_ratio,40,"[40, 525, 29]",2,2,"[525, 29]"
collapse_ratio,40,"[40, 525, 31]",8,8,"[525, 31]"
collapse_ratio,40,"[40, 525, 35]",5,5,"[525, 35]"
collapse_ratio,40,"[40, 525, 36]",3,3,"[525, 36]"
collapse_ratio,40,"[40, 525, 37]",1,1,"[525, 37]"
collapse_ratio,40,"[40, 525, 38]",1,1,"[525, 38]"
collapse_ratio,40,"[40, 525, 43]",168,168,"[525, 43]"
collapse_ratio,40,"[40, 525, 45]",4,4,"[525, 45]"
collapse_ratio,40,"[40, 525, 46]",3,3,"[525, 46]"
collapse_ratio,40,"[40, 525, 47]",28,28,"[525, 47]"
collapse_ratio,40,"[40, 525, 48]",1,1,"[525, 48]"
collapse_ratio,40,"[40, 525, 49]",49,49,"[525, 49]"
collapse_ratio,40,"[40, 525, 50]",2,2,"[525, 50]"
collapse_ratio,40,"[40, 525, 51]",76,76,"[525, 51]"
collapse_ratio,40,"[40, 525, 52]",59,59,"[525, 52]"
collapse_ratio,40,"[40, 525, 53]",179,179,"[525, 53]"
collapse_ratio,40,"[40, 525, 54]",60,60,"[525, 54]"
collapse_ratio,40,"[40, 525, 55]",38,38,"[525, 55]"
collapse_ratio,40,"[40, 525, 56]",96,96,"[525, 56]"
collapse_ratio,40,"[40, 525, 57]",108,108,"[525, 57]"
collapse_ratio,40,"[40, 525, 58]",43,43,"[525, 58]"
collapse_ratio,40,"[40, 525, 59]",41,41,"[525, 59]"
collapse_ratio,40,"[40, 525, 60]",67,67,"[525, 60]"
collapse_ratio,40,"[40, 525, 61]",27,27,"[525, 61]"
collapse_ratio,40,"[40, 525, 62]",85,85,"[525, 62]"
collapse_ratio,40,"[40, 525, 63]",40,40,"[525, 63]"
collapse_ratio,40,"[40, 525, 64]",74,74,"[525, 64]"
collapse_ratio,40,"[40, 525, 65]",22,22,"[525, 65]"
collapse_ratio,40,"[40, 525, 67]",13,13,"[525, 67]"
collapse_ratio,40,"[40, 525, 68]",3,3,"[525, 68]"
collapse_ratio,40,"[40, 525, 69]",2,2,"[525, 69]"
collapse_ratio,40,"[40, 525, 71]",6,6,"[525, 71]"
collapse_ratio,40,"[40, 525, 72]",6,6,"[525, 72]"
collapse_ratio,40,"[40, 525, 73]",2,2,"[525, 73]"
collapse_ratio,40,"[40, 525, 74]",3,3,"[525, 74]"
collapse_ratio,40,"[40, 525, 75]",4,4,"[525, 75]"
collapse_ratio,40,"[40, 525, 77]",2,2,"[525, 77]"
collapse_ratio,40,"[40, 525, 80]",2,2,"[525, 80]"
collapse_ratio,40,"[40, 525, 81]",1,1,"[525, 81]"
collapse_ratio,40,"[40, 525, 82]",1,1,"[525, 82]"
collapse_ratio,40,"[40, 525, 85]",2,2,"[525, 85]"
collapse_ratio,40,"[40, 525, 130]",7,7,"[525, 130]"
collapse_ratio,40,"[40, 525, 131]",9,9,"[525, 131]"
collapse_ratio,40,"[40, 525, 132]",9,9,"[525, 132]"
collapse_ratio,40,"[40, 525, 133]",10,10,"[525, 133]"
collapse_ratio,40,"[40, 525, 134]",11,11,"[525, 134]"
collapse_ratio,40,"[40, 525, 135]",11,11,"[525, 135]"
collapse_ratio,40,"[40, 525, 136]",2,2,"[525, 136]"
collapse_ratio,40,"[40, 525, 138]",2,2,"[525, 138]"
collapse_ratio,40,"[40, 525, 139]",1,1,"[525, 139]"
collapse_ratio,40,"[40, 525, 140]",1,1,"[525, 140]"
collapse_ratio,40,"[40, 525, 142]",2,2,"[525, 142]"
collapse_ratio,40,"[40, 525, 146]",2,2,"[525, 146]"
collapse_ratio,40,"[40, 525, 149]",1,1,"[525, 149]"
collapse_ratio,40,"[40, 525, 150]",1,1,"[525, 150]"
collapse_ratio,40,"[40, 525, 153]",1,1,"[525, 153]"
collapse_ratio,40,"[40, 550, 29]",4,4,"[550, 29]"
collapse_ratio,40,"[40, 550, 31]",7,7,"[550, 31]"
collapse_ratio,40,"[40, 550, 32]",2,2,"[550, 32]"
collapse_ratio,40,"[40, 550, 33]",4,4,"[550, 33]"
collapse_ratio,40,"[40, 550, 34]",3,3,"[550, 34]"
collapse_ratio,40,"[40, 550, 35]",4,4,"[550, 35]"
collapse_ratio,40,"[40, 550, 36]",3,3,"[550, 36]"
collapse_ratio,40,"[40, 550, 37]",1,1,"[550, 37]"
collapse_ratio,40,"[40, 550, 41]",1,1,"[550, 41]"
collapse_ratio,40,"[40, 550, 45]",44,44,"[550, 45]"
collapse_ratio,40,"[40, 550, 46]",50,50,"[550, 46]"
collapse_ratio,40,"[40, 550, 47]",15,15,"[550, 47]"
collapse_ratio,40,"[40, 550, 48]",6,6,"[550, 48]"
collapse_ratio,40,"[40, 550, 49]",80,80,"[550, 49]"
collapse_ratio,40,"[40, 550, 50]",36,36,"[550, 50]"
collapse_ratio,40,"[40, 550, 51]",13,13,"[550, 51]"
collapse_ratio,40,"[40, 550, 52]",27,27,"[550, 52]"
collapse_ratio,40,"[40, 550, 53]",21,21,"[550, 53]"
collapse_ratio,40,"[40, 550, 54]",49,49,"[550, 54]"
collapse_ratio,40,"[40, 550, 55]",36,36,"[550, 55]"
collapse_ratio,40,"[40, 550, 56]",31,31,"[550, 56]"
collapse_ratio,40,"[40, 550, 57]",15,15,"[550, 57]"
collapse_ratio,40,"[40, 550, 58]",242,242,"[550, 58]"
collapse_ratio,40,"[40, 550, 59]",198,198,"[550, 59]"
collapse_ratio,40,"[40, 550, 60]",181,181,"[550, 60]"
collapse_ratio,40,"[40, 550, 61]",231,231,"[550, 61]"
collapse_ratio,40,"[40, 550, 62]",23,23,"[550, 62]"
collapse_ratio,40,"[40, 550, 63]",72,72,"[550, 63]"
collapse_ratio,40,"[40, 550, 64]",30,30,"[550, 64]"
collapse_ratio,40,"[40, 550, 65]",17,17,"[550, 65]"
collapse_ratio,40,"[40, 550, 66]",25,25,"[550, 66]"
collapse_ratio,40,"[40, 550, 67]",57,57,"[550, 67]"
collapse_ratio,40,"[40, 550, 68]",56,56,"[550, 68]"
collapse_ratio,40,"[40, 550, 69]",13,13,"[550, 69]"
collapse_ratio,40,"[40, 550, 70]",21,21,"[550, 70]"
collapse_ratio,40,"[40, 550, 71]",15,15,"[550, 71]"
collapse_ratio,40,"[40, 550, 73]",2,2,"[550, 73]"
collapse_ratio,40,"[40, 550, 78]",1,1,"[550, 78]"
collapse_ratio,40,"[40, 550, 79]",1,1,"[550, 79]"
collapse_ratio,40,"[40, 550, 80]",1,1,"[550, 80]"
collapse_ratio,40,"[40, 550, 81]",1,1,"[550, 81]"
collapse_ratio,40,"[40, 550, 134]",1,1,"[550, 134]"
collapse_ratio,40,"[40, 550, 136]",9,9,"[550, 136]"
collapse_ratio,40,"[40, 550, 137]",14,14,"[550, 137]"
collapse_ratio,40,"[40, 550, 138]",9,9,"[550, 138]"
collapse_ratio,40,"[40, 550, 139]",9,9,"[550, 139]"
collapse_ratio,40,"[40, 550, 140]",11,11,"[550, 140]"
collapse_ratio,40,"[40, 550, 141]",9,9,"[550, 141]"
collapse_ratio,40,"[40, 550, 142]",1,1,"[550, 142]"
collapse_ratio,40,"[40, 550, 143]",10,10,"[550, 143]"
collapse_ratio,40,"[40, 550, 149]",2,2,"[550, 149]"
collapse_ratio,40,"[40, 550, 151]",1,1,"[550, 151]"
collapse_ratio,40,"[40, 550, 152]",2,2,"[550, 152]"
collapse_ratio,40,"[40, 550, 153]",2,2,"[550, 153]"
collapse_ratio,40,"[40, 550, 154]",2,2,"[550, 154]"
collapse_ratio,40,"[40, 550, 155]",1,1,"[550, 155]"
collapse_ratio,40,"[40, 550, 156]",6,6,"[550, 156]"
collapse_ratio,40,"[40, 550, 157]",2,2,"[550, 157]"
collapse_ratio,40,"[40, 550, 158]",2,2,"[550, 158]"
collapse_ratio,40,"[40, 575, 26]",1,1,"[575, 26]"
collapse_ratio,40,"[40, 575, 28]",6,6,"[575, 28]"
collapse_ratio,40,"[40, 575, 32]",1,1,"[575, 32]"
collapse_ratio,40,"[40, 575, 33]",24,24,"[575, 33]"
collapse_ratio,40,"[40, 575, 34]",1,1,"[575, 34]"
collapse_ratio,40,"[40, 575, 35]",5,5,"[575, 35]"
collapse_ratio,40,"[40, 575, 37]",8,8,"[575, 37]"
collapse_ratio,40,"[40, 575, 38]",1,1,"[575, 38]"
collapse_ratio,40,"[40, 575, 39]",13,13,"[575, 39]"
collapse_ratio,40,"[40, 575, 41]",2,2,"[575, 41]"
collapse_ratio,40,"[40, 575, 43]",1,1,"[575, 43]"
collapse_ratio,40,"[40, 575, 46]",4,4,"[575, 46]"
collapse_ratio,40,"[40, 575, 47]",79,79,"[575, 47]"
collapse_ratio,40,"[40, 575, 48]",3,3,"[575, 48]"
collapse_ratio,40,"[40, 575, 49]",20,20,"[575, 49]"
collapse_ratio,40,"[40, 575, 50]",41,41,"[575, 50]"
collapse_ratio,40,"[40, 575, 51]",92,92,"[575, 51]"
collapse_ratio,40,"[40, 575, 52]",48,48,"[575, 52]"
collapse_ratio,40,"[40, 575, 53]",3,3,"[575, 53]"
collapse_ratio,40,"[40, 575, 54]",36,36,"[575, 54]"
collapse_ratio,40,"[40, 575, 55]",201,201,"[575, 55]"
collapse_ratio,40,"[40, 575, 56]",93,93,"[575, 56]"
collapse_ratio,40,"[40, 575, 57]",185,185,"[575, 57]"
collapse_ratio,40,"[40, 575, 58]",3,3,"[575, 58]"
collapse_ratio,40,"[40, 575, 59]",190,190,"[575, 59]"
collapse_ratio,40,"[40, 575, 60]",29,29,"[575, 60]"
collapse_ratio,40,"[40, 575, 61]",72,72,"[575, 61]"
collapse_ratio,40,"[40, 575, 62]",130,130,"[575, 62]"
collapse_ratio,40,"[40, 575, 63]",60,60,"[575, 63]"
collapse_ratio,40,"[40, 575, 64]",422,422,"[575, 64]"
collapse_ratio,40,"[40, 575, 65]",429,429,"[575, 65]"
collapse_ratio,40,"[40, 575, 66]",252,252,"[575, 66]"
collapse_ratio,40,"[40, 575, 67]",53,53,"[575, 67]"
collapse_ratio,40,"[40, 575, 68]",215,215,"[575, 68]"
collapse_ratio,40,"[40, 575, 69]",52,52,"[575, 69]"
collapse_ratio,40,"[40, 575, 70]",33,33,"[575, 70]"
collapse_ratio,40,"[40, 575, 71]",26,26,"[575, 71]"
collapse_ratio,40,"[40, 575, 72]",6,6,"[575, 72]"
collapse_ratio,40,"[40, 575, 73]",21,21,"[575, 73]"
collapse_ratio,40,"[40, 575, 74]",21,21,"[575, 74]"
collapse_ratio,40,"[40, 575, 75]",46,46,"[575, 75]"
collapse_ratio,40,"[40, 575, 76]",3,3,"[575, 76]"
collapse_ratio,40,"[40, 575, 77]",2,2,"[575, 77]"
collapse_ratio,40,"[40, 575, 85]",2,2,"[575, 85]"
collapse_ratio,40,"[40, 575, 142]",11,11,"[575, 142]"
collapse_ratio,40,"[40, 575, 143]",3,3,"[575, 143]"
collapse_ratio,40,"[40, 575, 144]",10,10,"[575, 144]"
collapse_ratio,40,"[40, 575, 145]",15,15,"[575, 145]"
collapse_ratio,40,"[40, 575, 146]",14,14,"[575, 146]"
collapse_ratio,40,"[40, 575, 147]",14,14,"[575, 147]"
collapse_ratio,40,"[40, 575, 148]",3,3,"[575, 148]"
collapse_ratio,40,"[40, 575, 149]",15,15,"[575, 149]"
collapse_ratio,40,"[40, 575, 150]",4,4,"[575, 150]"
collapse_ratio,40,"[40, 575, 151]",2,2,"[575, 151]"
collapse_ratio,40,"[40, 575, 152]",2,2,"[575, 152]"
collapse_ratio,40,"[40, 575, 153]",4,4,"[575, 153]"
collapse_ratio,40,"[40, 575, 154]",5,5,"[575, 154]"
collapse_ratio,40,"[40, 575, 155]",4,4,"[575, 155]"
collapse_ratio,40,"[40, 575, 156]",4,4,"[575, 156]"
collapse_ratio,40,"[40, 575, 158]",5,5,"[575, 158]"
collapse_ratio,40,"[40, 575, 159]",4,4,"[575, 159]"
collapse_ratio,40,"[40, 575, 160]",12,12,"[575, 160]"
collapse_ratio,40,"[40, 575, 161]",4,4,"[575, 161]"
collapse_ratio,40,"[40, 575, 162]",2,2,"[575, 162]"
collapse_ratio,40,"[40, 575, 163]",2,2,"[575, 163]"
collapse_ratio,40,"[40, 575, 164]",18,18,"[575, 164]"
collapse_ratio,40,"[40, 575, 165]",6,6,"[575, 165]"
collapse_ratio,40,"[40, 575, 166]",2,2,"[575, 166]"
collapse_ratio,40,"[40, 575, 168]",2,2,"[575, 168]"
collapse_ratio,40,"[40, 600, 27]",1,1,"[600, 27]"
collapse_ratio,40,"[40, 600, 31]",25,25,"[600, 31]"
collapse_ratio,40,"[40, 600, 35]",52,52,"[600, 35]"
collapse_ratio,40,"[40, 600, 36]",13,13,"[600, 36]"
collapse_ratio,40,"[40, 600, 37]",18,18,"[600, 37]"
collapse_ratio,40,"[40, 600, 38]",4,4,"[600, 38]"
collapse_ratio,40,"[40, 600, 39]",14,14,"[600, 39]"
collapse_ratio,40,"[40, 600, 40]",9,9,"[600, 40]"
collapse_ratio,40,"[40, 600, 41]",1,1,"[600, 41]"
collapse_ratio,40,"[40, 600, 42]",1,1,"[600, 42]"
collapse_ratio,40,"[40, 600, 43]",3,3,"[600, 43]"
collapse_ratio,40,"[40, 600, 44]",1,1,"[600, 44]"
collapse_ratio,40,"[40, 600, 45]",2,2,"[600, 45]"
collapse_ratio,40,"[40, 600, 48]",2,2,"[600, 48]"
collapse_ratio,40,"[40, 600, 49]",71,71,"[600, 49]"
collapse_ratio,40,"[40, 600, 50]",7,7,"[600, 50]"
collapse_ratio,40,"[40, 600, 51]",14,14,"[600, 51]"
collapse_ratio,40,"[40, 600, 52]",16,16,"[600, 52]"
collapse_ratio,40,"[40, 600, 53]",60,60,"[600, 53]"
collapse_ratio,40,"[40, 600, 54]",42,42,"[600, 54]"
collapse_ratio,40,"[40, 600, 55]",20,20,"[600, 55]"
collapse_ratio,40,"[40, 600, 56]",10,10,"[600, 56]"
collapse_ratio,40,"[40, 600, 57]",20,20,"[600, 57]"
collapse_ratio,40,"[40, 600, 58]",37,37,"[600, 58]"
collapse_ratio,40,"[40, 600, 59]",25,25,"[600, 59]"
collapse_ratio,40,"[40, 600, 60]",33,33,"[600, 60]"
collapse_ratio,40,"[40, 600, 61]",613,613,"[600, 61]"
collapse_ratio,40,"[40, 600, 62]",290,290,"[600, 62]"
collapse_ratio,40,"[40, 600, 63]",554,554,"[600, 63]"
collapse_ratio,40,"[40, 600, 64]",61,61,"[600, 64]"
collapse_ratio,40,"[40, 600, 65]",201,201,"[600, 65]"
collapse_ratio,40,"[40, 600, 66]",140,140,"[600, 66]"
collapse_ratio,40,"[40, 600, 67]",29,29,"[600, 67]"
collapse_ratio,40,"[40, 600, 68]",152,152,"[600, 68]"
collapse_ratio,40,"[40, 600, 69]",423,423,"[600, 69]"
collapse_ratio,40,"[40, 600, 70]",239,239,"[600, 70]"
collapse_ratio,40,"[40, 600, 71]",208,208,"[600, 71]"
collapse_ratio,40,"[40, 600, 72]",160,160,"[600, 72]"
collapse_ratio,40,"[40, 600, 73]",121,121,"[600, 73]"
collapse_ratio,40,"[40, 600, 75]",1,1,"[600, 75]"
collapse_ratio,40,"[40, 600, 77]",1,1,"[600, 77]"
collapse_ratio,40,"[40, 600, 78]",1,1,"[600, 78]"
collapse_ratio,40,"[40, 600, 79]",4,4,"[600, 79]"
collapse_ratio,40,"[40, 600, 80]",12,12,"[600, 80]"
collapse_ratio,40,"[40, 600, 93]",1,1,"[600, 93]"
collapse_ratio,40,"[40, 600, 99]",1,1,"[600, 99]"
collapse_ratio,40,"[40, 600, 148]",13,13,"[600, 148]"
collapse_ratio,40,"[40, 600, 149]",8,8,"[600, 149]"
collapse_ratio,40,"[40, 600, 150]",15,15,"[600, 150]"
collapse_ratio,40,"[40, 600, 151]",15,15,"[600, 151]"
collapse_ratio,40,"[40, 600, 152]",11,11,"[600, 152]"
collapse_ratio,40,"[40, 600, 153]",11,11,"[600, 153]"
collapse_ratio,40,"[40, 600, 154]",8,8,"[600, 154]"
collapse_ratio,40,"[40, 600, 155]",13,13,"[600, 155]"
collapse_ratio,40,"[40, 600, 156]",6,6,"[600, 156]"
collapse_ratio,40,"[40, 600, 157]",10,10,"[600, 157]"
collapse_ratio,40,"[40, 600, 158]",4,4,"[600, 158]"
collapse_ratio,40,"[40, 600, 159]",2,2,"[600, 159]"
collapse_ratio,40,"[40, 600, 160]",6,6,"[600, 160]"
collapse_ratio,40,"[40, 600, 162]",6,6,"[600, 162]"
collapse_ratio,40,"[40, 600, 165]",1,1,"[600, 165]"
collapse_ratio,40,"[40, 600, 168]",28,28,"[600, 168]"
collapse_ratio,40,"[40, 600, 169]",6,6,"[600, 169]"
collapse_ratio,40,"[40, 600, 170]",2,2,"[600, 170]"
collapse_ratio,40,"[40, 600, 171]",1,1,"[600, 171]"
collapse_ratio,40,"[40, 600, 172]",38,38,"[600, 172]"
collapse_ratio,40,"[40, 600, 173]",8,8,"[600, 173]"
collapse_ratio,40,"[40, 600, 175]",1,1,"[600, 175]"
collapse_ratio,40,"[40, 600, 176]",2,2,"[600, 176]"
collapse_ratio,40,"[40, 625, 29]",1,1,"[625, 29]"
collapse_ratio,40,"[40, 625, 30]",4,4,"[625, 30]"
collapse_ratio,40,"[40, 625, 32]",3,3,"[625, 32]"
collapse_ratio,40,"[40, 625, 33]",27,27,"[625, 33]"
collapse_ratio,40,"[40, 625, 34]",48,48,"[625, 34]"
collapse_ratio,40,"[40, 625, 36]",2,2,"[625, 36]"
collapse_ratio,40,"[40, 625, 37]",115,115,"[625, 37]"
collapse_ratio,40,"[40, 625, 38]",16,16,"[625, 38]"
collapse_ratio,40,"[40, 625, 40]",2,2,"[625, 40]"
collapse_ratio,40,"[40, 625, 42]",29,29,"[625, 42]"
collapse_ratio,40,"[40, 625, 46]",1,1,"[625, 46]"
collapse_ratio,40,"[40, 625, 47]",1,1,"[625, 47]"
collapse_ratio,40,"[40, 625, 50]",1,1,"[625, 50]"
collapse_ratio,40,"[40, 625, 51]",446,446,"[625, 51]"
collapse_ratio,40,"[40, 625, 52]",10,10,"[625, 52]"
collapse_ratio,40,"[40, 625, 53]",9,9,"[625, 53]"
collapse_ratio,40,"[40, 625, 54]",29,29,"[625, 54]"
collapse_ratio,40,"[40, 625, 55]",14,14,"[625, 55]"
collapse_ratio,40,"[40, 625, 56]",1,1,"[625, 56]"
collapse_ratio,40,"[40, 625, 57]",6,6,"[625, 57]"
collapse_ratio,40,"[40, 625, 58]",4,4,"[625, 58]"
collapse_ratio,40,"[40, 625, 59]",21,21,"[625, 59]"
collapse_ratio,40,"[40, 625, 60]",30,30,"[625, 60]"
collapse_ratio,40,"[40, 625, 62]",7,7,"[625, 62]"
collapse_ratio,40,"[40, 625, 63]",1,1,"[625, 63]"
collapse_ratio,40,"[40, 625, 64]",188,188,"[625, 64]"
collapse_ratio,40,"[40, 625, 66]",366,366,"[625, 66]"
collapse_ratio,40,"[40, 625, 67]",53,53,"[625, 67]"
collapse_ratio,40,"[40, 625, 68]",278,278,"[625, 68]"
collapse_ratio,40,"[40, 625, 69]",54,54,"[625, 69]"
collapse_ratio,40,"[40, 625, 70]",60,60,"[625, 70]"
collapse_ratio,40,"[40, 625, 71]",2,2,"[625, 71]"
collapse_ratio,40,"[40, 625, 72]",32,32,"[625, 72]"
collapse_ratio,40,"[40, 625, 74]",134,134,"[625, 74]"
collapse_ratio,40,"[40, 625, 75]",240,240,"[625, 75]"
collapse_ratio,40,"[40, 625, 76]",78,78,"[625, 76]"
collapse_ratio,40,"[40, 625, 77]",230,230,"[625, 77]"
collapse_ratio,40,"[40, 625, 78]",30,30,"[625, 78]"
collapse_ratio,40,"[40, 625, 81]",18,18,"[625, 81]"
collapse_ratio,40,"[40, 625, 83]",94,94,"[625, 83]"
collapse_ratio,40,"[40, 625, 84]",1,1,"[625, 84]"
collapse_ratio,40,"[40, 625, 153]",1,1,"[625, 153]"
collapse_ratio,40,"[40, 625, 154]",5,5,"[625, 154]"
collapse_ratio,40,"[40, 625, 156]",6,6,"[625, 156]"
collapse_ratio,40,"[40, 625, 157]",3,3,"[625, 157]"
collapse_ratio,40,"[40, 625, 158]",2,2,"[625, 158]"
collapse_ratio,40,"[40, 625, 159]",2,2,"[625, 159]"
collapse_ratio,40,"[40, 625, 161]",2,2,"[625, 161]"
collapse_ratio,40,"[40, 625, 165]",1,1,"[625, 165]"
collapse_ratio,40,"[40, 625, 169]",1,1,"[625, 169]"
collapse_ratio,40,"[40, 625, 173]",1,1,"[625, 173]"
collapse_ratio,40,"[40, 625, 174]",1,1,"[625, 174]"
collapse_ratio,40,"[40, 625, 175]",3,3,"[625, 175]"
collapse_ratio,40,"[40, 625, 176]",46,46,"[625, 176]"
collapse_ratio,40,"[40, 625, 177]",8,8,"[625, 177]"
collapse_ratio,40,"[40, 625, 179]",1,1,"[625, 179]"
collapse_ratio,40,"[40, 625, 180]",1,1,"[625, 180]"
collapse_ratio,40,"[40, 625, 181]",8,8,"[625, 181]"
collapse_ratio,40,"[40, 625, 183]",7,7,"[625, 183]"
collapse_ratio,40,"[40, 625, 185]",3,3,"[625, 185]"
collapse_ratio,40,"[40, 625, 187]",2,2,"[625, 187]"
collapse_ratio,40,"[40, 625, 189]",1,1,"[625, 189]"
collapse_ratio,40,"[40, 625, 190]",1,1,"[625, 190]"
collapse_ratio,40,"[40, 650, 30]",1,1,"[650, 30]"
collapse_ratio,40,"[40, 650, 32]",16,16,"[650, 32]"
collapse_ratio,40,"[40, 650, 34]",4,4,"[650, 34]"
collapse_ratio,40,"[40, 650, 36]",36,36,"[650, 36]"
collapse_ratio,40,"[40, 650, 38]",21,21,"[650, 38]"
collapse_ratio,40,"[40, 650, 39]",19,19,"[650, 39]"
collapse_ratio,40,"[40, 650, 40]",149,149,"[650, 40]"
collapse_ratio,40,"[40, 650, 41]",40,40,"[650, 41]"
collapse_ratio,40,"[40, 650, 42]",1,1,"[650, 42]"
collapse_ratio,40,"[40, 650, 43]",5,5,"[650, 43]"
collapse_ratio,40,"[40, 650, 44]",32,32,"[650, 44]"
collapse_ratio,40,"[40, 650, 45]",9,9,"[650, 45]"
collapse_ratio,40,"[40, 650, 46]",2,2,"[650, 46]"
collapse_ratio,40,"[40, 650, 48]",9,9,"[650, 48]"
collapse_ratio,40,"[40, 650, 49]",1,1,"[650, 49]"
collapse_ratio,40,"[40, 650, 52]",1,1,"[650, 52]"
collapse_ratio,40,"[40, 650, 53]",115,115,"[650, 53]"
collapse_ratio,40,"[40, 650, 54]",8,8,"[650, 54]"
collapse_ratio,40,"[40, 650, 55]",13,13,"[650, 55]"
collapse_ratio,40,"[40, 650, 56]",8,8,"[650, 56]"
collapse_ratio,40,"[40, 650, 57]",110,110,"[650, 57]"
collapse_ratio,40,"[40, 650, 59]",1,1,"[650, 59]"
collapse_ratio,40,"[40, 650, 60]",1,1,"[650, 60]"
collapse_ratio,40,"[40, 650, 61]",62,62,"[650, 61]"
collapse_ratio,40,"[40, 650, 63]",10,10,"[650, 63]"
collapse_ratio,40,"[40, 650, 64]",128,128,"[650, 64]"
collapse_ratio,40,"[40, 650, 65]",47,47,"[650, 65]"
collapse_ratio,40,"[40, 650, 66]",22,22,"[650, 66]"
collapse_ratio,40,"[40, 650, 67]",58,58,"[650, 67]"
collapse_ratio,40,"[40, 650, 68]",48,48,"[650, 68]"
collapse_ratio,40,"[40, 650, 69]",10,10,"[650, 69]"
collapse_ratio,40,"[40, 650, 70]",1,1,"[650, 70]"
collapse_ratio,40,"[40, 650, 72]",114,114,"[650, 72]"
collapse_ratio,40,"[40, 650, 73]",4,4,"[650, 73]"
collapse_ratio,40,"[40, 650, 75]",21,21,"[650, 75]"
collapse_ratio,40,"[40, 650, 76]",19,19,"[650, 76]"
collapse_ratio,40,"[40, 650, 77]",9,9,"[650, 77]"
collapse_ratio,40,"[40, 650, 78]",64,64,"[650, 78]"
collapse_ratio,40,"[40, 650, 80]",1,1,"[650, 80]"
collapse_ratio,40,"[40, 650, 81]",45,45,"[650, 81]"
collapse_ratio,40,"[40, 650, 82]",30,30,"[650, 82]"
collapse_ratio,40,"[40, 650, 84]",7,7,"[650, 84]"
collapse_ratio,40,"[40, 650, 87]",49,49,"[650, 87]"
collapse_ratio,40,"[40, 650, 88]",13,13,"[650, 88]"
collapse_ratio,40,"[40, 650, 89]",19,19,"[650, 89]"
collapse_ratio,40,"[40, 650, 158]",1,1,"[650, 158]"
collapse_ratio,40,"[40, 650, 159]",2,2,"[650, 159]"
collapse_ratio,40,"[40, 650, 160]",3,3,"[650, 160]"
collapse_ratio,40,"[40, 650, 162]",2,2,"[650, 162]"
collapse_ratio,40,"[40, 650, 163]",6,6,"[650, 163]"
collapse_ratio,40,"[40, 650, 164]",1,1,"[650, 164]"
collapse_ratio,40,"[40, 650, 165]",5,5,"[650, 165]"
collapse_ratio,40,"[40, 650, 167]",3,3,"[650, 167]"
collapse_ratio,40,"[40, 650, 169]",1,1,"[650, 169]"
collapse_ratio,40,"[40, 650, 173]",1,1,"[650, 173]"
collapse_ratio,40,"[40, 650, 177]",6,6,"[650, 177]"
collapse_ratio,40,"[40, 650, 178]",1,1,"[650, 178]"
collapse_ratio,40,"[40, 650, 179]",21,21,"[650, 179]"
collapse_ratio,40,"[40, 650, 180]",52,52,"[650, 180]"
collapse_ratio,40,"[40, 650, 182]",3,3,"[650, 182]"
collapse_ratio,40,"[40, 650, 183]",7,7,"[650, 183]"
collapse_ratio,40,"[40, 650, 184]",65,65,"[650, 184]"
collapse_ratio,40,"[40, 650, 185]",245,245,"[650, 185]"
collapse_ratio,40,"[40, 650, 186]",3,3,"[650, 186]"
collapse_ratio,40,"[40, 650, 187]",22,22,"[650, 187]"
collapse_ratio,40,"[40, 650, 188]",8,8,"[650, 188]"
collapse_ratio,40,"[40, 650, 189]",18,18,"[650, 189]"
collapse_ratio,40,"[40, 650, 190]",41,41,"[650, 190]"
collapse_ratio,40,"[40, 650, 191]",323,323,"[650, 191]"
collapse_ratio,40,"[40, 650, 193]",6,6,"[650, 193]"
collapse_ratio,40,"[40, 650, 194]",3,3,"[650, 194]"
collapse_ratio,40,"[40, 650, 195]",2,2,"[650, 195]"
collapse_ratio,40,"[40, 650, 197]",1,1,"[650, 197]"
collapse_ratio,40,"[40, 650, 198]",6,6,"[650, 198]"
collapse_ratio,40,"[40, 650, 199]",1,1,"[650, 199]"
collapse_ratio,40,"[40, 675, 31]",5,5,"[675, 31]"
collapse_ratio,40,"[40, 675, 33]",1,1,"[675, 33]"
collapse_ratio,40,"[40, 675, 35]",6,6,"[675, 35]"
collapse_ratio,40,"[40, 675, 37]",7,7,"[675, 37]"
collapse_ratio,40,"[40, 675, 39]",239,239,"[675, 39]"
collapse_ratio,40,"[40, 675, 41]",48,48,"[675, 41]"
collapse_ratio,40,"[40, 675, 43]",31,31,"[675, 43]"
collapse_ratio,40,"[40, 675, 45]",2,2,"[675, 45]"
collapse_ratio,40,"[40, 675, 46]",145,145,"[675, 46]"
collapse_ratio,40,"[40, 675, 47]",11,11,"[675, 47]"
collapse_ratio,40,"[40, 675, 48]",4,4,"[675, 48]"
collapse_ratio,40,"[40, 675, 50]",4,4,"[675, 50]"
collapse_ratio,40,"[40, 675, 54]",2,2,"[675, 54]"
collapse_ratio,40,"[40, 675, 55]",79,79,"[675, 55]"
collapse_ratio,40,"[40, 675, 56]",53,53,"[675, 56]"
collapse_ratio,40,"[40, 675, 57]",31,31,"[675, 57]"
collapse_ratio,40,"[40, 675, 58]",32,32,"[675, 58]"
collapse_ratio,40,"[40, 675, 59]",75,75,"[675, 59]"
collapse_ratio,40,"[40, 675, 60]",3,3,"[675, 60]"
collapse_ratio,40,"[40, 675, 61]",14,14,"[675, 61]"
collapse_ratio,40,"[40, 675, 62]",7,7,"[675, 62]"
collapse_ratio,40,"[40, 675, 63]",123,123,"[675, 63]"
collapse_ratio,40,"[40, 675, 65]",36,36,"[675, 65]"
collapse_ratio,40,"[40, 675, 66]",26,26,"[675, 66]"
collapse_ratio,40,"[40, 675, 67]",20,20,"[675, 67]"
collapse_ratio,40,"[40, 675, 69]",174,174,"[675, 69]"
collapse_ratio,40,"[40, 675, 70]",283,283,"[675, 70]"
collapse_ratio,40,"[40, 675, 71]",204,204,"[675, 71]"
collapse_ratio,40,"[40, 675, 72]",22,22,"[675, 72]"
collapse_ratio,40,"[40, 675, 73]",1,1,"[675, 73]"
collapse_ratio,40,"[40, 675, 74]",19,19,"[675, 74]"
collapse_ratio,40,"[40, 675, 75]",1,1,"[675, 75]"
collapse_ratio,40,"[40, 675, 77]",115,115,"[675, 77]"
collapse_ratio,40,"[40, 675, 78]",7,7,"[675, 78]"
collapse_ratio,40,"[40, 675, 81]",6,6,"[675, 81]"
collapse_ratio,40,"[40, 675, 87]",2,2,"[675, 87]"
collapse_ratio,40,"[40, 675, 92]",1,1,"[675, 92]"
collapse_ratio,40,"[40, 675, 93]",9,9,"[675, 93]"
collapse_ratio,40,"[40, 675, 94]",1,1,"[675, 94]"
collapse_ratio,40,"[40, 675, 96]",5,5,"[675, 96]"
collapse_ratio,40,"[40, 675, 100]",1,1,"[675, 100]"
collapse_ratio,40,"[40, 675, 101]",2,2,"[675, 101]"
collapse_ratio,40,"[40, 675, 165]",13,13,"[675, 165]"
collapse_ratio,40,"[40, 675, 171]",1,1,"[675, 171]"
collapse_ratio,40,"[40, 675, 172]",5,5,"[675, 172]"
collapse_ratio,40,"[40, 675, 173]",2,2,"[675, 173]"
collapse_ratio,40,"[40, 675, 177]",3,3,"[675, 177]"
collapse_ratio,40,"[40, 675, 181]",3,3,"[675, 181]"
collapse_ratio,40,"[40, 675, 183]",2,2,"[675, 183]"
collapse_ratio,40,"[40, 675, 184]",2,2,"[675, 184]"
collapse_ratio,40,"[40, 675, 185]",3,3,"[675, 185]"
collapse_ratio,40,"[40, 675, 186]",7,7,"[675, 186]"
collapse_ratio,40,"[40, 675, 187]",8,8,"[675, 187]"
collapse_ratio,40,"[40, 675, 188]",76,76,"[675, 188]"
collapse_ratio,40,"[40, 675, 189]",14,14,"[675, 189]"
collapse_ratio,40,"[40, 675, 190]",4,4,"[675, 190]"
collapse_ratio,40,"[40, 675, 191]",53,53,"[675, 191]"
collapse_ratio,40,"[40, 675, 192]",117,117,"[675, 192]"
collapse_ratio,40,"[40, 675, 193]",55,55,"[675, 193]"
collapse_ratio,40,"[40, 675, 194]",141,141,"[675, 194]"
collapse_ratio,40,"[40, 675, 195]",121,121,"[675, 195]"
collapse_ratio,40,"[40, 675, 196]",18,18,"[675, 196]"
collapse_ratio,40,"[40, 675, 197]",1489,1489,"[675, 197]"
collapse_ratio,40,"[40, 675, 199]",49,49,"[675, 199]"
collapse_ratio,40,"[40, 675, 200]",6,6,"[675, 200]"
collapse_ratio,40,"[40, 675, 201]",31,31,"[675, 201]"
collapse_ratio,40,"[40, 675, 202]",10,10,"[675, 202]"
collapse_ratio,40,"[40, 675, 203]",230,230,"[675, 203]"
collapse_ratio,40,"[40, 675, 205]",1,1,"[675, 205]"
collapse_ratio,40,"[40, 675, 209]",14,14,"[675, 209]"
collapse_ratio,40,"[40, 700, 30]",2,2,"[700, 30]"
collapse_ratio,40,"[40, 700, 34]",6,6,"[700, 34]"
collapse_ratio,40,"[40, 700, 36]",4,4,"[700, 36]"
collapse_ratio,40,"[40, 700, 38]",176,176,"[700, 38]"
collapse_ratio,40,"[40, 700, 39]",15,15,"[700, 39]"
collapse_ratio,40,"[40, 700, 40]",2,2,"[700, 40]"
collapse_ratio,40,"[40, 700, 41]",142,142,"[700, 41]"
collapse_ratio,40,"[40, 700, 42]",79,79,"[700, 42]"
collapse_ratio,40,"[40, 700, 43]",21,21,"[700, 43]"
collapse_ratio,40,"[40, 700, 45]",179,179,"[700, 45]"
collapse_ratio,40,"[40, 700, 47]",10,10,"[700, 47]"
collapse_ratio,40,"[40, 700, 49]",9,9,"[700, 49]"
collapse_ratio,40,"[40, 700, 51]",1,1,"[700, 51]"
collapse_ratio,40,"[40, 700, 52]",14,14,"[700, 52]"
collapse_ratio,40,"[40, 700, 57]",49,49,"[700, 57]"
collapse_ratio,40,"[40, 700, 60]",34,34,"[700, 60]"
collapse_ratio,40,"[40, 700, 61]",29,29,"[700, 61]"
collapse_ratio,40,"[40, 700, 62]",29,29,"[700, 62]"
collapse_ratio,40,"[40, 700, 63]",45,45,"[700, 63]"
collapse_ratio,40,"[40, 700, 64]",9,9,"[700, 64]"
collapse_ratio,40,"[40, 700, 65]",27,27,"[700, 65]"
collapse_ratio,40,"[40, 700, 67]",18,18,"[700, 67]"
collapse_ratio,40,"[40, 700, 68]",61,61,"[700, 68]"
collapse_ratio,40,"[40, 700, 69]",66,66,"[700, 69]"
collapse_ratio,40,"[40, 700, 70]",22,22,"[700, 70]"
collapse_ratio,40,"[40, 700, 71]",10,10,"[700, 71]"
collapse_ratio,40,"[40, 700, 72]",11,11,"[700, 72]"
collapse_ratio,40,"[40, 700, 75]",57,57,"[700, 75]"
collapse_ratio,40,"[40, 700, 76]",13,13,"[700, 76]"
collapse_ratio,40,"[40, 700, 78]",34,34,"[700, 78]"
collapse_ratio,40,"[40, 700, 79]",2,2,"[700, 79]"
collapse_ratio,40,"[40, 700, 81]",3,3,"[700, 81]"
collapse_ratio,40,"[40, 700, 82]",22,22,"[700, 82]"
collapse_ratio,40,"[40, 700, 83]",70,70,"[700, 83]"
collapse_ratio,40,"[40, 700, 84]",6,6,"[700, 84]"
collapse_ratio,40,"[40, 700, 86]",3,3,"[700, 86]"
collapse_ratio,40,"[40, 700, 89]",34,34,"[700, 89]"
collapse_ratio,40,"[40, 700, 90]",1,1,"[700, 90]"
collapse_ratio,40,"[40, 700, 112]",2,2,"[700, 112]"
collapse_ratio,40,"[40, 700, 120]",1,1,"[700, 120]"
collapse_ratio,40,"[40, 700, 175]",1,1,"[700, 175]"
collapse_ratio,40,"[40, 700, 176]",1,1,"[700, 176]"
collapse_ratio,40,"[40, 700, 180]",2,2,"[700, 180]"
collapse_ratio,40,"[40, 700, 181]",2,2,"[700, 181]"
collapse_ratio,40,"[40, 700, 185]",2,2,"[700, 185]"
collapse_ratio,40,"[40, 700, 187]",6,6,"[700, 187]"
collapse_ratio,40,"[40, 700, 188]",2,2,"[700, 188]"
collapse_ratio,40,"[40, 700, 189]",5,5,"[700, 189]"
collapse_ratio,40,"[40, 700, 190]",6,6,"[700, 190]"
collapse_ratio,40,"[40, 700, 191]",16,16,"[700, 191]"
collapse_ratio,40,"[40, 700, 192]",2,2,"[700, 192]"
collapse_ratio,40,"[40, 700, 193]",13,13,"[700, 193]"
collapse_ratio,40,"[40, 700, 194]",17,17,"[700, 194]"
collapse_ratio,40,"[40, 700, 195]",12,12,"[700, 195]"
collapse_ratio,40,"[40, 700, 196]",143,143,"[700, 196]"
collapse_ratio,40,"[40, 700, 197]",35,35,"[700, 197]"
collapse_ratio,40,"[40, 700, 198]",325,325,"[700, 198]"
collapse_ratio,40,"[40, 700, 199]",172,172,"[700, 199]"
collapse_ratio,40,"[40, 700, 200]",83,83,"[700, 200]"
collapse_ratio,40,"[40, 700, 201]",161,161,"[700, 201]"
collapse_ratio,40,"[40, 700, 202]",652,652,"[700, 202]"
collapse_ratio,40,"[40, 700, 203]",237,237,"[700, 203]"
collapse_ratio,40,"[40, 700, 204]",188,188,"[700, 204]"
collapse_ratio,40,"[40, 700, 205]",85,85,"[700, 205]"
collapse_ratio,40,"[40, 700, 206]",23,23,"[700, 206]"
collapse_ratio,40,"[40, 700, 207]",25,25,"[700, 207]"
collapse_ratio,40,"[40, 700, 208]",56,56,"[700, 208]"
collapse_ratio,40,"[40, 700, 209]",15,15,"[700, 209]"
collapse_ratio,40,"[40, 700, 210]",21,21,"[700, 210]"
collapse_ratio,40,"[40, 700, 211]",2,2,"[700, 211]"
collapse_ratio,40,"[40, 700, 213]",1,1,"[700, 213]"
collapse_ratio,40,"[40, 725, 33]",5,5,"[725, 33]"
collapse_ratio,40,"[40, 725, 35]",3,3,"[725, 35]"
collapse_ratio,40,"[40, 725, 37]",108,108,"[725, 37]"
collapse_ratio,40,"[40, 725, 40]",128,128,"[725, 40]"
collapse_ratio,40,"[40, 725, 42]",37,37,"[725, 42]"
collapse_ratio,40,"[40, 725, 44]",579,579,"[725, 44]"
collapse_ratio,40,"[40, 725, 47]",116,116,"[725, 47]"
collapse_ratio,40,"[40, 725, 48]",116,116,"[725, 48]"
collapse_ratio,40,"[40, 725, 49]",23,23,"[725, 49]"
collapse_ratio,40,"[40, 725, 50]",1,1,"[725, 50]"
collapse_ratio,40,"[40, 725, 51]",58,58,"[725, 51]"
collapse_ratio,40,"[40, 725, 58]",6,6,"[725, 58]"
collapse_ratio,40,"[40, 725, 59]",166,166,"[725, 59]"
collapse_ratio,40,"[40, 725, 60]",21,21,"[725, 60]"
collapse_ratio,40,"[40, 725, 62]",8,8,"[725, 62]"
collapse_ratio,40,"[40, 725, 65]",137,137,"[725, 65]"
collapse_ratio,40,"[40, 725, 66]",25,25,"[725, 66]"
collapse_ratio,40,"[40, 725, 68]",25,25,"[725, 68]"
collapse_ratio,40,"[40, 725, 69]",18,18,"[725, 69]"
collapse_ratio,40,"[40, 725, 70]",32,32,"[725, 70]"
collapse_ratio,40,"[40, 725, 71]",7,7,"[725, 71]"
collapse_ratio,40,"[40, 725, 73]",19,19,"[725, 73]"
collapse_ratio,40,"[40, 725, 74]",25,25,"[725, 74]"
collapse_ratio,40,"[40, 725, 75]",7,7,"[725, 75]"
collapse_ratio,40,"[40, 725, 76]",2,2,"[725, 76]"
collapse_ratio,40,"[40, 725, 77]",1,1,"[725, 77]"
collapse_ratio,40,"[40, 725, 80]",3,3,"[725, 80]"
collapse_ratio,40,"[40, 725, 81]",1,1,"[725, 81]"
collapse_ratio,40,"[40, 725, 84]",36,36,"[725, 84]"
collapse_ratio,40,"[40, 725, 85]",1,1,"[725, 85]"
collapse_ratio,40,"[40, 725, 87]",4,4,"[725, 87]"
collapse_ratio,40,"[40, 725, 88]",4,4,"[725, 88]"
collapse_ratio,40,"[40, 725, 93]",2,2,"[725, 93]"
collapse_ratio,40,"[40, 725, 96]",1,1,"[725, 96]"
collapse_ratio,40,"[40, 725, 102]",1,1,"[725, 102]"
collapse_ratio,40,"[40, 725, 116]",2,2,"[725, 116]"
collapse_ratio,40,"[40, 725, 184]",1,1,"[725, 184]"
collapse_ratio,40,"[40, 725, 198]",12,12,"[725, 198]"
collapse_ratio,40,"[40, 725, 199]",19,19,"[725, 199]"
collapse_ratio,40,"[40, 725, 200]",151,151,"[725, 200]"
collapse_ratio,40,"[40, 725, 201]",5,5,"[725, 201]"
collapse_ratio,40,"[40, 725, 203]",27,27,"[725, 203]"
collapse_ratio,40,"[40, 725, 204]",61,61,"[725, 204]"
collapse_ratio,40,"[40, 725, 205]",89,89,"[725, 205]"
collapse_ratio,40,"[40, 725, 206]",1116,1116,"[725, 206]"
collapse_ratio,40,"[40, 725, 207]",408,408,"[725, 207]"
collapse_ratio,40,"[40, 725, 208]",292,292,"[725, 208]"
collapse_ratio,40,"[40, 725, 209]",236,236,"[725, 209]"
collapse_ratio,40,"[40, 725, 210]",1635,1635,"[725, 210]"
collapse_ratio,40,"[40, 725, 213]",1121,1121,"[725, 213]"
collapse_ratio,40,"[40, 725, 218]",1459,1459,"[725, 218]"
collapse_ratio,40,"[40, 725, 219]",11,11,"[725, 219]"
collapse_ratio,40,"[40, 725, 224]",230,230,"[725, 224]"
collapse_ratio,40,"[40, 725, 225]",1,1,"[725, 225]"
collapse_ratio,40,"[40, 750, 36]",82,82,"[750, 36]"
collapse_ratio,40,"[40, 750, 37]",3,3,"[750, 37]"
collapse_ratio,40,"[40, 750, 39]",27,27,"[750, 39]"
collapse_ratio,40,"[40, 750, 41]",12,12,"[750, 41]"
collapse_ratio,40,"[40, 750, 43]",765,765,"[750, 43]"
collapse_ratio,40,"[40, 750, 45]",52,52,"[750, 45]"
collapse_ratio,40,"[40, 750, 46]",243,243,"[750, 46]"
collapse_ratio,40,"[40, 750, 48]",3,3,"[750, 48]"
collapse_ratio,40,"[40, 750, 50]",533,533,"[750, 50]"
collapse_ratio,40,"[40, 750, 51]",19,19,"[750, 51]"
collapse_ratio,40,"[40, 750, 53]",10,10,"[750, 53]"
collapse_ratio,40,"[40, 750, 54]",7,7,"[750, 54]"
collapse_ratio,40,"[40, 750, 55]",2,2,"[750, 55]"
collapse_ratio,40,"[40, 750, 57]",7,7,"[750, 57]"
collapse_ratio,40,"[40, 750, 60]",2,2,"[750, 60]"
collapse_ratio,40,"[40, 750, 61]",53,53,"[750, 61]"
collapse_ratio,40,"[40, 750, 62]",1,1,"[750, 62]"
collapse_ratio,40,"[40, 750, 63]",11,11,"[750, 63]"
collapse_ratio,40,"[40, 750, 64]",37,37,"[750, 64]"
collapse_ratio,40,"[40, 750, 67]",41,41,"[750, 67]"
collapse_ratio,40,"[40, 750, 68]",14,14,"[750, 68]"
collapse_ratio,40,"[40, 750, 69]",39,39,"[750, 69]"
collapse_ratio,40,"[40, 750, 70]",1,1,"[750, 70]"
collapse_ratio,40,"[40, 750, 71]",87,87,"[750, 71]"
collapse_ratio,40,"[40, 750, 72]",98,98,"[750, 72]"
collapse_ratio,40,"[40, 750, 73]",4,4,"[750, 73]"
collapse_ratio,40,"[40, 750, 74]",4,4,"[750, 74]"
collapse_ratio,40,"[40, 750, 75]",9,9,"[750, 75]"
collapse_ratio,40,"[40, 750, 77]",6,6,"[750, 77]"
collapse_ratio,40,"[40, 750, 78]",26,26,"[750, 78]"
collapse_ratio,40,"[40, 750, 79]",7,7,"[750, 79]"
collapse_ratio,40,"[40, 750, 80]",1,1,"[750, 80]"
collapse_ratio,40,"[40, 750, 81]",1,1,"[750, 81]"
collapse_ratio,40,"[40, 750, 82]",1,1,"[750, 82]"
collapse_ratio,40,"[40, 750, 85]",31,31,"[750, 85]"
collapse_ratio,40,"[40, 750, 86]",11,11,"[750, 86]"
collapse_ratio,40,"[40, 750, 88]",2,2,"[750, 88]"
collapse_ratio,40,"[40, 750, 89]",3,3,"[750, 89]"
collapse_ratio,40,"[40, 750, 90]",25,25,"[750, 90]"
collapse_ratio,40,"[40, 750, 92]",3,3,"[750, 92]"
collapse_ratio,40,"[40, 750, 95]",2,2,"[750, 95]"
collapse_ratio,40,"[40, 750, 96]",19,19,"[750, 96]"
collapse_ratio,40,"[40, 750, 99]",3,3,"[750, 99]"
collapse_ratio,40,"[40, 750, 100]",1,1,"[750, 100]"
collapse_ratio,40,"[40, 750, 105]",4,4,"[750, 105]"
collapse_ratio,40,"[40, 750, 106]",2,2,"[750, 106]"
collapse_ratio,40,"[40, 750, 108]",2,2,"[750, 108]"
collapse_ratio,40,"[40, 750, 111]",5,5,"[750, 111]"
collapse_ratio,40,"[40, 750, 122]",2,2,"[750, 122]"
collapse_ratio,40,"[40, 750, 132]",1,1,"[750, 132]"
collapse_ratio,40,"[40, 750, 194]",1,1,"[750, 194]"
collapse_ratio,40,"[40, 750, 207]",20,20,"[750, 207]"
collapse_ratio,40,"[40, 750, 208]",6,6,"[750, 208]"
collapse_ratio,40,"[40, 750, 209]",8,8,"[750, 209]"
collapse_ratio,40,"[40, 750, 210]",4,4,"[750, 210]"
collapse_ratio,40,"[40, 750, 211]",1,1,"[750, 211]"
collapse_ratio,40,"[40, 750, 212]",78,78,"[750, 212]"
collapse_ratio,40,"[40, 750, 213]",638,638,"[750, 213]"
collapse_ratio,40,"[40, 750, 214]",145,145,"[750, 214]"
collapse_ratio,40,"[40, 750, 215]",88,88,"[750, 215]"
collapse_ratio,40,"[40, 750, 216]",209,209,"[750, 216]"
collapse_ratio,40,"[40, 750, 218]",3,3,"[750, 218]"
collapse_ratio,40,"[40, 750, 219]",2000,3969,"[750, 219]"
collapse_ratio,40,"[40, 750, 220]",234,234,"[750, 220]"
collapse_ratio,40,"[40, 750, 221]",215,215,"[750, 221]"
collapse_ratio,40,"[40, 750, 222]",68,68,"[750, 222]"
collapse_ratio,40,"[40, 750, 225]",3,3,"[750, 225]"
collapse_ratio,40,"[40, 750, 226]",2,2,"[750, 226]"
collapse_ratio,40,"[40, 750, 227]",71,71,"[750, 227]"
collapse_ratio,40,"[40, 750, 228]",8,8,"[750, 228]"
collapse_ratio,40,"[40, 750, 230]",14,14,"[750, 230]"
collapse_ratio,40,"[40, 775, 35]",8,8,"[775, 35]"
collapse_ratio,40,"[40, 775, 38]",69,69,"[775, 38]"
collapse_ratio,40,"[40, 775, 40]",22,22,"[775, 40]"
collapse_ratio,40,"[40, 775, 42]",456,456,"[775, 42]"
collapse_ratio,40,"[40, 775, 43]",58,58,"[775, 43]"
collapse_ratio,40,"[40, 775, 45]",457,457,"[775, 45]"
collapse_ratio,40,"[40, 775, 47]",181,181,"[775, 47]"
collapse_ratio,40,"[40, 775, 49]",632,632,"[775, 49]"
collapse_ratio,40,"[40, 775, 52]",239,239,"[775, 52]"
collapse_ratio,40,"[40, 775, 55]",94,94,"[775, 55]"
collapse_ratio,40,"[40, 775, 56]",47,47,"[775, 56]"
collapse_ratio,40,"[40, 775, 57]",1,1,"[775, 57]"
collapse_ratio,40,"[40, 775, 59]",1,1,"[775, 59]"
collapse_ratio,40,"[40, 775, 62]",5,5,"[775, 62]"
collapse_ratio,40,"[40, 775, 63]",59,59,"[775, 63]"
collapse_ratio,40,"[40, 775, 66]",51,51,"[775, 66]"
collapse_ratio,40,"[40, 775, 67]",13,13,"[775, 67]"
collapse_ratio,40,"[40, 775, 68]",2,2,"[775, 68]"
collapse_ratio,40,"[40, 775, 69]",84,84,"[775, 69]"
collapse_ratio,40,"[40, 775, 70]",100,100,"[775, 70]"
collapse_ratio,40,"[40, 775, 73]",5,5,"[775, 73]"
collapse_ratio,40,"[40, 775, 74]",3,3,"[775, 74]"
collapse_ratio,40,"[40, 775, 75]",25,25,"[775, 75]"
collapse_ratio,40,"[40, 775, 76]",57,57,"[775, 76]"
collapse_ratio,40,"[40, 775, 77]",43,43,"[775, 77]"
collapse_ratio,40,"[40, 775, 79]",51,51,"[775, 79]"
collapse_ratio,40,"[40, 775, 80]",9,9,"[775, 80]"
collapse_ratio,40,"[40, 775, 81]",51,51,"[775, 81]"
collapse_ratio,40,"[40, 775, 83]",21,21,"[775, 83]"
collapse_ratio,40,"[40, 775, 84]",33,33,"[775, 84]"
collapse_ratio,40,"[40, 775, 85]",9,9,"[775, 85]"
collapse_ratio,40,"[40, 775, 86]",1,1,"[775, 86]"
collapse_ratio,40,"[40, 775, 90]",12,12,"[775, 90]"
collapse_ratio,40,"[40, 775, 91]",2,2,"[775, 91]"
collapse_ratio,40,"[40, 775, 94]",3,3,"[775, 94]"
collapse_ratio,40,"[40, 775, 95]",4,4,"[775, 95]"
collapse_ratio,40,"[40, 775, 100]",2,2,"[775, 100]"
collapse_ratio,40,"[40, 775, 112]",2,2,"[775, 112]"
collapse_ratio,40,"[40, 775, 118]",5,5,"[775, 118]"
collapse_ratio,40,"[40, 775, 124]",2,2,"[775, 124]"
collapse_ratio,40,"[40, 775, 198]",1,1,"[775, 198]"
collapse_ratio,40,"[40, 775, 207]",2,2,"[775, 207]"
collapse_ratio,40,"[40, 775, 209]",2,2,"[775, 209]"
collapse_ratio,40,"[40, 775, 210]",1,1,"[775, 210]"
collapse_ratio,40,"[40, 775, 213]",2,2,"[775, 213]"
collapse_ratio,40,"[40, 775, 214]",1,1,"[775, 214]"
collapse_ratio,40,"[40, 775, 215]",1,1,"[775, 215]"
collapse_ratio,40,"[40, 775, 216]",19,19,"[775, 216]"
collapse_ratio,40,"[40, 775, 217]",16,16,"[775, 217]"
collapse_ratio,40,"[40, 775, 218]",56,56,"[775, 218]"
collapse_ratio,40,"[40, 775, 219]",63,63,"[775, 219]"
collapse_ratio,40,"[40, 775, 220]",33,33,"[775, 220]"
collapse_ratio,40,"[40, 775, 222]",45,45,"[775, 222]"
collapse_ratio,40,"[40, 775, 223]",4,4,"[775, 223]"
collapse_ratio,40,"[40, 775, 224]",49,49,"[775, 224]"
collapse_ratio,40,"[40, 775, 225]",15,15,"[775, 225]"
collapse_ratio,40,"[40, 775, 226]",7,7,"[775, 226]"
collapse_ratio,40,"[40, 775, 228]",3,3,"[775, 228]"
collapse_ratio,40,"[40, 800, 37]",5,5,"[800, 37]"
collapse_ratio,40,"[40, 800, 39]",7,7,"[800, 39]"
collapse_ratio,40,"[40, 800, 41]",218,218,"[800, 41]"
collapse_ratio,40,"[40, 800, 44]",385,385,"[800, 44]"
collapse_ratio,40,"[40, 800, 46]",11,11,"[800, 46]"
collapse_ratio,40,"[40, 800, 48]",2000,2011,"[800, 48]"
collapse_ratio,40,"[40, 800, 49]",521,521,"[800, 49]"
collapse_ratio,40,"[40, 800, 51]",228,228,"[800, 51]"
collapse_ratio,40,"[40, 800, 53]",66,66,"[800, 53]"
collapse_ratio,40,"[40, 800, 54]",1827,1827,"[800, 54]"
collapse_ratio,40,"[40, 800, 58]",14,14,"[800, 58]"
collapse_ratio,40,"[40, 800, 59]",2,2,"[800, 59]"
collapse_ratio,40,"[40, 800, 61]",6,6,"[800, 61]"
collapse_ratio,40,"[40, 800, 64]",4,4,"[800, 64]"
collapse_ratio,40,"[40, 800, 65]",54,54,"[800, 65]"
collapse_ratio,40,"[40, 800, 66]",59,59,"[800, 66]"
collapse_ratio,40,"[40, 800, 68]",86,86,"[800, 68]"
collapse_ratio,40,"[40, 800, 69]",15,15,"[800, 69]"
collapse_ratio,40,"[40, 800, 70]",12,12,"[800, 70]"
collapse_ratio,40,"[40, 800, 71]",59,59,"[800, 71]"
collapse_ratio,40,"[40, 800, 72]",51,51,"[800, 72]"
collapse_ratio,40,"[40, 800, 73]",10,10,"[800, 73]"
collapse_ratio,40,"[40, 800, 74]",107,107,"[800, 74]"
collapse_ratio,40,"[40, 800, 75]",71,71,"[800, 75]"
collapse_ratio,40,"[40, 800, 78]",18,18,"[800, 78]"
collapse_ratio,40,"[40, 800, 79]",29,29,"[800, 79]"
collapse_ratio,40,"[40, 800, 81]",62,62,"[800, 81]"
collapse_ratio,40,"[40, 800, 82]",51,51,"[800, 82]"
collapse_ratio,40,"[40, 800, 84]",15,15,"[800, 84]"
collapse_ratio,40,"[40, 800, 85]",31,31,"[800, 85]"
collapse_ratio,40,"[40, 800, 87]",35,35,"[800, 87]"
collapse_ratio,40,"[40, 800, 88]",34,34,"[800, 88]"
collapse_ratio,40,"[40, 800, 89]",50,50,"[800, 89]"
collapse_ratio,40,"[40, 800, 91]",9,9,"[800, 91]"
collapse_ratio,40,"[40, 800, 93]",17,17,"[800, 93]"
collapse_ratio,40,"[40, 800, 95]",76,76,"[800, 95]"
collapse_ratio,40,"[40, 800, 96]",19,19,"[800, 96]"
collapse_ratio,40,"[40, 800, 97]",1,1,"[800, 97]"
collapse_ratio,40,"[40, 800, 98]",6,6,"[800, 98]"
collapse_ratio,40,"[40, 800, 99]",3,3,"[800, 99]"
collapse_ratio,40,"[40, 800, 101]",14,14,"[800, 101]"
collapse_ratio,40,"[40, 800, 105]",1,1,"[800, 105]"
collapse_ratio,40,"[40, 800, 130]",1,1,"[800, 130]"
collapse_ratio,40,"[40, 800, 136]",1,1,"[800, 136]"
collapse_ratio,40,"[40, 800, 216]",4,4,"[800, 216]"
collapse_ratio,40,"[40, 800, 218]",14,14,"[800, 218]"
collapse_ratio,40,"[40, 800, 219]",6,6,"[800, 219]"
collapse_ratio,40,"[40, 800, 220]",4,4,"[800, 220]"
collapse_ratio,40,"[40, 800, 221]",8,8,"[800, 221]"
collapse_ratio,40,"[40, 800, 222]",19,19,"[800, 222]"
collapse_ratio,40,"[40, 800, 224]",6,6,"[800, 224]"
collapse_ratio,40,"[40, 800, 226]",2,2,"[800, 226]"
collapse_ratio,40,"[40, 800, 230]",1,1,"[800, 230]"
collapse_ratio,40,"[40, 825, 40]",384,384,"[825, 40]"
collapse_ratio,40,"[40, 825, 43]",54,54,"[825, 43]"
collapse_ratio,40,"[40, 825, 45]",20,20,"[825, 45]"
collapse_ratio,40,"[40, 825, 47]",2000,2147,"[825, 47]"
collapse_ratio,40,"[40, 825, 50]",322,322,"[825, 50]"
collapse_ratio,40,"[40, 825, 53]",1467,1467,"[825, 53]"
collapse_ratio,40,"[40, 825, 55]",65,65,"[825, 55]"
collapse_ratio,40,"[40, 825, 56]",379,379,"[825, 56]"
collapse_ratio,40,"[40, 825, 57]",41,41,"[825, 57]"
collapse_ratio,40,"[40, 825, 58]",2,2,"[825, 58]"
collapse_ratio,40,"[40, 825, 60]",150,150,"[825, 60]"
collapse_ratio,40,"[40, 825, 61]",14,14,"[825, 61]"
collapse_ratio,40,"[40, 825, 63]",2,2,"[825, 63]"
collapse_ratio,40,"[40, 825, 66]",16,16,"[825, 66]"
collapse_ratio,40,"[40, 825, 67]",211,211,"[825, 67]"
collapse_ratio,40,"[40, 825, 70]",29,29,"[825, 70]"
collapse_ratio,40,"[40, 825, 71]",43,43,"[825, 71]"
collapse_ratio,40,"[40, 825, 72]",42,42,"[825, 72]"
collapse_ratio,40,"[40, 825, 73]",135,135,"[825, 73]"
collapse_ratio,40,"[40, 825, 75]",4,4,"[825, 75]"
collapse_ratio,40,"[40, 825, 76]",35,35,"[825, 76]"
collapse_ratio,40,"[40, 825, 77]",9,9,"[825, 77]"
collapse_ratio,40,"[40, 825, 78]",22,22,"[825, 78]"
collapse_ratio,40,"[40, 825, 79]",69,69,"[825, 79]"
collapse_ratio,40,"[40, 825, 80]",62,62,"[825, 80]"
collapse_ratio,40,"[40, 825, 81]",14,14,"[825, 81]"
collapse_ratio,40,"[40, 825, 83]",10,10,"[825, 83]"
collapse_ratio,40,"[40, 825, 84]",3,3,"[825, 84]"
collapse_ratio,40,"[40, 825, 85]",19,19,"[825, 85]"
collapse_ratio,40,"[40, 825, 86]",92,92,"[825, 86]"
collapse_ratio,40,"[40, 825, 87]",39,39,"[825, 87]"
collapse_ratio,40,"[40, 825, 89]",1,1,"[825, 89]"
collapse_ratio,40,"[40, 825, 90]",7,7,"[825, 90]"
collapse_ratio,40,"[40, 825, 91]",3,3,"[825, 91]"
collapse_ratio,40,"[40, 825, 93]",34,34,"[825, 93]"
collapse_ratio,40,"[40, 825, 94]",30,30,"[825, 94]"
collapse_ratio,40,"[40, 825, 96]",1,1,"[825, 96]"
collapse_ratio,40,"[40, 825, 97]",8,8,"[825, 97]"
collapse_ratio,40,"[40, 825, 99]",25,25,"[825, 99]"
collapse_ratio,40,"[40, 825, 100]",24,24,"[825, 100]"
collapse_ratio,40,"[40, 825, 101]",4,4,"[825, 101]"
collapse_ratio,40,"[40, 825, 105]",8,8,"[825, 105]"
collapse_ratio,40,"[40, 825, 106]",7,7,"[825, 106]"
collapse_ratio,40,"[40, 825, 107]",4,4,"[825, 107]"
collapse_ratio,40,"[40, 825, 108]",1,1,"[825, 108]"
collapse_ratio,40,"[40, 825, 112]",8,8,"[825, 112]"
collapse_ratio,40,"[40, 825, 219]",4,4,"[825, 219]"
collapse_ratio,40,"[40, 825, 220]",4,4,"[825, 220]"
collapse_ratio,40,"[40, 825, 221]",1,1,"[825, 221]"
collapse_ratio,40,"[40, 825, 222]",5,5,"[825, 222]"
collapse_ratio,40,"[40, 825, 224]",7,7,"[825, 224]"
collapse_ratio,40,"[40, 825, 225]",4,4,"[825, 225]"
collapse_ratio,40,"[40, 825, 226]",4,4,"[825, 226]"
collapse_ratio,40,"[40, 825, 234]",2,2,"[825, 234]"
collapse_ratio,40,"[40, 825, 239]",2,2,"[825, 239]"
collapse_ratio,40,"[40, 850, 36]",6,6,"[850, 36]"
collapse_ratio,40,"[40, 850, 39]",42,42,"[850, 39]"
collapse_ratio,40,"[40, 850, 41]",6,6,"[850, 41]"
collapse_ratio,40,"[40, 850, 46]",1473,1473,"[850, 46]"
collapse_ratio,40,"[40, 850, 49]",405,405,"[850, 49]"
collapse_ratio,40,"[40, 850, 51]",39,39,"[850, 51]"
collapse_ratio,40,"[40, 850, 52]",2000,4226,"[850, 52]"
collapse_ratio,40,"[40, 850, 55]",190,190,"[850, 55]"
collapse_ratio,40,"[40, 850, 57]",74,74,"[850, 57]"
collapse_ratio,40,"[40, 850, 59]",261,261,"[850, 59]"
collapse_ratio,40,"[40, 850, 62]",57,57,"[850, 62]"
collapse_ratio,40,"[40, 850, 65]",29,29,"[850, 65]"
collapse_ratio,40,"[40, 850, 67]",1,1,"[850, 67]"
collapse_ratio,40,"[40, 850, 68]",5,5,"[850, 68]"
collapse_ratio,40,"[40, 850, 69]",105,105,"[850, 69]"
collapse_ratio,40,"[40, 850, 70]",4,4,"[850, 70]"
collapse_ratio,40,"[40, 850, 72]",1339,1339,"[850, 72]"
collapse_ratio,40,"[40, 850, 73]",88,88,"[850, 73]"
collapse_ratio,40,"[40, 850, 75]",107,107,"[850, 75]"
collapse_ratio,40,"[40, 850, 77]",27,27,"[850, 77]"
collapse_ratio,40,"[40, 850, 78]",557,557,"[850, 78]"
collapse_ratio,40,"[40, 850, 81]",71,71,"[850, 81]"
collapse_ratio,40,"[40, 850, 82]",22,22,"[850, 82]"
collapse_ratio,40,"[40, 850, 83]",53,53,"[850, 83]"
collapse_ratio,40,"[40, 850, 85]",44,44,"[850, 85]"
collapse_ratio,40,"[40, 850, 87]",2,2,"[850, 87]"
collapse_ratio,40,"[40, 850, 88]",37,37,"[850, 88]"
collapse_ratio,40,"[40, 850, 89]",66,66,"[850, 89]"
collapse_ratio,40,"[40, 850, 91]",67,67,"[850, 91]"
collapse_ratio,40,"[40, 850, 92]",83,83,"[850, 92]"
collapse_ratio,40,"[40, 850, 94]",2,2,"[850, 94]"
collapse_ratio,40,"[40, 850, 97]",56,56,"[850, 97]"
collapse_ratio,40,"[40, 850, 98]",75,75,"[850, 98]"
collapse_ratio,40,"[40, 850, 101]",3,3,"[850, 101]"
collapse_ratio,40,"[40, 850, 103]",7,7,"[850, 103]"
collapse_ratio,40,"[40, 850, 104]",29,29,"[850, 104]"
collapse_ratio,40,"[40, 850, 105]",7,7,"[850, 105]"
collapse_ratio,40,"[40, 850, 110]",5,5,"[850, 110]"
collapse_ratio,40,"[40, 850, 118]",5,5,"[850, 118]"
collapse_ratio,40,"[40, 850, 124]",3,3,"[850, 124]"
collapse_ratio,40,"[40, 850, 130]",2,2,"[850, 130]"
collapse_ratio,40,"[40, 850, 146]",1,1,"[850, 146]"
collapse_ratio,40,"[40, 850, 220]",1,1,"[850, 220]"
collapse_ratio,40,"[40, 850, 221]",4,4,"[850, 221]"
collapse_ratio,40,"[40, 850, 224]",3,3,"[850, 224]"
collapse_ratio,40,"[40, 850, 225]",2,2,"[850, 225]"
collapse_ratio,40,"[40, 850, 228]",5,5,"[850, 228]"
collapse_ratio,40,"[40, 850, 233]",10,10,"[850, 233]"
collapse_ratio,40,"[40, 850, 244]",1,1,"[850, 244]"
collapse_ratio,40,"[40, 850, 246]",4,4,"[850, 246]"
collapse_ratio,40,"[40, 850, 253]",1,1,"[850, 253]"
collapse_ratio,40,"[40, 875, 42]",58,58,"[875, 42]"
collapse_ratio,40,"[40, 875, 43]",50,50,"[875, 43]"
collapse_ratio,40,"[40, 875, 45]",622,622,"[875, 45]"
collapse_ratio,40,"[40, 875, 48]",310,310,"[875, 48]"
collapse_ratio,40,"[40, 875, 51]",2000,6632,"[875, 51]"
collapse_ratio,40,"[40, 875, 53]",1,1,"[875, 53]"
collapse_ratio,40,"[40, 875, 58]",2000,4337,"[875, 58]"
collapse_ratio,40,"[40, 875, 59]",1,1,"[875, 59]"
collapse_ratio,40,"[40, 875, 61]",34,34,"[875, 61]"
collapse_ratio,40,"[40, 875, 63]",11,11,"[875, 63]"
collapse_ratio,40,"[40, 875, 64]",503,503,"[875, 64]"
collapse_ratio,40,"[40, 875, 67]",7,7,"[875, 67]"
collapse_ratio,40,"[40, 875, 69]",1,1,"[875, 69]"
collapse_ratio,40,"[40, 875, 70]",42,42,"[875, 70]"
collapse_ratio,40,"[40, 875, 71]",417,417,"[875, 71]"
collapse_ratio,40,"[40, 875, 74]",90,90,"[875, 74]"
collapse_ratio,40,"[40, 875, 75]",41,41,"[875, 75]"
collapse_ratio,40,"[40, 875, 77]",327,327,"[875, 77]"
collapse_ratio,40,"[40, 875, 79]",19,19,"[875, 79]"
collapse_ratio,40,"[40, 875, 80]",75,75,"[875, 80]"
collapse_ratio,40,"[40, 875, 82]",2,2,"[875, 82]"
collapse_ratio,40,"[40, 875, 83]",269,269,"[875, 83]"
collapse_ratio,40,"[40, 875, 84]",367,367,"[875, 84]"
collapse_ratio,40,"[40, 875, 85]",3,3,"[875, 85]"
collapse_ratio,40,"[40, 875, 86]",35,35,"[875, 86]"
collapse_ratio,40,"[40, 875, 87]",46,46,"[875, 87]"
collapse_ratio,40,"[40, 875, 88]",3,3,"[875, 88]"
collapse_ratio,40,"[40, 875, 89]",343,343,"[875, 89]"
collapse_ratio,40,"[40, 875, 90]",579,579,"[875, 90]"
collapse_ratio,40,"[40, 875, 91]",1,1,"[875, 91]"
collapse_ratio,40,"[40, 875, 93]",12,12,"[875, 93]"
collapse_ratio,40,"[40, 875, 95]",17,17,"[875, 95]"
collapse_ratio,40,"[40, 875, 96]",325,325,"[875, 96]"
collapse_ratio,40,"[40, 875, 99]",2,2,"[875, 99]"
collapse_ratio,40,"[40, 875, 101]",1,1,"[875, 101]"
collapse_ratio,40,"[40, 875, 102]",270,270,"[875, 102]"
collapse_ratio,40,"[40, 875, 103]",2,2,"[875, 103]"
collapse_ratio,40,"[40, 875, 105]",4,4,"[875, 105]"
collapse_ratio,40,"[40, 875, 106]",5,5,"[875, 106]"
collapse_ratio,40,"[40, 875, 108]",3,3,"[875, 108]"
collapse_ratio,40,"[40, 875, 109]",5,5,"[875, 109]"
collapse_ratio,40,"[40, 875, 111]",1,1,"[875, 111]"
collapse_ratio,40,"[40, 875, 116]",1,1,"[875, 116]"
collapse_ratio,40,"[40, 875, 122]",1,1,"[875, 122]"
collapse_ratio,40,"[40, 875, 128]",2,2,"[875, 128]"
collapse_ratio,40,"[40, 875, 219]",2,2,"[875, 219]"
collapse_ratio,40,"[40, 875, 222]",1,1,"[875, 222]"
collapse_ratio,40,"[40, 875, 224]",1,1,"[875, 224]"
collapse_ratio,40,"[40, 875, 226]",9,9,"[875, 226]"
collapse_ratio,40,"[40, 875, 228]",3,3,"[875, 228]"
collapse_ratio,40,"[40, 875, 229]",5,5,"[875, 229]"
collapse_ratio,40,"[40, 875, 230]",4,4,"[875, 230]"
collapse_ratio,40,"[40, 875, 231]",1,1,"[875, 231]"
collapse_ratio,40,"[40, 875, 232]",2,2,"[875, 232]"
collapse_ratio,40,"[40, 875, 236]",2,2,"[875, 236]"
collapse_ratio,40,"[40, 875, 252]",8,8,"[875, 252]"
collapse_ratio,40,"[40, 875, 258]",40,40,"[875, 258]"
collapse_ratio,40,"[40, 875, 264]",8,8,"[875, 264]"
collapse_ratio,40,"[40, 875, 270]",1,1,"[875, 270]"
collapse_ratio,40,"[40, 900, 38]",1,1,"[900, 38]"
collapse_ratio,40,"[40, 900, 41]",14,14,"[900, 41]"
collapse_ratio,40,"[40, 900, 44]",833,833,"[900, 44]"
collapse_ratio,40,"[40, 900, 47]",15,15,"[900, 47]"
collapse_ratio,40,"[40, 900, 49]",142,142,"[900, 49]"
collapse_ratio,40,"[40, 900, 54]",1690,1690,"[900, 54]"
collapse_ratio,40,"[40, 900, 55]",1759,1759,"[900, 55]"
collapse_ratio,40,"[40, 900, 57]",2000,3140,"[900, 57]"
collapse_ratio,40,"[40, 900, 60]",616,616,"[900, 60]"
collapse_ratio,40,"[40, 900, 61]",551,551,"[900, 61]"
collapse_ratio,40,"[40, 900, 63]",858,858,"[900, 63]"
collapse_ratio,40,"[40, 900, 65]",1,1,"[900, 65]"
collapse_ratio,40,"[40, 900, 66]",60,60,"[900, 66]"
collapse_ratio,40,"[40, 900, 69]",79,79,"[900, 69]"
collapse_ratio,40,"[40, 900, 72]",5,5,"[900, 72]"
collapse_ratio,40,"[40, 900, 73]",108,108,"[900, 73]"
collapse_ratio,40,"[40, 900, 76]",595,595,"[900, 76]"
collapse_ratio,40,"[40, 900, 77]",35,35,"[900, 77]"
collapse_ratio,40,"[40, 900, 79]",133,133,"[900, 79]"
collapse_ratio,40,"[40, 900, 81]",67,67,"[900, 81]"
collapse_ratio,40,"[40, 900, 82]",639,639,"[900, 82]"
collapse_ratio,40,"[40, 900, 83]",2,2,"[900, 83]"
collapse_ratio,40,"[40, 900, 85]",48,48,"[900, 85]"
collapse_ratio,40,"[40, 900, 87]",14,14,"[900, 87]"
collapse_ratio,40,"[40, 900, 88]",395,395,"[900, 88]"
collapse_ratio,40,"[40, 900, 91]",15,15,"[900, 91]"
collapse_ratio,40,"[40, 900, 92]",53,53,"[900, 92]"
collapse_ratio,40,"[40, 900, 93]",86,86,"[900, 93]"
collapse_ratio,40,"[40, 900, 94]",1187,1187,"[900, 94]"
collapse_ratio,40,"[40, 900, 95]",487,487,"[900, 95]"
collapse_ratio,40,"[40, 900, 97]",4,4,"[900, 97]"
collapse_ratio,40,"[40, 900, 98]",12,12,"[900, 98]"
collapse_ratio,40,"[40, 900, 99]",38,38,"[900, 99]"
collapse_ratio,40,"[40, 900, 101]",424,424,"[900, 101]"
collapse_ratio,40,"[40, 900, 103]",11,11,"[900, 103]"
collapse_ratio,40,"[40, 900, 104]",21,21,"[900, 104]"
collapse_ratio,40,"[40, 900, 105]",8,8,"[900, 105]"
collapse_ratio,40,"[40, 900, 107]",269,269,"[900, 107]"
collapse_ratio,40,"[40, 900, 108]",45,45,"[900, 108]"
collapse_ratio,40,"[40, 900, 113]",80,80,"[900, 113]"
collapse_ratio,40,"[40, 900, 114]",8,8,"[900, 114]"
collapse_ratio,40,"[40, 900, 115]",5,5,"[900, 115]"
collapse_ratio,40,"[40, 900, 119]",20,20,"[900, 119]"
collapse_ratio,40,"[40, 900, 120]",5,5,"[900, 120]"
collapse_ratio,40,"[40, 900, 126]",2,2,"[900, 126]"
collapse_ratio,40,"[40, 900, 127]",1,1,"[900, 127]"
collapse_ratio,40,"[40, 900, 132]",2,2,"[900, 132]"
collapse_ratio,40,"[40, 900, 136]",4,4,"[900, 136]"
collapse_ratio,40,"[40, 900, 138]",1,1,"[900, 138]"
collapse_ratio,40,"[40, 900, 144]",3,3,"[900, 144]"
collapse_ratio,40,"[40, 900, 146]",3,3,"[900, 146]"
collapse_ratio,40,"[40, 900, 154]",1,1,"[900, 154]"
collapse_ratio,40,"[40, 900, 158]",2,2,"[900, 158]"
collapse_ratio,40,"[40, 900, 227]",3,3,"[900, 227]"
collapse_ratio,40,"[40, 900, 228]",7,7,"[900, 228]"
collapse_ratio,40,"[40, 900, 232]",25,25,"[900, 232]"
collapse_ratio,40,"[40, 900, 234]",3,3,"[900, 234]"
collapse_ratio,40,"[40, 900, 236]",1,1,"[900, 236]"
collapse_ratio,40,"[40, 900, 238]",2,2,"[900, 238]"
collapse_ratio,40,"[40, 900, 239]",10,10,"[900, 239]"
collapse_ratio,40,"[40, 900, 244]",1,1,"[900, 244]"
collapse_ratio,40,"[40, 900, 252]",1,1,"[900, 252]"
collapse_ratio,40,"[40, 900, 254]",2,2,"[900, 254]"
collapse_ratio,40,"[40, 900, 258]",16,16,"[900, 258]"
collapse_ratio,40,"[40, 900, 259]",2,2,"[900, 259]"
collapse_ratio,40,"[40, 900, 260]",3,3,"[900, 260]"
collapse_ratio,40,"[40, 900, 264]",2,2,"[900, 264]"
collapse_ratio,40,"[40, 900, 266]",16,16,"[900, 266]"
collapse_ratio,40,"[40, 900, 269]",1,1,"[900, 269]"
collapse_ratio,40,"[40, 900, 272]",4,4,"[900, 272]"
collapse_ratio,40,"[40, 925, 50]",2000,3207,"[925, 50]"
collapse_ratio,40,"[40, 925, 53]",50,50,"[925, 53]"
collapse_ratio,40,"[40, 925, 56]",2000,12599,"[925, 56]"
collapse_ratio,40,"[40, 925, 59]",9,9,"[925, 59]"
collapse_ratio,40,"[40, 925, 62]",2000,10067,"[925, 62]"
collapse_ratio,40,"[40, 925, 65]",5,5,"[925, 65]"
collapse_ratio,40,"[40, 925, 67]",32,32,"[925, 67]"
collapse_ratio,40,"[40, 925, 68]",1080,1080,"[925, 68]"
collapse_ratio,40,"[40, 925, 71]",1,1,"[925, 71]"
collapse_ratio,40,"[40, 925, 73]",1,1,"[925, 73]"
collapse_ratio,40,"[40, 925, 74]",105,105,"[925, 74]"
collapse_ratio,40,"[40, 925, 75]",2000,2326,"[925, 75]"
collapse_ratio,40,"[40, 925, 78]",118,118,"[925, 78]"
collapse_ratio,40,"[40, 925, 79]",92,92,"[925, 79]"
collapse_ratio,40,"[40, 925, 81]",1303,1303,"[925, 81]"
collapse_ratio,40,"[40, 925, 84]",72,72,"[925, 84]"
collapse_ratio,40,"[40, 925, 85]",127,127,"[925, 85]"
collapse_ratio,40,"[40, 925, 87]",961,961,"[925, 87]"
collapse_ratio,40,"[40, 925, 89]",2,2,"[925, 89]"
collapse_ratio,40,"[40, 925, 90]",57,57,"[925, 90]"
collapse_ratio,40,"[40, 925, 91]",56,56,"[925, 91]"
collapse_ratio,40,"[40, 925, 93]",1173,1173,"[925, 93]"
collapse_ratio,40,"[40, 925, 95]",3,3,"[925, 95]"
collapse_ratio,40,"[40, 925, 96]",52,52,"[925, 96]"
collapse_ratio,40,"[40, 925, 99]",265,265,"[925, 99]"
collapse_ratio,40,"[40, 925, 100]",1111,1111,"[925, 100]"
collapse_ratio,40,"[40, 925, 102]",18,18,"[925, 102]"
collapse_ratio,40,"[40, 925, 105]",45,45,"[925, 105]"
collapse_ratio,40,"[40, 925, 106]",755,755,"[925, 106]"
collapse_ratio,40,"[40, 925, 108]",1,1,"[925, 108]"
collapse_ratio,40,"[40, 925, 111]",42,42,"[925, 111]"
collapse_ratio,40,"[40, 925, 112]",126,126,"[925, 112]"
collapse_ratio,40,"[40, 925, 117]",1,1,"[925, 117]"
collapse_ratio,40,"[40, 925, 118]",129,129,"[925, 118]"
collapse_ratio,40,"[40, 925, 124]",26,26,"[925, 124]"
collapse_ratio,40,"[40, 925, 125]",5,5,"[925, 125]"
collapse_ratio,40,"[40, 925, 130]",19,19,"[925, 130]"
collapse_ratio,40,"[40, 925, 131]",1,1,"[925, 131]"
collapse_ratio,40,"[40, 925, 136]",16,16,"[925, 136]"
collapse_ratio,40,"[40, 925, 142]",6,6,"[925, 142]"
collapse_ratio,40,"[40, 925, 148]",1,1,"[925, 148]"
collapse_ratio,40,"[40, 925, 150]",2,2,"[925, 150]"
collapse_ratio,40,"[40, 925, 167]",1,1,"[925, 167]"
collapse_ratio,40,"[40, 925, 229]",2,2,"[925, 229]"
collapse_ratio,40,"[40, 925, 231]",2,2,"[925, 231]"
collapse_ratio,40,"[40, 925, 235]",7,7,"[925, 235]"
collapse_ratio,40,"[40, 925, 236]",13,13,"[925, 236]"
collapse_ratio,40,"[40, 925, 240]",4,4,"[925, 240]"
collapse_ratio,40,"[40, 925, 241]",2,2,"[925, 241]"
collapse_ratio,40,"[40, 925, 242]",2,2,"[925, 242]"
collapse_ratio,40,"[40, 925, 244]",4,4,"[925, 244]"
collapse_ratio,40,"[40, 925, 247]",1,1,"[925, 247]"
collapse_ratio,40,"[40, 925, 248]",4,4,"[925, 248]"
collapse_ratio,40,"[40, 925, 254]",2,2,"[925, 254]"
collapse_ratio,40,"[40, 925, 256]",3,3,"[925, 256]"
collapse_ratio,40,"[40, 925, 260]",4,4,"[925, 260]"
collapse_ratio,40,"[40, 925, 262]",5,5,"[925, 262]"
collapse_ratio,40,"[40, 925, 266]",25,25,"[925, 266]"
collapse_ratio,40,"[40, 925, 272]",1,1,"[925, 272]"
collapse_ratio,40,"[40, 925, 275]",4,4,"[925, 275]"
collapse_ratio,40,"[40, 925, 278]",4,4,"[925, 278]"
collapse_ratio,40,"[40, 950, 40]",2,2,"[950, 40]"
collapse_ratio,40,"[40, 950, 43]",186,186,"[950, 43]"
collapse_ratio,40,"[40, 950, 46]",56,56,"[950, 46]"
collapse_ratio,40,"[40, 950, 49]",1652,1652,"[950, 49]"
collapse_ratio,40,"[40, 950, 52]",77,77,"[950, 52]"
collapse_ratio,40,"[40, 950, 55]",2000,8195,"[950, 55]"
collapse_ratio,40,"[40, 950, 58]",2000,2029,"[950, 58]"
collapse_ratio,40,"[40, 950, 61]",2000,12969,"[950, 61]"
collapse_ratio,40,"[40, 950, 64]",150,150,"[950, 64]"
collapse_ratio,40,"[40, 950, 67]",2000,7257,"[950, 67]"
collapse_ratio,40,"[40, 950, 70]",6,6,"[950, 70]"
collapse_ratio,40,"[40, 950, 73]",452,452,"[950, 73]"
collapse_ratio,40,"[40, 950, 77]",76,76,"[950, 77]"
collapse_ratio,40,"[40, 950, 80]",1378,1378,"[950, 80]"
collapse_ratio,40,"[40, 950, 83]",55,55,"[950, 83]"
collapse_ratio,40,"[40, 950, 86]",705,705,"[950, 86]"
collapse_ratio,40,"[40, 950, 89]",8,8,"[950, 89]"
collapse_ratio,40,"[40, 950, 92]",535,535,"[950, 92]"
collapse_ratio,40,"[40, 950, 97]",110,110,"[950, 97]"
collapse_ratio,40,"[40, 950, 98]",1832,1832,"[950, 98]"
collapse_ratio,40,"[40, 950, 101]",1,1,"[950, 101]"
collapse_ratio,40,"[40, 950, 103]",40,40,"[950, 103]"
collapse_ratio,40,"[40, 950, 104]",1037,1037,"[950, 104]"
collapse_ratio,40,"[40, 950, 109]",8,8,"[950, 109]"
collapse_ratio,40,"[40, 950, 110]",741,741,"[950, 110]"
collapse_ratio,40,"[40, 950, 115]",10,10,"[950, 115]"
collapse_ratio,40,"[40, 950, 116]",263,263,"[950, 116]"
collapse_ratio,40,"[40, 950, 117]",13,13,"[950, 117]"
collapse_ratio,40,"[40, 950, 120]",5,5,"[950, 120]"
collapse_ratio,40,"[40, 950, 121]",5,5,"[950, 121]"
collapse_ratio,40,"[40, 950, 122]",93,93,"[950, 122]"
collapse_ratio,40,"[40, 950, 123]",9,9,"[950, 123]"
collapse_ratio,40,"[40, 950, 128]",13,13,"[950, 128]"
collapse_ratio,40,"[40, 950, 129]",5,5,"[950, 129]"
collapse_ratio,40,"[40, 950, 134]",12,12,"[950, 134]"
collapse_ratio,40,"[40, 950, 135]",3,3,"[950, 135]"
collapse_ratio,40,"[40, 950, 140]",10,10,"[950, 140]"
collapse_ratio,40,"[40, 950, 146]",7,7,"[950, 146]"
collapse_ratio,40,"[40, 950, 147]",3,3,"[950, 147]"
collapse_ratio,40,"[40, 950, 152]",1,1,"[950, 152]"
collapse_ratio,40,"[40, 950, 234]",39,39,"[950, 234]"
collapse_ratio,40,"[40, 950, 238]",28,28,"[950, 238]"
collapse_ratio,40,"[40, 950, 239]",9,9,"[950, 239]"
collapse_ratio,40,"[40, 950, 240]",15,15,"[950, 240]"
collapse_ratio,40,"[40, 950, 242]",1,1,"[950, 242]"
collapse_ratio,40,"[40, 950, 244]",207,207,"[950, 244]"
collapse_ratio,40,"[40, 950, 245]",11,11,"[950, 245]"
collapse_ratio,40,"[40, 950, 246]",2,2,"[950, 246]"
collapse_ratio,40,"[40, 950, 250]",22,22,"[950, 250]"
collapse_ratio,40,"[40, 950, 251]",3,3,"[950, 251]"
collapse_ratio,40,"[40, 950, 252]",1,1,"[950, 252]"
collapse_ratio,40,"[40, 950, 256]",16,16,"[950, 256]"
collapse_ratio,40,"[40, 950, 257]",9,9,"[950, 257]"
collapse_ratio,40,"[40, 950, 262]",46,46,"[950, 262]"
collapse_ratio,40,"[40, 950, 263]",35,35,"[950, 263]"
collapse_ratio,40,"[40, 950, 264]",9,9,"[950, 264]"
collapse_ratio,40,"[40, 950, 265]",5,5,"[950, 265]"
collapse_ratio,40,"[40, 950, 268]",626,626,"[950, 268]"
collapse_ratio,40,"[40, 950, 269]",306,306,"[950, 269]"
collapse_ratio,40,"[40, 950, 270]",54,54,"[950, 270]"
collapse_ratio,40,"[40, 950, 271]",10,10,"[950, 271]"
collapse_ratio,40,"[40, 950, 274]",2000,2570,"[950, 274]"
collapse_ratio,40,"[40, 950, 275]",544,544,"[950, 275]"
collapse_ratio,40,"[40, 950, 276]",15,15,"[950, 276]"
collapse_ratio,40,"[40, 950, 277]",18,18,"[950, 277]"
collapse_ratio,40,"[40, 950, 280]",35,35,"[950, 280]"
collapse_ratio,40,"[40, 950, 281]",33,33,"[950, 281]"
collapse_ratio,40,"[40, 950, 282]",7,7,"[950, 282]"
collapse_ratio,40,"[40, 950, 283]",5,5,"[950, 283]"
collapse_ratio,40,"[40, 950, 286]",12,12,"[950, 286]"
collapse_ratio,40,"[40, 950, 287]",10,10,"[950, 287]"
collapse_ratio,40,"[40, 950, 288]",2,2,"[950, 288]"
collapse_ratio,40,"[40, 950, 292]",2,2,"[950, 292]"
collapse_ratio,40,"[40, 975, 79]",2000,3775,"[975, 79]"
collapse_ratio,40,"[40, 975, 82]",56,56,"[975, 82]"
collapse_ratio,40,"[40, 975, 85]",1907,1907,"[975, 85]"
collapse_ratio,40,"[40, 975, 88]",35,35,"[975, 88]"
collapse_ratio,40,"[40, 975, 91]",1620,1620,"[975, 91]"
collapse_ratio,40,"[40, 975, 94]",49,49,"[975, 94]"
collapse_ratio,40,"[40, 975, 97]",2000,2443,"[975, 97]"
collapse_ratio,40,"[40, 975, 100]",36,36,"[975, 100]"
collapse_ratio,40,"[40, 975, 103]",1658,1658,"[975, 103]"
collapse_ratio,40,"[40, 975, 106]",12,12,"[975, 106]"
collapse_ratio,40,"[40, 975, 109]",1402,1402,"[975, 109]"
collapse_ratio,40,"[40, 975, 112]",1,1,"[975, 112]"
collapse_ratio,40,"[40, 975, 115]",888,888,"[975, 115]"
collapse_ratio,40,"[40, 975, 118]",4,4,"[975, 118]"
collapse_ratio,40,"[40, 975, 121]",452,452,"[975, 121]"
collapse_ratio,40,"[40, 975, 127]",152,152,"[975, 127]"
collapse_ratio,40,"[40, 975, 133]",41,41,"[975, 133]"
collapse_ratio,40,"[40, 975, 139]",10,10,"[975, 139]"
collapse_ratio,40,"[40, 975, 145]",3,3,"[975, 145]"
collapse_ratio,40,"[40, 975, 151]",6,6,"[975, 151]"
collapse_ratio,40,"[40, 975, 157]",2,2,"[975, 157]"
collapse_ratio,40,"[40, 975, 170]",1,1,"[975, 170]"
collapse_ratio,40,"[40, 975, 237]",27,27,"[975, 237]"
collapse_ratio,40,"[40, 975, 241]",62,62,"[975, 241]"
collapse_ratio,40,"[40, 975, 242]",164,164,"[975, 242]"
collapse_ratio,40,"[40, 975, 243]",51,51,"[975, 243]"
collapse_ratio,40,"[40, 975, 245]",1,1,"[975, 245]"
collapse_ratio,40,"[40, 975, 247]",377,377,"[975, 247]"
collapse_ratio,40,"[40, 975, 248]",68,68,"[975, 248]"
collapse_ratio,40,"[40, 975, 249]",15,15,"[975, 249]"
collapse_ratio,40,"[40, 975, 253]",47,47,"[975, 253]"
collapse_ratio,40,"[40, 975, 254]",16,16,"[975, 254]"
collapse_ratio,40,"[40, 975, 255]",12,12,"[975, 255]"
collapse_ratio,40,"[40, 975, 259]",37,37,"[975, 259]"
collapse_ratio,40,"[40, 975, 260]",48,48,"[975, 260]"
collapse_ratio,40,"[40, 975, 261]",27,27,"[975, 261]"
collapse_ratio,40,"[40, 975, 265]",74,74,"[975, 265]"
collapse_ratio,40,"[40, 975, 266]",74,74,"[975, 266]"
collapse_ratio,40,"[40, 975, 267]",24,24,"[975, 267]"
collapse_ratio,40,"[40, 975, 271]",112,112,"[975, 271]"
collapse_ratio,40,"[40, 975, 272]",1642,1642,"[975, 272]"
collapse_ratio,40,"[40, 975, 273]",242,242,"[975, 273]"
collapse_ratio,40,"[40, 975, 277]",1052,1052,"[975, 277]"
collapse_ratio,40,"[40, 975, 278]",2000,8996,"[975, 278]"
collapse_ratio,40,"[40, 975, 279]",347,347,"[975, 279]"
collapse_ratio,40,"[40, 975, 283]",1874,1874,"[975, 283]"
collapse_ratio,40,"[40, 975, 284]",41,41,"[975, 284]"
collapse_ratio,40,"[40, 975, 285]",1525,1525,"[975, 285]"
collapse_ratio,40,"[40, 975, 289]",2000,4374,"[975, 289]"
collapse_ratio,40,"[40, 975, 290]",13,13,"[975, 290]"
collapse_ratio,40,"[40, 975, 291]",243,243,"[975, 291]"
collapse_ratio,40,"[40, 975, 295]",568,568,"[975, 295]"
collapse_ratio,40,"[40, 975, 296]",3,3,"[975, 296]"
collapse_ratio,40,"[40, 975, 297]",15,15,"[975, 297]"
collapse_ratio,40,"[40, 975, 301]",30,30,"[975, 301]"
collapse_excess,40,"[40, -168, 81]",8,8,"[-168, 81]"
collapse_excess,40,"[40, -168, 87]",2,2,"[-168, 87]"
collapse_excess,40,"[40, -168, 88]",1,1,"[-168, 88]"
collapse_excess,40,"[40, -160, 83]",2,2,"[-160, 83]"
collapse_excess,40,"[40, -160, 89]",1,1,"[-160, 89]"
collapse_excess,40,"[40, -152, 95]",2,2,"[-152, 95]"
collapse_excess,40,"[40, -152, 97]",2,2,"[-152, 97]"
collapse_excess,40,"[40, -152, 100]",1,1,"[-152, 100]"
collapse_excess,40,"[40, -152, 102]",1,1,"[-152, 102]"
collapse_excess,40,"[40, -144, 105]",6,6,"[-144, 105]"
collapse_excess,40,"[40, -144, 106]",1,1,"[-144, 106]"
collapse_excess,40,"[40, -144, 107]",1,1,"[-144, 107]"
collapse_excess,40,"[40, -144, 108]",2,2,"[-144, 108]"
collapse_excess,40,"[40, -144, 109]",1,1,"[-144, 109]"
collapse_excess,40,"[40, -144, 111]",2,2,"[-144, 111]"
collapse_excess,40,"[40, -144, 112]",1,1,"[-144, 112]"
collapse_excess,40,"[40, -136, 107]",2,2,"[-136, 107]"
collapse_excess,40,"[40, -136, 110]",2,2,"[-136, 110]"
collapse_excess,40,"[40, -136, 111]",1,1,"[-136, 111]"
collapse_excess,40,"[40, -136, 112]",1,1,"[-136, 112]"
collapse_excess,40,"[40, -136, 113]",10,10,"[-136, 113]"
collapse_excess,40,"[40, -136, 114]",3,3,"[-136, 114]"
collapse_excess,40,"[40, -136, 115]",3,3,"[-136, 115]"
collapse_excess,40,"[40, -136, 116]",4,4,"[-136, 116]"
collapse_excess,40,"[40, -136, 117]",3,3,"[-136, 117]"
collapse_excess,40,"[40, -136, 119]",4,4,"[-136, 119]"
collapse_excess,40,"[40, -136, 120]",1,1,"[-136, 120]"
collapse_excess,40,"[40, -136, 135]",1,1,"[-136, 135]"
collapse_excess,40,"[40, -136, 149]",1,1,"[-136, 149]"
collapse_excess,40,"[40, -128, 117]",1,1,"[-128, 117]"
collapse_excess,40,"[40, -128, 118]",4,4,"[-128, 118]"
collapse_excess,40,"[40, -128, 119]",2,2,"[-128, 119]"
collapse_excess,40,"[40, -128, 120]",3,3,"[-128, 120]"
collapse_excess,40,"[40, -128, 121]",12,12,"[-128, 121]"
collapse_excess,40,"[40, -128, 122]",7,7,"[-128, 122]"
collapse_excess,40,"[40, -128, 123]",5,5,"[-128, 123]"
collapse_excess,40,"[40, -128, 124]",6,6,"[-128, 124]"
collapse_excess,40,"[40, -128, 125]",5,5,"[-128, 125]"
collapse_excess,40,"[40, -128, 127]",5,5,"[-128, 127]"
collapse_excess,40,"[40, -128, 128]",1,1,"[-128, 128]"
collapse_excess,40,"[40, -128, 133]",1,1,"[-128, 133]"
collapse_excess,40,"[40, -128, 146]",2,2,"[-128, 146]"
collapse_excess,40,"[40, -128, 150]",1,1,"[-128, 150]"
collapse_excess,40,"[40, -128, 153]",1,1,"[-128, 153]"
collapse_excess,40,"[40, -128, 155]",1,1,"[-128, 155]"
collapse_excess,40,"[40, -128, 157]",2,2,"[-128, 157]"
collapse_excess,40,"[40, -120, 126]",7,7,"[-120, 126]"
collapse_excess,40,"[40, -120, 128]",5,5,"[-120, 128]"
collapse_excess,40,"[40, -120, 129]",13,13,"[-120, 129]"
collapse_excess,40,"[40, -120, 130]",7,7,"[-120, 130]"
collapse_excess,40,"[40, -120, 131]",7,7,"[-120, 131]"
collapse_excess,40,"[40, -120, 132]",9,9,"[-120, 132]"
collapse_excess,40,"[40, -120, 133]",7,7,"[-120, 133]"
collapse_excess,40,"[40, -120, 134]",2,2,"[-120, 134]"
collapse_excess,40,"[40, -120, 135]",8,8,"[-120, 135]"
collapse_excess,40,"[40, -120, 136]",2,2,"[-120, 136]"
collapse_excess,40,"[40, -120, 138]",2,2,"[-120, 138]"
collapse_excess,40,"[40, -120, 139]",1,1,"[-120, 139]"
collapse_excess,40,"[40, -120, 140]",1,1,"[-120, 140]"
collapse_excess,40,"[40, -120, 142]",2,2,"[-120, 142]"
collapse_excess,40,"[40, -120, 151]",1,1,"[-120, 151]"
collapse_excess,40,"[40, -120, 152]",2,2,"[-120, 152]"
collapse_excess,40,"[40, -120, 153]",2,2,"[-120, 153]"
collapse_excess,40,"[40, -120, 154]",2,2,"[-120, 154]"
collapse_excess,40,"[40, -120, 156]",8,8,"[-120, 156]"
collapse_excess,40,"[40, -120, 158]",2,2,"[-120, 158]"
collapse_excess,40,"[40, -120, 160]",12,12,"[-120, 160]"
collapse_excess,40,"[40, -120, 161]",3,3,"[-120, 161]"
collapse_excess,40,"[40, -120, 162]",2,2,"[-120, 162]"
collapse_excess,40,"[40, -120, 163]",2,2,"[-120, 163]"
collapse_excess,40,"[40, -120, 165]",6,6,"[-120, 165]"
collapse_excess,40,"[40, -120, 166]",2,2,"[-120, 166]"
collapse_excess,40,"[40, -120, 168]",2,2,"[-120, 168]"
collapse_excess,40,"[40, -120, 175]",1,1,"[-120, 175]"
collapse_excess,40,"[40, -112, 131]",2,2,"[-112, 131]"
collapse_excess,40,"[40, -112, 133]",3,3,"[-112, 133]"
collapse_excess,40,"[40, -112, 134]",10,10,"[-112, 134]"
collapse_excess,40,"[40, -112, 135]",3,3,"[-112, 135]"
collapse_excess,40,"[40, -112, 136]",9,9,"[-112, 136]"
collapse_excess,40,"[40, -112, 137]",14,14,"[-112, 137]"
collapse_excess,40,"[40, -112, 138]",9,9,"[-112, 138]"
collapse_excess,40,"[40, -112, 139]",9,9,"[-112, 139]"
collapse_excess,40,"[40, -112, 140]",11,11,"[-112, 140]"
collapse_excess,40,"[40, -112, 141]",9,9,"[-112, 141]"
collapse_excess,40,"[40, -112, 142]",1,1,"[-112, 142]"
collapse_excess,40,"[40, -112, 143]",10,10,"[-112, 143]"
collapse_excess,40,"[40, -112, 144]",1,1,"[-112, 144]"
collapse_excess,40,"[40, -112, 146]",1,1,"[-112, 146]"
collapse_excess,40,"[40, -112, 147]",2,2,"[-112, 147]"
collapse_excess,40,"[40, -112, 148]",1,1,"[-112, 148]"
collapse_excess,40,"[40, -112, 149]",4,4,"[-112, 149]"
collapse_excess,40,"[40, -112, 150]",2,2,"[-112, 150]"
collapse_excess,40,"[40, -112, 153]",4,4,"[-112, 153]"
collapse_excess,40,"[40, -112, 154]",3,3,"[-112, 154]"
collapse_excess,40,"[40, -112, 155]",4,4,"[-112, 155]"
collapse_excess,40,"[40, -112, 156]",2,2,"[-112, 156]"
collapse_excess,40,"[40, -112, 158]",5,5,"[-112, 158]"
collapse_excess,40,"[40, -112, 159]",4,4,"[-112, 159]"
collapse_excess,40,"[40, -112, 161]",1,1,"[-112, 161]"
collapse_excess,40,"[40, -112, 164]",18,18,"[-112, 164]"
collapse_excess,40,"[40, -112, 168]",28,28,"[-112, 168]"
collapse_excess,40,"[40, -112, 169]",6,6,"[-112, 169]"
collapse_excess,40,"[40, -112, 170]",2,2,"[-112, 170]"
collapse_excess,40,"[40, -112, 171]",1,1,"[-112, 171]"
collapse_excess,40,"[40, -112, 172]",2,2,"[-112, 172]"
collapse_excess,40,"[40, -112, 173]",8,8,"[-112, 173]"
collapse_excess,40,"[40, -112, 176]",2,2,"[-112, 176]"
collapse_excess,40,"[40, -112, 179]",1,1,"[-112, 179]"
collapse_excess,40,"[40, -112, 185]",3,3,"[-112, 185]"
collapse_excess,40,"[40, -112, 187]",2,2,"[-112, 187]"
collapse_excess,40,"[40, -104, 142]",11,11,"[-104, 142]"
collapse_excess,40,"[40, -104, 143]",3,3,"[-104, 143]"
collapse_excess,40,"[40, -104, 144]",9,9,"[-104, 144]"
collapse_excess,40,"[40, -104, 145]",15,15,"[-104, 145]"
collapse_excess,40,"[40, -104, 146]",13,13,"[-104, 146]"
collapse_excess,40,"[40, -104, 147]",12,12,"[-104, 147]"
collapse_excess,40,"[40, -104, 148]",15,15,"[-104, 148]"
collapse_excess,40,"[40, -104, 149]",14,14,"[-104, 149]"
collapse_excess,40,"[40, -104, 150]",4,4,"[-104, 150]"
collapse_excess,40,"[40, -104, 151]",17,17,"[-104, 151]"
collapse_excess,40,"[40, -104, 152]",11,11,"[-104, 152]"
collapse_excess,40,"[40, -104, 153]",6,6,"[-104, 153]"
collapse_excess,40,"[40, -104, 154]",10,10,"[-104, 154]"
collapse_excess,40,"[40, -104, 155]",11,11,"[-104, 155]"
collapse_excess,40,"[40, -104, 156]",5,5,"[-104, 156]"
collapse_excess,40,"[40, -104, 157]",10,10,"[-104, 157]"
collapse_excess,40,"[40, -104, 158]",4,4,"[-104, 158]"
collapse_excess,40,"[40, -104, 159]",2,2,"[-104, 159]"
collapse_excess,40,"[40, -104, 160]",6,6,"[-104, 160]"
collapse_excess,40,"[40, -104, 162]",6,6,"[-104, 162]"
collapse_excess,40,"[40, -104, 165]",1,1,"[-104, 165]"
collapse_excess,40,"[40, -104, 169]",1,1,"[-104, 169]"
collapse_excess,40,"[40, -104, 172]",36,36,"[-104, 172]"
collapse_excess,40,"[40, -104, 174]",1,1,"[-104, 174]"
collapse_excess,40,"[40, -104, 175]",3,3,"[-104, 175]"
collapse_excess,40,"[40, -104, 176]",46,46,"[-104, 176]"
collapse_excess,40,"[40, -104, 177]",8,8,"[-104, 177]"
collapse_excess,40,"[40, -104, 180]",1,1,"[-104, 180]"
collapse_excess,40,"[40, -104, 181]",8,8,"[-104, 181]"
collapse_excess,40,"[40, -104, 183]",7,7,"[-104, 183]"
collapse_excess,40,"[40, -104, 185]",10,10,"[-104, 185]"
collapse_excess,40,"[40, -104, 189]",2,2,"[-104, 189]"
collapse_excess,40,"[40, -104, 190]",1,1,"[-104, 190]"
collapse_excess,40,"[40, -104, 191]",4,4,"[-104, 191]"
collapse_excess,40,"[40, -104, 193]",4,4,"[-104, 193]"
collapse_excess,40,"[40, -104, 194]",3,3,"[-104, 194]"
collapse_excess,40,"[40, -104, 195]",2,2,"[-104, 195]"
collapse_excess,40,"[40, -104, 197]",1,1,"[-104, 197]"
collapse_excess,40,"[40, -104, 199]",1,1,"[-104, 199]"
collapse_excess,40,"[40, -96, 1]",6,6,"[-96, 1]"
collapse_excess,40,"[40, -96, 68]",1,1,"[-96, 68]"
collapse_excess,40,"[40, -96, 149]",7,7,"[-96, 149]"
collapse_excess,40,"[40, -96, 150]",13,13,"[-96, 150]"
collapse_excess,40,"[40, -96, 152]",2,2,"[-96, 152]"
collapse_excess,40,"[40, -96, 153]",6,6,"[-96, 153]"
collapse_excess,40,"[40, -96, 154]",5,5,"[-96, 154]"
collapse_excess,40,"[40, -96, 155]",2,2,"[-96, 155]"
collapse_excess,40,"[40, -96, 156]",3,3,"[-96, 156]"
collapse_excess,40,"[40, -96, 157]",2,2,"[-96, 157]"
collapse_excess,40,"[40, -96, 159]",2,2,"[-96, 159]"
collapse_excess,40,"[40, -96, 165]",1,1,"[-96, 165]"
collapse_excess,40,"[40, -96, 173]",1,1,"[-96, 173]"
collapse_excess,40,"[40, -96, 177]",6,6,"[-96, 177]"
collapse_excess,40,"[40, -96, 178]",1,1,"[-96, 178]"
collapse_excess,40,"[40, -96, 179]",19,19,"[-96, 179]"
collapse_excess,40,"[40, -96, 180]",52,52,"[-96, 180]"
collapse_excess,40,"[40, -96, 182]",1,1,"[-96, 182]"
collapse_excess,40,"[40, -96, 183]",7,7,"[-96, 183]"
collapse_excess,40,"[40, -96, 184]",65,65,"[-96, 184]"
collapse_excess,40,"[40, -96, 185]",235,235,"[-96, 185]"
collapse_excess,40,"[40, -96, 186]",3,3,"[-96, 186]"
collapse_excess,40,"[40, -96, 187]",22,22,"[-96, 187]"
collapse_excess,40,"[40, -96, 188]",8,8,"[-96, 188]"
collapse_excess,40,"[40, -96, 189]",28,28,"[-96, 189]"
collapse_excess,40,"[40, -96, 190]",41,41,"[-96, 190]"
collapse_excess,40,"[40, -96, 191]",372,372,"[-96, 191]"
collapse_excess,40,"[40, -96, 192]",6,6,"[-96, 192]"
collapse_excess,40,"[40, -96, 193]",45,45,"[-96, 193]"
collapse_excess,40,"[40, -96, 195]",17,17,"[-96, 195]"
collapse_excess,40,"[40, -96, 196]",1,1,"[-96, 196]"
collapse_excess,40,"[40, -96, 197]",1408,1408,"[-96, 197]"
collapse_excess,40,"[40, -96, 198]",6,6,"[-96, 198]"
collapse_excess,40,"[40, -96, 199]",10,10,"[-96, 199]"
collapse_excess,40,"[40, -96, 201]",15,15,"[-96, 201]"
collapse_excess,40,"[40, -96, 202]",10,10,"[-96, 202]"
collapse_excess,40,"[40, -96, 203]",230,230,"[-96, 203]"
collapse_excess,40,"[40, -96, 205]",1,1,"[-96, 205]"
collapse_excess,40,"[40, -96, 209]",14,14,"[-96, 209]"
collapse_excess,40,"[40, -88, 57]",2,2,"[-88, 57]"
collapse_excess,40,"[40, -88, 61]",1,1,"[-88, 61]"
collapse_excess,40,"[40, -88, 66]",4,4,"[-88, 66]"
collapse_excess,40,"[40, -88, 70]",2,2,"[-88, 70]"
collapse_excess,40,"[40, -88, 77]",2,2,"[-88, 77]"
collapse_excess,40,"[40, -88, 78]",1,1,"[-88, 78]"
collapse_excess,40,"[40, -88, 89]",1,1,"[-88, 89]"
collapse_excess,40,"[40, -88, 156]",4,4,"[-88, 156]"
collapse_excess,40,"[40, -88, 157]",1,1,"[-88, 157]"
collapse_excess,40,"[40, -88, 158]",3,3,"[-88, 158]"
collapse_excess,40,"[40, -88, 159]",2,2,"[-88, 159]"
collapse_excess,40,"[40, -88, 160]",3,3,"[-88, 160]"
collapse_excess,40,"[40, -88, 161]",2,2,"[-88, 161]"
collapse_excess,40,"[40, -88, 162]",2,2,"[-88, 162]"
collapse_excess,40,"[40, -88, 163]",4,4,"[-88, 163]"
collapse_excess,40,"[40, -88, 164]",1,1,"[-88, 164]"
collapse_excess,40,"[40, -88, 165]",5,5,"[-88, 165]"
collapse_excess,40,"[40, -88, 167]",3,3,"[-88, 167]"
collapse_excess,40,"[40, -88, 169]",1,1,"[-88, 169]"
collapse_excess,40,"[40, -88, 173]",1,1,"[-88, 173]"
collapse_excess,40,"[40, -88, 177]",1,1,"[-88, 177]"
collapse_excess,40,"[40, -88, 179]",2,2,"[-88, 179]"
collapse_excess,40,"[40, -88, 181]",1,1,"[-88, 181]"
collapse_excess,40,"[40, -88, 182]",2,2,"[-88, 182]"
collapse_excess,40,"[40, -88, 183]",2,2,"[-88, 183]"
collapse_excess,40,"[40, -88, 184]",2,2,"[-88, 184]"
collapse_excess,40,"[40, -88, 185]",3,3,"[-88, 185]"
collapse_excess,40,"[40, -88, 186]",7,7,"[-88, 186]"
collapse_excess,40,"[40, -88, 187]",8,8,"[-88, 187]"
collapse_excess,40,"[40, -88, 188]",76,76,"[-88, 188]"
collapse_excess,40,"[40, -88, 189]",3,3,"[-88, 189]"
collapse_excess,40,"[40, -88, 190]",4,4,"[-88, 190]"
collapse_excess,40,"[40, -88, 191]",10,10,"[-88, 191]"
collapse_excess,40,"[40, -88, 192]",111,111,"[-88, 192]"
collapse_excess,40,"[40, -88, 193]",12,12,"[-88, 193]"
collapse_excess,40,"[40, -88, 194]",141,141,"[-88, 194]"
collapse_excess,40,"[40, -88, 195]",104,104,"[-88, 195]"
collapse_excess,40,"[40, -88, 196]",42,42,"[-88, 196]"
collapse_excess,40,"[40, -88, 197]",101,101,"[-88, 197]"
collapse_excess,40,"[40, -88, 198]",325,325,"[-88, 198]"
collapse_excess,40,"[40, -88, 199]",207,207,"[-88, 199]"
collapse_excess,40,"[40, -88, 200]",51,51,"[-88, 200]"
collapse_excess,40,"[40, -88, 201]",144,144,"[-88, 201]"
collapse_excess,40,"[40, -88, 202]",16,16,"[-88, 202]"
collapse_excess,40,"[40, -88, 203]",71,71,"[-88, 203]"
collapse_excess,40,"[40, -88, 204]",22,22,"[-88, 204]"
collapse_excess,40,"[40, -88, 205]",50,50,"[-88, 205]"
collapse_excess,40,"[40, -88, 206]",15,15,"[-88, 206]"
collapse_excess,40,"[40, -88, 207]",25,25,"[-88, 207]"
collapse_excess,40,"[40, -88, 209]",15,15,"[-88, 209]"
collapse_excess,40,"[40, -88, 210]",21,21,"[-88, 210]"
collapse_excess,40,"[40, -88, 211]",2,2,"[-88, 211]"
collapse_excess,40,"[40, -88, 213]",1,1,"[-88, 213]"
collapse_excess,40,"[40, -80, 1]",18,18,"[-80, 1]"
collapse_excess,40,"[40, -80, 7]",40,40,"[-80, 7]"
collapse_excess,40,"[40, -80, 13]",1,1,"[-80, 13]"
collapse_excess,40,"[40, -80, 37]",5,5,"[-80, 37]"
collapse_excess,40,"[40, -80, 59]",4,4,"[-80, 59]"
collapse_excess,40,"[40, -80, 62]",2,2,"[-80, 62]"
collapse_excess,40,"[40, -80, 63]",1,1,"[-80, 63]"
collapse_excess,40,"[40, -80, 68]",3,3,"[-80, 68]"
collapse_excess,40,"[40, -80, 72]",1,1,"[-80, 72]"
collapse_excess,40,"[40, -80, 73]",3,3,"[-80, 73]"
collapse_excess,40,"[40, -80, 74]",1,1,"[-80, 74]"
collapse_excess,40,"[40, -80, 76]",2,2,"[-80, 76]"
collapse_excess,40,"[40, -80, 85]",2,2,"[-80, 85]"
collapse_excess,40,"[40, -80, 163]",2,2,"[-80, 163]"
collapse_excess,40,"[40, -80, 165]",13,13,"[-80, 165]"
collapse_excess,40,"[40, -80, 171]",1,1,"[-80, 171]"
collapse_excess,40,"[40, -80, 172]",5,5,"[-80, 172]"
collapse_excess,40,"[40, -80, 173]",2,2,"[-80, 173]"
collapse_excess,40,"[40, -80, 175]",1,1,"[-80, 175]"
collapse_excess,40,"[40, -80, 176]",1,1,"[-80, 176]"
collapse_excess,40,"[40, -80, 177]",2,2,"[-80, 177]"
collapse_excess,40,"[40, -80, 180]",1,1,"[-80, 180]"
collapse_excess,40,"[40, -80, 181]",4,4,"[-80, 181]"
collapse_excess,40,"[40, -80, 185]",2,2,"[-80, 185]"
collapse_excess,40,"[40, -80, 187]",6,6,"[-80, 187]"
collapse_excess,40,"[40, -80, 188]",2,2,"[-80, 188]"
collapse_excess,40,"[40, -80, 189]",5,5,"[-80, 189]"
collapse_excess,40,"[40, -80, 190]",6,6,"[-80, 190]"
collapse_excess,40,"[40, -80, 191]",6,6,"[-80, 191]"
collapse_excess,40,"[40, -80, 192]",2,2,"[-80, 192]"
collapse_excess,40,"[40, -80, 193]",13,13,"[-80, 193]"
collapse_excess,40,"[40, -80, 194]",17,17,"[-80, 194]"
collapse_excess,40,"[40, -80, 195]",12,12,"[-80, 195]"
collapse_excess,40,"[40, -80, 196]",118,118,"[-80, 196]"
collapse_excess,40,"[40, -80, 197]",15,15,"[-80, 197]"
collapse_excess,40,"[40, -80, 198]",12,12,"[-80, 198]"
collapse_excess,40,"[40, -80, 199]",23,23,"[-80, 199]"
collapse_excess,40,"[40, -80, 200]",189,189,"[-80, 200]"
collapse_excess,40,"[40, -80, 201]",38,38,"[-80, 201]"
collapse_excess,40,"[40, -80, 202]",636,636,"[-80, 202]"
collapse_excess,40,"[40, -80, 203]",193,193,"[-80, 203]"
collapse_excess,40,"[40, -80, 204]",227,227,"[-80, 204]"
collapse_excess,40,"[40, -80, 205]",124,124,"[-80, 205]"
collapse_excess,40,"[40, -80, 206]",1124,1124,"[-80, 206]"
collapse_excess,40,"[40, -80, 207]",408,408,"[-80, 207]"
collapse_excess,40,"[40, -80, 208]",348,348,"[-80, 208]"
collapse_excess,40,"[40, -80, 209]",236,236,"[-80, 209]"
collapse_excess,40,"[40, -80, 210]",1432,1432,"[-80, 210]"
collapse_excess,40,"[40, -80, 213]",1121,1121,"[-80, 213]"
collapse_excess,40,"[40, -80, 218]",1459,1459,"[-80, 218]"
collapse_excess,40,"[40, -80, 219]",11,11,"[-80, 219]"
collapse_excess,40,"[40, -80, 224]",230,230,"[-80, 224]"
collapse_excess,40,"[40, -80, 225]",1,1,"[-80, 225]"
collapse_excess,40,"[40, -80, 230]",14,14,"[-80, 230]"
collapse_excess,40,"[40, -72, 1]",2,2,"[-72, 1]"
collapse_excess,40,"[40, -72, 13]",39,39,"[-72, 13]"
collapse_excess,40,"[40, -72, 15]",1,1,"[-72, 15]"
collapse_excess,40,"[40, -72, 33]",91,91,"[-72, 33]"
collapse_excess,40,"[40, -72, 35]",24,24,"[-72, 35]"
collapse_excess,40,"[40, -72, 39]",13,13,"[-72, 39]"
collapse_excess,40,"[40, -72, 40]",2,2,"[-72, 40]"
collapse_excess,40,"[40, -72, 43]",3,3,"[-72, 43]"
collapse_excess,40,"[40, -72, 46]",1,1,"[-72, 46]"
collapse_excess,40,"[40, -72, 51]",1,1,"[-72, 51]"
collapse_excess,40,"[40, -72, 57]",5,5,"[-72, 57]"
collapse_excess,40,"[40, -72, 60]",11,11,"[-72, 60]"
collapse_excess,40,"[40, -72, 61]",1,1,"[-72, 61]"
collapse_excess,40,"[40, -72, 64]",7,7,"[-72, 64]"
collapse_excess,40,"[40, -72, 66]",4,4,"[-72, 66]"
collapse_excess,40,"[40, -72, 69]",2,2,"[-72, 69]"
collapse_excess,40,"[40, -72, 70]",9,9,"[-72, 70]"
collapse_excess,40,"[40, -72, 71]",2,2,"[-72, 71]"
collapse_excess,40,"[40, -72, 74]",3,3,"[-72, 74]"
collapse_excess,40,"[40, -72, 75]",4,4,"[-72, 75]"
collapse_excess,40,"[40, -72, 80]",2,2,"[-72, 80]"
collapse_excess,40,"[40, -72, 81]",2,2,"[-72, 81]"
collapse_excess,40,"[40, -72, 82]",1,1,"[-72, 82]"
collapse_excess,40,"[40, -72, 99]",1,1,"[-72, 99]"
collapse_excess,40,"[40, -72, 180]",1,1,"[-72, 180]"
collapse_excess,40,"[40, -72, 184]",1,1,"[-72, 184]"
collapse_excess,40,"[40, -72, 207]",20,20,"[-72, 207]"
collapse_excess,40,"[40, -72, 208]",6,6,"[-72, 208]"
collapse_excess,40,"[40, -72, 210]",205,205,"[-72, 210]"
collapse_excess,40,"[40, -72, 211]",1,1,"[-72, 211]"
collapse_excess,40,"[40, -72, 212]",71,71,"[-72, 212]"
collapse_excess,40,"[40, -72, 213]",631,631,"[-72, 213]"
collapse_excess,40,"[40, -72, 214]",145,145,"[-72, 214]"
collapse_excess,40,"[40, -72, 215]",86,86,"[-72, 215]"
collapse_excess,40,"[40, -72, 216]",209,209,"[-72, 216]"
collapse_excess,40,"[40, -72, 219]",2000,3969,"[-72, 219]"
collapse_excess,40,"[40, -72, 220]",234,234,"[-72, 220]"
collapse_excess,40,"[40, -72, 221]",215,215,"[-72, 221]"
collapse_excess,40,"[40, -72, 222]",68,68,"[-72, 222]"
collapse_excess,40,"[40, -72, 225]",3,3,"[-72, 225]"
collapse_excess,40,"[40, -72, 226]",8,8,"[-72, 226]"
collapse_excess,40,"[40, -72, 227]",71,71,"[-72, 227]"
collapse_excess,40,"[40, -72, 228]",8,8,"[-72, 228]"
collapse_excess,40,"[40, -64, 1]",1,1,"[-64, 1]"
collapse_excess,40,"[40, -64, 19]",1,1,"[-64, 19]"
collapse_excess,40,"[40, -64, 21]",1,1,"[-64, 21]"
collapse_excess,40,"[40, -64, 29]",58,58,"[-64, 29]"
collapse_excess,40,"[40, -64, 31]",19,19,"[-64, 31]"
collapse_excess,40,"[40, -64, 32]",1,1,"[-64, 32]"
collapse_excess,40,"[40, -64, 33]",2,2,"[-64, 33]"
collapse_excess,40,"[40, -64, 35]",49,49,"[-64, 35]"
collapse_excess,40,"[40, -64, 36]",2,2,"[-64, 36]"
collapse_excess,40,"[40, -64, 38]",1,1,"[-64, 38]"
collapse_excess,40,"[40, -64, 40]",4,4,"[-64, 40]"
collapse_excess,40,"[40, -64, 41]",42,42,"[-64, 41]"
collapse_excess,40,"[40, -64, 42]",1,1,"[-64, 42]"
collapse_excess,40,"[40, -64, 43]",3,3,"[-64, 43]"
collapse_excess,40,"[40, -64, 45]",19,19,"[-64, 45]"
collapse_excess,40,"[40, -64, 46]",1,1,"[-64, 46]"
collapse_excess,40,"[40, -64, 47]",13,13,"[-64, 47]"
collapse_excess,40,"[40, -64, 48]",1,1,"[-64, 48]"
collapse_excess,40,"[40, -64, 49]",17,17,"[-64, 49]"
collapse_excess,40,"[40, -64, 50]",3,3,"[-64, 50]"
collapse_excess,40,"[40, -64, 51]",15,15,"[-64, 51]"
collapse_excess,40,"[40, -64, 53]",8,8,"[-64, 53]"
collapse_excess,40,"[40, -64, 54]",10,10,"[-64, 54]"
collapse_excess,40,"[40, -64, 56]",7,7,"[-64, 56]"
collapse_excess,40,"[40, -64, 57]",7,7,"[-64, 57]"
collapse_excess,40,"[40, -64, 58]",20,20,"[-64, 58]"
collapse_excess,40,"[40, -64, 59]",30,30,"[-64, 59]"
collapse_excess,40,"[40, -64, 60]",9,9,"[-64, 60]"
collapse_excess,40,"[40, -64, 61]",6,6,"[-64, 61]"
collapse_excess,40,"[40, -64, 62]",11,11,"[-64, 62]"
collapse_excess,40,"[40, -64, 63]",16,16,"[-64, 63]"
collapse_excess,40,"[40, -64, 64]",9,9,"[-64, 64]"
collapse_excess,40,"[40, -64, 65]",3,3,"[-64, 65]"
collapse_excess,40,"[40, -64, 66]",12,12,"[-64, 66]"
collapse_excess,40,"[40, -64, 67]",14,14,"[-64, 67]"
collapse_excess,40,"[40, -64, 68]",3,3,"[-64, 68]"
collapse_excess,40,"[40, -64, 69]",2,2,"[-64, 69]"
collapse_excess,40,"[40, -64, 71]",9,9,"[-64, 71]"
collapse_excess,40,"[40, -64, 72]",6,6,"[-64, 72]"
collapse_excess,40,"[40, -64, 73]",3,3,"[-64, 73]"
collapse_excess,40,"[40, -64, 77]",2,2,"[-64, 77]"
collapse_excess,40,"[40, -64, 78]",1,1,"[-64, 78]"
collapse_excess,40,"[40, -64, 79]",1,1,"[-64, 79]"
collapse_excess,40,"[40, -64, 80]",1,1,"[-64, 80]"
collapse_excess,40,"[40, -64, 85]",2,2,"[-64, 85]"
collapse_excess,40,"[40, -64, 93]",1,1,"[-64, 93]"
collapse_excess,40,"[40, -64, 194]",1,1,"[-64, 194]"
collapse_excess,40,"[40, -64, 207]",2,2,"[-64, 207]"
collapse_excess,40,"[40, -64, 209]",10,10,"[-64, 209]"
collapse_excess,40,"[40, -64, 210]",3,3,"[-64, 210]"
collapse_excess,40,"[40, -64, 212]",7,7,"[-64, 212]"
collapse_excess,40,"[40, -64, 213]",9,9,"[-64, 213]"
collapse_excess,40,"[40, -64, 215]",2,2,"[-64, 215]"
collapse_excess,40,"[40, -64, 216]",19,19,"[-64, 216]"
collapse_excess,40,"[40, -64, 217]",16,16,"[-64, 217]"
collapse_excess,40,"[40, -64, 218]",59,59,"[-64, 218]"
collapse_excess,40,"[40, -64, 219]",63,63,"[-64, 219]"
collapse_excess,40,"[40, -64, 220]",12,12,"[-64, 220]"
collapse_excess,40,"[40, -64, 222]",45,45,"[-64, 222]"
collapse_excess,40,"[40, -64, 223]",4,4,"[-64, 223]"
collapse_excess,40,"[40, -64, 224]",49,49,"[-64, 224]"
collapse_excess,40,"[40, -64, 225]",15,15,"[-64, 225]"
collapse_excess,40,"[40, -64, 226]",1,1,"[-64, 226]"
collapse_excess,40,"[40, -64, 228]",3,3,"[-64, 228]"
collapse_excess,40,"[40, -56, 1]",3,3,"[-56, 1]"
collapse_excess,40,"[40, -56, 25]",17,17,"[-56, 25]"
collapse_excess,40,"[40, -56, 27]",11,11,"[-56, 27]"
collapse_excess,40,"[40, -56, 28]",7,7,"[-56, 28]"
collapse_excess,40,"[40, -56, 29]",7,7,"[-56, 29]"
collapse_excess,40,"[40, -56, 31]",31,31,"[-56, 31]"
collapse_excess,40,"[40, -56, 32]",5,5,"[-56, 32]"
collapse_excess,40,"[40, -56, 33]",43,43,"[-56, 33]"
collapse_excess,40,"[40, -56, 34]",7,7,"[-56, 34]"
collapse_excess,40,"[40, -56, 35]",36,36,"[-56, 35]"
collapse_excess,40,"[40, -56, 37]",7,7,"[-56, 37]"
collapse_excess,40,"[40, -56, 38]",31,31,"[-56, 38]"
collapse_excess,40,"[40, -56, 39]",4,4,"[-56, 39]"
collapse_excess,40,"[40, -56, 40]",8,8,"[-56, 40]"
collapse_excess,40,"[40, -56, 41]",11,11,"[-56, 41]"
collapse_excess,40,"[40, -56, 42]",12,12,"[-56, 42]"
collapse_excess,40,"[40, -56, 43]",30,30,"[-56, 43]"
collapse_excess,40,"[40, -56, 44]",4,4,"[-56, 44]"
collapse_excess,40,"[40, -56, 45]",7,7,"[-56, 45]"
collapse_excess,40,"[40, -56, 46]",34,34,"[-56, 46]"
collapse_excess,40,"[40, -56, 47]",69,69,"[-56, 47]"
collapse_excess,40,"[40, -56, 49]",43,43,"[-56, 49]"
collapse_excess,40,"[40, -56, 50]",24,24,"[-56, 50]"
collapse_excess,40,"[40, -56, 51]",89,89,"[-56, 51]"
collapse_excess,40,"[40, -56, 52]",17,17,"[-56, 52]"
collapse_excess,40,"[40, -56, 53]",75,75,"[-56, 53]"
collapse_excess,40,"[40, -56, 54]",36,36,"[-56, 54]"
collapse_excess,40,"[40, -56, 55]",122,122,"[-56, 55]"
collapse_excess,40,"[40, -56, 56]",113,113,"[-56, 56]"
collapse_excess,40,"[40, -56, 57]",88,88,"[-56, 57]"
collapse_excess,40,"[40, -56, 58]",79,79,"[-56, 58]"
collapse_excess,40,"[40, -56, 59]",49,49,"[-56, 59]"
collapse_excess,40,"[40, -56, 60]",67,67,"[-56, 60]"
collapse_excess,40,"[40, -56, 61]",161,161,"[-56, 61]"
collapse_excess,40,"[40, -56, 62]",86,86,"[-56, 62]"
collapse_excess,40,"[40, -56, 63]",93,93,"[-56, 63]"
collapse_excess,40,"[40, -56, 64]",104,104,"[-56, 64]"
collapse_excess,40,"[40, -56, 65]",36,36,"[-56, 65]"
collapse_excess,40,"[40, -56, 66]",25,25,"[-56, 66]"
collapse_excess,40,"[40, -56, 67]",60,60,"[-56, 67]"
collapse_excess,40,"[40, -56, 68]",56,56,"[-56, 68]"
collapse_excess,40,"[40, -56, 69]",65,65,"[-56, 69]"
collapse_excess,40,"[40, -56, 70]",21,21,"[-56, 70]"
collapse_excess,40,"[40, -56, 71]",38,38,"[-56, 71]"
collapse_excess,40,"[40, -56, 72]",6,6,"[-56, 72]"
collapse_excess,40,"[40, -56, 73]",22,22,"[-56, 73]"
collapse_excess,40,"[40, -56, 74]",21,21,"[-56, 74]"
collapse_excess,40,"[40, -56, 75]",46,46,"[-56, 75]"
collapse_excess,40,"[40, -56, 76]",3,3,"[-56, 76]"
collapse_excess,40,"[40, -56, 77]",3,3,"[-56, 77]"
collapse_excess,40,"[40, -56, 79]",4,4,"[-56, 79]"
collapse_excess,40,"[40, -56, 80]",12,12,"[-56, 80]"
collapse_excess,40,"[40, -56, 198]",1,1,"[-56, 198]"
collapse_excess,40,"[40, -56, 214]",1,1,"[-56, 214]"
collapse_excess,40,"[40, -56, 215]",1,1,"[-56, 215]"
collapse_excess,40,"[40, -56, 216]",3,3,"[-56, 216]"
collapse_excess,40,"[40, -56, 218]",14,14,"[-56, 218]"
collapse_excess,40,"[40, -56, 219]",6,6,"[-56, 219]"
collapse_excess,40,"[40, -56, 220]",25,25,"[-56, 220]"
collapse_excess,40,"[40, -56, 221]",8,8,"[-56, 221]"
collapse_excess,40,"[40, -56, 222]",1,1,"[-56, 222]"
collapse_excess,40,"[40, -56, 224]",6,6,"[-56, 224]"
collapse_excess,40,"[40, -56, 226]",2,2,"[-56, 226]"
collapse_excess,40,"[40, -56, 230]",1,1,"[-56, 230]"
collapse_excess,40,"[40, -48, 21]",1,1,"[-48, 21]"
collapse_excess,40,"[40, -48, 25]",1,1,"[-48, 25]"
collapse_excess,40,"[40, -48, 33]",20,20,"[-48, 33]"
collapse_excess,40,"[40, -48, 35]",99,99,"[-48, 35]"
collapse_excess,40,"[40, -48, 36]",69,69,"[-48, 36]"
collapse_excess,40,"[40, -48, 37]",34,34,"[-48, 37]"
collapse_excess,40,"[40, -48, 38]",2,2,"[-48, 38]"
collapse_excess,40,"[40, -48, 39]",85,85,"[-48, 39]"
collapse_excess,40,"[40, -48, 40]",2,2,"[-48, 40]"
collapse_excess,40,"[40, -48, 41]",77,77,"[-48, 41]"
collapse_excess,40,"[40, -48, 42]",12,12,"[-48, 42]"
collapse_excess,40,"[40, -48, 43]",36,36,"[-48, 43]"
collapse_excess,40,"[40, -48, 44]",28,28,"[-48, 44]"
collapse_excess,40,"[40, -48, 45]",88,88,"[-48, 45]"
collapse_excess,40,"[40, -48, 46]",4,4,"[-48, 46]"
collapse_excess,40,"[40, -48, 47]",83,83,"[-48, 47]"
collapse_excess,40,"[40, -48, 48]",68,68,"[-48, 48]"
collapse_excess,40,"[40, -48, 49]",50,50,"[-48, 49]"
collapse_excess,40,"[40, -48, 50]",6,6,"[-48, 50]"
collapse_excess,40,"[40, -48, 51]",83,83,"[-48, 51]"
collapse_excess,40,"[40, -48, 52]",86,86,"[-48, 52]"
collapse_excess,40,"[40, -48, 53]",179,179,"[-48, 53]"
collapse_excess,40,"[40, -48, 54]",109,109,"[-48, 54]"
collapse_excess,40,"[40, -48, 55]",74,74,"[-48, 55]"
collapse_excess,40,"[40, -48, 56]",61,61,"[-48, 56]"
collapse_excess,40,"[40, -48, 57]",224,224,"[-48, 57]"
collapse_excess,40,"[40, -48, 58]",245,245,"[-48, 58]"
collapse_excess,40,"[40, -48, 59]",267,267,"[-48, 59]"
collapse_excess,40,"[40, -48, 60]",210,210,"[-48, 60]"
collapse_excess,40,"[40, -48, 61]",169,169,"[-48, 61]"
collapse_excess,40,"[40, -48, 62]",152,152,"[-48, 62]"
collapse_excess,40,"[40, -48, 63]",561,561,"[-48, 63]"
collapse_excess,40,"[40, -48, 64]",483,483,"[-48, 64]"
collapse_excess,40,"[40, -48, 65]",466,466,"[-48, 65]"
collapse_excess,40,"[40, -48, 66]",392,392,"[-48, 66]"
collapse_excess,40,"[40, -48, 67]",82,82,"[-48, 67]"
collapse_excess,40,"[40, -48, 68]",367,367,"[-48, 68]"
collapse_excess,40,"[40, -48, 69]",423,423,"[-48, 69]"
collapse_excess,40,"[40, -48, 70]",287,287,"[-48, 70]"
collapse_excess,40,"[40, -48, 71]",208,208,"[-48, 71]"
collapse_excess,40,"[40, -48, 72]",192,192,"[-48, 72]"
collapse_excess,40,"[40, -48, 73]",121,121,"[-48, 73]"
collapse_excess,40,"[40, -48, 74]",43,43,"[-48, 74]"
collapse_excess,40,"[40, -48, 75]",241,241,"[-48, 75]"
collapse_excess,40,"[40, -48, 76]",94,94,"[-48, 76]"
collapse_excess,40,"[40, -48, 77]",230,230,"[-48, 77]"
collapse_excess,40,"[40, -48, 78]",93,93,"[-48, 78]"
collapse_excess,40,"[40, -48, 81]",63,63,"[-48, 81]"
collapse_excess,40,"[40, -48, 82]",30,30,"[-48, 82]"
collapse_excess,40,"[40, -48, 83]",94,94,"[-48, 83]"
collapse_excess,40,"[40, -48, 84]",8,8,"[-48, 84]"
collapse_excess,40,"[40, -48, 87]",49,49,"[-48, 87]"
collapse_excess,40,"[40, -48, 88]",13,13,"[-48, 88]"
collapse_excess,40,"[40, -48, 89]",19,19,"[-48, 89]"
collapse_excess,40,"[40, -48, 93]",9,9,"[-48, 93]"
collapse_excess,40,"[40, -48, 94]",1,1,"[-48, 94]"
collapse_excess,40,"[40, -48, 96]",5,5,"[-48, 96]"
collapse_excess,40,"[40, -48, 100]",1,1,"[-48, 100]"
collapse_excess,40,"[40, -48, 101]",2,2,"[-48, 101]"
collapse_excess,40,"[40, -48, 112]",2,2,"[-48, 112]"
collapse_excess,40,"[40, -48, 120]",1,1,"[-48, 120]"
collapse_excess,40,"[40, -48, 132]",1,1,"[-48, 132]"
collapse_excess,40,"[40, -48, 216]",1,1,"[-48, 216]"
collapse_excess,40,"[40, -48, 219]",4,4,"[-48, 219]"
collapse_excess,40,"[40, -48, 220]",4,4,"[-48, 220]"
collapse_excess,40,"[40, -48, 221]",1,1,"[-48, 221]"
collapse_excess,40,"[40, -48, 222]",23,23,"[-48, 222]"
collapse_excess,40,"[40, -48, 225]",4,4,"[-48, 225]"
collapse_excess,40,"[40, -48, 226]",4,4,"[-48, 226]"
collapse_excess,40,"[40, -48, 234]",2,2,"[-48, 234]"
collapse_excess,40,"[40, -48, 239]",2,2,"[-48, 239]"
collapse_excess,40,"[40, -40, 17]",2,2,"[-40, 17]"
collapse_excess,40,"[40, -40, 19]",4,4,"[-40, 19]"
collapse_excess,40,"[40, -40, 23]",16,16,"[-40, 23]"
collapse_excess,40,"[40, -40, 25]",5,5,"[-40, 25]"
collapse_excess,40,"[40, -40, 27]",3,3,"[-40, 27]"
collapse_excess,40,"[40, -40, 28]",2,2,"[-40, 28]"
collapse_excess,40,"[40, -40, 29]",13,13,"[-40, 29]"
collapse_excess,40,"[40, -40, 31]",2,2,"[-40, 31]"
collapse_excess,40,"[40, -40, 38]",1,1,"[-40, 38]"
collapse_excess,40,"[40, -40, 41]",55,55,"[-40, 41]"
collapse_excess,40,"[40, -40, 42]",1,1,"[-40, 42]"
collapse_excess,40,"[40, -40, 43]",168,168,"[-40, 43]"
collapse_excess,40,"[40, -40, 45]",48,48,"[-40, 45]"
collapse_excess,40,"[40, -40, 46]",53,53,"[-40, 46]"
collapse_excess,40,"[40, -40, 47]",122,122,"[-40, 47]"
collapse_excess,40,"[40, -40, 48]",9,9,"[-40, 48]"
collapse_excess,40,"[40, -40, 49]",100,100,"[-40, 49]"
collapse_excess,40,"[40, -40, 50]",77,77,"[-40, 50]"
collapse_excess,40,"[40, -40, 51]",119,119,"[-40, 51]"
collapse_excess,40,"[40, -40, 52]",48,48,"[-40, 52]"
collapse_excess,40,"[40, -40, 53]",84,84,"[-40, 53]"
collapse_excess,40,"[40, -40, 54]",78,78,"[-40, 54]"
collapse_excess,40,"[40, -40, 55]",221,221,"[-40, 55]"
collapse_excess,40,"[40, -40, 56]",103,103,"[-40, 56]"
collapse_excess,40,"[40, -40, 57]",52,52,"[-40, 57]"
collapse_excess,40,"[40, -40, 58]",37,37,"[-40, 58]"
collapse_excess,40,"[40, -40, 59]",167,167,"[-40, 59]"
collapse_excess,40,"[40, -40, 60]",63,63,"[-40, 60]"
collapse_excess,40,"[40, -40, 61]",613,613,"[-40, 61]"
collapse_excess,40,"[40, -40, 62]",297,297,"[-40, 62]"
collapse_excess,40,"[40, -40, 63]",79,79,"[-40, 63]"
collapse_excess,40,"[40, -40, 64]",188,188,"[-40, 64]"
collapse_excess,40,"[40, -40, 65]",211,211,"[-40, 65]"
collapse_excess,40,"[40, -40, 66]",388,388,"[-40, 66]"
collapse_excess,40,"[40, -40, 67]",111,111,"[-40, 67]"
collapse_excess,40,"[40, -40, 68]",326,326,"[-40, 68]"
collapse_excess,40,"[40, -40, 69]",67,67,"[-40, 69]"
collapse_excess,40,"[40, -40, 70]",46,46,"[-40, 70]"
collapse_excess,40,"[40, -40, 71]",206,206,"[-40, 71]"
collapse_excess,40,"[40, -40, 72]",136,136,"[-40, 72]"
collapse_excess,40,"[40, -40, 73]",4,4,"[-40, 73]"
collapse_excess,40,"[40, -40, 74]",110,110,"[-40, 74]"
collapse_excess,40,"[40, -40, 75]",22,22,"[-40, 75]"
collapse_excess,40,"[40, -40, 76]",3,3,"[-40, 76]"
collapse_excess,40,"[40, -40, 77]",124,124,"[-40, 77]"
collapse_excess,40,"[40, -40, 78]",9,9,"[-40, 78]"
collapse_excess,40,"[40, -40, 80]",1,1,"[-40, 80]"
collapse_excess,40,"[40, -40, 81]",9,9,"[-40, 81]"
collapse_excess,40,"[40, -40, 83]",70,70,"[-40, 83]"
collapse_excess,40,"[40, -40, 84]",6,6,"[-40, 84]"
collapse_excess,40,"[40, -40, 86]",3,3,"[-40, 86]"
collapse_excess,40,"[40, -40, 87]",4,4,"[-40, 87]"
collapse_excess,40,"[40, -40, 89]",34,34,"[-40, 89]"
collapse_excess,40,"[40, -40, 90]",1,1,"[-40, 90]"
collapse_excess,40,"[40, -40, 92]",1,1,"[-40, 92]"
collapse_excess,40,"[40, -40, 93]",2,2,"[-40, 93]"
collapse_excess,40,"[40, -40, 96]",1,1,"[-40, 96]"
collapse_excess,40,"[40, -40, 99]",3,3,"[-40, 99]"
collapse_excess,40,"[40, -40, 102]",1,1,"[-40, 102]"
collapse_excess,40,"[40, -40, 105]",4,4,"[-40, 105]"
collapse_excess,40,"[40, -40, 108]",2,2,"[-40, 108]"
collapse_excess,40,"[40, -40, 111]",5,5,"[-40, 111]"
collapse_excess,40,"[40, -40, 116]",2,2,"[-40, 116]"
collapse_excess,40,"[40, -40, 122]",2,2,"[-40, 122]"
collapse_excess,40,"[40, -40, 221]",4,4,"[-40, 221]"
collapse_excess,40,"[40, -40, 224]",10,10,"[-40, 224]"
collapse_excess,40,"[40, -40, 225]",2,2,"[-40, 225]"
collapse_excess,40,"[40, -40, 228]",5,5,"[-40, 228]"
collapse_excess,40,"[40, -40, 231]",1,1,"[-40, 231]"
collapse_excess,40,"[40, -40, 233]",10,10,"[-40, 233]"
collapse_excess,40,"[40, -40, 244]",1,1,"[-40, 244]"
collapse_excess,40,"[40, -40, 246]",4,4,"[-40, 246]"
collapse_excess,40,"[40, -40, 252]",8,8,"[-40, 252]"
collapse_excess,40,"[40, -40, 253]",1,1,"[-40, 253]"
collapse_excess,40,"[40, -40, 258]",40,40,"[-40, 258]"
collapse_excess,40,"[40, -40, 264]",8,8,"[-40, 264]"
collapse_excess,40,"[40, -40, 270]",1,1,"[-40, 270]"
collapse_excess,40,"[40, -32, 21]",1,1,"[-32, 21]"
collapse_excess,40,"[40, -32, 23]",7,7,"[-32, 23]"
collapse_excess,40,"[40, -32, 25]",3,3,"[-32, 25]"
collapse_excess,40,"[40, -32, 26]",19,19,"[-32, 26]"
collapse_excess,40,"[40, -32, 27]",6,6,"[-32, 27]"
collapse_excess,40,"[40, -32, 29]",2,2,"[-32, 29]"
collapse_excess,40,"[40, -32, 31]",11,11,"[-32, 31]"
collapse_excess,40,"[40, -32, 32]",2,2,"[-32, 32]"
collapse_excess,40,"[40, -32, 33]",8,8,"[-32, 33]"
collapse_excess,40,"[40, -32, 34]",6,6,"[-32, 34]"
collapse_excess,40,"[40, -32, 35]",14,14,"[-32, 35]"
collapse_excess,40,"[40, -32, 36]",6,6,"[-32, 36]"
collapse_excess,40,"[40, -32, 37]",10,10,"[-32, 37]"
collapse_excess,40,"[40, -32, 38]",5,5,"[-32, 38]"
collapse_excess,40,"[40, -32, 39]",13,13,"[-32, 39]"
collapse_excess,40,"[40, -32, 40]",9,9,"[-32, 40]"
collapse_excess,40,"[40, -32, 41]",4,4,"[-32, 41]"
collapse_excess,40,"[40, -32, 42]",1,1,"[-32, 42]"
collapse_excess,40,"[40, -32, 43]",4,4,"[-32, 43]"
collapse_excess,40,"[40, -32, 44]",1,1,"[-32, 44]"
collapse_excess,40,"[40, -32, 45]",2,2,"[-32, 45]"
collapse_excess,40,"[40, -32, 46]",5,5,"[-32, 46]"
collapse_excess,40,"[40, -32, 47]",1,1,"[-32, 47]"
collapse_excess,40,"[40, -32, 48]",2,2,"[-32, 48]"
collapse_excess,40,"[40, -32, 49]",72,72,"[-32, 49]"
collapse_excess,40,"[40, -32, 50]",8,8,"[-32, 50]"
collapse_excess,40,"[40, -32, 51]",446,446,"[-32, 51]"
collapse_excess,40,"[40, -32, 52]",27,27,"[-32, 52]"
collapse_excess,40,"[40, -32, 53]",124,124,"[-32, 53]"
collapse_excess,40,"[40, -32, 54]",37,37,"[-32, 54]"
collapse_excess,40,"[40, -32, 55]",106,106,"[-32, 55]"
collapse_excess,40,"[40, -32, 56]",62,62,"[-32, 56]"
collapse_excess,40,"[40, -32, 57]",141,141,"[-32, 57]"
collapse_excess,40,"[40, -32, 58]",36,36,"[-32, 58]"
collapse_excess,40,"[40, -32, 59]",76,76,"[-32, 59]"
collapse_excess,40,"[40, -32, 60]",4,4,"[-32, 60]"
collapse_excess,40,"[40, -32, 61]",105,105,"[-32, 61]"
collapse_excess,40,"[40, -32, 62]",36,36,"[-32, 62]"
collapse_excess,40,"[40, -32, 63]",136,136,"[-32, 63]"
collapse_excess,40,"[40, -32, 64]",137,137,"[-32, 64]"
collapse_excess,40,"[40, -32, 65]",63,63,"[-32, 65]"
collapse_excess,40,"[40, -32, 66]",26,26,"[-32, 66]"
collapse_excess,40,"[40, -32, 67]",38,38,"[-32, 67]"
collapse_excess,40,"[40, -32, 68]",86,86,"[-32, 68]"
collapse_excess,40,"[40, -32, 69]",237,237,"[-32, 69]"
collapse_excess,40,"[40, -32, 70]",337,337,"[-32, 70]"
collapse_excess,40,"[40, -32, 71]",17,17,"[-32, 71]"
collapse_excess,40,"[40, -32, 72]",11,11,"[-32, 72]"
collapse_excess,40,"[40, -32, 73]",20,20,"[-32, 73]"
collapse_excess,40,"[40, -32, 74]",25,25,"[-32, 74]"
collapse_excess,40,"[40, -32, 75]",64,64,"[-32, 75]"
collapse_excess,40,"[40, -32, 76]",15,15,"[-32, 76]"
collapse_excess,40,"[40, -32, 77]",7,7,"[-32, 77]"
collapse_excess,40,"[40, -32, 78]",34,34,"[-32, 78]"
collapse_excess,40,"[40, -32, 79]",9,9,"[-32, 79]"
collapse_excess,40,"[40, -32, 80]",4,4,"[-32, 80]"
collapse_excess,40,"[40, -32, 81]",1,1,"[-32, 81]"
collapse_excess,40,"[40, -32, 82]",23,23,"[-32, 82]"
collapse_excess,40,"[40, -32, 84]",36,36,"[-32, 84]"
collapse_excess,40,"[40, -32, 85]",32,32,"[-32, 85]"
collapse_excess,40,"[40, -32, 86]",11,11,"[-32, 86]"
collapse_excess,40,"[40, -32, 87]",2,2,"[-32, 87]"
collapse_excess,40,"[40, -32, 88]",6,6,"[-32, 88]"
collapse_excess,40,"[40, -32, 89]",3,3,"[-32, 89]"
collapse_excess,40,"[40, -32, 90]",25,25,"[-32, 90]"
collapse_excess,40,"[40, -32, 91]",2,2,"[-32, 91]"
collapse_excess,40,"[40, -32, 92]",3,3,"[-32, 92]"
collapse_excess,40,"[40, -32, 94]",3,3,"[-32, 94]"
collapse_excess,40,"[40, -32, 95]",6,6,"[-32, 95]"
collapse_excess,40,"[40, -32, 96]",19,19,"[-32, 96]"
collapse_excess,40,"[40, -32, 100]",3,3,"[-32, 100]"
collapse_excess,40,"[40, -32, 101]",3,3,"[-32, 101]"
collapse_excess,40,"[40, -32, 106]",2,2,"[-32, 106]"
collapse_excess,40,"[40, -32, 112]",2,2,"[-32, 112]"
collapse_excess,40,"[40, -32, 118]",5,5,"[-32, 118]"
collapse_excess,40,"[40, -32, 124]",2,2,"[-32, 124]"
collapse_excess,40,"[40, -32, 130]",1,1,"[-32, 130]"
collapse_excess,40,"[40, -32, 136]",1,1,"[-32, 136]"
collapse_excess,40,"[40, -32, 219]",2,2,"[-32, 219]"
collapse_excess,40,"[40, -32, 220]",1,1,"[-32, 220]"
collapse_excess,40,"[40, -32, 222]",1,1,"[-32, 222]"
collapse_excess,40,"[40, -32, 224]",1,1,"[-32, 224]"
collapse_excess,40,"[40, -32, 226]",9,9,"[-32, 226]"
collapse_excess,40,"[40, -32, 228]",3,3,"[-32, 228]"
collapse_excess,40,"[40, -32, 229]",5,5,"[-32, 229]"
collapse_excess,40,"[40, -32, 230]",4,4,"[-32, 230]"
collapse_excess,40,"[40, -32, 232]",2,2,"[-32, 232]"
collapse_excess,40,"[40, -32, 236]",2,2,"[-32, 236]"
collapse_excess,40,"[40, -32, 254]",2,2,"[-32, 254]"
collapse_excess,40,"[40, -32, 259]",2,2,"[-32, 259]"
collapse_excess,40,"[40, -32, 260]",3,3,"[-32, 260]"
collapse_excess,40,"[40, -32, 266]",16,16,"[-32, 266]"
collapse_excess,40,"[40, -32, 272]",4,4,"[-32, 272]"
collapse_excess,40,"[40, -24, 23]",8,8,"[-24, 23]"
collapse_excess,40,"[40, -24, 26]",1,1,"[-24, 26]"
collapse_excess,40,"[40, -24, 27]",3,3,"[-24, 27]"
collapse_excess,40,"[40, -24, 28]",6,6,"[-24, 28]"
collapse_excess,40,"[40, -24, 29]",4,4,"[-24, 29]"
collapse_excess,40,"[40, -24, 30]",4,4,"[-24, 30]"
collapse_excess,40,"[40, -24, 31]",32,32,"[-24, 31]"
collapse_excess,40,"[40, -24, 32]",4,4,"[-24, 32]"
collapse_excess,40,"[40, -24, 33]",51,51,"[-24, 33]"
collapse_excess,40,"[40, -24, 34]",53,53,"[-24, 34]"
collapse_excess,40,"[40, -24, 35]",52,52,"[-24, 35]"
collapse_excess,40,"[40, -24, 36]",51,51,"[-24, 36]"
collapse_excess,40,"[40, -24, 37]",140,140,"[-24, 37]"
collapse_excess,40,"[40, -24, 38]",37,37,"[-24, 38]"
collapse_excess,40,"[40, -24, 39]",272,272,"[-24, 39]"
collapse_excess,40,"[40, -24, 40]",153,153,"[-24, 40]"
collapse_excess,40,"[40, -24, 41]",88,88,"[-24, 41]"
collapse_excess,40,"[40, -24, 42]",109,109,"[-24, 42]"
collapse_excess,40,"[40, -24, 43]",57,57,"[-24, 43]"
collapse_excess,40,"[40, -24, 44]",32,32,"[-24, 44]"
collapse_excess,40,"[40, -24, 45]",190,190,"[-24, 45]"
collapse_excess,40,"[40, -24, 46]",147,147,"[-24, 46]"
collapse_excess,40,"[40, -24, 47]",21,21,"[-24, 47]"
collapse_excess,40,"[40, -24, 48]",129,129,"[-24, 48]"
collapse_excess,40,"[40, -24, 49]",32,32,"[-24, 49]"
collapse_excess,40,"[40, -24, 50]",5,5,"[-24, 50]"
collapse_excess,40,"[40, -24, 51]",59,59,"[-24, 51]"
collapse_excess,40,"[40, -24, 52]",14,14,"[-24, 52]"
collapse_excess,40,"[40, -24, 54]",9,9,"[-24, 54]"
collapse_excess,40,"[40, -24, 55]",2,2,"[-24, 55]"
collapse_excess,40,"[40, -24, 57]",56,56,"[-24, 57]"
collapse_excess,40,"[40, -24, 58]",6,6,"[-24, 58]"
collapse_excess,40,"[40, -24, 59]",166,166,"[-24, 59]"
collapse_excess,40,"[40, -24, 60]",57,57,"[-24, 60]"
collapse_excess,40,"[40, -24, 61]",53,53,"[-24, 61]"
collapse_excess,40,"[40, -24, 62]",9,9,"[-24, 62]"
collapse_excess,40,"[40, -24, 63]",102,102,"[-24, 63]"
collapse_excess,40,"[40, -24, 64]",37,37,"[-24, 64]"
collapse_excess,40,"[40, -24, 65]",137,137,"[-24, 65]"
collapse_excess,40,"[40, -24, 66]",76,76,"[-24, 66]"
collapse_excess,40,"[40, -24, 67]",54,54,"[-24, 67]"
collapse_excess,40,"[40, -24, 68]",16,16,"[-24, 68]"
collapse_excess,40,"[40, -24, 69]",141,141,"[-24, 69]"
collapse_excess,40,"[40, -24, 70]",113,113,"[-24, 70]"
collapse_excess,40,"[40, -24, 71]",87,87,"[-24, 71]"
collapse_excess,40,"[40, -24, 72]",149,149,"[-24, 72]"
collapse_excess,40,"[40, -24, 73]",19,19,"[-24, 73]"
collapse_excess,40,"[40, -24, 74]",7,7,"[-24, 74]"
collapse_excess,40,"[40, -24, 75]",105,105,"[-24, 75]"
collapse_excess,40,"[40, -24, 76]",57,57,"[-24, 76]"
collapse_excess,40,"[40, -24, 77]",43,43,"[-24, 77]"
collapse_excess,40,"[40, -24, 78]",44,44,"[-24, 78]"
collapse_excess,40,"[40, -24, 79]",80,80,"[-24, 79]"
collapse_excess,40,"[40, -24, 80]",9,9,"[-24, 80]"
collapse_excess,40,"[40, -24, 81]",114,114,"[-24, 81]"
collapse_excess,40,"[40, -24, 82]",51,51,"[-24, 82]"
collapse_excess,40,"[40, -24, 83]",21,21,"[-24, 83]"
collapse_excess,40,"[40, -24, 84]",48,48,"[-24, 84]"
collapse_excess,40,"[40, -24, 85]",59,59,"[-24, 85]"
collapse_excess,40,"[40, -24, 86]",1,1,"[-24, 86]"
collapse_excess,40,"[40, -24, 87]",74,74,"[-24, 87]"
collapse_excess,40,"[40, -24, 88]",34,34,"[-24, 88]"
collapse_excess,40,"[40, -24, 89]",50,50,"[-24, 89]"
collapse_excess,40,"[40, -24, 90]",19,19,"[-24, 90]"
collapse_excess,40,"[40, -24, 91]",12,12,"[-24, 91]"
collapse_excess,40,"[40, -24, 93]",51,51,"[-24, 93]"
collapse_excess,40,"[40, -24, 94]",30,30,"[-24, 94]"
collapse_excess,40,"[40, -24, 95]",76,76,"[-24, 95]"
collapse_excess,40,"[40, -24, 96]",20,20,"[-24, 96]"
collapse_excess,40,"[40, -24, 97]",29,29,"[-24, 97]"
collapse_excess,40,"[40, -24, 98]",6,6,"[-24, 98]"
collapse_excess,40,"[40, -24, 99]",28,28,"[-24, 99]"
collapse_excess,40,"[40, -24, 100]",24,24,"[-24, 100]"
collapse_excess,40,"[40, -24, 101]",15,15,"[-24, 101]"
collapse_excess,40,"[40, -24, 103]",7,7,"[-24, 103]"
collapse_excess,40,"[40, -24, 105]",16,16,"[-24, 105]"
collapse_excess,40,"[40, -24, 106]",7,7,"[-24, 106]"
collapse_excess,40,"[40, -24, 107]",4,4,"[-24, 107]"
collapse_excess,40,"[40, -24, 108]",1,1,"[-24, 108]"
collapse_excess,40,"[40, -24, 112]",8,8,"[-24, 112]"
collapse_excess,40,"[40, -24, 118]",5,5,"[-24, 118]"
collapse_excess,40,"[40, -24, 124]",3,3,"[-24, 124]"
collapse_excess,40,"[40, -24, 130]",2,2,"[-24, 130]"
collapse_excess,40,"[40, -24, 146]",1,1,"[-24, 146]"
collapse_excess,40,"[40, -24, 227]",3,3,"[-24, 227]"
collapse_excess,40,"[40, -24, 228]",7,7,"[-24, 228]"
collapse_excess,40,"[40, -24, 231]",2,2,"[-24, 231]"
collapse_excess,40,"[40, -24, 232]",25,25,"[-24, 232]"
collapse_excess,40,"[40, -24, 234]",3,3,"[-24, 234]"
collapse_excess,40,"[40, -24, 236]",1,1,"[-24, 236]"
collapse_excess,40,"[40, -24, 238]",2,2,"[-24, 238]"
collapse_excess,40,"[40, -24, 239]",10,10,"[-24, 239]"
collapse_excess,40,"[40, -24, 240]",4,4,"[-24, 240]"
collapse_excess,40,"[40, -24, 244]",1,1,"[-24, 244]"
collapse_excess,40,"[40, -24, 252]",1,1,"[-24, 252]"
collapse_excess,40,"[40, -24, 256]",3,3,"[-24, 256]"
collapse_excess,40,"[40, -24, 258]",16,16,"[-24, 258]"
collapse_excess,40,"[40, -24, 262]",5,5,"[-24, 262]"
collapse_excess,40,"[40, -24, 264]",2,2,"[-24, 264]"
collapse_excess,40,"[40, -24, 269]",1,1,"[-24, 269]"
collapse_excess,40,"[40, -24, 275]",4,4,"[-24, 275]"
collapse_excess,40,"[40, -16, 29]",1,1,"[-16, 29]"
collapse_excess,40,"[40, -16, 30]",3,3,"[-16, 30]"
collapse_excess,40,"[40, -16, 31]",5,5,"[-16, 31]"
collapse_excess,40,"[40, -16, 32]",16,16,"[-16, 32]"
collapse_excess,40,"[40, -16, 33]",6,6,"[-16, 33]"
collapse_excess,40,"[40, -16, 34]",6,6,"[-16, 34]"
collapse_excess,40,"[40, -16, 35]",17,17,"[-16, 35]"
collapse_excess,40,"[40, -16, 36]",86,86,"[-16, 36]"
collapse_excess,40,"[40, -16, 37]",111,111,"[-16, 37]"
collapse_excess,40,"[40, -16, 38]",245,245,"[-16, 38]"
collapse_excess,40,"[40, -16, 39]",49,49,"[-16, 39]"
collapse_excess,40,"[40, -16, 40]",150,150,"[-16, 40]"
collapse_excess,40,"[40, -16, 41]",372,372,"[-16, 41]"
collapse_excess,40,"[40, -16, 42]",493,493,"[-16, 42]"
collapse_excess,40,"[40, -16, 43]",823,823,"[-16, 43]"
collapse_excess,40,"[40, -16, 44]",964,964,"[-16, 44]"
collapse_excess,40,"[40, -16, 45]",529,529,"[-16, 45]"
collapse_excess,40,"[40, -16, 46]",254,254,"[-16, 46]"
collapse_excess,40,"[40, -16, 47]",2000,2444,"[-16, 47]"
collapse_excess,40,"[40, -16, 48]",2000,2014,"[-16, 48]"
collapse_excess,40,"[40, -16, 49]",1153,1153,"[-16, 49]"
collapse_excess,40,"[40, -16, 50]",855,855,"[-16, 50]"
collapse_excess,40,"[40, -16, 51]",286,286,"[-16, 51]"
collapse_excess,40,"[40, -16, 52]",239,239,"[-16, 52]"
collapse_excess,40,"[40, -16, 53]",1543,1543,"[-16, 53]"
collapse_excess,40,"[40, -16, 54]",1827,1827,"[-16, 54]"
collapse_excess,40,"[40, -16, 55]",159,159,"[-16, 55]"
collapse_excess,40,"[40, -16, 56]",426,426,"[-16, 56]"
collapse_excess,40,"[40, -16, 57]",116,116,"[-16, 57]"
collapse_excess,40,"[40, -16, 58]",16,16,"[-16, 58]"
collapse_excess,40,"[40, -16, 59]",264,264,"[-16, 59]"
collapse_excess,40,"[40, -16, 60]",150,150,"[-16, 60]"
collapse_excess,40,"[40, -16, 61]",20,20,"[-16, 61]"
collapse_excess,40,"[40, -16, 62]",62,62,"[-16, 62]"
collapse_excess,40,"[40, -16, 63]",13,13,"[-16, 63]"
collapse_excess,40,"[40, -16, 64]",4,4,"[-16, 64]"
collapse_excess,40,"[40, -16, 65]",83,83,"[-16, 65]"
collapse_excess,40,"[40, -16, 66]",75,75,"[-16, 66]"
collapse_excess,40,"[40, -16, 67]",212,212,"[-16, 67]"
collapse_excess,40,"[40, -16, 68]",91,91,"[-16, 68]"
collapse_excess,40,"[40, -16, 69]",121,121,"[-16, 69]"
collapse_excess,40,"[40, -16, 70]",33,33,"[-16, 70]"
collapse_excess,40,"[40, -16, 71]",519,519,"[-16, 71]"
collapse_excess,40,"[40, -16, 72]",1381,1381,"[-16, 72]"
collapse_excess,40,"[40, -16, 73]",223,223,"[-16, 73]"
collapse_excess,40,"[40, -16, 74]",197,197,"[-16, 74]"
collapse_excess,40,"[40, -16, 75]",152,152,"[-16, 75]"
collapse_excess,40,"[40, -16, 76]",35,35,"[-16, 76]"
collapse_excess,40,"[40, -16, 77]",363,363,"[-16, 77]"
collapse_excess,40,"[40, -16, 78]",579,579,"[-16, 78]"
collapse_excess,40,"[40, -16, 79]",88,88,"[-16, 79]"
collapse_excess,40,"[40, -16, 80]",137,137,"[-16, 80]"
collapse_excess,40,"[40, -16, 81]",152,152,"[-16, 81]"
collapse_excess,40,"[40, -16, 82]",24,24,"[-16, 82]"
collapse_excess,40,"[40, -16, 83]",332,332,"[-16, 83]"
collapse_excess,40,"[40, -16, 84]",370,370,"[-16, 84]"
collapse_excess,40,"[40, -16, 85]",47,47,"[-16, 85]"
collapse_excess,40,"[40, -16, 86]",127,127,"[-16, 86]"
collapse_excess,40,"[40, -16, 87]",62,62,"[-16, 87]"
collapse_excess,40,"[40, -16, 88]",40,40,"[-16, 88]"
collapse_excess,40,"[40, -16, 89]",410,410,"[-16, 89]"
collapse_excess,40,"[40, -16, 90]",579,579,"[-16, 90]"
collapse_excess,40,"[40, -16, 91]",68,68,"[-16, 91]"
collapse_excess,40,"[40, -16, 92]",136,136,"[-16, 92]"
collapse_excess,40,"[40, -16, 93]",98,98,"[-16, 93]"
collapse_excess,40,"[40, -16, 94]",2,2,"[-16, 94]"
collapse_excess,40,"[40, -16, 95]",504,504,"[-16, 95]"
collapse_excess,40,"[40, -16, 96]",325,325,"[-16, 96]"
collapse_excess,40,"[40, -16, 97]",36,36,"[-16, 97]"
collapse_excess,40,"[40, -16, 98]",87,87,"[-16, 98]"
collapse_excess,40,"[40, -16, 99]",40,40,"[-16, 99]"
collapse_excess,40,"[40, -16, 101]",428,428,"[-16, 101]"
collapse_excess,40,"[40, -16, 102]",270,270,"[-16, 102]"
collapse_excess,40,"[40, -16, 103]",13,13,"[-16, 103]"
collapse_excess,40,"[40, -16, 104]",50,50,"[-16, 104]"
collapse_excess,40,"[40, -16, 105]",12,12,"[-16, 105]"
collapse_excess,40,"[40, -16, 106]",5,5,"[-16, 106]"
collapse_excess,40,"[40, -16, 107]",269,269,"[-16, 107]"
collapse_excess,40,"[40, -16, 108]",48,48,"[-16, 108]"
collapse_excess,40,"[40, -16, 109]",5,5,"[-16, 109]"
collapse_excess,40,"[40, -16, 110]",5,5,"[-16, 110]"
collapse_excess,40,"[40, -16, 111]",4,4,"[-16, 111]"
collapse_excess,40,"[40, -16, 113]",80,80,"[-16, 113]"
collapse_excess,40,"[40, -16, 114]",8,8,"[-16, 114]"
collapse_excess,40,"[40, -16, 115]",5,5,"[-16, 115]"
collapse_excess,40,"[40, -16, 116]",1,1,"[-16, 116]"
collapse_excess,40,"[40, -16, 117]",1,1,"[-16, 117]"
collapse_excess,40,"[40, -16, 119]",20,20,"[-16, 119]"
collapse_excess,40,"[40, -16, 120]",5,5,"[-16, 120]"
collapse_excess,40,"[40, -16, 122]",1,1,"[-16, 122]"
collapse_excess,40,"[40, -16, 125]",5,5,"[-16, 125]"
collapse_excess,40,"[40, -16, 126]",2,2,"[-16, 126]"
collapse_excess,40,"[40, -16, 127]",1,1,"[-16, 127]"
collapse_excess,40,"[40, -16, 128]",2,2,"[-16, 128]"
collapse_excess,40,"[40, -16, 131]",1,1,"[-16, 131]"
collapse_excess,40,"[40, -16, 132]",2,2,"[-16, 132]"
collapse_excess,40,"[40, -16, 136]",4,4,"[-16, 136]"
collapse_excess,40,"[40, -16, 138]",1,1,"[-16, 138]"
collapse_excess,40,"[40, -16, 144]",3,3,"[-16, 144]"
collapse_excess,40,"[40, -16, 146]",3,3,"[-16, 146]"
collapse_excess,40,"[40, -16, 150]",2,2,"[-16, 150]"
collapse_excess,40,"[40, -16, 154]",1,1,"[-16, 154]"
collapse_excess,40,"[40, -16, 158]",2,2,"[-16, 158]"
collapse_excess,40,"[40, -16, 167]",1,1,"[-16, 167]"
collapse_excess,40,"[40, -16, 229]",2,2,"[-16, 229]"
collapse_excess,40,"[40, -16, 234]",39,39,"[-16, 234]"
collapse_excess,40,"[40, -16, 235]",7,7,"[-16, 235]"
collapse_excess,40,"[40, -16, 236]",13,13,"[-16, 236]"
collapse_excess,40,"[40, -16, 239]",9,9,"[-16, 239]"
collapse_excess,40,"[40, -16, 240]",15,15,"[-16, 240]"
collapse_excess,40,"[40, -16, 241]",2,2,"[-16, 241]"
collapse_excess,40,"[40, -16, 242]",3,3,"[-16, 242]"
collapse_excess,40,"[40, -16, 244]",4,4,"[-16, 244]"
collapse_excess,40,"[40, -16, 245]",11,11,"[-16, 245]"
collapse_excess,40,"[40, -16, 246]",2,2,"[-16, 246]"
collapse_excess,40,"[40, -16, 247]",1,1,"[-16, 247]"
collapse_excess,40,"[40, -16, 248]",4,4,"[-16, 248]"
collapse_excess,40,"[40, -16, 251]",3,3,"[-16, 251]"
collapse_excess,40,"[40, -16, 252]",1,1,"[-16, 252]"
collapse_excess,40,"[40, -16, 254]",2,2,"[-16, 254]"
collapse_excess,40,"[40, -16, 257]",9,9,"[-16, 257]"
collapse_excess,40,"[40, -16, 260]",4,4,"[-16, 260]"
collapse_excess,40,"[40, -16, 263]",35,35,"[-16, 263]"
collapse_excess,40,"[40, -16, 264]",9,9,"[-16, 264]"
collapse_excess,40,"[40, -16, 265]",5,5,"[-16, 265]"
collapse_excess,40,"[40, -16, 266]",25,25,"[-16, 266]"
collapse_excess,40,"[40, -16, 269]",306,306,"[-16, 269]"
collapse_excess,40,"[40, -16, 270]",54,54,"[-16, 270]"
collapse_excess,40,"[40, -16, 271]",10,10,"[-16, 271]"
collapse_excess,40,"[40, -16, 272]",1,1,"[-16, 272]"
collapse_excess,40,"[40, -16, 275]",544,544,"[-16, 275]"
collapse_excess,40,"[40, -16, 276]",15,15,"[-16, 276]"
collapse_excess,40,"[40, -16, 277]",18,18,"[-16, 277]"
collapse_excess,40,"[40, -16, 278]",4,4,"[-16, 278]"
collapse_excess,40,"[40, -16, 281]",33,33,"[-16, 281]"
collapse_excess,40,"[40, -16, 282]",7,7,"[-16, 282]"
collapse_excess,40,"[40, -16, 283]",5,5,"[-16, 283]"
collapse_excess,40,"[40, -16, 287]",10,10,"[-16, 287]"
collapse_excess,40,"[40, -16, 288]",2,2,"[-16, 288]"
collapse_excess,40,"[40, -8, 36]",6,6,"[-8, 36]"
collapse_excess,40,"[40, -8, 37]",5,5,"[-8, 37]"
collapse_excess,40,"[40, -8, 38]",1,1,"[-8, 38]"
collapse_excess,40,"[40, -8, 39]",42,42,"[-8, 39]"
collapse_excess,40,"[40, -8, 40]",386,386,"[-8, 40]"
collapse_excess,40,"[40, -8, 41]",20,20,"[-8, 41]"
collapse_excess,40,"[40, -8, 42]",58,58,"[-8, 42]"
collapse_excess,40,"[40, -8, 43]",290,290,"[-8, 43]"
collapse_excess,40,"[40, -8, 44]",833,833,"[-8, 44]"
collapse_excess,40,"[40, -8, 45]",622,622,"[-8, 45]"
collapse_excess,40,"[40, -8, 46]",1529,1529,"[-8, 46]"
collapse_excess,40,"[40, -8, 47]",15,15,"[-8, 47]"
collapse_excess,40,"[40, -8, 48]",310,310,"[-8, 48]"
collapse_excess,40,"[40, -8, 49]",2000,2199,"[-8, 49]"
collapse_excess,40,"[40, -8, 50]",2000,3207,"[-8, 50]"
collapse_excess,40,"[40, -8, 51]",2000,6632,"[-8, 51]"
collapse_excess,40,"[40, -8, 52]",2000,4303,"[-8, 52]"
collapse_excess,40,"[40, -8, 53]",51,51,"[-8, 53]"
collapse_excess,40,"[40, -8, 54]",1690,1690,"[-8, 54]"
collapse_excess,40,"[40, -8, 55]",2000,10144,"[-8, 55]"
collapse_excess,40,"[40, -8, 56]",2000,12599,"[-8, 56]"
collapse_excess,40,"[40, -8, 57]",2000,3140,"[-8, 57]"
collapse_excess,40,"[40, -8, 58]",2000,6366,"[-8, 58]"
collapse_excess,40,"[40, -8, 59]",10,10,"[-8, 59]"
collapse_excess,40,"[40, -8, 60]",616,616,"[-8, 60]"
collapse_excess,40,"[40, -8, 61]",2000,13554,"[-8, 61]"
collapse_excess,40,"[40, -8, 62]",2000,10067,"[-8, 62]"
collapse_excess,40,"[40, -8, 63]",858,858,"[-8, 63]"
collapse_excess,40,"[40, -8, 64]",653,653,"[-8, 64]"
collapse_excess,40,"[40, -8, 65]",6,6,"[-8, 65]"
collapse_excess,40,"[40, -8, 66]",60,60,"[-8, 66]"
collapse_excess,40,"[40, -8, 67]",2000,7296,"[-8, 67]"
collapse_excess,40,"[40, -8, 68]",1080,1080,"[-8, 68]"
collapse_excess,40,"[40, -8, 69]",79,79,"[-8, 69]"
collapse_excess,40,"[40, -8, 70]",48,48,"[-8, 70]"
collapse_excess,40,"[40, -8, 71]",1,1,"[-8, 71]"
collapse_excess,40,"[40, -8, 72]",5,5,"[-8, 72]"
collapse_excess,40,"[40, -8, 73]",561,561,"[-8, 73]"
collapse_excess,40,"[40, -8, 74]",105,105,"[-8, 74]"
collapse_excess,40,"[40, -8, 75]",2000,2326,"[-8, 75]"
collapse_excess,40,"[40, -8, 76]",595,595,"[-8, 76]"
collapse_excess,40,"[40, -8, 77]",111,111,"[-8, 77]"
collapse_excess,40,"[40, -8, 78]",118,118,"[-8, 78]"
collapse_excess,40,"[40, -8, 79]",2000,4000,"[-8, 79]"
collapse_excess,40,"[40, -8, 80]",1378,1378,"[-8, 80]"
collapse_excess,40,"[40, -8, 81]",1303,1303,"[-8, 81]"
collapse_excess,40,"[40, -8, 82]",695,695,"[-8, 82]"
collapse_excess,40,"[40, -8, 83]",57,57,"[-8, 83]"
collapse_excess,40,"[40, -8, 84]",72,72,"[-8, 84]"
collapse_excess,40,"[40, -8, 85]",2000,2082,"[-8, 85]"
collapse_excess,40,"[40, -8, 86]",705,705,"[-8, 86]"
collapse_excess,40,"[40, -8, 87]",961,961,"[-8, 87]"
collapse_excess,40,"[40, -8, 88]",430,430,"[-8, 88]"
collapse_excess,40,"[40, -8, 89]",10,10,"[-8, 89]"
collapse_excess,40,"[40, -8, 90]",57,57,"[-8, 90]"
collapse_excess,40,"[40, -8, 91]",1691,1691,"[-8, 91]"
collapse_excess,40,"[40, -8, 92]",535,535,"[-8, 92]"
collapse_excess,40,"[40, -8, 93]",1173,1173,"[-8, 93]"
collapse_excess,40,"[40, -8, 94]",1236,1236,"[-8, 94]"
collapse_excess,40,"[40, -8, 95]",3,3,"[-8, 95]"
collapse_excess,40,"[40, -8, 96]",52,52,"[-8, 96]"
collapse_excess,40,"[40, -8, 97]",2000,2557,"[-8, 97]"
collapse_excess,40,"[40, -8, 98]",1832,1832,"[-8, 98]"
collapse_excess,40,"[40, -8, 99]",265,265,"[-8, 99]"
collapse_excess,40,"[40, -8, 100]",1147,1147,"[-8, 100]"
collapse_excess,40,"[40, -8, 101]",1,1,"[-8, 101]"
collapse_excess,40,"[40, -8, 102]",18,18,"[-8, 102]"
collapse_excess,40,"[40, -8, 103]",1698,1698,"[-8, 103]"
collapse_excess,40,"[40, -8, 104]",1037,1037,"[-8, 104]"
collapse_excess,40,"[40, -8, 105]",45,45,"[-8, 105]"
collapse_excess,40,"[40, -8, 106]",767,767,"[-8, 106]"
collapse_excess,40,"[40, -8, 108]",1,1,"[-8, 108]"
collapse_excess,40,"[40, -8, 109]",1410,1410,"[-8, 109]"
collapse_excess,40,"[40, -8, 110]",741,741,"[-8, 110]"
collapse_excess,40,"[40, -8, 111]",39,39,"[-8, 111]"
collapse_excess,40,"[40, -8, 112]",127,127,"[-8, 112]"
collapse_excess,40,"[40, -8, 115]",898,898,"[-8, 115]"
collapse_excess,40,"[40, -8, 116]",263,263,"[-8, 116]"
collapse_excess,40,"[40, -8, 117]",13,13,"[-8, 117]"
collapse_excess,40,"[40, -8, 118]",133,133,"[-8, 118]"
collapse_excess,40,"[40, -8, 120]",5,5,"[-8, 120]"
collapse_excess,40,"[40, -8, 121]",457,457,"[-8, 121]"
collapse_excess,40,"[40, -8, 122]",93,93,"[-8, 122]"
collapse_excess,40,"[40, -8, 123]",9,9,"[-8, 123]"
collapse_excess,40,"[40, -8, 124]",26,26,"[-8, 124]"
collapse_excess,40,"[40, -8, 127]",152,152,"[-8, 127]"
collapse_excess,40,"[40, -8, 128]",13,13,"[-8, 128]"
collapse_excess,40,"[40, -8, 129]",5,5,"[-8, 129]"
collapse_excess,40,"[40, -8, 130]",19,19,"[-8, 130]"
collapse_excess,40,"[40, -8, 133]",41,41,"[-8, 133]"
collapse_excess,40,"[40, -8, 134]",12,12,"[-8, 134]"
collapse_excess,40,"[40, -8, 135]",3,3,"[-8, 135]"
collapse_excess,40,"[40, -8, 136]",16,16,"[-8, 136]"
collapse_excess,40,"[40, -8, 139]",10,10,"[-8, 139]"
collapse_excess,40,"[40, -8, 140]",10,10,"[-8, 140]"
collapse_excess,40,"[40, -8, 142]",6,6,"[-8, 142]"
collapse_excess,40,"[40, -8, 145]",3,3,"[-8, 145]"
collapse_excess,40,"[40, -8, 146]",7,7,"[-8, 146]"
collapse_excess,40,"[40, -8, 147]",3,3,"[-8, 147]"
collapse_excess,40,"[40, -8, 148]",1,1,"[-8, 148]"
collapse_excess,40,"[40, -8, 151]",6,6,"[-8, 151]"
collapse_excess,40,"[40, -8, 152]",1,1,"[-8, 152]"
collapse_excess,40,"[40, -8, 157]",2,2,"[-8, 157]"
collapse_excess,40,"[40, -8, 170]",1,1,"[-8, 170]"
collapse_excess,40,"[40, -8, 237]",27,27,"[-8, 237]"
collapse_excess,40,"[40, -8, 238]",28,28,"[-8, 238]"
collapse_excess,40,"[40, -8, 241]",62,62,"[-8, 241]"
collapse_excess,40,"[40, -8, 242]",164,164,"[-8, 242]"
collapse_excess,40,"[40, -8, 243]",51,51,"[-8, 243]"
collapse_excess,40,"[40, -8, 244]",207,207,"[-8, 244]"
collapse_excess,40,"[40, -8, 245]",1,1,"[-8, 245]"
collapse_excess,40,"[40, -8, 247]",377,377,"[-8, 247]"
collapse_excess,40,"[40, -8, 248]",68,68,"[-8, 248]"
collapse_excess,40,"[40, -8, 249]",15,15,"[-8, 249]"
collapse_excess,40,"[40, -8, 250]",22,22,"[-8, 250]"
collapse_excess,40,"[40, -8, 253]",47,47,"[-8, 253]"
collapse_excess,40,"[40, -8, 254]",16,16,"[-8, 254]"
collapse_excess,40,"[40, -8, 255]",12,12,"[-8, 255]"
collapse_excess,40,"[40, -8, 256]",16,16,"[-8, 256]"
collapse_excess,40,"[40, -8, 259]",37,37,"[-8, 259]"
collapse_excess,40,"[40, -8, 260]",48,48,"[-8, 260]"
collapse_excess,40,"[40, -8, 261]",27,27,"[-8, 261]"
collapse_excess,40,"[40, -8, 262]",46,46,"[-8, 262]"
collapse_excess,40,"[40, -8, 265]",74,74,"[-8, 265]"
collapse_excess,40,"[40, -8, 266]",74,74,"[-8, 266]"
collapse_excess,40,"[40, -8, 267]",24,24,"[-8, 267]"
collapse_excess,40,"[40, -8, 268]",626,626,"[-8, 268]"
collapse_excess,40,"[40, -8, 271]",112,112,"[-8, 271]"
collapse_excess,40,"[40, -8, 272]",1642,1642,"[-8, 272]"
collapse_excess,40,"[40, -8, 273]",242,242,"[-8, 273]"
collapse_excess,40,"[40, -8, 274]",2000,2570,"[-8, 274]"
collapse_excess,40,"[40, -8, 277]",1052,1052,"[-8, 277]"
collapse_excess,40,"[40, -8, 278]",2000,8996,"[-8, 278]"
collapse_excess,40,"[40, -8, 279]",347,347,"[-8, 279]"
collapse_excess,40,"[40, -8, 280]",35,35,"[-8, 280]"
collapse_excess,40,"[40, -8, 283]",1874,1874,"[-8, 283]"
collapse_excess,40,"[40, -8, 284]",41,41,"[-8, 284]"
collapse_excess,40,"[40, -8, 285]",1525,1525,"[-8, 285]"
collapse_excess,40,"[40, -8, 286]",12,12,"[-8, 286]"
collapse_excess,40,"[40, -8, 289]",2000,4374,"[-8, 289]"
collapse_excess,40,"[40, -8, 290]",13,13,"[-8, 290]"
collapse_excess,40,"[40, -8, 291]",243,243,"[-8, 291]"
collapse_excess,40,"[40, -8, 292]",2,2,"[-8, 292]"
collapse_excess,40,"[40, -8, 295]",568,568,"[-8, 295]"
collapse_excess,40,"[40, -8, 296]",3,3,"[-8, 296]"
collapse_excess,40,"[40, -8, 297]",15,15,"[-8, 297]"
collapse_excess,40,"[40, -8, 301]",30,30,"[-8, 301]"
random,40,"[40, 0]",2000,216235,[0]
