heuristic,length,bucket,count,seen,score
power_projlen,40,"[40, 1]",40,40,[1]
power_projlen,40,"[40, 7]",37,37,[7]
power_projlen,40,"[40, 9]",1,1,[9]
power_projlen,40,"[40, 13]",42,42,[13]
power_projlen,40,"[40, 15]",1,1,[15]
power_projlen,40,"[40, 17]",1,1,[17]
power_projlen,40,"[40, 18]",2,2,[18]
power_projlen,40,"[40, 19]",6,6,[19]
power_projlen,40,"[40, 21]",1,1,[21]
power_projlen,40,"[40, 23]",29,29,[23]
power_projlen,40,"[40, 24]",1,1,[24]
power_projlen,40,"[40, 25]",30,30,[25]
power_projlen,40,"[40, 26]",17,17,[26]
power_projlen,40,"[40, 27]",26,26,[27]
power_projlen,40,"[40, 28]",13,13,[28]
power_projlen,40,"[40, 29]",105,105,[29]
power_projlen,40,"[40, 30]",10,10,[30]
power_projlen,40,"[40, 31]",110,110,[31]
power_projlen,40,"[40, 32]",38,38,[32]
power_projlen,40,"[40, 33]",232,232,[33]
power_projlen,40,"[40, 34]",83,83,[34]
power_projlen,40,"[40, 35]",302,302,[35]
power_projlen,40,"[40, 36]",217,217,[36]
power_projlen,40,"[40, 37]",319,319,[37]
power_projlen,40,"[40, 38]",364,364,[38]
power_projlen,40,"[40, 39]",471,471,[39]
power_projlen,40,"[40, 40]",711,711,[40]
power_projlen,40,"[40, 41]",773,773,[41]
power_projlen,40,"[40, 42]",839,839,[42]
power_projlen,40,"[40, 43]",1384,1384,[43]
power_projlen,40,"[40, 44]",2000,2016,[44]
power_projlen,40,"[40, 45]",1678,1678,[45]
power_projlen,40,"[40, 46]",2000,2170,[46]
power_projlen,40,"[40, 47]",2000,2592,[47]
power_projlen,40,"[40, 48]",2000,2720,[48]
power_projlen,40,"[40, 49]",2000,3934,[49]
power_projlen,40,"[40, 50]",2000,4563,[50]
power_projlen,40,"[40, 51]",2000,6658,[51]
power_projlen,40,"[40, 52]",2000,5018,[52]
power_projlen,40,"[40, 53]",2000,2136,[53]
power_projlen,40,"[40, 54]",2000,3636,[54]
power_projlen,40,"[40, 55]",2000,10179,[55]
power_projlen,40,"[40, 56]",2000,12783,[56]
power_projlen,40,"[40, 57]",2000,3990,[57]
power_projlen,40,"[40, 58]",2000,6292,[58]
power_projlen,40,"[40, 59]",1017,1017,[59]
power_projlen,40,"[40, 60]",1142,1142,[60]
power_projlen,40,"[40, 61]",2000,15433,[61]
power_projlen,40,"[40, 62]",2000,10693,[62]
power_projlen,40,"[40, 63]",1505,1505,[63]
power_projlen,40,"[40, 64]",1355,1355,[64]
power_projlen,40,"[40, 65]",1220,1220,[65]
power_projlen,40,"[40, 66]",1378,1378,[66]
power_projlen,40,"[40, 67]",2000,7261,[67]
power_projlen,40,"[40, 68]",1577,1577,[68]
power_projlen,40,"[40, 69]",1000,1000,[69]
power_projlen,40,"[40, 70]",936,936,[70]
power_projlen,40,"[40, 71]",1148,1148,[71]
power_projlen,40,"[40, 72]",1852,1852,[72]
power_projlen,40,"[40, 73]",822,822,[73]
power_projlen,40,"[40, 74]",449,449,[74]
power_projlen,40,"[40, 75]",2000,2677,[75]
power_projlen,40,"[40, 76]",758,758,[76]
power_projlen,40,"[40, 77]",894,894,[77]
power_projlen,40,"[40, 78]",851,851,[78]
power_projlen,40,"[40, 79]",2000,3709,[79]
power_projlen,40,"[40, 80]",1314,1314,[80]
power_projlen,40,"[40, 81]",1712,1712,[81]
power_projlen,40,"[40, 82]",888,888,[82]
power_projlen,40,"[40, 83]",602,602,[83]
power_projlen,40,"[40, 84]",591,591,[84]
power_projlen,40,"[40, 85]",2000,2363,[85]
power_projlen,40,"[40, 86]",920,920,[86]
power_projlen,40,"[40, 87]",1328,1328,[87]
power_projlen,40,"[40, 88]",472,472,[88]
power_projlen,40,"[40, 89]",552,552,[89]
power_projlen,40,"[40, 90]",762,762,[90]
power_projlen,40,"[40, 91]",1912,1912,[91]
power_projlen,40,"[40, 92]",748,748,[92]
power_projlen,40,"[40, 93]",1616,1616,[93]
power_projlen,40,"[40, 94]",947,947,[94]
power_projlen,40,"[40, 95]",745,745,[95]
power_projlen,40,"[40, 96]",403,403,[96]
power_projlen,40,"[40, 97]",2000,3086,[97]
power_projlen,40,"[40, 98]",1945,1945,[98]
power_projlen,40,"[40, 99]",306,306,[99]
power_projlen,40,"[40, 100]",806,806,[100]
power_projlen,40,"[40, 101]",573,573,[101]
power_projlen,40,"[40, 102]",162,162,[102]
power_projlen,40,"[40, 103]",2000,2145,[103]
power_projlen,40,"[40, 104]",1136,1136,[104]
power_projlen,40,"[40, 105]",95,95,[105]
power_projlen,40,"[40, 106]",489,489,[106]
power_projlen,40,"[40, 107]",308,308,[107]
power_projlen,40,"[40, 108]",28,28,[108]
power_projlen,40,"[40, 109]",1861,1861,[109]
power_projlen,40,"[40, 110]",656,656,[110]
power_projlen,40,"[40, 111]",51,51,[111]
power_projlen,40,"[40, 112]",126,126,[112]
power_projlen,40,"[40, 113]",98,98,[113]
power_projlen,40,"[40, 114]",10,10,[114]
power_projlen,40,"[40, 115]",1007,1007,[115]
power_projlen,40,"[40, 116]",137,137,[116]
power_projlen,40,"[40, 117]",19,19,[117]
power_projlen,40,"[40, 118]",100,100,[118]
power_projlen,40,"[40, 119]",16,16,[119]
power_projlen,40,"[40, 120]",12,12,[120]
power_projlen,40,"[40, 121]",409,409,[121]
power_projlen,40,"[40, 122]",85,85,[122]
power_projlen,40,"[40, 123]",12,12,[123]
power_projlen,40,"[40, 124]",32,32,[124]
power_projlen,40,"[40, 125]",13,13,[125]
power_projlen,40,"[40, 126]",9,9,[126]
power_projlen,40,"[40, 127]",91,91,[127]
power_projlen,40,"[40, 128]",18,18,[128]
power_projlen,40,"[40, 129]",20,20,[129]
power_projlen,40,"[40, 130]",26,26,[130]
power_projlen,40,"[40, 131]",11,11,[131]
power_projlen,40,"[40, 132]",12,12,[132]
power_projlen,40,"[40, 133]",41,41,[133]
power_projlen,40,"[40, 134]",22,22,[134]
power_projlen,40,"[40, 135]",15,15,[135]
power_projlen,40,"[40, 136]",30,30,[136]
power_projlen,40,"[40, 137]",15,15,[137]
power_projlen,40,"[40, 138]",12,12,[138]
power_projlen,40,"[40, 139]",23,23,[139]
power_projlen,40,"[40, 140]",20,20,[140]
power_projlen,40,"[40, 141]",9,9,[141]
power_projlen,40,"[40, 142]",20,20,[142]
power_projlen,40,"[40, 143]",12,12,[143]
power_projlen,40,"[40, 144]",15,15,[144]
power_projlen,40,"[40, 145]",19,19,[145]
power_projlen,40,"[40, 146]",28,28,[146]
power_projlen,40,"[40, 147]",17,17,[147]
power_projlen,40,"[40, 148]",15,15,[148]
power_projlen,40,"[40, 149]",25,25,[149]
power_projlen,40,"[40, 150]",21,21,[150]
power_projlen,40,"[40, 151]",24,24,[151]
power_projlen,40,"[40, 152]",16,16,[152]
power_projlen,40,"[40, 153]",18,18,[153]
power_projlen,40,"[40, 154]",18,18,[154]
power_projlen,40,"[40, 155]",16,16,[155]
power_projlen,40,"[40, 156]",23,23,[156]
power_projlen,40,"[40, 157]",18,18,[157]
power_projlen,40,"[40, 158]",15,15,[158]
power_projlen,40,"[40, 159]",8,8,[159]
power_projlen,40,"[40, 160]",25,25,[160]
power_projlen,40,"[40, 161]",8,8,[161]
power_projlen,40,"[40, 162]",10,10,[162]
power_projlen,40,"[40, 163]",8,8,[163]
power_projlen,40,"[40, 164]",18,18,[164]
power_projlen,40,"[40, 165]",27,27,[165]
power_projlen,40,"[40, 166]",2,2,[166]
power_projlen,40,"[40, 167]",2,2,[167]
power_projlen,40,"[40, 168]",31,31,[168]
power_projlen,40,"[40, 169]",7,7,[169]
power_projlen,40,"[40, 170]",2,2,[170]
power_projlen,40,"[40, 171]",1,1,[171]
power_projlen,40,"[40, 172]",45,45,[172]
power_projlen,40,"[40, 173]",12,12,[173]
power_projlen,40,"[40, 174]",1,1,[174]
power_projlen,40,"[40, 175]",4,4,[175]
power_projlen,40,"[40, 176]",47,47,[176]
power_projlen,40,"[40, 177]",18,18,[177]
power_projlen,40,"[40, 178]",1,1,[178]
power_projlen,40,"[40, 179]",22,22,[179]
power_projlen,40,"[40, 180]",54,54,[180]
power_projlen,40,"[40, 181]",13,13,[181]
power_projlen,40,"[40, 182]",3,3,[182]
power_projlen,40,"[40, 183]",15,15,[183]
power_projlen,40,"[40, 184]",67,67,[184]
power_projlen,40,"[40, 185]",251,251,[185]
power_projlen,40,"[40, 186]",13,13,[186]
power_projlen,40,"[40, 187]",39,39,[187]
power_projlen,40,"[40, 188]",90,90,[188]
power_projlen,40,"[40, 189]",37,37,[189]
power_projlen,40,"[40, 190]",66,66,[190]
power_projlen,40,"[40, 191]",381,381,[191]
power_projlen,40,"[40, 192]",116,116,[192]
power_projlen,40,"[40, 193]",76,76,[193]
power_projlen,40,"[40, 194]",197,197,[194]
power_projlen,40,"[40, 195]",135,135,[195]
power_projlen,40,"[40, 196]",162,162,[196]
power_projlen,40,"[40, 197]",1494,1494,[197]
power_projlen,40,"[40, 198]",365,365,[198]
power_projlen,40,"[40, 199]",245,245,[199]
power_projlen,40,"[40, 200]",245,245,[200]
power_projlen,40,"[40, 201]",200,200,[201]
power_projlen,40,"[40, 202]",683,683,[202]
power_projlen,40,"[40, 203]",478,478,[203]
power_projlen,40,"[40, 204]",261,261,[204]
power_projlen,40,"[40, 205]",170,170,[205]
power_projlen,40,"[40, 206]",1164,1164,[206]
power_projlen,40,"[40, 207]",437,437,[207]
power_projlen,40,"[40, 208]",357,357,[208]
power_projlen,40,"[40, 209]",270,270,[209]
power_projlen,40,"[40, 210]",1587,1587,[210]
power_projlen,40,"[40, 211]",2,2,[211]
power_projlen,40,"[40, 212]",82,82,[212]
power_projlen,40,"[40, 213]",1701,1701,[213]
power_projlen,40,"[40, 214]",152,152,[214]
power_projlen,40,"[40, 215]",88,88,[215]
power_projlen,40,"[40, 216]",235,235,[216]
power_projlen,40,"[40, 217]",18,18,[217]
power_projlen,40,"[40, 218]",1483,1483,[218]
power_projlen,40,"[40, 219]",2000,4232,[219]
power_projlen,40,"[40, 220]",242,242,[220]
power_projlen,40,"[40, 221]",228,228,[221]
power_projlen,40,"[40, 222]",116,116,[222]
power_projlen,40,"[40, 223]",3,3,[223]
power_projlen,40,"[40, 224]",294,294,[224]
power_projlen,40,"[40, 225]",22,22,[225]
power_projlen,40,"[40, 226]",21,21,[226]
power_projlen,40,"[40, 227]",67,67,[227]
power_projlen,40,"[40, 228]",25,25,[228]
power_projlen,40,"[40, 229]",6,6,[229]
power_projlen,40,"[40, 230]",20,20,[230]
power_projlen,40,"[40, 231]",1,1,[231]
power_projlen,40,"[40, 232]",32,32,[232]
power_projlen,40,"[40, 233]",10,10,[233]
power_projlen,40,"[40, 234]",49,49,[234]
power_projlen,40,"[40, 235]",4,4,[235]
power_projlen,40,"[40, 236]",16,16,[236]
power_projlen,40,"[40, 237]",24,24,[237]
power_projlen,40,"[40, 238]",30,30,[238]
power_projlen,40,"[40, 239]",30,30,[239]
power_projlen,40,"[40, 240]",19,19,[240]
power_projlen,40,"[40, 241]",64,64,[241]
power_projlen,40,"[40, 242]",175,175,[242]
power_projlen,40,"[40, 243]",49,49,[243]
power_projlen,40,"[40, 244]",212,212,[244]
power_projlen,40,"[40, 245]",10,10,[245]
power_projlen,40,"[40, 246]",8,8,[246]
power_projlen,40,"[40, 247]",384,384,[247]
power_projlen,40,"[40, 248]",78,78,[248]
power_projlen,40,"[40, 249]",18,18,[249]
power_projlen,40,"[40, 250]",16,16,[250]
power_projlen,40,"[40, 251]",2,2,[251]
power_projlen,40,"[40, 252]",8,8,[252]
power_projlen,40,"[40, 253]",41,41,[253]
power_projlen,40,"[40, 254]",21,21,[254]
power_projlen,40,"[40, 255]",11,11,[255]
power_projlen,40,"[40, 256]",13,13,[256]
power_projlen,40,"[40, 257]",6,6,[257]
power_projlen,40,"[40, 258]",66,66,[258]
power_projlen,40,"[40, 259]",36,36,[259]
power_projlen,40,"[40, 260]",55,55,[260]
power_projlen,40,"[40, 261]",27,27,[261]
power_projlen,40,"[40, 262]",42,42,[262]
power_projlen,40,"[40, 263]",33,33,[263]
power_projlen,40,"[40, 264]",25,25,[264]
power_projlen,40,"[40, 265]",72,72,[265]
power_projlen,40,"[40, 266]",97,97,[266]
power_projlen,40,"[40, 267]",28,28,[267]
power_projlen,40,"[40, 268]",645,645,[268]
power_projlen,40,"[40, 269]",317,317,[269]
power_projlen,40,"[40, 270]",57,57,[270]
power_projlen,40,"[40, 271]",114,114,[271]
power_projlen,40,"[40, 272]",1663,1663,[272]
power_projlen,40,"[40, 273]",241,241,[273]
power_projlen,40,"[40, 274]",2000,2677,[274]
power_projlen,40,"[40, 275]",571,571,[275]
power_projlen,40,"[40, 276]",10,10,[276]
power_projlen,40,"[40, 277]",1078,1078,[277]
power_projlen,40,"[40, 278]",2000,9486,[278]
power_projlen,40,"[40, 279]",330,330,[279]
power_projlen,40,"[40, 280]",21,21,[280]
power_projlen,40,"[40, 281]",31,31,[281]
power_projlen,40,"[40, 282]",6,6,[282]
power_projlen,40,"[40, 283]",1843,1843,[283]
power_projlen,40,"[40, 284]",43,43,[284]
power_projlen,40,"[40, 285]",1481,1481,[285]
power_projlen,40,"[40, 286]",12,12,[286]
power_projlen,40,"[40, 287]",5,5,[287]
power_projlen,40,"[40, 288]",2,2,[288]
power_projlen,40,"[40, 289]",2000,4200,[289]
power_projlen,40,"[40, 290]",13,13,[290]
power_projlen,40,"[40, 291]",242,242,[291]
power_projlen,40,"[40, 292]",3,3,[292]
power_projlen,40,"[40, 295]",558,558,[295]
power_projlen,40,"[40, 296]",4,4,[296]
power_projlen,40,"[40, 297]",15,15,[297]
power_projlen,40,"[40, 301]",30,30,[301]
two_level,40,"[40, 1, 16]",3,3,"[1, 16]"
two_level,40,"[40, 1, 20]",3,3,"[1, 20]"
two_level,40,"[40, 1, 24]",21,21,"[1, 24]"
two_level,40,"[40, 1, 28]",13,13,"[1, 28]"
two_level,40,"[40, 7, 24]",37,37,"[7, 24]"
two_level,40,"[40, 9, 28]",1,1,"[9, 28]"
two_level,40,"[40, 13, 24]",41,41,"[13, 24]"
two_level,40,"[40, 13, 28]",1,1,"[13, 28]"
two_level,40,"[40, 15, 24]",1,1,"[15, 24]"
two_level,40,"[40, 17, 16]",1,1,"[17, 16]"
two_level,40,"[40, 18, 16]",2,2,"[18, 16]"
two_level,40,"[40, 19, 16]",6,6,"[19, 16]"
two_level,40,"[40, 21, 16]",1,1,"[21, 16]"
two_level,40,"[40, 23, 12]",9,9,"[23, 12]"
two_level,40,"[40, 23, 16]",4,4,"[23, 16]"
two_level,40,"[40, 23, 20]",16,16,"[23, 20]"
two_level,40,"[40, 24, 12]",1,1,"[24, 12]"
two_level,40,"[40, 25, 12]",1,1,"[25, 12]"
two_level,40,"[40, 25, 16]",7,7,"[25, 16]"
two_level,40,"[40, 25, 20]",3,3,"[25, 20]"
two_level,40,"[40, 25, 24]",18,18,"[25, 24]"
two_level,40,"[40, 25, 28]",1,1,"[25, 28]"
two_level,40,"[40, 26, 16]",16,16,"[26, 16]"
two_level,40,"[40, 26, 20]",1,1,"[26, 20]"
two_level,40,"[40, 27, 12]",2,2,"[27, 12]"
two_level,40,"[40, 27, 16]",10,10,"[27, 16]"
two_level,40,"[40, 27, 20]",5,5,"[27, 20]"
two_level,40,"[40, 27, 24]",9,9,"[27, 24]"
two_level,40,"[40, 28, 16]",5,5,"[28, 16]"
two_level,40,"[40, 28, 20]",4,4,"[28, 20]"
two_level,40,"[40, 28, 28]",4,4,"[28, 28]"
two_level,40,"[40, 29, 12]",3,3,"[29, 12]"
two_level,40,"[40, 29, 16]",10,10,"[29, 16]"
two_level,40,"[40, 29, 20]",21,21,"[29, 20]"
two_level,40,"[40, 29, 24]",5,5,"[29, 24]"
two_level,40,"[40, 29, 28]",66,66,"[29, 28]"
two_level,40,"[40, 30, 12]",1,1,"[30, 12]"
two_level,40,"[40, 30, 16]",7,7,"[30, 16]"
two_level,40,"[40, 30, 20]",2,2,"[30, 20]"
two_level,40,"[40, 31, 12]",16,16,"[31, 12]"
two_level,40,"[40, 31, 16]",45,45,"[31, 16]"
two_level,40,"[40, 31, 20]",2,2,"[31, 20]"
two_level,40,"[40, 31, 24]",23,23,"[31, 24]"
two_level,40,"[40, 31, 28]",24,24,"[31, 28]"
two_level,40,"[40, 32, 16]",27,27,"[32, 16]"
two_level,40,"[40, 32, 20]",2,2,"[32, 20]"
two_level,40,"[40, 32, 24]",1,1,"[32, 24]"
two_level,40,"[40, 32, 28]",8,8,"[32, 28]"
two_level,40,"[40, 33, 12]",9,9,"[33, 12]"
two_level,40,"[40, 33, 16]",72,72,"[33, 16]"
two_level,40,"[40, 33, 20]",3,3,"[33, 20]"
two_level,40,"[40, 33, 24]",22,22,"[33, 24]"
two_level,40,"[40, 33, 28]",46,46,"[33, 28]"
two_level,40,"[40, 33, 32]",80,80,"[33, 32]"
two_level,40,"[40, 34, 12]",2,2,"[34, 12]"
two_level,40,"[40, 34, 16]",67,67,"[34, 16]"
two_level,40,"[40, 34, 20]",12,12,"[34, 20]"
two_level,40,"[40, 34, 24]",2,2,"[34, 24]"
two_level,40,"[40, 35, 12]",12,12,"[35, 12]"
two_level,40,"[40, 35, 16]",70,70,"[35, 16]"
two_level,40,"[40, 35, 20]",15,15,"[35, 20]"
two_level,40,"[40, 35, 24]",89,89,"[35, 24]"
two_level,40,"[40, 35, 28]",31,31,"[35, 28]"
two_level,40,"[40, 35, 32]",85,85,"[35, 32]"
two_level,40,"[40, 36, 12]",6,6,"[36, 12]"
two_level,40,"[40, 36, 16]",118,118,"[36, 16]"
two_level,40,"[40, 36, 20]",19,19,"[36, 20]"
two_level,40,"[40, 36, 24]",70,70,"[36, 24]"
two_level,40,"[40, 36, 28]",4,4,"[36, 28]"
two_level,40,"[40, 37, 12]",6,6,"[37, 12]"
two_level,40,"[40, 37, 16]",220,220,"[37, 16]"
two_level,40,"[40, 37, 20]",37,37,"[37, 20]"
two_level,40,"[40, 37, 24]",28,28,"[37, 24]"
two_level,40,"[40, 37, 28]",17,17,"[37, 28]"
two_level,40,"[40, 37, 36]",11,11,"[37, 36]"
two_level,40,"[40, 38, 12]",5,5,"[38, 12]"
two_level,40,"[40, 38, 16]",296,296,"[38, 16]"
two_level,40,"[40, 38, 20]",25,25,"[38, 20]"
two_level,40,"[40, 38, 24]",4,4,"[38, 24]"
two_level,40,"[40, 38, 28]",33,33,"[38, 28]"
two_level,40,"[40, 38, 32]",1,1,"[38, 32]"
two_level,40,"[40, 39, 12]",49,49,"[39, 12]"
two_level,40,"[40, 39, 16]",276,276,"[39, 16]"
two_level,40,"[40, 39, 20]",32,32,"[39, 20]"
two_level,40,"[40, 39, 24]",43,43,"[39, 24]"
two_level,40,"[40, 39, 28]",51,51,"[39, 28]"
two_level,40,"[40, 39, 32]",20,20,"[39, 32]"
two_level,40,"[40, 40, 12]",2,2,"[40, 12]"
two_level,40,"[40, 40, 16]",552,552,"[40, 16]"
two_level,40,"[40, 40, 20]",133,133,"[40, 20]"
two_level,40,"[40, 40, 24]",2,2,"[40, 24]"
two_level,40,"[40, 40, 28]",18,18,"[40, 28]"
two_level,40,"[40, 40, 32]",4,4,"[40, 32]"
two_level,40,"[40, 41, 12]",13,13,"[41, 12]"
two_level,40,"[40, 41, 16]",498,498,"[41, 16]"
two_level,40,"[40, 41, 20]",85,85,"[41, 20]"
two_level,40,"[40, 41, 24]",46,46,"[41, 24]"
two_level,40,"[40, 41, 28]",95,95,"[41, 28]"
two_level,40,"[40, 41, 32]",36,36,"[41, 32]"
two_level,40,"[40, 42, 16]",683,683,"[42, 16]"
two_level,40,"[40, 42, 20]",136,136,"[42, 20]"
two_level,40,"[40, 42, 24]",3,3,"[42, 24]"
two_level,40,"[40, 42, 28]",16,16,"[42, 28]"
two_level,40,"[40, 42, 32]",1,1,"[42, 32]"
two_level,40,"[40, 43, 12]",216,216,"[43, 12]"
two_level,40,"[40, 43, 16]",842,842,"[43, 16]"
two_level,40,"[40, 43, 20]",79,79,"[43, 20]"
two_level,40,"[40, 43, 24]",165,165,"[43, 24]"
two_level,40,"[40, 43, 28]",59,59,"[43, 28]"
two_level,40,"[40, 43, 32]",15,15,"[43, 32]"
two_level,40,"[40, 43, 36]",8,8,"[43, 36]"
two_level,40,"[40, 44, 16]",1300,1300,"[44, 16]"
two_level,40,"[40, 44, 20]",673,673,"[44, 20]"
two_level,40,"[40, 44, 24]",4,4,"[44, 24]"
two_level,40,"[40, 44, 28]",36,36,"[44, 28]"
two_level,40,"[40, 44, 32]",3,3,"[44, 32]"
two_level,40,"[40, 45, 16]",1266,1266,"[45, 16]"
two_level,40,"[40, 45, 20]",246,246,"[45, 20]"
two_level,40,"[40, 45, 24]",41,41,"[45, 24]"
two_level,40,"[40, 45, 28]",93,93,"[45, 28]"
two_level,40,"[40, 45, 32]",24,24,"[45, 32]"
two_level,40,"[40, 45, 36]",8,8,"[45, 36]"
two_level,40,"[40, 46, 16]",1675,1675,"[46, 16]"
two_level,40,"[40, 46, 20]",404,404,"[46, 20]"
two_level,40,"[40, 46, 24]",45,45,"[46, 24]"
two_level,40,"[40, 46, 28]",11,11,"[46, 28]"
two_level,40,"[40, 46, 32]",34,34,"[46, 32]"
two_level,40,"[40, 46, 36]",1,1,"[46, 36]"
two_level,40,"[40, 47, 16]",1965,1965,"[47, 16]"
two_level,40,"[40, 47, 20]",330,330,"[47, 20]"
two_level,40,"[40, 47, 24]",72,72,"[47, 24]"
two_level,40,"[40, 47, 28]",146,146,"[47, 28]"
two_level,40,"[40, 47, 32]",70,70,"[47, 32]"
two_level,40,"[40, 47, 36]",9,9,"[47, 36]"
two_level,40,"[40, 48, 16]",323,323,"[48, 16]"
two_level,40,"[40, 48, 20]",2000,2321,"[48, 20]"
two_level,40,"[40, 48, 24]",10,10,"[48, 24]"
two_level,40,"[40, 48, 28]",43,43,"[48, 28]"
two_level,40,"[40, 48, 32]",20,20,"[48, 32]"
two_level,40,"[40, 48, 36]",3,3,"[48, 36]"
two_level,40,"[40, 49, 16]",2000,2465,"[49, 16]"
two_level,40,"[40, 49, 20]",1157,1157,"[49, 20]"
two_level,40,"[40, 49, 24]",77,77,"[49, 24]"
two_level,40,"[40, 49, 28]",174,174,"[49, 28]"
two_level,40,"[40, 49, 32]",31,31,"[49, 32]"
two_level,40,"[40, 49, 36]",30,30,"[49, 36]"
two_level,40,"[40, 50, 16]",2000,3515,"[50, 16]"
two_level,40,"[40, 50, 20]",931,931,"[50, 20]"
two_level,40,"[40, 50, 24]",11,11,"[50, 24]"
two_level,40,"[40, 50, 28]",67,67,"[50, 28]"
two_level,40,"[40, 50, 32]",33,33,"[50, 32]"
two_level,40,"[40, 50, 36]",6,6,"[50, 36]"
two_level,40,"[40, 51, 16]",2000,5706,"[51, 16]"
two_level,40,"[40, 51, 20]",343,343,"[51, 20]"
two_level,40,"[40, 51, 24]",262,262,"[51, 24]"
two_level,40,"[40, 51, 28]",235,235,"[51, 28]"
two_level,40,"[40, 51, 32]",97,97,"[51, 32]"
two_level,40,"[40, 51, 36]",14,14,"[51, 36]"
two_level,40,"[40, 51, 40]",1,1,"[51, 40]"
two_level,40,"[40, 52, 16]",107,107,"[52, 16]"
two_level,40,"[40, 52, 20]",2000,4695,"[52, 20]"
two_level,40,"[40, 52, 24]",32,32,"[52, 24]"
two_level,40,"[40, 52, 28]",82,82,"[52, 28]"
two_level,40,"[40, 52, 32]",86,86,"[52, 32]"
two_level,40,"[40, 52, 36]",16,16,"[52, 36]"
two_level,40,"[40, 53, 16]",59,59,"[53, 16]"
two_level,40,"[40, 53, 20]",1626,1626,"[53, 20]"
two_level,40,"[40, 53, 24]",80,80,"[53, 24]"
two_level,40,"[40, 53, 28]",104,104,"[53, 28]"
two_level,40,"[40, 53, 32]",207,207,"[53, 32]"
two_level,40,"[40, 53, 36]",60,60,"[53, 36]"
two_level,40,"[40, 54, 20]",2000,3354,"[54, 20]"
two_level,40,"[40, 54, 24]",15,15,"[54, 24]"
two_level,40,"[40, 54, 28]",105,105,"[54, 28]"
two_level,40,"[40, 54, 32]",118,118,"[54, 32]"
two_level,40,"[40, 54, 36]",44,44,"[54, 36]"
two_level,40,"[40, 55, 16]",2000,7961,"[55, 16]"
two_level,40,"[40, 55, 20]",1718,1718,"[55, 20]"
two_level,40,"[40, 55, 24]",64,64,"[55, 24]"
two_level,40,"[40, 55, 28]",250,250,"[55, 28]"
two_level,40,"[40, 55, 32]",132,132,"[55, 32]"
two_level,40,"[40, 55, 36]",54,54,"[55, 36]"
two_level,40,"[40, 56, 20]",2000,12434,"[56, 20]"
two_level,40,"[40, 56, 24]",75,75,"[56, 24]"
two_level,40,"[40, 56, 28]",18,18,"[56, 28]"
two_level,40,"[40, 56, 32]",216,216,"[56, 32]"
two_level,40,"[40, 56, 36]",40,40,"[56, 36]"
two_level,40,"[40, 57, 20]",2000,3370,"[57, 20]"
two_level,40,"[40, 57, 24]",59,59,"[57, 24]"
two_level,40,"[40, 57, 28]",176,176,"[57, 28]"
two_level,40,"[40, 57, 32]",253,253,"[57, 32]"
two_level,40,"[40, 57, 36]",124,124,"[57, 36]"
two_level,40,"[40, 57, 40]",6,6,"[57, 40]"
two_level,40,"[40, 57, 44]",2,2,"[57, 44]"
two_level,40,"[40, 58, 20]",2000,5761,"[58, 20]"
two_level,40,"[40, 58, 24]",19,19,"[58, 24]"
two_level,40,"[40, 58, 28]",83,83,"[58, 28]"
two_level,40,"[40, 58, 32]",292,292,"[58, 32]"
two_level,40,"[40, 58, 36]",134,134,"[58, 36]"
two_level,40,"[40, 58, 40]",3,3,"[58, 40]"
two_level,40,"[40, 59, 20]",263,263,"[59, 20]"
two_level,40,"[40, 59, 24]",166,166,"[59, 24]"
two_level,40,"[40, 59, 28]",99,99,"[59, 28]"
two_level,40,"[40, 59, 32]",373,373,"[59, 32]"
two_level,40,"[40, 59, 36]",110,110,"[59, 36]"
two_level,40,"[40, 59, 40]",2,2,"[59, 40]"
two_level,40,"[40, 59, 44]",4,4,"[59, 44]"
two_level,40,"[40, 60, 20]",545,545,"[60, 20]"
two_level,40,"[40, 60, 24]",113,113,"[60, 24]"
two_level,40,"[40, 60, 28]",44,44,"[60, 28]"
two_level,40,"[40, 60, 32]",229,229,"[60, 32]"
two_level,40,"[40, 60, 36]",190,190,"[60, 36]"
two_level,40,"[40, 60, 40]",21,21,"[60, 40]"
two_level,40,"[40, 61, 20]",2000,14035,"[61, 20]"
two_level,40,"[40, 61, 24]",55,55,"[61, 24]"
two_level,40,"[40, 61, 28]",112,112,"[61, 28]"
two_level,40,"[40, 61, 32]",916,916,"[61, 32]"
two_level,40,"[40, 61, 36]",306,306,"[61, 36]"
two_level,40,"[40, 61, 40]",7,7,"[61, 40]"
two_level,40,"[40, 61, 48]",2,2,"[61, 48]"
two_level,40,"[40, 62, 20]",2000,9923,"[62, 20]"
two_level,40,"[40, 62, 24]",28,28,"[62, 24]"
two_level,40,"[40, 62, 28]",62,62,"[62, 28]"
two_level,40,"[40, 62, 32]",543,543,"[62, 32]"
two_level,40,"[40, 62, 36]",128,128,"[62, 36]"
two_level,40,"[40, 62, 40]",7,7,"[62, 40]"
two_level,40,"[40, 62, 44]",2,2,"[62, 44]"
two_level,40,"[40, 63, 20]",626,626,"[63, 20]"
two_level,40,"[40, 63, 24]",58,58,"[63, 24]"
two_level,40,"[40, 63, 28]",183,183,"[63, 28]"
two_level,40,"[40, 63, 32]",460,460,"[63, 32]"
two_level,40,"[40, 63, 36]",167,167,"[63, 36]"
two_level,40,"[40, 63, 40]",10,10,"[63, 40]"
two_level,40,"[40, 63, 44]",1,1,"[63, 44]"
two_level,40,"[40, 64, 20]",148,148,"[64, 20]"
two_level,40,"[40, 64, 24]",352,352,"[64, 24]"
two_level,40,"[40, 64, 28]",45,45,"[64, 28]"
two_level,40,"[40, 64, 32]",380,380,"[64, 32]"
two_level,40,"[40, 64, 36]",375,375,"[64, 36]"
two_level,40,"[40, 64, 40]",47,47,"[64, 40]"
two_level,40,"[40, 64, 44]",8,8,"[64, 44]"
two_level,40,"[40, 65, 20]",4,4,"[65, 20]"
two_level,40,"[40, 65, 24]",86,86,"[65, 24]"
two_level,40,"[40, 65, 28]",154,154,"[65, 28]"
two_level,40,"[40, 65, 32]",183,183,"[65, 32]"
two_level,40,"[40, 65, 36]",767,767,"[65, 36]"
two_level,40,"[40, 65, 40]",26,26,"[65, 40]"
two_level,40,"[40, 66, 24]",103,103,"[66, 24]"
two_level,40,"[40, 66, 28]",86,86,"[66, 28]"
two_level,40,"[40, 66, 32]",562,562,"[66, 32]"
two_level,40,"[40, 66, 36]",603,603,"[66, 36]"
two_level,40,"[40, 66, 40]",19,19,"[66, 40]"
two_level,40,"[40, 66, 44]",1,1,"[66, 44]"
two_level,40,"[40, 66, 48]",4,4,"[66, 48]"
two_level,40,"[40, 67, 20]",2000,6649,"[67, 20]"
two_level,40,"[40, 67, 24]",221,221,"[67, 24]"
two_level,40,"[40, 67, 28]",79,79,"[67, 28]"
two_level,40,"[40, 67, 32]",145,145,"[67, 32]"
two_level,40,"[40, 67, 36]",144,144,"[67, 36]"
two_level,40,"[40, 67, 40]",22,22,"[67, 40]"
two_level,40,"[40, 67, 48]",1,1,"[67, 48]"
two_level,40,"[40, 68, 24]",776,776,"[68, 24]"
two_level,40,"[40, 68, 28]",114,114,"[68, 28]"
two_level,40,"[40, 68, 32]",93,93,"[68, 32]"
two_level,40,"[40, 68, 36]",505,505,"[68, 36]"
two_level,40,"[40, 68, 40]",84,84,"[68, 40]"
two_level,40,"[40, 68, 44]",4,4,"[68, 44]"
two_level,40,"[40, 68, 52]",1,1,"[68, 52]"
two_level,40,"[40, 69, 24]",153,153,"[69, 24]"
two_level,40,"[40, 69, 28]",176,176,"[69, 28]"
two_level,40,"[40, 69, 32]",253,253,"[69, 32]"
two_level,40,"[40, 69, 36]",368,368,"[69, 36]"
two_level,40,"[40, 69, 40]",48,48,"[69, 40]"
two_level,40,"[40, 69, 44]",2,2,"[69, 44]"
two_level,40,"[40, 70, 24]",56,56,"[70, 24]"
two_level,40,"[40, 70, 28]",150,150,"[70, 28]"
two_level,40,"[40, 70, 32]",410,410,"[70, 32]"
two_level,40,"[40, 70, 36]",287,287,"[70, 36]"
two_level,40,"[40, 70, 40]",20,20,"[70, 40]"
two_level,40,"[40, 70, 44]",11,11,"[70, 44]"
two_level,40,"[40, 70, 48]",2,2,"[70, 48]"
two_level,40,"[40, 71, 24]",391,391,"[71, 24]"
two_level,40,"[40, 71, 28]",190,190,"[71, 28]"
two_level,40,"[40, 71, 32]",227,227,"[71, 32]"
two_level,40,"[40, 71, 36]",320,320,"[71, 36]"
two_level,40,"[40, 71, 40]",12,12,"[71, 40]"
two_level,40,"[40, 71, 44]",8,8,"[71, 44]"
two_level,40,"[40, 72, 24]",7,7,"[72, 24]"
two_level,40,"[40, 72, 28]",1333,1333,"[72, 28]"
two_level,40,"[40, 72, 32]",156,156,"[72, 32]"
two_level,40,"[40, 72, 36]",179,179,"[72, 36]"
two_level,40,"[40, 72, 40]",170,170,"[72, 40]"
two_level,40,"[40, 72, 44]",6,6,"[72, 44]"
two_level,40,"[40, 72, 48]",1,1,"[72, 48]"
two_level,40,"[40, 73, 24]",507,507,"[73, 24]"
two_level,40,"[40, 73, 28]",224,224,"[73, 28]"
two_level,40,"[40, 73, 32]",21,21,"[73, 32]"
two_level,40,"[40, 73, 36]",6,6,"[73, 36]"
two_level,40,"[40, 73, 40]",56,56,"[73, 40]"
two_level,40,"[40, 73, 44]",4,4,"[73, 44]"
two_level,40,"[40, 73, 48]",4,4,"[73, 48]"
two_level,40,"[40, 74, 24]",102,102,"[74, 24]"
two_level,40,"[40, 74, 28]",174,174,"[74, 28]"
two_level,40,"[40, 74, 32]",26,26,"[74, 32]"
two_level,40,"[40, 74, 36]",120,120,"[74, 36]"
two_level,40,"[40, 74, 40]",24,24,"[74, 40]"
two_level,40,"[40, 74, 44]",3,3,"[74, 44]"
two_level,40,"[40, 75, 24]",2000,2204,"[75, 24]"
two_level,40,"[40, 75, 28]",213,213,"[75, 28]"
two_level,40,"[40, 75, 32]",97,97,"[75, 32]"
two_level,40,"[40, 75, 36]",148,148,"[75, 36]"
two_level,40,"[40, 75, 40]",10,10,"[75, 40]"
two_level,40,"[40, 75, 44]",5,5,"[75, 44]"
two_level,40,"[40, 76, 24]",1,1,"[76, 24]"
two_level,40,"[40, 76, 28]",579,579,"[76, 28]"
two_level,40,"[40, 76, 32]",60,60,"[76, 32]"
two_level,40,"[40, 76, 36]",27,27,"[76, 36]"
two_level,40,"[40, 76, 40]",88,88,"[76, 40]"
two_level,40,"[40, 76, 44]",1,1,"[76, 44]"
two_level,40,"[40, 76, 48]",2,2,"[76, 48]"
two_level,40,"[40, 77, 24]",68,68,"[77, 24]"
two_level,40,"[40, 77, 28]",436,436,"[77, 28]"
two_level,40,"[40, 77, 32]",61,61,"[77, 32]"
two_level,40,"[40, 77, 36]",137,137,"[77, 36]"
two_level,40,"[40, 77, 40]",188,188,"[77, 40]"
two_level,40,"[40, 77, 44]",2,2,"[77, 44]"
two_level,40,"[40, 77, 52]",2,2,"[77, 52]"
two_level,40,"[40, 78, 28]",728,728,"[78, 28]"
two_level,40,"[40, 78, 32]",36,36,"[78, 32]"
two_level,40,"[40, 78, 36]",47,47,"[78, 36]"
two_level,40,"[40, 78, 40]",39,39,"[78, 40]"
two_level,40,"[40, 78, 52]",1,1,"[78, 52]"
two_level,40,"[40, 79, 24]",2000,3341,"[79, 24]"
two_level,40,"[40, 79, 28]",294,294,"[79, 28]"
two_level,40,"[40, 79, 32]",71,71,"[79, 32]"
two_level,40,"[40, 79, 36]",2,2,"[79, 36]"
two_level,40,"[40, 79, 40]",1,1,"[79, 40]"
two_level,40,"[40, 80, 28]",1244,1244,"[80, 28]"
two_level,40,"[40, 80, 32]",62,62,"[80, 32]"
two_level,40,"[40, 80, 36]",3,3,"[80, 36]"
two_level,40,"[40, 80, 40]",2,2,"[80, 40]"
two_level,40,"[40, 80, 44]",1,1,"[80, 44]"
two_level,40,"[40, 80, 48]",2,2,"[80, 48]"
two_level,40,"[40, 81, 28]",1525,1525,"[81, 28]"
two_level,40,"[40, 81, 32]",128,128,"[81, 32]"
two_level,40,"[40, 81, 36]",4,4,"[81, 36]"
two_level,40,"[40, 81, 40]",46,46,"[81, 40]"
two_level,40,"[40, 81, 48]",1,1,"[81, 48]"
two_level,40,"[40, 81, 80]",8,8,"[81, 80]"
two_level,40,"[40, 82, 28]",718,718,"[82, 28]"
two_level,40,"[40, 82, 32]",73,73,"[82, 32]"
two_level,40,"[40, 82, 36]",43,43,"[82, 36]"
two_level,40,"[40, 82, 40]",53,53,"[82, 40]"
two_level,40,"[40, 82, 48]",1,1,"[82, 48]"
two_level,40,"[40, 83, 28]",383,383,"[83, 28]"
two_level,40,"[40, 83, 32]",77,77,"[83, 32]"
two_level,40,"[40, 83, 36]",88,88,"[83, 36]"
two_level,40,"[40, 83, 40]",52,52,"[83, 40]"
two_level,40,"[40, 83, 80]",2,2,"[83, 80]"
two_level,40,"[40, 84, 28]",87,87,"[84, 28]"
two_level,40,"[40, 84, 32]",434,434,"[84, 32]"
two_level,40,"[40, 84, 36]",63,63,"[84, 36]"
two_level,40,"[40, 84, 40]",7,7,"[84, 40]"
two_level,40,"[40, 85, 28]",2000,2240,"[85, 28]"
two_level,40,"[40, 85, 32]",99,99,"[85, 32]"
two_level,40,"[40, 85, 36]",19,19,"[85, 36]"
two_level,40,"[40, 85, 48]",3,3,"[85, 48]"
two_level,40,"[40, 85, 52]",2,2,"[85, 52]"
two_level,40,"[40, 86, 28]",784,784,"[86, 28]"
two_level,40,"[40, 86, 32]",128,128,"[86, 32]"
two_level,40,"[40, 86, 36]",5,5,"[86, 36]"
two_level,40,"[40, 86, 40]",3,3,"[86, 40]"
two_level,40,"[40, 87, 28]",1156,1156,"[87, 28]"
two_level,40,"[40, 87, 32]",106,106,"[87, 32]"
two_level,40,"[40, 87, 36]",36,36,"[87, 36]"
two_level,40,"[40, 87, 40]",30,30,"[87, 40]"
two_level,40,"[40, 88, 28]",39,39,"[88, 28]"
two_level,40,"[40, 88, 32]",401,401,"[88, 32]"
two_level,40,"[40, 88, 36]",24,24,"[88, 36]"
two_level,40,"[40, 88, 40]",7,7,"[88, 40]"
two_level,40,"[40, 88, 44]",1,1,"[88, 44]"
two_level,40,"[40, 89, 28]",6,6,"[89, 28]"
two_level,40,"[40, 89, 32]",520,520,"[89, 32]"
two_level,40,"[40, 89, 36]",20,20,"[89, 36]"
two_level,40,"[40, 89, 40]",1,1,"[89, 40]"
two_level,40,"[40, 89, 44]",3,3,"[89, 44]"
two_level,40,"[40, 89, 56]",1,1,"[89, 56]"
two_level,40,"[40, 89, 80]",1,1,"[89, 80]"
two_level,40,"[40, 90, 32]",724,724,"[90, 32]"
two_level,40,"[40, 90, 36]",15,15,"[90, 36]"
two_level,40,"[40, 90, 40]",23,23,"[90, 40]"
two_level,40,"[40, 91, 28]",1772,1772,"[91, 28]"
two_level,40,"[40, 91, 32]",124,124,"[91, 32]"
two_level,40,"[40, 91, 36]",16,16,"[91, 36]"
two_level,40,"[40, 92, 32]",667,667,"[92, 32]"
two_level,40,"[40, 92, 36]",81,81,"[92, 36]"
two_level,40,"[40, 93, 32]",1566,1566,"[93, 32]"
two_level,40,"[40, 93, 36]",43,43,"[93, 36]"
two_level,40,"[40, 93, 40]",2,2,"[93, 40]"
two_level,40,"[40, 93, 44]",5,5,"[93, 44]"
two_level,40,"[40, 94, 32]",903,903,"[94, 32]"
two_level,40,"[40, 94, 36]",43,43,"[94, 36]"
two_level,40,"[40, 94, 40]",1,1,"[94, 40]"
two_level,40,"[40, 95, 32]",677,677,"[95, 32]"
two_level,40,"[40, 95, 36]",57,57,"[95, 36]"
two_level,40,"[40, 95, 40]",9,9,"[95, 40]"
two_level,40,"[40, 95, 80]",2,2,"[95, 80]"
two_level,40,"[40, 96, 32]",53,53,"[96, 32]"
two_level,40,"[40, 96, 36]",314,314,"[96, 36]"
two_level,40,"[40, 96, 40]",28,28,"[96, 40]"
two_level,40,"[40, 96, 44]",8,8,"[96, 44]"
two_level,40,"[40, 97, 32]",2000,3038,"[97, 32]"
two_level,40,"[40, 97, 36]",45,45,"[97, 36]"
two_level,40,"[40, 97, 40]",1,1,"[97, 40]"
two_level,40,"[40, 97, 80]",2,2,"[97, 80]"
two_level,40,"[40, 98, 32]",1884,1884,"[98, 32]"
two_level,40,"[40, 98, 36]",57,57,"[98, 36]"
two_level,40,"[40, 98, 40]",4,4,"[98, 40]"
two_level,40,"[40, 99, 32]",225,225,"[99, 32]"
two_level,40,"[40, 99, 36]",49,49,"[99, 36]"
two_level,40,"[40, 99, 40]",28,28,"[99, 40]"
two_level,40,"[40, 99, 44]",4,4,"[99, 44]"
two_level,40,"[40, 100, 32]",32,32,"[100, 32]"
two_level,40,"[40, 100, 36]",757,757,"[100, 36]"
two_level,40,"[40, 100, 40]",15,15,"[100, 40]"
two_level,40,"[40, 100, 48]",2,2,"[100, 48]"
two_level,40,"[40, 101, 36]",547,547,"[101, 36]"
two_level,40,"[40, 101, 40]",23,23,"[101, 40]"
two_level,40,"[40, 101, 48]",3,3,"[101, 48]"
two_level,40,"[40, 102, 36]",159,159,"[102, 36]"
two_level,40,"[40, 102, 44]",2,2,"[102, 44]"
two_level,40,"[40, 102, 48]",1,1,"[102, 48]"
two_level,40,"[40, 103, 32]",2000,2076,"[103, 32]"
two_level,40,"[40, 103, 36]",62,62,"[103, 36]"
two_level,40,"[40, 103, 40]",5,5,"[103, 40]"
two_level,40,"[40, 103, 48]",1,1,"[103, 48]"
two_level,40,"[40, 103, 80]",1,1,"[103, 80]"
two_level,40,"[40, 104, 36]",1127,1127,"[104, 36]"
two_level,40,"[40, 104, 40]",8,8,"[104, 40]"
two_level,40,"[40, 104, 80]",1,1,"[104, 80]"
two_level,40,"[40, 105, 36]",61,61,"[105, 36]"
two_level,40,"[40, 105, 40]",23,23,"[105, 40]"
two_level,40,"[40, 105, 44]",4,4,"[105, 44]"
two_level,40,"[40, 105, 80]",7,7,"[105, 80]"
two_level,40,"[40, 106, 36]",478,478,"[106, 36]"
two_level,40,"[40, 106, 40]",7,7,"[106, 40]"
two_level,40,"[40, 106, 44]",2,2,"[106, 44]"
two_level,40,"[40, 106, 80]",2,2,"[106, 80]"
two_level,40,"[40, 107, 36]",297,297,"[107, 36]"
two_level,40,"[40, 107, 40]",8,8,"[107, 40]"
two_level,40,"[40, 107, 80]",3,3,"[107, 80]"
two_level,40,"[40, 108, 36]",2,2,"[108, 36]"
two_level,40,"[40, 108, 40]",22,22,"[108, 40]"
two_level,40,"[40, 108, 48]",2,2,"[108, 48]"
two_level,40,"[40, 108, 80]",2,2,"[108, 80]"
two_level,40,"[40, 109, 36]",1850,1850,"[109, 36]"
two_level,40,"[40, 109, 40]",10,10,"[109, 40]"
two_level,40,"[40, 109, 80]",1,1,"[109, 80]"
two_level,40,"[40, 110, 36]",652,652,"[110, 36]"
two_level,40,"[40, 110, 40]",3,3,"[110, 40]"
two_level,40,"[40, 110, 80]",1,1,"[110, 80]"
two_level,40,"[40, 111, 36]",43,43,"[111, 36]"
two_level,40,"[40, 111, 40]",3,3,"[111, 40]"
two_level,40,"[40, 111, 48]",3,3,"[111, 48]"
two_level,40,"[40, 111, 80]",2,2,"[111, 80]"
two_level,40,"[40, 112, 36]",2,2,"[112, 36]"
two_level,40,"[40, 112, 40]",111,111,"[112, 40]"
two_level,40,"[40, 112, 44]",7,7,"[112, 44]"
two_level,40,"[40, 112, 48]",2,2,"[112, 48]"
two_level,40,"[40, 112, 52]",2,2,"[112, 52]"
two_level,40,"[40, 112, 80]",2,2,"[112, 80]"
two_level,40,"[40, 113, 40]",87,87,"[113, 40]"
two_level,40,"[40, 113, 80]",11,11,"[113, 80]"
two_level,40,"[40, 114, 40]",7,7,"[114, 40]"
two_level,40,"[40, 114, 80]",3,3,"[114, 80]"
two_level,40,"[40, 115, 36]",992,992,"[115, 36]"
two_level,40,"[40, 115, 40]",12,12,"[115, 40]"
two_level,40,"[40, 115, 80]",3,3,"[115, 80]"
two_level,40,"[40, 116, 40]",131,131,"[116, 40]"
two_level,40,"[40, 116, 44]",1,1,"[116, 44]"
two_level,40,"[40, 116, 52]",1,1,"[116, 52]"
two_level,40,"[40, 116, 80]",4,4,"[116, 80]"
two_level,40,"[40, 117, 40]",15,15,"[117, 40]"
two_level,40,"[40, 117, 80]",4,4,"[117, 80]"
two_level,40,"[40, 118, 40]",85,85,"[118, 40]"
two_level,40,"[40, 118, 44]",6,6,"[118, 44]"
two_level,40,"[40, 118, 48]",5,5,"[118, 48]"
two_level,40,"[40, 118, 80]",4,4,"[118, 80]"
two_level,40,"[40, 119, 40]",9,9,"[119, 40]"
two_level,40,"[40, 119, 80]",7,7,"[119, 80]"
two_level,40,"[40, 120, 40]",5,5,"[120, 40]"
two_level,40,"[40, 120, 44]",3,3,"[120, 44]"
two_level,40,"[40, 120, 80]",4,4,"[120, 80]"
two_level,40,"[40, 121, 40]",396,396,"[121, 40]"
two_level,40,"[40, 121, 80]",13,13,"[121, 80]"
two_level,40,"[40, 122, 40]",75,75,"[122, 40]"
two_level,40,"[40, 122, 44]",2,2,"[122, 44]"
two_level,40,"[40, 122, 52]",2,2,"[122, 52]"
two_level,40,"[40, 122, 80]",6,6,"[122, 80]"
two_level,40,"[40, 123, 40]",7,7,"[123, 40]"
two_level,40,"[40, 123, 80]",5,5,"[123, 80]"
two_level,40,"[40, 124, 44]",19,19,"[124, 44]"
two_level,40,"[40, 124, 48]",4,4,"[124, 48]"
two_level,40,"[40, 124, 52]",2,2,"[124, 52]"
two_level,40,"[40, 124, 80]",7,7,"[124, 80]"
two_level,40,"[40, 125, 44]",7,7,"[125, 44]"
two_level,40,"[40, 125, 80]",5,5,"[125, 80]"
two_level,40,"[40, 125, 84]",1,1,"[125, 84]"
two_level,40,"[40, 126, 44]",2,2,"[126, 44]"
two_level,40,"[40, 126, 80]",7,7,"[126, 80]"
two_level,40,"[40, 127, 40]",85,85,"[127, 40]"
two_level,40,"[40, 127, 80]",6,6,"[127, 80]"
two_level,40,"[40, 128, 44]",9,9,"[128, 44]"
two_level,40,"[40, 128, 48]",2,2,"[128, 48]"
two_level,40,"[40, 128, 80]",7,7,"[128, 80]"
two_level,40,"[40, 129, 44]",6,6,"[129, 44]"
two_level,40,"[40, 129, 80]",14,14,"[129, 80]"
two_level,40,"[40, 130, 44]",16,16,"[130, 44]"
two_level,40,"[40, 130, 48]",2,2,"[130, 48]"
two_level,40,"[40, 130, 52]",1,1,"[130, 52]"
two_level,40,"[40, 130, 80]",7,7,"[130, 80]"
two_level,40,"[40, 131, 44]",2,2,"[131, 44]"
two_level,40,"[40, 131, 80]",9,9,"[131, 80]"
two_level,40,"[40, 132, 48]",2,2,"[132, 48]"
two_level,40,"[40, 132, 56]",1,1,"[132, 56]"
two_level,40,"[40, 132, 80]",9,9,"[132, 80]"
two_level,40,"[40, 133, 44]",31,31,"[133, 44]"
two_level,40,"[40, 133, 80]",10,10,"[133, 80]"
two_level,40,"[40, 134, 44]",10,10,"[134, 44]"
two_level,40,"[40, 134, 80]",12,12,"[134, 80]"
two_level,40,"[40, 135, 44]",4,4,"[135, 44]"
two_level,40,"[40, 135, 80]",10,10,"[135, 80]"
two_level,40,"[40, 135, 88]",1,1,"[135, 88]"
two_level,40,"[40, 136, 48]",17,17,"[136, 48]"
two_level,40,"[40, 136, 56]",1,1,"[136, 56]"
two_level,40,"[40, 136, 80]",12,12,"[136, 80]"
two_level,40,"[40, 137, 80]",15,15,"[137, 80]"
two_level,40,"[40, 138, 48]",1,1,"[138, 48]"
two_level,40,"[40, 138, 80]",9,9,"[138, 80]"
two_level,40,"[40, 138, 84]",2,2,"[138, 84]"
two_level,40,"[40, 139, 44]",14,14,"[139, 44]"
two_level,40,"[40, 139, 80]",9,9,"[139, 80]"
two_level,40,"[40, 140, 48]",8,8,"[140, 48]"
two_level,40,"[40, 140, 80]",11,11,"[140, 80]"
two_level,40,"[40, 140, 84]",1,1,"[140, 84]"
two_level,40,"[40, 141, 80]",9,9,"[141, 80]"
two_level,40,"[40, 142, 48]",7,7,"[142, 48]"
two_level,40,"[40, 142, 80]",11,11,"[142, 80]"
two_level,40,"[40, 142, 84]",2,2,"[142, 84]"
two_level,40,"[40, 143, 80]",12,12,"[143, 80]"
two_level,40,"[40, 144, 52]",3,3,"[144, 52]"
two_level,40,"[40, 144, 80]",12,12,"[144, 80]"
two_level,40,"[40, 145, 48]",3,3,"[145, 48]"
two_level,40,"[40, 145, 80]",16,16,"[145, 80]"
two_level,40,"[40, 146, 48]",10,10,"[146, 48]"
two_level,40,"[40, 146, 52]",3,3,"[146, 52]"
two_level,40,"[40, 146, 80]",13,13,"[146, 80]"
two_level,40,"[40, 146, 88]",2,2,"[146, 88]"
two_level,40,"[40, 147, 48]",2,2,"[147, 48]"
two_level,40,"[40, 147, 80]",14,14,"[147, 80]"
two_level,40,"[40, 147, 84]",1,1,"[147, 84]"
two_level,40,"[40, 148, 52]",1,1,"[148, 52]"
two_level,40,"[40, 148, 80]",13,13,"[148, 80]"
two_level,40,"[40, 148, 84]",1,1,"[148, 84]"
two_level,40,"[40, 149, 80]",21,21,"[149, 80]"
two_level,40,"[40, 149, 84]",3,3,"[149, 84]"
two_level,40,"[40, 149, 92]",1,1,"[149, 92]"
two_level,40,"[40, 150, 52]",2,2,"[150, 52]"
two_level,40,"[40, 150, 80]",15,15,"[150, 80]"
two_level,40,"[40, 150, 84]",3,3,"[150, 84]"
two_level,40,"[40, 150, 88]",1,1,"[150, 88]"
two_level,40,"[40, 151, 48]",4,4,"[151, 48]"
two_level,40,"[40, 151, 80]",17,17,"[151, 80]"
two_level,40,"[40, 151, 84]",2,2,"[151, 84]"
two_level,40,"[40, 151, 88]",1,1,"[151, 88]"
two_level,40,"[40, 152, 52]",1,1,"[152, 52]"
two_level,40,"[40, 152, 80]",4,4,"[152, 80]"
two_level,40,"[40, 152, 84]",9,9,"[152, 84]"
two_level,40,"[40, 152, 88]",2,2,"[152, 88]"
two_level,40,"[40, 153, 80]",6,6,"[153, 80]"
two_level,40,"[40, 153, 84]",9,9,"[153, 84]"
two_level,40,"[40, 153, 88]",2,2,"[153, 88]"
two_level,40,"[40, 153, 92]",1,1,"[153, 92]"
two_level,40,"[40, 154, 56]",1,1,"[154, 56]"
two_level,40,"[40, 154, 80]",4,4,"[154, 80]"
two_level,40,"[40, 154, 84]",11,11,"[154, 84]"
two_level,40,"[40, 154, 88]",2,2,"[154, 88]"
two_level,40,"[40, 155, 80]",2,2,"[155, 80]"
two_level,40,"[40, 155, 84]",11,11,"[155, 84]"
two_level,40,"[40, 155, 88]",2,2,"[155, 88]"
two_level,40,"[40, 155, 92]",1,1,"[155, 92]"
two_level,40,"[40, 156, 80]",5,5,"[156, 80]"
two_level,40,"[40, 156, 84]",8,8,"[156, 84]"
two_level,40,"[40, 156, 88]",4,4,"[156, 88]"
two_level,40,"[40, 156, 92]",6,6,"[156, 92]"
two_level,40,"[40, 157, 52]",2,2,"[157, 52]"
two_level,40,"[40, 157, 80]",5,5,"[157, 80]"
two_level,40,"[40, 157, 84]",9,9,"[157, 84]"
two_level,40,"[40, 157, 92]",2,2,"[157, 92]"
two_level,40,"[40, 158, 56]",1,1,"[158, 56]"
two_level,40,"[40, 158, 80]",3,3,"[158, 80]"
two_level,40,"[40, 158, 84]",4,4,"[158, 84]"
two_level,40,"[40, 158, 88]",5,5,"[158, 88]"
two_level,40,"[40, 158, 92]",2,2,"[158, 92]"
two_level,40,"[40, 159, 80]",4,4,"[159, 80]"
two_level,40,"[40, 159, 88]",4,4,"[159, 88]"
two_level,40,"[40, 160, 80]",4,4,"[160, 80]"
two_level,40,"[40, 160, 84]",3,3,"[160, 84]"
two_level,40,"[40, 160, 88]",6,6,"[160, 88]"
two_level,40,"[40, 160, 92]",12,12,"[160, 92]"
two_level,40,"[40, 161, 80]",3,3,"[161, 80]"
two_level,40,"[40, 161, 88]",1,1,"[161, 88]"
two_level,40,"[40, 161, 92]",4,4,"[161, 92]"
two_level,40,"[40, 162, 80]",2,2,"[162, 80]"
two_level,40,"[40, 162, 88]",6,6,"[162, 88]"
two_level,40,"[40, 162, 92]",2,2,"[162, 92]"
two_level,40,"[40, 163, 80]",6,6,"[163, 80]"
two_level,40,"[40, 163, 92]",2,2,"[163, 92]"
two_level,40,"[40, 164, 92]",18,18,"[164, 92]"
two_level,40,"[40, 165, 80]",20,20,"[165, 80]"
two_level,40,"[40, 165, 88]",1,1,"[165, 88]"
two_level,40,"[40, 165, 92]",6,6,"[165, 92]"
two_level,40,"[40, 166, 92]",2,2,"[166, 92]"
two_level,40,"[40, 167, 80]",2,2,"[167, 80]"
two_level,40,"[40, 168, 84]",1,1,"[168, 84]"
two_level,40,"[40, 168, 92]",30,30,"[168, 92]"
two_level,40,"[40, 169, 88]",1,1,"[169, 88]"
two_level,40,"[40, 169, 92]",6,6,"[169, 92]"
two_level,40,"[40, 170, 92]",2,2,"[170, 92]"
two_level,40,"[40, 171, 92]",1,1,"[171, 92]"
two_level,40,"[40, 172, 80]",2,2,"[172, 80]"
two_level,40,"[40, 172, 84]",5,5,"[172, 84]"
two_level,40,"[40, 172, 92]",38,38,"[172, 92]"
two_level,40,"[40, 173, 80]",2,2,"[173, 80]"
two_level,40,"[40, 173, 84]",1,1,"[173, 84]"
two_level,40,"[40, 173, 88]",1,1,"[173, 88]"
two_level,40,"[40, 173, 92]",8,8,"[173, 92]"
two_level,40,"[40, 174, 88]",1,1,"[174, 88]"
two_level,40,"[40, 175, 88]",3,3,"[175, 88]"
two_level,40,"[40, 175, 96]",1,1,"[175, 96]"
two_level,40,"[40, 176, 80]",1,1,"[176, 80]"
two_level,40,"[40, 176, 92]",44,44,"[176, 92]"
two_level,40,"[40, 176, 96]",2,2,"[176, 96]"
two_level,40,"[40, 177, 84]",4,4,"[177, 84]"
two_level,40,"[40, 177, 88]",6,6,"[177, 88]"
two_level,40,"[40, 177, 92]",8,8,"[177, 92]"
two_level,40,"[40, 178, 88]",1,1,"[178, 88]"
two_level,40,"[40, 179, 84]",1,1,"[179, 84]"
two_level,40,"[40, 179, 88]",21,21,"[179, 88]"
two_level,40,"[40, 180, 84]",1,1,"[180, 84]"
two_level,40,"[40, 180, 92]",53,53,"[180, 92]"
two_level,40,"[40, 181, 84]",3,3,"[181, 84]"
two_level,40,"[40, 181, 88]",1,1,"[181, 88]"
two_level,40,"[40, 181, 92]",9,9,"[181, 92]"
two_level,40,"[40, 182, 88]",3,3,"[182, 88]"
two_level,40,"[40, 183, 88]",9,9,"[183, 88]"
two_level,40,"[40, 183, 92]",6,6,"[183, 92]"
two_level,40,"[40, 184, 88]",1,1,"[184, 88]"
two_level,40,"[40, 184, 92]",66,66,"[184, 92]"
two_level,40,"[40, 185, 84]",2,2,"[185, 84]"
two_level,40,"[40, 185, 88]",3,3,"[185, 88]"
two_level,40,"[40, 185, 92]",244,244,"[185, 92]"
two_level,40,"[40, 185, 96]",2,2,"[185, 96]"
two_level,40,"[40, 186, 88]",7,7,"[186, 88]"
two_level,40,"[40, 186, 92]",6,6,"[186, 92]"
two_level,40,"[40, 187, 84]",2,2,"[187, 84]"
two_level,40,"[40, 187, 88]",12,12,"[187, 88]"
two_level,40,"[40, 187, 92]",24,24,"[187, 92]"
two_level,40,"[40, 187, 96]",1,1,"[187, 96]"
two_level,40,"[40, 188, 88]",1,1,"[188, 88]"
two_level,40,"[40, 188, 92]",89,89,"[188, 92]"
two_level,40,"[40, 189, 88]",7,7,"[189, 88]"
two_level,40,"[40, 189, 92]",28,28,"[189, 92]"
two_level,40,"[40, 189, 96]",2,2,"[189, 96]"
two_level,40,"[40, 190, 88]",10,10,"[190, 88]"
two_level,40,"[40, 190, 92]",55,55,"[190, 92]"
two_level,40,"[40, 190, 96]",1,1,"[190, 96]"
two_level,40,"[40, 191, 88]",16,16,"[191, 88]"
two_level,40,"[40, 191, 92]",363,363,"[191, 92]"
two_level,40,"[40, 191, 96]",2,2,"[191, 96]"
two_level,40,"[40, 192, 88]",1,1,"[192, 88]"
two_level,40,"[40, 192, 92]",115,115,"[192, 92]"
two_level,40,"[40, 193, 88]",13,13,"[193, 88]"
two_level,40,"[40, 193, 92]",59,59,"[193, 92]"
two_level,40,"[40, 193, 96]",4,4,"[193, 96]"
two_level,40,"[40, 194, 84]",1,1,"[194, 84]"
two_level,40,"[40, 194, 88]",17,17,"[194, 88]"
two_level,40,"[40, 194, 92]",176,176,"[194, 92]"
two_level,40,"[40, 194, 96]",3,3,"[194, 96]"
two_level,40,"[40, 195, 88]",12,12,"[195, 88]"
two_level,40,"[40, 195, 92]",120,120,"[195, 92]"
two_level,40,"[40, 195, 96]",3,3,"[195, 96]"
two_level,40,"[40, 196, 92]",161,161,"[196, 92]"
two_level,40,"[40, 196, 96]",1,1,"[196, 96]"
two_level,40,"[40, 197, 88]",14,14,"[197, 88]"
two_level,40,"[40, 197, 92]",102,102,"[197, 92]"
two_level,40,"[40, 197, 96]",1378,1378,"[197, 96]"
two_level,40,"[40, 198, 84]",1,1,"[198, 84]"
two_level,40,"[40, 198, 88]",11,11,"[198, 88]"
two_level,40,"[40, 198, 92]",347,347,"[198, 92]"
two_level,40,"[40, 198, 96]",6,6,"[198, 96]"
two_level,40,"[40, 199, 84]",1,1,"[199, 84]"
two_level,40,"[40, 199, 88]",19,19,"[199, 88]"
two_level,40,"[40, 199, 92]",220,220,"[199, 92]"
two_level,40,"[40, 199, 96]",5,5,"[199, 96]"
two_level,40,"[40, 200, 92]",239,239,"[200, 92]"
two_level,40,"[40, 200, 96]",6,6,"[200, 96]"
two_level,40,"[40, 201, 84]",1,1,"[201, 84]"
two_level,40,"[40, 201, 92]",170,170,"[201, 92]"
two_level,40,"[40, 201, 96]",29,29,"[201, 96]"
two_level,40,"[40, 202, 92]",673,673,"[202, 92]"
two_level,40,"[40, 202, 96]",10,10,"[202, 96]"
two_level,40,"[40, 203, 92]",242,242,"[203, 92]"
two_level,40,"[40, 203, 96]",236,236,"[203, 96]"
two_level,40,"[40, 204, 92]",240,240,"[204, 92]"
two_level,40,"[40, 204, 96]",21,21,"[204, 96]"
two_level,40,"[40, 205, 92]",123,123,"[205, 92]"
two_level,40,"[40, 205, 96]",47,47,"[205, 96]"
two_level,40,"[40, 206, 84]",1,1,"[206, 84]"
two_level,40,"[40, 206, 92]",1148,1148,"[206, 92]"
two_level,40,"[40, 206, 96]",15,15,"[206, 96]"
two_level,40,"[40, 207, 88]",22,22,"[207, 88]"
two_level,40,"[40, 207, 92]",403,403,"[207, 92]"
two_level,40,"[40, 207, 96]",12,12,"[207, 96]"
two_level,40,"[40, 208, 92]",301,301,"[208, 92]"
two_level,40,"[40, 208, 96]",56,56,"[208, 96]"
two_level,40,"[40, 209, 88]",10,10,"[209, 88]"
two_level,40,"[40, 209, 92]",164,164,"[209, 92]"
two_level,40,"[40, 209, 96]",81,81,"[209, 96]"
two_level,40,"[40, 209, 100]",15,15,"[209, 100]"
two_level,40,"[40, 210, 84]",1,1,"[210, 84]"
two_level,40,"[40, 210, 88]",3,3,"[210, 88]"
two_level,40,"[40, 210, 92]",206,206,"[210, 92]"
two_level,40,"[40, 210, 96]",1377,1377,"[210, 96]"
two_level,40,"[40, 211, 96]",2,2,"[211, 96]"
two_level,40,"[40, 212, 84]",2,2,"[212, 84]"
two_level,40,"[40, 212, 92]",80,80,"[212, 92]"
two_level,40,"[40, 213, 88]",2,2,"[213, 88]"
two_level,40,"[40, 213, 92]",642,642,"[213, 92]"
two_level,40,"[40, 213, 96]",1057,1057,"[213, 96]"
two_level,40,"[40, 214, 88]",2,2,"[214, 88]"
two_level,40,"[40, 214, 92]",150,150,"[214, 92]"
two_level,40,"[40, 215, 88]",2,2,"[215, 88]"
two_level,40,"[40, 215, 92]",86,86,"[215, 92]"
two_level,40,"[40, 216, 84]",2,2,"[216, 84]"
two_level,40,"[40, 216, 88]",4,4,"[216, 88]"
two_level,40,"[40, 216, 92]",216,216,"[216, 92]"
two_level,40,"[40, 216, 96]",13,13,"[216, 96]"
two_level,40,"[40, 217, 92]",18,18,"[217, 92]"
two_level,40,"[40, 218, 88]",14,14,"[218, 88]"
two_level,40,"[40, 218, 92]",54,54,"[218, 92]"
two_level,40,"[40, 218, 96]",1415,1415,"[218, 96]"
two_level,40,"[40, 219, 84]",7,7,"[219, 84]"
two_level,40,"[40, 219, 88]",3,3,"[219, 88]"
two_level,40,"[40, 219, 92]",2000,3953,"[219, 92]"
two_level,40,"[40, 219, 96]",269,269,"[219, 96]"
two_level,40,"[40, 220, 88]",9,9,"[220, 88]"
two_level,40,"[40, 220, 92]",68,68,"[220, 92]"
two_level,40,"[40, 220, 96]",165,165,"[220, 96]"
two_level,40,"[40, 221, 84]",3,3,"[221, 84]"
two_level,40,"[40, 221, 88]",1,1,"[221, 88]"
two_level,40,"[40, 221, 92]",7,7,"[221, 92]"
two_level,40,"[40, 221, 96]",217,217,"[221, 96]"
two_level,40,"[40, 222, 88]",23,23,"[222, 88]"
two_level,40,"[40, 222, 92]",47,47,"[222, 92]"
two_level,40,"[40, 222, 96]",46,46,"[222, 96]"
two_level,40,"[40, 223, 92]",3,3,"[223, 92]"
two_level,40,"[40, 224, 84]",2,2,"[224, 84]"
two_level,40,"[40, 224, 88]",7,7,"[224, 88]"
two_level,40,"[40, 224, 92]",56,56,"[224, 92]"
two_level,40,"[40, 224, 100]",229,229,"[224, 100]"
two_level,40,"[40, 225, 84]",2,2,"[225, 84]"
two_level,40,"[40, 225, 88]",4,4,"[225, 88]"
two_level,40,"[40, 225, 92]",14,14,"[225, 92]"
two_level,40,"[40, 225, 96]",2,2,"[225, 96]"
two_level,40,"[40, 226, 84]",8,8,"[226, 84]"
two_level,40,"[40, 226, 88]",4,4,"[226, 88]"
two_level,40,"[40, 226, 92]",2,2,"[226, 92]"
two_level,40,"[40, 226, 96]",7,7,"[226, 96]"
two_level,40,"[40, 227, 80]",3,3,"[227, 80]"
two_level,40,"[40, 227, 96]",64,64,"[227, 96]"
two_level,40,"[40, 228, 84]",10,10,"[228, 84]"
two_level,40,"[40, 228, 88]",5,5,"[228, 88]"
two_level,40,"[40, 228, 96]",9,9,"[228, 96]"
two_level,40,"[40, 228, 100]",1,1,"[228, 100]"
two_level,40,"[40, 229, 84]",6,6,"[229, 84]"
two_level,40,"[40, 230, 84]",4,4,"[230, 84]"
two_level,40,"[40, 230, 92]",1,1,"[230, 92]"
two_level,40,"[40, 230, 100]",15,15,"[230, 100]"
two_level,40,"[40, 231, 80]",1,1,"[231, 80]"
two_level,40,"[40, 232, 84]",32,32,"[232, 84]"
two_level,40,"[40, 233, 88]",10,10,"[233, 88]"
two_level,40,"[40, 234, 80]",44,44,"[234, 80]"
two_level,40,"[40, 234, 84]",3,3,"[234, 84]"
two_level,40,"[40, 234, 92]",2,2,"[234, 92]"
two_level,40,"[40, 235, 80]",4,4,"[235, 80]"
two_level,40,"[40, 236, 84]",16,16,"[236, 84]"
two_level,40,"[40, 237, 80]",24,24,"[237, 80]"
two_level,40,"[40, 238, 80]",27,27,"[238, 80]"
two_level,40,"[40, 238, 84]",3,3,"[238, 84]"
two_level,40,"[40, 239, 80]",13,13,"[239, 80]"
two_level,40,"[40, 239, 84]",11,11,"[239, 84]"
two_level,40,"[40, 239, 92]",6,6,"[239, 92]"
two_level,40,"[40, 240, 84]",19,19,"[240, 84]"
two_level,40,"[40, 241, 80]",63,63,"[241, 80]"
two_level,40,"[40, 241, 84]",1,1,"[241, 84]"
two_level,40,"[40, 242, 80]",172,172,"[242, 80]"
two_level,40,"[40, 242, 84]",2,2,"[242, 84]"
two_level,40,"[40, 242, 92]",1,1,"[242, 92]"
two_level,40,"[40, 243, 80]",49,49,"[243, 80]"
two_level,40,"[40, 244, 84]",211,211,"[244, 84]"
two_level,40,"[40, 244, 92]",1,1,"[244, 92]"
two_level,40,"[40, 245, 84]",10,10,"[245, 84]"
two_level,40,"[40, 246, 84]",3,3,"[246, 84]"
two_level,40,"[40, 246, 92]",5,5,"[246, 92]"
two_level,40,"[40, 247, 80]",384,384,"[247, 80]"
two_level,40,"[40, 248, 84]",72,72,"[248, 84]"
two_level,40,"[40, 248, 88]",4,4,"[248, 88]"
two_level,40,"[40, 248, 92]",2,2,"[248, 92]"
two_level,40,"[40, 249, 84]",18,18,"[249, 84]"
two_level,40,"[40, 250, 84]",16,16,"[250, 84]"
two_level,40,"[40, 251, 84]",2,2,"[251, 84]"
two_level,40,"[40, 252, 92]",1,1,"[252, 92]"
two_level,40,"[40, 252, 96]",7,7,"[252, 96]"
two_level,40,"[40, 253, 84]",40,40,"[253, 84]"
two_level,40,"[40, 253, 96]",1,1,"[253, 96]"
two_level,40,"[40, 254, 84]",19,19,"[254, 84]"
two_level,40,"[40, 254, 88]",2,2,"[254, 88]"
two_level,40,"[40, 255, 84]",10,10,"[255, 84]"
two_level,40,"[40, 255, 92]",1,1,"[255, 92]"
two_level,40,"[40, 256, 88]",12,12,"[256, 88]"
two_level,40,"[40, 256, 92]",1,1,"[256, 92]"
two_level,40,"[40, 257, 88]",6,6,"[257, 88]"
two_level,40,"[40, 258, 92]",11,11,"[258, 92]"
two_level,40,"[40, 258, 96]",55,55,"[258, 96]"
two_level,40,"[40, 259, 84]",34,34,"[259, 84]"
two_level,40,"[40, 259, 88]",2,2,"[259, 88]"
two_level,40,"[40, 260, 88]",49,49,"[260, 88]"
two_level,40,"[40, 260, 92]",3,3,"[260, 92]"
two_level,40,"[40, 260, 96]",3,3,"[260, 96]"
two_level,40,"[40, 261, 88]",27,27,"[261, 88]"
two_level,40,"[40, 262, 88]",40,40,"[262, 88]"
two_level,40,"[40, 262, 92]",2,2,"[262, 92]"
two_level,40,"[40, 263, 88]",32,32,"[263, 88]"
two_level,40,"[40, 263, 92]",1,1,"[263, 92]"
two_level,40,"[40, 264, 92]",15,15,"[264, 92]"
two_level,40,"[40, 264, 96]",1,1,"[264, 96]"
two_level,40,"[40, 264, 100]",9,9,"[264, 100]"
two_level,40,"[40, 265, 88]",67,67,"[265, 88]"
two_level,40,"[40, 265, 92]",5,5,"[265, 92]"
two_level,40,"[40, 266, 88]",68,68,"[266, 88]"
two_level,40,"[40, 266, 92]",20,20,"[266, 92]"
two_level,40,"[40, 266, 96]",9,9,"[266, 96]"
two_level,40,"[40, 267, 88]",25,25,"[267, 88]"
two_level,40,"[40, 267, 92]",3,3,"[267, 92]"
two_level,40,"[40, 268, 92]",645,645,"[268, 92]"
two_level,40,"[40, 269, 92]",317,317,"[269, 92]"
two_level,40,"[40, 270, 92]",57,57,"[270, 92]"
two_level,40,"[40, 271, 88]",107,107,"[271, 88]"
two_level,40,"[40, 271, 92]",7,7,"[271, 92]"
two_level,40,"[40, 272, 92]",1663,1663,"[272, 92]"
two_level,40,"[40, 273, 92]",241,241,"[273, 92]"
two_level,40,"[40, 274, 92]",2000,2677,"[274, 92]"
two_level,40,"[40, 275, 92]",569,569,"[275, 92]"
two_level,40,"[40, 275, 96]",2,2,"[275, 96]"
two_level,40,"[40, 276, 96]",10,10,"[276, 96]"
two_level,40,"[40, 277, 92]",1069,1069,"[277, 92]"
two_level,40,"[40, 277, 96]",9,9,"[277, 96]"
two_level,40,"[40, 278, 92]",2000,9484,"[278, 92]"
two_level,40,"[40, 278, 96]",2,2,"[278, 96]"
two_level,40,"[40, 279, 92]",330,330,"[279, 92]"
two_level,40,"[40, 280, 96]",21,21,"[280, 96]"
two_level,40,"[40, 281, 96]",31,31,"[281, 96]"
two_level,40,"[40, 282, 96]",6,6,"[282, 96]"
two_level,40,"[40, 283, 92]",1842,1842,"[283, 92]"
two_level,40,"[40, 283, 96]",1,1,"[283, 96]"
two_level,40,"[40, 284, 96]",43,43,"[284, 96]"
two_level,40,"[40, 285, 96]",1481,1481,"[285, 96]"
two_level,40,"[40, 286, 96]",12,12,"[286, 96]"
two_level,40,"[40, 287, 96]",5,5,"[287, 96]"
two_level,40,"[40, 288, 100]",2,2,"[288, 100]"
two_level,40,"[40, 289, 96]",2000,4200,"[289, 96]"
two_level,40,"[40, 290, 96]",13,13,"[290, 96]"
two_level,40,"[40, 291, 96]",242,242,"[291, 96]"
two_level,40,"[40, 292, 100]",3,3,"[292, 100]"
two_level,40,"[40, 295, 96]",558,558,"[295, 96]"
two_level,40,"[40, 296, 100]",4,4,"[296, 100]"
two_level,40,"[40, 297, 100]",15,15,"[297, 100]"
two_level,40,"[40, 301, 100]",30,30,"[301, 100]"
power_identity,40,"[40, 0]",40,40,[0]
power_identity,40,"[40, 4]",11,11,[4]
power_identity,40,"[40, 8]",40,40,[8]
power_identity,40,"[40, 12]",28,28,[12]
power_identity,40,"[40, 16]",68,68,[16]
power_identity,40,"[40, 20]",208,208,[20]
power_identity,40,"[40, 24]",42,42,[24]
power_identity,40,"[40, 28]",82,82,[28]
power_identity,40,"[40, 32]",90,90,[32]
power_identity,40,"[40, 36]",71,71,[36]
power_identity,40,"[40, 40]",257,257,[40]
power_identity,40,"[40, 44]",436,436,[44]
power_identity,40,"[40, 48]",435,435,[48]
power_identity,40,"[40, 52]",1203,1203,[52]
power_identity,40,"[40, 56]",341,341,[56]
power_identity,40,"[40, 60]",394,394,[60]
power_identity,40,"[40, 64]",542,542,[64]
power_identity,40,"[40, 68]",314,314,[68]
power_identity,40,"[40, 72]",381,381,[72]
power_identity,40,"[40, 76]",603,603,[76]
power_identity,40,"[40, 80]",467,467,[80]
power_identity,40,"[40, 84]",523,523,[84]
power_identity,40,"[40, 88]",525,525,[88]
power_identity,40,"[40, 92]",575,575,[92]
power_identity,40,"[40, 96]",570,570,[96]
power_identity,40,"[40, 100]",731,731,[100]
power_identity,40,"[40, 104]",843,843,[104]
power_identity,40,"[40, 108]",984,984,[108]
power_identity,40,"[40, 112]",1283,1283,[112]
power_identity,40,"[40, 116]",1697,1697,[116]
power_identity,40,"[40, 120]",2000,2048,[120]
power_identity,40,"[40, 124]",2000,2255,[124]
power_identity,40,"[40, 128]",2000,3141,[128]
power_identity,40,"[40, 132]",2000,3849,[132]
power_identity,40,"[40, 136]",2000,4615,[136]
power_identity,40,"[40, 140]",2000,5476,[140]
power_identity,40,"[40, 144]",2000,6722,[144]
power_identity,40,"[40, 148]",2000,7295,[148]
power_identity,40,"[40, 152]",2000,7901,[152]
power_identity,40,"[40, 156]",2000,8866,[156]
power_identity,40,"[40, 160]",2000,9633,[160]
power_identity,40,"[40, 164]",2000,9685,[164]
power_identity,40,"[40, 168]",2000,9437,[168]
power_identity,40,"[40, 172]",2000,8683,[172]
power_identity,40,"[40, 176]",2000,8200,[176]
power_identity,40,"[40, 180]",2000,7533,[180]
power_identity,40,"[40, 184]",2000,6356,[184]
power_identity,40,"[40, 188]",2000,5118,[188]
power_identity,40,"[40, 192]",2000,4171,[192]
power_identity,40,"[40, 196]",2000,3465,[196]
power_identity,40,"[40, 200]",2000,2716,[200]
power_identity,40,"[40, 204]",2000,2192,[204]
power_identity,40,"[40, 208]",1949,1949,[208]
power_identity,40,"[40, 212]",1472,1472,[212]
power_identity,40,"[40, 216]",1269,1269,[216]
power_identity,40,"[40, 220]",1055,1055,[220]
power_identity,40,"[40, 224]",1032,1032,[224]
power_identity,40,"[40, 228]",958,958,[228]
power_identity,40,"[40, 232]",813,813,[232]
power_identity,40,"[40, 236]",626,626,[236]
power_identity,40,"[40, 240]",719,719,[240]
power_identity,40,"[40, 244]",719,719,[244]
power_identity,40,"[40, 248]",789,789,[248]
power_identity,40,"[40, 252]",1056,1056,[252]
power_identity,40,"[40, 256]",1001,1001,[256]
power_identity,40,"[40, 260]",968,968,[260]
power_identity,40,"[40, 264]",920,920,[264]
power_identity,40,"[40, 268]",900,900,[268]
power_identity,40,"[40, 272]",1106,1106,[272]
power_identity,40,"[40, 276]",1023,1023,[276]
power_identity,40,"[40, 280]",926,926,[280]
power_identity,40,"[40, 284]",909,909,[284]
power_identity,40,"[40, 288]",930,930,[288]
power_identity,40,"[40, 292]",722,722,[292]
power_identity,40,"[40, 296]",648,648,[296]
power_identity,40,"[40, 300]",497,497,[300]
power_identity,40,"[40, 304]",396,396,[304]
power_identity,40,"[40, 308]",313,313,[308]
power_identity,40,"[40, 312]",277,277,[312]
power_identity,40,"[40, 316]",265,265,[316]
power_identity,40,"[40, 320]",242,242,[320]
power_identity,40,"[40, 324]",147,147,[324]
power_identity,40,"[40, 328]",254,254,[328]
power_identity,40,"[40, 332]",127,127,[332]
power_identity,40,"[40, 336]",106,106,[336]
power_identity,40,"[40, 340]",82,82,[340]
power_identity,40,"[40, 344]",44,44,[344]
power_identity,40,"[40, 348]",40,40,[348]
power_identity,40,"[40, 352]",29,29,[352]
power_identity,40,"[40, 356]",37,37,[356]
power_identity,40,"[40, 360]",20,20,[360]
power_identity,40,"[40, 364]",20,20,[364]
power_identity,40,"[40, 368]",9,9,[368]
power_identity,40,"[40, 372]",14,14,[372]
power_identity,40,"[40, 376]",14,14,[376]
power_identity,40,"[40, 380]",5,5,[380]
power_identity,40,"[40, 384]",11,11,[384]
power_identity,40,"[40, 388]",15,15,[388]
power_identity,40,"[40, 392]",20,20,[392]
power_identity,40,"[40, 396]",14,14,[396]
power_identity,40,"[40, 400]",14,14,[400]
power_identity,40,"[40, 404]",9,9,[404]
power_identity,40,"[40, 408]",16,16,[408]
power_identity,40,"[40, 412]",24,24,[412]
power_identity,40,"[40, 416]",27,27,[416]
power_identity,40,"[40, 420]",24,24,[420]
power_identity,40,"[40, 424]",39,39,[424]
power_identity,40,"[40, 428]",41,41,[428]
power_identity,40,"[40, 432]",46,46,[432]
power_identity,40,"[40, 436]",53,53,[436]
power_identity,40,"[40, 440]",74,74,[440]
power_identity,40,"[40, 444]",77,77,[444]
power_identity,40,"[40, 448]",88,88,[448]
power_identity,40,"[40, 452]",110,110,[452]
power_identity,40,"[40, 456]",143,143,[456]
power_identity,40,"[40, 460]",159,159,[460]
power_identity,40,"[40, 464]",166,166,[464]
power_identity,40,"[40, 468]",227,227,[468]
power_identity,40,"[40, 472]",244,244,[472]
power_identity,40,"[40, 476]",306,306,[476]
power_identity,40,"[40, 480]",289,289,[480]
power_identity,40,"[40, 484]",290,290,[484]
power_identity,40,"[40, 488]",353,353,[488]
power_identity,40,"[40, 492]",299,299,[492]
power_identity,40,"[40, 496]",258,258,[496]
power_identity,40,"[40, 500]",289,289,[500]
power_identity,40,"[40, 504]",303,303,[504]
power_identity,40,"[40, 508]",337,337,[508]
power_identity,40,"[40, 512]",301,301,[512]
power_identity,40,"[40, 516]",362,362,[516]
power_identity,40,"[40, 520]",362,362,[520]
power_identity,40,"[40, 524]",407,407,[524]
power_identity,40,"[40, 528]",460,460,[528]
power_identity,40,"[40, 532]",462,462,[532]
power_identity,40,"[40, 536]",582,582,[536]
power_identity,40,"[40, 540]",591,591,[540]
power_identity,40,"[40, 544]",629,629,[544]
power_identity,40,"[40, 548]",618,618,[548]
power_identity,40,"[40, 552]",624,624,[552]
power_identity,40,"[40, 556]",615,615,[556]
power_identity,40,"[40, 560]",588,588,[560]
power_identity,40,"[40, 564]",620,620,[564]
power_identity,40,"[40, 568]",637,637,[568]
power_identity,40,"[40, 572]",626,626,[572]
power_identity,40,"[40, 576]",602,602,[576]
power_identity,40,"[40, 580]",580,580,[580]
power_identity,40,"[40, 584]",645,645,[584]
power_identity,40,"[40, 588]",671,671,[588]
power_identity,40,"[40, 592]",660,660,[592]
power_identity,40,"[40, 596]",654,654,[596]
power_identity,40,"[40, 600]",608,608,[600]
power_identity,40,"[40, 604]",584,584,[604]
power_identity,40,"[40, 608]",490,490,[608]
power_identity,40,"[40, 612]",413,413,[612]
power_identity,40,"[40, 616]",311,311,[616]
power_identity,40,"[40, 620]",236,236,[620]
power_identity,40,"[40, 624]",176,176,[624]
power_identity,40,"[40, 628]",125,125,[628]
power_identity,40,"[40, 632]",123,123,[632]
power_identity,40,"[40, 636]",55,55,[636]
power_identity,40,"[40, 640]",47,47,[640]
power_identity,40,"[40, 644]",33,33,[644]
power_identity,40,"[40, 648]",40,40,[648]
power_identity,40,"[40, 652]",20,20,[652]
power_identity,40,"[40, 656]",27,27,[656]
power_identity,40,"[40, 660]",30,30,[660]
power_identity,40,"[40, 664]",23,23,[664]
power_identity,40,"[40, 668]",28,28,[668]
power_identity,40,"[40, 672]",27,27,[672]
power_identity,40,"[40, 676]",27,27,[676]
power_identity,40,"[40, 680]",26,26,[680]
power_identity,40,"[40, 684]",26,26,[684]
power_identity,40,"[40, 688]",31,31,[688]
power_identity,40,"[40, 692]",27,27,[692]
power_identity,40,"[40, 696]",23,23,[696]
power_identity,40,"[40, 700]",27,27,[700]
power_identity,40,"[40, 704]",23,23,[704]
power_identity,40,"[40, 708]",39,39,[708]
power_identity,40,"[40, 712]",35,35,[712]
power_identity,40,"[40, 716]",45,45,[716]
power_identity,40,"[40, 720]",62,62,[720]
power_identity,40,"[40, 724]",67,67,[724]
power_identity,40,"[40, 728]",80,80,[728]
power_identity,40,"[40, 732]",89,89,[732]
power_identity,40,"[40, 736]",135,135,[736]
power_identity,40,"[40, 740]",179,179,[740]
power_identity,40,"[40, 744]",247,247,[744]
power_identity,40,"[40, 748]",352,352,[748]
power_identity,40,"[40, 752]",394,394,[752]
power_identity,40,"[40, 756]",560,560,[756]
power_identity,40,"[40, 760]",710,710,[760]
power_identity,40,"[40, 764]",899,899,[764]
power_identity,40,"[40, 768]",1054,1054,[768]
power_identity,40,"[40, 772]",1203,1203,[772]
power_identity,40,"[40, 776]",1384,1384,[776]
power_identity,40,"[40, 780]",1612,1612,[780]
power_identity,40,"[40, 784]",1722,1722,[784]
power_identity,40,"[40, 788]",1856,1856,[788]
power_identity,40,"[40, 792]",1847,1847,[792]
power_identity,40,"[40, 796]",1812,1812,[796]
power_identity,40,"[40, 800]",1739,1739,[800]
power_identity,40,"[40, 804]",1610,1610,[804]
power_identity,40,"[40, 808]",1406,1406,[808]
power_identity,40,"[40, 812]",1255,1255,[812]
power_identity,40,"[40, 816]",1018,1018,[816]
power_identity,40,"[40, 820]",820,820,[820]
power_identity,40,"[40, 824]",610,610,[824]
power_identity,40,"[40, 828]",452,452,[828]
power_identity,40,"[40, 832]",317,317,[832]
power_identity,40,"[40, 836]",230,230,[836]
power_identity,40,"[40, 840]",154,154,[840]
power_identity,40,"[40, 844]",78,78,[844]
power_identity,40,"[40, 848]",49,49,[848]
power_identity,40,"[40, 852]",42,42,[852]
power_identity,40,"[40, 856]",15,15,[856]
power_identity,40,"[40, 860]",11,11,[860]
power_identity,40,"[40, 864]",6,6,[864]
power_identity,40,"[40, 868]",3,3,[868]
power_identity,40,"[40, 876]",1,1,[876]
power_identity,40,"[40, 880]",1,1,[880]
power_sparse,40,"[40, 1, 0]",40,40,"[1, 0]"
power_sparse,40,"[40, 7, 0]",37,37,"[7, 0]"
power_sparse,40,"[40, 9, 0]",1,1,"[9, 0]"
power_sparse,40,"[40, 13, 0]",42,42,"[13, 0]"
power_sparse,40,"[40, 15, 0]",1,1,"[15, 0]"
power_sparse,40,"[40, 17, 0]",1,1,"[17, 0]"
power_sparse,40,"[40, 18, 0]",2,2,"[18, 0]"
power_sparse,40,"[40, 19, 0]",6,6,"[19, 0]"
power_sparse,40,"[40, 21, 0]",1,1,"[21, 0]"
power_sparse,40,"[40, 23, 0]",6,6,"[23, 0]"
power_sparse,40,"[40, 23, 64]",23,23,"[23, 64]"
power_sparse,40,"[40, 24, 64]",1,1,"[24, 64]"
power_sparse,40,"[40, 25, 0]",19,19,"[25, 0]"
power_sparse,40,"[40, 25, 64]",11,11,"[25, 64]"
power_sparse,40,"[40, 26, 64]",17,17,"[26, 64]"
power_sparse,40,"[40, 27, 0]",10,10,"[27, 0]"
power_sparse,40,"[40, 27, 64]",16,16,"[27, 64]"
power_sparse,40,"[40, 28, 0]",4,4,"[28, 0]"
power_sparse,40,"[40, 28, 64]",9,9,"[28, 64]"
power_sparse,40,"[40, 29, 0]",69,69,"[29, 0]"
power_sparse,40,"[40, 29, 64]",36,36,"[29, 64]"
power_sparse,40,"[40, 30, 64]",10,10,"[30, 64]"
power_sparse,40,"[40, 31, 0]",46,46,"[31, 0]"
power_sparse,40,"[40, 31, 64]",64,64,"[31, 64]"
power_sparse,40,"[40, 32, 0]",3,3,"[32, 0]"
power_sparse,40,"[40, 32, 64]",35,35,"[32, 64]"
power_sparse,40,"[40, 33, 0]",126,126,"[33, 0]"
power_sparse,40,"[40, 33, 64]",106,106,"[33, 64]"
power_sparse,40,"[40, 34, 64]",83,83,"[34, 64]"
power_sparse,40,"[40, 35, 0]",178,178,"[35, 0]"
power_sparse,40,"[40, 35, 64]",124,124,"[35, 64]"
power_sparse,40,"[40, 36, 0]",70,70,"[36, 0]"
power_sparse,40,"[40, 36, 64]",147,147,"[36, 64]"
power_sparse,40,"[40, 37, 0]",32,32,"[37, 0]"
power_sparse,40,"[40, 37, 64]",287,287,"[37, 64]"
power_sparse,40,"[40, 38, 0]",3,3,"[38, 0]"
power_sparse,40,"[40, 38, 64]",360,360,"[38, 64]"
power_sparse,40,"[40, 38, 128]",1,1,"[38, 128]"
power_sparse,40,"[40, 39, 0]",53,53,"[39, 0]"
power_sparse,40,"[40, 39, 64]",411,411,"[39, 64]"
power_sparse,40,"[40, 39, 128]",7,7,"[39, 128]"
power_sparse,40,"[40, 40, 0]",12,12,"[40, 0]"
power_sparse,40,"[40, 40, 64]",637,637,"[40, 64]"
power_sparse,40,"[40, 40, 128]",62,62,"[40, 128]"
power_sparse,40,"[40, 41, 0]",51,51,"[41, 0]"
power_sparse,40,"[40, 41, 64]",630,630,"[41, 64]"
power_sparse,40,"[40, 41, 128]",92,92,"[41, 128]"
power_sparse,40,"[40, 42, 0]",3,3,"[42, 0]"
power_sparse,40,"[40, 42, 64]",591,591,"[42, 64]"
power_sparse,40,"[40, 42, 128]",245,245,"[42, 128]"
power_sparse,40,"[40, 43, 0]",59,59,"[43, 0]"
power_sparse,40,"[40, 43, 64]",845,845,"[43, 64]"
power_sparse,40,"[40, 43, 128]",480,480,"[43, 128]"
power_sparse,40,"[40, 44, 0]",1,1,"[44, 0]"
power_sparse,40,"[40, 44, 64]",787,787,"[44, 64]"
power_sparse,40,"[40, 44, 128]",1228,1228,"[44, 128]"
power_sparse,40,"[40, 45, 0]",46,46,"[45, 0]"
power_sparse,40,"[40, 45, 64]",565,565,"[45, 64]"
power_sparse,40,"[40, 45, 128]",1067,1067,"[45, 128]"
power_sparse,40,"[40, 46, 0]",17,17,"[46, 0]"
power_sparse,40,"[40, 46, 64]",299,299,"[46, 64]"
power_sparse,40,"[40, 46, 128]",1854,1854,"[46, 128]"
power_sparse,40,"[40, 47, 0]",55,55,"[47, 0]"
power_sparse,40,"[40, 47, 64]",443,443,"[47, 64]"
power_sparse,40,"[40, 47, 128]",2000,2094,"[47, 128]"
power_sparse,40,"[40, 48, 0]",26,26,"[48, 0]"
power_sparse,40,"[40, 48, 64]",161,161,"[48, 64]"
power_sparse,40,"[40, 48, 128]",2000,2533,"[48, 128]"
power_sparse,40,"[40, 49, 0]",20,20,"[49, 0]"
power_sparse,40,"[40, 49, 64]",341,341,"[49, 64]"
power_sparse,40,"[40, 49, 128]",2000,3573,"[49, 128]"
power_sparse,40,"[40, 50, 0]",27,27,"[50, 0]"
power_sparse,40,"[40, 50, 64]",68,68,"[50, 64]"
power_sparse,40,"[40, 50, 128]",2000,4468,"[50, 128]"
power_sparse,40,"[40, 51, 0]",82,82,"[51, 0]"
power_sparse,40,"[40, 51, 64]",511,511,"[51, 64]"
power_sparse,40,"[40, 51, 128]",2000,6065,"[51, 128]"
power_sparse,40,"[40, 52, 0]",29,29,"[52, 0]"
power_sparse,40,"[40, 52, 64]",120,120,"[52, 64]"
power_sparse,40,"[40, 52, 128]",2000,4869,"[52, 128]"
power_sparse,40,"[40, 53, 0]",82,82,"[53, 0]"
power_sparse,40,"[40, 53, 64]",326,326,"[53, 64]"
power_sparse,40,"[40, 53, 128]",1728,1728,"[53, 128]"
power_sparse,40,"[40, 54, 0]",29,29,"[54, 0]"
power_sparse,40,"[40, 54, 64]",145,145,"[54, 64]"
power_sparse,40,"[40, 54, 128]",2000,3462,"[54, 128]"
power_sparse,40,"[40, 55, 0]",47,47,"[55, 0]"
power_sparse,40,"[40, 55, 64]",293,293,"[55, 64]"
power_sparse,40,"[40, 55, 128]",2000,9838,"[55, 128]"
power_sparse,40,"[40, 55, 192]",1,1,"[55, 192]"
power_sparse,40,"[40, 56, 0]",43,43,"[56, 0]"
power_sparse,40,"[40, 56, 64]",118,118,"[56, 64]"
power_sparse,40,"[40, 56, 128]",2000,12622,"[56, 128]"
power_sparse,40,"[40, 57, 0]",119,119,"[57, 0]"
power_sparse,40,"[40, 57, 64]",293,293,"[57, 64]"
power_sparse,40,"[40, 57, 128]",2000,3578,"[57, 128]"
power_sparse,40,"[40, 58, 0]",77,77,"[58, 0]"
power_sparse,40,"[40, 58, 64]",126,126,"[58, 64]"
power_sparse,40,"[40, 58, 128]",2000,6075,"[58, 128]"
power_sparse,40,"[40, 58, 192]",14,14,"[58, 192]"
power_sparse,40,"[40, 59, 0]",135,135,"[59, 0]"
power_sparse,40,"[40, 59, 64]",280,280,"[59, 64]"
power_sparse,40,"[40, 59, 128]",600,600,"[59, 128]"
power_sparse,40,"[40, 59, 192]",2,2,"[59, 192]"
power_sparse,40,"[40, 60, 0]",52,52,"[60, 0]"
power_sparse,40,"[40, 60, 64]",88,88,"[60, 64]"
power_sparse,40,"[40, 60, 128]",989,989,"[60, 128]"
power_sparse,40,"[40, 60, 192]",13,13,"[60, 192]"
power_sparse,40,"[40, 61, 0]",106,106,"[61, 0]"
power_sparse,40,"[40, 61, 64]",122,122,"[61, 64]"
power_sparse,40,"[40, 61, 128]",2000,14602,"[61, 128]"
power_sparse,40,"[40, 61, 192]",603,603,"[61, 192]"
power_sparse,40,"[40, 62, 0]",1,1,"[62, 0]"
power_sparse,40,"[40, 62, 64]",99,99,"[62, 64]"
power_sparse,40,"[40, 62, 128]",2000,9543,"[62, 128]"
power_sparse,40,"[40, 62, 192]",1050,1050,"[62, 192]"
power_sparse,40,"[40, 63, 0]",130,130,"[63, 0]"
power_sparse,40,"[40, 63, 64]",108,108,"[63, 64]"
power_sparse,40,"[40, 63, 128]",1176,1176,"[63, 128]"
power_sparse,40,"[40, 63, 192]",91,91,"[63, 192]"
power_sparse,40,"[40, 64, 0]",2,2,"[64, 0]"
power_sparse,40,"[40, 64, 64]",57,57,"[64, 64]"
power_sparse,40,"[40, 64, 128]",1143,1143,"[64, 128]"
power_sparse,40,"[40, 64, 192]",153,153,"[64, 192]"
power_sparse,40,"[40, 65, 0]",107,107,"[65, 0]"
power_sparse,40,"[40, 65, 64]",71,71,"[65, 64]"
power_sparse,40,"[40, 65, 128]",1034,1034,"[65, 128]"
power_sparse,40,"[40, 65, 192]",8,8,"[65, 192]"
power_sparse,40,"[40, 66, 0]",1,1,"[66, 0]"
power_sparse,40,"[40, 66, 64]",111,111,"[66, 64]"
power_sparse,40,"[40, 66, 128]",1248,1248,"[66, 128]"
power_sparse,40,"[40, 66, 192]",18,18,"[66, 192]"
power_sparse,40,"[40, 67, 0]",91,91,"[67, 0]"
power_sparse,40,"[40, 67, 64]",150,150,"[67, 64]"
power_sparse,40,"[40, 67, 128]",2000,2646,"[67, 128]"
power_sparse,40,"[40, 67, 192]",2000,4374,"[67, 192]"
power_sparse,40,"[40, 68, 64]",82,82,"[68, 64]"
power_sparse,40,"[40, 68, 128]",895,895,"[68, 128]"
power_sparse,40,"[40, 68, 192]",600,600,"[68, 192]"
power_sparse,40,"[40, 69, 0]",45,45,"[69, 0]"
power_sparse,40,"[40, 69, 64]",70,70,"[69, 64]"
power_sparse,40,"[40, 69, 128]",814,814,"[69, 128]"
power_sparse,40,"[40, 69, 192]",71,71,"[69, 192]"
power_sparse,40,"[40, 70, 0]",4,4,"[70, 0]"
power_sparse,40,"[40, 70, 64]",44,44,"[70, 64]"
power_sparse,40,"[40, 70, 128]",815,815,"[70, 128]"
power_sparse,40,"[40, 70, 192]",73,73,"[70, 192]"
power_sparse,40,"[40, 71, 0]",17,17,"[71, 0]"
power_sparse,40,"[40, 71, 64]",144,144,"[71, 64]"
power_sparse,40,"[40, 71, 128]",872,872,"[71, 128]"
power_sparse,40,"[40, 71, 192]",115,115,"[71, 192]"
power_sparse,40,"[40, 72, 0]",15,15,"[72, 0]"
power_sparse,40,"[40, 72, 64]",51,51,"[72, 64]"
power_sparse,40,"[40, 72, 128]",1636,1636,"[72, 128]"
power_sparse,40,"[40, 72, 192]",150,150,"[72, 192]"
power_sparse,40,"[40, 73, 0]",12,12,"[73, 0]"
power_sparse,40,"[40, 73, 64]",114,114,"[73, 64]"
power_sparse,40,"[40, 73, 128]",254,254,"[73, 128]"
power_sparse,40,"[40, 73, 192]",442,442,"[73, 192]"
power_sparse,40,"[40, 74, 64]",24,24,"[74, 64]"
power_sparse,40,"[40, 74, 128]",244,244,"[74, 128]"
power_sparse,40,"[40, 74, 192]",181,181,"[74, 192]"
power_sparse,40,"[40, 75, 0]",5,5,"[75, 0]"
power_sparse,40,"[40, 75, 64]",309,309,"[75, 64]"
power_sparse,40,"[40, 75, 128]",1582,1582,"[75, 128]"
power_sparse,40,"[40, 75, 192]",781,781,"[75, 192]"
power_sparse,40,"[40, 76, 0]",38,38,"[76, 0]"
power_sparse,40,"[40, 76, 64]",76,76,"[76, 64]"
power_sparse,40,"[40, 76, 128]",392,392,"[76, 128]"
power_sparse,40,"[40, 76, 192]",252,252,"[76, 192]"
power_sparse,40,"[40, 77, 64]",84,84,"[77, 64]"
power_sparse,40,"[40, 77, 128]",618,618,"[77, 128]"
power_sparse,40,"[40, 77, 192]",192,192,"[77, 192]"
power_sparse,40,"[40, 78, 0]",16,16,"[78, 0]"
power_sparse,40,"[40, 78, 64]",38,38,"[78, 64]"
power_sparse,40,"[40, 78, 128]",574,574,"[78, 128]"
power_sparse,40,"[40, 78, 192]",223,223,"[78, 192]"
power_sparse,40,"[40, 79, 0]",234,234,"[79, 0]"
power_sparse,40,"[40, 79, 64]",737,737,"[79, 64]"
power_sparse,40,"[40, 79, 128]",1090,1090,"[79, 128]"
power_sparse,40,"[40, 79, 192]",1648,1648,"[79, 192]"
power_sparse,40,"[40, 80, 64]",96,96,"[80, 64]"
power_sparse,40,"[40, 80, 128]",600,600,"[80, 128]"
power_sparse,40,"[40, 80, 192]",618,618,"[80, 192]"
power_sparse,40,"[40, 81, 0]",8,8,"[81, 0]"
power_sparse,40,"[40, 81, 64]",94,94,"[81, 64]"
power_sparse,40,"[40, 81, 128]",645,645,"[81, 128]"
power_sparse,40,"[40, 81, 192]",965,965,"[81, 192]"
power_sparse,40,"[40, 82, 0]",16,16,"[82, 0]"
power_sparse,40,"[40, 82, 64]",83,83,"[82, 64]"
power_sparse,40,"[40, 82, 128]",509,509,"[82, 128]"
power_sparse,40,"[40, 82, 192]",279,279,"[82, 192]"
power_sparse,40,"[40, 82, 256]",1,1,"[82, 256]"
power_sparse,40,"[40, 83, 0]",2,2,"[83, 0]"
power_sparse,40,"[40, 83, 64]",30,30,"[83, 64]"
power_sparse,40,"[40, 83, 128]",247,247,"[83, 128]"
power_sparse,40,"[40, 83, 192]",323,323,"[83, 192]"
power_sparse,40,"[40, 84, 0]",2,2,"[84, 0]"
power_sparse,40,"[40, 84, 64]",10,10,"[84, 64]"
power_sparse,40,"[40, 84, 128]",343,343,"[84, 128]"
power_sparse,40,"[40, 84, 192]",236,236,"[84, 192]"
power_sparse,40,"[40, 85, 0]",294,294,"[85, 0]"
power_sparse,40,"[40, 85, 64]",272,272,"[85, 64]"
power_sparse,40,"[40, 85, 128]",468,468,"[85, 128]"
power_sparse,40,"[40, 85, 192]",1314,1314,"[85, 192]"
power_sparse,40,"[40, 85, 256]",15,15,"[85, 256]"
power_sparse,40,"[40, 86, 64]",67,67,"[86, 64]"
power_sparse,40,"[40, 86, 128]",402,402,"[86, 128]"
power_sparse,40,"[40, 86, 192]",443,443,"[86, 192]"
power_sparse,40,"[40, 86, 256]",8,8,"[86, 256]"
power_sparse,40,"[40, 87, 64]",46,46,"[87, 64]"
power_sparse,40,"[40, 87, 128]",363,363,"[87, 128]"
power_sparse,40,"[40, 87, 192]",908,908,"[87, 192]"
power_sparse,40,"[40, 87, 256]",11,11,"[87, 256]"
power_sparse,40,"[40, 88, 0]",62,62,"[88, 0]"
power_sparse,40,"[40, 88, 64]",83,83,"[88, 64]"
power_sparse,40,"[40, 88, 128]",172,172,"[88, 128]"
power_sparse,40,"[40, 88, 192]",139,139,"[88, 192]"
power_sparse,40,"[40, 88, 256]",16,16,"[88, 256]"
power_sparse,40,"[40, 89, 64]",4,4,"[89, 64]"
power_sparse,40,"[40, 89, 128]",177,177,"[89, 128]"
power_sparse,40,"[40, 89, 192]",329,329,"[89, 192]"
power_sparse,40,"[40, 89, 256]",42,42,"[89, 256]"
power_sparse,40,"[40, 90, 0]",2,2,"[90, 0]"
power_sparse,40,"[40, 90, 64]",18,18,"[90, 64]"
power_sparse,40,"[40, 90, 128]",519,519,"[90, 128]"
power_sparse,40,"[40, 90, 192]",216,216,"[90, 192]"
power_sparse,40,"[40, 90, 256]",7,7,"[90, 256]"
power_sparse,40,"[40, 91, 0]",231,231,"[91, 0]"
power_sparse,40,"[40, 91, 64]",197,197,"[91, 64]"
power_sparse,40,"[40, 91, 128]",203,203,"[91, 128]"
power_sparse,40,"[40, 91, 192]",1090,1090,"[91, 192]"
power_sparse,40,"[40, 91, 256]",191,191,"[91, 256]"
power_sparse,40,"[40, 92, 64]",45,45,"[92, 64]"
power_sparse,40,"[40, 92, 128]",198,198,"[92, 128]"
power_sparse,40,"[40, 92, 192]",371,371,"[92, 192]"
power_sparse,40,"[40, 92, 256]",134,134,"[92, 256]"
power_sparse,40,"[40, 93, 64]",32,32,"[93, 64]"
power_sparse,40,"[40, 93, 128]",164,164,"[93, 128]"
power_sparse,40,"[40, 93, 192]",1174,1174,"[93, 192]"
power_sparse,40,"[40, 93, 256]",246,246,"[93, 256]"
power_sparse,40,"[40, 94, 0]",52,52,"[94, 0]"
power_sparse,40,"[40, 94, 64]",35,35,"[94, 64]"
power_sparse,40,"[40, 94, 128]",237,237,"[94, 128]"
power_sparse,40,"[40, 94, 192]",563,563,"[94, 192]"
power_sparse,40,"[40, 94, 256]",60,60,"[94, 256]"
power_sparse,40,"[40, 95, 0]",2,2,"[95, 0]"
power_sparse,40,"[40, 95, 128]",16,16,"[95, 128]"
power_sparse,40,"[40, 95, 192]",312,312,"[95, 192]"
power_sparse,40,"[40, 95, 256]",415,415,"[95, 256]"
power_sparse,40,"[40, 96, 64]",11,11,"[96, 64]"
power_sparse,40,"[40, 96, 128]",144,144,"[96, 128]"
power_sparse,40,"[40, 96, 192]",222,222,"[96, 192]"
power_sparse,40,"[40, 96, 256]",26,26,"[96, 256]"
power_sparse,40,"[40, 97, 0]",516,516,"[97, 0]"
power_sparse,40,"[40, 97, 64]",227,227,"[97, 64]"
power_sparse,40,"[40, 97, 128]",72,72,"[97, 128]"
power_sparse,40,"[40, 97, 192]",730,730,"[97, 192]"
power_sparse,40,"[40, 97, 256]",1541,1541,"[97, 256]"
power_sparse,40,"[40, 98, 64]",31,31,"[98, 64]"
power_sparse,40,"[40, 98, 128]",206,206,"[98, 128]"
power_sparse,40,"[40, 98, 192]",434,434,"[98, 192]"
power_sparse,40,"[40, 98, 256]",1274,1274,"[98, 256]"
power_sparse,40,"[40, 99, 64]",1,1,"[99, 64]"
power_sparse,40,"[40, 99, 128]",5,5,"[99, 128]"
power_sparse,40,"[40, 99, 192]",163,163,"[99, 192]"
power_sparse,40,"[40, 99, 256]",137,137,"[99, 256]"
power_sparse,40,"[40, 100, 0]",14,14,"[100, 0]"
power_sparse,40,"[40, 100, 64]",20,20,"[100, 64]"
power_sparse,40,"[40, 100, 128]",64,64,"[100, 128]"
power_sparse,40,"[40, 100, 192]",341,341,"[100, 192]"
power_sparse,40,"[40, 100, 256]",367,367,"[100, 256]"
power_sparse,40,"[40, 101, 128]",2,2,"[101, 128]"
power_sparse,40,"[40, 101, 192]",75,75,"[101, 192]"
power_sparse,40,"[40, 101, 256]",496,496,"[101, 256]"
power_sparse,40,"[40, 102, 64]",7,7,"[102, 64]"
power_sparse,40,"[40, 102, 128]",6,6,"[102, 128]"
power_sparse,40,"[40, 102, 192]",112,112,"[102, 192]"
power_sparse,40,"[40, 102, 256]",37,37,"[102, 256]"
power_sparse,40,"[40, 103, 0]",176,176,"[103, 0]"
power_sparse,40,"[40, 103, 64]",97,97,"[103, 64]"
power_sparse,40,"[40, 103, 128]",28,28,"[103, 128]"
power_sparse,40,"[40, 103, 192]",153,153,"[103, 192]"
power_sparse,40,"[40, 103, 256]",1691,1691,"[103, 256]"
power_sparse,40,"[40, 104, 64]",67,67,"[104, 64]"
power_sparse,40,"[40, 104, 128]",57,57,"[104, 128]"
power_sparse,40,"[40, 104, 192]",135,135,"[104, 192]"
power_sparse,40,"[40, 104, 256]",877,877,"[104, 256]"
power_sparse,40,"[40, 105, 64]",7,7,"[105, 64]"
power_sparse,40,"[40, 105, 192]",35,35,"[105, 192]"
power_sparse,40,"[40, 105, 256]",53,53,"[105, 256]"
power_sparse,40,"[40, 106, 0]",2,2,"[106, 0]"
power_sparse,40,"[40, 106, 64]",17,17,"[106, 64]"
power_sparse,40,"[40, 106, 128]",2,2,"[106, 128]"
power_sparse,40,"[40, 106, 192]",83,83,"[106, 192]"
power_sparse,40,"[40, 106, 256]",385,385,"[106, 256]"
power_sparse,40,"[40, 107, 64]",3,3,"[107, 64]"
power_sparse,40,"[40, 107, 128]",8,8,"[107, 128]"
power_sparse,40,"[40, 107, 192]",26,26,"[107, 192]"
power_sparse,40,"[40, 107, 256]",268,268,"[107, 256]"
power_sparse,40,"[40, 107, 320]",3,3,"[107, 320]"
power_sparse,40,"[40, 108, 64]",2,2,"[108, 64]"
power_sparse,40,"[40, 108, 128]",2,2,"[108, 128]"
power_sparse,40,"[40, 108, 192]",7,7,"[108, 192]"
power_sparse,40,"[40, 108, 256]",17,17,"[108, 256]"
power_sparse,40,"[40, 109, 0]",24,24,"[109, 0]"
power_sparse,40,"[40, 109, 64]",109,109,"[109, 64]"
power_sparse,40,"[40, 109, 128]",8,8,"[109, 128]"
power_sparse,40,"[40, 109, 192]",24,24,"[109, 192]"
power_sparse,40,"[40, 109, 256]",1669,1669,"[109, 256]"
power_sparse,40,"[40, 109, 320]",27,27,"[109, 320]"
power_sparse,40,"[40, 110, 64]",47,47,"[110, 64]"
power_sparse,40,"[40, 110, 128]",12,12,"[110, 128]"
power_sparse,40,"[40, 110, 192]",42,42,"[110, 192]"
power_sparse,40,"[40, 110, 256]",319,319,"[110, 256]"
power_sparse,40,"[40, 110, 320]",236,236,"[110, 320]"
power_sparse,40,"[40, 111, 64]",3,3,"[111, 64]"
power_sparse,40,"[40, 111, 192]",3,3,"[111, 192]"
power_sparse,40,"[40, 111, 256]",32,32,"[111, 256]"
power_sparse,40,"[40, 111, 320]",13,13,"[111, 320]"
power_sparse,40,"[40, 112, 64]",7,7,"[112, 64]"
power_sparse,40,"[40, 112, 192]",11,11,"[112, 192]"
power_sparse,40,"[40, 112, 256]",88,88,"[112, 256]"
power_sparse,40,"[40, 112, 320]",20,20,"[112, 320]"
power_sparse,40,"[40, 113, 64]",11,11,"[113, 64]"
power_sparse,40,"[40, 113, 192]",10,10,"[113, 192]"
power_sparse,40,"[40, 113, 256]",53,53,"[113, 256]"
power_sparse,40,"[40, 113, 320]",24,24,"[113, 320]"
power_sparse,40,"[40, 114, 64]",3,3,"[114, 64]"
power_sparse,40,"[40, 114, 256]",6,6,"[114, 256]"
power_sparse,40,"[40, 114, 320]",1,1,"[114, 320]"
power_sparse,40,"[40, 115, 64]",131,131,"[115, 64]"
power_sparse,40,"[40, 115, 128]",1,1,"[115, 128]"
power_sparse,40,"[40, 115, 192]",1,1,"[115, 192]"
power_sparse,40,"[40, 115, 256]",711,711,"[115, 256]"
power_sparse,40,"[40, 115, 320]",163,163,"[115, 320]"
power_sparse,40,"[40, 116, 64]",47,47,"[116, 64]"
power_sparse,40,"[40, 116, 128]",2,2,"[116, 128]"
power_sparse,40,"[40, 116, 192]",6,6,"[116, 192]"
power_sparse,40,"[40, 116, 256]",42,42,"[116, 256]"
power_sparse,40,"[40, 116, 320]",40,40,"[116, 320]"
power_sparse,40,"[40, 117, 64]",4,4,"[117, 64]"
power_sparse,40,"[40, 117, 192]",2,2,"[117, 192]"
power_sparse,40,"[40, 117, 320]",13,13,"[117, 320]"
power_sparse,40,"[40, 118, 64]",17,17,"[118, 64]"
power_sparse,40,"[40, 118, 192]",14,14,"[118, 192]"
power_sparse,40,"[40, 118, 256]",32,32,"[118, 256]"
power_sparse,40,"[40, 118, 320]",37,37,"[118, 320]"
power_sparse,40,"[40, 119, 64]",7,7,"[119, 64]"
power_sparse,40,"[40, 119, 320]",9,9,"[119, 320]"
power_sparse,40,"[40, 120, 64]",9,9,"[120, 64]"
power_sparse,40,"[40, 120, 256]",2,2,"[120, 256]"
power_sparse,40,"[40, 120, 320]",1,1,"[120, 320]"
power_sparse,40,"[40, 121, 64]",55,55,"[121, 64]"
power_sparse,40,"[40, 121, 192]",2,2,"[121, 192]"
power_sparse,40,"[40, 121, 256]",150,150,"[121, 256]"
power_sparse,40,"[40, 121, 320]",202,202,"[121, 320]"
power_sparse,40,"[40, 122, 64]",13,13,"[122, 64]"
power_sparse,40,"[40, 122, 192]",14,14,"[122, 192]"
power_sparse,40,"[40, 122, 256]",2,2,"[122, 256]"
power_sparse,40,"[40, 122, 320]",56,56,"[122, 320]"
power_sparse,40,"[40, 123, 64]",5,5,"[123, 64]"
power_sparse,40,"[40, 123, 320]",7,7,"[123, 320]"
power_sparse,40,"[40, 124, 64]",7,7,"[124, 64]"
power_sparse,40,"[40, 124, 192]",2,2,"[124, 192]"
power_sparse,40,"[40, 124, 256]",9,9,"[124, 256]"
power_sparse,40,"[40, 124, 320]",14,14,"[124, 320]"
power_sparse,40,"[40, 125, 64]",5,5,"[125, 64]"
power_sparse,40,"[40, 125, 192]",1,1,"[125, 192]"
power_sparse,40,"[40, 125, 320]",7,7,"[125, 320]"
power_sparse,40,"[40, 126, 64]",7,7,"[126, 64]"
power_sparse,40,"[40, 126, 320]",2,2,"[126, 320]"
power_sparse,40,"[40, 127, 64]",16,16,"[127, 64]"
power_sparse,40,"[40, 127, 256]",19,19,"[127, 256]"
power_sparse,40,"[40, 127, 320]",56,56,"[127, 320]"
power_sparse,40,"[40, 128, 64]",7,7,"[128, 64]"
power_sparse,40,"[40, 128, 192]",2,2,"[128, 192]"
power_sparse,40,"[40, 128, 256]",4,4,"[128, 256]"
power_sparse,40,"[40, 128, 320]",5,5,"[128, 320]"
power_sparse,40,"[40, 129, 64]",14,14,"[129, 64]"
power_sparse,40,"[40, 129, 320]",6,6,"[129, 320]"
power_sparse,40,"[40, 130, 64]",7,7,"[130, 64]"
power_sparse,40,"[40, 130, 256]",12,12,"[130, 256]"
power_sparse,40,"[40, 130, 320]",7,7,"[130, 320]"
power_sparse,40,"[40, 131, 64]",9,9,"[131, 64]"
power_sparse,40,"[40, 131, 320]",2,2,"[131, 320]"
power_sparse,40,"[40, 132, 64]",9,9,"[132, 64]"
power_sparse,40,"[40, 132, 320]",3,3,"[132, 320]"
power_sparse,40,"[40, 133, 64]",7,7,"[133, 64]"
power_sparse,40,"[40, 133, 128]",3,3,"[133, 128]"
power_sparse,40,"[40, 133, 320]",31,31,"[133, 320]"
power_sparse,40,"[40, 134, 64]",9,9,"[134, 64]"
power_sparse,40,"[40, 134, 128]",1,1,"[134, 128]"
power_sparse,40,"[40, 134, 192]",10,10,"[134, 192]"
power_sparse,40,"[40, 134, 384]",2,2,"[134, 384]"
power_sparse,40,"[40, 135, 64]",10,10,"[135, 64]"
power_sparse,40,"[40, 135, 128]",1,1,"[135, 128]"
power_sparse,40,"[40, 135, 384]",4,4,"[135, 384]"
power_sparse,40,"[40, 136, 64]",10,10,"[136, 64]"
power_sparse,40,"[40, 136, 128]",1,1,"[136, 128]"
power_sparse,40,"[40, 136, 192]",1,1,"[136, 192]"
power_sparse,40,"[40, 136, 256]",8,8,"[136, 256]"
power_sparse,40,"[40, 136, 320]",10,10,"[136, 320]"
power_sparse,40,"[40, 137, 64]",15,15,"[137, 64]"
power_sparse,40,"[40, 138, 64]",11,11,"[138, 64]"
power_sparse,40,"[40, 138, 320]",1,1,"[138, 320]"
power_sparse,40,"[40, 139, 64]",9,9,"[139, 64]"
power_sparse,40,"[40, 139, 320]",10,10,"[139, 320]"
power_sparse,40,"[40, 139, 384]",4,4,"[139, 384]"
power_sparse,40,"[40, 140, 64]",11,11,"[140, 64]"
power_sparse,40,"[40, 140, 192]",2,2,"[140, 192]"
power_sparse,40,"[40, 140, 256]",7,7,"[140, 256]"
power_sparse,40,"[40, 141, 64]",9,9,"[141, 64]"
power_sparse,40,"[40, 142, 64]",11,11,"[142, 64]"
power_sparse,40,"[40, 142, 256]",5,5,"[142, 256]"
power_sparse,40,"[40, 142, 320]",2,2,"[142, 320]"
power_sparse,40,"[40, 142, 384]",2,2,"[142, 384]"
power_sparse,40,"[40, 143, 64]",12,12,"[143, 64]"
power_sparse,40,"[40, 144, 64]",12,12,"[144, 64]"
power_sparse,40,"[40, 144, 320]",3,3,"[144, 320]"
power_sparse,40,"[40, 145, 64]",16,16,"[145, 64]"
power_sparse,40,"[40, 145, 320]",3,3,"[145, 320]"
power_sparse,40,"[40, 146, 64]",11,11,"[146, 64]"
power_sparse,40,"[40, 146, 128]",2,2,"[146, 128]"
power_sparse,40,"[40, 146, 256]",6,6,"[146, 256]"
power_sparse,40,"[40, 146, 320]",7,7,"[146, 320]"
power_sparse,40,"[40, 146, 384]",2,2,"[146, 384]"
power_sparse,40,"[40, 147, 64]",14,14,"[147, 64]"
power_sparse,40,"[40, 147, 128]",1,1,"[147, 128]"
power_sparse,40,"[40, 147, 384]",2,2,"[147, 384]"
power_sparse,40,"[40, 148, 64]",13,13,"[148, 64]"
power_sparse,40,"[40, 148, 192]",1,1,"[148, 192]"
power_sparse,40,"[40, 148, 384]",1,1,"[148, 384]"
power_sparse,40,"[40, 149, 64]",13,13,"[149, 64]"
power_sparse,40,"[40, 149, 128]",4,4,"[149, 128]"
power_sparse,40,"[40, 149, 192]",7,7,"[149, 192]"
power_sparse,40,"[40, 149, 320]",1,1,"[149, 320]"
power_sparse,40,"[40, 150, 64]",15,15,"[150, 64]"
power_sparse,40,"[40, 150, 128]",2,2,"[150, 128]"
power_sparse,40,"[40, 150, 192]",1,1,"[150, 192]"
power_sparse,40,"[40, 150, 320]",2,2,"[150, 320]"
power_sparse,40,"[40, 150, 384]",1,1,"[150, 384]"
power_sparse,40,"[40, 151, 64]",14,14,"[151, 64]"
power_sparse,40,"[40, 151, 128]",5,5,"[151, 128]"
power_sparse,40,"[40, 151, 192]",1,1,"[151, 192]"
power_sparse,40,"[40, 151, 320]",2,2,"[151, 320]"
power_sparse,40,"[40, 151, 384]",2,2,"[151, 384]"
power_sparse,40,"[40, 152, 64]",4,4,"[152, 64]"
power_sparse,40,"[40, 152, 128]",4,4,"[152, 128]"
power_sparse,40,"[40, 152, 192]",1,1,"[152, 192]"
power_sparse,40,"[40, 152, 256]",2,2,"[152, 256]"
power_sparse,40,"[40, 152, 320]",1,1,"[152, 320]"
power_sparse,40,"[40, 152, 384]",4,4,"[152, 384]"
power_sparse,40,"[40, 153, 64]",7,7,"[153, 64]"
power_sparse,40,"[40, 153, 128]",8,8,"[153, 128]"
power_sparse,40,"[40, 153, 192]",2,2,"[153, 192]"
power_sparse,40,"[40, 153, 320]",1,1,"[153, 320]"
power_sparse,40,"[40, 154, 64]",2,2,"[154, 64]"
power_sparse,40,"[40, 154, 128]",7,7,"[154, 128]"
power_sparse,40,"[40, 154, 192]",2,2,"[154, 192]"
power_sparse,40,"[40, 154, 320]",1,1,"[154, 320]"
power_sparse,40,"[40, 154, 384]",6,6,"[154, 384]"
power_sparse,40,"[40, 155, 64]",10,10,"[155, 64]"
power_sparse,40,"[40, 155, 128]",3,3,"[155, 128]"
power_sparse,40,"[40, 155, 192]",3,3,"[155, 192]"
power_sparse,40,"[40, 156, 64]",2,2,"[156, 64]"
power_sparse,40,"[40, 156, 128]",6,6,"[156, 128]"
power_sparse,40,"[40, 156, 192]",4,4,"[156, 192]"
power_sparse,40,"[40, 156, 256]",3,3,"[156, 256]"
power_sparse,40,"[40, 156, 384]",8,8,"[156, 384]"
power_sparse,40,"[40, 157, 64]",7,7,"[157, 64]"
power_sparse,40,"[40, 157, 128]",1,1,"[157, 128]"
power_sparse,40,"[40, 157, 192]",4,4,"[157, 192]"
power_sparse,40,"[40, 157, 384]",6,6,"[157, 384]"
power_sparse,40,"[40, 158, 64]",2,2,"[158, 64]"
power_sparse,40,"[40, 158, 128]",7,7,"[158, 128]"
power_sparse,40,"[40, 158, 192]",1,1,"[158, 192]"
power_sparse,40,"[40, 158, 384]",5,5,"[158, 384]"
power_sparse,40,"[40, 159, 64]",2,2,"[159, 64]"
power_sparse,40,"[40, 159, 128]",2,2,"[159, 128]"
power_sparse,40,"[40, 159, 192]",2,2,"[159, 192]"
power_sparse,40,"[40, 159, 256]",2,2,"[159, 256]"
power_sparse,40,"[40, 160, 64]",4,4,"[160, 64]"
power_sparse,40,"[40, 160, 128]",8,8,"[160, 128]"
power_sparse,40,"[40, 160, 192]",1,1,"[160, 192]"
power_sparse,40,"[40, 160, 384]",12,12,"[160, 384]"
power_sparse,40,"[40, 161, 64]",2,2,"[161, 64]"
power_sparse,40,"[40, 161, 256]",1,1,"[161, 256]"
power_sparse,40,"[40, 161, 384]",5,5,"[161, 384]"
power_sparse,40,"[40, 162, 64]",2,2,"[162, 64]"
power_sparse,40,"[40, 162, 128]",8,8,"[162, 128]"
power_sparse,40,"[40, 163, 64]",2,2,"[163, 64]"
power_sparse,40,"[40, 163, 128]",1,1,"[163, 128]"
power_sparse,40,"[40, 163, 256]",5,5,"[163, 256]"
power_sparse,40,"[40, 164, 384]",18,18,"[164, 384]"
power_sparse,40,"[40, 165, 64]",2,2,"[165, 64]"
power_sparse,40,"[40, 165, 128]",3,3,"[165, 128]"
power_sparse,40,"[40, 165, 192]",10,10,"[165, 192]"
power_sparse,40,"[40, 165, 256]",4,4,"[165, 256]"
power_sparse,40,"[40, 165, 384]",8,8,"[165, 384]"
power_sparse,40,"[40, 166, 384]",2,2,"[166, 384]"
power_sparse,40,"[40, 167, 256]",2,2,"[167, 256]"
power_sparse,40,"[40, 168, 320]",1,1,"[168, 320]"
power_sparse,40,"[40, 168, 384]",26,26,"[168, 384]"
power_sparse,40,"[40, 168, 448]",4,4,"[168, 448]"
power_sparse,40,"[40, 169, 384]",7,7,"[169, 384]"
power_sparse,40,"[40, 170, 384]",2,2,"[170, 384]"
power_sparse,40,"[40, 171, 256]",1,1,"[171, 256]"
power_sparse,40,"[40, 172, 256]",2,2,"[172, 256]"
power_sparse,40,"[40, 172, 320]",5,5,"[172, 320]"
power_sparse,40,"[40, 172, 384]",28,28,"[172, 384]"
power_sparse,40,"[40, 172, 448]",10,10,"[172, 448]"
power_sparse,40,"[40, 173, 256]",3,3,"[173, 256]"
power_sparse,40,"[40, 173, 384]",8,8,"[173, 384]"
power_sparse,40,"[40, 173, 448]",1,1,"[173, 448]"
power_sparse,40,"[40, 174, 384]",1,1,"[174, 384]"
power_sparse,40,"[40, 175, 320]",3,3,"[175, 320]"
power_sparse,40,"[40, 175, 384]",1,1,"[175, 384]"
power_sparse,40,"[40, 176, 320]",3,3,"[176, 320]"
power_sparse,40,"[40, 176, 384]",18,18,"[176, 384]"
power_sparse,40,"[40, 176, 448]",26,26,"[176, 448]"
power_sparse,40,"[40, 177, 320]",4,4,"[177, 320]"
power_sparse,40,"[40, 177, 384]",8,8,"[177, 384]"
power_sparse,40,"[40, 177, 448]",6,6,"[177, 448]"
power_sparse,40,"[40, 178, 384]",1,1,"[178, 384]"
power_sparse,40,"[40, 179, 320]",2,2,"[179, 320]"
power_sparse,40,"[40, 179, 384]",20,20,"[179, 384]"
power_sparse,40,"[40, 180, 384]",17,17,"[180, 384]"
power_sparse,40,"[40, 180, 448]",37,37,"[180, 448]"
power_sparse,40,"[40, 181, 128]",1,1,"[181, 128]"
power_sparse,40,"[40, 181, 384]",3,3,"[181, 384]"
power_sparse,40,"[40, 181, 448]",9,9,"[181, 448]"
power_sparse,40,"[40, 182, 384]",3,3,"[182, 384]"
power_sparse,40,"[40, 183, 384]",11,11,"[183, 384]"
power_sparse,40,"[40, 183, 448]",4,4,"[183, 448]"
power_sparse,40,"[40, 184, 384]",5,5,"[184, 384]"
power_sparse,40,"[40, 184, 448]",62,62,"[184, 448]"
power_sparse,40,"[40, 185, 320]",1,1,"[185, 320]"
power_sparse,40,"[40, 185, 384]",149,149,"[185, 384]"
power_sparse,40,"[40, 185, 448]",101,101,"[185, 448]"
power_sparse,40,"[40, 186, 384]",2,2,"[186, 384]"
power_sparse,40,"[40, 186, 448]",11,11,"[186, 448]"
power_sparse,40,"[40, 187, 320]",1,1,"[187, 320]"
power_sparse,40,"[40, 187, 384]",14,14,"[187, 384]"
power_sparse,40,"[40, 187, 448]",24,24,"[187, 448]"
power_sparse,40,"[40, 188, 384]",6,6,"[188, 384]"
power_sparse,40,"[40, 188, 448]",84,84,"[188, 448]"
power_sparse,40,"[40, 189, 320]",1,1,"[189, 320]"
power_sparse,40,"[40, 189, 384]",4,4,"[189, 384]"
power_sparse,40,"[40, 189, 448]",32,32,"[189, 448]"
power_sparse,40,"[40, 190, 320]",1,1,"[190, 320]"
power_sparse,40,"[40, 190, 448]",64,64,"[190, 448]"
power_sparse,40,"[40, 190, 512]",1,1,"[190, 512]"
power_sparse,40,"[40, 191, 384]",65,65,"[191, 384]"
power_sparse,40,"[40, 191, 448]",315,315,"[191, 448]"
power_sparse,40,"[40, 191, 512]",1,1,"[191, 512]"
power_sparse,40,"[40, 192, 448]",104,104,"[192, 448]"
power_sparse,40,"[40, 192, 512]",12,12,"[192, 512]"
power_sparse,40,"[40, 193, 320]",2,2,"[193, 320]"
power_sparse,40,"[40, 193, 384]",5,5,"[193, 384]"
power_sparse,40,"[40, 193, 448]",66,66,"[193, 448]"
power_sparse,40,"[40, 193, 512]",3,3,"[193, 512]"
power_sparse,40,"[40, 194, 320]",1,1,"[194, 320]"
power_sparse,40,"[40, 194, 384]",3,3,"[194, 384]"
power_sparse,40,"[40, 194, 448]",155,155,"[194, 448]"
power_sparse,40,"[40, 194, 512]",38,38,"[194, 512]"
power_sparse,40,"[40, 195, 320]",2,2,"[195, 320]"
power_sparse,40,"[40, 195, 384]",13,13,"[195, 384]"
power_sparse,40,"[40, 195, 448]",101,101,"[195, 448]"
power_sparse,40,"[40, 195, 512]",19,19,"[195, 512]"
power_sparse,40,"[40, 196, 384]",2,2,"[196, 384]"
power_sparse,40,"[40, 196, 448]",110,110,"[196, 448]"
power_sparse,40,"[40, 196, 512]",50,50,"[196, 512]"
power_sparse,40,"[40, 197, 320]",7,7,"[197, 320]"
power_sparse,40,"[40, 197, 384]",35,35,"[197, 384]"
power_sparse,40,"[40, 197, 448]",1424,1424,"[197, 448]"
power_sparse,40,"[40, 197, 512]",28,28,"[197, 512]"
power_sparse,40,"[40, 198, 320]",2,2,"[198, 320]"
power_sparse,40,"[40, 198, 384]",5,5,"[198, 384]"
power_sparse,40,"[40, 198, 448]",143,143,"[198, 448]"
power_sparse,40,"[40, 198, 512]",215,215,"[198, 512]"
power_sparse,40,"[40, 199, 320]",4,4,"[199, 320]"
power_sparse,40,"[40, 199, 384]",18,18,"[199, 384]"
power_sparse,40,"[40, 199, 448]",100,100,"[199, 448]"
power_sparse,40,"[40, 199, 512]",123,123,"[199, 512]"
power_sparse,40,"[40, 200, 320]",1,1,"[200, 320]"
power_sparse,40,"[40, 200, 384]",7,7,"[200, 384]"
power_sparse,40,"[40, 200, 448]",85,85,"[200, 448]"
power_sparse,40,"[40, 200, 512]",152,152,"[200, 512]"
power_sparse,40,"[40, 201, 256]",1,1,"[201, 256]"
power_sparse,40,"[40, 201, 320]",3,3,"[201, 320]"
power_sparse,40,"[40, 201, 384]",31,31,"[201, 384]"
power_sparse,40,"[40, 201, 448]",68,68,"[201, 448]"
power_sparse,40,"[40, 201, 512]",97,97,"[201, 512]"
power_sparse,40,"[40, 202, 384]",11,11,"[202, 384]"
power_sparse,40,"[40, 202, 448]",121,121,"[202, 448]"
power_sparse,40,"[40, 202, 512]",551,551,"[202, 512]"
power_sparse,40,"[40, 203, 256]",1,1,"[203, 256]"
power_sparse,40,"[40, 203, 320]",3,3,"[203, 320]"
power_sparse,40,"[40, 203, 384]",22,22,"[203, 384]"
power_sparse,40,"[40, 203, 448]",286,286,"[203, 448]"
power_sparse,40,"[40, 203, 512]",166,166,"[203, 512]"
power_sparse,40,"[40, 204, 320]",2,2,"[204, 320]"
power_sparse,40,"[40, 204, 384]",9,9,"[204, 384]"
power_sparse,40,"[40, 204, 448]",49,49,"[204, 448]"
power_sparse,40,"[40, 204, 512]",201,201,"[204, 512]"
power_sparse,40,"[40, 205, 320]",1,1,"[205, 320]"
power_sparse,40,"[40, 205, 384]",22,22,"[205, 384]"
power_sparse,40,"[40, 205, 448]",100,100,"[205, 448]"
power_sparse,40,"[40, 205, 512]",47,47,"[205, 512]"
power_sparse,40,"[40, 206, 320]",1,1,"[206, 320]"
power_sparse,40,"[40, 206, 384]",11,11,"[206, 384]"
power_sparse,40,"[40, 206, 448]",112,112,"[206, 448]"
power_sparse,40,"[40, 206, 512]",1033,1033,"[206, 512]"
power_sparse,40,"[40, 206, 576]",7,7,"[206, 576]"
power_sparse,40,"[40, 207, 320]",1,1,"[207, 320]"
power_sparse,40,"[40, 207, 384]",9,9,"[207, 384]"
power_sparse,40,"[40, 207, 448]",112,112,"[207, 448]"
power_sparse,40,"[40, 207, 512]",311,311,"[207, 512]"
power_sparse,40,"[40, 207, 576]",4,4,"[207, 576]"
power_sparse,40,"[40, 208, 320]",2,2,"[208, 320]"
power_sparse,40,"[40, 208, 384]",4,4,"[208, 384]"
power_sparse,40,"[40, 208, 448]",52,52,"[208, 448]"
power_sparse,40,"[40, 208, 512]",293,293,"[208, 512]"
power_sparse,40,"[40, 208, 576]",6,6,"[208, 576]"
power_sparse,40,"[40, 209, 384]",6,6,"[209, 384]"
power_sparse,40,"[40, 209, 448]",164,164,"[209, 448]"
power_sparse,40,"[40, 209, 512]",98,98,"[209, 512]"
power_sparse,40,"[40, 209, 576]",2,2,"[209, 576]"
power_sparse,40,"[40, 210, 192]",1,1,"[210, 192]"
power_sparse,40,"[40, 210, 384]",9,9,"[210, 384]"
power_sparse,40,"[40, 210, 448]",203,203,"[210, 448]"
power_sparse,40,"[40, 210, 512]",1341,1341,"[210, 512]"
power_sparse,40,"[40, 210, 576]",33,33,"[210, 576]"
power_sparse,40,"[40, 211, 448]",1,1,"[211, 448]"
power_sparse,40,"[40, 211, 512]",1,1,"[211, 512]"
power_sparse,40,"[40, 212, 384]",2,2,"[212, 384]"
power_sparse,40,"[40, 212, 512]",28,28,"[212, 512]"
power_sparse,40,"[40, 212, 576]",52,52,"[212, 576]"
power_sparse,40,"[40, 213, 448]",11,11,"[213, 448]"
power_sparse,40,"[40, 213, 512]",1323,1323,"[213, 512]"
power_sparse,40,"[40, 213, 576]",367,367,"[213, 576]"
power_sparse,40,"[40, 214, 384]",1,1,"[214, 384]"
power_sparse,40,"[40, 214, 448]",1,1,"[214, 448]"
power_sparse,40,"[40, 214, 512]",71,71,"[214, 512]"
power_sparse,40,"[40, 214, 576]",79,79,"[214, 576]"
power_sparse,40,"[40, 215, 384]",1,1,"[215, 384]"
power_sparse,40,"[40, 215, 448]",2,2,"[215, 448]"
power_sparse,40,"[40, 215, 512]",38,38,"[215, 512]"
power_sparse,40,"[40, 215, 576]",47,47,"[215, 576]"
power_sparse,40,"[40, 216, 384]",4,4,"[216, 384]"
power_sparse,40,"[40, 216, 512]",54,54,"[216, 512]"
power_sparse,40,"[40, 216, 576]",177,177,"[216, 576]"
power_sparse,40,"[40, 217, 512]",4,4,"[217, 512]"
power_sparse,40,"[40, 217, 576]",14,14,"[217, 576]"
power_sparse,40,"[40, 218, 512]",952,952,"[218, 512]"
power_sparse,40,"[40, 218, 576]",531,531,"[218, 576]"
power_sparse,40,"[40, 219, 448]",10,10,"[219, 448]"
power_sparse,40,"[40, 219, 512]",444,444,"[219, 512]"
power_sparse,40,"[40, 219, 576]",2000,3757,"[219, 576]"
power_sparse,40,"[40, 219, 640]",21,21,"[219, 640]"
power_sparse,40,"[40, 220, 384]",2,2,"[220, 384]"
power_sparse,40,"[40, 220, 448]",5,5,"[220, 448]"
power_sparse,40,"[40, 220, 512]",23,23,"[220, 512]"
power_sparse,40,"[40, 220, 576]",207,207,"[220, 576]"
power_sparse,40,"[40, 220, 640]",5,5,"[220, 640]"
power_sparse,40,"[40, 221, 384]",1,1,"[221, 384]"
power_sparse,40,"[40, 221, 448]",3,3,"[221, 448]"
power_sparse,40,"[40, 221, 512]",32,32,"[221, 512]"
power_sparse,40,"[40, 221, 576]",189,189,"[221, 576]"
power_sparse,40,"[40, 221, 640]",3,3,"[221, 640]"
power_sparse,40,"[40, 222, 320]",1,1,"[222, 320]"
power_sparse,40,"[40, 222, 448]",3,3,"[222, 448]"
power_sparse,40,"[40, 222, 512]",14,14,"[222, 512]"
power_sparse,40,"[40, 222, 576]",95,95,"[222, 576]"
power_sparse,40,"[40, 222, 640]",3,3,"[222, 640]"
power_sparse,40,"[40, 223, 512]",1,1,"[223, 512]"
power_sparse,40,"[40, 223, 576]",2,2,"[223, 576]"
power_sparse,40,"[40, 224, 448]",2,2,"[224, 448]"
power_sparse,40,"[40, 224, 512]",62,62,"[224, 512]"
power_sparse,40,"[40, 224, 576]",223,223,"[224, 576]"
power_sparse,40,"[40, 224, 640]",7,7,"[224, 640]"
power_sparse,40,"[40, 225, 448]",2,2,"[225, 448]"
power_sparse,40,"[40, 225, 512]",4,4,"[225, 512]"
power_sparse,40,"[40, 225, 576]",14,14,"[225, 576]"
power_sparse,40,"[40, 225, 640]",2,2,"[225, 640]"
power_sparse,40,"[40, 226, 448]",2,2,"[226, 448]"
power_sparse,40,"[40, 226, 512]",9,9,"[226, 512]"
power_sparse,40,"[40, 226, 576]",9,9,"[226, 576]"
power_sparse,40,"[40, 226, 640]",1,1,"[226, 640]"
power_sparse,40,"[40, 227, 384]",2,2,"[227, 384]"
power_sparse,40,"[40, 227, 512]",16,16,"[227, 512]"
power_sparse,40,"[40, 227, 576]",49,49,"[227, 576]"
power_sparse,40,"[40, 228, 384]",2,2,"[228, 384]"
power_sparse,40,"[40, 228, 448]",4,4,"[228, 448]"
power_sparse,40,"[40, 228, 512]",3,3,"[228, 512]"
power_sparse,40,"[40, 228, 576]",13,13,"[228, 576]"
power_sparse,40,"[40, 228, 640]",3,3,"[228, 640]"
power_sparse,40,"[40, 229, 512]",5,5,"[229, 512]"
power_sparse,40,"[40, 229, 576]",1,1,"[229, 576]"
power_sparse,40,"[40, 230, 448]",2,2,"[230, 448]"
power_sparse,40,"[40, 230, 512]",3,3,"[230, 512]"
power_sparse,40,"[40, 230, 576]",15,15,"[230, 576]"
power_sparse,40,"[40, 231, 448]",1,1,"[231, 448]"
power_sparse,40,"[40, 232, 384]",2,2,"[232, 384]"
power_sparse,40,"[40, 232, 448]",12,12,"[232, 448]"
power_sparse,40,"[40, 232, 512]",12,12,"[232, 512]"
power_sparse,40,"[40, 232, 576]",5,5,"[232, 576]"
power_sparse,40,"[40, 232, 640]",1,1,"[232, 640]"
power_sparse,40,"[40, 233, 576]",10,10,"[233, 576]"
power_sparse,40,"[40, 234, 320]",3,3,"[234, 320]"
power_sparse,40,"[40, 234, 384]",10,10,"[234, 384]"
power_sparse,40,"[40, 234, 448]",19,19,"[234, 448]"
power_sparse,40,"[40, 234, 512]",12,12,"[234, 512]"
power_sparse,40,"[40, 234, 576]",3,3,"[234, 576]"
power_sparse,40,"[40, 234, 640]",2,2,"[234, 640]"
power_sparse,40,"[40, 235, 512]",3,3,"[235, 512]"
power_sparse,40,"[40, 235, 576]",1,1,"[235, 576]"
power_sparse,40,"[40, 236, 384]",4,4,"[236, 384]"
power_sparse,40,"[40, 236, 448]",7,7,"[236, 448]"
power_sparse,40,"[40, 236, 512]",4,4,"[236, 512]"
power_sparse,40,"[40, 236, 576]",1,1,"[236, 576]"
power_sparse,40,"[40, 237, 512]",9,9,"[237, 512]"
power_sparse,40,"[40, 237, 576]",15,15,"[237, 576]"
power_sparse,40,"[40, 238, 448]",7,7,"[238, 448]"
power_sparse,40,"[40, 238, 512]",16,16,"[238, 512]"
power_sparse,40,"[40, 238, 576]",7,7,"[238, 576]"
power_sparse,40,"[40, 239, 512]",10,10,"[239, 512]"
power_sparse,40,"[40, 239, 576]",19,19,"[239, 576]"
power_sparse,40,"[40, 239, 640]",1,1,"[239, 640]"
power_sparse,40,"[40, 240, 512]",7,7,"[240, 512]"
power_sparse,40,"[40, 240, 576]",10,10,"[240, 576]"
power_sparse,40,"[40, 240, 640]",2,2,"[240, 640]"
power_sparse,40,"[40, 241, 320]",4,4,"[241, 320]"
power_sparse,40,"[40, 241, 384]",19,19,"[241, 384]"
power_sparse,40,"[40, 241, 448]",12,12,"[241, 448]"
power_sparse,40,"[40, 241, 512]",1,1,"[241, 512]"
power_sparse,40,"[40, 241, 576]",24,24,"[241, 576]"
power_sparse,40,"[40, 241, 640]",3,3,"[241, 640]"
power_sparse,40,"[40, 241, 704]",1,1,"[241, 704]"
power_sparse,40,"[40, 242, 384]",4,4,"[242, 384]"
power_sparse,40,"[40, 242, 448]",27,27,"[242, 448]"
power_sparse,40,"[40, 242, 512]",79,79,"[242, 512]"
power_sparse,40,"[40, 242, 576]",56,56,"[242, 576]"
power_sparse,40,"[40, 242, 640]",9,9,"[242, 640]"
power_sparse,40,"[40, 243, 448]",2,2,"[243, 448]"
power_sparse,40,"[40, 243, 512]",13,13,"[243, 512]"
power_sparse,40,"[40, 243, 576]",13,13,"[243, 576]"
power_sparse,40,"[40, 243, 640]",9,9,"[243, 640]"
power_sparse,40,"[40, 243, 704]",12,12,"[243, 704]"
power_sparse,40,"[40, 244, 448]",2,2,"[244, 448]"
power_sparse,40,"[40, 244, 512]",72,72,"[244, 512]"
power_sparse,40,"[40, 244, 576]",129,129,"[244, 576]"
power_sparse,40,"[40, 244, 640]",9,9,"[244, 640]"
power_sparse,40,"[40, 245, 576]",4,4,"[245, 576]"
power_sparse,40,"[40, 245, 640]",4,4,"[245, 640]"
power_sparse,40,"[40, 245, 768]",2,2,"[245, 768]"
power_sparse,40,"[40, 246, 576]",1,1,"[246, 576]"
power_sparse,40,"[40, 246, 640]",7,7,"[246, 640]"
power_sparse,40,"[40, 247, 384]",7,7,"[247, 384]"
power_sparse,40,"[40, 247, 448]",44,44,"[247, 448]"
power_sparse,40,"[40, 247, 512]",107,107,"[247, 512]"
power_sparse,40,"[40, 247, 576]",28,28,"[247, 576]"
power_sparse,40,"[40, 247, 640]",179,179,"[247, 640]"
power_sparse,40,"[40, 247, 704]",19,19,"[247, 704]"
power_sparse,40,"[40, 248, 448]",15,15,"[248, 448]"
power_sparse,40,"[40, 248, 512]",30,30,"[248, 512]"
power_sparse,40,"[40, 248, 576]",12,12,"[248, 576]"
power_sparse,40,"[40, 248, 640]",4,4,"[248, 640]"
power_sparse,40,"[40, 248, 704]",11,11,"[248, 704]"
power_sparse,40,"[40, 248, 768]",6,6,"[248, 768]"
power_sparse,40,"[40, 249, 576]",6,6,"[249, 576]"
power_sparse,40,"[40, 249, 640]",11,11,"[249, 640]"
power_sparse,40,"[40, 249, 704]",1,1,"[249, 704]"
power_sparse,40,"[40, 250, 576]",12,12,"[250, 576]"
power_sparse,40,"[40, 250, 640]",4,4,"[250, 640]"
power_sparse,40,"[40, 251, 704]",2,2,"[251, 704]"
power_sparse,40,"[40, 252, 640]",5,5,"[252, 640]"
power_sparse,40,"[40, 252, 704]",3,3,"[252, 704]"
power_sparse,40,"[40, 253, 448]",1,1,"[253, 448]"
power_sparse,40,"[40, 253, 512]",4,4,"[253, 512]"
power_sparse,40,"[40, 253, 576]",12,12,"[253, 576]"
power_sparse,40,"[40, 253, 640]",7,7,"[253, 640]"
power_sparse,40,"[40, 253, 704]",10,10,"[253, 704]"
power_sparse,40,"[40, 253, 768]",7,7,"[253, 768]"
power_sparse,40,"[40, 254, 512]",2,2,"[254, 512]"
power_sparse,40,"[40, 254, 576]",7,7,"[254, 576]"
power_sparse,40,"[40, 254, 640]",2,2,"[254, 640]"
power_sparse,40,"[40, 254, 704]",6,6,"[254, 704]"
power_sparse,40,"[40, 254, 768]",4,4,"[254, 768]"
power_sparse,40,"[40, 255, 576]",1,1,"[255, 576]"
power_sparse,40,"[40, 255, 640]",4,4,"[255, 640]"
power_sparse,40,"[40, 255, 704]",6,6,"[255, 704]"
power_sparse,40,"[40, 256, 512]",2,2,"[256, 512]"
power_sparse,40,"[40, 256, 576]",4,4,"[256, 576]"
power_sparse,40,"[40, 256, 640]",2,2,"[256, 640]"
power_sparse,40,"[40, 256, 704]",5,5,"[256, 704]"
power_sparse,40,"[40, 257, 704]",6,6,"[257, 704]"
power_sparse,40,"[40, 258, 640]",22,22,"[258, 640]"
power_sparse,40,"[40, 258, 704]",43,43,"[258, 704]"
power_sparse,40,"[40, 258, 768]",1,1,"[258, 768]"
power_sparse,40,"[40, 259, 576]",15,15,"[259, 576]"
power_sparse,40,"[40, 259, 640]",2,2,"[259, 640]"
power_sparse,40,"[40, 259, 704]",16,16,"[259, 704]"
power_sparse,40,"[40, 259, 768]",3,3,"[259, 768]"
power_sparse,40,"[40, 260, 640]",7,7,"[260, 640]"
power_sparse,40,"[40, 260, 704]",25,25,"[260, 704]"
power_sparse,40,"[40, 260, 768]",23,23,"[260, 768]"
power_sparse,40,"[40, 261, 640]",1,1,"[261, 640]"
power_sparse,40,"[40, 261, 704]",24,24,"[261, 704]"
power_sparse,40,"[40, 261, 768]",2,2,"[261, 768]"
power_sparse,40,"[40, 262, 576]",2,2,"[262, 576]"
power_sparse,40,"[40, 262, 640]",6,6,"[262, 640]"
power_sparse,40,"[40, 262, 704]",30,30,"[262, 704]"
power_sparse,40,"[40, 262, 768]",4,4,"[262, 768]"
power_sparse,40,"[40, 263, 704]",25,25,"[263, 704]"
power_sparse,40,"[40, 263, 768]",8,8,"[263, 768]"
power_sparse,40,"[40, 264, 704]",18,18,"[264, 704]"
power_sparse,40,"[40, 264, 768]",7,7,"[264, 768]"
power_sparse,40,"[40, 265, 576]",1,1,"[265, 576]"
power_sparse,40,"[40, 265, 640]",5,5,"[265, 640]"
power_sparse,40,"[40, 265, 704]",48,48,"[265, 704]"
power_sparse,40,"[40, 265, 768]",18,18,"[265, 768]"
power_sparse,40,"[40, 266, 640]",1,1,"[266, 640]"
power_sparse,40,"[40, 266, 704]",35,35,"[266, 704]"
power_sparse,40,"[40, 266, 768]",61,61,"[266, 768]"
power_sparse,40,"[40, 267, 704]",24,24,"[267, 704]"
power_sparse,40,"[40, 267, 768]",4,4,"[267, 768]"
power_sparse,40,"[40, 268, 576]",2,2,"[268, 576]"
power_sparse,40,"[40, 268, 640]",14,14,"[268, 640]"
power_sparse,40,"[40, 268, 704]",417,417,"[268, 704]"
power_sparse,40,"[40, 268, 768]",212,212,"[268, 768]"
power_sparse,40,"[40, 269, 704]",144,144,"[269, 704]"
power_sparse,40,"[40, 269, 768]",173,173,"[269, 768]"
power_sparse,40,"[40, 270, 704]",27,27,"[270, 704]"
power_sparse,40,"[40, 270, 768]",30,30,"[270, 768]"
power_sparse,40,"[40, 271, 640]",1,1,"[271, 640]"
power_sparse,40,"[40, 271, 704]",48,48,"[271, 704]"
power_sparse,40,"[40, 271, 768]",65,65,"[271, 768]"
power_sparse,40,"[40, 272, 704]",395,395,"[272, 704]"
power_sparse,40,"[40, 272, 768]",1266,1266,"[272, 768]"
power_sparse,40,"[40, 272, 832]",2,2,"[272, 832]"
power_sparse,40,"[40, 273, 704]",194,194,"[273, 704]"
power_sparse,40,"[40, 273, 768]",47,47,"[273, 768]"
power_sparse,40,"[40, 274, 640]",16,16,"[274, 640]"
power_sparse,40,"[40, 274, 704]",754,754,"[274, 704]"
power_sparse,40,"[40, 274, 768]",1900,1900,"[274, 768]"
power_sparse,40,"[40, 274, 832]",7,7,"[274, 832]"
power_sparse,40,"[40, 275, 704]",141,141,"[275, 704]"
power_sparse,40,"[40, 275, 768]",426,426,"[275, 768]"
power_sparse,40,"[40, 275, 832]",4,4,"[275, 832]"
power_sparse,40,"[40, 276, 704]",1,1,"[276, 704]"
power_sparse,40,"[40, 276, 768]",8,8,"[276, 768]"
power_sparse,40,"[40, 276, 832]",1,1,"[276, 832]"
power_sparse,40,"[40, 277, 640]",2,2,"[277, 640]"
power_sparse,40,"[40, 277, 704]",411,411,"[277, 704]"
power_sparse,40,"[40, 277, 768]",660,660,"[277, 768]"
power_sparse,40,"[40, 277, 832]",5,5,"[277, 832]"
power_sparse,40,"[40, 278, 704]",342,342,"[278, 704]"
power_sparse,40,"[40, 278, 768]",2000,8795,"[278, 768]"
power_sparse,40,"[40, 278, 832]",349,349,"[278, 832]"
power_sparse,40,"[40, 279, 704]",177,177,"[279, 704]"
power_sparse,40,"[40, 279, 768]",152,152,"[279, 768]"
power_sparse,40,"[40, 279, 832]",1,1,"[279, 832]"
power_sparse,40,"[40, 280, 640]",2,2,"[280, 640]"
power_sparse,40,"[40, 280, 704]",5,5,"[280, 704]"
power_sparse,40,"[40, 280, 768]",14,14,"[280, 768]"
power_sparse,40,"[40, 281, 704]",3,3,"[281, 704]"
power_sparse,40,"[40, 281, 768]",28,28,"[281, 768]"
power_sparse,40,"[40, 282, 704]",3,3,"[282, 704]"
power_sparse,40,"[40, 282, 768]",3,3,"[282, 768]"
power_sparse,40,"[40, 283, 640]",2,2,"[283, 640]"
power_sparse,40,"[40, 283, 704]",383,383,"[283, 704]"
power_sparse,40,"[40, 283, 768]",1400,1400,"[283, 768]"
power_sparse,40,"[40, 283, 832]",58,58,"[283, 832]"
power_sparse,40,"[40, 284, 768]",38,38,"[284, 768]"
power_sparse,40,"[40, 284, 832]",5,5,"[284, 832]"
power_sparse,40,"[40, 285, 704]",159,159,"[285, 704]"
power_sparse,40,"[40, 285, 768]",1311,1311,"[285, 768]"
power_sparse,40,"[40, 285, 832]",11,11,"[285, 832]"
power_sparse,40,"[40, 286, 768]",7,7,"[286, 768]"
power_sparse,40,"[40, 286, 832]",5,5,"[286, 832]"
power_sparse,40,"[40, 287, 704]",1,1,"[287, 704]"
power_sparse,40,"[40, 287, 768]",4,4,"[287, 768]"
power_sparse,40,"[40, 288, 704]",1,1,"[288, 704]"
power_sparse,40,"[40, 288, 768]",1,1,"[288, 768]"
power_sparse,40,"[40, 289, 640]",1,1,"[289, 640]"
power_sparse,40,"[40, 289, 704]",566,566,"[289, 704]"
power_sparse,40,"[40, 289, 768]",2000,3605,"[289, 768]"
power_sparse,40,"[40, 289, 832]",28,28,"[289, 832]"
power_sparse,40,"[40, 290, 768]",12,12,"[290, 768]"
power_sparse,40,"[40, 290, 832]",1,1,"[290, 832]"
power_sparse,40,"[40, 291, 704]",8,8,"[291, 704]"
power_sparse,40,"[40, 291, 768]",222,222,"[291, 768]"
power_sparse,40,"[40, 291, 832]",12,12,"[291, 832]"
power_sparse,40,"[40, 292, 832]",3,3,"[292, 832]"
power_sparse,40,"[40, 295, 704]",34,34,"[295, 704]"
power_sparse,40,"[40, 295, 768]",486,486,"[295, 768]"
power_sparse,40,"[40, 295, 832]",38,38,"[295, 832]"
power_sparse,40,"[40, 296, 768]",3,3,"[296, 768]"
power_sparse,40,"[40, 296, 832]",1,1,"[296, 832]"
power_sparse,40,"[40, 297, 768]",12,12,"[297, 768]"
power_sparse,40,"[40, 297, 832]",3,3,"[297, 832]"
power_sparse,40,"[40, 301, 768]",18,18,"[301, 768]"
power_sparse,40,"[40, 301, 832]",12,12,"[301, 832]"
base_projlen,40,"[40, 14]",15,15,[14]
base_projlen,40,"[40, 15]",338,338,[15]
base_projlen,40,"[40, 16]",1762,1762,[16]
base_projlen,40,"[40, 17]",2000,3390,[17]
base_projlen,40,"[40, 18]",2000,7308,[18]
base_projlen,40,"[40, 19]",2000,17720,[19]
base_projlen,40,"[40, 20]",2000,25545,[20]
base_projlen,40,"[40, 21]",2000,20010,[21]
base_projlen,40,"[40, 22]",2000,18897,[22]
base_projlen,40,"[40, 23]",2000,7739,[23]
base_projlen,40,"[40, 24]",1383,1383,[24]
base_projlen,40,"[40, 25]",554,554,[25]
base_projlen,40,"[40, 26]",208,208,[26]
base_projlen,40,"[40, 27]",2000,8139,[27]
base_projlen,40,"[40, 28]",2000,3926,[28]
base_projlen,40,"[40, 29]",2000,5679,[29]
base_projlen,40,"[40, 30]",2000,3204,[30]
base_projlen,40,"[40, 31]",2000,4731,[31]
base_projlen,40,"[40, 32]",2000,2695,[32]
base_projlen,40,"[40, 33]",2000,7189,[33]
base_projlen,40,"[40, 34]",2000,6096,[34]
base_projlen,40,"[40, 35]",2000,5177,[35]
base_projlen,40,"[40, 36]",2000,4386,[36]
base_projlen,40,"[40, 37]",2000,4212,[37]
base_projlen,40,"[40, 38]",2000,2689,[38]
base_projlen,40,"[40, 39]",2000,2265,[39]
base_projlen,40,"[40, 40]",902,902,[40]
base_projlen,40,"[40, 41]",893,893,[41]
base_projlen,40,"[40, 42]",357,357,[42]
base_projlen,40,"[40, 43]",208,208,[43]
base_projlen,40,"[40, 44]",54,54,[44]
base_projlen,40,"[40, 45]",85,85,[45]
base_projlen,40,"[40, 46]",51,51,[46]
base_projlen,40,"[40, 47]",43,43,[47]
base_projlen,40,"[40, 48]",41,41,[48]
base_projlen,40,"[40, 49]",20,20,[49]
base_projlen,40,"[40, 50]",30,30,[50]
base_projlen,40,"[40, 51]",13,13,[51]
base_projlen,40,"[40, 52]",10,10,[52]
base_projlen,40,"[40, 53]",7,7,[53]
base_projlen,40,"[40, 54]",8,8,[54]
base_projlen,40,"[40, 55]",1,1,[55]
base_projlen,40,"[40, 56]",2,2,[56]
base_projlen,40,"[40, 57]",1,1,[57]
base_projlen,40,"[40, 58]",2,2,[58]
base_projlen,40,"[40, 81]",148,148,[81]
base_projlen,40,"[40, 82]",418,418,[82]
base_projlen,40,"[40, 83]",706,706,[83]
base_projlen,40,"[40, 84]",384,384,[84]
base_projlen,40,"[40, 85]",116,116,[85]
base_projlen,40,"[40, 86]",89,89,[86]
base_projlen,40,"[40, 87]",85,85,[87]
base_projlen,40,"[40, 88]",106,106,[88]
base_projlen,40,"[40, 89]",170,170,[89]
base_projlen,40,"[40, 90]",192,192,[90]
base_projlen,40,"[40, 91]",329,329,[91]
base_projlen,40,"[40, 92]",2000,3189,[92]
base_projlen,40,"[40, 93]",2000,2961,[93]
base_projlen,40,"[40, 94]",2000,16966,[94]
base_projlen,40,"[40, 95]",2000,7610,[95]
base_projlen,40,"[40, 96]",2000,2140,[96]
base_projlen,40,"[40, 97]",2000,8433,[97]
base_projlen,40,"[40, 98]",1586,1586,[98]
base_projlen,40,"[40, 99]",1120,1120,[99]
base_projlen,40,"[40, 100]",248,248,[100]
base_projlen,40,"[40, 101]",60,60,[101]
base_projlen,40,"[40, 102]",15,15,[102]
collapse_ratio,40,"[40, 0, 1]",40,40,"[0, 1]"
collapse_ratio,40,"[40, 75, 7]",37,37,"[75, 7]"
collapse_ratio,40,"[40, 100, 9]",1,1,"[100, 9]"
collapse_ratio,40,"[40, 125, 13]",1,1,"[125, 13]"
collapse_ratio,40,"[40, 150, 13]",41,41,"[150, 13]"
collapse_ratio,40,"[40, 175, 15]",1,1,"[175, 15]"
collapse_ratio,40,"[40, 250, 25]",1,1,"[250, 25]"
collapse_ratio,40,"[40, 300, 25]",18,18,"[300, 25]"
collapse_ratio,40,"[40, 325, 17]",1,1,"[325, 17]"
collapse_ratio,40,"[40, 325, 18]",2,2,"[325, 18]"
collapse_ratio,40,"[40, 325, 19]",5,5,"[325, 19]"
collapse_ratio,40,"[40, 325, 27]",9,9,"[325, 27]"
collapse_ratio,40,"[40, 325, 28]",4,4,"[325, 28]"
collapse_ratio,40,"[40, 325, 29]",66,66,"[325, 29]"
collapse_ratio,40,"[40, 325, 31]",18,18,"[325, 31]"
collapse_ratio,40,"[40, 325, 33]",80,80,"[325, 33]"
collapse_ratio,40,"[40, 325, 35]",39,39,"[325, 35]"
collapse_ratio,40,"[40, 325, 37]",11,11,"[325, 37]"
collapse_ratio,40,"[40, 325, 81]",8,8,"[325, 81]"
collapse_ratio,40,"[40, 325, 83]",2,2,"[325, 83]"
collapse_ratio,40,"[40, 350, 19]",1,1,"[350, 19]"
collapse_ratio,40,"[40, 350, 29]",5,5,"[350, 29]"
collapse_ratio,40,"[40, 350, 31]",6,6,"[350, 31]"
collapse_ratio,40,"[40, 350, 32]",8,8,"[350, 32]"
collapse_ratio,40,"[40, 350, 33]",3,3,"[350, 33]"
collapse_ratio,40,"[40, 350, 35]",46,46,"[350, 35]"
collapse_ratio,40,"[40, 350, 39]",19,19,"[350, 39]"
collapse_ratio,40,"[40, 350, 43]",1,1,"[350, 43]"
collapse_ratio,40,"[40, 350, 89]",1,1,"[350, 89]"
collapse_ratio,40,"[40, 375, 23]",16,16,"[375, 23]"
collapse_ratio,40,"[40, 375, 25]",1,1,"[375, 25]"
collapse_ratio,40,"[40, 375, 31]",23,23,"[375, 31]"
collapse_ratio,40,"[40, 375, 32]",1,1,"[375, 32]"
collapse_ratio,40,"[40, 375, 33]",43,43,"[375, 33]"
collapse_ratio,40,"[40, 375, 35]",3,3,"[375, 35]"
collapse_ratio,40,"[40, 375, 36]",4,4,"[375, 36]"
collapse_ratio,40,"[40, 375, 37]",5,5,"[375, 37]"
collapse_ratio,40,"[40, 375, 38]",1,1,"[375, 38]"
collapse_ratio,40,"[40, 375, 39]",1,1,"[375, 39]"
collapse_ratio,40,"[40, 375, 40]",1,1,"[375, 40]"
collapse_ratio,40,"[40, 375, 41]",4,4,"[375, 41]"
collapse_ratio,40,"[40, 375, 43]",7,7,"[375, 43]"
collapse_ratio,40,"[40, 375, 95]",2,2,"[375, 95]"
collapse_ratio,40,"[40, 375, 97]",2,2,"[375, 97]"
collapse_ratio,40,"[40, 400, 25]",2,2,"[400, 25]"
collapse_ratio,40,"[40, 400, 27]",1,1,"[400, 27]"
collapse_ratio,40,"[40, 400, 28]",3,3,"[400, 28]"
collapse_ratio,40,"[40, 400, 33]",22,22,"[400, 33]"
collapse_ratio,40,"[40, 400, 34]",2,2,"[400, 34]"
collapse_ratio,40,"[40, 400, 35]",28,28,"[400, 35]"
collapse_ratio,40,"[40, 400, 37]",2,2,"[400, 37]"
collapse_ratio,40,"[40, 400, 38]",6,6,"[400, 38]"
collapse_ratio,40,"[40, 400, 40]",3,3,"[400, 40]"
collapse_ratio,40,"[40, 400, 41]",32,32,"[400, 41]"
collapse_ratio,40,"[40, 400, 42]",1,1,"[400, 42]"
collapse_ratio,40,"[40, 400, 43]",6,6,"[400, 43]"
collapse_ratio,40,"[40, 400, 44]",3,3,"[400, 44]"
collapse_ratio,40,"[40, 400, 45]",8,8,"[400, 45]"
collapse_ratio,40,"[40, 400, 46]",1,1,"[400, 46]"
collapse_ratio,40,"[40, 400, 47]",1,1,"[400, 47]"
collapse_ratio,40,"[40, 400, 48]",2,2,"[400, 48]"
collapse_ratio,40,"[40, 400, 51]",1,1,"[400, 51]"
collapse_ratio,40,"[40, 400, 57]",2,2,"[400, 57]"
collapse_ratio,40,"[40, 400, 61]",2,2,"[400, 61]"
collapse_ratio,40,"[40, 400, 103]",1,1,"[400, 103]"
collapse_ratio,40,"[40, 400, 104]",1,1,"[400, 104]"
collapse_ratio,40,"[40, 400, 105]",7,7,"[400, 105]"
collapse_ratio,40,"[40, 425, 21]",1,1,"[425, 21]"
collapse_ratio,40,"[40, 425, 23]",2,2,"[425, 23]"
collapse_ratio,40,"[40, 425, 25]",4,4,"[425, 25]"
collapse_ratio,40,"[40, 425, 26]",1,1,"[425, 26]"
collapse_ratio,40,"[40, 425, 27]",1,1,"[425, 27]"
collapse_ratio,40,"[40, 425, 28]",1,1,"[425, 28]"
collapse_ratio,40,"[40, 425, 35]",89,89,"[425, 35]"
collapse_ratio,40,"[40, 425, 36]",70,70,"[425, 36]"
collapse_ratio,40,"[40, 425, 37]",10,10,"[425, 37]"
collapse_ratio,40,"[40, 425, 38]",25,25,"[425, 38]"
collapse_ratio,40,"[40, 425, 39]",44,44,"[425, 39]"
collapse_ratio,40,"[40, 425, 40]",11,11,"[425, 40]"
collapse_ratio,40,"[40, 425, 41]",7,7,"[425, 41]"
collapse_ratio,40,"[40, 425, 43]",9,9,"[425, 43]"
collapse_ratio,40,"[40, 425, 45]",19,19,"[425, 45]"
collapse_ratio,40,"[40, 425, 47]",16,16,"[425, 47]"
collapse_ratio,40,"[40, 425, 48]",1,1,"[425, 48]"
collapse_ratio,40,"[40, 425, 49]",14,14,"[425, 49]"
collapse_ratio,40,"[40, 425, 50]",2,2,"[425, 50]"
collapse_ratio,40,"[40, 425, 51]",2,2,"[425, 51]"
collapse_ratio,40,"[40, 425, 59]",4,4,"[425, 59]"
collapse_ratio,40,"[40, 425, 62]",2,2,"[425, 62]"
collapse_ratio,40,"[40, 425, 63]",1,1,"[425, 63]"
collapse_ratio,40,"[40, 425, 66]",4,4,"[425, 66]"
collapse_ratio,40,"[40, 425, 68]",1,1,"[425, 68]"
collapse_ratio,40,"[40, 425, 106]",2,2,"[425, 106]"
collapse_ratio,40,"[40, 425, 107]",3,3,"[425, 107]"
collapse_ratio,40,"[40, 425, 108]",2,2,"[425, 108]"
collapse_ratio,40,"[40, 425, 109]",1,1,"[425, 109]"
collapse_ratio,40,"[40, 425, 110]",1,1,"[425, 110]"
collapse_ratio,40,"[40, 425, 111]",2,2,"[425, 111]"
collapse_ratio,40,"[40, 450, 23]",2,2,"[450, 23]"
collapse_ratio,40,"[40, 450, 25]",1,1,"[450, 25]"
collapse_ratio,40,"[40, 450, 27]",9,9,"[450, 27]"
collapse_ratio,40,"[40, 450, 29]",18,18,"[450, 29]"
collapse_ratio,40,"[40, 450, 30]",1,1,"[450, 30]"
collapse_ratio,40,"[40, 450, 37]",28,28,"[450, 37]"
collapse_ratio,40,"[40, 450, 38]",2,2,"[450, 38]"
collapse_ratio,40,"[40, 450, 39]",7,7,"[450, 39]"
collapse_ratio,40,"[40, 450, 40]",5,5,"[450, 40]"
collapse_ratio,40,"[40, 450, 41]",87,87,"[450, 41]"
collapse_ratio,40,"[40, 450, 42]",13,13,"[450, 42]"
collapse_ratio,40,"[40, 450, 43]",17,17,"[450, 43]"
collapse_ratio,40,"[40, 450, 44]",6,6,"[450, 44]"
collapse_ratio,40,"[40, 450, 45]",5,5,"[450, 45]"
collapse_ratio,40,"[40, 450, 46]",33,33,"[450, 46]"
collapse_ratio,40,"[40, 450, 48]",1,1,"[450, 48]"
collapse_ratio,40,"[40, 450, 49]",20,20,"[450, 49]"
collapse_ratio,40,"[40, 450, 50]",4,4,"[450, 50]"
collapse_ratio,40,"[40, 450, 51]",12,12,"[450, 51]"
collapse_ratio,40,"[40, 450, 53]",4,4,"[450, 53]"
collapse_ratio,40,"[40, 450, 54]",2,2,"[450, 54]"
collapse_ratio,40,"[40, 450, 57]",5,5,"[450, 57]"
collapse_ratio,40,"[40, 450, 60]",4,4,"[450, 60]"
collapse_ratio,40,"[40, 450, 61]",1,1,"[450, 61]"
collapse_ratio,40,"[40, 450, 64]",8,8,"[450, 64]"
collapse_ratio,40,"[40, 450, 67]",1,1,"[450, 67]"
collapse_ratio,40,"[40, 450, 70]",2,2,"[450, 70]"
collapse_ratio,40,"[40, 450, 78]",1,1,"[450, 78]"
collapse_ratio,40,"[40, 450, 112]",2,2,"[450, 112]"
collapse_ratio,40,"[40, 450, 113]",11,11,"[450, 113]"
collapse_ratio,40,"[40, 450, 114]",3,3,"[450, 114]"
collapse_ratio,40,"[40, 450, 115]",3,3,"[450, 115]"
collapse_ratio,40,"[40, 450, 116]",4,4,"[450, 116]"
collapse_ratio,40,"[40, 450, 117]",3,3,"[450, 117]"
collapse_ratio,40,"[40, 475, 26]",16,16,"[475, 26]"
collapse_ratio,40,"[40, 475, 29]",3,3,"[475, 29]"
collapse_ratio,40,"[40, 475, 31]",2,2,"[475, 31]"
collapse_ratio,40,"[40, 475, 38]",3,3,"[475, 38]"
collapse_ratio,40,"[40, 475, 39]",43,43,"[475, 39]"
collapse_ratio,40,"[40, 475, 40]",3,3,"[475, 40]"
collapse_ratio,40,"[40, 475, 41]",1,1,"[475, 41]"
collapse_ratio,40,"[40, 475, 42]",2,2,"[475, 42]"
collapse_ratio,40,"[40, 475, 43]",37,37,"[475, 43]"
collapse_ratio,40,"[40, 475, 44]",1,1,"[475, 44]"
collapse_ratio,40,"[40, 475, 45]",10,10,"[475, 45]"
collapse_ratio,40,"[40, 475, 46]",2,2,"[475, 46]"
collapse_ratio,40,"[40, 475, 47]",62,62,"[475, 47]"
collapse_ratio,40,"[40, 475, 49]",25,25,"[475, 49]"
collapse_ratio,40,"[40, 475, 50]",13,13,"[475, 50]"
collapse_ratio,40,"[40, 475, 51]",78,78,"[475, 51]"
collapse_ratio,40,"[40, 475, 52]",19,19,"[475, 52]"
collapse_ratio,40,"[40, 475, 53]",56,56,"[475, 53]"
collapse_ratio,40,"[40, 475, 54]",15,15,"[475, 54]"
collapse_ratio,40,"[40, 475, 55]",26,26,"[475, 55]"
collapse_ratio,40,"[40, 475, 56]",8,8,"[475, 56]"
collapse_ratio,40,"[40, 475, 57]",3,3,"[475, 57]"
collapse_ratio,40,"[40, 475, 58]",21,21,"[475, 58]"
collapse_ratio,40,"[40, 475, 59]",2,2,"[475, 59]"
collapse_ratio,40,"[40, 475, 60]",2,2,"[475, 60]"
collapse_ratio,40,"[40, 475, 61]",1,1,"[475, 61]"
collapse_ratio,40,"[40, 475, 62]",1,1,"[475, 62]"
collapse_ratio,40,"[40, 475, 64]",1,1,"[475, 64]"
collapse_ratio,40,"[40, 475, 68]",4,4,"[475, 68]"
collapse_ratio,40,"[40, 475, 69]",2,2,"[475, 69]"
collapse_ratio,40,"[40, 475, 72]",1,1,"[475, 72]"
collapse_ratio,40,"[40, 475, 73]",4,4,"[475, 73]"
collapse_ratio,40,"[40, 475, 76]",2,2,"[475, 76]"
collapse_ratio,40,"[40, 475, 77]",2,2,"[475, 77]"
collapse_ratio,40,"[40, 475, 117]",1,1,"[475, 117]"
collapse_ratio,40,"[40, 475, 118]",4,4,"[475, 118]"
collapse_ratio,40,"[40, 475, 119]",7,7,"[475, 119]"
collapse_ratio,40,"[40, 475, 120]",4,4,"[475, 120]"
collapse_ratio,40,"[40, 475, 121]",13,13,"[475, 121]"
collapse_ratio,40,"[40, 475, 122]",6,6,"[475, 122]"
collapse_ratio,40,"[40, 475, 123]",5,5,"[475, 123]"
collapse_ratio,40,"[40, 475, 124]",1,1,"[475, 124]"
collapse_ratio,40,"[40, 475, 125]",1,1,"[475, 125]"
collapse_ratio,40,"[40, 500, 23]",9,9,"[500, 23]"
collapse_ratio,40,"[40, 500, 25]",2,2,"[500, 25]"
collapse_ratio,40,"[40, 500, 29]",4,4,"[500, 29]"
collapse_ratio,40,"[40, 500, 30]",1,1,"[500, 30]"
collapse_ratio,40,"[40, 500, 33]",1,1,"[500, 33]"
collapse_ratio,40,"[40, 500, 34]",2,2,"[500, 34]"
collapse_ratio,40,"[40, 500, 41]",46,46,"[500, 41]"
collapse_ratio,40,"[40, 500, 42]",3,3,"[500, 42]"
collapse_ratio,40,"[40, 500, 43]",5,5,"[500, 43]"
collapse_ratio,40,"[40, 500, 44]",29,29,"[500, 44]"
collapse_ratio,40,"[40, 500, 45]",77,77,"[500, 45]"
collapse_ratio,40,"[40, 500, 46]",5,5,"[500, 46]"
collapse_ratio,40,"[40, 500, 47]",103,103,"[500, 47]"
collapse_ratio,40,"[40, 500, 48]",52,52,"[500, 48]"
collapse_ratio,40,"[40, 500, 49]",2,2,"[500, 49]"
collapse_ratio,40,"[40, 500, 50]",20,20,"[500, 50]"
collapse_ratio,40,"[40, 500, 51]",19,19,"[500, 51]"
collapse_ratio,40,"[40, 500, 52]",4,4,"[500, 52]"
collapse_ratio,40,"[40, 500, 53]",54,54,"[500, 53]"
collapse_ratio,40,"[40, 500, 54]",60,60,"[500, 54]"
collapse_ratio,40,"[40, 500, 55]",103,103,"[500, 55]"
collapse_ratio,40,"[40, 500, 56]",32,32,"[500, 56]"
collapse_ratio,40,"[40, 500, 57]",13,13,"[500, 57]"
collapse_ratio,40,"[40, 500, 58]",71,71,"[500, 58]"
collapse_ratio,40,"[40, 500, 59]",48,48,"[500, 59]"
collapse_ratio,40,"[40, 500, 60]",15,15,"[500, 60]"
collapse_ratio,40,"[40, 500, 61]",6,6,"[500, 61]"
collapse_ratio,40,"[40, 500, 62]",6,6,"[500, 62]"
collapse_ratio,40,"[40, 500, 63]",8,8,"[500, 63]"
collapse_ratio,40,"[40, 500, 64]",12,12,"[500, 64]"
collapse_ratio,40,"[40, 500, 66]",12,12,"[500, 66]"
collapse_ratio,40,"[40, 500, 70]",11,11,"[500, 70]"
collapse_ratio,40,"[40, 500, 71]",2,2,"[500, 71]"
collapse_ratio,40,"[40, 500, 89]",1,1,"[500, 89]"
collapse_ratio,40,"[40, 500, 124]",6,6,"[500, 124]"
collapse_ratio,40,"[40, 500, 125]",5,5,"[500, 125]"
collapse_ratio,40,"[40, 500, 126]",7,7,"[500, 126]"
collapse_ratio,40,"[40, 500, 127]",6,6,"[500, 127]"
collapse_ratio,40,"[40, 500, 128]",7,7,"[500, 128]"
collapse_ratio,40,"[40, 500, 129]",14,14,"[500, 129]"
collapse_ratio,40,"[40, 500, 135]",1,1,"[500, 135]"
collapse_ratio,40,"[40, 525, 24]",1,1,"[525, 24]"
collapse_ratio,40,"[40, 525, 27]",2,2,"[525, 27]"
collapse_ratio,40,"[40, 525, 31]",9,9,"[525, 31]"
collapse_ratio,40,"[40, 525, 32]",2,2,"[525, 32]"
collapse_ratio,40,"[40, 525, 34]",3,3,"[525, 34]"
collapse_ratio,40,"[40, 525, 35]",4,4,"[525, 35]"
collapse_ratio,40,"[40, 525, 36]",2,2,"[525, 36]"
collapse_ratio,40,"[40, 525, 38]",1,1,"[525, 38]"
collapse_ratio,40,"[40, 525, 42]",1,1,"[525, 42]"
collapse_ratio,40,"[40, 525, 43]",164,164,"[525, 43]"
collapse_ratio,40,"[40, 525, 45]",6,6,"[525, 45]"
collapse_ratio,40,"[40, 525, 46]",5,5,"[525, 46]"
collapse_ratio,40,"[40, 525, 47]",34,34,"[525, 47]"
collapse_ratio,40,"[40, 525, 49]",54,54,"[525, 49]"
collapse_ratio,40,"[40, 525, 51]",107,107,"[525, 51]"
collapse_ratio,40,"[40, 525, 52]",79,79,"[525, 52]"
collapse_ratio,40,"[40, 525, 53]",153,153,"[525, 53]"
collapse_ratio,40,"[40, 525, 54]",38,38,"[525, 54]"
collapse_ratio,40,"[40, 525, 55]",38,38,"[525, 55]"
collapse_ratio,40,"[40, 525, 56]",90,90,"[525, 56]"
collapse_ratio,40,"[40, 525, 57]",160,160,"[525, 57]"
collapse_ratio,40,"[40, 525, 58]",45,45,"[525, 58]"
collapse_ratio,40,"[40, 525, 59]",62,62,"[525, 59]"
collapse_ratio,40,"[40, 525, 60]",73,73,"[525, 60]"
collapse_ratio,40,"[40, 525, 61]",31,31,"[525, 61]"
collapse_ratio,40,"[40, 525, 62]",120,120,"[525, 62]"
collapse_ratio,40,"[40, 525, 63]",40,40,"[525, 63]"
collapse_ratio,40,"[40, 525, 64]",78,78,"[525, 64]"
collapse_ratio,40,"[40, 525, 65]",26,26,"[525, 65]"
collapse_ratio,40,"[40, 525, 67]",5,5,"[525, 67]"
collapse_ratio,40,"[40, 525, 68]",3,3,"[525, 68]"
collapse_ratio,40,"[40, 525, 69]",2,2,"[525, 69]"
collapse_ratio,40,"[40, 525, 71]",6,6,"[525, 71]"
collapse_ratio,40,"[40, 525, 72]",6,6,"[525, 72]"
collapse_ratio,40,"[40, 525, 73]",4,4,"[525, 73]"
collapse_ratio,40,"[40, 525, 74]",3,3,"[525, 74]"
collapse_ratio,40,"[40, 525, 75]",5,5,"[525, 75]"
collapse_ratio,40,"[40, 525, 77]",2,2,"[525, 77]"
collapse_ratio,40,"[40, 525, 80]",2,2,"[525, 80]"
collapse_ratio,40,"[40, 525, 81]",1,1,"[525, 81]"
collapse_ratio,40,"[40, 525, 82]",1,1,"[525, 82]"
collapse_ratio,40,"[40, 525, 85]",2,2,"[525, 85]"
collapse_ratio,40,"[40, 525, 130]",7,7,"[525, 130]"
collapse_ratio,40,"[40, 525, 131]",9,9,"[525, 131]"
collapse_ratio,40,"[40, 525, 132]",9,9,"[525, 132]"
collapse_ratio,40,"[40, 525, 133]",10,10,"[525, 133]"
collapse_ratio,40,"[40, 525, 134]",11,11,"[525, 134]"
collapse_ratio,40,"[40, 525, 135]",10,10,"[525, 135]"
collapse_ratio,40,"[40, 525, 136]",2,2,"[525, 136]"
collapse_ratio,40,"[40, 525, 138]",2,2,"[525, 138]"
collapse_ratio,40,"[40, 525, 140]",1,1,"[525, 140]"
collapse_ratio,40,"[40, 525, 142]",2,2,"[525, 142]"
collapse_ratio,40,"[40, 525, 146]",2,2,"[525, 146]"
collapse_ratio,40,"[40, 525, 149]",1,1,"[525, 149]"
collapse_ratio,40,"[40, 525, 150]",1,1,"[525, 150]"
collapse_ratio,40,"[40, 525, 153]",1,1,"[525, 153]"
collapse_ratio,40,"[40, 550, 25]",1,1,"[550, 25]"
collapse_ratio,40,"[40, 550, 27]",2,2,"[550, 27]"
collapse_ratio,40,"[40, 550, 29]",6,6,"[550, 29]"
collapse_ratio,40,"[40, 550, 31]",9,9,"[550, 31]"
collapse_ratio,40,"[40, 550, 32]",3,3,"[550, 32]"
collapse_ratio,40,"[40, 550, 33]",2,2,"[550, 33]"
collapse_ratio,40,"[40, 550, 34]",7,7,"[550, 34]"
collapse_ratio,40,"[40, 550, 35]",6,6,"[550, 35]"
collapse_ratio,40,"[40, 550, 36]",3,3,"[550, 36]"
collapse_ratio,40,"[40, 550, 37]",1,1,"[550, 37]"
collapse_ratio,40,"[40, 550, 39]",4,4,"[550, 39]"
collapse_ratio,40,"[40, 550, 40]",1,1,"[550, 40]"
collapse_ratio,40,"[40, 550, 43]",1,1,"[550, 43]"
collapse_ratio,40,"[40, 550, 45]",40,40,"[550, 45]"
collapse_ratio,40,"[40, 550, 46]",42,42,"[550, 46]"
collapse_ratio,40,"[40, 550, 47]",9,9,"[550, 47]"
collapse_ratio,40,"[40, 550, 48]",10,10,"[550, 48]"
collapse_ratio,40,"[40, 550, 49]",98,98,"[550, 49]"
collapse_ratio,40,"[40, 550, 50]",34,34,"[550, 50]"
collapse_ratio,40,"[40, 550, 51]",13,13,"[550, 51]"
collapse_ratio,40,"[40, 550, 52]",28,28,"[550, 52]"
collapse_ratio,40,"[40, 550, 53]",22,22,"[550, 53]"
collapse_ratio,40,"[40, 550, 54]",47,47,"[550, 54]"
collapse_ratio,40,"[40, 550, 55]",19,19,"[550, 55]"
collapse_ratio,40,"[40, 550, 56]",38,38,"[550, 56]"
collapse_ratio,40,"[40, 550, 57]",34,34,"[550, 57]"
collapse_ratio,40,"[40, 550, 58]",284,284,"[550, 58]"
collapse_ratio,40,"[40, 550, 59]",172,172,"[550, 59]"
collapse_ratio,40,"[40, 550, 60]",227,227,"[550, 60]"
collapse_ratio,40,"[40, 550, 61]",274,274,"[550, 61]"
collapse_ratio,40,"[40, 550, 62]",8,8,"[550, 62]"
collapse_ratio,40,"[40, 550, 63]",61,61,"[550, 63]"
collapse_ratio,40,"[40, 550, 64]",5,5,"[550, 64]"
collapse_ratio,40,"[40, 550, 65]",20,20,"[550, 65]"
collapse_ratio,40,"[40, 550, 66]",14,14,"[550, 66]"
collapse_ratio,40,"[40, 550, 67]",52,52,"[550, 67]"
collapse_ratio,40,"[40, 550, 68]",81,81,"[550, 68]"
collapse_ratio,40,"[40, 550, 69]",17,17,"[550, 69]"
collapse_ratio,40,"[40, 550, 70]",20,20,"[550, 70]"
collapse_ratio,40,"[40, 550, 71]",2,2,"[550, 71]"
collapse_ratio,40,"[40, 550, 73]",2,2,"[550, 73]"
collapse_ratio,40,"[40, 550, 134]",1,1,"[550, 134]"
collapse_ratio,40,"[40, 550, 136]",10,10,"[550, 136]"
collapse_ratio,40,"[40, 550, 137]",15,15,"[550, 137]"
collapse_ratio,40,"[40, 550, 138]",9,9,"[550, 138]"
collapse_ratio,40,"[40, 550, 139]",9,9,"[550, 139]"
collapse_ratio,40,"[40, 550, 140]",11,11,"[550, 140]"
collapse_ratio,40,"[40, 550, 141]",9,9,"[550, 141]"
collapse_ratio,40,"[40, 550, 143]",9,9,"[550, 143]"
collapse_ratio,40,"[40, 550, 149]",2,2,"[550, 149]"
collapse_ratio,40,"[40, 550, 151]",1,1,"[550, 151]"
collapse_ratio,40,"[40, 550, 152]",2,2,"[550, 152]"
collapse_ratio,40,"[40, 550, 153]",2,2,"[550, 153]"
collapse_ratio,40,"[40, 550, 154]",2,2,"[550, 154]"
collapse_ratio,40,"[40, 550, 155]",1,1,"[550, 155]"
collapse_ratio,40,"[40, 550, 156]",6,6,"[550, 156]"
collapse_ratio,40,"[40, 550, 157]",2,2,"[550, 157]"
collapse_ratio,40,"[40, 550, 158]",2,2,"[550, 158]"
collapse_ratio,40,"[40, 575, 28]",5,5,"[575, 28]"
collapse_ratio,40,"[40, 575, 30]",1,1,"[575, 30]"
collapse_ratio,40,"[40, 575, 32]",8,8,"[575, 32]"
collapse_ratio,40,"[40, 575, 33]",22,22,"[575, 33]"
collapse_ratio,40,"[40, 575, 35]",5,5,"[575, 35]"
collapse_ratio,40,"[40, 575, 37]",9,9,"[575, 37]"
collapse_ratio,40,"[40, 575, 38]",3,3,"[575, 38]"
collapse_ratio,40,"[40, 575, 39]",4,4,"[575, 39]"
collapse_ratio,40,"[40, 575, 46]",1,1,"[575, 46]"
collapse_ratio,40,"[40, 575, 47]",69,69,"[575, 47]"
collapse_ratio,40,"[40, 575, 48]",1,1,"[575, 48]"
collapse_ratio,40,"[40, 575, 49]",22,22,"[575, 49]"
collapse_ratio,40,"[40, 575, 50]",33,33,"[575, 50]"
collapse_ratio,40,"[40, 575, 51]",107,107,"[575, 51]"
collapse_ratio,40,"[40, 575, 52]",44,44,"[575, 52]"
collapse_ratio,40,"[40, 575, 53]",2,2,"[575, 53]"
collapse_ratio,40,"[40, 575, 54]",39,39,"[575, 54]"
collapse_ratio,40,"[40, 575, 55]",206,206,"[575, 55]"
collapse_ratio,40,"[40, 575, 56]",88,88,"[575, 56]"
collapse_ratio,40,"[40, 575, 57]",168,168,"[575, 57]"
collapse_ratio,40,"[40, 575, 58]",7,7,"[575, 58]"
collapse_ratio,40,"[40, 575, 59]",171,171,"[575, 59]"
collapse_ratio,40,"[40, 575, 60]",43,43,"[575, 60]"
collapse_ratio,40,"[40, 575, 61]",88,88,"[575, 61]"
collapse_ratio,40,"[40, 575, 62]",171,171,"[575, 62]"
collapse_ratio,40,"[40, 575, 63]",68,68,"[575, 63]"
collapse_ratio,40,"[40, 575, 64]",326,326,"[575, 64]"
collapse_ratio,40,"[40, 575, 65]",700,700,"[575, 65]"
collapse_ratio,40,"[40, 575, 66]",295,295,"[575, 66]"
collapse_ratio,40,"[40, 575, 67]",84,84,"[575, 67]"
collapse_ratio,40,"[40, 575, 68]",132,132,"[575, 68]"
collapse_ratio,40,"[40, 575, 69]",29,29,"[575, 69]"
collapse_ratio,40,"[40, 575, 70]",12,12,"[575, 70]"
collapse_ratio,40,"[40, 575, 71]",10,10,"[575, 71]"
collapse_ratio,40,"[40, 575, 73]",35,35,"[575, 73]"
collapse_ratio,40,"[40, 575, 74]",24,24,"[575, 74]"
collapse_ratio,40,"[40, 575, 75]",2,2,"[575, 75]"
collapse_ratio,40,"[40, 575, 76]",1,1,"[575, 76]"
collapse_ratio,40,"[40, 575, 85]",3,3,"[575, 85]"
collapse_ratio,40,"[40, 575, 142]",11,11,"[575, 142]"
collapse_ratio,40,"[40, 575, 143]",3,3,"[575, 143]"
collapse_ratio,40,"[40, 575, 144]",12,12,"[575, 144]"
collapse_ratio,40,"[40, 575, 145]",16,16,"[575, 145]"
collapse_ratio,40,"[40, 575, 146]",13,13,"[575, 146]"
collapse_ratio,40,"[40, 575, 147]",15,15,"[575, 147]"
collapse_ratio,40,"[40, 575, 148]",1,1,"[575, 148]"
collapse_ratio,40,"[40, 575, 149]",14,14,"[575, 149]"
collapse_ratio,40,"[40, 575, 150]",3,3,"[575, 150]"
collapse_ratio,40,"[40, 575, 151]",2,2,"[575, 151]"
collapse_ratio,40,"[40, 575, 152]",2,2,"[575, 152]"
collapse_ratio,40,"[40, 575, 153]",4,4,"[575, 153]"
collapse_ratio,40,"[40, 575, 154]",4,4,"[575, 154]"
collapse_ratio,40,"[40, 575, 155]",4,4,"[575, 155]"
collapse_ratio,40,"[40, 575, 156]",4,4,"[575, 156]"
collapse_ratio,40,"[40, 575, 158]",5,5,"[575, 158]"
collapse_ratio,40,"[40, 575, 159]",4,4,"[575, 159]"
collapse_ratio,40,"[40, 575, 160]",12,12,"[575, 160]"
collapse_ratio,40,"[40, 575, 161]",5,5,"[575, 161]"
collapse_ratio,40,"[40, 575, 162]",2,2,"[575, 162]"
collapse_ratio,40,"[40, 575, 163]",2,2,"[575, 163]"
collapse_ratio,40,"[40, 575, 164]",18,18,"[575, 164]"
collapse_ratio,40,"[40, 575, 165]",6,6,"[575, 165]"
collapse_ratio,40,"[40, 575, 166]",2,2,"[575, 166]"
collapse_ratio,40,"[40, 575, 168]",2,2,"[575, 168]"
collapse_ratio,40,"[40, 600, 27]",2,2,"[600, 27]"
collapse_ratio,40,"[40, 600, 31]",27,27,"[600, 31]"
collapse_ratio,40,"[40, 600, 33]",5,5,"[600, 33]"
collapse_ratio,40,"[40, 600, 35]",47,47,"[600, 35]"
collapse_ratio,40,"[40, 600, 36]",14,14,"[600, 36]"
collapse_ratio,40,"[40, 600, 37]",27,27,"[600, 37]"
collapse_ratio,40,"[40, 600, 38]",1,1,"[600, 38]"
collapse_ratio,40,"[40, 600, 39]",7,7,"[600, 39]"
collapse_ratio,40,"[40, 600, 40]",11,11,"[600, 40]"
collapse_ratio,40,"[40, 600, 43]",7,7,"[600, 43]"
collapse_ratio,40,"[40, 600, 44]",4,4,"[600, 44]"
collapse_ratio,40,"[40, 600, 45]",1,1,"[600, 45]"
collapse_ratio,40,"[40, 600, 48]",4,4,"[600, 48]"
collapse_ratio,40,"[40, 600, 49]",70,70,"[600, 49]"
collapse_ratio,40,"[40, 600, 50]",3,3,"[600, 50]"
collapse_ratio,40,"[40, 600, 51]",8,8,"[600, 51]"
collapse_ratio,40,"[40, 600, 52]",10,10,"[600, 52]"
collapse_ratio,40,"[40, 600, 53]",66,66,"[600, 53]"
collapse_ratio,40,"[40, 600, 54]",37,37,"[600, 54]"
collapse_ratio,40,"[40, 600, 55]",16,16,"[600, 55]"
collapse_ratio,40,"[40, 600, 56]",10,10,"[600, 56]"
collapse_ratio,40,"[40, 600, 57]",20,20,"[600, 57]"
collapse_ratio,40,"[40, 600, 58]",43,43,"[600, 58]"
collapse_ratio,40,"[40, 600, 59]",30,30,"[600, 59]"
collapse_ratio,40,"[40, 600, 60]",35,35,"[600, 60]"
collapse_ratio,40,"[40, 600, 61]",827,827,"[600, 61]"
collapse_ratio,40,"[40, 600, 62]",367,367,"[600, 62]"
collapse_ratio,40,"[40, 600, 63]",452,452,"[600, 63]"
collapse_ratio,40,"[40, 600, 64]",61,61,"[600, 64]"
collapse_ratio,40,"[40, 600, 65]",176,176,"[600, 65]"
collapse_ratio,40,"[40, 600, 66]",302,302,"[600, 66]"
collapse_ratio,40,"[40, 600, 67]",25,25,"[600, 67]"
collapse_ratio,40,"[40, 600, 68]",157,157,"[600, 68]"
collapse_ratio,40,"[40, 600, 69]",309,309,"[600, 69]"
collapse_ratio,40,"[40, 600, 70]",192,192,"[600, 70]"
collapse_ratio,40,"[40, 600, 71]",320,320,"[600, 71]"
collapse_ratio,40,"[40, 600, 72]",219,219,"[600, 72]"
collapse_ratio,40,"[40, 600, 73]",19,19,"[600, 73]"
collapse_ratio,40,"[40, 600, 75]",2,2,"[600, 75]"
collapse_ratio,40,"[40, 600, 78]",2,2,"[600, 78]"
collapse_ratio,40,"[40, 600, 80]",1,1,"[600, 80]"
collapse_ratio,40,"[40, 600, 148]",13,13,"[600, 148]"
collapse_ratio,40,"[40, 600, 149]",8,8,"[600, 149]"
collapse_ratio,40,"[40, 600, 150]",15,15,"[600, 150]"
collapse_ratio,40,"[40, 600, 151]",17,17,"[600, 151]"
collapse_ratio,40,"[40, 600, 152]",11,11,"[600, 152]"
collapse_ratio,40,"[40, 600, 153]",10,10,"[600, 153]"
collapse_ratio,40,"[40, 600, 154]",7,7,"[600, 154]"
collapse_ratio,40,"[40, 600, 155]",11,11,"[600, 155]"
collapse_ratio,40,"[40, 600, 156]",8,8,"[600, 156]"
collapse_ratio,40,"[40, 600, 157]",9,9,"[600, 157]"
collapse_ratio,40,"[40, 600, 158]",4,4,"[600, 158]"
collapse_ratio,40,"[40, 600, 160]",9,9,"[600, 160]"
collapse_ratio,40,"[40, 600, 162]",6,6,"[600, 162]"
collapse_ratio,40,"[40, 600, 165]",1,1,"[600, 165]"
collapse_ratio,40,"[40, 600, 168]",28,28,"[600, 168]"
collapse_ratio,40,"[40, 600, 169]",6,6,"[600, 169]"
collapse_ratio,40,"[40, 600, 170]",2,2,"[600, 170]"
collapse_ratio,40,"[40, 600, 171]",1,1,"[600, 171]"
collapse_ratio,40,"[40, 600, 172]",38,38,"[600, 172]"
collapse_ratio,40,"[40, 600, 173]",8,8,"[600, 173]"
collapse_ratio,40,"[40, 600, 175]",1,1,"[600, 175]"
collapse_ratio,40,"[40, 600, 176]",2,2,"[600, 176]"
collapse_ratio,40,"[40, 625, 29]",3,3,"[625, 29]"
collapse_ratio,40,"[40, 625, 30]",6,6,"[625, 30]"
collapse_ratio,40,"[40, 625, 32]",4,4,"[625, 32]"
collapse_ratio,40,"[40, 625, 33]",41,41,"[625, 33]"
collapse_ratio,40,"[40, 625, 34]",54,54,"[625, 34]"
collapse_ratio,40,"[40, 625, 35]",8,8,"[625, 35]"
collapse_ratio,40,"[40, 625, 36]",1,1,"[625, 36]"
collapse_ratio,40,"[40, 625, 37]",81,81,"[625, 37]"
collapse_ratio,40,"[40, 625, 38]",21,21,"[625, 38]"
collapse_ratio,40,"[40, 625, 40]",2,2,"[625, 40]"
collapse_ratio,40,"[40, 625, 42]",38,38,"[625, 42]"
collapse_ratio,40,"[40, 625, 46]",2,2,"[625, 46]"
collapse_ratio,40,"[40, 625, 47]",3,3,"[625, 47]"
collapse_ratio,40,"[40, 625, 50]",5,5,"[625, 50]"
collapse_ratio,40,"[40, 625, 51]",261,261,"[625, 51]"
collapse_ratio,40,"[40, 625, 52]",17,17,"[625, 52]"
collapse_ratio,40,"[40, 625, 53]",14,14,"[625, 53]"
collapse_ratio,40,"[40, 625, 54]",29,29,"[625, 54]"
collapse_ratio,40,"[40, 625, 55]",22,22,"[625, 55]"
collapse_ratio,40,"[40, 625, 57]",10,10,"[625, 57]"
collapse_ratio,40,"[40, 625, 58]",3,3,"[625, 58]"
collapse_ratio,40,"[40, 625, 59]",23,23,"[625, 59]"
collapse_ratio,40,"[40, 625, 60]",41,41,"[625, 60]"
collapse_ratio,40,"[40, 625, 61]",1,1,"[625, 61]"
collapse_ratio,40,"[40, 625, 62]",5,5,"[625, 62]"
collapse_ratio,40,"[40, 625, 63]",1,1,"[625, 63]"
collapse_ratio,40,"[40, 625, 64]",189,189,"[625, 64]"
collapse_ratio,40,"[40, 625, 66]",507,507,"[625, 66]"
collapse_ratio,40,"[40, 625, 67]",59,59,"[625, 67]"
collapse_ratio,40,"[40, 625, 68]",222,222,"[625, 68]"
collapse_ratio,40,"[40, 625, 69]",59,59,"[625, 69]"
collapse_ratio,40,"[40, 625, 70]",83,83,"[625, 70]"
collapse_ratio,40,"[40, 625, 72]",50,50,"[625, 72]"
collapse_ratio,40,"[40, 625, 74]",108,108,"[625, 74]"
collapse_ratio,40,"[40, 625, 75]",141,141,"[625, 75]"
collapse_ratio,40,"[40, 625, 76]",88,88,"[625, 76]"
collapse_ratio,40,"[40, 625, 77]",188,188,"[625, 77]"
collapse_ratio,40,"[40, 625, 78]",14,14,"[625, 78]"
collapse_ratio,40,"[40, 625, 79]",1,1,"[625, 79]"
collapse_ratio,40,"[40, 625, 81]",6,6,"[625, 81]"
collapse_ratio,40,"[40, 625, 83]",52,52,"[625, 83]"
collapse_ratio,40,"[40, 625, 153]",1,1,"[625, 153]"
collapse_ratio,40,"[40, 625, 154]",4,4,"[625, 154]"
collapse_ratio,40,"[40, 625, 156]",5,5,"[625, 156]"
collapse_ratio,40,"[40, 625, 157]",5,5,"[625, 157]"
collapse_ratio,40,"[40, 625, 158]",2,2,"[625, 158]"
collapse_ratio,40,"[40, 625, 159]",2,2,"[625, 159]"
collapse_ratio,40,"[40, 625, 161]",3,3,"[625, 161]"
collapse_ratio,40,"[40, 625, 169]",1,1,"[625, 169]"
collapse_ratio,40,"[40, 625, 173]",1,1,"[625, 173]"
collapse_ratio,40,"[40, 625, 174]",1,1,"[625, 174]"
collapse_ratio,40,"[40, 625, 175]",3,3,"[625, 175]"
collapse_ratio,40,"[40, 625, 176]",44,44,"[625, 176]"
collapse_ratio,40,"[40, 625, 177]",8,8,"[625, 177]"
collapse_ratio,40,"[40, 625, 180]",1,1,"[625, 180]"
collapse_ratio,40,"[40, 625, 181]",9,9,"[625, 181]"
collapse_ratio,40,"[40, 625, 183]",6,6,"[625, 183]"
collapse_ratio,40,"[40, 625, 185]",2,2,"[625, 185]"
collapse_ratio,40,"[40, 625, 187]",1,1,"[625, 187]"
collapse_ratio,40,"[40, 625, 189]",1,1,"[625, 189]"
collapse_ratio,40,"[40, 625, 190]",1,1,"[625, 190]"
collapse_ratio,40,"[40, 650, 30]",1,1,"[650, 30]"
collapse_ratio,40,"[40, 650, 32]",12,12,"[650, 32]"
collapse_ratio,40,"[40, 650, 34]",6,6,"[650, 34]"
collapse_ratio,40,"[40, 650, 36]",32,32,"[650, 36]"
collapse_ratio,40,"[40, 650, 38]",23,23,"[650, 38]"
collapse_ratio,40,"[40, 650, 39]",17,17,"[650, 39]"
collapse_ratio,40,"[40, 650, 40]",120,120,"[650, 40]"
collapse_ratio,40,"[40, 650, 41]",47,47,"[650, 41]"
collapse_ratio,40,"[40, 650, 43]",6,6,"[650, 43]"
collapse_ratio,40,"[40, 650, 44]",43,43,"[650, 44]"
collapse_ratio,40,"[40, 650, 45]",1,1,"[650, 45]"
collapse_ratio,40,"[40, 650, 46]",1,1,"[650, 46]"
collapse_ratio,40,"[40, 650, 48]",5,5,"[650, 48]"
collapse_ratio,40,"[40, 650, 49]",6,6,"[650, 49]"
collapse_ratio,40,"[40, 650, 52]",3,3,"[650, 52]"
collapse_ratio,40,"[40, 650, 53]",72,72,"[650, 53]"
collapse_ratio,40,"[40, 650, 54]",8,8,"[650, 54]"
collapse_ratio,40,"[40, 650, 55]",6,6,"[650, 55]"
collapse_ratio,40,"[40, 650, 56]",8,8,"[650, 56]"
collapse_ratio,40,"[40, 650, 57]",114,114,"[650, 57]"
collapse_ratio,40,"[40, 650, 58]",2,2,"[650, 58]"
collapse_ratio,40,"[40, 650, 60]",2,2,"[650, 60]"
collapse_ratio,40,"[40, 650, 61]",67,67,"[650, 61]"
collapse_ratio,40,"[40, 650, 62]",2,2,"[650, 62]"
collapse_ratio,40,"[40, 650, 63]",7,7,"[650, 63]"
collapse_ratio,40,"[40, 650, 64]",130,130,"[650, 64]"
collapse_ratio,40,"[40, 650, 65]",50,50,"[650, 65]"
collapse_ratio,40,"[40, 650, 66]",23,23,"[650, 66]"
collapse_ratio,40,"[40, 650, 67]",57,57,"[650, 67]"
collapse_ratio,40,"[40, 650, 68]",15,15,"[650, 68]"
collapse_ratio,40,"[40, 650, 69]",13,13,"[650, 69]"
collapse_ratio,40,"[40, 650, 72]",80,80,"[650, 72]"
collapse_ratio,40,"[40, 650, 73]",5,5,"[650, 73]"
collapse_ratio,40,"[40, 650, 75]",12,12,"[650, 75]"
collapse_ratio,40,"[40, 650, 76]",8,8,"[650, 76]"
collapse_ratio,40,"[40, 650, 77]",6,6,"[650, 77]"
collapse_ratio,40,"[40, 650, 78]",23,23,"[650, 78]"
collapse_ratio,40,"[40, 650, 80]",2,2,"[650, 80]"
collapse_ratio,40,"[40, 650, 81]",40,40,"[650, 81]"
collapse_ratio,40,"[40, 650, 82]",53,53,"[650, 82]"
collapse_ratio,40,"[40, 650, 87]",27,27,"[650, 87]"
collapse_ratio,40,"[40, 650, 88]",1,1,"[650, 88]"
collapse_ratio,40,"[40, 650, 89]",3,3,"[650, 89]"
collapse_ratio,40,"[40, 650, 102]",1,1,"[650, 102]"
collapse_ratio,40,"[40, 650, 158]",1,1,"[650, 158]"
collapse_ratio,40,"[40, 650, 159]",2,2,"[650, 159]"
collapse_ratio,40,"[40, 650, 160]",4,4,"[650, 160]"
collapse_ratio,40,"[40, 650, 162]",2,2,"[650, 162]"
collapse_ratio,40,"[40, 650, 163]",6,6,"[650, 163]"
collapse_ratio,40,"[40, 650, 165]",4,4,"[650, 165]"
collapse_ratio,40,"[40, 650, 167]",2,2,"[650, 167]"
collapse_ratio,40,"[40, 650, 168]",1,1,"[650, 168]"
collapse_ratio,40,"[40, 650, 173]",1,1,"[650, 173]"
collapse_ratio,40,"[40, 650, 177]",6,6,"[650, 177]"
collapse_ratio,40,"[40, 650, 178]",1,1,"[650, 178]"
collapse_ratio,40,"[40, 650, 179]",21,21,"[650, 179]"
collapse_ratio,40,"[40, 650, 180]",52,52,"[650, 180]"
collapse_ratio,40,"[40, 650, 182]",3,3,"[650, 182]"
collapse_ratio,40,"[40, 650, 183]",7,7,"[650, 183]"
collapse_ratio,40,"[40, 650, 184]",66,66,"[650, 184]"
collapse_ratio,40,"[40, 650, 185]",244,244,"[650, 185]"
collapse_ratio,40,"[40, 650, 186]",6,6,"[650, 186]"
collapse_ratio,40,"[40, 650, 187]",24,24,"[650, 187]"
collapse_ratio,40,"[40, 650, 188]",10,10,"[650, 188]"
collapse_ratio,40,"[40, 650, 189]",19,19,"[650, 189]"
collapse_ratio,40,"[40, 650, 190]",55,55,"[650, 190]"
collapse_ratio,40,"[40, 650, 191]",310,310,"[650, 191]"
collapse_ratio,40,"[40, 650, 193]",4,4,"[650, 193]"
collapse_ratio,40,"[40, 650, 194]",3,3,"[650, 194]"
collapse_ratio,40,"[40, 650, 195]",1,1,"[650, 195]"
collapse_ratio,40,"[40, 650, 197]",1,1,"[650, 197]"
collapse_ratio,40,"[40, 650, 198]",6,6,"[650, 198]"
collapse_ratio,40,"[40, 675, 31]",16,16,"[675, 31]"
collapse_ratio,40,"[40, 675, 33]",4,4,"[675, 33]"
collapse_ratio,40,"[40, 675, 35]",13,13,"[675, 35]"
collapse_ratio,40,"[40, 675, 37]",9,9,"[675, 37]"
collapse_ratio,40,"[40, 675, 39]",216,216,"[675, 39]"
collapse_ratio,40,"[40, 675, 41]",38,38,"[675, 41]"
collapse_ratio,40,"[40, 675, 43]",49,49,"[675, 43]"
collapse_ratio,40,"[40, 675, 44]",4,4,"[675, 44]"
collapse_ratio,40,"[40, 675, 46]",129,129,"[675, 46]"
collapse_ratio,40,"[40, 675, 47]",18,18,"[675, 47]"
collapse_ratio,40,"[40, 675, 49]",1,1,"[675, 49]"
collapse_ratio,40,"[40, 675, 50]",3,3,"[675, 50]"
collapse_ratio,40,"[40, 675, 55]",63,63,"[675, 55]"
collapse_ratio,40,"[40, 675, 56]",44,44,"[675, 56]"
collapse_ratio,40,"[40, 675, 57]",32,32,"[675, 57]"
collapse_ratio,40,"[40, 675, 58]",36,36,"[675, 58]"
collapse_ratio,40,"[40, 675, 59]",76,76,"[675, 59]"
collapse_ratio,40,"[40, 675, 60]",3,3,"[675, 60]"
collapse_ratio,40,"[40, 675, 61]",15,15,"[675, 61]"
collapse_ratio,40,"[40, 675, 62]",12,12,"[675, 62]"
collapse_ratio,40,"[40, 675, 63]",129,129,"[675, 63]"
collapse_ratio,40,"[40, 675, 65]",39,39,"[675, 65]"
collapse_ratio,40,"[40, 675, 66]",32,32,"[675, 66]"
collapse_ratio,40,"[40, 675, 67]",29,29,"[675, 67]"
collapse_ratio,40,"[40, 675, 69]",174,174,"[675, 69]"
collapse_ratio,40,"[40, 675, 70]",327,327,"[675, 70]"
collapse_ratio,40,"[40, 675, 71]",207,207,"[675, 71]"
collapse_ratio,40,"[40, 675, 72]",29,29,"[675, 72]"
collapse_ratio,40,"[40, 675, 73]",1,1,"[675, 73]"
collapse_ratio,40,"[40, 675, 74]",12,12,"[675, 74]"
collapse_ratio,40,"[40, 675, 75]",1,1,"[675, 75]"
collapse_ratio,40,"[40, 675, 77]",131,131,"[675, 77]"
collapse_ratio,40,"[40, 675, 78]",4,4,"[675, 78]"
collapse_ratio,40,"[40, 675, 88]",2,2,"[675, 88]"
collapse_ratio,40,"[40, 675, 93]",5,5,"[675, 93]"
collapse_ratio,40,"[40, 675, 96]",7,7,"[675, 96]"
collapse_ratio,40,"[40, 675, 100]",2,2,"[675, 100]"
collapse_ratio,40,"[40, 675, 101]",3,3,"[675, 101]"
collapse_ratio,40,"[40, 675, 103]",1,1,"[675, 103]"
collapse_ratio,40,"[40, 675, 165]",16,16,"[675, 165]"
collapse_ratio,40,"[40, 675, 172]",7,7,"[675, 172]"
collapse_ratio,40,"[40, 675, 173]",2,2,"[675, 173]"
collapse_ratio,40,"[40, 675, 177]",4,4,"[675, 177]"
collapse_ratio,40,"[40, 675, 179]",1,1,"[675, 179]"
collapse_ratio,40,"[40, 675, 181]",3,3,"[675, 181]"
collapse_ratio,40,"[40, 675, 183]",2,2,"[675, 183]"
collapse_ratio,40,"[40, 675, 184]",1,1,"[675, 184]"
collapse_ratio,40,"[40, 675, 185]",3,3,"[675, 185]"
collapse_ratio,40,"[40, 675, 186]",7,7,"[675, 186]"
collapse_ratio,40,"[40, 675, 187]",8,8,"[675, 187]"
collapse_ratio,40,"[40, 675, 188]",79,79,"[675, 188]"
collapse_ratio,40,"[40, 675, 189]",12,12,"[675, 189]"
collapse_ratio,40,"[40, 675, 190]",4,4,"[675, 190]"
collapse_ratio,40,"[40, 675, 191]",55,55,"[675, 191]"
collapse_ratio,40,"[40, 675, 192]",115,115,"[675, 192]"
collapse_ratio,40,"[40, 675, 193]",59,59,"[675, 193]"
collapse_ratio,40,"[40, 675, 194]",176,176,"[675, 194]"
collapse_ratio,40,"[40, 675, 195]",122,122,"[675, 195]"
collapse_ratio,40,"[40, 675, 196]",18,18,"[675, 196]"
collapse_ratio,40,"[40, 675, 197]",1457,1457,"[675, 197]"
collapse_ratio,40,"[40, 675, 199]",41,41,"[675, 199]"
collapse_ratio,40,"[40, 675, 200]",6,6,"[675, 200]"
collapse_ratio,40,"[40, 675, 201]",29,29,"[675, 201]"
collapse_ratio,40,"[40, 675, 202]",10,10,"[675, 202]"
collapse_ratio,40,"[40, 675, 203]",229,229,"[675, 203]"
collapse_ratio,40,"[40, 675, 205]",1,1,"[675, 205]"
collapse_ratio,40,"[40, 675, 209]",15,15,"[675, 209]"
collapse_ratio,40,"[40, 700, 34]",7,7,"[700, 34]"
collapse_ratio,40,"[40, 700, 36]",9,9,"[700, 36]"
collapse_ratio,40,"[40, 700, 38]",198,198,"[700, 38]"
collapse_ratio,40,"[40, 700, 39]",23,23,"[700, 39]"
collapse_ratio,40,"[40, 700, 40]",2,2,"[700, 40]"
collapse_ratio,40,"[40, 700, 41]",148,148,"[700, 41]"
collapse_ratio,40,"[40, 700, 42]",98,98,"[700, 42]"
collapse_ratio,40,"[40, 700, 43]",17,17,"[700, 43]"
collapse_ratio,40,"[40, 700, 45]",199,199,"[700, 45]"
collapse_ratio,40,"[40, 700, 47]",17,17,"[700, 47]"
collapse_ratio,40,"[40, 700, 49]",13,13,"[700, 49]"
collapse_ratio,40,"[40, 700, 51]",1,1,"[700, 51]"
collapse_ratio,40,"[40, 700, 52]",12,12,"[700, 52]"
collapse_ratio,40,"[40, 700, 53]",7,7,"[700, 53]"
collapse_ratio,40,"[40, 700, 57]",43,43,"[700, 57]"
collapse_ratio,40,"[40, 700, 58]",1,1,"[700, 58]"
collapse_ratio,40,"[40, 700, 60]",39,39,"[700, 60]"
collapse_ratio,40,"[40, 700, 61]",30,30,"[700, 61]"
collapse_ratio,40,"[40, 700, 62]",37,37,"[700, 62]"
collapse_ratio,40,"[40, 700, 63]",43,43,"[700, 63]"
collapse_ratio,40,"[40, 700, 64]",12,12,"[700, 64]"
collapse_ratio,40,"[40, 700, 65]",25,25,"[700, 65]"
collapse_ratio,40,"[40, 700, 67]",26,26,"[700, 67]"
collapse_ratio,40,"[40, 700, 68]",72,72,"[700, 68]"
collapse_ratio,40,"[40, 700, 69]",66,66,"[700, 69]"
collapse_ratio,40,"[40, 700, 70]",31,31,"[700, 70]"
collapse_ratio,40,"[40, 700, 71]",10,10,"[700, 71]"
collapse_ratio,40,"[40, 700, 72]",8,8,"[700, 72]"
collapse_ratio,40,"[40, 700, 75]",65,65,"[700, 75]"
collapse_ratio,40,"[40, 700, 76]",19,19,"[700, 76]"
collapse_ratio,40,"[40, 700, 78]",43,43,"[700, 78]"
collapse_ratio,40,"[40, 700, 79]",2,2,"[700, 79]"
collapse_ratio,40,"[40, 700, 80]",3,3,"[700, 80]"
collapse_ratio,40,"[40, 700, 81]",3,3,"[700, 81]"
collapse_ratio,40,"[40, 700, 82]",43,43,"[700, 82]"
collapse_ratio,40,"[40, 700, 83]",87,87,"[700, 83]"
collapse_ratio,40,"[40, 700, 84]",7,7,"[700, 84]"
collapse_ratio,40,"[40, 700, 86]",3,3,"[700, 86]"
collapse_ratio,40,"[40, 700, 89]",1,1,"[700, 89]"
collapse_ratio,40,"[40, 700, 90]",2,2,"[700, 90]"
collapse_ratio,40,"[40, 700, 112]",2,2,"[700, 112]"
collapse_ratio,40,"[40, 700, 176]",1,1,"[700, 176]"
collapse_ratio,40,"[40, 700, 180]",1,1,"[700, 180]"
collapse_ratio,40,"[40, 700, 181]",1,1,"[700, 181]"
collapse_ratio,40,"[40, 700, 185]",2,2,"[700, 185]"
collapse_ratio,40,"[40, 700, 187]",6,6,"[700, 187]"
collapse_ratio,40,"[40, 700, 188]",1,1,"[700, 188]"
collapse_ratio,40,"[40, 700, 189]",5,5,"[700, 189]"
collapse_ratio,40,"[40, 700, 190]",6,6,"[700, 190]"
collapse_ratio,40,"[40, 700, 191]",16,16,"[700, 191]"
collapse_ratio,40,"[40, 700, 192]",1,1,"[700, 192]"
collapse_ratio,40,"[40, 700, 193]",13,13,"[700, 193]"
collapse_ratio,40,"[40, 700, 194]",17,17,"[700, 194]"
collapse_ratio,40,"[40, 700, 195]",12,12,"[700, 195]"
collapse_ratio,40,"[40, 700, 196]",144,144,"[700, 196]"
collapse_ratio,40,"[40, 700, 197]",36,36,"[700, 197]"
collapse_ratio,40,"[40, 700, 198]",347,347,"[700, 198]"
collapse_ratio,40,"[40, 700, 199]",184,184,"[700, 199]"
collapse_ratio,40,"[40, 700, 200]",86,86,"[700, 200]"
collapse_ratio,40,"[40, 700, 201]",165,165,"[700, 201]"
collapse_ratio,40,"[40, 700, 202]",673,673,"[700, 202]"
collapse_ratio,40,"[40, 700, 203]",228,228,"[700, 203]"
collapse_ratio,40,"[40, 700, 204]",199,199,"[700, 204]"
collapse_ratio,40,"[40, 700, 205]",80,80,"[700, 205]"
collapse_ratio,40,"[40, 700, 206]",26,26,"[700, 206]"
collapse_ratio,40,"[40, 700, 207]",12,12,"[700, 207]"
collapse_ratio,40,"[40, 700, 208]",56,56,"[700, 208]"
collapse_ratio,40,"[40, 700, 209]",9,9,"[700, 209]"
collapse_ratio,40,"[40, 700, 210]",21,21,"[700, 210]"
collapse_ratio,40,"[40, 700, 211]",2,2,"[700, 211]"
collapse_ratio,40,"[40, 700, 213]",1,1,"[700, 213]"
collapse_ratio,40,"[40, 725, 33]",9,9,"[725, 33]"
collapse_ratio,40,"[40, 725, 35]",2,2,"[725, 35]"
collapse_ratio,40,"[40, 725, 37]",128,128,"[725, 37]"
collapse_ratio,40,"[40, 725, 40]",124,124,"[725, 40]"
collapse_ratio,40,"[40, 725, 42]",34,34,"[725, 42]"
collapse_ratio,40,"[40, 725, 44]",626,626,"[725, 44]"
collapse_ratio,40,"[40, 725, 46]",1,1,"[725, 46]"
collapse_ratio,40,"[40, 725, 47]",127,127,"[725, 47]"
collapse_ratio,40,"[40, 725, 48]",145,145,"[725, 48]"
collapse_ratio,40,"[40, 725, 49]",21,21,"[725, 49]"
collapse_ratio,40,"[40, 725, 50]",2,2,"[725, 50]"
collapse_ratio,40,"[40, 725, 51]",42,42,"[725, 51]"
collapse_ratio,40,"[40, 725, 53]",1,1,"[725, 53]"
collapse_ratio,40,"[40, 725, 58]",8,8,"[725, 58]"
collapse_ratio,40,"[40, 725, 59]",162,162,"[725, 59]"
collapse_ratio,40,"[40, 725, 60]",17,17,"[725, 60]"
collapse_ratio,40,"[40, 725, 62]",11,11,"[725, 62]"
collapse_ratio,40,"[40, 725, 64]",1,1,"[725, 64]"
collapse_ratio,40,"[40, 725, 65]",93,93,"[725, 65]"
collapse_ratio,40,"[40, 725, 66]",29,29,"[725, 66]"
collapse_ratio,40,"[40, 725, 67]",1,1,"[725, 67]"
collapse_ratio,40,"[40, 725, 68]",21,21,"[725, 68]"
collapse_ratio,40,"[40, 725, 69]",26,26,"[725, 69]"
collapse_ratio,40,"[40, 725, 70]",52,52,"[725, 70]"
collapse_ratio,40,"[40, 725, 71]",10,10,"[725, 71]"
collapse_ratio,40,"[40, 725, 72]",1,1,"[725, 72]"
collapse_ratio,40,"[40, 725, 73]",17,17,"[725, 73]"
collapse_ratio,40,"[40, 725, 74]",24,24,"[725, 74]"
collapse_ratio,40,"[40, 725, 75]",7,7,"[725, 75]"
collapse_ratio,40,"[40, 725, 81]",1,1,"[725, 81]"
collapse_ratio,40,"[40, 725, 84]",29,29,"[725, 84]"
collapse_ratio,40,"[40, 725, 87]",4,4,"[725, 87]"
collapse_ratio,40,"[40, 725, 88]",5,5,"[725, 88]"
collapse_ratio,40,"[40, 725, 93]",2,2,"[725, 93]"
collapse_ratio,40,"[40, 725, 96]",1,1,"[725, 96]"
collapse_ratio,40,"[40, 725, 102]",2,2,"[725, 102]"
collapse_ratio,40,"[40, 725, 116]",1,1,"[725, 116]"
collapse_ratio,40,"[40, 725, 198]",11,11,"[725, 198]"
collapse_ratio,40,"[40, 725, 199]",19,19,"[725, 199]"
collapse_ratio,40,"[40, 725, 200]",153,153,"[725, 200]"
collapse_ratio,40,"[40, 725, 201]",5,5,"[725, 201]"
collapse_ratio,40,"[40, 725, 203]",21,21,"[725, 203]"
collapse_ratio,40,"[40, 725, 204]",62,62,"[725, 204]"
collapse_ratio,40,"[40, 725, 205]",89,89,"[725, 205]"
collapse_ratio,40,"[40, 725, 206]",1137,1137,"[725, 206]"
collapse_ratio,40,"[40, 725, 207]",403,403,"[725, 207]"
collapse_ratio,40,"[40, 725, 208]",295,295,"[725, 208]"
collapse_ratio,40,"[40, 725, 209]",236,236,"[725, 209]"
collapse_ratio,40,"[40, 725, 210]",1560,1560,"[725, 210]"
collapse_ratio,40,"[40, 725, 213]",1056,1056,"[725, 213]"
collapse_ratio,40,"[40, 725, 218]",1415,1415,"[725, 218]"
collapse_ratio,40,"[40, 725, 219]",12,12,"[725, 219]"
collapse_ratio,40,"[40, 725, 224]",229,229,"[725, 224]"
collapse_ratio,40,"[40, 750, 36]",76,76,"[750, 36]"
collapse_ratio,40,"[40, 750, 37]",2,2,"[750, 37]"
collapse_ratio,40,"[40, 750, 39]",29,29,"[750, 39]"
collapse_ratio,40,"[40, 750, 41]",20,20,"[750, 41]"
collapse_ratio,40,"[40, 750, 43]",624,624,"[750, 43]"
collapse_ratio,40,"[40, 750, 45]",46,46,"[750, 45]"
collapse_ratio,40,"[40, 750, 46]",273,273,"[750, 46]"
collapse_ratio,40,"[40, 750, 48]",6,6,"[750, 48]"
collapse_ratio,40,"[40, 750, 50]",546,546,"[750, 50]"
collapse_ratio,40,"[40, 750, 51]",20,20,"[750, 51]"
collapse_ratio,40,"[40, 750, 53]",14,14,"[750, 53]"
collapse_ratio,40,"[40, 750, 54]",7,7,"[750, 54]"
collapse_ratio,40,"[40, 750, 55]",1,1,"[750, 55]"
collapse_ratio,40,"[40, 750, 57]",16,16,"[750, 57]"
collapse_ratio,40,"[40, 750, 60]",1,1,"[750, 60]"
collapse_ratio,40,"[40, 750, 61]",40,40,"[750, 61]"
collapse_ratio,40,"[40, 750, 63]",11,11,"[750, 63]"
collapse_ratio,40,"[40, 750, 64]",32,32,"[750, 64]"
collapse_ratio,40,"[40, 750, 65]",1,1,"[750, 65]"
collapse_ratio,40,"[40, 750, 66]",2,2,"[750, 66]"
collapse_ratio,40,"[40, 750, 67]",39,39,"[750, 67]"
collapse_ratio,40,"[40, 750, 68]",11,11,"[750, 68]"
collapse_ratio,40,"[40, 750, 69]",40,40,"[750, 69]"
collapse_ratio,40,"[40, 750, 71]",89,89,"[750, 71]"
collapse_ratio,40,"[40, 750, 72]",119,119,"[750, 72]"
collapse_ratio,40,"[40, 750, 73]",4,4,"[750, 73]"
collapse_ratio,40,"[40, 750, 74]",2,2,"[750, 74]"
collapse_ratio,40,"[40, 750, 75]",5,5,"[750, 75]"
collapse_ratio,40,"[40, 750, 77]",8,8,"[750, 77]"
collapse_ratio,40,"[40, 750, 78]",15,15,"[750, 78]"
collapse_ratio,40,"[40, 750, 79]",4,4,"[750, 79]"
collapse_ratio,40,"[40, 750, 81]",1,1,"[750, 81]"
collapse_ratio,40,"[40, 750, 83]",1,1,"[750, 83]"
collapse_ratio,40,"[40, 750, 85]",12,12,"[750, 85]"
collapse_ratio,40,"[40, 750, 86]",4,4,"[750, 86]"
collapse_ratio,40,"[40, 750, 89]",4,4,"[750, 89]"
collapse_ratio,40,"[40, 750, 90]",21,21,"[750, 90]"
collapse_ratio,40,"[40, 750, 95]",5,5,"[750, 95]"
collapse_ratio,40,"[40, 750, 96]",15,15,"[750, 96]"
collapse_ratio,40,"[40, 750, 99]",4,4,"[750, 99]"
collapse_ratio,40,"[40, 750, 105]",4,4,"[750, 105]"
collapse_ratio,40,"[40, 750, 106]",2,2,"[750, 106]"
collapse_ratio,40,"[40, 750, 108]",2,2,"[750, 108]"
collapse_ratio,40,"[40, 750, 111]",3,3,"[750, 111]"
collapse_ratio,40,"[40, 750, 122]",2,2,"[750, 122]"
collapse_ratio,40,"[40, 750, 132]",1,1,"[750, 132]"
collapse_ratio,40,"[40, 750, 194]",1,1,"[750, 194]"
collapse_ratio,40,"[40, 750, 207]",20,20,"[750, 207]"
collapse_ratio,40,"[40, 750, 208]",6,6,"[750, 208]"
collapse_ratio,40,"[40, 750, 209]",8,8,"[750, 209]"
collapse_ratio,40,"[40, 750, 210]",4,4,"[750, 210]"
collapse_ratio,40,"[40, 750, 212]",80,80,"[750, 212]"
collapse_ratio,40,"[40, 750, 213]",642,642,"[750, 213]"
collapse_ratio,40,"[40, 750, 214]",150,150,"[750, 214]"
collapse_ratio,40,"[40, 750, 215]",86,86,"[750, 215]"
collapse_ratio,40,"[40, 750, 216]",210,210,"[750, 216]"
collapse_ratio,40,"[40, 750, 218]",3,3,"[750, 218]"
collapse_ratio,40,"[40, 750, 219]",2000,4144,"[750, 219]"
collapse_ratio,40,"[40, 750, 220]",200,200,"[750, 220]"
collapse_ratio,40,"[40, 750, 221]",217,217,"[750, 221]"
collapse_ratio,40,"[40, 750, 222]",46,46,"[750, 222]"
collapse_ratio,40,"[40, 750, 225]",2,2,"[750, 225]"
collapse_ratio,40,"[40, 750, 226]",1,1,"[750, 226]"
collapse_ratio,40,"[40, 750, 227]",64,64,"[750, 227]"
collapse_ratio,40,"[40, 750, 228]",8,8,"[750, 228]"
collapse_ratio,40,"[40, 750, 230]",15,15,"[750, 230]"
collapse_ratio,40,"[40, 775, 35]",12,12,"[775, 35]"
collapse_ratio,40,"[40, 775, 38]",75,75,"[775, 38]"
collapse_ratio,40,"[40, 775, 40]",24,24,"[775, 40]"
collapse_ratio,40,"[40, 775, 42]",556,556,"[775, 42]"
collapse_ratio,40,"[40, 775, 43]",86,86,"[775, 43]"
collapse_ratio,40,"[40, 775, 45]",443,443,"[775, 45]"
collapse_ratio,40,"[40, 775, 47]",168,168,"[775, 47]"
collapse_ratio,40,"[40, 775, 49]",702,702,"[775, 49]"
collapse_ratio,40,"[40, 775, 52]",264,264,"[775, 52]"
collapse_ratio,40,"[40, 775, 55]",78,78,"[775, 55]"
collapse_ratio,40,"[40, 775, 56]",31,31,"[775, 56]"
collapse_ratio,40,"[40, 775, 59]",4,4,"[775, 59]"
collapse_ratio,40,"[40, 775, 62]",4,4,"[775, 62]"
collapse_ratio,40,"[40, 775, 63]",54,54,"[775, 63]"
collapse_ratio,40,"[40, 775, 66]",55,55,"[775, 66]"
collapse_ratio,40,"[40, 775, 67]",13,13,"[775, 67]"
collapse_ratio,40,"[40, 775, 68]",2,2,"[775, 68]"
collapse_ratio,40,"[40, 775, 69]",98,98,"[775, 69]"
collapse_ratio,40,"[40, 775, 70]",107,107,"[775, 70]"
collapse_ratio,40,"[40, 775, 71]",1,1,"[775, 71]"
collapse_ratio,40,"[40, 775, 73]",10,10,"[775, 73]"
collapse_ratio,40,"[40, 775, 74]",2,2,"[775, 74]"
collapse_ratio,40,"[40, 775, 75]",20,20,"[775, 75]"
collapse_ratio,40,"[40, 775, 76]",60,60,"[775, 76]"
collapse_ratio,40,"[40, 775, 77]",52,52,"[775, 77]"
collapse_ratio,40,"[40, 775, 78]",1,1,"[775, 78]"
collapse_ratio,40,"[40, 775, 79]",39,39,"[775, 79]"
collapse_ratio,40,"[40, 775, 80]",2,2,"[775, 80]"
collapse_ratio,40,"[40, 775, 81]",59,59,"[775, 81]"
collapse_ratio,40,"[40, 775, 83]",14,14,"[775, 83]"
collapse_ratio,40,"[40, 775, 84]",34,34,"[775, 84]"
collapse_ratio,40,"[40, 775, 85]",7,7,"[775, 85]"
collapse_ratio,40,"[40, 775, 86]",1,1,"[775, 86]"
collapse_ratio,40,"[40, 775, 90]",9,9,"[775, 90]"
collapse_ratio,40,"[40, 775, 91]",2,2,"[775, 91]"
collapse_ratio,40,"[40, 775, 93]",2,2,"[775, 93]"
collapse_ratio,40,"[40, 775, 94]",1,1,"[775, 94]"
collapse_ratio,40,"[40, 775, 95]",4,4,"[775, 95]"
collapse_ratio,40,"[40, 775, 112]",2,2,"[775, 112]"
collapse_ratio,40,"[40, 775, 118]",5,5,"[775, 118]"
collapse_ratio,40,"[40, 775, 124]",2,2,"[775, 124]"
collapse_ratio,40,"[40, 775, 198]",1,1,"[775, 198]"
collapse_ratio,40,"[40, 775, 199]",1,1,"[775, 199]"
collapse_ratio,40,"[40, 775, 201]",1,1,"[775, 201]"
collapse_ratio,40,"[40, 775, 207]",2,2,"[775, 207]"
collapse_ratio,40,"[40, 775, 209]",2,2,"[775, 209]"
collapse_ratio,40,"[40, 775, 210]",1,1,"[775, 210]"
collapse_ratio,40,"[40, 775, 213]",2,2,"[775, 213]"
collapse_ratio,40,"[40, 775, 214]",2,2,"[775, 214]"
collapse_ratio,40,"[40, 775, 215]",2,2,"[775, 215]"
collapse_ratio,40,"[40, 775, 216]",19,19,"[775, 216]"
collapse_ratio,40,"[40, 775, 217]",18,18,"[775, 217]"
collapse_ratio,40,"[40, 775, 218]",51,51,"[775, 218]"
collapse_ratio,40,"[40, 775, 219]",66,66,"[775, 219]"
collapse_ratio,40,"[40, 775, 220]",33,33,"[775, 220]"
collapse_ratio,40,"[40, 775, 222]",46,46,"[775, 222]"
collapse_ratio,40,"[40, 775, 223]",3,3,"[775, 223]"
collapse_ratio,40,"[40, 775, 224]",51,51,"[775, 224]"
collapse_ratio,40,"[40, 775, 225]",14,14,"[775, 225]"
collapse_ratio,40,"[40, 775, 226]",6,6,"[775, 226]"
collapse_ratio,40,"[40, 775, 228]",2,2,"[775, 228]"
collapse_ratio,40,"[40, 800, 34]",2,2,"[800, 34]"
collapse_ratio,40,"[40, 800, 37]",6,6,"[800, 37]"
collapse_ratio,40,"[40, 800, 39]",8,8,"[800, 39]"
collapse_ratio,40,"[40, 800, 41]",324,324,"[800, 41]"
collapse_ratio,40,"[40, 800, 44]",393,393,"[800, 44]"
collapse_ratio,40,"[40, 800, 46]",6,6,"[800, 46]"
collapse_ratio,40,"[40, 800, 48]",2000,2170,"[800, 48]"
collapse_ratio,40,"[40, 800, 49]",421,421,"[800, 49]"
collapse_ratio,40,"[40, 800, 51]",230,230,"[800, 51]"
collapse_ratio,40,"[40, 800, 53]",57,57,"[800, 53]"
collapse_ratio,40,"[40, 800, 54]",1768,1768,"[800, 54]"
collapse_ratio,40,"[40, 800, 58]",10,10,"[800, 58]"
collapse_ratio,40,"[40, 800, 61]",9,9,"[800, 61]"
collapse_ratio,40,"[40, 800, 64]",5,5,"[800, 64]"
collapse_ratio,40,"[40, 800, 65]",52,52,"[800, 65]"
collapse_ratio,40,"[40, 800, 66]",57,57,"[800, 66]"
collapse_ratio,40,"[40, 800, 68]",80,80,"[800, 68]"
collapse_ratio,40,"[40, 800, 69]",12,12,"[800, 69]"
collapse_ratio,40,"[40, 800, 70]",8,8,"[800, 70]"
collapse_ratio,40,"[40, 800, 71]",56,56,"[800, 71]"
collapse_ratio,40,"[40, 800, 72]",56,56,"[800, 72]"
collapse_ratio,40,"[40, 800, 73]",10,10,"[800, 73]"
collapse_ratio,40,"[40, 800, 74]",99,99,"[800, 74]"
collapse_ratio,40,"[40, 800, 75]",69,69,"[800, 75]"
collapse_ratio,40,"[40, 800, 77]",1,1,"[800, 77]"
collapse_ratio,40,"[40, 800, 78]",20,20,"[800, 78]"
collapse_ratio,40,"[40, 800, 79]",28,28,"[800, 79]"
collapse_ratio,40,"[40, 800, 81]",52,52,"[800, 81]"
collapse_ratio,40,"[40, 800, 82]",51,51,"[800, 82]"
collapse_ratio,40,"[40, 800, 84]",23,23,"[800, 84]"
collapse_ratio,40,"[40, 800, 85]",28,28,"[800, 85]"
collapse_ratio,40,"[40, 800, 87]",35,35,"[800, 87]"
collapse_ratio,40,"[40, 800, 88]",24,24,"[800, 88]"
collapse_ratio,40,"[40, 800, 89]",16,16,"[800, 89]"
collapse_ratio,40,"[40, 800, 91]",8,8,"[800, 91]"
collapse_ratio,40,"[40, 800, 93]",23,23,"[800, 93]"
collapse_ratio,40,"[40, 800, 95]",44,44,"[800, 95]"
collapse_ratio,40,"[40, 800, 96]",13,13,"[800, 96]"
collapse_ratio,40,"[40, 800, 97]",1,1,"[800, 97]"
collapse_ratio,40,"[40, 800, 98]",4,4,"[800, 98]"
collapse_ratio,40,"[40, 800, 99]",6,6,"[800, 99]"
collapse_ratio,40,"[40, 800, 101]",19,19,"[800, 101]"
collapse_ratio,40,"[40, 800, 130]",1,1,"[800, 130]"
collapse_ratio,40,"[40, 800, 136]",1,1,"[800, 136]"
collapse_ratio,40,"[40, 800, 206]",1,1,"[800, 206]"
collapse_ratio,40,"[40, 800, 216]",4,4,"[800, 216]"
collapse_ratio,40,"[40, 800, 218]",14,14,"[800, 218]"
collapse_ratio,40,"[40, 800, 219]",3,3,"[800, 219]"
collapse_ratio,40,"[40, 800, 220]",4,4,"[800, 220]"
collapse_ratio,40,"[40, 800, 221]",7,7,"[800, 221]"
collapse_ratio,40,"[40, 800, 222]",19,19,"[800, 222]"
collapse_ratio,40,"[40, 800, 224]",5,5,"[800, 224]"
collapse_ratio,40,"[40, 800, 226]",2,2,"[800, 226]"
collapse_ratio,40,"[40, 800, 230]",1,1,"[800, 230]"
collapse_ratio,40,"[40, 825, 40]",402,402,"[825, 40]"
collapse_ratio,40,"[40, 825, 43]",60,60,"[825, 43]"
collapse_ratio,40,"[40, 825, 45]",33,33,"[825, 45]"
collapse_ratio,40,"[40, 825, 47]",1932,1932,"[825, 47]"
collapse_ratio,40,"[40, 825, 50]",383,383,"[825, 50]"
collapse_ratio,40,"[40, 825, 52]",2,2,"[825, 52]"
collapse_ratio,40,"[40, 825, 53]",1550,1550,"[825, 53]"
collapse_ratio,40,"[40, 825, 55]",76,76,"[825, 55]"
collapse_ratio,40,"[40, 825, 56]",384,384,"[825, 56]"
collapse_ratio,40,"[40, 825, 57]",21,21,"[825, 57]"
collapse_ratio,40,"[40, 825, 58]",1,1,"[825, 58]"
collapse_ratio,40,"[40, 825, 60]",95,95,"[825, 60]"
collapse_ratio,40,"[40, 825, 61]",6,6,"[825, 61]"
collapse_ratio,40,"[40, 825, 63]",2,2,"[825, 63]"
collapse_ratio,40,"[40, 825, 66]",7,7,"[825, 66]"
collapse_ratio,40,"[40, 825, 67]",200,200,"[825, 67]"
collapse_ratio,40,"[40, 825, 70]",35,35,"[825, 70]"
collapse_ratio,40,"[40, 825, 71]",44,44,"[825, 71]"
collapse_ratio,40,"[40, 825, 72]",42,42,"[825, 72]"
collapse_ratio,40,"[40, 825, 73]",114,114,"[825, 73]"
collapse_ratio,40,"[40, 825, 75]",6,6,"[825, 75]"
collapse_ratio,40,"[40, 825, 76]",39,39,"[825, 76]"
collapse_ratio,40,"[40, 825, 77]",13,13,"[825, 77]"
collapse_ratio,40,"[40, 825, 78]",26,26,"[825, 78]"
collapse_ratio,40,"[40, 825, 79]",81,81,"[825, 79]"
collapse_ratio,40,"[40, 825, 80]",60,60,"[825, 80]"
collapse_ratio,40,"[40, 825, 81]",16,16,"[825, 81]"
collapse_ratio,40,"[40, 825, 83]",10,10,"[825, 83]"
collapse_ratio,40,"[40, 825, 84]",3,3,"[825, 84]"
collapse_ratio,40,"[40, 825, 85]",29,29,"[825, 85]"
collapse_ratio,40,"[40, 825, 86]",79,79,"[825, 86]"
collapse_ratio,40,"[40, 825, 87]",36,36,"[825, 87]"
collapse_ratio,40,"[40, 825, 89]",1,1,"[825, 89]"
collapse_ratio,40,"[40, 825, 90]",6,6,"[825, 90]"
collapse_ratio,40,"[40, 825, 91]",6,6,"[825, 91]"
collapse_ratio,40,"[40, 825, 93]",18,18,"[825, 93]"
collapse_ratio,40,"[40, 825, 94]",41,41,"[825, 94]"
collapse_ratio,40,"[40, 825, 96]",3,3,"[825, 96]"
collapse_ratio,40,"[40, 825, 97]",6,6,"[825, 97]"
collapse_ratio,40,"[40, 825, 99]",29,29,"[825, 99]"
collapse_ratio,40,"[40, 825, 100]",15,15,"[825, 100]"
collapse_ratio,40,"[40, 825, 101]",4,4,"[825, 101]"
collapse_ratio,40,"[40, 825, 105]",7,7,"[825, 105]"
collapse_ratio,40,"[40, 825, 106]",5,5,"[825, 106]"
collapse_ratio,40,"[40, 825, 107]",8,8,"[825, 107]"
collapse_ratio,40,"[40, 825, 108]",2,2,"[825, 108]"
collapse_ratio,40,"[40, 825, 112]",7,7,"[825, 112]"
collapse_ratio,40,"[40, 825, 210]",1,1,"[825, 210]"
collapse_ratio,40,"[40, 825, 212]",2,2,"[825, 212]"
collapse_ratio,40,"[40, 825, 219]",7,7,"[825, 219]"
collapse_ratio,40,"[40, 825, 220]",5,5,"[825, 220]"
collapse_ratio,40,"[40, 825, 221]",1,1,"[825, 221]"
collapse_ratio,40,"[40, 825, 222]",5,5,"[825, 222]"
collapse_ratio,40,"[40, 825, 224]",7,7,"[825, 224]"
collapse_ratio,40,"[40, 825, 225]",4,4,"[825, 225]"
collapse_ratio,40,"[40, 825, 226]",4,4,"[825, 226]"
collapse_ratio,40,"[40, 825, 234]",2,2,"[825, 234]"
collapse_ratio,40,"[40, 825, 239]",6,6,"[825, 239]"
collapse_ratio,40,"[40, 850, 36]",6,6,"[850, 36]"
collapse_ratio,40,"[40, 850, 39]",49,49,"[850, 39]"
collapse_ratio,40,"[40, 850, 41]",6,6,"[850, 41]"
collapse_ratio,40,"[40, 850, 46]",1589,1589,"[850, 46]"
collapse_ratio,40,"[40, 850, 47]",3,3,"[850, 47]"
collapse_ratio,40,"[40, 850, 49]",382,382,"[850, 49]"
collapse_ratio,40,"[40, 850, 51]",51,51,"[850, 51]"
collapse_ratio,40,"[40, 850, 52]",2000,4429,"[850, 52]"
collapse_ratio,40,"[40, 850, 55]",210,210,"[850, 55]"
collapse_ratio,40,"[40, 850, 57]",43,43,"[850, 57]"
collapse_ratio,40,"[40, 850, 59]",235,235,"[850, 59]"
collapse_ratio,40,"[40, 850, 62]",24,24,"[850, 62]"
collapse_ratio,40,"[40, 850, 64]",1,1,"[850, 64]"
collapse_ratio,40,"[40, 850, 65]",34,34,"[850, 65]"
collapse_ratio,40,"[40, 850, 67]",2,2,"[850, 67]"
collapse_ratio,40,"[40, 850, 68]",5,5,"[850, 68]"
collapse_ratio,40,"[40, 850, 69]",96,96,"[850, 69]"
collapse_ratio,40,"[40, 850, 70]",4,4,"[850, 70]"
collapse_ratio,40,"[40, 850, 72]",1234,1234,"[850, 72]"
collapse_ratio,40,"[40, 850, 73]",90,90,"[850, 73]"
collapse_ratio,40,"[40, 850, 75]",108,108,"[850, 75]"
collapse_ratio,40,"[40, 850, 76]",1,1,"[850, 76]"
collapse_ratio,40,"[40, 850, 77]",30,30,"[850, 77]"
collapse_ratio,40,"[40, 850, 78]",604,604,"[850, 78]"
collapse_ratio,40,"[40, 850, 81]",67,67,"[850, 81]"
collapse_ratio,40,"[40, 850, 82]",22,22,"[850, 82]"
collapse_ratio,40,"[40, 850, 83]",53,53,"[850, 83]"
collapse_ratio,40,"[40, 850, 85]",40,40,"[850, 85]"
collapse_ratio,40,"[40, 850, 88]",40,40,"[850, 88]"
collapse_ratio,40,"[40, 850, 89]",60,60,"[850, 89]"
collapse_ratio,40,"[40, 850, 91]",40,40,"[850, 91]"
collapse_ratio,40,"[40, 850, 92]",81,81,"[850, 92]"
collapse_ratio,40,"[40, 850, 94]",2,2,"[850, 94]"
collapse_ratio,40,"[40, 850, 95]",1,1,"[850, 95]"
collapse_ratio,40,"[40, 850, 97]",39,39,"[850, 97]"
collapse_ratio,40,"[40, 850, 98]",48,48,"[850, 98]"
collapse_ratio,40,"[40, 850, 99]",1,1,"[850, 99]"
collapse_ratio,40,"[40, 850, 101]",3,3,"[850, 101]"
collapse_ratio,40,"[40, 850, 103]",5,5,"[850, 103]"
collapse_ratio,40,"[40, 850, 104]",8,8,"[850, 104]"
collapse_ratio,40,"[40, 850, 105]",12,12,"[850, 105]"
collapse_ratio,40,"[40, 850, 110]",3,3,"[850, 110]"
collapse_ratio,40,"[40, 850, 118]",6,6,"[850, 118]"
collapse_ratio,40,"[40, 850, 124]",4,4,"[850, 124]"
collapse_ratio,40,"[40, 850, 130]",2,2,"[850, 130]"
collapse_ratio,40,"[40, 850, 216]",2,2,"[850, 216]"
collapse_ratio,40,"[40, 850, 221]",3,3,"[850, 221]"
collapse_ratio,40,"[40, 850, 224]",2,2,"[850, 224]"
collapse_ratio,40,"[40, 850, 225]",2,2,"[850, 225]"
collapse_ratio,40,"[40, 850, 228]",5,5,"[850, 228]"
collapse_ratio,40,"[40, 850, 233]",10,10,"[850, 233]"
collapse_ratio,40,"[40, 850, 242]",1,1,"[850, 242]"
collapse_ratio,40,"[40, 850, 244]",1,1,"[850, 244]"
collapse_ratio,40,"[40, 850, 246]",5,5,"[850, 246]"
collapse_ratio,40,"[40, 850, 253]",1,1,"[850, 253]"
collapse_ratio,40,"[40, 875, 42]",93,93,"[875, 42]"
collapse_ratio,40,"[40, 875, 43]",72,72,"[875, 43]"
collapse_ratio,40,"[40, 875, 45]",790,790,"[875, 45]"
collapse_ratio,40,"[40, 875, 48]",323,323,"[875, 48]"
collapse_ratio,40,"[40, 875, 51]",2000,5706,"[875, 51]"
collapse_ratio,40,"[40, 875, 53]",5,5,"[875, 53]"
collapse_ratio,40,"[40, 875, 58]",2000,4173,"[875, 58]"
collapse_ratio,40,"[40, 875, 61]",23,23,"[875, 61]"
collapse_ratio,40,"[40, 875, 63]",2,2,"[875, 63]"
collapse_ratio,40,"[40, 875, 64]",346,346,"[875, 64]"
collapse_ratio,40,"[40, 875, 67]",3,3,"[875, 67]"
collapse_ratio,40,"[40, 875, 70]",48,48,"[875, 70]"
collapse_ratio,40,"[40, 875, 71]",391,391,"[875, 71]"
collapse_ratio,40,"[40, 875, 74]",73,73,"[875, 74]"
collapse_ratio,40,"[40, 875, 75]",30,30,"[875, 75]"
collapse_ratio,40,"[40, 875, 77]",359,359,"[875, 77]"
collapse_ratio,40,"[40, 875, 79]",17,17,"[875, 79]"
collapse_ratio,40,"[40, 875, 80]",79,79,"[875, 80]"
collapse_ratio,40,"[40, 875, 82]",1,1,"[875, 82]"
collapse_ratio,40,"[40, 875, 83]",324,324,"[875, 83]"
collapse_ratio,40,"[40, 875, 84]",408,408,"[875, 84]"
collapse_ratio,40,"[40, 875, 85]",2,2,"[875, 85]"
collapse_ratio,40,"[40, 875, 86]",49,49,"[875, 86]"
collapse_ratio,40,"[40, 875, 87]",59,59,"[875, 87]"
collapse_ratio,40,"[40, 875, 89]",459,459,"[875, 89]"
collapse_ratio,40,"[40, 875, 90]",655,655,"[875, 90]"
collapse_ratio,40,"[40, 875, 91]",1,1,"[875, 91]"
collapse_ratio,40,"[40, 875, 93]",13,13,"[875, 93]"
collapse_ratio,40,"[40, 875, 94]",2,2,"[875, 94]"
collapse_ratio,40,"[40, 875, 95]",12,12,"[875, 95]"
collapse_ratio,40,"[40, 875, 96]",311,311,"[875, 96]"
collapse_ratio,40,"[40, 875, 99]",2,2,"[875, 99]"
collapse_ratio,40,"[40, 875, 101]",2,2,"[875, 101]"
collapse_ratio,40,"[40, 875, 102]",143,143,"[875, 102]"
collapse_ratio,40,"[40, 875, 103]",9,9,"[875, 103]"
collapse_ratio,40,"[40, 875, 105]",4,4,"[875, 105]"
collapse_ratio,40,"[40, 875, 106]",2,2,"[875, 106]"
collapse_ratio,40,"[40, 875, 108]",1,1,"[875, 108]"
collapse_ratio,40,"[40, 875, 109]",10,10,"[875, 109]"
collapse_ratio,40,"[40, 875, 111]",2,2,"[875, 111]"
collapse_ratio,40,"[40, 875, 116]",1,1,"[875, 116]"
collapse_ratio,40,"[40, 875, 122]",2,2,"[875, 122]"
collapse_ratio,40,"[40, 875, 128]",2,2,"[875, 128]"
collapse_ratio,40,"[40, 875, 226]",8,8,"[875, 226]"
collapse_ratio,40,"[40, 875, 228]",2,2,"[875, 228]"
collapse_ratio,40,"[40, 875, 229]",6,6,"[875, 229]"
collapse_ratio,40,"[40, 875, 230]",4,4,"[875, 230]"
collapse_ratio,40,"[40, 875, 232]",2,2,"[875, 232]"
collapse_ratio,40,"[40, 875, 248]",2,2,"[875, 248]"
collapse_ratio,40,"[40, 875, 252]",7,7,"[875, 252]"
collapse_ratio,40,"[40, 875, 255]",1,1,"[875, 255]"
collapse_ratio,40,"[40, 875, 258]",55,55,"[875, 258]"
collapse_ratio,40,"[40, 875, 264]",9,9,"[875, 264]"
collapse_ratio,40,"[40, 900, 38]",5,5,"[900, 38]"
collapse_ratio,40,"[40, 900, 41]",13,13,"[900, 41]"
collapse_ratio,40,"[40, 900, 44]",907,907,"[900, 44]"
collapse_ratio,40,"[40, 900, 47]",30,30,"[900, 47]"
collapse_ratio,40,"[40, 900, 49]",192,192,"[900, 49]"
collapse_ratio,40,"[40, 900, 54]",1586,1586,"[900, 54]"
collapse_ratio,40,"[40, 900, 55]",1354,1354,"[900, 55]"
collapse_ratio,40,"[40, 900, 57]",2000,3306,"[900, 57]"
collapse_ratio,40,"[40, 900, 60]",545,545,"[900, 60]"
collapse_ratio,40,"[40, 900, 61]",518,518,"[900, 61]"
collapse_ratio,40,"[40, 900, 63]",626,626,"[900, 63]"
collapse_ratio,40,"[40, 900, 66]",39,39,"[900, 66]"
collapse_ratio,40,"[40, 900, 69]",57,57,"[900, 69]"
collapse_ratio,40,"[40, 900, 72]",7,7,"[900, 72]"
collapse_ratio,40,"[40, 900, 73]",96,96,"[900, 73]"
collapse_ratio,40,"[40, 900, 76]",539,539,"[900, 76]"
collapse_ratio,40,"[40, 900, 77]",34,34,"[900, 77]"
collapse_ratio,40,"[40, 900, 79]",132,132,"[900, 79]"
collapse_ratio,40,"[40, 900, 81]",53,53,"[900, 81]"
collapse_ratio,40,"[40, 900, 82]",680,680,"[900, 82]"
collapse_ratio,40,"[40, 900, 83]",1,1,"[900, 83]"
collapse_ratio,40,"[40, 900, 85]",56,56,"[900, 85]"
collapse_ratio,40,"[40, 900, 87]",11,11,"[900, 87]"
collapse_ratio,40,"[40, 900, 88]",361,361,"[900, 88]"
collapse_ratio,40,"[40, 900, 91]",23,23,"[900, 91]"
collapse_ratio,40,"[40, 900, 92]",64,64,"[900, 92]"
collapse_ratio,40,"[40, 900, 93]",78,78,"[900, 93]"
collapse_ratio,40,"[40, 900, 94]",849,849,"[900, 94]"
collapse_ratio,40,"[40, 900, 95]",676,676,"[900, 95]"
collapse_ratio,40,"[40, 900, 97]",3,3,"[900, 97]"
collapse_ratio,40,"[40, 900, 98]",9,9,"[900, 98]"
collapse_ratio,40,"[40, 900, 99]",39,39,"[900, 99]"
collapse_ratio,40,"[40, 900, 101]",541,541,"[900, 101]"
collapse_ratio,40,"[40, 900, 103]",11,11,"[900, 103]"
collapse_ratio,40,"[40, 900, 104]",20,20,"[900, 104]"
collapse_ratio,40,"[40, 900, 105]",9,9,"[900, 105]"
collapse_ratio,40,"[40, 900, 107]",297,297,"[900, 107]"
collapse_ratio,40,"[40, 900, 108]",19,19,"[900, 108]"
collapse_ratio,40,"[40, 900, 113]",87,87,"[900, 113]"
collapse_ratio,40,"[40, 900, 114]",7,7,"[900, 114]"
collapse_ratio,40,"[40, 900, 115]",5,5,"[900, 115]"
collapse_ratio,40,"[40, 900, 119]",9,9,"[900, 119]"
collapse_ratio,40,"[40, 900, 120]",3,3,"[900, 120]"
collapse_ratio,40,"[40, 900, 126]",2,2,"[900, 126]"
collapse_ratio,40,"[40, 900, 132]",2,2,"[900, 132]"
collapse_ratio,40,"[40, 900, 136]",4,4,"[900, 136]"
collapse_ratio,40,"[40, 900, 138]",1,1,"[900, 138]"
collapse_ratio,40,"[40, 900, 144]",3,3,"[900, 144]"
collapse_ratio,40,"[40, 900, 146]",3,3,"[900, 146]"
collapse_ratio,40,"[40, 900, 154]",1,1,"[900, 154]"
collapse_ratio,40,"[40, 900, 158]",1,1,"[900, 158]"
collapse_ratio,40,"[40, 900, 227]",3,3,"[900, 227]"
collapse_ratio,40,"[40, 900, 228]",8,8,"[900, 228]"
collapse_ratio,40,"[40, 900, 232]",30,30,"[900, 232]"
collapse_ratio,40,"[40, 900, 234]",3,3,"[900, 234]"
collapse_ratio,40,"[40, 900, 238]",3,3,"[900, 238]"
collapse_ratio,40,"[40, 900, 239]",11,11,"[900, 239]"
collapse_ratio,40,"[40, 900, 252]",1,1,"[900, 252]"
collapse_ratio,40,"[40, 900, 258]",11,11,"[900, 258]"
collapse_ratio,40,"[40, 900, 260]",3,3,"[900, 260]"
collapse_ratio,40,"[40, 900, 263]",1,1,"[900, 263]"
collapse_ratio,40,"[40, 900, 264]",1,1,"[900, 264]"
collapse_ratio,40,"[40, 900, 266]",9,9,"[900, 266]"
collapse_ratio,40,"[40, 925, 50]",2000,3515,"[925, 50]"
collapse_ratio,40,"[40, 925, 53]",59,59,"[925, 53]"
collapse_ratio,40,"[40, 925, 56]",2000,12050,"[925, 56]"
collapse_ratio,40,"[40, 925, 59]",28,28,"[925, 59]"
collapse_ratio,40,"[40, 925, 62]",2000,9923,"[925, 62]"
collapse_ratio,40,"[40, 925, 65]",4,4,"[925, 65]"
collapse_ratio,40,"[40, 925, 67]",16,16,"[925, 67]"
collapse_ratio,40,"[40, 925, 68]",771,771,"[925, 68]"
collapse_ratio,40,"[40, 925, 73]",1,1,"[925, 73]"
collapse_ratio,40,"[40, 925, 74]",102,102,"[925, 74]"
collapse_ratio,40,"[40, 925, 75]",2000,2204,"[925, 75]"
collapse_ratio,40,"[40, 925, 78]",98,98,"[925, 78]"
collapse_ratio,40,"[40, 925, 79]",64,64,"[925, 79]"
collapse_ratio,40,"[40, 925, 81]",1405,1405,"[925, 81]"
collapse_ratio,40,"[40, 925, 84]",87,87,"[925, 84]"
collapse_ratio,40,"[40, 925, 85]",122,122,"[925, 85]"
collapse_ratio,40,"[40, 925, 87]",1156,1156,"[925, 87]"
collapse_ratio,40,"[40, 925, 90]",69,69,"[925, 90]"
collapse_ratio,40,"[40, 925, 91]",60,60,"[925, 91]"
collapse_ratio,40,"[40, 925, 93]",1475,1475,"[925, 93]"
collapse_ratio,40,"[40, 925, 95]",1,1,"[925, 95]"
collapse_ratio,40,"[40, 925, 96]",53,53,"[925, 96]"
collapse_ratio,40,"[40, 925, 99]",225,225,"[925, 99]"
collapse_ratio,40,"[40, 925, 100]",757,757,"[925, 100]"
collapse_ratio,40,"[40, 925, 101]",1,1,"[925, 101]"
collapse_ratio,40,"[40, 925, 102]",16,16,"[925, 102]"
collapse_ratio,40,"[40, 925, 105]",52,52,"[925, 105]"
collapse_ratio,40,"[40, 925, 106]",467,467,"[925, 106]"
collapse_ratio,40,"[40, 925, 108]",2,2,"[925, 108]"
collapse_ratio,40,"[40, 925, 111]",44,44,"[925, 111]"
collapse_ratio,40,"[40, 925, 112]",111,111,"[925, 112]"
collapse_ratio,40,"[40, 925, 117]",2,2,"[925, 117]"
collapse_ratio,40,"[40, 925, 118]",81,81,"[925, 118]"
collapse_ratio,40,"[40, 925, 124]",19,19,"[925, 124]"
collapse_ratio,40,"[40, 925, 125]",7,7,"[925, 125]"
collapse_ratio,40,"[40, 925, 130]",16,16,"[925, 130]"
collapse_ratio,40,"[40, 925, 131]",2,2,"[925, 131]"
collapse_ratio,40,"[40, 925, 136]",13,13,"[925, 136]"
collapse_ratio,40,"[40, 925, 142]",7,7,"[925, 142]"
collapse_ratio,40,"[40, 925, 148]",1,1,"[925, 148]"
collapse_ratio,40,"[40, 925, 150]",2,2,"[925, 150]"
collapse_ratio,40,"[40, 925, 231]",1,1,"[925, 231]"
collapse_ratio,40,"[40, 925, 235]",4,4,"[925, 235]"
collapse_ratio,40,"[40, 925, 236]",16,16,"[925, 236]"
collapse_ratio,40,"[40, 925, 240]",3,3,"[925, 240]"
collapse_ratio,40,"[40, 925, 241]",1,1,"[925, 241]"
collapse_ratio,40,"[40, 925, 242]",2,2,"[925, 242]"
collapse_ratio,40,"[40, 925, 244]",3,3,"[925, 244]"
collapse_ratio,40,"[40, 925, 248]",4,4,"[925, 248]"
collapse_ratio,40,"[40, 925, 254]",2,2,"[925, 254]"
collapse_ratio,40,"[40, 925, 256]",1,1,"[925, 256]"
collapse_ratio,40,"[40, 925, 259]",2,2,"[925, 259]"
collapse_ratio,40,"[40, 925, 260]",3,3,"[925, 260]"
collapse_ratio,40,"[40, 925, 262]",2,2,"[925, 262]"
collapse_ratio,40,"[40, 925, 266]",20,20,"[925, 266]"
collapse_ratio,40,"[40, 925, 267]",3,3,"[925, 267]"
collapse_ratio,40,"[40, 925, 275]",2,2,"[925, 275]"
collapse_ratio,40,"[40, 925, 278]",2,2,"[925, 278]"
collapse_ratio,40,"[40, 950, 40]",2,2,"[950, 40]"
collapse_ratio,40,"[40, 950, 43]",216,216,"[950, 43]"
collapse_ratio,40,"[40, 950, 46]",80,80,"[950, 46]"
collapse_ratio,40,"[40, 950, 49]",1891,1891,"[950, 49]"
collapse_ratio,40,"[40, 950, 52]",107,107,"[950, 52]"
collapse_ratio,40,"[40, 950, 55]",2000,7961,"[950, 55]"
collapse_ratio,40,"[40, 950, 58]",1587,1587,"[950, 58]"
collapse_ratio,40,"[40, 950, 61]",2000,13494,"[950, 61]"
collapse_ratio,40,"[40, 950, 64]",148,148,"[950, 64]"
collapse_ratio,40,"[40, 950, 67]",2000,6649,"[950, 67]"
collapse_ratio,40,"[40, 950, 70]",4,4,"[950, 70]"
collapse_ratio,40,"[40, 950, 73]",410,410,"[950, 73]"
collapse_ratio,40,"[40, 950, 76]",1,1,"[950, 76]"
collapse_ratio,40,"[40, 950, 77]",68,68,"[950, 77]"
collapse_ratio,40,"[40, 950, 80]",1165,1165,"[950, 80]"
collapse_ratio,40,"[40, 950, 83]",58,58,"[950, 83]"
collapse_ratio,40,"[40, 950, 86]",784,784,"[950, 86]"
collapse_ratio,40,"[40, 950, 89]",6,6,"[950, 89]"
collapse_ratio,40,"[40, 950, 92]",603,603,"[950, 92]"
collapse_ratio,40,"[40, 950, 97]",104,104,"[950, 97]"
collapse_ratio,40,"[40, 950, 98]",1884,1884,"[950, 98]"
collapse_ratio,40,"[40, 950, 103]",42,42,"[950, 103]"
collapse_ratio,40,"[40, 950, 104]",1107,1107,"[950, 104]"
collapse_ratio,40,"[40, 950, 109]",9,9,"[950, 109]"
collapse_ratio,40,"[40, 950, 110]",652,652,"[950, 110]"
collapse_ratio,40,"[40, 950, 115]",7,7,"[950, 115]"
collapse_ratio,40,"[40, 950, 116]",131,131,"[950, 116]"
collapse_ratio,40,"[40, 950, 117]",13,13,"[950, 117]"
collapse_ratio,40,"[40, 950, 120]",5,5,"[950, 120]"
collapse_ratio,40,"[40, 950, 121]",5,5,"[950, 121]"
collapse_ratio,40,"[40, 950, 122]",75,75,"[950, 122]"
collapse_ratio,40,"[40, 950, 123]",7,7,"[950, 123]"
collapse_ratio,40,"[40, 950, 128]",9,9,"[950, 128]"
collapse_ratio,40,"[40, 950, 129]",6,6,"[950, 129]"
collapse_ratio,40,"[40, 950, 134]",10,10,"[950, 134]"
collapse_ratio,40,"[40, 950, 135]",4,4,"[950, 135]"
collapse_ratio,40,"[40, 950, 140]",8,8,"[950, 140]"
collapse_ratio,40,"[40, 950, 146]",10,10,"[950, 146]"
collapse_ratio,40,"[40, 950, 147]",2,2,"[950, 147]"
collapse_ratio,40,"[40, 950, 152]",1,1,"[950, 152]"
collapse_ratio,40,"[40, 950, 234]",44,44,"[950, 234]"
collapse_ratio,40,"[40, 950, 238]",27,27,"[950, 238]"
collapse_ratio,40,"[40, 950, 239]",13,13,"[950, 239]"
collapse_ratio,40,"[40, 950, 240]",16,16,"[950, 240]"
collapse_ratio,40,"[40, 950, 244]",208,208,"[950, 244]"
collapse_ratio,40,"[40, 950, 245]",10,10,"[950, 245]"
collapse_ratio,40,"[40, 950, 246]",2,2,"[950, 246]"
collapse_ratio,40,"[40, 950, 250]",16,16,"[950, 250]"
collapse_ratio,40,"[40, 950, 251]",2,2,"[950, 251]"
collapse_ratio,40,"[40, 950, 256]",12,12,"[950, 256]"
collapse_ratio,40,"[40, 950, 257]",6,6,"[950, 257]"
collapse_ratio,40,"[40, 950, 262]",40,40,"[950, 262]"
collapse_ratio,40,"[40, 950, 263]",32,32,"[950, 263]"
collapse_ratio,40,"[40, 950, 264]",15,15,"[950, 264]"
collapse_ratio,40,"[40, 950, 265]",5,5,"[950, 265]"
collapse_ratio,40,"[40, 950, 268]",645,645,"[950, 268]"
collapse_ratio,40,"[40, 950, 269]",317,317,"[950, 269]"
collapse_ratio,40,"[40, 950, 270]",57,57,"[950, 270]"
collapse_ratio,40,"[40, 950, 271]",7,7,"[950, 271]"
collapse_ratio,40,"[40, 950, 274]",2000,2677,"[950, 274]"
collapse_ratio,40,"[40, 950, 275]",569,569,"[950, 275]"
collapse_ratio,40,"[40, 950, 276]",10,10,"[950, 276]"
collapse_ratio,40,"[40, 950, 277]",9,9,"[950, 277]"
collapse_ratio,40,"[40, 950, 280]",21,21,"[950, 280]"
collapse_ratio,40,"[40, 950, 281]",31,31,"[950, 281]"
collapse_ratio,40,"[40, 950, 282]",6,6,"[950, 282]"
collapse_ratio,40,"[40, 950, 283]",1,1,"[950, 283]"
collapse_ratio,40,"[40, 950, 286]",12,12,"[950, 286]"
collapse_ratio,40,"[40, 950, 287]",5,5,"[950, 287]"
collapse_ratio,40,"[40, 950, 288]",2,2,"[950, 288]"
collapse_ratio,40,"[40, 950, 292]",3,3,"[950, 292]"
collapse_ratio,40,"[40, 975, 79]",2000,3341,"[975, 79]"
collapse_ratio,40,"[40, 975, 82]",37,37,"[975, 82]"
collapse_ratio,40,"[40, 975, 85]",2000,2062,"[975, 85]"
collapse_ratio,40,"[40, 975, 88]",39,39,"[975, 88]"
collapse_ratio,40,"[40, 975, 91]",1772,1772,"[975, 91]"
collapse_ratio,40,"[40, 975, 94]",52,52,"[975, 94]"
collapse_ratio,40,"[40, 975, 97]",2000,2931,"[975, 97]"
collapse_ratio,40,"[40, 975, 100]",32,32,"[975, 100]"
collapse_ratio,40,"[40, 975, 103]",2000,2076,"[975, 103]"
collapse_ratio,40,"[40, 975, 106]",11,11,"[975, 106]"
collapse_ratio,40,"[40, 975, 109]",1841,1841,"[975, 109]"
collapse_ratio,40,"[40, 975, 112]",2,2,"[975, 112]"
collapse_ratio,40,"[40, 975, 115]",992,992,"[975, 115]"
collapse_ratio,40,"[40, 975, 118]",4,4,"[975, 118]"
collapse_ratio,40,"[40, 975, 121]",391,391,"[975, 121]"
collapse_ratio,40,"[40, 975, 127]",85,85,"[975, 127]"
collapse_ratio,40,"[40, 975, 133]",31,31,"[975, 133]"
collapse_ratio,40,"[40, 975, 139]",14,14,"[975, 139]"
collapse_ratio,40,"[40, 975, 145]",3,3,"[975, 145]"
collapse_ratio,40,"[40, 975, 151]",4,4,"[975, 151]"
collapse_ratio,40,"[40, 975, 157]",2,2,"[975, 157]"
collapse_ratio,40,"[40, 975, 237]",24,24,"[975, 237]"
collapse_ratio,40,"[40, 975, 241]",63,63,"[975, 241]"
collapse_ratio,40,"[40, 975, 242]",172,172,"[975, 242]"
collapse_ratio,40,"[40, 975, 243]",49,49,"[975, 243]"
collapse_ratio,40,"[40, 975, 246]",1,1,"[975, 246]"
collapse_ratio,40,"[40, 975, 247]",384,384,"[975, 247]"
collapse_ratio,40,"[40, 975, 248]",72,72,"[975, 248]"
collapse_ratio,40,"[40, 975, 249]",18,18,"[975, 249]"
collapse_ratio,40,"[40, 975, 253]",40,40,"[975, 253]"
collapse_ratio,40,"[40, 975, 254]",19,19,"[975, 254]"
collapse_ratio,40,"[40, 975, 255]",10,10,"[975, 255]"
collapse_ratio,40,"[40, 975, 259]",34,34,"[975, 259]"
collapse_ratio,40,"[40, 975, 260]",49,49,"[975, 260]"
collapse_ratio,40,"[40, 975, 261]",27,27,"[975, 261]"
collapse_ratio,40,"[40, 975, 265]",67,67,"[975, 265]"
collapse_ratio,40,"[40, 975, 266]",68,68,"[975, 266]"
collapse_ratio,40,"[40, 975, 267]",25,25,"[975, 267]"
collapse_ratio,40,"[40, 975, 271]",107,107,"[975, 271]"
collapse_ratio,40,"[40, 975, 272]",1663,1663,"[975, 272]"
collapse_ratio,40,"[40, 975, 273]",241,241,"[975, 273]"
collapse_ratio,40,"[40, 975, 277]",1069,1069,"[975, 277]"
collapse_ratio,40,"[40, 975, 278]",2000,9484,"[975, 278]"
collapse_ratio,40,"[40, 975, 279]",330,330,"[975, 279]"
collapse_ratio,40,"[40, 975, 283]",1842,1842,"[975, 283]"
collapse_ratio,40,"[40, 975, 284]",43,43,"[975, 284]"
collapse_ratio,40,"[40, 975, 285]",1481,1481,"[975, 285]"
collapse_ratio,40,"[40, 975, 289]",2000,4200,"[975, 289]"
collapse_ratio,40,"[40, 975, 290]",13,13,"[975, 290]"
collapse_ratio,40,"[40, 975, 291]",242,242,"[975, 291]"
collapse_ratio,40,"[40, 975, 295]",558,558,"[975, 295]"
collapse_ratio,40,"[40, 975, 296]",4,4,"[975, 296]"
collapse_ratio,40,"[40, 975, 297]",15,15,"[975, 297]"
collapse_ratio,40,"[40, 975, 301]",30,30,"[975, 301]"
collapse_excess,40,"[40, -168, 81]",8,8,"[-168, 81]"
collapse_excess,40,"[40, -160, 83]",2,2,"[-160, 83]"
collapse_excess,40,"[40, -160, 89]",1,1,"[-160, 89]"
collapse_excess,40,"[40, -152, 95]",2,2,"[-152, 95]"
collapse_excess,40,"[40, -152, 97]",2,2,"[-152, 97]"
collapse_excess,40,"[40, -152, 103]",1,1,"[-152, 103]"
collapse_excess,40,"[40, -152, 104]",1,1,"[-152, 104]"
collapse_excess,40,"[40, -144, 105]",7,7,"[-144, 105]"
collapse_excess,40,"[40, -144, 106]",2,2,"[-144, 106]"
collapse_excess,40,"[40, -144, 107]",1,1,"[-144, 107]"
collapse_excess,40,"[40, -144, 108]",2,2,"[-144, 108]"
collapse_excess,40,"[40, -144, 109]",1,1,"[-144, 109]"
collapse_excess,40,"[40, -144, 111]",2,2,"[-144, 111]"
collapse_excess,40,"[40, -144, 112]",1,1,"[-144, 112]"
collapse_excess,40,"[40, -136, 107]",2,2,"[-136, 107]"
collapse_excess,40,"[40, -136, 110]",1,1,"[-136, 110]"
collapse_excess,40,"[40, -136, 112]",1,1,"[-136, 112]"
collapse_excess,40,"[40, -136, 113]",11,11,"[-136, 113]"
collapse_excess,40,"[40, -136, 114]",3,3,"[-136, 114]"
collapse_excess,40,"[40, -136, 115]",3,3,"[-136, 115]"
collapse_excess,40,"[40, -136, 116]",4,4,"[-136, 116]"
collapse_excess,40,"[40, -136, 117]",3,3,"[-136, 117]"
collapse_excess,40,"[40, -136, 119]",4,4,"[-136, 119]"
collapse_excess,40,"[40, -136, 120]",1,1,"[-136, 120]"
collapse_excess,40,"[40, -136, 125]",1,1,"[-136, 125]"
collapse_excess,40,"[40, -136, 135]",1,1,"[-136, 135]"
collapse_excess,40,"[40, -136, 149]",1,1,"[-136, 149]"
collapse_excess,40,"[40, -128, 117]",1,1,"[-128, 117]"
collapse_excess,40,"[40, -128, 118]",4,4,"[-128, 118]"
collapse_excess,40,"[40, -128, 119]",3,3,"[-128, 119]"
collapse_excess,40,"[40, -128, 120]",3,3,"[-128, 120]"
collapse_excess,40,"[40, -128, 121]",13,13,"[-128, 121]"
collapse_excess,40,"[40, -128, 122]",6,6,"[-128, 122]"
collapse_excess,40,"[40, -128, 123]",5,5,"[-128, 123]"
collapse_excess,40,"[40, -128, 124]",7,7,"[-128, 124]"
collapse_excess,40,"[40, -128, 125]",5,5,"[-128, 125]"
collapse_excess,40,"[40, -128, 127]",6,6,"[-128, 127]"
collapse_excess,40,"[40, -128, 128]",2,2,"[-128, 128]"
collapse_excess,40,"[40, -128, 146]",2,2,"[-128, 146]"
collapse_excess,40,"[40, -128, 150]",1,1,"[-128, 150]"
collapse_excess,40,"[40, -128, 153]",1,1,"[-128, 153]"
collapse_excess,40,"[40, -128, 155]",1,1,"[-128, 155]"
collapse_excess,40,"[40, -128, 157]",2,2,"[-128, 157]"
collapse_excess,40,"[40, -120, 126]",7,7,"[-120, 126]"
collapse_excess,40,"[40, -120, 128]",5,5,"[-120, 128]"
collapse_excess,40,"[40, -120, 129]",14,14,"[-120, 129]"
collapse_excess,40,"[40, -120, 130]",7,7,"[-120, 130]"
collapse_excess,40,"[40, -120, 131]",7,7,"[-120, 131]"
collapse_excess,40,"[40, -120, 132]",9,9,"[-120, 132]"
collapse_excess,40,"[40, -120, 133]",7,7,"[-120, 133]"
collapse_excess,40,"[40, -120, 134]",2,2,"[-120, 134]"
collapse_excess,40,"[40, -120, 135]",9,9,"[-120, 135]"
collapse_excess,40,"[40, -120, 136]",2,2,"[-120, 136]"
collapse_excess,40,"[40, -120, 138]",2,2,"[-120, 138]"
collapse_excess,40,"[40, -120, 140]",1,1,"[-120, 140]"
collapse_excess,40,"[40, -120, 142]",2,2,"[-120, 142]"
collapse_excess,40,"[40, -120, 151]",1,1,"[-120, 151]"
collapse_excess,40,"[40, -120, 152]",2,2,"[-120, 152]"
collapse_excess,40,"[40, -120, 153]",2,2,"[-120, 153]"
collapse_excess,40,"[40, -120, 154]",2,2,"[-120, 154]"
collapse_excess,40,"[40, -120, 156]",8,8,"[-120, 156]"
collapse_excess,40,"[40, -120, 158]",2,2,"[-120, 158]"
collapse_excess,40,"[40, -120, 160]",12,12,"[-120, 160]"
collapse_excess,40,"[40, -120, 161]",4,4,"[-120, 161]"
collapse_excess,40,"[40, -120, 162]",2,2,"[-120, 162]"
collapse_excess,40,"[40, -120, 163]",2,2,"[-120, 163]"
collapse_excess,40,"[40, -120, 165]",6,6,"[-120, 165]"
collapse_excess,40,"[40, -120, 166]",2,2,"[-120, 166]"
collapse_excess,40,"[40, -120, 168]",2,2,"[-120, 168]"
collapse_excess,40,"[40, -120, 175]",1,1,"[-120, 175]"
collapse_excess,40,"[40, -112, 131]",2,2,"[-112, 131]"
collapse_excess,40,"[40, -112, 133]",3,3,"[-112, 133]"
collapse_excess,40,"[40, -112, 134]",10,10,"[-112, 134]"
collapse_excess,40,"[40, -112, 135]",1,1,"[-112, 135]"
collapse_excess,40,"[40, -112, 136]",10,10,"[-112, 136]"
collapse_excess,40,"[40, -112, 137]",15,15,"[-112, 137]"
collapse_excess,40,"[40, -112, 138]",9,9,"[-112, 138]"
collapse_excess,40,"[40, -112, 139]",9,9,"[-112, 139]"
collapse_excess,40,"[40, -112, 140]",11,11,"[-112, 140]"
collapse_excess,40,"[40, -112, 141]",9,9,"[-112, 141]"
collapse_excess,40,"[40, -112, 143]",9,9,"[-112, 143]"
collapse_excess,40,"[40, -112, 144]",2,2,"[-112, 144]"
collapse_excess,40,"[40, -112, 147]",1,1,"[-112, 147]"
collapse_excess,40,"[40, -112, 149]",3,3,"[-112, 149]"
collapse_excess,40,"[40, -112, 150]",2,2,"[-112, 150]"
collapse_excess,40,"[40, -112, 153]",4,4,"[-112, 153]"
collapse_excess,40,"[40, -112, 154]",2,2,"[-112, 154]"
collapse_excess,40,"[40, -112, 155]",4,4,"[-112, 155]"
collapse_excess,40,"[40, -112, 156]",2,2,"[-112, 156]"
collapse_excess,40,"[40, -112, 158]",5,5,"[-112, 158]"
collapse_excess,40,"[40, -112, 159]",4,4,"[-112, 159]"
collapse_excess,40,"[40, -112, 161]",1,1,"[-112, 161]"
collapse_excess,40,"[40, -112, 164]",18,18,"[-112, 164]"
collapse_excess,40,"[40, -112, 168]",28,28,"[-112, 168]"
collapse_excess,40,"[40, -112, 169]",6,6,"[-112, 169]"
collapse_excess,40,"[40, -112, 170]",2,2,"[-112, 170]"
collapse_excess,40,"[40, -112, 171]",1,1,"[-112, 171]"
collapse_excess,40,"[40, -112, 172]",2,2,"[-112, 172]"
collapse_excess,40,"[40, -112, 173]",8,8,"[-112, 173]"
collapse_excess,40,"[40, -112, 176]",2,2,"[-112, 176]"
collapse_excess,40,"[40, -112, 185]",2,2,"[-112, 185]"
collapse_excess,40,"[40, -112, 187]",1,1,"[-112, 187]"
collapse_excess,40,"[40, -104, 142]",11,11,"[-104, 142]"
collapse_excess,40,"[40, -104, 143]",3,3,"[-104, 143]"
collapse_excess,40,"[40, -104, 144]",10,10,"[-104, 144]"
collapse_excess,40,"[40, -104, 145]",16,16,"[-104, 145]"
collapse_excess,40,"[40, -104, 146]",13,13,"[-104, 146]"
collapse_excess,40,"[40, -104, 147]",14,14,"[-104, 147]"
collapse_excess,40,"[40, -104, 148]",14,14,"[-104, 148]"
collapse_excess,40,"[40, -104, 149]",14,14,"[-104, 149]"
collapse_excess,40,"[40, -104, 150]",3,3,"[-104, 150]"
collapse_excess,40,"[40, -104, 151]",19,19,"[-104, 151]"
collapse_excess,40,"[40, -104, 152]",11,11,"[-104, 152]"
collapse_excess,40,"[40, -104, 153]",5,5,"[-104, 153]"
collapse_excess,40,"[40, -104, 154]",9,9,"[-104, 154]"
collapse_excess,40,"[40, -104, 155]",9,9,"[-104, 155]"
collapse_excess,40,"[40, -104, 156]",5,5,"[-104, 156]"
collapse_excess,40,"[40, -104, 157]",9,9,"[-104, 157]"
collapse_excess,40,"[40, -104, 158]",4,4,"[-104, 158]"
collapse_excess,40,"[40, -104, 160]",9,9,"[-104, 160]"
collapse_excess,40,"[40, -104, 162]",6,6,"[-104, 162]"
collapse_excess,40,"[40, -104, 165]",1,1,"[-104, 165]"
collapse_excess,40,"[40, -104, 169]",1,1,"[-104, 169]"
collapse_excess,40,"[40, -104, 172]",36,36,"[-104, 172]"
collapse_excess,40,"[40, -104, 174]",1,1,"[-104, 174]"
collapse_excess,40,"[40, -104, 175]",3,3,"[-104, 175]"
collapse_excess,40,"[40, -104, 176]",44,44,"[-104, 176]"
collapse_excess,40,"[40, -104, 177]",8,8,"[-104, 177]"
collapse_excess,40,"[40, -104, 180]",1,1,"[-104, 180]"
collapse_excess,40,"[40, -104, 181]",9,9,"[-104, 181]"
collapse_excess,40,"[40, -104, 183]",6,6,"[-104, 183]"
collapse_excess,40,"[40, -104, 185]",9,9,"[-104, 185]"
collapse_excess,40,"[40, -104, 187]",3,3,"[-104, 187]"
collapse_excess,40,"[40, -104, 189]",2,2,"[-104, 189]"
collapse_excess,40,"[40, -104, 190]",1,1,"[-104, 190]"
collapse_excess,40,"[40, -104, 191]",2,2,"[-104, 191]"
collapse_excess,40,"[40, -104, 193]",2,2,"[-104, 193]"
collapse_excess,40,"[40, -104, 194]",3,3,"[-104, 194]"
collapse_excess,40,"[40, -104, 195]",1,1,"[-104, 195]"
collapse_excess,40,"[40, -104, 197]",1,1,"[-104, 197]"
collapse_excess,40,"[40, -96, 1]",10,10,"[-96, 1]"
collapse_excess,40,"[40, -96, 68]",1,1,"[-96, 68]"
collapse_excess,40,"[40, -96, 149]",7,7,"[-96, 149]"
collapse_excess,40,"[40, -96, 150]",13,13,"[-96, 150]"
collapse_excess,40,"[40, -96, 152]",2,2,"[-96, 152]"
collapse_excess,40,"[40, -96, 153]",6,6,"[-96, 153]"
collapse_excess,40,"[40, -96, 154]",4,4,"[-96, 154]"
collapse_excess,40,"[40, -96, 155]",2,2,"[-96, 155]"
collapse_excess,40,"[40, -96, 156]",5,5,"[-96, 156]"
collapse_excess,40,"[40, -96, 157]",4,4,"[-96, 157]"
collapse_excess,40,"[40, -96, 159]",2,2,"[-96, 159]"
collapse_excess,40,"[40, -96, 173]",1,1,"[-96, 173]"
collapse_excess,40,"[40, -96, 177]",6,6,"[-96, 177]"
collapse_excess,40,"[40, -96, 178]",1,1,"[-96, 178]"
collapse_excess,40,"[40, -96, 179]",19,19,"[-96, 179]"
collapse_excess,40,"[40, -96, 180]",52,52,"[-96, 180]"
collapse_excess,40,"[40, -96, 182]",1,1,"[-96, 182]"
collapse_excess,40,"[40, -96, 183]",7,7,"[-96, 183]"
collapse_excess,40,"[40, -96, 184]",66,66,"[-96, 184]"
collapse_excess,40,"[40, -96, 185]",235,235,"[-96, 185]"
collapse_excess,40,"[40, -96, 186]",6,6,"[-96, 186]"
collapse_excess,40,"[40, -96, 187]",21,21,"[-96, 187]"
collapse_excess,40,"[40, -96, 188]",10,10,"[-96, 188]"
collapse_excess,40,"[40, -96, 189]",28,28,"[-96, 189]"
collapse_excess,40,"[40, -96, 190]",55,55,"[-96, 190]"
collapse_excess,40,"[40, -96, 191]",363,363,"[-96, 191]"
collapse_excess,40,"[40, -96, 192]",6,6,"[-96, 192]"
collapse_excess,40,"[40, -96, 193]",49,49,"[-96, 193]"
collapse_excess,40,"[40, -96, 195]",19,19,"[-96, 195]"
collapse_excess,40,"[40, -96, 196]",1,1,"[-96, 196]"
collapse_excess,40,"[40, -96, 197]",1377,1377,"[-96, 197]"
collapse_excess,40,"[40, -96, 198]",6,6,"[-96, 198]"
collapse_excess,40,"[40, -96, 199]",5,5,"[-96, 199]"
collapse_excess,40,"[40, -96, 201]",13,13,"[-96, 201]"
collapse_excess,40,"[40, -96, 202]",10,10,"[-96, 202]"
collapse_excess,40,"[40, -96, 203]",229,229,"[-96, 203]"
collapse_excess,40,"[40, -96, 205]",1,1,"[-96, 205]"
collapse_excess,40,"[40, -96, 209]",15,15,"[-96, 209]"
collapse_excess,40,"[40, -88, 1]",3,3,"[-88, 1]"
collapse_excess,40,"[40, -88, 57]",2,2,"[-88, 57]"
collapse_excess,40,"[40, -88, 61]",2,2,"[-88, 61]"
collapse_excess,40,"[40, -88, 66]",4,4,"[-88, 66]"
collapse_excess,40,"[40, -88, 70]",2,2,"[-88, 70]"
collapse_excess,40,"[40, -88, 77]",2,2,"[-88, 77]"
collapse_excess,40,"[40, -88, 78]",1,1,"[-88, 78]"
collapse_excess,40,"[40, -88, 89]",1,1,"[-88, 89]"
collapse_excess,40,"[40, -88, 156]",3,3,"[-88, 156]"
collapse_excess,40,"[40, -88, 157]",1,1,"[-88, 157]"
collapse_excess,40,"[40, -88, 158]",3,3,"[-88, 158]"
collapse_excess,40,"[40, -88, 159]",2,2,"[-88, 159]"
collapse_excess,40,"[40, -88, 160]",4,4,"[-88, 160]"
collapse_excess,40,"[40, -88, 161]",3,3,"[-88, 161]"
collapse_excess,40,"[40, -88, 162]",2,2,"[-88, 162]"
collapse_excess,40,"[40, -88, 163]",4,4,"[-88, 163]"
collapse_excess,40,"[40, -88, 165]",4,4,"[-88, 165]"
collapse_excess,40,"[40, -88, 167]",2,2,"[-88, 167]"
collapse_excess,40,"[40, -88, 168]",1,1,"[-88, 168]"
collapse_excess,40,"[40, -88, 173]",1,1,"[-88, 173]"
collapse_excess,40,"[40, -88, 177]",1,1,"[-88, 177]"
collapse_excess,40,"[40, -88, 179]",2,2,"[-88, 179]"
collapse_excess,40,"[40, -88, 181]",1,1,"[-88, 181]"
collapse_excess,40,"[40, -88, 182]",2,2,"[-88, 182]"
collapse_excess,40,"[40, -88, 183]",2,2,"[-88, 183]"
collapse_excess,40,"[40, -88, 184]",1,1,"[-88, 184]"
collapse_excess,40,"[40, -88, 185]",3,3,"[-88, 185]"
collapse_excess,40,"[40, -88, 186]",7,7,"[-88, 186]"
collapse_excess,40,"[40, -88, 187]",8,8,"[-88, 187]"
collapse_excess,40,"[40, -88, 188]",79,79,"[-88, 188]"
collapse_excess,40,"[40, -88, 189]",2,2,"[-88, 189]"
collapse_excess,40,"[40, -88, 190]",4,4,"[-88, 190]"
collapse_excess,40,"[40, -88, 191]",10,10,"[-88, 191]"
collapse_excess,40,"[40, -88, 192]",109,109,"[-88, 192]"
collapse_excess,40,"[40, -88, 193]",12,12,"[-88, 193]"
collapse_excess,40,"[40, -88, 194]",176,176,"[-88, 194]"
collapse_excess,40,"[40, -88, 195]",103,103,"[-88, 195]"
collapse_excess,40,"[40, -88, 196]",42,42,"[-88, 196]"
collapse_excess,40,"[40, -88, 197]",101,101,"[-88, 197]"
collapse_excess,40,"[40, -88, 198]",347,347,"[-88, 198]"
collapse_excess,40,"[40, -88, 199]",216,216,"[-88, 199]"
collapse_excess,40,"[40, -88, 200]",52,52,"[-88, 200]"
collapse_excess,40,"[40, -88, 201]",147,147,"[-88, 201]"
collapse_excess,40,"[40, -88, 202]",17,17,"[-88, 202]"
collapse_excess,40,"[40, -88, 203]",65,65,"[-88, 203]"
collapse_excess,40,"[40, -88, 204]",21,21,"[-88, 204]"
collapse_excess,40,"[40, -88, 205]",46,46,"[-88, 205]"
collapse_excess,40,"[40, -88, 206]",15,15,"[-88, 206]"
collapse_excess,40,"[40, -88, 207]",12,12,"[-88, 207]"
collapse_excess,40,"[40, -88, 209]",9,9,"[-88, 209]"
collapse_excess,40,"[40, -88, 210]",21,21,"[-88, 210]"
collapse_excess,40,"[40, -88, 211]",2,2,"[-88, 211]"
collapse_excess,40,"[40, -88, 213]",1,1,"[-88, 213]"
collapse_excess,40,"[40, -80, 1]",21,21,"[-80, 1]"
collapse_excess,40,"[40, -80, 7]",37,37,"[-80, 7]"
collapse_excess,40,"[40, -80, 9]",1,1,"[-80, 9]"
collapse_excess,40,"[40, -80, 13]",1,1,"[-80, 13]"
collapse_excess,40,"[40, -80, 37]",11,11,"[-80, 37]"
collapse_excess,40,"[40, -80, 43]",1,1,"[-80, 43]"
collapse_excess,40,"[40, -80, 59]",4,4,"[-80, 59]"
collapse_excess,40,"[40, -80, 62]",2,2,"[-80, 62]"
collapse_excess,40,"[40, -80, 63]",1,1,"[-80, 63]"
collapse_excess,40,"[40, -80, 67]",1,1,"[-80, 67]"
collapse_excess,40,"[40, -80, 68]",4,4,"[-80, 68]"
collapse_excess,40,"[40, -80, 72]",1,1,"[-80, 72]"
collapse_excess,40,"[40, -80, 73]",4,4,"[-80, 73]"
collapse_excess,40,"[40, -80, 76]",2,2,"[-80, 76]"
collapse_excess,40,"[40, -80, 85]",2,2,"[-80, 85]"
collapse_excess,40,"[40, -80, 163]",2,2,"[-80, 163]"
collapse_excess,40,"[40, -80, 165]",16,16,"[-80, 165]"
collapse_excess,40,"[40, -80, 172]",7,7,"[-80, 172]"
collapse_excess,40,"[40, -80, 173]",2,2,"[-80, 173]"
collapse_excess,40,"[40, -80, 176]",1,1,"[-80, 176]"
collapse_excess,40,"[40, -80, 177]",3,3,"[-80, 177]"
collapse_excess,40,"[40, -80, 179]",1,1,"[-80, 179]"
collapse_excess,40,"[40, -80, 180]",1,1,"[-80, 180]"
collapse_excess,40,"[40, -80, 181]",3,3,"[-80, 181]"
collapse_excess,40,"[40, -80, 185]",2,2,"[-80, 185]"
collapse_excess,40,"[40, -80, 187]",6,6,"[-80, 187]"
collapse_excess,40,"[40, -80, 188]",1,1,"[-80, 188]"
collapse_excess,40,"[40, -80, 189]",5,5,"[-80, 189]"
collapse_excess,40,"[40, -80, 190]",6,6,"[-80, 190]"
collapse_excess,40,"[40, -80, 191]",6,6,"[-80, 191]"
collapse_excess,40,"[40, -80, 192]",1,1,"[-80, 192]"
collapse_excess,40,"[40, -80, 193]",13,13,"[-80, 193]"
collapse_excess,40,"[40, -80, 194]",17,17,"[-80, 194]"
collapse_excess,40,"[40, -80, 195]",12,12,"[-80, 195]"
collapse_excess,40,"[40, -80, 196]",119,119,"[-80, 196]"
collapse_excess,40,"[40, -80, 197]",15,15,"[-80, 197]"
collapse_excess,40,"[40, -80, 198]",11,11,"[-80, 198]"
collapse_excess,40,"[40, -80, 199]",23,23,"[-80, 199]"
collapse_excess,40,"[40, -80, 200]",193,193,"[-80, 200]"
collapse_excess,40,"[40, -80, 201]",39,39,"[-80, 201]"
collapse_excess,40,"[40, -80, 202]",656,656,"[-80, 202]"
collapse_excess,40,"[40, -80, 203]",184,184,"[-80, 203]"
collapse_excess,40,"[40, -80, 204]",240,240,"[-80, 204]"
collapse_excess,40,"[40, -80, 205]",123,123,"[-80, 205]"
collapse_excess,40,"[40, -80, 206]",1148,1148,"[-80, 206]"
collapse_excess,40,"[40, -80, 207]",403,403,"[-80, 207]"
collapse_excess,40,"[40, -80, 208]",351,351,"[-80, 208]"
collapse_excess,40,"[40, -80, 209]",236,236,"[-80, 209]"
collapse_excess,40,"[40, -80, 210]",1361,1361,"[-80, 210]"
collapse_excess,40,"[40, -80, 213]",1056,1056,"[-80, 213]"
collapse_excess,40,"[40, -80, 218]",1415,1415,"[-80, 218]"
collapse_excess,40,"[40, -80, 219]",12,12,"[-80, 219]"
collapse_excess,40,"[40, -80, 224]",229,229,"[-80, 224]"
collapse_excess,40,"[40, -80, 230]",15,15,"[-80, 230]"
collapse_excess,40,"[40, -72, 1]",1,1,"[-72, 1]"
collapse_excess,40,"[40, -72, 13]",41,41,"[-72, 13]"
collapse_excess,40,"[40, -72, 15]",1,1,"[-72, 15]"
collapse_excess,40,"[40, -72, 25]",1,1,"[-72, 25]"
collapse_excess,40,"[40, -72, 33]",80,80,"[-72, 33]"
collapse_excess,40,"[40, -72, 35]",39,39,"[-72, 35]"
collapse_excess,40,"[40, -72, 39]",19,19,"[-72, 39]"
collapse_excess,40,"[40, -72, 40]",1,1,"[-72, 40]"
collapse_excess,40,"[40, -72, 43]",7,7,"[-72, 43]"
collapse_excess,40,"[40, -72, 45]",1,1,"[-72, 45]"
collapse_excess,40,"[40, -72, 46]",1,1,"[-72, 46]"
collapse_excess,40,"[40, -72, 48]",2,2,"[-72, 48]"
collapse_excess,40,"[40, -72, 51]",1,1,"[-72, 51]"
collapse_excess,40,"[40, -72, 57]",5,5,"[-72, 57]"
collapse_excess,40,"[40, -72, 60]",6,6,"[-72, 60]"
collapse_excess,40,"[40, -72, 61]",1,1,"[-72, 61]"
collapse_excess,40,"[40, -72, 64]",9,9,"[-72, 64]"
collapse_excess,40,"[40, -72, 66]",1,1,"[-72, 66]"
collapse_excess,40,"[40, -72, 69]",2,2,"[-72, 69]"
collapse_excess,40,"[40, -72, 70]",11,11,"[-72, 70]"
collapse_excess,40,"[40, -72, 71]",2,2,"[-72, 71]"
collapse_excess,40,"[40, -72, 74]",3,3,"[-72, 74]"
collapse_excess,40,"[40, -72, 75]",5,5,"[-72, 75]"
collapse_excess,40,"[40, -72, 80]",2,2,"[-72, 80]"
collapse_excess,40,"[40, -72, 81]",1,1,"[-72, 81]"
collapse_excess,40,"[40, -72, 82]",1,1,"[-72, 82]"
collapse_excess,40,"[40, -72, 207]",20,20,"[-72, 207]"
collapse_excess,40,"[40, -72, 208]",6,6,"[-72, 208]"
collapse_excess,40,"[40, -72, 210]",201,201,"[-72, 210]"
collapse_excess,40,"[40, -72, 212]",73,73,"[-72, 212]"
collapse_excess,40,"[40, -72, 213]",635,635,"[-72, 213]"
collapse_excess,40,"[40, -72, 214]",150,150,"[-72, 214]"
collapse_excess,40,"[40, -72, 215]",84,84,"[-72, 215]"
collapse_excess,40,"[40, -72, 216]",210,210,"[-72, 216]"
collapse_excess,40,"[40, -72, 218]",2,2,"[-72, 218]"
collapse_excess,40,"[40, -72, 219]",2000,4144,"[-72, 219]"
collapse_excess,40,"[40, -72, 220]",200,200,"[-72, 220]"
collapse_excess,40,"[40, -72, 221]",217,217,"[-72, 221]"
collapse_excess,40,"[40, -72, 222]",46,46,"[-72, 222]"
collapse_excess,40,"[40, -72, 225]",2,2,"[-72, 225]"
collapse_excess,40,"[40, -72, 226]",7,7,"[-72, 226]"
collapse_excess,40,"[40, -72, 227]",64,64,"[-72, 227]"
collapse_excess,40,"[40, -72, 228]",8,8,"[-72, 228]"
collapse_excess,40,"[40, -64, 1]",2,2,"[-64, 1]"
collapse_excess,40,"[40, -64, 29]",66,66,"[-64, 29]"
collapse_excess,40,"[40, -64, 31]",18,18,"[-64, 31]"
collapse_excess,40,"[40, -64, 33]",3,3,"[-64, 33]"
collapse_excess,40,"[40, -64, 35]",48,48,"[-64, 35]"
collapse_excess,40,"[40, -64, 36]",4,4,"[-64, 36]"
collapse_excess,40,"[40, -64, 38]",1,1,"[-64, 38]"
collapse_excess,40,"[40, -64, 39]",1,1,"[-64, 39]"
collapse_excess,40,"[40, -64, 40]",3,3,"[-64, 40]"
collapse_excess,40,"[40, -64, 41]",36,36,"[-64, 41]"
collapse_excess,40,"[40, -64, 42]",1,1,"[-64, 42]"
collapse_excess,40,"[40, -64, 43]",6,6,"[-64, 43]"
collapse_excess,40,"[40, -64, 44]",3,3,"[-64, 44]"
collapse_excess,40,"[40, -64, 45]",26,26,"[-64, 45]"
collapse_excess,40,"[40, -64, 47]",17,17,"[-64, 47]"
collapse_excess,40,"[40, -64, 48]",1,1,"[-64, 48]"
collapse_excess,40,"[40, -64, 49]",30,30,"[-64, 49]"
collapse_excess,40,"[40, -64, 50]",6,6,"[-64, 50]"
collapse_excess,40,"[40, -64, 51]",14,14,"[-64, 51]"
collapse_excess,40,"[40, -64, 53]",17,17,"[-64, 53]"
collapse_excess,40,"[40, -64, 54]",17,17,"[-64, 54]"
collapse_excess,40,"[40, -64, 55]",4,4,"[-64, 55]"
collapse_excess,40,"[40, -64, 56]",8,8,"[-64, 56]"
collapse_excess,40,"[40, -64, 57]",5,5,"[-64, 57]"
collapse_excess,40,"[40, -64, 58]",21,21,"[-64, 58]"
collapse_excess,40,"[40, -64, 59]",33,33,"[-64, 59]"
collapse_excess,40,"[40, -64, 60]",15,15,"[-64, 60]"
collapse_excess,40,"[40, -64, 61]",6,6,"[-64, 61]"
collapse_excess,40,"[40, -64, 62]",7,7,"[-64, 62]"
collapse_excess,40,"[40, -64, 63]",10,10,"[-64, 63]"
collapse_excess,40,"[40, -64, 64]",12,12,"[-64, 64]"
collapse_excess,40,"[40, -64, 65]",9,9,"[-64, 65]"
collapse_excess,40,"[40, -64, 66]",11,11,"[-64, 66]"
collapse_excess,40,"[40, -64, 67]",4,4,"[-64, 67]"
collapse_excess,40,"[40, -64, 68]",3,3,"[-64, 68]"
collapse_excess,40,"[40, -64, 69]",2,2,"[-64, 69]"
collapse_excess,40,"[40, -64, 71]",6,6,"[-64, 71]"
collapse_excess,40,"[40, -64, 72]",6,6,"[-64, 72]"
collapse_excess,40,"[40, -64, 73]",4,4,"[-64, 73]"
collapse_excess,40,"[40, -64, 77]",2,2,"[-64, 77]"
collapse_excess,40,"[40, -64, 85]",3,3,"[-64, 85]"
collapse_excess,40,"[40, -64, 194]",1,1,"[-64, 194]"
collapse_excess,40,"[40, -64, 207]",2,2,"[-64, 207]"
collapse_excess,40,"[40, -64, 209]",10,10,"[-64, 209]"
collapse_excess,40,"[40, -64, 210]",3,3,"[-64, 210]"
collapse_excess,40,"[40, -64, 212]",7,7,"[-64, 212]"
collapse_excess,40,"[40, -64, 213]",9,9,"[-64, 213]"
collapse_excess,40,"[40, -64, 214]",1,1,"[-64, 214]"
collapse_excess,40,"[40, -64, 215]",2,2,"[-64, 215]"
collapse_excess,40,"[40, -64, 216]",19,19,"[-64, 216]"
collapse_excess,40,"[40, -64, 217]",18,18,"[-64, 217]"
collapse_excess,40,"[40, -64, 218]",52,52,"[-64, 218]"
collapse_excess,40,"[40, -64, 219]",66,66,"[-64, 219]"
collapse_excess,40,"[40, -64, 220]",12,12,"[-64, 220]"
collapse_excess,40,"[40, -64, 222]",46,46,"[-64, 222]"
collapse_excess,40,"[40, -64, 223]",3,3,"[-64, 223]"
collapse_excess,40,"[40, -64, 224]",51,51,"[-64, 224]"
collapse_excess,40,"[40, -64, 225]",14,14,"[-64, 225]"
collapse_excess,40,"[40, -64, 228]",2,2,"[-64, 228]"
collapse_excess,40,"[40, -56, 1]",3,3,"[-56, 1]"
collapse_excess,40,"[40, -56, 25]",18,18,"[-56, 25]"
collapse_excess,40,"[40, -56, 27]",9,9,"[-56, 27]"
collapse_excess,40,"[40, -56, 28]",4,4,"[-56, 28]"
collapse_excess,40,"[40, -56, 29]",5,5,"[-56, 29]"
collapse_excess,40,"[40, -56, 31]",29,29,"[-56, 31]"
collapse_excess,40,"[40, -56, 32]",9,9,"[-56, 32]"
collapse_excess,40,"[40, -56, 33]",43,43,"[-56, 33]"
collapse_excess,40,"[40, -56, 35]",29,29,"[-56, 35]"
collapse_excess,40,"[40, -56, 37]",15,15,"[-56, 37]"
collapse_excess,40,"[40, -56, 38]",31,31,"[-56, 38]"
collapse_excess,40,"[40, -56, 39]",1,1,"[-56, 39]"
collapse_excess,40,"[40, -56, 40]",11,11,"[-56, 40]"
collapse_excess,40,"[40, -56, 41]",14,14,"[-56, 41]"
collapse_excess,40,"[40, -56, 42]",11,11,"[-56, 42]"
collapse_excess,40,"[40, -56, 43]",26,26,"[-56, 43]"
collapse_excess,40,"[40, -56, 44]",6,6,"[-56, 44]"
collapse_excess,40,"[40, -56, 45]",5,5,"[-56, 45]"
collapse_excess,40,"[40, -56, 46]",34,34,"[-56, 46]"
collapse_excess,40,"[40, -56, 47]",62,62,"[-56, 47]"
collapse_excess,40,"[40, -56, 48]",1,1,"[-56, 48]"
collapse_excess,40,"[40, -56, 49]",29,29,"[-56, 49]"
collapse_excess,40,"[40, -56, 50]",27,27,"[-56, 50]"
collapse_excess,40,"[40, -56, 51]",82,82,"[-56, 51]"
collapse_excess,40,"[40, -56, 52]",23,23,"[-56, 52]"
collapse_excess,40,"[40, -56, 53]",97,97,"[-56, 53]"
collapse_excess,40,"[40, -56, 54]",60,60,"[-56, 54]"
collapse_excess,40,"[40, -56, 55]",125,125,"[-56, 55]"
collapse_excess,40,"[40, -56, 56]",100,100,"[-56, 56]"
collapse_excess,40,"[40, -56, 57]",120,120,"[-56, 57]"
collapse_excess,40,"[40, -56, 58]",116,116,"[-56, 58]"
collapse_excess,40,"[40, -56, 59]",79,79,"[-56, 59]"
collapse_excess,40,"[40, -56, 60]",73,73,"[-56, 60]"
collapse_excess,40,"[40, -56, 61]",144,144,"[-56, 61]"
collapse_excess,40,"[40, -56, 62]",120,120,"[-56, 62]"
collapse_excess,40,"[40, -56, 63]",92,92,"[-56, 63]"
collapse_excess,40,"[40, -56, 64]",83,83,"[-56, 64]"
collapse_excess,40,"[40, -56, 65]",37,37,"[-56, 65]"
collapse_excess,40,"[40, -56, 66]",14,14,"[-56, 66]"
collapse_excess,40,"[40, -56, 67]",53,53,"[-56, 67]"
collapse_excess,40,"[40, -56, 68]",81,81,"[-56, 68]"
collapse_excess,40,"[40, -56, 69]",46,46,"[-56, 69]"
collapse_excess,40,"[40, -56, 70]",20,20,"[-56, 70]"
collapse_excess,40,"[40, -56, 71]",12,12,"[-56, 71]"
collapse_excess,40,"[40, -56, 73]",37,37,"[-56, 73]"
collapse_excess,40,"[40, -56, 74]",24,24,"[-56, 74]"
collapse_excess,40,"[40, -56, 75]",2,2,"[-56, 75]"
collapse_excess,40,"[40, -56, 76]",1,1,"[-56, 76]"
collapse_excess,40,"[40, -56, 80]",1,1,"[-56, 80]"
collapse_excess,40,"[40, -56, 102]",1,1,"[-56, 102]"
collapse_excess,40,"[40, -56, 198]",1,1,"[-56, 198]"
collapse_excess,40,"[40, -56, 199]",1,1,"[-56, 199]"
collapse_excess,40,"[40, -56, 201]",1,1,"[-56, 201]"
collapse_excess,40,"[40, -56, 214]",1,1,"[-56, 214]"
collapse_excess,40,"[40, -56, 215]",2,2,"[-56, 215]"
collapse_excess,40,"[40, -56, 216]",3,3,"[-56, 216]"
collapse_excess,40,"[40, -56, 218]",14,14,"[-56, 218]"
collapse_excess,40,"[40, -56, 219]",3,3,"[-56, 219]"
collapse_excess,40,"[40, -56, 220]",25,25,"[-56, 220]"
collapse_excess,40,"[40, -56, 221]",7,7,"[-56, 221]"
collapse_excess,40,"[40, -56, 222]",1,1,"[-56, 222]"
collapse_excess,40,"[40, -56, 224]",5,5,"[-56, 224]"
collapse_excess,40,"[40, -56, 226]",2,2,"[-56, 226]"
collapse_excess,40,"[40, -56, 230]",1,1,"[-56, 230]"
collapse_excess,40,"[40, -48, 33]",22,22,"[-48, 33]"
collapse_excess,40,"[40, -48, 34]",2,2,"[-48, 34]"
collapse_excess,40,"[40, -48, 35]",89,89,"[-48, 35]"
collapse_excess,40,"[40, -48, 36]",70,70,"[-48, 36]"
collapse_excess,40,"[40, -48, 37]",30,30,"[-48, 37]"
collapse_excess,40,"[40, -48, 38]",2,2,"[-48, 38]"
collapse_excess,40,"[40, -48, 39]",93,93,"[-48, 39]"
collapse_excess,40,"[40, -48, 40]",8,8,"[-48, 40]"
collapse_excess,40,"[40, -48, 41]",81,81,"[-48, 41]"
collapse_excess,40,"[40, -48, 42]",5,5,"[-48, 42]"
collapse_excess,40,"[40, -48, 43]",42,42,"[-48, 43]"
collapse_excess,40,"[40, -48, 44]",28,28,"[-48, 44]"
collapse_excess,40,"[40, -48, 45]",87,87,"[-48, 45]"
collapse_excess,40,"[40, -48, 46]",6,6,"[-48, 46]"
collapse_excess,40,"[40, -48, 47]",103,103,"[-48, 47]"
collapse_excess,40,"[40, -48, 48]",52,52,"[-48, 48]"
collapse_excess,40,"[40, -48, 49]",56,56,"[-48, 49]"
collapse_excess,40,"[40, -48, 50]",6,6,"[-48, 50]"
collapse_excess,40,"[40, -48, 51]",122,122,"[-48, 51]"
collapse_excess,40,"[40, -48, 52]",107,107,"[-48, 52]"
collapse_excess,40,"[40, -48, 53]",153,153,"[-48, 53]"
collapse_excess,40,"[40, -48, 54]",85,85,"[-48, 54]"
collapse_excess,40,"[40, -48, 55]",57,57,"[-48, 55]"
collapse_excess,40,"[40, -48, 56]",60,60,"[-48, 56]"
collapse_excess,40,"[40, -48, 57]",220,220,"[-48, 57]"
collapse_excess,40,"[40, -48, 58]",291,291,"[-48, 58]"
collapse_excess,40,"[40, -48, 59]",237,237,"[-48, 59]"
collapse_excess,40,"[40, -48, 60]",270,270,"[-48, 60]"
collapse_excess,40,"[40, -48, 61]",250,250,"[-48, 61]"
collapse_excess,40,"[40, -48, 62]",179,179,"[-48, 62]"
collapse_excess,40,"[40, -48, 63]",433,433,"[-48, 63]"
collapse_excess,40,"[40, -48, 64]",387,387,"[-48, 64]"
collapse_excess,40,"[40, -48, 65]",747,747,"[-48, 65]"
collapse_excess,40,"[40, -48, 66]",597,597,"[-48, 66]"
collapse_excess,40,"[40, -48, 67]",109,109,"[-48, 67]"
collapse_excess,40,"[40, -48, 68]",289,289,"[-48, 68]"
collapse_excess,40,"[40, -48, 69]",309,309,"[-48, 69]"
collapse_excess,40,"[40, -48, 70]",240,240,"[-48, 70]"
collapse_excess,40,"[40, -48, 71]",320,320,"[-48, 71]"
collapse_excess,40,"[40, -48, 72]",267,267,"[-48, 72]"
collapse_excess,40,"[40, -48, 73]",19,19,"[-48, 73]"
collapse_excess,40,"[40, -48, 74]",47,47,"[-48, 74]"
collapse_excess,40,"[40, -48, 75]",143,143,"[-48, 75]"
collapse_excess,40,"[40, -48, 76]",96,96,"[-48, 76]"
collapse_excess,40,"[40, -48, 77]",188,188,"[-48, 77]"
collapse_excess,40,"[40, -48, 78]",39,39,"[-48, 78]"
collapse_excess,40,"[40, -48, 79]",1,1,"[-48, 79]"
collapse_excess,40,"[40, -48, 81]",46,46,"[-48, 81]"
collapse_excess,40,"[40, -48, 82]",53,53,"[-48, 82]"
collapse_excess,40,"[40, -48, 83]",52,52,"[-48, 83]"
collapse_excess,40,"[40, -48, 87]",27,27,"[-48, 87]"
collapse_excess,40,"[40, -48, 88]",1,1,"[-48, 88]"
collapse_excess,40,"[40, -48, 89]",3,3,"[-48, 89]"
collapse_excess,40,"[40, -48, 93]",5,5,"[-48, 93]"
collapse_excess,40,"[40, -48, 96]",7,7,"[-48, 96]"
collapse_excess,40,"[40, -48, 100]",2,2,"[-48, 100]"
collapse_excess,40,"[40, -48, 101]",3,3,"[-48, 101]"
collapse_excess,40,"[40, -48, 103]",1,1,"[-48, 103]"
collapse_excess,40,"[40, -48, 112]",2,2,"[-48, 112]"
collapse_excess,40,"[40, -48, 132]",1,1,"[-48, 132]"
collapse_excess,40,"[40, -48, 206]",1,1,"[-48, 206]"
collapse_excess,40,"[40, -48, 210]",1,1,"[-48, 210]"
collapse_excess,40,"[40, -48, 216]",1,1,"[-48, 216]"
collapse_excess,40,"[40, -48, 219]",7,7,"[-48, 219]"
collapse_excess,40,"[40, -48, 220]",5,5,"[-48, 220]"
collapse_excess,40,"[40, -48, 221]",1,1,"[-48, 221]"
collapse_excess,40,"[40, -48, 222]",23,23,"[-48, 222]"
collapse_excess,40,"[40, -48, 225]",4,4,"[-48, 225]"
collapse_excess,40,"[40, -48, 226]",4,4,"[-48, 226]"
collapse_excess,40,"[40, -48, 234]",2,2,"[-48, 234]"
collapse_excess,40,"[40, -48, 239]",6,6,"[-48, 239]"
collapse_excess,40,"[40, -40, 17]",1,1,"[-40, 17]"
collapse_excess,40,"[40, -40, 18]",2,2,"[-40, 18]"
collapse_excess,40,"[40, -40, 19]",5,5,"[-40, 19]"
collapse_excess,40,"[40, -40, 23]",16,16,"[-40, 23]"
collapse_excess,40,"[40, -40, 25]",3,3,"[-40, 25]"
collapse_excess,40,"[40, -40, 26]",1,1,"[-40, 26]"
collapse_excess,40,"[40, -40, 27]",5,5,"[-40, 27]"
collapse_excess,40,"[40, -40, 28]",4,4,"[-40, 28]"
collapse_excess,40,"[40, -40, 29]",18,18,"[-40, 29]"
collapse_excess,40,"[40, -40, 30]",1,1,"[-40, 30]"
collapse_excess,40,"[40, -40, 38]",4,4,"[-40, 38]"
collapse_excess,40,"[40, -40, 41]",46,46,"[-40, 41]"
collapse_excess,40,"[40, -40, 42]",3,3,"[-40, 42]"
collapse_excess,40,"[40, -40, 43]",164,164,"[-40, 43]"
collapse_excess,40,"[40, -40, 44]",2,2,"[-40, 44]"
collapse_excess,40,"[40, -40, 45]",46,46,"[-40, 45]"
collapse_excess,40,"[40, -40, 46]",47,47,"[-40, 46]"
collapse_excess,40,"[40, -40, 47]",112,112,"[-40, 47]"
collapse_excess,40,"[40, -40, 48]",11,11,"[-40, 48]"
collapse_excess,40,"[40, -40, 49]",120,120,"[-40, 49]"
collapse_excess,40,"[40, -40, 50]",67,67,"[-40, 50]"
collapse_excess,40,"[40, -40, 51]",128,128,"[-40, 51]"
collapse_excess,40,"[40, -40, 52]",44,44,"[-40, 52]"
collapse_excess,40,"[40, -40, 53]",90,90,"[-40, 53]"
collapse_excess,40,"[40, -40, 54]",76,76,"[-40, 54]"
collapse_excess,40,"[40, -40, 55]",222,222,"[-40, 55]"
collapse_excess,40,"[40, -40, 56]",98,98,"[-40, 56]"
collapse_excess,40,"[40, -40, 57]",63,63,"[-40, 57]"
collapse_excess,40,"[40, -40, 58]",43,43,"[-40, 58]"
collapse_excess,40,"[40, -40, 59]",159,159,"[-40, 59]"
collapse_excess,40,"[40, -40, 60]",76,76,"[-40, 60]"
collapse_excess,40,"[40, -40, 61]",828,828,"[-40, 61]"
collapse_excess,40,"[40, -40, 62]",372,372,"[-40, 62]"
collapse_excess,40,"[40, -40, 63]",102,102,"[-40, 63]"
collapse_excess,40,"[40, -40, 64]",189,189,"[-40, 64]"
collapse_excess,40,"[40, -40, 65]",179,179,"[-40, 65]"
collapse_excess,40,"[40, -40, 66]",530,530,"[-40, 66]"
collapse_excess,40,"[40, -40, 67]",116,116,"[-40, 67]"
collapse_excess,40,"[40, -40, 68]",237,237,"[-40, 68]"
collapse_excess,40,"[40, -40, 69]",74,74,"[-40, 69]"
collapse_excess,40,"[40, -40, 70]",47,47,"[-40, 70]"
collapse_excess,40,"[40, -40, 71]",205,205,"[-40, 71]"
collapse_excess,40,"[40, -40, 72]",111,111,"[-40, 72]"
collapse_excess,40,"[40, -40, 73]",6,6,"[-40, 73]"
collapse_excess,40,"[40, -40, 74]",73,73,"[-40, 74]"
collapse_excess,40,"[40, -40, 75]",13,13,"[-40, 75]"
collapse_excess,40,"[40, -40, 77]",137,137,"[-40, 77]"
collapse_excess,40,"[40, -40, 78]",4,4,"[-40, 78]"
collapse_excess,40,"[40, -40, 80]",5,5,"[-40, 80]"
collapse_excess,40,"[40, -40, 81]",3,3,"[-40, 81]"
collapse_excess,40,"[40, -40, 83]",87,87,"[-40, 83]"
collapse_excess,40,"[40, -40, 84]",7,7,"[-40, 84]"
collapse_excess,40,"[40, -40, 86]",3,3,"[-40, 86]"
collapse_excess,40,"[40, -40, 87]",3,3,"[-40, 87]"
collapse_excess,40,"[40, -40, 88]",2,2,"[-40, 88]"
collapse_excess,40,"[40, -40, 89]",1,1,"[-40, 89]"
collapse_excess,40,"[40, -40, 90]",2,2,"[-40, 90]"
collapse_excess,40,"[40, -40, 93]",2,2,"[-40, 93]"
collapse_excess,40,"[40, -40, 96]",1,1,"[-40, 96]"
collapse_excess,40,"[40, -40, 99]",4,4,"[-40, 99]"
collapse_excess,40,"[40, -40, 102]",2,2,"[-40, 102]"
collapse_excess,40,"[40, -40, 105]",4,4,"[-40, 105]"
collapse_excess,40,"[40, -40, 108]",2,2,"[-40, 108]"
collapse_excess,40,"[40, -40, 111]",3,3,"[-40, 111]"
collapse_excess,40,"[40, -40, 116]",1,1,"[-40, 116]"
collapse_excess,40,"[40, -40, 122]",2,2,"[-40, 122]"
collapse_excess,40,"[40, -40, 212]",2,2,"[-40, 212]"
collapse_excess,40,"[40, -40, 216]",2,2,"[-40, 216]"
collapse_excess,40,"[40, -40, 221]",3,3,"[-40, 221]"
collapse_excess,40,"[40, -40, 224]",9,9,"[-40, 224]"
collapse_excess,40,"[40, -40, 225]",2,2,"[-40, 225]"
collapse_excess,40,"[40, -40, 228]",5,5,"[-40, 228]"
collapse_excess,40,"[40, -40, 233]",10,10,"[-40, 233]"
collapse_excess,40,"[40, -40, 242]",1,1,"[-40, 242]"
collapse_excess,40,"[40, -40, 244]",1,1,"[-40, 244]"
collapse_excess,40,"[40, -40, 246]",5,5,"[-40, 246]"
collapse_excess,40,"[40, -40, 252]",7,7,"[-40, 252]"
collapse_excess,40,"[40, -40, 253]",1,1,"[-40, 253]"
collapse_excess,40,"[40, -40, 258]",55,55,"[-40, 258]"
collapse_excess,40,"[40, -40, 264]",9,9,"[-40, 264]"
collapse_excess,40,"[40, -32, 19]",1,1,"[-32, 19]"
collapse_excess,40,"[40, -32, 21]",1,1,"[-32, 21]"
collapse_excess,40,"[40, -32, 23]",4,4,"[-32, 23]"
collapse_excess,40,"[40, -32, 25]",5,5,"[-32, 25]"
collapse_excess,40,"[40, -32, 26]",16,16,"[-32, 26]"
collapse_excess,40,"[40, -32, 27]",6,6,"[-32, 27]"
collapse_excess,40,"[40, -32, 29]",7,7,"[-32, 29]"
collapse_excess,40,"[40, -32, 30]",1,1,"[-32, 30]"
collapse_excess,40,"[40, -32, 31]",11,11,"[-32, 31]"
collapse_excess,40,"[40, -32, 32]",5,5,"[-32, 32]"
collapse_excess,40,"[40, -32, 33]",3,3,"[-32, 33]"
collapse_excess,40,"[40, -32, 34]",12,12,"[-32, 34]"
collapse_excess,40,"[40, -32, 35]",15,15,"[-32, 35]"
collapse_excess,40,"[40, -32, 36]",5,5,"[-32, 36]"
collapse_excess,40,"[40, -32, 37]",10,10,"[-32, 37]"
collapse_excess,40,"[40, -32, 38]",4,4,"[-32, 38]"
collapse_excess,40,"[40, -32, 39]",8,8,"[-32, 39]"
collapse_excess,40,"[40, -32, 40]",12,12,"[-32, 40]"
collapse_excess,40,"[40, -32, 43]",8,8,"[-32, 43]"
collapse_excess,40,"[40, -32, 44]",4,4,"[-32, 44]"
collapse_excess,40,"[40, -32, 45]",1,1,"[-32, 45]"
collapse_excess,40,"[40, -32, 46]",3,3,"[-32, 46]"
collapse_excess,40,"[40, -32, 47]",3,3,"[-32, 47]"
collapse_excess,40,"[40, -32, 48]",4,4,"[-32, 48]"
collapse_excess,40,"[40, -32, 49]",76,76,"[-32, 49]"
collapse_excess,40,"[40, -32, 50]",8,8,"[-32, 50]"
collapse_excess,40,"[40, -32, 51]",261,261,"[-32, 51]"
collapse_excess,40,"[40, -32, 52]",30,30,"[-32, 52]"
collapse_excess,40,"[40, -32, 53]",86,86,"[-32, 53]"
collapse_excess,40,"[40, -32, 54]",37,37,"[-32, 54]"
collapse_excess,40,"[40, -32, 55]",91,91,"[-32, 55]"
collapse_excess,40,"[40, -32, 56]",52,52,"[-32, 56]"
collapse_excess,40,"[40, -32, 57]",146,146,"[-32, 57]"
collapse_excess,40,"[40, -32, 58]",41,41,"[-32, 58]"
collapse_excess,40,"[40, -32, 59]",76,76,"[-32, 59]"
collapse_excess,40,"[40, -32, 60]",5,5,"[-32, 60]"
collapse_excess,40,"[40, -32, 61]",112,112,"[-32, 61]"
collapse_excess,40,"[40, -32, 62]",51,51,"[-32, 62]"
collapse_excess,40,"[40, -32, 63]",142,142,"[-32, 63]"
collapse_excess,40,"[40, -32, 64]",142,142,"[-32, 64]"
collapse_excess,40,"[40, -32, 65]",64,64,"[-32, 65]"
collapse_excess,40,"[40, -32, 66]",32,32,"[-32, 66]"
collapse_excess,40,"[40, -32, 67]",55,55,"[-32, 67]"
collapse_excess,40,"[40, -32, 68]",93,93,"[-32, 68]"
collapse_excess,40,"[40, -32, 69]",238,238,"[-32, 69]"
collapse_excess,40,"[40, -32, 70]",410,410,"[-32, 70]"
collapse_excess,40,"[40, -32, 71]",22,22,"[-32, 71]"
collapse_excess,40,"[40, -32, 72]",9,9,"[-32, 72]"
collapse_excess,40,"[40, -32, 73]",17,17,"[-32, 73]"
collapse_excess,40,"[40, -32, 74]",24,24,"[-32, 74]"
collapse_excess,40,"[40, -32, 75]",72,72,"[-32, 75]"
collapse_excess,40,"[40, -32, 76]",19,19,"[-32, 76]"
collapse_excess,40,"[40, -32, 77]",8,8,"[-32, 77]"
collapse_excess,40,"[40, -32, 78]",43,43,"[-32, 78]"
collapse_excess,40,"[40, -32, 79]",6,6,"[-32, 79]"
collapse_excess,40,"[40, -32, 81]",1,1,"[-32, 81]"
collapse_excess,40,"[40, -32, 82]",43,43,"[-32, 82]"
collapse_excess,40,"[40, -32, 83]",1,1,"[-32, 83]"
collapse_excess,40,"[40, -32, 84]",29,29,"[-32, 84]"
collapse_excess,40,"[40, -32, 85]",12,12,"[-32, 85]"
collapse_excess,40,"[40, -32, 86]",4,4,"[-32, 86]"
collapse_excess,40,"[40, -32, 87]",1,1,"[-32, 87]"
collapse_excess,40,"[40, -32, 88]",5,5,"[-32, 88]"
collapse_excess,40,"[40, -32, 89]",4,4,"[-32, 89]"
collapse_excess,40,"[40, -32, 90]",21,21,"[-32, 90]"
collapse_excess,40,"[40, -32, 91]",2,2,"[-32, 91]"
collapse_excess,40,"[40, -32, 94]",1,1,"[-32, 94]"
collapse_excess,40,"[40, -32, 95]",9,9,"[-32, 95]"
collapse_excess,40,"[40, -32, 96]",15,15,"[-32, 96]"
collapse_excess,40,"[40, -32, 101]",1,1,"[-32, 101]"
collapse_excess,40,"[40, -32, 106]",2,2,"[-32, 106]"
collapse_excess,40,"[40, -32, 112]",2,2,"[-32, 112]"
collapse_excess,40,"[40, -32, 118]",5,5,"[-32, 118]"
collapse_excess,40,"[40, -32, 124]",2,2,"[-32, 124]"
collapse_excess,40,"[40, -32, 130]",1,1,"[-32, 130]"
collapse_excess,40,"[40, -32, 136]",1,1,"[-32, 136]"
collapse_excess,40,"[40, -32, 226]",8,8,"[-32, 226]"
collapse_excess,40,"[40, -32, 228]",2,2,"[-32, 228]"
collapse_excess,40,"[40, -32, 229]",6,6,"[-32, 229]"
collapse_excess,40,"[40, -32, 230]",4,4,"[-32, 230]"
collapse_excess,40,"[40, -32, 232]",2,2,"[-32, 232]"
collapse_excess,40,"[40, -32, 248]",2,2,"[-32, 248]"
collapse_excess,40,"[40, -32, 255]",1,1,"[-32, 255]"
collapse_excess,40,"[40, -32, 260]",3,3,"[-32, 260]"
collapse_excess,40,"[40, -32, 266]",9,9,"[-32, 266]"
collapse_excess,40,"[40, -24, 23]",9,9,"[-24, 23]"
collapse_excess,40,"[40, -24, 24]",1,1,"[-24, 24]"
collapse_excess,40,"[40, -24, 25]",3,3,"[-24, 25]"
collapse_excess,40,"[40, -24, 27]",6,6,"[-24, 27]"
collapse_excess,40,"[40, -24, 28]",5,5,"[-24, 28]"
collapse_excess,40,"[40, -24, 29]",6,6,"[-24, 29]"
collapse_excess,40,"[40, -24, 30]",7,7,"[-24, 30]"
collapse_excess,40,"[40, -24, 31]",36,36,"[-24, 31]"
collapse_excess,40,"[40, -24, 32]",12,12,"[-24, 32]"
collapse_excess,40,"[40, -24, 33]",68,68,"[-24, 33]"
collapse_excess,40,"[40, -24, 34]",60,60,"[-24, 34]"
collapse_excess,40,"[40, -24, 35]",55,55,"[-24, 35]"
collapse_excess,40,"[40, -24, 36]",47,47,"[-24, 36]"
collapse_excess,40,"[40, -24, 37]",117,117,"[-24, 37]"
collapse_excess,40,"[40, -24, 38]",44,44,"[-24, 38]"
collapse_excess,40,"[40, -24, 39]",240,240,"[-24, 39]"
collapse_excess,40,"[40, -24, 40]",124,124,"[-24, 40]"
collapse_excess,40,"[40, -24, 41]",85,85,"[-24, 41]"
collapse_excess,40,"[40, -24, 42]",136,136,"[-24, 42]"
collapse_excess,40,"[40, -24, 43]",72,72,"[-24, 43]"
collapse_excess,40,"[40, -24, 44]",47,47,"[-24, 44]"
collapse_excess,40,"[40, -24, 45]",200,200,"[-24, 45]"
collapse_excess,40,"[40, -24, 46]",131,131,"[-24, 46]"
collapse_excess,40,"[40, -24, 47]",35,35,"[-24, 47]"
collapse_excess,40,"[40, -24, 48]",150,150,"[-24, 48]"
collapse_excess,40,"[40, -24, 49]",35,35,"[-24, 49]"
collapse_excess,40,"[40, -24, 50]",5,5,"[-24, 50]"
collapse_excess,40,"[40, -24, 51]",43,43,"[-24, 51]"
collapse_excess,40,"[40, -24, 52]",12,12,"[-24, 52]"
collapse_excess,40,"[40, -24, 53]",8,8,"[-24, 53]"
collapse_excess,40,"[40, -24, 54]",7,7,"[-24, 54]"
collapse_excess,40,"[40, -24, 55]",1,1,"[-24, 55]"
collapse_excess,40,"[40, -24, 57]",59,59,"[-24, 57]"
collapse_excess,40,"[40, -24, 58]",9,9,"[-24, 58]"
collapse_excess,40,"[40, -24, 59]",162,162,"[-24, 59]"
collapse_excess,40,"[40, -24, 60]",57,57,"[-24, 60]"
collapse_excess,40,"[40, -24, 61]",40,40,"[-24, 61]"
collapse_excess,40,"[40, -24, 62]",11,11,"[-24, 62]"
collapse_excess,40,"[40, -24, 63]",95,95,"[-24, 63]"
collapse_excess,40,"[40, -24, 64]",33,33,"[-24, 64]"
collapse_excess,40,"[40, -24, 65]",94,94,"[-24, 65]"
collapse_excess,40,"[40, -24, 66]",86,86,"[-24, 66]"
collapse_excess,40,"[40, -24, 67]",53,53,"[-24, 67]"
collapse_excess,40,"[40, -24, 68]",13,13,"[-24, 68]"
collapse_excess,40,"[40, -24, 69]",164,164,"[-24, 69]"
collapse_excess,40,"[40, -24, 70]",115,115,"[-24, 70]"
collapse_excess,40,"[40, -24, 71]",90,90,"[-24, 71]"
collapse_excess,40,"[40, -24, 72]",175,175,"[-24, 72]"
collapse_excess,40,"[40, -24, 73]",24,24,"[-24, 73]"
collapse_excess,40,"[40, -24, 74]",4,4,"[-24, 74]"
collapse_excess,40,"[40, -24, 75]",94,94,"[-24, 75]"
collapse_excess,40,"[40, -24, 76]",60,60,"[-24, 76]"
collapse_excess,40,"[40, -24, 77]",53,53,"[-24, 77]"
collapse_excess,40,"[40, -24, 78]",36,36,"[-24, 78]"
collapse_excess,40,"[40, -24, 79]",67,67,"[-24, 79]"
collapse_excess,40,"[40, -24, 80]",2,2,"[-24, 80]"
collapse_excess,40,"[40, -24, 81]",112,112,"[-24, 81]"
collapse_excess,40,"[40, -24, 82]",51,51,"[-24, 82]"
collapse_excess,40,"[40, -24, 83]",14,14,"[-24, 83]"
collapse_excess,40,"[40, -24, 84]",57,57,"[-24, 84]"
collapse_excess,40,"[40, -24, 85]",64,64,"[-24, 85]"
collapse_excess,40,"[40, -24, 86]",1,1,"[-24, 86]"
collapse_excess,40,"[40, -24, 87]",71,71,"[-24, 87]"
collapse_excess,40,"[40, -24, 88]",24,24,"[-24, 88]"
collapse_excess,40,"[40, -24, 89]",16,16,"[-24, 89]"
collapse_excess,40,"[40, -24, 90]",15,15,"[-24, 90]"
collapse_excess,40,"[40, -24, 91]",14,14,"[-24, 91]"
collapse_excess,40,"[40, -24, 93]",43,43,"[-24, 93]"
collapse_excess,40,"[40, -24, 94]",41,41,"[-24, 94]"
collapse_excess,40,"[40, -24, 95]",44,44,"[-24, 95]"
collapse_excess,40,"[40, -24, 96]",16,16,"[-24, 96]"
collapse_excess,40,"[40, -24, 97]",22,22,"[-24, 97]"
collapse_excess,40,"[40, -24, 98]",4,4,"[-24, 98]"
collapse_excess,40,"[40, -24, 99]",35,35,"[-24, 99]"
collapse_excess,40,"[40, -24, 100]",15,15,"[-24, 100]"
collapse_excess,40,"[40, -24, 101]",22,22,"[-24, 101]"
collapse_excess,40,"[40, -24, 103]",5,5,"[-24, 103]"
collapse_excess,40,"[40, -24, 105]",19,19,"[-24, 105]"
collapse_excess,40,"[40, -24, 106]",5,5,"[-24, 106]"
collapse_excess,40,"[40, -24, 107]",8,8,"[-24, 107]"
collapse_excess,40,"[40, -24, 108]",2,2,"[-24, 108]"
collapse_excess,40,"[40, -24, 112]",7,7,"[-24, 112]"
collapse_excess,40,"[40, -24, 118]",6,6,"[-24, 118]"
collapse_excess,40,"[40, -24, 124]",4,4,"[-24, 124]"
collapse_excess,40,"[40, -24, 130]",2,2,"[-24, 130]"
collapse_excess,40,"[40, -24, 227]",3,3,"[-24, 227]"
collapse_excess,40,"[40, -24, 228]",8,8,"[-24, 228]"
collapse_excess,40,"[40, -24, 231]",1,1,"[-24, 231]"
collapse_excess,40,"[40, -24, 232]",30,30,"[-24, 232]"
collapse_excess,40,"[40, -24, 234]",3,3,"[-24, 234]"
collapse_excess,40,"[40, -24, 238]",3,3,"[-24, 238]"
collapse_excess,40,"[40, -24, 239]",11,11,"[-24, 239]"
collapse_excess,40,"[40, -24, 240]",3,3,"[-24, 240]"
collapse_excess,40,"[40, -24, 252]",1,1,"[-24, 252]"
collapse_excess,40,"[40, -24, 256]",1,1,"[-24, 256]"
collapse_excess,40,"[40, -24, 258]",11,11,"[-24, 258]"
collapse_excess,40,"[40, -24, 262]",2,2,"[-24, 262]"
collapse_excess,40,"[40, -24, 263]",1,1,"[-24, 263]"
collapse_excess,40,"[40, -24, 264]",1,1,"[-24, 264]"
collapse_excess,40,"[40, -24, 267]",3,3,"[-24, 267]"
collapse_excess,40,"[40, -24, 275]",2,2,"[-24, 275]"
collapse_excess,40,"[40, -16, 29]",3,3,"[-16, 29]"
collapse_excess,40,"[40, -16, 30]",1,1,"[-16, 30]"
collapse_excess,40,"[40, -16, 31]",16,16,"[-16, 31]"
collapse_excess,40,"[40, -16, 32]",12,12,"[-16, 32]"
collapse_excess,40,"[40, -16, 33]",13,13,"[-16, 33]"
collapse_excess,40,"[40, -16, 34]",7,7,"[-16, 34]"
collapse_excess,40,"[40, -16, 35]",27,27,"[-16, 35]"
collapse_excess,40,"[40, -16, 36]",85,85,"[-16, 36]"
collapse_excess,40,"[40, -16, 37]",130,130,"[-16, 37]"
collapse_excess,40,"[40, -16, 38]",273,273,"[-16, 38]"
collapse_excess,40,"[40, -16, 39]",60,60,"[-16, 39]"
collapse_excess,40,"[40, -16, 40]",148,148,"[-16, 40]"
collapse_excess,40,"[40, -16, 41]",492,492,"[-16, 41]"
collapse_excess,40,"[40, -16, 42]",590,590,"[-16, 42]"
collapse_excess,40,"[40, -16, 43]",710,710,"[-16, 43]"
collapse_excess,40,"[40, -16, 44]",1019,1019,"[-16, 44]"
collapse_excess,40,"[40, -16, 45]",522,522,"[-16, 45]"
collapse_excess,40,"[40, -16, 46]",279,279,"[-16, 46]"
collapse_excess,40,"[40, -16, 47]",2000,2227,"[-16, 47]"
collapse_excess,40,"[40, -16, 48]",2000,2176,"[-16, 48]"
collapse_excess,40,"[40, -16, 49]",1123,1123,"[-16, 49]"
collapse_excess,40,"[40, -16, 50]",929,929,"[-16, 50]"
collapse_excess,40,"[40, -16, 51]",301,301,"[-16, 51]"
collapse_excess,40,"[40, -16, 52]",266,266,"[-16, 52]"
collapse_excess,40,"[40, -16, 53]",1621,1621,"[-16, 53]"
collapse_excess,40,"[40, -16, 54]",1768,1768,"[-16, 54]"
collapse_excess,40,"[40, -16, 55]",154,154,"[-16, 55]"
collapse_excess,40,"[40, -16, 56]",415,415,"[-16, 56]"
collapse_excess,40,"[40, -16, 57]",64,64,"[-16, 57]"
collapse_excess,40,"[40, -16, 58]",11,11,"[-16, 58]"
collapse_excess,40,"[40, -16, 59]",239,239,"[-16, 59]"
collapse_excess,40,"[40, -16, 60]",95,95,"[-16, 60]"
collapse_excess,40,"[40, -16, 61]",15,15,"[-16, 61]"
collapse_excess,40,"[40, -16, 62]",28,28,"[-16, 62]"
collapse_excess,40,"[40, -16, 63]",4,4,"[-16, 63]"
collapse_excess,40,"[40, -16, 64]",6,6,"[-16, 64]"
collapse_excess,40,"[40, -16, 65]",86,86,"[-16, 65]"
collapse_excess,40,"[40, -16, 66]",64,64,"[-16, 66]"
collapse_excess,40,"[40, -16, 67]",202,202,"[-16, 67]"
collapse_excess,40,"[40, -16, 68]",85,85,"[-16, 68]"
collapse_excess,40,"[40, -16, 69]",108,108,"[-16, 69]"
collapse_excess,40,"[40, -16, 70]",39,39,"[-16, 70]"
collapse_excess,40,"[40, -16, 71]",491,491,"[-16, 71]"
collapse_excess,40,"[40, -16, 72]",1276,1276,"[-16, 72]"
collapse_excess,40,"[40, -16, 73]",204,204,"[-16, 73]"
collapse_excess,40,"[40, -16, 74]",172,172,"[-16, 74]"
collapse_excess,40,"[40, -16, 75]",144,144,"[-16, 75]"
collapse_excess,40,"[40, -16, 76]",40,40,"[-16, 76]"
collapse_excess,40,"[40, -16, 77]",402,402,"[-16, 77]"
collapse_excess,40,"[40, -16, 78]",630,630,"[-16, 78]"
collapse_excess,40,"[40, -16, 79]",98,98,"[-16, 79]"
collapse_excess,40,"[40, -16, 80]",139,139,"[-16, 80]"
collapse_excess,40,"[40, -16, 81]",136,136,"[-16, 81]"
collapse_excess,40,"[40, -16, 82]",23,23,"[-16, 82]"
collapse_excess,40,"[40, -16, 83]",387,387,"[-16, 83]"
collapse_excess,40,"[40, -16, 84]",411,411,"[-16, 84]"
collapse_excess,40,"[40, -16, 85]",42,42,"[-16, 85]"
collapse_excess,40,"[40, -16, 86]",128,128,"[-16, 86]"
collapse_excess,40,"[40, -16, 87]",70,70,"[-16, 87]"
collapse_excess,40,"[40, -16, 88]",40,40,"[-16, 88]"
collapse_excess,40,"[40, -16, 89]",520,520,"[-16, 89]"
collapse_excess,40,"[40, -16, 90]",655,655,"[-16, 90]"
collapse_excess,40,"[40, -16, 91]",41,41,"[-16, 91]"
collapse_excess,40,"[40, -16, 92]",145,145,"[-16, 92]"
collapse_excess,40,"[40, -16, 93]",91,91,"[-16, 93]"
collapse_excess,40,"[40, -16, 94]",4,4,"[-16, 94]"
collapse_excess,40,"[40, -16, 95]",689,689,"[-16, 95]"
collapse_excess,40,"[40, -16, 96]",311,311,"[-16, 96]"
collapse_excess,40,"[40, -16, 97]",24,24,"[-16, 97]"
collapse_excess,40,"[40, -16, 98]",57,57,"[-16, 98]"
collapse_excess,40,"[40, -16, 99]",42,42,"[-16, 99]"
collapse_excess,40,"[40, -16, 101]",546,546,"[-16, 101]"
collapse_excess,40,"[40, -16, 102]",143,143,"[-16, 102]"
collapse_excess,40,"[40, -16, 103]",20,20,"[-16, 103]"
collapse_excess,40,"[40, -16, 104]",28,28,"[-16, 104]"
collapse_excess,40,"[40, -16, 105]",13,13,"[-16, 105]"
collapse_excess,40,"[40, -16, 106]",2,2,"[-16, 106]"
collapse_excess,40,"[40, -16, 107]",297,297,"[-16, 107]"
collapse_excess,40,"[40, -16, 108]",20,20,"[-16, 108]"
collapse_excess,40,"[40, -16, 109]",10,10,"[-16, 109]"
collapse_excess,40,"[40, -16, 110]",3,3,"[-16, 110]"
collapse_excess,40,"[40, -16, 111]",3,3,"[-16, 111]"
collapse_excess,40,"[40, -16, 113]",87,87,"[-16, 113]"
collapse_excess,40,"[40, -16, 114]",7,7,"[-16, 114]"
collapse_excess,40,"[40, -16, 115]",5,5,"[-16, 115]"
collapse_excess,40,"[40, -16, 116]",1,1,"[-16, 116]"
collapse_excess,40,"[40, -16, 117]",2,2,"[-16, 117]"
collapse_excess,40,"[40, -16, 119]",9,9,"[-16, 119]"
collapse_excess,40,"[40, -16, 120]",3,3,"[-16, 120]"
collapse_excess,40,"[40, -16, 122]",2,2,"[-16, 122]"
collapse_excess,40,"[40, -16, 125]",7,7,"[-16, 125]"
collapse_excess,40,"[40, -16, 126]",2,2,"[-16, 126]"
collapse_excess,40,"[40, -16, 128]",2,2,"[-16, 128]"
collapse_excess,40,"[40, -16, 131]",2,2,"[-16, 131]"
collapse_excess,40,"[40, -16, 132]",2,2,"[-16, 132]"
collapse_excess,40,"[40, -16, 136]",4,4,"[-16, 136]"
collapse_excess,40,"[40, -16, 138]",1,1,"[-16, 138]"
collapse_excess,40,"[40, -16, 144]",3,3,"[-16, 144]"
collapse_excess,40,"[40, -16, 146]",3,3,"[-16, 146]"
collapse_excess,40,"[40, -16, 150]",2,2,"[-16, 150]"
collapse_excess,40,"[40, -16, 154]",1,1,"[-16, 154]"
collapse_excess,40,"[40, -16, 158]",1,1,"[-16, 158]"
collapse_excess,40,"[40, -16, 234]",44,44,"[-16, 234]"
collapse_excess,40,"[40, -16, 235]",4,4,"[-16, 235]"
collapse_excess,40,"[40, -16, 236]",16,16,"[-16, 236]"
collapse_excess,40,"[40, -16, 239]",13,13,"[-16, 239]"
collapse_excess,40,"[40, -16, 240]",16,16,"[-16, 240]"
collapse_excess,40,"[40, -16, 241]",1,1,"[-16, 241]"
collapse_excess,40,"[40, -16, 242]",2,2,"[-16, 242]"
collapse_excess,40,"[40, -16, 244]",3,3,"[-16, 244]"
collapse_excess,40,"[40, -16, 245]",10,10,"[-16, 245]"
collapse_excess,40,"[40, -16, 246]",2,2,"[-16, 246]"
collapse_excess,40,"[40, -16, 248]",4,4,"[-16, 248]"
collapse_excess,40,"[40, -16, 251]",2,2,"[-16, 251]"
collapse_excess,40,"[40, -16, 254]",2,2,"[-16, 254]"
collapse_excess,40,"[40, -16, 257]",6,6,"[-16, 257]"
collapse_excess,40,"[40, -16, 259]",2,2,"[-16, 259]"
collapse_excess,40,"[40, -16, 260]",3,3,"[-16, 260]"
collapse_excess,40,"[40, -16, 263]",32,32,"[-16, 263]"
collapse_excess,40,"[40, -16, 264]",15,15,"[-16, 264]"
collapse_excess,40,"[40, -16, 265]",5,5,"[-16, 265]"
collapse_excess,40,"[40, -16, 266]",20,20,"[-16, 266]"
collapse_excess,40,"[40, -16, 269]",317,317,"[-16, 269]"
collapse_excess,40,"[40, -16, 270]",57,57,"[-16, 270]"
collapse_excess,40,"[40, -16, 271]",7,7,"[-16, 271]"
collapse_excess,40,"[40, -16, 275]",569,569,"[-16, 275]"
collapse_excess,40,"[40, -16, 276]",10,10,"[-16, 276]"
collapse_excess,40,"[40, -16, 277]",9,9,"[-16, 277]"
collapse_excess,40,"[40, -16, 278]",2,2,"[-16, 278]"
collapse_excess,40,"[40, -16, 281]",31,31,"[-16, 281]"
collapse_excess,40,"[40, -16, 282]",6,6,"[-16, 282]"
collapse_excess,40,"[40, -16, 283]",1,1,"[-16, 283]"
collapse_excess,40,"[40, -16, 287]",5,5,"[-16, 287]"
collapse_excess,40,"[40, -16, 288]",2,2,"[-16, 288]"
collapse_excess,40,"[40, -8, 34]",2,2,"[-8, 34]"
collapse_excess,40,"[40, -8, 36]",6,6,"[-8, 36]"
collapse_excess,40,"[40, -8, 37]",6,6,"[-8, 37]"
collapse_excess,40,"[40, -8, 38]",5,5,"[-8, 38]"
collapse_excess,40,"[40, -8, 39]",49,49,"[-8, 39]"
collapse_excess,40,"[40, -8, 40]",404,404,"[-8, 40]"
collapse_excess,40,"[40, -8, 41]",19,19,"[-8, 41]"
collapse_excess,40,"[40, -8, 42]",93,93,"[-8, 42]"
collapse_excess,40,"[40, -8, 43]",348,348,"[-8, 43]"
collapse_excess,40,"[40, -8, 44]",907,907,"[-8, 44]"
collapse_excess,40,"[40, -8, 45]",790,790,"[-8, 45]"
collapse_excess,40,"[40, -8, 46]",1669,1669,"[-8, 46]"
collapse_excess,40,"[40, -8, 47]",33,33,"[-8, 47]"
collapse_excess,40,"[40, -8, 48]",323,323,"[-8, 48]"
collapse_excess,40,"[40, -8, 49]",2000,2465,"[-8, 49]"
collapse_excess,40,"[40, -8, 50]",2000,3515,"[-8, 50]"
collapse_excess,40,"[40, -8, 51]",2000,5706,"[-8, 51]"
collapse_excess,40,"[40, -8, 52]",2000,4536,"[-8, 52]"
collapse_excess,40,"[40, -8, 53]",64,64,"[-8, 53]"
collapse_excess,40,"[40, -8, 54]",1586,1586,"[-8, 54]"
collapse_excess,40,"[40, -8, 55]",2000,9525,"[-8, 55]"
collapse_excess,40,"[40, -8, 56]",2000,12050,"[-8, 56]"
collapse_excess,40,"[40, -8, 57]",2000,3306,"[-8, 57]"
collapse_excess,40,"[40, -8, 58]",2000,5760,"[-8, 58]"
collapse_excess,40,"[40, -8, 59]",28,28,"[-8, 59]"
collapse_excess,40,"[40, -8, 60]",545,545,"[-8, 60]"
collapse_excess,40,"[40, -8, 61]",2000,14035,"[-8, 61]"
collapse_excess,40,"[40, -8, 62]",2000,9923,"[-8, 62]"
collapse_excess,40,"[40, -8, 63]",626,626,"[-8, 63]"
collapse_excess,40,"[40, -8, 64]",494,494,"[-8, 64]"
collapse_excess,40,"[40, -8, 65]",4,4,"[-8, 65]"
collapse_excess,40,"[40, -8, 66]",39,39,"[-8, 66]"
collapse_excess,40,"[40, -8, 67]",2000,6668,"[-8, 67]"
collapse_excess,40,"[40, -8, 68]",771,771,"[-8, 68]"
collapse_excess,40,"[40, -8, 69]",57,57,"[-8, 69]"
collapse_excess,40,"[40, -8, 70]",52,52,"[-8, 70]"
collapse_excess,40,"[40, -8, 72]",7,7,"[-8, 72]"
collapse_excess,40,"[40, -8, 73]",507,507,"[-8, 73]"
collapse_excess,40,"[40, -8, 74]",102,102,"[-8, 74]"
collapse_excess,40,"[40, -8, 75]",2000,2204,"[-8, 75]"
collapse_excess,40,"[40, -8, 76]",540,540,"[-8, 76]"
collapse_excess,40,"[40, -8, 77]",102,102,"[-8, 77]"
collapse_excess,40,"[40, -8, 78]",98,98,"[-8, 78]"
collapse_excess,40,"[40, -8, 79]",2000,3537,"[-8, 79]"
collapse_excess,40,"[40, -8, 80]",1165,1165,"[-8, 80]"
collapse_excess,40,"[40, -8, 81]",1405,1405,"[-8, 81]"
collapse_excess,40,"[40, -8, 82]",717,717,"[-8, 82]"
collapse_excess,40,"[40, -8, 83]",59,59,"[-8, 83]"
collapse_excess,40,"[40, -8, 84]",87,87,"[-8, 84]"
collapse_excess,40,"[40, -8, 85]",2000,2240,"[-8, 85]"
collapse_excess,40,"[40, -8, 86]",784,784,"[-8, 86]"
collapse_excess,40,"[40, -8, 87]",1156,1156,"[-8, 87]"
collapse_excess,40,"[40, -8, 88]",400,400,"[-8, 88]"
collapse_excess,40,"[40, -8, 89]",6,6,"[-8, 89]"
collapse_excess,40,"[40, -8, 90]",69,69,"[-8, 90]"
collapse_excess,40,"[40, -8, 91]",1855,1855,"[-8, 91]"
collapse_excess,40,"[40, -8, 92]",603,603,"[-8, 92]"
collapse_excess,40,"[40, -8, 93]",1475,1475,"[-8, 93]"
collapse_excess,40,"[40, -8, 94]",901,901,"[-8, 94]"
collapse_excess,40,"[40, -8, 95]",1,1,"[-8, 95]"
collapse_excess,40,"[40, -8, 96]",53,53,"[-8, 96]"
collapse_excess,40,"[40, -8, 97]",2000,3038,"[-8, 97]"
collapse_excess,40,"[40, -8, 98]",1884,1884,"[-8, 98]"
collapse_excess,40,"[40, -8, 99]",225,225,"[-8, 99]"
collapse_excess,40,"[40, -8, 100]",789,789,"[-8, 100]"
collapse_excess,40,"[40, -8, 101]",1,1,"[-8, 101]"
collapse_excess,40,"[40, -8, 102]",16,16,"[-8, 102]"
collapse_excess,40,"[40, -8, 103]",2000,2118,"[-8, 103]"
collapse_excess,40,"[40, -8, 104]",1107,1107,"[-8, 104]"
collapse_excess,40,"[40, -8, 105]",52,52,"[-8, 105]"
collapse_excess,40,"[40, -8, 106]",478,478,"[-8, 106]"
collapse_excess,40,"[40, -8, 108]",2,2,"[-8, 108]"
collapse_excess,40,"[40, -8, 109]",1850,1850,"[-8, 109]"
collapse_excess,40,"[40, -8, 110]",652,652,"[-8, 110]"
collapse_excess,40,"[40, -8, 111]",43,43,"[-8, 111]"
collapse_excess,40,"[40, -8, 112]",113,113,"[-8, 112]"
collapse_excess,40,"[40, -8, 115]",999,999,"[-8, 115]"
collapse_excess,40,"[40, -8, 116]",131,131,"[-8, 116]"
collapse_excess,40,"[40, -8, 117]",13,13,"[-8, 117]"
collapse_excess,40,"[40, -8, 118]",85,85,"[-8, 118]"
collapse_excess,40,"[40, -8, 120]",5,5,"[-8, 120]"
collapse_excess,40,"[40, -8, 121]",396,396,"[-8, 121]"
collapse_excess,40,"[40, -8, 122]",75,75,"[-8, 122]"
collapse_excess,40,"[40, -8, 123]",7,7,"[-8, 123]"
collapse_excess,40,"[40, -8, 124]",19,19,"[-8, 124]"
collapse_excess,40,"[40, -8, 127]",85,85,"[-8, 127]"
collapse_excess,40,"[40, -8, 128]",9,9,"[-8, 128]"
collapse_excess,40,"[40, -8, 129]",6,6,"[-8, 129]"
collapse_excess,40,"[40, -8, 130]",16,16,"[-8, 130]"
collapse_excess,40,"[40, -8, 133]",31,31,"[-8, 133]"
collapse_excess,40,"[40, -8, 134]",10,10,"[-8, 134]"
collapse_excess,40,"[40, -8, 135]",4,4,"[-8, 135]"
collapse_excess,40,"[40, -8, 136]",13,13,"[-8, 136]"
collapse_excess,40,"[40, -8, 139]",14,14,"[-8, 139]"
collapse_excess,40,"[40, -8, 140]",8,8,"[-8, 140]"
collapse_excess,40,"[40, -8, 142]",7,7,"[-8, 142]"
collapse_excess,40,"[40, -8, 145]",3,3,"[-8, 145]"
collapse_excess,40,"[40, -8, 146]",10,10,"[-8, 146]"
collapse_excess,40,"[40, -8, 147]",2,2,"[-8, 147]"
collapse_excess,40,"[40, -8, 148]",1,1,"[-8, 148]"
collapse_excess,40,"[40, -8, 151]",4,4,"[-8, 151]"
collapse_excess,40,"[40, -8, 152]",1,1,"[-8, 152]"
collapse_excess,40,"[40, -8, 157]",2,2,"[-8, 157]"
collapse_excess,40,"[40, -8, 237]",24,24,"[-8, 237]"
collapse_excess,40,"[40, -8, 238]",27,27,"[-8, 238]"
collapse_excess,40,"[40, -8, 241]",63,63,"[-8, 241]"
collapse_excess,40,"[40, -8, 242]",172,172,"[-8, 242]"
collapse_excess,40,"[40, -8, 243]",49,49,"[-8, 243]"
collapse_excess,40,"[40, -8, 244]",208,208,"[-8, 244]"
collapse_excess,40,"[40, -8, 246]",1,1,"[-8, 246]"
collapse_excess,40,"[40, -8, 247]",384,384,"[-8, 247]"
collapse_excess,40,"[40, -8, 248]",72,72,"[-8, 248]"
collapse_excess,40,"[40, -8, 249]",18,18,"[-8, 249]"
collapse_excess,40,"[40, -8, 250]",16,16,"[-8, 250]"
collapse_excess,40,"[40, -8, 253]",40,40,"[-8, 253]"
collapse_excess,40,"[40, -8, 254]",19,19,"[-8, 254]"
collapse_excess,40,"[40, -8, 255]",10,10,"[-8, 255]"
collapse_excess,40,"[40, -8, 256]",12,12,"[-8, 256]"
collapse_excess,40,"[40, -8, 259]",34,34,"[-8, 259]"
collapse_excess,40,"[40, -8, 260]",49,49,"[-8, 260]"
collapse_excess,40,"[40, -8, 261]",27,27,"[-8, 261]"
collapse_excess,40,"[40, -8, 262]",40,40,"[-8, 262]"
collapse_excess,40,"[40, -8, 265]",67,67,"[-8, 265]"
collapse_excess,40,"[40, -8, 266]",68,68,"[-8, 266]"
collapse_excess,40,"[40, -8, 267]",25,25,"[-8, 267]"
collapse_excess,40,"[40, -8, 268]",645,645,"[-8, 268]"
collapse_excess,40,"[40, -8, 271]",107,107,"[-8, 271]"
collapse_excess,40,"[40, -8, 272]",1663,1663,"[-8, 272]"
collapse_excess,40,"[40, -8, 273]",241,241,"[-8, 273]"
collapse_excess,40,"[40, -8, 274]",2000,2677,"[-8, 274]"
collapse_excess,40,"[40, -8, 277]",1069,1069,"[-8, 277]"
collapse_excess,40,"[40, -8, 278]",2000,9484,"[-8, 278]"
collapse_excess,40,"[40, -8, 279]",330,330,"[-8, 279]"
collapse_excess,40,"[40, -8, 280]",21,21,"[-8, 280]"
collapse_excess,40,"[40, -8, 283]",1842,1842,"[-8, 283]"
collapse_excess,40,"[40, -8, 284]",43,43,"[-8, 284]"
collapse_excess,40,"[40, -8, 285]",1481,1481,"[-8, 285]"
collapse_excess,40,"[40, -8, 286]",12,12,"[-8, 286]"
collapse_excess,40,"[40, -8, 289]",2000,4200,"[-8, 289]"
collapse_excess,40,"[40, -8, 290]",13,13,"[-8, 290]"
collapse_excess,40,"[40, -8, 291]",242,242,"[-8, 291]"
collapse_excess,40,"[40, -8, 292]",3,3,"[-8, 292]"
collapse_excess,40,"[40, -8, 295]",558,558,"[-8, 295]"
collapse_excess,40,"[40, -8, 296]",4,4,"[-8, 296]"
collapse_excess,40,"[40, -8, 297]",15,15,"[-8, 297]"
collapse_excess,40,"[40, -8, 301]",30,30,"[-8, 301]"
random,40,"[40, 0]",2000,215056,[0]
